GC_mode: weighted-cosine MF_mode: concat
data shape:  (871, 321)
Modal dims  [48, 6, 10, 256]
783
Counter({1: 421, 0: 362})
  0/1000 /data/adodas/MMGL-main/MMGL_transductive/model.py:134: UserWarning: Converting a tensor with requires_grad=True to a scalar may lead to unexpected behavior.
Consider using tensor.detach() first. (Triggered internally at ../torch/csrc/autograd/generated/python_variable_methods.cpp:836.)
  print('trn-loss-MF: %.4f ' % cls_loss, end=' ')
trn-loss-MF: 0.8585  trn-loss-MF: 1.0546 trn-loss-GC: -0.6302 trn-auc: 0.5151  acc: 0.4981 val-auc: 0.5026  acc: 0.4886
  1/1000 trn-loss-MF: 0.8523  trn-loss-MF: 1.0297 trn-loss-GC: -0.6190 trn-auc: 0.5008  acc: 0.4828 val-auc: 0.4829  acc: 0.4659
  2/1000 trn-loss-MF: 0.8377  trn-loss-MF: 1.0199 trn-loss-GC: -0.6798 trn-auc: 0.4975  acc: 0.4713 val-auc: 0.4419  acc: 0.4205
  3/1000 trn-loss-MF: 0.7834  trn-loss-MF: 1.0812 trn-loss-GC: -0.7882 trn-auc: 0.4942  acc: 0.4623 val-auc: 0.4847  acc: 0.4545
  4/1000 trn-loss-MF: 0.7391  trn-loss-MF: 1.1397 trn-loss-GC: -0.9294 trn-auc: 0.4920  acc: 0.4572 val-auc: 0.4984  acc: 0.4659
  5/1000 trn-loss-MF: 0.7482  trn-loss-MF: 1.0844 trn-loss-GC: -1.0730 trn-auc: 0.4965  acc: 0.4610 val-auc: 0.5106  acc: 0.4773
  6/1000 trn-loss-MF: 0.7120  trn-loss-MF: 1.0391 trn-loss-GC: -1.2124 trn-auc: 0.4985  acc: 0.4623 val-auc: 0.5106  acc: 0.4773
  7/1000 trn-loss-MF: 0.7128  trn-loss-MF: 0.9808 trn-loss-GC: -1.3449 trn-auc: 0.4996  acc: 0.4636 val-auc: 0.5000  acc: 0.4659
  8/1000 trn-loss-MF: 0.7098  trn-loss-MF: 0.9049 trn-loss-GC: -1.4727 trn-auc: 0.4986  acc: 0.4623 val-auc: 0.5000  acc: 0.4659
  9/1000 trn-loss-MF: 0.6940  trn-loss-MF: 0.8625 trn-loss-GC: -1.6128 trn-auc: 0.4983  acc: 0.4623 val-auc: 0.5000  acc: 0.4659
 10/1000 trn-loss-MF: 0.6958  trn-loss-MF: 0.8206 trn-loss-GC: -1.7464 trn-auc: 0.4983  acc: 0.4623 val-auc: 0.5213  acc: 0.4886
 11/1000 trn-loss-MF: 0.7075  trn-loss-MF: 0.7800 trn-loss-GC: -1.8903 trn-auc: 0.4963  acc: 0.4598 val-auc: 0.5091  acc: 0.4773
 12/1000 trn-loss-MF: 0.6904  trn-loss-MF: 0.7483 trn-loss-GC: -2.0269 trn-auc: 0.4963  acc: 0.4598 val-auc: 0.5091  acc: 0.4773
 13/1000 trn-loss-MF: 0.6880  trn-loss-MF: 0.7371 trn-loss-GC: -2.1469 trn-auc: 0.4978  acc: 0.4610 val-auc: 0.5213  acc: 0.4886
 14/1000 trn-loss-MF: 0.6903  trn-loss-MF: 0.7132 trn-loss-GC: -2.2491 trn-auc: 0.4988  acc: 0.4623 val-auc: 0.4756  acc: 0.4432
 15/1000 trn-loss-MF: 0.6801  trn-loss-MF: 0.7011 trn-loss-GC: -2.3230 trn-auc: 0.5174  acc: 0.4879 val-auc: 0.4907  acc: 0.4659
 16/1000 trn-loss-MF: 0.6852  trn-loss-MF: 0.6945 trn-loss-GC: -2.3655 trn-auc: 0.5510  acc: 0.5415 val-auc: 0.3944  acc: 0.3864
 17/1000 trn-loss-MF: 0.6749  trn-loss-MF: 0.6877 trn-loss-GC: -2.3852 trn-auc: 0.5383  acc: 0.5479 val-auc: 0.4655  acc: 0.4773
 18/1000 trn-loss-MF: 0.6754  trn-loss-MF: 0.6895 trn-loss-GC: -2.3896 trn-auc: 0.5057  acc: 0.5428 val-auc: 0.4894  acc: 0.5227
 19/1000 trn-loss-MF: 0.6833  trn-loss-MF: 0.6954 trn-loss-GC: -2.3957 trn-auc: 0.5000  acc: 0.5377 val-auc: 0.5000  acc: 0.5341
 20/1000 trn-loss-MF: 0.6706  trn-loss-MF: 0.7109 trn-loss-GC: -2.4072 trn-auc: 0.5000  acc: 0.5377 val-auc: 0.5000  acc: 0.5341
 21/1000 trn-loss-MF: 0.6685  trn-loss-MF: 0.7294 trn-loss-GC: -2.4287 trn-auc: 0.5000  acc: 0.5377 val-auc: 0.5000  acc: 0.5341
 22/1000 trn-loss-MF: 0.6726  trn-loss-MF: 0.7386 trn-loss-GC: -2.4526 trn-auc: 0.5000  acc: 0.5377 val-auc: 0.5000  acc: 0.5341
 23/1000 trn-loss-MF: 0.6669  trn-loss-MF: 0.7438 trn-loss-GC: -2.4729 trn-auc: 0.5000  acc: 0.5377 val-auc: 0.5000  acc: 0.5341
 24/1000 trn-loss-MF: 0.6633  trn-loss-MF: 0.7395 trn-loss-GC: -2.4996 trn-auc: 0.5000  acc: 0.5377 val-auc: 0.5000  acc: 0.5341
 25/1000 trn-loss-MF: 0.6689  trn-loss-MF: 0.7280 trn-loss-GC: -2.5295 trn-auc: 0.5000  acc: 0.5377 val-auc: 0.5000  acc: 0.5341
 26/1000 trn-loss-MF: 0.6630  trn-loss-MF: 0.7220 trn-loss-GC: -2.5539 trn-auc: 0.5000  acc: 0.5377 val-auc: 0.5000  acc: 0.5341
 27/1000 trn-loss-MF: 0.6609  trn-loss-MF: 0.7133 trn-loss-GC: -2.5786 trn-auc: 0.5000  acc: 0.5377 val-auc: 0.5000  acc: 0.5341
 28/1000 trn-loss-MF: 0.6652  trn-loss-MF: 0.7098 trn-loss-GC: -2.6078 trn-auc: 0.5000  acc: 0.5377 val-auc: 0.5000  acc: 0.5341
 29/1000 trn-loss-MF: 0.6563  trn-loss-MF: 0.7049 trn-loss-GC: -2.6328 trn-auc: 0.5000  acc: 0.5377 val-auc: 0.5000  acc: 0.5341
 30/1000 trn-loss-MF: 0.6528  trn-loss-MF: 0.7048 trn-loss-GC: -2.6502 trn-auc: 0.5000  acc: 0.5377 val-auc: 0.5000  acc: 0.5341
 31/1000 trn-loss-MF: 0.6508  trn-loss-MF: 0.7054 trn-loss-GC: -2.6559 trn-auc: 0.5000  acc: 0.5377 val-auc: 0.5000  acc: 0.5341
 32/1000 trn-loss-MF: 0.6429  trn-loss-MF: 0.7096 trn-loss-GC: -2.6503 trn-auc: 0.5000  acc: 0.5377 val-auc: 0.5000  acc: 0.5341
 33/1000 trn-loss-MF: 0.6346  trn-loss-MF: 0.7098 trn-loss-GC: -2.6526 trn-auc: 0.5000  acc: 0.5377 val-auc: 0.5000  acc: 0.5341
 34/1000 trn-loss-MF: 0.6211  trn-loss-MF: 0.7028 trn-loss-GC: -2.6502 trn-auc: 0.5000  acc: 0.5377 val-auc: 0.5000  acc: 0.5341
 35/1000 trn-loss-MF: 0.6110  trn-loss-MF: 0.6926 trn-loss-GC: -2.6800 trn-auc: 0.5000  acc: 0.5377 val-auc: 0.5000  acc: 0.5341
 36/1000 trn-loss-MF: 0.6018  trn-loss-MF: 0.6960 trn-loss-GC: -2.6886 trn-auc: 0.5000  acc: 0.5377 val-auc: 0.5000  acc: 0.5341
 37/1000 trn-loss-MF: 0.5966  trn-loss-MF: 0.6963 trn-loss-GC: -2.7364 trn-auc: 0.5000  acc: 0.5377 val-auc: 0.5000  acc: 0.5341
 38/1000 trn-loss-MF: 0.6299  trn-loss-MF: 0.6984 trn-loss-GC: -2.7315 trn-auc: 0.4832  acc: 0.4470 val-auc: 0.4756  acc: 0.4432
 39/1000 trn-loss-MF: 0.5885  trn-loss-MF: 0.7020 trn-loss-GC: -2.7389 trn-auc: 0.5000  acc: 0.4623 val-auc: 0.5000  acc: 0.4659
 40/1000 trn-loss-MF: 0.5752  trn-loss-MF: 0.6961 trn-loss-GC: -2.7585 trn-auc: 0.4952  acc: 0.5326 val-auc: 0.4894  acc: 0.5227
 41/1000 trn-loss-MF: 0.5870  trn-loss-MF: 0.6948 trn-loss-GC: -2.6955 trn-auc: 0.5000  acc: 0.5377 val-auc: 0.5000  acc: 0.5341
 42/1000 trn-loss-MF: 0.5145  trn-loss-MF: 0.6917 trn-loss-GC: -2.6641 trn-auc: 0.5000  acc: 0.5377 val-auc: 0.5000  acc: 0.5341
 43/1000 trn-loss-MF: 0.5654  trn-loss-MF: 0.6942 trn-loss-GC: -2.7860 trn-auc: 0.5000  acc: 0.5377 val-auc: 0.5000  acc: 0.5341
 44/1000 trn-loss-MF: 0.6199  trn-loss-MF: 0.6879 trn-loss-GC: -2.8546 trn-auc: 0.5000  acc: 0.5377 val-auc: 0.5000  acc: 0.5341
 45/1000 trn-loss-MF: 0.6013  trn-loss-MF: 0.6813 trn-loss-GC: -2.8800 trn-auc: 0.5000  acc: 0.5377 val-auc: 0.5000  acc: 0.5341
 46/1000 trn-loss-MF: 0.5719  trn-loss-MF: 0.6959 trn-loss-GC: -2.8759 trn-auc: 0.5000  acc: 0.5377 val-auc: 0.5000  acc: 0.5341
 47/1000 trn-loss-MF: 0.5973  trn-loss-MF: 0.6988 trn-loss-GC: -2.8065 trn-auc: 0.5000  acc: 0.5377 val-auc: 0.5000  acc: 0.5341
 48/1000 trn-loss-MF: 0.6041  trn-loss-MF: 0.6875 trn-loss-GC: -2.8993 trn-auc: 0.5000  acc: 0.5377 val-auc: 0.5000  acc: 0.5341
 49/1000 trn-loss-MF: 0.5786  trn-loss-MF: 0.6733 trn-loss-GC: -2.8960 trn-auc: 0.6142  acc: 0.6411 val-auc: 0.6220  acc: 0.6477
 50/1000 trn-loss-MF: 0.5531  trn-loss-MF: 0.6734 trn-loss-GC: -2.8663 trn-auc: 0.7974  acc: 0.7880 val-auc: 0.6562  acc: 0.6477
 51/1000 trn-loss-MF: 0.5577  trn-loss-MF: 0.6574 trn-loss-GC: -2.8056 trn-auc: 0.8011  acc: 0.8072 val-auc: 0.7289  acc: 0.7386
 52/1000 trn-loss-MF: 0.4937  trn-loss-MF: 0.6431 trn-loss-GC: -2.7433 trn-auc: 0.6342  acc: 0.6616 val-auc: 0.5976  acc: 0.6250
 53/1000 trn-loss-MF: 0.5122  trn-loss-MF: 0.6670 trn-loss-GC: -2.7311 trn-auc: 0.7316  acc: 0.7126 val-auc: 0.6245  acc: 0.6023
 54/1000 trn-loss-MF: 0.5064  trn-loss-MF: 0.6578 trn-loss-GC: -2.8211 trn-auc: 0.8047  acc: 0.7931 val-auc: 0.6609  acc: 0.6477
 55/1000 trn-loss-MF: 0.4855  trn-loss-MF: 0.6360 trn-loss-GC: -2.7854 trn-auc: 0.7383  acc: 0.7561 val-auc: 0.6585  acc: 0.6818
 56/1000 trn-loss-MF: 0.4855  trn-loss-MF: 0.6009 trn-loss-GC: -2.7509 trn-auc: 0.8195  acc: 0.8276 val-auc: 0.7958  acc: 0.8068
 57/1000 trn-loss-MF: 0.4307  trn-loss-MF: 0.6117 trn-loss-GC: -2.7712 trn-auc: 0.7888  acc: 0.7752 val-auc: 0.6762  acc: 0.6591
 58/1000 trn-loss-MF: 0.4965  trn-loss-MF: 0.6073 trn-loss-GC: -2.7606 trn-auc: 0.6969  acc: 0.7190 val-auc: 0.6463  acc: 0.6705
 59/1000 trn-loss-MF: 0.4524  trn-loss-MF: 0.6068 trn-loss-GC: -2.7896 trn-auc: 0.6567  acc: 0.6820 val-auc: 0.6220  acc: 0.6477
 60/1000 trn-loss-MF: 0.4528  trn-loss-MF: 0.6054 trn-loss-GC: -2.7666 trn-auc: 0.8312  acc: 0.8212 val-auc: 0.7141  acc: 0.7045
 61/1000 trn-loss-MF: 0.4400  trn-loss-MF: 0.5424 trn-loss-GC: -2.7242 trn-auc: 0.8634  acc: 0.8595 val-auc: 0.8204  acc: 0.8182
 62/1000 trn-loss-MF: 0.3814  trn-loss-MF: 0.5697 trn-loss-GC: -2.7389 trn-auc: 0.7733  acc: 0.7893 val-auc: 0.7073  acc: 0.7273
 63/1000 trn-loss-MF: 0.4531  trn-loss-MF: 0.6050 trn-loss-GC: -2.7974 trn-auc: 0.7831  acc: 0.7676 val-auc: 0.6427  acc: 0.6250
 64/1000 trn-loss-MF: 0.4565  trn-loss-MF: 0.6133 trn-loss-GC: -2.8540 trn-auc: 0.7938  acc: 0.7791 val-auc: 0.6321  acc: 0.6136
 65/1000 trn-loss-MF: 0.4566  trn-loss-MF: 0.5937 trn-loss-GC: -2.8343 trn-auc: 0.7581  acc: 0.7752 val-auc: 0.6951  acc: 0.7159
 66/1000 trn-loss-MF: 0.4336  trn-loss-MF: 0.5825 trn-loss-GC: -2.7610 trn-auc: 0.7888  acc: 0.8033 val-auc: 0.7195  acc: 0.7386
 67/1000 trn-loss-MF: 0.4308  trn-loss-MF: 0.4927 trn-loss-GC: -2.7492 trn-auc: 0.8482  acc: 0.8391 val-auc: 0.7385  acc: 0.7273
 68/1000 trn-loss-MF: 0.3650  trn-loss-MF: 0.4194 trn-loss-GC: -2.7316 trn-auc: 0.8994  acc: 0.9004 val-auc: 0.8843  acc: 0.8864
 69/1000 trn-loss-MF: 0.2997  trn-loss-MF: 0.4147 trn-loss-GC: -2.7267 trn-auc: 0.8930  acc: 0.8966 val-auc: 0.8583  acc: 0.8636
 70/1000 trn-loss-MF: 0.3053  trn-loss-MF: 0.5177 trn-loss-GC: -2.6431 trn-auc: 0.8708  acc: 0.8633 val-auc: 0.7704  acc: 0.7614
 71/1000 trn-loss-MF: 0.4012  trn-loss-MF: 0.6323 trn-loss-GC: -2.6780 trn-auc: 0.7020  acc: 0.7241 val-auc: 0.6951  acc: 0.7159
 72/1000 trn-loss-MF: 0.4610  trn-loss-MF: 0.4548 trn-loss-GC: -2.7443 trn-auc: 0.9093  acc: 0.9106 val-auc: 0.8339  acc: 0.8409
 73/1000 trn-loss-MF: 0.3732  trn-loss-MF: 0.5178 trn-loss-GC: -2.7375 trn-auc: 0.7793  acc: 0.7637 val-auc: 0.6655  acc: 0.6477
 74/1000 trn-loss-MF: 0.4455  trn-loss-MF: 0.4132 trn-loss-GC: -2.7199 trn-auc: 0.9122  acc: 0.9093 val-auc: 0.8417  acc: 0.8409
 75/1000 trn-loss-MF: 0.3300  trn-loss-MF: 0.4804 trn-loss-GC: -2.6831 trn-auc: 0.8129  acc: 0.8263 val-auc: 0.7561  acc: 0.7727
 76/1000 trn-loss-MF: 0.4360  trn-loss-MF: 0.5385 trn-loss-GC: -2.6842 trn-auc: 0.7401  acc: 0.7216 val-auc: 0.6915  acc: 0.6705
 77/1000 trn-loss-MF: 0.4630  trn-loss-MF: 0.4534 trn-loss-GC: -2.8189 trn-auc: 0.9116  acc: 0.9093 val-auc: 0.8630  acc: 0.8636
 78/1000 trn-loss-MF: 0.3569  trn-loss-MF: 0.5399 trn-loss-GC: -2.7953 trn-auc: 0.6963  acc: 0.7190 val-auc: 0.6707  acc: 0.6932
 79/1000 trn-loss-MF: 0.4326  trn-loss-MF: 0.4420 trn-loss-GC: -2.7576 trn-auc: 0.8950  acc: 0.9017 val-auc: 0.7927  acc: 0.8068
 80/1000 trn-loss-MF: 0.3471  trn-loss-MF: 0.4642 trn-loss-GC: -2.7093 trn-auc: 0.8252  acc: 0.8135 val-auc: 0.7294  acc: 0.7159
 81/1000 trn-loss-MF: 0.3912  trn-loss-MF: 0.4000 trn-loss-GC: -2.7462 trn-auc: 0.9060  acc: 0.9106 val-auc: 0.8293  acc: 0.8409
 82/1000 trn-loss-MF: 0.3139  trn-loss-MF: 0.4152 trn-loss-GC: -2.7552 trn-auc: 0.8936  acc: 0.9004 val-auc: 0.7927  acc: 0.8068
 83/1000 trn-loss-MF: 0.3421  trn-loss-MF: 0.3814 trn-loss-GC: -2.7453 trn-auc: 0.8993  acc: 0.8940 val-auc: 0.8023  acc: 0.7955
 84/1000 trn-loss-MF: 0.3025  trn-loss-MF: 0.3028 trn-loss-GC: -2.7312 trn-auc: 0.9241  acc: 0.9221 val-auc: 0.8555  acc: 0.8523
 85/1000 trn-loss-MF: 0.2395  trn-loss-MF: 0.3864 trn-loss-GC: -2.7377 trn-auc: 0.8810  acc: 0.8889 val-auc: 0.7805  acc: 0.7955
 86/1000 trn-loss-MF: 0.3270  trn-loss-MF: 0.4341 trn-loss-GC: -2.7970 trn-auc: 0.9023  acc: 0.8966 val-auc: 0.7916  acc: 0.7841
 87/1000 trn-loss-MF: 0.3379  trn-loss-MF: 0.4446 trn-loss-GC: -2.7847 trn-auc: 0.8728  acc: 0.8646 val-auc: 0.7506  acc: 0.7386
 88/1000 trn-loss-MF: 0.3596  trn-loss-MF: 0.3048 trn-loss-GC: -2.7354 trn-auc: 0.9210  acc: 0.9234 val-auc: 0.9040  acc: 0.9091
 89/1000 trn-loss-MF: 0.2527  trn-loss-MF: 0.2946 trn-loss-GC: -2.7463 trn-auc: 0.9157  acc: 0.9195 val-auc: 0.8674  acc: 0.8750
 90/1000 trn-loss-MF: 0.2473  trn-loss-MF: 0.4512 trn-loss-GC: -2.7739 trn-auc: 0.8347  acc: 0.8238 val-auc: 0.6975  acc: 0.6818
 91/1000 trn-loss-MF: 0.3762  trn-loss-MF: 0.3708 trn-loss-GC: -2.8089 trn-auc: 0.9381  acc: 0.9374 val-auc: 0.8721  acc: 0.8750
 92/1000 trn-loss-MF: 0.3021  trn-loss-MF: 0.4761 trn-loss-GC: -2.7673 trn-auc: 0.8325  acc: 0.8442 val-auc: 0.7561  acc: 0.7727
 93/1000 trn-loss-MF: 0.3643  trn-loss-MF: 0.3034 trn-loss-GC: -2.7577 trn-auc: 0.9425  acc: 0.9425 val-auc: 0.8934  acc: 0.8977
 94/1000 trn-loss-MF: 0.2701  trn-loss-MF: 0.3937 trn-loss-GC: -2.7231 trn-auc: 0.8419  acc: 0.8314 val-auc: 0.7750  acc: 0.7614
 95/1000 trn-loss-MF: 0.3313  trn-loss-MF: 0.3586 trn-loss-GC: -2.7443 trn-auc: 0.9029  acc: 0.9093 val-auc: 0.8171  acc: 0.8295
 96/1000 trn-loss-MF: 0.3472  trn-loss-MF: 0.3102 trn-loss-GC: -2.7774 trn-auc: 0.9441  acc: 0.9438 val-auc: 0.8918  acc: 0.8977
 97/1000 trn-loss-MF: 0.2892  trn-loss-MF: 0.4428 trn-loss-GC: -2.7278 trn-auc: 0.8648  acc: 0.8557 val-auc: 0.7506  acc: 0.7386
 98/1000 trn-loss-MF: 0.3263  trn-loss-MF: 0.2790 trn-loss-GC: -2.7296 trn-auc: 0.9401  acc: 0.9387 val-auc: 0.8555  acc: 0.8523
 99/1000 trn-loss-MF: 0.2451  trn-loss-MF: 0.4069 trn-loss-GC: -2.6901 trn-auc: 0.8528  acc: 0.8633 val-auc: 0.7683  acc: 0.7841
100/1000 trn-loss-MF: 0.3208  trn-loss-MF: 0.3050 trn-loss-GC: -2.7740 trn-auc: 0.9286  acc: 0.9259 val-auc: 0.8236  acc: 0.8182
101/1000 trn-loss-MF: 0.2834  trn-loss-MF: 0.3508 trn-loss-GC: -2.7834 trn-auc: 0.9062  acc: 0.9004 val-auc: 0.7932  acc: 0.7841
102/1000 trn-loss-MF: 0.3238  trn-loss-MF: 0.2733 trn-loss-GC: -2.7507 trn-auc: 0.9443  acc: 0.9464 val-auc: 0.8659  acc: 0.8750
103/1000 trn-loss-MF: 0.2553  trn-loss-MF: 0.2536 trn-loss-GC: -2.7193 trn-auc: 0.9372  acc: 0.9400 val-auc: 0.8780  acc: 0.8864
104/1000 trn-loss-MF: 0.2350  trn-loss-MF: 0.3918 trn-loss-GC: -2.6611 trn-auc: 0.8823  acc: 0.8748 val-auc: 0.7719  acc: 0.7614
105/1000 trn-loss-MF: 0.3040  trn-loss-MF: 0.2468 trn-loss-GC: -2.7463 trn-auc: 0.9454  acc: 0.9451 val-auc: 0.8827  acc: 0.8864
106/1000 trn-loss-MF: 0.2266  trn-loss-MF: 0.3471 trn-loss-GC: -2.6997 trn-auc: 0.8891  acc: 0.8966 val-auc: 0.7927  acc: 0.8068
107/1000 trn-loss-MF: 0.3051  trn-loss-MF: 0.2390 trn-loss-GC: -2.7275 trn-auc: 0.9413  acc: 0.9387 val-auc: 0.8448  acc: 0.8409
108/1000 trn-loss-MF: 0.2290  trn-loss-MF: 0.2480 trn-loss-GC: -2.7272 trn-auc: 0.9284  acc: 0.9246 val-auc: 0.8358  acc: 0.8295
109/1000 trn-loss-MF: 0.2333  trn-loss-MF: 0.3076 trn-loss-GC: -2.7192 trn-auc: 0.9126  acc: 0.9183 val-auc: 0.8293  acc: 0.8409
110/1000 trn-loss-MF: 0.2885  trn-loss-MF: 0.2147 trn-loss-GC: -2.7295 trn-auc: 0.9450  acc: 0.9438 val-auc: 0.8448  acc: 0.8409
111/1000 trn-loss-MF: 0.1908  trn-loss-MF: 0.2946 trn-loss-GC: -2.7018 trn-auc: 0.9157  acc: 0.9106 val-auc: 0.8145  acc: 0.8068
112/1000 trn-loss-MF: 0.2552  trn-loss-MF: 0.3009 trn-loss-GC: -2.7200 trn-auc: 0.9167  acc: 0.9221 val-auc: 0.8293  acc: 0.8409
113/1000 trn-loss-MF: 0.2757  trn-loss-MF: 0.2225 trn-loss-GC: -2.7374 trn-auc: 0.9514  acc: 0.9515 val-auc: 0.8402  acc: 0.8409
114/1000 trn-loss-MF: 0.2088  trn-loss-MF: 0.2815 trn-loss-GC: -2.7244 trn-auc: 0.9288  acc: 0.9246 val-auc: 0.8145  acc: 0.8068
115/1000 trn-loss-MF: 0.2565  trn-loss-MF: 0.2074 trn-loss-GC: -2.7436 trn-auc: 0.9351  acc: 0.9387 val-auc: 0.8902  acc: 0.8977
116/1000 trn-loss-MF: 0.1877  trn-loss-MF: 0.2159 trn-loss-GC: -2.7490 trn-auc: 0.9532  acc: 0.9540 val-auc: 0.8386  acc: 0.8409
117/1000 trn-loss-MF: 0.2045  trn-loss-MF: 0.2228 trn-loss-GC: -2.7443 trn-auc: 0.9478  acc: 0.9464 val-auc: 0.8433  acc: 0.8409
118/1000 trn-loss-MF: 0.1983  trn-loss-MF: 0.1822 trn-loss-GC: -2.7376 trn-auc: 0.9514  acc: 0.9515 val-auc: 0.8858  acc: 0.8864
119/1000 trn-loss-MF: 0.1671  trn-loss-MF: 0.1938 trn-loss-GC: -2.7263 trn-auc: 0.9605  acc: 0.9617 val-auc: 0.8949  acc: 0.8977
120/1000 trn-loss-MF: 0.1737  trn-loss-MF: 0.1869 trn-loss-GC: -2.7343 trn-auc: 0.9539  acc: 0.9527 val-auc: 0.8768  acc: 0.8750
121/1000 trn-loss-MF: 0.1732  trn-loss-MF: 0.1701 trn-loss-GC: -2.7414 trn-auc: 0.9595  acc: 0.9591 val-auc: 0.8874  acc: 0.8864
122/1000 trn-loss-MF: 0.1569  trn-loss-MF: 0.1635 trn-loss-GC: -2.7381 trn-auc: 0.9629  acc: 0.9642 val-auc: 0.8843  acc: 0.8864
123/1000 trn-loss-MF: 0.1696  trn-loss-MF: 0.1709 trn-loss-GC: -2.7406 trn-auc: 0.9609  acc: 0.9604 val-auc: 0.8889  acc: 0.8864
124/1000 trn-loss-MF: 0.1648  trn-loss-MF: 0.1496 trn-loss-GC: -2.7472 trn-auc: 0.9631  acc: 0.9642 val-auc: 0.8736  acc: 0.8750
125/1000 trn-loss-MF: 0.1429  trn-loss-MF: 0.1550 trn-loss-GC: -2.7226 trn-auc: 0.9662  acc: 0.9668 val-auc: 0.8752  acc: 0.8750
126/1000 trn-loss-MF: 0.1468  trn-loss-MF: 0.1586 trn-loss-GC: -2.7327 trn-auc: 0.9638  acc: 0.9630 val-auc: 0.8570  acc: 0.8523
127/1000 trn-loss-MF: 0.1481  trn-loss-MF: 0.1646 trn-loss-GC: -2.7355 trn-auc: 0.9552  acc: 0.9579 val-auc: 0.9024  acc: 0.9091
128/1000 trn-loss-MF: 0.1685  trn-loss-MF: 0.2790 trn-loss-GC: -2.7015 trn-auc: 0.9313  acc: 0.9272 val-auc: 0.8038  acc: 0.7955
129/1000 trn-loss-MF: 0.2424  trn-loss-MF: 0.3728 trn-loss-GC: -2.6804 trn-auc: 0.8818  acc: 0.8902 val-auc: 0.8171  acc: 0.8295
130/1000 trn-loss-MF: 0.3026  trn-loss-MF: 0.2586 trn-loss-GC: -2.7212 trn-auc: 0.9100  acc: 0.9042 val-auc: 0.7948  acc: 0.7841
131/1000 trn-loss-MF: 0.2397  trn-loss-MF: 0.1400 trn-loss-GC: -2.7472 trn-auc: 0.9702  acc: 0.9706 val-auc: 0.8965  acc: 0.8977
132/1000 trn-loss-MF: 0.1399  trn-loss-MF: 0.2084 trn-loss-GC: -2.7495 trn-auc: 0.9402  acc: 0.9438 val-auc: 0.8659  acc: 0.8750
133/1000 trn-loss-MF: 0.1955  trn-loss-MF: 0.4925 trn-loss-GC: -2.6913 trn-auc: 0.8530  acc: 0.8429 val-auc: 0.7750  acc: 0.7614
134/1000 trn-loss-MF: 0.3583  trn-loss-MF: 0.2451 trn-loss-GC: -2.7446 trn-auc: 0.9556  acc: 0.9566 val-auc: 0.8659  acc: 0.8750
135/1000 trn-loss-MF: 0.2415  trn-loss-MF: 0.4091 trn-loss-GC: -2.6848 trn-auc: 0.8583  acc: 0.8685 val-auc: 0.7927  acc: 0.8068
136/1000 trn-loss-MF: 0.3282  trn-loss-MF: 0.1757 trn-loss-GC: -2.7201 trn-auc: 0.9666  acc: 0.9655 val-auc: 0.8555  acc: 0.8523
137/1000 trn-loss-MF: 0.1777  trn-loss-MF: 0.2495 trn-loss-GC: -2.7281 trn-auc: 0.9290  acc: 0.9246 val-auc: 0.8373  acc: 0.8295
138/1000 trn-loss-MF: 0.2260  trn-loss-MF: 0.2660 trn-loss-GC: -2.7548 trn-auc: 0.9426  acc: 0.9464 val-auc: 0.8293  acc: 0.8409
139/1000 trn-loss-MF: 0.2787  trn-loss-MF: 0.2507 trn-loss-GC: -2.7708 trn-auc: 0.9570  acc: 0.9591 val-auc: 0.8674  acc: 0.8750
time: 20.5995 sec.
tst-auc: 0.9040  acc: 0.9091
attention maps have been saved.
784
Counter({1: 422, 0: 362})
  0/1000 trn-loss-MF: 1.0121  trn-loss-MF: 0.8116 trn-loss-GC: -0.5730 trn-auc: 0.5301  acc: 0.5191 val-auc: 0.5467  acc: 0.5402
  1/1000 trn-loss-MF: 0.9589  trn-loss-MF: 0.8030 trn-loss-GC: -0.6095 trn-auc: 0.5262  acc: 0.5191 val-auc: 0.5793  acc: 0.5747
  2/1000 trn-loss-MF: 0.8545  trn-loss-MF: 0.8118 trn-loss-GC: -0.7257 trn-auc: 0.5310  acc: 0.5281 val-auc: 0.6174  acc: 0.6207
  3/1000 trn-loss-MF: 0.8292  trn-loss-MF: 0.7923 trn-loss-GC: -0.8609 trn-auc: 0.5357  acc: 0.5370 val-auc: 0.5822  acc: 0.5862
  4/1000 trn-loss-MF: 0.7548  trn-loss-MF: 0.7811 trn-loss-GC: -0.9960 trn-auc: 0.5375  acc: 0.5421 val-auc: 0.6270  acc: 0.6322
  5/1000 trn-loss-MF: 0.7550  trn-loss-MF: 0.7453 trn-loss-GC: -1.1251 trn-auc: 0.5450  acc: 0.5497 val-auc: 0.6501  acc: 0.6552
  6/1000 trn-loss-MF: 0.7298  trn-loss-MF: 0.7462 trn-loss-GC: -1.2679 trn-auc: 0.5474  acc: 0.5510 val-auc: 0.6283  acc: 0.6322
  7/1000 trn-loss-MF: 0.7124  trn-loss-MF: 0.7249 trn-loss-GC: -1.4137 trn-auc: 0.5391  acc: 0.5421 val-auc: 0.6039  acc: 0.6092
  8/1000 trn-loss-MF: 0.6958  trn-loss-MF: 0.7031 trn-loss-GC: -1.5659 trn-auc: 0.5458  acc: 0.5485 val-auc: 0.6161  acc: 0.6207
  9/1000 trn-loss-MF: 0.6899  trn-loss-MF: 0.6999 trn-loss-GC: -1.7108 trn-auc: 0.5425  acc: 0.5446 val-auc: 0.6161  acc: 0.6207
 10/1000 trn-loss-MF: 0.6961  trn-loss-MF: 0.6974 trn-loss-GC: -1.8517 trn-auc: 0.5401  acc: 0.5421 val-auc: 0.6161  acc: 0.6207
 11/1000 trn-loss-MF: 0.6834  trn-loss-MF: 0.6940 trn-loss-GC: -1.9912 trn-auc: 0.5525  acc: 0.5561 val-auc: 0.6270  acc: 0.6322
 12/1000 trn-loss-MF: 0.6853  trn-loss-MF: 0.6903 trn-loss-GC: -2.1290 trn-auc: 0.5531  acc: 0.5587 val-auc: 0.6270  acc: 0.6322
 13/1000 trn-loss-MF: 0.6837  trn-loss-MF: 0.6913 trn-loss-GC: -2.2395 trn-auc: 0.5494  acc: 0.5574 val-auc: 0.6148  acc: 0.6207
 14/1000 trn-loss-MF: 0.6735  trn-loss-MF: 0.6902 trn-loss-GC: -2.3134 trn-auc: 0.5309  acc: 0.5421 val-auc: 0.5769  acc: 0.5862
 15/1000 trn-loss-MF: 0.6771  trn-loss-MF: 0.6905 trn-loss-GC: -2.3486 trn-auc: 0.5291  acc: 0.5395 val-auc: 0.5647  acc: 0.5747
 16/1000 trn-loss-MF: 0.6767  trn-loss-MF: 0.6910 trn-loss-GC: -2.3594 trn-auc: 0.5377  acc: 0.5421 val-auc: 0.6039  acc: 0.6092
 17/1000 trn-loss-MF: 0.6806  trn-loss-MF: 0.6920 trn-loss-GC: -2.3694 trn-auc: 0.5228  acc: 0.5051 val-auc: 0.5912  acc: 0.5747
 18/1000 trn-loss-MF: 0.6788  trn-loss-MF: 0.6933 trn-loss-GC: -2.3887 trn-auc: 0.4832  acc: 0.4490 val-auc: 0.5095  acc: 0.4828
 19/1000 trn-loss-MF: 0.6684  trn-loss-MF: 0.6919 trn-loss-GC: -2.4122 trn-auc: 0.4834  acc: 0.4477 val-auc: 0.5109  acc: 0.4828
 20/1000 trn-loss-MF: 0.6763  trn-loss-MF: 0.6934 trn-loss-GC: -2.4345 trn-auc: 0.4813  acc: 0.4452 val-auc: 0.5109  acc: 0.4828
 21/1000 trn-loss-MF: 0.6621  trn-loss-MF: 0.6944 trn-loss-GC: -2.4490 trn-auc: 0.4909  acc: 0.4541 val-auc: 0.5109  acc: 0.4828
 22/1000 trn-loss-MF: 0.6699  trn-loss-MF: 0.6944 trn-loss-GC: -2.4612 trn-auc: 0.5000  acc: 0.4617 val-auc: 0.5000  acc: 0.4713
 23/1000 trn-loss-MF: 0.6652  trn-loss-MF: 0.6941 trn-loss-GC: -2.4741 trn-auc: 0.5000  acc: 0.4617 val-auc: 0.5000  acc: 0.4713
 24/1000 trn-loss-MF: 0.6506  trn-loss-MF: 0.6948 trn-loss-GC: -2.4861 trn-auc: 0.5000  acc: 0.4617 val-auc: 0.5000  acc: 0.4713
 25/1000 trn-loss-MF: 0.6610  trn-loss-MF: 0.6957 trn-loss-GC: -2.4961 trn-auc: 0.5000  acc: 0.4617 val-auc: 0.5000  acc: 0.4713
 26/1000 trn-loss-MF: 0.6544  trn-loss-MF: 0.6962 trn-loss-GC: -2.4977 trn-auc: 0.5000  acc: 0.4617 val-auc: 0.5000  acc: 0.4713
 27/1000 trn-loss-MF: 0.6458  trn-loss-MF: 0.6969 trn-loss-GC: -2.5022 trn-auc: 0.5000  acc: 0.4617 val-auc: 0.5000  acc: 0.4713
 28/1000 trn-loss-MF: 0.6468  trn-loss-MF: 0.6967 trn-loss-GC: -2.5164 trn-auc: 0.5000  acc: 0.4617 val-auc: 0.5000  acc: 0.4713
 29/1000 trn-loss-MF: 0.6375  trn-loss-MF: 0.6976 trn-loss-GC: -2.5276 trn-auc: 0.5000  acc: 0.4617 val-auc: 0.5000  acc: 0.4713
 30/1000 trn-loss-MF: 0.6199  trn-loss-MF: 0.7005 trn-loss-GC: -2.5402 trn-auc: 0.5000  acc: 0.4617 val-auc: 0.5000  acc: 0.4713
 31/1000 trn-loss-MF: 0.6146  trn-loss-MF: 0.7037 trn-loss-GC: -2.5430 trn-auc: 0.5000  acc: 0.4617 val-auc: 0.5000  acc: 0.4713
 32/1000 trn-loss-MF: 0.6079  trn-loss-MF: 0.6984 trn-loss-GC: -2.5608 trn-auc: 0.5000  acc: 0.4617 val-auc: 0.5000  acc: 0.4713
 33/1000 trn-loss-MF: 0.5936  trn-loss-MF: 0.6970 trn-loss-GC: -2.5585 trn-auc: 0.5000  acc: 0.4617 val-auc: 0.5000  acc: 0.4713
 34/1000 trn-loss-MF: 0.5827  trn-loss-MF: 0.6892 trn-loss-GC: -2.6019 trn-auc: 0.5000  acc: 0.4617 val-auc: 0.5000  acc: 0.4713
 35/1000 trn-loss-MF: 0.5656  trn-loss-MF: 0.6867 trn-loss-GC: -2.6022 trn-auc: 0.7507  acc: 0.7602 val-auc: 0.6556  acc: 0.6667
 36/1000 trn-loss-MF: 0.5378  trn-loss-MF: 0.6903 trn-loss-GC: -2.5235 trn-auc: 0.5000  acc: 0.4617 val-auc: 0.5000  acc: 0.4713
 37/1000 trn-loss-MF: 0.5912  trn-loss-MF: 0.6852 trn-loss-GC: -2.6437 trn-auc: 0.6561  acc: 0.6798 val-auc: 0.5880  acc: 0.6092
 38/1000 trn-loss-MF: 0.5943  trn-loss-MF: 0.6867 trn-loss-GC: -2.7168 trn-auc: 0.7432  acc: 0.7538 val-auc: 0.6190  acc: 0.6322
 39/1000 trn-loss-MF: 0.5306  trn-loss-MF: 0.6809 trn-loss-GC: -2.7231 trn-auc: 0.6216  acc: 0.5931 val-auc: 0.6074  acc: 0.5862
 40/1000 trn-loss-MF: 0.5636  trn-loss-MF: 0.6762 trn-loss-GC: -2.7306 trn-auc: 0.7818  acc: 0.7704 val-auc: 0.7625  acc: 0.7586
 41/1000 trn-loss-MF: 0.5179  trn-loss-MF: 0.6655 trn-loss-GC: -2.6704 trn-auc: 0.5947  acc: 0.6250 val-auc: 0.5366  acc: 0.5632
 42/1000 trn-loss-MF: 0.5689  trn-loss-MF: 0.6543 trn-loss-GC: -2.6739 trn-auc: 0.7654  acc: 0.7500 val-auc: 0.7895  acc: 0.7816
 43/1000 trn-loss-MF: 0.4927  trn-loss-MF: 0.6229 trn-loss-GC: -2.6925 trn-auc: 0.8296  acc: 0.8240 val-auc: 0.7707  acc: 0.7701
 44/1000 trn-loss-MF: 0.4521  trn-loss-MF: 0.6316 trn-loss-GC: -2.7059 trn-auc: 0.6914  acc: 0.7143 val-auc: 0.5976  acc: 0.6207
 45/1000 trn-loss-MF: 0.5233  trn-loss-MF: 0.6344 trn-loss-GC: -2.6972 trn-auc: 0.7632  acc: 0.7474 val-auc: 0.7678  acc: 0.7586
 46/1000 trn-loss-MF: 0.5132  trn-loss-MF: 0.6252 trn-loss-GC: -2.7733 trn-auc: 0.8454  acc: 0.8444 val-auc: 0.7558  acc: 0.7586
 47/1000 trn-loss-MF: 0.4656  trn-loss-MF: 0.6362 trn-loss-GC: -2.7742 trn-auc: 0.5748  acc: 0.6071 val-auc: 0.5610  acc: 0.5862
 48/1000 trn-loss-MF: 0.4893  trn-loss-MF: 0.5835 trn-loss-GC: -2.7483 trn-auc: 0.8066  acc: 0.8189 val-auc: 0.7100  acc: 0.7241
 49/1000 trn-loss-MF: 0.4340  trn-loss-MF: 0.6025 trn-loss-GC: -2.6867 trn-auc: 0.7230  acc: 0.7028 val-auc: 0.7460  acc: 0.7356
 50/1000 trn-loss-MF: 0.5309  trn-loss-MF: 0.5606 trn-loss-GC: -2.7680 trn-auc: 0.8338  acc: 0.8431 val-auc: 0.7004  acc: 0.7126
 51/1000 trn-loss-MF: 0.4214  trn-loss-MF: 0.6001 trn-loss-GC: -2.7656 trn-auc: 0.7163  acc: 0.7372 val-auc: 0.6220  acc: 0.6437
 52/1000 trn-loss-MF: 0.4760  trn-loss-MF: 0.5180 trn-loss-GC: -2.7657 trn-auc: 0.8648  acc: 0.8597 val-auc: 0.7951  acc: 0.7931
 53/1000 trn-loss-MF: 0.4051  trn-loss-MF: 0.5211 trn-loss-GC: -2.7186 trn-auc: 0.8061  acc: 0.7934 val-auc: 0.7990  acc: 0.7931
 54/1000 trn-loss-MF: 0.4282  trn-loss-MF: 0.5306 trn-loss-GC: -2.7459 trn-auc: 0.7877  acc: 0.8023 val-auc: 0.6964  acc: 0.7126
 55/1000 trn-loss-MF: 0.4298  trn-loss-MF: 0.4866 trn-loss-GC: -2.7545 trn-auc: 0.8869  acc: 0.8878 val-auc: 0.7898  acc: 0.7931
 56/1000 trn-loss-MF: 0.3658  trn-loss-MF: 0.5036 trn-loss-GC: -2.7083 trn-auc: 0.8347  acc: 0.8240 val-auc: 0.8208  acc: 0.8161
 57/1000 trn-loss-MF: 0.4179  trn-loss-MF: 0.4487 trn-loss-GC: -2.7282 trn-auc: 0.8522  acc: 0.8610 val-auc: 0.7126  acc: 0.7241
 58/1000 trn-loss-MF: 0.3668  trn-loss-MF: 0.3918 trn-loss-GC: -2.7294 trn-auc: 0.8934  acc: 0.8967 val-auc: 0.8115  acc: 0.8161
 59/1000 trn-loss-MF: 0.3275  trn-loss-MF: 0.3752 trn-loss-GC: -2.7076 trn-auc: 0.8788  acc: 0.8724 val-auc: 0.8086  acc: 0.8046
 60/1000 trn-loss-MF: 0.3487  trn-loss-MF: 0.4833 trn-loss-GC: -2.7265 trn-auc: 0.8348  acc: 0.8457 val-auc: 0.7330  acc: 0.7471
 61/1000 trn-loss-MF: 0.4064  trn-loss-MF: 0.4586 trn-loss-GC: -2.7609 trn-auc: 0.8766  acc: 0.8699 val-auc: 0.7964  acc: 0.7931
 62/1000 trn-loss-MF: 0.3597  trn-loss-MF: 0.5021 trn-loss-GC: -2.7202 trn-auc: 0.8365  acc: 0.8253 val-auc: 0.8221  acc: 0.8161
 63/1000 trn-loss-MF: 0.3969  trn-loss-MF: 0.3413 trn-loss-GC: -2.7188 trn-auc: 0.8869  acc: 0.8929 val-auc: 0.7723  acc: 0.7816
 64/1000 trn-loss-MF: 0.3140  trn-loss-MF: 0.2936 trn-loss-GC: -2.7000 trn-auc: 0.9082  acc: 0.9107 val-auc: 0.8359  acc: 0.8391
 65/1000 trn-loss-MF: 0.2549  trn-loss-MF: 0.3676 trn-loss-GC: -2.7223 trn-auc: 0.8890  acc: 0.8827 val-auc: 0.8086  acc: 0.8046
 66/1000 trn-loss-MF: 0.3471  trn-loss-MF: 0.4125 trn-loss-GC: -2.6857 trn-auc: 0.8707  acc: 0.8788 val-auc: 0.7696  acc: 0.7816
 67/1000 trn-loss-MF: 0.3436  trn-loss-MF: 0.2714 trn-loss-GC: -2.6990 trn-auc: 0.9244  acc: 0.9235 val-auc: 0.8168  acc: 0.8161
 68/1000 trn-loss-MF: 0.2609  trn-loss-MF: 0.3060 trn-loss-GC: -2.6652 trn-auc: 0.8959  acc: 0.8903 val-auc: 0.7977  acc: 0.7931
 69/1000 trn-loss-MF: 0.2759  trn-loss-MF: 0.6612 trn-loss-GC: -2.7294 trn-auc: 0.7176  acc: 0.7385 val-auc: 0.6341  acc: 0.6552
 70/1000 trn-loss-MF: 0.5329  trn-loss-MF: 0.4874 trn-loss-GC: -2.7818 trn-auc: 0.8270  acc: 0.8151 val-auc: 0.8017  acc: 0.7931
 71/1000 trn-loss-MF: 0.3813  trn-loss-MF: 0.7384 trn-loss-GC: -2.7911 trn-auc: 0.6055  acc: 0.5753 val-auc: 0.6413  acc: 0.6207
 72/1000 trn-loss-MF: 0.5272  trn-loss-MF: 0.5697 trn-loss-GC: -2.8357 trn-auc: 0.7399  acc: 0.7207 val-auc: 0.7691  acc: 0.7586
 73/1000 trn-loss-MF: 0.4707  trn-loss-MF: 0.4832 trn-loss-GC: -2.8349 trn-auc: 0.8183  acc: 0.8304 val-auc: 0.6760  acc: 0.6897
 74/1000 trn-loss-MF: 0.4489  trn-loss-MF: 0.6332 trn-loss-GC: -2.8583 trn-auc: 0.5525  acc: 0.5867 val-auc: 0.5366  acc: 0.5632
 75/1000 trn-loss-MF: 0.4995  trn-loss-MF: 0.5806 trn-loss-GC: -2.8300 trn-auc: 0.6620  acc: 0.6875 val-auc: 0.5976  acc: 0.6207
 76/1000 trn-loss-MF: 0.4351  trn-loss-MF: 0.4277 trn-loss-GC: -2.8107 trn-auc: 0.8967  acc: 0.8916 val-auc: 0.8534  acc: 0.8506
 77/1000 trn-loss-MF: 0.3737  trn-loss-MF: 0.4395 trn-loss-GC: -2.7520 trn-auc: 0.8223  acc: 0.8099 val-auc: 0.8004  acc: 0.7931
 78/1000 trn-loss-MF: 0.3899  trn-loss-MF: 0.3678 trn-loss-GC: -2.6596 trn-auc: 0.8761  acc: 0.8839 val-auc: 0.8306  acc: 0.8391
 79/1000 trn-loss-MF: 0.3023  trn-loss-MF: 0.2688 trn-loss-GC: -2.7209 trn-auc: 0.9357  acc: 0.9375 val-auc: 0.8698  acc: 0.8736
 80/1000 trn-loss-MF: 0.2365  trn-loss-MF: 0.4437 trn-loss-GC: -2.7246 trn-auc: 0.8199  acc: 0.8074 val-auc: 0.7895  acc: 0.7816
 81/1000 trn-loss-MF: 0.3572  trn-loss-MF: 0.3643 trn-loss-GC: -2.7807 trn-auc: 0.9228  acc: 0.9260 val-auc: 0.8102  acc: 0.8161
 82/1000 trn-loss-MF: 0.3273  trn-loss-MF: 0.3985 trn-loss-GC: -2.7840 trn-auc: 0.8972  acc: 0.9031 val-auc: 0.7953  acc: 0.8046
 83/1000 trn-loss-MF: 0.3625  trn-loss-MF: 0.3529 trn-loss-GC: -2.7405 trn-auc: 0.9044  acc: 0.8992 val-auc: 0.8195  acc: 0.8161
 84/1000 trn-loss-MF: 0.2848  trn-loss-MF: 0.3025 trn-loss-GC: -2.7041 trn-auc: 0.9090  acc: 0.9043 val-auc: 0.8086  acc: 0.8046
 85/1000 trn-loss-MF: 0.2457  trn-loss-MF: 0.6017 trn-loss-GC: -2.6829 trn-auc: 0.7299  acc: 0.7500 val-auc: 0.6220  acc: 0.6437
 86/1000 trn-loss-MF: 0.5394  trn-loss-MF: 0.4827 trn-loss-GC: -2.7934 trn-auc: 0.8401  acc: 0.8291 val-auc: 0.8017  acc: 0.7931
 87/1000 trn-loss-MF: 0.3627  trn-loss-MF: 0.7126 trn-loss-GC: -2.8502 trn-auc: 0.5853  acc: 0.5536 val-auc: 0.5652  acc: 0.5402
 88/1000 trn-loss-MF: 0.5259  trn-loss-MF: 0.6176 trn-loss-GC: -2.9198 trn-auc: 0.6785  acc: 0.6543 val-auc: 0.7391  acc: 0.7241
 89/1000 trn-loss-MF: 0.4849  trn-loss-MF: 0.5564 trn-loss-GC: -2.9289 trn-auc: 0.8295  acc: 0.8393 val-auc: 0.6530  acc: 0.6667
 90/1000 trn-loss-MF: 0.4570  trn-loss-MF: 0.6563 trn-loss-GC: -2.9399 trn-auc: 0.5331  acc: 0.5689 val-auc: 0.5122  acc: 0.5402
 91/1000 trn-loss-MF: 0.5138  trn-loss-MF: 0.6940 trn-loss-GC: -2.9356 trn-auc: 0.5221  acc: 0.5587 val-auc: 0.5000  acc: 0.5287
 92/1000 trn-loss-MF: 0.5265  trn-loss-MF: 0.6324 trn-loss-GC: -2.9371 trn-auc: 0.5843  acc: 0.6161 val-auc: 0.5732  acc: 0.5977
 93/1000 trn-loss-MF: 0.4740  trn-loss-MF: 0.5825 trn-loss-GC: -2.9412 trn-auc: 0.8788  acc: 0.8712 val-auc: 0.8208  acc: 0.8161
 94/1000 trn-loss-MF: 0.4541  trn-loss-MF: 0.6140 trn-loss-GC: -2.9401 trn-auc: 0.5178  acc: 0.4809 val-auc: 0.5217  acc: 0.4943
 95/1000 trn-loss-MF: 0.4887  trn-loss-MF: 0.6143 trn-loss-GC: -2.9100 trn-auc: 0.6019  acc: 0.5714 val-auc: 0.6087  acc: 0.5862
 96/1000 trn-loss-MF: 0.4604  trn-loss-MF: 0.5441 trn-loss-GC: -2.8641 trn-auc: 0.9123  acc: 0.9107 val-auc: 0.8142  acc: 0.8161
 97/1000 trn-loss-MF: 0.3963  trn-loss-MF: 0.5113 trn-loss-GC: -2.8278 trn-auc: 0.8617  acc: 0.8699 val-auc: 0.6991  acc: 0.7126
 98/1000 trn-loss-MF: 0.3824  trn-loss-MF: 0.4328 trn-loss-GC: -2.7813 trn-auc: 0.9009  acc: 0.9056 val-auc: 0.8089  acc: 0.8161
 99/1000 trn-loss-MF: 0.3592  trn-loss-MF: 0.3378 trn-loss-GC: -2.7102 trn-auc: 0.9216  acc: 0.9184 val-auc: 0.8290  acc: 0.8276
100/1000 trn-loss-MF: 0.2678  trn-loss-MF: 0.3622 trn-loss-GC: -2.6850 trn-auc: 0.8975  acc: 0.8916 val-auc: 0.8317  acc: 0.8276
101/1000 trn-loss-MF: 0.2907  trn-loss-MF: 0.4862 trn-loss-GC: -2.7189 trn-auc: 0.8327  acc: 0.8444 val-auc: 0.7073  acc: 0.7241
102/1000 trn-loss-MF: 0.4398  trn-loss-MF: 0.4293 trn-loss-GC: -2.8021 trn-auc: 0.9282  acc: 0.9286 val-auc: 0.8359  acc: 0.8391
103/1000 trn-loss-MF: 0.3264  trn-loss-MF: 0.5795 trn-loss-GC: -2.7958 trn-auc: 0.7859  acc: 0.7704 val-auc: 0.7908  acc: 0.7816
104/1000 trn-loss-MF: 0.4127  trn-loss-MF: 0.5338 trn-loss-GC: -2.8400 trn-auc: 0.8320  acc: 0.8202 val-auc: 0.8234  acc: 0.8161
105/1000 trn-loss-MF: 0.4226  trn-loss-MF: 0.4388 trn-loss-GC: -2.8304 trn-auc: 0.9122  acc: 0.9158 val-auc: 0.7723  acc: 0.7816
106/1000 trn-loss-MF: 0.3552  trn-loss-MF: 0.5435 trn-loss-GC: -2.7826 trn-auc: 0.7534  acc: 0.7717 val-auc: 0.6341  acc: 0.6552
107/1000 trn-loss-MF: 0.4082  trn-loss-MF: 0.4481 trn-loss-GC: -2.7810 trn-auc: 0.8956  acc: 0.9018 val-auc: 0.7479  acc: 0.7586
108/1000 trn-loss-MF: 0.3447  trn-loss-MF: 0.3905 trn-loss-GC: -2.7833 trn-auc: 0.9070  acc: 0.9018 val-auc: 0.8317  acc: 0.8276
109/1000 trn-loss-MF: 0.3173  trn-loss-MF: 0.3854 trn-loss-GC: -2.7327 trn-auc: 0.9005  acc: 0.8941 val-auc: 0.8343  acc: 0.8276
110/1000 trn-loss-MF: 0.3093  trn-loss-MF: 0.3104 trn-loss-GC: -2.6844 trn-auc: 0.9211  acc: 0.9247 val-auc: 0.8454  acc: 0.8506
111/1000 trn-loss-MF: 0.2567  trn-loss-MF: 0.2672 trn-loss-GC: -2.6622 trn-auc: 0.9284  acc: 0.9311 val-auc: 0.8590  acc: 0.8621
112/1000 trn-loss-MF: 0.2213  trn-loss-MF: 0.3983 trn-loss-GC: -2.6013 trn-auc: 0.8685  acc: 0.8597 val-auc: 0.7895  acc: 0.7816
113/1000 trn-loss-MF: 0.3355  trn-loss-MF: 0.3217 trn-loss-GC: -2.6905 trn-auc: 0.9039  acc: 0.9094 val-auc: 0.7709  acc: 0.7816
114/1000 trn-loss-MF: 0.2912  trn-loss-MF: 0.3355 trn-loss-GC: -2.7038 trn-auc: 0.9094  acc: 0.9145 val-auc: 0.7831  acc: 0.7931
115/1000 trn-loss-MF: 0.2987  trn-loss-MF: 0.3361 trn-loss-GC: -2.7276 trn-auc: 0.9058  acc: 0.9005 val-auc: 0.8560  acc: 0.8506
116/1000 trn-loss-MF: 0.2967  trn-loss-MF: 0.3349 trn-loss-GC: -2.7317 trn-auc: 0.9129  acc: 0.9082 val-auc: 0.8560  acc: 0.8506
117/1000 trn-loss-MF: 0.2924  trn-loss-MF: 0.3207 trn-loss-GC: -2.6974 trn-auc: 0.9272  acc: 0.9311 val-auc: 0.8576  acc: 0.8621
118/1000 trn-loss-MF: 0.2677  trn-loss-MF: 0.2798 trn-loss-GC: -2.6982 trn-auc: 0.9353  acc: 0.9375 val-auc: 0.8576  acc: 0.8621
119/1000 trn-loss-MF: 0.2657  trn-loss-MF: 0.2961 trn-loss-GC: -2.6781 trn-auc: 0.9121  acc: 0.9069 val-auc: 0.8438  acc: 0.8391
120/1000 trn-loss-MF: 0.2641  trn-loss-MF: 0.1974 trn-loss-GC: -2.6835 trn-auc: 0.9493  acc: 0.9490 val-auc: 0.8603  acc: 0.8621
121/1000 trn-loss-MF: 0.1916  trn-loss-MF: 0.2195 trn-loss-GC: -2.6869 trn-auc: 0.9254  acc: 0.9298 val-auc: 0.8672  acc: 0.8736
122/1000 trn-loss-MF: 0.2061  trn-loss-MF: 0.2378 trn-loss-GC: -2.6953 trn-auc: 0.9441  acc: 0.9413 val-auc: 0.8303  acc: 0.8276
123/1000 trn-loss-MF: 0.2346  trn-loss-MF: 0.2124 trn-loss-GC: -2.6950 trn-auc: 0.9473  acc: 0.9477 val-auc: 0.8725  acc: 0.8736
124/1000 trn-loss-MF: 0.2085  trn-loss-MF: 0.2531 trn-loss-GC: -2.6715 trn-auc: 0.9410  acc: 0.9439 val-auc: 0.8332  acc: 0.8391
125/1000 trn-loss-MF: 0.2313  trn-loss-MF: 0.1998 trn-loss-GC: -2.6881 trn-auc: 0.9506  acc: 0.9490 val-auc: 0.8425  acc: 0.8391
126/1000 trn-loss-MF: 0.2004  trn-loss-MF: 0.1648 trn-loss-GC: -2.7099 trn-auc: 0.9526  acc: 0.9528 val-auc: 0.8834  acc: 0.8851
127/1000 trn-loss-MF: 0.1614  trn-loss-MF: 0.1806 trn-loss-GC: -2.7098 trn-auc: 0.9536  acc: 0.9554 val-auc: 0.8916  acc: 0.8966
128/1000 trn-loss-MF: 0.1816  trn-loss-MF: 0.2077 trn-loss-GC: -2.7048 trn-auc: 0.9512  acc: 0.9490 val-auc: 0.8547  acc: 0.8506
129/1000 trn-loss-MF: 0.2117  trn-loss-MF: 0.1713 trn-loss-GC: -2.7108 trn-auc: 0.9599  acc: 0.9605 val-auc: 0.8712  acc: 0.8736
130/1000 trn-loss-MF: 0.1901  trn-loss-MF: 0.1594 trn-loss-GC: -2.6935 trn-auc: 0.9603  acc: 0.9605 val-auc: 0.8834  acc: 0.8851
131/1000 trn-loss-MF: 0.1735  trn-loss-MF: 0.1650 trn-loss-GC: -2.7115 trn-auc: 0.9550  acc: 0.9541 val-auc: 0.8412  acc: 0.8391
132/1000 trn-loss-MF: 0.1659  trn-loss-MF: 0.1987 trn-loss-GC: -2.7135 trn-auc: 0.9503  acc: 0.9528 val-auc: 0.8916  acc: 0.8966
133/1000 trn-loss-MF: 0.2097  trn-loss-MF: 0.3543 trn-loss-GC: -2.7046 trn-auc: 0.8831  acc: 0.8750 val-auc: 0.8126  acc: 0.8046
134/1000 trn-loss-MF: 0.2954  trn-loss-MF: 0.2562 trn-loss-GC: -2.7179 trn-auc: 0.9223  acc: 0.9273 val-auc: 0.7831  acc: 0.7931
135/1000 trn-loss-MF: 0.2612  trn-loss-MF: 0.1692 trn-loss-GC: -2.7228 trn-auc: 0.9619  acc: 0.9617 val-auc: 0.8942  acc: 0.8966
136/1000 trn-loss-MF: 0.1891  trn-loss-MF: 0.1720 trn-loss-GC: -2.7252 trn-auc: 0.9556  acc: 0.9541 val-auc: 0.8303  acc: 0.8276
137/1000 trn-loss-MF: 0.1855  trn-loss-MF: 0.2628 trn-loss-GC: -2.7002 trn-auc: 0.9402  acc: 0.9439 val-auc: 0.8807  acc: 0.8851
138/1000 trn-loss-MF: 0.2487  trn-loss-MF: 0.3620 trn-loss-GC: -2.6696 trn-auc: 0.8912  acc: 0.8839 val-auc: 0.8465  acc: 0.8391
139/1000 trn-loss-MF: 0.2843  trn-loss-MF: 0.1932 trn-loss-GC: -2.7293 trn-auc: 0.9621  acc: 0.9630 val-auc: 0.8576  acc: 0.8621
140/1000 trn-loss-MF: 0.2115  trn-loss-MF: 0.2299 trn-loss-GC: -2.7117 trn-auc: 0.9463  acc: 0.9490 val-auc: 0.8441  acc: 0.8506
141/1000 trn-loss-MF: 0.2434  trn-loss-MF: 0.2187 trn-loss-GC: -2.7194 trn-auc: 0.9394  acc: 0.9362 val-auc: 0.8438  acc: 0.8391
142/1000 trn-loss-MF: 0.2291  trn-loss-MF: 0.1607 trn-loss-GC: -2.7382 trn-auc: 0.9631  acc: 0.9643 val-auc: 0.8929  acc: 0.8966
143/1000 trn-loss-MF: 0.1571  trn-loss-MF: 0.1690 trn-loss-GC: -2.7461 trn-auc: 0.9574  acc: 0.9592 val-auc: 0.8929  acc: 0.8966
144/1000 trn-loss-MF: 0.1687  trn-loss-MF: 0.2296 trn-loss-GC: -2.7424 trn-auc: 0.9279  acc: 0.9235 val-auc: 0.8560  acc: 0.8506
145/1000 trn-loss-MF: 0.2145  trn-loss-MF: 0.1869 trn-loss-GC: -2.7290 trn-auc: 0.9684  acc: 0.9694 val-auc: 0.8929  acc: 0.8966
146/1000 trn-loss-MF: 0.2091  trn-loss-MF: 0.1606 trn-loss-GC: -2.7354 trn-auc: 0.9658  acc: 0.9656 val-auc: 0.8603  acc: 0.8621
147/1000 trn-loss-MF: 0.1581  trn-loss-MF: 0.1957 trn-loss-GC: -2.7458 trn-auc: 0.9453  acc: 0.9426 val-auc: 0.8195  acc: 0.8161
148/1000 trn-loss-MF: 0.1710  trn-loss-MF: 0.2953 trn-loss-GC: -2.7314 trn-auc: 0.9069  acc: 0.9133 val-auc: 0.7940  acc: 0.8046
149/1000 trn-loss-MF: 0.3001  trn-loss-MF: 0.4061 trn-loss-GC: -2.7114 trn-auc: 0.8442  acc: 0.8329 val-auc: 0.8139  acc: 0.8046
150/1000 trn-loss-MF: 0.3292  trn-loss-MF: 0.2006 trn-loss-GC: -2.7466 trn-auc: 0.9637  acc: 0.9643 val-auc: 0.8698  acc: 0.8736
151/1000 trn-loss-MF: 0.2081  trn-loss-MF: 0.3168 trn-loss-GC: -2.7503 trn-auc: 0.9029  acc: 0.9094 val-auc: 0.7696  acc: 0.7816
152/1000 trn-loss-MF: 0.2963  trn-loss-MF: 0.2104 trn-loss-GC: -2.7546 trn-auc: 0.9609  acc: 0.9592 val-auc: 0.8303  acc: 0.8276
153/1000 trn-loss-MF: 0.2149  trn-loss-MF: 0.1992 trn-loss-GC: -2.7528 trn-auc: 0.9558  acc: 0.9541 val-auc: 0.8303  acc: 0.8276
154/1000 trn-loss-MF: 0.2012  trn-loss-MF: 0.3367 trn-loss-GC: -2.7525 trn-auc: 0.8915  acc: 0.8992 val-auc: 0.7927  acc: 0.8046
155/1000 trn-loss-MF: 0.2833  trn-loss-MF: 0.3526 trn-loss-GC: -2.7694 trn-auc: 0.9011  acc: 0.8941 val-auc: 0.8452  acc: 0.8391
156/1000 trn-loss-MF: 0.3080  trn-loss-MF: 0.2987 trn-loss-GC: -2.8088 trn-auc: 0.9455  acc: 0.9426 val-auc: 0.8656  acc: 0.8621
157/1000 trn-loss-MF: 0.2646  trn-loss-MF: 0.3333 trn-loss-GC: -2.8144 trn-auc: 0.9282  acc: 0.9324 val-auc: 0.7831  acc: 0.7931
158/1000 trn-loss-MF: 0.3022  trn-loss-MF: 0.2537 trn-loss-GC: -2.8038 trn-auc: 0.9558  acc: 0.9566 val-auc: 0.8590  acc: 0.8621
159/1000 trn-loss-MF: 0.2497  trn-loss-MF: 0.2577 trn-loss-GC: -2.7748 trn-auc: 0.9396  acc: 0.9362 val-auc: 0.8669  acc: 0.8621
160/1000 trn-loss-MF: 0.2626  trn-loss-MF: 0.1904 trn-loss-GC: -2.7531 trn-auc: 0.9657  acc: 0.9656 val-auc: 0.8942  acc: 0.8966
161/1000 trn-loss-MF: 0.1922  trn-loss-MF: 0.2363 trn-loss-GC: -2.7496 trn-auc: 0.9568  acc: 0.9592 val-auc: 0.8550  acc: 0.8621
162/1000 trn-loss-MF: 0.2295  trn-loss-MF: 0.2045 trn-loss-GC: -2.7525 trn-auc: 0.9431  acc: 0.9401 val-auc: 0.8560  acc: 0.8506
163/1000 trn-loss-MF: 0.1950  trn-loss-MF: 0.1690 trn-loss-GC: -2.7588 trn-auc: 0.9625  acc: 0.9617 val-auc: 0.8725  acc: 0.8736
164/1000 trn-loss-MF: 0.1720  trn-loss-MF: 0.1780 trn-loss-GC: -2.7520 trn-auc: 0.9599  acc: 0.9617 val-auc: 0.8807  acc: 0.8851
165/1000 trn-loss-MF: 0.2000  trn-loss-MF: 0.1667 trn-loss-GC: -2.7290 trn-auc: 0.9595  acc: 0.9579 val-auc: 0.8521  acc: 0.8506
166/1000 trn-loss-MF: 0.1686  trn-loss-MF: 0.1488 trn-loss-GC: -2.7306 trn-auc: 0.9672  acc: 0.9668 val-auc: 0.8725  acc: 0.8736
167/1000 trn-loss-MF: 0.1579  trn-loss-MF: 0.1751 trn-loss-GC: -2.7405 trn-auc: 0.9530  acc: 0.9554 val-auc: 0.8807  acc: 0.8851
168/1000 trn-loss-MF: 0.1914  trn-loss-MF: 0.1508 trn-loss-GC: -2.7170 trn-auc: 0.9631  acc: 0.9617 val-auc: 0.8751  acc: 0.8736
169/1000 trn-loss-MF: 0.1593  trn-loss-MF: 0.1308 trn-loss-GC: -2.7508 trn-auc: 0.9710  acc: 0.9719 val-auc: 0.8698  acc: 0.8736
170/1000 trn-loss-MF: 0.1324  trn-loss-MF: 0.1189 trn-loss-GC: -2.7664 trn-auc: 0.9743  acc: 0.9745 val-auc: 0.8603  acc: 0.8621
171/1000 trn-loss-MF: 0.1275  trn-loss-MF: 0.1289 trn-loss-GC: -2.7550 trn-auc: 0.9759  acc: 0.9758 val-auc: 0.8481  acc: 0.8506
172/1000 trn-loss-MF: 0.1426  trn-loss-MF: 0.1322 trn-loss-GC: -2.7715 trn-auc: 0.9665  acc: 0.9681 val-auc: 0.8698  acc: 0.8736
173/1000 trn-loss-MF: 0.1441  trn-loss-MF: 0.1441 trn-loss-GC: -2.7645 trn-auc: 0.9702  acc: 0.9694 val-auc: 0.8616  acc: 0.8621
174/1000 trn-loss-MF: 0.1506  trn-loss-MF: 0.2449 trn-loss-GC: -2.7517 trn-auc: 0.9384  acc: 0.9426 val-auc: 0.8563  acc: 0.8621
175/1000 trn-loss-MF: 0.2130  trn-loss-MF: 0.4813 trn-loss-GC: -2.7008 trn-auc: 0.8395  acc: 0.8278 val-auc: 0.8248  acc: 0.8161
176/1000 trn-loss-MF: 0.3797  trn-loss-MF: 0.5251 trn-loss-GC: -2.7419 trn-auc: 0.7589  acc: 0.7768 val-auc: 0.6951  acc: 0.7126
177/1000 trn-loss-MF: 0.4326  trn-loss-MF: 0.2499 trn-loss-GC: -2.7699 trn-auc: 0.9589  acc: 0.9605 val-auc: 0.8454  acc: 0.8506
178/1000 trn-loss-MF: 0.2602  trn-loss-MF: 0.4456 trn-loss-GC: -2.8013 trn-auc: 0.7850  acc: 0.7691 val-auc: 0.7487  acc: 0.7356
time: 19.4015 sec.
tst-auc: 0.8916  acc: 0.8966
attention maps have been saved.
784
Counter({1: 422, 0: 362})
  0/1000 trn-loss-MF: 0.8852  trn-loss-MF: 0.8566 trn-loss-GC: -0.6906 trn-auc: 0.5290  acc: 0.5306 val-auc: 0.4244  acc: 0.4138
  1/1000 trn-loss-MF: 0.8109  trn-loss-MF: 0.7844 trn-loss-GC: -0.7603 trn-auc: 0.5308  acc: 0.5395 val-auc: 0.4464  acc: 0.4483
  2/1000 trn-loss-MF: 0.7648  trn-loss-MF: 0.7565 trn-loss-GC: -0.8513 trn-auc: 0.5431  acc: 0.5536 val-auc: 0.4764  acc: 0.4828
  3/1000 trn-loss-MF: 0.7511  trn-loss-MF: 0.7393 trn-loss-GC: -0.9533 trn-auc: 0.5559  acc: 0.5663 val-auc: 0.4995  acc: 0.5057
  4/1000 trn-loss-MF: 0.7482  trn-loss-MF: 0.7305 trn-loss-GC: -1.0657 trn-auc: 0.5508  acc: 0.5548 val-auc: 0.5183  acc: 0.5172
  5/1000 trn-loss-MF: 0.7369  trn-loss-MF: 0.7146 trn-loss-GC: -1.1708 trn-auc: 0.5501  acc: 0.5510 val-auc: 0.5196  acc: 0.5172
  6/1000 trn-loss-MF: 0.7215  trn-loss-MF: 0.7065 trn-loss-GC: -1.2780 trn-auc: 0.5645  acc: 0.5638 val-auc: 0.5318  acc: 0.5287
  7/1000 trn-loss-MF: 0.7026  trn-loss-MF: 0.6963 trn-loss-GC: -1.4034 trn-auc: 0.5602  acc: 0.5587 val-auc: 0.5575  acc: 0.5517
  8/1000 trn-loss-MF: 0.7070  trn-loss-MF: 0.6875 trn-loss-GC: -1.5414 trn-auc: 0.5440  acc: 0.5446 val-auc: 0.5901  acc: 0.5862
  9/1000 trn-loss-MF: 0.6977  trn-loss-MF: 0.6881 trn-loss-GC: -1.6750 trn-auc: 0.5492  acc: 0.5510 val-auc: 0.5888  acc: 0.5862
 10/1000 trn-loss-MF: 0.6868  trn-loss-MF: 0.6915 trn-loss-GC: -1.8183 trn-auc: 0.5549  acc: 0.5574 val-auc: 0.5875  acc: 0.5862
 11/1000 trn-loss-MF: 0.6840  trn-loss-MF: 0.6892 trn-loss-GC: -1.9565 trn-auc: 0.5415  acc: 0.5421 val-auc: 0.5657  acc: 0.5632
 12/1000 trn-loss-MF: 0.6791  trn-loss-MF: 0.6892 trn-loss-GC: -2.0714 trn-auc: 0.5351  acc: 0.5344 val-auc: 0.6023  acc: 0.5977
 13/1000 trn-loss-MF: 0.6925  trn-loss-MF: 0.6880 trn-loss-GC: -2.1579 trn-auc: 0.5330  acc: 0.5332 val-auc: 0.6132  acc: 0.6092
 14/1000 trn-loss-MF: 0.6830  trn-loss-MF: 0.6893 trn-loss-GC: -2.2162 trn-auc: 0.5383  acc: 0.5370 val-auc: 0.6037  acc: 0.5977
 15/1000 trn-loss-MF: 0.6745  trn-loss-MF: 0.6880 trn-loss-GC: -2.2554 trn-auc: 0.5371  acc: 0.5357 val-auc: 0.6037  acc: 0.5977
 16/1000 trn-loss-MF: 0.6839  trn-loss-MF: 0.6882 trn-loss-GC: -2.2834 trn-auc: 0.5359  acc: 0.5383 val-auc: 0.5522  acc: 0.5517
 17/1000 trn-loss-MF: 0.6773  trn-loss-MF: 0.6884 trn-loss-GC: -2.3033 trn-auc: 0.5399  acc: 0.5434 val-auc: 0.5740  acc: 0.5747
 18/1000 trn-loss-MF: 0.6688  trn-loss-MF: 0.6889 trn-loss-GC: -2.3181 trn-auc: 0.5334  acc: 0.5344 val-auc: 0.5779  acc: 0.5747
 19/1000 trn-loss-MF: 0.6838  trn-loss-MF: 0.6886 trn-loss-GC: -2.3423 trn-auc: 0.5393  acc: 0.5434 val-auc: 0.5740  acc: 0.5747
 20/1000 trn-loss-MF: 0.6795  trn-loss-MF: 0.6880 trn-loss-GC: -2.3690 trn-auc: 0.5391  acc: 0.5446 val-auc: 0.5835  acc: 0.5862
 21/1000 trn-loss-MF: 0.6738  trn-loss-MF: 0.6906 trn-loss-GC: -2.4000 trn-auc: 0.5397  acc: 0.5459 val-auc: 0.6052  acc: 0.6092
 22/1000 trn-loss-MF: 0.6717  trn-loss-MF: 0.6883 trn-loss-GC: -2.4296 trn-auc: 0.5379  acc: 0.5408 val-auc: 0.5875  acc: 0.5862
 23/1000 trn-loss-MF: 0.6700  trn-loss-MF: 0.6885 trn-loss-GC: -2.4573 trn-auc: 0.5537  acc: 0.5485 val-auc: 0.5493  acc: 0.5402
 24/1000 trn-loss-MF: 0.6631  trn-loss-MF: 0.6878 trn-loss-GC: -2.4808 trn-auc: 0.5425  acc: 0.5191 val-auc: 0.5125  acc: 0.4943
 25/1000 trn-loss-MF: 0.6650  trn-loss-MF: 0.6895 trn-loss-GC: -2.5054 trn-auc: 0.5012  acc: 0.4630 val-auc: 0.5000  acc: 0.4713
 26/1000 trn-loss-MF: 0.6600  trn-loss-MF: 0.6896 trn-loss-GC: -2.5277 trn-auc: 0.5012  acc: 0.4630 val-auc: 0.5000  acc: 0.4713
 27/1000 trn-loss-MF: 0.6593  trn-loss-MF: 0.6889 trn-loss-GC: -2.5466 trn-auc: 0.5529  acc: 0.5230 val-auc: 0.5504  acc: 0.5287
 28/1000 trn-loss-MF: 0.6534  trn-loss-MF: 0.6859 trn-loss-GC: -2.5605 trn-auc: 0.5805  acc: 0.5702 val-auc: 0.5506  acc: 0.5402
 29/1000 trn-loss-MF: 0.6531  trn-loss-MF: 0.6864 trn-loss-GC: -2.5686 trn-auc: 0.5853  acc: 0.5880 val-auc: 0.6323  acc: 0.6322
 30/1000 trn-loss-MF: 0.6412  trn-loss-MF: 0.6832 trn-loss-GC: -2.5721 trn-auc: 0.6050  acc: 0.6071 val-auc: 0.6758  acc: 0.6782
 31/1000 trn-loss-MF: 0.6333  trn-loss-MF: 0.6799 trn-loss-GC: -2.6049 trn-auc: 0.6784  acc: 0.6735 val-auc: 0.6376  acc: 0.6322
 32/1000 trn-loss-MF: 0.6236  trn-loss-MF: 0.6776 trn-loss-GC: -2.6370 trn-auc: 0.5714  acc: 0.6033 val-auc: 0.5270  acc: 0.5517
 33/1000 trn-loss-MF: 0.6080  trn-loss-MF: 0.6788 trn-loss-GC: -2.6349 trn-auc: 0.6206  acc: 0.6480 val-auc: 0.5880  acc: 0.6092
 34/1000 trn-loss-MF: 0.6061  trn-loss-MF: 0.6771 trn-loss-GC: -2.6199 trn-auc: 0.6094  acc: 0.5804 val-auc: 0.5761  acc: 0.5517
 35/1000 trn-loss-MF: 0.6070  trn-loss-MF: 0.6796 trn-loss-GC: -2.7067 trn-auc: 0.5949  acc: 0.6250 val-auc: 0.5514  acc: 0.5747
 36/1000 trn-loss-MF: 0.6091  trn-loss-MF: 0.6484 trn-loss-GC: -2.7042 trn-auc: 0.7458  acc: 0.7577 val-auc: 0.6800  acc: 0.6897
 37/1000 trn-loss-MF: 0.5707  trn-loss-MF: 0.6617 trn-loss-GC: -2.6690 trn-auc: 0.5910  acc: 0.5599 val-auc: 0.5435  acc: 0.5172
 38/1000 trn-loss-MF: 0.5978  trn-loss-MF: 0.6713 trn-loss-GC: -2.6839 trn-auc: 0.6389  acc: 0.6658 val-auc: 0.5758  acc: 0.5977
 39/1000 trn-loss-MF: 0.5730  trn-loss-MF: 0.6385 trn-loss-GC: -2.7105 trn-auc: 0.8227  acc: 0.8214 val-auc: 0.7137  acc: 0.7126
 40/1000 trn-loss-MF: 0.5225  trn-loss-MF: 0.6392 trn-loss-GC: -2.6820 trn-auc: 0.6959  acc: 0.6735 val-auc: 0.6413  acc: 0.6207
 41/1000 trn-loss-MF: 0.5460  trn-loss-MF: 0.6538 trn-loss-GC: -2.7393 trn-auc: 0.6829  acc: 0.7066 val-auc: 0.6477  acc: 0.6667
 42/1000 trn-loss-MF: 0.5694  trn-loss-MF: 0.6154 trn-loss-GC: -2.7812 trn-auc: 0.8324  acc: 0.8278 val-auc: 0.6742  acc: 0.6667
 43/1000 trn-loss-MF: 0.5090  trn-loss-MF: 0.6307 trn-loss-GC: -2.7202 trn-auc: 0.6854  acc: 0.6620 val-auc: 0.5978  acc: 0.5747
 44/1000 trn-loss-MF: 0.5368  trn-loss-MF: 0.6146 trn-loss-GC: -2.7388 trn-auc: 0.7456  acc: 0.7628 val-auc: 0.6625  acc: 0.6782
 45/1000 trn-loss-MF: 0.4879  trn-loss-MF: 0.5568 trn-loss-GC: -2.7204 trn-auc: 0.8614  acc: 0.8648 val-auc: 0.7558  acc: 0.7586
 46/1000 trn-loss-MF: 0.4404  trn-loss-MF: 0.6232 trn-loss-GC: -2.7026 trn-auc: 0.7038  acc: 0.6824 val-auc: 0.6522  acc: 0.6322
 47/1000 trn-loss-MF: 0.5497  trn-loss-MF: 0.6597 trn-loss-GC: -2.7842 trn-auc: 0.6312  acc: 0.6594 val-auc: 0.5989  acc: 0.6207
 48/1000 trn-loss-MF: 0.5434  trn-loss-MF: 0.6665 trn-loss-GC: -2.8696 trn-auc: 0.5884  acc: 0.6199 val-auc: 0.5623  acc: 0.5862
 49/1000 trn-loss-MF: 0.5489  trn-loss-MF: 0.6153 trn-loss-GC: -2.8994 trn-auc: 0.8616  acc: 0.8622 val-auc: 0.7232  acc: 0.7241
 50/1000 trn-loss-MF: 0.5111  trn-loss-MF: 0.6476 trn-loss-GC: -2.8986 trn-auc: 0.5261  acc: 0.4898 val-auc: 0.5000  acc: 0.4713
 51/1000 trn-loss-MF: 0.5300  trn-loss-MF: 0.6556 trn-loss-GC: -2.8464 trn-auc: 0.5758  acc: 0.5434 val-auc: 0.5109  acc: 0.4828
 52/1000 trn-loss-MF: 0.5171  trn-loss-MF: 0.5734 trn-loss-GC: -2.8155 trn-auc: 0.8624  acc: 0.8673 val-auc: 0.6949  acc: 0.7011
 53/1000 trn-loss-MF: 0.4472  trn-loss-MF: 0.5494 trn-loss-GC: -2.7549 trn-auc: 0.7985  acc: 0.8125 val-auc: 0.6638  acc: 0.6782
 54/1000 trn-loss-MF: 0.4600  trn-loss-MF: 0.5435 trn-loss-GC: -2.7350 trn-auc: 0.7664  acc: 0.7500 val-auc: 0.6413  acc: 0.6207
 55/1000 trn-loss-MF: 0.4499  trn-loss-MF: 0.4983 trn-loss-GC: -2.7880 trn-auc: 0.8667  acc: 0.8635 val-auc: 0.7569  acc: 0.7471
 56/1000 trn-loss-MF: 0.4063  trn-loss-MF: 0.5576 trn-loss-GC: -2.7617 trn-auc: 0.8029  acc: 0.8163 val-auc: 0.7004  acc: 0.7126
 57/1000 trn-loss-MF: 0.4465  trn-loss-MF: 0.4436 trn-loss-GC: -2.7500 trn-auc: 0.8822  acc: 0.8814 val-auc: 0.7420  acc: 0.7356
 58/1000 trn-loss-MF: 0.3693  trn-loss-MF: 0.4706 trn-loss-GC: -2.6864 trn-auc: 0.8324  acc: 0.8227 val-auc: 0.7174  acc: 0.7011
 59/1000 trn-loss-MF: 0.3935  trn-loss-MF: 0.5820 trn-loss-GC: -2.7323 trn-auc: 0.7287  acc: 0.7487 val-auc: 0.6721  acc: 0.6897
 60/1000 trn-loss-MF: 0.5054  trn-loss-MF: 0.4905 trn-loss-GC: -2.8160 trn-auc: 0.8778  acc: 0.8750 val-auc: 0.7216  acc: 0.7126
 61/1000 trn-loss-MF: 0.4087  trn-loss-MF: 0.6243 trn-loss-GC: -2.8096 trn-auc: 0.6775  acc: 0.6531 val-auc: 0.5761  acc: 0.5517
 62/1000 trn-loss-MF: 0.4923  trn-loss-MF: 0.5258 trn-loss-GC: -2.8418 trn-auc: 0.8622  acc: 0.8546 val-auc: 0.6943  acc: 0.6782
 63/1000 trn-loss-MF: 0.4390  trn-loss-MF: 0.5497 trn-loss-GC: -2.7968 trn-auc: 0.7524  acc: 0.7704 val-auc: 0.6625  acc: 0.6782
 64/1000 trn-loss-MF: 0.4285  trn-loss-MF: 0.5191 trn-loss-GC: -2.7464 trn-auc: 0.8313  acc: 0.8431 val-auc: 0.6882  acc: 0.7011
 65/1000 trn-loss-MF: 0.4146  trn-loss-MF: 0.4147 trn-loss-GC: -2.7088 trn-auc: 0.8489  acc: 0.8393 val-auc: 0.7065  acc: 0.6897
 66/1000 trn-loss-MF: 0.3543  trn-loss-MF: 0.3212 trn-loss-GC: -2.7035 trn-auc: 0.9068  acc: 0.9069 val-auc: 0.8221  acc: 0.8161
 67/1000 trn-loss-MF: 0.2800  trn-loss-MF: 0.3802 trn-loss-GC: -2.7220 trn-auc: 0.8857  acc: 0.8929 val-auc: 0.7858  acc: 0.7931
 68/1000 trn-loss-MF: 0.3489  trn-loss-MF: 0.5970 trn-loss-GC: -2.6769 trn-auc: 0.7950  acc: 0.7806 val-auc: 0.6630  acc: 0.6437
 69/1000 trn-loss-MF: 0.4466  trn-loss-MF: 0.4020 trn-loss-GC: -2.7952 trn-auc: 0.9195  acc: 0.9209 val-auc: 0.7680  acc: 0.7701
 70/1000 trn-loss-MF: 0.3745  trn-loss-MF: 0.5348 trn-loss-GC: -2.7527 trn-auc: 0.7535  acc: 0.7717 val-auc: 0.6734  acc: 0.6897
 71/1000 trn-loss-MF: 0.4273  trn-loss-MF: 0.4393 trn-loss-GC: -2.7131 trn-auc: 0.8706  acc: 0.8788 val-auc: 0.7139  acc: 0.7241
 72/1000 trn-loss-MF: 0.3745  trn-loss-MF: 0.3666 trn-loss-GC: -2.7122 trn-auc: 0.8722  acc: 0.8648 val-auc: 0.7065  acc: 0.6897
 73/1000 trn-loss-MF: 0.3694  trn-loss-MF: 0.2705 trn-loss-GC: -2.6779 trn-auc: 0.9323  acc: 0.9324 val-auc: 0.8425  acc: 0.8391
 74/1000 trn-loss-MF: 0.2573  trn-loss-MF: 0.4250 trn-loss-GC: -2.6775 trn-auc: 0.8477  acc: 0.8584 val-auc: 0.7492  acc: 0.7586
 75/1000 trn-loss-MF: 0.3934  trn-loss-MF: 0.6564 trn-loss-GC: -2.7495 trn-auc: 0.6337  acc: 0.6059 val-auc: 0.5543  acc: 0.5287
 76/1000 trn-loss-MF: 0.5368  trn-loss-MF: 0.5889 trn-loss-GC: -2.8677 trn-auc: 0.6941  acc: 0.6709 val-auc: 0.5761  acc: 0.5517
 77/1000 trn-loss-MF: 0.4450  trn-loss-MF: 0.6366 trn-loss-GC: -2.9087 trn-auc: 0.5318  acc: 0.5676 val-auc: 0.5366  acc: 0.5632
 78/1000 trn-loss-MF: 0.4679  trn-loss-MF: 0.7370 trn-loss-GC: -2.9260 trn-auc: 0.5014  acc: 0.5395 val-auc: 0.5000  acc: 0.5287
 79/1000 trn-loss-MF: 0.5452  trn-loss-MF: 0.6895 trn-loss-GC: -2.9473 trn-auc: 0.5055  acc: 0.5434 val-auc: 0.5000  acc: 0.5287
 80/1000 trn-loss-MF: 0.5206  trn-loss-MF: 0.5944 trn-loss-GC: -2.9536 trn-auc: 0.8486  acc: 0.8571 val-auc: 0.6556  acc: 0.6667
 81/1000 trn-loss-MF: 0.4726  trn-loss-MF: 0.6178 trn-loss-GC: -2.9599 trn-auc: 0.6386  acc: 0.6110 val-auc: 0.5543  acc: 0.5287
 82/1000 trn-loss-MF: 0.4994  trn-loss-MF: 0.6402 trn-loss-GC: -2.9571 trn-auc: 0.5699  acc: 0.5370 val-auc: 0.5109  acc: 0.4828
 83/1000 trn-loss-MF: 0.5114  trn-loss-MF: 0.5799 trn-loss-GC: -2.9364 trn-auc: 0.7538  acc: 0.7360 val-auc: 0.5978  acc: 0.5747
 84/1000 trn-loss-MF: 0.4565  trn-loss-MF: 0.5589 trn-loss-GC: -2.9084 trn-auc: 0.7415  acc: 0.7602 val-auc: 0.6151  acc: 0.6322
 85/1000 trn-loss-MF: 0.4167  trn-loss-MF: 0.5937 trn-loss-GC: -2.8665 trn-auc: 0.6344  acc: 0.6620 val-auc: 0.5989  acc: 0.6207
 86/1000 trn-loss-MF: 0.4335  trn-loss-MF: 0.4674 trn-loss-GC: -2.8250 trn-auc: 0.9080  acc: 0.9120 val-auc: 0.7519  acc: 0.7586
 87/1000 trn-loss-MF: 0.3605  trn-loss-MF: 0.4284 trn-loss-GC: -2.7590 trn-auc: 0.8634  acc: 0.8546 val-auc: 0.7174  acc: 0.7011
 88/1000 trn-loss-MF: 0.3395  trn-loss-MF: 0.3160 trn-loss-GC: -2.7240 trn-auc: 0.9181  acc: 0.9158 val-auc: 0.8221  acc: 0.8161
 89/1000 trn-loss-MF: 0.2555  trn-loss-MF: 0.4416 trn-loss-GC: -2.7313 trn-auc: 0.8504  acc: 0.8610 val-auc: 0.7248  acc: 0.7356
 90/1000 trn-loss-MF: 0.3926  trn-loss-MF: 0.4362 trn-loss-GC: -2.7885 trn-auc: 0.8825  acc: 0.8750 val-auc: 0.7065  acc: 0.6897
 91/1000 trn-loss-MF: 0.3401  trn-loss-MF: 0.5395 trn-loss-GC: -2.8180 trn-auc: 0.7648  acc: 0.7474 val-auc: 0.5978  acc: 0.5747
 92/1000 trn-loss-MF: 0.4034  trn-loss-MF: 0.4551 trn-loss-GC: -2.8416 trn-auc: 0.9262  acc: 0.9273 val-auc: 0.7654  acc: 0.7701
 93/1000 trn-loss-MF: 0.3588  trn-loss-MF: 0.5453 trn-loss-GC: -2.8198 trn-auc: 0.8064  acc: 0.8202 val-auc: 0.6869  acc: 0.7011
 94/1000 trn-loss-MF: 0.4147  trn-loss-MF: 0.4368 trn-loss-GC: -2.8223 trn-auc: 0.9258  acc: 0.9286 val-auc: 0.7410  acc: 0.7471
 95/1000 trn-loss-MF: 0.3557  trn-loss-MF: 0.4366 trn-loss-GC: -2.8027 trn-auc: 0.8568  acc: 0.8469 val-auc: 0.6739  acc: 0.6552
 96/1000 trn-loss-MF: 0.3528  trn-loss-MF: 0.4113 trn-loss-GC: -2.7630 trn-auc: 0.8977  acc: 0.8916 val-auc: 0.7283  acc: 0.7126
 97/1000 trn-loss-MF: 0.3229  trn-loss-MF: 0.3495 trn-loss-GC: -2.6936 trn-auc: 0.9149  acc: 0.9196 val-auc: 0.7397  acc: 0.7471
 98/1000 trn-loss-MF: 0.2988  trn-loss-MF: 0.2573 trn-loss-GC: -2.6609 trn-auc: 0.9311  acc: 0.9337 val-auc: 0.8494  acc: 0.8506
 99/1000 trn-loss-MF: 0.2202  trn-loss-MF: 0.3902 trn-loss-GC: -2.5878 trn-auc: 0.8718  acc: 0.8635 val-auc: 0.7500  acc: 0.7356
100/1000 trn-loss-MF: 0.3210  trn-loss-MF: 0.4730 trn-loss-GC: -2.6864 trn-auc: 0.7855  acc: 0.8010 val-auc: 0.6734  acc: 0.6897
101/1000 trn-loss-MF: 0.4353  trn-loss-MF: 0.3577 trn-loss-GC: -2.7699 trn-auc: 0.9212  acc: 0.9196 val-auc: 0.7015  acc: 0.7011
102/1000 trn-loss-MF: 0.3232  trn-loss-MF: 0.5759 trn-loss-GC: -2.7977 trn-auc: 0.6967  acc: 0.6735 val-auc: 0.5870  acc: 0.5632
103/1000 trn-loss-MF: 0.4327  trn-loss-MF: 0.4313 trn-loss-GC: -2.8099 trn-auc: 0.9248  acc: 0.9222 val-auc: 0.7556  acc: 0.7471
104/1000 trn-loss-MF: 0.3510  trn-loss-MF: 0.5395 trn-loss-GC: -2.7692 trn-auc: 0.8021  acc: 0.8163 val-auc: 0.6760  acc: 0.6897
105/1000 trn-loss-MF: 0.4167  trn-loss-MF: 0.3927 trn-loss-GC: -2.7936 trn-auc: 0.9266  acc: 0.9298 val-auc: 0.7301  acc: 0.7356
106/1000 trn-loss-MF: 0.3690  trn-loss-MF: 0.4365 trn-loss-GC: -2.7999 trn-auc: 0.8343  acc: 0.8227 val-auc: 0.6196  acc: 0.5977
107/1000 trn-loss-MF: 0.3745  trn-loss-MF: 0.4028 trn-loss-GC: -2.7904 trn-auc: 0.8803  acc: 0.8724 val-auc: 0.6848  acc: 0.6667
108/1000 trn-loss-MF: 0.3426  trn-loss-MF: 0.3515 trn-loss-GC: -2.7881 trn-auc: 0.9205  acc: 0.9247 val-auc: 0.7641  acc: 0.7701
109/1000 trn-loss-MF: 0.3259  trn-loss-MF: 0.3450 trn-loss-GC: -2.7566 trn-auc: 0.9262  acc: 0.9298 val-auc: 0.7641  acc: 0.7701
110/1000 trn-loss-MF: 0.2969  trn-loss-MF: 0.3364 trn-loss-GC: -2.7201 trn-auc: 0.9210  acc: 0.9171 val-auc: 0.8043  acc: 0.7931
111/1000 trn-loss-MF: 0.2907  trn-loss-MF: 0.2693 trn-loss-GC: -2.7096 trn-auc: 0.9384  acc: 0.9362 val-auc: 0.8004  acc: 0.7931
112/1000 trn-loss-MF: 0.2462  trn-loss-MF: 0.2666 trn-loss-GC: -2.6690 trn-auc: 0.9215  acc: 0.9260 val-auc: 0.7749  acc: 0.7816
113/1000 trn-loss-MF: 0.2469  trn-loss-MF: 0.1936 trn-loss-GC: -2.6430 trn-auc: 0.9469  acc: 0.9464 val-auc: 0.8412  acc: 0.8391
114/1000 trn-loss-MF: 0.1857  trn-loss-MF: 0.2002 trn-loss-GC: -2.6253 trn-auc: 0.9404  acc: 0.9388 val-auc: 0.8465  acc: 0.8391
115/1000 trn-loss-MF: 0.1936  trn-loss-MF: 0.3380 trn-loss-GC: -2.6487 trn-auc: 0.8863  acc: 0.8941 val-auc: 0.7723  acc: 0.7816
116/1000 trn-loss-MF: 0.3238  trn-loss-MF: 0.3724 trn-loss-GC: -2.6560 trn-auc: 0.8594  acc: 0.8495 val-auc: 0.6522  acc: 0.6322
117/1000 trn-loss-MF: 0.3230  trn-loss-MF: 0.2388 trn-loss-GC: -2.7162 trn-auc: 0.9463  acc: 0.9452 val-auc: 0.7855  acc: 0.7816
118/1000 trn-loss-MF: 0.2427  trn-loss-MF: 0.3429 trn-loss-GC: -2.7338 trn-auc: 0.8877  acc: 0.8954 val-auc: 0.7383  acc: 0.7471
119/1000 trn-loss-MF: 0.3435  trn-loss-MF: 0.2415 trn-loss-GC: -2.7325 trn-auc: 0.9530  acc: 0.9528 val-auc: 0.7489  acc: 0.7471
120/1000 trn-loss-MF: 0.2462  trn-loss-MF: 0.3519 trn-loss-GC: -2.7043 trn-auc: 0.9027  acc: 0.8967 val-auc: 0.7161  acc: 0.7011
121/1000 trn-loss-MF: 0.3210  trn-loss-MF: 0.2553 trn-loss-GC: -2.7207 trn-auc: 0.9337  acc: 0.9375 val-auc: 0.7871  acc: 0.7931
122/1000 trn-loss-MF: 0.2550  trn-loss-MF: 0.2412 trn-loss-GC: -2.6962 trn-auc: 0.9376  acc: 0.9413 val-auc: 0.7749  acc: 0.7816
123/1000 trn-loss-MF: 0.2403  trn-loss-MF: 0.2830 trn-loss-GC: -2.6818 trn-auc: 0.8876  acc: 0.8801 val-auc: 0.7609  acc: 0.7471
124/1000 trn-loss-MF: 0.2811  trn-loss-MF: 0.2319 trn-loss-GC: -2.6872 trn-auc: 0.9359  acc: 0.9401 val-auc: 0.7749  acc: 0.7816
125/1000 trn-loss-MF: 0.2275  trn-loss-MF: 0.1780 trn-loss-GC: -2.6973 trn-auc: 0.9560  acc: 0.9554 val-auc: 0.8412  acc: 0.8391
126/1000 trn-loss-MF: 0.1799  trn-loss-MF: 0.2150 trn-loss-GC: -2.6787 trn-auc: 0.9510  acc: 0.9490 val-auc: 0.8547  acc: 0.8506
127/1000 trn-loss-MF: 0.1949  trn-loss-MF: 0.1894 trn-loss-GC: -2.6993 trn-auc: 0.9544  acc: 0.9566 val-auc: 0.7762  acc: 0.7816
128/1000 trn-loss-MF: 0.1944  trn-loss-MF: 0.1669 trn-loss-GC: -2.7140 trn-auc: 0.9672  acc: 0.9681 val-auc: 0.8290  acc: 0.8276
129/1000 trn-loss-MF: 0.1805  trn-loss-MF: 0.1727 trn-loss-GC: -2.7218 trn-auc: 0.9591  acc: 0.9579 val-auc: 0.8560  acc: 0.8506
130/1000 trn-loss-MF: 0.1875  trn-loss-MF: 0.1901 trn-loss-GC: -2.7289 trn-auc: 0.9526  acc: 0.9554 val-auc: 0.8128  acc: 0.8161
131/1000 trn-loss-MF: 0.1854  trn-loss-MF: 0.1832 trn-loss-GC: -2.7150 trn-auc: 0.9641  acc: 0.9630 val-auc: 0.8452  acc: 0.8391
132/1000 trn-loss-MF: 0.1820  trn-loss-MF: 0.1634 trn-loss-GC: -2.7136 trn-auc: 0.9680  acc: 0.9681 val-auc: 0.8412  acc: 0.8391
133/1000 trn-loss-MF: 0.1661  trn-loss-MF: 0.1588 trn-loss-GC: -2.7323 trn-auc: 0.9665  acc: 0.9681 val-auc: 0.8250  acc: 0.8276
134/1000 trn-loss-MF: 0.1658  trn-loss-MF: 0.1853 trn-loss-GC: -2.7306 trn-auc: 0.9591  acc: 0.9579 val-auc: 0.8560  acc: 0.8506
135/1000 trn-loss-MF: 0.1986  trn-loss-MF: 0.2232 trn-loss-GC: -2.7220 trn-auc: 0.9455  acc: 0.9490 val-auc: 0.7871  acc: 0.7931
136/1000 trn-loss-MF: 0.2288  trn-loss-MF: 0.3220 trn-loss-GC: -2.7112 trn-auc: 0.9054  acc: 0.8992 val-auc: 0.7174  acc: 0.7011
137/1000 trn-loss-MF: 0.2892  trn-loss-MF: 0.3217 trn-loss-GC: -2.7074 trn-auc: 0.9082  acc: 0.9145 val-auc: 0.7614  acc: 0.7701
138/1000 trn-loss-MF: 0.3021  trn-loss-MF: 0.1643 trn-loss-GC: -2.7320 trn-auc: 0.9682  acc: 0.9681 val-auc: 0.8534  acc: 0.8506
139/1000 trn-loss-MF: 0.1914  trn-loss-MF: 0.2575 trn-loss-GC: -2.7155 trn-auc: 0.9289  acc: 0.9247 val-auc: 0.7935  acc: 0.7816
140/1000 trn-loss-MF: 0.2490  trn-loss-MF: 0.4141 trn-loss-GC: -2.7206 trn-auc: 0.8404  acc: 0.8520 val-auc: 0.7587  acc: 0.7701
141/1000 trn-loss-MF: 0.3903  trn-loss-MF: 0.4043 trn-loss-GC: -2.6731 trn-auc: 0.9005  acc: 0.8941 val-auc: 0.7161  acc: 0.7011
142/1000 trn-loss-MF: 0.2932  trn-loss-MF: 0.3422 trn-loss-GC: -2.7667 trn-auc: 0.8936  acc: 0.8865 val-auc: 0.7161  acc: 0.7011
143/1000 trn-loss-MF: 0.3366  trn-loss-MF: 0.3220 trn-loss-GC: -2.7247 trn-auc: 0.8938  acc: 0.9005 val-auc: 0.7383  acc: 0.7471
144/1000 trn-loss-MF: 0.3153  trn-loss-MF: 0.3347 trn-loss-GC: -2.6965 trn-auc: 0.9013  acc: 0.9082 val-auc: 0.7383  acc: 0.7471
145/1000 trn-loss-MF: 0.3053  trn-loss-MF: 0.2201 trn-loss-GC: -2.7257 trn-auc: 0.9518  acc: 0.9503 val-auc: 0.8248  acc: 0.8161
146/1000 trn-loss-MF: 0.2400  trn-loss-MF: 0.2184 trn-loss-GC: -2.7254 trn-auc: 0.9570  acc: 0.9554 val-auc: 0.8478  acc: 0.8391
147/1000 trn-loss-MF: 0.2297  trn-loss-MF: 0.2671 trn-loss-GC: -2.7163 trn-auc: 0.9276  acc: 0.9324 val-auc: 0.7627  acc: 0.7701
148/1000 trn-loss-MF: 0.2568  trn-loss-MF: 0.2073 trn-loss-GC: -2.7428 trn-auc: 0.9627  acc: 0.9643 val-auc: 0.8237  acc: 0.8276
149/1000 trn-loss-MF: 0.2166  trn-loss-MF: 0.2402 trn-loss-GC: -2.7460 trn-auc: 0.9325  acc: 0.9286 val-auc: 0.8043  acc: 0.7931
time: 15.5399 sec.
tst-auc: 0.8494  acc: 0.8506
attention maps have been saved.
784
Counter({1: 421, 0: 363})
  0/1000 trn-loss-MF: 0.9053  trn-loss-MF: 0.8269 trn-loss-GC: -0.9821 trn-auc: 0.4663  acc: 0.4796 val-auc: 0.4992  acc: 0.5172
  1/1000 trn-loss-MF: 0.8146  trn-loss-MF: 0.7943 trn-loss-GC: -1.0704 trn-auc: 0.4516  acc: 0.4579 val-auc: 0.4372  acc: 0.4483
  2/1000 trn-loss-MF: 0.8107  trn-loss-MF: 0.7608 trn-loss-GC: -1.1737 trn-auc: 0.4737  acc: 0.4694 val-auc: 0.4753  acc: 0.4713
  3/1000 trn-loss-MF: 0.7584  trn-loss-MF: 0.7466 trn-loss-GC: -1.2927 trn-auc: 0.4452  acc: 0.4298 val-auc: 0.4457  acc: 0.4253
  4/1000 trn-loss-MF: 0.7334  trn-loss-MF: 0.7392 trn-loss-GC: -1.4054 trn-auc: 0.4431  acc: 0.4247 val-auc: 0.4582  acc: 0.4368
  5/1000 trn-loss-MF: 0.7098  trn-loss-MF: 0.7441 trn-loss-GC: -1.4975 trn-auc: 0.4478  acc: 0.4273 val-auc: 0.4495  acc: 0.4253
  6/1000 trn-loss-MF: 0.7074  trn-loss-MF: 0.7292 trn-loss-GC: -1.5923 trn-auc: 0.4507  acc: 0.4286 val-auc: 0.4388  acc: 0.4138
  7/1000 trn-loss-MF: 0.7079  trn-loss-MF: 0.7203 trn-loss-GC: -1.6806 trn-auc: 0.4538  acc: 0.4311 val-auc: 0.4388  acc: 0.4138
  8/1000 trn-loss-MF: 0.6931  trn-loss-MF: 0.7145 trn-loss-GC: -1.7636 trn-auc: 0.4634  acc: 0.4401 val-auc: 0.4495  acc: 0.4253
  9/1000 trn-loss-MF: 0.7076  trn-loss-MF: 0.7078 trn-loss-GC: -1.8401 trn-auc: 0.4718  acc: 0.4503 val-auc: 0.4795  acc: 0.4598
 10/1000 trn-loss-MF: 0.6891  trn-loss-MF: 0.7048 trn-loss-GC: -1.9116 trn-auc: 0.4586  acc: 0.4388 val-auc: 0.4545  acc: 0.4368
 11/1000 trn-loss-MF: 0.6942  trn-loss-MF: 0.6998 trn-loss-GC: -1.9812 trn-auc: 0.4575  acc: 0.4426 val-auc: 0.4258  acc: 0.4138
 12/1000 trn-loss-MF: 0.6911  trn-loss-MF: 0.6977 trn-loss-GC: -2.0442 trn-auc: 0.4579  acc: 0.4541 val-auc: 0.4340  acc: 0.4368
 13/1000 trn-loss-MF: 0.6854  trn-loss-MF: 0.6965 trn-loss-GC: -2.1000 trn-auc: 0.4808  acc: 0.4911 val-auc: 0.4992  acc: 0.5172
 14/1000 trn-loss-MF: 0.6903  trn-loss-MF: 0.6963 trn-loss-GC: -2.1437 trn-auc: 0.5009  acc: 0.5319 val-auc: 0.4894  acc: 0.5287
 15/1000 trn-loss-MF: 0.6898  trn-loss-MF: 0.6992 trn-loss-GC: -2.1802 trn-auc: 0.4978  acc: 0.5344 val-auc: 0.4894  acc: 0.5287
 16/1000 trn-loss-MF: 0.6846  trn-loss-MF: 0.6972 trn-loss-GC: -2.2109 trn-auc: 0.4964  acc: 0.5332 val-auc: 0.5000  acc: 0.5402
 17/1000 trn-loss-MF: 0.6853  trn-loss-MF: 0.7002 trn-loss-GC: -2.2424 trn-auc: 0.4976  acc: 0.5344 val-auc: 0.5000  acc: 0.5402
 18/1000 trn-loss-MF: 0.6860  trn-loss-MF: 0.7018 trn-loss-GC: -2.2753 trn-auc: 0.5000  acc: 0.5370 val-auc: 0.5000  acc: 0.5402
 19/1000 trn-loss-MF: 0.6742  trn-loss-MF: 0.7027 trn-loss-GC: -2.3019 trn-auc: 0.5000  acc: 0.5370 val-auc: 0.5000  acc: 0.5402
 20/1000 trn-loss-MF: 0.6730  trn-loss-MF: 0.7039 trn-loss-GC: -2.3271 trn-auc: 0.5000  acc: 0.5370 val-auc: 0.5000  acc: 0.5402
 21/1000 trn-loss-MF: 0.6753  trn-loss-MF: 0.7024 trn-loss-GC: -2.3594 trn-auc: 0.5000  acc: 0.5370 val-auc: 0.5000  acc: 0.5402
 22/1000 trn-loss-MF: 0.6791  trn-loss-MF: 0.6999 trn-loss-GC: -2.3833 trn-auc: 0.5000  acc: 0.5370 val-auc: 0.5000  acc: 0.5402
 23/1000 trn-loss-MF: 0.6630  trn-loss-MF: 0.6968 trn-loss-GC: -2.3867 trn-auc: 0.4988  acc: 0.5357 val-auc: 0.5000  acc: 0.5402
 24/1000 trn-loss-MF: 0.6633  trn-loss-MF: 0.6956 trn-loss-GC: -2.4086 trn-auc: 0.4468  acc: 0.4668 val-auc: 0.4673  acc: 0.4828
 25/1000 trn-loss-MF: 0.6639  trn-loss-MF: 0.6966 trn-loss-GC: -2.4519 trn-auc: 0.4165  acc: 0.4031 val-auc: 0.3920  acc: 0.3793
 26/1000 trn-loss-MF: 0.6590  trn-loss-MF: 0.6972 trn-loss-GC: -2.4862 trn-auc: 0.4281  acc: 0.4082 val-auc: 0.4457  acc: 0.4253
 27/1000 trn-loss-MF: 0.6566  trn-loss-MF: 0.6981 trn-loss-GC: -2.4989 trn-auc: 0.4252  acc: 0.4069 val-auc: 0.4082  acc: 0.3908
 28/1000 trn-loss-MF: 0.6485  trn-loss-MF: 0.7008 trn-loss-GC: -2.5186 trn-auc: 0.3705  acc: 0.3724 val-auc: 0.3646  acc: 0.3678
 29/1000 trn-loss-MF: 0.6436  trn-loss-MF: 0.7009 trn-loss-GC: -2.5288 trn-auc: 0.5000  acc: 0.5370 val-auc: 0.5000  acc: 0.5402
 30/1000 trn-loss-MF: 0.6306  trn-loss-MF: 0.7011 trn-loss-GC: -2.4811 trn-auc: 0.5000  acc: 0.5370 val-auc: 0.5000  acc: 0.5402
 31/1000 trn-loss-MF: 0.6275  trn-loss-MF: 0.7007 trn-loss-GC: -2.5114 trn-auc: 0.5000  acc: 0.5370 val-auc: 0.5000  acc: 0.5402
 32/1000 trn-loss-MF: 0.6194  trn-loss-MF: 0.7010 trn-loss-GC: -2.5645 trn-auc: 0.5000  acc: 0.5370 val-auc: 0.5000  acc: 0.5402
 33/1000 trn-loss-MF: 0.6031  trn-loss-MF: 0.6997 trn-loss-GC: -2.5720 trn-auc: 0.5000  acc: 0.5370 val-auc: 0.5000  acc: 0.5402
 34/1000 trn-loss-MF: 0.5975  trn-loss-MF: 0.6890 trn-loss-GC: -2.6284 trn-auc: 0.7487  acc: 0.7372 val-auc: 0.6785  acc: 0.6667
 35/1000 trn-loss-MF: 0.6068  trn-loss-MF: 0.6938 trn-loss-GC: -2.5939 trn-auc: 0.5014  acc: 0.5383 val-auc: 0.5000  acc: 0.5402
 36/1000 trn-loss-MF: 0.5838  trn-loss-MF: 0.6832 trn-loss-GC: -2.6510 trn-auc: 0.7758  acc: 0.7819 val-auc: 0.6918  acc: 0.7011
 37/1000 trn-loss-MF: 0.5506  trn-loss-MF: 0.6754 trn-loss-GC: -2.6527 trn-auc: 0.7926  acc: 0.7844 val-auc: 0.7316  acc: 0.7241
 38/1000 trn-loss-MF: 0.5288  trn-loss-MF: 0.6845 trn-loss-GC: -2.6140 trn-auc: 0.7047  acc: 0.7232 val-auc: 0.6769  acc: 0.7011
 39/1000 trn-loss-MF: 0.6115  trn-loss-MF: 0.6866 trn-loss-GC: -2.6791 trn-auc: 0.5653  acc: 0.5332 val-auc: 0.5213  acc: 0.4828
 40/1000 trn-loss-MF: 0.5943  trn-loss-MF: 0.6868 trn-loss-GC: -2.7529 trn-auc: 0.5689  acc: 0.5370 val-auc: 0.5213  acc: 0.4828
 41/1000 trn-loss-MF: 0.5934  trn-loss-MF: 0.6775 trn-loss-GC: -2.7952 trn-auc: 0.7763  acc: 0.7653 val-auc: 0.6997  acc: 0.6897
 42/1000 trn-loss-MF: 0.5582  trn-loss-MF: 0.6776 trn-loss-GC: -2.7899 trn-auc: 0.5797  acc: 0.6097 val-auc: 0.5519  acc: 0.5862
 43/1000 trn-loss-MF: 0.5829  trn-loss-MF: 0.6746 trn-loss-GC: -2.7755 trn-auc: 0.5698  acc: 0.6008 val-auc: 0.5625  acc: 0.5977
 44/1000 trn-loss-MF: 0.5527  trn-loss-MF: 0.6650 trn-loss-GC: -2.7659 trn-auc: 0.7582  acc: 0.7423 val-auc: 0.7090  acc: 0.6897
 45/1000 trn-loss-MF: 0.5173  trn-loss-MF: 0.6399 trn-loss-GC: -2.7288 trn-auc: 0.8163  acc: 0.8074 val-auc: 0.7904  acc: 0.7816
 46/1000 trn-loss-MF: 0.4903  trn-loss-MF: 0.6597 trn-loss-GC: -2.6364 trn-auc: 0.6859  acc: 0.7079 val-auc: 0.6394  acc: 0.6667
 47/1000 trn-loss-MF: 0.5732  trn-loss-MF: 0.6353 trn-loss-GC: -2.8100 trn-auc: 0.7838  acc: 0.7704 val-auc: 0.7197  acc: 0.7011
 48/1000 trn-loss-MF: 0.5013  trn-loss-MF: 0.6515 trn-loss-GC: -2.8280 trn-auc: 0.6720  acc: 0.6480 val-auc: 0.6364  acc: 0.6092
 49/1000 trn-loss-MF: 0.5390  trn-loss-MF: 0.6182 trn-loss-GC: -2.8161 trn-auc: 0.8368  acc: 0.8316 val-auc: 0.7848  acc: 0.7816
 50/1000 trn-loss-MF: 0.4816  trn-loss-MF: 0.6169 trn-loss-GC: -2.8047 trn-auc: 0.6621  acc: 0.6862 val-auc: 0.6125  acc: 0.6437
 51/1000 trn-loss-MF: 0.5094  trn-loss-MF: 0.5801 trn-loss-GC: -2.7562 trn-auc: 0.8609  acc: 0.8622 val-auc: 0.7987  acc: 0.8046
 52/1000 trn-loss-MF: 0.4363  trn-loss-MF: 0.6213 trn-loss-GC: -2.6393 trn-auc: 0.7427  acc: 0.7245 val-auc: 0.6684  acc: 0.6437
 53/1000 trn-loss-MF: 0.5062  trn-loss-MF: 0.5764 trn-loss-GC: -2.7196 trn-auc: 0.7954  acc: 0.8074 val-auc: 0.7162  acc: 0.7356
 54/1000 trn-loss-MF: 0.4421  trn-loss-MF: 0.5646 trn-loss-GC: -2.7392 trn-auc: 0.8013  acc: 0.8125 val-auc: 0.7556  acc: 0.7701
 55/1000 trn-loss-MF: 0.4404  trn-loss-MF: 0.5355 trn-loss-GC: -2.7589 trn-auc: 0.8354  acc: 0.8265 val-auc: 0.7941  acc: 0.7816
 56/1000 trn-loss-MF: 0.4292  trn-loss-MF: 0.4901 trn-loss-GC: -2.7171 trn-auc: 0.8708  acc: 0.8673 val-auc: 0.8186  acc: 0.8161
 57/1000 trn-loss-MF: 0.3664  trn-loss-MF: 0.5228 trn-loss-GC: -2.6639 trn-auc: 0.8037  acc: 0.8163 val-auc: 0.7287  acc: 0.7471
 58/1000 trn-loss-MF: 0.4343  trn-loss-MF: 0.5455 trn-loss-GC: -2.7597 trn-auc: 0.7651  acc: 0.7487 val-auc: 0.7215  acc: 0.7011
 59/1000 trn-loss-MF: 0.4655  trn-loss-MF: 0.5249 trn-loss-GC: -2.7952 trn-auc: 0.8465  acc: 0.8380 val-auc: 0.8048  acc: 0.7931
 60/1000 trn-loss-MF: 0.4210  trn-loss-MF: 0.5394 trn-loss-GC: -2.7796 trn-auc: 0.7937  acc: 0.8074 val-auc: 0.7375  acc: 0.7586
 61/1000 trn-loss-MF: 0.4363  trn-loss-MF: 0.4702 trn-loss-GC: -2.7391 trn-auc: 0.8885  acc: 0.8929 val-auc: 0.8056  acc: 0.8161
 62/1000 trn-loss-MF: 0.3747  trn-loss-MF: 0.5458 trn-loss-GC: -2.6489 trn-auc: 0.7651  acc: 0.7487 val-auc: 0.7447  acc: 0.7241
 63/1000 trn-loss-MF: 0.4446  trn-loss-MF: 0.4799 trn-loss-GC: -2.7379 trn-auc: 0.8700  acc: 0.8776 val-auc: 0.7787  acc: 0.7931
 64/1000 trn-loss-MF: 0.3701  trn-loss-MF: 0.4791 trn-loss-GC: -2.7612 trn-auc: 0.8563  acc: 0.8648 val-auc: 0.7537  acc: 0.7701
 65/1000 trn-loss-MF: 0.3846  trn-loss-MF: 0.4517 trn-loss-GC: -2.7396 trn-auc: 0.8613  acc: 0.8533 val-auc: 0.7941  acc: 0.7816
 66/1000 trn-loss-MF: 0.3655  trn-loss-MF: 0.3441 trn-loss-GC: -2.7101 trn-auc: 0.9094  acc: 0.9082 val-auc: 0.8593  acc: 0.8621
 67/1000 trn-loss-MF: 0.2847  trn-loss-MF: 0.4527 trn-loss-GC: -2.7026 trn-auc: 0.8248  acc: 0.8367 val-auc: 0.7500  acc: 0.7701
 68/1000 trn-loss-MF: 0.3958  trn-loss-MF: 0.5231 trn-loss-GC: -2.7898 trn-auc: 0.7675  acc: 0.7513 val-auc: 0.7660  acc: 0.7471
 69/1000 trn-loss-MF: 0.4474  trn-loss-MF: 0.5350 trn-loss-GC: -2.8375 trn-auc: 0.7536  acc: 0.7360 val-auc: 0.7447  acc: 0.7241
 70/1000 trn-loss-MF: 0.4383  trn-loss-MF: 0.5334 trn-loss-GC: -2.8227 trn-auc: 0.8209  acc: 0.8329 val-auc: 0.7375  acc: 0.7586
 71/1000 trn-loss-MF: 0.4069  trn-loss-MF: 0.5861 trn-loss-GC: -2.7851 trn-auc: 0.7501  acc: 0.7679 val-auc: 0.6500  acc: 0.6782
 72/1000 trn-loss-MF: 0.4462  trn-loss-MF: 0.3772 trn-loss-GC: -2.7677 trn-auc: 0.9204  acc: 0.9184 val-auc: 0.8593  acc: 0.8621
 73/1000 trn-loss-MF: 0.3315  trn-loss-MF: 0.4594 trn-loss-GC: -2.6692 trn-auc: 0.8077  acc: 0.7946 val-auc: 0.7747  acc: 0.7586
 74/1000 trn-loss-MF: 0.3866  trn-loss-MF: 0.3691 trn-loss-GC: -2.7224 trn-auc: 0.8652  acc: 0.8737 val-auc: 0.7875  acc: 0.8046
 75/1000 trn-loss-MF: 0.3464  trn-loss-MF: 0.3377 trn-loss-GC: -2.7654 trn-auc: 0.9303  acc: 0.9298 val-auc: 0.8699  acc: 0.8736
 76/1000 trn-loss-MF: 0.2986  trn-loss-MF: 0.3826 trn-loss-GC: -2.7510 trn-auc: 0.8986  acc: 0.8941 val-auc: 0.8774  acc: 0.8736
 77/1000 trn-loss-MF: 0.3300  trn-loss-MF: 0.3398 trn-loss-GC: -2.6610 trn-auc: 0.9127  acc: 0.9171 val-auc: 0.8287  acc: 0.8391
 78/1000 trn-loss-MF: 0.2829  trn-loss-MF: 0.2666 trn-loss-GC: -2.7081 trn-auc: 0.9359  acc: 0.9362 val-auc: 0.8681  acc: 0.8736
 79/1000 trn-loss-MF: 0.2420  trn-loss-MF: 0.2877 trn-loss-GC: -2.7029 trn-auc: 0.9108  acc: 0.9069 val-auc: 0.8668  acc: 0.8621
 80/1000 trn-loss-MF: 0.2629  trn-loss-MF: 0.3023 trn-loss-GC: -2.7015 trn-auc: 0.9106  acc: 0.9158 val-auc: 0.8125  acc: 0.8276
 81/1000 trn-loss-MF: 0.2942  trn-loss-MF: 0.2798 trn-loss-GC: -2.7010 trn-auc: 0.9213  acc: 0.9184 val-auc: 0.8987  acc: 0.8966
 82/1000 trn-loss-MF: 0.2594  trn-loss-MF: 0.2547 trn-loss-GC: -2.6890 trn-auc: 0.9308  acc: 0.9286 val-auc: 0.8987  acc: 0.8966
 83/1000 trn-loss-MF: 0.2337  trn-loss-MF: 0.3105 trn-loss-GC: -2.7123 trn-auc: 0.8976  acc: 0.9043 val-auc: 0.8000  acc: 0.8161
 84/1000 trn-loss-MF: 0.2823  trn-loss-MF: 0.5427 trn-loss-GC: -2.7137 trn-auc: 0.7948  acc: 0.7806 val-auc: 0.7660  acc: 0.7471
 85/1000 trn-loss-MF: 0.4547  trn-loss-MF: 0.3909 trn-loss-GC: -2.7874 trn-auc: 0.9332  acc: 0.9362 val-auc: 0.8500  acc: 0.8621
 86/1000 trn-loss-MF: 0.3266  trn-loss-MF: 0.6274 trn-loss-GC: -2.7505 trn-auc: 0.7196  acc: 0.7398 val-auc: 0.6375  acc: 0.6667
 87/1000 trn-loss-MF: 0.4332  trn-loss-MF: 0.3389 trn-loss-GC: -2.7828 trn-auc: 0.9438  acc: 0.9452 val-auc: 0.8644  acc: 0.8736
 88/1000 trn-loss-MF: 0.3339  trn-loss-MF: 0.4155 trn-loss-GC: -2.7284 trn-auc: 0.8183  acc: 0.8061 val-auc: 0.7979  acc: 0.7816
 89/1000 trn-loss-MF: 0.3615  trn-loss-MF: 0.2510 trn-loss-GC: -2.7091 trn-auc: 0.9251  acc: 0.9222 val-auc: 0.8880  acc: 0.8851
 90/1000 trn-loss-MF: 0.2363  trn-loss-MF: 0.3806 trn-loss-GC: -2.7478 trn-auc: 0.8618  acc: 0.8712 val-auc: 0.7875  acc: 0.8046
 91/1000 trn-loss-MF: 0.3894  trn-loss-MF: 0.4478 trn-loss-GC: -2.8077 trn-auc: 0.8482  acc: 0.8380 val-auc: 0.7979  acc: 0.7816
 92/1000 trn-loss-MF: 0.3555  trn-loss-MF: 0.6087 trn-loss-GC: -2.8425 trn-auc: 0.6813  acc: 0.6582 val-auc: 0.6809  acc: 0.6552
 93/1000 trn-loss-MF: 0.4436  trn-loss-MF: 0.4717 trn-loss-GC: -2.8756 trn-auc: 0.9363  acc: 0.9362 val-auc: 0.8644  acc: 0.8736
 94/1000 trn-loss-MF: 0.3828  trn-loss-MF: 0.5750 trn-loss-GC: -2.8505 trn-auc: 0.6828  acc: 0.7054 val-auc: 0.6375  acc: 0.6667
 95/1000 trn-loss-MF: 0.4257  trn-loss-MF: 0.4851 trn-loss-GC: -2.8232 trn-auc: 0.8388  acc: 0.8495 val-auc: 0.7625  acc: 0.7816
 96/1000 trn-loss-MF: 0.3992  trn-loss-MF: 0.3380 trn-loss-GC: -2.8039 trn-auc: 0.9320  acc: 0.9298 val-auc: 0.8843  acc: 0.8851
 97/1000 trn-loss-MF: 0.3318  trn-loss-MF: 0.3481 trn-loss-GC: -2.7699 trn-auc: 0.8963  acc: 0.8903 val-auc: 0.8473  acc: 0.8391
 98/1000 trn-loss-MF: 0.3340  trn-loss-MF: 0.2550 trn-loss-GC: -2.7093 trn-auc: 0.9407  acc: 0.9426 val-auc: 0.8769  acc: 0.8851
 99/1000 trn-loss-MF: 0.2328  trn-loss-MF: 0.2815 trn-loss-GC: -2.6830 trn-auc: 0.9161  acc: 0.9209 val-auc: 0.8250  acc: 0.8391
100/1000 trn-loss-MF: 0.2547  trn-loss-MF: 0.3533 trn-loss-GC: -2.7332 trn-auc: 0.8821  acc: 0.8750 val-auc: 0.8492  acc: 0.8391
101/1000 trn-loss-MF: 0.3091  trn-loss-MF: 0.3139 trn-loss-GC: -2.7532 trn-auc: 0.9265  acc: 0.9235 val-auc: 0.8987  acc: 0.8966
102/1000 trn-loss-MF: 0.2831  trn-loss-MF: 0.3604 trn-loss-GC: -2.7322 trn-auc: 0.9132  acc: 0.9184 val-auc: 0.8250  acc: 0.8391
103/1000 trn-loss-MF: 0.3083  trn-loss-MF: 0.2930 trn-loss-GC: -2.7214 trn-auc: 0.9568  acc: 0.9579 val-auc: 0.8894  acc: 0.8966
104/1000 trn-loss-MF: 0.2611  trn-loss-MF: 0.3358 trn-loss-GC: -2.6933 trn-auc: 0.8963  acc: 0.8903 val-auc: 0.8367  acc: 0.8276
105/1000 trn-loss-MF: 0.2738  trn-loss-MF: 0.2159 trn-loss-GC: -2.6791 trn-auc: 0.9479  acc: 0.9477 val-auc: 0.8824  acc: 0.8851
106/1000 trn-loss-MF: 0.1998  trn-loss-MF: 0.2584 trn-loss-GC: -2.6724 trn-auc: 0.9240  acc: 0.9286 val-auc: 0.8000  acc: 0.8161
107/1000 trn-loss-MF: 0.2545  trn-loss-MF: 0.2983 trn-loss-GC: -2.6814 trn-auc: 0.8952  acc: 0.8890 val-auc: 0.8367  acc: 0.8276
108/1000 trn-loss-MF: 0.2681  trn-loss-MF: 0.2167 trn-loss-GC: -2.7030 trn-auc: 0.9560  acc: 0.9566 val-auc: 0.8662  acc: 0.8736
109/1000 trn-loss-MF: 0.2145  trn-loss-MF: 0.2498 trn-loss-GC: -2.6977 trn-auc: 0.9383  acc: 0.9413 val-auc: 0.8500  acc: 0.8621
110/1000 trn-loss-MF: 0.2534  trn-loss-MF: 0.2225 trn-loss-GC: -2.6950 trn-auc: 0.9447  acc: 0.9426 val-auc: 0.8718  acc: 0.8736
111/1000 trn-loss-MF: 0.2175  trn-loss-MF: 0.1892 trn-loss-GC: -2.6792 trn-auc: 0.9508  acc: 0.9503 val-auc: 0.9037  acc: 0.9080
112/1000 trn-loss-MF: 0.1844  trn-loss-MF: 0.2245 trn-loss-GC: -2.6716 trn-auc: 0.9392  acc: 0.9426 val-auc: 0.8500  acc: 0.8621
113/1000 trn-loss-MF: 0.2272  trn-loss-MF: 0.3017 trn-loss-GC: -2.6719 trn-auc: 0.9072  acc: 0.9018 val-auc: 0.8598  acc: 0.8506
114/1000 trn-loss-MF: 0.2670  trn-loss-MF: 0.2272 trn-loss-GC: -2.6902 trn-auc: 0.9516  acc: 0.9541 val-auc: 0.8625  acc: 0.8736
115/1000 trn-loss-MF: 0.2256  trn-loss-MF: 0.2003 trn-loss-GC: -2.7120 trn-auc: 0.9600  acc: 0.9605 val-auc: 0.8769  acc: 0.8851
116/1000 trn-loss-MF: 0.2003  trn-loss-MF: 0.2342 trn-loss-GC: -2.7162 trn-auc: 0.9377  acc: 0.9349 val-auc: 0.9199  acc: 0.9195
117/1000 trn-loss-MF: 0.2317  trn-loss-MF: 0.1863 trn-loss-GC: -2.7173 trn-auc: 0.9519  acc: 0.9541 val-auc: 0.8500  acc: 0.8621
118/1000 trn-loss-MF: 0.1842  trn-loss-MF: 0.1683 trn-loss-GC: -2.7106 trn-auc: 0.9588  acc: 0.9592 val-auc: 0.8787  acc: 0.8851
119/1000 trn-loss-MF: 0.1701  trn-loss-MF: 0.2094 trn-loss-GC: -2.6763 trn-auc: 0.9502  acc: 0.9490 val-auc: 0.9412  acc: 0.9425
120/1000 trn-loss-MF: 0.1952  trn-loss-MF: 0.1926 trn-loss-GC: -2.7096 trn-auc: 0.9559  acc: 0.9579 val-auc: 0.8500  acc: 0.8621
121/1000 trn-loss-MF: 0.1942  trn-loss-MF: 0.1544 trn-loss-GC: -2.7163 trn-auc: 0.9667  acc: 0.9668 val-auc: 0.9162  acc: 0.9195
122/1000 trn-loss-MF: 0.1571  trn-loss-MF: 0.1541 trn-loss-GC: -2.7222 trn-auc: 0.9639  acc: 0.9643 val-auc: 0.9287  acc: 0.9310
123/1000 trn-loss-MF: 0.1521  trn-loss-MF: 0.1823 trn-loss-GC: -2.7131 trn-auc: 0.9557  acc: 0.9579 val-auc: 0.8269  acc: 0.8391
124/1000 trn-loss-MF: 0.1711  trn-loss-MF: 0.1902 trn-loss-GC: -2.7186 trn-auc: 0.9496  acc: 0.9477 val-auc: 0.9324  acc: 0.9310
125/1000 trn-loss-MF: 0.1946  trn-loss-MF: 0.1852 trn-loss-GC: -2.7265 trn-auc: 0.9571  acc: 0.9592 val-auc: 0.8394  acc: 0.8506
126/1000 trn-loss-MF: 0.1860  trn-loss-MF: 0.1699 trn-loss-GC: -2.7380 trn-auc: 0.9601  acc: 0.9592 val-auc: 0.9412  acc: 0.9425
127/1000 trn-loss-MF: 0.1655  trn-loss-MF: 0.1433 trn-loss-GC: -2.7560 trn-auc: 0.9641  acc: 0.9656 val-auc: 0.8662  acc: 0.8736
128/1000 trn-loss-MF: 0.1445  trn-loss-MF: 0.1390 trn-loss-GC: -2.7531 trn-auc: 0.9714  acc: 0.9719 val-auc: 0.9162  acc: 0.9195
129/1000 trn-loss-MF: 0.1398  trn-loss-MF: 0.1358 trn-loss-GC: -2.7539 trn-auc: 0.9700  acc: 0.9707 val-auc: 0.9287  acc: 0.9310
130/1000 trn-loss-MF: 0.1377  trn-loss-MF: 0.1444 trn-loss-GC: -2.7448 trn-auc: 0.9695  acc: 0.9707 val-auc: 0.8412  acc: 0.8506
131/1000 trn-loss-MF: 0.1378  trn-loss-MF: 0.1372 trn-loss-GC: -2.7502 trn-auc: 0.9745  acc: 0.9745 val-auc: 0.9412  acc: 0.9425
132/1000 trn-loss-MF: 0.1393  trn-loss-MF: 0.1393 trn-loss-GC: -2.7431 trn-auc: 0.9732  acc: 0.9745 val-auc: 0.8519  acc: 0.8621
133/1000 trn-loss-MF: 0.1454  trn-loss-MF: 0.2372 trn-loss-GC: -2.7316 trn-auc: 0.9429  acc: 0.9401 val-auc: 0.9449  acc: 0.9425
134/1000 trn-loss-MF: 0.2077  trn-loss-MF: 0.7715 trn-loss-GC: -2.6515 trn-auc: 0.7249  acc: 0.7449 val-auc: 0.6519  acc: 0.6782
135/1000 trn-loss-MF: 0.5771  trn-loss-MF: 0.6155 trn-loss-GC: -2.7446 trn-auc: 0.6817  acc: 0.6582 val-auc: 0.7128  acc: 0.6897
136/1000 trn-loss-MF: 0.4776  trn-loss-MF: 0.5557 trn-loss-GC: -2.7983 trn-auc: 0.7302  acc: 0.7105 val-auc: 0.7553  acc: 0.7356
137/1000 trn-loss-MF: 0.4724  trn-loss-MF: 0.5058 trn-loss-GC: -2.8406 trn-auc: 0.7646  acc: 0.7806 val-auc: 0.7037  acc: 0.7241
138/1000 trn-loss-MF: 0.4544  trn-loss-MF: 0.6530 trn-loss-GC: -2.9501 trn-auc: 0.5262  acc: 0.5612 val-auc: 0.5375  acc: 0.5747
139/1000 trn-loss-MF: 0.5411  trn-loss-MF: 0.6597 trn-loss-GC: -3.0048 trn-auc: 0.5000  acc: 0.5370 val-auc: 0.5000  acc: 0.5402
140/1000 trn-loss-MF: 0.4969  trn-loss-MF: 0.6567 trn-loss-GC: -3.0030 trn-auc: 0.8201  acc: 0.8074 val-auc: 0.8279  acc: 0.8161
141/1000 trn-loss-MF: 0.4589  trn-loss-MF: 0.6890 trn-loss-GC: -2.9667 trn-auc: 0.5000  acc: 0.4630 val-auc: 0.5000  acc: 0.4598
142/1000 trn-loss-MF: 0.4821  trn-loss-MF: 0.6671 trn-loss-GC: -2.9545 trn-auc: 0.5214  acc: 0.4860 val-auc: 0.5106  acc: 0.4713
143/1000 trn-loss-MF: 0.4630  trn-loss-MF: 0.5537 trn-loss-GC: -2.9422 trn-auc: 0.9471  acc: 0.9464 val-auc: 0.9162  acc: 0.9195
144/1000 trn-loss-MF: 0.3959  trn-loss-MF: 0.5138 trn-loss-GC: -2.8989 trn-auc: 0.8479  acc: 0.8584 val-auc: 0.7519  acc: 0.7701
145/1000 trn-loss-MF: 0.3716  trn-loss-MF: 0.4608 trn-loss-GC: -2.8440 trn-auc: 0.8703  acc: 0.8788 val-auc: 0.7644  acc: 0.7816
146/1000 trn-loss-MF: 0.3506  trn-loss-MF: 0.3398 trn-loss-GC: -2.8052 trn-auc: 0.9501  acc: 0.9503 val-auc: 0.8787  acc: 0.8851
147/1000 trn-loss-MF: 0.2806  trn-loss-MF: 0.3235 trn-loss-GC: -2.7849 trn-auc: 0.9257  acc: 0.9222 val-auc: 0.9237  acc: 0.9195
148/1000 trn-loss-MF: 0.2780  trn-loss-MF: 0.2860 trn-loss-GC: -2.7605 trn-auc: 0.9509  acc: 0.9528 val-auc: 0.8644  acc: 0.8736
149/1000 trn-loss-MF: 0.2290  trn-loss-MF: 0.3016 trn-loss-GC: -2.7573 trn-auc: 0.9356  acc: 0.9388 val-auc: 0.8644  acc: 0.8736
150/1000 trn-loss-MF: 0.2430  trn-loss-MF: 0.3035 trn-loss-GC: -2.7543 trn-auc: 0.9296  acc: 0.9260 val-auc: 0.9324  acc: 0.9310
151/1000 trn-loss-MF: 0.2341  trn-loss-MF: 0.2770 trn-loss-GC: -2.7321 trn-auc: 0.9450  acc: 0.9426 val-auc: 0.9199  acc: 0.9195
152/1000 trn-loss-MF: 0.2117  trn-loss-MF: 0.2499 trn-loss-GC: -2.7101 trn-auc: 0.9586  acc: 0.9605 val-auc: 0.8894  acc: 0.8966
153/1000 trn-loss-MF: 0.2253  trn-loss-MF: 0.2283 trn-loss-GC: -2.6766 trn-auc: 0.9534  acc: 0.9515 val-auc: 0.9093  acc: 0.9080
154/1000 trn-loss-MF: 0.1813  trn-loss-MF: 0.2164 trn-loss-GC: -2.6550 trn-auc: 0.9498  acc: 0.9477 val-auc: 0.9199  acc: 0.9195
155/1000 trn-loss-MF: 0.1619  trn-loss-MF: 0.1851 trn-loss-GC: -2.6421 trn-auc: 0.9639  acc: 0.9656 val-auc: 0.8662  acc: 0.8736
156/1000 trn-loss-MF: 0.1758  trn-loss-MF: 0.2329 trn-loss-GC: -2.6580 trn-auc: 0.9379  acc: 0.9349 val-auc: 0.9218  acc: 0.9195
157/1000 trn-loss-MF: 0.1903  trn-loss-MF: 0.1822 trn-loss-GC: -2.6611 trn-auc: 0.9624  acc: 0.9643 val-auc: 0.8394  acc: 0.8506
158/1000 trn-loss-MF: 0.1767  trn-loss-MF: 0.1592 trn-loss-GC: -2.6711 trn-auc: 0.9696  acc: 0.9694 val-auc: 0.9162  acc: 0.9195
159/1000 trn-loss-MF: 0.1521  trn-loss-MF: 0.1541 trn-loss-GC: -2.6825 trn-auc: 0.9635  acc: 0.9630 val-auc: 0.9537  acc: 0.9540
160/1000 trn-loss-MF: 0.1460  trn-loss-MF: 0.1536 trn-loss-GC: -2.7007 trn-auc: 0.9636  acc: 0.9656 val-auc: 0.8537  acc: 0.8621
161/1000 trn-loss-MF: 0.1429  trn-loss-MF: 0.1518 trn-loss-GC: -2.7114 trn-auc: 0.9589  acc: 0.9579 val-auc: 0.9431  acc: 0.9425
162/1000 trn-loss-MF: 0.1581  trn-loss-MF: 0.1558 trn-loss-GC: -2.7214 trn-auc: 0.9691  acc: 0.9707 val-auc: 0.8412  acc: 0.8506
163/1000 trn-loss-MF: 0.1491  trn-loss-MF: 0.1657 trn-loss-GC: -2.7206 trn-auc: 0.9619  acc: 0.9605 val-auc: 0.9431  acc: 0.9425
164/1000 trn-loss-MF: 0.1634  trn-loss-MF: 0.1850 trn-loss-GC: -2.7355 trn-auc: 0.9567  acc: 0.9592 val-auc: 0.8144  acc: 0.8276
165/1000 trn-loss-MF: 0.2039  trn-loss-MF: 0.2911 trn-loss-GC: -2.7356 trn-auc: 0.9088  acc: 0.9031 val-auc: 0.9043  acc: 0.8966
166/1000 trn-loss-MF: 0.2750  trn-loss-MF: 0.5577 trn-loss-GC: -2.6889 trn-auc: 0.8008  acc: 0.8151 val-auc: 0.7644  acc: 0.7816
167/1000 trn-loss-MF: 0.4690  trn-loss-MF: 0.3817 trn-loss-GC: -2.7394 trn-auc: 0.8712  acc: 0.8622 val-auc: 0.8705  acc: 0.8621
168/1000 trn-loss-MF: 0.3000  trn-loss-MF: 0.4127 trn-loss-GC: -2.7813 trn-auc: 0.8650  acc: 0.8559 val-auc: 0.8686  acc: 0.8621
169/1000 trn-loss-MF: 0.3469  trn-loss-MF: 0.2975 trn-loss-GC: -2.8075 trn-auc: 0.9425  acc: 0.9452 val-auc: 0.8394  acc: 0.8506
170/1000 trn-loss-MF: 0.2984  trn-loss-MF: 0.3706 trn-loss-GC: -2.8069 trn-auc: 0.8618  acc: 0.8712 val-auc: 0.7769  acc: 0.7931
171/1000 trn-loss-MF: 0.3465  trn-loss-MF: 0.2368 trn-loss-GC: -2.8138 trn-auc: 0.9623  acc: 0.9630 val-auc: 0.8912  acc: 0.8966
172/1000 trn-loss-MF: 0.2392  trn-loss-MF: 0.3153 trn-loss-GC: -2.8209 trn-auc: 0.9078  acc: 0.9018 val-auc: 0.9043  acc: 0.8966
173/1000 trn-loss-MF: 0.3065  trn-loss-MF: 0.2531 trn-loss-GC: -2.8215 trn-auc: 0.9557  acc: 0.9579 val-auc: 0.8644  acc: 0.8736
174/1000 trn-loss-MF: 0.2211  trn-loss-MF: 0.4352 trn-loss-GC: -2.7457 trn-auc: 0.9126  acc: 0.9184 val-auc: 0.7894  acc: 0.8046
175/1000 trn-loss-MF: 0.3019  trn-loss-MF: 0.2427 trn-loss-GC: -2.8375 trn-auc: 0.9655  acc: 0.9656 val-auc: 0.9287  acc: 0.9310
176/1000 trn-loss-MF: 0.2273  trn-loss-MF: 0.3089 trn-loss-GC: -2.8093 trn-auc: 0.9232  acc: 0.9184 val-auc: 0.9255  acc: 0.9195
177/1000 trn-loss-MF: 0.2779  trn-loss-MF: 0.1969 trn-loss-GC: -2.8126 trn-auc: 0.9633  acc: 0.9643 val-auc: 0.9037  acc: 0.9080
178/1000 trn-loss-MF: 0.1909  trn-loss-MF: 0.2315 trn-loss-GC: -2.7950 trn-auc: 0.9500  acc: 0.9528 val-auc: 0.8394  acc: 0.8506
179/1000 trn-loss-MF: 0.2373  trn-loss-MF: 0.1913 trn-loss-GC: -2.7843 trn-auc: 0.9609  acc: 0.9605 val-auc: 0.9537  acc: 0.9540
180/1000 trn-loss-MF: 0.1855  trn-loss-MF: 0.2381 trn-loss-GC: -2.7713 trn-auc: 0.9322  acc: 0.9286 val-auc: 0.9468  acc: 0.9425
181/1000 trn-loss-MF: 0.2235  trn-loss-MF: 0.1753 trn-loss-GC: -2.7810 trn-auc: 0.9655  acc: 0.9668 val-auc: 0.8787  acc: 0.8851
182/1000 trn-loss-MF: 0.1749  trn-loss-MF: 0.1948 trn-loss-GC: -2.7813 trn-auc: 0.9582  acc: 0.9605 val-auc: 0.8519  acc: 0.8621
183/1000 trn-loss-MF: 0.1835  trn-loss-MF: 0.1668 trn-loss-GC: -2.7829 trn-auc: 0.9540  acc: 0.9528 val-auc: 0.9556  acc: 0.9540
184/1000 trn-loss-MF: 0.1676  trn-loss-MF: 0.1604 trn-loss-GC: -2.7716 trn-auc: 0.9625  acc: 0.9617 val-auc: 0.9412  acc: 0.9425
185/1000 trn-loss-MF: 0.1588  trn-loss-MF: 0.1602 trn-loss-GC: -2.7777 trn-auc: 0.9693  acc: 0.9707 val-auc: 0.8537  acc: 0.8621
186/1000 trn-loss-MF: 0.1651  trn-loss-MF: 0.1357 trn-loss-GC: -2.7870 trn-auc: 0.9673  acc: 0.9681 val-auc: 0.9162  acc: 0.9195
187/1000 trn-loss-MF: 0.1377  trn-loss-MF: 0.1736 trn-loss-GC: -2.7806 trn-auc: 0.9520  acc: 0.9503 val-auc: 0.9431  acc: 0.9425
188/1000 trn-loss-MF: 0.1547  trn-loss-MF: 0.1624 trn-loss-GC: -2.7779 trn-auc: 0.9663  acc: 0.9681 val-auc: 0.8287  acc: 0.8391
189/1000 trn-loss-MF: 0.1738  trn-loss-MF: 0.1299 trn-loss-GC: -2.7687 trn-auc: 0.9753  acc: 0.9758 val-auc: 0.9412  acc: 0.9425
190/1000 trn-loss-MF: 0.1298  trn-loss-MF: 0.1996 trn-loss-GC: -2.7520 trn-auc: 0.9492  acc: 0.9464 val-auc: 0.9431  acc: 0.9425
191/1000 trn-loss-MF: 0.1720  trn-loss-MF: 0.1671 trn-loss-GC: -2.7803 trn-auc: 0.9553  acc: 0.9579 val-auc: 0.8144  acc: 0.8276
192/1000 trn-loss-MF: 0.1684  trn-loss-MF: 0.1276 trn-loss-GC: -2.7803 trn-auc: 0.9742  acc: 0.9745 val-auc: 0.9537  acc: 0.9540
193/1000 trn-loss-MF: 0.1236  trn-loss-MF: 0.1262 trn-loss-GC: -2.7896 trn-auc: 0.9797  acc: 0.9796 val-auc: 0.9537  acc: 0.9540
194/1000 trn-loss-MF: 0.1282  trn-loss-MF: 0.1591 trn-loss-GC: -2.7760 trn-auc: 0.9677  acc: 0.9694 val-auc: 0.8394  acc: 0.8506
195/1000 trn-loss-MF: 0.1680  trn-loss-MF: 0.1334 trn-loss-GC: -2.7682 trn-auc: 0.9820  acc: 0.9821 val-auc: 0.9412  acc: 0.9425
196/1000 trn-loss-MF: 0.1425  trn-loss-MF: 0.1246 trn-loss-GC: -2.8066 trn-auc: 0.9795  acc: 0.9796 val-auc: 0.9537  acc: 0.9540
197/1000 trn-loss-MF: 0.1257  trn-loss-MF: 0.1647 trn-loss-GC: -2.7988 trn-auc: 0.9624  acc: 0.9643 val-auc: 0.8519  acc: 0.8621
198/1000 trn-loss-MF: 0.1585  trn-loss-MF: 0.1399 trn-loss-GC: -2.7925 trn-auc: 0.9799  acc: 0.9796 val-auc: 0.9412  acc: 0.9425
199/1000 trn-loss-MF: 0.1534  trn-loss-MF: 0.1221 trn-loss-GC: -2.8096 trn-auc: 0.9820  acc: 0.9821 val-auc: 0.9537  acc: 0.9540
200/1000 trn-loss-MF: 0.1261  trn-loss-MF: 0.1433 trn-loss-GC: -2.8120 trn-auc: 0.9734  acc: 0.9745 val-auc: 0.8644  acc: 0.8736
201/1000 trn-loss-MF: 0.1467  trn-loss-MF: 0.1295 trn-loss-GC: -2.8000 trn-auc: 0.9848  acc: 0.9847 val-auc: 0.9287  acc: 0.9310
202/1000 trn-loss-MF: 0.1350  trn-loss-MF: 0.1191 trn-loss-GC: -2.8376 trn-auc: 0.9791  acc: 0.9796 val-auc: 0.9287  acc: 0.9310
203/1000 trn-loss-MF: 0.1190  trn-loss-MF: 0.1295 trn-loss-GC: -2.8307 trn-auc: 0.9762  acc: 0.9770 val-auc: 0.9037  acc: 0.9080
204/1000 trn-loss-MF: 0.1265  trn-loss-MF: 0.1240 trn-loss-GC: -2.8321 trn-auc: 0.9819  acc: 0.9821 val-auc: 0.9287  acc: 0.9310
205/1000 trn-loss-MF: 0.1258  trn-loss-MF: 0.1127 trn-loss-GC: -2.8553 trn-auc: 0.9819  acc: 0.9821 val-auc: 0.9412  acc: 0.9425
206/1000 trn-loss-MF: 0.1104  trn-loss-MF: 0.1275 trn-loss-GC: -2.8385 trn-auc: 0.9762  acc: 0.9770 val-auc: 0.9037  acc: 0.9080
207/1000 trn-loss-MF: 0.1312  trn-loss-MF: 0.1150 trn-loss-GC: -2.8244 trn-auc: 0.9848  acc: 0.9847 val-auc: 0.9287  acc: 0.9310
208/1000 trn-loss-MF: 0.1183  trn-loss-MF: 0.1062 trn-loss-GC: -2.8687 trn-auc: 0.9789  acc: 0.9796 val-auc: 0.9162  acc: 0.9195
209/1000 trn-loss-MF: 0.1053  trn-loss-MF: 0.1049 trn-loss-GC: -2.8324 trn-auc: 0.9860  acc: 0.9860 val-auc: 0.9287  acc: 0.9310
210/1000 trn-loss-MF: 0.1158  trn-loss-MF: 0.1062 trn-loss-GC: -2.8662 trn-auc: 0.9842  acc: 0.9847 val-auc: 0.9162  acc: 0.9195
time: 22.9965 sec.
tst-auc: 0.9537  acc: 0.9540
attention maps have been saved.
784
Counter({1: 421, 0: 363})
  0/1000 trn-loss-MF: 0.9851  trn-loss-MF: 0.7582 trn-loss-GC: -0.9002 trn-auc: 0.5570  acc: 0.5638 val-auc: 0.6029  acc: 0.6092
  1/1000 trn-loss-MF: 0.8289  trn-loss-MF: 0.7299 trn-loss-GC: -0.9321 trn-auc: 0.5577  acc: 0.5625 val-auc: 0.5497  acc: 0.5517
  2/1000 trn-loss-MF: 0.7448  trn-loss-MF: 0.7105 trn-loss-GC: -1.0053 trn-auc: 0.5698  acc: 0.5702 val-auc: 0.5997  acc: 0.5977
  3/1000 trn-loss-MF: 0.7582  trn-loss-MF: 0.7059 trn-loss-GC: -1.0907 trn-auc: 0.5572  acc: 0.5548 val-auc: 0.5572  acc: 0.5517
  4/1000 trn-loss-MF: 0.7184  trn-loss-MF: 0.6915 trn-loss-GC: -1.1801 trn-auc: 0.5440  acc: 0.5408 val-auc: 0.5678  acc: 0.5632
  5/1000 trn-loss-MF: 0.7102  trn-loss-MF: 0.6983 trn-loss-GC: -1.2773 trn-auc: 0.5521  acc: 0.5485 val-auc: 0.5803  acc: 0.5747
  6/1000 trn-loss-MF: 0.7109  trn-loss-MF: 0.6834 trn-loss-GC: -1.4056 trn-auc: 0.5509  acc: 0.5472 val-auc: 0.5678  acc: 0.5632
  7/1000 trn-loss-MF: 0.6934  trn-loss-MF: 0.6883 trn-loss-GC: -1.5382 trn-auc: 0.5567  acc: 0.5510 val-auc: 0.5697  acc: 0.5632
  8/1000 trn-loss-MF: 0.7012  trn-loss-MF: 0.6860 trn-loss-GC: -1.6801 trn-auc: 0.5577  acc: 0.5510 val-auc: 0.5715  acc: 0.5632
  9/1000 trn-loss-MF: 0.6938  trn-loss-MF: 0.6856 trn-loss-GC: -1.8085 trn-auc: 0.5490  acc: 0.5421 val-auc: 0.5572  acc: 0.5517
 10/1000 trn-loss-MF: 0.7055  trn-loss-MF: 0.6871 trn-loss-GC: -1.9278 trn-auc: 0.5510  acc: 0.5459 val-auc: 0.5572  acc: 0.5517
 11/1000 trn-loss-MF: 0.6873  trn-loss-MF: 0.6880 trn-loss-GC: -2.0394 trn-auc: 0.5300  acc: 0.5268 val-auc: 0.5572  acc: 0.5517
 12/1000 trn-loss-MF: 0.6909  trn-loss-MF: 0.6920 trn-loss-GC: -2.1343 trn-auc: 0.5265  acc: 0.5242 val-auc: 0.5428  acc: 0.5402
 13/1000 trn-loss-MF: 0.6836  trn-loss-MF: 0.6914 trn-loss-GC: -2.2077 trn-auc: 0.5324  acc: 0.5306 val-auc: 0.5359  acc: 0.5287
 14/1000 trn-loss-MF: 0.6868  trn-loss-MF: 0.6923 trn-loss-GC: -2.2629 trn-auc: 0.5311  acc: 0.5306 val-auc: 0.5447  acc: 0.5402
 15/1000 trn-loss-MF: 0.6876  trn-loss-MF: 0.6914 trn-loss-GC: -2.2960 trn-auc: 0.5428  acc: 0.5395 val-auc: 0.5697  acc: 0.5632
 16/1000 trn-loss-MF: 0.6802  trn-loss-MF: 0.6917 trn-loss-GC: -2.3129 trn-auc: 0.5337  acc: 0.5255 val-auc: 0.5503  acc: 0.5402
 17/1000 trn-loss-MF: 0.6781  trn-loss-MF: 0.6920 trn-loss-GC: -2.3157 trn-auc: 0.5435  acc: 0.5281 val-auc: 0.5415  acc: 0.5287
 18/1000 trn-loss-MF: 0.6813  trn-loss-MF: 0.6914 trn-loss-GC: -2.3149 trn-auc: 0.5403  acc: 0.5179 val-auc: 0.5332  acc: 0.5057
 19/1000 trn-loss-MF: 0.6718  trn-loss-MF: 0.6921 trn-loss-GC: -2.3180 trn-auc: 0.5238  acc: 0.4949 val-auc: 0.5476  acc: 0.5172
 20/1000 trn-loss-MF: 0.6729  trn-loss-MF: 0.6919 trn-loss-GC: -2.3221 trn-auc: 0.5083  acc: 0.4758 val-auc: 0.5407  acc: 0.5057
 21/1000 trn-loss-MF: 0.6641  trn-loss-MF: 0.6914 trn-loss-GC: -2.3274 trn-auc: 0.5034  acc: 0.4681 val-auc: 0.5088  acc: 0.4713
 22/1000 trn-loss-MF: 0.6615  trn-loss-MF: 0.6923 trn-loss-GC: -2.3311 trn-auc: 0.5034  acc: 0.4668 val-auc: 0.4981  acc: 0.4598
 23/1000 trn-loss-MF: 0.6614  trn-loss-MF: 0.6921 trn-loss-GC: -2.3405 trn-auc: 0.4998  acc: 0.4630 val-auc: 0.5000  acc: 0.4598
 24/1000 trn-loss-MF: 0.6531  trn-loss-MF: 0.6923 trn-loss-GC: -2.3548 trn-auc: 0.5022  acc: 0.4656 val-auc: 0.4875  acc: 0.4483
 25/1000 trn-loss-MF: 0.6513  trn-loss-MF: 0.6913 trn-loss-GC: -2.3680 trn-auc: 0.5111  acc: 0.4758 val-auc: 0.5000  acc: 0.4598
 26/1000 trn-loss-MF: 0.6403  trn-loss-MF: 0.6923 trn-loss-GC: -2.3885 trn-auc: 0.5000  acc: 0.4630 val-auc: 0.5000  acc: 0.4598
 27/1000 trn-loss-MF: 0.6372  trn-loss-MF: 0.6905 trn-loss-GC: -2.4344 trn-auc: 0.5036  acc: 0.4668 val-auc: 0.5000  acc: 0.4598
 28/1000 trn-loss-MF: 0.6228  trn-loss-MF: 0.6876 trn-loss-GC: -2.4528 trn-auc: 0.6525  acc: 0.6492 val-auc: 0.6104  acc: 0.6092
 29/1000 trn-loss-MF: 0.6153  trn-loss-MF: 0.6831 trn-loss-GC: -2.4490 trn-auc: 0.5927  acc: 0.6186 val-auc: 0.5912  acc: 0.6207
 30/1000 trn-loss-MF: 0.6107  trn-loss-MF: 0.6839 trn-loss-GC: -2.4645 trn-auc: 0.5348  acc: 0.5689 val-auc: 0.5625  acc: 0.5977
 31/1000 trn-loss-MF: 0.5828  trn-loss-MF: 0.6809 trn-loss-GC: -2.4354 trn-auc: 0.6192  acc: 0.6454 val-auc: 0.6019  acc: 0.6322
 32/1000 trn-loss-MF: 0.5775  trn-loss-MF: 0.6892 trn-loss-GC: -2.4777 trn-auc: 0.5778  acc: 0.5472 val-auc: 0.5532  acc: 0.5172
 33/1000 trn-loss-MF: 0.6098  trn-loss-MF: 0.6717 trn-loss-GC: -2.5438 trn-auc: 0.6733  acc: 0.6913 val-auc: 0.7056  acc: 0.7241
 34/1000 trn-loss-MF: 0.6070  trn-loss-MF: 0.6614 trn-loss-GC: -2.5654 trn-auc: 0.7527  acc: 0.7526 val-auc: 0.7418  acc: 0.7471
 35/1000 trn-loss-MF: 0.5632  trn-loss-MF: 0.6863 trn-loss-GC: -2.6230 trn-auc: 0.5059  acc: 0.4694 val-auc: 0.5106  acc: 0.4713
 36/1000 trn-loss-MF: 0.5944  trn-loss-MF: 0.6740 trn-loss-GC: -2.6226 trn-auc: 0.5677  acc: 0.5357 val-auc: 0.5426  acc: 0.5057
 37/1000 trn-loss-MF: 0.5451  trn-loss-MF: 0.6726 trn-loss-GC: -2.5140 trn-auc: 0.6080  acc: 0.6365 val-auc: 0.5875  acc: 0.6207
 38/1000 trn-loss-MF: 0.5926  trn-loss-MF: 0.6345 trn-loss-GC: -2.6102 trn-auc: 0.8167  acc: 0.8125 val-auc: 0.7029  acc: 0.7011
 39/1000 trn-loss-MF: 0.4901  trn-loss-MF: 0.6454 trn-loss-GC: -2.5770 trn-auc: 0.7354  acc: 0.7181 val-auc: 0.7109  acc: 0.6897
 40/1000 trn-loss-MF: 0.5439  trn-loss-MF: 0.6393 trn-loss-GC: -2.6579 trn-auc: 0.6607  acc: 0.6849 val-auc: 0.6250  acc: 0.6552
 41/1000 trn-loss-MF: 0.5750  trn-loss-MF: 0.6134 trn-loss-GC: -2.7156 trn-auc: 0.7576  acc: 0.7717 val-auc: 0.6431  acc: 0.6667
 42/1000 trn-loss-MF: 0.5031  trn-loss-MF: 0.6378 trn-loss-GC: -2.7014 trn-auc: 0.7463  acc: 0.7296 val-auc: 0.7109  acc: 0.6897
 43/1000 trn-loss-MF: 0.5454  trn-loss-MF: 0.5966 trn-loss-GC: -2.7150 trn-auc: 0.8285  acc: 0.8227 val-auc: 0.7191  acc: 0.7126
 44/1000 trn-loss-MF: 0.4823  trn-loss-MF: 0.6259 trn-loss-GC: -2.6897 trn-auc: 0.6784  acc: 0.7015 val-auc: 0.6250  acc: 0.6552
 45/1000 trn-loss-MF: 0.5271  trn-loss-MF: 0.5489 trn-loss-GC: -2.6948 trn-auc: 0.8512  acc: 0.8508 val-auc: 0.7330  acc: 0.7356
 46/1000 trn-loss-MF: 0.4307  trn-loss-MF: 0.5765 trn-loss-GC: -2.6795 trn-auc: 0.7903  acc: 0.7781 val-auc: 0.7072  acc: 0.6897
 47/1000 trn-loss-MF: 0.4781  trn-loss-MF: 0.5852 trn-loss-GC: -2.6977 trn-auc: 0.7609  acc: 0.7768 val-auc: 0.6625  acc: 0.6897
 48/1000 trn-loss-MF: 0.4653  trn-loss-MF: 0.5273 trn-loss-GC: -2.7233 trn-auc: 0.8398  acc: 0.8469 val-auc: 0.7431  acc: 0.7586
 49/1000 trn-loss-MF: 0.4209  trn-loss-MF: 0.5313 trn-loss-GC: -2.7186 trn-auc: 0.7764  acc: 0.7628 val-auc: 0.7090  acc: 0.6897
 50/1000 trn-loss-MF: 0.4745  trn-loss-MF: 0.5146 trn-loss-GC: -2.7096 trn-auc: 0.8053  acc: 0.8163 val-auc: 0.6787  acc: 0.7011
 51/1000 trn-loss-MF: 0.4336  trn-loss-MF: 0.4578 trn-loss-GC: -2.7270 trn-auc: 0.8714  acc: 0.8724 val-auc: 0.7880  acc: 0.7931
 52/1000 trn-loss-MF: 0.3724  trn-loss-MF: 0.4735 trn-loss-GC: -2.7082 trn-auc: 0.8192  acc: 0.8087 val-auc: 0.7391  acc: 0.7241
 53/1000 trn-loss-MF: 0.4010  trn-loss-MF: 0.5118 trn-loss-GC: -2.7335 trn-auc: 0.8014  acc: 0.8138 val-auc: 0.6750  acc: 0.7011
 54/1000 trn-loss-MF: 0.4438  trn-loss-MF: 0.4897 trn-loss-GC: -2.7206 trn-auc: 0.8671  acc: 0.8610 val-auc: 0.8330  acc: 0.8276
 55/1000 trn-loss-MF: 0.3887  trn-loss-MF: 0.4843 trn-loss-GC: -2.7076 trn-auc: 0.8525  acc: 0.8444 val-auc: 0.7691  acc: 0.7586
 56/1000 trn-loss-MF: 0.4021  trn-loss-MF: 0.4795 trn-loss-GC: -2.7056 trn-auc: 0.8102  acc: 0.8227 val-auc: 0.6875  acc: 0.7126
 57/1000 trn-loss-MF: 0.3966  trn-loss-MF: 0.3755 trn-loss-GC: -2.7205 trn-auc: 0.8943  acc: 0.8916 val-auc: 0.8543  acc: 0.8506
 58/1000 trn-loss-MF: 0.3325  trn-loss-MF: 0.3655 trn-loss-GC: -2.7210 trn-auc: 0.8905  acc: 0.8865 val-auc: 0.8223  acc: 0.8161
 59/1000 trn-loss-MF: 0.3350  trn-loss-MF: 0.4950 trn-loss-GC: -2.6960 trn-auc: 0.8087  acc: 0.8214 val-auc: 0.6625  acc: 0.6897
 60/1000 trn-loss-MF: 0.4207  trn-loss-MF: 0.4205 trn-loss-GC: -2.7456 trn-auc: 0.8459  acc: 0.8367 val-auc: 0.8048  acc: 0.7931
 61/1000 trn-loss-MF: 0.3687  trn-loss-MF: 0.3744 trn-loss-GC: -2.7376 trn-auc: 0.8925  acc: 0.8878 val-auc: 0.8330  acc: 0.8276
 62/1000 trn-loss-MF: 0.3310  trn-loss-MF: 0.4498 trn-loss-GC: -2.6995 trn-auc: 0.8419  acc: 0.8520 val-auc: 0.7500  acc: 0.7701
 63/1000 trn-loss-MF: 0.3918  trn-loss-MF: 0.4652 trn-loss-GC: -2.6748 trn-auc: 0.8435  acc: 0.8342 val-auc: 0.8173  acc: 0.8046
 64/1000 trn-loss-MF: 0.3627  trn-loss-MF: 0.3403 trn-loss-GC: -2.7535 trn-auc: 0.9161  acc: 0.9145 val-auc: 0.8699  acc: 0.8736
 65/1000 trn-loss-MF: 0.3150  trn-loss-MF: 0.3665 trn-loss-GC: -2.6981 trn-auc: 0.8667  acc: 0.8750 val-auc: 0.7750  acc: 0.7931
 66/1000 trn-loss-MF: 0.3460  trn-loss-MF: 0.3624 trn-loss-GC: -2.7188 trn-auc: 0.8685  acc: 0.8610 val-auc: 0.8261  acc: 0.8161
 67/1000 trn-loss-MF: 0.3604  trn-loss-MF: 0.3790 trn-loss-GC: -2.7257 trn-auc: 0.8889  acc: 0.8954 val-auc: 0.8144  acc: 0.8276
 68/1000 trn-loss-MF: 0.3487  trn-loss-MF: 0.3669 trn-loss-GC: -2.7231 trn-auc: 0.9027  acc: 0.9082 val-auc: 0.8144  acc: 0.8276
 69/1000 trn-loss-MF: 0.3309  trn-loss-MF: 0.3343 trn-loss-GC: -2.7189 trn-auc: 0.8800  acc: 0.8737 val-auc: 0.8261  acc: 0.8161
 70/1000 trn-loss-MF: 0.3143  trn-loss-MF: 0.3065 trn-loss-GC: -2.7099 trn-auc: 0.9216  acc: 0.9247 val-auc: 0.8644  acc: 0.8736
 71/1000 trn-loss-MF: 0.2784  trn-loss-MF: 0.2622 trn-loss-GC: -2.7197 trn-auc: 0.9317  acc: 0.9311 val-auc: 0.8912  acc: 0.8966
 72/1000 trn-loss-MF: 0.2463  trn-loss-MF: 0.3340 trn-loss-GC: -2.7018 trn-auc: 0.8940  acc: 0.8890 val-auc: 0.8598  acc: 0.8506
 73/1000 trn-loss-MF: 0.2792  trn-loss-MF: 0.3819 trn-loss-GC: -2.7490 trn-auc: 0.8496  acc: 0.8597 val-auc: 0.7625  acc: 0.7816
 74/1000 trn-loss-MF: 0.3792  trn-loss-MF: 0.3545 trn-loss-GC: -2.7623 trn-auc: 0.9168  acc: 0.9133 val-auc: 0.9324  acc: 0.9310
 75/1000 trn-loss-MF: 0.3166  trn-loss-MF: 0.3891 trn-loss-GC: -2.7500 trn-auc: 0.8853  acc: 0.8788 val-auc: 0.8473  acc: 0.8391
 76/1000 trn-loss-MF: 0.3427  trn-loss-MF: 0.3065 trn-loss-GC: -2.7082 trn-auc: 0.8970  acc: 0.9031 val-auc: 0.8250  acc: 0.8391
 77/1000 trn-loss-MF: 0.2729  trn-loss-MF: 0.2262 trn-loss-GC: -2.7260 trn-auc: 0.9422  acc: 0.9439 val-auc: 0.8769  acc: 0.8851
 78/1000 trn-loss-MF: 0.2120  trn-loss-MF: 0.2993 trn-loss-GC: -2.7389 trn-auc: 0.9188  acc: 0.9158 val-auc: 0.9218  acc: 0.9195
 79/1000 trn-loss-MF: 0.3044  trn-loss-MF: 0.4259 trn-loss-GC: -2.7070 trn-auc: 0.8811  acc: 0.8890 val-auc: 0.7875  acc: 0.8046
 80/1000 trn-loss-MF: 0.3408  trn-loss-MF: 0.2486 trn-loss-GC: -2.7586 trn-auc: 0.9421  acc: 0.9413 val-auc: 0.9162  acc: 0.9195
 81/1000 trn-loss-MF: 0.2416  trn-loss-MF: 0.3436 trn-loss-GC: -2.7107 trn-auc: 0.8726  acc: 0.8648 val-auc: 0.8492  acc: 0.8391
 82/1000 trn-loss-MF: 0.2985  trn-loss-MF: 0.4738 trn-loss-GC: -2.7307 trn-auc: 0.7871  acc: 0.8023 val-auc: 0.6625  acc: 0.6897
 83/1000 trn-loss-MF: 0.4527  trn-loss-MF: 0.3870 trn-loss-GC: -2.7629 trn-auc: 0.8716  acc: 0.8635 val-auc: 0.8705  acc: 0.8621
 84/1000 trn-loss-MF: 0.3244  trn-loss-MF: 0.6260 trn-loss-GC: -2.7943 trn-auc: 0.6827  acc: 0.6594 val-auc: 0.7021  acc: 0.6782
 85/1000 trn-loss-MF: 0.4470  trn-loss-MF: 0.4459 trn-loss-GC: -2.8513 trn-auc: 0.9219  acc: 0.9184 val-auc: 0.9181  acc: 0.9195
 86/1000 trn-loss-MF: 0.3694  trn-loss-MF: 0.5046 trn-loss-GC: -2.8292 trn-auc: 0.7113  acc: 0.7321 val-auc: 0.6375  acc: 0.6667
 87/1000 trn-loss-MF: 0.3999  trn-loss-MF: 0.4964 trn-loss-GC: -2.7716 trn-auc: 0.7680  acc: 0.7844 val-auc: 0.6625  acc: 0.6897
 88/1000 trn-loss-MF: 0.3707  trn-loss-MF: 0.2621 trn-loss-GC: -2.7331 trn-auc: 0.9420  acc: 0.9413 val-auc: 0.9037  acc: 0.9080
 89/1000 trn-loss-MF: 0.2628  trn-loss-MF: 0.2938 trn-loss-GC: -2.7427 trn-auc: 0.9088  acc: 0.9043 val-auc: 0.8811  acc: 0.8736
 90/1000 trn-loss-MF: 0.2853  trn-loss-MF: 0.4633 trn-loss-GC: -2.7506 trn-auc: 0.8270  acc: 0.8393 val-auc: 0.6875  acc: 0.7126
 91/1000 trn-loss-MF: 0.3879  trn-loss-MF: 0.4044 trn-loss-GC: -2.8216 trn-auc: 0.9289  acc: 0.9324 val-auc: 0.8269  acc: 0.8391
 92/1000 trn-loss-MF: 0.3410  trn-loss-MF: 0.4855 trn-loss-GC: -2.8239 trn-auc: 0.8457  acc: 0.8355 val-auc: 0.8085  acc: 0.7931
 93/1000 trn-loss-MF: 0.3578  trn-loss-MF: 0.4830 trn-loss-GC: -2.8034 trn-auc: 0.8433  acc: 0.8329 val-auc: 0.8191  acc: 0.8046
 94/1000 trn-loss-MF: 0.3754  trn-loss-MF: 0.2940 trn-loss-GC: -2.7841 trn-auc: 0.9475  acc: 0.9477 val-auc: 0.8912  acc: 0.8966
 95/1000 trn-loss-MF: 0.2748  trn-loss-MF: 0.3222 trn-loss-GC: -2.7422 trn-auc: 0.9100  acc: 0.9158 val-auc: 0.8250  acc: 0.8391
 96/1000 trn-loss-MF: 0.3016  trn-loss-MF: 0.2591 trn-loss-GC: -2.7240 trn-auc: 0.9296  acc: 0.9273 val-auc: 0.9093  acc: 0.9080
 97/1000 trn-loss-MF: 0.2317  trn-loss-MF: 0.2484 trn-loss-GC: -2.7103 trn-auc: 0.9403  acc: 0.9388 val-auc: 0.9412  acc: 0.9425
 98/1000 trn-loss-MF: 0.2261  trn-loss-MF: 0.2956 trn-loss-GC: -2.7034 trn-auc: 0.9242  acc: 0.9286 val-auc: 0.8644  acc: 0.8736
 99/1000 trn-loss-MF: 0.2670  trn-loss-MF: 0.2483 trn-loss-GC: -2.6894 trn-auc: 0.9503  acc: 0.9503 val-auc: 0.8912  acc: 0.8966
100/1000 trn-loss-MF: 0.2170  trn-loss-MF: 0.2910 trn-loss-GC: -2.6858 trn-auc: 0.9221  acc: 0.9184 val-auc: 0.9218  acc: 0.9195
101/1000 trn-loss-MF: 0.2549  trn-loss-MF: 0.2096 trn-loss-GC: -2.6866 trn-auc: 0.9509  acc: 0.9515 val-auc: 0.8912  acc: 0.8966
102/1000 trn-loss-MF: 0.1840  trn-loss-MF: 0.2023 trn-loss-GC: -2.6972 trn-auc: 0.9403  acc: 0.9426 val-auc: 0.8894  acc: 0.8966
103/1000 trn-loss-MF: 0.1899  trn-loss-MF: 0.2686 trn-loss-GC: -2.6991 trn-auc: 0.9260  acc: 0.9222 val-auc: 0.9343  acc: 0.9310
104/1000 trn-loss-MF: 0.2410  trn-loss-MF: 0.2039 trn-loss-GC: -2.7106 trn-auc: 0.9545  acc: 0.9566 val-auc: 0.9019  acc: 0.9080
105/1000 trn-loss-MF: 0.1981  trn-loss-MF: 0.1877 trn-loss-GC: -2.7125 trn-auc: 0.9606  acc: 0.9617 val-auc: 0.9019  acc: 0.9080
106/1000 trn-loss-MF: 0.1795  trn-loss-MF: 0.2129 trn-loss-GC: -2.7183 trn-auc: 0.9397  acc: 0.9375 val-auc: 0.8968  acc: 0.8966
107/1000 trn-loss-MF: 0.1961  trn-loss-MF: 0.1867 trn-loss-GC: -2.7180 trn-auc: 0.9516  acc: 0.9541 val-auc: 0.8769  acc: 0.8851
108/1000 trn-loss-MF: 0.1811  trn-loss-MF: 0.1712 trn-loss-GC: -2.7107 trn-auc: 0.9580  acc: 0.9579 val-auc: 0.8931  acc: 0.8966
109/1000 trn-loss-MF: 0.1571  trn-loss-MF: 0.1756 trn-loss-GC: -2.7145 trn-auc: 0.9532  acc: 0.9528 val-auc: 0.9056  acc: 0.9080
110/1000 trn-loss-MF: 0.1597  trn-loss-MF: 0.1929 trn-loss-GC: -2.7198 trn-auc: 0.9514  acc: 0.9541 val-auc: 0.8894  acc: 0.8966
111/1000 trn-loss-MF: 0.1902  trn-loss-MF: 0.2309 trn-loss-GC: -2.7204 trn-auc: 0.9415  acc: 0.9388 val-auc: 0.9218  acc: 0.9195
112/1000 trn-loss-MF: 0.2234  trn-loss-MF: 0.2044 trn-loss-GC: -2.7275 trn-auc: 0.9551  acc: 0.9579 val-auc: 0.8519  acc: 0.8621
113/1000 trn-loss-MF: 0.2152  trn-loss-MF: 0.1648 trn-loss-GC: -2.7352 trn-auc: 0.9589  acc: 0.9579 val-auc: 0.8949  acc: 0.8966
114/1000 trn-loss-MF: 0.1611  trn-loss-MF: 0.1450 trn-loss-GC: -2.7427 trn-auc: 0.9700  acc: 0.9707 val-auc: 0.9037  acc: 0.9080
115/1000 trn-loss-MF: 0.1373  trn-loss-MF: 0.1651 trn-loss-GC: -2.7525 trn-auc: 0.9693  acc: 0.9707 val-auc: 0.9019  acc: 0.9080
116/1000 trn-loss-MF: 0.1658  trn-loss-MF: 0.2204 trn-loss-GC: -2.7441 trn-auc: 0.9401  acc: 0.9375 val-auc: 0.9343  acc: 0.9310
117/1000 trn-loss-MF: 0.2105  trn-loss-MF: 0.3597 trn-loss-GC: -2.7236 trn-auc: 0.8849  acc: 0.8929 val-auc: 0.7750  acc: 0.7931
118/1000 trn-loss-MF: 0.3095  trn-loss-MF: 0.3053 trn-loss-GC: -2.7352 trn-auc: 0.9007  acc: 0.8941 val-auc: 0.9255  acc: 0.9195
119/1000 trn-loss-MF: 0.2780  trn-loss-MF: 0.1817 trn-loss-GC: -2.7379 trn-auc: 0.9637  acc: 0.9630 val-auc: 0.9056  acc: 0.9080
120/1000 trn-loss-MF: 0.1801  trn-loss-MF: 0.2891 trn-loss-GC: -2.7423 trn-auc: 0.9152  acc: 0.9209 val-auc: 0.8125  acc: 0.8276
121/1000 trn-loss-MF: 0.2717  trn-loss-MF: 0.4934 trn-loss-GC: -2.7136 trn-auc: 0.8874  acc: 0.8801 val-auc: 0.8830  acc: 0.8736
122/1000 trn-loss-MF: 0.3412  trn-loss-MF: 0.3085 trn-loss-GC: -2.8032 trn-auc: 0.9417  acc: 0.9388 val-auc: 0.8824  acc: 0.8851
123/1000 trn-loss-MF: 0.3117  trn-loss-MF: 0.3494 trn-loss-GC: -2.7331 trn-auc: 0.8892  acc: 0.8967 val-auc: 0.7750  acc: 0.7931
124/1000 trn-loss-MF: 0.3179  trn-loss-MF: 0.2478 trn-loss-GC: -2.7028 trn-auc: 0.9610  acc: 0.9630 val-auc: 0.8375  acc: 0.8506
125/1000 trn-loss-MF: 0.2451  trn-loss-MF: 0.2557 trn-loss-GC: -2.7151 trn-auc: 0.9145  acc: 0.9094 val-auc: 0.8918  acc: 0.8851
126/1000 trn-loss-MF: 0.2503  trn-loss-MF: 0.3027 trn-loss-GC: -2.7606 trn-auc: 0.9484  acc: 0.9515 val-auc: 0.8250  acc: 0.8391
127/1000 trn-loss-MF: 0.2981  trn-loss-MF: 0.3261 trn-loss-GC: -2.7998 trn-auc: 0.9374  acc: 0.9413 val-auc: 0.8125  acc: 0.8276
128/1000 trn-loss-MF: 0.3154  trn-loss-MF: 0.3067 trn-loss-GC: -2.8056 trn-auc: 0.9464  acc: 0.9439 val-auc: 0.9306  acc: 0.9310
129/1000 trn-loss-MF: 0.3012  trn-loss-MF: 0.3032 trn-loss-GC: -2.7787 trn-auc: 0.9345  acc: 0.9311 val-auc: 0.8987  acc: 0.8966
130/1000 trn-loss-MF: 0.2848  trn-loss-MF: 0.2233 trn-loss-GC: -2.7286 trn-auc: 0.9569  acc: 0.9592 val-auc: 0.8394  acc: 0.8506
131/1000 trn-loss-MF: 0.2349  trn-loss-MF: 0.1866 trn-loss-GC: -2.6797 trn-auc: 0.9600  acc: 0.9617 val-auc: 0.8894  acc: 0.8966
132/1000 trn-loss-MF: 0.1872  trn-loss-MF: 0.2117 trn-loss-GC: -2.6540 trn-auc: 0.9435  acc: 0.9413 val-auc: 0.9181  acc: 0.9195
133/1000 trn-loss-MF: 0.2011  trn-loss-MF: 0.1553 trn-loss-GC: -2.6555 trn-auc: 0.9639  acc: 0.9643 val-auc: 0.9037  acc: 0.9080
134/1000 trn-loss-MF: 0.1587  trn-loss-MF: 0.1726 trn-loss-GC: -2.6625 trn-auc: 0.9657  acc: 0.9668 val-auc: 0.8912  acc: 0.8966
135/1000 trn-loss-MF: 0.1933  trn-loss-MF: 0.2087 trn-loss-GC: -2.6639 trn-auc: 0.9357  acc: 0.9324 val-auc: 0.9218  acc: 0.9195
136/1000 trn-loss-MF: 0.2032  trn-loss-MF: 0.1393 trn-loss-GC: -2.6595 trn-auc: 0.9653  acc: 0.9668 val-auc: 0.8912  acc: 0.8966
137/1000 trn-loss-MF: 0.1617  trn-loss-MF: 0.1354 trn-loss-GC: -2.6601 trn-auc: 0.9665  acc: 0.9681 val-auc: 0.9019  acc: 0.9080
138/1000 trn-loss-MF: 0.1545  trn-loss-MF: 0.1926 trn-loss-GC: -2.6442 trn-auc: 0.9442  acc: 0.9413 val-auc: 0.8968  acc: 0.8966
139/1000 trn-loss-MF: 0.1899  trn-loss-MF: 0.1929 trn-loss-GC: -2.6560 trn-auc: 0.9413  acc: 0.9452 val-auc: 0.8644  acc: 0.8736
140/1000 trn-loss-MF: 0.2033  trn-loss-MF: 0.2241 trn-loss-GC: -2.6603 trn-auc: 0.9280  acc: 0.9235 val-auc: 0.9237  acc: 0.9195
141/1000 trn-loss-MF: 0.2197  trn-loss-MF: 0.1695 trn-loss-GC: -2.6799 trn-auc: 0.9608  acc: 0.9630 val-auc: 0.8769  acc: 0.8851
142/1000 trn-loss-MF: 0.1953  trn-loss-MF: 0.1377 trn-loss-GC: -2.6820 trn-auc: 0.9672  acc: 0.9668 val-auc: 0.9056  acc: 0.9080
143/1000 trn-loss-MF: 0.1434  trn-loss-MF: 0.1551 trn-loss-GC: -2.6893 trn-auc: 0.9599  acc: 0.9592 val-auc: 0.9181  acc: 0.9195
144/1000 trn-loss-MF: 0.1521  trn-loss-MF: 0.1602 trn-loss-GC: -2.7276 trn-auc: 0.9636  acc: 0.9656 val-auc: 0.8769  acc: 0.8851
145/1000 trn-loss-MF: 0.1629  trn-loss-MF: 0.1508 trn-loss-GC: -2.7109 trn-auc: 0.9658  acc: 0.9656 val-auc: 0.8949  acc: 0.8966
146/1000 trn-loss-MF: 0.1433  trn-loss-MF: 0.1394 trn-loss-GC: -2.7327 trn-auc: 0.9700  acc: 0.9707 val-auc: 0.8931  acc: 0.8966
147/1000 trn-loss-MF: 0.1344  trn-loss-MF: 0.1502 trn-loss-GC: -2.7562 trn-auc: 0.9716  acc: 0.9732 val-auc: 0.9144  acc: 0.9195
148/1000 trn-loss-MF: 0.1433  trn-loss-MF: 0.1430 trn-loss-GC: -2.7564 trn-auc: 0.9690  acc: 0.9694 val-auc: 0.8949  acc: 0.8966
time: 14.4539 sec.
tst-auc: 0.9412  acc: 0.9425
attention maps have been saved.
784
Counter({1: 421, 0: 363})
  0/1000 trn-loss-MF: 0.9246  trn-loss-MF: 0.8978 trn-loss-GC: -0.6450 trn-auc: 0.4528  acc: 0.4503 val-auc: 0.5266  acc: 0.5287
  1/1000 trn-loss-MF: 0.8204  trn-loss-MF: 0.8352 trn-loss-GC: -0.6641 trn-auc: 0.4568  acc: 0.4541 val-auc: 0.5303  acc: 0.5287
  2/1000 trn-loss-MF: 0.7852  trn-loss-MF: 0.8156 trn-loss-GC: -0.7122 trn-auc: 0.4568  acc: 0.4554 val-auc: 0.5035  acc: 0.5057
  3/1000 trn-loss-MF: 0.7601  trn-loss-MF: 0.7535 trn-loss-GC: -0.7963 trn-auc: 0.4643  acc: 0.4630 val-auc: 0.5497  acc: 0.5517
  4/1000 trn-loss-MF: 0.7142  trn-loss-MF: 0.7447 trn-loss-GC: -0.8801 trn-auc: 0.4705  acc: 0.4707 val-auc: 0.5622  acc: 0.5632
  5/1000 trn-loss-MF: 0.7157  trn-loss-MF: 0.7232 trn-loss-GC: -0.9901 trn-auc: 0.4630  acc: 0.4643 val-auc: 0.5372  acc: 0.5402
  6/1000 trn-loss-MF: 0.7151  trn-loss-MF: 0.7152 trn-loss-GC: -1.1255 trn-auc: 0.4827  acc: 0.4872 val-auc: 0.5210  acc: 0.5287
  7/1000 trn-loss-MF: 0.7071  trn-loss-MF: 0.7066 trn-loss-GC: -1.2673 trn-auc: 0.4712  acc: 0.4783 val-auc: 0.5460  acc: 0.5517
  8/1000 trn-loss-MF: 0.6968  trn-loss-MF: 0.7003 trn-loss-GC: -1.4151 trn-auc: 0.4669  acc: 0.4758 val-auc: 0.5691  acc: 0.5747
  9/1000 trn-loss-MF: 0.6971  trn-loss-MF: 0.6989 trn-loss-GC: -1.5667 trn-auc: 0.4734  acc: 0.4860 val-auc: 0.5173  acc: 0.5287
 10/1000 trn-loss-MF: 0.6964  trn-loss-MF: 0.6964 trn-loss-GC: -1.6984 trn-auc: 0.5007  acc: 0.5255 val-auc: 0.5505  acc: 0.5747
 11/1000 trn-loss-MF: 0.6885  trn-loss-MF: 0.6936 trn-loss-GC: -1.8137 trn-auc: 0.5163  acc: 0.5459 val-auc: 0.5806  acc: 0.6092
 12/1000 trn-loss-MF: 0.6833  trn-loss-MF: 0.6926 trn-loss-GC: -1.9102 trn-auc: 0.5101  acc: 0.5421 val-auc: 0.5306  acc: 0.5632
 13/1000 trn-loss-MF: 0.6754  trn-loss-MF: 0.6915 trn-loss-GC: -1.9786 trn-auc: 0.5070  acc: 0.5408 val-auc: 0.5412  acc: 0.5747
 14/1000 trn-loss-MF: 0.6746  trn-loss-MF: 0.6931 trn-loss-GC: -2.0242 trn-auc: 0.5058  acc: 0.5395 val-auc: 0.5537  acc: 0.5862
 15/1000 trn-loss-MF: 0.6663  trn-loss-MF: 0.6945 trn-loss-GC: -2.0595 trn-auc: 0.5050  acc: 0.5383 val-auc: 0.5537  acc: 0.5862
 16/1000 trn-loss-MF: 0.6739  trn-loss-MF: 0.6941 trn-loss-GC: -2.0921 trn-auc: 0.5066  acc: 0.5395 val-auc: 0.5537  acc: 0.5862
 17/1000 trn-loss-MF: 0.6702  trn-loss-MF: 0.6927 trn-loss-GC: -2.1199 trn-auc: 0.5101  acc: 0.5421 val-auc: 0.5787  acc: 0.6092
 18/1000 trn-loss-MF: 0.6606  trn-loss-MF: 0.6931 trn-loss-GC: -2.1440 trn-auc: 0.5295  acc: 0.5587 val-auc: 0.5931  acc: 0.6207
 19/1000 trn-loss-MF: 0.6712  trn-loss-MF: 0.6917 trn-loss-GC: -2.1794 trn-auc: 0.5246  acc: 0.5497 val-auc: 0.5274  acc: 0.5517
 20/1000 trn-loss-MF: 0.6595  trn-loss-MF: 0.6913 trn-loss-GC: -2.2320 trn-auc: 0.5363  acc: 0.5472 val-auc: 0.5816  acc: 0.5862
 21/1000 trn-loss-MF: 0.6509  trn-loss-MF: 0.6914 trn-loss-GC: -2.2978 trn-auc: 0.5397  acc: 0.5281 val-auc: 0.5114  acc: 0.4943
 22/1000 trn-loss-MF: 0.6529  trn-loss-MF: 0.6911 trn-loss-GC: -2.3241 trn-auc: 0.5474  acc: 0.5370 val-auc: 0.5415  acc: 0.5287
 23/1000 trn-loss-MF: 0.6444  trn-loss-MF: 0.6911 trn-loss-GC: -2.3182 trn-auc: 0.5754  acc: 0.5740 val-auc: 0.5678  acc: 0.5632
 24/1000 trn-loss-MF: 0.6418  trn-loss-MF: 0.6907 trn-loss-GC: -2.3352 trn-auc: 0.5736  acc: 0.5816 val-auc: 0.6066  acc: 0.6092
 25/1000 trn-loss-MF: 0.6387  trn-loss-MF: 0.6922 trn-loss-GC: -2.4018 trn-auc: 0.5109  acc: 0.5446 val-auc: 0.5556  acc: 0.5862
 26/1000 trn-loss-MF: 0.6344  trn-loss-MF: 0.6882 trn-loss-GC: -2.4592 trn-auc: 0.5516  acc: 0.5816 val-auc: 0.5806  acc: 0.6092
 27/1000 trn-loss-MF: 0.6265  trn-loss-MF: 0.6845 trn-loss-GC: -2.4703 trn-auc: 0.5779  acc: 0.6046 val-auc: 0.5824  acc: 0.6092
 28/1000 trn-loss-MF: 0.6217  trn-loss-MF: 0.6817 trn-loss-GC: -2.5079 trn-auc: 0.7137  acc: 0.7194 val-auc: 0.6742  acc: 0.6782
 29/1000 trn-loss-MF: 0.5984  trn-loss-MF: 0.6821 trn-loss-GC: -2.4675 trn-auc: 0.6487  acc: 0.6250 val-auc: 0.5883  acc: 0.5632
 30/1000 trn-loss-MF: 0.5868  trn-loss-MF: 0.6773 trn-loss-GC: -2.4995 trn-auc: 0.7280  acc: 0.7372 val-auc: 0.7024  acc: 0.7126
 31/1000 trn-loss-MF: 0.5983  trn-loss-MF: 0.6813 trn-loss-GC: -2.5436 trn-auc: 0.5261  acc: 0.4911 val-auc: 0.5000  acc: 0.4598
 32/1000 trn-loss-MF: 0.5862  trn-loss-MF: 0.6676 trn-loss-GC: -2.5896 trn-auc: 0.7627  acc: 0.7551 val-auc: 0.6660  acc: 0.6552
 33/1000 trn-loss-MF: 0.5614  trn-loss-MF: 0.6618 trn-loss-GC: -2.5613 trn-auc: 0.7443  acc: 0.7564 val-auc: 0.7255  acc: 0.7356
 34/1000 trn-loss-MF: 0.5529  trn-loss-MF: 0.6637 trn-loss-GC: -2.5867 trn-auc: 0.6384  acc: 0.6122 val-auc: 0.5920  acc: 0.5632
 35/1000 trn-loss-MF: 0.6015  trn-loss-MF: 0.6570 trn-loss-GC: -2.5617 trn-auc: 0.6888  acc: 0.7105 val-auc: 0.5912  acc: 0.6207
 36/1000 trn-loss-MF: 0.5513  trn-loss-MF: 0.6398 trn-loss-GC: -2.6583 trn-auc: 0.7904  acc: 0.7997 val-auc: 0.7005  acc: 0.7126
 37/1000 trn-loss-MF: 0.5160  trn-loss-MF: 0.6493 trn-loss-GC: -2.6469 trn-auc: 0.6784  acc: 0.6556 val-auc: 0.6471  acc: 0.6207
 38/1000 trn-loss-MF: 0.5545  trn-loss-MF: 0.6082 trn-loss-GC: -2.6361 trn-auc: 0.7997  acc: 0.8087 val-auc: 0.7255  acc: 0.7356
 39/1000 trn-loss-MF: 0.4831  trn-loss-MF: 0.5671 trn-loss-GC: -2.6291 trn-auc: 0.8360  acc: 0.8367 val-auc: 0.7793  acc: 0.7816
 40/1000 trn-loss-MF: 0.4548  trn-loss-MF: 0.6028 trn-loss-GC: -2.6060 trn-auc: 0.7410  acc: 0.7232 val-auc: 0.6665  acc: 0.6437
 41/1000 trn-loss-MF: 0.4968  trn-loss-MF: 0.6164 trn-loss-GC: -2.6181 trn-auc: 0.7095  acc: 0.7296 val-auc: 0.6162  acc: 0.6437
 42/1000 trn-loss-MF: 0.5650  trn-loss-MF: 0.5640 trn-loss-GC: -2.7101 trn-auc: 0.8393  acc: 0.8342 val-auc: 0.7335  acc: 0.7241
 43/1000 trn-loss-MF: 0.4604  trn-loss-MF: 0.6254 trn-loss-GC: -2.7125 trn-auc: 0.6823  acc: 0.6594 val-auc: 0.6489  acc: 0.6207
 44/1000 trn-loss-MF: 0.5212  trn-loss-MF: 0.5349 trn-loss-GC: -2.7198 trn-auc: 0.8745  acc: 0.8737 val-auc: 0.7830  acc: 0.7816
 45/1000 trn-loss-MF: 0.4463  trn-loss-MF: 0.5735 trn-loss-GC: -2.6596 trn-auc: 0.7495  acc: 0.7666 val-auc: 0.6931  acc: 0.7126
 46/1000 trn-loss-MF: 0.4883  trn-loss-MF: 0.5054 trn-loss-GC: -2.6836 trn-auc: 0.8121  acc: 0.8010 val-auc: 0.7160  acc: 0.7011
 47/1000 trn-loss-MF: 0.4141  trn-loss-MF: 0.4523 trn-loss-GC: -2.6800 trn-auc: 0.8779  acc: 0.8788 val-auc: 0.8043  acc: 0.8046
 48/1000 trn-loss-MF: 0.3740  trn-loss-MF: 0.4488 trn-loss-GC: -2.6750 trn-auc: 0.8681  acc: 0.8724 val-auc: 0.7774  acc: 0.7816
 49/1000 trn-loss-MF: 0.3678  trn-loss-MF: 0.5093 trn-loss-GC: -2.6506 trn-auc: 0.8067  acc: 0.7946 val-auc: 0.7285  acc: 0.7126
 50/1000 trn-loss-MF: 0.4276  trn-loss-MF: 0.5730 trn-loss-GC: -2.7002 trn-auc: 0.7267  acc: 0.7462 val-auc: 0.6250  acc: 0.6552
 51/1000 trn-loss-MF: 0.5053  trn-loss-MF: 0.4654 trn-loss-GC: -2.7312 trn-auc: 0.8947  acc: 0.8967 val-auc: 0.8043  acc: 0.8046
 52/1000 trn-loss-MF: 0.3961  trn-loss-MF: 0.5574 trn-loss-GC: -2.7273 trn-auc: 0.7049  acc: 0.6837 val-auc: 0.6489  acc: 0.6207
 53/1000 trn-loss-MF: 0.4665  trn-loss-MF: 0.4368 trn-loss-GC: -2.7170 trn-auc: 0.8953  acc: 0.8929 val-auc: 0.8436  acc: 0.8391
 54/1000 trn-loss-MF: 0.3672  trn-loss-MF: 0.5549 trn-loss-GC: -2.6119 trn-auc: 0.7861  acc: 0.8010 val-auc: 0.7250  acc: 0.7471
 55/1000 trn-loss-MF: 0.4589  trn-loss-MF: 0.4285 trn-loss-GC: -2.6744 trn-auc: 0.8388  acc: 0.8291 val-auc: 0.7835  acc: 0.7701
 56/1000 trn-loss-MF: 0.3691  trn-loss-MF: 0.3496 trn-loss-GC: -2.6703 trn-auc: 0.8979  acc: 0.8954 val-auc: 0.8455  acc: 0.8391
 57/1000 trn-loss-MF: 0.3111  trn-loss-MF: 0.3939 trn-loss-GC: -2.6821 trn-auc: 0.8535  acc: 0.8622 val-auc: 0.8037  acc: 0.8161
 58/1000 trn-loss-MF: 0.3714  trn-loss-MF: 0.4817 trn-loss-GC: -2.6686 trn-auc: 0.8003  acc: 0.7870 val-auc: 0.7128  acc: 0.6897
 59/1000 trn-loss-MF: 0.4183  trn-loss-MF: 0.3739 trn-loss-GC: -2.7179 trn-auc: 0.9152  acc: 0.9158 val-auc: 0.8737  acc: 0.8736
 60/1000 trn-loss-MF: 0.3558  trn-loss-MF: 0.4359 trn-loss-GC: -2.6772 trn-auc: 0.8283  acc: 0.8393 val-auc: 0.7787  acc: 0.7931
 61/1000 trn-loss-MF: 0.3871  trn-loss-MF: 0.3835 trn-loss-GC: -2.6784 trn-auc: 0.8623  acc: 0.8546 val-auc: 0.8279  acc: 0.8161
 62/1000 trn-loss-MF: 0.3647  trn-loss-MF: 0.4163 trn-loss-GC: -2.6760 trn-auc: 0.8642  acc: 0.8724 val-auc: 0.8162  acc: 0.8276
 63/1000 trn-loss-MF: 0.3633  trn-loss-MF: 0.3510 trn-loss-GC: -2.6971 trn-auc: 0.9138  acc: 0.9158 val-auc: 0.8737  acc: 0.8736
 64/1000 trn-loss-MF: 0.3134  trn-loss-MF: 0.4004 trn-loss-GC: -2.6782 trn-auc: 0.8581  acc: 0.8495 val-auc: 0.8173  acc: 0.8046
 65/1000 trn-loss-MF: 0.3511  trn-loss-MF: 0.3541 trn-loss-GC: -2.6885 trn-auc: 0.8834  acc: 0.8903 val-auc: 0.8875  acc: 0.8966
 66/1000 trn-loss-MF: 0.3367  trn-loss-MF: 0.2906 trn-loss-GC: -2.6977 trn-auc: 0.9266  acc: 0.9260 val-auc: 0.8774  acc: 0.8736
 67/1000 trn-loss-MF: 0.2726  trn-loss-MF: 0.3091 trn-loss-GC: -2.6830 trn-auc: 0.9083  acc: 0.9043 val-auc: 0.8367  acc: 0.8276
 68/1000 trn-loss-MF: 0.2878  trn-loss-MF: 0.3867 trn-loss-GC: -2.7063 trn-auc: 0.8522  acc: 0.8622 val-auc: 0.8250  acc: 0.8391
 69/1000 trn-loss-MF: 0.3623  trn-loss-MF: 0.3531 trn-loss-GC: -2.7363 trn-auc: 0.9071  acc: 0.9031 val-auc: 0.8473  acc: 0.8391
 70/1000 trn-loss-MF: 0.3263  trn-loss-MF: 0.3864 trn-loss-GC: -2.7265 trn-auc: 0.9037  acc: 0.8992 val-auc: 0.8261  acc: 0.8161
 71/1000 trn-loss-MF: 0.3460  trn-loss-MF: 0.3572 trn-loss-GC: -2.6673 trn-auc: 0.8827  acc: 0.8903 val-auc: 0.9019  acc: 0.9080
 72/1000 trn-loss-MF: 0.3103  trn-loss-MF: 0.2340 trn-loss-GC: -2.7147 trn-auc: 0.9311  acc: 0.9311 val-auc: 0.8862  acc: 0.8851
 73/1000 trn-loss-MF: 0.2306  trn-loss-MF: 0.2775 trn-loss-GC: -2.7243 trn-auc: 0.9168  acc: 0.9133 val-auc: 0.8811  acc: 0.8736
 74/1000 trn-loss-MF: 0.2781  trn-loss-MF: 0.3689 trn-loss-GC: -2.7207 trn-auc: 0.8785  acc: 0.8865 val-auc: 0.8769  acc: 0.8851
 75/1000 trn-loss-MF: 0.3477  trn-loss-MF: 0.3234 trn-loss-GC: -2.7104 trn-auc: 0.9094  acc: 0.9043 val-auc: 0.8386  acc: 0.8276
 76/1000 trn-loss-MF: 0.2854  trn-loss-MF: 0.2861 trn-loss-GC: -2.7058 trn-auc: 0.9237  acc: 0.9209 val-auc: 0.8918  acc: 0.8851
 77/1000 trn-loss-MF: 0.2614  trn-loss-MF: 0.3802 trn-loss-GC: -2.6920 trn-auc: 0.8575  acc: 0.8673 val-auc: 0.8375  acc: 0.8506
 78/1000 trn-loss-MF: 0.3362  trn-loss-MF: 0.3773 trn-loss-GC: -2.7354 trn-auc: 0.8870  acc: 0.8801 val-auc: 0.8173  acc: 0.8046
 79/1000 trn-loss-MF: 0.3564  trn-loss-MF: 0.3290 trn-loss-GC: -2.7658 trn-auc: 0.9465  acc: 0.9464 val-auc: 0.9112  acc: 0.9080
 80/1000 trn-loss-MF: 0.3069  trn-loss-MF: 0.4357 trn-loss-GC: -2.7271 trn-auc: 0.8923  acc: 0.8992 val-auc: 0.9144  acc: 0.9195
 81/1000 trn-loss-MF: 0.3428  trn-loss-MF: 0.2444 trn-loss-GC: -2.7199 trn-auc: 0.9458  acc: 0.9464 val-auc: 0.9093  acc: 0.9080
 82/1000 trn-loss-MF: 0.2434  trn-loss-MF: 0.3248 trn-loss-GC: -2.7144 trn-auc: 0.8857  acc: 0.8788 val-auc: 0.8173  acc: 0.8046
 83/1000 trn-loss-MF: 0.2838  trn-loss-MF: 0.3501 trn-loss-GC: -2.7614 trn-auc: 0.9118  acc: 0.9171 val-auc: 0.9162  acc: 0.9195
 84/1000 trn-loss-MF: 0.3453  trn-loss-MF: 0.3747 trn-loss-GC: -2.7762 trn-auc: 0.9269  acc: 0.9311 val-auc: 0.9162  acc: 0.9195
 85/1000 trn-loss-MF: 0.3417  trn-loss-MF: 0.3882 trn-loss-GC: -2.7386 trn-auc: 0.9187  acc: 0.9145 val-auc: 0.8598  acc: 0.8506
 86/1000 trn-loss-MF: 0.3141  trn-loss-MF: 0.3003 trn-loss-GC: -2.7411 trn-auc: 0.9322  acc: 0.9298 val-auc: 0.9024  acc: 0.8966
 87/1000 trn-loss-MF: 0.2921  trn-loss-MF: 0.3377 trn-loss-GC: -2.6881 trn-auc: 0.8782  acc: 0.8865 val-auc: 0.8750  acc: 0.8851
 88/1000 trn-loss-MF: 0.2946  trn-loss-MF: 0.2355 trn-loss-GC: -2.7223 trn-auc: 0.9493  acc: 0.9503 val-auc: 0.8987  acc: 0.8966
 89/1000 trn-loss-MF: 0.2429  trn-loss-MF: 0.2787 trn-loss-GC: -2.7274 trn-auc: 0.9267  acc: 0.9235 val-auc: 0.8918  acc: 0.8851
 90/1000 trn-loss-MF: 0.2961  trn-loss-MF: 0.2258 trn-loss-GC: -2.7006 trn-auc: 0.9415  acc: 0.9439 val-auc: 0.9306  acc: 0.9310
 91/1000 trn-loss-MF: 0.2245  trn-loss-MF: 0.2490 trn-loss-GC: -2.6922 trn-auc: 0.9330  acc: 0.9362 val-auc: 0.9412  acc: 0.9425
 92/1000 trn-loss-MF: 0.2325  trn-loss-MF: 0.2869 trn-loss-GC: -2.6902 trn-auc: 0.9163  acc: 0.9120 val-auc: 0.8492  acc: 0.8391
 93/1000 trn-loss-MF: 0.2767  trn-loss-MF: 0.2031 trn-loss-GC: -2.6893 trn-auc: 0.9503  acc: 0.9503 val-auc: 0.9093  acc: 0.9080
 94/1000 trn-loss-MF: 0.1982  trn-loss-MF: 0.2124 trn-loss-GC: -2.6932 trn-auc: 0.9370  acc: 0.9401 val-auc: 0.9287  acc: 0.9310
 95/1000 trn-loss-MF: 0.2188  trn-loss-MF: 0.3172 trn-loss-GC: -2.6802 trn-auc: 0.9037  acc: 0.8980 val-auc: 0.8386  acc: 0.8276
 96/1000 trn-loss-MF: 0.2729  trn-loss-MF: 0.2108 trn-loss-GC: -2.7023 trn-auc: 0.9478  acc: 0.9503 val-auc: 0.9306  acc: 0.9310
 97/1000 trn-loss-MF: 0.2197  trn-loss-MF: 0.1976 trn-loss-GC: -2.6989 trn-auc: 0.9504  acc: 0.9528 val-auc: 0.9412  acc: 0.9425
 98/1000 trn-loss-MF: 0.2048  trn-loss-MF: 0.2638 trn-loss-GC: -2.7116 trn-auc: 0.9153  acc: 0.9107 val-auc: 0.8386  acc: 0.8276
 99/1000 trn-loss-MF: 0.2564  trn-loss-MF: 0.3278 trn-loss-GC: -2.7012 trn-auc: 0.8945  acc: 0.9018 val-auc: 0.9019  acc: 0.9080
100/1000 trn-loss-MF: 0.3009  trn-loss-MF: 0.2277 trn-loss-GC: -2.7322 trn-auc: 0.9565  acc: 0.9554 val-auc: 0.8899  acc: 0.8851
101/1000 trn-loss-MF: 0.2199  trn-loss-MF: 0.2865 trn-loss-GC: -2.7149 trn-auc: 0.9223  acc: 0.9184 val-auc: 0.8386  acc: 0.8276
102/1000 trn-loss-MF: 0.2663  trn-loss-MF: 0.2688 trn-loss-GC: -2.7291 trn-auc: 0.9083  acc: 0.9145 val-auc: 0.9000  acc: 0.9080
103/1000 trn-loss-MF: 0.2456  trn-loss-MF: 0.2279 trn-loss-GC: -2.7420 trn-auc: 0.9494  acc: 0.9477 val-auc: 0.9024  acc: 0.8966
104/1000 trn-loss-MF: 0.2366  trn-loss-MF: 0.1989 trn-loss-GC: -2.7418 trn-auc: 0.9597  acc: 0.9592 val-auc: 0.9112  acc: 0.9080
105/1000 trn-loss-MF: 0.2068  trn-loss-MF: 0.2295 trn-loss-GC: -2.7342 trn-auc: 0.9378  acc: 0.9413 val-auc: 0.9287  acc: 0.9310
106/1000 trn-loss-MF: 0.2096  trn-loss-MF: 0.2174 trn-loss-GC: -2.7384 trn-auc: 0.9423  acc: 0.9401 val-auc: 0.8918  acc: 0.8851
107/1000 trn-loss-MF: 0.1986  trn-loss-MF: 0.1873 trn-loss-GC: -2.7437 trn-auc: 0.9570  acc: 0.9566 val-auc: 0.9218  acc: 0.9195
108/1000 trn-loss-MF: 0.1767  trn-loss-MF: 0.1938 trn-loss-GC: -2.7381 trn-auc: 0.9584  acc: 0.9605 val-auc: 0.9412  acc: 0.9425
109/1000 trn-loss-MF: 0.2068  trn-loss-MF: 0.1902 trn-loss-GC: -2.7550 trn-auc: 0.9480  acc: 0.9464 val-auc: 0.9130  acc: 0.9080
110/1000 trn-loss-MF: 0.1752  trn-loss-MF: 0.1728 trn-loss-GC: -2.7454 trn-auc: 0.9580  acc: 0.9579 val-auc: 0.9324  acc: 0.9310
111/1000 trn-loss-MF: 0.1622  trn-loss-MF: 0.1761 trn-loss-GC: -2.7517 trn-auc: 0.9574  acc: 0.9592 val-auc: 0.9412  acc: 0.9425
112/1000 trn-loss-MF: 0.1726  trn-loss-MF: 0.1926 trn-loss-GC: -2.7508 trn-auc: 0.9492  acc: 0.9477 val-auc: 0.9024  acc: 0.8966
113/1000 trn-loss-MF: 0.1751  trn-loss-MF: 0.1659 trn-loss-GC: -2.7400 trn-auc: 0.9669  acc: 0.9681 val-auc: 0.9412  acc: 0.9425
114/1000 trn-loss-MF: 0.1648  trn-loss-MF: 0.1510 trn-loss-GC: -2.7528 trn-auc: 0.9643  acc: 0.9656 val-auc: 0.9412  acc: 0.9425
115/1000 trn-loss-MF: 0.1463  trn-loss-MF: 0.1729 trn-loss-GC: -2.7533 trn-auc: 0.9597  acc: 0.9592 val-auc: 0.9112  acc: 0.9080
116/1000 trn-loss-MF: 0.1665  trn-loss-MF: 0.2140 trn-loss-GC: -2.7346 trn-auc: 0.9537  acc: 0.9566 val-auc: 0.9412  acc: 0.9425
117/1000 trn-loss-MF: 0.2103  trn-loss-MF: 0.2215 trn-loss-GC: -2.7296 trn-auc: 0.9464  acc: 0.9439 val-auc: 0.8918  acc: 0.8851
118/1000 trn-loss-MF: 0.1985  trn-loss-MF: 0.1800 trn-loss-GC: -2.7503 trn-auc: 0.9510  acc: 0.9541 val-auc: 0.9412  acc: 0.9425
119/1000 trn-loss-MF: 0.1666  trn-loss-MF: 0.1566 trn-loss-GC: -2.7608 trn-auc: 0.9605  acc: 0.9592 val-auc: 0.9343  acc: 0.9310
120/1000 trn-loss-MF: 0.1565  trn-loss-MF: 0.1390 trn-loss-GC: -2.7687 trn-auc: 0.9638  acc: 0.9656 val-auc: 0.9412  acc: 0.9425
121/1000 trn-loss-MF: 0.1403  trn-loss-MF: 0.1298 trn-loss-GC: -2.7781 trn-auc: 0.9718  acc: 0.9719 val-auc: 0.9431  acc: 0.9425
122/1000 trn-loss-MF: 0.1278  trn-loss-MF: 0.1297 trn-loss-GC: -2.7603 trn-auc: 0.9742  acc: 0.9745 val-auc: 0.9412  acc: 0.9425
123/1000 trn-loss-MF: 0.1278  trn-loss-MF: 0.1211 trn-loss-GC: -2.7740 trn-auc: 0.9765  acc: 0.9770 val-auc: 0.9537  acc: 0.9540
124/1000 trn-loss-MF: 0.1147  trn-loss-MF: 0.1275 trn-loss-GC: -2.7700 trn-auc: 0.9771  acc: 0.9770 val-auc: 0.9431  acc: 0.9425
125/1000 trn-loss-MF: 0.1204  trn-loss-MF: 0.1188 trn-loss-GC: -2.7685 trn-auc: 0.9772  acc: 0.9783 val-auc: 0.9412  acc: 0.9425
126/1000 trn-loss-MF: 0.1268  trn-loss-MF: 0.1406 trn-loss-GC: -2.7667 trn-auc: 0.9688  acc: 0.9681 val-auc: 0.9449  acc: 0.9425
127/1000 trn-loss-MF: 0.1453  trn-loss-MF: 0.5108 trn-loss-GC: -2.7038 trn-auc: 0.8367  acc: 0.8482 val-auc: 0.8394  acc: 0.8506
128/1000 trn-loss-MF: 0.4216  trn-loss-MF: 0.9625 trn-loss-GC: -2.6118 trn-auc: 0.6140  acc: 0.5855 val-auc: 0.5745  acc: 0.5402
129/1000 trn-loss-MF: 0.6780  trn-loss-MF: 0.5713 trn-loss-GC: -2.8157 trn-auc: 0.7383  acc: 0.7194 val-auc: 0.7128  acc: 0.6897
130/1000 trn-loss-MF: 0.5210  trn-loss-MF: 0.5898 trn-loss-GC: -2.8840 trn-auc: 0.6584  acc: 0.6824 val-auc: 0.6343  acc: 0.6552
131/1000 trn-loss-MF: 0.5030  trn-loss-MF: 0.7372 trn-loss-GC: -2.9760 trn-auc: 0.5028  acc: 0.5395 val-auc: 0.5125  acc: 0.5517
132/1000 trn-loss-MF: 0.6042  trn-loss-MF: 0.7485 trn-loss-GC: -3.0348 trn-auc: 0.5000  acc: 0.5370 val-auc: 0.5000  acc: 0.5402
133/1000 trn-loss-MF: 0.6124  trn-loss-MF: 0.7125 trn-loss-GC: -3.0953 trn-auc: 0.5000  acc: 0.5370 val-auc: 0.5000  acc: 0.5402
134/1000 trn-loss-MF: 0.5846  trn-loss-MF: 0.6937 trn-loss-GC: -3.1412 trn-auc: 0.5000  acc: 0.5370 val-auc: 0.5000  acc: 0.5402
135/1000 trn-loss-MF: 0.5688  trn-loss-MF: 0.6954 trn-loss-GC: -3.1622 trn-auc: 0.5000  acc: 0.4630 val-auc: 0.5000  acc: 0.4598
136/1000 trn-loss-MF: 0.5739  trn-loss-MF: 0.7025 trn-loss-GC: -3.1680 trn-auc: 0.5000  acc: 0.4630 val-auc: 0.5000  acc: 0.4598
137/1000 trn-loss-MF: 0.5863  trn-loss-MF: 0.7037 trn-loss-GC: -3.1584 trn-auc: 0.5000  acc: 0.4630 val-auc: 0.5000  acc: 0.4598
138/1000 trn-loss-MF: 0.5824  trn-loss-MF: 0.6973 trn-loss-GC: -3.1336 trn-auc: 0.5000  acc: 0.4630 val-auc: 0.5000  acc: 0.4598
139/1000 trn-loss-MF: 0.5558  trn-loss-MF: 0.6922 trn-loss-GC: -3.0973 trn-auc: 0.5000  acc: 0.4630 val-auc: 0.5000  acc: 0.4598
140/1000 trn-loss-MF: 0.5345  trn-loss-MF: 0.6913 trn-loss-GC: -3.0531 trn-auc: 0.5014  acc: 0.5383 val-auc: 0.5000  acc: 0.5402
141/1000 trn-loss-MF: 0.5209  trn-loss-MF: 0.6900 trn-loss-GC: -3.0052 trn-auc: 0.5041  acc: 0.5408 val-auc: 0.5000  acc: 0.5402
142/1000 trn-loss-MF: 0.4980  trn-loss-MF: 0.6791 trn-loss-GC: -2.9653 trn-auc: 0.6049  acc: 0.6339 val-auc: 0.6125  acc: 0.6437
143/1000 trn-loss-MF: 0.4747  trn-loss-MF: 0.6406 trn-loss-GC: -2.9311 trn-auc: 0.9116  acc: 0.9133 val-auc: 0.9074  acc: 0.9080
144/1000 trn-loss-MF: 0.4211  trn-loss-MF: 0.5759 trn-loss-GC: -2.8960 trn-auc: 0.9027  acc: 0.8980 val-auc: 0.8242  acc: 0.8161
145/1000 trn-loss-MF: 0.4008  trn-loss-MF: 0.4977 trn-loss-GC: -2.8335 trn-auc: 0.9138  acc: 0.9094 val-auc: 0.8598  acc: 0.8506
146/1000 trn-loss-MF: 0.3488  trn-loss-MF: 0.4160 trn-loss-GC: -2.7759 trn-auc: 0.9398  acc: 0.9388 val-auc: 0.9324  acc: 0.9310
147/1000 trn-loss-MF: 0.2776  trn-loss-MF: 0.3698 trn-loss-GC: -2.7453 trn-auc: 0.9454  acc: 0.9477 val-auc: 0.9412  acc: 0.9425
148/1000 trn-loss-MF: 0.2341  trn-loss-MF: 0.3623 trn-loss-GC: -2.7456 trn-auc: 0.9572  acc: 0.9566 val-auc: 0.9306  acc: 0.9310
149/1000 trn-loss-MF: 0.2273  trn-loss-MF: 0.3847 trn-loss-GC: -2.7568 trn-auc: 0.9450  acc: 0.9426 val-auc: 0.9093  acc: 0.9080
150/1000 trn-loss-MF: 0.2541  trn-loss-MF: 0.3677 trn-loss-GC: -2.7521 trn-auc: 0.9550  acc: 0.9541 val-auc: 0.9199  acc: 0.9195
151/1000 trn-loss-MF: 0.2431  trn-loss-MF: 0.3474 trn-loss-GC: -2.7385 trn-auc: 0.9529  acc: 0.9541 val-auc: 0.9412  acc: 0.9425
152/1000 trn-loss-MF: 0.2439  trn-loss-MF: 0.3195 trn-loss-GC: -2.7239 trn-auc: 0.9532  acc: 0.9515 val-auc: 0.8987  acc: 0.8966
153/1000 trn-loss-MF: 0.2153  trn-loss-MF: 0.2683 trn-loss-GC: -2.7008 trn-auc: 0.9578  acc: 0.9579 val-auc: 0.9306  acc: 0.9310
154/1000 trn-loss-MF: 0.1839  trn-loss-MF: 0.2289 trn-loss-GC: -2.6691 trn-auc: 0.9547  acc: 0.9566 val-auc: 0.9412  acc: 0.9425
155/1000 trn-loss-MF: 0.1665  trn-loss-MF: 0.2279 trn-loss-GC: -2.6653 trn-auc: 0.9462  acc: 0.9439 val-auc: 0.9112  acc: 0.9080
156/1000 trn-loss-MF: 0.1812  trn-loss-MF: 0.2451 trn-loss-GC: -2.6355 trn-auc: 0.9413  acc: 0.9452 val-auc: 0.9287  acc: 0.9310
157/1000 trn-loss-MF: 0.2196  trn-loss-MF: 0.3435 trn-loss-GC: -2.6325 trn-auc: 0.8777  acc: 0.8699 val-auc: 0.8298  acc: 0.8161
158/1000 trn-loss-MF: 0.2937  trn-loss-MF: 0.2471 trn-loss-GC: -2.6616 trn-auc: 0.9459  acc: 0.9490 val-auc: 0.9412  acc: 0.9425
159/1000 trn-loss-MF: 0.2321  trn-loss-MF: 0.2088 trn-loss-GC: -2.6726 trn-auc: 0.9572  acc: 0.9579 val-auc: 0.9324  acc: 0.9310
160/1000 trn-loss-MF: 0.1935  trn-loss-MF: 0.2393 trn-loss-GC: -2.6857 trn-auc: 0.9452  acc: 0.9426 val-auc: 0.8918  acc: 0.8851
161/1000 trn-loss-MF: 0.2285  trn-loss-MF: 0.1938 trn-loss-GC: -2.6914 trn-auc: 0.9653  acc: 0.9668 val-auc: 0.9537  acc: 0.9540
162/1000 trn-loss-MF: 0.1861  trn-loss-MF: 0.1960 trn-loss-GC: -2.7100 trn-auc: 0.9638  acc: 0.9656 val-auc: 0.9412  acc: 0.9425
163/1000 trn-loss-MF: 0.1870  trn-loss-MF: 0.2286 trn-loss-GC: -2.7292 trn-auc: 0.9440  acc: 0.9413 val-auc: 0.9024  acc: 0.8966
164/1000 trn-loss-MF: 0.2229  trn-loss-MF: 0.2336 trn-loss-GC: -2.7308 trn-auc: 0.9469  acc: 0.9503 val-auc: 0.9519  acc: 0.9540
165/1000 trn-loss-MF: 0.2119  trn-loss-MF: 0.1754 trn-loss-GC: -2.7432 trn-auc: 0.9579  acc: 0.9566 val-auc: 0.9237  acc: 0.9195
166/1000 trn-loss-MF: 0.1644  trn-loss-MF: 0.1451 trn-loss-GC: -2.7792 trn-auc: 0.9702  acc: 0.9707 val-auc: 0.9412  acc: 0.9425
167/1000 trn-loss-MF: 0.1363  trn-loss-MF: 0.1587 trn-loss-GC: -2.7771 trn-auc: 0.9624  acc: 0.9643 val-auc: 0.9412  acc: 0.9425
168/1000 trn-loss-MF: 0.1500  trn-loss-MF: 0.2128 trn-loss-GC: -2.7611 trn-auc: 0.9545  acc: 0.9528 val-auc: 0.9130  acc: 0.9080
169/1000 trn-loss-MF: 0.2024  trn-loss-MF: 0.2039 trn-loss-GC: -2.7694 trn-auc: 0.9482  acc: 0.9515 val-auc: 0.9519  acc: 0.9540
170/1000 trn-loss-MF: 0.2032  trn-loss-MF: 0.1452 trn-loss-GC: -2.7986 trn-auc: 0.9682  acc: 0.9681 val-auc: 0.9324  acc: 0.9310
171/1000 trn-loss-MF: 0.1535  trn-loss-MF: 0.1252 trn-loss-GC: -2.8246 trn-auc: 0.9762  acc: 0.9770 val-auc: 0.9412  acc: 0.9425
172/1000 trn-loss-MF: 0.1278  trn-loss-MF: 0.1758 trn-loss-GC: -2.8090 trn-auc: 0.9648  acc: 0.9668 val-auc: 0.9412  acc: 0.9425
173/1000 trn-loss-MF: 0.1619  trn-loss-MF: 0.2778 trn-loss-GC: -2.7780 trn-auc: 0.9183  acc: 0.9133 val-auc: 0.8705  acc: 0.8621
174/1000 trn-loss-MF: 0.2386  trn-loss-MF: 0.3029 trn-loss-GC: -2.7781 trn-auc: 0.9165  acc: 0.9222 val-auc: 0.9144  acc: 0.9195
time: 13.0314 sec.
tst-auc: 0.9537  acc: 0.9540
attention maps have been saved.
784
Counter({1: 421, 0: 363})
  0/1000 trn-loss-MF: 0.9462  trn-loss-MF: 1.1538 trn-loss-GC: -0.8567 trn-auc: 0.5059  acc: 0.5421 val-auc: 0.5000  acc: 0.5402
  1/1000 trn-loss-MF: 0.8759  trn-loss-MF: 1.0078 trn-loss-GC: -0.8703 trn-auc: 0.5122  acc: 0.5472 val-auc: 0.5000  acc: 0.5402
  2/1000 trn-loss-MF: 0.8336  trn-loss-MF: 0.8839 trn-loss-GC: -0.8614 trn-auc: 0.5218  acc: 0.5548 val-auc: 0.4787  acc: 0.5172
  3/1000 trn-loss-MF: 0.7711  trn-loss-MF: 0.7953 trn-loss-GC: -0.8950 trn-auc: 0.5349  acc: 0.5625 val-auc: 0.4630  acc: 0.4943
  4/1000 trn-loss-MF: 0.7384  trn-loss-MF: 0.7437 trn-loss-GC: -0.9850 trn-auc: 0.5540  acc: 0.5689 val-auc: 0.4798  acc: 0.4943
  5/1000 trn-loss-MF: 0.7216  trn-loss-MF: 0.7023 trn-loss-GC: -1.0966 trn-auc: 0.5250  acc: 0.5306 val-auc: 0.5460  acc: 0.5517
  6/1000 trn-loss-MF: 0.7037  trn-loss-MF: 0.6949 trn-loss-GC: -1.2145 trn-auc: 0.5191  acc: 0.5166 val-auc: 0.5535  acc: 0.5517
  7/1000 trn-loss-MF: 0.7166  trn-loss-MF: 0.7097 trn-loss-GC: -1.3424 trn-auc: 0.5515  acc: 0.5395 val-auc: 0.5059  acc: 0.4943
  8/1000 trn-loss-MF: 0.7065  trn-loss-MF: 0.7137 trn-loss-GC: -1.4854 trn-auc: 0.5514  acc: 0.5306 val-auc: 0.5152  acc: 0.4943
  9/1000 trn-loss-MF: 0.7013  trn-loss-MF: 0.6976 trn-loss-GC: -1.6427 trn-auc: 0.5338  acc: 0.5089 val-auc: 0.5314  acc: 0.5057
 10/1000 trn-loss-MF: 0.6749  trn-loss-MF: 0.7108 trn-loss-GC: -1.7859 trn-auc: 0.5086  acc: 0.4783 val-auc: 0.4995  acc: 0.4713
 11/1000 trn-loss-MF: 0.6856  trn-loss-MF: 0.6987 trn-loss-GC: -1.9338 trn-auc: 0.4980  acc: 0.4643 val-auc: 0.5194  acc: 0.4828
 12/1000 trn-loss-MF: 0.6841  trn-loss-MF: 0.7088 trn-loss-GC: -2.0569 trn-auc: 0.5017  acc: 0.4668 val-auc: 0.5213  acc: 0.4828
 13/1000 trn-loss-MF: 0.6757  trn-loss-MF: 0.7000 trn-loss-GC: -2.1531 trn-auc: 0.4999  acc: 0.4643 val-auc: 0.5106  acc: 0.4713
 14/1000 trn-loss-MF: 0.6797  trn-loss-MF: 0.6974 trn-loss-GC: -2.2235 trn-auc: 0.5032  acc: 0.4668 val-auc: 0.5106  acc: 0.4713
 15/1000 trn-loss-MF: 0.6749  trn-loss-MF: 0.7000 trn-loss-GC: -2.2770 trn-auc: 0.5022  acc: 0.4656 val-auc: 0.5106  acc: 0.4713
 16/1000 trn-loss-MF: 0.6772  trn-loss-MF: 0.7037 trn-loss-GC: -2.3151 trn-auc: 0.5024  acc: 0.4656 val-auc: 0.5106  acc: 0.4713
 17/1000 trn-loss-MF: 0.6686  trn-loss-MF: 0.7018 trn-loss-GC: -2.3471 trn-auc: 0.5024  acc: 0.4656 val-auc: 0.5106  acc: 0.4713
 18/1000 trn-loss-MF: 0.6765  trn-loss-MF: 0.7002 trn-loss-GC: -2.3773 trn-auc: 0.5024  acc: 0.4656 val-auc: 0.5106  acc: 0.4713
 19/1000 trn-loss-MF: 0.6605  trn-loss-MF: 0.6988 trn-loss-GC: -2.4044 trn-auc: 0.5048  acc: 0.4681 val-auc: 0.5106  acc: 0.4713
 20/1000 trn-loss-MF: 0.6583  trn-loss-MF: 0.6968 trn-loss-GC: -2.4292 trn-auc: 0.5093  acc: 0.4732 val-auc: 0.5213  acc: 0.4828
 21/1000 trn-loss-MF: 0.6674  trn-loss-MF: 0.6911 trn-loss-GC: -2.4508 trn-auc: 0.5212  acc: 0.4860 val-auc: 0.5213  acc: 0.4828
 22/1000 trn-loss-MF: 0.6604  trn-loss-MF: 0.6907 trn-loss-GC: -2.4660 trn-auc: 0.5295  acc: 0.4949 val-auc: 0.5213  acc: 0.4828
 23/1000 trn-loss-MF: 0.6553  trn-loss-MF: 0.6905 trn-loss-GC: -2.4765 trn-auc: 0.5541  acc: 0.5217 val-auc: 0.5319  acc: 0.4943
 24/1000 trn-loss-MF: 0.6543  trn-loss-MF: 0.6870 trn-loss-GC: -2.4840 trn-auc: 0.5630  acc: 0.5319 val-auc: 0.5407  acc: 0.5057
 25/1000 trn-loss-MF: 0.6572  trn-loss-MF: 0.6884 trn-loss-GC: -2.4884 trn-auc: 0.5515  acc: 0.5191 val-auc: 0.5319  acc: 0.4943
 26/1000 trn-loss-MF: 0.6514  trn-loss-MF: 0.6895 trn-loss-GC: -2.5019 trn-auc: 0.5368  acc: 0.5026 val-auc: 0.5319  acc: 0.4943
 27/1000 trn-loss-MF: 0.6491  trn-loss-MF: 0.6891 trn-loss-GC: -2.5208 trn-auc: 0.5202  acc: 0.4847 val-auc: 0.5106  acc: 0.4713
 28/1000 trn-loss-MF: 0.6357  trn-loss-MF: 0.6895 trn-loss-GC: -2.5340 trn-auc: 0.5343  acc: 0.5000 val-auc: 0.5213  acc: 0.4828
 29/1000 trn-loss-MF: 0.6449  trn-loss-MF: 0.6872 trn-loss-GC: -2.5440 trn-auc: 0.6429  acc: 0.6365 val-auc: 0.4665  acc: 0.4598
 30/1000 trn-loss-MF: 0.6318  trn-loss-MF: 0.6844 trn-loss-GC: -2.5455 trn-auc: 0.5000  acc: 0.5370 val-auc: 0.5000  acc: 0.5402
 31/1000 trn-loss-MF: 0.6217  trn-loss-MF: 0.6908 trn-loss-GC: -2.5619 trn-auc: 0.5000  acc: 0.5370 val-auc: 0.5000  acc: 0.5402
 32/1000 trn-loss-MF: 0.6176  trn-loss-MF: 0.6969 trn-loss-GC: -2.5826 trn-auc: 0.5000  acc: 0.5370 val-auc: 0.5000  acc: 0.5402
 33/1000 trn-loss-MF: 0.6017  trn-loss-MF: 0.7014 trn-loss-GC: -2.5862 trn-auc: 0.5000  acc: 0.5370 val-auc: 0.5000  acc: 0.5402
 34/1000 trn-loss-MF: 0.5985  trn-loss-MF: 0.6980 trn-loss-GC: -2.6146 trn-auc: 0.5000  acc: 0.5370 val-auc: 0.5000  acc: 0.5402
 35/1000 trn-loss-MF: 0.5849  trn-loss-MF: 0.6820 trn-loss-GC: -2.6153 trn-auc: 0.5000  acc: 0.5370 val-auc: 0.5000  acc: 0.5402
 36/1000 trn-loss-MF: 0.5666  trn-loss-MF: 0.6672 trn-loss-GC: -2.6187 trn-auc: 0.5000  acc: 0.5370 val-auc: 0.5000  acc: 0.5402
 37/1000 trn-loss-MF: 0.5494  trn-loss-MF: 0.6623 trn-loss-GC: -2.6270 trn-auc: 0.5000  acc: 0.5370 val-auc: 0.5000  acc: 0.5402
 38/1000 trn-loss-MF: 0.5413  trn-loss-MF: 0.6883 trn-loss-GC: -2.6715 trn-auc: 0.5000  acc: 0.5370 val-auc: 0.5000  acc: 0.5402
 39/1000 trn-loss-MF: 0.6485  trn-loss-MF: 0.6585 trn-loss-GC: -2.6972 trn-auc: 0.5000  acc: 0.5370 val-auc: 0.5000  acc: 0.5402
 40/1000 trn-loss-MF: 0.5529  trn-loss-MF: 0.6672 trn-loss-GC: -2.7102 trn-auc: 0.5000  acc: 0.5370 val-auc: 0.5000  acc: 0.5402
 41/1000 trn-loss-MF: 0.5531  trn-loss-MF: 0.6623 trn-loss-GC: -2.7839 trn-auc: 0.7702  acc: 0.7819 val-auc: 0.5755  acc: 0.5977
 42/1000 trn-loss-MF: 0.5416  trn-loss-MF: 0.6637 trn-loss-GC: -2.7628 trn-auc: 0.8228  acc: 0.8227 val-auc: 0.6848  acc: 0.6897
 43/1000 trn-loss-MF: 0.5300  trn-loss-MF: 0.6658 trn-loss-GC: -2.5953 trn-auc: 0.5883  acc: 0.6186 val-auc: 0.5250  acc: 0.5632
 44/1000 trn-loss-MF: 0.5344  trn-loss-MF: 0.6248 trn-loss-GC: -2.6986 trn-auc: 0.8088  acc: 0.7997 val-auc: 0.6660  acc: 0.6552
 45/1000 trn-loss-MF: 0.4704  trn-loss-MF: 0.5774 trn-loss-GC: -2.6808 trn-auc: 0.8560  acc: 0.8584 val-auc: 0.7293  acc: 0.7356
 46/1000 trn-loss-MF: 0.4084  trn-loss-MF: 0.5440 trn-loss-GC: -2.6683 trn-auc: 0.8557  acc: 0.8597 val-auc: 0.7343  acc: 0.7471
 47/1000 trn-loss-MF: 0.4130  trn-loss-MF: 0.6124 trn-loss-GC: -2.6736 trn-auc: 0.7172  acc: 0.6977 val-auc: 0.5957  acc: 0.5632
 48/1000 trn-loss-MF: 0.5248  trn-loss-MF: 0.5891 trn-loss-GC: -2.7238 trn-auc: 0.7040  acc: 0.7245 val-auc: 0.5894  acc: 0.6207
 49/1000 trn-loss-MF: 0.5146  trn-loss-MF: 0.5778 trn-loss-GC: -2.8035 trn-auc: 0.8214  acc: 0.8304 val-auc: 0.6912  acc: 0.7126
 50/1000 trn-loss-MF: 0.4652  trn-loss-MF: 0.6184 trn-loss-GC: -2.8259 trn-auc: 0.7376  acc: 0.7194 val-auc: 0.6277  acc: 0.5977
 51/1000 trn-loss-MF: 0.4915  trn-loss-MF: 0.5970 trn-loss-GC: -2.7665 trn-auc: 0.8407  acc: 0.8342 val-auc: 0.7691  acc: 0.7586
 52/1000 trn-loss-MF: 0.4457  trn-loss-MF: 0.5915 trn-loss-GC: -2.5891 trn-auc: 0.7798  acc: 0.7946 val-auc: 0.6519  acc: 0.6782
 53/1000 trn-loss-MF: 0.4483  trn-loss-MF: 0.5056 trn-loss-GC: -2.7082 trn-auc: 0.8234  acc: 0.8138 val-auc: 0.7516  acc: 0.7356
 54/1000 trn-loss-MF: 0.4118  trn-loss-MF: 0.4453 trn-loss-GC: -2.7011 trn-auc: 0.8817  acc: 0.8852 val-auc: 0.7931  acc: 0.8046
 55/1000 trn-loss-MF: 0.3576  trn-loss-MF: 0.4171 trn-loss-GC: -2.6864 trn-auc: 0.8930  acc: 0.8929 val-auc: 0.7830  acc: 0.7816
 56/1000 trn-loss-MF: 0.3322  trn-loss-MF: 0.3987 trn-loss-GC: -2.6708 trn-auc: 0.8973  acc: 0.8967 val-auc: 0.7955  acc: 0.7931
 57/1000 trn-loss-MF: 0.3202  trn-loss-MF: 0.3900 trn-loss-GC: -2.6701 trn-auc: 0.9034  acc: 0.9069 val-auc: 0.8287  acc: 0.8391
 58/1000 trn-loss-MF: 0.3347  trn-loss-MF: 0.5517 trn-loss-GC: -2.6042 trn-auc: 0.7413  acc: 0.7232 val-auc: 0.6277  acc: 0.5977
 59/1000 trn-loss-MF: 0.4799  trn-loss-MF: 0.5902 trn-loss-GC: -2.7137 trn-auc: 0.6505  acc: 0.6760 val-auc: 0.6000  acc: 0.6322
 60/1000 trn-loss-MF: 0.5306  trn-loss-MF: 0.4992 trn-loss-GC: -2.7973 trn-auc: 0.8480  acc: 0.8571 val-auc: 0.7394  acc: 0.7586
 61/1000 trn-loss-MF: 0.4206  trn-loss-MF: 0.5933 trn-loss-GC: -2.8540 trn-auc: 0.6200  acc: 0.5918 val-auc: 0.5638  acc: 0.5287
 62/1000 trn-loss-MF: 0.4802  trn-loss-MF: 0.6411 trn-loss-GC: -2.8545 trn-auc: 0.5238  acc: 0.4885 val-auc: 0.5000  acc: 0.4598
 63/1000 trn-loss-MF: 0.5024  trn-loss-MF: 0.5840 trn-loss-GC: -2.8071 trn-auc: 0.8999  acc: 0.9031 val-auc: 0.8237  acc: 0.8276
 64/1000 trn-loss-MF: 0.4250  trn-loss-MF: 0.6216 trn-loss-GC: -2.7246 trn-auc: 0.6918  acc: 0.7143 val-auc: 0.6250  acc: 0.6552
 65/1000 trn-loss-MF: 0.4553  trn-loss-MF: 0.4265 trn-loss-GC: -2.7255 trn-auc: 0.9107  acc: 0.9145 val-auc: 0.8662  acc: 0.8736
 66/1000 trn-loss-MF: 0.3723  trn-loss-MF: 0.4942 trn-loss-GC: -2.6833 trn-auc: 0.7475  acc: 0.7296 val-auc: 0.6596  acc: 0.6322
 67/1000 trn-loss-MF: 0.4439  trn-loss-MF: 0.3350 trn-loss-GC: -2.6924 trn-auc: 0.9109  acc: 0.9145 val-auc: 0.8556  acc: 0.8621
 68/1000 trn-loss-MF: 0.3105  trn-loss-MF: 0.3145 trn-loss-GC: -2.7018 trn-auc: 0.9180  acc: 0.9209 val-auc: 0.8681  acc: 0.8736
 69/1000 trn-loss-MF: 0.2756  trn-loss-MF: 0.4909 trn-loss-GC: -2.6405 trn-auc: 0.7944  acc: 0.7806 val-auc: 0.7128  acc: 0.6897
 70/1000 trn-loss-MF: 0.4371  trn-loss-MF: 0.4809 trn-loss-GC: -2.7489 trn-auc: 0.7709  acc: 0.7870 val-auc: 0.6875  acc: 0.7126
 71/1000 trn-loss-MF: 0.4586  trn-loss-MF: 0.4384 trn-loss-GC: -2.8172 trn-auc: 0.9013  acc: 0.9056 val-auc: 0.8537  acc: 0.8621
 72/1000 trn-loss-MF: 0.3757  trn-loss-MF: 0.5654 trn-loss-GC: -2.8456 trn-auc: 0.7015  acc: 0.6798 val-auc: 0.5851  acc: 0.5517
 73/1000 trn-loss-MF: 0.4346  trn-loss-MF: 0.6033 trn-loss-GC: -2.8400 trn-auc: 0.7049  acc: 0.6837 val-auc: 0.6064  acc: 0.5747
 74/1000 trn-loss-MF: 0.4383  trn-loss-MF: 0.4998 trn-loss-GC: -2.8095 trn-auc: 0.9180  acc: 0.9209 val-auc: 0.8787  acc: 0.8851
 75/1000 trn-loss-MF: 0.3706  trn-loss-MF: 0.5397 trn-loss-GC: -2.7269 trn-auc: 0.7985  acc: 0.8125 val-auc: 0.7125  acc: 0.7356
 76/1000 trn-loss-MF: 0.4082  trn-loss-MF: 0.3455 trn-loss-GC: -2.7227 trn-auc: 0.9221  acc: 0.9247 val-auc: 0.8894  acc: 0.8966
 77/1000 trn-loss-MF: 0.3055  trn-loss-MF: 0.4009 trn-loss-GC: -2.7154 trn-auc: 0.8443  acc: 0.8342 val-auc: 0.7660  acc: 0.7471
 78/1000 trn-loss-MF: 0.3620  trn-loss-MF: 0.3088 trn-loss-GC: -2.7194 trn-auc: 0.9221  acc: 0.9247 val-auc: 0.8894  acc: 0.8966
 79/1000 trn-loss-MF: 0.2762  trn-loss-MF: 0.3231 trn-loss-GC: -2.7227 trn-auc: 0.9231  acc: 0.9260 val-auc: 0.8894  acc: 0.8966
 80/1000 trn-loss-MF: 0.2975  trn-loss-MF: 0.3903 trn-loss-GC: -2.6917 trn-auc: 0.8605  acc: 0.8520 val-auc: 0.8298  acc: 0.8161
 81/1000 trn-loss-MF: 0.3213  trn-loss-MF: 0.3066 trn-loss-GC: -2.7101 trn-auc: 0.9194  acc: 0.9184 val-auc: 0.8668  acc: 0.8621
 82/1000 trn-loss-MF: 0.2612  trn-loss-MF: 0.3328 trn-loss-GC: -2.7146 trn-auc: 0.9124  acc: 0.9171 val-auc: 0.8625  acc: 0.8736
 83/1000 trn-loss-MF: 0.3011  trn-loss-MF: 0.3111 trn-loss-GC: -2.6918 trn-auc: 0.9156  acc: 0.9133 val-auc: 0.8561  acc: 0.8506
 84/1000 trn-loss-MF: 0.2675  trn-loss-MF: 0.2750 trn-loss-GC: -2.6829 trn-auc: 0.9242  acc: 0.9235 val-auc: 0.9199  acc: 0.9195
 85/1000 trn-loss-MF: 0.2406  trn-loss-MF: 0.3041 trn-loss-GC: -2.6866 trn-auc: 0.9171  acc: 0.9222 val-auc: 0.8625  acc: 0.8736
 86/1000 trn-loss-MF: 0.2697  trn-loss-MF: 0.3909 trn-loss-GC: -2.7038 trn-auc: 0.8538  acc: 0.8444 val-auc: 0.8191  acc: 0.8046
 87/1000 trn-loss-MF: 0.3743  trn-loss-MF: 0.3543 trn-loss-GC: -2.7117 trn-auc: 0.9075  acc: 0.9133 val-auc: 0.8500  acc: 0.8621
 88/1000 trn-loss-MF: 0.3108  trn-loss-MF: 0.3524 trn-loss-GC: -2.7352 trn-auc: 0.9283  acc: 0.9324 val-auc: 0.8875  acc: 0.8966
 89/1000 trn-loss-MF: 0.3187  trn-loss-MF: 0.3371 trn-loss-GC: -2.7518 trn-auc: 0.9041  acc: 0.8992 val-auc: 0.8598  acc: 0.8506
 90/1000 trn-loss-MF: 0.3059  trn-loss-MF: 0.2593 trn-loss-GC: -2.7172 trn-auc: 0.9346  acc: 0.9324 val-auc: 0.8987  acc: 0.8966
 91/1000 trn-loss-MF: 0.2368  trn-loss-MF: 0.3186 trn-loss-GC: -2.7258 trn-auc: 0.9071  acc: 0.9133 val-auc: 0.8625  acc: 0.8736
 92/1000 trn-loss-MF: 0.3272  trn-loss-MF: 0.6139 trn-loss-GC: -2.6106 trn-auc: 0.7453  acc: 0.7270 val-auc: 0.6596  acc: 0.6322
 93/1000 trn-loss-MF: 0.4617  trn-loss-MF: 0.3358 trn-loss-GC: -2.7955 trn-auc: 0.9444  acc: 0.9452 val-auc: 0.8843  acc: 0.8851
 94/1000 trn-loss-MF: 0.3075  trn-loss-MF: 0.5793 trn-loss-GC: -2.7843 trn-auc: 0.6657  acc: 0.6901 val-auc: 0.6375  acc: 0.6667
 95/1000 trn-loss-MF: 0.4410  trn-loss-MF: 0.4259 trn-loss-GC: -2.7906 trn-auc: 0.8856  acc: 0.8929 val-auc: 0.8250  acc: 0.8391
 96/1000 trn-loss-MF: 0.3731  trn-loss-MF: 0.3769 trn-loss-GC: -2.7999 trn-auc: 0.9019  acc: 0.8967 val-auc: 0.8261  acc: 0.8161
 97/1000 trn-loss-MF: 0.3619  trn-loss-MF: 0.3856 trn-loss-GC: -2.7849 trn-auc: 0.8845  acc: 0.8776 val-auc: 0.8048  acc: 0.7931
 98/1000 trn-loss-MF: 0.3617  trn-loss-MF: 0.2707 trn-loss-GC: -2.7455 trn-auc: 0.9407  acc: 0.9426 val-auc: 0.9250  acc: 0.9310
 99/1000 trn-loss-MF: 0.2580  trn-loss-MF: 0.3250 trn-loss-GC: -2.7399 trn-auc: 0.9155  acc: 0.9209 val-auc: 0.8625  acc: 0.8736
100/1000 trn-loss-MF: 0.3126  trn-loss-MF: 0.4913 trn-loss-GC: -2.7220 trn-auc: 0.7999  acc: 0.7857 val-auc: 0.6915  acc: 0.6667
101/1000 trn-loss-MF: 0.4155  trn-loss-MF: 0.3919 trn-loss-GC: -2.7837 trn-auc: 0.9160  acc: 0.9120 val-auc: 0.8580  acc: 0.8506
102/1000 trn-loss-MF: 0.3112  trn-loss-MF: 0.4839 trn-loss-GC: -2.8128 trn-auc: 0.8717  acc: 0.8801 val-auc: 0.8125  acc: 0.8276
103/1000 trn-loss-MF: 0.3785  trn-loss-MF: 0.4360 trn-loss-GC: -2.8287 trn-auc: 0.8927  acc: 0.8992 val-auc: 0.8375  acc: 0.8506
104/1000 trn-loss-MF: 0.3813  trn-loss-MF: 0.3382 trn-loss-GC: -2.8140 trn-auc: 0.9249  acc: 0.9222 val-auc: 0.8686  acc: 0.8621
105/1000 trn-loss-MF: 0.3117  trn-loss-MF: 0.3902 trn-loss-GC: -2.7744 trn-auc: 0.8668  acc: 0.8584 val-auc: 0.8085  acc: 0.7931
106/1000 trn-loss-MF: 0.3481  trn-loss-MF: 0.2565 trn-loss-GC: -2.7440 trn-auc: 0.9388  acc: 0.9388 val-auc: 0.9412  acc: 0.9425
107/1000 trn-loss-MF: 0.2378  trn-loss-MF: 0.2905 trn-loss-GC: -2.7241 trn-auc: 0.9224  acc: 0.9273 val-auc: 0.8625  acc: 0.8736
108/1000 trn-loss-MF: 0.2790  trn-loss-MF: 0.2736 trn-loss-GC: -2.7391 trn-auc: 0.9227  acc: 0.9196 val-auc: 0.8455  acc: 0.8391
109/1000 trn-loss-MF: 0.2518  trn-loss-MF: 0.3124 trn-loss-GC: -2.7484 trn-auc: 0.9088  acc: 0.9043 val-auc: 0.8598  acc: 0.8506
110/1000 trn-loss-MF: 0.2855  trn-loss-MF: 0.2777 trn-loss-GC: -2.7231 trn-auc: 0.9385  acc: 0.9413 val-auc: 0.9019  acc: 0.9080
111/1000 trn-loss-MF: 0.2650  trn-loss-MF: 0.2754 trn-loss-GC: -2.7063 trn-auc: 0.9399  acc: 0.9426 val-auc: 0.9019  acc: 0.9080
112/1000 trn-loss-MF: 0.2630  trn-loss-MF: 0.2647 trn-loss-GC: -2.7172 trn-auc: 0.9255  acc: 0.9222 val-auc: 0.8793  acc: 0.8736
113/1000 trn-loss-MF: 0.2403  trn-loss-MF: 0.2361 trn-loss-GC: -2.7045 trn-auc: 0.9288  acc: 0.9260 val-auc: 0.8899  acc: 0.8851
114/1000 trn-loss-MF: 0.2215  trn-loss-MF: 0.2347 trn-loss-GC: -2.6963 trn-auc: 0.9402  acc: 0.9439 val-auc: 0.8875  acc: 0.8966
115/1000 trn-loss-MF: 0.2429  trn-loss-MF: 0.2169 trn-loss-GC: -2.6952 trn-auc: 0.9360  acc: 0.9337 val-auc: 0.9005  acc: 0.8966
116/1000 trn-loss-MF: 0.2013  trn-loss-MF: 0.1981 trn-loss-GC: -2.6994 trn-auc: 0.9403  acc: 0.9388 val-auc: 0.9093  acc: 0.9080
117/1000 trn-loss-MF: 0.1864  trn-loss-MF: 0.2005 trn-loss-GC: -2.7112 trn-auc: 0.9507  acc: 0.9528 val-auc: 0.9287  acc: 0.9310
118/1000 trn-loss-MF: 0.2113  trn-loss-MF: 0.1872 trn-loss-GC: -2.7053 trn-auc: 0.9510  acc: 0.9503 val-auc: 0.9218  acc: 0.9195
119/1000 trn-loss-MF: 0.1840  trn-loss-MF: 0.1867 trn-loss-GC: -2.7078 trn-auc: 0.9488  acc: 0.9477 val-auc: 0.9324  acc: 0.9310
120/1000 trn-loss-MF: 0.1775  trn-loss-MF: 0.2172 trn-loss-GC: -2.7183 trn-auc: 0.9346  acc: 0.9388 val-auc: 0.8875  acc: 0.8966
121/1000 trn-loss-MF: 0.2290  trn-loss-MF: 0.3593 trn-loss-GC: -2.6970 trn-auc: 0.8876  acc: 0.8801 val-auc: 0.8830  acc: 0.8736
122/1000 trn-loss-MF: 0.3267  trn-loss-MF: 0.3040 trn-loss-GC: -2.6968 trn-auc: 0.9195  acc: 0.9247 val-auc: 0.8644  acc: 0.8736
123/1000 trn-loss-MF: 0.2696  trn-loss-MF: 0.2273 trn-loss-GC: -2.7206 trn-auc: 0.9559  acc: 0.9579 val-auc: 0.9144  acc: 0.9195
124/1000 trn-loss-MF: 0.2465  trn-loss-MF: 0.3293 trn-loss-GC: -2.7167 trn-auc: 0.8793  acc: 0.8712 val-auc: 0.8511  acc: 0.8391
125/1000 trn-loss-MF: 0.2880  trn-loss-MF: 0.1900 trn-loss-GC: -2.7363 trn-auc: 0.9605  acc: 0.9605 val-auc: 0.9644  acc: 0.9655
126/1000 trn-loss-MF: 0.1861  trn-loss-MF: 0.2772 trn-loss-GC: -2.7168 trn-auc: 0.9319  acc: 0.9362 val-auc: 0.8625  acc: 0.8736
127/1000 trn-loss-MF: 0.2722  trn-loss-MF: 0.3607 trn-loss-GC: -2.7267 trn-auc: 0.8815  acc: 0.8737 val-auc: 0.8617  acc: 0.8506
128/1000 trn-loss-MF: 0.3295  trn-loss-MF: 0.2093 trn-loss-GC: -2.7578 trn-auc: 0.9627  acc: 0.9630 val-auc: 0.9162  acc: 0.9195
129/1000 trn-loss-MF: 0.2178  trn-loss-MF: 0.2974 trn-loss-GC: -2.7444 trn-auc: 0.9183  acc: 0.9235 val-auc: 0.8625  acc: 0.8736
130/1000 trn-loss-MF: 0.2927  trn-loss-MF: 0.1971 trn-loss-GC: -2.7631 trn-auc: 0.9570  acc: 0.9566 val-auc: 0.9324  acc: 0.9310
131/1000 trn-loss-MF: 0.2017  trn-loss-MF: 0.2604 trn-loss-GC: -2.7502 trn-auc: 0.9320  acc: 0.9286 val-auc: 0.9149  acc: 0.9080
132/1000 trn-loss-MF: 0.2546  trn-loss-MF: 0.2372 trn-loss-GC: -2.7270 trn-auc: 0.9512  acc: 0.9541 val-auc: 0.8875  acc: 0.8966
133/1000 trn-loss-MF: 0.2312  trn-loss-MF: 0.1986 trn-loss-GC: -2.7399 trn-auc: 0.9647  acc: 0.9656 val-auc: 0.9287  acc: 0.9310
134/1000 trn-loss-MF: 0.1970  trn-loss-MF: 0.2543 trn-loss-GC: -2.7456 trn-auc: 0.9365  acc: 0.9337 val-auc: 0.9255  acc: 0.9195
135/1000 trn-loss-MF: 0.2433  trn-loss-MF: 0.1687 trn-loss-GC: -2.7478 trn-auc: 0.9611  acc: 0.9617 val-auc: 0.9412  acc: 0.9425
136/1000 trn-loss-MF: 0.1762  trn-loss-MF: 0.2215 trn-loss-GC: -2.7413 trn-auc: 0.9472  acc: 0.9503 val-auc: 0.8875  acc: 0.8966
137/1000 trn-loss-MF: 0.2285  trn-loss-MF: 0.2028 trn-loss-GC: -2.7449 trn-auc: 0.9472  acc: 0.9452 val-auc: 0.9362  acc: 0.9310
138/1000 trn-loss-MF: 0.2065  trn-loss-MF: 0.1675 trn-loss-GC: -2.7506 trn-auc: 0.9585  acc: 0.9579 val-auc: 0.9431  acc: 0.9425
139/1000 trn-loss-MF: 0.1647  trn-loss-MF: 0.2140 trn-loss-GC: -2.7359 trn-auc: 0.9498  acc: 0.9528 val-auc: 0.8750  acc: 0.8851
140/1000 trn-loss-MF: 0.2173  trn-loss-MF: 0.1874 trn-loss-GC: -2.7268 trn-auc: 0.9565  acc: 0.9554 val-auc: 0.9218  acc: 0.9195
141/1000 trn-loss-MF: 0.1890  trn-loss-MF: 0.1866 trn-loss-GC: -2.7191 trn-auc: 0.9553  acc: 0.9541 val-auc: 0.9343  acc: 0.9310
142/1000 trn-loss-MF: 0.1876  trn-loss-MF: 0.1878 trn-loss-GC: -2.7310 trn-auc: 0.9581  acc: 0.9605 val-auc: 0.9375  acc: 0.9425
143/1000 trn-loss-MF: 0.1976  trn-loss-MF: 0.1741 trn-loss-GC: -2.7252 trn-auc: 0.9589  acc: 0.9579 val-auc: 0.9324  acc: 0.9310
144/1000 trn-loss-MF: 0.1858  trn-loss-MF: 0.1443 trn-loss-GC: -2.7373 trn-auc: 0.9677  acc: 0.9681 val-auc: 0.9306  acc: 0.9310
145/1000 trn-loss-MF: 0.1472  trn-loss-MF: 0.1574 trn-loss-GC: -2.7482 trn-auc: 0.9649  acc: 0.9668 val-auc: 0.9394  acc: 0.9425
146/1000 trn-loss-MF: 0.1704  trn-loss-MF: 0.1710 trn-loss-GC: -2.7341 trn-auc: 0.9569  acc: 0.9554 val-auc: 0.9343  acc: 0.9310
147/1000 trn-loss-MF: 0.1668  trn-loss-MF: 0.1375 trn-loss-GC: -2.7493 trn-auc: 0.9683  acc: 0.9694 val-auc: 0.9519  acc: 0.9540
148/1000 trn-loss-MF: 0.1367  trn-loss-MF: 0.1322 trn-loss-GC: -2.7562 trn-auc: 0.9683  acc: 0.9694 val-auc: 0.9519  acc: 0.9540
149/1000 trn-loss-MF: 0.1349  trn-loss-MF: 0.1560 trn-loss-GC: -2.7443 trn-auc: 0.9676  acc: 0.9668 val-auc: 0.9468  acc: 0.9425
150/1000 trn-loss-MF: 0.1606  trn-loss-MF: 0.1610 trn-loss-GC: -2.7674 trn-auc: 0.9594  acc: 0.9617 val-auc: 0.9394  acc: 0.9425
151/1000 trn-loss-MF: 0.1554  trn-loss-MF: 0.1524 trn-loss-GC: -2.7537 trn-auc: 0.9674  acc: 0.9668 val-auc: 0.9787  acc: 0.9770
152/1000 trn-loss-MF: 0.1510  trn-loss-MF: 0.1516 trn-loss-GC: -2.7712 trn-auc: 0.9649  acc: 0.9668 val-auc: 0.9394  acc: 0.9425
153/1000 trn-loss-MF: 0.1559  trn-loss-MF: 0.1312 trn-loss-GC: -2.7762 trn-auc: 0.9708  acc: 0.9707 val-auc: 0.9681  acc: 0.9655
154/1000 trn-loss-MF: 0.1294  trn-loss-MF: 0.1273 trn-loss-GC: -2.7542 trn-auc: 0.9758  acc: 0.9770 val-auc: 0.9644  acc: 0.9655
155/1000 trn-loss-MF: 0.1351  trn-loss-MF: 0.1188 trn-loss-GC: -2.7848 trn-auc: 0.9736  acc: 0.9745 val-auc: 0.9894  acc: 0.9885
156/1000 trn-loss-MF: 0.1155  trn-loss-MF: 0.1190 trn-loss-GC: -2.7900 trn-auc: 0.9777  acc: 0.9783 val-auc: 0.9894  acc: 0.9885
157/1000 trn-loss-MF: 0.1191  trn-loss-MF: 0.1203 trn-loss-GC: -2.7774 trn-auc: 0.9805  acc: 0.9809 val-auc: 0.9662  acc: 0.9655
158/1000 trn-loss-MF: 0.1189  trn-loss-MF: 0.1137 trn-loss-GC: -2.7836 trn-auc: 0.9779  acc: 0.9783 val-auc: 0.9662  acc: 0.9655
159/1000 trn-loss-MF: 0.1106  trn-loss-MF: 0.1140 trn-loss-GC: -2.7875 trn-auc: 0.9791  acc: 0.9796 val-auc: 0.9769  acc: 0.9770
160/1000 trn-loss-MF: 0.1171  trn-loss-MF: 0.1296 trn-loss-GC: -2.7840 trn-auc: 0.9737  acc: 0.9732 val-auc: 0.9681  acc: 0.9655
161/1000 trn-loss-MF: 0.1175  trn-loss-MF: 0.2005 trn-loss-GC: -2.7572 trn-auc: 0.9469  acc: 0.9503 val-auc: 0.9394  acc: 0.9425
162/1000 trn-loss-MF: 0.1975  trn-loss-MF: 0.7689 trn-loss-GC: -2.7169 trn-auc: 0.7336  acc: 0.7143 val-auc: 0.6489  acc: 0.6207
163/1000 trn-loss-MF: 0.6265  trn-loss-MF: 0.4481 trn-loss-GC: -2.7435 trn-auc: 0.8272  acc: 0.8393 val-auc: 0.7625  acc: 0.7816
164/1000 trn-loss-MF: 0.3411  trn-loss-MF: 0.5527 trn-loss-GC: -2.8039 trn-auc: 0.7638  acc: 0.7806 val-auc: 0.6875  acc: 0.7126
165/1000 trn-loss-MF: 0.4536  trn-loss-MF: 0.4565 trn-loss-GC: -2.8658 trn-auc: 0.8612  acc: 0.8546 val-auc: 0.7122  acc: 0.7011
166/1000 trn-loss-MF: 0.4100  trn-loss-MF: 0.6246 trn-loss-GC: -2.9496 trn-auc: 0.5071  acc: 0.4707 val-auc: 0.5000  acc: 0.4598
167/1000 trn-loss-MF: 0.4735  trn-loss-MF: 0.6523 trn-loss-GC: -2.9142 trn-auc: 0.6756  acc: 0.6518 val-auc: 0.6277  acc: 0.5977
168/1000 trn-loss-MF: 0.4373  trn-loss-MF: 0.5967 trn-loss-GC: -2.9149 trn-auc: 0.8864  acc: 0.8929 val-auc: 0.8750  acc: 0.8851
169/1000 trn-loss-MF: 0.3909  trn-loss-MF: 0.5126 trn-loss-GC: -2.9069 trn-auc: 0.8408  acc: 0.8520 val-auc: 0.8000  acc: 0.8161
170/1000 trn-loss-MF: 0.4062  trn-loss-MF: 0.3740 trn-loss-GC: -2.8548 trn-auc: 0.9486  acc: 0.9503 val-auc: 0.9394  acc: 0.9425
171/1000 trn-loss-MF: 0.3416  trn-loss-MF: 0.3443 trn-loss-GC: -2.8164 trn-auc: 0.9371  acc: 0.9337 val-auc: 0.8936  acc: 0.8851
172/1000 trn-loss-MF: 0.2926  trn-loss-MF: 0.3241 trn-loss-GC: -2.8047 trn-auc: 0.9276  acc: 0.9235 val-auc: 0.9043  acc: 0.8966
173/1000 trn-loss-MF: 0.2741  trn-loss-MF: 0.2943 trn-loss-GC: -2.8336 trn-auc: 0.9592  acc: 0.9605 val-auc: 0.9287  acc: 0.9310
174/1000 trn-loss-MF: 0.2590  trn-loss-MF: 0.3354 trn-loss-GC: -2.8424 trn-auc: 0.9395  acc: 0.9426 val-auc: 0.9269  acc: 0.9310
175/1000 trn-loss-MF: 0.2919  trn-loss-MF: 0.3333 trn-loss-GC: -2.8412 trn-auc: 0.9609  acc: 0.9605 val-auc: 0.9218  acc: 0.9195
176/1000 trn-loss-MF: 0.2642  trn-loss-MF: 0.3268 trn-loss-GC: -2.8201 trn-auc: 0.9440  acc: 0.9413 val-auc: 0.9024  acc: 0.8966
177/1000 trn-loss-MF: 0.2641  trn-loss-MF: 0.2611 trn-loss-GC: -2.7741 trn-auc: 0.9592  acc: 0.9605 val-auc: 0.9162  acc: 0.9195
178/1000 trn-loss-MF: 0.2108  trn-loss-MF: 0.2331 trn-loss-GC: -2.7563 trn-auc: 0.9533  acc: 0.9554 val-auc: 0.9162  acc: 0.9195
179/1000 trn-loss-MF: 0.1890  trn-loss-MF: 0.2284 trn-loss-GC: -2.7444 trn-auc: 0.9524  acc: 0.9503 val-auc: 0.9149  acc: 0.9080
180/1000 trn-loss-MF: 0.2016  trn-loss-MF: 0.2014 trn-loss-GC: -2.7418 trn-auc: 0.9667  acc: 0.9668 val-auc: 0.9199  acc: 0.9195
181/1000 trn-loss-MF: 0.1742  trn-loss-MF: 0.2007 trn-loss-GC: -2.7469 trn-auc: 0.9614  acc: 0.9630 val-auc: 0.9412  acc: 0.9425
182/1000 trn-loss-MF: 0.1963  trn-loss-MF: 0.1900 trn-loss-GC: -2.7429 trn-auc: 0.9571  acc: 0.9554 val-auc: 0.9005  acc: 0.8966
183/1000 trn-loss-MF: 0.1774  trn-loss-MF: 0.1616 trn-loss-GC: -2.7405 trn-auc: 0.9648  acc: 0.9643 val-auc: 0.9218  acc: 0.9195
184/1000 trn-loss-MF: 0.1514  trn-loss-MF: 0.1555 trn-loss-GC: -2.7670 trn-auc: 0.9622  acc: 0.9643 val-auc: 0.9394  acc: 0.9425
185/1000 trn-loss-MF: 0.1472  trn-loss-MF: 0.1884 trn-loss-GC: -2.7223 trn-auc: 0.9430  acc: 0.9401 val-auc: 0.9255  acc: 0.9195
186/1000 trn-loss-MF: 0.1739  trn-loss-MF: 0.1596 trn-loss-GC: -2.7429 trn-auc: 0.9703  acc: 0.9719 val-auc: 0.9519  acc: 0.9540
187/1000 trn-loss-MF: 0.1719  trn-loss-MF: 0.1415 trn-loss-GC: -2.7274 trn-auc: 0.9725  acc: 0.9719 val-auc: 0.9343  acc: 0.9310
188/1000 trn-loss-MF: 0.1447  trn-loss-MF: 0.1168 trn-loss-GC: -2.7495 trn-auc: 0.9789  acc: 0.9796 val-auc: 0.9412  acc: 0.9425
189/1000 trn-loss-MF: 0.1196  trn-loss-MF: 0.1230 trn-loss-GC: -2.7615 trn-auc: 0.9744  acc: 0.9758 val-auc: 0.9519  acc: 0.9540
190/1000 trn-loss-MF: 0.1209  trn-loss-MF: 0.1266 trn-loss-GC: -2.7414 trn-auc: 0.9737  acc: 0.9732 val-auc: 0.9343  acc: 0.9310
191/1000 trn-loss-MF: 0.1313  trn-loss-MF: 0.1457 trn-loss-GC: -2.7687 trn-auc: 0.9716  acc: 0.9732 val-auc: 0.9519  acc: 0.9540
192/1000 trn-loss-MF: 0.1529  trn-loss-MF: 0.1528 trn-loss-GC: -2.7510 trn-auc: 0.9573  acc: 0.9554 val-auc: 0.9255  acc: 0.9195
193/1000 trn-loss-MF: 0.1575  trn-loss-MF: 0.1884 trn-loss-GC: -2.7781 trn-auc: 0.9620  acc: 0.9643 val-auc: 0.9269  acc: 0.9310
194/1000 trn-loss-MF: 0.1954  trn-loss-MF: 0.3476 trn-loss-GC: -2.7423 trn-auc: 0.8925  acc: 0.8852 val-auc: 0.9043  acc: 0.8966
195/1000 trn-loss-MF: 0.2976  trn-loss-MF: 0.4414 trn-loss-GC: -2.7536 trn-auc: 0.8311  acc: 0.8431 val-auc: 0.8000  acc: 0.8161
196/1000 trn-loss-MF: 0.3428  trn-loss-MF: 0.2038 trn-loss-GC: -2.7875 trn-auc: 0.9587  acc: 0.9566 val-auc: 0.9005  acc: 0.8966
197/1000 trn-loss-MF: 0.2099  trn-loss-MF: 0.3346 trn-loss-GC: -2.7805 trn-auc: 0.9032  acc: 0.8967 val-auc: 0.8598  acc: 0.8506
198/1000 trn-loss-MF: 0.2824  trn-loss-MF: 0.1920 trn-loss-GC: -2.8094 trn-auc: 0.9663  acc: 0.9681 val-auc: 0.9375  acc: 0.9425
199/1000 trn-loss-MF: 0.2030  trn-loss-MF: 0.1906 trn-loss-GC: -2.8336 trn-auc: 0.9606  acc: 0.9630 val-auc: 0.9375  acc: 0.9425
200/1000 trn-loss-MF: 0.1824  trn-loss-MF: 0.3271 trn-loss-GC: -2.7968 trn-auc: 0.9183  acc: 0.9133 val-auc: 0.8936  acc: 0.8851
201/1000 trn-loss-MF: 0.2861  trn-loss-MF: 0.2131 trn-loss-GC: -2.8295 trn-auc: 0.9695  acc: 0.9707 val-auc: 0.9162  acc: 0.9195
202/1000 trn-loss-MF: 0.2005  trn-loss-MF: 0.3348 trn-loss-GC: -2.8209 trn-auc: 0.9345  acc: 0.9388 val-auc: 0.8750  acc: 0.8851
203/1000 trn-loss-MF: 0.2745  trn-loss-MF: 0.1910 trn-loss-GC: -2.8289 trn-auc: 0.9666  acc: 0.9656 val-auc: 0.9343  acc: 0.9310
204/1000 trn-loss-MF: 0.1836  trn-loss-MF: 0.2163 trn-loss-GC: -2.8198 trn-auc: 0.9454  acc: 0.9426 val-auc: 0.9237  acc: 0.9195
205/1000 trn-loss-MF: 0.1884  trn-loss-MF: 0.2098 trn-loss-GC: -2.8302 trn-auc: 0.9648  acc: 0.9668 val-auc: 0.9375  acc: 0.9425
206/1000 trn-loss-MF: 0.2153  trn-loss-MF: 0.1935 trn-loss-GC: -2.8242 trn-auc: 0.9726  acc: 0.9732 val-auc: 0.9306  acc: 0.9310
time: 9.7212 sec.
tst-auc: 0.9894  acc: 0.9885
attention maps have been saved.
784
Counter({1: 421, 0: 363})
  0/1000 trn-loss-MF: 0.9197  trn-loss-MF: 0.7964 trn-loss-GC: -0.3408 trn-auc: 0.5083  acc: 0.5319 val-auc: 0.5418  acc: 0.5632
  1/1000 trn-loss-MF: 0.8944  trn-loss-MF: 0.7719 trn-loss-GC: -0.3587 trn-auc: 0.4963  acc: 0.5204 val-auc: 0.4936  acc: 0.5172
  2/1000 trn-loss-MF: 0.8064  trn-loss-MF: 0.7487 trn-loss-GC: -0.5082 trn-auc: 0.4873  acc: 0.5128 val-auc: 0.4811  acc: 0.5057
  3/1000 trn-loss-MF: 0.7579  trn-loss-MF: 0.7821 trn-loss-GC: -0.6863 trn-auc: 0.4862  acc: 0.5128 val-auc: 0.4686  acc: 0.4943
  4/1000 trn-loss-MF: 0.7500  trn-loss-MF: 0.7553 trn-loss-GC: -0.8810 trn-auc: 0.4782  acc: 0.5077 val-auc: 0.4649  acc: 0.4943
  5/1000 trn-loss-MF: 0.7113  trn-loss-MF: 0.7472 trn-loss-GC: -1.0545 trn-auc: 0.4804  acc: 0.5102 val-auc: 0.4737  acc: 0.5057
  6/1000 trn-loss-MF: 0.6999  trn-loss-MF: 0.7410 trn-loss-GC: -1.2586 trn-auc: 0.4759  acc: 0.5077 val-auc: 0.4399  acc: 0.4713
  7/1000 trn-loss-MF: 0.7052  trn-loss-MF: 0.7213 trn-loss-GC: -1.4587 trn-auc: 0.4803  acc: 0.5128 val-auc: 0.4593  acc: 0.4943
  8/1000 trn-loss-MF: 0.6859  trn-loss-MF: 0.7146 trn-loss-GC: -1.6719 trn-auc: 0.4825  acc: 0.5166 val-auc: 0.4574  acc: 0.4943
  9/1000 trn-loss-MF: 0.6843  trn-loss-MF: 0.7134 trn-loss-GC: -1.8606 trn-auc: 0.4920  acc: 0.5268 val-auc: 0.4681  acc: 0.5057
 10/1000 trn-loss-MF: 0.6916  trn-loss-MF: 0.7089 trn-loss-GC: -2.0364 trn-auc: 0.4966  acc: 0.5319 val-auc: 0.4787  acc: 0.5172
 11/1000 trn-loss-MF: 0.6826  trn-loss-MF: 0.7009 trn-loss-GC: -2.1822 trn-auc: 0.4978  acc: 0.5332 val-auc: 0.4787  acc: 0.5172
 12/1000 trn-loss-MF: 0.6847  trn-loss-MF: 0.6982 trn-loss-GC: -2.2999 trn-auc: 0.4990  acc: 0.5344 val-auc: 0.5019  acc: 0.5402
 13/1000 trn-loss-MF: 0.6750  trn-loss-MF: 0.6961 trn-loss-GC: -2.3812 trn-auc: 0.4952  acc: 0.5306 val-auc: 0.5019  acc: 0.5402
 14/1000 trn-loss-MF: 0.6792  trn-loss-MF: 0.6951 trn-loss-GC: -2.4215 trn-auc: 0.5008  acc: 0.5370 val-auc: 0.4787  acc: 0.5172
 15/1000 trn-loss-MF: 0.6842  trn-loss-MF: 0.6940 trn-loss-GC: -2.4342 trn-auc: 0.5004  acc: 0.5370 val-auc: 0.5000  acc: 0.5402
 16/1000 trn-loss-MF: 0.6735  trn-loss-MF: 0.6932 trn-loss-GC: -2.4294 trn-auc: 0.5002  acc: 0.5370 val-auc: 0.5000  acc: 0.5402
 17/1000 trn-loss-MF: 0.6714  trn-loss-MF: 0.6937 trn-loss-GC: -2.4149 trn-auc: 0.5000  acc: 0.5370 val-auc: 0.5000  acc: 0.5402
 18/1000 trn-loss-MF: 0.6709  trn-loss-MF: 0.6934 trn-loss-GC: -2.4078 trn-auc: 0.5000  acc: 0.5370 val-auc: 0.5000  acc: 0.5402
 19/1000 trn-loss-MF: 0.6740  trn-loss-MF: 0.6937 trn-loss-GC: -2.4195 trn-auc: 0.5000  acc: 0.5370 val-auc: 0.5000  acc: 0.5402
 20/1000 trn-loss-MF: 0.6813  trn-loss-MF: 0.6945 trn-loss-GC: -2.4501 trn-auc: 0.5000  acc: 0.5370 val-auc: 0.5000  acc: 0.5402
 21/1000 trn-loss-MF: 0.6724  trn-loss-MF: 0.6950 trn-loss-GC: -2.4762 trn-auc: 0.5000  acc: 0.5370 val-auc: 0.5000  acc: 0.5402
 22/1000 trn-loss-MF: 0.6592  trn-loss-MF: 0.6960 trn-loss-GC: -2.4916 trn-auc: 0.5000  acc: 0.5370 val-auc: 0.5000  acc: 0.5402
 23/1000 trn-loss-MF: 0.6682  trn-loss-MF: 0.6965 trn-loss-GC: -2.5019 trn-auc: 0.5000  acc: 0.5370 val-auc: 0.5000  acc: 0.5402
 24/1000 trn-loss-MF: 0.6584  trn-loss-MF: 0.6975 trn-loss-GC: -2.5069 trn-auc: 0.5000  acc: 0.5370 val-auc: 0.5000  acc: 0.5402
 25/1000 trn-loss-MF: 0.6552  trn-loss-MF: 0.6997 trn-loss-GC: -2.5234 trn-auc: 0.5000  acc: 0.5370 val-auc: 0.5000  acc: 0.5402
 26/1000 trn-loss-MF: 0.6574  trn-loss-MF: 0.7026 trn-loss-GC: -2.5190 trn-auc: 0.5000  acc: 0.5370 val-auc: 0.5000  acc: 0.5402
 27/1000 trn-loss-MF: 0.6481  trn-loss-MF: 0.7055 trn-loss-GC: -2.4911 trn-auc: 0.5000  acc: 0.5370 val-auc: 0.5000  acc: 0.5402
 28/1000 trn-loss-MF: 0.6439  trn-loss-MF: 0.7045 trn-loss-GC: -2.5065 trn-auc: 0.5000  acc: 0.5370 val-auc: 0.5000  acc: 0.5402
 29/1000 trn-loss-MF: 0.6312  trn-loss-MF: 0.7067 trn-loss-GC: -2.5488 trn-auc: 0.5000  acc: 0.5370 val-auc: 0.5000  acc: 0.5402
 30/1000 trn-loss-MF: 0.6245  trn-loss-MF: 0.7108 trn-loss-GC: -2.5751 trn-auc: 0.5000  acc: 0.5370 val-auc: 0.5000  acc: 0.5402
 31/1000 trn-loss-MF: 0.6030  trn-loss-MF: 0.7120 trn-loss-GC: -2.5850 trn-auc: 0.5000  acc: 0.5370 val-auc: 0.5000  acc: 0.5402
 32/1000 trn-loss-MF: 0.5959  trn-loss-MF: 0.7069 trn-loss-GC: -2.5985 trn-auc: 0.5000  acc: 0.5370 val-auc: 0.5000  acc: 0.5402
 33/1000 trn-loss-MF: 0.5831  trn-loss-MF: 0.7103 trn-loss-GC: -2.6017 trn-auc: 0.5000  acc: 0.5370 val-auc: 0.5000  acc: 0.5402
 34/1000 trn-loss-MF: 0.5905  trn-loss-MF: 0.6959 trn-loss-GC: -2.5954 trn-auc: 0.5000  acc: 0.5370 val-auc: 0.5000  acc: 0.5402
 35/1000 trn-loss-MF: 0.6107  trn-loss-MF: 0.7011 trn-loss-GC: -2.6955 trn-auc: 0.5000  acc: 0.5370 val-auc: 0.5000  acc: 0.5402
 36/1000 trn-loss-MF: 0.5573  trn-loss-MF: 0.7136 trn-loss-GC: -2.6770 trn-auc: 0.5000  acc: 0.5370 val-auc: 0.5000  acc: 0.5402
 37/1000 trn-loss-MF: 0.6035  trn-loss-MF: 0.7075 trn-loss-GC: -2.6924 trn-auc: 0.5000  acc: 0.5370 val-auc: 0.5000  acc: 0.5402
 38/1000 trn-loss-MF: 0.5177  trn-loss-MF: 0.6992 trn-loss-GC: -2.6607 trn-auc: 0.5000  acc: 0.5370 val-auc: 0.5000  acc: 0.5402
 39/1000 trn-loss-MF: 0.5482  trn-loss-MF: 0.7039 trn-loss-GC: -2.6371 trn-auc: 0.5000  acc: 0.5370 val-auc: 0.5000  acc: 0.5402
 40/1000 trn-loss-MF: 0.5652  trn-loss-MF: 0.6977 trn-loss-GC: -2.7302 trn-auc: 0.5000  acc: 0.5370 val-auc: 0.5000  acc: 0.5402
 41/1000 trn-loss-MF: 0.4937  trn-loss-MF: 0.6908 trn-loss-GC: -2.6745 trn-auc: 0.5000  acc: 0.5370 val-auc: 0.5000  acc: 0.5402
 42/1000 trn-loss-MF: 0.5591  trn-loss-MF: 0.6881 trn-loss-GC: -2.7052 trn-auc: 0.5000  acc: 0.5370 val-auc: 0.5000  acc: 0.5402
 43/1000 trn-loss-MF: 0.4645  trn-loss-MF: 0.6874 trn-loss-GC: -2.6874 trn-auc: 0.7832  acc: 0.7717 val-auc: 0.7979  acc: 0.7816
 44/1000 trn-loss-MF: 0.5445  trn-loss-MF: 0.6794 trn-loss-GC: -2.6994 trn-auc: 0.6464  acc: 0.6722 val-auc: 0.6537  acc: 0.6782
 45/1000 trn-loss-MF: 0.4864  trn-loss-MF: 0.6821 trn-loss-GC: -2.7391 trn-auc: 0.5014  acc: 0.5383 val-auc: 0.5000  acc: 0.5402
 46/1000 trn-loss-MF: 0.4901  trn-loss-MF: 0.6765 trn-loss-GC: -2.7150 trn-auc: 0.8624  acc: 0.8622 val-auc: 0.8561  acc: 0.8506
 47/1000 trn-loss-MF: 0.4604  trn-loss-MF: 0.6558 trn-loss-GC: -2.6711 trn-auc: 0.8244  acc: 0.8163 val-auc: 0.8173  acc: 0.8046
 48/1000 trn-loss-MF: 0.4369  trn-loss-MF: 0.6517 trn-loss-GC: -2.6919 trn-auc: 0.7467  acc: 0.7640 val-auc: 0.6787  acc: 0.7011
 49/1000 trn-loss-MF: 0.4913  trn-loss-MF: 0.6559 trn-loss-GC: -2.7916 trn-auc: 0.8573  acc: 0.8610 val-auc: 0.8862  acc: 0.8851
 50/1000 trn-loss-MF: 0.4577  trn-loss-MF: 0.6646 trn-loss-GC: -2.8137 trn-auc: 0.7231  acc: 0.7041 val-auc: 0.6596  acc: 0.6322
 51/1000 trn-loss-MF: 0.4949  trn-loss-MF: 0.6452 trn-loss-GC: -2.7922 trn-auc: 0.8224  acc: 0.8125 val-auc: 0.7979  acc: 0.7816
 52/1000 trn-loss-MF: 0.4586  trn-loss-MF: 0.6122 trn-loss-GC: -2.7190 trn-auc: 0.8208  acc: 0.8316 val-auc: 0.7556  acc: 0.7701
 53/1000 trn-loss-MF: 0.4148  trn-loss-MF: 0.5576 trn-loss-GC: -2.6864 trn-auc: 0.8624  acc: 0.8661 val-auc: 0.8699  acc: 0.8736
 54/1000 trn-loss-MF: 0.3515  trn-loss-MF: 0.6114 trn-loss-GC: -2.6908 trn-auc: 0.7865  acc: 0.7730 val-auc: 0.7766  acc: 0.7586
 55/1000 trn-loss-MF: 0.4531  trn-loss-MF: 0.6122 trn-loss-GC: -2.7764 trn-auc: 0.8342  acc: 0.8444 val-auc: 0.7806  acc: 0.7931
 56/1000 trn-loss-MF: 0.4116  trn-loss-MF: 0.6288 trn-loss-GC: -2.7736 trn-auc: 0.6436  acc: 0.6696 val-auc: 0.6644  acc: 0.6897
 57/1000 trn-loss-MF: 0.4694  trn-loss-MF: 0.5791 trn-loss-GC: -2.7831 trn-auc: 0.8798  acc: 0.8839 val-auc: 0.8843  acc: 0.8851
 58/1000 trn-loss-MF: 0.3912  trn-loss-MF: 0.5664 trn-loss-GC: -2.7452 trn-auc: 0.8233  acc: 0.8125 val-auc: 0.8085  acc: 0.7931
 59/1000 trn-loss-MF: 0.4073  trn-loss-MF: 0.4639 trn-loss-GC: -2.6581 trn-auc: 0.8957  acc: 0.8980 val-auc: 0.9074  acc: 0.9080
 60/1000 trn-loss-MF: 0.3015  trn-loss-MF: 0.4531 trn-loss-GC: -2.6748 trn-auc: 0.9000  acc: 0.9018 val-auc: 0.8968  acc: 0.8966
 61/1000 trn-loss-MF: 0.2854  trn-loss-MF: 0.5088 trn-loss-GC: -2.6795 trn-auc: 0.8762  acc: 0.8699 val-auc: 0.8298  acc: 0.8161
 62/1000 trn-loss-MF: 0.3582  trn-loss-MF: 0.4803 trn-loss-GC: -2.7298 trn-auc: 0.8669  acc: 0.8750 val-auc: 0.8162  acc: 0.8276
 63/1000 trn-loss-MF: 0.3560  trn-loss-MF: 0.4266 trn-loss-GC: -2.7159 trn-auc: 0.9042  acc: 0.9069 val-auc: 0.8968  acc: 0.8966
 64/1000 trn-loss-MF: 0.2978  trn-loss-MF: 0.4290 trn-loss-GC: -2.6982 trn-auc: 0.8841  acc: 0.8788 val-auc: 0.8404  acc: 0.8276
 65/1000 trn-loss-MF: 0.3635  trn-loss-MF: 0.6911 trn-loss-GC: -2.4877 trn-auc: 0.7196  acc: 0.7398 val-auc: 0.6644  acc: 0.6897
 66/1000 trn-loss-MF: 0.5939  trn-loss-MF: 0.5486 trn-loss-GC: -2.8038 trn-auc: 0.8211  acc: 0.8099 val-auc: 0.8191  acc: 0.8046
 67/1000 trn-loss-MF: 0.4071  trn-loss-MF: 0.6831 trn-loss-GC: -2.8292 trn-auc: 0.5794  acc: 0.5485 val-auc: 0.5426  acc: 0.5057
 68/1000 trn-loss-MF: 0.5555  trn-loss-MF: 0.6655 trn-loss-GC: -2.8708 trn-auc: 0.6043  acc: 0.5753 val-auc: 0.5532  acc: 0.5172
 69/1000 trn-loss-MF: 0.5343  trn-loss-MF: 0.5923 trn-loss-GC: -2.8063 trn-auc: 0.8441  acc: 0.8355 val-auc: 0.8723  acc: 0.8621
 70/1000 trn-loss-MF: 0.5057  trn-loss-MF: 0.5954 trn-loss-GC: -2.7778 trn-auc: 0.6509  acc: 0.6760 val-auc: 0.6181  acc: 0.6437
 71/1000 trn-loss-MF: 0.5349  trn-loss-MF: 0.6046 trn-loss-GC: -2.8034 trn-auc: 0.5455  acc: 0.5791 val-auc: 0.5375  acc: 0.5747
 72/1000 trn-loss-MF: 0.5632  trn-loss-MF: 0.5918 trn-loss-GC: -2.8466 trn-auc: 0.6344  acc: 0.6607 val-auc: 0.5931  acc: 0.6207
 73/1000 trn-loss-MF: 0.5221  trn-loss-MF: 0.5964 trn-loss-GC: -2.8917 trn-auc: 0.8471  acc: 0.8393 val-auc: 0.8830  acc: 0.8736
 74/1000 trn-loss-MF: 0.4858  trn-loss-MF: 0.6355 trn-loss-GC: -2.8972 trn-auc: 0.6103  acc: 0.5816 val-auc: 0.5638  acc: 0.5287
 75/1000 trn-loss-MF: 0.4961  trn-loss-MF: 0.6420 trn-loss-GC: -2.8641 trn-auc: 0.5901  acc: 0.5599 val-auc: 0.5426  acc: 0.5057
 76/1000 trn-loss-MF: 0.4897  trn-loss-MF: 0.5660 trn-loss-GC: -2.8451 trn-auc: 0.8318  acc: 0.8214 val-auc: 0.8298  acc: 0.8161
 77/1000 trn-loss-MF: 0.4129  trn-loss-MF: 0.4984 trn-loss-GC: -2.8169 trn-auc: 0.8761  acc: 0.8827 val-auc: 0.8343  acc: 0.8391
 78/1000 trn-loss-MF: 0.3771  trn-loss-MF: 0.4139 trn-loss-GC: -2.7497 trn-auc: 0.8977  acc: 0.9018 val-auc: 0.9093  acc: 0.9080
 79/1000 trn-loss-MF: 0.3309  trn-loss-MF: 0.4132 trn-loss-GC: -2.7267 trn-auc: 0.8906  acc: 0.8852 val-auc: 0.8723  acc: 0.8621
 80/1000 trn-loss-MF: 0.3220  trn-loss-MF: 0.4330 trn-loss-GC: -2.7982 trn-auc: 0.9113  acc: 0.9145 val-auc: 0.9093  acc: 0.9080
 81/1000 trn-loss-MF: 0.3208  trn-loss-MF: 0.4763 trn-loss-GC: -2.8096 trn-auc: 0.8714  acc: 0.8788 val-auc: 0.8343  acc: 0.8391
 82/1000 trn-loss-MF: 0.3647  trn-loss-MF: 0.4469 trn-loss-GC: -2.8096 trn-auc: 0.9281  acc: 0.9273 val-auc: 0.9130  acc: 0.9080
 83/1000 trn-loss-MF: 0.3262  trn-loss-MF: 0.4084 trn-loss-GC: -2.7799 trn-auc: 0.9239  acc: 0.9222 val-auc: 0.9043  acc: 0.8966
 84/1000 trn-loss-MF: 0.3177  trn-loss-MF: 0.3517 trn-loss-GC: -2.7167 trn-auc: 0.9086  acc: 0.9120 val-auc: 0.9199  acc: 0.9195
 85/1000 trn-loss-MF: 0.2720  trn-loss-MF: 0.3027 trn-loss-GC: -2.6782 trn-auc: 0.9211  acc: 0.9222 val-auc: 0.9093  acc: 0.9080
 86/1000 trn-loss-MF: 0.2335  trn-loss-MF: 0.3039 trn-loss-GC: -2.6629 trn-auc: 0.9214  acc: 0.9196 val-auc: 0.9043  acc: 0.8966
 87/1000 trn-loss-MF: 0.2510  trn-loss-MF: 0.3214 trn-loss-GC: -2.6532 trn-auc: 0.9190  acc: 0.9222 val-auc: 0.9093  acc: 0.9080
 88/1000 trn-loss-MF: 0.2751  trn-loss-MF: 0.2822 trn-loss-GC: -2.6542 trn-auc: 0.9372  acc: 0.9362 val-auc: 0.9362  acc: 0.9310
 89/1000 trn-loss-MF: 0.2342  trn-loss-MF: 0.2688 trn-loss-GC: -2.6398 trn-auc: 0.9283  acc: 0.9260 val-auc: 0.9149  acc: 0.9080
 90/1000 trn-loss-MF: 0.2334  trn-loss-MF: 0.2866 trn-loss-GC: -2.6548 trn-auc: 0.9200  acc: 0.9235 val-auc: 0.9181  acc: 0.9195
 91/1000 trn-loss-MF: 0.2612  trn-loss-MF: 0.3511 trn-loss-GC: -2.6215 trn-auc: 0.8690  acc: 0.8610 val-auc: 0.8298  acc: 0.8161
 92/1000 trn-loss-MF: 0.3037  trn-loss-MF: 0.3853 trn-loss-GC: -2.6921 trn-auc: 0.8577  acc: 0.8673 val-auc: 0.8519  acc: 0.8621
 93/1000 trn-loss-MF: 0.3653  trn-loss-MF: 0.3256 trn-loss-GC: -2.6825 trn-auc: 0.9177  acc: 0.9133 val-auc: 0.9043  acc: 0.8966
 94/1000 trn-loss-MF: 0.2699  trn-loss-MF: 0.3147 trn-loss-GC: -2.6832 trn-auc: 0.9318  acc: 0.9286 val-auc: 0.8936  acc: 0.8851
 95/1000 trn-loss-MF: 0.2781  trn-loss-MF: 0.3474 trn-loss-GC: -2.6822 trn-auc: 0.8727  acc: 0.8814 val-auc: 0.8394  acc: 0.8506
 96/1000 trn-loss-MF: 0.3152  trn-loss-MF: 0.2465 trn-loss-GC: -2.6994 trn-auc: 0.9380  acc: 0.9362 val-auc: 0.9149  acc: 0.9080
 97/1000 trn-loss-MF: 0.2412  trn-loss-MF: 0.2098 trn-loss-GC: -2.7014 trn-auc: 0.9416  acc: 0.9413 val-auc: 0.9362  acc: 0.9310
 98/1000 trn-loss-MF: 0.2010  trn-loss-MF: 0.3370 trn-loss-GC: -2.6758 trn-auc: 0.9122  acc: 0.9171 val-auc: 0.9287  acc: 0.9310
 99/1000 trn-loss-MF: 0.2851  trn-loss-MF: 0.3061 trn-loss-GC: -2.7160 trn-auc: 0.9292  acc: 0.9260 val-auc: 0.8936  acc: 0.8851
100/1000 trn-loss-MF: 0.2601  trn-loss-MF: 0.2882 trn-loss-GC: -2.7223 trn-auc: 0.9328  acc: 0.9298 val-auc: 0.9043  acc: 0.8966
101/1000 trn-loss-MF: 0.2636  trn-loss-MF: 0.2426 trn-loss-GC: -2.7281 trn-auc: 0.9265  acc: 0.9298 val-auc: 0.9181  acc: 0.9195
102/1000 trn-loss-MF: 0.2516  trn-loss-MF: 0.2144 trn-loss-GC: -2.7407 trn-auc: 0.9461  acc: 0.9464 val-auc: 0.9255  acc: 0.9195
103/1000 trn-loss-MF: 0.2057  trn-loss-MF: 0.2246 trn-loss-GC: -2.7352 trn-auc: 0.9441  acc: 0.9426 val-auc: 0.9362  acc: 0.9310
104/1000 trn-loss-MF: 0.2191  trn-loss-MF: 0.2706 trn-loss-GC: -2.6870 trn-auc: 0.9289  acc: 0.9324 val-auc: 0.9181  acc: 0.9195
105/1000 trn-loss-MF: 0.2272  trn-loss-MF: 0.2108 trn-loss-GC: -2.7128 trn-auc: 0.9528  acc: 0.9528 val-auc: 0.9362  acc: 0.9310
106/1000 trn-loss-MF: 0.2034  trn-loss-MF: 0.2423 trn-loss-GC: -2.7189 trn-auc: 0.9350  acc: 0.9324 val-auc: 0.9043  acc: 0.8966
107/1000 trn-loss-MF: 0.2234  trn-loss-MF: 0.2147 trn-loss-GC: -2.7306 trn-auc: 0.9429  acc: 0.9452 val-auc: 0.9181  acc: 0.9195
108/1000 trn-loss-MF: 0.2169  trn-loss-MF: 0.1783 trn-loss-GC: -2.7425 trn-auc: 0.9552  acc: 0.9554 val-auc: 0.9574  acc: 0.9540
109/1000 trn-loss-MF: 0.1648  trn-loss-MF: 0.2089 trn-loss-GC: -2.7325 trn-auc: 0.9480  acc: 0.9464 val-auc: 0.9255  acc: 0.9195
110/1000 trn-loss-MF: 0.1905  trn-loss-MF: 0.2253 trn-loss-GC: -2.7297 trn-auc: 0.9447  acc: 0.9477 val-auc: 0.9287  acc: 0.9310
111/1000 trn-loss-MF: 0.2205  trn-loss-MF: 0.1729 trn-loss-GC: -2.7385 trn-auc: 0.9540  acc: 0.9541 val-auc: 0.9574  acc: 0.9540
112/1000 trn-loss-MF: 0.1657  trn-loss-MF: 0.1900 trn-loss-GC: -2.7400 trn-auc: 0.9514  acc: 0.9503 val-auc: 0.9468  acc: 0.9425
113/1000 trn-loss-MF: 0.1882  trn-loss-MF: 0.2569 trn-loss-GC: -2.7277 trn-auc: 0.9279  acc: 0.9324 val-auc: 0.9394  acc: 0.9425
114/1000 trn-loss-MF: 0.2465  trn-loss-MF: 0.2083 trn-loss-GC: -2.7162 trn-auc: 0.9518  acc: 0.9503 val-auc: 0.9255  acc: 0.9195
115/1000 trn-loss-MF: 0.2009  trn-loss-MF: 0.1686 trn-loss-GC: -2.7389 trn-auc: 0.9588  acc: 0.9592 val-auc: 0.9574  acc: 0.9540
116/1000 trn-loss-MF: 0.1641  trn-loss-MF: 0.1972 trn-loss-GC: -2.7426 trn-auc: 0.9502  acc: 0.9528 val-auc: 0.9181  acc: 0.9195
117/1000 trn-loss-MF: 0.1934  trn-loss-MF: 0.1784 trn-loss-GC: -2.7493 trn-auc: 0.9597  acc: 0.9592 val-auc: 0.9468  acc: 0.9425
118/1000 trn-loss-MF: 0.1810  trn-loss-MF: 0.1564 trn-loss-GC: -2.7654 trn-auc: 0.9588  acc: 0.9592 val-auc: 0.9574  acc: 0.9540
119/1000 trn-loss-MF: 0.1485  trn-loss-MF: 0.1773 trn-loss-GC: -2.7563 trn-auc: 0.9578  acc: 0.9592 val-auc: 0.9324  acc: 0.9310
120/1000 trn-loss-MF: 0.1708  trn-loss-MF: 0.1675 trn-loss-GC: -2.7533 trn-auc: 0.9639  acc: 0.9630 val-auc: 0.9468  acc: 0.9425
121/1000 trn-loss-MF: 0.1604  trn-loss-MF: 0.1533 trn-loss-GC: -2.7381 trn-auc: 0.9639  acc: 0.9643 val-auc: 0.9449  acc: 0.9425
122/1000 trn-loss-MF: 0.1482  trn-loss-MF: 0.1429 trn-loss-GC: -2.7592 trn-auc: 0.9633  acc: 0.9643 val-auc: 0.9449  acc: 0.9425
123/1000 trn-loss-MF: 0.1385  trn-loss-MF: 0.1548 trn-loss-GC: -2.7501 trn-auc: 0.9672  acc: 0.9668 val-auc: 0.9574  acc: 0.9540
124/1000 trn-loss-MF: 0.1600  trn-loss-MF: 0.1744 trn-loss-GC: -2.7458 trn-auc: 0.9571  acc: 0.9592 val-auc: 0.9269  acc: 0.9310
125/1000 trn-loss-MF: 0.1631  trn-loss-MF: 0.1814 trn-loss-GC: -2.7335 trn-auc: 0.9500  acc: 0.9477 val-auc: 0.9468  acc: 0.9425
126/1000 trn-loss-MF: 0.1781  trn-loss-MF: 0.2240 trn-loss-GC: -2.7209 trn-auc: 0.9581  acc: 0.9605 val-auc: 0.9269  acc: 0.9310
127/1000 trn-loss-MF: 0.2154  trn-loss-MF: 0.3937 trn-loss-GC: -2.6576 trn-auc: 0.8757  acc: 0.8673 val-auc: 0.8617  acc: 0.8506
128/1000 trn-loss-MF: 0.3020  trn-loss-MF: 0.4679 trn-loss-GC: -2.6776 trn-auc: 0.7912  acc: 0.8061 val-auc: 0.7769  acc: 0.7931
129/1000 trn-loss-MF: 0.3731  trn-loss-MF: 0.2713 trn-loss-GC: -2.7095 trn-auc: 0.9549  acc: 0.9566 val-auc: 0.9556  acc: 0.9540
130/1000 trn-loss-MF: 0.2729  trn-loss-MF: 0.2945 trn-loss-GC: -2.7186 trn-auc: 0.9274  acc: 0.9235 val-auc: 0.8830  acc: 0.8736
131/1000 trn-loss-MF: 0.2839  trn-loss-MF: 0.1784 trn-loss-GC: -2.7608 trn-auc: 0.9613  acc: 0.9617 val-auc: 0.9468  acc: 0.9425
132/1000 trn-loss-MF: 0.1553  trn-loss-MF: 0.2464 trn-loss-GC: -2.7807 trn-auc: 0.9447  acc: 0.9477 val-auc: 0.9287  acc: 0.9310
133/1000 trn-loss-MF: 0.2307  trn-loss-MF: 0.2526 trn-loss-GC: -2.7811 trn-auc: 0.9643  acc: 0.9656 val-auc: 0.9556  acc: 0.9540
134/1000 trn-loss-MF: 0.2308  trn-loss-MF: 0.2207 trn-loss-GC: -2.7534 trn-auc: 0.9637  acc: 0.9630 val-auc: 0.9468  acc: 0.9425
135/1000 trn-loss-MF: 0.2072  trn-loss-MF: 0.1783 trn-loss-GC: -2.7149 trn-auc: 0.9613  acc: 0.9617 val-auc: 0.9574  acc: 0.9540
136/1000 trn-loss-MF: 0.1571  trn-loss-MF: 0.1863 trn-loss-GC: -2.6924 trn-auc: 0.9610  acc: 0.9617 val-auc: 0.9449  acc: 0.9425
137/1000 trn-loss-MF: 0.1840  trn-loss-MF: 0.1731 trn-loss-GC: -2.6956 trn-auc: 0.9643  acc: 0.9643 val-auc: 0.9468  acc: 0.9425
138/1000 trn-loss-MF: 0.1782  trn-loss-MF: 0.1614 trn-loss-GC: -2.7022 trn-auc: 0.9607  acc: 0.9605 val-auc: 0.9574  acc: 0.9540
139/1000 trn-loss-MF: 0.1555  trn-loss-MF: 0.1501 trn-loss-GC: -2.7278 trn-auc: 0.9615  acc: 0.9617 val-auc: 0.9574  acc: 0.9540
140/1000 trn-loss-MF: 0.1506  trn-loss-MF: 0.1467 trn-loss-GC: -2.7272 trn-auc: 0.9627  acc: 0.9630 val-auc: 0.9574  acc: 0.9540
141/1000 trn-loss-MF: 0.1430  trn-loss-MF: 0.1451 trn-loss-GC: -2.7245 trn-auc: 0.9635  acc: 0.9630 val-auc: 0.9574  acc: 0.9540
142/1000 trn-loss-MF: 0.1385  trn-loss-MF: 0.1304 trn-loss-GC: -2.7237 trn-auc: 0.9651  acc: 0.9656 val-auc: 0.9574  acc: 0.9540
143/1000 trn-loss-MF: 0.1305  trn-loss-MF: 0.1296 trn-loss-GC: -2.7002 trn-auc: 0.9688  acc: 0.9694 val-auc: 0.9574  acc: 0.9540
144/1000 trn-loss-MF: 0.1257  trn-loss-MF: 0.1273 trn-loss-GC: -2.7011 trn-auc: 0.9716  acc: 0.9719 val-auc: 0.9574  acc: 0.9540
145/1000 trn-loss-MF: 0.1168  trn-loss-MF: 0.1166 trn-loss-GC: -2.7208 trn-auc: 0.9712  acc: 0.9719 val-auc: 0.9662  acc: 0.9655
146/1000 trn-loss-MF: 0.1144  trn-loss-MF: 0.1165 trn-loss-GC: -2.7198 trn-auc: 0.9742  acc: 0.9745 val-auc: 0.9574  acc: 0.9540
147/1000 trn-loss-MF: 0.1138  trn-loss-MF: 0.1114 trn-loss-GC: -2.7218 trn-auc: 0.9742  acc: 0.9745 val-auc: 0.9574  acc: 0.9540
148/1000 trn-loss-MF: 0.1101  trn-loss-MF: 0.1088 trn-loss-GC: -2.7352 trn-auc: 0.9738  acc: 0.9745 val-auc: 0.9574  acc: 0.9540
149/1000 trn-loss-MF: 0.1041  trn-loss-MF: 0.1082 trn-loss-GC: -2.7334 trn-auc: 0.9779  acc: 0.9783 val-auc: 0.9574  acc: 0.9540
150/1000 trn-loss-MF: 0.1099  trn-loss-MF: 0.1112 trn-loss-GC: -2.7477 trn-auc: 0.9720  acc: 0.9732 val-auc: 0.9556  acc: 0.9540
151/1000 trn-loss-MF: 0.1112  trn-loss-MF: 0.1229 trn-loss-GC: -2.7417 trn-auc: 0.9759  acc: 0.9758 val-auc: 0.9574  acc: 0.9540
152/1000 trn-loss-MF: 0.1262  trn-loss-MF: 0.1845 trn-loss-GC: -2.7414 trn-auc: 0.9482  acc: 0.9515 val-auc: 0.9269  acc: 0.9310
153/1000 trn-loss-MF: 0.1972  trn-loss-MF: 0.6017 trn-loss-GC: -2.7126 trn-auc: 0.7843  acc: 0.7691 val-auc: 0.7234  acc: 0.7011
154/1000 trn-loss-MF: 0.5129  trn-loss-MF: 0.7009 trn-loss-GC: -2.7578 trn-auc: 0.6962  acc: 0.7181 val-auc: 0.7500  acc: 0.7701
155/1000 trn-loss-MF: 0.5009  trn-loss-MF: 0.5579 trn-loss-GC: -2.8891 trn-auc: 0.7491  acc: 0.7666 val-auc: 0.7287  acc: 0.7471
156/1000 trn-loss-MF: 0.4620  trn-loss-MF: 0.5258 trn-loss-GC: -2.9380 trn-auc: 0.7865  acc: 0.7717 val-auc: 0.7553  acc: 0.7356
157/1000 trn-loss-MF: 0.4433  trn-loss-MF: 0.6913 trn-loss-GC: -3.0489 trn-auc: 0.5095  acc: 0.4732 val-auc: 0.5000  acc: 0.4598
158/1000 trn-loss-MF: 0.5399  trn-loss-MF: 0.7132 trn-loss-GC: -3.0853 trn-auc: 0.5000  acc: 0.4630 val-auc: 0.5000  acc: 0.4598
159/1000 trn-loss-MF: 0.5340  trn-loss-MF: 0.6880 trn-loss-GC: -3.0616 trn-auc: 0.5000  acc: 0.4630 val-auc: 0.5000  acc: 0.4598
160/1000 trn-loss-MF: 0.4880  trn-loss-MF: 0.6891 trn-loss-GC: -3.0344 trn-auc: 0.5000  acc: 0.5370 val-auc: 0.5000  acc: 0.5402
161/1000 trn-loss-MF: 0.4757  trn-loss-MF: 0.6919 trn-loss-GC: -3.0332 trn-auc: 0.5000  acc: 0.5370 val-auc: 0.5000  acc: 0.5402
162/1000 trn-loss-MF: 0.5011  trn-loss-MF: 0.6522 trn-loss-GC: -3.0166 trn-auc: 0.5193  acc: 0.5548 val-auc: 0.5250  acc: 0.5632
163/1000 trn-loss-MF: 0.4833  trn-loss-MF: 0.5880 trn-loss-GC: -2.9817 trn-auc: 0.8634  acc: 0.8724 val-auc: 0.8556  acc: 0.8621
164/1000 trn-loss-MF: 0.4224  trn-loss-MF: 0.5534 trn-loss-GC: -2.9430 trn-auc: 0.8734  acc: 0.8648 val-auc: 0.8298  acc: 0.8161
165/1000 trn-loss-MF: 0.3826  trn-loss-MF: 0.5252 trn-loss-GC: -2.8980 trn-auc: 0.8464  acc: 0.8355 val-auc: 0.7766  acc: 0.7586
166/1000 trn-loss-MF: 0.3674  trn-loss-MF: 0.4160 trn-loss-GC: -2.8454 trn-auc: 0.9498  acc: 0.9477 val-auc: 0.9149  acc: 0.9080
167/1000 trn-loss-MF: 0.2842  trn-loss-MF: 0.3785 trn-loss-GC: -2.8129 trn-auc: 0.9295  acc: 0.9337 val-auc: 0.9199  acc: 0.9195
168/1000 trn-loss-MF: 0.2522  trn-loss-MF: 0.4023 trn-loss-GC: -2.8112 trn-auc: 0.9540  acc: 0.9528 val-auc: 0.9255  acc: 0.9195
169/1000 trn-loss-MF: 0.2480  trn-loss-MF: 0.4106 trn-loss-GC: -2.8106 trn-auc: 0.9413  acc: 0.9388 val-auc: 0.9149  acc: 0.9080
170/1000 trn-loss-MF: 0.2712  trn-loss-MF: 0.3475 trn-loss-GC: -2.7969 trn-auc: 0.9572  acc: 0.9579 val-auc: 0.9237  acc: 0.9195
171/1000 trn-loss-MF: 0.2289  trn-loss-MF: 0.3183 trn-loss-GC: -2.7700 trn-auc: 0.9506  acc: 0.9528 val-auc: 0.9199  acc: 0.9195
172/1000 trn-loss-MF: 0.2202  trn-loss-MF: 0.2741 trn-loss-GC: -2.7475 trn-auc: 0.9542  acc: 0.9528 val-auc: 0.9149  acc: 0.9080
173/1000 trn-loss-MF: 0.1826  trn-loss-MF: 0.2522 trn-loss-GC: -2.7227 trn-auc: 0.9494  acc: 0.9477 val-auc: 0.9255  acc: 0.9195
174/1000 trn-loss-MF: 0.1736  trn-loss-MF: 0.2259 trn-loss-GC: -2.7081 trn-auc: 0.9631  acc: 0.9643 val-auc: 0.9449  acc: 0.9425
175/1000 trn-loss-MF: 0.1643  trn-loss-MF: 0.2053 trn-loss-GC: -2.6966 trn-auc: 0.9665  acc: 0.9668 val-auc: 0.9468  acc: 0.9425
176/1000 trn-loss-MF: 0.1540  trn-loss-MF: 0.2087 trn-loss-GC: -2.6953 trn-auc: 0.9591  acc: 0.9579 val-auc: 0.9255  acc: 0.9195
177/1000 trn-loss-MF: 0.1640  trn-loss-MF: 0.1737 trn-loss-GC: -2.6924 trn-auc: 0.9690  acc: 0.9694 val-auc: 0.9574  acc: 0.9540
178/1000 trn-loss-MF: 0.1443  trn-loss-MF: 0.1678 trn-loss-GC: -2.6989 trn-auc: 0.9667  acc: 0.9681 val-auc: 0.9449  acc: 0.9425
179/1000 trn-loss-MF: 0.1475  trn-loss-MF: 0.1615 trn-loss-GC: -2.6918 trn-auc: 0.9660  acc: 0.9656 val-auc: 0.9574  acc: 0.9540
180/1000 trn-loss-MF: 0.1495  trn-loss-MF: 0.1402 trn-loss-GC: -2.7172 trn-auc: 0.9673  acc: 0.9681 val-auc: 0.9574  acc: 0.9540
181/1000 trn-loss-MF: 0.1257  trn-loss-MF: 0.1291 trn-loss-GC: -2.7627 trn-auc: 0.9698  acc: 0.9707 val-auc: 0.9574  acc: 0.9540
182/1000 trn-loss-MF: 0.1126  trn-loss-MF: 0.1251 trn-loss-GC: -2.7565 trn-auc: 0.9720  acc: 0.9719 val-auc: 0.9574  acc: 0.9540
183/1000 trn-loss-MF: 0.1212  trn-loss-MF: 0.1243 trn-loss-GC: -2.7607 trn-auc: 0.9765  acc: 0.9770 val-auc: 0.9574  acc: 0.9540
184/1000 trn-loss-MF: 0.1248  trn-loss-MF: 0.1208 trn-loss-GC: -2.7528 trn-auc: 0.9769  acc: 0.9770 val-auc: 0.9574  acc: 0.9540
185/1000 trn-loss-MF: 0.1227  trn-loss-MF: 0.1203 trn-loss-GC: -2.7791 trn-auc: 0.9750  acc: 0.9758 val-auc: 0.9681  acc: 0.9655
186/1000 trn-loss-MF: 0.1212  trn-loss-MF: 0.1275 trn-loss-GC: -2.7648 trn-auc: 0.9714  acc: 0.9707 val-auc: 0.9468  acc: 0.9425
187/1000 trn-loss-MF: 0.1352  trn-loss-MF: 0.3055 trn-loss-GC: -2.7296 trn-auc: 0.9152  acc: 0.9209 val-auc: 0.9144  acc: 0.9195
188/1000 trn-loss-MF: 0.2462  trn-loss-MF: 0.6490 trn-loss-GC: -2.6072 trn-auc: 0.7833  acc: 0.7679 val-auc: 0.7340  acc: 0.7126
189/1000 trn-loss-MF: 0.4799  trn-loss-MF: 0.2157 trn-loss-GC: -2.7282 trn-auc: 0.9611  acc: 0.9617 val-auc: 0.9574  acc: 0.9540
190/1000 trn-loss-MF: 0.2309  trn-loss-MF: 0.5182 trn-loss-GC: -2.7181 trn-auc: 0.7692  acc: 0.7857 val-auc: 0.7769  acc: 0.7931
191/1000 trn-loss-MF: 0.4093  trn-loss-MF: 0.3419 trn-loss-GC: -2.7142 trn-auc: 0.9039  acc: 0.9094 val-auc: 0.9074  acc: 0.9080
192/1000 trn-loss-MF: 0.3331  trn-loss-MF: 0.3936 trn-loss-GC: -2.7316 trn-auc: 0.8425  acc: 0.8316 val-auc: 0.7660  acc: 0.7471
193/1000 trn-loss-MF: 0.3796  trn-loss-MF: 0.4343 trn-loss-GC: -2.7474 trn-auc: 0.8153  acc: 0.8023 val-auc: 0.7447  acc: 0.7241
194/1000 trn-loss-MF: 0.3990  trn-loss-MF: 0.2708 trn-loss-GC: -2.7572 trn-auc: 0.9609  acc: 0.9605 val-auc: 0.9255  acc: 0.9195
195/1000 trn-loss-MF: 0.2964  trn-loss-MF: 0.3284 trn-loss-GC: -2.7409 trn-auc: 0.8794  acc: 0.8878 val-auc: 0.9019  acc: 0.9080
196/1000 trn-loss-MF: 0.3368  trn-loss-MF: 0.2406 trn-loss-GC: -2.7558 trn-auc: 0.9525  acc: 0.9554 val-auc: 0.9181  acc: 0.9195
time: 9.0894 sec.
tst-auc: 0.9662  acc: 0.9655
attention maps have been saved.
784
Counter({1: 421, 0: 363})
  0/1000 trn-loss-MF: 0.9968  trn-loss-MF: 0.8445 trn-loss-GC: -0.6052 trn-auc: 0.5041  acc: 0.5242 val-auc: 0.5149  acc: 0.5402
  1/1000 trn-loss-MF: 0.8572  trn-loss-MF: 0.8189 trn-loss-GC: -0.6386 trn-auc: 0.4926  acc: 0.5166 val-auc: 0.4862  acc: 0.5172
  2/1000 trn-loss-MF: 0.8053  trn-loss-MF: 0.8156 trn-loss-GC: -0.6181 trn-auc: 0.4890  acc: 0.5179 val-auc: 0.5093  acc: 0.5402
  3/1000 trn-loss-MF: 0.7586  trn-loss-MF: 0.8043 trn-loss-GC: -0.6135 trn-auc: 0.4904  acc: 0.5204 val-auc: 0.5056  acc: 0.5402
  4/1000 trn-loss-MF: 0.7251  trn-loss-MF: 0.7881 trn-loss-GC: -0.6391 trn-auc: 0.4938  acc: 0.5242 val-auc: 0.5162  acc: 0.5517
  5/1000 trn-loss-MF: 0.7265  trn-loss-MF: 0.7666 trn-loss-GC: -0.6675 trn-auc: 0.4978  acc: 0.5281 val-auc: 0.5556  acc: 0.5862
  6/1000 trn-loss-MF: 0.7081  trn-loss-MF: 0.7358 trn-loss-GC: -0.7273 trn-auc: 0.4956  acc: 0.5255 val-auc: 0.5343  acc: 0.5632
  7/1000 trn-loss-MF: 0.7136  trn-loss-MF: 0.7341 trn-loss-GC: -0.8258 trn-auc: 0.5055  acc: 0.5357 val-auc: 0.5431  acc: 0.5747
  8/1000 trn-loss-MF: 0.6915  trn-loss-MF: 0.7302 trn-loss-GC: -0.9616 trn-auc: 0.4982  acc: 0.5293 val-auc: 0.5306  acc: 0.5632
  9/1000 trn-loss-MF: 0.6988  trn-loss-MF: 0.7125 trn-loss-GC: -1.1163 trn-auc: 0.4976  acc: 0.5293 val-auc: 0.5199  acc: 0.5517
 10/1000 trn-loss-MF: 0.6936  trn-loss-MF: 0.7159 trn-loss-GC: -1.2972 trn-auc: 0.5034  acc: 0.5357 val-auc: 0.5181  acc: 0.5517
 11/1000 trn-loss-MF: 0.6854  trn-loss-MF: 0.7054 trn-loss-GC: -1.4936 trn-auc: 0.5034  acc: 0.5357 val-auc: 0.5199  acc: 0.5517
 12/1000 trn-loss-MF: 0.6696  trn-loss-MF: 0.7063 trn-loss-GC: -1.6988 trn-auc: 0.5065  acc: 0.5383 val-auc: 0.5218  acc: 0.5517
 13/1000 trn-loss-MF: 0.6876  trn-loss-MF: 0.6983 trn-loss-GC: -1.9013 trn-auc: 0.5121  acc: 0.5408 val-auc: 0.5612  acc: 0.5862
 14/1000 trn-loss-MF: 0.6867  trn-loss-MF: 0.6963 trn-loss-GC: -2.0846 trn-auc: 0.5141  acc: 0.5383 val-auc: 0.6168  acc: 0.6322
 15/1000 trn-loss-MF: 0.6844  trn-loss-MF: 0.6945 trn-loss-GC: -2.2300 trn-auc: 0.5152  acc: 0.5370 val-auc: 0.5830  acc: 0.5977
 16/1000 trn-loss-MF: 0.6865  trn-loss-MF: 0.6939 trn-loss-GC: -2.3152 trn-auc: 0.5071  acc: 0.5332 val-auc: 0.5699  acc: 0.5977
 17/1000 trn-loss-MF: 0.6765  trn-loss-MF: 0.6936 trn-loss-GC: -2.3377 trn-auc: 0.5000  acc: 0.5357 val-auc: 0.5375  acc: 0.5747
 18/1000 trn-loss-MF: 0.6757  trn-loss-MF: 0.6935 trn-loss-GC: -2.3162 trn-auc: 0.4941  acc: 0.5306 val-auc: 0.5250  acc: 0.5632
 19/1000 trn-loss-MF: 0.6861  trn-loss-MF: 0.6935 trn-loss-GC: -2.2877 trn-auc: 0.4952  acc: 0.5319 val-auc: 0.5250  acc: 0.5632
 20/1000 trn-loss-MF: 0.6804  trn-loss-MF: 0.6935 trn-loss-GC: -2.2800 trn-auc: 0.4976  acc: 0.5344 val-auc: 0.5250  acc: 0.5632
 21/1000 trn-loss-MF: 0.6785  trn-loss-MF: 0.6935 trn-loss-GC: -2.3047 trn-auc: 0.4952  acc: 0.5319 val-auc: 0.5250  acc: 0.5632
 22/1000 trn-loss-MF: 0.6707  trn-loss-MF: 0.6939 trn-loss-GC: -2.3483 trn-auc: 0.4952  acc: 0.5319 val-auc: 0.5250  acc: 0.5632
 23/1000 trn-loss-MF: 0.6634  trn-loss-MF: 0.6938 trn-loss-GC: -2.3919 trn-auc: 0.4952  acc: 0.5319 val-auc: 0.5250  acc: 0.5632
 24/1000 trn-loss-MF: 0.6692  trn-loss-MF: 0.6935 trn-loss-GC: -2.4177 trn-auc: 0.4952  acc: 0.5319 val-auc: 0.5250  acc: 0.5632
 25/1000 trn-loss-MF: 0.6544  trn-loss-MF: 0.6937 trn-loss-GC: -2.4241 trn-auc: 0.4952  acc: 0.5319 val-auc: 0.5250  acc: 0.5632
 26/1000 trn-loss-MF: 0.6659  trn-loss-MF: 0.6944 trn-loss-GC: -2.4344 trn-auc: 0.4964  acc: 0.5332 val-auc: 0.5125  acc: 0.5517
 27/1000 trn-loss-MF: 0.6572  trn-loss-MF: 0.6938 trn-loss-GC: -2.4630 trn-auc: 0.5000  acc: 0.5370 val-auc: 0.5000  acc: 0.5402
 28/1000 trn-loss-MF: 0.6561  trn-loss-MF: 0.6946 trn-loss-GC: -2.4938 trn-auc: 0.5000  acc: 0.5370 val-auc: 0.5000  acc: 0.5402
 29/1000 trn-loss-MF: 0.6579  trn-loss-MF: 0.6943 trn-loss-GC: -2.4966 trn-auc: 0.5000  acc: 0.5370 val-auc: 0.5000  acc: 0.5402
 30/1000 trn-loss-MF: 0.6528  trn-loss-MF: 0.6944 trn-loss-GC: -2.4893 trn-auc: 0.5000  acc: 0.5370 val-auc: 0.5000  acc: 0.5402
 31/1000 trn-loss-MF: 0.6476  trn-loss-MF: 0.6947 trn-loss-GC: -2.5129 trn-auc: 0.5000  acc: 0.5370 val-auc: 0.5000  acc: 0.5402
 32/1000 trn-loss-MF: 0.6367  trn-loss-MF: 0.6948 trn-loss-GC: -2.5631 trn-auc: 0.5000  acc: 0.5370 val-auc: 0.5000  acc: 0.5402
 33/1000 trn-loss-MF: 0.6283  trn-loss-MF: 0.6947 trn-loss-GC: -2.5982 trn-auc: 0.5000  acc: 0.5370 val-auc: 0.5000  acc: 0.5402
 34/1000 trn-loss-MF: 0.6217  trn-loss-MF: 0.6924 trn-loss-GC: -2.6239 trn-auc: 0.5000  acc: 0.5370 val-auc: 0.5000  acc: 0.5402
 35/1000 trn-loss-MF: 0.6073  trn-loss-MF: 0.6933 trn-loss-GC: -2.6332 trn-auc: 0.5000  acc: 0.5370 val-auc: 0.5000  acc: 0.5402
 36/1000 trn-loss-MF: 0.5932  trn-loss-MF: 0.6945 trn-loss-GC: -2.6188 trn-auc: 0.5000  acc: 0.5370 val-auc: 0.5000  acc: 0.5402
 37/1000 trn-loss-MF: 0.5708  trn-loss-MF: 0.6887 trn-loss-GC: -2.6574 trn-auc: 0.8025  acc: 0.7985 val-auc: 0.6372  acc: 0.6322
 38/1000 trn-loss-MF: 0.5727  trn-loss-MF: 0.6936 trn-loss-GC: -2.6399 trn-auc: 0.5000  acc: 0.5370 val-auc: 0.5000  acc: 0.5402
 39/1000 trn-loss-MF: 0.7161  trn-loss-MF: 0.6930 trn-loss-GC: -2.7821 trn-auc: 0.5000  acc: 0.5370 val-auc: 0.5000  acc: 0.5402
 40/1000 trn-loss-MF: 0.6389  trn-loss-MF: 0.6930 trn-loss-GC: -2.8467 trn-auc: 0.5000  acc: 0.5370 val-auc: 0.5000  acc: 0.5402
 41/1000 trn-loss-MF: 0.6053  trn-loss-MF: 0.6929 trn-loss-GC: -2.8518 trn-auc: 0.5000  acc: 0.5370 val-auc: 0.5000  acc: 0.5402
 42/1000 trn-loss-MF: 0.6462  trn-loss-MF: 0.6932 trn-loss-GC: -2.8824 trn-auc: 0.5000  acc: 0.5370 val-auc: 0.5000  acc: 0.5402
 43/1000 trn-loss-MF: 0.6551  trn-loss-MF: 0.6932 trn-loss-GC: -2.9375 trn-auc: 0.5000  acc: 0.5370 val-auc: 0.5000  acc: 0.5402
 44/1000 trn-loss-MF: 0.6350  trn-loss-MF: 0.6923 trn-loss-GC: -2.9497 trn-auc: 0.5000  acc: 0.5370 val-auc: 0.5000  acc: 0.5402
 45/1000 trn-loss-MF: 0.6101  trn-loss-MF: 0.6940 trn-loss-GC: -2.9473 trn-auc: 0.5000  acc: 0.5370 val-auc: 0.5000  acc: 0.5402
 46/1000 trn-loss-MF: 0.6134  trn-loss-MF: 0.6940 trn-loss-GC: -2.9260 trn-auc: 0.5000  acc: 0.5370 val-auc: 0.5000  acc: 0.5402
 47/1000 trn-loss-MF: 0.6276  trn-loss-MF: 0.6943 trn-loss-GC: -2.9102 trn-auc: 0.5000  acc: 0.5370 val-auc: 0.5000  acc: 0.5402
 48/1000 trn-loss-MF: 0.6192  trn-loss-MF: 0.6938 trn-loss-GC: -2.9272 trn-auc: 0.5000  acc: 0.5370 val-auc: 0.5000  acc: 0.5402
 49/1000 trn-loss-MF: 0.5976  trn-loss-MF: 0.6920 trn-loss-GC: -2.9339 trn-auc: 0.5000  acc: 0.5370 val-auc: 0.5000  acc: 0.5402
 50/1000 trn-loss-MF: 0.5803  trn-loss-MF: 0.6895 trn-loss-GC: -2.9036 trn-auc: 0.5014  acc: 0.5383 val-auc: 0.5000  acc: 0.5402
 51/1000 trn-loss-MF: 0.5822  trn-loss-MF: 0.6849 trn-loss-GC: -2.8639 trn-auc: 0.5500  acc: 0.5829 val-auc: 0.5144  acc: 0.5517
 52/1000 trn-loss-MF: 0.5374  trn-loss-MF: 0.6856 trn-loss-GC: -2.8495 trn-auc: 0.5000  acc: 0.5370 val-auc: 0.5000  acc: 0.5402
 53/1000 trn-loss-MF: 0.5347  trn-loss-MF: 0.6761 trn-loss-GC: -2.7807 trn-auc: 0.7789  acc: 0.7921 val-auc: 0.6649  acc: 0.6782
 54/1000 trn-loss-MF: 0.4623  trn-loss-MF: 0.6708 trn-loss-GC: -2.7421 trn-auc: 0.8505  acc: 0.8482 val-auc: 0.7136  acc: 0.7126
 55/1000 trn-loss-MF: 0.4608  trn-loss-MF: 0.6859 trn-loss-GC: -2.7831 trn-auc: 0.5537  acc: 0.5867 val-auc: 0.5125  acc: 0.5517
 56/1000 trn-loss-MF: 0.5806  trn-loss-MF: 0.6745 trn-loss-GC: -2.8813 trn-auc: 0.7128  acc: 0.7321 val-auc: 0.6130  acc: 0.6322
 57/1000 trn-loss-MF: 0.4972  trn-loss-MF: 0.6788 trn-loss-GC: -2.9060 trn-auc: 0.7275  acc: 0.7079 val-auc: 0.6396  acc: 0.6207
 58/1000 trn-loss-MF: 0.5667  trn-loss-MF: 0.6779 trn-loss-GC: -2.9105 trn-auc: 0.7921  acc: 0.8036 val-auc: 0.6811  acc: 0.6897
 59/1000 trn-loss-MF: 0.5336  trn-loss-MF: 0.6844 trn-loss-GC: -2.8890 trn-auc: 0.5000  acc: 0.5370 val-auc: 0.5000  acc: 0.5402
 60/1000 trn-loss-MF: 0.5110  trn-loss-MF: 0.6872 trn-loss-GC: -2.8311 trn-auc: 0.5000  acc: 0.5370 val-auc: 0.5000  acc: 0.5402
 61/1000 trn-loss-MF: 0.5164  trn-loss-MF: 0.6655 trn-loss-GC: -2.7726 trn-auc: 0.8742  acc: 0.8763 val-auc: 0.6992  acc: 0.7011
 62/1000 trn-loss-MF: 0.4326  trn-loss-MF: 0.6513 trn-loss-GC: -2.7186 trn-auc: 0.7855  acc: 0.7704 val-auc: 0.6359  acc: 0.6207
 63/1000 trn-loss-MF: 0.4598  trn-loss-MF: 0.6628 trn-loss-GC: -2.7796 trn-auc: 0.5978  acc: 0.6276 val-auc: 0.5144  acc: 0.5517
 64/1000 trn-loss-MF: 0.6093  trn-loss-MF: 0.6338 trn-loss-GC: -2.8385 trn-auc: 0.8623  acc: 0.8686 val-auc: 0.7043  acc: 0.7126
 65/1000 trn-loss-MF: 0.4374  trn-loss-MF: 0.6625 trn-loss-GC: -2.8888 trn-auc: 0.7003  acc: 0.6786 val-auc: 0.6327  acc: 0.6092
 66/1000 trn-loss-MF: 0.5371  trn-loss-MF: 0.6598 trn-loss-GC: -2.9067 trn-auc: 0.7538  acc: 0.7360 val-auc: 0.6521  acc: 0.6322
 67/1000 trn-loss-MF: 0.5032  trn-loss-MF: 0.6699 trn-loss-GC: -2.8676 trn-auc: 0.5000  acc: 0.5370 val-auc: 0.5000  acc: 0.5402
 68/1000 trn-loss-MF: 0.4620  trn-loss-MF: 0.6856 trn-loss-GC: -2.7532 trn-auc: 0.5000  acc: 0.5370 val-auc: 0.5000  acc: 0.5402
 69/1000 trn-loss-MF: 0.4901  trn-loss-MF: 0.6094 trn-loss-GC: -2.7928 trn-auc: 0.8932  acc: 0.8967 val-auc: 0.6723  acc: 0.6782
 70/1000 trn-loss-MF: 0.3691  trn-loss-MF: 0.6153 trn-loss-GC: -2.6884 trn-auc: 0.7512  acc: 0.7334 val-auc: 0.6734  acc: 0.6552
 71/1000 trn-loss-MF: 0.5046  trn-loss-MF: 0.6329 trn-loss-GC: -2.8082 trn-auc: 0.6267  acc: 0.6543 val-auc: 0.5287  acc: 0.5632
 72/1000 trn-loss-MF: 0.5255  trn-loss-MF: 0.6460 trn-loss-GC: -2.8679 trn-auc: 0.5661  acc: 0.5982 val-auc: 0.5375  acc: 0.5747
 73/1000 trn-loss-MF: 0.5138  trn-loss-MF: 0.6372 trn-loss-GC: -2.9095 trn-auc: 0.8785  acc: 0.8839 val-auc: 0.7043  acc: 0.7126
 74/1000 trn-loss-MF: 0.4673  trn-loss-MF: 0.6704 trn-loss-GC: -2.9437 trn-auc: 0.5083  acc: 0.4719 val-auc: 0.5106  acc: 0.4713
 75/1000 trn-loss-MF: 0.5400  trn-loss-MF: 0.6796 trn-loss-GC: -2.9343 trn-auc: 0.5000  acc: 0.4630 val-auc: 0.5000  acc: 0.4598
 76/1000 trn-loss-MF: 0.5314  trn-loss-MF: 0.6743 trn-loss-GC: -2.8917 trn-auc: 0.8669  acc: 0.8737 val-auc: 0.6899  acc: 0.7011
 77/1000 trn-loss-MF: 0.4750  trn-loss-MF: 0.6756 trn-loss-GC: -2.8519 trn-auc: 0.5620  acc: 0.5944 val-auc: 0.5250  acc: 0.5632
 78/1000 trn-loss-MF: 0.4651  trn-loss-MF: 0.6513 trn-loss-GC: -2.8477 trn-auc: 0.6200  acc: 0.6480 val-auc: 0.5537  acc: 0.5862
 79/1000 trn-loss-MF: 0.4705  trn-loss-MF: 0.5656 trn-loss-GC: -2.8158 trn-auc: 0.8928  acc: 0.8967 val-auc: 0.6936  acc: 0.7011
 80/1000 trn-loss-MF: 0.3667  trn-loss-MF: 0.5602 trn-loss-GC: -2.7494 trn-auc: 0.8268  acc: 0.8151 val-auc: 0.6465  acc: 0.6322
 81/1000 trn-loss-MF: 0.4042  trn-loss-MF: 0.5064 trn-loss-GC: -2.7540 trn-auc: 0.9105  acc: 0.9120 val-auc: 0.6867  acc: 0.6897
 82/1000 trn-loss-MF: 0.2940  trn-loss-MF: 0.5290 trn-loss-GC: -2.7740 trn-auc: 0.8700  acc: 0.8776 val-auc: 0.6543  acc: 0.6667
 83/1000 trn-loss-MF: 0.3552  trn-loss-MF: 0.5380 trn-loss-GC: -2.7983 trn-auc: 0.9057  acc: 0.9018 val-auc: 0.6710  acc: 0.6667
 84/1000 trn-loss-MF: 0.3348  trn-loss-MF: 0.5535 trn-loss-GC: -2.7618 trn-auc: 0.8967  acc: 0.8903 val-auc: 0.6535  acc: 0.6437
 85/1000 trn-loss-MF: 0.3421  trn-loss-MF: 0.4813 trn-loss-GC: -2.7224 trn-auc: 0.9059  acc: 0.9107 val-auc: 0.6668  acc: 0.6782
 86/1000 trn-loss-MF: 0.2838  trn-loss-MF: 0.4201 trn-loss-GC: -2.7098 trn-auc: 0.9168  acc: 0.9196 val-auc: 0.6617  acc: 0.6667
 87/1000 trn-loss-MF: 0.2345  trn-loss-MF: 0.4567 trn-loss-GC: -2.7230 trn-auc: 0.9110  acc: 0.9056 val-auc: 0.6535  acc: 0.6437
 88/1000 trn-loss-MF: 0.3087  trn-loss-MF: 0.4627 trn-loss-GC: -2.7372 trn-auc: 0.9022  acc: 0.9082 val-auc: 0.6668  acc: 0.6782
 89/1000 trn-loss-MF: 0.3104  trn-loss-MF: 0.4059 trn-loss-GC: -2.7420 trn-auc: 0.9259  acc: 0.9286 val-auc: 0.6617  acc: 0.6667
 90/1000 trn-loss-MF: 0.2602  trn-loss-MF: 0.4093 trn-loss-GC: -2.7089 trn-auc: 0.8850  acc: 0.8776 val-auc: 0.6447  acc: 0.6322
 91/1000 trn-loss-MF: 0.3082  trn-loss-MF: 0.3950 trn-loss-GC: -2.7161 trn-auc: 0.8888  acc: 0.8967 val-auc: 0.6718  acc: 0.6897
 92/1000 trn-loss-MF: 0.3223  trn-loss-MF: 0.4077 trn-loss-GC: -2.7002 trn-auc: 0.8793  acc: 0.8712 val-auc: 0.6465  acc: 0.6322
 93/1000 trn-loss-MF: 0.3241  trn-loss-MF: 0.3391 trn-loss-GC: -2.7429 trn-auc: 0.9358  acc: 0.9388 val-auc: 0.6830  acc: 0.6897
 94/1000 trn-loss-MF: 0.2420  trn-loss-MF: 0.3260 trn-loss-GC: -2.7249 trn-auc: 0.9273  acc: 0.9311 val-auc: 0.7043  acc: 0.7126
 95/1000 trn-loss-MF: 0.2426  trn-loss-MF: 0.3362 trn-loss-GC: -2.7055 trn-auc: 0.9042  acc: 0.8980 val-auc: 0.6572  acc: 0.6437
 96/1000 trn-loss-MF: 0.3012  trn-loss-MF: 0.5065 trn-loss-GC: -2.7263 trn-auc: 0.8168  acc: 0.8304 val-auc: 0.6431  acc: 0.6667
 97/1000 trn-loss-MF: 0.3920  trn-loss-MF: 0.3701 trn-loss-GC: -2.8132 trn-auc: 0.9510  acc: 0.9503 val-auc: 0.6585  acc: 0.6552
 98/1000 trn-loss-MF: 0.2946  trn-loss-MF: 0.4883 trn-loss-GC: -2.8172 trn-auc: 0.8227  acc: 0.8099 val-auc: 0.6271  acc: 0.6092
 99/1000 trn-loss-MF: 0.3825  trn-loss-MF: 0.3298 trn-loss-GC: -2.7867 trn-auc: 0.9530  acc: 0.9515 val-auc: 0.6622  acc: 0.6552
100/1000 trn-loss-MF: 0.2725  trn-loss-MF: 0.3119 trn-loss-GC: -2.7501 trn-auc: 0.9154  acc: 0.9209 val-auc: 0.6737  acc: 0.6897
101/1000 trn-loss-MF: 0.2872  trn-loss-MF: 0.1880 trn-loss-GC: -2.7426 trn-auc: 0.9573  acc: 0.9566 val-auc: 0.6354  acc: 0.6322
102/1000 trn-loss-MF: 0.1692  trn-loss-MF: 0.2425 trn-loss-GC: -2.7041 trn-auc: 0.9490  acc: 0.9464 val-auc: 0.6391  acc: 0.6322
103/1000 trn-loss-MF: 0.2324  trn-loss-MF: 0.3240 trn-loss-GC: -2.7051 trn-auc: 0.9193  acc: 0.9247 val-auc: 0.6612  acc: 0.6782
104/1000 trn-loss-MF: 0.2766  trn-loss-MF: 0.1836 trn-loss-GC: -2.7387 trn-auc: 0.9595  acc: 0.9592 val-auc: 0.6441  acc: 0.6437
105/1000 trn-loss-MF: 0.1788  trn-loss-MF: 0.2473 trn-loss-GC: -2.7008 trn-auc: 0.9292  acc: 0.9247 val-auc: 0.6340  acc: 0.6207
time: 4.8863 sec.
tst-auc: 0.7136  acc: 0.7126
attention maps have been saved.
784
Counter({1: 421, 0: 363})
  0/1000 trn-loss-MF: 1.1454  trn-loss-MF: 1.0995 trn-loss-GC: -0.5043 trn-auc: 0.4632  acc: 0.4681 val-auc: 0.4803  acc: 0.4828
  1/1000 trn-loss-MF: 0.9677  trn-loss-MF: 1.0044 trn-loss-GC: -0.5241 trn-auc: 0.4706  acc: 0.4745 val-auc: 0.4928  acc: 0.4943
  2/1000 trn-loss-MF: 0.8502  trn-loss-MF: 0.9008 trn-loss-GC: -0.5619 trn-auc: 0.4669  acc: 0.4668 val-auc: 0.5197  acc: 0.5172
  3/1000 trn-loss-MF: 0.8035  trn-loss-MF: 0.8246 trn-loss-GC: -0.7195 trn-auc: 0.4656  acc: 0.4617 val-auc: 0.5090  acc: 0.5057
  4/1000 trn-loss-MF: 0.7603  trn-loss-MF: 0.8163 trn-loss-GC: -0.9014 trn-auc: 0.4741  acc: 0.4694 val-auc: 0.4965  acc: 0.4943
  5/1000 trn-loss-MF: 0.7544  trn-loss-MF: 0.7714 trn-loss-GC: -1.0556 trn-auc: 0.4787  acc: 0.4758 val-auc: 0.5178  acc: 0.5172
  6/1000 trn-loss-MF: 0.7312  trn-loss-MF: 0.7559 trn-loss-GC: -1.1521 trn-auc: 0.4803  acc: 0.4783 val-auc: 0.5285  acc: 0.5287
  7/1000 trn-loss-MF: 0.7152  trn-loss-MF: 0.7280 trn-loss-GC: -1.2136 trn-auc: 0.4762  acc: 0.4745 val-auc: 0.4928  acc: 0.4943
  8/1000 trn-loss-MF: 0.7065  trn-loss-MF: 0.7164 trn-loss-GC: -1.2653 trn-auc: 0.4692  acc: 0.4668 val-auc: 0.4766  acc: 0.4828
  9/1000 trn-loss-MF: 0.6963  trn-loss-MF: 0.7184 trn-loss-GC: -1.3400 trn-auc: 0.4817  acc: 0.4745 val-auc: 0.4697  acc: 0.4713
 10/1000 trn-loss-MF: 0.7085  trn-loss-MF: 0.7099 trn-loss-GC: -1.4498 trn-auc: 0.4915  acc: 0.4783 val-auc: 0.4521  acc: 0.4483
 11/1000 trn-loss-MF: 0.6849  trn-loss-MF: 0.7061 trn-loss-GC: -1.5931 trn-auc: 0.5068  acc: 0.4872 val-auc: 0.4721  acc: 0.4598
 12/1000 trn-loss-MF: 0.6881  trn-loss-MF: 0.7009 trn-loss-GC: -1.7699 trn-auc: 0.5222  acc: 0.4974 val-auc: 0.4582  acc: 0.4368
 13/1000 trn-loss-MF: 0.6886  trn-loss-MF: 0.6987 trn-loss-GC: -1.9706 trn-auc: 0.5231  acc: 0.4974 val-auc: 0.4851  acc: 0.4598
 14/1000 trn-loss-MF: 0.7028  trn-loss-MF: 0.6959 trn-loss-GC: -2.1708 trn-auc: 0.5220  acc: 0.4974 val-auc: 0.4920  acc: 0.4713
 15/1000 trn-loss-MF: 0.6890  trn-loss-MF: 0.6951 trn-loss-GC: -2.3253 trn-auc: 0.5299  acc: 0.5051 val-auc: 0.5027  acc: 0.4828
 16/1000 trn-loss-MF: 0.6914  trn-loss-MF: 0.6941 trn-loss-GC: -2.4035 trn-auc: 0.5142  acc: 0.4860 val-auc: 0.5170  acc: 0.4943
 17/1000 trn-loss-MF: 0.6868  trn-loss-MF: 0.6932 trn-loss-GC: -2.4091 trn-auc: 0.5089  acc: 0.4783 val-auc: 0.5082  acc: 0.4828
 18/1000 trn-loss-MF: 0.6882  trn-loss-MF: 0.6928 trn-loss-GC: -2.3927 trn-auc: 0.5101  acc: 0.4783 val-auc: 0.4870  acc: 0.4598
 19/1000 trn-loss-MF: 0.6873  trn-loss-MF: 0.6930 trn-loss-GC: -2.3970 trn-auc: 0.5105  acc: 0.4783 val-auc: 0.4995  acc: 0.4713
 20/1000 trn-loss-MF: 0.6830  trn-loss-MF: 0.6930 trn-loss-GC: -2.4312 trn-auc: 0.5101  acc: 0.4783 val-auc: 0.4995  acc: 0.4713
 21/1000 trn-loss-MF: 0.6837  trn-loss-MF: 0.6925 trn-loss-GC: -2.4874 trn-auc: 0.5131  acc: 0.4834 val-auc: 0.5101  acc: 0.4828
 22/1000 trn-loss-MF: 0.6775  trn-loss-MF: 0.6920 trn-loss-GC: -2.5463 trn-auc: 0.5301  acc: 0.5064 val-auc: 0.5364  acc: 0.5172
 23/1000 trn-loss-MF: 0.6765  trn-loss-MF: 0.6913 trn-loss-GC: -2.5883 trn-auc: 0.5515  acc: 0.5446 val-auc: 0.5678  acc: 0.5632
 24/1000 trn-loss-MF: 0.6772  trn-loss-MF: 0.6909 trn-loss-GC: -2.5945 trn-auc: 0.5444  acc: 0.5625 val-auc: 0.6487  acc: 0.6667
 25/1000 trn-loss-MF: 0.6768  trn-loss-MF: 0.6922 trn-loss-GC: -2.5815 trn-auc: 0.5111  acc: 0.5434 val-auc: 0.5625  acc: 0.5977
 26/1000 trn-loss-MF: 0.6776  trn-loss-MF: 0.6932 trn-loss-GC: -2.5811 trn-auc: 0.5000  acc: 0.5370 val-auc: 0.5000  acc: 0.5402
 27/1000 trn-loss-MF: 0.6700  trn-loss-MF: 0.6936 trn-loss-GC: -2.5997 trn-auc: 0.5000  acc: 0.5370 val-auc: 0.5000  acc: 0.5402
 28/1000 trn-loss-MF: 0.6698  trn-loss-MF: 0.6948 trn-loss-GC: -2.6168 trn-auc: 0.5000  acc: 0.5370 val-auc: 0.5000  acc: 0.5402
 29/1000 trn-loss-MF: 0.6693  trn-loss-MF: 0.6937 trn-loss-GC: -2.6055 trn-auc: 0.5000  acc: 0.5370 val-auc: 0.5000  acc: 0.5402
 30/1000 trn-loss-MF: 0.6654  trn-loss-MF: 0.6939 trn-loss-GC: -2.5810 trn-auc: 0.5000  acc: 0.5370 val-auc: 0.5000  acc: 0.5402
 31/1000 trn-loss-MF: 0.6625  trn-loss-MF: 0.6939 trn-loss-GC: -2.5774 trn-auc: 0.5000  acc: 0.5370 val-auc: 0.5000  acc: 0.5402
 32/1000 trn-loss-MF: 0.6510  trn-loss-MF: 0.6889 trn-loss-GC: -2.6216 trn-auc: 0.5140  acc: 0.5497 val-auc: 0.5125  acc: 0.5517
 33/1000 trn-loss-MF: 0.6508  trn-loss-MF: 0.6801 trn-loss-GC: -2.6643 trn-auc: 0.6133  acc: 0.6301 val-auc: 0.7074  acc: 0.7241
 34/1000 trn-loss-MF: 0.6356  trn-loss-MF: 0.6805 trn-loss-GC: -2.6889 trn-auc: 0.6395  acc: 0.6505 val-auc: 0.7380  acc: 0.7471
 35/1000 trn-loss-MF: 0.6274  trn-loss-MF: 0.6823 trn-loss-GC: -2.7063 trn-auc: 0.6222  acc: 0.6454 val-auc: 0.6537  acc: 0.6782
 36/1000 trn-loss-MF: 0.6208  trn-loss-MF: 0.6844 trn-loss-GC: -2.7025 trn-auc: 0.5043  acc: 0.5408 val-auc: 0.5000  acc: 0.5402
 37/1000 trn-loss-MF: 0.6144  trn-loss-MF: 0.6882 trn-loss-GC: -2.6984 trn-auc: 0.5000  acc: 0.5370 val-auc: 0.5000  acc: 0.5402
 38/1000 trn-loss-MF: 0.5914  trn-loss-MF: 0.6808 trn-loss-GC: -2.7036 trn-auc: 0.6742  acc: 0.6952 val-auc: 0.6468  acc: 0.6667
 39/1000 trn-loss-MF: 0.5753  trn-loss-MF: 0.6776 trn-loss-GC: -2.7458 trn-auc: 0.6695  acc: 0.6454 val-auc: 0.6258  acc: 0.5977
 40/1000 trn-loss-MF: 0.5768  trn-loss-MF: 0.6833 trn-loss-GC: -2.7464 trn-auc: 0.6532  acc: 0.6760 val-auc: 0.6787  acc: 0.7011
 41/1000 trn-loss-MF: 0.6190  trn-loss-MF: 0.6747 trn-loss-GC: -2.7876 trn-auc: 0.6445  acc: 0.6186 val-auc: 0.6152  acc: 0.5862
 42/1000 trn-loss-MF: 0.5622  trn-loss-MF: 0.6659 trn-loss-GC: -2.7762 trn-auc: 0.7192  acc: 0.7003 val-auc: 0.6734  acc: 0.6552
 43/1000 trn-loss-MF: 0.5339  trn-loss-MF: 0.6697 trn-loss-GC: -2.7410 trn-auc: 0.6251  acc: 0.6518 val-auc: 0.6394  acc: 0.6667
 44/1000 trn-loss-MF: 0.5758  trn-loss-MF: 0.6642 trn-loss-GC: -2.7449 trn-auc: 0.7814  acc: 0.7691 val-auc: 0.7122  acc: 0.7011
 45/1000 trn-loss-MF: 0.5344  trn-loss-MF: 0.6435 trn-loss-GC: -2.7464 trn-auc: 0.8491  acc: 0.8508 val-auc: 0.7205  acc: 0.7241
 46/1000 trn-loss-MF: 0.4842  trn-loss-MF: 0.6458 trn-loss-GC: -2.6960 trn-auc: 0.7305  acc: 0.7487 val-auc: 0.7056  acc: 0.7241
 47/1000 trn-loss-MF: 0.5150  trn-loss-MF: 0.6601 trn-loss-GC: -2.7821 trn-auc: 0.6526  acc: 0.6276 val-auc: 0.6008  acc: 0.5747
 48/1000 trn-loss-MF: 0.5721  trn-loss-MF: 0.6300 trn-loss-GC: -2.8214 trn-auc: 0.8169  acc: 0.8074 val-auc: 0.7229  acc: 0.7126
 49/1000 trn-loss-MF: 0.4910  trn-loss-MF: 0.6486 trn-loss-GC: -2.8184 trn-auc: 0.5994  acc: 0.6288 val-auc: 0.5875  acc: 0.6207
 50/1000 trn-loss-MF: 0.5626  trn-loss-MF: 0.6066 trn-loss-GC: -2.8177 trn-auc: 0.7243  acc: 0.7436 val-auc: 0.6806  acc: 0.7011
 51/1000 trn-loss-MF: 0.4822  trn-loss-MF: 0.6265 trn-loss-GC: -2.7487 trn-auc: 0.7061  acc: 0.6849 val-auc: 0.6521  acc: 0.6322
 52/1000 trn-loss-MF: 0.5017  trn-loss-MF: 0.5125 trn-loss-GC: -2.7299 trn-auc: 0.8736  acc: 0.8724 val-auc: 0.6923  acc: 0.6897
 53/1000 trn-loss-MF: 0.3830  trn-loss-MF: 0.6472 trn-loss-GC: -2.7296 trn-auc: 0.6672  acc: 0.6913 val-auc: 0.6250  acc: 0.6552
 54/1000 trn-loss-MF: 0.5368  trn-loss-MF: 0.5822 trn-loss-GC: -2.8416 trn-auc: 0.8259  acc: 0.8151 val-auc: 0.7122  acc: 0.7011
 55/1000 trn-loss-MF: 0.4701  trn-loss-MF: 0.6502 trn-loss-GC: -2.8758 trn-auc: 0.6140  acc: 0.5855 val-auc: 0.5689  acc: 0.5402
 56/1000 trn-loss-MF: 0.5446  trn-loss-MF: 0.6146 trn-loss-GC: -2.8987 trn-auc: 0.8753  acc: 0.8712 val-auc: 0.7173  acc: 0.7126
 57/1000 trn-loss-MF: 0.4805  trn-loss-MF: 0.6431 trn-loss-GC: -2.8799 trn-auc: 0.5096  acc: 0.5459 val-auc: 0.5000  acc: 0.5402
 58/1000 trn-loss-MF: 0.4791  trn-loss-MF: 0.6327 trn-loss-GC: -2.8319 trn-auc: 0.6350  acc: 0.6620 val-auc: 0.5875  acc: 0.6207
 59/1000 trn-loss-MF: 0.4741  trn-loss-MF: 0.4750 trn-loss-GC: -2.7599 trn-auc: 0.8909  acc: 0.8865 val-auc: 0.7085  acc: 0.7011
 60/1000 trn-loss-MF: 0.3818  trn-loss-MF: 0.4487 trn-loss-GC: -2.7170 trn-auc: 0.8552  acc: 0.8469 val-auc: 0.7229  acc: 0.7126
 61/1000 trn-loss-MF: 0.3843  trn-loss-MF: 0.6892 trn-loss-GC: -2.7037 trn-auc: 0.6366  acc: 0.6633 val-auc: 0.6000  acc: 0.6322
 62/1000 trn-loss-MF: 0.5810  trn-loss-MF: 0.5166 trn-loss-GC: -2.8416 trn-auc: 0.8977  acc: 0.9018 val-auc: 0.7399  acc: 0.7471
 63/1000 trn-loss-MF: 0.4154  trn-loss-MF: 0.6545 trn-loss-GC: -2.8746 trn-auc: 0.5606  acc: 0.5281 val-auc: 0.5726  acc: 0.5402
 64/1000 trn-loss-MF: 0.5089  trn-loss-MF: 0.6911 trn-loss-GC: -2.8917 trn-auc: 0.5344  acc: 0.5000 val-auc: 0.5851  acc: 0.5517
 65/1000 trn-loss-MF: 0.5356  trn-loss-MF: 0.6131 trn-loss-GC: -2.9194 trn-auc: 0.7775  acc: 0.7615 val-auc: 0.6928  acc: 0.6782
 66/1000 trn-loss-MF: 0.4705  trn-loss-MF: 0.6006 trn-loss-GC: -2.9122 trn-auc: 0.5978  acc: 0.6276 val-auc: 0.5500  acc: 0.5862
 67/1000 trn-loss-MF: 0.4708  trn-loss-MF: 0.6490 trn-loss-GC: -2.8704 trn-auc: 0.5606  acc: 0.5931 val-auc: 0.5375  acc: 0.5747
 68/1000 trn-loss-MF: 0.4948  trn-loss-MF: 0.5447 trn-loss-GC: -2.8432 trn-auc: 0.8528  acc: 0.8622 val-auc: 0.7199  acc: 0.7356
 69/1000 trn-loss-MF: 0.4097  trn-loss-MF: 0.5022 trn-loss-GC: -2.7874 trn-auc: 0.8255  acc: 0.8138 val-auc: 0.6803  acc: 0.6667
 70/1000 trn-loss-MF: 0.3909  trn-loss-MF: 0.3922 trn-loss-GC: -2.7129 trn-auc: 0.9033  acc: 0.8992 val-auc: 0.6854  acc: 0.6782
 71/1000 trn-loss-MF: 0.3140  trn-loss-MF: 0.6217 trn-loss-GC: -2.6859 trn-auc: 0.7375  acc: 0.7564 val-auc: 0.6412  acc: 0.6667
 72/1000 trn-loss-MF: 0.5417  trn-loss-MF: 0.4583 trn-loss-GC: -2.8062 trn-auc: 0.8966  acc: 0.8916 val-auc: 0.7316  acc: 0.7241
 73/1000 trn-loss-MF: 0.3523  trn-loss-MF: 0.6656 trn-loss-GC: -2.7973 trn-auc: 0.6295  acc: 0.6020 val-auc: 0.5902  acc: 0.5632
 74/1000 trn-loss-MF: 0.5012  trn-loss-MF: 0.5810 trn-loss-GC: -2.8623 trn-auc: 0.7276  acc: 0.7079 val-auc: 0.6290  acc: 0.6092
 75/1000 trn-loss-MF: 0.4605  trn-loss-MF: 0.5234 trn-loss-GC: -2.8861 trn-auc: 0.8653  acc: 0.8737 val-auc: 0.7324  acc: 0.7471
 76/1000 trn-loss-MF: 0.4274  trn-loss-MF: 0.6231 trn-loss-GC: -2.9074 trn-auc: 0.5124  acc: 0.5485 val-auc: 0.5125  acc: 0.5517
 77/1000 trn-loss-MF: 0.4881  trn-loss-MF: 0.6205 trn-loss-GC: -2.8579 trn-auc: 0.6488  acc: 0.6747 val-auc: 0.6125  acc: 0.6437
 78/1000 trn-loss-MF: 0.4395  trn-loss-MF: 0.5112 trn-loss-GC: -2.8357 trn-auc: 0.9039  acc: 0.8992 val-auc: 0.7423  acc: 0.7356
 79/1000 trn-loss-MF: 0.3700  trn-loss-MF: 0.5069 trn-loss-GC: -2.7863 trn-auc: 0.7953  acc: 0.7806 val-auc: 0.6715  acc: 0.6552
 80/1000 trn-loss-MF: 0.4241  trn-loss-MF: 0.3485 trn-loss-GC: -2.7458 trn-auc: 0.9184  acc: 0.9222 val-auc: 0.7543  acc: 0.7586
 81/1000 trn-loss-MF: 0.2744  trn-loss-MF: 0.4098 trn-loss-GC: -2.7323 trn-auc: 0.8701  acc: 0.8788 val-auc: 0.6862  acc: 0.7011
 82/1000 trn-loss-MF: 0.3449  trn-loss-MF: 0.3991 trn-loss-GC: -2.7460 trn-auc: 0.8718  acc: 0.8635 val-auc: 0.7335  acc: 0.7241
 83/1000 trn-loss-MF: 0.3337  trn-loss-MF: 0.3863 trn-loss-GC: -2.7802 trn-auc: 0.9316  acc: 0.9298 val-auc: 0.7261  acc: 0.7241
 84/1000 trn-loss-MF: 0.3009  trn-loss-MF: 0.4618 trn-loss-GC: -2.7761 trn-auc: 0.8829  acc: 0.8903 val-auc: 0.7218  acc: 0.7356
 85/1000 trn-loss-MF: 0.3457  trn-loss-MF: 0.3961 trn-loss-GC: -2.7773 trn-auc: 0.9222  acc: 0.9260 val-auc: 0.7418  acc: 0.7471
 86/1000 trn-loss-MF: 0.3167  trn-loss-MF: 0.3662 trn-loss-GC: -2.7386 trn-auc: 0.9062  acc: 0.9005 val-auc: 0.7423  acc: 0.7356
 87/1000 trn-loss-MF: 0.2847  trn-loss-MF: 0.2619 trn-loss-GC: -2.7297 trn-auc: 0.9400  acc: 0.9388 val-auc: 0.7136  acc: 0.7126
 88/1000 trn-loss-MF: 0.2163  trn-loss-MF: 0.3519 trn-loss-GC: -2.7417 trn-auc: 0.8854  acc: 0.8929 val-auc: 0.7093  acc: 0.7241
 89/1000 trn-loss-MF: 0.3297  trn-loss-MF: 0.3248 trn-loss-GC: -2.7306 trn-auc: 0.9250  acc: 0.9209 val-auc: 0.7298  acc: 0.7241
 90/1000 trn-loss-MF: 0.2845  trn-loss-MF: 0.3310 trn-loss-GC: -2.7614 trn-auc: 0.9399  acc: 0.9375 val-auc: 0.7279  acc: 0.7241
 91/1000 trn-loss-MF: 0.2823  trn-loss-MF: 0.3516 trn-loss-GC: -2.7541 trn-auc: 0.9130  acc: 0.9184 val-auc: 0.7112  acc: 0.7241
 92/1000 trn-loss-MF: 0.2854  trn-loss-MF: 0.3161 trn-loss-GC: -2.7231 trn-auc: 0.9325  acc: 0.9362 val-auc: 0.7043  acc: 0.7126
 93/1000 trn-loss-MF: 0.2651  trn-loss-MF: 0.2816 trn-loss-GC: -2.7082 trn-auc: 0.9183  acc: 0.9133 val-auc: 0.7423  acc: 0.7356
 94/1000 trn-loss-MF: 0.2657  trn-loss-MF: 0.2531 trn-loss-GC: -2.7381 trn-auc: 0.9256  acc: 0.9298 val-auc: 0.7255  acc: 0.7356
 95/1000 trn-loss-MF: 0.2278  trn-loss-MF: 0.1903 trn-loss-GC: -2.7401 trn-auc: 0.9584  acc: 0.9592 val-auc: 0.7223  acc: 0.7241
 96/1000 trn-loss-MF: 0.1848  trn-loss-MF: 0.2669 trn-loss-GC: -2.7220 trn-auc: 0.9325  acc: 0.9286 val-auc: 0.7085  acc: 0.7011
 97/1000 trn-loss-MF: 0.2315  trn-loss-MF: 0.2458 trn-loss-GC: -2.7559 trn-auc: 0.9268  acc: 0.9311 val-auc: 0.7362  acc: 0.7471
 98/1000 trn-loss-MF: 0.2513  trn-loss-MF: 0.1661 trn-loss-GC: -2.7437 trn-auc: 0.9645  acc: 0.9643 val-auc: 0.7367  acc: 0.7356
 99/1000 trn-loss-MF: 0.1663  trn-loss-MF: 0.2049 trn-loss-GC: -2.7419 trn-auc: 0.9476  acc: 0.9452 val-auc: 0.7173  acc: 0.7126
100/1000 trn-loss-MF: 0.1933  trn-loss-MF: 0.4935 trn-loss-GC: -2.6872 trn-auc: 0.8215  acc: 0.8342 val-auc: 0.6412  acc: 0.6667
101/1000 trn-loss-MF: 0.3952  trn-loss-MF: 0.2713 trn-loss-GC: -2.7591 trn-auc: 0.9302  acc: 0.9260 val-auc: 0.7085  acc: 0.7011
102/1000 trn-loss-MF: 0.2758  trn-loss-MF: 0.4768 trn-loss-GC: -2.7486 trn-auc: 0.7678  acc: 0.7513 val-auc: 0.6715  acc: 0.6552
103/1000 trn-loss-MF: 0.3789  trn-loss-MF: 0.2199 trn-loss-GC: -2.7719 trn-auc: 0.9616  acc: 0.9630 val-auc: 0.6955  acc: 0.7011
104/1000 trn-loss-MF: 0.2444  trn-loss-MF: 0.3521 trn-loss-GC: -2.7701 trn-auc: 0.8904  acc: 0.8980 val-auc: 0.6468  acc: 0.6667
105/1000 trn-loss-MF: 0.3248  trn-loss-MF: 0.1794 trn-loss-GC: -2.7638 trn-auc: 0.9727  acc: 0.9719 val-auc: 0.7386  acc: 0.7356
106/1000 trn-loss-MF: 0.2051  trn-loss-MF: 0.2854 trn-loss-GC: -2.7415 trn-auc: 0.9337  acc: 0.9298 val-auc: 0.6854  acc: 0.6782
107/1000 trn-loss-MF: 0.2613  trn-loss-MF: 0.4661 trn-loss-GC: -2.7884 trn-auc: 0.8215  acc: 0.8342 val-auc: 0.6074  acc: 0.6322
108/1000 trn-loss-MF: 0.4202  trn-loss-MF: 0.2747 trn-loss-GC: -2.8159 trn-auc: 0.9573  acc: 0.9592 val-auc: 0.6936  acc: 0.7011
109/1000 trn-loss-MF: 0.2885  trn-loss-MF: 0.4241 trn-loss-GC: -2.8125 trn-auc: 0.8510  acc: 0.8406 val-auc: 0.7141  acc: 0.7011
110/1000 trn-loss-MF: 0.3610  trn-loss-MF: 0.4096 trn-loss-GC: -2.8084 trn-auc: 0.8807  acc: 0.8724 val-auc: 0.7229  acc: 0.7126
111/1000 trn-loss-MF: 0.3473  trn-loss-MF: 0.2448 trn-loss-GC: -2.7877 trn-auc: 0.9459  acc: 0.9490 val-auc: 0.7149  acc: 0.7241
112/1000 trn-loss-MF: 0.2396  trn-loss-MF: 0.3645 trn-loss-GC: -2.7446 trn-auc: 0.8975  acc: 0.9043 val-auc: 0.6612  acc: 0.6782
113/1000 trn-loss-MF: 0.3079  trn-loss-MF: 0.1620 trn-loss-GC: -2.7689 trn-auc: 0.9712  acc: 0.9707 val-auc: 0.7386  acc: 0.7356
114/1000 trn-loss-MF: 0.1683  trn-loss-MF: 0.2876 trn-loss-GC: -2.7452 trn-auc: 0.9185  acc: 0.9133 val-auc: 0.6979  acc: 0.6897
115/1000 trn-loss-MF: 0.2714  trn-loss-MF: 0.2488 trn-loss-GC: -2.7811 trn-auc: 0.9490  acc: 0.9515 val-auc: 0.7274  acc: 0.7356
116/1000 trn-loss-MF: 0.2488  trn-loss-MF: 0.3273 trn-loss-GC: -2.7903 trn-auc: 0.9236  acc: 0.9286 val-auc: 0.6630  acc: 0.6782
117/1000 trn-loss-MF: 0.3091  trn-loss-MF: 0.1970 trn-loss-GC: -2.7643 trn-auc: 0.9763  acc: 0.9758 val-auc: 0.7154  acc: 0.7126
118/1000 trn-loss-MF: 0.2087  trn-loss-MF: 0.3023 trn-loss-GC: -2.7238 trn-auc: 0.9173  acc: 0.9120 val-auc: 0.6872  acc: 0.6782
119/1000 trn-loss-MF: 0.2706  trn-loss-MF: 0.1886 trn-loss-GC: -2.7725 trn-auc: 0.9460  acc: 0.9490 val-auc: 0.6793  acc: 0.6897
120/1000 trn-loss-MF: 0.1758  trn-loss-MF: 0.2188 trn-loss-GC: -2.7527 trn-auc: 0.9445  acc: 0.9477 val-auc: 0.6899  acc: 0.7011
121/1000 trn-loss-MF: 0.2048  trn-loss-MF: 0.1697 trn-loss-GC: -2.7438 trn-auc: 0.9797  acc: 0.9796 val-auc: 0.6904  acc: 0.6897
122/1000 trn-loss-MF: 0.1818  trn-loss-MF: 0.1794 trn-loss-GC: -2.7380 trn-auc: 0.9668  acc: 0.9656 val-auc: 0.7279  acc: 0.7241
123/1000 trn-loss-MF: 0.1972  trn-loss-MF: 0.1601 trn-loss-GC: -2.7519 trn-auc: 0.9545  acc: 0.9566 val-auc: 0.7043  acc: 0.7126
124/1000 trn-loss-MF: 0.1570  trn-loss-MF: 0.1680 trn-loss-GC: -2.7452 trn-auc: 0.9545  acc: 0.9566 val-auc: 0.7043  acc: 0.7126
125/1000 trn-loss-MF: 0.1684  trn-loss-MF: 0.1451 trn-loss-GC: -2.7417 trn-auc: 0.9739  acc: 0.9732 val-auc: 0.7279  acc: 0.7241
126/1000 trn-loss-MF: 0.1566  trn-loss-MF: 0.1372 trn-loss-GC: -2.7473 trn-auc: 0.9739  acc: 0.9732 val-auc: 0.7279  acc: 0.7241
127/1000 trn-loss-MF: 0.1433  trn-loss-MF: 0.1442 trn-loss-GC: -2.7483 trn-auc: 0.9653  acc: 0.9668 val-auc: 0.7274  acc: 0.7356
128/1000 trn-loss-MF: 0.1503  trn-loss-MF: 0.1242 trn-loss-GC: -2.7524 trn-auc: 0.9765  acc: 0.9770 val-auc: 0.6973  acc: 0.7011
129/1000 trn-loss-MF: 0.1295  trn-loss-MF: 0.1400 trn-loss-GC: -2.7581 trn-auc: 0.9704  acc: 0.9694 val-auc: 0.7279  acc: 0.7241
130/1000 trn-loss-MF: 0.1376  trn-loss-MF: 0.1137 trn-loss-GC: -2.7669 trn-auc: 0.9779  acc: 0.9783 val-auc: 0.6761  acc: 0.6782
131/1000 trn-loss-MF: 0.1198  trn-loss-MF: 0.1226 trn-loss-GC: -2.7688 trn-auc: 0.9748  acc: 0.9758 val-auc: 0.6830  acc: 0.6897
time: 6.1865 sec.
tst-auc: 0.7543  acc: 0.7586
attention maps have been saved.
val=89.32% tst_acc=89.32% tst_auc=89.17%
tst_acc_std=0.0877 tst_auc_std=0.0882
(0.8932079414838036, 0.8932079414838036)
