config,seed,fold,subject_index,true_original_label,true_internal_label,true_asd,p_asd,pred_internal,pred_asd,legacy_selected_epoch
L0_legacy_baseline,0,1,10,1,0,1,0.7946491490090349,0,1,88
L0_legacy_baseline,0,1,14,1,0,1,0.15664958500249976,1,0,88
L0_legacy_baseline,0,1,36,2,1,0,0.1632105264374656,1,0,88
L0_legacy_baseline,0,1,42,2,1,0,0.27529835943266034,1,0,88
L0_legacy_baseline,0,1,49,2,1,0,0.15543395611942842,1,0,88
L0_legacy_baseline,0,1,53,2,1,0,0.35847454626864833,1,0,88
L0_legacy_baseline,0,1,63,2,1,0,0.1679345032468178,1,0,88
L0_legacy_baseline,0,1,67,1,0,1,0.7948797068348129,0,1,88
L0_legacy_baseline,0,1,83,1,0,1,0.605620564734441,0,1,88
L0_legacy_baseline,0,1,84,1,0,1,0.7962419511440506,0,1,88
L0_legacy_baseline,0,1,96,2,1,0,0.5760289513457919,0,1,88
L0_legacy_baseline,0,1,97,2,1,0,0.16181827803500967,1,0,88
L0_legacy_baseline,0,1,111,2,1,0,0.15996571960476166,1,0,88
L0_legacy_baseline,0,1,114,2,1,0,0.37582286974861173,1,0,88
L0_legacy_baseline,0,1,123,2,1,0,0.4537655593274267,1,0,88
L0_legacy_baseline,0,1,131,1,0,1,0.7962152673643633,0,1,88
L0_legacy_baseline,0,1,132,1,0,1,0.25747362587774153,1,0,88
L0_legacy_baseline,0,1,136,1,0,1,0.794691600827224,0,1,88
L0_legacy_baseline,0,1,141,1,0,1,0.6900823634777101,0,1,88
L0_legacy_baseline,0,1,145,1,0,1,0.2991113938087147,1,0,88
L0_legacy_baseline,0,1,146,1,0,1,0.6013676170732718,0,1,88
L0_legacy_baseline,0,1,148,1,0,1,0.511115714410942,0,1,88
L0_legacy_baseline,0,1,152,2,1,0,0.4319694500773508,1,0,88
L0_legacy_baseline,0,1,154,2,1,0,0.15546039949623144,1,0,88
L0_legacy_baseline,0,1,164,1,0,1,0.787346966491594,0,1,88
L0_legacy_baseline,0,1,184,1,0,1,0.7964940140038337,0,1,88
L0_legacy_baseline,0,1,202,2,1,0,0.16349347015611773,1,0,88
L0_legacy_baseline,0,1,204,2,1,0,0.15595451353924808,1,0,88
L0_legacy_baseline,0,1,210,2,1,0,0.15688462513205312,1,0,88
L0_legacy_baseline,0,1,223,2,1,0,0.1595723637165585,1,0,88
L0_legacy_baseline,0,1,241,2,1,0,0.16441163714348508,1,0,88
L0_legacy_baseline,0,1,266,1,0,1,0.6530117105983733,0,1,88
L0_legacy_baseline,0,1,271,2,1,0,0.15762231931091503,1,0,88
L0_legacy_baseline,0,1,275,2,1,0,0.15563889403733697,1,0,88
L0_legacy_baseline,0,1,278,2,1,0,0.15762322123564115,1,0,88
L0_legacy_baseline,0,1,286,2,1,0,0.46971571351648955,1,0,88
L0_legacy_baseline,0,1,292,2,1,0,0.15807038349459943,1,0,88
L0_legacy_baseline,0,1,302,2,1,0,0.16133799002947163,1,0,88
L0_legacy_baseline,0,1,303,2,1,0,0.2014300385930859,1,0,88
L0_legacy_baseline,0,1,323,1,0,1,0.7834989218006322,0,1,88
L0_legacy_baseline,0,1,326,1,0,1,0.7907540097803322,0,1,88
L0_legacy_baseline,0,1,346,1,0,1,0.7962226708667788,0,1,88
L0_legacy_baseline,0,1,349,1,0,1,0.7873579832773037,0,1,88
L0_legacy_baseline,0,1,352,2,1,0,0.15566023214221358,1,0,88
L0_legacy_baseline,0,1,353,2,1,0,0.15801825224426808,1,0,88
L0_legacy_baseline,0,1,360,2,1,0,0.15652722418412804,1,0,88
L0_legacy_baseline,0,1,390,1,0,1,0.7897074398950744,0,1,88
L0_legacy_baseline,0,1,397,2,1,0,0.16048853973200902,1,0,88
L0_legacy_baseline,0,1,405,1,0,1,0.7937777126232616,0,1,88
L0_legacy_baseline,0,1,408,1,0,1,0.7527009981170063,0,1,88
L0_legacy_baseline,0,1,430,2,1,0,0.15766121950282008,1,0,88
L0_legacy_baseline,0,1,435,2,1,0,0.27190119117029465,1,0,88
L0_legacy_baseline,0,1,446,1,0,1,0.7821329313081302,0,1,88
L0_legacy_baseline,0,1,451,1,0,1,0.792746277410631,0,1,88
L0_legacy_baseline,0,1,475,1,0,1,0.1555199923361581,1,0,88
L0_legacy_baseline,0,1,476,1,0,1,0.791274949528012,0,1,88
L0_legacy_baseline,0,1,481,2,1,0,0.15622728059163696,1,0,88
L0_legacy_baseline,0,1,490,1,0,1,0.1554330296636154,1,0,88
L0_legacy_baseline,0,1,511,1,0,1,0.7965246358015443,0,1,88
L0_legacy_baseline,0,1,522,1,0,1,0.6090172917645216,0,1,88
L0_legacy_baseline,0,1,525,1,0,1,0.15979146306352632,1,0,88
L0_legacy_baseline,0,1,537,1,0,1,0.7958415867269335,0,1,88
L0_legacy_baseline,0,1,541,1,0,1,0.5634270148902647,0,1,88
L0_legacy_baseline,0,1,557,1,0,1,0.5614477670047209,0,1,88
L0_legacy_baseline,0,1,559,1,0,1,0.45726675651279525,1,0,88
L0_legacy_baseline,0,1,579,2,1,0,0.15763823528228438,1,0,88
L0_legacy_baseline,0,1,584,2,1,0,0.1576410916833522,1,0,88
L0_legacy_baseline,0,1,633,2,1,0,0.15765385215962863,1,0,88
L0_legacy_baseline,0,1,636,2,1,0,0.1570355488567226,1,0,88
L0_legacy_baseline,0,1,648,2,1,0,0.1555181754828467,1,0,88
L0_legacy_baseline,0,1,655,2,1,0,0.22886587398030891,1,0,88
L0_legacy_baseline,0,1,670,2,1,0,0.15543067649067654,1,0,88
L0_legacy_baseline,0,1,692,2,1,0,0.15741218012213226,1,0,88
L0_legacy_baseline,0,1,695,2,1,0,0.15595488536422655,1,0,88
L0_legacy_baseline,0,1,696,2,1,0,0.308706842242307,1,0,88
L0_legacy_baseline,0,1,727,1,0,1,0.7888560103970637,0,1,88
L0_legacy_baseline,0,1,732,1,0,1,0.7876960001318404,0,1,88
L0_legacy_baseline,0,1,762,2,1,0,0.1594621663495932,1,0,88
L0_legacy_baseline,0,1,765,1,0,1,0.7947391116598957,0,1,88
L0_legacy_baseline,0,1,766,1,0,1,0.5182161949051488,0,1,88
L0_legacy_baseline,0,1,779,2,1,0,0.16297822910086865,1,0,88
L0_legacy_baseline,0,1,795,1,0,1,0.7712393784763786,0,1,88
L0_legacy_baseline,0,1,798,2,1,0,0.15583475767719585,1,0,88
L0_legacy_baseline,0,1,825,2,1,0,0.16210072119117727,1,0,88
L0_legacy_baseline,0,1,828,1,0,1,0.7057764880524288,0,1,88
L0_legacy_baseline,0,1,839,2,1,0,0.15949693828076808,1,0,88
L0_legacy_baseline,0,1,854,2,1,0,0.17886033293703474,1,0,88
L0_legacy_baseline,0,1,862,1,0,1,0.7947448316251794,0,1,88
L0_legacy_baseline,0,2,2,1,0,1,0.9105894846367276,0,1,127
L0_legacy_baseline,0,2,3,1,0,1,0.8986372503906384,0,1,127
L0_legacy_baseline,0,2,4,1,0,1,0.636207176333058,0,1,127
L0_legacy_baseline,0,2,20,1,0,1,0.9138531437418761,0,1,127
L0_legacy_baseline,0,2,27,2,1,0,0.0573479592018882,1,0,127
L0_legacy_baseline,0,2,35,2,1,0,0.05887474243092174,1,0,127
L0_legacy_baseline,0,2,45,2,1,0,0.818278717629556,0,1,127
L0_legacy_baseline,0,2,57,2,1,0,0.058911095008542275,1,0,127
L0_legacy_baseline,0,2,61,2,1,0,0.05795223242747475,1,0,127
L0_legacy_baseline,0,2,69,1,0,1,0.9105839485665541,0,1,127
L0_legacy_baseline,0,2,79,1,0,1,0.9113092499454204,0,1,127
L0_legacy_baseline,0,2,87,1,0,1,0.9142999673353894,0,1,127
L0_legacy_baseline,0,2,116,2,1,0,0.057953393057765305,1,0,127
L0_legacy_baseline,0,2,122,2,1,0,0.056468729162852366,1,0,127
L0_legacy_baseline,0,2,130,1,0,1,0.9054844470592824,0,1,127
L0_legacy_baseline,0,2,133,1,0,1,0.9117543745779283,0,1,127
L0_legacy_baseline,0,2,147,1,0,1,0.8120308109660705,0,1,127
L0_legacy_baseline,0,2,162,2,1,0,0.05366717669314656,1,0,127
L0_legacy_baseline,0,2,170,1,0,1,0.41264368054813233,1,0,127
L0_legacy_baseline,0,2,171,1,0,1,0.11649042330235204,1,0,127
L0_legacy_baseline,0,2,183,1,0,1,0.664464827613288,0,1,127
L0_legacy_baseline,0,2,192,1,0,1,0.9155399221085169,0,1,127
L0_legacy_baseline,0,2,197,2,1,0,0.054279738616619305,1,0,127
L0_legacy_baseline,0,2,217,2,1,0,0.18320417364346264,1,0,127
L0_legacy_baseline,0,2,218,2,1,0,0.05893680388080646,1,0,127
L0_legacy_baseline,0,2,222,2,1,0,0.05391693078170266,1,0,127
L0_legacy_baseline,0,2,232,2,1,0,0.30659785360125114,1,0,127
L0_legacy_baseline,0,2,234,2,1,0,0.05434312325069571,1,0,127
L0_legacy_baseline,0,2,257,1,0,1,0.914839601245716,0,1,127
L0_legacy_baseline,0,2,270,2,1,0,0.11344748855729127,1,0,127
L0_legacy_baseline,0,2,282,2,1,0,0.055948632541440696,1,0,127
L0_legacy_baseline,0,2,283,2,1,0,0.05844348986592093,1,0,127
L0_legacy_baseline,0,2,294,2,1,0,0.12913592051012932,1,0,127
L0_legacy_baseline,0,2,307,1,0,1,0.9050807659367626,0,1,127
L0_legacy_baseline,0,2,316,1,0,1,0.8139636828538857,0,1,127
L0_legacy_baseline,0,2,357,2,1,0,0.4880643075530675,1,0,127
L0_legacy_baseline,0,2,363,2,1,0,0.05365489465683657,1,0,127
L0_legacy_baseline,0,2,364,2,1,0,0.06447861248656321,1,0,127
L0_legacy_baseline,0,2,372,1,0,1,0.8444033793872798,0,1,127
L0_legacy_baseline,0,2,381,1,0,1,0.9105359096453729,0,1,127
L0_legacy_baseline,0,2,385,1,0,1,0.819866702769613,0,1,127
L0_legacy_baseline,0,2,394,1,0,1,0.2029565185172118,1,0,127
L0_legacy_baseline,0,2,399,2,1,0,0.06951892286986726,1,0,127
L0_legacy_baseline,0,2,407,2,1,0,0.11042199759523526,1,0,127
L0_legacy_baseline,0,2,410,2,1,0,0.054185594761761664,1,0,127
L0_legacy_baseline,0,2,417,2,1,0,0.12918500655071902,1,0,127
L0_legacy_baseline,0,2,426,2,1,0,0.054343615596514724,1,0,127
L0_legacy_baseline,0,2,450,1,0,1,0.9127235989396497,0,1,127
L0_legacy_baseline,0,2,453,1,0,1,0.844380177408488,0,1,127
L0_legacy_baseline,0,2,462,2,1,0,0.054346777081209906,1,0,127
L0_legacy_baseline,0,2,465,2,1,0,0.08457178963333399,1,0,127
L0_legacy_baseline,0,2,478,1,0,1,0.9155301335896339,0,1,127
L0_legacy_baseline,0,2,489,1,0,1,0.8991060283803538,0,1,127
L0_legacy_baseline,0,2,513,1,0,1,0.908281085663774,0,1,127
L0_legacy_baseline,0,2,528,1,0,1,0.9087613604924365,0,1,127
L0_legacy_baseline,0,2,535,1,0,1,0.8986659405058978,0,1,127
L0_legacy_baseline,0,2,543,1,0,1,0.9094843495612549,0,1,127
L0_legacy_baseline,0,2,544,1,0,1,0.8444976534203245,0,1,127
L0_legacy_baseline,0,2,546,1,0,1,0.05443868295783119,1,0,127
L0_legacy_baseline,0,2,553,1,0,1,0.901091341427468,0,1,127
L0_legacy_baseline,0,2,558,1,0,1,0.9139408580947579,0,1,127
L0_legacy_baseline,0,2,568,2,1,0,0.060975512234304204,1,0,127
L0_legacy_baseline,0,2,572,2,1,0,0.058420210766316615,1,0,127
L0_legacy_baseline,0,2,585,2,1,0,0.05735921303595087,1,0,127
L0_legacy_baseline,0,2,592,2,1,0,0.05465683187201786,1,0,127
L0_legacy_baseline,0,2,596,2,1,0,0.05890886181644021,1,0,127
L0_legacy_baseline,0,2,612,2,1,0,0.06041292712415459,1,0,127
L0_legacy_baseline,0,2,629,2,1,0,0.054962522507429536,1,0,127
L0_legacy_baseline,0,2,642,2,1,0,0.05927944736632708,1,0,127
L0_legacy_baseline,0,2,645,2,1,0,0.06193149895396987,1,0,127
L0_legacy_baseline,0,2,646,2,1,0,0.4196817489768004,1,0,127
L0_legacy_baseline,0,2,651,2,1,0,0.059280761779809045,1,0,127
L0_legacy_baseline,0,2,681,1,0,1,0.41048220449401185,1,0,127
L0_legacy_baseline,0,2,683,1,0,1,0.7646026664357475,0,1,127
L0_legacy_baseline,0,2,690,2,1,0,0.11558273023337486,1,0,127
L0_legacy_baseline,0,2,691,2,1,0,0.45716412486387314,1,0,127
L0_legacy_baseline,0,2,718,1,0,1,0.053794602103023316,1,0,127
L0_legacy_baseline,0,2,722,1,0,1,0.09771517831031808,1,0,127
L0_legacy_baseline,0,2,728,1,0,1,0.9144883471651589,0,1,127
L0_legacy_baseline,0,2,742,2,1,0,0.059553771926948586,1,0,127
L0_legacy_baseline,0,2,753,2,1,0,0.0631870560908155,1,0,127
L0_legacy_baseline,0,2,793,1,0,1,0.9145671142603709,0,1,127
L0_legacy_baseline,0,2,820,2,1,0,0.05386109276323545,1,0,127
L0_legacy_baseline,0,2,824,2,1,0,0.06149508083473786,1,0,127
L0_legacy_baseline,0,2,832,1,0,1,0.6531926281184602,0,1,127
L0_legacy_baseline,0,2,840,2,1,0,0.08091130904472163,1,0,127
L0_legacy_baseline,0,2,869,1,0,1,0.05428648145173365,1,0,127
L0_legacy_baseline,0,3,21,2,1,0,0.30717876977306346,1,0,98
L0_legacy_baseline,0,3,32,2,1,0,0.13747356693948204,1,0,98
L0_legacy_baseline,0,3,34,2,1,0,0.17175848596406637,1,0,98
L0_legacy_baseline,0,3,37,2,1,0,0.12910310424324628,1,0,98
L0_legacy_baseline,0,3,70,1,0,1,0.28730408948422353,1,0,98
L0_legacy_baseline,0,3,74,1,0,1,0.24654535470680125,1,0,98
L0_legacy_baseline,0,3,86,1,0,1,0.41889461619384866,1,0,98
L0_legacy_baseline,0,3,100,2,1,0,0.13099059813514982,1,0,98
L0_legacy_baseline,0,3,119,2,1,0,0.16512095579023725,1,0,98
L0_legacy_baseline,0,3,151,2,1,0,0.129157504984079,1,0,98
L0_legacy_baseline,0,3,159,2,1,0,0.15664583155623518,1,0,98
L0_legacy_baseline,0,3,160,2,1,0,0.3356256600012959,1,0,98
L0_legacy_baseline,0,3,163,1,0,1,0.8640073024378505,0,1,98
L0_legacy_baseline,0,3,181,1,0,1,0.5001596159558915,0,1,98
L0_legacy_baseline,0,3,187,1,0,1,0.8436739546798867,0,1,98
L0_legacy_baseline,0,3,207,2,1,0,0.13604563146429963,1,0,98
L0_legacy_baseline,0,3,258,1,0,1,0.2611061436257359,1,0,98
L0_legacy_baseline,0,3,262,1,0,1,0.8622236937693089,0,1,98
L0_legacy_baseline,0,3,264,1,0,1,0.8644189921601431,0,1,98
L0_legacy_baseline,0,3,284,2,1,0,0.1291625244300692,1,0,98
L0_legacy_baseline,0,3,287,2,1,0,0.8644060727674077,0,1,98
L0_legacy_baseline,0,3,297,2,1,0,0.4088012982268878,1,0,98
L0_legacy_baseline,0,3,310,1,0,1,0.8642837023341531,0,1,98
L0_legacy_baseline,0,3,319,1,0,1,0.8631523170002963,0,1,98
L0_legacy_baseline,0,3,327,1,0,1,0.8643887098198926,0,1,98
L0_legacy_baseline,0,3,329,1,0,1,0.8628705186222091,0,1,98
L0_legacy_baseline,0,3,333,1,0,1,0.59628605496893,0,1,98
L0_legacy_baseline,0,3,335,1,0,1,0.8551507362897413,0,1,98
L0_legacy_baseline,0,3,337,1,0,1,0.8622728906788263,0,1,98
L0_legacy_baseline,0,3,368,2,1,0,0.8625409982709571,0,1,98
L0_legacy_baseline,0,3,370,1,0,1,0.8644574681056304,0,1,98
L0_legacy_baseline,0,3,371,1,0,1,0.8639875399808151,0,1,98
L0_legacy_baseline,0,3,379,1,0,1,0.8642237792120122,0,1,98
L0_legacy_baseline,0,3,411,2,1,0,0.12905617239322614,1,0,98
L0_legacy_baseline,0,3,425,2,1,0,0.1617582579358232,1,0,98
L0_legacy_baseline,0,3,434,2,1,0,0.13053231198759535,1,0,98
L0_legacy_baseline,0,3,439,2,1,0,0.12921528660278572,1,0,98
L0_legacy_baseline,0,3,444,2,1,0,0.33257379706015106,1,0,98
L0_legacy_baseline,0,3,456,1,0,1,0.8640386271801849,0,1,98
L0_legacy_baseline,0,3,457,1,0,1,0.35440730274866616,1,0,98
L0_legacy_baseline,0,3,497,1,0,1,0.5945562091824568,0,1,98
L0_legacy_baseline,0,3,499,1,0,1,0.547562608177834,0,1,98
L0_legacy_baseline,0,3,502,1,0,1,0.8644145353986598,0,1,98
L0_legacy_baseline,0,3,507,1,0,1,0.8552089725896923,0,1,98
L0_legacy_baseline,0,3,514,1,0,1,0.7966567859205461,0,1,98
L0_legacy_baseline,0,3,539,1,0,1,0.5325719633252601,0,1,98
L0_legacy_baseline,0,3,562,1,0,1,0.8611934397239264,0,1,98
L0_legacy_baseline,0,3,576,2,1,0,0.13603413345692972,1,0,98
L0_legacy_baseline,0,3,589,2,1,0,0.13675845284245935,1,0,98
L0_legacy_baseline,0,3,605,2,1,0,0.8625339035200625,0,1,98
L0_legacy_baseline,0,3,622,2,1,0,0.13911145672013747,1,0,98
L0_legacy_baseline,0,3,626,2,1,0,0.1311244583422699,1,0,98
L0_legacy_baseline,0,3,640,2,1,0,0.315590640946625,1,0,98
L0_legacy_baseline,0,3,661,2,1,0,0.1292418144323386,1,0,98
L0_legacy_baseline,0,3,662,2,1,0,0.13604793442602792,1,0,98
L0_legacy_baseline,0,3,669,2,1,0,0.154252215230912,1,0,98
L0_legacy_baseline,0,3,676,1,0,1,0.6443242400779564,0,1,98
L0_legacy_baseline,0,3,678,1,0,1,0.665013704884234,0,1,98
L0_legacy_baseline,0,3,686,2,1,0,0.3090207278763735,1,0,98
L0_legacy_baseline,0,3,688,2,1,0,0.1878748799853419,1,0,98
L0_legacy_baseline,0,3,709,1,0,1,0.8616367852693639,0,1,98
L0_legacy_baseline,0,3,710,1,0,1,0.8643945833001951,0,1,98
L0_legacy_baseline,0,3,713,1,0,1,0.20443938287575003,1,0,98
L0_legacy_baseline,0,3,714,1,0,1,0.8605961910756253,0,1,98
L0_legacy_baseline,0,3,716,1,0,1,0.8642869993211175,0,1,98
L0_legacy_baseline,0,3,723,1,0,1,0.863563200420663,0,1,98
L0_legacy_baseline,0,3,737,2,1,0,0.6990356926410907,0,1,98
L0_legacy_baseline,0,3,739,2,1,0,0.13075611036457385,1,0,98
L0_legacy_baseline,0,3,745,2,1,0,0.13112896022056358,1,0,98
L0_legacy_baseline,0,3,747,2,1,0,0.1296440642247926,1,0,98
L0_legacy_baseline,0,3,754,2,1,0,0.18690498391888488,1,0,98
L0_legacy_baseline,0,3,755,2,1,0,0.8455810495833965,0,1,98
L0_legacy_baseline,0,3,756,2,1,0,0.13814404524870197,1,0,98
L0_legacy_baseline,0,3,780,2,1,0,0.8642886864560304,0,1,98
L0_legacy_baseline,0,3,786,1,0,1,0.8634503932052572,0,1,98
L0_legacy_baseline,0,3,791,1,0,1,0.307167564697184,1,0,98
L0_legacy_baseline,0,3,800,2,1,0,0.2610965569081455,1,0,98
L0_legacy_baseline,0,3,806,2,1,0,0.13024575059227245,1,0,98
L0_legacy_baseline,0,3,819,2,1,0,0.1718119550506089,1,0,98
L0_legacy_baseline,0,3,831,1,0,1,0.8640546440511406,0,1,98
L0_legacy_baseline,0,3,834,2,1,0,0.1353757675470819,1,0,98
L0_legacy_baseline,0,3,836,2,1,0,0.129687746781599,1,0,98
L0_legacy_baseline,0,3,842,2,1,0,0.35068046891562743,1,0,98
L0_legacy_baseline,0,3,852,2,1,0,0.1325447858341101,1,0,98
L0_legacy_baseline,0,3,853,2,1,0,0.1291445415506345,1,0,98
L0_legacy_baseline,0,3,857,1,0,1,0.8638968702155674,0,1,98
L0_legacy_baseline,0,3,868,1,0,1,0.8497349388982574,0,1,98
L0_legacy_baseline,0,4,8,1,0,1,0.9325214841478029,0,1,159
L0_legacy_baseline,0,4,13,1,0,1,0.9318897725510259,0,1,159
L0_legacy_baseline,0,4,17,1,0,1,0.8874420420012797,0,1,159
L0_legacy_baseline,0,4,29,2,1,0,0.07115667510894477,1,0,159
L0_legacy_baseline,0,4,33,2,1,0,0.06916524512333633,1,0,159
L0_legacy_baseline,0,4,43,2,1,0,0.4645645380628474,1,0,159
L0_legacy_baseline,0,4,46,1,0,1,0.9321592184339291,0,1,159
L0_legacy_baseline,0,4,55,2,1,0,0.17019203029934984,1,0,159
L0_legacy_baseline,0,4,56,2,1,0,0.06999390883634904,1,0,159
L0_legacy_baseline,0,4,58,2,1,0,0.0687523784097606,1,0,159
L0_legacy_baseline,0,4,66,1,0,1,0.9332457287640606,0,1,159
L0_legacy_baseline,0,4,72,1,0,1,0.9329961970673135,0,1,159
L0_legacy_baseline,0,4,88,1,0,1,0.6058606265639934,0,1,159
L0_legacy_baseline,0,4,99,2,1,0,0.07330178009223647,1,0,159
L0_legacy_baseline,0,4,103,1,0,1,0.9331098379244896,0,1,159
L0_legacy_baseline,0,4,106,1,0,1,0.933173883881364,0,1,159
L0_legacy_baseline,0,4,109,1,0,1,0.9329151615926049,0,1,159
L0_legacy_baseline,0,4,113,2,1,0,0.06928042658370721,1,0,159
L0_legacy_baseline,0,4,126,2,1,0,0.06929220473401435,1,0,159
L0_legacy_baseline,0,4,135,1,0,1,0.9311621539612485,0,1,159
L0_legacy_baseline,0,4,144,1,0,1,0.6864026584436627,0,1,159
L0_legacy_baseline,0,4,158,2,1,0,0.07118255154973963,1,0,159
L0_legacy_baseline,0,4,172,1,0,1,0.19204528864025178,1,0,159
L0_legacy_baseline,0,4,175,1,0,1,0.8322066435130604,0,1,159
L0_legacy_baseline,0,4,200,2,1,0,0.1955182534670942,1,0,159
L0_legacy_baseline,0,4,211,2,1,0,0.2525237064307103,1,0,159
L0_legacy_baseline,0,4,230,2,1,0,0.0713763379342647,1,0,159
L0_legacy_baseline,0,4,231,2,1,0,0.06841749169693029,1,0,159
L0_legacy_baseline,0,4,236,2,1,0,0.07017959006125574,1,0,159
L0_legacy_baseline,0,4,243,2,1,0,0.07100576139101994,1,0,159
L0_legacy_baseline,0,4,244,2,1,0,0.0850583172168545,1,0,159
L0_legacy_baseline,0,4,263,1,0,1,0.930432164212518,0,1,159
L0_legacy_baseline,0,4,280,2,1,0,0.06812924767965355,1,0,159
L0_legacy_baseline,0,4,288,2,1,0,0.07172268070082578,1,0,159
L0_legacy_baseline,0,4,306,2,1,0,0.4258908484635018,1,0,159
L0_legacy_baseline,0,4,328,1,0,1,0.9323132740881495,0,1,159
L0_legacy_baseline,0,4,339,1,0,1,0.9317062631346987,0,1,159
L0_legacy_baseline,0,4,341,1,0,1,0.9319349108663777,0,1,159
L0_legacy_baseline,0,4,345,1,0,1,0.9306230219658271,0,1,159
L0_legacy_baseline,0,4,348,1,0,1,0.9301834194600608,0,1,159
L0_legacy_baseline,0,4,351,2,1,0,0.24125786277350286,1,0,159
L0_legacy_baseline,0,4,386,1,0,1,0.9323201092479921,0,1,159
L0_legacy_baseline,0,4,412,1,0,1,0.8577934119617604,0,1,159
L0_legacy_baseline,0,4,416,1,0,1,0.9327532299000039,0,1,159
L0_legacy_baseline,0,4,436,2,1,0,0.06815178083233199,1,0,159
L0_legacy_baseline,0,4,441,2,1,0,0.07403734479479837,1,0,159
L0_legacy_baseline,0,4,445,2,1,0,0.0683214651496936,1,0,159
L0_legacy_baseline,0,4,455,1,0,1,0.9319270439637476,0,1,159
L0_legacy_baseline,0,4,460,2,1,0,0.07189160521197141,1,0,159
L0_legacy_baseline,0,4,461,2,1,0,0.06851036996867554,1,0,159
L0_legacy_baseline,0,4,467,2,1,0,0.06817079440550099,1,0,159
L0_legacy_baseline,0,4,496,1,0,1,0.9323149273031105,0,1,159
L0_legacy_baseline,0,4,498,1,0,1,0.635097801691862,0,1,159
L0_legacy_baseline,0,4,508,1,0,1,0.9317101921749583,0,1,159
L0_legacy_baseline,0,4,509,1,0,1,0.7552417796193029,0,1,159
L0_legacy_baseline,0,4,510,1,0,1,0.931961004739947,0,1,159
L0_legacy_baseline,0,4,516,1,0,1,0.7899408721313336,0,1,159
L0_legacy_baseline,0,4,527,1,0,1,0.9276869156176518,0,1,159
L0_legacy_baseline,0,4,551,1,0,1,0.8976798342067336,0,1,159
L0_legacy_baseline,0,4,555,1,0,1,0.9321220349635407,0,1,159
L0_legacy_baseline,0,4,566,2,1,0,0.0711786313006077,1,0,159
L0_legacy_baseline,0,4,577,2,1,0,0.07213630418821954,1,0,159
L0_legacy_baseline,0,4,586,2,1,0,0.07445670097311788,1,0,159
L0_legacy_baseline,0,4,599,2,1,0,0.06908244755728199,1,0,159
L0_legacy_baseline,0,4,606,2,1,0,0.9332322326567393,0,1,159
L0_legacy_baseline,0,4,607,2,1,0,0.07446657166196922,1,0,159
L0_legacy_baseline,0,4,616,2,1,0,0.0732950694210293,1,0,159
L0_legacy_baseline,0,4,619,2,1,0,0.0728111859036849,1,0,159
L0_legacy_baseline,0,4,631,2,1,0,0.07174340891931086,1,0,159
L0_legacy_baseline,0,4,632,2,1,0,0.9287426584005974,0,1,159
L0_legacy_baseline,0,4,657,2,1,0,0.07510867115952226,1,0,159
L0_legacy_baseline,0,4,658,2,1,0,0.07192625409388764,1,0,159
L0_legacy_baseline,0,4,664,2,1,0,0.07511089169787534,1,0,159
L0_legacy_baseline,0,4,665,2,1,0,0.06832161175181067,1,0,159
L0_legacy_baseline,0,4,693,2,1,0,0.07470501886963635,1,0,159
L0_legacy_baseline,0,4,697,2,1,0,0.09616811702200183,1,0,159
L0_legacy_baseline,0,4,698,2,1,0,0.06955990736436111,1,0,159
L0_legacy_baseline,0,4,700,1,0,1,0.9308023858627108,0,1,159
L0_legacy_baseline,0,4,701,1,0,1,0.9326303490471153,0,1,159
L0_legacy_baseline,0,4,703,1,0,1,0.9308218041162061,0,1,159
L0_legacy_baseline,0,4,730,1,0,1,0.9300319261804951,0,1,159
L0_legacy_baseline,0,4,735,1,0,1,0.9300628589911005,0,1,159
L0_legacy_baseline,0,4,767,1,0,1,0.9326532589866107,0,1,159
L0_legacy_baseline,0,4,772,1,0,1,0.2619008839986079,1,0,159
L0_legacy_baseline,0,4,776,2,1,0,0.08288484538269614,1,0,159
L0_legacy_baseline,0,4,845,2,1,0,0.06868427126898738,1,0,159
L0_legacy_baseline,0,4,851,2,1,0,0.07763675097848191,1,0,159
L0_legacy_baseline,0,5,0,1,0,1,0.7195818980432348,0,1,97
L0_legacy_baseline,0,5,6,1,0,1,0.8856377956843682,0,1,97
L0_legacy_baseline,0,5,18,1,0,1,0.8786242530549818,0,1,97
L0_legacy_baseline,0,5,19,1,0,1,0.1659348195412869,1,0,97
L0_legacy_baseline,0,5,50,2,1,0,0.15050235666865683,1,0,97
L0_legacy_baseline,0,5,64,1,0,1,0.8865072863430257,0,1,97
L0_legacy_baseline,0,5,77,1,0,1,0.8857619884582278,0,1,97
L0_legacy_baseline,0,5,78,1,0,1,0.8855240181874179,0,1,97
L0_legacy_baseline,0,5,81,1,0,1,0.5638905818886155,0,1,97
L0_legacy_baseline,0,5,98,2,1,0,0.16029231090242177,1,0,97
L0_legacy_baseline,0,5,112,2,1,0,0.14874852552971504,1,0,97
L0_legacy_baseline,0,5,125,2,1,0,0.14941981661823017,1,0,97
L0_legacy_baseline,0,5,128,2,1,0,0.15085889476704345,1,0,97
L0_legacy_baseline,0,5,142,1,0,1,0.885767505608157,0,1,97
L0_legacy_baseline,0,5,143,1,0,1,0.5160828641407732,0,1,97
L0_legacy_baseline,0,5,157,2,1,0,0.15041669350828368,1,0,97
L0_legacy_baseline,0,5,161,2,1,0,0.15167735486189263,1,0,97
L0_legacy_baseline,0,5,167,1,0,1,0.8860623139300858,0,1,97
L0_legacy_baseline,0,5,198,2,1,0,0.17637109666113643,1,0,97
L0_legacy_baseline,0,5,205,2,1,0,0.1957631830853311,1,0,97
L0_legacy_baseline,0,5,220,2,1,0,0.1569921429535817,1,0,97
L0_legacy_baseline,0,5,221,2,1,0,0.4963429547720459,1,0,97
L0_legacy_baseline,0,5,226,2,1,0,0.15443247061556553,1,0,97
L0_legacy_baseline,0,5,227,2,1,0,0.38833453701158716,1,0,97
L0_legacy_baseline,0,5,249,2,1,0,0.14885445996808241,1,0,97
L0_legacy_baseline,0,5,250,2,1,0,0.15509134078691358,1,0,97
L0_legacy_baseline,0,5,267,1,0,1,0.884152858257001,0,1,97
L0_legacy_baseline,0,5,277,2,1,0,0.8387854773693042,0,1,97
L0_legacy_baseline,0,5,305,2,1,0,0.14916505198047697,1,0,97
L0_legacy_baseline,0,5,318,1,0,1,0.8863675290827496,0,1,97
L0_legacy_baseline,0,5,321,1,0,1,0.8831110214363243,0,1,97
L0_legacy_baseline,0,5,336,1,0,1,0.8864197018446083,0,1,97
L0_legacy_baseline,0,5,367,2,1,0,0.1502760362996378,1,0,97
L0_legacy_baseline,0,5,373,1,0,1,0.8854114889136994,0,1,97
L0_legacy_baseline,0,5,383,1,0,1,0.8846939655766757,0,1,97
L0_legacy_baseline,0,5,391,1,0,1,0.8846779154594728,0,1,97
L0_legacy_baseline,0,5,433,2,1,0,0.1490133609886494,1,0,97
L0_legacy_baseline,0,5,469,2,1,0,0.25796297236229376,1,0,97
L0_legacy_baseline,0,5,471,1,0,1,0.8786635576840018,0,1,97
L0_legacy_baseline,0,5,500,1,0,1,0.7057244103384799,0,1,97
L0_legacy_baseline,0,5,504,1,0,1,0.881687259582683,0,1,97
L0_legacy_baseline,0,5,529,1,0,1,0.8837425486376662,0,1,97
L0_legacy_baseline,0,5,533,1,0,1,0.8864277525733724,0,1,97
L0_legacy_baseline,0,5,556,1,0,1,0.8857286883044885,0,1,97
L0_legacy_baseline,0,5,560,1,0,1,0.8861286764892381,0,1,97
L0_legacy_baseline,0,5,567,2,1,0,0.14975092041860125,1,0,97
L0_legacy_baseline,0,5,570,2,1,0,0.15136820803980539,1,0,97
L0_legacy_baseline,0,5,574,2,1,0,0.2776291669889174,1,0,97
L0_legacy_baseline,0,5,597,2,1,0,0.34615054566517484,1,0,97
L0_legacy_baseline,0,5,601,2,1,0,0.15698471330542602,1,0,97
L0_legacy_baseline,0,5,621,2,1,0,0.15290276958326512,1,0,97
L0_legacy_baseline,0,5,624,2,1,0,0.1505078109163065,1,0,97
L0_legacy_baseline,0,5,625,2,1,0,0.2039167563426026,1,0,97
L0_legacy_baseline,0,5,628,2,1,0,0.2797710847750451,1,0,97
L0_legacy_baseline,0,5,643,2,1,0,0.20199210959534106,1,0,97
L0_legacy_baseline,0,5,647,2,1,0,0.14875425314253823,1,0,97
L0_legacy_baseline,0,5,650,2,1,0,0.1580802200857845,1,0,97
L0_legacy_baseline,0,5,654,2,1,0,0.1892074906976207,1,0,97
L0_legacy_baseline,0,5,656,2,1,0,0.1487829477238984,1,0,97
L0_legacy_baseline,0,5,659,2,1,0,0.1490214614910818,1,0,97
L0_legacy_baseline,0,5,671,2,1,0,0.14939222802094257,1,0,97
L0_legacy_baseline,0,5,674,1,0,1,0.8845971222076431,0,1,97
L0_legacy_baseline,0,5,680,1,0,1,0.27901756126642957,1,0,97
L0_legacy_baseline,0,5,702,1,0,1,0.8815973728469708,0,1,97
L0_legacy_baseline,0,5,733,1,0,1,0.8642420274425883,0,1,97
L0_legacy_baseline,0,5,734,1,0,1,0.8865864573359873,0,1,97
L0_legacy_baseline,0,5,741,2,1,0,0.15087267097277365,1,0,97
L0_legacy_baseline,0,5,748,2,1,0,0.1489668804351725,1,0,97
L0_legacy_baseline,0,5,749,2,1,0,0.8822687756091029,0,1,97
L0_legacy_baseline,0,5,757,2,1,0,0.15002222611164037,1,0,97
L0_legacy_baseline,0,5,758,2,1,0,0.15088430799081604,1,0,97
L0_legacy_baseline,0,5,761,2,1,0,0.1498087175248667,1,0,97
L0_legacy_baseline,0,5,764,1,0,1,0.8824013056008575,0,1,97
L0_legacy_baseline,0,5,768,1,0,1,0.8862172358623434,0,1,97
L0_legacy_baseline,0,5,785,1,0,1,0.8865721233348933,0,1,97
L0_legacy_baseline,0,5,789,1,0,1,0.8832333858252703,0,1,97
L0_legacy_baseline,0,5,796,1,0,1,0.8834975706729876,0,1,97
L0_legacy_baseline,0,5,797,2,1,0,0.1494361156977555,1,0,97
L0_legacy_baseline,0,5,804,2,1,0,0.1528660274985265,1,0,97
L0_legacy_baseline,0,5,807,2,1,0,0.15376556592440338,1,0,97
L0_legacy_baseline,0,5,808,2,1,0,0.2875738266458405,1,0,97
L0_legacy_baseline,0,5,814,1,0,1,0.8774168662254699,0,1,97
L0_legacy_baseline,0,5,829,1,0,1,0.882234252710967,0,1,97
L0_legacy_baseline,0,5,846,2,1,0,0.15451108198932423,1,0,97
L0_legacy_baseline,0,5,864,1,0,1,0.8767316624468474,0,1,97
L0_legacy_baseline,0,5,867,1,0,1,0.8860738273325117,0,1,97
L0_legacy_baseline,0,5,870,1,0,1,0.3993838656190964,1,0,97
L0_legacy_baseline,0,6,7,1,0,1,0.9331362010774236,0,1,123
L0_legacy_baseline,0,6,12,1,0,1,0.9340687480726282,0,1,123
L0_legacy_baseline,0,6,22,2,1,0,0.06128354184308619,1,0,123
L0_legacy_baseline,0,6,25,2,1,0,0.06132891159192799,1,0,123
L0_legacy_baseline,0,6,28,2,1,0,0.2259731932764372,1,0,123
L0_legacy_baseline,0,6,30,2,1,0,0.9314073922715767,0,1,123
L0_legacy_baseline,0,6,31,2,1,0,0.06444103670124361,1,0,123
L0_legacy_baseline,0,6,38,2,1,0,0.06351319273116716,1,0,123
L0_legacy_baseline,0,6,51,2,1,0,0.21779372564884786,1,0,123
L0_legacy_baseline,0,6,60,2,1,0,0.06148651907404637,1,0,123
L0_legacy_baseline,0,6,68,1,0,1,0.9340763407592363,0,1,123
L0_legacy_baseline,0,6,71,1,0,1,0.9341559110948425,0,1,123
L0_legacy_baseline,0,6,76,1,0,1,0.9330242184338141,0,1,123
L0_legacy_baseline,0,6,102,2,1,0,0.0612463969884329,1,0,123
L0_legacy_baseline,0,6,110,1,0,1,0.9340636468797161,0,1,123
L0_legacy_baseline,0,6,129,2,1,0,0.06164632467197224,1,0,123
L0_legacy_baseline,0,6,137,1,0,1,0.9338222106841975,0,1,123
L0_legacy_baseline,0,6,150,2,1,0,0.061859705857441015,1,0,123
L0_legacy_baseline,0,6,174,1,0,1,0.9331438835182018,0,1,123
L0_legacy_baseline,0,6,176,1,0,1,0.9336851159059589,0,1,123
L0_legacy_baseline,0,6,179,1,0,1,0.933153436252239,0,1,123
L0_legacy_baseline,0,6,188,1,0,1,0.9342148989902799,0,1,123
L0_legacy_baseline,0,6,194,1,0,1,0.9328864206443825,0,1,123
L0_legacy_baseline,0,6,209,2,1,0,0.06424530604117308,1,0,123
L0_legacy_baseline,0,6,212,2,1,0,0.9342306088431209,0,1,123
L0_legacy_baseline,0,6,213,2,1,0,0.06293795201809893,1,0,123
L0_legacy_baseline,0,6,215,2,1,0,0.06356771478751995,1,0,123
L0_legacy_baseline,0,6,225,2,1,0,0.06443931596289255,1,0,123
L0_legacy_baseline,0,6,240,2,1,0,0.063864122191343,1,0,123
L0_legacy_baseline,0,6,247,2,1,0,0.4603407754439781,1,0,123
L0_legacy_baseline,0,6,252,2,1,0,0.06218246050936599,1,0,123
L0_legacy_baseline,0,6,253,2,1,0,0.06216024112472368,1,0,123
L0_legacy_baseline,0,6,255,2,1,0,0.061281218716659654,1,0,123
L0_legacy_baseline,0,6,268,1,0,1,0.933339177799863,0,1,123
L0_legacy_baseline,0,6,279,2,1,0,0.061647603378968685,1,0,123
L0_legacy_baseline,0,6,281,2,1,0,0.06477015561769944,1,0,123
L0_legacy_baseline,0,6,308,1,0,1,0.933335540907433,0,1,123
L0_legacy_baseline,0,6,309,1,0,1,0.9335236487227814,0,1,123
L0_legacy_baseline,0,6,315,1,0,1,0.9340867381772282,0,1,123
L0_legacy_baseline,0,6,332,1,0,1,0.9331253067200751,0,1,123
L0_legacy_baseline,0,6,338,1,0,1,0.9338350960957732,0,1,123
L0_legacy_baseline,0,6,342,1,0,1,0.9340672866093285,0,1,123
L0_legacy_baseline,0,6,355,2,1,0,0.062152268391937944,1,0,123
L0_legacy_baseline,0,6,358,2,1,0,0.1981060568253592,1,0,123
L0_legacy_baseline,0,6,361,2,1,0,0.19538092676917668,1,0,123
L0_legacy_baseline,0,6,369,1,0,1,0.5008847177330612,0,1,123
L0_legacy_baseline,0,6,377,1,0,1,0.9331108807565803,0,1,123
L0_legacy_baseline,0,6,389,1,0,1,0.9342221866029439,0,1,123
L0_legacy_baseline,0,6,403,2,1,0,0.061465779339801366,1,0,123
L0_legacy_baseline,0,6,409,1,0,1,0.061287136287696255,1,0,123
L0_legacy_baseline,0,6,413,1,0,1,0.9329081065982855,0,1,123
L0_legacy_baseline,0,6,415,1,0,1,0.9326878994391509,0,1,123
L0_legacy_baseline,0,6,419,1,0,1,0.9338325009094888,0,1,123
L0_legacy_baseline,0,6,422,2,1,0,0.06221412091066227,1,0,123
L0_legacy_baseline,0,6,437,2,1,0,0.062154105882783736,1,0,123
L0_legacy_baseline,0,6,438,2,1,0,0.06185761160544139,1,0,123
L0_legacy_baseline,0,6,443,2,1,0,0.061311923237106804,1,0,123
L0_legacy_baseline,0,6,447,1,0,1,0.9285635668792965,0,1,123
L0_legacy_baseline,0,6,449,1,0,1,0.9336882324214614,0,1,123
L0_legacy_baseline,0,6,470,2,1,0,0.062494888634566786,1,0,123
L0_legacy_baseline,0,6,488,2,1,0,0.06145496520839333,1,0,123
L0_legacy_baseline,0,6,492,1,0,1,0.2797649815514749,1,0,123
L0_legacy_baseline,0,6,495,1,0,1,0.9312728723386102,0,1,123
L0_legacy_baseline,0,6,505,1,0,1,0.9340772733207838,0,1,123
L0_legacy_baseline,0,6,517,1,0,1,0.9336108165263576,0,1,123
L0_legacy_baseline,0,6,523,1,0,1,0.934082889588001,0,1,123
L0_legacy_baseline,0,6,547,1,0,1,0.9341559110948425,0,1,123
L0_legacy_baseline,0,6,552,1,0,1,0.9340695762361797,0,1,123
L0_legacy_baseline,0,6,580,2,1,0,0.06534520519437685,1,0,123
L0_legacy_baseline,0,6,581,2,1,0,0.06353065469328983,1,0,123
L0_legacy_baseline,0,6,582,2,1,0,0.06442373922628436,1,0,123
L0_legacy_baseline,0,6,600,2,1,0,0.061653424035604434,1,0,123
L0_legacy_baseline,0,6,615,2,1,0,0.06554180218075216,1,0,123
L0_legacy_baseline,0,6,634,2,1,0,0.06447942725536707,1,0,123
L0_legacy_baseline,0,6,663,2,1,0,0.06267333131877974,1,0,123
L0_legacy_baseline,0,6,684,1,0,1,0.9341579921383283,0,1,123
L0_legacy_baseline,0,6,699,1,0,1,0.9340606335005394,0,1,123
L0_legacy_baseline,0,6,708,1,0,1,0.9340673909994883,0,1,123
L0_legacy_baseline,0,6,740,2,1,0,0.061306544085292146,1,0,123
L0_legacy_baseline,0,6,752,2,1,0,0.0619693104791123,1,0,123
L0_legacy_baseline,0,6,760,2,1,0,0.061297760126534595,1,0,123
L0_legacy_baseline,0,6,811,2,1,0,0.061630218174900095,1,0,123
L0_legacy_baseline,0,6,821,2,1,0,0.06470491343799847,1,0,123
L0_legacy_baseline,0,6,833,2,1,0,0.061281262548418605,1,0,123
L0_legacy_baseline,0,6,843,2,1,0,0.1419481885145956,1,0,123
L0_legacy_baseline,0,6,859,1,0,1,0.9329096635579612,0,1,123
L0_legacy_baseline,0,6,861,1,0,1,0.9338187806342985,0,1,123
L0_legacy_baseline,0,7,16,1,0,1,0.9419215183591435,0,1,155
L0_legacy_baseline,0,7,26,2,1,0,0.06612073889950436,1,0,155
L0_legacy_baseline,0,7,40,2,1,0,0.06629533918967298,1,0,155
L0_legacy_baseline,0,7,54,2,1,0,0.11756619456403052,1,0,155
L0_legacy_baseline,0,7,80,1,0,1,0.9406798986036898,0,1,155
L0_legacy_baseline,0,7,82,1,0,1,0.850778500538416,0,1,155
L0_legacy_baseline,0,7,90,2,1,0,0.06553163019461274,1,0,155
L0_legacy_baseline,0,7,91,2,1,0,0.06645141760685035,1,0,155
L0_legacy_baseline,0,7,95,2,1,0,0.06542332077752278,1,0,155
L0_legacy_baseline,0,7,104,1,0,1,0.9404217402947102,0,1,155
L0_legacy_baseline,0,7,153,2,1,0,0.06539072879587918,1,0,155
L0_legacy_baseline,0,7,156,2,1,0,0.06629488081608106,1,0,155
L0_legacy_baseline,0,7,165,1,0,1,0.9421282276057441,0,1,155
L0_legacy_baseline,0,7,166,1,0,1,0.9417869008204015,0,1,155
L0_legacy_baseline,0,7,169,1,0,1,0.9394510130945973,0,1,155
L0_legacy_baseline,0,7,178,1,0,1,0.9416877332621628,0,1,155
L0_legacy_baseline,0,7,189,1,0,1,0.941652639282095,0,1,155
L0_legacy_baseline,0,7,190,1,0,1,0.9414657904210766,0,1,155
L0_legacy_baseline,0,7,191,1,0,1,0.6112816174872271,0,1,155
L0_legacy_baseline,0,7,208,2,1,0,0.07259373583528624,1,0,155
L0_legacy_baseline,0,7,214,2,1,0,0.0658006787150937,1,0,155
L0_legacy_baseline,0,7,224,2,1,0,0.25704161293436406,1,0,155
L0_legacy_baseline,0,7,233,2,1,0,0.12466490489723847,1,0,155
L0_legacy_baseline,0,7,245,2,1,0,0.06875293573472809,1,0,155
L0_legacy_baseline,0,7,246,2,1,0,0.0687532963591733,1,0,155
L0_legacy_baseline,0,7,251,2,1,0,0.9420184119478016,0,1,155
L0_legacy_baseline,0,7,261,1,0,1,0.9415169342872672,0,1,155
L0_legacy_baseline,0,7,276,2,1,0,0.07055788177216525,1,0,155
L0_legacy_baseline,0,7,285,2,1,0,0.06941516049708031,1,0,155
L0_legacy_baseline,0,7,289,2,1,0,0.06713341249962178,1,0,155
L0_legacy_baseline,0,7,296,2,1,0,0.07148944030298461,1,0,155
L0_legacy_baseline,0,7,298,2,1,0,0.06559559462845162,1,0,155
L0_legacy_baseline,0,7,304,2,1,0,0.06538602067525616,1,0,155
L0_legacy_baseline,0,7,314,1,0,1,0.9417601529329376,0,1,155
L0_legacy_baseline,0,7,325,1,0,1,0.9422245281974886,0,1,155
L0_legacy_baseline,0,7,350,2,1,0,0.18407378887156778,1,0,155
L0_legacy_baseline,0,7,398,2,1,0,0.0943853916707347,1,0,155
L0_legacy_baseline,0,7,420,2,1,0,0.13511633909641244,1,0,155
L0_legacy_baseline,0,7,423,1,0,1,0.942200396844738,0,1,155
L0_legacy_baseline,0,7,424,1,0,1,0.9421256900952326,0,1,155
L0_legacy_baseline,0,7,428,2,1,0,0.06714428135342053,1,0,155
L0_legacy_baseline,0,7,452,1,0,1,0.9339442674348247,0,1,155
L0_legacy_baseline,0,7,459,2,1,0,0.06572750305103009,1,0,155
L0_legacy_baseline,0,7,474,1,0,1,0.9422023027603744,0,1,155
L0_legacy_baseline,0,7,479,1,0,1,0.9415877413159566,0,1,155
L0_legacy_baseline,0,7,480,1,0,1,0.9417368929925408,0,1,155
L0_legacy_baseline,0,7,484,2,1,0,0.07190979336465135,1,0,155
L0_legacy_baseline,0,7,485,2,1,0,0.06581211633708671,1,0,155
L0_legacy_baseline,0,7,487,2,1,0,0.06596756039842822,1,0,155
L0_legacy_baseline,0,7,494,1,0,1,0.9416419612054183,0,1,155
L0_legacy_baseline,0,7,512,1,0,1,0.9417686080460987,0,1,155
L0_legacy_baseline,0,7,515,1,0,1,0.9419582224935014,0,1,155
L0_legacy_baseline,0,7,518,1,0,1,0.9384227612635936,0,1,155
L0_legacy_baseline,0,7,520,1,0,1,0.9369898742472249,0,1,155
L0_legacy_baseline,0,7,526,1,0,1,0.9421247389692639,0,1,155
L0_legacy_baseline,0,7,536,1,0,1,0.942126430640471,0,1,155
L0_legacy_baseline,0,7,540,1,0,1,0.9415581474200929,0,1,155
L0_legacy_baseline,0,7,545,1,0,1,0.9415822447854084,0,1,155
L0_legacy_baseline,0,7,578,2,1,0,0.07259506854006116,1,0,155
L0_legacy_baseline,0,7,590,2,1,0,0.07055293618638239,1,0,155
L0_legacy_baseline,0,7,603,2,1,0,0.06614435820718446,1,0,155
L0_legacy_baseline,0,7,617,2,1,0,0.06786823217658015,1,0,155
L0_legacy_baseline,0,7,630,2,1,0,0.06785816831128227,1,0,155
L0_legacy_baseline,0,7,641,2,1,0,0.16724443646821197,1,0,155
L0_legacy_baseline,0,7,644,2,1,0,0.06925362347639286,1,0,155
L0_legacy_baseline,0,7,666,2,1,0,0.06541081226903321,1,0,155
L0_legacy_baseline,0,7,667,2,1,0,0.06713747810933965,1,0,155
L0_legacy_baseline,0,7,672,2,1,0,0.07011568575057599,1,0,155
L0_legacy_baseline,0,7,675,1,0,1,0.9410077554885081,0,1,155
L0_legacy_baseline,0,7,685,1,0,1,0.9412660255756234,0,1,155
L0_legacy_baseline,0,7,706,1,0,1,0.9394645851368275,0,1,155
L0_legacy_baseline,0,7,715,1,0,1,0.9419831863328192,0,1,155
L0_legacy_baseline,0,7,720,1,0,1,0.9416306518370605,0,1,155
L0_legacy_baseline,0,7,725,1,0,1,0.9417058104697628,0,1,155
L0_legacy_baseline,0,7,746,2,1,0,0.06838944080688882,1,0,155
L0_legacy_baseline,0,7,763,1,0,1,0.9416374184992626,0,1,155
L0_legacy_baseline,0,7,775,2,1,0,0.06538868649000423,1,0,155
L0_legacy_baseline,0,7,781,2,1,0,0.06615607638767959,1,0,155
L0_legacy_baseline,0,7,790,1,0,1,0.9421627250898842,0,1,155
L0_legacy_baseline,0,7,792,1,0,1,0.9421255848044877,0,1,155
L0_legacy_baseline,0,7,799,2,1,0,0.06702841626829903,1,0,155
L0_legacy_baseline,0,7,803,2,1,0,0.06784535603170498,1,0,155
L0_legacy_baseline,0,7,837,2,1,0,0.06615303230003451,1,0,155
L0_legacy_baseline,0,7,838,2,1,0,0.0693505468193872,1,0,155
L0_legacy_baseline,0,7,841,2,1,0,0.06547145872562601,1,0,155
L0_legacy_baseline,0,7,860,1,0,1,0.5858092401208489,0,1,155
L0_legacy_baseline,0,7,865,1,0,1,0.9417906022209083,0,1,155
L0_legacy_baseline,0,8,5,1,0,1,0.9454853591858876,0,1,145
L0_legacy_baseline,0,8,9,1,0,1,0.9451460659593569,0,1,145
L0_legacy_baseline,0,8,23,2,1,0,0.04747905956089001,1,0,145
L0_legacy_baseline,0,8,24,2,1,0,0.04623923091392762,1,0,145
L0_legacy_baseline,0,8,73,1,0,1,0.9450594969661225,0,1,145
L0_legacy_baseline,0,8,75,1,0,1,0.945305616894384,0,1,145
L0_legacy_baseline,0,8,85,1,0,1,0.9453293699655612,0,1,145
L0_legacy_baseline,0,8,105,1,0,1,0.9447670103188611,0,1,145
L0_legacy_baseline,0,8,120,2,1,0,0.04581821241013555,1,0,145
L0_legacy_baseline,0,8,124,2,1,0,0.04529625953622589,1,0,145
L0_legacy_baseline,0,8,134,1,0,1,0.9453163752537155,0,1,145
L0_legacy_baseline,0,8,138,1,0,1,0.9453326732568308,0,1,145
L0_legacy_baseline,0,8,139,1,0,1,0.9439716672266145,0,1,145
L0_legacy_baseline,0,8,155,2,1,0,0.04582131490649108,1,0,145
L0_legacy_baseline,0,8,173,1,0,1,0.9328513558015287,0,1,145
L0_legacy_baseline,0,8,201,2,1,0,0.04622845041352416,1,0,145
L0_legacy_baseline,0,8,216,2,1,0,0.047444207098100974,1,0,145
L0_legacy_baseline,0,8,228,2,1,0,0.04557915664528752,1,0,145
L0_legacy_baseline,0,8,229,2,1,0,0.04532582733137797,1,0,145
L0_legacy_baseline,0,8,235,2,1,0,0.04658874752546097,1,0,145
L0_legacy_baseline,0,8,239,2,1,0,0.0460474762163193,1,0,145
L0_legacy_baseline,0,8,269,1,0,1,0.943657876204331,0,1,145
L0_legacy_baseline,0,8,272,2,1,0,0.04725140941346478,1,0,145
L0_legacy_baseline,0,8,273,2,1,0,0.04709385269509202,1,0,145
L0_legacy_baseline,0,8,290,2,1,0,0.48196712180906937,1,0,145
L0_legacy_baseline,0,8,291,2,1,0,0.04802239802503341,1,0,145
L0_legacy_baseline,0,8,299,2,1,0,0.045543375070556114,1,0,145
L0_legacy_baseline,0,8,313,1,0,1,0.9450433163306372,0,1,145
L0_legacy_baseline,0,8,324,1,0,1,0.9455668877140706,0,1,145
L0_legacy_baseline,0,8,330,1,0,1,0.8915672202699214,0,1,145
L0_legacy_baseline,0,8,343,1,0,1,0.8229801558453058,0,1,145
L0_legacy_baseline,0,8,344,1,0,1,0.4370254465644279,1,0,145
L0_legacy_baseline,0,8,362,2,1,0,0.045380519676945716,1,0,145
L0_legacy_baseline,0,8,380,1,0,1,0.9445607355088343,0,1,145
L0_legacy_baseline,0,8,388,1,0,1,0.9446158339059617,0,1,145
L0_legacy_baseline,0,8,400,2,1,0,0.19874410231329906,1,0,145
L0_legacy_baseline,0,8,402,2,1,0,0.045329220705471775,1,0,145
L0_legacy_baseline,0,8,404,2,1,0,0.04706369258801312,1,0,145
L0_legacy_baseline,0,8,421,1,0,1,0.9422776579619153,0,1,145
L0_legacy_baseline,0,8,427,1,0,1,0.9436457762767197,0,1,145
L0_legacy_baseline,0,8,431,2,1,0,0.04709749072362458,1,0,145
L0_legacy_baseline,0,8,463,2,1,0,0.04525432302088474,1,0,145
L0_legacy_baseline,0,8,472,1,0,1,0.9439304539435663,0,1,145
L0_legacy_baseline,0,8,473,1,0,1,0.9451364819998231,0,1,145
L0_legacy_baseline,0,8,477,1,0,1,0.9446421068879203,0,1,145
L0_legacy_baseline,0,8,486,2,1,0,0.04809717517616074,1,0,145
L0_legacy_baseline,0,8,519,1,0,1,0.9443626323382966,0,1,145
L0_legacy_baseline,0,8,521,1,0,1,0.9450528958248476,0,1,145
L0_legacy_baseline,0,8,524,1,0,1,0.943662970032,0,1,145
L0_legacy_baseline,0,8,530,1,0,1,0.9455727527133301,0,1,145
L0_legacy_baseline,0,8,538,1,0,1,0.9453325676076776,0,1,145
L0_legacy_baseline,0,8,548,1,0,1,0.9454461437415788,0,1,145
L0_legacy_baseline,0,8,549,1,0,1,0.9446051961249867,0,1,145
L0_legacy_baseline,0,8,554,1,0,1,0.9453290530192445,0,1,145
L0_legacy_baseline,0,8,563,1,0,1,0.945339491173817,0,1,145
L0_legacy_baseline,0,8,565,2,1,0,0.048025340619182975,1,0,145
L0_legacy_baseline,0,8,573,2,1,0,0.04607913832512993,1,0,145
L0_legacy_baseline,0,8,593,2,1,0,0.04808259103279868,1,0,145
L0_legacy_baseline,0,8,608,2,1,0,0.04566300674766274,1,0,145
L0_legacy_baseline,0,8,613,2,1,0,0.047076138165598524,1,0,145
L0_legacy_baseline,0,8,618,2,1,0,0.04752888187897702,1,0,145
L0_legacy_baseline,0,8,620,2,1,0,0.10991817889733577,1,0,145
L0_legacy_baseline,0,8,635,2,1,0,0.047268265777784944,1,0,145
L0_legacy_baseline,0,8,652,2,1,0,0.4966404553204974,1,0,145
L0_legacy_baseline,0,8,653,2,1,0,0.046244500825660735,1,0,145
L0_legacy_baseline,0,8,668,2,1,0,0.04622723804006132,1,0,145
L0_legacy_baseline,0,8,682,1,0,1,0.945042995959668,0,1,145
L0_legacy_baseline,0,8,687,2,1,0,0.10955855962900078,1,0,145
L0_legacy_baseline,0,8,717,1,0,1,0.9430978178511591,0,1,145
L0_legacy_baseline,0,8,719,1,0,1,0.9455562321778705,0,1,145
L0_legacy_baseline,0,8,731,1,0,1,0.9430911390665072,0,1,145
L0_legacy_baseline,0,8,743,2,1,0,0.9261851464197169,0,1,145
L0_legacy_baseline,0,8,751,2,1,0,0.04583640433600434,1,0,145
L0_legacy_baseline,0,8,759,2,1,0,0.08628767785050982,1,0,145
L0_legacy_baseline,0,8,770,1,0,1,0.9454964401154138,0,1,145
L0_legacy_baseline,0,8,773,1,0,1,0.9454563718630555,0,1,145
L0_legacy_baseline,0,8,782,2,1,0,0.04784624036823459,1,0,145
L0_legacy_baseline,0,8,809,2,1,0,0.04518447199954442,1,0,145
L0_legacy_baseline,0,8,810,2,1,0,0.04782145843720928,1,0,145
L0_legacy_baseline,0,8,816,2,1,0,0.9454085288746722,0,1,145
L0_legacy_baseline,0,8,826,2,1,0,0.04809543218419864,1,0,145
L0_legacy_baseline,0,8,827,2,1,0,0.04693527706042908,1,0,145
L0_legacy_baseline,0,8,830,1,0,1,0.9445636068237611,0,1,145
L0_legacy_baseline,0,8,844,2,1,0,0.04694130898846896,1,0,145
L0_legacy_baseline,0,8,849,2,1,0,0.047259025582192506,1,0,145
L0_legacy_baseline,0,8,855,2,1,0,0.046877090328502596,1,0,145
L0_legacy_baseline,0,8,858,1,0,1,0.6535160103861922,0,1,145
L0_legacy_baseline,0,9,1,1,0,1,0.5139157663333624,0,1,54
L0_legacy_baseline,0,9,15,1,0,1,0.5087114026859272,0,1,54
L0_legacy_baseline,0,9,39,2,1,0,0.5146713943514368,0,1,54
L0_legacy_baseline,0,9,47,1,0,1,0.4670680576371207,1,0,54
L0_legacy_baseline,0,9,48,2,1,0,0.46620622130542333,1,0,54
L0_legacy_baseline,0,9,62,2,1,0,0.4713934414480756,1,0,54
L0_legacy_baseline,0,9,89,1,0,1,0.5110915563394969,0,1,54
L0_legacy_baseline,0,9,101,2,1,0,0.4816923930736932,1,0,54
L0_legacy_baseline,0,9,107,1,0,1,0.46400843651139584,1,0,54
L0_legacy_baseline,0,9,121,2,1,0,0.46458300779623485,1,0,54
L0_legacy_baseline,0,9,127,2,1,0,0.4642075823952415,1,0,54
L0_legacy_baseline,0,9,168,1,0,1,0.5147435205749125,0,1,54
L0_legacy_baseline,0,9,193,1,0,1,0.5119028314328109,0,1,54
L0_legacy_baseline,0,9,196,1,0,1,0.506178450428591,0,1,54
L0_legacy_baseline,0,9,254,2,1,0,0.4639831033378141,1,0,54
L0_legacy_baseline,0,9,259,1,0,1,0.4683163723129972,1,0,54
L0_legacy_baseline,0,9,260,1,0,1,0.5105757966978799,0,1,54
L0_legacy_baseline,0,9,265,1,0,1,0.4670587872003772,1,0,54
L0_legacy_baseline,0,9,295,2,1,0,0.47127002643718346,1,0,54
L0_legacy_baseline,0,9,300,2,1,0,0.5151131150616831,0,1,54
L0_legacy_baseline,0,9,301,2,1,0,0.4683390109771147,1,0,54
L0_legacy_baseline,0,9,311,1,0,1,0.5150093182239016,0,1,54
L0_legacy_baseline,0,9,312,1,0,1,0.4650247832588695,1,0,54
L0_legacy_baseline,0,9,322,1,0,1,0.514957872709623,0,1,54
L0_legacy_baseline,0,9,331,1,0,1,0.5151363578586664,0,1,54
L0_legacy_baseline,0,9,365,2,1,0,0.4906011167580439,1,0,54
L0_legacy_baseline,0,9,366,2,1,0,0.46396910984152034,1,0,54
L0_legacy_baseline,0,9,375,1,0,1,0.5149327657269724,0,1,54
L0_legacy_baseline,0,9,392,1,0,1,0.5113582418381734,0,1,54
L0_legacy_baseline,0,9,393,1,0,1,0.5145678398748471,0,1,54
L0_legacy_baseline,0,9,395,1,0,1,0.48658915999121444,1,0,54
L0_legacy_baseline,0,9,396,1,0,1,0.4693093135335777,1,0,54
L0_legacy_baseline,0,9,401,2,1,0,0.5128694103652941,0,1,54
L0_legacy_baseline,0,9,418,2,1,0,0.5131041759264594,0,1,54
L0_legacy_baseline,0,9,440,2,1,0,0.4763924110243588,1,0,54
L0_legacy_baseline,0,9,442,2,1,0,0.5035869969113265,0,1,54
L0_legacy_baseline,0,9,448,1,0,1,0.5132141961816177,0,1,54
L0_legacy_baseline,0,9,454,1,0,1,0.5149479893747604,0,1,54
L0_legacy_baseline,0,9,458,2,1,0,0.5143906861281831,0,1,54
L0_legacy_baseline,0,9,464,2,1,0,0.5104155328826935,0,1,54
L0_legacy_baseline,0,9,483,2,1,0,0.4639876388698631,1,0,54
L0_legacy_baseline,0,9,491,1,0,1,0.5150313898020752,0,1,54
L0_legacy_baseline,0,9,503,1,0,1,0.46997873719248484,1,0,54
L0_legacy_baseline,0,9,532,1,0,1,0.5020941708425394,0,1,54
L0_legacy_baseline,0,9,550,1,0,1,0.5131113324901277,0,1,54
L0_legacy_baseline,0,9,561,1,0,1,0.5146706581086281,0,1,54
L0_legacy_baseline,0,9,569,2,1,0,0.4640382517778152,1,0,54
L0_legacy_baseline,0,9,571,2,1,0,0.4646705759548353,1,0,54
L0_legacy_baseline,0,9,575,2,1,0,0.4680261305333066,1,0,54
L0_legacy_baseline,0,9,588,2,1,0,0.46468414745008324,1,0,54
L0_legacy_baseline,0,9,591,2,1,0,0.46870020512937655,1,0,54
L0_legacy_baseline,0,9,594,2,1,0,0.465668055207939,1,0,54
L0_legacy_baseline,0,9,598,2,1,0,0.46552530033778056,1,0,54
L0_legacy_baseline,0,9,602,2,1,0,0.46439496651705714,1,0,54
L0_legacy_baseline,0,9,604,2,1,0,0.46409542611203647,1,0,54
L0_legacy_baseline,0,9,611,2,1,0,0.5151034436651895,0,1,54
L0_legacy_baseline,0,9,614,2,1,0,0.4668863572184322,1,0,54
L0_legacy_baseline,0,9,627,2,1,0,0.47276911888196343,1,0,54
L0_legacy_baseline,0,9,637,2,1,0,0.4640604623539712,1,0,54
L0_legacy_baseline,0,9,638,2,1,0,0.5114457249872736,0,1,54
L0_legacy_baseline,0,9,649,2,1,0,0.4969804923354741,1,0,54
L0_legacy_baseline,0,9,660,2,1,0,0.4908450272860686,1,0,54
L0_legacy_baseline,0,9,679,1,0,1,0.511751576346245,0,1,54
L0_legacy_baseline,0,9,689,2,1,0,0.5111080982500378,0,1,54
L0_legacy_baseline,0,9,704,1,0,1,0.514733303868442,0,1,54
L0_legacy_baseline,0,9,707,1,0,1,0.5151167073409152,0,1,54
L0_legacy_baseline,0,9,711,1,0,1,0.513101056429944,0,1,54
L0_legacy_baseline,0,9,721,1,0,1,0.5105639889510876,0,1,54
L0_legacy_baseline,0,9,726,1,0,1,0.5146715477354878,0,1,54
L0_legacy_baseline,0,9,729,1,0,1,0.5130451839544591,0,1,54
L0_legacy_baseline,0,9,744,2,1,0,0.4647094081048444,1,0,54
L0_legacy_baseline,0,9,750,2,1,0,0.4647358058483275,1,0,54
L0_legacy_baseline,0,9,777,2,1,0,0.5146611790765384,0,1,54
L0_legacy_baseline,0,9,787,1,0,1,0.4682826815308823,1,0,54
L0_legacy_baseline,0,9,788,1,0,1,0.51129969440416,0,1,54
L0_legacy_baseline,0,9,794,1,0,1,0.507780897625518,0,1,54
L0_legacy_baseline,0,9,802,2,1,0,0.4817051409725428,1,0,54
L0_legacy_baseline,0,9,805,2,1,0,0.5042869185849664,0,1,54
L0_legacy_baseline,0,9,812,1,0,1,0.46433584559341917,1,0,54
L0_legacy_baseline,0,9,818,2,1,0,0.5151319671310728,0,1,54
L0_legacy_baseline,0,9,822,2,1,0,0.46427595735156824,1,0,54
L0_legacy_baseline,0,9,823,2,1,0,0.5141579675041537,0,1,54
L0_legacy_baseline,0,9,847,2,1,0,0.46434262640334717,1,0,54
L0_legacy_baseline,0,9,848,2,1,0,0.4639957144391101,1,0,54
L0_legacy_baseline,0,9,850,2,1,0,0.4669552659055069,1,0,54
L0_legacy_baseline,0,9,863,1,0,1,0.46551034469160457,1,0,54
L0_legacy_baseline,0,9,866,1,0,1,0.5138694531890701,0,1,54
L0_legacy_baseline,0,10,11,1,0,1,0.7538641325499834,0,1,80
L0_legacy_baseline,0,10,41,2,1,0,0.20142060196774164,1,0,80
L0_legacy_baseline,0,10,44,1,0,1,0.5389341335572564,0,1,80
L0_legacy_baseline,0,10,52,2,1,0,0.21002443922115938,1,0,80
L0_legacy_baseline,0,10,59,2,1,0,0.21106637055894717,1,0,80
L0_legacy_baseline,0,10,65,1,0,1,0.2023841158060104,1,0,80
L0_legacy_baseline,0,10,92,2,1,0,0.7659583450729728,0,1,80
L0_legacy_baseline,0,10,93,2,1,0,0.21104508536530067,1,0,80
L0_legacy_baseline,0,10,94,2,1,0,0.30299994484967435,1,0,80
L0_legacy_baseline,0,10,108,1,0,1,0.20766376097691971,1,0,80
L0_legacy_baseline,0,10,115,2,1,0,0.20293208374282565,1,0,80
L0_legacy_baseline,0,10,117,2,1,0,0.2102936326955264,1,0,80
L0_legacy_baseline,0,10,118,2,1,0,0.20317925242334872,1,0,80
L0_legacy_baseline,0,10,140,1,0,1,0.7391842497880053,0,1,80
L0_legacy_baseline,0,10,149,2,1,0,0.209482590544976,1,0,80
L0_legacy_baseline,0,10,177,1,0,1,0.5438932450198768,0,1,80
L0_legacy_baseline,0,10,180,1,0,1,0.2599575652875554,1,0,80
L0_legacy_baseline,0,10,182,1,0,1,0.21781558762174408,1,0,80
L0_legacy_baseline,0,10,185,1,0,1,0.6982902313859888,0,1,80
L0_legacy_baseline,0,10,186,1,0,1,0.641274121157473,0,1,80
L0_legacy_baseline,0,10,195,1,0,1,0.7617957866295729,0,1,80
L0_legacy_baseline,0,10,199,2,1,0,0.2451626324496153,1,0,80
L0_legacy_baseline,0,10,203,2,1,0,0.719626719931601,0,1,80
L0_legacy_baseline,0,10,206,2,1,0,0.31382510031635974,1,0,80
L0_legacy_baseline,0,10,219,2,1,0,0.20345829856483338,1,0,80
L0_legacy_baseline,0,10,237,2,1,0,0.2014061957588371,1,0,80
L0_legacy_baseline,0,10,238,2,1,0,0.2129726002804803,1,0,80
L0_legacy_baseline,0,10,242,2,1,0,0.20215497560929435,1,0,80
L0_legacy_baseline,0,10,248,2,1,0,0.22582144803407686,1,0,80
L0_legacy_baseline,0,10,256,2,1,0,0.20137390558416532,1,0,80
L0_legacy_baseline,0,10,274,2,1,0,0.2013737375447539,1,0,80
L0_legacy_baseline,0,10,293,2,1,0,0.30709232551160837,1,0,80
L0_legacy_baseline,0,10,317,1,0,1,0.7652403967542601,0,1,80
L0_legacy_baseline,0,10,320,1,0,1,0.5534377050336393,0,1,80
L0_legacy_baseline,0,10,334,1,0,1,0.7630521086841804,0,1,80
L0_legacy_baseline,0,10,340,1,0,1,0.7661652115081105,0,1,80
L0_legacy_baseline,0,10,347,1,0,1,0.7532029521392907,0,1,80
L0_legacy_baseline,0,10,354,2,1,0,0.2027018156910092,1,0,80
L0_legacy_baseline,0,10,356,2,1,0,0.2066285272736122,1,0,80
L0_legacy_baseline,0,10,359,2,1,0,0.2048640506102616,1,0,80
L0_legacy_baseline,0,10,374,1,0,1,0.2045129723882899,1,0,80
L0_legacy_baseline,0,10,376,1,0,1,0.5347666338453002,0,1,80
L0_legacy_baseline,0,10,378,1,0,1,0.664686178275765,0,1,80
L0_legacy_baseline,0,10,382,1,0,1,0.3138500917707281,1,0,80
L0_legacy_baseline,0,10,384,1,0,1,0.7650208982521739,0,1,80
L0_legacy_baseline,0,10,387,1,0,1,0.2052187405599397,1,0,80
L0_legacy_baseline,0,10,406,2,1,0,0.5448187386518919,0,1,80
L0_legacy_baseline,0,10,414,1,0,1,0.3010297250926781,1,0,80
L0_legacy_baseline,0,10,429,1,0,1,0.2692293968593702,1,0,80
L0_legacy_baseline,0,10,432,2,1,0,0.20146269801170352,1,0,80
L0_legacy_baseline,0,10,466,2,1,0,0.5369434320514457,0,1,80
L0_legacy_baseline,0,10,468,2,1,0,0.20668048277669476,1,0,80
L0_legacy_baseline,0,10,482,2,1,0,0.20267260359336042,1,0,80
L0_legacy_baseline,0,10,493,1,0,1,0.2015899040664592,1,0,80
L0_legacy_baseline,0,10,501,1,0,1,0.7252329109592344,0,1,80
L0_legacy_baseline,0,10,506,1,0,1,0.7657133556197907,0,1,80
L0_legacy_baseline,0,10,531,1,0,1,0.5031921396013539,0,1,80
L0_legacy_baseline,0,10,534,1,0,1,0.7630079019954793,0,1,80
L0_legacy_baseline,0,10,542,1,0,1,0.754787435629898,0,1,80
L0_legacy_baseline,0,10,564,1,0,1,0.7578660522799241,0,1,80
L0_legacy_baseline,0,10,583,2,1,0,0.2050556062220887,1,0,80
L0_legacy_baseline,0,10,587,2,1,0,0.41082152577845343,1,0,80
L0_legacy_baseline,0,10,595,2,1,0,0.46144449101131924,1,0,80
L0_legacy_baseline,0,10,609,2,1,0,0.7651923005361879,0,1,80
L0_legacy_baseline,0,10,610,2,1,0,0.7273603853241646,0,1,80
L0_legacy_baseline,0,10,623,2,1,0,0.21191547367573244,1,0,80
L0_legacy_baseline,0,10,639,2,1,0,0.20538016843117682,1,0,80
L0_legacy_baseline,0,10,673,2,1,0,0.7604897432109107,0,1,80
L0_legacy_baseline,0,10,677,1,0,1,0.7658453352624122,0,1,80
L0_legacy_baseline,0,10,694,2,1,0,0.2251342318152694,1,0,80
L0_legacy_baseline,0,10,705,1,0,1,0.7661843918904038,0,1,80
L0_legacy_baseline,0,10,712,1,0,1,0.21267272175033616,1,0,80
L0_legacy_baseline,0,10,724,1,0,1,0.7554331665324158,0,1,80
L0_legacy_baseline,0,10,736,2,1,0,0.20136444758403474,1,0,80
L0_legacy_baseline,0,10,738,2,1,0,0.6227799505459717,0,1,80
L0_legacy_baseline,0,10,769,1,0,1,0.7273101830582607,0,1,80
L0_legacy_baseline,0,10,771,1,0,1,0.766065709565347,0,1,80
L0_legacy_baseline,0,10,774,2,1,0,0.20179360083969536,1,0,80
L0_legacy_baseline,0,10,778,2,1,0,0.7661900547617462,0,1,80
L0_legacy_baseline,0,10,783,2,1,0,0.44507167312845813,1,0,80
L0_legacy_baseline,0,10,784,1,0,1,0.20234612081799747,1,0,80
L0_legacy_baseline,0,10,801,2,1,0,0.2042025845438592,1,0,80
L0_legacy_baseline,0,10,813,1,0,1,0.7355759449040558,0,1,80
L0_legacy_baseline,0,10,815,1,0,1,0.7410191498354899,0,1,80
L0_legacy_baseline,0,10,817,2,1,0,0.21222865415219747,1,0,80
L0_legacy_baseline,0,10,835,2,1,0,0.20726261553477998,1,0,80
L0_legacy_baseline,0,10,856,2,1,0,0.2015817335596973,1,0,80
L0_legacy_baseline,1,1,8,1,0,1,0.9350093048231848,0,1,145
L0_legacy_baseline,1,1,17,1,0,1,0.8820032890511649,0,1,145
L0_legacy_baseline,1,1,26,2,1,0,0.09045797146885656,1,0,145
L0_legacy_baseline,1,1,30,2,1,0,0.3460627874964926,1,0,145
L0_legacy_baseline,1,1,31,2,1,0,0.060367990321057656,1,0,145
L0_legacy_baseline,1,1,33,2,1,0,0.058391901061214654,1,0,145
L0_legacy_baseline,1,1,40,2,1,0,0.05827650677122889,1,0,145
L0_legacy_baseline,1,1,64,1,0,1,0.9335886829792633,0,1,145
L0_legacy_baseline,1,1,71,1,0,1,0.9358697885038947,0,1,145
L0_legacy_baseline,1,1,74,1,0,1,0.8914539031218167,0,1,145
L0_legacy_baseline,1,1,90,2,1,0,0.05821491855263829,1,0,145
L0_legacy_baseline,1,1,109,1,0,1,0.9358243689608842,0,1,145
L0_legacy_baseline,1,1,115,2,1,0,0.1218398620291839,1,0,145
L0_legacy_baseline,1,1,119,2,1,0,0.0724587057815052,1,0,145
L0_legacy_baseline,1,1,148,1,0,1,0.9358979798508935,0,1,145
L0_legacy_baseline,1,1,170,1,0,1,0.8795061231563075,0,1,145
L0_legacy_baseline,1,1,172,1,0,1,0.8540372113210432,0,1,145
L0_legacy_baseline,1,1,192,1,0,1,0.934481737847438,0,1,145
L0_legacy_baseline,1,1,204,2,1,0,0.05986695028088036,1,0,145
L0_legacy_baseline,1,1,221,2,1,0,0.46374955572164434,1,0,145
L0_legacy_baseline,1,1,230,2,1,0,0.059637717106026764,1,0,145
L0_legacy_baseline,1,1,241,2,1,0,0.2129080729677776,1,0,145
L0_legacy_baseline,1,1,269,1,0,1,0.9313203261104451,0,1,145
L0_legacy_baseline,1,1,273,2,1,0,0.06397299223565503,1,0,145
L0_legacy_baseline,1,1,283,2,1,0,0.0652280122715076,1,0,145
L0_legacy_baseline,1,1,288,2,1,0,0.06450625888453218,1,0,145
L0_legacy_baseline,1,1,289,2,1,0,0.06267933848626486,1,0,145
L0_legacy_baseline,1,1,303,2,1,0,0.05868854413446084,1,0,145
L0_legacy_baseline,1,1,313,1,0,1,0.9350880976992272,0,1,145
L0_legacy_baseline,1,1,326,1,0,1,0.9333946369496716,0,1,145
L0_legacy_baseline,1,1,333,1,0,1,0.9310491942658422,0,1,145
L0_legacy_baseline,1,1,335,1,0,1,0.9025022853304293,0,1,145
L0_legacy_baseline,1,1,337,1,0,1,0.9308423601659357,0,1,145
L0_legacy_baseline,1,1,343,1,0,1,0.9311149233065196,0,1,145
L0_legacy_baseline,1,1,383,1,0,1,0.9350193085727968,0,1,145
L0_legacy_baseline,1,1,390,1,0,1,0.9308097231408806,0,1,145
L0_legacy_baseline,1,1,410,2,1,0,0.06113917879843532,1,0,145
L0_legacy_baseline,1,1,416,1,0,1,0.9264293086283456,0,1,145
L0_legacy_baseline,1,1,422,2,1,0,0.0585849656613524,1,0,145
L0_legacy_baseline,1,1,425,2,1,0,0.05928517163794156,1,0,145
L0_legacy_baseline,1,1,429,1,0,1,0.3103080213726061,1,0,145
L0_legacy_baseline,1,1,431,2,1,0,0.05998924098573494,1,0,145
L0_legacy_baseline,1,1,435,2,1,0,0.1988705163920541,1,0,145
L0_legacy_baseline,1,1,441,2,1,0,0.06500690241956285,1,0,145
L0_legacy_baseline,1,1,446,1,0,1,0.9356172896421274,0,1,145
L0_legacy_baseline,1,1,449,1,0,1,0.9350956011336604,0,1,145
L0_legacy_baseline,1,1,455,1,0,1,0.9358603892527033,0,1,145
L0_legacy_baseline,1,1,457,1,0,1,0.21291959608112973,1,0,145
L0_legacy_baseline,1,1,501,1,0,1,0.6781823715235609,0,1,145
L0_legacy_baseline,1,1,502,1,0,1,0.9354413817786316,0,1,145
L0_legacy_baseline,1,1,511,1,0,1,0.9325134038606193,0,1,145
L0_legacy_baseline,1,1,553,1,0,1,0.9310936328326616,0,1,145
L0_legacy_baseline,1,1,560,1,0,1,0.9344708068939085,0,1,145
L0_legacy_baseline,1,1,562,1,0,1,0.9310967337609304,0,1,145
L0_legacy_baseline,1,1,566,2,1,0,0.06113849369661542,1,0,145
L0_legacy_baseline,1,1,584,2,1,0,0.06751025162385389,1,0,145
L0_legacy_baseline,1,1,597,2,1,0,0.05822090093233154,1,0,145
L0_legacy_baseline,1,1,599,2,1,0,0.061585051332348366,1,0,145
L0_legacy_baseline,1,1,610,2,1,0,0.9154558943210447,0,1,145
L0_legacy_baseline,1,1,615,2,1,0,0.06580420863324535,1,0,145
L0_legacy_baseline,1,1,630,2,1,0,0.05854010448391103,1,0,145
L0_legacy_baseline,1,1,633,2,1,0,0.059756618829968765,1,0,145
L0_legacy_baseline,1,1,636,2,1,0,0.06355656115310858,1,0,145
L0_legacy_baseline,1,1,654,2,1,0,0.05900869366923057,1,0,145
L0_legacy_baseline,1,1,680,1,0,1,0.12334933666453446,1,0,145
L0_legacy_baseline,1,1,686,2,1,0,0.24384559199414702,1,0,145
L0_legacy_baseline,1,1,691,2,1,0,0.5279921295417391,0,1,145
L0_legacy_baseline,1,1,696,2,1,0,0.9143537774249392,0,1,145
L0_legacy_baseline,1,1,697,2,1,0,0.1950640972433355,1,0,145
L0_legacy_baseline,1,1,726,1,0,1,0.07467403404493793,1,0,145
L0_legacy_baseline,1,1,729,1,0,1,0.7256200926857118,0,1,145
L0_legacy_baseline,1,1,734,1,0,1,0.9343027160713969,0,1,145
L0_legacy_baseline,1,1,744,2,1,0,0.05838352079075331,1,0,145
L0_legacy_baseline,1,1,753,2,1,0,0.06616058757307271,1,0,145
L0_legacy_baseline,1,1,754,2,1,0,0.17713289868876764,1,0,145
L0_legacy_baseline,1,1,755,2,1,0,0.9346214634054123,0,1,145
L0_legacy_baseline,1,1,757,2,1,0,0.05958727614182971,1,0,145
L0_legacy_baseline,1,1,765,1,0,1,0.9335771503710237,0,1,145
L0_legacy_baseline,1,1,769,1,0,1,0.9348126859937398,0,1,145
L0_legacy_baseline,1,1,787,1,0,1,0.544371791328643,0,1,145
L0_legacy_baseline,1,1,789,1,0,1,0.9326030760433844,0,1,145
L0_legacy_baseline,1,1,792,1,0,1,0.9354639147067081,0,1,145
L0_legacy_baseline,1,1,804,2,1,0,0.06584794825580843,1,0,145
L0_legacy_baseline,1,1,836,2,1,0,0.06826117320650334,1,0,145
L0_legacy_baseline,1,1,841,2,1,0,0.0588280183292897,1,0,145
L0_legacy_baseline,1,1,842,2,1,0,0.058326310966459786,1,0,145
L0_legacy_baseline,1,1,856,2,1,0,0.8221569483191654,0,1,145
L0_legacy_baseline,1,1,870,1,0,1,0.1016690893717151,1,0,145
L0_legacy_baseline,1,2,1,1,0,1,0.9003968937075602,0,1,118
L0_legacy_baseline,1,2,13,1,0,1,0.9005109517932418,0,1,118
L0_legacy_baseline,1,2,23,2,1,0,0.09428245055962349,1,0,118
L0_legacy_baseline,1,2,34,2,1,0,0.09921899924706573,1,0,118
L0_legacy_baseline,1,2,41,2,1,0,0.09115976964281376,1,0,118
L0_legacy_baseline,1,2,45,2,1,0,0.8821241329049074,0,1,118
L0_legacy_baseline,1,2,53,2,1,0,0.1016648474952385,1,0,118
L0_legacy_baseline,1,2,59,2,1,0,0.09650191146353003,1,0,118
L0_legacy_baseline,1,2,69,1,0,1,0.9016122969310105,0,1,118
L0_legacy_baseline,1,2,80,1,0,1,0.9018258256296244,0,1,118
L0_legacy_baseline,1,2,84,1,0,1,0.9016713124080956,0,1,118
L0_legacy_baseline,1,2,105,1,0,1,0.8992366254786474,0,1,118
L0_legacy_baseline,1,2,144,1,0,1,0.673530975084459,0,1,118
L0_legacy_baseline,1,2,160,2,1,0,0.7619621971684081,0,1,118
L0_legacy_baseline,1,2,165,1,0,1,0.901853461818298,0,1,118
L0_legacy_baseline,1,2,174,1,0,1,0.8996939652742907,0,1,118
L0_legacy_baseline,1,2,195,1,0,1,0.901205568056606,0,1,118
L0_legacy_baseline,1,2,201,2,1,0,0.09089833527558419,1,0,118
L0_legacy_baseline,1,2,209,2,1,0,0.09266264059375816,1,0,118
L0_legacy_baseline,1,2,213,2,1,0,0.09342610388787838,1,0,118
L0_legacy_baseline,1,2,215,2,1,0,0.09503301857799566,1,0,118
L0_legacy_baseline,1,2,217,2,1,0,0.1279156361385102,1,0,118
L0_legacy_baseline,1,2,218,2,1,0,0.09628154120395217,1,0,118
L0_legacy_baseline,1,2,222,2,1,0,0.09220621075455963,1,0,118
L0_legacy_baseline,1,2,224,2,1,0,0.1193844566559171,1,0,118
L0_legacy_baseline,1,2,242,2,1,0,0.09221601599436254,1,0,118
L0_legacy_baseline,1,2,253,2,1,0,0.09159673609189374,1,0,118
L0_legacy_baseline,1,2,256,2,1,0,0.1105571886832556,1,0,118
L0_legacy_baseline,1,2,277,2,1,0,0.4805791737821748,1,0,118
L0_legacy_baseline,1,2,284,2,1,0,0.11153175605718525,1,0,118
L0_legacy_baseline,1,2,305,2,1,0,0.09248646598615942,1,0,118
L0_legacy_baseline,1,2,311,1,0,1,0.8327144517868288,0,1,118
L0_legacy_baseline,1,2,331,1,0,1,0.9004210579754189,0,1,118
L0_legacy_baseline,1,2,342,1,0,1,0.8725466902853851,0,1,118
L0_legacy_baseline,1,2,356,2,1,0,0.09083975347334038,1,0,118
L0_legacy_baseline,1,2,370,1,0,1,0.8816762367320102,0,1,118
L0_legacy_baseline,1,2,394,1,0,1,0.6440520465459666,0,1,118
L0_legacy_baseline,1,2,401,2,1,0,0.8981824285770142,0,1,118
L0_legacy_baseline,1,2,413,1,0,1,0.894113812830841,0,1,118
L0_legacy_baseline,1,2,438,2,1,0,0.09084085803218812,1,0,118
L0_legacy_baseline,1,2,445,2,1,0,0.0922132897692352,1,0,118
L0_legacy_baseline,1,2,447,1,0,1,0.8980220428161243,0,1,118
L0_legacy_baseline,1,2,451,1,0,1,0.9017922843763999,0,1,118
L0_legacy_baseline,1,2,460,2,1,0,0.09502218884449881,1,0,118
L0_legacy_baseline,1,2,472,1,0,1,0.8997260073435328,0,1,118
L0_legacy_baseline,1,2,475,1,0,1,0.09085515353477767,1,0,118
L0_legacy_baseline,1,2,477,1,0,1,0.9015697557849641,0,1,118
L0_legacy_baseline,1,2,492,1,0,1,0.5737462239258396,0,1,118
L0_legacy_baseline,1,2,496,1,0,1,0.9005811408236034,0,1,118
L0_legacy_baseline,1,2,505,1,0,1,0.9004067552266134,0,1,118
L0_legacy_baseline,1,2,506,1,0,1,0.9017251048367254,0,1,118
L0_legacy_baseline,1,2,524,1,0,1,0.897941971063964,0,1,118
L0_legacy_baseline,1,2,535,1,0,1,0.8963107339845159,0,1,118
L0_legacy_baseline,1,2,545,1,0,1,0.8988249144019359,0,1,118
L0_legacy_baseline,1,2,558,1,0,1,0.8978728640707441,0,1,118
L0_legacy_baseline,1,2,564,1,0,1,0.8534070415518903,0,1,118
L0_legacy_baseline,1,2,571,2,1,0,0.09628443361623625,1,0,118
L0_legacy_baseline,1,2,574,2,1,0,0.09088799839000497,1,0,118
L0_legacy_baseline,1,2,580,2,1,0,0.09831959651052563,1,0,118
L0_legacy_baseline,1,2,585,2,1,0,0.09524405921857514,1,0,118
L0_legacy_baseline,1,2,588,2,1,0,0.09608063964154244,1,0,118
L0_legacy_baseline,1,2,600,2,1,0,0.3797236421912742,1,0,118
L0_legacy_baseline,1,2,603,2,1,0,0.16204733801488097,1,0,118
L0_legacy_baseline,1,2,617,2,1,0,0.09106243077533911,1,0,118
L0_legacy_baseline,1,2,646,2,1,0,0.3326524638005325,1,0,118
L0_legacy_baseline,1,2,648,2,1,0,0.09216438531244853,1,0,118
L0_legacy_baseline,1,2,650,2,1,0,0.09835917325065652,1,0,118
L0_legacy_baseline,1,2,651,2,1,0,0.09248428301323351,1,0,118
L0_legacy_baseline,1,2,655,2,1,0,0.3274140103008846,1,0,118
L0_legacy_baseline,1,2,662,2,1,0,0.09269319955236005,1,0,118
L0_legacy_baseline,1,2,664,2,1,0,0.09630672647049872,1,0,118
L0_legacy_baseline,1,2,668,2,1,0,0.09082940159421714,1,0,118
L0_legacy_baseline,1,2,675,1,0,1,0.9012688007657912,0,1,118
L0_legacy_baseline,1,2,681,1,0,1,0.8044951040769786,0,1,118
L0_legacy_baseline,1,2,689,2,1,0,0.09658440683375957,1,0,118
L0_legacy_baseline,1,2,703,1,0,1,0.89698392561038,0,1,118
L0_legacy_baseline,1,2,728,1,0,1,0.8979388935822853,0,1,118
L0_legacy_baseline,1,2,735,1,0,1,0.8994836622204317,0,1,118
L0_legacy_baseline,1,2,751,2,1,0,0.09103468837559003,1,0,118
L0_legacy_baseline,1,2,763,1,0,1,0.9018523934451581,0,1,118
L0_legacy_baseline,1,2,767,1,0,1,0.9015061929905761,0,1,118
L0_legacy_baseline,1,2,813,1,0,1,0.8994653333246295,0,1,118
L0_legacy_baseline,1,2,814,1,0,1,0.7967469046223171,0,1,118
L0_legacy_baseline,1,2,826,2,1,0,0.09218880132868874,1,0,118
L0_legacy_baseline,1,2,835,2,1,0,0.09782923760580162,1,0,118
L0_legacy_baseline,1,2,859,1,0,1,0.8979127487938043,0,1,118
L0_legacy_baseline,1,2,867,1,0,1,0.9017732835949754,0,1,118
L0_legacy_baseline,1,3,3,1,0,1,0.8577586836504367,0,1,88
L0_legacy_baseline,1,3,15,1,0,1,0.8567560295225822,0,1,88
L0_legacy_baseline,1,3,25,2,1,0,0.11855974296079883,1,0,88
L0_legacy_baseline,1,3,39,2,1,0,0.8578015669917469,0,1,88
L0_legacy_baseline,1,3,68,1,0,1,0.8581319492299133,0,1,88
L0_legacy_baseline,1,3,75,1,0,1,0.8536596718592737,0,1,88
L0_legacy_baseline,1,3,88,1,0,1,0.8400578773067529,0,1,88
L0_legacy_baseline,1,3,100,2,1,0,0.14836299588100055,1,0,88
L0_legacy_baseline,1,3,107,1,0,1,0.12301599830308742,1,0,88
L0_legacy_baseline,1,3,111,2,1,0,0.12446509269187905,1,0,88
L0_legacy_baseline,1,3,122,2,1,0,0.12155029877163638,1,0,88
L0_legacy_baseline,1,3,138,1,0,1,0.8559743773323604,0,1,88
L0_legacy_baseline,1,3,147,1,0,1,0.8578523651152571,0,1,88
L0_legacy_baseline,1,3,159,2,1,0,0.2544866175623837,1,0,88
L0_legacy_baseline,1,3,173,1,0,1,0.7759834767998502,0,1,88
L0_legacy_baseline,1,3,186,1,0,1,0.8485735734943117,0,1,88
L0_legacy_baseline,1,3,189,1,0,1,0.857191061728639,0,1,88
L0_legacy_baseline,1,3,193,1,0,1,0.8577856021232747,0,1,88
L0_legacy_baseline,1,3,199,2,1,0,0.3596118610687376,1,0,88
L0_legacy_baseline,1,3,203,2,1,0,0.8577617512400205,0,1,88
L0_legacy_baseline,1,3,206,2,1,0,0.8497920086167193,0,1,88
L0_legacy_baseline,1,3,232,2,1,0,0.8054155225665213,0,1,88
L0_legacy_baseline,1,3,233,2,1,0,0.6884753959159333,0,1,88
L0_legacy_baseline,1,3,236,2,1,0,0.11561585857860807,1,0,88
L0_legacy_baseline,1,3,248,2,1,0,0.21250163544313883,1,0,88
L0_legacy_baseline,1,3,252,2,1,0,0.11559910029228125,1,0,88
L0_legacy_baseline,1,3,255,2,1,0,0.24256537961099883,1,0,88
L0_legacy_baseline,1,3,259,1,0,1,0.12489704488190358,1,0,88
L0_legacy_baseline,1,3,261,1,0,1,0.8573915979683018,0,1,88
L0_legacy_baseline,1,3,264,1,0,1,0.8553138716497724,0,1,88
L0_legacy_baseline,1,3,282,2,1,0,0.11897332821016164,1,0,88
L0_legacy_baseline,1,3,291,2,1,0,0.11525565056080632,1,0,88
L0_legacy_baseline,1,3,296,2,1,0,0.12292710400099188,1,0,88
L0_legacy_baseline,1,3,301,2,1,0,0.11892140240258613,1,0,88
L0_legacy_baseline,1,3,312,1,0,1,0.1154671035261606,1,0,88
L0_legacy_baseline,1,3,322,1,0,1,0.8542850889826658,0,1,88
L0_legacy_baseline,1,3,330,1,0,1,0.8366396822025652,0,1,88
L0_legacy_baseline,1,3,332,1,0,1,0.8545581749557511,0,1,88
L0_legacy_baseline,1,3,338,1,0,1,0.857798767685881,0,1,88
L0_legacy_baseline,1,3,362,2,1,0,0.11621141229827568,1,0,88
L0_legacy_baseline,1,3,364,2,1,0,0.46738202480047397,1,0,88
L0_legacy_baseline,1,3,368,2,1,0,0.8579530882563282,0,1,88
L0_legacy_baseline,1,3,382,1,0,1,0.21903971131191016,1,0,88
L0_legacy_baseline,1,3,384,1,0,1,0.8579595828055199,0,1,88
L0_legacy_baseline,1,3,398,2,1,0,0.40311449687534,1,0,88
L0_legacy_baseline,1,3,403,2,1,0,0.11506765473109104,1,0,88
L0_legacy_baseline,1,3,408,1,0,1,0.8581136126347981,0,1,88
L0_legacy_baseline,1,3,415,1,0,1,0.8580300543819339,0,1,88
L0_legacy_baseline,1,3,421,1,0,1,0.8263293433343941,0,1,88
L0_legacy_baseline,1,3,433,2,1,0,0.1151287945145759,1,0,88
L0_legacy_baseline,1,3,436,2,1,0,0.1522662474632776,1,0,88
L0_legacy_baseline,1,3,439,2,1,0,0.2230040092755234,1,0,88
L0_legacy_baseline,1,3,469,2,1,0,0.12301825667988046,1,0,88
L0_legacy_baseline,1,3,497,1,0,1,0.7147695225719847,0,1,88
L0_legacy_baseline,1,3,503,1,0,1,0.7868033699627947,0,1,88
L0_legacy_baseline,1,3,517,1,0,1,0.8579715109146772,0,1,88
L0_legacy_baseline,1,3,529,1,0,1,0.8571914960155833,0,1,88
L0_legacy_baseline,1,3,530,1,0,1,0.8565881516305184,0,1,88
L0_legacy_baseline,1,3,531,1,0,1,0.8551388856246163,0,1,88
L0_legacy_baseline,1,3,541,1,0,1,0.8305956237409736,0,1,88
L0_legacy_baseline,1,3,546,1,0,1,0.11853272293597278,1,0,88
L0_legacy_baseline,1,3,555,1,0,1,0.8539834832220995,0,1,88
L0_legacy_baseline,1,3,572,2,1,0,0.11816734327787853,1,0,88
L0_legacy_baseline,1,3,577,2,1,0,0.1151362882927551,1,0,88
L0_legacy_baseline,1,3,592,2,1,0,0.11500199583649187,1,0,88
L0_legacy_baseline,1,3,607,2,1,0,0.11613471704576339,1,0,88
L0_legacy_baseline,1,3,608,2,1,0,0.4564913222855732,1,0,88
L0_legacy_baseline,1,3,613,2,1,0,0.11899185229217313,1,0,88
L0_legacy_baseline,1,3,637,2,1,0,0.11616667417187705,1,0,88
L0_legacy_baseline,1,3,639,2,1,0,0.11916435252670847,1,0,88
L0_legacy_baseline,1,3,645,2,1,0,0.12166061713095687,1,0,88
L0_legacy_baseline,1,3,661,2,1,0,0.19820597804422987,1,0,88
L0_legacy_baseline,1,3,706,1,0,1,0.5989284973110913,0,1,88
L0_legacy_baseline,1,3,714,1,0,1,0.8526305284227704,0,1,88
L0_legacy_baseline,1,3,722,1,0,1,0.1182202081917193,1,0,88
L0_legacy_baseline,1,3,731,1,0,1,0.8514377241300911,0,1,88
L0_legacy_baseline,1,3,741,2,1,0,0.1153925226701679,1,0,88
L0_legacy_baseline,1,3,752,2,1,0,0.11842964556865089,1,0,88
L0_legacy_baseline,1,3,761,2,1,0,0.11501197664450323,1,0,88
L0_legacy_baseline,1,3,770,1,0,1,0.8569972639797792,0,1,88
L0_legacy_baseline,1,3,771,1,0,1,0.8570021677714884,0,1,88
L0_legacy_baseline,1,3,776,2,1,0,0.8345221950000566,0,1,88
L0_legacy_baseline,1,3,794,1,0,1,0.5286703510273201,0,1,88
L0_legacy_baseline,1,3,803,2,1,0,0.11514600622595823,1,0,88
L0_legacy_baseline,1,3,806,2,1,0,0.11620479052354746,1,0,88
L0_legacy_baseline,1,3,838,2,1,0,0.11616905607752824,1,0,88
L0_legacy_baseline,1,3,855,2,1,0,0.4064171000914931,1,0,88
L0_legacy_baseline,1,4,4,1,0,1,0.7051889227929092,0,1,130
L0_legacy_baseline,1,4,32,2,1,0,0.12287084531606493,1,0,130
L0_legacy_baseline,1,4,46,1,0,1,0.8830375819920949,0,1,130
L0_legacy_baseline,1,4,57,2,1,0,0.11650553305597043,1,0,130
L0_legacy_baseline,1,4,60,2,1,0,0.1818364864489104,1,0,130
L0_legacy_baseline,1,4,87,1,0,1,0.8837391971869225,0,1,130
L0_legacy_baseline,1,4,94,2,1,0,0.20330572462897237,1,0,130
L0_legacy_baseline,1,4,120,2,1,0,0.10865875668295609,1,0,130
L0_legacy_baseline,1,4,135,1,0,1,0.21053435712667273,1,0,130
L0_legacy_baseline,1,4,149,2,1,0,0.12763484963858704,1,0,130
L0_legacy_baseline,1,4,153,2,1,0,0.13271066912908974,1,0,130
L0_legacy_baseline,1,4,154,2,1,0,0.10810144446658608,1,0,130
L0_legacy_baseline,1,4,166,1,0,1,0.8531729454722425,0,1,130
L0_legacy_baseline,1,4,179,1,0,1,0.8831589031373094,0,1,130
L0_legacy_baseline,1,4,210,2,1,0,0.12751990449504916,1,0,130
L0_legacy_baseline,1,4,216,2,1,0,0.11334556345261203,1,0,130
L0_legacy_baseline,1,4,226,2,1,0,0.11708166073286735,1,0,130
L0_legacy_baseline,1,4,258,1,0,1,0.8450144474248906,0,1,130
L0_legacy_baseline,1,4,272,2,1,0,0.11434994490055704,1,0,130
L0_legacy_baseline,1,4,295,2,1,0,0.14024742089347822,1,0,130
L0_legacy_baseline,1,4,316,1,0,1,0.8740424941132288,0,1,130
L0_legacy_baseline,1,4,323,1,0,1,0.8706315392918229,0,1,130
L0_legacy_baseline,1,4,324,1,0,1,0.8810457069341434,0,1,130
L0_legacy_baseline,1,4,328,1,0,1,0.881336921233135,0,1,130
L0_legacy_baseline,1,4,329,1,0,1,0.8822878913059026,0,1,130
L0_legacy_baseline,1,4,344,1,0,1,0.8450354758196766,0,1,130
L0_legacy_baseline,1,4,349,1,0,1,0.882361952107782,0,1,130
L0_legacy_baseline,1,4,350,2,1,0,0.3723124083359306,1,0,130
L0_legacy_baseline,1,4,359,2,1,0,0.5422700754487989,0,1,130
L0_legacy_baseline,1,4,360,2,1,0,0.14875606190819607,1,0,130
L0_legacy_baseline,1,4,363,2,1,0,0.1271571043502568,1,0,130
L0_legacy_baseline,1,4,371,1,0,1,0.8826898835610228,0,1,130
L0_legacy_baseline,1,4,380,1,0,1,0.8826236667415515,0,1,130
L0_legacy_baseline,1,4,387,1,0,1,0.11418550287099961,1,0,130
L0_legacy_baseline,1,4,389,1,0,1,0.8837045640787572,0,1,130
L0_legacy_baseline,1,4,391,1,0,1,0.5032916048548784,0,1,130
L0_legacy_baseline,1,4,392,1,0,1,0.7990564459730792,0,1,130
L0_legacy_baseline,1,4,402,2,1,0,0.11098733049580163,1,0,130
L0_legacy_baseline,1,4,430,2,1,0,0.11417572989287116,1,0,130
L0_legacy_baseline,1,4,437,2,1,0,0.12261989993784139,1,0,130
L0_legacy_baseline,1,4,458,2,1,0,0.8675600378605929,0,1,130
L0_legacy_baseline,1,4,473,1,0,1,0.8818471392560022,0,1,130
L0_legacy_baseline,1,4,474,1,0,1,0.8771412592009334,0,1,130
L0_legacy_baseline,1,4,481,2,1,0,0.10707142663603128,1,0,130
L0_legacy_baseline,1,4,483,2,1,0,0.13092949412227323,1,0,130
L0_legacy_baseline,1,4,485,2,1,0,0.10739325349539787,1,0,130
L0_legacy_baseline,1,4,509,1,0,1,0.8326798950756964,0,1,130
L0_legacy_baseline,1,4,516,1,0,1,0.12851659305110333,1,0,130
L0_legacy_baseline,1,4,543,1,0,1,0.8809697481053921,0,1,130
L0_legacy_baseline,1,4,548,1,0,1,0.8837379856636518,0,1,130
L0_legacy_baseline,1,4,549,1,0,1,0.8821111460626955,0,1,130
L0_legacy_baseline,1,4,551,1,0,1,0.6803779666054914,0,1,130
L0_legacy_baseline,1,4,575,2,1,0,0.27756384321904437,1,0,130
L0_legacy_baseline,1,4,590,2,1,0,0.12313830358256059,1,0,130
L0_legacy_baseline,1,4,598,2,1,0,0.45179782125674867,1,0,130
L0_legacy_baseline,1,4,605,2,1,0,0.8518120850234667,0,1,130
L0_legacy_baseline,1,4,618,2,1,0,0.11791652947392063,1,0,130
L0_legacy_baseline,1,4,626,2,1,0,0.10741499395596815,1,0,130
L0_legacy_baseline,1,4,641,2,1,0,0.3934625848756542,1,0,130
L0_legacy_baseline,1,4,649,2,1,0,0.8770946774492534,0,1,130
L0_legacy_baseline,1,4,653,2,1,0,0.13700132027613382,1,0,130
L0_legacy_baseline,1,4,658,2,1,0,0.10793764990413579,1,0,130
L0_legacy_baseline,1,4,659,2,1,0,0.10881041407864313,1,0,130
L0_legacy_baseline,1,4,666,2,1,0,0.21921875313554842,1,0,130
L0_legacy_baseline,1,4,678,1,0,1,0.7698353489901681,0,1,130
L0_legacy_baseline,1,4,687,2,1,0,0.25339681960802046,1,0,130
L0_legacy_baseline,1,4,690,2,1,0,0.4544083694100279,1,0,130
L0_legacy_baseline,1,4,699,1,0,1,0.8791219490607872,0,1,130
L0_legacy_baseline,1,4,708,1,0,1,0.8600856442766202,0,1,130
L0_legacy_baseline,1,4,712,1,0,1,0.1507178060815151,1,0,130
L0_legacy_baseline,1,4,716,1,0,1,0.8755004970183466,0,1,130
L0_legacy_baseline,1,4,718,1,0,1,0.5945426719015231,0,1,130
L0_legacy_baseline,1,4,723,1,0,1,0.883660346288334,0,1,130
L0_legacy_baseline,1,4,742,2,1,0,0.11298951924508219,1,0,130
L0_legacy_baseline,1,4,750,2,1,0,0.10755160622719376,1,0,130
L0_legacy_baseline,1,4,778,2,1,0,0.8837385453345216,0,1,130
L0_legacy_baseline,1,4,793,1,0,1,0.8836496411226219,0,1,130
L0_legacy_baseline,1,4,808,2,1,0,0.3684600739532036,1,0,130
L0_legacy_baseline,1,4,815,1,0,1,0.871012937594485,0,1,130
L0_legacy_baseline,1,4,817,2,1,0,0.12682290947851216,1,0,130
L0_legacy_baseline,1,4,845,2,1,0,0.10913127516996818,1,0,130
L0_legacy_baseline,1,4,846,2,1,0,0.15863405177256393,1,0,130
L0_legacy_baseline,1,4,852,2,1,0,0.19105083391317004,1,0,130
L0_legacy_baseline,1,4,854,2,1,0,0.4978103434808108,1,0,130
L0_legacy_baseline,1,4,860,1,0,1,0.5465580416422474,0,1,130
L0_legacy_baseline,1,4,861,1,0,1,0.8701104751215049,0,1,130
L0_legacy_baseline,1,4,863,1,0,1,0.18095623466470429,1,0,130
L0_legacy_baseline,1,5,9,1,0,1,0.8231176027967116,0,1,117
L0_legacy_baseline,1,5,12,1,0,1,0.9153588002994256,0,1,117
L0_legacy_baseline,1,5,21,2,1,0,0.43361629444218786,1,0,117
L0_legacy_baseline,1,5,28,2,1,0,0.9033228180858169,0,1,117
L0_legacy_baseline,1,5,37,2,1,0,0.06940370893593575,1,0,117
L0_legacy_baseline,1,5,48,2,1,0,0.08049493205947093,1,0,117
L0_legacy_baseline,1,5,73,1,0,1,0.916784755188016,0,1,117
L0_legacy_baseline,1,5,77,1,0,1,0.9169713514321406,0,1,117
L0_legacy_baseline,1,5,79,1,0,1,0.9148005936161366,0,1,117
L0_legacy_baseline,1,5,81,1,0,1,0.5672218736537239,0,1,117
L0_legacy_baseline,1,5,95,2,1,0,0.07062922759088118,1,0,117
L0_legacy_baseline,1,5,97,2,1,0,0.06971570935703214,1,0,117
L0_legacy_baseline,1,5,102,2,1,0,0.21717694005096128,1,0,117
L0_legacy_baseline,1,5,128,2,1,0,0.07230728895827805,1,0,117
L0_legacy_baseline,1,5,134,1,0,1,0.917394245317454,0,1,117
L0_legacy_baseline,1,5,142,1,0,1,0.9171534209820363,0,1,117
L0_legacy_baseline,1,5,150,2,1,0,0.06929972199153768,1,0,117
L0_legacy_baseline,1,5,167,1,0,1,0.914749217591975,0,1,117
L0_legacy_baseline,1,5,177,1,0,1,0.9180159938576127,0,1,117
L0_legacy_baseline,1,5,185,1,0,1,0.9174512314807689,0,1,117
L0_legacy_baseline,1,5,191,1,0,1,0.1299422820600528,1,0,117
L0_legacy_baseline,1,5,207,2,1,0,0.07369447674453902,1,0,117
L0_legacy_baseline,1,5,243,2,1,0,0.07280160406842111,1,0,117
L0_legacy_baseline,1,5,250,2,1,0,0.06953702469246766,1,0,117
L0_legacy_baseline,1,5,271,2,1,0,0.06971206933910218,1,0,117
L0_legacy_baseline,1,5,276,2,1,0,0.07280415562961855,1,0,117
L0_legacy_baseline,1,5,280,2,1,0,0.06929027185674078,1,0,117
L0_legacy_baseline,1,5,286,2,1,0,0.23263842971287907,1,0,117
L0_legacy_baseline,1,5,293,2,1,0,0.37306897576827047,1,0,117
L0_legacy_baseline,1,5,304,2,1,0,0.07836882888379533,1,0,117
L0_legacy_baseline,1,5,306,2,1,0,0.11342409445917466,1,0,117
L0_legacy_baseline,1,5,327,1,0,1,0.9167992839440503,0,1,117
L0_legacy_baseline,1,5,334,1,0,1,0.9178476487957843,0,1,117
L0_legacy_baseline,1,5,336,1,0,1,0.9163674335346589,0,1,117
L0_legacy_baseline,1,5,339,1,0,1,0.6971962398648024,0,1,117
L0_legacy_baseline,1,5,347,1,0,1,0.9108345844488269,0,1,117
L0_legacy_baseline,1,5,351,2,1,0,0.0711476841881237,1,0,117
L0_legacy_baseline,1,5,355,2,1,0,0.07001039837250125,1,0,117
L0_legacy_baseline,1,5,367,2,1,0,0.06954223066778117,1,0,117
L0_legacy_baseline,1,5,385,1,0,1,0.9179930878134342,0,1,117
L0_legacy_baseline,1,5,411,2,1,0,0.06948092769243125,1,0,117
L0_legacy_baseline,1,5,412,1,0,1,0.37489362609418686,1,0,117
L0_legacy_baseline,1,5,417,2,1,0,0.06998736750550057,1,0,117
L0_legacy_baseline,1,5,443,2,1,0,0.06970284548722881,1,0,117
L0_legacy_baseline,1,5,465,2,1,0,0.16033185091832453,1,0,117
L0_legacy_baseline,1,5,484,2,1,0,0.07328804484533212,1,0,117
L0_legacy_baseline,1,5,487,2,1,0,0.06964515348722272,1,0,117
L0_legacy_baseline,1,5,494,1,0,1,0.9141175379849146,0,1,117
L0_legacy_baseline,1,5,498,1,0,1,0.8798356219012754,0,1,117
L0_legacy_baseline,1,5,504,1,0,1,0.8370959456078988,0,1,117
L0_legacy_baseline,1,5,507,1,0,1,0.9180368895382435,0,1,117
L0_legacy_baseline,1,5,513,1,0,1,0.9180548786721014,0,1,117
L0_legacy_baseline,1,5,514,1,0,1,0.7707053295105866,0,1,117
L0_legacy_baseline,1,5,528,1,0,1,0.9173758795344878,0,1,117
L0_legacy_baseline,1,5,533,1,0,1,0.9178855075008274,0,1,117
L0_legacy_baseline,1,5,536,1,0,1,0.9170121528584835,0,1,117
L0_legacy_baseline,1,5,537,1,0,1,0.9169831844787265,0,1,117
L0_legacy_baseline,1,5,538,1,0,1,0.918060001877754,0,1,117
L0_legacy_baseline,1,5,539,1,0,1,0.7364929818187271,0,1,117
L0_legacy_baseline,1,5,547,1,0,1,0.9162618323228245,0,1,117
L0_legacy_baseline,1,5,550,1,0,1,0.7523063615172793,0,1,117
L0_legacy_baseline,1,5,594,2,1,0,0.07780186931807574,1,0,117
L0_legacy_baseline,1,5,614,2,1,0,0.07666731952693585,1,0,117
L0_legacy_baseline,1,5,616,2,1,0,0.06953878208004818,1,0,117
L0_legacy_baseline,1,5,621,2,1,0,0.07467333970475942,1,0,117
L0_legacy_baseline,1,5,623,2,1,0,0.07784638208407149,1,0,117
L0_legacy_baseline,1,5,628,2,1,0,0.07173283883176478,1,0,117
L0_legacy_baseline,1,5,647,2,1,0,0.07462508997980102,1,0,117
L0_legacy_baseline,1,5,660,2,1,0,0.41369218755427434,1,0,117
L0_legacy_baseline,1,5,669,2,1,0,0.11838789214130707,1,0,117
L0_legacy_baseline,1,5,674,1,0,1,0.9115574095581109,0,1,117
L0_legacy_baseline,1,5,685,1,0,1,0.9179930878134342,0,1,117
L0_legacy_baseline,1,5,698,2,1,0,0.06982030386028922,1,0,117
L0_legacy_baseline,1,5,702,1,0,1,0.9098467715472808,0,1,117
L0_legacy_baseline,1,5,713,1,0,1,0.2548926400734902,1,0,117
L0_legacy_baseline,1,5,719,1,0,1,0.9174292554689069,0,1,117
L0_legacy_baseline,1,5,727,1,0,1,0.9069600772968901,0,1,117
L0_legacy_baseline,1,5,737,2,1,0,0.7706598066762403,0,1,117
L0_legacy_baseline,1,5,738,2,1,0,0.9148297247901503,0,1,117
L0_legacy_baseline,1,5,746,2,1,0,0.24515009496067713,1,0,117
L0_legacy_baseline,1,5,805,2,1,0,0.8884143271551453,0,1,117
L0_legacy_baseline,1,5,821,2,1,0,0.06941873535973911,1,0,117
L0_legacy_baseline,1,5,823,2,1,0,0.2922618413223484,1,0,117
L0_legacy_baseline,1,5,832,1,0,1,0.8300724834154567,0,1,117
L0_legacy_baseline,1,5,847,2,1,0,0.07002989708599919,1,0,117
L0_legacy_baseline,1,5,848,2,1,0,0.07346676894789056,1,0,117
L0_legacy_baseline,1,5,849,2,1,0,0.07139470211952267,1,0,117
L0_legacy_baseline,1,6,6,1,0,1,0.9251119498466316,0,1,116
L0_legacy_baseline,1,6,47,1,0,1,0.06610593777291973,1,0,116
L0_legacy_baseline,1,6,54,2,1,0,0.2567883305489888,1,0,116
L0_legacy_baseline,1,6,61,2,1,0,0.06521897743510824,1,0,116
L0_legacy_baseline,1,6,70,1,0,1,0.09469351267656483,1,0,116
L0_legacy_baseline,1,6,76,1,0,1,0.9260033675035866,0,1,116
L0_legacy_baseline,1,6,78,1,0,1,0.9264399453436398,0,1,116
L0_legacy_baseline,1,6,82,1,0,1,0.06484177074354022,1,0,116
L0_legacy_baseline,1,6,91,2,1,0,0.06502556571752147,1,0,116
L0_legacy_baseline,1,6,92,2,1,0,0.9255355363277423,0,1,116
L0_legacy_baseline,1,6,112,2,1,0,0.06475997986993406,1,0,116
L0_legacy_baseline,1,6,123,2,1,0,0.40247385676267333,1,0,116
L0_legacy_baseline,1,6,124,2,1,0,0.06487347042948467,1,0,116
L0_legacy_baseline,1,6,130,1,0,1,0.9178500559501956,0,1,116
L0_legacy_baseline,1,6,131,1,0,1,0.92555330691595,0,1,116
L0_legacy_baseline,1,6,137,1,0,1,0.9255366603400936,0,1,116
L0_legacy_baseline,1,6,139,1,0,1,0.926573794786981,0,1,116
L0_legacy_baseline,1,6,140,1,0,1,0.9259880305695646,0,1,116
L0_legacy_baseline,1,6,151,2,1,0,0.06518726433944615,1,0,116
L0_legacy_baseline,1,6,168,1,0,1,0.9214333985632891,0,1,116
L0_legacy_baseline,1,6,175,1,0,1,0.90263891727701,0,1,116
L0_legacy_baseline,1,6,196,1,0,1,0.06470292340449693,1,0,116
L0_legacy_baseline,1,6,205,2,1,0,0.22074360856873876,1,0,116
L0_legacy_baseline,1,6,219,2,1,0,0.06759736941752496,1,0,116
L0_legacy_baseline,1,6,220,2,1,0,0.06767953271942614,1,0,116
L0_legacy_baseline,1,6,223,2,1,0,0.06770204626409781,1,0,116
L0_legacy_baseline,1,6,228,2,1,0,0.06968154388560613,1,0,116
L0_legacy_baseline,1,6,229,2,1,0,0.06487506355423191,1,0,116
L0_legacy_baseline,1,6,234,2,1,0,0.06458886884211351,1,0,116
L0_legacy_baseline,1,6,239,2,1,0,0.06572112540270765,1,0,116
L0_legacy_baseline,1,6,254,2,1,0,0.06593667804946422,1,0,116
L0_legacy_baseline,1,6,260,1,0,1,0.07904502849399286,1,0,116
L0_legacy_baseline,1,6,278,2,1,0,0.06476251207655004,1,0,116
L0_legacy_baseline,1,6,290,2,1,0,0.9054768169301628,0,1,116
L0_legacy_baseline,1,6,292,2,1,0,0.0676401076811145,1,0,116
L0_legacy_baseline,1,6,299,2,1,0,0.06439704939557334,1,0,116
L0_legacy_baseline,1,6,302,2,1,0,0.06468623421509054,1,0,116
L0_legacy_baseline,1,6,321,1,0,1,0.9259315075714578,0,1,116
L0_legacy_baseline,1,6,340,1,0,1,0.9245962016496897,0,1,116
L0_legacy_baseline,1,6,345,1,0,1,0.9255760774892493,0,1,116
L0_legacy_baseline,1,6,357,2,1,0,0.4950844373976528,1,0,116
L0_legacy_baseline,1,6,365,2,1,0,0.07018506167717763,1,0,116
L0_legacy_baseline,1,6,372,1,0,1,0.9127642181592276,0,1,116
L0_legacy_baseline,1,6,374,1,0,1,0.06487546570841063,1,0,116
L0_legacy_baseline,1,6,379,1,0,1,0.9247716203668913,0,1,116
L0_legacy_baseline,1,6,399,2,1,0,0.06652000673416378,1,0,116
L0_legacy_baseline,1,6,426,2,1,0,0.06524174575338093,1,0,116
L0_legacy_baseline,1,6,444,2,1,0,0.0643287627608465,1,0,116
L0_legacy_baseline,1,6,467,2,1,0,0.0668252569766598,1,0,116
L0_legacy_baseline,1,6,468,2,1,0,0.06687841260326155,1,0,116
L0_legacy_baseline,1,6,470,2,1,0,0.06518235329828723,1,0,116
L0_legacy_baseline,1,6,480,1,0,1,0.924591310629877,0,1,116
L0_legacy_baseline,1,6,493,1,0,1,0.06458854546001003,1,0,116
L0_legacy_baseline,1,6,499,1,0,1,0.887294382806735,0,1,116
L0_legacy_baseline,1,6,515,1,0,1,0.8120878896249161,0,1,116
L0_legacy_baseline,1,6,518,1,0,1,0.9030072769452508,0,1,116
L0_legacy_baseline,1,6,522,1,0,1,0.6549849249106876,0,1,116
L0_legacy_baseline,1,6,523,1,0,1,0.9235798598361583,0,1,116
L0_legacy_baseline,1,6,542,1,0,1,0.9220364164885612,0,1,116
L0_legacy_baseline,1,6,556,1,0,1,0.9265371585691925,0,1,116
L0_legacy_baseline,1,6,557,1,0,1,0.8299578426649592,0,1,116
L0_legacy_baseline,1,6,567,2,1,0,0.06809715852091903,1,0,116
L0_legacy_baseline,1,6,569,2,1,0,0.06768242113544659,1,0,116
L0_legacy_baseline,1,6,573,2,1,0,0.06643367553290529,1,0,116
L0_legacy_baseline,1,6,581,2,1,0,0.0647569228255795,1,0,116
L0_legacy_baseline,1,6,582,2,1,0,0.06613847624235583,1,0,116
L0_legacy_baseline,1,6,583,2,1,0,0.0685430133649008,1,0,116
L0_legacy_baseline,1,6,601,2,1,0,0.06917962614189253,1,0,116
L0_legacy_baseline,1,6,604,2,1,0,0.06851729599625005,1,0,116
L0_legacy_baseline,1,6,624,2,1,0,0.06477691974578335,1,0,116
L0_legacy_baseline,1,6,672,2,1,0,0.06628377017753051,1,0,116
L0_legacy_baseline,1,6,707,1,0,1,0.9141544936247916,0,1,116
L0_legacy_baseline,1,6,725,1,0,1,0.9255469764926687,0,1,116
L0_legacy_baseline,1,6,739,2,1,0,0.06477245657743139,1,0,116
L0_legacy_baseline,1,6,762,2,1,0,0.06857052234821591,1,0,116
L0_legacy_baseline,1,6,773,1,0,1,0.6149093371666152,0,1,116
L0_legacy_baseline,1,6,775,2,1,0,0.06457827507079737,1,0,116
L0_legacy_baseline,1,6,785,1,0,1,0.9255613751652427,0,1,116
L0_legacy_baseline,1,6,796,1,0,1,0.9219373056883919,0,1,116
L0_legacy_baseline,1,6,810,2,1,0,0.06784969122923162,1,0,116
L0_legacy_baseline,1,6,811,2,1,0,0.0652774850161507,1,0,116
L0_legacy_baseline,1,6,812,1,0,1,0.06476822534540407,1,0,116
L0_legacy_baseline,1,6,819,2,1,0,0.06431635618505888,1,0,116
L0_legacy_baseline,1,6,844,2,1,0,0.06788658396516856,1,0,116
L0_legacy_baseline,1,6,858,1,0,1,0.0865008257921881,1,0,116
L0_legacy_baseline,1,6,864,1,0,1,0.8047846042698211,0,1,116
L0_legacy_baseline,1,6,869,1,0,1,0.06449843119879793,1,0,116
L0_legacy_baseline,1,7,22,2,1,0,0.12469694979406491,1,0,131
L0_legacy_baseline,1,7,24,2,1,0,0.11912932691761588,1,0,131
L0_legacy_baseline,1,7,29,2,1,0,0.11971357720288102,1,0,131
L0_legacy_baseline,1,7,43,2,1,0,0.12169693825325495,1,0,131
L0_legacy_baseline,1,7,50,2,1,0,0.11909896835916704,1,0,131
L0_legacy_baseline,1,7,58,2,1,0,0.12567597884712053,1,0,131
L0_legacy_baseline,1,7,62,2,1,0,0.14003593727440178,1,0,131
L0_legacy_baseline,1,7,86,1,0,1,0.12170044909603926,1,0,131
L0_legacy_baseline,1,7,89,1,0,1,0.8497877918855766,0,1,131
L0_legacy_baseline,1,7,93,2,1,0,0.12108395355284657,1,0,131
L0_legacy_baseline,1,7,99,2,1,0,0.12111129526432665,1,0,131
L0_legacy_baseline,1,7,121,2,1,0,0.11975825367494597,1,0,131
L0_legacy_baseline,1,7,125,2,1,0,0.12167445385198779,1,0,131
L0_legacy_baseline,1,7,127,2,1,0,0.120442177849594,1,0,131
L0_legacy_baseline,1,7,129,2,1,0,0.11937782485102445,1,0,131
L0_legacy_baseline,1,7,133,1,0,1,0.8496825196807581,0,1,131
L0_legacy_baseline,1,7,158,2,1,0,0.11963656728446789,1,0,131
L0_legacy_baseline,1,7,162,2,1,0,0.12065348046691751,1,0,131
L0_legacy_baseline,1,7,169,1,0,1,0.7034114670621341,0,1,131
L0_legacy_baseline,1,7,183,1,0,1,0.7857271023094042,0,1,131
L0_legacy_baseline,1,7,188,1,0,1,0.8230936120081332,0,1,131
L0_legacy_baseline,1,7,211,2,1,0,0.13977027747390355,1,0,131
L0_legacy_baseline,1,7,212,2,1,0,0.758106113504491,0,1,131
L0_legacy_baseline,1,7,238,2,1,0,0.12136887554335772,1,0,131
L0_legacy_baseline,1,7,245,2,1,0,0.11933707437938752,1,0,131
L0_legacy_baseline,1,7,251,2,1,0,0.3996800636503145,1,0,131
L0_legacy_baseline,1,7,262,1,0,1,0.8463480148913606,0,1,131
L0_legacy_baseline,1,7,266,1,0,1,0.8253587541366624,0,1,131
L0_legacy_baseline,1,7,274,2,1,0,0.12515423196894956,1,0,131
L0_legacy_baseline,1,7,300,2,1,0,0.6080019677460107,0,1,131
L0_legacy_baseline,1,7,307,1,0,1,0.8373044195909948,0,1,131
L0_legacy_baseline,1,7,317,1,0,1,0.7905356745374382,0,1,131
L0_legacy_baseline,1,7,318,1,0,1,0.8301058433971337,0,1,131
L0_legacy_baseline,1,7,325,1,0,1,0.8337653251124584,0,1,131
L0_legacy_baseline,1,7,346,1,0,1,0.8485315181591648,0,1,131
L0_legacy_baseline,1,7,353,2,1,0,0.1205930006663124,1,0,131
L0_legacy_baseline,1,7,354,2,1,0,0.12575753595048858,1,0,131
L0_legacy_baseline,1,7,373,1,0,1,0.8397721186467817,0,1,131
L0_legacy_baseline,1,7,375,1,0,1,0.4426823617684512,1,0,131
L0_legacy_baseline,1,7,386,1,0,1,0.8501359769157583,0,1,131
L0_legacy_baseline,1,7,395,1,0,1,0.12045504314916514,1,0,131
L0_legacy_baseline,1,7,407,2,1,0,0.12382408208423623,1,0,131
L0_legacy_baseline,1,7,418,2,1,0,0.8345492671955633,0,1,131
L0_legacy_baseline,1,7,428,2,1,0,0.1192741263223436,1,0,131
L0_legacy_baseline,1,7,450,1,0,1,0.835930690815802,0,1,131
L0_legacy_baseline,1,7,453,1,0,1,0.7710892338875395,0,1,131
L0_legacy_baseline,1,7,456,1,0,1,0.8175079032631593,0,1,131
L0_legacy_baseline,1,7,495,1,0,1,0.6375325443031098,0,1,131
L0_legacy_baseline,1,7,510,1,0,1,0.8493733247691696,0,1,131
L0_legacy_baseline,1,7,521,1,0,1,0.8497174654664471,0,1,131
L0_legacy_baseline,1,7,554,1,0,1,0.8314693680118128,0,1,131
L0_legacy_baseline,1,7,587,2,1,0,0.26488582316425924,1,0,131
L0_legacy_baseline,1,7,593,2,1,0,0.12105526150064475,1,0,131
L0_legacy_baseline,1,7,619,2,1,0,0.11914475055213132,1,0,131
L0_legacy_baseline,1,7,620,2,1,0,0.19163076757257116,1,0,131
L0_legacy_baseline,1,7,629,2,1,0,0.12110231541535924,1,0,131
L0_legacy_baseline,1,7,634,2,1,0,0.1217257243498489,1,0,131
L0_legacy_baseline,1,7,663,2,1,0,0.12027958480676805,1,0,131
L0_legacy_baseline,1,7,667,2,1,0,0.11915517612846485,1,0,131
L0_legacy_baseline,1,7,671,2,1,0,0.1201929258082643,1,0,131
L0_legacy_baseline,1,7,673,2,1,0,0.8500344108532415,0,1,131
L0_legacy_baseline,1,7,676,1,0,1,0.7632283696570163,0,1,131
L0_legacy_baseline,1,7,682,1,0,1,0.8460958463247302,0,1,131
L0_legacy_baseline,1,7,683,1,0,1,0.8203189651551439,0,1,131
L0_legacy_baseline,1,7,684,1,0,1,0.8486120269943606,0,1,131
L0_legacy_baseline,1,7,695,2,1,0,0.11940660329146216,1,0,131
L0_legacy_baseline,1,7,704,1,0,1,0.8264898993022146,0,1,131
L0_legacy_baseline,1,7,710,1,0,1,0.849689749288799,0,1,131
L0_legacy_baseline,1,7,717,1,0,1,0.8449433702876338,0,1,131
L0_legacy_baseline,1,7,720,1,0,1,0.849727455667166,0,1,131
L0_legacy_baseline,1,7,724,1,0,1,0.8497735969774578,0,1,131
L0_legacy_baseline,1,7,736,2,1,0,0.1201553347186294,1,0,131
L0_legacy_baseline,1,7,759,2,1,0,0.2999101736876188,1,0,131
L0_legacy_baseline,1,7,760,2,1,0,0.14379191823100773,1,0,131
L0_legacy_baseline,1,7,764,1,0,1,0.8460303134632726,0,1,131
L0_legacy_baseline,1,7,774,2,1,0,0.12454538888992914,1,0,131
L0_legacy_baseline,1,7,784,1,0,1,0.1649731954639505,1,0,131
L0_legacy_baseline,1,7,799,2,1,0,0.12058006313500726,1,0,131
L0_legacy_baseline,1,7,807,2,1,0,0.12169099036233476,1,0,131
L0_legacy_baseline,1,7,820,2,1,0,0.12173451823477843,1,0,131
L0_legacy_baseline,1,7,827,2,1,0,0.11946067769317947,1,0,131
L0_legacy_baseline,1,7,828,1,0,1,0.7721737904488244,0,1,131
L0_legacy_baseline,1,7,830,1,0,1,0.8469397546525163,0,1,131
L0_legacy_baseline,1,7,831,1,0,1,0.8477607676817551,0,1,131
L0_legacy_baseline,1,7,833,2,1,0,0.11906313874632787,1,0,131
L0_legacy_baseline,1,7,857,1,0,1,0.8500320042216908,0,1,131
L0_legacy_baseline,1,7,866,1,0,1,0.8460334651776621,0,1,131
L0_legacy_baseline,1,8,5,1,0,1,0.8639144936233859,0,1,113
L0_legacy_baseline,1,8,7,1,0,1,0.9105617096434391,0,1,113
L0_legacy_baseline,1,8,10,1,0,1,0.9101130987463024,0,1,113
L0_legacy_baseline,1,8,14,1,0,1,0.07087875455678856,1,0,113
L0_legacy_baseline,1,8,16,1,0,1,0.9114769866004772,0,1,113
L0_legacy_baseline,1,8,35,2,1,0,0.07594253528346175,1,0,113
L0_legacy_baseline,1,8,42,2,1,0,0.19495874105907982,1,0,113
L0_legacy_baseline,1,8,49,2,1,0,0.07577290779012026,1,0,113
L0_legacy_baseline,1,8,52,2,1,0,0.0798566150788792,1,0,113
L0_legacy_baseline,1,8,56,2,1,0,0.07060949466482162,1,0,113
L0_legacy_baseline,1,8,65,1,0,1,0.07089854582819766,1,0,113
L0_legacy_baseline,1,8,67,1,0,1,0.9083346904065025,0,1,113
L0_legacy_baseline,1,8,101,2,1,0,0.19411803011176149,1,0,113
L0_legacy_baseline,1,8,103,1,0,1,0.9114420270343271,0,1,113
L0_legacy_baseline,1,8,104,1,0,1,0.9112552931371974,0,1,113
L0_legacy_baseline,1,8,106,1,0,1,0.912178811088727,0,1,113
L0_legacy_baseline,1,8,117,2,1,0,0.0715481653603751,1,0,113
L0_legacy_baseline,1,8,118,2,1,0,0.07071711612182573,1,0,113
L0_legacy_baseline,1,8,143,1,0,1,0.08463559079306453,1,0,113
L0_legacy_baseline,1,8,146,1,0,1,0.9111814548210699,0,1,113
L0_legacy_baseline,1,8,164,1,0,1,0.9053715668381194,0,1,113
L0_legacy_baseline,1,8,171,1,0,1,0.17263743468319193,1,0,113
L0_legacy_baseline,1,8,184,1,0,1,0.9113356829540439,0,1,113
L0_legacy_baseline,1,8,187,1,0,1,0.9123982751846975,0,1,113
L0_legacy_baseline,1,8,194,1,0,1,0.9098458835135562,0,1,113
L0_legacy_baseline,1,8,198,2,1,0,0.07249793178410804,1,0,113
L0_legacy_baseline,1,8,214,2,1,0,0.07071639113374523,1,0,113
L0_legacy_baseline,1,8,227,2,1,0,0.07015352626226572,1,0,113
L0_legacy_baseline,1,8,231,2,1,0,0.07236597844549313,1,0,113
L0_legacy_baseline,1,8,244,2,1,0,0.14735534593862898,1,0,113
L0_legacy_baseline,1,8,263,1,0,1,0.9066493384016527,0,1,113
L0_legacy_baseline,1,8,268,1,0,1,0.9091703004484261,0,1,113
L0_legacy_baseline,1,8,270,2,1,0,0.3071078111951551,1,0,113
L0_legacy_baseline,1,8,281,2,1,0,0.0777854177300295,1,0,113
L0_legacy_baseline,1,8,298,2,1,0,0.07107464540242615,1,0,113
L0_legacy_baseline,1,8,309,1,0,1,0.906686579834155,0,1,113
L0_legacy_baseline,1,8,314,1,0,1,0.9112130302205175,0,1,113
L0_legacy_baseline,1,8,358,2,1,0,0.4394404838819166,1,0,113
L0_legacy_baseline,1,8,366,2,1,0,0.07130673650643533,1,0,113
L0_legacy_baseline,1,8,369,1,0,1,0.5409554303189558,0,1,113
L0_legacy_baseline,1,8,381,1,0,1,0.9087040677909499,0,1,113
L0_legacy_baseline,1,8,404,2,1,0,0.1457589862641523,1,0,113
L0_legacy_baseline,1,8,419,1,0,1,0.9098352271764665,0,1,113
L0_legacy_baseline,1,8,420,2,1,0,0.10468335046646217,1,0,113
L0_legacy_baseline,1,8,432,2,1,0,0.07303660054287865,1,0,113
L0_legacy_baseline,1,8,440,2,1,0,0.07107284920043089,1,0,113
L0_legacy_baseline,1,8,454,1,0,1,0.907536543229861,0,1,113
L0_legacy_baseline,1,8,462,2,1,0,0.07167003197350526,1,0,113
L0_legacy_baseline,1,8,471,1,0,1,0.9116238816834976,0,1,113
L0_legacy_baseline,1,8,482,2,1,0,0.07107762787581069,1,0,113
L0_legacy_baseline,1,8,508,1,0,1,0.9101023375676547,0,1,113
L0_legacy_baseline,1,8,525,1,0,1,0.5625472939498459,0,1,113
L0_legacy_baseline,1,8,527,1,0,1,0.9066955915044186,0,1,113
L0_legacy_baseline,1,8,532,1,0,1,0.9119752246052467,0,1,113
L0_legacy_baseline,1,8,544,1,0,1,0.9122169049312439,0,1,113
L0_legacy_baseline,1,8,559,1,0,1,0.6537521251995667,0,1,113
L0_legacy_baseline,1,8,576,2,1,0,0.07823346400050399,1,0,113
L0_legacy_baseline,1,8,596,2,1,0,0.07976634369705944,1,0,113
L0_legacy_baseline,1,8,627,2,1,0,0.07167297107812447,1,0,113
L0_legacy_baseline,1,8,632,2,1,0,0.5541429970696677,0,1,113
L0_legacy_baseline,1,8,635,2,1,0,0.07318097727420919,1,0,113
L0_legacy_baseline,1,8,638,2,1,0,0.10749761709636248,1,0,113
L0_legacy_baseline,1,8,642,2,1,0,0.07698096746612366,1,0,113
L0_legacy_baseline,1,8,644,2,1,0,0.07595236753836233,1,0,113
L0_legacy_baseline,1,8,656,2,1,0,0.07303245629921878,1,0,113
L0_legacy_baseline,1,8,670,2,1,0,0.07251431967752259,1,0,113
L0_legacy_baseline,1,8,694,2,1,0,0.07246205730633913,1,0,113
L0_legacy_baseline,1,8,701,1,0,1,0.9109682154437785,0,1,113
L0_legacy_baseline,1,8,711,1,0,1,0.2926108011531374,1,0,113
L0_legacy_baseline,1,8,730,1,0,1,0.9059431757144724,0,1,113
L0_legacy_baseline,1,8,733,1,0,1,0.9120234074142146,0,1,113
L0_legacy_baseline,1,8,745,2,1,0,0.07099139004583868,1,0,113
L0_legacy_baseline,1,8,747,2,1,0,0.07282363375742211,1,0,113
L0_legacy_baseline,1,8,758,2,1,0,0.07182638171616942,1,0,113
L0_legacy_baseline,1,8,777,2,1,0,0.1866400969982672,1,0,113
L0_legacy_baseline,1,8,783,2,1,0,0.07031853708116424,1,0,113
L0_legacy_baseline,1,8,786,1,0,1,0.9077821672299939,0,1,113
L0_legacy_baseline,1,8,788,1,0,1,0.5651925063081414,0,1,113
L0_legacy_baseline,1,8,790,1,0,1,0.9120438337252852,0,1,113
L0_legacy_baseline,1,8,791,1,0,1,0.7142092920979933,0,1,113
L0_legacy_baseline,1,8,797,2,1,0,0.07152684552253312,1,0,113
L0_legacy_baseline,1,8,801,2,1,0,0.07013854145284386,1,0,113
L0_legacy_baseline,1,8,802,2,1,0,0.906822716938825,0,1,113
L0_legacy_baseline,1,8,816,2,1,0,0.08867729242253795,1,0,113
L0_legacy_baseline,1,8,824,2,1,0,0.0728187724176487,1,0,113
L0_legacy_baseline,1,8,825,2,1,0,0.07042210513769936,1,0,113
L0_legacy_baseline,1,8,839,2,1,0,0.07013763845276151,1,0,113
L0_legacy_baseline,1,9,0,1,0,1,0.6675576237208171,0,1,125
L0_legacy_baseline,1,9,44,1,0,1,0.7755029725652292,0,1,125
L0_legacy_baseline,1,9,51,2,1,0,0.6305998875498684,0,1,125
L0_legacy_baseline,1,9,83,1,0,1,0.8394517695559685,0,1,125
L0_legacy_baseline,1,9,96,2,1,0,0.22629544092099832,1,0,125
L0_legacy_baseline,1,9,110,1,0,1,0.8767100412641412,0,1,125
L0_legacy_baseline,1,9,116,2,1,0,0.09131610711923482,1,0,125
L0_legacy_baseline,1,9,136,1,0,1,0.8803893769007455,0,1,125
L0_legacy_baseline,1,9,155,2,1,0,0.09112230761135852,1,0,125
L0_legacy_baseline,1,9,157,2,1,0,0.08873663760460974,1,0,125
L0_legacy_baseline,1,9,161,2,1,0,0.08816937085287736,1,0,125
L0_legacy_baseline,1,9,178,1,0,1,0.878175124190886,0,1,125
L0_legacy_baseline,1,9,180,1,0,1,0.5833490046592298,0,1,125
L0_legacy_baseline,1,9,181,1,0,1,0.8673424152113202,0,1,125
L0_legacy_baseline,1,9,182,1,0,1,0.09266703710458034,1,0,125
L0_legacy_baseline,1,9,197,2,1,0,0.0900895852369379,1,0,125
L0_legacy_baseline,1,9,202,2,1,0,0.0905167386794732,1,0,125
L0_legacy_baseline,1,9,208,2,1,0,0.09734215980670148,1,0,125
L0_legacy_baseline,1,9,237,2,1,0,0.09011899482955694,1,0,125
L0_legacy_baseline,1,9,247,2,1,0,0.3345963118680447,1,0,125
L0_legacy_baseline,1,9,249,2,1,0,0.09106314724034434,1,0,125
L0_legacy_baseline,1,9,257,1,0,1,0.8182467108349754,0,1,125
L0_legacy_baseline,1,9,267,1,0,1,0.8797424237783342,0,1,125
L0_legacy_baseline,1,9,287,2,1,0,0.8801767333289949,0,1,125
L0_legacy_baseline,1,9,294,2,1,0,0.17254256644372232,1,0,125
L0_legacy_baseline,1,9,297,2,1,0,0.1853229618430242,1,0,125
L0_legacy_baseline,1,9,310,1,0,1,0.8784934161363785,0,1,125
L0_legacy_baseline,1,9,320,1,0,1,0.7941415015786465,0,1,125
L0_legacy_baseline,1,9,341,1,0,1,0.8776779511312198,0,1,125
L0_legacy_baseline,1,9,352,2,1,0,0.08842036338745865,1,0,125
L0_legacy_baseline,1,9,377,1,0,1,0.8790518409889283,0,1,125
L0_legacy_baseline,1,9,378,1,0,1,0.8783312520089107,0,1,125
L0_legacy_baseline,1,9,396,1,0,1,0.2330009281407652,1,0,125
L0_legacy_baseline,1,9,400,2,1,0,0.15268053835712522,1,0,125
L0_legacy_baseline,1,9,406,2,1,0,0.8549856572992331,0,1,125
L0_legacy_baseline,1,9,409,1,0,1,0.08861815595482327,1,0,125
L0_legacy_baseline,1,9,423,1,0,1,0.798843079560511,0,1,125
L0_legacy_baseline,1,9,424,1,0,1,0.7820490103960477,0,1,125
L0_legacy_baseline,1,9,427,1,0,1,0.8798910027020879,0,1,125
L0_legacy_baseline,1,9,434,2,1,0,0.13355705567720436,1,0,125
L0_legacy_baseline,1,9,442,2,1,0,0.3216771835567715,1,0,125
L0_legacy_baseline,1,9,452,1,0,1,0.8616723639497883,0,1,125
L0_legacy_baseline,1,9,459,2,1,0,0.0883350263121462,1,0,125
L0_legacy_baseline,1,9,463,2,1,0,0.08818663096051697,1,0,125
L0_legacy_baseline,1,9,479,1,0,1,0.8781879876550843,0,1,125
L0_legacy_baseline,1,9,488,2,1,0,0.0886618598762977,1,0,125
L0_legacy_baseline,1,9,491,1,0,1,0.8756107946300006,0,1,125
L0_legacy_baseline,1,9,500,1,0,1,0.15946286969789208,1,0,125
L0_legacy_baseline,1,9,512,1,0,1,0.8784912954662739,0,1,125
L0_legacy_baseline,1,9,520,1,0,1,0.14190215246361848,1,0,125
L0_legacy_baseline,1,9,526,1,0,1,0.5354555361475954,0,1,125
L0_legacy_baseline,1,9,534,1,0,1,0.8762079397091554,0,1,125
L0_legacy_baseline,1,9,540,1,0,1,0.8788796205150922,0,1,125
L0_legacy_baseline,1,9,552,1,0,1,0.8799492323457978,0,1,125
L0_legacy_baseline,1,9,561,1,0,1,0.8630312814704847,0,1,125
L0_legacy_baseline,1,9,563,1,0,1,0.8787627828533807,0,1,125
L0_legacy_baseline,1,9,565,2,1,0,0.09370676032091353,1,0,125
L0_legacy_baseline,1,9,578,2,1,0,0.09593691162621024,1,0,125
L0_legacy_baseline,1,9,591,2,1,0,0.12295902467157516,1,0,125
L0_legacy_baseline,1,9,595,2,1,0,0.7586121468146138,0,1,125
L0_legacy_baseline,1,9,602,2,1,0,0.09733730941804826,1,0,125
L0_legacy_baseline,1,9,612,2,1,0,0.09453353406083644,1,0,125
L0_legacy_baseline,1,9,622,2,1,0,0.09463559860019082,1,0,125
L0_legacy_baseline,1,9,625,2,1,0,0.09014854298132063,1,0,125
L0_legacy_baseline,1,9,631,2,1,0,0.09353589262624448,1,0,125
L0_legacy_baseline,1,9,640,2,1,0,0.08901528166853416,1,0,125
L0_legacy_baseline,1,9,643,2,1,0,0.08829546209813449,1,0,125
L0_legacy_baseline,1,9,657,2,1,0,0.09126733031698579,1,0,125
L0_legacy_baseline,1,9,679,1,0,1,0.8701787030805641,0,1,125
L0_legacy_baseline,1,9,692,2,1,0,0.09190486840317882,1,0,125
L0_legacy_baseline,1,9,693,2,1,0,0.09453657681417119,1,0,125
L0_legacy_baseline,1,9,709,1,0,1,0.8754349825881331,0,1,125
L0_legacy_baseline,1,9,715,1,0,1,0.8783227840130786,0,1,125
L0_legacy_baseline,1,9,732,1,0,1,0.8783219594676144,0,1,125
L0_legacy_baseline,1,9,743,2,1,0,0.8628570309240755,0,1,125
L0_legacy_baseline,1,9,781,2,1,0,0.09023201777080334,1,0,125
L0_legacy_baseline,1,9,795,1,0,1,0.8787587366356596,0,1,125
L0_legacy_baseline,1,9,798,2,1,0,0.08819806948248705,1,0,125
L0_legacy_baseline,1,9,809,2,1,0,0.0894124602853516,1,0,125
L0_legacy_baseline,1,9,818,2,1,0,0.8803006849993414,0,1,125
L0_legacy_baseline,1,9,822,2,1,0,0.10617086129533126,1,0,125
L0_legacy_baseline,1,9,829,1,0,1,0.8803648056862501,0,1,125
L0_legacy_baseline,1,9,837,2,1,0,0.09551081909324456,1,0,125
L0_legacy_baseline,1,9,840,2,1,0,0.09344374697257632,1,0,125
L0_legacy_baseline,1,9,843,2,1,0,0.12434719127668008,1,0,125
L0_legacy_baseline,1,9,851,2,1,0,0.09645576875437747,1,0,125
L0_legacy_baseline,1,9,862,1,0,1,0.8765355236276217,0,1,125
L0_legacy_baseline,1,10,2,1,0,1,0.9300729622690646,0,1,126
L0_legacy_baseline,1,10,11,1,0,1,0.9296220319526662,0,1,126
L0_legacy_baseline,1,10,18,1,0,1,0.9241752002738381,0,1,126
L0_legacy_baseline,1,10,19,1,0,1,0.2973085825352766,1,0,126
L0_legacy_baseline,1,10,20,1,0,1,0.9302855446061442,0,1,126
L0_legacy_baseline,1,10,27,2,1,0,0.08350626467546995,1,0,126
L0_legacy_baseline,1,10,36,2,1,0,0.1720242342986546,1,0,126
L0_legacy_baseline,1,10,38,2,1,0,0.4300757988586567,1,0,126
L0_legacy_baseline,1,10,55,2,1,0,0.18603764994324817,1,0,126
L0_legacy_baseline,1,10,63,2,1,0,0.4430458186921816,1,0,126
L0_legacy_baseline,1,10,66,1,0,1,0.9302022911484931,0,1,126
L0_legacy_baseline,1,10,72,1,0,1,0.9298688322118668,0,1,126
L0_legacy_baseline,1,10,85,1,0,1,0.9301574238683947,0,1,126
L0_legacy_baseline,1,10,98,2,1,0,0.09040404882765565,1,0,126
L0_legacy_baseline,1,10,108,1,0,1,0.08382204666839255,1,0,126
L0_legacy_baseline,1,10,113,2,1,0,0.08379135573811912,1,0,126
L0_legacy_baseline,1,10,114,2,1,0,0.9266550665029689,0,1,126
L0_legacy_baseline,1,10,126,2,1,0,0.3200994090315805,1,0,126
L0_legacy_baseline,1,10,132,1,0,1,0.8784396024431746,0,1,126
L0_legacy_baseline,1,10,141,1,0,1,0.9219553437753477,0,1,126
L0_legacy_baseline,1,10,145,1,0,1,0.8166891594226374,0,1,126
L0_legacy_baseline,1,10,152,2,1,0,0.9033042427054931,0,1,126
L0_legacy_baseline,1,10,156,2,1,0,0.08554433960135888,1,0,126
L0_legacy_baseline,1,10,163,1,0,1,0.9290960994473018,0,1,126
L0_legacy_baseline,1,10,176,1,0,1,0.9304026540504152,0,1,126
L0_legacy_baseline,1,10,190,1,0,1,0.9278012162848123,0,1,126
L0_legacy_baseline,1,10,200,2,1,0,0.14156550004638685,1,0,126
L0_legacy_baseline,1,10,225,2,1,0,0.08383827584270297,1,0,126
L0_legacy_baseline,1,10,235,2,1,0,0.20144002797080243,1,0,126
L0_legacy_baseline,1,10,240,2,1,0,0.08239177187724,1,0,126
L0_legacy_baseline,1,10,246,2,1,0,0.08082512528300363,1,0,126
L0_legacy_baseline,1,10,265,1,0,1,0.08797748808040264,1,0,126
L0_legacy_baseline,1,10,275,2,1,0,0.08139616312859514,1,0,126
L0_legacy_baseline,1,10,279,2,1,0,0.08072675295566974,1,0,126
L0_legacy_baseline,1,10,285,2,1,0,0.08908033238221447,1,0,126
L0_legacy_baseline,1,10,308,1,0,1,0.9291776062457061,0,1,126
L0_legacy_baseline,1,10,315,1,0,1,0.9296586031340529,0,1,126
L0_legacy_baseline,1,10,319,1,0,1,0.9278373425374753,0,1,126
L0_legacy_baseline,1,10,348,1,0,1,0.9272341922304376,0,1,126
L0_legacy_baseline,1,10,361,2,1,0,0.9260207400100805,0,1,126
L0_legacy_baseline,1,10,376,1,0,1,0.7459347154810609,0,1,126
L0_legacy_baseline,1,10,388,1,0,1,0.9304232909622473,0,1,126
L0_legacy_baseline,1,10,393,1,0,1,0.9288754217968305,0,1,126
L0_legacy_baseline,1,10,397,2,1,0,0.17775316330236665,1,0,126
L0_legacy_baseline,1,10,405,1,0,1,0.930155566573204,0,1,126
L0_legacy_baseline,1,10,414,1,0,1,0.5777159803792835,0,1,126
L0_legacy_baseline,1,10,448,1,0,1,0.9291266619281788,0,1,126
L0_legacy_baseline,1,10,461,2,1,0,0.08140066552806818,1,0,126
L0_legacy_baseline,1,10,464,2,1,0,0.30941957373588447,1,0,126
L0_legacy_baseline,1,10,466,2,1,0,0.9248748051533059,0,1,126
L0_legacy_baseline,1,10,476,1,0,1,0.9282901390920256,0,1,126
L0_legacy_baseline,1,10,478,1,0,1,0.9301601058646359,0,1,126
L0_legacy_baseline,1,10,486,2,1,0,0.08996766691200156,1,0,126
L0_legacy_baseline,1,10,489,1,0,1,0.9303926442385567,0,1,126
L0_legacy_baseline,1,10,490,1,0,1,0.24501572984480713,1,0,126
L0_legacy_baseline,1,10,519,1,0,1,0.9291195594363861,0,1,126
L0_legacy_baseline,1,10,568,2,1,0,0.08508320378263245,1,0,126
L0_legacy_baseline,1,10,570,2,1,0,0.08384981005975223,1,0,126
L0_legacy_baseline,1,10,579,2,1,0,0.08276032433659546,1,0,126
L0_legacy_baseline,1,10,586,2,1,0,0.08903164602610886,1,0,126
L0_legacy_baseline,1,10,589,2,1,0,0.0928050034178701,1,0,126
L0_legacy_baseline,1,10,606,2,1,0,0.9304489889592408,0,1,126
L0_legacy_baseline,1,10,609,2,1,0,0.9304156517161306,0,1,126
L0_legacy_baseline,1,10,611,2,1,0,0.9300126422002387,0,1,126
L0_legacy_baseline,1,10,652,2,1,0,0.839184223819639,0,1,126
L0_legacy_baseline,1,10,665,2,1,0,0.08334108032694426,1,0,126
L0_legacy_baseline,1,10,677,1,0,1,0.9301690805594557,0,1,126
L0_legacy_baseline,1,10,688,2,1,0,0.22366037895574584,1,0,126
L0_legacy_baseline,1,10,700,1,0,1,0.9291062891366845,0,1,126
L0_legacy_baseline,1,10,705,1,0,1,0.9281154359503576,0,1,126
L0_legacy_baseline,1,10,721,1,0,1,0.9204886256885986,0,1,126
L0_legacy_baseline,1,10,740,2,1,0,0.08078357012292131,1,0,126
L0_legacy_baseline,1,10,748,2,1,0,0.08990627662170053,1,0,126
L0_legacy_baseline,1,10,749,2,1,0,0.4392282695479251,1,0,126
L0_legacy_baseline,1,10,756,2,1,0,0.08678900123901791,1,0,126
L0_legacy_baseline,1,10,766,1,0,1,0.5721088419756905,0,1,126
L0_legacy_baseline,1,10,768,1,0,1,0.9303074126964014,0,1,126
L0_legacy_baseline,1,10,772,1,0,1,0.7900087115261788,0,1,126
L0_legacy_baseline,1,10,779,2,1,0,0.0934359720208929,1,0,126
L0_legacy_baseline,1,10,780,2,1,0,0.9300794622411629,0,1,126
L0_legacy_baseline,1,10,782,2,1,0,0.09206799317737582,1,0,126
L0_legacy_baseline,1,10,800,2,1,0,0.17199159043263246,1,0,126
L0_legacy_baseline,1,10,834,2,1,0,0.084926845640556,1,0,126
L0_legacy_baseline,1,10,850,2,1,0,0.08220501484392516,1,0,126
L0_legacy_baseline,1,10,853,2,1,0,0.0809367382607004,1,0,126
L0_legacy_baseline,1,10,865,1,0,1,0.9304602402884208,0,1,126
L0_legacy_baseline,1,10,868,1,0,1,0.930456829519918,0,1,126
L0_legacy_baseline,2,1,0,1,0,1,0.41574538199503347,1,0,86
L0_legacy_baseline,2,1,7,1,0,1,0.852147055388489,0,1,86
L0_legacy_baseline,2,1,35,2,1,0,0.14664517793119072,1,0,86
L0_legacy_baseline,2,1,39,2,1,0,0.8301219363259408,0,1,86
L0_legacy_baseline,2,1,45,2,1,0,0.8519004074208762,0,1,86
L0_legacy_baseline,2,1,48,2,1,0,0.1535026597126315,1,0,86
L0_legacy_baseline,2,1,53,2,1,0,0.15950100722524221,1,0,86
L0_legacy_baseline,2,1,55,2,1,0,0.14689479823950247,1,0,86
L0_legacy_baseline,2,1,72,1,0,1,0.853887603126274,0,1,86
L0_legacy_baseline,2,1,73,1,0,1,0.8522030553230545,0,1,86
L0_legacy_baseline,2,1,78,1,0,1,0.8540309500800884,0,1,86
L0_legacy_baseline,2,1,81,1,0,1,0.7805806938379859,0,1,86
L0_legacy_baseline,2,1,86,1,0,1,0.5483438485816394,0,1,86
L0_legacy_baseline,2,1,95,2,1,0,0.14506425885247753,1,0,86
L0_legacy_baseline,2,1,127,2,1,0,0.14906253923635965,1,0,86
L0_legacy_baseline,2,1,138,1,0,1,0.8069602070736013,0,1,86
L0_legacy_baseline,2,1,144,1,0,1,0.16133310492468952,1,0,86
L0_legacy_baseline,2,1,149,2,1,0,0.1637126058530282,1,0,86
L0_legacy_baseline,2,1,176,1,0,1,0.8528714273438309,0,1,86
L0_legacy_baseline,2,1,182,1,0,1,0.14791220528356844,1,0,86
L0_legacy_baseline,2,1,192,1,0,1,0.8516296174640174,0,1,86
L0_legacy_baseline,2,1,193,1,0,1,0.8539688746503705,0,1,86
L0_legacy_baseline,2,1,204,2,1,0,0.1451841142930259,1,0,86
L0_legacy_baseline,2,1,205,2,1,0,0.15857870994802425,1,0,86
L0_legacy_baseline,2,1,231,2,1,0,0.14470337111653322,1,0,86
L0_legacy_baseline,2,1,234,2,1,0,0.1479192760886417,1,0,86
L0_legacy_baseline,2,1,242,2,1,0,0.14469650578494395,1,0,86
L0_legacy_baseline,2,1,247,2,1,0,0.17481737372364714,1,0,86
L0_legacy_baseline,2,1,248,2,1,0,0.16821536914343693,1,0,86
L0_legacy_baseline,2,1,253,2,1,0,0.14664671630839782,1,0,86
L0_legacy_baseline,2,1,259,1,0,1,0.15257580968996018,1,0,86
L0_legacy_baseline,2,1,285,2,1,0,0.14504447700110826,1,0,86
L0_legacy_baseline,2,1,286,2,1,0,0.40118252510806135,1,0,86
L0_legacy_baseline,2,1,295,2,1,0,0.1486766742576513,1,0,86
L0_legacy_baseline,2,1,300,2,1,0,0.8398308844731518,0,1,86
L0_legacy_baseline,2,1,307,1,0,1,0.8331858070055645,0,1,86
L0_legacy_baseline,2,1,329,1,0,1,0.8512111951757889,0,1,86
L0_legacy_baseline,2,1,345,1,0,1,0.8522711109904283,0,1,86
L0_legacy_baseline,2,1,348,1,0,1,0.8428075796242679,0,1,86
L0_legacy_baseline,2,1,357,2,1,0,0.2578782349210827,1,0,86
L0_legacy_baseline,2,1,359,2,1,0,0.15216254667697207,1,0,86
L0_legacy_baseline,2,1,360,2,1,0,0.14494700779518113,1,0,86
L0_legacy_baseline,2,1,369,1,0,1,0.14700968175066484,1,0,86
L0_legacy_baseline,2,1,374,1,0,1,0.1447834849708521,1,0,86
L0_legacy_baseline,2,1,385,1,0,1,0.7418592186493803,0,1,86
L0_legacy_baseline,2,1,405,1,0,1,0.8540319045345857,0,1,86
L0_legacy_baseline,2,1,411,2,1,0,0.1449210742916695,1,0,86
L0_legacy_baseline,2,1,412,1,0,1,0.1469825381562007,1,0,86
L0_legacy_baseline,2,1,425,2,1,0,0.15837210989740116,1,0,86
L0_legacy_baseline,2,1,432,2,1,0,0.14643120369609128,1,0,86
L0_legacy_baseline,2,1,466,2,1,0,0.8288320168704499,0,1,86
L0_legacy_baseline,2,1,468,2,1,0,0.1447928572024396,1,0,86
L0_legacy_baseline,2,1,471,1,0,1,0.8516499348289716,0,1,86
L0_legacy_baseline,2,1,484,2,1,0,0.14626788959630396,1,0,86
L0_legacy_baseline,2,1,495,1,0,1,0.8488139080012613,0,1,86
L0_legacy_baseline,2,1,505,1,0,1,0.8521351955571085,0,1,86
L0_legacy_baseline,2,1,506,1,0,1,0.853622668667506,0,1,86
L0_legacy_baseline,2,1,513,1,0,1,0.8504710865596397,0,1,86
L0_legacy_baseline,2,1,526,1,0,1,0.5692930359154085,0,1,86
L0_legacy_baseline,2,1,532,1,0,1,0.8325699063306328,0,1,86
L0_legacy_baseline,2,1,555,1,0,1,0.8454222901308365,0,1,86
L0_legacy_baseline,2,1,556,1,0,1,0.8539205459823586,0,1,86
L0_legacy_baseline,2,1,566,2,1,0,0.15953909681801864,1,0,86
L0_legacy_baseline,2,1,575,2,1,0,0.1573719531155784,1,0,86
L0_legacy_baseline,2,1,585,2,1,0,0.14852615272863334,1,0,86
L0_legacy_baseline,2,1,596,2,1,0,0.14469959341889677,1,0,86
L0_legacy_baseline,2,1,603,2,1,0,0.15113736055933152,1,0,86
L0_legacy_baseline,2,1,612,2,1,0,0.1485189112750362,1,0,86
L0_legacy_baseline,2,1,653,2,1,0,0.14641408040082157,1,0,86
L0_legacy_baseline,2,1,684,1,0,1,0.8539058494179327,0,1,86
L0_legacy_baseline,2,1,686,2,1,0,0.3922729215797138,1,0,86
L0_legacy_baseline,2,1,687,2,1,0,0.37927115561255553,1,0,86
L0_legacy_baseline,2,1,695,2,1,0,0.144821340082077,1,0,86
L0_legacy_baseline,2,1,710,1,0,1,0.8539753899406864,0,1,86
L0_legacy_baseline,2,1,716,1,0,1,0.7993850121127626,0,1,86
L0_legacy_baseline,2,1,721,1,0,1,0.7534182739793582,0,1,86
L0_legacy_baseline,2,1,749,2,1,0,0.8367101979761349,0,1,86
L0_legacy_baseline,2,1,750,2,1,0,0.1511319915954383,1,0,86
L0_legacy_baseline,2,1,771,1,0,1,0.8509862481711958,0,1,86
L0_legacy_baseline,2,1,792,1,0,1,0.8246093226089182,0,1,86
L0_legacy_baseline,2,1,793,1,0,1,0.8521764009270095,0,1,86
L0_legacy_baseline,2,1,806,2,1,0,0.1551448367455223,1,0,86
L0_legacy_baseline,2,1,808,2,1,0,0.14641238738051507,1,0,86
L0_legacy_baseline,2,1,816,2,1,0,0.848761254707949,0,1,86
L0_legacy_baseline,2,1,823,2,1,0,0.3733145491046709,1,0,86
L0_legacy_baseline,2,1,837,2,1,0,0.15148491067483008,1,0,86
L0_legacy_baseline,2,1,867,1,0,1,0.8290724430247445,0,1,86
L0_legacy_baseline,2,1,869,1,0,1,0.33653856024084183,1,0,86
L0_legacy_baseline,2,2,2,1,0,1,0.9381202051851442,0,1,134
L0_legacy_baseline,2,2,6,1,0,1,0.938819965240958,0,1,134
L0_legacy_baseline,2,2,10,1,0,1,0.9397294821981156,0,1,134
L0_legacy_baseline,2,2,24,2,1,0,0.05964256589339177,1,0,134
L0_legacy_baseline,2,2,30,2,1,0,0.41715603744608776,1,0,134
L0_legacy_baseline,2,2,67,1,0,1,0.9385400419593952,0,1,134
L0_legacy_baseline,2,2,76,1,0,1,0.9357906508732298,0,1,134
L0_legacy_baseline,2,2,79,1,0,1,0.9392094089648776,0,1,134
L0_legacy_baseline,2,2,92,2,1,0,0.9392403251152553,0,1,134
L0_legacy_baseline,2,2,98,2,1,0,0.06051447107431914,1,0,134
L0_legacy_baseline,2,2,101,2,1,0,0.18601516340243754,1,0,134
L0_legacy_baseline,2,2,115,2,1,0,0.06333092435779285,1,0,134
L0_legacy_baseline,2,2,129,2,1,0,0.05872835212646282,1,0,134
L0_legacy_baseline,2,2,140,1,0,1,0.9394292380409285,0,1,134
L0_legacy_baseline,2,2,153,2,1,0,0.058000929775881706,1,0,134
L0_legacy_baseline,2,2,155,2,1,0,0.05881803288375898,1,0,134
L0_legacy_baseline,2,2,164,1,0,1,0.9390064988801696,0,1,134
L0_legacy_baseline,2,2,169,1,0,1,0.9366703540738526,0,1,134
L0_legacy_baseline,2,2,180,1,0,1,0.9148949768057446,0,1,134
L0_legacy_baseline,2,2,187,1,0,1,0.9396551673939166,0,1,134
L0_legacy_baseline,2,2,202,2,1,0,0.06327150642654589,1,0,134
L0_legacy_baseline,2,2,212,2,1,0,0.9217588122237932,0,1,134
L0_legacy_baseline,2,2,217,2,1,0,0.0667634042445848,1,0,134
L0_legacy_baseline,2,2,228,2,1,0,0.06808699577634546,1,0,134
L0_legacy_baseline,2,2,246,2,1,0,0.05831228142316088,1,0,134
L0_legacy_baseline,2,2,251,2,1,0,0.9397479069055777,0,1,134
L0_legacy_baseline,2,2,277,2,1,0,0.9298783098499115,0,1,134
L0_legacy_baseline,2,2,280,2,1,0,0.05803695036835545,1,0,134
L0_legacy_baseline,2,2,281,2,1,0,0.058834147876240195,1,0,134
L0_legacy_baseline,2,2,288,2,1,0,0.05874047904995685,1,0,134
L0_legacy_baseline,2,2,293,2,1,0,0.16357086353178305,1,0,134
L0_legacy_baseline,2,2,326,1,0,1,0.9382285912561901,0,1,134
L0_legacy_baseline,2,2,336,1,0,1,0.9395028874913749,0,1,134
L0_legacy_baseline,2,2,340,1,0,1,0.9387022019575277,0,1,134
L0_legacy_baseline,2,2,352,2,1,0,0.05803089004058082,1,0,134
L0_legacy_baseline,2,2,354,2,1,0,0.058876609359235325,1,0,134
L0_legacy_baseline,2,2,373,1,0,1,0.9396700095814372,0,1,134
L0_legacy_baseline,2,2,392,1,0,1,0.8958409438304751,0,1,134
L0_legacy_baseline,2,2,396,1,0,1,0.22876582203877982,1,0,134
L0_legacy_baseline,2,2,403,2,1,0,0.05819117554018249,1,0,134
L0_legacy_baseline,2,2,404,2,1,0,0.06376654994324842,1,0,134
L0_legacy_baseline,2,2,417,2,1,0,0.05811191272891607,1,0,134
L0_legacy_baseline,2,2,422,2,1,0,0.058536475763764056,1,0,134
L0_legacy_baseline,2,2,437,2,1,0,0.058038334093574895,1,0,134
L0_legacy_baseline,2,2,450,1,0,1,0.9369230044986255,0,1,134
L0_legacy_baseline,2,2,460,2,1,0,0.059401203600960385,1,0,134
L0_legacy_baseline,2,2,462,2,1,0,0.05876199439519585,1,0,134
L0_legacy_baseline,2,2,474,1,0,1,0.9350194130693534,0,1,134
L0_legacy_baseline,2,2,508,1,0,1,0.9389859024592955,0,1,134
L0_legacy_baseline,2,2,514,1,0,1,0.8495126732456256,0,1,134
L0_legacy_baseline,2,2,537,1,0,1,0.9388521206749187,0,1,134
L0_legacy_baseline,2,2,538,1,0,1,0.9393222529366207,0,1,134
L0_legacy_baseline,2,2,550,1,0,1,0.9354033077302563,0,1,134
L0_legacy_baseline,2,2,554,1,0,1,0.9397134838376856,0,1,134
L0_legacy_baseline,2,2,571,2,1,0,0.059247232149852266,1,0,134
L0_legacy_baseline,2,2,579,2,1,0,0.05870900464645281,1,0,134
L0_legacy_baseline,2,2,583,2,1,0,0.059617345132211196,1,0,134
L0_legacy_baseline,2,2,590,2,1,0,0.05966745590316634,1,0,134
L0_legacy_baseline,2,2,599,2,1,0,0.058782718766744166,1,0,134
L0_legacy_baseline,2,2,622,2,1,0,0.06046008838853809,1,0,134
L0_legacy_baseline,2,2,628,2,1,0,0.06095891244657717,1,0,134
L0_legacy_baseline,2,2,638,2,1,0,0.05873737006185099,1,0,134
L0_legacy_baseline,2,2,661,2,1,0,0.058042001124961114,1,0,134
L0_legacy_baseline,2,2,672,2,1,0,0.058780854815623174,1,0,134
L0_legacy_baseline,2,2,677,1,0,1,0.938988840779754,0,1,134
L0_legacy_baseline,2,2,689,2,1,0,0.05823365891793227,1,0,134
L0_legacy_baseline,2,2,705,1,0,1,0.9375968765847785,0,1,134
L0_legacy_baseline,2,2,706,1,0,1,0.3052134305867615,1,0,134
L0_legacy_baseline,2,2,709,1,0,1,0.9382690942052039,0,1,134
L0_legacy_baseline,2,2,720,1,0,1,0.9387566158930654,0,1,134
L0_legacy_baseline,2,2,723,1,0,1,0.9389856925796145,0,1,134
L0_legacy_baseline,2,2,728,1,0,1,0.9387600780689543,0,1,134
L0_legacy_baseline,2,2,735,1,0,1,0.9382801185242433,0,1,134
L0_legacy_baseline,2,2,737,2,1,0,0.27164450303949383,1,0,134
L0_legacy_baseline,2,2,741,2,1,0,0.05849041058122684,1,0,134
L0_legacy_baseline,2,2,767,1,0,1,0.9380011459235642,0,1,134
L0_legacy_baseline,2,2,769,1,0,1,0.9397185353693351,0,1,134
L0_legacy_baseline,2,2,770,1,0,1,0.9383747917881727,0,1,134
L0_legacy_baseline,2,2,791,1,0,1,0.8347198409795193,0,1,134
L0_legacy_baseline,2,2,795,1,0,1,0.9308044525004273,0,1,134
L0_legacy_baseline,2,2,805,2,1,0,0.71499341816082,0,1,134
L0_legacy_baseline,2,2,838,2,1,0,0.05865982468584933,1,0,134
L0_legacy_baseline,2,2,853,2,1,0,0.05898599104457841,1,0,134
L0_legacy_baseline,2,2,856,2,1,0,0.05794946911557554,1,0,134
L0_legacy_baseline,2,2,858,1,0,1,0.167326338146291,1,0,134
L0_legacy_baseline,2,2,865,1,0,1,0.9395050959441166,0,1,134
L0_legacy_baseline,2,2,868,1,0,1,0.9395217207549967,0,1,134
L0_legacy_baseline,2,3,1,1,0,1,0.7490863826960474,0,1,119
L0_legacy_baseline,2,3,4,1,0,1,0.5550396798906057,0,1,119
L0_legacy_baseline,2,3,25,2,1,0,0.17641430847911252,1,0,119
L0_legacy_baseline,2,3,34,2,1,0,0.46052852014380885,1,0,119
L0_legacy_baseline,2,3,62,2,1,0,0.18420817481984728,1,0,119
L0_legacy_baseline,2,3,108,1,0,1,0.16487192525538671,1,0,119
L0_legacy_baseline,2,3,117,2,1,0,0.16899379092464942,1,0,119
L0_legacy_baseline,2,3,125,2,1,0,0.20703167854041224,1,0,119
L0_legacy_baseline,2,3,141,1,0,1,0.6760655053137913,0,1,119
L0_legacy_baseline,2,3,152,2,1,0,0.5497116708968488,0,1,119
L0_legacy_baseline,2,3,162,2,1,0,0.3199271301635491,1,0,119
L0_legacy_baseline,2,3,163,1,0,1,0.7564034525775624,0,1,119
L0_legacy_baseline,2,3,177,1,0,1,0.5509950462011605,0,1,119
L0_legacy_baseline,2,3,178,1,0,1,0.7247316481687979,0,1,119
L0_legacy_baseline,2,3,200,2,1,0,0.16308167992593472,1,0,119
L0_legacy_baseline,2,3,209,2,1,0,0.16657932539600845,1,0,119
L0_legacy_baseline,2,3,218,2,1,0,0.18480009316855284,1,0,119
L0_legacy_baseline,2,3,229,2,1,0,0.15938846504381507,1,0,119
L0_legacy_baseline,2,3,243,2,1,0,0.18163743089531373,1,0,119
L0_legacy_baseline,2,3,244,2,1,0,0.28292933770422807,1,0,119
L0_legacy_baseline,2,3,265,1,0,1,0.18365825740519645,1,0,119
L0_legacy_baseline,2,3,274,2,1,0,0.19147434889726803,1,0,119
L0_legacy_baseline,2,3,283,2,1,0,0.1584278328863353,1,0,119
L0_legacy_baseline,2,3,302,2,1,0,0.16563943635508652,1,0,119
L0_legacy_baseline,2,3,311,1,0,1,0.6641257353188962,0,1,119
L0_legacy_baseline,2,3,313,1,0,1,0.7533468973207401,0,1,119
L0_legacy_baseline,2,3,321,1,0,1,0.7304750876094156,0,1,119
L0_legacy_baseline,2,3,322,1,0,1,0.7564949133518515,0,1,119
L0_legacy_baseline,2,3,341,1,0,1,0.7554703825336597,0,1,119
L0_legacy_baseline,2,3,342,1,0,1,0.6582055084234725,0,1,119
L0_legacy_baseline,2,3,355,2,1,0,0.15898093036099084,1,0,119
L0_legacy_baseline,2,3,368,2,1,0,0.6725248361781352,0,1,119
L0_legacy_baseline,2,3,370,1,0,1,0.6003537563025885,0,1,119
L0_legacy_baseline,2,3,375,1,0,1,0.5532950196876136,0,1,119
L0_legacy_baseline,2,3,378,1,0,1,0.7233704397745304,0,1,119
L0_legacy_baseline,2,3,379,1,0,1,0.7557198873984522,0,1,119
L0_legacy_baseline,2,3,390,1,0,1,0.7277822342004884,0,1,119
L0_legacy_baseline,2,3,395,1,0,1,0.2319911363941942,1,0,119
L0_legacy_baseline,2,3,399,2,1,0,0.21892826938559495,1,0,119
L0_legacy_baseline,2,3,402,2,1,0,0.24035679641669713,1,0,119
L0_legacy_baseline,2,3,421,1,0,1,0.7516826807370808,0,1,119
L0_legacy_baseline,2,3,429,1,0,1,0.6389611528337116,0,1,119
L0_legacy_baseline,2,3,431,2,1,0,0.165860360892524,1,0,119
L0_legacy_baseline,2,3,439,2,1,0,0.3355515702223168,1,0,119
L0_legacy_baseline,2,3,440,2,1,0,0.3709369489211743,1,0,119
L0_legacy_baseline,2,3,445,2,1,0,0.4391098208185646,1,0,119
L0_legacy_baseline,2,3,451,1,0,1,0.7191852066752507,0,1,119
L0_legacy_baseline,2,3,454,1,0,1,0.7562840314192253,0,1,119
L0_legacy_baseline,2,3,455,1,0,1,0.7363613642206451,0,1,119
L0_legacy_baseline,2,3,477,1,0,1,0.7534470376083165,0,1,119
L0_legacy_baseline,2,3,480,1,0,1,0.7557894842248121,0,1,119
L0_legacy_baseline,2,3,497,1,0,1,0.7044987922538183,0,1,119
L0_legacy_baseline,2,3,516,1,0,1,0.17412980548102264,1,0,119
L0_legacy_baseline,2,3,525,1,0,1,0.5908875891349298,0,1,119
L0_legacy_baseline,2,3,548,1,0,1,0.677242546016228,0,1,119
L0_legacy_baseline,2,3,552,1,0,1,0.7544713652687942,0,1,119
L0_legacy_baseline,2,3,587,2,1,0,0.6414374493626838,0,1,119
L0_legacy_baseline,2,3,597,2,1,0,0.15882972741534299,1,0,119
L0_legacy_baseline,2,3,614,2,1,0,0.15911461711648178,1,0,119
L0_legacy_baseline,2,3,621,2,1,0,0.170267723123436,1,0,119
L0_legacy_baseline,2,3,631,2,1,0,0.16479878830729294,1,0,119
L0_legacy_baseline,2,3,640,2,1,0,0.236339927295954,1,0,119
L0_legacy_baseline,2,3,644,2,1,0,0.15899160069717289,1,0,119
L0_legacy_baseline,2,3,650,2,1,0,0.17125959637919486,1,0,119
L0_legacy_baseline,2,3,655,2,1,0,0.5386208007850595,0,1,119
L0_legacy_baseline,2,3,657,2,1,0,0.16014633242890403,1,0,119
L0_legacy_baseline,2,3,663,2,1,0,0.31858196832631613,1,0,119
L0_legacy_baseline,2,3,669,2,1,0,0.18510120038743128,1,0,119
L0_legacy_baseline,2,3,671,2,1,0,0.15900382603003727,1,0,119
L0_legacy_baseline,2,3,691,2,1,0,0.4088539087908072,1,0,119
L0_legacy_baseline,2,3,693,2,1,0,0.19028360729496185,1,0,119
L0_legacy_baseline,2,3,703,1,0,1,0.7555039302886289,0,1,119
L0_legacy_baseline,2,3,711,1,0,1,0.6212479599785593,0,1,119
L0_legacy_baseline,2,3,724,1,0,1,0.7525933535056905,0,1,119
L0_legacy_baseline,2,3,725,1,0,1,0.7553822198315739,0,1,119
L0_legacy_baseline,2,3,754,2,1,0,0.5449431921875925,0,1,119
L0_legacy_baseline,2,3,757,2,1,0,0.16601669339524916,1,0,119
L0_legacy_baseline,2,3,762,2,1,0,0.1611112963571529,1,0,119
L0_legacy_baseline,2,3,772,1,0,1,0.5035237569090665,0,1,119
L0_legacy_baseline,2,3,783,2,1,0,0.25441172611427537,1,0,119
L0_legacy_baseline,2,3,787,1,0,1,0.6748120327449065,0,1,119
L0_legacy_baseline,2,3,813,1,0,1,0.6958795527258868,0,1,119
L0_legacy_baseline,2,3,818,2,1,0,0.7393599551907849,0,1,119
L0_legacy_baseline,2,3,821,2,1,0,0.15913051304455786,1,0,119
L0_legacy_baseline,2,3,829,1,0,1,0.756463463304729,0,1,119
L0_legacy_baseline,2,3,836,2,1,0,0.1628848823816664,1,0,119
L0_legacy_baseline,2,3,861,1,0,1,0.6803700789590887,0,1,119
L0_legacy_baseline,2,4,5,1,0,1,0.9464899611448939,0,1,168
L0_legacy_baseline,2,4,17,1,0,1,0.7683583971532271,0,1,168
L0_legacy_baseline,2,4,23,2,1,0,0.06096234250507567,1,0,168
L0_legacy_baseline,2,4,26,2,1,0,0.2067100754134909,1,0,168
L0_legacy_baseline,2,4,28,2,1,0,0.9429688002514092,0,1,168
L0_legacy_baseline,2,4,51,2,1,0,0.46503445681480315,1,0,168
L0_legacy_baseline,2,4,52,2,1,0,0.06154226519748097,1,0,168
L0_legacy_baseline,2,4,56,2,1,0,0.05863536898464634,1,0,168
L0_legacy_baseline,2,4,58,2,1,0,0.10749894983493845,1,0,168
L0_legacy_baseline,2,4,88,1,0,1,0.9396267473593727,0,1,168
L0_legacy_baseline,2,4,90,2,1,0,0.05498897291654215,1,0,168
L0_legacy_baseline,2,4,100,2,1,0,0.055511132442095316,1,0,168
L0_legacy_baseline,2,4,120,2,1,0,0.058617631350906536,1,0,168
L0_legacy_baseline,2,4,131,1,0,1,0.9464159578762755,0,1,168
L0_legacy_baseline,2,4,136,1,0,1,0.9462423731257966,0,1,168
L0_legacy_baseline,2,4,161,2,1,0,0.05764303685338132,1,0,168
L0_legacy_baseline,2,4,165,1,0,1,0.9473581270597781,0,1,168
L0_legacy_baseline,2,4,172,1,0,1,0.40004488547018696,1,0,168
L0_legacy_baseline,2,4,181,1,0,1,0.9471133991743752,0,1,168
L0_legacy_baseline,2,4,191,1,0,1,0.24687589587678824,1,0,168
L0_legacy_baseline,2,4,211,2,1,0,0.05501661657062132,1,0,168
L0_legacy_baseline,2,4,213,2,1,0,0.057774612736398966,1,0,168
L0_legacy_baseline,2,4,214,2,1,0,0.057424208467119875,1,0,168
L0_legacy_baseline,2,4,225,2,1,0,0.05861708630767783,1,0,168
L0_legacy_baseline,2,4,254,2,1,0,0.056983891400553065,1,0,168
L0_legacy_baseline,2,4,271,2,1,0,0.05615253260346791,1,0,168
L0_legacy_baseline,2,4,306,2,1,0,0.14071091118309786,1,0,168
L0_legacy_baseline,2,4,312,1,0,1,0.06029986425073314,1,0,168
L0_legacy_baseline,2,4,314,1,0,1,0.947194997515756,0,1,168
L0_legacy_baseline,2,4,315,1,0,1,0.9473835904648268,0,1,168
L0_legacy_baseline,2,4,316,1,0,1,0.9454836544390255,0,1,168
L0_legacy_baseline,2,4,334,1,0,1,0.946225615293298,0,1,168
L0_legacy_baseline,2,4,335,1,0,1,0.9233297756184489,0,1,168
L0_legacy_baseline,2,4,356,2,1,0,0.05589154326140839,1,0,168
L0_legacy_baseline,2,4,383,1,0,1,0.9472490109737063,0,1,168
L0_legacy_baseline,2,4,388,1,0,1,0.9459936340565328,0,1,168
L0_legacy_baseline,2,4,401,2,1,0,0.945673164325067,0,1,168
L0_legacy_baseline,2,4,416,1,0,1,0.9464092309138354,0,1,168
L0_legacy_baseline,2,4,424,1,0,1,0.9473987841323177,0,1,168
L0_legacy_baseline,2,4,442,2,1,0,0.24834248894765543,1,0,168
L0_legacy_baseline,2,4,448,1,0,1,0.9459977925047435,0,1,168
L0_legacy_baseline,2,4,452,1,0,1,0.8877936827052542,0,1,168
L0_legacy_baseline,2,4,453,1,0,1,0.9468687980012145,0,1,168
L0_legacy_baseline,2,4,457,1,0,1,0.6929677916258459,0,1,168
L0_legacy_baseline,2,4,458,2,1,0,0.9457111208874932,0,1,168
L0_legacy_baseline,2,4,464,2,1,0,0.055338342563107254,1,0,168
L0_legacy_baseline,2,4,473,1,0,1,0.9472055833039136,0,1,168
L0_legacy_baseline,2,4,476,1,0,1,0.946201811503361,0,1,168
L0_legacy_baseline,2,4,483,2,1,0,0.06132184959575554,1,0,168
L0_legacy_baseline,2,4,515,1,0,1,0.9473945030580296,0,1,168
L0_legacy_baseline,2,4,522,1,0,1,0.9473933277953481,0,1,168
L0_legacy_baseline,2,4,545,1,0,1,0.9465766823286205,0,1,168
L0_legacy_baseline,2,4,561,1,0,1,0.9474007111514601,0,1,168
L0_legacy_baseline,2,4,572,2,1,0,0.06133125114886475,1,0,168
L0_legacy_baseline,2,4,580,2,1,0,0.062415090831535014,1,0,168
L0_legacy_baseline,2,4,581,2,1,0,0.05980037340161693,1,0,168
L0_legacy_baseline,2,4,606,2,1,0,0.9465709168899358,0,1,168
L0_legacy_baseline,2,4,607,2,1,0,0.06221180700533344,1,0,168
L0_legacy_baseline,2,4,609,2,1,0,0.9468883574207914,0,1,168
L0_legacy_baseline,2,4,630,2,1,0,0.056521650835977696,1,0,168
L0_legacy_baseline,2,4,637,2,1,0,0.061534092979706106,1,0,168
L0_legacy_baseline,2,4,646,2,1,0,0.16590404320336824,1,0,168
L0_legacy_baseline,2,4,647,2,1,0,0.05526171394658613,1,0,168
L0_legacy_baseline,2,4,652,2,1,0,0.46140628921034715,1,0,168
L0_legacy_baseline,2,4,658,2,1,0,0.06095068690628144,1,0,168
L0_legacy_baseline,2,4,659,2,1,0,0.055299500786822164,1,0,168
L0_legacy_baseline,2,4,664,2,1,0,0.062005578041948936,1,0,168
L0_legacy_baseline,2,4,674,1,0,1,0.9455061404381364,0,1,168
L0_legacy_baseline,2,4,675,1,0,1,0.946425248073353,0,1,168
L0_legacy_baseline,2,4,681,1,0,1,0.9473538461692099,0,1,168
L0_legacy_baseline,2,4,682,1,0,1,0.947133182404096,0,1,168
L0_legacy_baseline,2,4,697,2,1,0,0.11879535478695266,1,0,168
L0_legacy_baseline,2,4,704,1,0,1,0.9468415460011718,0,1,168
L0_legacy_baseline,2,4,714,1,0,1,0.9459689903398852,0,1,168
L0_legacy_baseline,2,4,718,1,0,1,0.05635868068107845,1,0,168
L0_legacy_baseline,2,4,733,1,0,1,0.8969152532068636,0,1,168
L0_legacy_baseline,2,4,759,2,1,0,0.12684117390404,1,0,168
L0_legacy_baseline,2,4,766,1,0,1,0.9024789796719392,0,1,168
L0_legacy_baseline,2,4,775,2,1,0,0.05560909074907934,1,0,168
L0_legacy_baseline,2,4,776,2,1,0,0.05542589910807172,1,0,168
L0_legacy_baseline,2,4,799,2,1,0,0.058774366484376006,1,0,168
L0_legacy_baseline,2,4,804,2,1,0,0.06241522475993414,1,0,168
L0_legacy_baseline,2,4,811,2,1,0,0.05686352430821813,1,0,168
L0_legacy_baseline,2,4,830,1,0,1,0.9459594967070023,0,1,168
L0_legacy_baseline,2,4,835,2,1,0,0.05697843008287065,1,0,168
L0_legacy_baseline,2,4,855,2,1,0,0.16135620469643908,1,0,168
L0_legacy_baseline,2,4,862,1,0,1,0.9459034953741132,0,1,168
L0_legacy_baseline,2,5,3,1,0,1,0.9221218589885851,0,1,129
L0_legacy_baseline,2,5,8,1,0,1,0.9241762193493887,0,1,129
L0_legacy_baseline,2,5,12,1,0,1,0.9244276761547972,0,1,129
L0_legacy_baseline,2,5,14,1,0,1,0.08138583960109975,1,0,129
L0_legacy_baseline,2,5,19,1,0,1,0.07999511267784022,1,0,129
L0_legacy_baseline,2,5,21,2,1,0,0.2493201209456076,1,0,129
L0_legacy_baseline,2,5,29,2,1,0,0.07959160983547396,1,0,129
L0_legacy_baseline,2,5,31,2,1,0,0.08513470374974681,1,0,129
L0_legacy_baseline,2,5,63,2,1,0,0.21613524477313514,1,0,129
L0_legacy_baseline,2,5,80,1,0,1,0.9241902730666851,0,1,129
L0_legacy_baseline,2,5,82,1,0,1,0.8308317207454474,0,1,129
L0_legacy_baseline,2,5,103,1,0,1,0.9218358909512087,0,1,129
L0_legacy_baseline,2,5,113,2,1,0,0.07976436587263441,1,0,129
L0_legacy_baseline,2,5,119,2,1,0,0.4005474382745423,1,0,129
L0_legacy_baseline,2,5,126,2,1,0,0.1642593811928086,1,0,129
L0_legacy_baseline,2,5,135,1,0,1,0.8160819874925831,0,1,129
L0_legacy_baseline,2,5,142,1,0,1,0.9242450508639876,0,1,129
L0_legacy_baseline,2,5,156,2,1,0,0.09989669574403877,1,0,129
L0_legacy_baseline,2,5,157,2,1,0,0.0805443269054719,1,0,129
L0_legacy_baseline,2,5,170,1,0,1,0.8927634478027325,0,1,129
L0_legacy_baseline,2,5,173,1,0,1,0.8844083631492093,0,1,129
L0_legacy_baseline,2,5,175,1,0,1,0.9167367647981158,0,1,129
L0_legacy_baseline,2,5,186,1,0,1,0.2389245458069667,1,0,129
L0_legacy_baseline,2,5,195,1,0,1,0.9235034953671354,0,1,129
L0_legacy_baseline,2,5,197,2,1,0,0.07958737827353425,1,0,129
L0_legacy_baseline,2,5,198,2,1,0,0.08184576477474885,1,0,129
L0_legacy_baseline,2,5,199,2,1,0,0.10086120411407253,1,0,129
L0_legacy_baseline,2,5,206,2,1,0,0.16374660636572558,1,0,129
L0_legacy_baseline,2,5,222,2,1,0,0.20550058773198399,1,0,129
L0_legacy_baseline,2,5,236,2,1,0,0.08304904625904169,1,0,129
L0_legacy_baseline,2,5,240,2,1,0,0.08272591958133275,1,0,129
L0_legacy_baseline,2,5,264,1,0,1,0.9200688365527167,0,1,129
L0_legacy_baseline,2,5,267,1,0,1,0.9229908650900704,0,1,129
L0_legacy_baseline,2,5,272,2,1,0,0.07959170471612313,1,0,129
L0_legacy_baseline,2,5,275,2,1,0,0.13038718061098217,1,0,129
L0_legacy_baseline,2,5,279,2,1,0,0.19973102428406422,1,0,129
L0_legacy_baseline,2,5,292,2,1,0,0.0884505355273288,1,0,129
L0_legacy_baseline,2,5,297,2,1,0,0.5608319493367776,0,1,129
L0_legacy_baseline,2,5,298,2,1,0,0.15956450761410187,1,0,129
L0_legacy_baseline,2,5,305,2,1,0,0.08404038395959885,1,0,129
L0_legacy_baseline,2,5,309,1,0,1,0.9237769654921021,0,1,129
L0_legacy_baseline,2,5,319,1,0,1,0.9210067762623219,0,1,129
L0_legacy_baseline,2,5,320,1,0,1,0.8912036866518047,0,1,129
L0_legacy_baseline,2,5,325,1,0,1,0.9238593754323717,0,1,129
L0_legacy_baseline,2,5,331,1,0,1,0.9243889621992061,0,1,129
L0_legacy_baseline,2,5,332,1,0,1,0.9221421335943432,0,1,129
L0_legacy_baseline,2,5,338,1,0,1,0.9230374773382762,0,1,129
L0_legacy_baseline,2,5,346,1,0,1,0.9229498389067102,0,1,129
L0_legacy_baseline,2,5,367,2,1,0,0.07979946052182421,1,0,129
L0_legacy_baseline,2,5,381,1,0,1,0.9246664216354955,0,1,129
L0_legacy_baseline,2,5,384,1,0,1,0.9216330331427043,0,1,129
L0_legacy_baseline,2,5,398,2,1,0,0.32452694367294566,1,0,129
L0_legacy_baseline,2,5,400,2,1,0,0.4058602976548066,1,0,129
L0_legacy_baseline,2,5,433,2,1,0,0.0800535907059042,1,0,129
L0_legacy_baseline,2,5,436,2,1,0,0.0797948374169672,1,0,129
L0_legacy_baseline,2,5,487,2,1,0,0.08097425997764565,1,0,129
L0_legacy_baseline,2,5,492,1,0,1,0.5732070732996382,0,1,129
L0_legacy_baseline,2,5,503,1,0,1,0.9213930113956265,0,1,129
L0_legacy_baseline,2,5,520,1,0,1,0.7076453693675089,0,1,129
L0_legacy_baseline,2,5,530,1,0,1,0.9230521051843904,0,1,129
L0_legacy_baseline,2,5,546,1,0,1,0.08084191138010431,1,0,129
L0_legacy_baseline,2,5,559,1,0,1,0.9243293757671717,0,1,129
L0_legacy_baseline,2,5,560,1,0,1,0.924361358575618,0,1,129
L0_legacy_baseline,2,5,589,2,1,0,0.09228589201356809,1,0,129
L0_legacy_baseline,2,5,594,2,1,0,0.09407475180725257,1,0,129
L0_legacy_baseline,2,5,602,2,1,0,0.0894928423988612,1,0,129
L0_legacy_baseline,2,5,613,2,1,0,0.07977965725282526,1,0,129
L0_legacy_baseline,2,5,625,2,1,0,0.07970015127233374,1,0,129
L0_legacy_baseline,2,5,629,2,1,0,0.08068923050116104,1,0,129
L0_legacy_baseline,2,5,635,2,1,0,0.07961058821630873,1,0,129
L0_legacy_baseline,2,5,678,1,0,1,0.8548328385700872,0,1,129
L0_legacy_baseline,2,5,690,2,1,0,0.3896268012116617,1,0,129
L0_legacy_baseline,2,5,727,1,0,1,0.919345652964062,0,1,129
L0_legacy_baseline,2,5,743,2,1,0,0.678082938677935,0,1,129
L0_legacy_baseline,2,5,774,2,1,0,0.08378440388575986,1,0,129
L0_legacy_baseline,2,5,780,2,1,0,0.9243565721029926,0,1,129
L0_legacy_baseline,2,5,786,1,0,1,0.9230403244890265,0,1,129
L0_legacy_baseline,2,5,810,2,1,0,0.08404711659034696,1,0,129
L0_legacy_baseline,2,5,814,1,0,1,0.5305435368581061,0,1,129
L0_legacy_baseline,2,5,815,1,0,1,0.9230088412669293,0,1,129
L0_legacy_baseline,2,5,820,2,1,0,0.08192012565008812,1,0,129
L0_legacy_baseline,2,5,834,2,1,0,0.08404737708987416,1,0,129
L0_legacy_baseline,2,5,841,2,1,0,0.08394086009517857,1,0,129
L0_legacy_baseline,2,5,844,2,1,0,0.08218925859504093,1,0,129
L0_legacy_baseline,2,5,845,2,1,0,0.0825513547303012,1,0,129
L0_legacy_baseline,2,5,846,2,1,0,0.48137426429589053,1,0,129
L0_legacy_baseline,2,5,870,1,0,1,0.3919390153086956,1,0,129
L0_legacy_baseline,2,6,13,1,0,1,0.8663007909736472,0,1,92
L0_legacy_baseline,2,6,15,1,0,1,0.7822660391804366,0,1,92
L0_legacy_baseline,2,6,22,2,1,0,0.13655641393681603,1,0,92
L0_legacy_baseline,2,6,59,2,1,0,0.14463733599197603,1,0,92
L0_legacy_baseline,2,6,60,2,1,0,0.13772333555924263,1,0,92
L0_legacy_baseline,2,6,65,1,0,1,0.13682682789695327,1,0,92
L0_legacy_baseline,2,6,71,1,0,1,0.8660425871615326,0,1,92
L0_legacy_baseline,2,6,77,1,0,1,0.8665865375928138,0,1,92
L0_legacy_baseline,2,6,89,1,0,1,0.8628488664046702,0,1,92
L0_legacy_baseline,2,6,93,2,1,0,0.14174867158041526,1,0,92
L0_legacy_baseline,2,6,94,2,1,0,0.3053472812961002,1,0,92
L0_legacy_baseline,2,6,96,2,1,0,0.46824458344249914,1,0,92
L0_legacy_baseline,2,6,128,2,1,0,0.13731156750823334,1,0,92
L0_legacy_baseline,2,6,143,1,0,1,0.19914428589553057,1,0,92
L0_legacy_baseline,2,6,166,1,0,1,0.8630434472753876,0,1,92
L0_legacy_baseline,2,6,167,1,0,1,0.866694162431579,0,1,92
L0_legacy_baseline,2,6,168,1,0,1,0.8667269406854263,0,1,92
L0_legacy_baseline,2,6,171,1,0,1,0.5276981169624615,0,1,92
L0_legacy_baseline,2,6,174,1,0,1,0.7090682708290518,0,1,92
L0_legacy_baseline,2,6,190,1,0,1,0.8642067676235557,0,1,92
L0_legacy_baseline,2,6,219,2,1,0,0.13881311046695932,1,0,92
L0_legacy_baseline,2,6,220,2,1,0,0.14434859502627365,1,0,92
L0_legacy_baseline,2,6,227,2,1,0,0.19956118984501325,1,0,92
L0_legacy_baseline,2,6,235,2,1,0,0.1365316398612638,1,0,92
L0_legacy_baseline,2,6,276,2,1,0,0.13873869835912284,1,0,92
L0_legacy_baseline,2,6,287,2,1,0,0.8662807566115566,0,1,92
L0_legacy_baseline,2,6,290,2,1,0,0.42358552028170593,1,0,92
L0_legacy_baseline,2,6,310,1,0,1,0.8648606732689268,0,1,92
L0_legacy_baseline,2,6,327,1,0,1,0.8659000885273397,0,1,92
L0_legacy_baseline,2,6,333,1,0,1,0.8294531368118293,0,1,92
L0_legacy_baseline,2,6,337,1,0,1,0.8542709080588115,0,1,92
L0_legacy_baseline,2,6,350,2,1,0,0.17498842752451016,1,0,92
L0_legacy_baseline,2,6,362,2,1,0,0.13680308109971953,1,0,92
L0_legacy_baseline,2,6,382,1,0,1,0.3083483539019202,1,0,92
L0_legacy_baseline,2,6,393,1,0,1,0.8591389660463897,0,1,92
L0_legacy_baseline,2,6,406,2,1,0,0.6941373944290805,0,1,92
L0_legacy_baseline,2,6,408,1,0,1,0.8667262174324083,0,1,92
L0_legacy_baseline,2,6,409,1,0,1,0.1375205597274082,1,0,92
L0_legacy_baseline,2,6,418,2,1,0,0.8669101110259259,0,1,92
L0_legacy_baseline,2,6,423,1,0,1,0.7796051951128591,0,1,92
L0_legacy_baseline,2,6,426,2,1,0,0.13806676582919822,1,0,92
L0_legacy_baseline,2,6,435,2,1,0,0.2678638106035051,1,0,92
L0_legacy_baseline,2,6,449,1,0,1,0.86474968097169,0,1,92
L0_legacy_baseline,2,6,456,1,0,1,0.8662934587564468,0,1,92
L0_legacy_baseline,2,6,467,2,1,0,0.21141481161091955,1,0,92
L0_legacy_baseline,2,6,486,2,1,0,0.14329897475178274,1,0,92
L0_legacy_baseline,2,6,488,2,1,0,0.1363591761499459,1,0,92
L0_legacy_baseline,2,6,489,1,0,1,0.867055540780903,0,1,92
L0_legacy_baseline,2,6,499,1,0,1,0.534664613062741,0,1,92
L0_legacy_baseline,2,6,500,1,0,1,0.2502757032333378,1,0,92
L0_legacy_baseline,2,6,502,1,0,1,0.8628325247404149,0,1,92
L0_legacy_baseline,2,6,531,1,0,1,0.8615821810798083,0,1,92
L0_legacy_baseline,2,6,542,1,0,1,0.8575985579268267,0,1,92
L0_legacy_baseline,2,6,562,1,0,1,0.8615621017825468,0,1,92
L0_legacy_baseline,2,6,577,2,1,0,0.13668651086817887,1,0,92
L0_legacy_baseline,2,6,610,2,1,0,0.8664220268207877,0,1,92
L0_legacy_baseline,2,6,615,2,1,0,0.13879034254464806,1,0,92
L0_legacy_baseline,2,6,639,2,1,0,0.14360335019559275,1,0,92
L0_legacy_baseline,2,6,648,2,1,0,0.1377507561832419,1,0,92
L0_legacy_baseline,2,6,656,2,1,0,0.13771451942859986,1,0,92
L0_legacy_baseline,2,6,679,1,0,1,0.8224611747347209,0,1,92
L0_legacy_baseline,2,6,685,1,0,1,0.8219259251655785,0,1,92
L0_legacy_baseline,2,6,688,2,1,0,0.14025066437729222,1,0,92
L0_legacy_baseline,2,6,700,1,0,1,0.8576318739857562,0,1,92
L0_legacy_baseline,2,6,731,1,0,1,0.8484582234486033,0,1,92
L0_legacy_baseline,2,6,744,2,1,0,0.13827644593408803,1,0,92
L0_legacy_baseline,2,6,746,2,1,0,0.4250167992893111,1,0,92
L0_legacy_baseline,2,6,747,2,1,0,0.13653181889561886,1,0,92
L0_legacy_baseline,2,6,751,2,1,0,0.13639965780623284,1,0,92
L0_legacy_baseline,2,6,753,2,1,0,0.14001348620303392,1,0,92
L0_legacy_baseline,2,6,755,2,1,0,0.7213607861324637,0,1,92
L0_legacy_baseline,2,6,760,2,1,0,0.1363584771746753,1,0,92
L0_legacy_baseline,2,6,763,1,0,1,0.8632749002953523,0,1,92
L0_legacy_baseline,2,6,768,1,0,1,0.8657719333393619,0,1,92
L0_legacy_baseline,2,6,773,1,0,1,0.8643668778252331,0,1,92
L0_legacy_baseline,2,6,779,2,1,0,0.14561935155618042,1,0,92
L0_legacy_baseline,2,6,781,2,1,0,0.13733024559572224,1,0,92
L0_legacy_baseline,2,6,801,2,1,0,0.13634232046592593,1,0,92
L0_legacy_baseline,2,6,809,2,1,0,0.13792856431979458,1,0,92
L0_legacy_baseline,2,6,824,2,1,0,0.14361218379560678,1,0,92
L0_legacy_baseline,2,6,831,1,0,1,0.8662745734193997,0,1,92
L0_legacy_baseline,2,6,840,2,1,0,0.1364033001186744,1,0,92
L0_legacy_baseline,2,6,843,2,1,0,0.14453588450526847,1,0,92
L0_legacy_baseline,2,6,848,2,1,0,0.13924943247040078,1,0,92
L0_legacy_baseline,2,6,849,2,1,0,0.1364422334078941,1,0,92
L0_legacy_baseline,2,6,854,2,1,0,0.1647734475008472,1,0,92
L0_legacy_baseline,2,6,859,1,0,1,0.8662495312970735,0,1,92
L0_legacy_baseline,2,7,38,2,1,0,0.6907974247434062,0,1,84
L0_legacy_baseline,2,7,44,1,0,1,0.7747041323798557,0,1,84
L0_legacy_baseline,2,7,46,1,0,1,0.8381254215068444,0,1,84
L0_legacy_baseline,2,7,47,1,0,1,0.19041371936993912,1,0,84
L0_legacy_baseline,2,7,57,2,1,0,0.19072706537797898,1,0,84
L0_legacy_baseline,2,7,68,1,0,1,0.838243938405221,0,1,84
L0_legacy_baseline,2,7,69,1,0,1,0.8241911084020025,0,1,84
L0_legacy_baseline,2,7,85,1,0,1,0.6716608453737479,0,1,84
L0_legacy_baseline,2,7,91,2,1,0,0.18475533385782775,1,0,84
L0_legacy_baseline,2,7,97,2,1,0,0.31429941667452077,1,0,84
L0_legacy_baseline,2,7,111,2,1,0,0.1985418743663136,1,0,84
L0_legacy_baseline,2,7,116,2,1,0,0.19553729669716477,1,0,84
L0_legacy_baseline,2,7,137,1,0,1,0.8305713654902404,0,1,84
L0_legacy_baseline,2,7,139,1,0,1,0.8360739136014683,0,1,84
L0_legacy_baseline,2,7,145,1,0,1,0.6078160681788626,0,1,84
L0_legacy_baseline,2,7,147,1,0,1,0.7997284901550068,0,1,84
L0_legacy_baseline,2,7,148,1,0,1,0.8343729592777215,0,1,84
L0_legacy_baseline,2,7,154,2,1,0,0.21331912769632771,1,0,84
L0_legacy_baseline,2,7,159,2,1,0,0.251329216914142,1,0,84
L0_legacy_baseline,2,7,185,1,0,1,0.7869916727663601,0,1,84
L0_legacy_baseline,2,7,189,1,0,1,0.8370748154240453,0,1,84
L0_legacy_baseline,2,7,201,2,1,0,0.18942159378490442,1,0,84
L0_legacy_baseline,2,7,207,2,1,0,0.1883196163566462,1,0,84
L0_legacy_baseline,2,7,208,2,1,0,0.187308612662633,1,0,84
L0_legacy_baseline,2,7,230,2,1,0,0.186386139189566,1,0,84
L0_legacy_baseline,2,7,238,2,1,0,0.20938966437014359,1,0,84
L0_legacy_baseline,2,7,241,2,1,0,0.3782901817218521,1,0,84
L0_legacy_baseline,2,7,249,2,1,0,0.18744502506648658,1,0,84
L0_legacy_baseline,2,7,269,1,0,1,0.8304268208085795,0,1,84
L0_legacy_baseline,2,7,278,2,1,0,0.22419469065681952,1,0,84
L0_legacy_baseline,2,7,308,1,0,1,0.8380786138845085,0,1,84
L0_legacy_baseline,2,7,318,1,0,1,0.837504958385578,0,1,84
L0_legacy_baseline,2,7,330,1,0,1,0.6930447867436123,0,1,84
L0_legacy_baseline,2,7,351,2,1,0,0.20463646920142556,1,0,84
L0_legacy_baseline,2,7,353,2,1,0,0.2270501237348432,1,0,84
L0_legacy_baseline,2,7,364,2,1,0,0.49307563325850606,1,0,84
L0_legacy_baseline,2,7,371,1,0,1,0.8351631102053806,0,1,84
L0_legacy_baseline,2,7,376,1,0,1,0.7197448357611196,0,1,84
L0_legacy_baseline,2,7,389,1,0,1,0.7258446182423351,0,1,84
L0_legacy_baseline,2,7,410,2,1,0,0.1926932374284482,1,0,84
L0_legacy_baseline,2,7,428,2,1,0,0.2442135297140839,1,0,84
L0_legacy_baseline,2,7,438,2,1,0,0.23201843397714408,1,0,84
L0_legacy_baseline,2,7,441,2,1,0,0.1847391024759702,1,0,84
L0_legacy_baseline,2,7,444,2,1,0,0.40242269081435184,1,0,84
L0_legacy_baseline,2,7,447,1,0,1,0.8338384191289291,0,1,84
L0_legacy_baseline,2,7,463,2,1,0,0.34554057750868156,1,0,84
L0_legacy_baseline,2,7,465,2,1,0,0.4001330245733481,1,0,84
L0_legacy_baseline,2,7,469,2,1,0,0.3627913295552451,1,0,84
L0_legacy_baseline,2,7,478,1,0,1,0.7553114899853233,0,1,84
L0_legacy_baseline,2,7,479,1,0,1,0.8358090884337677,0,1,84
L0_legacy_baseline,2,7,493,1,0,1,0.18501507561467803,1,0,84
L0_legacy_baseline,2,7,510,1,0,1,0.8369598935280044,0,1,84
L0_legacy_baseline,2,7,521,1,0,1,0.8343879786290619,0,1,84
L0_legacy_baseline,2,7,534,1,0,1,0.8376130029515775,0,1,84
L0_legacy_baseline,2,7,544,1,0,1,0.7939327837687888,0,1,84
L0_legacy_baseline,2,7,553,1,0,1,0.8253395067330843,0,1,84
L0_legacy_baseline,2,7,558,1,0,1,0.8376974064737333,0,1,84
L0_legacy_baseline,2,7,568,2,1,0,0.18639844889945628,1,0,84
L0_legacy_baseline,2,7,582,2,1,0,0.18481150500278037,1,0,84
L0_legacy_baseline,2,7,586,2,1,0,0.19302430136627333,1,0,84
L0_legacy_baseline,2,7,595,2,1,0,0.8232958998109992,0,1,84
L0_legacy_baseline,2,7,598,2,1,0,0.5928189791043235,0,1,84
L0_legacy_baseline,2,7,600,2,1,0,0.6996881913443269,0,1,84
L0_legacy_baseline,2,7,611,2,1,0,0.7748633634676261,0,1,84
L0_legacy_baseline,2,7,616,2,1,0,0.18916556505824336,1,0,84
L0_legacy_baseline,2,7,623,2,1,0,0.20055898310791687,1,0,84
L0_legacy_baseline,2,7,627,2,1,0,0.28239599732474324,1,0,84
L0_legacy_baseline,2,7,634,2,1,0,0.31785029150821403,1,0,84
L0_legacy_baseline,2,7,651,2,1,0,0.18528476833325436,1,0,84
L0_legacy_baseline,2,7,665,2,1,0,0.23497144056655805,1,0,84
L0_legacy_baseline,2,7,668,2,1,0,0.2377273228882816,1,0,84
L0_legacy_baseline,2,7,670,2,1,0,0.18655436814770146,1,0,84
L0_legacy_baseline,2,7,676,1,0,1,0.743635710331487,0,1,84
L0_legacy_baseline,2,7,694,2,1,0,0.2874677107932639,1,0,84
L0_legacy_baseline,2,7,713,1,0,1,0.7372368425120063,0,1,84
L0_legacy_baseline,2,7,719,1,0,1,0.575256748375039,0,1,84
L0_legacy_baseline,2,7,726,1,0,1,0.5522606794271125,0,1,84
L0_legacy_baseline,2,7,729,1,0,1,0.6145682251170238,0,1,84
L0_legacy_baseline,2,7,730,1,0,1,0.8382329590568532,0,1,84
L0_legacy_baseline,2,7,732,1,0,1,0.8272463405220417,0,1,84
L0_legacy_baseline,2,7,745,2,1,0,0.28510541692688235,1,0,84
L0_legacy_baseline,2,7,790,1,0,1,0.8375070549939951,0,1,84
L0_legacy_baseline,2,7,798,2,1,0,0.1942100592335378,1,0,84
L0_legacy_baseline,2,7,807,2,1,0,0.19493334041785,1,0,84
L0_legacy_baseline,2,7,812,1,0,1,0.1852726867740808,1,0,84
L0_legacy_baseline,2,7,833,2,1,0,0.2772746708362352,1,0,84
L0_legacy_baseline,2,7,863,1,0,1,0.2816559853306796,1,0,84
L0_legacy_baseline,2,8,49,2,1,0,0.11023300249760169,1,0,137
L0_legacy_baseline,2,8,61,2,1,0,0.11630729020154203,1,0,137
L0_legacy_baseline,2,8,64,1,0,1,0.8854244781665763,0,1,137
L0_legacy_baseline,2,8,70,1,0,1,0.22158969057610145,1,0,137
L0_legacy_baseline,2,8,102,2,1,0,0.19476001656971603,1,0,137
L0_legacy_baseline,2,8,105,1,0,1,0.8804401088548695,0,1,137
L0_legacy_baseline,2,8,107,1,0,1,0.11583338516948437,1,0,137
L0_legacy_baseline,2,8,112,2,1,0,0.11128061902535748,1,0,137
L0_legacy_baseline,2,8,114,2,1,0,0.11036993574706484,1,0,137
L0_legacy_baseline,2,8,118,2,1,0,0.11137102156248506,1,0,137
L0_legacy_baseline,2,8,124,2,1,0,0.10808492498414654,1,0,137
L0_legacy_baseline,2,8,133,1,0,1,0.8850501487562553,0,1,137
L0_legacy_baseline,2,8,134,1,0,1,0.8846530070451548,0,1,137
L0_legacy_baseline,2,8,146,1,0,1,0.8851394312864433,0,1,137
L0_legacy_baseline,2,8,151,2,1,0,0.10759076914952505,1,0,137
L0_legacy_baseline,2,8,160,2,1,0,0.23377206533599604,1,0,137
L0_legacy_baseline,2,8,179,1,0,1,0.8844024854633759,0,1,137
L0_legacy_baseline,2,8,183,1,0,1,0.8807721624267845,0,1,137
L0_legacy_baseline,2,8,184,1,0,1,0.8851336410686358,0,1,137
L0_legacy_baseline,2,8,196,1,0,1,0.11378739491495567,1,0,137
L0_legacy_baseline,2,8,203,2,1,0,0.881735727601737,0,1,137
L0_legacy_baseline,2,8,210,2,1,0,0.10772452290730997,1,0,137
L0_legacy_baseline,2,8,215,2,1,0,0.11384003740472601,1,0,137
L0_legacy_baseline,2,8,216,2,1,0,0.11055191703137553,1,0,137
L0_legacy_baseline,2,8,223,2,1,0,0.10822473731363594,1,0,137
L0_legacy_baseline,2,8,224,2,1,0,0.1672286669731643,1,0,137
L0_legacy_baseline,2,8,237,2,1,0,0.11132835919222114,1,0,137
L0_legacy_baseline,2,8,255,2,1,0,0.10760120987287192,1,0,137
L0_legacy_baseline,2,8,256,2,1,0,0.10961941185650666,1,0,137
L0_legacy_baseline,2,8,260,1,0,1,0.2649231180502845,1,0,137
L0_legacy_baseline,2,8,266,1,0,1,0.8817476840692507,0,1,137
L0_legacy_baseline,2,8,296,2,1,0,0.10772264802610468,1,0,137
L0_legacy_baseline,2,8,299,2,1,0,0.1090016218953499,1,0,137
L0_legacy_baseline,2,8,328,1,0,1,0.8854309233871633,0,1,137
L0_legacy_baseline,2,8,339,1,0,1,0.8812769188567554,0,1,137
L0_legacy_baseline,2,8,343,1,0,1,0.881255264373303,0,1,137
L0_legacy_baseline,2,8,347,1,0,1,0.8800324991701832,0,1,137
L0_legacy_baseline,2,8,349,1,0,1,0.8820067193477363,0,1,137
L0_legacy_baseline,2,8,365,2,1,0,0.1382258498138216,1,0,137
L0_legacy_baseline,2,8,377,1,0,1,0.8834555156351229,0,1,137
L0_legacy_baseline,2,8,386,1,0,1,0.8851155188549618,0,1,137
L0_legacy_baseline,2,8,387,1,0,1,0.11022871868072201,1,0,137
L0_legacy_baseline,2,8,413,1,0,1,0.8804055525593586,0,1,137
L0_legacy_baseline,2,8,414,1,0,1,0.8784558862681243,0,1,137
L0_legacy_baseline,2,8,470,2,1,0,0.10836137184675822,1,0,137
L0_legacy_baseline,2,8,485,2,1,0,0.10791624105576789,1,0,137
L0_legacy_baseline,2,8,496,1,0,1,0.8835741556098549,0,1,137
L0_legacy_baseline,2,8,504,1,0,1,0.7528572548701291,0,1,137
L0_legacy_baseline,2,8,517,1,0,1,0.881882934830795,0,1,137
L0_legacy_baseline,2,8,536,1,0,1,0.8850424929957693,0,1,137
L0_legacy_baseline,2,8,540,1,0,1,0.879634502489309,0,1,137
L0_legacy_baseline,2,8,551,1,0,1,0.7185941453434862,0,1,137
L0_legacy_baseline,2,8,569,2,1,0,0.11700313583423919,1,0,137
L0_legacy_baseline,2,8,570,2,1,0,0.11283079966001908,1,0,137
L0_legacy_baseline,2,8,574,2,1,0,0.1523711995825244,1,0,137
L0_legacy_baseline,2,8,576,2,1,0,0.11698748738107173,1,0,137
L0_legacy_baseline,2,8,584,2,1,0,0.11583705826625733,1,0,137
L0_legacy_baseline,2,8,588,2,1,0,0.11428017252801952,1,0,137
L0_legacy_baseline,2,8,593,2,1,0,0.11703494127874992,1,0,137
L0_legacy_baseline,2,8,601,2,1,0,0.11868537079998578,1,0,137
L0_legacy_baseline,2,8,633,2,1,0,0.11248975465072449,1,0,137
L0_legacy_baseline,2,8,642,2,1,0,0.11173805534017067,1,0,137
L0_legacy_baseline,2,8,645,2,1,0,0.11500907005607414,1,0,137
L0_legacy_baseline,2,8,660,2,1,0,0.4269894311538135,1,0,137
L0_legacy_baseline,2,8,673,2,1,0,0.8848648333324061,0,1,137
L0_legacy_baseline,2,8,683,1,0,1,0.8851002062693039,0,1,137
L0_legacy_baseline,2,8,698,2,1,0,0.3550308491280958,1,0,137
L0_legacy_baseline,2,8,701,1,0,1,0.8839166835350486,0,1,137
L0_legacy_baseline,2,8,715,1,0,1,0.8839247905596832,0,1,137
L0_legacy_baseline,2,8,717,1,0,1,0.8803459546641069,0,1,137
L0_legacy_baseline,2,8,722,1,0,1,0.10967668926732815,1,0,137
L0_legacy_baseline,2,8,734,1,0,1,0.8852505870695683,0,1,137
L0_legacy_baseline,2,8,738,2,1,0,0.8794871201509616,0,1,137
L0_legacy_baseline,2,8,748,2,1,0,0.10835896918451496,1,0,137
L0_legacy_baseline,2,8,778,2,1,0,0.8853217765755869,0,1,137
L0_legacy_baseline,2,8,785,1,0,1,0.8849069290855874,0,1,137
L0_legacy_baseline,2,8,803,2,1,0,0.10770361854432255,1,0,137
L0_legacy_baseline,2,8,817,2,1,0,0.11456096531864025,1,0,137
L0_legacy_baseline,2,8,826,2,1,0,0.1167473331493757,1,0,137
L0_legacy_baseline,2,8,828,1,0,1,0.8774890013734146,0,1,137
L0_legacy_baseline,2,8,832,1,0,1,0.8814473105361684,0,1,137
L0_legacy_baseline,2,8,839,2,1,0,0.10804849311722645,1,0,137
L0_legacy_baseline,2,8,847,2,1,0,0.10891657034386908,1,0,137
L0_legacy_baseline,2,8,851,2,1,0,0.22695384160528945,1,0,137
L0_legacy_baseline,2,8,852,2,1,0,0.10875683022806276,1,0,137
L0_legacy_baseline,2,8,857,1,0,1,0.8824858696117689,0,1,137
L0_legacy_baseline,2,8,866,1,0,1,0.8804203378698242,0,1,137
L0_legacy_baseline,2,9,9,1,0,1,0.7420033178270958,0,1,87
L0_legacy_baseline,2,9,20,1,0,1,0.7602716753409133,0,1,87
L0_legacy_baseline,2,9,27,2,1,0,0.13683581556907334,1,0,87
L0_legacy_baseline,2,9,32,2,1,0,0.1368555056907354,1,0,87
L0_legacy_baseline,2,9,37,2,1,0,0.16076804863486435,1,0,87
L0_legacy_baseline,2,9,40,2,1,0,0.14844828578544766,1,0,87
L0_legacy_baseline,2,9,42,2,1,0,0.4631837453537435,1,0,87
L0_legacy_baseline,2,9,50,2,1,0,0.14417395662654037,1,0,87
L0_legacy_baseline,2,9,66,1,0,1,0.7831155021365444,0,1,87
L0_legacy_baseline,2,9,75,1,0,1,0.7706590946855569,0,1,87
L0_legacy_baseline,2,9,83,1,0,1,0.724966334286325,0,1,87
L0_legacy_baseline,2,9,84,1,0,1,0.7595364209666877,0,1,87
L0_legacy_baseline,2,9,87,1,0,1,0.7889393215637317,0,1,87
L0_legacy_baseline,2,9,104,1,0,1,0.7953559443709551,0,1,87
L0_legacy_baseline,2,9,121,2,1,0,0.139536972324329,1,0,87
L0_legacy_baseline,2,9,122,2,1,0,0.13686178689720183,1,0,87
L0_legacy_baseline,2,9,123,2,1,0,0.18663698213158866,1,0,87
L0_legacy_baseline,2,9,130,1,0,1,0.7962304541102112,0,1,87
L0_legacy_baseline,2,9,132,1,0,1,0.5459618748620833,0,1,87
L0_legacy_baseline,2,9,221,2,1,0,0.18277021064336565,1,0,87
L0_legacy_baseline,2,9,226,2,1,0,0.13817242261908705,1,0,87
L0_legacy_baseline,2,9,232,2,1,0,0.36440642458415184,1,0,87
L0_legacy_baseline,2,9,250,2,1,0,0.15283445021383332,1,0,87
L0_legacy_baseline,2,9,258,1,0,1,0.5627323117599747,0,1,87
L0_legacy_baseline,2,9,261,1,0,1,0.7830835638307271,0,1,87
L0_legacy_baseline,2,9,262,1,0,1,0.7916847781487739,0,1,87
L0_legacy_baseline,2,9,282,2,1,0,0.1368897866379543,1,0,87
L0_legacy_baseline,2,9,284,2,1,0,0.15255813153700915,1,0,87
L0_legacy_baseline,2,9,289,2,1,0,0.19813227241111614,1,0,87
L0_legacy_baseline,2,9,291,2,1,0,0.1372532087210967,1,0,87
L0_legacy_baseline,2,9,301,2,1,0,0.1384563520760054,1,0,87
L0_legacy_baseline,2,9,323,1,0,1,0.7917299856296601,0,1,87
L0_legacy_baseline,2,9,344,1,0,1,0.7807097915512727,0,1,87
L0_legacy_baseline,2,9,358,2,1,0,0.46511030003125486,1,0,87
L0_legacy_baseline,2,9,361,2,1,0,0.2754294005527348,1,0,87
L0_legacy_baseline,2,9,363,2,1,0,0.1589265663592876,1,0,87
L0_legacy_baseline,2,9,380,1,0,1,0.7865931816335576,0,1,87
L0_legacy_baseline,2,9,391,1,0,1,0.7291450950491527,0,1,87
L0_legacy_baseline,2,9,397,2,1,0,0.17831171292860903,1,0,87
L0_legacy_baseline,2,9,407,2,1,0,0.14622219569170722,1,0,87
L0_legacy_baseline,2,9,415,1,0,1,0.7831174042396982,0,1,87
L0_legacy_baseline,2,9,419,1,0,1,0.794420516587984,0,1,87
L0_legacy_baseline,2,9,420,2,1,0,0.15419875133071673,1,0,87
L0_legacy_baseline,2,9,427,1,0,1,0.7699868557417209,0,1,87
L0_legacy_baseline,2,9,446,1,0,1,0.7511501301401952,0,1,87
L0_legacy_baseline,2,9,461,2,1,0,0.14272558693840987,1,0,87
L0_legacy_baseline,2,9,472,1,0,1,0.7950578108068735,0,1,87
L0_legacy_baseline,2,9,481,2,1,0,0.13745275559456335,1,0,87
L0_legacy_baseline,2,9,491,1,0,1,0.7650668176207217,0,1,87
L0_legacy_baseline,2,9,498,1,0,1,0.1615855351909782,1,0,87
L0_legacy_baseline,2,9,511,1,0,1,0.7578981027306014,0,1,87
L0_legacy_baseline,2,9,524,1,0,1,0.7950838041741801,0,1,87
L0_legacy_baseline,2,9,539,1,0,1,0.3119374735466165,1,0,87
L0_legacy_baseline,2,9,541,1,0,1,0.313565912685722,1,0,87
L0_legacy_baseline,2,9,543,1,0,1,0.682865727640048,0,1,87
L0_legacy_baseline,2,9,563,1,0,1,0.7210083873122833,0,1,87
L0_legacy_baseline,2,9,564,1,0,1,0.5392267890682214,0,1,87
L0_legacy_baseline,2,9,592,2,1,0,0.1381610083851893,1,0,87
L0_legacy_baseline,2,9,604,2,1,0,0.15173526239486232,1,0,87
L0_legacy_baseline,2,9,605,2,1,0,0.7625436136535751,0,1,87
L0_legacy_baseline,2,9,608,2,1,0,0.1638716218507286,1,0,87
L0_legacy_baseline,2,9,620,2,1,0,0.5295894486692857,0,1,87
L0_legacy_baseline,2,9,624,2,1,0,0.1376083925727658,1,0,87
L0_legacy_baseline,2,9,632,2,1,0,0.28467807639838255,1,0,87
L0_legacy_baseline,2,9,643,2,1,0,0.15580223283109512,1,0,87
L0_legacy_baseline,2,9,654,2,1,0,0.22204749524833164,1,0,87
L0_legacy_baseline,2,9,667,2,1,0,0.14978805656019492,1,0,87
L0_legacy_baseline,2,9,680,1,0,1,0.16638630032480578,1,0,87
L0_legacy_baseline,2,9,699,1,0,1,0.7282394861180137,0,1,87
L0_legacy_baseline,2,9,708,1,0,1,0.6551965566727279,0,1,87
L0_legacy_baseline,2,9,712,1,0,1,0.1505803496689541,1,0,87
L0_legacy_baseline,2,9,736,2,1,0,0.13756650262648926,1,0,87
L0_legacy_baseline,2,9,739,2,1,0,0.1374635377720678,1,0,87
L0_legacy_baseline,2,9,740,2,1,0,0.13743995900125822,1,0,87
L0_legacy_baseline,2,9,742,2,1,0,0.1382143652606159,1,0,87
L0_legacy_baseline,2,9,752,2,1,0,0.1386283944120668,1,0,87
L0_legacy_baseline,2,9,756,2,1,0,0.13684845803084347,1,0,87
L0_legacy_baseline,2,9,784,1,0,1,0.3602163509492464,1,0,87
L0_legacy_baseline,2,9,788,1,0,1,0.6689571337872118,0,1,87
L0_legacy_baseline,2,9,789,1,0,1,0.7960761678779622,0,1,87
L0_legacy_baseline,2,9,794,1,0,1,0.319098696891183,1,0,87
L0_legacy_baseline,2,9,802,2,1,0,0.7831207650222078,0,1,87
L0_legacy_baseline,2,9,822,2,1,0,0.14456741888159763,1,0,87
L0_legacy_baseline,2,9,825,2,1,0,0.14483121545482674,1,0,87
L0_legacy_baseline,2,9,827,2,1,0,0.14396968078904368,1,0,87
L0_legacy_baseline,2,9,842,2,1,0,0.2872555965451396,1,0,87
L0_legacy_baseline,2,9,864,1,0,1,0.7134555804263208,0,1,87
L0_legacy_baseline,2,10,11,1,0,1,0.9129085455972504,0,1,150
L0_legacy_baseline,2,10,16,1,0,1,0.9141380588736049,0,1,150
L0_legacy_baseline,2,10,18,1,0,1,0.9096000331967885,0,1,150
L0_legacy_baseline,2,10,33,2,1,0,0.07798407060339929,1,0,150
L0_legacy_baseline,2,10,36,2,1,0,0.07743805971132113,1,0,150
L0_legacy_baseline,2,10,41,2,1,0,0.07489991196266148,1,0,150
L0_legacy_baseline,2,10,43,2,1,0,0.2914669968698077,1,0,150
L0_legacy_baseline,2,10,54,2,1,0,0.3967321035999946,1,0,150
L0_legacy_baseline,2,10,74,1,0,1,0.7170303135122428,0,1,150
L0_legacy_baseline,2,10,99,2,1,0,0.07677000605337815,1,0,150
L0_legacy_baseline,2,10,106,1,0,1,0.8967742092566351,0,1,150
L0_legacy_baseline,2,10,109,1,0,1,0.9120568263474744,0,1,150
L0_legacy_baseline,2,10,110,1,0,1,0.9127636197045669,0,1,150
L0_legacy_baseline,2,10,150,2,1,0,0.07405282711084986,1,0,150
L0_legacy_baseline,2,10,158,2,1,0,0.07641654174119021,1,0,150
L0_legacy_baseline,2,10,188,1,0,1,0.8953015035160868,0,1,150
L0_legacy_baseline,2,10,194,1,0,1,0.9135165749942572,0,1,150
L0_legacy_baseline,2,10,233,2,1,0,0.24869011394165585,1,0,150
L0_legacy_baseline,2,10,239,2,1,0,0.0870482667151026,1,0,150
L0_legacy_baseline,2,10,245,2,1,0,0.07462179853092536,1,0,150
L0_legacy_baseline,2,10,252,2,1,0,0.07644464079419337,1,0,150
L0_legacy_baseline,2,10,257,1,0,1,0.894028434321214,0,1,150
L0_legacy_baseline,2,10,263,1,0,1,0.9118044275085306,0,1,150
L0_legacy_baseline,2,10,268,1,0,1,0.911783809552983,0,1,150
L0_legacy_baseline,2,10,270,2,1,0,0.133514489061588,1,0,150
L0_legacy_baseline,2,10,273,2,1,0,0.07735360215101572,1,0,150
L0_legacy_baseline,2,10,294,2,1,0,0.13257085933838667,1,0,150
L0_legacy_baseline,2,10,303,2,1,0,0.07444660084940163,1,0,150
L0_legacy_baseline,2,10,304,2,1,0,0.0746690669842323,1,0,150
L0_legacy_baseline,2,10,317,1,0,1,0.7994777982342488,0,1,150
L0_legacy_baseline,2,10,324,1,0,1,0.9127816959286287,0,1,150
L0_legacy_baseline,2,10,366,2,1,0,0.08115270647040514,1,0,150
L0_legacy_baseline,2,10,372,1,0,1,0.89240747827353,0,1,150
L0_legacy_baseline,2,10,394,1,0,1,0.4601613629625227,1,0,150
L0_legacy_baseline,2,10,430,2,1,0,0.07852515034314309,1,0,150
L0_legacy_baseline,2,10,434,2,1,0,0.07866285785990311,1,0,150
L0_legacy_baseline,2,10,443,2,1,0,0.07407940351121262,1,0,150
L0_legacy_baseline,2,10,459,2,1,0,0.07407422875346546,1,0,150
L0_legacy_baseline,2,10,475,1,0,1,0.07419127009446376,1,0,150
L0_legacy_baseline,2,10,482,2,1,0,0.07421635673730642,1,0,150
L0_legacy_baseline,2,10,490,1,0,1,0.6587648819475083,0,1,150
L0_legacy_baseline,2,10,494,1,0,1,0.9129161975403529,0,1,150
L0_legacy_baseline,2,10,501,1,0,1,0.8253377234500415,0,1,150
L0_legacy_baseline,2,10,507,1,0,1,0.9140571766871497,0,1,150
L0_legacy_baseline,2,10,509,1,0,1,0.6244659995964781,0,1,150
L0_legacy_baseline,2,10,512,1,0,1,0.9139973233010358,0,1,150
L0_legacy_baseline,2,10,518,1,0,1,0.9087011159131618,0,1,150
L0_legacy_baseline,2,10,519,1,0,1,0.9127315417488303,0,1,150
L0_legacy_baseline,2,10,523,1,0,1,0.9132535180996403,0,1,150
L0_legacy_baseline,2,10,527,1,0,1,0.9115668228085947,0,1,150
L0_legacy_baseline,2,10,528,1,0,1,0.912498318519681,0,1,150
L0_legacy_baseline,2,10,529,1,0,1,0.9115713800520838,0,1,150
L0_legacy_baseline,2,10,533,1,0,1,0.9092928001684285,0,1,150
L0_legacy_baseline,2,10,535,1,0,1,0.8925176183411028,0,1,150
L0_legacy_baseline,2,10,547,1,0,1,0.9129372628208146,0,1,150
L0_legacy_baseline,2,10,549,1,0,1,0.910575251034087,0,1,150
L0_legacy_baseline,2,10,557,1,0,1,0.8242481943472817,0,1,150
L0_legacy_baseline,2,10,565,2,1,0,0.0774123270227606,1,0,150
L0_legacy_baseline,2,10,567,2,1,0,0.07537075304064395,1,0,150
L0_legacy_baseline,2,10,573,2,1,0,0.20338070018497037,1,0,150
L0_legacy_baseline,2,10,578,2,1,0,0.08047881282428311,1,0,150
L0_legacy_baseline,2,10,591,2,1,0,0.11074982892039534,1,0,150
L0_legacy_baseline,2,10,617,2,1,0,0.07413470590953164,1,0,150
L0_legacy_baseline,2,10,618,2,1,0,0.07549108484578138,1,0,150
L0_legacy_baseline,2,10,619,2,1,0,0.07808626804159707,1,0,150
L0_legacy_baseline,2,10,626,2,1,0,0.08047614578593244,1,0,150
L0_legacy_baseline,2,10,636,2,1,0,0.07830105185073848,1,0,150
L0_legacy_baseline,2,10,641,2,1,0,0.13222010323497538,1,0,150
L0_legacy_baseline,2,10,649,2,1,0,0.9072365908506951,0,1,150
L0_legacy_baseline,2,10,662,2,1,0,0.07640491882453314,1,0,150
L0_legacy_baseline,2,10,666,2,1,0,0.07405918338876238,1,0,150
L0_legacy_baseline,2,10,692,2,1,0,0.07472913894389925,1,0,150
L0_legacy_baseline,2,10,696,2,1,0,0.16836976657283065,1,0,150
L0_legacy_baseline,2,10,702,1,0,1,0.907766151393329,0,1,150
L0_legacy_baseline,2,10,707,1,0,1,0.906433512780044,0,1,150
L0_legacy_baseline,2,10,758,2,1,0,0.07401999503135932,1,0,150
L0_legacy_baseline,2,10,761,2,1,0,0.07756542754125903,1,0,150
L0_legacy_baseline,2,10,764,1,0,1,0.9077447387693648,0,1,150
L0_legacy_baseline,2,10,765,1,0,1,0.9141546979542664,0,1,150
L0_legacy_baseline,2,10,777,2,1,0,0.09486002655721278,1,0,150
L0_legacy_baseline,2,10,782,2,1,0,0.0792369984313581,1,0,150
L0_legacy_baseline,2,10,796,1,0,1,0.8898537851826352,0,1,150
L0_legacy_baseline,2,10,797,2,1,0,0.07573586416082213,1,0,150
L0_legacy_baseline,2,10,800,2,1,0,0.0798532832707643,1,0,150
L0_legacy_baseline,2,10,819,2,1,0,0.21122773984751336,1,0,150
L0_legacy_baseline,2,10,850,2,1,0,0.07427105306779958,1,0,150
L0_legacy_baseline,2,10,860,1,0,1,0.1683568010508646,1,0,150
L1_legacy_uniform_global,0,1,10,1,0,1,0.8707647475938035,0,1,108
L1_legacy_uniform_global,0,1,14,1,0,1,0.07900845725233291,1,0,108
L1_legacy_uniform_global,0,1,36,2,1,0,0.09034251154322494,1,0,108
L1_legacy_uniform_global,0,1,42,2,1,0,0.13618905705941786,1,0,108
L1_legacy_uniform_global,0,1,49,2,1,0,0.07898751319127961,1,0,108
L1_legacy_uniform_global,0,1,53,2,1,0,0.11334477976836389,1,0,108
L1_legacy_uniform_global,0,1,63,2,1,0,0.08630586593274464,1,0,108
L1_legacy_uniform_global,0,1,67,1,0,1,0.871397749180162,0,1,108
L1_legacy_uniform_global,0,1,83,1,0,1,0.6536740406701285,0,1,108
L1_legacy_uniform_global,0,1,84,1,0,1,0.8720902329327632,0,1,108
L1_legacy_uniform_global,0,1,96,2,1,0,0.28501461755234675,1,0,108
L1_legacy_uniform_global,0,1,97,2,1,0,0.08074446191490176,1,0,108
L1_legacy_uniform_global,0,1,111,2,1,0,0.08002748495515712,1,0,108
L1_legacy_uniform_global,0,1,114,2,1,0,0.7121133226336879,0,1,108
L1_legacy_uniform_global,0,1,123,2,1,0,0.5397187939760042,0,1,108
L1_legacy_uniform_global,0,1,131,1,0,1,0.8723066031456318,0,1,108
L1_legacy_uniform_global,0,1,132,1,0,1,0.5610295447352455,0,1,108
L1_legacy_uniform_global,0,1,136,1,0,1,0.8717216512309097,0,1,108
L1_legacy_uniform_global,0,1,141,1,0,1,0.7005742462248715,0,1,108
L1_legacy_uniform_global,0,1,145,1,0,1,0.36120031439803046,1,0,108
L1_legacy_uniform_global,0,1,146,1,0,1,0.7111981122886748,0,1,108
L1_legacy_uniform_global,0,1,148,1,0,1,0.7955667671259123,0,1,108
L1_legacy_uniform_global,0,1,152,2,1,0,0.4418280720809699,1,0,108
L1_legacy_uniform_global,0,1,154,2,1,0,0.07906670413927146,1,0,108
L1_legacy_uniform_global,0,1,164,1,0,1,0.8611213866658942,0,1,108
L1_legacy_uniform_global,0,1,184,1,0,1,0.8723230202557045,0,1,108
L1_legacy_uniform_global,0,1,202,2,1,0,0.08752205602308141,1,0,108
L1_legacy_uniform_global,0,1,204,2,1,0,0.0795545201683296,1,0,108
L1_legacy_uniform_global,0,1,210,2,1,0,0.07900438854693088,1,0,108
L1_legacy_uniform_global,0,1,223,2,1,0,0.09000504050864837,1,0,108
L1_legacy_uniform_global,0,1,241,2,1,0,0.08158783216025395,1,0,108
L1_legacy_uniform_global,0,1,266,1,0,1,0.8377634923040158,0,1,108
L1_legacy_uniform_global,0,1,271,2,1,0,0.07907579082951745,1,0,108
L1_legacy_uniform_global,0,1,275,2,1,0,0.0789948203804321,1,0,108
L1_legacy_uniform_global,0,1,278,2,1,0,0.07907317028680129,1,0,108
L1_legacy_uniform_global,0,1,286,2,1,0,0.34333352277783813,1,0,108
L1_legacy_uniform_global,0,1,292,2,1,0,0.08310359456507647,1,0,108
L1_legacy_uniform_global,0,1,302,2,1,0,0.07899497105123844,1,0,108
L1_legacy_uniform_global,0,1,303,2,1,0,0.14019105644464172,1,0,108
L1_legacy_uniform_global,0,1,323,1,0,1,0.8558465306387433,0,1,108
L1_legacy_uniform_global,0,1,326,1,0,1,0.8685612541937394,0,1,108
L1_legacy_uniform_global,0,1,346,1,0,1,0.8707418852288047,0,1,108
L1_legacy_uniform_global,0,1,349,1,0,1,0.8662107045305492,0,1,108
L1_legacy_uniform_global,0,1,352,2,1,0,0.07908712237709657,1,0,108
L1_legacy_uniform_global,0,1,353,2,1,0,0.07919140729622945,1,0,108
L1_legacy_uniform_global,0,1,360,2,1,0,0.08002986999560333,1,0,108
L1_legacy_uniform_global,0,1,390,1,0,1,0.8646481470307414,0,1,108
L1_legacy_uniform_global,0,1,397,2,1,0,0.09909112829026465,1,0,108
L1_legacy_uniform_global,0,1,405,1,0,1,0.8722996230427987,0,1,108
L1_legacy_uniform_global,0,1,408,1,0,1,0.8643682173535695,0,1,108
L1_legacy_uniform_global,0,1,430,2,1,0,0.0804241082638528,1,0,108
L1_legacy_uniform_global,0,1,435,2,1,0,0.219592824833015,1,0,108
L1_legacy_uniform_global,0,1,446,1,0,1,0.8662348548845281,0,1,108
L1_legacy_uniform_global,0,1,451,1,0,1,0.8653884197613566,0,1,108
L1_legacy_uniform_global,0,1,475,1,0,1,0.08256731819448081,1,0,108
L1_legacy_uniform_global,0,1,476,1,0,1,0.8716277280246608,0,1,108
L1_legacy_uniform_global,0,1,481,2,1,0,0.07919843122915048,1,0,108
L1_legacy_uniform_global,0,1,490,1,0,1,0.08438419529146915,1,0,108
L1_legacy_uniform_global,0,1,511,1,0,1,0.8722995320548624,0,1,108
L1_legacy_uniform_global,0,1,522,1,0,1,0.8587336938092338,0,1,108
L1_legacy_uniform_global,0,1,525,1,0,1,0.08541661732398936,1,0,108
L1_legacy_uniform_global,0,1,537,1,0,1,0.8720927669920864,0,1,108
L1_legacy_uniform_global,0,1,541,1,0,1,0.6072329036459552,0,1,108
L1_legacy_uniform_global,0,1,557,1,0,1,0.52905344547925,0,1,108
L1_legacy_uniform_global,0,1,559,1,0,1,0.5626226418753306,0,1,108
L1_legacy_uniform_global,0,1,579,2,1,0,0.0830948374856065,1,0,108
L1_legacy_uniform_global,0,1,584,2,1,0,0.08324464714014844,1,0,108
L1_legacy_uniform_global,0,1,633,2,1,0,0.08199484732181558,1,0,108
L1_legacy_uniform_global,0,1,636,2,1,0,0.08643489728347686,1,0,108
L1_legacy_uniform_global,0,1,648,2,1,0,0.08179212009767267,1,0,108
L1_legacy_uniform_global,0,1,655,2,1,0,0.16732236876944845,1,0,108
L1_legacy_uniform_global,0,1,670,2,1,0,0.07934849930391245,1,0,108
L1_legacy_uniform_global,0,1,692,2,1,0,0.07979303010311803,1,0,108
L1_legacy_uniform_global,0,1,695,2,1,0,0.07920430386625453,1,0,108
L1_legacy_uniform_global,0,1,696,2,1,0,0.2607665590670588,1,0,108
L1_legacy_uniform_global,0,1,727,1,0,1,0.8588632899876306,0,1,108
L1_legacy_uniform_global,0,1,732,1,0,1,0.8690533665710147,0,1,108
L1_legacy_uniform_global,0,1,762,2,1,0,0.0866314704983786,1,0,108
L1_legacy_uniform_global,0,1,765,1,0,1,0.8713213497408012,0,1,108
L1_legacy_uniform_global,0,1,766,1,0,1,0.2386261552189601,1,0,108
L1_legacy_uniform_global,0,1,779,2,1,0,0.08642523281936866,1,0,108
L1_legacy_uniform_global,0,1,795,1,0,1,0.867832880067044,0,1,108
L1_legacy_uniform_global,0,1,798,2,1,0,0.07935084518998983,1,0,108
L1_legacy_uniform_global,0,1,825,2,1,0,0.0792509227436642,1,0,108
L1_legacy_uniform_global,0,1,828,1,0,1,0.8676181754593935,0,1,108
L1_legacy_uniform_global,0,1,839,2,1,0,0.08278777554242378,1,0,108
L1_legacy_uniform_global,0,1,854,2,1,0,0.09123959075369076,1,0,108
L1_legacy_uniform_global,0,1,862,1,0,1,0.868925353246329,0,1,108
L1_legacy_uniform_global,0,2,2,1,0,1,0.9020313131908853,0,1,102
L1_legacy_uniform_global,0,2,3,1,0,1,0.9056023343151532,0,1,102
L1_legacy_uniform_global,0,2,4,1,0,1,0.8757830270714417,0,1,102
L1_legacy_uniform_global,0,2,20,1,0,1,0.9052025527785251,0,1,102
L1_legacy_uniform_global,0,2,27,2,1,0,0.0975726806786821,1,0,102
L1_legacy_uniform_global,0,2,35,2,1,0,0.09789974906278284,1,0,102
L1_legacy_uniform_global,0,2,45,2,1,0,0.8751420931238935,0,1,102
L1_legacy_uniform_global,0,2,57,2,1,0,0.100819202429748,1,0,102
L1_legacy_uniform_global,0,2,61,2,1,0,0.09674598776362552,1,0,102
L1_legacy_uniform_global,0,2,69,1,0,1,0.9053684436567134,0,1,102
L1_legacy_uniform_global,0,2,79,1,0,1,0.9038901837601707,0,1,102
L1_legacy_uniform_global,0,2,87,1,0,1,0.9056965917394602,0,1,102
L1_legacy_uniform_global,0,2,116,2,1,0,0.09665828432098282,1,0,102
L1_legacy_uniform_global,0,2,122,2,1,0,0.09653178027249973,1,0,102
L1_legacy_uniform_global,0,2,130,1,0,1,0.902154907819034,0,1,102
L1_legacy_uniform_global,0,2,133,1,0,1,0.9057095006893672,0,1,102
L1_legacy_uniform_global,0,2,147,1,0,1,0.905390528760387,0,1,102
L1_legacy_uniform_global,0,2,162,2,1,0,0.09903274408655187,1,0,102
L1_legacy_uniform_global,0,2,170,1,0,1,0.30314908658756934,1,0,102
L1_legacy_uniform_global,0,2,171,1,0,1,0.11388518280146427,1,0,102
L1_legacy_uniform_global,0,2,183,1,0,1,0.8947556482261234,0,1,102
L1_legacy_uniform_global,0,2,192,1,0,1,0.9055985221194801,0,1,102
L1_legacy_uniform_global,0,2,197,2,1,0,0.09701353096973823,1,0,102
L1_legacy_uniform_global,0,2,217,2,1,0,0.2176209582839392,1,0,102
L1_legacy_uniform_global,0,2,218,2,1,0,0.10364435401933263,1,0,102
L1_legacy_uniform_global,0,2,222,2,1,0,0.09804987742770808,1,0,102
L1_legacy_uniform_global,0,2,232,2,1,0,0.20095834122440742,1,0,102
L1_legacy_uniform_global,0,2,234,2,1,0,0.09948797310935983,1,0,102
L1_legacy_uniform_global,0,2,257,1,0,1,0.9053885725138195,0,1,102
L1_legacy_uniform_global,0,2,270,2,1,0,0.15041176254563723,1,0,102
L1_legacy_uniform_global,0,2,282,2,1,0,0.09731361793123158,1,0,102
L1_legacy_uniform_global,0,2,283,2,1,0,0.09792888311352797,1,0,102
L1_legacy_uniform_global,0,2,294,2,1,0,0.17336231821102674,1,0,102
L1_legacy_uniform_global,0,2,307,1,0,1,0.9056092772755806,0,1,102
L1_legacy_uniform_global,0,2,316,1,0,1,0.9019391776892008,0,1,102
L1_legacy_uniform_global,0,2,357,2,1,0,0.25084904539886155,1,0,102
L1_legacy_uniform_global,0,2,363,2,1,0,0.10112346643402645,1,0,102
L1_legacy_uniform_global,0,2,364,2,1,0,0.17792948649902043,1,0,102
L1_legacy_uniform_global,0,2,372,1,0,1,0.9056459429270258,0,1,102
L1_legacy_uniform_global,0,2,381,1,0,1,0.9042050767844956,0,1,102
L1_legacy_uniform_global,0,2,385,1,0,1,0.9012398462550828,0,1,102
L1_legacy_uniform_global,0,2,394,1,0,1,0.25924340667663537,1,0,102
L1_legacy_uniform_global,0,2,399,2,1,0,0.21069542013554432,1,0,102
L1_legacy_uniform_global,0,2,407,2,1,0,0.145007289582975,1,0,102
L1_legacy_uniform_global,0,2,410,2,1,0,0.10149340582888661,1,0,102
L1_legacy_uniform_global,0,2,417,2,1,0,0.25453136882075583,1,0,102
L1_legacy_uniform_global,0,2,426,2,1,0,0.09790079941877534,1,0,102
L1_legacy_uniform_global,0,2,450,1,0,1,0.9053569088900364,0,1,102
L1_legacy_uniform_global,0,2,453,1,0,1,0.8997611342703605,0,1,102
L1_legacy_uniform_global,0,2,462,2,1,0,0.09702333851260952,1,0,102
L1_legacy_uniform_global,0,2,465,2,1,0,0.10495359944227536,1,0,102
L1_legacy_uniform_global,0,2,478,1,0,1,0.8977123061795889,0,1,102
L1_legacy_uniform_global,0,2,489,1,0,1,0.8805596100985175,0,1,102
L1_legacy_uniform_global,0,2,513,1,0,1,0.902605218009053,0,1,102
L1_legacy_uniform_global,0,2,528,1,0,1,0.9048088800968112,0,1,102
L1_legacy_uniform_global,0,2,535,1,0,1,0.8780997399652926,0,1,102
L1_legacy_uniform_global,0,2,543,1,0,1,0.9004854298657831,0,1,102
L1_legacy_uniform_global,0,2,544,1,0,1,0.9012178691132029,0,1,102
L1_legacy_uniform_global,0,2,546,1,0,1,0.09760841940510469,1,0,102
L1_legacy_uniform_global,0,2,553,1,0,1,0.9012759656734917,0,1,102
L1_legacy_uniform_global,0,2,558,1,0,1,0.9048159113537307,0,1,102
L1_legacy_uniform_global,0,2,568,2,1,0,0.10211413373569347,1,0,102
L1_legacy_uniform_global,0,2,572,2,1,0,0.10169633855770933,1,0,102
L1_legacy_uniform_global,0,2,585,2,1,0,0.10209994105850397,1,0,102
L1_legacy_uniform_global,0,2,592,2,1,0,0.09934938017280061,1,0,102
L1_legacy_uniform_global,0,2,596,2,1,0,0.1040539510115728,1,0,102
L1_legacy_uniform_global,0,2,612,2,1,0,0.10362821916239161,1,0,102
L1_legacy_uniform_global,0,2,629,2,1,0,0.0991836876425184,1,0,102
L1_legacy_uniform_global,0,2,642,2,1,0,0.10251651016343322,1,0,102
L1_legacy_uniform_global,0,2,645,2,1,0,0.10774964432609596,1,0,102
L1_legacy_uniform_global,0,2,646,2,1,0,0.43417155350760195,1,0,102
L1_legacy_uniform_global,0,2,651,2,1,0,0.09909493201499528,1,0,102
L1_legacy_uniform_global,0,2,681,1,0,1,0.732819536524006,0,1,102
L1_legacy_uniform_global,0,2,683,1,0,1,0.8805329872601413,0,1,102
L1_legacy_uniform_global,0,2,690,2,1,0,0.15341536198933434,1,0,102
L1_legacy_uniform_global,0,2,691,2,1,0,0.40218934818074803,1,0,102
L1_legacy_uniform_global,0,2,718,1,0,1,0.10696459499624629,1,0,102
L1_legacy_uniform_global,0,2,722,1,0,1,0.11467426292163913,1,0,102
L1_legacy_uniform_global,0,2,728,1,0,1,0.9056078063621249,0,1,102
L1_legacy_uniform_global,0,2,742,2,1,0,0.09917143913173587,1,0,102
L1_legacy_uniform_global,0,2,753,2,1,0,0.09976357476288515,1,0,102
L1_legacy_uniform_global,0,2,793,1,0,1,0.9054341136808997,0,1,102
L1_legacy_uniform_global,0,2,820,2,1,0,0.0990229695130632,1,0,102
L1_legacy_uniform_global,0,2,824,2,1,0,0.09700303059603321,1,0,102
L1_legacy_uniform_global,0,2,832,1,0,1,0.2552335508659214,1,0,102
L1_legacy_uniform_global,0,2,840,2,1,0,0.14540744615229706,1,0,102
L1_legacy_uniform_global,0,2,869,1,0,1,0.14745795025432523,1,0,102
L1_legacy_uniform_global,0,3,21,2,1,0,0.47448659930999726,1,0,151
L1_legacy_uniform_global,0,3,32,2,1,0,0.10226282495583684,1,0,151
L1_legacy_uniform_global,0,3,34,2,1,0,0.30005908229859624,1,0,151
L1_legacy_uniform_global,0,3,37,2,1,0,0.10017815862785368,1,0,151
L1_legacy_uniform_global,0,3,70,1,0,1,0.36985727708594984,1,0,151
L1_legacy_uniform_global,0,3,74,1,0,1,0.7588454788095557,0,1,151
L1_legacy_uniform_global,0,3,86,1,0,1,0.5236439705206488,0,1,151
L1_legacy_uniform_global,0,3,100,2,1,0,0.09982286581514191,1,0,151
L1_legacy_uniform_global,0,3,119,2,1,0,0.10394742870785384,1,0,151
L1_legacy_uniform_global,0,3,151,2,1,0,0.09985840498137204,1,0,151
L1_legacy_uniform_global,0,3,159,2,1,0,0.09982962513771473,1,0,151
L1_legacy_uniform_global,0,3,160,2,1,0,0.3823173178589017,1,0,151
L1_legacy_uniform_global,0,3,163,1,0,1,0.9152091009002614,0,1,151
L1_legacy_uniform_global,0,3,181,1,0,1,0.7722365482834884,0,1,151
L1_legacy_uniform_global,0,3,187,1,0,1,0.9153686892868919,0,1,151
L1_legacy_uniform_global,0,3,207,2,1,0,0.10210159636347763,1,0,151
L1_legacy_uniform_global,0,3,258,1,0,1,0.7764974165719082,0,1,151
L1_legacy_uniform_global,0,3,262,1,0,1,0.9157358168067283,0,1,151
L1_legacy_uniform_global,0,3,264,1,0,1,0.9156171698134423,0,1,151
L1_legacy_uniform_global,0,3,284,2,1,0,0.0996752032607959,1,0,151
L1_legacy_uniform_global,0,3,287,2,1,0,0.9153609963274143,0,1,151
L1_legacy_uniform_global,0,3,297,2,1,0,0.39957930595858737,1,0,151
L1_legacy_uniform_global,0,3,310,1,0,1,0.9114925381981457,0,1,151
L1_legacy_uniform_global,0,3,319,1,0,1,0.9094772549217157,0,1,151
L1_legacy_uniform_global,0,3,327,1,0,1,0.9148843022309562,0,1,151
L1_legacy_uniform_global,0,3,329,1,0,1,0.9075770938957165,0,1,151
L1_legacy_uniform_global,0,3,333,1,0,1,0.88862447859142,0,1,151
L1_legacy_uniform_global,0,3,335,1,0,1,0.9152881892139808,0,1,151
L1_legacy_uniform_global,0,3,337,1,0,1,0.9084529284370866,0,1,151
L1_legacy_uniform_global,0,3,368,2,1,0,0.903163418751868,0,1,151
L1_legacy_uniform_global,0,3,370,1,0,1,0.9170827329541363,0,1,151
L1_legacy_uniform_global,0,3,371,1,0,1,0.914915133414623,0,1,151
L1_legacy_uniform_global,0,3,379,1,0,1,0.9165944203811223,0,1,151
L1_legacy_uniform_global,0,3,411,2,1,0,0.0996975680890312,1,0,151
L1_legacy_uniform_global,0,3,425,2,1,0,0.17559111423859747,1,0,151
L1_legacy_uniform_global,0,3,434,2,1,0,0.09996848283400167,1,0,151
L1_legacy_uniform_global,0,3,439,2,1,0,0.09974697387241249,1,0,151
L1_legacy_uniform_global,0,3,444,2,1,0,0.1308401843356343,1,0,151
L1_legacy_uniform_global,0,3,456,1,0,1,0.9152033049053205,0,1,151
L1_legacy_uniform_global,0,3,457,1,0,1,0.3082413332167923,1,0,151
L1_legacy_uniform_global,0,3,497,1,0,1,0.75645958568337,0,1,151
L1_legacy_uniform_global,0,3,499,1,0,1,0.7953556362261094,0,1,151
L1_legacy_uniform_global,0,3,502,1,0,1,0.9172258229231536,0,1,151
L1_legacy_uniform_global,0,3,507,1,0,1,0.9170748069417609,0,1,151
L1_legacy_uniform_global,0,3,514,1,0,1,0.6855074981052361,0,1,151
L1_legacy_uniform_global,0,3,539,1,0,1,0.596065632300715,0,1,151
L1_legacy_uniform_global,0,3,562,1,0,1,0.892098189304815,0,1,151
L1_legacy_uniform_global,0,3,576,2,1,0,0.10622856553921138,1,0,151
L1_legacy_uniform_global,0,3,589,2,1,0,0.10705950580895861,1,0,151
L1_legacy_uniform_global,0,3,605,2,1,0,0.844515510298957,0,1,151
L1_legacy_uniform_global,0,3,622,2,1,0,0.11008993956073249,1,0,151
L1_legacy_uniform_global,0,3,626,2,1,0,0.10170720147869095,1,0,151
L1_legacy_uniform_global,0,3,640,2,1,0,0.17220331155134908,1,0,151
L1_legacy_uniform_global,0,3,661,2,1,0,0.10044513456712298,1,0,151
L1_legacy_uniform_global,0,3,662,2,1,0,0.10600086814647437,1,0,151
L1_legacy_uniform_global,0,3,669,2,1,0,0.198369196508227,1,0,151
L1_legacy_uniform_global,0,3,676,1,0,1,0.8782405819473906,0,1,151
L1_legacy_uniform_global,0,3,678,1,0,1,0.5979420212602906,0,1,151
L1_legacy_uniform_global,0,3,686,2,1,0,0.10099552486130892,1,0,151
L1_legacy_uniform_global,0,3,688,2,1,0,0.10174261101543913,1,0,151
L1_legacy_uniform_global,0,3,709,1,0,1,0.9066847153618348,0,1,151
L1_legacy_uniform_global,0,3,710,1,0,1,0.9145447780575754,0,1,151
L1_legacy_uniform_global,0,3,713,1,0,1,0.13021808530180842,1,0,151
L1_legacy_uniform_global,0,3,714,1,0,1,0.9067869427408489,0,1,151
L1_legacy_uniform_global,0,3,716,1,0,1,0.9169763661110684,0,1,151
L1_legacy_uniform_global,0,3,723,1,0,1,0.9153537058075786,0,1,151
L1_legacy_uniform_global,0,3,737,2,1,0,0.3461403947813013,1,0,151
L1_legacy_uniform_global,0,3,739,2,1,0,0.0998645000407275,1,0,151
L1_legacy_uniform_global,0,3,745,2,1,0,0.10206615922668996,1,0,151
L1_legacy_uniform_global,0,3,747,2,1,0,0.09993967126518925,1,0,151
L1_legacy_uniform_global,0,3,754,2,1,0,0.12804809416421112,1,0,151
L1_legacy_uniform_global,0,3,755,2,1,0,0.9169368779648038,0,1,151
L1_legacy_uniform_global,0,3,756,2,1,0,0.10386998591781658,1,0,151
L1_legacy_uniform_global,0,3,780,2,1,0,0.9162930649281555,0,1,151
L1_legacy_uniform_global,0,3,786,1,0,1,0.9105893828704281,0,1,151
L1_legacy_uniform_global,0,3,791,1,0,1,0.6066349854082782,0,1,151
L1_legacy_uniform_global,0,3,800,2,1,0,0.16213506341977463,1,0,151
L1_legacy_uniform_global,0,3,806,2,1,0,0.10100587945217533,1,0,151
L1_legacy_uniform_global,0,3,819,2,1,0,0.10154723625908714,1,0,151
L1_legacy_uniform_global,0,3,831,1,0,1,0.9145379982625753,0,1,151
L1_legacy_uniform_global,0,3,834,2,1,0,0.10385398926048083,1,0,151
L1_legacy_uniform_global,0,3,836,2,1,0,0.11734723242469967,1,0,151
L1_legacy_uniform_global,0,3,842,2,1,0,0.11604955023878029,1,0,151
L1_legacy_uniform_global,0,3,852,2,1,0,0.09991074889709395,1,0,151
L1_legacy_uniform_global,0,3,853,2,1,0,0.10081562095488576,1,0,151
L1_legacy_uniform_global,0,3,857,1,0,1,0.9105259304049007,0,1,151
L1_legacy_uniform_global,0,3,868,1,0,1,0.9171617440102392,0,1,151
L1_legacy_uniform_global,0,4,8,1,0,1,0.9006515299256546,0,1,107
L1_legacy_uniform_global,0,4,13,1,0,1,0.9055941229330903,0,1,107
L1_legacy_uniform_global,0,4,17,1,0,1,0.9048154192313819,0,1,107
L1_legacy_uniform_global,0,4,29,2,1,0,0.13014018212267156,1,0,107
L1_legacy_uniform_global,0,4,33,2,1,0,0.1493988709037594,1,0,107
L1_legacy_uniform_global,0,4,43,2,1,0,0.8203894011678958,0,1,107
L1_legacy_uniform_global,0,4,46,1,0,1,0.9057216202891462,0,1,107
L1_legacy_uniform_global,0,4,55,2,1,0,0.20220783107887982,1,0,107
L1_legacy_uniform_global,0,4,56,2,1,0,0.18470254854838772,1,0,107
L1_legacy_uniform_global,0,4,58,2,1,0,0.13671745725006007,1,0,107
L1_legacy_uniform_global,0,4,66,1,0,1,0.9054833676383495,0,1,107
L1_legacy_uniform_global,0,4,72,1,0,1,0.9045552049008909,0,1,107
L1_legacy_uniform_global,0,4,88,1,0,1,0.7657427027488201,0,1,107
L1_legacy_uniform_global,0,4,99,2,1,0,0.13237169310949326,1,0,107
L1_legacy_uniform_global,0,4,103,1,0,1,0.8939422114342069,0,1,107
L1_legacy_uniform_global,0,4,106,1,0,1,0.8911371299286232,0,1,107
L1_legacy_uniform_global,0,4,109,1,0,1,0.8987236114128488,0,1,107
L1_legacy_uniform_global,0,4,113,2,1,0,0.1398348239718841,1,0,107
L1_legacy_uniform_global,0,4,126,2,1,0,0.13399065657542286,1,0,107
L1_legacy_uniform_global,0,4,135,1,0,1,0.870240997207884,0,1,107
L1_legacy_uniform_global,0,4,144,1,0,1,0.19246309246592017,1,0,107
L1_legacy_uniform_global,0,4,158,2,1,0,0.1302967806765726,1,0,107
L1_legacy_uniform_global,0,4,172,1,0,1,0.1417427743853963,1,0,107
L1_legacy_uniform_global,0,4,175,1,0,1,0.7352608635813359,0,1,107
L1_legacy_uniform_global,0,4,200,2,1,0,0.20018478216765623,1,0,107
L1_legacy_uniform_global,0,4,211,2,1,0,0.20876646394813556,1,0,107
L1_legacy_uniform_global,0,4,230,2,1,0,0.13481318927493635,1,0,107
L1_legacy_uniform_global,0,4,231,2,1,0,0.13421542429697234,1,0,107
L1_legacy_uniform_global,0,4,236,2,1,0,0.12951471049892319,1,0,107
L1_legacy_uniform_global,0,4,243,2,1,0,0.13303002254542934,1,0,107
L1_legacy_uniform_global,0,4,244,2,1,0,0.2659020475702679,1,0,107
L1_legacy_uniform_global,0,4,263,1,0,1,0.9041146390586947,0,1,107
L1_legacy_uniform_global,0,4,280,2,1,0,0.1308966589830436,1,0,107
L1_legacy_uniform_global,0,4,288,2,1,0,0.12958689415971908,1,0,107
L1_legacy_uniform_global,0,4,306,2,1,0,0.39470511702627437,1,0,107
L1_legacy_uniform_global,0,4,328,1,0,1,0.9060350519367976,0,1,107
L1_legacy_uniform_global,0,4,339,1,0,1,0.889052528254393,0,1,107
L1_legacy_uniform_global,0,4,341,1,0,1,0.9049975699729151,0,1,107
L1_legacy_uniform_global,0,4,345,1,0,1,0.9049853656644297,0,1,107
L1_legacy_uniform_global,0,4,348,1,0,1,0.8661714406675459,0,1,107
L1_legacy_uniform_global,0,4,351,2,1,0,0.8470652232005612,0,1,107
L1_legacy_uniform_global,0,4,386,1,0,1,0.905632737993403,0,1,107
L1_legacy_uniform_global,0,4,412,1,0,1,0.5397502247339733,0,1,107
L1_legacy_uniform_global,0,4,416,1,0,1,0.9058159036267533,0,1,107
L1_legacy_uniform_global,0,4,436,2,1,0,0.17055068177826496,1,0,107
L1_legacy_uniform_global,0,4,441,2,1,0,0.13307551225399425,1,0,107
L1_legacy_uniform_global,0,4,445,2,1,0,0.13002127574869096,1,0,107
L1_legacy_uniform_global,0,4,455,1,0,1,0.9057402993663,0,1,107
L1_legacy_uniform_global,0,4,460,2,1,0,0.12964282784854486,1,0,107
L1_legacy_uniform_global,0,4,461,2,1,0,0.1348975883514172,1,0,107
L1_legacy_uniform_global,0,4,467,2,1,0,0.15569211486520462,1,0,107
L1_legacy_uniform_global,0,4,496,1,0,1,0.9060191074263813,0,1,107
L1_legacy_uniform_global,0,4,498,1,0,1,0.6115613947053543,0,1,107
L1_legacy_uniform_global,0,4,508,1,0,1,0.9057215258150241,0,1,107
L1_legacy_uniform_global,0,4,509,1,0,1,0.8925276861564028,0,1,107
L1_legacy_uniform_global,0,4,510,1,0,1,0.9061767759973712,0,1,107
L1_legacy_uniform_global,0,4,516,1,0,1,0.6937091628060772,0,1,107
L1_legacy_uniform_global,0,4,527,1,0,1,0.9035494280934045,0,1,107
L1_legacy_uniform_global,0,4,551,1,0,1,0.9002267357852275,0,1,107
L1_legacy_uniform_global,0,4,555,1,0,1,0.9061915552457468,0,1,107
L1_legacy_uniform_global,0,4,566,2,1,0,0.13175384019679204,1,0,107
L1_legacy_uniform_global,0,4,577,2,1,0,0.13164055240102282,1,0,107
L1_legacy_uniform_global,0,4,586,2,1,0,0.13956412182185052,1,0,107
L1_legacy_uniform_global,0,4,599,2,1,0,0.13147650825342144,1,0,107
L1_legacy_uniform_global,0,4,606,2,1,0,0.8856648170186827,0,1,107
L1_legacy_uniform_global,0,4,607,2,1,0,0.1393086234264167,1,0,107
L1_legacy_uniform_global,0,4,616,2,1,0,0.13346200785877688,1,0,107
L1_legacy_uniform_global,0,4,619,2,1,0,0.13435488631115353,1,0,107
L1_legacy_uniform_global,0,4,631,2,1,0,0.13481720708093492,1,0,107
L1_legacy_uniform_global,0,4,632,2,1,0,0.8859980225139434,0,1,107
L1_legacy_uniform_global,0,4,657,2,1,0,0.1370030677930951,1,0,107
L1_legacy_uniform_global,0,4,658,2,1,0,0.13285110147550439,1,0,107
L1_legacy_uniform_global,0,4,664,2,1,0,0.1367818494735134,1,0,107
L1_legacy_uniform_global,0,4,665,2,1,0,0.13115519298812267,1,0,107
L1_legacy_uniform_global,0,4,693,2,1,0,0.13979090644745115,1,0,107
L1_legacy_uniform_global,0,4,697,2,1,0,0.26862467572469806,1,0,107
L1_legacy_uniform_global,0,4,698,2,1,0,0.3317694839886874,1,0,107
L1_legacy_uniform_global,0,4,700,1,0,1,0.9051322261110049,0,1,107
L1_legacy_uniform_global,0,4,701,1,0,1,0.9061541653616053,0,1,107
L1_legacy_uniform_global,0,4,703,1,0,1,0.9041093781182122,0,1,107
L1_legacy_uniform_global,0,4,730,1,0,1,0.9045512084090747,0,1,107
L1_legacy_uniform_global,0,4,735,1,0,1,0.9054766280329984,0,1,107
L1_legacy_uniform_global,0,4,767,1,0,1,0.9060315349398039,0,1,107
L1_legacy_uniform_global,0,4,772,1,0,1,0.7352902488059383,0,1,107
L1_legacy_uniform_global,0,4,776,2,1,0,0.25053361206050084,1,0,107
L1_legacy_uniform_global,0,4,845,2,1,0,0.1295181380814483,1,0,107
L1_legacy_uniform_global,0,4,851,2,1,0,0.25063541584150945,1,0,107
L1_legacy_uniform_global,0,5,0,1,0,1,0.774693558156125,0,1,98
L1_legacy_uniform_global,0,5,6,1,0,1,0.918390881961031,0,1,98
L1_legacy_uniform_global,0,5,18,1,0,1,0.9105719877847572,0,1,98
L1_legacy_uniform_global,0,5,19,1,0,1,0.17913717617236863,1,0,98
L1_legacy_uniform_global,0,5,50,2,1,0,0.14442506905864802,1,0,98
L1_legacy_uniform_global,0,5,64,1,0,1,0.9191145745190871,0,1,98
L1_legacy_uniform_global,0,5,77,1,0,1,0.917789906336046,0,1,98
L1_legacy_uniform_global,0,5,78,1,0,1,0.9192432973600198,0,1,98
L1_legacy_uniform_global,0,5,81,1,0,1,0.5824097115777166,0,1,98
L1_legacy_uniform_global,0,5,98,2,1,0,0.1578731214587322,1,0,98
L1_legacy_uniform_global,0,5,112,2,1,0,0.14877223537862513,1,0,98
L1_legacy_uniform_global,0,5,125,2,1,0,0.14701069819952245,1,0,98
L1_legacy_uniform_global,0,5,128,2,1,0,0.1450987106132738,1,0,98
L1_legacy_uniform_global,0,5,142,1,0,1,0.9177077711426714,0,1,98
L1_legacy_uniform_global,0,5,143,1,0,1,0.8942107453399948,0,1,98
L1_legacy_uniform_global,0,5,157,2,1,0,0.14350936422251703,1,0,98
L1_legacy_uniform_global,0,5,161,2,1,0,0.14480300682249436,1,0,98
L1_legacy_uniform_global,0,5,167,1,0,1,0.9162124972157052,0,1,98
L1_legacy_uniform_global,0,5,198,2,1,0,0.32110333602065755,1,0,98
L1_legacy_uniform_global,0,5,205,2,1,0,0.4946759018003465,1,0,98
L1_legacy_uniform_global,0,5,220,2,1,0,0.14701422077494325,1,0,98
L1_legacy_uniform_global,0,5,221,2,1,0,0.7005992176423971,0,1,98
L1_legacy_uniform_global,0,5,226,2,1,0,0.1481816635740093,1,0,98
L1_legacy_uniform_global,0,5,227,2,1,0,0.47997125867098656,1,0,98
L1_legacy_uniform_global,0,5,249,2,1,0,0.14697036109030015,1,0,98
L1_legacy_uniform_global,0,5,250,2,1,0,0.1726955417602719,1,0,98
L1_legacy_uniform_global,0,5,267,1,0,1,0.9176636022417131,0,1,98
L1_legacy_uniform_global,0,5,277,2,1,0,0.732070336748448,0,1,98
L1_legacy_uniform_global,0,5,305,2,1,0,0.14595282073262356,1,0,98
L1_legacy_uniform_global,0,5,318,1,0,1,0.9192390647518661,0,1,98
L1_legacy_uniform_global,0,5,321,1,0,1,0.919140658682063,0,1,98
L1_legacy_uniform_global,0,5,336,1,0,1,0.9192424891906145,0,1,98
L1_legacy_uniform_global,0,5,367,2,1,0,0.14462731867061046,1,0,98
L1_legacy_uniform_global,0,5,373,1,0,1,0.9157823014743021,0,1,98
L1_legacy_uniform_global,0,5,383,1,0,1,0.9192428932752283,0,1,98
L1_legacy_uniform_global,0,5,391,1,0,1,0.8286948629060736,0,1,98
L1_legacy_uniform_global,0,5,433,2,1,0,0.1435001606023036,1,0,98
L1_legacy_uniform_global,0,5,469,2,1,0,0.21266250491243457,1,0,98
L1_legacy_uniform_global,0,5,471,1,0,1,0.8953700190075682,0,1,98
L1_legacy_uniform_global,0,5,500,1,0,1,0.9115246269401946,0,1,98
L1_legacy_uniform_global,0,5,504,1,0,1,0.8968450625598159,0,1,98
L1_legacy_uniform_global,0,5,529,1,0,1,0.913339432840283,0,1,98
L1_legacy_uniform_global,0,5,533,1,0,1,0.9192703919929827,0,1,98
L1_legacy_uniform_global,0,5,556,1,0,1,0.9184061614917571,0,1,98
L1_legacy_uniform_global,0,5,560,1,0,1,0.9174775213609812,0,1,98
L1_legacy_uniform_global,0,5,567,2,1,0,0.1448117761147111,1,0,98
L1_legacy_uniform_global,0,5,570,2,1,0,0.14407775942086373,1,0,98
L1_legacy_uniform_global,0,5,574,2,1,0,0.3205321934385893,1,0,98
L1_legacy_uniform_global,0,5,597,2,1,0,0.25639536489564196,1,0,98
L1_legacy_uniform_global,0,5,601,2,1,0,0.1578804802278055,1,0,98
L1_legacy_uniform_global,0,5,621,2,1,0,0.15091485268744997,1,0,98
L1_legacy_uniform_global,0,5,624,2,1,0,0.15371895907729055,1,0,98
L1_legacy_uniform_global,0,5,625,2,1,0,0.25793824927463255,1,0,98
L1_legacy_uniform_global,0,5,628,2,1,0,0.2240842322214228,1,0,98
L1_legacy_uniform_global,0,5,643,2,1,0,0.19754618005640814,1,0,98
L1_legacy_uniform_global,0,5,647,2,1,0,0.14435189894122827,1,0,98
L1_legacy_uniform_global,0,5,650,2,1,0,0.15223922220216507,1,0,98
L1_legacy_uniform_global,0,5,654,2,1,0,0.22852460085719295,1,0,98
L1_legacy_uniform_global,0,5,656,2,1,0,0.14504286897965965,1,0,98
L1_legacy_uniform_global,0,5,659,2,1,0,0.14428712502957286,1,0,98
L1_legacy_uniform_global,0,5,671,2,1,0,0.1507734600374852,1,0,98
L1_legacy_uniform_global,0,5,674,1,0,1,0.9130844272593218,0,1,98
L1_legacy_uniform_global,0,5,680,1,0,1,0.5767871669891695,0,1,98
L1_legacy_uniform_global,0,5,702,1,0,1,0.912752895191543,0,1,98
L1_legacy_uniform_global,0,5,733,1,0,1,0.9187587218876558,0,1,98
L1_legacy_uniform_global,0,5,734,1,0,1,0.9181831999846983,0,1,98
L1_legacy_uniform_global,0,5,741,2,1,0,0.2284789473981013,1,0,98
L1_legacy_uniform_global,0,5,748,2,1,0,0.1464212017727526,1,0,98
L1_legacy_uniform_global,0,5,749,2,1,0,0.91904891884219,0,1,98
L1_legacy_uniform_global,0,5,757,2,1,0,0.14342126977053773,1,0,98
L1_legacy_uniform_global,0,5,758,2,1,0,0.17789345291800182,1,0,98
L1_legacy_uniform_global,0,5,761,2,1,0,0.1447558033211073,1,0,98
L1_legacy_uniform_global,0,5,764,1,0,1,0.918155761151981,0,1,98
L1_legacy_uniform_global,0,5,768,1,0,1,0.9185834650596082,0,1,98
L1_legacy_uniform_global,0,5,785,1,0,1,0.9190338203432801,0,1,98
L1_legacy_uniform_global,0,5,789,1,0,1,0.9181532505841993,0,1,98
L1_legacy_uniform_global,0,5,796,1,0,1,0.9192454136714049,0,1,98
L1_legacy_uniform_global,0,5,797,2,1,0,0.14351607057775626,1,0,98
L1_legacy_uniform_global,0,5,804,2,1,0,0.14405929704097467,1,0,98
L1_legacy_uniform_global,0,5,807,2,1,0,0.14362409974478627,1,0,98
L1_legacy_uniform_global,0,5,808,2,1,0,0.6050853627124834,0,1,98
L1_legacy_uniform_global,0,5,814,1,0,1,0.8983923203002716,0,1,98
L1_legacy_uniform_global,0,5,829,1,0,1,0.9095402615942091,0,1,98
L1_legacy_uniform_global,0,5,846,2,1,0,0.1725884818384589,1,0,98
L1_legacy_uniform_global,0,5,864,1,0,1,0.9157730016228022,0,1,98
L1_legacy_uniform_global,0,5,867,1,0,1,0.9192467218145358,0,1,98
L1_legacy_uniform_global,0,5,870,1,0,1,0.5190599096930885,0,1,98
L1_legacy_uniform_global,0,6,7,1,0,1,0.8569288053805325,0,1,94
L1_legacy_uniform_global,0,6,12,1,0,1,0.649000213107439,0,1,94
L1_legacy_uniform_global,0,6,22,2,1,0,0.08542181053352904,1,0,94
L1_legacy_uniform_global,0,6,25,2,1,0,0.0853711749403021,1,0,94
L1_legacy_uniform_global,0,6,28,2,1,0,0.08581975224396247,1,0,94
L1_legacy_uniform_global,0,6,30,2,1,0,0.5537855350845294,0,1,94
L1_legacy_uniform_global,0,6,31,2,1,0,0.0900708574688179,1,0,94
L1_legacy_uniform_global,0,6,38,2,1,0,0.16684638840478694,1,0,94
L1_legacy_uniform_global,0,6,51,2,1,0,0.25208425181476085,1,0,94
L1_legacy_uniform_global,0,6,60,2,1,0,0.08914513307926743,1,0,94
L1_legacy_uniform_global,0,6,68,1,0,1,0.7518312871583811,0,1,94
L1_legacy_uniform_global,0,6,71,1,0,1,0.867919436369385,0,1,94
L1_legacy_uniform_global,0,6,76,1,0,1,0.7040673158309985,0,1,94
L1_legacy_uniform_global,0,6,102,2,1,0,0.08499630489419269,1,0,94
L1_legacy_uniform_global,0,6,110,1,0,1,0.5287034073184277,0,1,94
L1_legacy_uniform_global,0,6,129,2,1,0,0.08554819441122995,1,0,94
L1_legacy_uniform_global,0,6,137,1,0,1,0.7279566828741402,0,1,94
L1_legacy_uniform_global,0,6,150,2,1,0,0.08509574109367897,1,0,94
L1_legacy_uniform_global,0,6,174,1,0,1,0.7630743266959062,0,1,94
L1_legacy_uniform_global,0,6,176,1,0,1,0.8334685047703337,0,1,94
L1_legacy_uniform_global,0,6,179,1,0,1,0.7803748307676406,0,1,94
L1_legacy_uniform_global,0,6,188,1,0,1,0.6982458228271032,0,1,94
L1_legacy_uniform_global,0,6,194,1,0,1,0.8634383117275115,0,1,94
L1_legacy_uniform_global,0,6,209,2,1,0,0.08980918418525155,1,0,94
L1_legacy_uniform_global,0,6,212,2,1,0,0.3843579765172904,1,0,94
L1_legacy_uniform_global,0,6,213,2,1,0,0.09083576850991862,1,0,94
L1_legacy_uniform_global,0,6,215,2,1,0,0.08835764841245382,1,0,94
L1_legacy_uniform_global,0,6,225,2,1,0,0.09085539181221285,1,0,94
L1_legacy_uniform_global,0,6,240,2,1,0,0.08704386699439345,1,0,94
L1_legacy_uniform_global,0,6,247,2,1,0,0.24867475769879482,1,0,94
L1_legacy_uniform_global,0,6,252,2,1,0,0.08517770512426927,1,0,94
L1_legacy_uniform_global,0,6,253,2,1,0,0.08511749304418166,1,0,94
L1_legacy_uniform_global,0,6,255,2,1,0,0.08983931617349496,1,0,94
L1_legacy_uniform_global,0,6,268,1,0,1,0.8671024162954902,0,1,94
L1_legacy_uniform_global,0,6,279,2,1,0,0.0851505171226781,1,0,94
L1_legacy_uniform_global,0,6,281,2,1,0,0.08737315154802894,1,0,94
L1_legacy_uniform_global,0,6,308,1,0,1,0.8564677175016193,0,1,94
L1_legacy_uniform_global,0,6,309,1,0,1,0.8681522617259456,0,1,94
L1_legacy_uniform_global,0,6,315,1,0,1,0.8461252104251327,0,1,94
L1_legacy_uniform_global,0,6,332,1,0,1,0.8679063223989312,0,1,94
L1_legacy_uniform_global,0,6,338,1,0,1,0.8682143460978954,0,1,94
L1_legacy_uniform_global,0,6,342,1,0,1,0.7793659560121372,0,1,94
L1_legacy_uniform_global,0,6,355,2,1,0,0.08546532370172545,1,0,94
L1_legacy_uniform_global,0,6,358,2,1,0,0.1245145407127901,1,0,94
L1_legacy_uniform_global,0,6,361,2,1,0,0.199548962392128,1,0,94
L1_legacy_uniform_global,0,6,369,1,0,1,0.13184650841970177,1,0,94
L1_legacy_uniform_global,0,6,377,1,0,1,0.8644966671556449,0,1,94
L1_legacy_uniform_global,0,6,389,1,0,1,0.7123121427664166,0,1,94
L1_legacy_uniform_global,0,6,403,2,1,0,0.08507383243631926,1,0,94
L1_legacy_uniform_global,0,6,409,1,0,1,0.08571716065911014,1,0,94
L1_legacy_uniform_global,0,6,413,1,0,1,0.8611877804855425,0,1,94
L1_legacy_uniform_global,0,6,415,1,0,1,0.8413903552300269,0,1,94
L1_legacy_uniform_global,0,6,419,1,0,1,0.8671094969408164,0,1,94
L1_legacy_uniform_global,0,6,422,2,1,0,0.08504836057342811,1,0,94
L1_legacy_uniform_global,0,6,437,2,1,0,0.08636617737730425,1,0,94
L1_legacy_uniform_global,0,6,438,2,1,0,0.085271172927324,1,0,94
L1_legacy_uniform_global,0,6,443,2,1,0,0.08849276428321956,1,0,94
L1_legacy_uniform_global,0,6,447,1,0,1,0.5371812768302384,0,1,94
L1_legacy_uniform_global,0,6,449,1,0,1,0.646144463193406,0,1,94
L1_legacy_uniform_global,0,6,470,2,1,0,0.08517638511791475,1,0,94
L1_legacy_uniform_global,0,6,488,2,1,0,0.08495685868290916,1,0,94
L1_legacy_uniform_global,0,6,492,1,0,1,0.08500388422924923,1,0,94
L1_legacy_uniform_global,0,6,495,1,0,1,0.552528131408869,0,1,94
L1_legacy_uniform_global,0,6,505,1,0,1,0.8681448879654889,0,1,94
L1_legacy_uniform_global,0,6,517,1,0,1,0.8578126237001046,0,1,94
L1_legacy_uniform_global,0,6,523,1,0,1,0.8662864751354439,0,1,94
L1_legacy_uniform_global,0,6,547,1,0,1,0.8680630434302141,0,1,94
L1_legacy_uniform_global,0,6,552,1,0,1,0.8577946390459568,0,1,94
L1_legacy_uniform_global,0,6,580,2,1,0,0.10158053149450162,1,0,94
L1_legacy_uniform_global,0,6,581,2,1,0,0.09159815559653141,1,0,94
L1_legacy_uniform_global,0,6,582,2,1,0,0.08787409787287508,1,0,94
L1_legacy_uniform_global,0,6,600,2,1,0,0.08711169304919254,1,0,94
L1_legacy_uniform_global,0,6,615,2,1,0,0.09225696303603063,1,0,94
L1_legacy_uniform_global,0,6,634,2,1,0,0.09286666814913024,1,0,94
L1_legacy_uniform_global,0,6,663,2,1,0,0.0901212294057011,1,0,94
L1_legacy_uniform_global,0,6,684,1,0,1,0.8467812574393182,0,1,94
L1_legacy_uniform_global,0,6,699,1,0,1,0.6261177997659662,0,1,94
L1_legacy_uniform_global,0,6,708,1,0,1,0.17047417221142855,1,0,94
L1_legacy_uniform_global,0,6,740,2,1,0,0.08787108100693543,1,0,94
L1_legacy_uniform_global,0,6,752,2,1,0,0.08898746279845508,1,0,94
L1_legacy_uniform_global,0,6,760,2,1,0,0.08516830306355658,1,0,94
L1_legacy_uniform_global,0,6,811,2,1,0,0.0851224245298297,1,0,94
L1_legacy_uniform_global,0,6,821,2,1,0,0.09164772101714666,1,0,94
L1_legacy_uniform_global,0,6,833,2,1,0,0.08562485756121402,1,0,94
L1_legacy_uniform_global,0,6,843,2,1,0,0.12249495536652477,1,0,94
L1_legacy_uniform_global,0,6,859,1,0,1,0.7995488990602377,0,1,94
L1_legacy_uniform_global,0,6,861,1,0,1,0.8381032412617363,0,1,94
L1_legacy_uniform_global,0,7,16,1,0,1,0.9292178500083838,0,1,116
L1_legacy_uniform_global,0,7,26,2,1,0,0.1417379250134433,1,0,116
L1_legacy_uniform_global,0,7,40,2,1,0,0.11579414829944454,1,0,116
L1_legacy_uniform_global,0,7,54,2,1,0,0.38449064553333845,1,0,116
L1_legacy_uniform_global,0,7,80,1,0,1,0.9293480778367063,0,1,116
L1_legacy_uniform_global,0,7,82,1,0,1,0.4229395721023806,1,0,116
L1_legacy_uniform_global,0,7,90,2,1,0,0.4291792446445722,1,0,116
L1_legacy_uniform_global,0,7,91,2,1,0,0.11750897130610437,1,0,116
L1_legacy_uniform_global,0,7,95,2,1,0,0.11063399879325476,1,0,116
L1_legacy_uniform_global,0,7,104,1,0,1,0.9293783508567708,0,1,116
L1_legacy_uniform_global,0,7,153,2,1,0,0.11052245312695018,1,0,116
L1_legacy_uniform_global,0,7,156,2,1,0,0.11151136243867196,1,0,116
L1_legacy_uniform_global,0,7,165,1,0,1,0.9295302501650077,0,1,116
L1_legacy_uniform_global,0,7,166,1,0,1,0.9299243900061566,0,1,116
L1_legacy_uniform_global,0,7,169,1,0,1,0.9146237476331558,0,1,116
L1_legacy_uniform_global,0,7,178,1,0,1,0.9299792374444571,0,1,116
L1_legacy_uniform_global,0,7,189,1,0,1,0.9298884111231172,0,1,116
L1_legacy_uniform_global,0,7,190,1,0,1,0.929880887119068,0,1,116
L1_legacy_uniform_global,0,7,191,1,0,1,0.8830338647843076,0,1,116
L1_legacy_uniform_global,0,7,208,2,1,0,0.10990575770113292,1,0,116
L1_legacy_uniform_global,0,7,214,2,1,0,0.12110731055463465,1,0,116
L1_legacy_uniform_global,0,7,224,2,1,0,0.31270339952627046,1,0,116
L1_legacy_uniform_global,0,7,233,2,1,0,0.1910397427934751,1,0,116
L1_legacy_uniform_global,0,7,245,2,1,0,0.1050004026755957,1,0,116
L1_legacy_uniform_global,0,7,246,2,1,0,0.10577096048055246,1,0,116
L1_legacy_uniform_global,0,7,251,2,1,0,0.9293310860475588,0,1,116
L1_legacy_uniform_global,0,7,261,1,0,1,0.928463463929,0,1,116
L1_legacy_uniform_global,0,7,276,2,1,0,0.10563172407050044,1,0,116
L1_legacy_uniform_global,0,7,285,2,1,0,0.10634510766695492,1,0,116
L1_legacy_uniform_global,0,7,289,2,1,0,0.10519783130720381,1,0,116
L1_legacy_uniform_global,0,7,296,2,1,0,0.10455005741230558,1,0,116
L1_legacy_uniform_global,0,7,298,2,1,0,0.12417195475291602,1,0,116
L1_legacy_uniform_global,0,7,304,2,1,0,0.13206012260137404,1,0,116
L1_legacy_uniform_global,0,7,314,1,0,1,0.9288339748816552,0,1,116
L1_legacy_uniform_global,0,7,325,1,0,1,0.9298818154919658,0,1,116
L1_legacy_uniform_global,0,7,350,2,1,0,0.7399688467055995,0,1,116
L1_legacy_uniform_global,0,7,398,2,1,0,0.37822132684924403,1,0,116
L1_legacy_uniform_global,0,7,420,2,1,0,0.11095724791426881,1,0,116
L1_legacy_uniform_global,0,7,423,1,0,1,0.9275196166137378,0,1,116
L1_legacy_uniform_global,0,7,424,1,0,1,0.927012658341629,0,1,116
L1_legacy_uniform_global,0,7,428,2,1,0,0.10520380078252366,1,0,116
L1_legacy_uniform_global,0,7,452,1,0,1,0.9018734318938154,0,1,116
L1_legacy_uniform_global,0,7,459,2,1,0,0.10454180700805649,1,0,116
L1_legacy_uniform_global,0,7,474,1,0,1,0.9294269476247841,0,1,116
L1_legacy_uniform_global,0,7,479,1,0,1,0.9243101273881084,0,1,116
L1_legacy_uniform_global,0,7,480,1,0,1,0.9298135825534409,0,1,116
L1_legacy_uniform_global,0,7,484,2,1,0,0.11358386527848012,1,0,116
L1_legacy_uniform_global,0,7,485,2,1,0,0.10532735462591308,1,0,116
L1_legacy_uniform_global,0,7,487,2,1,0,0.10444820680294625,1,0,116
L1_legacy_uniform_global,0,7,494,1,0,1,0.9270140949535075,0,1,116
L1_legacy_uniform_global,0,7,512,1,0,1,0.9295053254805563,0,1,116
L1_legacy_uniform_global,0,7,515,1,0,1,0.9285746708776877,0,1,116
L1_legacy_uniform_global,0,7,518,1,0,1,0.9296735437067344,0,1,116
L1_legacy_uniform_global,0,7,520,1,0,1,0.6441613478604717,0,1,116
L1_legacy_uniform_global,0,7,526,1,0,1,0.9265604918134341,0,1,116
L1_legacy_uniform_global,0,7,536,1,0,1,0.9297068266523323,0,1,116
L1_legacy_uniform_global,0,7,540,1,0,1,0.9278456519128185,0,1,116
L1_legacy_uniform_global,0,7,545,1,0,1,0.9278505808869327,0,1,116
L1_legacy_uniform_global,0,7,578,2,1,0,0.11209689077229819,1,0,116
L1_legacy_uniform_global,0,7,590,2,1,0,0.1054161378254931,1,0,116
L1_legacy_uniform_global,0,7,603,2,1,0,0.1700798112022856,1,0,116
L1_legacy_uniform_global,0,7,617,2,1,0,0.10830811241831,1,0,116
L1_legacy_uniform_global,0,7,630,2,1,0,0.10543126907715457,1,0,116
L1_legacy_uniform_global,0,7,641,2,1,0,0.3956764861778351,1,0,116
L1_legacy_uniform_global,0,7,644,2,1,0,0.10630021406134292,1,0,116
L1_legacy_uniform_global,0,7,666,2,1,0,0.10499619703995895,1,0,116
L1_legacy_uniform_global,0,7,667,2,1,0,0.10454001244440538,1,0,116
L1_legacy_uniform_global,0,7,672,2,1,0,0.11311469231923624,1,0,116
L1_legacy_uniform_global,0,7,675,1,0,1,0.9296898213772513,0,1,116
L1_legacy_uniform_global,0,7,685,1,0,1,0.9295441567534467,0,1,116
L1_legacy_uniform_global,0,7,706,1,0,1,0.9283952382272093,0,1,116
L1_legacy_uniform_global,0,7,715,1,0,1,0.9252670468220756,0,1,116
L1_legacy_uniform_global,0,7,720,1,0,1,0.9298855289928255,0,1,116
L1_legacy_uniform_global,0,7,725,1,0,1,0.9299757314351234,0,1,116
L1_legacy_uniform_global,0,7,746,2,1,0,0.12066282978933121,1,0,116
L1_legacy_uniform_global,0,7,763,1,0,1,0.9286327528335862,0,1,116
L1_legacy_uniform_global,0,7,775,2,1,0,0.10865580340872406,1,0,116
L1_legacy_uniform_global,0,7,781,2,1,0,0.10441476824280733,1,0,116
L1_legacy_uniform_global,0,7,790,1,0,1,0.9294923474571203,0,1,116
L1_legacy_uniform_global,0,7,792,1,0,1,0.9290365210752876,0,1,116
L1_legacy_uniform_global,0,7,799,2,1,0,0.10433879323061948,1,0,116
L1_legacy_uniform_global,0,7,803,2,1,0,0.10428181717373934,1,0,116
L1_legacy_uniform_global,0,7,837,2,1,0,0.10682480604704189,1,0,116
L1_legacy_uniform_global,0,7,838,2,1,0,0.1110077076762483,1,0,116
L1_legacy_uniform_global,0,7,841,2,1,0,0.11032926142362967,1,0,116
L1_legacy_uniform_global,0,7,860,1,0,1,0.26450300969861473,1,0,116
L1_legacy_uniform_global,0,7,865,1,0,1,0.9299311937950842,0,1,116
L1_legacy_uniform_global,0,8,5,1,0,1,0.861567493875238,0,1,180
L1_legacy_uniform_global,0,8,9,1,0,1,0.8658651481336218,0,1,180
L1_legacy_uniform_global,0,8,23,2,1,0,0.07357535976793995,1,0,180
L1_legacy_uniform_global,0,8,24,2,1,0,0.07278601892188119,1,0,180
L1_legacy_uniform_global,0,8,73,1,0,1,0.8668359392308669,0,1,180
L1_legacy_uniform_global,0,8,75,1,0,1,0.866309736879033,0,1,180
L1_legacy_uniform_global,0,8,85,1,0,1,0.8668334333632494,0,1,180
L1_legacy_uniform_global,0,8,105,1,0,1,0.8664615860911475,0,1,180
L1_legacy_uniform_global,0,8,120,2,1,0,0.07380479424341672,1,0,180
L1_legacy_uniform_global,0,8,124,2,1,0,0.07303477217109942,1,0,180
L1_legacy_uniform_global,0,8,134,1,0,1,0.8665119802971031,0,1,180
L1_legacy_uniform_global,0,8,138,1,0,1,0.8666930905080401,0,1,180
L1_legacy_uniform_global,0,8,139,1,0,1,0.8669305345728106,0,1,180
L1_legacy_uniform_global,0,8,155,2,1,0,0.07279915673660257,1,0,180
L1_legacy_uniform_global,0,8,173,1,0,1,0.7084829270060571,0,1,180
L1_legacy_uniform_global,0,8,201,2,1,0,0.07357855243256516,1,0,180
L1_legacy_uniform_global,0,8,216,2,1,0,0.07309697992418675,1,0,180
L1_legacy_uniform_global,0,8,228,2,1,0,0.07363899359277007,1,0,180
L1_legacy_uniform_global,0,8,229,2,1,0,0.07381786955208691,1,0,180
L1_legacy_uniform_global,0,8,235,2,1,0,0.0729187207841646,1,0,180
L1_legacy_uniform_global,0,8,239,2,1,0,0.07285433714095543,1,0,180
L1_legacy_uniform_global,0,8,269,1,0,1,0.865883908420848,0,1,180
L1_legacy_uniform_global,0,8,272,2,1,0,0.07412857290656859,1,0,180
L1_legacy_uniform_global,0,8,273,2,1,0,0.07423817733485881,1,0,180
L1_legacy_uniform_global,0,8,290,2,1,0,0.4988549360913407,1,0,180
L1_legacy_uniform_global,0,8,291,2,1,0,0.07374405876017019,1,0,180
L1_legacy_uniform_global,0,8,299,2,1,0,0.0729951512831492,1,0,180
L1_legacy_uniform_global,0,8,313,1,0,1,0.8668836812677142,0,1,180
L1_legacy_uniform_global,0,8,324,1,0,1,0.866920858841348,0,1,180
L1_legacy_uniform_global,0,8,330,1,0,1,0.5324861033689906,0,1,180
L1_legacy_uniform_global,0,8,343,1,0,1,0.8478562124971504,0,1,180
L1_legacy_uniform_global,0,8,344,1,0,1,0.8618468632729978,0,1,180
L1_legacy_uniform_global,0,8,362,2,1,0,0.072743046895348,1,0,180
L1_legacy_uniform_global,0,8,380,1,0,1,0.8668630779828719,0,1,180
L1_legacy_uniform_global,0,8,388,1,0,1,0.8664447628517272,0,1,180
L1_legacy_uniform_global,0,8,400,2,1,0,0.08937946674221585,1,0,180
L1_legacy_uniform_global,0,8,402,2,1,0,0.0727976293655326,1,0,180
L1_legacy_uniform_global,0,8,404,2,1,0,0.07290662170430069,1,0,180
L1_legacy_uniform_global,0,8,421,1,0,1,0.6919531771146196,0,1,180
L1_legacy_uniform_global,0,8,427,1,0,1,0.8663304948335445,0,1,180
L1_legacy_uniform_global,0,8,431,2,1,0,0.07376058764875862,1,0,180
L1_legacy_uniform_global,0,8,463,2,1,0,0.07275059161941869,1,0,180
L1_legacy_uniform_global,0,8,472,1,0,1,0.8663425780510178,0,1,180
L1_legacy_uniform_global,0,8,473,1,0,1,0.8664327685850184,0,1,180
L1_legacy_uniform_global,0,8,477,1,0,1,0.865839756590321,0,1,180
L1_legacy_uniform_global,0,8,486,2,1,0,0.07414068033109504,1,0,180
L1_legacy_uniform_global,0,8,519,1,0,1,0.8653621653444215,0,1,180
L1_legacy_uniform_global,0,8,521,1,0,1,0.8658493170382786,0,1,180
L1_legacy_uniform_global,0,8,524,1,0,1,0.86573288287147,0,1,180
L1_legacy_uniform_global,0,8,530,1,0,1,0.8666920185858268,0,1,180
L1_legacy_uniform_global,0,8,538,1,0,1,0.8667914159508125,0,1,180
L1_legacy_uniform_global,0,8,548,1,0,1,0.8623687100060844,0,1,180
L1_legacy_uniform_global,0,8,549,1,0,1,0.8664921992857376,0,1,180
L1_legacy_uniform_global,0,8,554,1,0,1,0.8668118367013584,0,1,180
L1_legacy_uniform_global,0,8,563,1,0,1,0.8668299329108184,0,1,180
L1_legacy_uniform_global,0,8,565,2,1,0,0.07378853692903849,1,0,180
L1_legacy_uniform_global,0,8,573,2,1,0,0.08068059318603482,1,0,180
L1_legacy_uniform_global,0,8,593,2,1,0,0.07431129563104598,1,0,180
L1_legacy_uniform_global,0,8,608,2,1,0,0.07482475163743707,1,0,180
L1_legacy_uniform_global,0,8,613,2,1,0,0.07412692927729153,1,0,180
L1_legacy_uniform_global,0,8,618,2,1,0,0.07379831903970553,1,0,180
L1_legacy_uniform_global,0,8,620,2,1,0,0.1676667179006662,1,0,180
L1_legacy_uniform_global,0,8,635,2,1,0,0.07561516020870439,1,0,180
L1_legacy_uniform_global,0,8,652,2,1,0,0.8477095313239867,0,1,180
L1_legacy_uniform_global,0,8,653,2,1,0,0.07276918793514035,1,0,180
L1_legacy_uniform_global,0,8,668,2,1,0,0.07324861837065387,1,0,180
L1_legacy_uniform_global,0,8,682,1,0,1,0.8667635690739276,0,1,180
L1_legacy_uniform_global,0,8,687,2,1,0,0.07823087137219012,1,0,180
L1_legacy_uniform_global,0,8,717,1,0,1,0.8653675296399124,0,1,180
L1_legacy_uniform_global,0,8,719,1,0,1,0.8629281233665931,0,1,180
L1_legacy_uniform_global,0,8,731,1,0,1,0.8652697912034664,0,1,180
L1_legacy_uniform_global,0,8,743,2,1,0,0.8510538515787501,0,1,180
L1_legacy_uniform_global,0,8,751,2,1,0,0.07274067090289055,1,0,180
L1_legacy_uniform_global,0,8,759,2,1,0,0.08838320529317237,1,0,180
L1_legacy_uniform_global,0,8,770,1,0,1,0.8666504600214091,0,1,180
L1_legacy_uniform_global,0,8,773,1,0,1,0.8654565353760711,0,1,180
L1_legacy_uniform_global,0,8,782,2,1,0,0.07421131395951393,1,0,180
L1_legacy_uniform_global,0,8,809,2,1,0,0.07318369916674752,1,0,180
L1_legacy_uniform_global,0,8,810,2,1,0,0.07396536014745893,1,0,180
L1_legacy_uniform_global,0,8,816,2,1,0,0.8667006973194221,0,1,180
L1_legacy_uniform_global,0,8,826,2,1,0,0.07336997016438997,1,0,180
L1_legacy_uniform_global,0,8,827,2,1,0,0.07280521446698177,1,0,180
L1_legacy_uniform_global,0,8,830,1,0,1,0.8656172898786058,0,1,180
L1_legacy_uniform_global,0,8,844,2,1,0,0.07381825674323693,1,0,180
L1_legacy_uniform_global,0,8,849,2,1,0,0.07323026618315619,1,0,180
L1_legacy_uniform_global,0,8,855,2,1,0,0.07657930228465912,1,0,180
L1_legacy_uniform_global,0,8,858,1,0,1,0.5906461373752963,0,1,180
L1_legacy_uniform_global,0,9,1,1,0,1,0.611037878012335,0,1,62
L1_legacy_uniform_global,0,9,15,1,0,1,0.556007404627555,0,1,62
L1_legacy_uniform_global,0,9,39,2,1,0,0.5584740483770689,0,1,62
L1_legacy_uniform_global,0,9,47,1,0,1,0.38234942734129,1,0,62
L1_legacy_uniform_global,0,9,48,2,1,0,0.4940010385475646,1,0,62
L1_legacy_uniform_global,0,9,62,2,1,0,0.5764349222298233,0,1,62
L1_legacy_uniform_global,0,9,89,1,0,1,0.6355721477051338,0,1,62
L1_legacy_uniform_global,0,9,101,2,1,0,0.4533513955358042,1,0,62
L1_legacy_uniform_global,0,9,107,1,0,1,0.38379316821931164,1,0,62
L1_legacy_uniform_global,0,9,121,2,1,0,0.38147714145172995,1,0,62
L1_legacy_uniform_global,0,9,127,2,1,0,0.3804844065978605,1,0,62
L1_legacy_uniform_global,0,9,168,1,0,1,0.551203270111611,0,1,62
L1_legacy_uniform_global,0,9,193,1,0,1,0.5487156879151377,0,1,62
L1_legacy_uniform_global,0,9,196,1,0,1,0.4520341602782301,1,0,62
L1_legacy_uniform_global,0,9,254,2,1,0,0.3920680147438182,1,0,62
L1_legacy_uniform_global,0,9,259,1,0,1,0.41290767445919857,1,0,62
L1_legacy_uniform_global,0,9,260,1,0,1,0.5173084793627396,0,1,62
L1_legacy_uniform_global,0,9,265,1,0,1,0.381429872474567,1,0,62
L1_legacy_uniform_global,0,9,295,2,1,0,0.4819170524139397,1,0,62
L1_legacy_uniform_global,0,9,300,2,1,0,0.5819162483450601,0,1,62
L1_legacy_uniform_global,0,9,301,2,1,0,0.45710415351708267,1,0,62
L1_legacy_uniform_global,0,9,311,1,0,1,0.5927375380664367,0,1,62
L1_legacy_uniform_global,0,9,312,1,0,1,0.45813238302794496,1,0,62
L1_legacy_uniform_global,0,9,322,1,0,1,0.6341618890357816,0,1,62
L1_legacy_uniform_global,0,9,331,1,0,1,0.6063239414050005,0,1,62
L1_legacy_uniform_global,0,9,365,2,1,0,0.5057591323681357,0,1,62
L1_legacy_uniform_global,0,9,366,2,1,0,0.38100834872472683,1,0,62
L1_legacy_uniform_global,0,9,375,1,0,1,0.5532622725562993,0,1,62
L1_legacy_uniform_global,0,9,392,1,0,1,0.6066425244529208,0,1,62
L1_legacy_uniform_global,0,9,393,1,0,1,0.575113099701791,0,1,62
L1_legacy_uniform_global,0,9,395,1,0,1,0.5064411535330491,0,1,62
L1_legacy_uniform_global,0,9,396,1,0,1,0.5076677755460082,0,1,62
L1_legacy_uniform_global,0,9,401,2,1,0,0.6363939641938118,0,1,62
L1_legacy_uniform_global,0,9,418,2,1,0,0.624366738881634,0,1,62
L1_legacy_uniform_global,0,9,440,2,1,0,0.49355182759515287,1,0,62
L1_legacy_uniform_global,0,9,442,2,1,0,0.5382169838106459,0,1,62
L1_legacy_uniform_global,0,9,448,1,0,1,0.6335049239567424,0,1,62
L1_legacy_uniform_global,0,9,454,1,0,1,0.6364302851548824,0,1,62
L1_legacy_uniform_global,0,9,458,2,1,0,0.6262526684077376,0,1,62
L1_legacy_uniform_global,0,9,464,2,1,0,0.4797594879477438,1,0,62
L1_legacy_uniform_global,0,9,483,2,1,0,0.38371592422971146,1,0,62
L1_legacy_uniform_global,0,9,491,1,0,1,0.6020971682156928,0,1,62
L1_legacy_uniform_global,0,9,503,1,0,1,0.4932277772856344,1,0,62
L1_legacy_uniform_global,0,9,532,1,0,1,0.6080678007999692,0,1,62
L1_legacy_uniform_global,0,9,550,1,0,1,0.6366415378396357,0,1,62
L1_legacy_uniform_global,0,9,561,1,0,1,0.6239790773355572,0,1,62
L1_legacy_uniform_global,0,9,569,2,1,0,0.38144542352613575,1,0,62
L1_legacy_uniform_global,0,9,571,2,1,0,0.38656290357795103,1,0,62
L1_legacy_uniform_global,0,9,575,2,1,0,0.3949215002618548,1,0,62
L1_legacy_uniform_global,0,9,588,2,1,0,0.38034001643599713,1,0,62
L1_legacy_uniform_global,0,9,591,2,1,0,0.5560449873651213,0,1,62
L1_legacy_uniform_global,0,9,594,2,1,0,0.3971020453021154,1,0,62
L1_legacy_uniform_global,0,9,598,2,1,0,0.506698284849473,0,1,62
L1_legacy_uniform_global,0,9,602,2,1,0,0.39538290164914075,1,0,62
L1_legacy_uniform_global,0,9,604,2,1,0,0.3831851525908599,1,0,62
L1_legacy_uniform_global,0,9,611,2,1,0,0.5957916656551993,0,1,62
L1_legacy_uniform_global,0,9,614,2,1,0,0.380309277115436,1,0,62
L1_legacy_uniform_global,0,9,627,2,1,0,0.4543251182099143,1,0,62
L1_legacy_uniform_global,0,9,637,2,1,0,0.4469768128551539,1,0,62
L1_legacy_uniform_global,0,9,638,2,1,0,0.6173498765037121,0,1,62
L1_legacy_uniform_global,0,9,649,2,1,0,0.583404083430647,0,1,62
L1_legacy_uniform_global,0,9,660,2,1,0,0.45384654387902895,1,0,62
L1_legacy_uniform_global,0,9,679,1,0,1,0.49492924264083654,1,0,62
L1_legacy_uniform_global,0,9,689,2,1,0,0.47695675889799494,1,0,62
L1_legacy_uniform_global,0,9,704,1,0,1,0.6273957098949994,0,1,62
L1_legacy_uniform_global,0,9,707,1,0,1,0.6354152554711298,0,1,62
L1_legacy_uniform_global,0,9,711,1,0,1,0.5294107837388592,0,1,62
L1_legacy_uniform_global,0,9,721,1,0,1,0.5888225800768301,0,1,62
L1_legacy_uniform_global,0,9,726,1,0,1,0.5267349546399381,0,1,62
L1_legacy_uniform_global,0,9,729,1,0,1,0.5750360104712267,0,1,62
L1_legacy_uniform_global,0,9,744,2,1,0,0.38536430938327426,1,0,62
L1_legacy_uniform_global,0,9,750,2,1,0,0.429416190796137,1,0,62
L1_legacy_uniform_global,0,9,777,2,1,0,0.5600544142911809,0,1,62
L1_legacy_uniform_global,0,9,787,1,0,1,0.5487197761808252,0,1,62
L1_legacy_uniform_global,0,9,788,1,0,1,0.5816692401611597,0,1,62
L1_legacy_uniform_global,0,9,794,1,0,1,0.5326400580491624,0,1,62
L1_legacy_uniform_global,0,9,802,2,1,0,0.5564048032355363,0,1,62
L1_legacy_uniform_global,0,9,805,2,1,0,0.52681056127211,0,1,62
L1_legacy_uniform_global,0,9,812,1,0,1,0.40319081542736396,1,0,62
L1_legacy_uniform_global,0,9,818,2,1,0,0.5892942209659668,0,1,62
L1_legacy_uniform_global,0,9,822,2,1,0,0.41433435996613366,1,0,62
L1_legacy_uniform_global,0,9,823,2,1,0,0.5451552703617585,0,1,62
L1_legacy_uniform_global,0,9,847,2,1,0,0.3820156797018839,1,0,62
L1_legacy_uniform_global,0,9,848,2,1,0,0.3840203240333399,1,0,62
L1_legacy_uniform_global,0,9,850,2,1,0,0.45093808922392187,1,0,62
L1_legacy_uniform_global,0,9,863,1,0,1,0.42558083191905344,1,0,62
L1_legacy_uniform_global,0,9,866,1,0,1,0.5870767329430587,0,1,62
L1_legacy_uniform_global,0,10,11,1,0,1,0.5262031264426776,0,1,39
L1_legacy_uniform_global,0,10,41,2,1,0,0.4403828058170617,1,0,39
L1_legacy_uniform_global,0,10,44,1,0,1,0.5021927605352909,0,1,39
L1_legacy_uniform_global,0,10,52,2,1,0,0.44532962983665,1,0,39
L1_legacy_uniform_global,0,10,59,2,1,0,0.437378966767808,1,0,39
L1_legacy_uniform_global,0,10,65,1,0,1,0.4397000253228558,1,0,39
L1_legacy_uniform_global,0,10,92,2,1,0,0.4993636181510318,1,0,39
L1_legacy_uniform_global,0,10,93,2,1,0,0.43940960378080424,1,0,39
L1_legacy_uniform_global,0,10,94,2,1,0,0.48558929604809653,1,0,39
L1_legacy_uniform_global,0,10,108,1,0,1,0.43838365048289113,1,0,39
L1_legacy_uniform_global,0,10,115,2,1,0,0.43990690880686606,1,0,39
L1_legacy_uniform_global,0,10,117,2,1,0,0.437739713178159,1,0,39
L1_legacy_uniform_global,0,10,118,2,1,0,0.4377407046494459,1,0,39
L1_legacy_uniform_global,0,10,140,1,0,1,0.5196815862641952,0,1,39
L1_legacy_uniform_global,0,10,149,2,1,0,0.46940896399084014,1,0,39
L1_legacy_uniform_global,0,10,177,1,0,1,0.5067996212530708,0,1,39
L1_legacy_uniform_global,0,10,180,1,0,1,0.4897472309415775,1,0,39
L1_legacy_uniform_global,0,10,182,1,0,1,0.4698781815840474,1,0,39
L1_legacy_uniform_global,0,10,185,1,0,1,0.5161699864638681,0,1,39
L1_legacy_uniform_global,0,10,186,1,0,1,0.506455371454045,0,1,39
L1_legacy_uniform_global,0,10,195,1,0,1,0.5166767686263901,0,1,39
L1_legacy_uniform_global,0,10,199,2,1,0,0.483331824418332,1,0,39
L1_legacy_uniform_global,0,10,203,2,1,0,0.5246403492327628,0,1,39
L1_legacy_uniform_global,0,10,206,2,1,0,0.5218315037536144,0,1,39
L1_legacy_uniform_global,0,10,219,2,1,0,0.4598692678383788,1,0,39
L1_legacy_uniform_global,0,10,237,2,1,0,0.4458633187683714,1,0,39
L1_legacy_uniform_global,0,10,238,2,1,0,0.437595008548464,1,0,39
L1_legacy_uniform_global,0,10,242,2,1,0,0.4399284363600143,1,0,39
L1_legacy_uniform_global,0,10,248,2,1,0,0.5210977889101926,0,1,39
L1_legacy_uniform_global,0,10,256,2,1,0,0.4391406275023806,1,0,39
L1_legacy_uniform_global,0,10,274,2,1,0,0.4451514509928865,1,0,39
L1_legacy_uniform_global,0,10,293,2,1,0,0.4605093606944481,1,0,39
L1_legacy_uniform_global,0,10,317,1,0,1,0.5186701396860351,0,1,39
L1_legacy_uniform_global,0,10,320,1,0,1,0.5097547749178714,0,1,39
L1_legacy_uniform_global,0,10,334,1,0,1,0.5255418841418132,0,1,39
L1_legacy_uniform_global,0,10,340,1,0,1,0.5245616147591656,0,1,39
L1_legacy_uniform_global,0,10,347,1,0,1,0.5251871885905739,0,1,39
L1_legacy_uniform_global,0,10,354,2,1,0,0.43857720977263226,1,0,39
L1_legacy_uniform_global,0,10,356,2,1,0,0.4383850876188437,1,0,39
L1_legacy_uniform_global,0,10,359,2,1,0,0.4377596995856196,1,0,39
L1_legacy_uniform_global,0,10,374,1,0,1,0.4511310608188586,1,0,39
L1_legacy_uniform_global,0,10,376,1,0,1,0.5030760216976666,0,1,39
L1_legacy_uniform_global,0,10,378,1,0,1,0.5082876838041273,0,1,39
L1_legacy_uniform_global,0,10,382,1,0,1,0.4849686838684934,1,0,39
L1_legacy_uniform_global,0,10,384,1,0,1,0.5149099924812066,0,1,39
L1_legacy_uniform_global,0,10,387,1,0,1,0.43741022559648374,1,0,39
L1_legacy_uniform_global,0,10,406,2,1,0,0.49350311382221046,1,0,39
L1_legacy_uniform_global,0,10,414,1,0,1,0.45433855003255447,1,0,39
L1_legacy_uniform_global,0,10,429,1,0,1,0.447712414066659,1,0,39
L1_legacy_uniform_global,0,10,432,2,1,0,0.43792878561351284,1,0,39
L1_legacy_uniform_global,0,10,466,2,1,0,0.516521085814876,0,1,39
L1_legacy_uniform_global,0,10,468,2,1,0,0.44095372080269074,1,0,39
L1_legacy_uniform_global,0,10,482,2,1,0,0.4488076533578903,1,0,39
L1_legacy_uniform_global,0,10,493,1,0,1,0.4492215486258926,1,0,39
L1_legacy_uniform_global,0,10,501,1,0,1,0.5212009799431632,0,1,39
L1_legacy_uniform_global,0,10,506,1,0,1,0.5260488060917066,0,1,39
L1_legacy_uniform_global,0,10,531,1,0,1,0.44621555695885184,1,0,39
L1_legacy_uniform_global,0,10,534,1,0,1,0.5261671529918369,0,1,39
L1_legacy_uniform_global,0,10,542,1,0,1,0.5223467088116035,0,1,39
L1_legacy_uniform_global,0,10,564,1,0,1,0.5248747464651877,0,1,39
L1_legacy_uniform_global,0,10,583,2,1,0,0.43868976224539696,1,0,39
L1_legacy_uniform_global,0,10,587,2,1,0,0.4485520666558932,1,0,39
L1_legacy_uniform_global,0,10,595,2,1,0,0.44016874590193983,1,0,39
L1_legacy_uniform_global,0,10,609,2,1,0,0.5227861984281147,0,1,39
L1_legacy_uniform_global,0,10,610,2,1,0,0.46839213657828377,1,0,39
L1_legacy_uniform_global,0,10,623,2,1,0,0.43899122087037484,1,0,39
L1_legacy_uniform_global,0,10,639,2,1,0,0.43714515694718825,1,0,39
L1_legacy_uniform_global,0,10,673,2,1,0,0.5219341867772259,0,1,39
L1_legacy_uniform_global,0,10,677,1,0,1,0.5008550725400968,0,1,39
L1_legacy_uniform_global,0,10,694,2,1,0,0.47886398645140993,1,0,39
L1_legacy_uniform_global,0,10,705,1,0,1,0.5052409841997401,0,1,39
L1_legacy_uniform_global,0,10,712,1,0,1,0.48341433992650573,1,0,39
L1_legacy_uniform_global,0,10,724,1,0,1,0.525373070926346,0,1,39
L1_legacy_uniform_global,0,10,736,2,1,0,0.43929178692927434,1,0,39
L1_legacy_uniform_global,0,10,738,2,1,0,0.5181755477699906,0,1,39
L1_legacy_uniform_global,0,10,769,1,0,1,0.5010961958687888,0,1,39
L1_legacy_uniform_global,0,10,771,1,0,1,0.5202930601056792,0,1,39
L1_legacy_uniform_global,0,10,774,2,1,0,0.4390958708392112,1,0,39
L1_legacy_uniform_global,0,10,778,2,1,0,0.5255285712970738,0,1,39
L1_legacy_uniform_global,0,10,783,2,1,0,0.5069463910775008,0,1,39
L1_legacy_uniform_global,0,10,784,1,0,1,0.4369588449950974,1,0,39
L1_legacy_uniform_global,0,10,801,2,1,0,0.4428705861892885,1,0,39
L1_legacy_uniform_global,0,10,813,1,0,1,0.5219388843633374,0,1,39
L1_legacy_uniform_global,0,10,815,1,0,1,0.5247342957321419,0,1,39
L1_legacy_uniform_global,0,10,817,2,1,0,0.4369812440771751,1,0,39
L1_legacy_uniform_global,0,10,835,2,1,0,0.44230533561677154,1,0,39
L1_legacy_uniform_global,0,10,856,2,1,0,0.4391930849767826,1,0,39
L1_legacy_uniform_global,1,1,8,1,0,1,0.882744779748544,0,1,105
L1_legacy_uniform_global,1,1,17,1,0,1,0.880854758953885,0,1,105
L1_legacy_uniform_global,1,1,26,2,1,0,0.26764159325780923,1,0,105
L1_legacy_uniform_global,1,1,30,2,1,0,0.8540161752605321,0,1,105
L1_legacy_uniform_global,1,1,31,2,1,0,0.18947032944914274,1,0,105
L1_legacy_uniform_global,1,1,33,2,1,0,0.23060769087119007,1,0,105
L1_legacy_uniform_global,1,1,40,2,1,0,0.19966520105373445,1,0,105
L1_legacy_uniform_global,1,1,64,1,0,1,0.8831126926791253,0,1,105
L1_legacy_uniform_global,1,1,71,1,0,1,0.883062958110005,0,1,105
L1_legacy_uniform_global,1,1,74,1,0,1,0.8811079912334323,0,1,105
L1_legacy_uniform_global,1,1,90,2,1,0,0.35467991128545745,1,0,105
L1_legacy_uniform_global,1,1,109,1,0,1,0.8848295561942134,0,1,105
L1_legacy_uniform_global,1,1,115,2,1,0,0.2542584933483981,1,0,105
L1_legacy_uniform_global,1,1,119,2,1,0,0.23592703340375124,1,0,105
L1_legacy_uniform_global,1,1,148,1,0,1,0.8850825529409513,0,1,105
L1_legacy_uniform_global,1,1,170,1,0,1,0.8727826297209662,0,1,105
L1_legacy_uniform_global,1,1,172,1,0,1,0.8611058347755185,0,1,105
L1_legacy_uniform_global,1,1,192,1,0,1,0.8848632444794537,0,1,105
L1_legacy_uniform_global,1,1,204,2,1,0,0.19534340821414803,1,0,105
L1_legacy_uniform_global,1,1,221,2,1,0,0.6479547467393669,0,1,105
L1_legacy_uniform_global,1,1,230,2,1,0,0.18701129360672217,1,0,105
L1_legacy_uniform_global,1,1,241,2,1,0,0.4375297545112889,1,0,105
L1_legacy_uniform_global,1,1,269,1,0,1,0.8847160736892172,0,1,105
L1_legacy_uniform_global,1,1,273,2,1,0,0.19184823027880765,1,0,105
L1_legacy_uniform_global,1,1,283,2,1,0,0.18596957773292325,1,0,105
L1_legacy_uniform_global,1,1,288,2,1,0,0.18611790514038104,1,0,105
L1_legacy_uniform_global,1,1,289,2,1,0,0.24051340611247282,1,0,105
L1_legacy_uniform_global,1,1,303,2,1,0,0.4080025916986284,1,0,105
L1_legacy_uniform_global,1,1,313,1,0,1,0.884474944506227,0,1,105
L1_legacy_uniform_global,1,1,326,1,0,1,0.8814314703648185,0,1,105
L1_legacy_uniform_global,1,1,333,1,0,1,0.8816372177362565,0,1,105
L1_legacy_uniform_global,1,1,335,1,0,1,0.8751351555344248,0,1,105
L1_legacy_uniform_global,1,1,337,1,0,1,0.8822944780346471,0,1,105
L1_legacy_uniform_global,1,1,343,1,0,1,0.8850487508002166,0,1,105
L1_legacy_uniform_global,1,1,383,1,0,1,0.8850553779227133,0,1,105
L1_legacy_uniform_global,1,1,390,1,0,1,0.8844984442301377,0,1,105
L1_legacy_uniform_global,1,1,410,2,1,0,0.19070157953394443,1,0,105
L1_legacy_uniform_global,1,1,416,1,0,1,0.8795813659831642,0,1,105
L1_legacy_uniform_global,1,1,422,2,1,0,0.19824655146182105,1,0,105
L1_legacy_uniform_global,1,1,425,2,1,0,0.34081530189322073,1,0,105
L1_legacy_uniform_global,1,1,429,1,0,1,0.5586241958464437,0,1,105
L1_legacy_uniform_global,1,1,431,2,1,0,0.19488538336455655,1,0,105
L1_legacy_uniform_global,1,1,435,2,1,0,0.7942282704975577,0,1,105
L1_legacy_uniform_global,1,1,441,2,1,0,0.18929112163693093,1,0,105
L1_legacy_uniform_global,1,1,446,1,0,1,0.8834918043606099,0,1,105
L1_legacy_uniform_global,1,1,449,1,0,1,0.8848567110933576,0,1,105
L1_legacy_uniform_global,1,1,455,1,0,1,0.8849200955451185,0,1,105
L1_legacy_uniform_global,1,1,457,1,0,1,0.7237855526289174,0,1,105
L1_legacy_uniform_global,1,1,501,1,0,1,0.8809155333133643,0,1,105
L1_legacy_uniform_global,1,1,502,1,0,1,0.8844563810883451,0,1,105
L1_legacy_uniform_global,1,1,511,1,0,1,0.8847042285763156,0,1,105
L1_legacy_uniform_global,1,1,553,1,0,1,0.8797673446894498,0,1,105
L1_legacy_uniform_global,1,1,560,1,0,1,0.8848704371933951,0,1,105
L1_legacy_uniform_global,1,1,562,1,0,1,0.8834714250923879,0,1,105
L1_legacy_uniform_global,1,1,566,2,1,0,0.18841058103159353,1,0,105
L1_legacy_uniform_global,1,1,584,2,1,0,0.19344857047588732,1,0,105
L1_legacy_uniform_global,1,1,597,2,1,0,0.3584979222530872,1,0,105
L1_legacy_uniform_global,1,1,599,2,1,0,0.1860560137500495,1,0,105
L1_legacy_uniform_global,1,1,610,2,1,0,0.8851048751949977,0,1,105
L1_legacy_uniform_global,1,1,615,2,1,0,0.1866625923287471,1,0,105
L1_legacy_uniform_global,1,1,630,2,1,0,0.20968886310187485,1,0,105
L1_legacy_uniform_global,1,1,633,2,1,0,0.18825854131546885,1,0,105
L1_legacy_uniform_global,1,1,636,2,1,0,0.1862448801648524,1,0,105
L1_legacy_uniform_global,1,1,654,2,1,0,0.24238463494510146,1,0,105
L1_legacy_uniform_global,1,1,680,1,0,1,0.6738855939749422,0,1,105
L1_legacy_uniform_global,1,1,686,2,1,0,0.5960368195618114,0,1,105
L1_legacy_uniform_global,1,1,691,2,1,0,0.838905350170375,0,1,105
L1_legacy_uniform_global,1,1,696,2,1,0,0.873823714131011,0,1,105
L1_legacy_uniform_global,1,1,697,2,1,0,0.4631763188874789,1,0,105
L1_legacy_uniform_global,1,1,726,1,0,1,0.6152061205988342,0,1,105
L1_legacy_uniform_global,1,1,729,1,0,1,0.8688783791838586,0,1,105
L1_legacy_uniform_global,1,1,734,1,0,1,0.8833167199134929,0,1,105
L1_legacy_uniform_global,1,1,744,2,1,0,0.1877321793560448,1,0,105
L1_legacy_uniform_global,1,1,753,2,1,0,0.18965355032308767,1,0,105
L1_legacy_uniform_global,1,1,754,2,1,0,0.33909631885283753,1,0,105
L1_legacy_uniform_global,1,1,755,2,1,0,0.8816611281617804,0,1,105
L1_legacy_uniform_global,1,1,757,2,1,0,0.18652654921595754,1,0,105
L1_legacy_uniform_global,1,1,765,1,0,1,0.8844492049193999,0,1,105
L1_legacy_uniform_global,1,1,769,1,0,1,0.8834734722134026,0,1,105
L1_legacy_uniform_global,1,1,787,1,0,1,0.8741669105852874,0,1,105
L1_legacy_uniform_global,1,1,789,1,0,1,0.8830880586173253,0,1,105
L1_legacy_uniform_global,1,1,792,1,0,1,0.8834793305602018,0,1,105
L1_legacy_uniform_global,1,1,804,2,1,0,0.18599664841981972,1,0,105
L1_legacy_uniform_global,1,1,836,2,1,0,0.27759951457827836,1,0,105
L1_legacy_uniform_global,1,1,841,2,1,0,0.19033987087403145,1,0,105
L1_legacy_uniform_global,1,1,842,2,1,0,0.19135553328849614,1,0,105
L1_legacy_uniform_global,1,1,856,2,1,0,0.7255492304838387,0,1,105
L1_legacy_uniform_global,1,1,870,1,0,1,0.5765432981754047,0,1,105
L1_legacy_uniform_global,1,2,1,1,0,1,0.8982440772176651,0,1,113
L1_legacy_uniform_global,1,2,13,1,0,1,0.8985729503647852,0,1,113
L1_legacy_uniform_global,1,2,23,2,1,0,0.09117644128528318,1,0,113
L1_legacy_uniform_global,1,2,34,2,1,0,0.10159571774566944,1,0,113
L1_legacy_uniform_global,1,2,41,2,1,0,0.0884118259714017,1,0,113
L1_legacy_uniform_global,1,2,45,2,1,0,0.6735148568291571,0,1,113
L1_legacy_uniform_global,1,2,53,2,1,0,0.09300047479289264,1,0,113
L1_legacy_uniform_global,1,2,59,2,1,0,0.0915625217676903,1,0,113
L1_legacy_uniform_global,1,2,69,1,0,1,0.8992575426066459,0,1,113
L1_legacy_uniform_global,1,2,80,1,0,1,0.899030769816463,0,1,113
L1_legacy_uniform_global,1,2,84,1,0,1,0.898367494287154,0,1,113
L1_legacy_uniform_global,1,2,105,1,0,1,0.8979641760758907,0,1,113
L1_legacy_uniform_global,1,2,144,1,0,1,0.15751018265145322,1,0,113
L1_legacy_uniform_global,1,2,160,2,1,0,0.8241677003773239,0,1,113
L1_legacy_uniform_global,1,2,165,1,0,1,0.8928916401050935,0,1,113
L1_legacy_uniform_global,1,2,174,1,0,1,0.897776290439209,0,1,113
L1_legacy_uniform_global,1,2,195,1,0,1,0.898873460580266,0,1,113
L1_legacy_uniform_global,1,2,201,2,1,0,0.08838988543244379,1,0,113
L1_legacy_uniform_global,1,2,209,2,1,0,0.08950760865231427,1,0,113
L1_legacy_uniform_global,1,2,213,2,1,0,0.08997712684313351,1,0,113
L1_legacy_uniform_global,1,2,215,2,1,0,0.09113067221692653,1,0,113
L1_legacy_uniform_global,1,2,217,2,1,0,0.2862454461253263,1,0,113
L1_legacy_uniform_global,1,2,218,2,1,0,0.09192689242894714,1,0,113
L1_legacy_uniform_global,1,2,222,2,1,0,0.11482010765831778,1,0,113
L1_legacy_uniform_global,1,2,224,2,1,0,0.0920922958314931,1,0,113
L1_legacy_uniform_global,1,2,242,2,1,0,0.09010975630477192,1,0,113
L1_legacy_uniform_global,1,2,253,2,1,0,0.08848759534600174,1,0,113
L1_legacy_uniform_global,1,2,256,2,1,0,0.11171831652639817,1,0,113
L1_legacy_uniform_global,1,2,277,2,1,0,0.3644875807185355,1,0,113
L1_legacy_uniform_global,1,2,284,2,1,0,0.09016270803876256,1,0,113
L1_legacy_uniform_global,1,2,305,2,1,0,0.09121092452239765,1,0,113
L1_legacy_uniform_global,1,2,311,1,0,1,0.7752565707058452,0,1,113
L1_legacy_uniform_global,1,2,331,1,0,1,0.8991444806700557,0,1,113
L1_legacy_uniform_global,1,2,342,1,0,1,0.8992684368576743,0,1,113
L1_legacy_uniform_global,1,2,356,2,1,0,0.08842388399413247,1,0,113
L1_legacy_uniform_global,1,2,370,1,0,1,0.8654472500845968,0,1,113
L1_legacy_uniform_global,1,2,394,1,0,1,0.5008636703610329,0,1,113
L1_legacy_uniform_global,1,2,401,2,1,0,0.8905626806656164,0,1,113
L1_legacy_uniform_global,1,2,413,1,0,1,0.8953566370284307,0,1,113
L1_legacy_uniform_global,1,2,438,2,1,0,0.08898674144838789,1,0,113
L1_legacy_uniform_global,1,2,445,2,1,0,0.08958085709731536,1,0,113
L1_legacy_uniform_global,1,2,447,1,0,1,0.8806345756230192,0,1,113
L1_legacy_uniform_global,1,2,451,1,0,1,0.8966126988174721,0,1,113
L1_legacy_uniform_global,1,2,460,2,1,0,0.08992188289389715,1,0,113
L1_legacy_uniform_global,1,2,472,1,0,1,0.8990215195100819,0,1,113
L1_legacy_uniform_global,1,2,475,1,0,1,0.08909564658935373,1,0,113
L1_legacy_uniform_global,1,2,477,1,0,1,0.8636480181962459,0,1,113
L1_legacy_uniform_global,1,2,492,1,0,1,0.5275692686941448,0,1,113
L1_legacy_uniform_global,1,2,496,1,0,1,0.8952555448404174,0,1,113
L1_legacy_uniform_global,1,2,505,1,0,1,0.8976332451640845,0,1,113
L1_legacy_uniform_global,1,2,506,1,0,1,0.8952602273145241,0,1,113
L1_legacy_uniform_global,1,2,524,1,0,1,0.8953101018525126,0,1,113
L1_legacy_uniform_global,1,2,535,1,0,1,0.8730346992075113,0,1,113
L1_legacy_uniform_global,1,2,545,1,0,1,0.893980316328889,0,1,113
L1_legacy_uniform_global,1,2,558,1,0,1,0.8953230028473217,0,1,113
L1_legacy_uniform_global,1,2,564,1,0,1,0.8190132424620663,0,1,113
L1_legacy_uniform_global,1,2,571,2,1,0,0.09545254170223284,1,0,113
L1_legacy_uniform_global,1,2,574,2,1,0,0.09141777105697739,1,0,113
L1_legacy_uniform_global,1,2,580,2,1,0,0.10083114961155065,1,0,113
L1_legacy_uniform_global,1,2,585,2,1,0,0.09597793193724027,1,0,113
L1_legacy_uniform_global,1,2,588,2,1,0,0.09650366007586673,1,0,113
L1_legacy_uniform_global,1,2,600,2,1,0,0.44222933631352307,1,0,113
L1_legacy_uniform_global,1,2,603,2,1,0,0.09881823246237993,1,0,113
L1_legacy_uniform_global,1,2,617,2,1,0,0.08842118555251972,1,0,113
L1_legacy_uniform_global,1,2,646,2,1,0,0.15008810750346063,1,0,113
L1_legacy_uniform_global,1,2,648,2,1,0,0.08862236056931731,1,0,113
L1_legacy_uniform_global,1,2,650,2,1,0,0.09700050975039393,1,0,113
L1_legacy_uniform_global,1,2,651,2,1,0,0.0905378472333859,1,0,113
L1_legacy_uniform_global,1,2,655,2,1,0,0.19594298222287468,1,0,113
L1_legacy_uniform_global,1,2,662,2,1,0,0.08873739924054819,1,0,113
L1_legacy_uniform_global,1,2,664,2,1,0,0.0917219772979416,1,0,113
L1_legacy_uniform_global,1,2,668,2,1,0,0.09039189318620214,1,0,113
L1_legacy_uniform_global,1,2,675,1,0,1,0.899253402021865,0,1,113
L1_legacy_uniform_global,1,2,681,1,0,1,0.8315075296534993,0,1,113
L1_legacy_uniform_global,1,2,689,2,1,0,0.09610059406711087,1,0,113
L1_legacy_uniform_global,1,2,703,1,0,1,0.8903863011022345,0,1,113
L1_legacy_uniform_global,1,2,728,1,0,1,0.896555584198401,0,1,113
L1_legacy_uniform_global,1,2,735,1,0,1,0.8978321181901213,0,1,113
L1_legacy_uniform_global,1,2,751,2,1,0,0.08838337387091891,1,0,113
L1_legacy_uniform_global,1,2,763,1,0,1,0.8970605634303233,0,1,113
L1_legacy_uniform_global,1,2,767,1,0,1,0.8987546144863963,0,1,113
L1_legacy_uniform_global,1,2,813,1,0,1,0.844243104974799,0,1,113
L1_legacy_uniform_global,1,2,814,1,0,1,0.6958140211190621,0,1,113
L1_legacy_uniform_global,1,2,826,2,1,0,0.09115094599168001,1,0,113
L1_legacy_uniform_global,1,2,835,2,1,0,0.0937103797028992,1,0,113
L1_legacy_uniform_global,1,2,859,1,0,1,0.8993197273712249,0,1,113
L1_legacy_uniform_global,1,2,867,1,0,1,0.8944750547255217,0,1,113
L1_legacy_uniform_global,1,3,3,1,0,1,0.895324530433473,0,1,117
L1_legacy_uniform_global,1,3,15,1,0,1,0.8937876238642493,0,1,117
L1_legacy_uniform_global,1,3,25,2,1,0,0.10250920231354864,1,0,117
L1_legacy_uniform_global,1,3,39,2,1,0,0.8858219398098043,0,1,117
L1_legacy_uniform_global,1,3,68,1,0,1,0.8944352827183092,0,1,117
L1_legacy_uniform_global,1,3,75,1,0,1,0.8833795991503743,0,1,117
L1_legacy_uniform_global,1,3,88,1,0,1,0.47847462509040284,1,0,117
L1_legacy_uniform_global,1,3,100,2,1,0,0.10042944986084835,1,0,117
L1_legacy_uniform_global,1,3,107,1,0,1,0.11386362588122743,1,0,117
L1_legacy_uniform_global,1,3,111,2,1,0,0.1102922045433196,1,0,117
L1_legacy_uniform_global,1,3,122,2,1,0,0.10689244769744981,1,0,117
L1_legacy_uniform_global,1,3,138,1,0,1,0.8921665925967466,0,1,117
L1_legacy_uniform_global,1,3,147,1,0,1,0.8948936743662029,0,1,117
L1_legacy_uniform_global,1,3,159,2,1,0,0.11495361216638406,1,0,117
L1_legacy_uniform_global,1,3,173,1,0,1,0.7779621675945325,0,1,117
L1_legacy_uniform_global,1,3,186,1,0,1,0.6053249237519148,0,1,117
L1_legacy_uniform_global,1,3,189,1,0,1,0.8947776011122197,0,1,117
L1_legacy_uniform_global,1,3,193,1,0,1,0.8953478514609559,0,1,117
L1_legacy_uniform_global,1,3,199,2,1,0,0.11599229084588747,1,0,117
L1_legacy_uniform_global,1,3,203,2,1,0,0.8933186702977303,0,1,117
L1_legacy_uniform_global,1,3,206,2,1,0,0.4924606576814671,1,0,117
L1_legacy_uniform_global,1,3,232,2,1,0,0.4185061934285265,1,0,117
L1_legacy_uniform_global,1,3,233,2,1,0,0.40947697740482975,1,0,117
L1_legacy_uniform_global,1,3,236,2,1,0,0.10099658435208561,1,0,117
L1_legacy_uniform_global,1,3,248,2,1,0,0.12388987448772733,1,0,117
L1_legacy_uniform_global,1,3,252,2,1,0,0.10205927280438451,1,0,117
L1_legacy_uniform_global,1,3,255,2,1,0,0.10760013240490875,1,0,117
L1_legacy_uniform_global,1,3,259,1,0,1,0.10539668654995327,1,0,117
L1_legacy_uniform_global,1,3,261,1,0,1,0.8940796058250285,0,1,117
L1_legacy_uniform_global,1,3,264,1,0,1,0.8922872134519194,0,1,117
L1_legacy_uniform_global,1,3,282,2,1,0,0.10443647843434882,1,0,117
L1_legacy_uniform_global,1,3,291,2,1,0,0.109664765989533,1,0,117
L1_legacy_uniform_global,1,3,296,2,1,0,0.10192497104466573,1,0,117
L1_legacy_uniform_global,1,3,301,2,1,0,0.10149062310697063,1,0,117
L1_legacy_uniform_global,1,3,312,1,0,1,0.1019361986357389,1,0,117
L1_legacy_uniform_global,1,3,322,1,0,1,0.8840800830811134,0,1,117
L1_legacy_uniform_global,1,3,330,1,0,1,0.8111146773431734,0,1,117
L1_legacy_uniform_global,1,3,332,1,0,1,0.8933513905283172,0,1,117
L1_legacy_uniform_global,1,3,338,1,0,1,0.8950606769196878,0,1,117
L1_legacy_uniform_global,1,3,362,2,1,0,0.10453806836854644,1,0,117
L1_legacy_uniform_global,1,3,364,2,1,0,0.20801154411901773,1,0,117
L1_legacy_uniform_global,1,3,368,2,1,0,0.8863111529313695,0,1,117
L1_legacy_uniform_global,1,3,382,1,0,1,0.23398897740601265,1,0,117
L1_legacy_uniform_global,1,3,384,1,0,1,0.8885879591839191,0,1,117
L1_legacy_uniform_global,1,3,398,2,1,0,0.21075161402431755,1,0,117
L1_legacy_uniform_global,1,3,403,2,1,0,0.10059077195895741,1,0,117
L1_legacy_uniform_global,1,3,408,1,0,1,0.8952266901344734,0,1,117
L1_legacy_uniform_global,1,3,415,1,0,1,0.8933467313498914,0,1,117
L1_legacy_uniform_global,1,3,421,1,0,1,0.8428693210034677,0,1,117
L1_legacy_uniform_global,1,3,433,2,1,0,0.1005827620531036,1,0,117
L1_legacy_uniform_global,1,3,436,2,1,0,0.1425435489319802,1,0,117
L1_legacy_uniform_global,1,3,439,2,1,0,0.1394081840302763,1,0,117
L1_legacy_uniform_global,1,3,469,2,1,0,0.10399794873106658,1,0,117
L1_legacy_uniform_global,1,3,497,1,0,1,0.8799390835109401,0,1,117
L1_legacy_uniform_global,1,3,503,1,0,1,0.8912583221221786,0,1,117
L1_legacy_uniform_global,1,3,517,1,0,1,0.8918753882085426,0,1,117
L1_legacy_uniform_global,1,3,529,1,0,1,0.8913297291173288,0,1,117
L1_legacy_uniform_global,1,3,530,1,0,1,0.893546944845064,0,1,117
L1_legacy_uniform_global,1,3,531,1,0,1,0.8928734854503393,0,1,117
L1_legacy_uniform_global,1,3,541,1,0,1,0.5626504430131113,0,1,117
L1_legacy_uniform_global,1,3,546,1,0,1,0.11122902747945422,1,0,117
L1_legacy_uniform_global,1,3,555,1,0,1,0.8944326170974163,0,1,117
L1_legacy_uniform_global,1,3,572,2,1,0,0.10947623170706663,1,0,117
L1_legacy_uniform_global,1,3,577,2,1,0,0.10323297275805814,1,0,117
L1_legacy_uniform_global,1,3,592,2,1,0,0.10045344486211139,1,0,117
L1_legacy_uniform_global,1,3,607,2,1,0,0.1021708754572257,1,0,117
L1_legacy_uniform_global,1,3,608,2,1,0,0.3191167281373315,1,0,117
L1_legacy_uniform_global,1,3,613,2,1,0,0.10116848928824701,1,0,117
L1_legacy_uniform_global,1,3,637,2,1,0,0.10369180950026655,1,0,117
L1_legacy_uniform_global,1,3,639,2,1,0,0.12277582080284472,1,0,117
L1_legacy_uniform_global,1,3,645,2,1,0,0.11729047927712635,1,0,117
L1_legacy_uniform_global,1,3,661,2,1,0,0.13433621254425673,1,0,117
L1_legacy_uniform_global,1,3,706,1,0,1,0.682193113109812,0,1,117
L1_legacy_uniform_global,1,3,714,1,0,1,0.886901130519233,0,1,117
L1_legacy_uniform_global,1,3,722,1,0,1,0.13279837444718182,1,0,117
L1_legacy_uniform_global,1,3,731,1,0,1,0.8874282363394036,0,1,117
L1_legacy_uniform_global,1,3,741,2,1,0,0.1011558509632527,1,0,117
L1_legacy_uniform_global,1,3,752,2,1,0,0.10086582127926474,1,0,117
L1_legacy_uniform_global,1,3,761,2,1,0,0.10572943497991548,1,0,117
L1_legacy_uniform_global,1,3,770,1,0,1,0.8901864575471143,0,1,117
L1_legacy_uniform_global,1,3,771,1,0,1,0.8800463471416052,0,1,117
L1_legacy_uniform_global,1,3,776,2,1,0,0.4603962867717993,1,0,117
L1_legacy_uniform_global,1,3,794,1,0,1,0.329394976078793,1,0,117
L1_legacy_uniform_global,1,3,803,2,1,0,0.10230345236547816,1,0,117
L1_legacy_uniform_global,1,3,806,2,1,0,0.10045009192260733,1,0,117
L1_legacy_uniform_global,1,3,838,2,1,0,0.10452009984040594,1,0,117
L1_legacy_uniform_global,1,3,855,2,1,0,0.3525428065231442,1,0,117
L1_legacy_uniform_global,1,4,4,1,0,1,0.5258728715266467,0,1,134
L1_legacy_uniform_global,1,4,32,2,1,0,0.1786729058605056,1,0,134
L1_legacy_uniform_global,1,4,46,1,0,1,0.7976422341629791,0,1,134
L1_legacy_uniform_global,1,4,57,2,1,0,0.20736408989253363,1,0,134
L1_legacy_uniform_global,1,4,60,2,1,0,0.17389407252361164,1,0,134
L1_legacy_uniform_global,1,4,87,1,0,1,0.7983381180647996,0,1,134
L1_legacy_uniform_global,1,4,94,2,1,0,0.4574533838410114,1,0,134
L1_legacy_uniform_global,1,4,120,2,1,0,0.1786815110536679,1,0,134
L1_legacy_uniform_global,1,4,135,1,0,1,0.6660266294474047,0,1,134
L1_legacy_uniform_global,1,4,149,2,1,0,0.23952284656554998,1,0,134
L1_legacy_uniform_global,1,4,153,2,1,0,0.17277131821950906,1,0,134
L1_legacy_uniform_global,1,4,154,2,1,0,0.1726630175010611,1,0,134
L1_legacy_uniform_global,1,4,166,1,0,1,0.7940716625623824,0,1,134
L1_legacy_uniform_global,1,4,179,1,0,1,0.7975631381158174,0,1,134
L1_legacy_uniform_global,1,4,210,2,1,0,0.25019343130808924,1,0,134
L1_legacy_uniform_global,1,4,216,2,1,0,0.17442379829111057,1,0,134
L1_legacy_uniform_global,1,4,226,2,1,0,0.17296717301861536,1,0,134
L1_legacy_uniform_global,1,4,258,1,0,1,0.6143519014834484,0,1,134
L1_legacy_uniform_global,1,4,272,2,1,0,0.18594126968996535,1,0,134
L1_legacy_uniform_global,1,4,295,2,1,0,0.17286037744049484,1,0,134
L1_legacy_uniform_global,1,4,316,1,0,1,0.7900431572870802,0,1,134
L1_legacy_uniform_global,1,4,323,1,0,1,0.7880187676689666,0,1,134
L1_legacy_uniform_global,1,4,324,1,0,1,0.7981500380623733,0,1,134
L1_legacy_uniform_global,1,4,328,1,0,1,0.7940597945634585,0,1,134
L1_legacy_uniform_global,1,4,329,1,0,1,0.7932003039441243,0,1,134
L1_legacy_uniform_global,1,4,344,1,0,1,0.7393600873986592,0,1,134
L1_legacy_uniform_global,1,4,349,1,0,1,0.7968113152889789,0,1,134
L1_legacy_uniform_global,1,4,350,2,1,0,0.34232342165147667,1,0,134
L1_legacy_uniform_global,1,4,359,2,1,0,0.30734451346911196,1,0,134
L1_legacy_uniform_global,1,4,360,2,1,0,0.17284261549598337,1,0,134
L1_legacy_uniform_global,1,4,363,2,1,0,0.17274644010794762,1,0,134
L1_legacy_uniform_global,1,4,371,1,0,1,0.7828005402493174,0,1,134
L1_legacy_uniform_global,1,4,380,1,0,1,0.7946839273599585,0,1,134
L1_legacy_uniform_global,1,4,387,1,0,1,0.17414097358418545,1,0,134
L1_legacy_uniform_global,1,4,389,1,0,1,0.7448439252907454,0,1,134
L1_legacy_uniform_global,1,4,391,1,0,1,0.7590099102717759,0,1,134
L1_legacy_uniform_global,1,4,392,1,0,1,0.7920155295580058,0,1,134
L1_legacy_uniform_global,1,4,402,2,1,0,0.17371820706551575,1,0,134
L1_legacy_uniform_global,1,4,430,2,1,0,0.174584185530915,1,0,134
L1_legacy_uniform_global,1,4,437,2,1,0,0.18051718079320536,1,0,134
L1_legacy_uniform_global,1,4,458,2,1,0,0.7959547055618038,0,1,134
L1_legacy_uniform_global,1,4,473,1,0,1,0.792118224991645,0,1,134
L1_legacy_uniform_global,1,4,474,1,0,1,0.5266710051760488,0,1,134
L1_legacy_uniform_global,1,4,481,2,1,0,0.17302085336852915,1,0,134
L1_legacy_uniform_global,1,4,483,2,1,0,0.19202331205866227,1,0,134
L1_legacy_uniform_global,1,4,485,2,1,0,0.17305876754574995,1,0,134
L1_legacy_uniform_global,1,4,509,1,0,1,0.7980438849695719,0,1,134
L1_legacy_uniform_global,1,4,516,1,0,1,0.28277885054446333,1,0,134
L1_legacy_uniform_global,1,4,543,1,0,1,0.7920976517908151,0,1,134
L1_legacy_uniform_global,1,4,548,1,0,1,0.7965961149816626,0,1,134
L1_legacy_uniform_global,1,4,549,1,0,1,0.789459501078276,0,1,134
L1_legacy_uniform_global,1,4,551,1,0,1,0.6867542711331894,0,1,134
L1_legacy_uniform_global,1,4,575,2,1,0,0.49694633894447,1,0,134
L1_legacy_uniform_global,1,4,590,2,1,0,0.17566246530081217,1,0,134
L1_legacy_uniform_global,1,4,598,2,1,0,0.24840585115519065,1,0,134
L1_legacy_uniform_global,1,4,605,2,1,0,0.7779856776201965,0,1,134
L1_legacy_uniform_global,1,4,618,2,1,0,0.17580529633230746,1,0,134
L1_legacy_uniform_global,1,4,626,2,1,0,0.18773784143461927,1,0,134
L1_legacy_uniform_global,1,4,641,2,1,0,0.7887075956094561,0,1,134
L1_legacy_uniform_global,1,4,649,2,1,0,0.796499153161318,0,1,134
L1_legacy_uniform_global,1,4,653,2,1,0,0.23952750080655272,1,0,134
L1_legacy_uniform_global,1,4,658,2,1,0,0.17384528144683975,1,0,134
L1_legacy_uniform_global,1,4,659,2,1,0,0.21537154728014657,1,0,134
L1_legacy_uniform_global,1,4,666,2,1,0,0.17296498738728042,1,0,134
L1_legacy_uniform_global,1,4,678,1,0,1,0.6333097356806155,0,1,134
L1_legacy_uniform_global,1,4,687,2,1,0,0.2740423302954735,1,0,134
L1_legacy_uniform_global,1,4,690,2,1,0,0.4981536756329615,1,0,134
L1_legacy_uniform_global,1,4,699,1,0,1,0.795164893775692,0,1,134
L1_legacy_uniform_global,1,4,708,1,0,1,0.7930838421012667,0,1,134
L1_legacy_uniform_global,1,4,712,1,0,1,0.17343958642394566,1,0,134
L1_legacy_uniform_global,1,4,716,1,0,1,0.792388936870892,0,1,134
L1_legacy_uniform_global,1,4,718,1,0,1,0.46249858274683997,1,0,134
L1_legacy_uniform_global,1,4,723,1,0,1,0.7967522828621568,0,1,134
L1_legacy_uniform_global,1,4,742,2,1,0,0.1951626935379127,1,0,134
L1_legacy_uniform_global,1,4,750,2,1,0,0.1743435768004447,1,0,134
L1_legacy_uniform_global,1,4,778,2,1,0,0.7971099400982069,0,1,134
L1_legacy_uniform_global,1,4,793,1,0,1,0.7981228502990516,0,1,134
L1_legacy_uniform_global,1,4,808,2,1,0,0.2453945892981232,1,0,134
L1_legacy_uniform_global,1,4,815,1,0,1,0.7780333722315157,0,1,134
L1_legacy_uniform_global,1,4,817,2,1,0,0.18934176485403076,1,0,134
L1_legacy_uniform_global,1,4,845,2,1,0,0.17751104385205385,1,0,134
L1_legacy_uniform_global,1,4,846,2,1,0,0.17282650357068455,1,0,134
L1_legacy_uniform_global,1,4,852,2,1,0,0.17383929232195697,1,0,134
L1_legacy_uniform_global,1,4,854,2,1,0,0.310343313364597,1,0,134
L1_legacy_uniform_global,1,4,860,1,0,1,0.6291172599608056,0,1,134
L1_legacy_uniform_global,1,4,861,1,0,1,0.7957386812929611,0,1,134
L1_legacy_uniform_global,1,4,863,1,0,1,0.26845779399506275,1,0,134
L1_legacy_uniform_global,1,5,9,1,0,1,0.7920912899051514,0,1,83
L1_legacy_uniform_global,1,5,12,1,0,1,0.5997339062204994,0,1,83
L1_legacy_uniform_global,1,5,21,2,1,0,0.2238175289694968,1,0,83
L1_legacy_uniform_global,1,5,28,2,1,0,0.13660809260229972,1,0,83
L1_legacy_uniform_global,1,5,37,2,1,0,0.09393563691836443,1,0,83
L1_legacy_uniform_global,1,5,48,2,1,0,0.08327491942563553,1,0,83
L1_legacy_uniform_global,1,5,73,1,0,1,0.8716459247742548,0,1,83
L1_legacy_uniform_global,1,5,77,1,0,1,0.8731393777534512,0,1,83
L1_legacy_uniform_global,1,5,79,1,0,1,0.8757090617517966,0,1,83
L1_legacy_uniform_global,1,5,81,1,0,1,0.4273246191818975,1,0,83
L1_legacy_uniform_global,1,5,95,2,1,0,0.08506097387063194,1,0,83
L1_legacy_uniform_global,1,5,97,2,1,0,0.08326868541256748,1,0,83
L1_legacy_uniform_global,1,5,102,2,1,0,0.08566724867130987,1,0,83
L1_legacy_uniform_global,1,5,128,2,1,0,0.08325592103953455,1,0,83
L1_legacy_uniform_global,1,5,134,1,0,1,0.8804759653970862,0,1,83
L1_legacy_uniform_global,1,5,142,1,0,1,0.8804840999055208,0,1,83
L1_legacy_uniform_global,1,5,150,2,1,0,0.0844664607372483,1,0,83
L1_legacy_uniform_global,1,5,167,1,0,1,0.8793917050600893,0,1,83
L1_legacy_uniform_global,1,5,177,1,0,1,0.8256915161415188,0,1,83
L1_legacy_uniform_global,1,5,185,1,0,1,0.8497543120361621,0,1,83
L1_legacy_uniform_global,1,5,191,1,0,1,0.08325357880099153,1,0,83
L1_legacy_uniform_global,1,5,207,2,1,0,0.0953014367844783,1,0,83
L1_legacy_uniform_global,1,5,243,2,1,0,0.08651390201856834,1,0,83
L1_legacy_uniform_global,1,5,250,2,1,0,0.13337939735805868,1,0,83
L1_legacy_uniform_global,1,5,271,2,1,0,0.08499634542359882,1,0,83
L1_legacy_uniform_global,1,5,276,2,1,0,0.08605449464964686,1,0,83
L1_legacy_uniform_global,1,5,280,2,1,0,0.08393747795607673,1,0,83
L1_legacy_uniform_global,1,5,286,2,1,0,0.2787798762035967,1,0,83
L1_legacy_uniform_global,1,5,293,2,1,0,0.20901498303193775,1,0,83
L1_legacy_uniform_global,1,5,304,2,1,0,0.14174951647085493,1,0,83
L1_legacy_uniform_global,1,5,306,2,1,0,0.20866559682325436,1,0,83
L1_legacy_uniform_global,1,5,327,1,0,1,0.880280090761464,0,1,83
L1_legacy_uniform_global,1,5,334,1,0,1,0.8787063600942772,0,1,83
L1_legacy_uniform_global,1,5,336,1,0,1,0.6492579926216921,0,1,83
L1_legacy_uniform_global,1,5,339,1,0,1,0.18003703572363167,1,0,83
L1_legacy_uniform_global,1,5,347,1,0,1,0.8650609928751046,0,1,83
L1_legacy_uniform_global,1,5,351,2,1,0,0.14595015872029357,1,0,83
L1_legacy_uniform_global,1,5,355,2,1,0,0.08474284793826407,1,0,83
L1_legacy_uniform_global,1,5,367,2,1,0,0.0834347407781929,1,0,83
L1_legacy_uniform_global,1,5,385,1,0,1,0.8204997369981196,0,1,83
L1_legacy_uniform_global,1,5,411,2,1,0,0.08413464976934687,1,0,83
L1_legacy_uniform_global,1,5,412,1,0,1,0.08863683526510435,1,0,83
L1_legacy_uniform_global,1,5,417,2,1,0,0.08362592645587677,1,0,83
L1_legacy_uniform_global,1,5,443,2,1,0,0.08361368543549318,1,0,83
L1_legacy_uniform_global,1,5,465,2,1,0,0.09230703900314383,1,0,83
L1_legacy_uniform_global,1,5,484,2,1,0,0.0876219401500849,1,0,83
L1_legacy_uniform_global,1,5,487,2,1,0,0.0832536780470505,1,0,83
L1_legacy_uniform_global,1,5,494,1,0,1,0.8718316416616175,0,1,83
L1_legacy_uniform_global,1,5,498,1,0,1,0.15294338569203714,1,0,83
L1_legacy_uniform_global,1,5,504,1,0,1,0.647722096313471,0,1,83
L1_legacy_uniform_global,1,5,507,1,0,1,0.8767334914535309,0,1,83
L1_legacy_uniform_global,1,5,513,1,0,1,0.8806144328500176,0,1,83
L1_legacy_uniform_global,1,5,514,1,0,1,0.5207213553363754,0,1,83
L1_legacy_uniform_global,1,5,528,1,0,1,0.8808355168017294,0,1,83
L1_legacy_uniform_global,1,5,533,1,0,1,0.8414787255328703,0,1,83
L1_legacy_uniform_global,1,5,536,1,0,1,0.8777921985705447,0,1,83
L1_legacy_uniform_global,1,5,537,1,0,1,0.8802249477986827,0,1,83
L1_legacy_uniform_global,1,5,538,1,0,1,0.8445164415348398,0,1,83
L1_legacy_uniform_global,1,5,539,1,0,1,0.2762437296492085,1,0,83
L1_legacy_uniform_global,1,5,547,1,0,1,0.8237580938960506,0,1,83
L1_legacy_uniform_global,1,5,550,1,0,1,0.6388891761386746,0,1,83
L1_legacy_uniform_global,1,5,594,2,1,0,0.09473621482794004,1,0,83
L1_legacy_uniform_global,1,5,614,2,1,0,0.09262332429568425,1,0,83
L1_legacy_uniform_global,1,5,616,2,1,0,0.0843750216356203,1,0,83
L1_legacy_uniform_global,1,5,621,2,1,0,0.09907357634658577,1,0,83
L1_legacy_uniform_global,1,5,623,2,1,0,0.09554687326616752,1,0,83
L1_legacy_uniform_global,1,5,628,2,1,0,0.11361674576829264,1,0,83
L1_legacy_uniform_global,1,5,647,2,1,0,0.09063663501792546,1,0,83
L1_legacy_uniform_global,1,5,660,2,1,0,0.09107986635751807,1,0,83
L1_legacy_uniform_global,1,5,669,2,1,0,0.08383803597981489,1,0,83
L1_legacy_uniform_global,1,5,674,1,0,1,0.7992286497573656,0,1,83
L1_legacy_uniform_global,1,5,685,1,0,1,0.871590595365212,0,1,83
L1_legacy_uniform_global,1,5,698,2,1,0,0.10221889918636039,1,0,83
L1_legacy_uniform_global,1,5,702,1,0,1,0.8618108279179605,0,1,83
L1_legacy_uniform_global,1,5,713,1,0,1,0.12178851442023797,1,0,83
L1_legacy_uniform_global,1,5,719,1,0,1,0.7707039054457631,0,1,83
L1_legacy_uniform_global,1,5,727,1,0,1,0.8502957482421128,0,1,83
L1_legacy_uniform_global,1,5,737,2,1,0,0.3827312330769733,1,0,83
L1_legacy_uniform_global,1,5,738,2,1,0,0.8807800240541225,0,1,83
L1_legacy_uniform_global,1,5,746,2,1,0,0.24545441961909328,1,0,83
L1_legacy_uniform_global,1,5,805,2,1,0,0.20152315592002013,1,0,83
L1_legacy_uniform_global,1,5,821,2,1,0,0.08421839873144431,1,0,83
L1_legacy_uniform_global,1,5,823,2,1,0,0.16398244240209822,1,0,83
L1_legacy_uniform_global,1,5,832,1,0,1,0.5188433861958103,0,1,83
L1_legacy_uniform_global,1,5,847,2,1,0,0.08403048636874157,1,0,83
L1_legacy_uniform_global,1,5,848,2,1,0,0.08553285778435378,1,0,83
L1_legacy_uniform_global,1,5,849,2,1,0,0.08485076698684493,1,0,83
L1_legacy_uniform_global,1,6,6,1,0,1,0.8546870390972171,0,1,88
L1_legacy_uniform_global,1,6,47,1,0,1,0.11800253187833118,1,0,88
L1_legacy_uniform_global,1,6,54,2,1,0,0.4287535309998864,1,0,88
L1_legacy_uniform_global,1,6,61,2,1,0,0.11382904559553152,1,0,88
L1_legacy_uniform_global,1,6,70,1,0,1,0.6778300569296125,0,1,88
L1_legacy_uniform_global,1,6,76,1,0,1,0.8559151706135698,0,1,88
L1_legacy_uniform_global,1,6,78,1,0,1,0.8559166500939199,0,1,88
L1_legacy_uniform_global,1,6,82,1,0,1,0.18674020088556545,1,0,88
L1_legacy_uniform_global,1,6,91,2,1,0,0.11637172441245422,1,0,88
L1_legacy_uniform_global,1,6,92,2,1,0,0.8528143795625993,0,1,88
L1_legacy_uniform_global,1,6,112,2,1,0,0.11386815955453328,1,0,88
L1_legacy_uniform_global,1,6,123,2,1,0,0.4643332440028328,1,0,88
L1_legacy_uniform_global,1,6,124,2,1,0,0.17691779516513031,1,0,88
L1_legacy_uniform_global,1,6,130,1,0,1,0.8524295179795803,0,1,88
L1_legacy_uniform_global,1,6,131,1,0,1,0.8546778948206686,0,1,88
L1_legacy_uniform_global,1,6,137,1,0,1,0.8559225935493741,0,1,88
L1_legacy_uniform_global,1,6,139,1,0,1,0.8558378840758006,0,1,88
L1_legacy_uniform_global,1,6,140,1,0,1,0.8558015643643805,0,1,88
L1_legacy_uniform_global,1,6,151,2,1,0,0.11385073168951762,1,0,88
L1_legacy_uniform_global,1,6,168,1,0,1,0.8533346354156247,0,1,88
L1_legacy_uniform_global,1,6,175,1,0,1,0.7695233660962657,0,1,88
L1_legacy_uniform_global,1,6,196,1,0,1,0.11435447067324546,1,0,88
L1_legacy_uniform_global,1,6,205,2,1,0,0.5380449970909043,0,1,88
L1_legacy_uniform_global,1,6,219,2,1,0,0.12668344275202892,1,0,88
L1_legacy_uniform_global,1,6,220,2,1,0,0.12637573944936487,1,0,88
L1_legacy_uniform_global,1,6,223,2,1,0,0.1366492508792007,1,0,88
L1_legacy_uniform_global,1,6,228,2,1,0,0.13214106535514253,1,0,88
L1_legacy_uniform_global,1,6,229,2,1,0,0.11532263655775596,1,0,88
L1_legacy_uniform_global,1,6,234,2,1,0,0.11585503878875641,1,0,88
L1_legacy_uniform_global,1,6,239,2,1,0,0.126492699196677,1,0,88
L1_legacy_uniform_global,1,6,254,2,1,0,0.11633715905111379,1,0,88
L1_legacy_uniform_global,1,6,260,1,0,1,0.19174001666788223,1,0,88
L1_legacy_uniform_global,1,6,278,2,1,0,0.11447070258912642,1,0,88
L1_legacy_uniform_global,1,6,290,2,1,0,0.8238944307955804,0,1,88
L1_legacy_uniform_global,1,6,292,2,1,0,0.12236640372525534,1,0,88
L1_legacy_uniform_global,1,6,299,2,1,0,0.11463711323512729,1,0,88
L1_legacy_uniform_global,1,6,302,2,1,0,0.1310926994817955,1,0,88
L1_legacy_uniform_global,1,6,321,1,0,1,0.8463527946892039,0,1,88
L1_legacy_uniform_global,1,6,340,1,0,1,0.8546743288340456,0,1,88
L1_legacy_uniform_global,1,6,345,1,0,1,0.8508741202769105,0,1,88
L1_legacy_uniform_global,1,6,357,2,1,0,0.4210383479924737,1,0,88
L1_legacy_uniform_global,1,6,365,2,1,0,0.18688742746494438,1,0,88
L1_legacy_uniform_global,1,6,372,1,0,1,0.8462582757299826,0,1,88
L1_legacy_uniform_global,1,6,374,1,0,1,0.11375750265205861,1,0,88
L1_legacy_uniform_global,1,6,379,1,0,1,0.855917785214198,0,1,88
L1_legacy_uniform_global,1,6,399,2,1,0,0.21479088582204509,1,0,88
L1_legacy_uniform_global,1,6,426,2,1,0,0.11441825949279585,1,0,88
L1_legacy_uniform_global,1,6,444,2,1,0,0.12330758327434532,1,0,88
L1_legacy_uniform_global,1,6,467,2,1,0,0.15293394166654917,1,0,88
L1_legacy_uniform_global,1,6,468,2,1,0,0.11877567191904623,1,0,88
L1_legacy_uniform_global,1,6,470,2,1,0,0.1152297406931576,1,0,88
L1_legacy_uniform_global,1,6,480,1,0,1,0.8559183974145236,0,1,88
L1_legacy_uniform_global,1,6,493,1,0,1,0.11375394973836177,1,0,88
L1_legacy_uniform_global,1,6,499,1,0,1,0.847521021830654,0,1,88
L1_legacy_uniform_global,1,6,515,1,0,1,0.820557520993674,0,1,88
L1_legacy_uniform_global,1,6,518,1,0,1,0.7544911748128469,0,1,88
L1_legacy_uniform_global,1,6,522,1,0,1,0.7771015038082135,0,1,88
L1_legacy_uniform_global,1,6,523,1,0,1,0.8515240663379864,0,1,88
L1_legacy_uniform_global,1,6,542,1,0,1,0.8508097386876788,0,1,88
L1_legacy_uniform_global,1,6,556,1,0,1,0.8559263433043054,0,1,88
L1_legacy_uniform_global,1,6,557,1,0,1,0.8462226021384673,0,1,88
L1_legacy_uniform_global,1,6,567,2,1,0,0.12078155723686561,1,0,88
L1_legacy_uniform_global,1,6,569,2,1,0,0.12029452639323555,1,0,88
L1_legacy_uniform_global,1,6,573,2,1,0,0.35611024120116047,1,0,88
L1_legacy_uniform_global,1,6,581,2,1,0,0.11381995440722466,1,0,88
L1_legacy_uniform_global,1,6,582,2,1,0,0.11768378297365299,1,0,88
L1_legacy_uniform_global,1,6,583,2,1,0,0.12055396229750984,1,0,88
L1_legacy_uniform_global,1,6,601,2,1,0,0.13818037855187879,1,0,88
L1_legacy_uniform_global,1,6,604,2,1,0,0.1371622015309487,1,0,88
L1_legacy_uniform_global,1,6,624,2,1,0,0.11379417737434053,1,0,88
L1_legacy_uniform_global,1,6,672,2,1,0,0.12350112042856569,1,0,88
L1_legacy_uniform_global,1,6,707,1,0,1,0.8367483383152534,0,1,88
L1_legacy_uniform_global,1,6,725,1,0,1,0.8532832529120806,0,1,88
L1_legacy_uniform_global,1,6,739,2,1,0,0.11651772783386889,1,0,88
L1_legacy_uniform_global,1,6,762,2,1,0,0.1255787549900361,1,0,88
L1_legacy_uniform_global,1,6,773,1,0,1,0.8499249540100229,0,1,88
L1_legacy_uniform_global,1,6,775,2,1,0,0.1146827934670598,1,0,88
L1_legacy_uniform_global,1,6,785,1,0,1,0.8528849622961953,0,1,88
L1_legacy_uniform_global,1,6,796,1,0,1,0.854057471586029,0,1,88
L1_legacy_uniform_global,1,6,810,2,1,0,0.11823069380929575,1,0,88
L1_legacy_uniform_global,1,6,811,2,1,0,0.1137824304109488,1,0,88
L1_legacy_uniform_global,1,6,812,1,0,1,0.11649964446305687,1,0,88
L1_legacy_uniform_global,1,6,819,2,1,0,0.14334014965738537,1,0,88
L1_legacy_uniform_global,1,6,844,2,1,0,0.12209983604097482,1,0,88
L1_legacy_uniform_global,1,6,858,1,0,1,0.5221512220595321,0,1,88
L1_legacy_uniform_global,1,6,864,1,0,1,0.7430185977145817,0,1,88
L1_legacy_uniform_global,1,6,869,1,0,1,0.12715701340044092,1,0,88
L1_legacy_uniform_global,1,7,22,2,1,0,0.07230561675570837,1,0,113
L1_legacy_uniform_global,1,7,24,2,1,0,0.07232318543321788,1,0,113
L1_legacy_uniform_global,1,7,29,2,1,0,0.07239888814825175,1,0,113
L1_legacy_uniform_global,1,7,43,2,1,0,0.07451125466537097,1,0,113
L1_legacy_uniform_global,1,7,50,2,1,0,0.07253569173505686,1,0,113
L1_legacy_uniform_global,1,7,58,2,1,0,0.07672129787231463,1,0,113
L1_legacy_uniform_global,1,7,62,2,1,0,0.10741297080633287,1,0,113
L1_legacy_uniform_global,1,7,86,1,0,1,0.07271306651999446,1,0,113
L1_legacy_uniform_global,1,7,89,1,0,1,0.8794666497866555,0,1,113
L1_legacy_uniform_global,1,7,93,2,1,0,0.07395922352084733,1,0,113
L1_legacy_uniform_global,1,7,99,2,1,0,0.07399017635509517,1,0,113
L1_legacy_uniform_global,1,7,121,2,1,0,0.07287372444761862,1,0,113
L1_legacy_uniform_global,1,7,125,2,1,0,0.0770735440532151,1,0,113
L1_legacy_uniform_global,1,7,127,2,1,0,0.072388463109913,1,0,113
L1_legacy_uniform_global,1,7,129,2,1,0,0.07246366402012082,1,0,113
L1_legacy_uniform_global,1,7,133,1,0,1,0.8794921002092125,0,1,113
L1_legacy_uniform_global,1,7,158,2,1,0,0.07460610832185144,1,0,113
L1_legacy_uniform_global,1,7,162,2,1,0,0.0727430295520562,1,0,113
L1_legacy_uniform_global,1,7,169,1,0,1,0.5474042423891133,0,1,113
L1_legacy_uniform_global,1,7,183,1,0,1,0.8051216923480269,0,1,113
L1_legacy_uniform_global,1,7,188,1,0,1,0.7825861269319538,0,1,113
L1_legacy_uniform_global,1,7,211,2,1,0,0.0787647054211112,1,0,113
L1_legacy_uniform_global,1,7,212,2,1,0,0.5238482903780266,0,1,113
L1_legacy_uniform_global,1,7,238,2,1,0,0.07636407046985723,1,0,113
L1_legacy_uniform_global,1,7,245,2,1,0,0.07269401659139782,1,0,113
L1_legacy_uniform_global,1,7,251,2,1,0,0.39653585777431555,1,0,113
L1_legacy_uniform_global,1,7,262,1,0,1,0.8794952324181894,0,1,113
L1_legacy_uniform_global,1,7,266,1,0,1,0.7923702221801845,0,1,113
L1_legacy_uniform_global,1,7,274,2,1,0,0.07288706924680874,1,0,113
L1_legacy_uniform_global,1,7,300,2,1,0,0.3853576942232551,1,0,113
L1_legacy_uniform_global,1,7,307,1,0,1,0.8489497997030856,0,1,113
L1_legacy_uniform_global,1,7,317,1,0,1,0.7359236202375365,0,1,113
L1_legacy_uniform_global,1,7,318,1,0,1,0.7984308897492445,0,1,113
L1_legacy_uniform_global,1,7,325,1,0,1,0.8637276960688995,0,1,113
L1_legacy_uniform_global,1,7,346,1,0,1,0.8767686875110107,0,1,113
L1_legacy_uniform_global,1,7,353,2,1,0,0.07244274497609404,1,0,113
L1_legacy_uniform_global,1,7,354,2,1,0,0.07487966426025339,1,0,113
L1_legacy_uniform_global,1,7,373,1,0,1,0.8221654996266995,0,1,113
L1_legacy_uniform_global,1,7,375,1,0,1,0.5009986874447544,0,1,113
L1_legacy_uniform_global,1,7,386,1,0,1,0.8780506606055911,0,1,113
L1_legacy_uniform_global,1,7,395,1,0,1,0.08443563451376067,1,0,113
L1_legacy_uniform_global,1,7,407,2,1,0,0.07918970805120802,1,0,113
L1_legacy_uniform_global,1,7,418,2,1,0,0.8647533276535311,0,1,113
L1_legacy_uniform_global,1,7,428,2,1,0,0.07274342844881403,1,0,113
L1_legacy_uniform_global,1,7,450,1,0,1,0.8793967763062833,0,1,113
L1_legacy_uniform_global,1,7,453,1,0,1,0.731738329469552,0,1,113
L1_legacy_uniform_global,1,7,456,1,0,1,0.8722961785061172,0,1,113
L1_legacy_uniform_global,1,7,495,1,0,1,0.47196244459681874,1,0,113
L1_legacy_uniform_global,1,7,510,1,0,1,0.8778558618379355,0,1,113
L1_legacy_uniform_global,1,7,521,1,0,1,0.87786412911418,0,1,113
L1_legacy_uniform_global,1,7,554,1,0,1,0.8547677753324529,0,1,113
L1_legacy_uniform_global,1,7,587,2,1,0,0.2723552567157111,1,0,113
L1_legacy_uniform_global,1,7,593,2,1,0,0.07713242410721388,1,0,113
L1_legacy_uniform_global,1,7,619,2,1,0,0.07397137383009358,1,0,113
L1_legacy_uniform_global,1,7,620,2,1,0,0.27081299627557154,1,0,113
L1_legacy_uniform_global,1,7,629,2,1,0,0.07683775849716623,1,0,113
L1_legacy_uniform_global,1,7,634,2,1,0,0.0779625430534807,1,0,113
L1_legacy_uniform_global,1,7,663,2,1,0,0.07342393768694165,1,0,113
L1_legacy_uniform_global,1,7,667,2,1,0,0.07389822000476869,1,0,113
L1_legacy_uniform_global,1,7,671,2,1,0,0.07605734229807189,1,0,113
L1_legacy_uniform_global,1,7,673,2,1,0,0.8794288555644447,0,1,113
L1_legacy_uniform_global,1,7,676,1,0,1,0.55523285171882,0,1,113
L1_legacy_uniform_global,1,7,682,1,0,1,0.868822306250885,0,1,113
L1_legacy_uniform_global,1,7,683,1,0,1,0.7244108491073228,0,1,113
L1_legacy_uniform_global,1,7,684,1,0,1,0.8786785625130934,0,1,113
L1_legacy_uniform_global,1,7,695,2,1,0,0.07293247375659338,1,0,113
L1_legacy_uniform_global,1,7,704,1,0,1,0.8079773990218004,0,1,113
L1_legacy_uniform_global,1,7,710,1,0,1,0.87941060116989,0,1,113
L1_legacy_uniform_global,1,7,717,1,0,1,0.8730794000688148,0,1,113
L1_legacy_uniform_global,1,7,720,1,0,1,0.8781076431631428,0,1,113
L1_legacy_uniform_global,1,7,724,1,0,1,0.8791164209043866,0,1,113
L1_legacy_uniform_global,1,7,736,2,1,0,0.07319669934467982,1,0,113
L1_legacy_uniform_global,1,7,759,2,1,0,0.2976151715618811,1,0,113
L1_legacy_uniform_global,1,7,760,2,1,0,0.07240232321650815,1,0,113
L1_legacy_uniform_global,1,7,764,1,0,1,0.8759684898216534,0,1,113
L1_legacy_uniform_global,1,7,774,2,1,0,0.07330618430411724,1,0,113
L1_legacy_uniform_global,1,7,784,1,0,1,0.08216292653435531,1,0,113
L1_legacy_uniform_global,1,7,799,2,1,0,0.07293445606760361,1,0,113
L1_legacy_uniform_global,1,7,807,2,1,0,0.07392713796223307,1,0,113
L1_legacy_uniform_global,1,7,820,2,1,0,0.07419022647574926,1,0,113
L1_legacy_uniform_global,1,7,827,2,1,0,0.07321273898716743,1,0,113
L1_legacy_uniform_global,1,7,828,1,0,1,0.8495173949632772,0,1,113
L1_legacy_uniform_global,1,7,830,1,0,1,0.8723440652849525,0,1,113
L1_legacy_uniform_global,1,7,831,1,0,1,0.8776616948049331,0,1,113
L1_legacy_uniform_global,1,7,833,2,1,0,0.07257168917986409,1,0,113
L1_legacy_uniform_global,1,7,857,1,0,1,0.8778051479878755,0,1,113
L1_legacy_uniform_global,1,7,866,1,0,1,0.8753416245172442,0,1,113
L1_legacy_uniform_global,1,8,5,1,0,1,0.8257500349089762,0,1,99
L1_legacy_uniform_global,1,8,7,1,0,1,0.8662618715514183,0,1,99
L1_legacy_uniform_global,1,8,10,1,0,1,0.8668772354225169,0,1,99
L1_legacy_uniform_global,1,8,14,1,0,1,0.1387699770231709,1,0,99
L1_legacy_uniform_global,1,8,16,1,0,1,0.8693968918104874,0,1,99
L1_legacy_uniform_global,1,8,35,2,1,0,0.14019000358779218,1,0,99
L1_legacy_uniform_global,1,8,42,2,1,0,0.200346740248185,1,0,99
L1_legacy_uniform_global,1,8,49,2,1,0,0.1389958357343249,1,0,99
L1_legacy_uniform_global,1,8,52,2,1,0,0.14418865215351537,1,0,99
L1_legacy_uniform_global,1,8,56,2,1,0,0.13941803929770352,1,0,99
L1_legacy_uniform_global,1,8,65,1,0,1,0.13910910190040318,1,0,99
L1_legacy_uniform_global,1,8,67,1,0,1,0.8699803485590532,0,1,99
L1_legacy_uniform_global,1,8,101,2,1,0,0.1459656965102627,1,0,99
L1_legacy_uniform_global,1,8,103,1,0,1,0.8641969806388687,0,1,99
L1_legacy_uniform_global,1,8,104,1,0,1,0.8682097662696943,0,1,99
L1_legacy_uniform_global,1,8,106,1,0,1,0.864584436705361,0,1,99
L1_legacy_uniform_global,1,8,117,2,1,0,0.13908459424181224,1,0,99
L1_legacy_uniform_global,1,8,118,2,1,0,0.13867707141476332,1,0,99
L1_legacy_uniform_global,1,8,143,1,0,1,0.14432359441292952,1,0,99
L1_legacy_uniform_global,1,8,146,1,0,1,0.8439947328364709,0,1,99
L1_legacy_uniform_global,1,8,164,1,0,1,0.8656099634464381,0,1,99
L1_legacy_uniform_global,1,8,171,1,0,1,0.38084450955913984,1,0,99
L1_legacy_uniform_global,1,8,184,1,0,1,0.8699359489599353,0,1,99
L1_legacy_uniform_global,1,8,187,1,0,1,0.8693809443231613,0,1,99
L1_legacy_uniform_global,1,8,194,1,0,1,0.8659395981599249,0,1,99
L1_legacy_uniform_global,1,8,198,2,1,0,0.14382779951584793,1,0,99
L1_legacy_uniform_global,1,8,214,2,1,0,0.13873147102986896,1,0,99
L1_legacy_uniform_global,1,8,227,2,1,0,0.1416589222146386,1,0,99
L1_legacy_uniform_global,1,8,231,2,1,0,0.13871367719690628,1,0,99
L1_legacy_uniform_global,1,8,244,2,1,0,0.4942936588348509,1,0,99
L1_legacy_uniform_global,1,8,263,1,0,1,0.8690176255701119,0,1,99
L1_legacy_uniform_global,1,8,268,1,0,1,0.8698379019314965,0,1,99
L1_legacy_uniform_global,1,8,270,2,1,0,0.14553674530113464,1,0,99
L1_legacy_uniform_global,1,8,281,2,1,0,0.14060628004570755,1,0,99
L1_legacy_uniform_global,1,8,298,2,1,0,0.14943315857426567,1,0,99
L1_legacy_uniform_global,1,8,309,1,0,1,0.8677098047066416,0,1,99
L1_legacy_uniform_global,1,8,314,1,0,1,0.8685913850222369,0,1,99
L1_legacy_uniform_global,1,8,358,2,1,0,0.4119983821201954,1,0,99
L1_legacy_uniform_global,1,8,366,2,1,0,0.13877967136661204,1,0,99
L1_legacy_uniform_global,1,8,369,1,0,1,0.2683094386544378,1,0,99
L1_legacy_uniform_global,1,8,381,1,0,1,0.866310188694887,0,1,99
L1_legacy_uniform_global,1,8,404,2,1,0,0.14670847449990157,1,0,99
L1_legacy_uniform_global,1,8,419,1,0,1,0.8696346489909313,0,1,99
L1_legacy_uniform_global,1,8,420,2,1,0,0.142372995217281,1,0,99
L1_legacy_uniform_global,1,8,432,2,1,0,0.13907822760007807,1,0,99
L1_legacy_uniform_global,1,8,440,2,1,0,0.14166841305998296,1,0,99
L1_legacy_uniform_global,1,8,454,1,0,1,0.8687773184628744,0,1,99
L1_legacy_uniform_global,1,8,462,2,1,0,0.1393198999556855,1,0,99
L1_legacy_uniform_global,1,8,471,1,0,1,0.8661159941410081,0,1,99
L1_legacy_uniform_global,1,8,482,2,1,0,0.1389958357343249,1,0,99
L1_legacy_uniform_global,1,8,508,1,0,1,0.868180825936608,0,1,99
L1_legacy_uniform_global,1,8,525,1,0,1,0.14137508218256298,1,0,99
L1_legacy_uniform_global,1,8,527,1,0,1,0.8662825379986968,0,1,99
L1_legacy_uniform_global,1,8,532,1,0,1,0.8674081512471499,0,1,99
L1_legacy_uniform_global,1,8,544,1,0,1,0.8698974365736463,0,1,99
L1_legacy_uniform_global,1,8,559,1,0,1,0.6285736194849548,0,1,99
L1_legacy_uniform_global,1,8,576,2,1,0,0.14547435313159807,1,0,99
L1_legacy_uniform_global,1,8,596,2,1,0,0.14272453206092733,1,0,99
L1_legacy_uniform_global,1,8,627,2,1,0,0.13877937357806303,1,0,99
L1_legacy_uniform_global,1,8,632,2,1,0,0.4703145639005983,1,0,99
L1_legacy_uniform_global,1,8,635,2,1,0,0.13870393785903276,1,0,99
L1_legacy_uniform_global,1,8,638,2,1,0,0.2267797553313709,1,0,99
L1_legacy_uniform_global,1,8,642,2,1,0,0.1402167619743029,1,0,99
L1_legacy_uniform_global,1,8,644,2,1,0,0.14018440519608463,1,0,99
L1_legacy_uniform_global,1,8,656,2,1,0,0.14054923522010407,1,0,99
L1_legacy_uniform_global,1,8,670,2,1,0,0.13898354163869686,1,0,99
L1_legacy_uniform_global,1,8,694,2,1,0,0.16296631985392204,1,0,99
L1_legacy_uniform_global,1,8,701,1,0,1,0.867705861101084,0,1,99
L1_legacy_uniform_global,1,8,711,1,0,1,0.14430670037346813,1,0,99
L1_legacy_uniform_global,1,8,730,1,0,1,0.8683840367047723,0,1,99
L1_legacy_uniform_global,1,8,733,1,0,1,0.6836026678358235,0,1,99
L1_legacy_uniform_global,1,8,745,2,1,0,0.13871030390230596,1,0,99
L1_legacy_uniform_global,1,8,747,2,1,0,0.14209748113169604,1,0,99
L1_legacy_uniform_global,1,8,758,2,1,0,0.1386501771176435,1,0,99
L1_legacy_uniform_global,1,8,777,2,1,0,0.14861468988690058,1,0,99
L1_legacy_uniform_global,1,8,783,2,1,0,0.15282435706255187,1,0,99
L1_legacy_uniform_global,1,8,786,1,0,1,0.8699114232040834,0,1,99
L1_legacy_uniform_global,1,8,788,1,0,1,0.6885166386642636,0,1,99
L1_legacy_uniform_global,1,8,790,1,0,1,0.8494785206913474,0,1,99
L1_legacy_uniform_global,1,8,791,1,0,1,0.5085625759102184,0,1,99
L1_legacy_uniform_global,1,8,797,2,1,0,0.13910492302267546,1,0,99
L1_legacy_uniform_global,1,8,801,2,1,0,0.13868226243279744,1,0,99
L1_legacy_uniform_global,1,8,802,2,1,0,0.8536424738889655,0,1,99
L1_legacy_uniform_global,1,8,816,2,1,0,0.4143905971488836,1,0,99
L1_legacy_uniform_global,1,8,824,2,1,0,0.13946930457072634,1,0,99
L1_legacy_uniform_global,1,8,825,2,1,0,0.13942315832870722,1,0,99
L1_legacy_uniform_global,1,8,839,2,1,0,0.14064887765846176,1,0,99
L1_legacy_uniform_global,1,9,0,1,0,1,0.9148595589637488,0,1,212
L1_legacy_uniform_global,1,9,44,1,0,1,0.9368045578394667,0,1,212
L1_legacy_uniform_global,1,9,51,2,1,0,0.21616835575684035,1,0,212
L1_legacy_uniform_global,1,9,83,1,0,1,0.9397684360189794,0,1,212
L1_legacy_uniform_global,1,9,96,2,1,0,0.7628409447953504,0,1,212
L1_legacy_uniform_global,1,9,110,1,0,1,0.9441744965524443,0,1,212
L1_legacy_uniform_global,1,9,116,2,1,0,0.06564811646695302,1,0,212
L1_legacy_uniform_global,1,9,136,1,0,1,0.9437962173153632,0,1,212
L1_legacy_uniform_global,1,9,155,2,1,0,0.0701414846449193,1,0,212
L1_legacy_uniform_global,1,9,157,2,1,0,0.0668230902077256,1,0,212
L1_legacy_uniform_global,1,9,161,2,1,0,0.0657553243552516,1,0,212
L1_legacy_uniform_global,1,9,178,1,0,1,0.943776465112194,0,1,212
L1_legacy_uniform_global,1,9,180,1,0,1,0.9442342226045062,0,1,212
L1_legacy_uniform_global,1,9,181,1,0,1,0.9440457114800835,0,1,212
L1_legacy_uniform_global,1,9,182,1,0,1,0.06526520667587765,1,0,212
L1_legacy_uniform_global,1,9,197,2,1,0,0.06530013364071874,1,0,212
L1_legacy_uniform_global,1,9,202,2,1,0,0.06578497679642711,1,0,212
L1_legacy_uniform_global,1,9,208,2,1,0,0.066895619531977,1,0,212
L1_legacy_uniform_global,1,9,237,2,1,0,0.06661362836769463,1,0,212
L1_legacy_uniform_global,1,9,247,2,1,0,0.19761860755023572,1,0,212
L1_legacy_uniform_global,1,9,249,2,1,0,0.0667730351089271,1,0,212
L1_legacy_uniform_global,1,9,257,1,0,1,0.9432176470082331,0,1,212
L1_legacy_uniform_global,1,9,267,1,0,1,0.9435396361186418,0,1,212
L1_legacy_uniform_global,1,9,287,2,1,0,0.9437479028496065,0,1,212
L1_legacy_uniform_global,1,9,294,2,1,0,0.06635215462509816,1,0,212
L1_legacy_uniform_global,1,9,297,2,1,0,0.12148021672695203,1,0,212
L1_legacy_uniform_global,1,9,310,1,0,1,0.9434463572314504,0,1,212
L1_legacy_uniform_global,1,9,320,1,0,1,0.5842427292270117,0,1,212
L1_legacy_uniform_global,1,9,341,1,0,1,0.9433972312700981,0,1,212
L1_legacy_uniform_global,1,9,352,2,1,0,0.06563220058653647,1,0,212
L1_legacy_uniform_global,1,9,377,1,0,1,0.9437439757818863,0,1,212
L1_legacy_uniform_global,1,9,378,1,0,1,0.9440562304200781,0,1,212
L1_legacy_uniform_global,1,9,396,1,0,1,0.6687603299130793,0,1,212
L1_legacy_uniform_global,1,9,400,2,1,0,0.3343290163190404,1,0,212
L1_legacy_uniform_global,1,9,406,2,1,0,0.9441865047732556,0,1,212
L1_legacy_uniform_global,1,9,409,1,0,1,0.06632650021670627,1,0,212
L1_legacy_uniform_global,1,9,423,1,0,1,0.9438303047258005,0,1,212
L1_legacy_uniform_global,1,9,424,1,0,1,0.9418522510974334,0,1,212
L1_legacy_uniform_global,1,9,427,1,0,1,0.9437045864739246,0,1,212
L1_legacy_uniform_global,1,9,434,2,1,0,0.0670401791836718,1,0,212
L1_legacy_uniform_global,1,9,442,2,1,0,0.25184591158307995,1,0,212
L1_legacy_uniform_global,1,9,452,1,0,1,0.9427653238198467,0,1,212
L1_legacy_uniform_global,1,9,459,2,1,0,0.06908056994135407,1,0,212
L1_legacy_uniform_global,1,9,463,2,1,0,0.06563594054979655,1,0,212
L1_legacy_uniform_global,1,9,479,1,0,1,0.9440717435207262,0,1,212
L1_legacy_uniform_global,1,9,488,2,1,0,0.06550701146206246,1,0,212
L1_legacy_uniform_global,1,9,491,1,0,1,0.944160680604495,0,1,212
L1_legacy_uniform_global,1,9,500,1,0,1,0.6418184361353321,0,1,212
L1_legacy_uniform_global,1,9,512,1,0,1,0.9440669604926648,0,1,212
L1_legacy_uniform_global,1,9,520,1,0,1,0.6632881509789883,0,1,212
L1_legacy_uniform_global,1,9,526,1,0,1,0.8786761664368061,0,1,212
L1_legacy_uniform_global,1,9,534,1,0,1,0.9402933479995546,0,1,212
L1_legacy_uniform_global,1,9,540,1,0,1,0.9437751923784982,0,1,212
L1_legacy_uniform_global,1,9,552,1,0,1,0.9441727941691185,0,1,212
L1_legacy_uniform_global,1,9,561,1,0,1,0.9442155164770412,0,1,212
L1_legacy_uniform_global,1,9,563,1,0,1,0.9437042665567866,0,1,212
L1_legacy_uniform_global,1,9,565,2,1,0,0.06660427456969845,1,0,212
L1_legacy_uniform_global,1,9,578,2,1,0,0.0668831643987835,1,0,212
L1_legacy_uniform_global,1,9,591,2,1,0,0.6657181063432596,0,1,212
L1_legacy_uniform_global,1,9,595,2,1,0,0.33681802148216683,1,0,212
L1_legacy_uniform_global,1,9,602,2,1,0,0.06729053346533573,1,0,212
L1_legacy_uniform_global,1,9,612,2,1,0,0.06740606416868022,1,0,212
L1_legacy_uniform_global,1,9,622,2,1,0,0.06867069723280435,1,0,212
L1_legacy_uniform_global,1,9,625,2,1,0,0.06589592731527529,1,0,212
L1_legacy_uniform_global,1,9,631,2,1,0,0.06686934048171425,1,0,212
L1_legacy_uniform_global,1,9,640,2,1,0,0.0658291273963009,1,0,212
L1_legacy_uniform_global,1,9,643,2,1,0,0.06692696697098817,1,0,212
L1_legacy_uniform_global,1,9,657,2,1,0,0.06709937668146583,1,0,212
L1_legacy_uniform_global,1,9,679,1,0,1,0.9425942380991782,0,1,212
L1_legacy_uniform_global,1,9,692,2,1,0,0.07138130720119942,1,0,212
L1_legacy_uniform_global,1,9,693,2,1,0,0.067114384237811,1,0,212
L1_legacy_uniform_global,1,9,709,1,0,1,0.9434119814420455,0,1,212
L1_legacy_uniform_global,1,9,715,1,0,1,0.9434113418062651,0,1,212
L1_legacy_uniform_global,1,9,732,1,0,1,0.9435226555042578,0,1,212
L1_legacy_uniform_global,1,9,743,2,1,0,0.26041589858237413,1,0,212
L1_legacy_uniform_global,1,9,781,2,1,0,0.0660922587412896,1,0,212
L1_legacy_uniform_global,1,9,795,1,0,1,0.9441718374591752,0,1,212
L1_legacy_uniform_global,1,9,798,2,1,0,0.06542190136261934,1,0,212
L1_legacy_uniform_global,1,9,809,2,1,0,0.06551619554189932,1,0,212
L1_legacy_uniform_global,1,9,818,2,1,0,0.943505249900828,0,1,212
L1_legacy_uniform_global,1,9,822,2,1,0,0.06550774551633916,1,0,212
L1_legacy_uniform_global,1,9,829,1,0,1,0.9425747498243457,0,1,212
L1_legacy_uniform_global,1,9,837,2,1,0,0.06608611355425045,1,0,212
L1_legacy_uniform_global,1,9,840,2,1,0,0.44495514939147485,1,0,212
L1_legacy_uniform_global,1,9,843,2,1,0,0.0652980630277928,1,0,212
L1_legacy_uniform_global,1,9,851,2,1,0,0.06718766223646269,1,0,212
L1_legacy_uniform_global,1,9,862,1,0,1,0.944175344227931,0,1,212
L1_legacy_uniform_global,1,10,2,1,0,1,0.4241855769358172,1,0,89
L1_legacy_uniform_global,1,10,11,1,0,1,0.7021239910661653,0,1,89
L1_legacy_uniform_global,1,10,18,1,0,1,0.6079677765114995,0,1,89
L1_legacy_uniform_global,1,10,19,1,0,1,0.18270113424708825,1,0,89
L1_legacy_uniform_global,1,10,20,1,0,1,0.69616367042102,0,1,89
L1_legacy_uniform_global,1,10,27,2,1,0,0.16840648087359064,1,0,89
L1_legacy_uniform_global,1,10,36,2,1,0,0.2812835045588233,1,0,89
L1_legacy_uniform_global,1,10,38,2,1,0,0.4392927295481985,1,0,89
L1_legacy_uniform_global,1,10,55,2,1,0,0.19051141858491485,1,0,89
L1_legacy_uniform_global,1,10,63,2,1,0,0.17430656554058035,1,0,89
L1_legacy_uniform_global,1,10,66,1,0,1,0.7023648992039836,0,1,89
L1_legacy_uniform_global,1,10,72,1,0,1,0.6950133959138332,0,1,89
L1_legacy_uniform_global,1,10,85,1,0,1,0.6966767947865804,0,1,89
L1_legacy_uniform_global,1,10,98,2,1,0,0.18315744277614318,1,0,89
L1_legacy_uniform_global,1,10,108,1,0,1,0.1782211198627822,1,0,89
L1_legacy_uniform_global,1,10,113,2,1,0,0.16345630706407233,1,0,89
L1_legacy_uniform_global,1,10,114,2,1,0,0.4368034894810314,1,0,89
L1_legacy_uniform_global,1,10,126,2,1,0,0.16527170521400794,1,0,89
L1_legacy_uniform_global,1,10,132,1,0,1,0.3057165663787584,1,0,89
L1_legacy_uniform_global,1,10,141,1,0,1,0.31734432323338035,1,0,89
L1_legacy_uniform_global,1,10,145,1,0,1,0.43680645754003355,1,0,89
L1_legacy_uniform_global,1,10,152,2,1,0,0.19992085468166793,1,0,89
L1_legacy_uniform_global,1,10,156,2,1,0,0.2006362702479767,1,0,89
L1_legacy_uniform_global,1,10,163,1,0,1,0.6998057041081004,0,1,89
L1_legacy_uniform_global,1,10,176,1,0,1,0.6751498004750917,0,1,89
L1_legacy_uniform_global,1,10,190,1,0,1,0.7025781878697126,0,1,89
L1_legacy_uniform_global,1,10,200,2,1,0,0.2173584754469434,1,0,89
L1_legacy_uniform_global,1,10,225,2,1,0,0.17315449757008422,1,0,89
L1_legacy_uniform_global,1,10,235,2,1,0,0.22458780151729588,1,0,89
L1_legacy_uniform_global,1,10,240,2,1,0,0.16325376386427162,1,0,89
L1_legacy_uniform_global,1,10,246,2,1,0,0.16357829288290854,1,0,89
L1_legacy_uniform_global,1,10,265,1,0,1,0.16694815493364823,1,0,89
L1_legacy_uniform_global,1,10,275,2,1,0,0.16573655471497653,1,0,89
L1_legacy_uniform_global,1,10,279,2,1,0,0.1667979045096997,1,0,89
L1_legacy_uniform_global,1,10,285,2,1,0,0.1664859801696153,1,0,89
L1_legacy_uniform_global,1,10,308,1,0,1,0.7025588409975231,0,1,89
L1_legacy_uniform_global,1,10,315,1,0,1,0.7018720792397165,0,1,89
L1_legacy_uniform_global,1,10,319,1,0,1,0.6977661449309364,0,1,89
L1_legacy_uniform_global,1,10,348,1,0,1,0.6889216874987216,0,1,89
L1_legacy_uniform_global,1,10,361,2,1,0,0.47398627886390676,1,0,89
L1_legacy_uniform_global,1,10,376,1,0,1,0.38698427545335246,1,0,89
L1_legacy_uniform_global,1,10,388,1,0,1,0.7017577539450547,0,1,89
L1_legacy_uniform_global,1,10,393,1,0,1,0.6983622608316262,0,1,89
L1_legacy_uniform_global,1,10,397,2,1,0,0.2870396695184135,1,0,89
L1_legacy_uniform_global,1,10,405,1,0,1,0.6984937269579613,0,1,89
L1_legacy_uniform_global,1,10,414,1,0,1,0.26208668371112637,1,0,89
L1_legacy_uniform_global,1,10,448,1,0,1,0.7025032321756481,0,1,89
L1_legacy_uniform_global,1,10,461,2,1,0,0.16619304325190432,1,0,89
L1_legacy_uniform_global,1,10,464,2,1,0,0.44103339143844855,1,0,89
L1_legacy_uniform_global,1,10,466,2,1,0,0.4358393404092038,1,0,89
L1_legacy_uniform_global,1,10,476,1,0,1,0.6992102106842725,0,1,89
L1_legacy_uniform_global,1,10,478,1,0,1,0.5626478942388203,0,1,89
L1_legacy_uniform_global,1,10,486,2,1,0,0.17033865734018178,1,0,89
L1_legacy_uniform_global,1,10,489,1,0,1,0.6923335271962192,0,1,89
L1_legacy_uniform_global,1,10,490,1,0,1,0.17612298625129966,1,0,89
L1_legacy_uniform_global,1,10,519,1,0,1,0.7019393737992097,0,1,89
L1_legacy_uniform_global,1,10,568,2,1,0,0.16891785896438619,1,0,89
L1_legacy_uniform_global,1,10,570,2,1,0,0.1638353688649956,1,0,89
L1_legacy_uniform_global,1,10,579,2,1,0,0.16630131011741164,1,0,89
L1_legacy_uniform_global,1,10,586,2,1,0,0.1768481056357696,1,0,89
L1_legacy_uniform_global,1,10,589,2,1,0,0.1714828040280349,1,0,89
L1_legacy_uniform_global,1,10,606,2,1,0,0.3983401388392883,1,0,89
L1_legacy_uniform_global,1,10,609,2,1,0,0.6825751774106502,0,1,89
L1_legacy_uniform_global,1,10,611,2,1,0,0.6434783174860077,0,1,89
L1_legacy_uniform_global,1,10,652,2,1,0,0.6022231116334382,0,1,89
L1_legacy_uniform_global,1,10,665,2,1,0,0.16588988325864304,1,0,89
L1_legacy_uniform_global,1,10,677,1,0,1,0.7014690954098409,0,1,89
L1_legacy_uniform_global,1,10,688,2,1,0,0.17502347624751471,1,0,89
L1_legacy_uniform_global,1,10,700,1,0,1,0.6923344969548063,0,1,89
L1_legacy_uniform_global,1,10,705,1,0,1,0.7013241940887842,0,1,89
L1_legacy_uniform_global,1,10,721,1,0,1,0.5945511769634989,0,1,89
L1_legacy_uniform_global,1,10,740,2,1,0,0.16347725532980917,1,0,89
L1_legacy_uniform_global,1,10,748,2,1,0,0.16730421854749505,1,0,89
L1_legacy_uniform_global,1,10,749,2,1,0,0.4738488538617968,1,0,89
L1_legacy_uniform_global,1,10,756,2,1,0,0.1676888654360974,1,0,89
L1_legacy_uniform_global,1,10,766,1,0,1,0.6277853631374456,0,1,89
L1_legacy_uniform_global,1,10,768,1,0,1,0.7025172386516773,0,1,89
L1_legacy_uniform_global,1,10,772,1,0,1,0.5976278292424064,0,1,89
L1_legacy_uniform_global,1,10,779,2,1,0,0.17689970066058594,1,0,89
L1_legacy_uniform_global,1,10,780,2,1,0,0.6963764664384334,0,1,89
L1_legacy_uniform_global,1,10,782,2,1,0,0.16649909933893645,1,0,89
L1_legacy_uniform_global,1,10,800,2,1,0,0.16394856881780254,1,0,89
L1_legacy_uniform_global,1,10,834,2,1,0,0.173131504327013,1,0,89
L1_legacy_uniform_global,1,10,850,2,1,0,0.16384185318502262,1,0,89
L1_legacy_uniform_global,1,10,853,2,1,0,0.16378649082058652,1,0,89
L1_legacy_uniform_global,1,10,865,1,0,1,0.5786058340951541,0,1,89
L1_legacy_uniform_global,1,10,868,1,0,1,0.6339018285957616,0,1,89
L1_legacy_uniform_global,2,1,0,1,0,1,0.8241966964600212,0,1,143
L1_legacy_uniform_global,2,1,7,1,0,1,0.9229146043309692,0,1,143
L1_legacy_uniform_global,2,1,35,2,1,0,0.06445062451324407,1,0,143
L1_legacy_uniform_global,2,1,39,2,1,0,0.8496777084170279,0,1,143
L1_legacy_uniform_global,2,1,45,2,1,0,0.9232189147839592,0,1,143
L1_legacy_uniform_global,2,1,48,2,1,0,0.2964949230909905,1,0,143
L1_legacy_uniform_global,2,1,53,2,1,0,0.06408244511057556,1,0,143
L1_legacy_uniform_global,2,1,55,2,1,0,0.062042384550231505,1,0,143
L1_legacy_uniform_global,2,1,72,1,0,1,0.929789571624974,0,1,143
L1_legacy_uniform_global,2,1,73,1,0,1,0.9299575849300826,0,1,143
L1_legacy_uniform_global,2,1,78,1,0,1,0.928832431644354,0,1,143
L1_legacy_uniform_global,2,1,81,1,0,1,0.5794570271418225,0,1,143
L1_legacy_uniform_global,2,1,86,1,0,1,0.8449094266111336,0,1,143
L1_legacy_uniform_global,2,1,95,2,1,0,0.06214576351819027,1,0,143
L1_legacy_uniform_global,2,1,127,2,1,0,0.06572499579359088,1,0,143
L1_legacy_uniform_global,2,1,138,1,0,1,0.9174409987279518,0,1,143
L1_legacy_uniform_global,2,1,144,1,0,1,0.9090578886402495,0,1,143
L1_legacy_uniform_global,2,1,149,2,1,0,0.062481569505439025,1,0,143
L1_legacy_uniform_global,2,1,176,1,0,1,0.9298520318116428,0,1,143
L1_legacy_uniform_global,2,1,182,1,0,1,0.06484432160838398,1,0,143
L1_legacy_uniform_global,2,1,192,1,0,1,0.9299219165432939,0,1,143
L1_legacy_uniform_global,2,1,193,1,0,1,0.9299234615907535,0,1,143
L1_legacy_uniform_global,2,1,204,2,1,0,0.062118121696569065,1,0,143
L1_legacy_uniform_global,2,1,205,2,1,0,0.07587486669906474,1,0,143
L1_legacy_uniform_global,2,1,231,2,1,0,0.06444549239799614,1,0,143
L1_legacy_uniform_global,2,1,234,2,1,0,0.06364039769471719,1,0,143
L1_legacy_uniform_global,2,1,242,2,1,0,0.10210218059516982,1,0,143
L1_legacy_uniform_global,2,1,247,2,1,0,0.1278324356285769,1,0,143
L1_legacy_uniform_global,2,1,248,2,1,0,0.06207287847150435,1,0,143
L1_legacy_uniform_global,2,1,253,2,1,0,0.06597427655018169,1,0,143
L1_legacy_uniform_global,2,1,259,1,0,1,0.06771817346885857,1,0,143
L1_legacy_uniform_global,2,1,285,2,1,0,0.062258828802765336,1,0,143
L1_legacy_uniform_global,2,1,286,2,1,0,0.14510336361159962,1,0,143
L1_legacy_uniform_global,2,1,295,2,1,0,0.06430174433893708,1,0,143
L1_legacy_uniform_global,2,1,300,2,1,0,0.40411602766338967,1,0,143
L1_legacy_uniform_global,2,1,307,1,0,1,0.9290080242086429,0,1,143
L1_legacy_uniform_global,2,1,329,1,0,1,0.9275317170826314,0,1,143
L1_legacy_uniform_global,2,1,345,1,0,1,0.9279039509789301,0,1,143
L1_legacy_uniform_global,2,1,348,1,0,1,0.9122696816342615,0,1,143
L1_legacy_uniform_global,2,1,357,2,1,0,0.14161487072720305,1,0,143
L1_legacy_uniform_global,2,1,359,2,1,0,0.40663971011000494,1,0,143
L1_legacy_uniform_global,2,1,360,2,1,0,0.0645821243506595,1,0,143
L1_legacy_uniform_global,2,1,369,1,0,1,0.5026537309656242,0,1,143
L1_legacy_uniform_global,2,1,374,1,0,1,0.062022093166737374,1,0,143
L1_legacy_uniform_global,2,1,385,1,0,1,0.9282227560219994,0,1,143
L1_legacy_uniform_global,2,1,405,1,0,1,0.92835105986575,0,1,143
L1_legacy_uniform_global,2,1,411,2,1,0,0.06220612643610492,1,0,143
L1_legacy_uniform_global,2,1,412,1,0,1,0.8434901258535182,0,1,143
L1_legacy_uniform_global,2,1,425,2,1,0,0.3777004743645924,1,0,143
L1_legacy_uniform_global,2,1,432,2,1,0,0.06215305376444244,1,0,143
L1_legacy_uniform_global,2,1,466,2,1,0,0.6806740526503344,0,1,143
L1_legacy_uniform_global,2,1,468,2,1,0,0.06250759957803653,1,0,143
L1_legacy_uniform_global,2,1,471,1,0,1,0.9096097921987758,0,1,143
L1_legacy_uniform_global,2,1,484,2,1,0,0.0654157405230013,1,0,143
L1_legacy_uniform_global,2,1,495,1,0,1,0.9283100651676193,0,1,143
L1_legacy_uniform_global,2,1,505,1,0,1,0.9288004463794813,0,1,143
L1_legacy_uniform_global,2,1,506,1,0,1,0.928695875676313,0,1,143
L1_legacy_uniform_global,2,1,513,1,0,1,0.9283674942196544,0,1,143
L1_legacy_uniform_global,2,1,526,1,0,1,0.2199440148088478,1,0,143
L1_legacy_uniform_global,2,1,532,1,0,1,0.9287974638200563,0,1,143
L1_legacy_uniform_global,2,1,555,1,0,1,0.9293768067150009,0,1,143
L1_legacy_uniform_global,2,1,556,1,0,1,0.9291113286439311,0,1,143
L1_legacy_uniform_global,2,1,566,2,1,0,0.06427407832375025,1,0,143
L1_legacy_uniform_global,2,1,575,2,1,0,0.07794434780041212,1,0,143
L1_legacy_uniform_global,2,1,585,2,1,0,0.06703335452350846,1,0,143
L1_legacy_uniform_global,2,1,596,2,1,0,0.06557339071125781,1,0,143
L1_legacy_uniform_global,2,1,603,2,1,0,0.06230913944470676,1,0,143
L1_legacy_uniform_global,2,1,612,2,1,0,0.0657749552533514,1,0,143
L1_legacy_uniform_global,2,1,653,2,1,0,0.0620411272381123,1,0,143
L1_legacy_uniform_global,2,1,684,1,0,1,0.9299217086895715,0,1,143
L1_legacy_uniform_global,2,1,686,2,1,0,0.06716033974288368,1,0,143
L1_legacy_uniform_global,2,1,687,2,1,0,0.09416718293132864,1,0,143
L1_legacy_uniform_global,2,1,695,2,1,0,0.06431592682849288,1,0,143
L1_legacy_uniform_global,2,1,710,1,0,1,0.9286200014747413,0,1,143
L1_legacy_uniform_global,2,1,716,1,0,1,0.9181634981220266,0,1,143
L1_legacy_uniform_global,2,1,721,1,0,1,0.2921124841791139,1,0,143
L1_legacy_uniform_global,2,1,749,2,1,0,0.7653272467057067,0,1,143
L1_legacy_uniform_global,2,1,750,2,1,0,0.06260618589304869,1,0,143
L1_legacy_uniform_global,2,1,771,1,0,1,0.9291047454469391,0,1,143
L1_legacy_uniform_global,2,1,792,1,0,1,0.9286189774990975,0,1,143
L1_legacy_uniform_global,2,1,793,1,0,1,0.9252812343233069,0,1,143
L1_legacy_uniform_global,2,1,806,2,1,0,0.08526810311756773,1,0,143
L1_legacy_uniform_global,2,1,808,2,1,0,0.32508578837332325,1,0,143
L1_legacy_uniform_global,2,1,816,2,1,0,0.9282143326177009,0,1,143
L1_legacy_uniform_global,2,1,823,2,1,0,0.4186176122388355,1,0,143
L1_legacy_uniform_global,2,1,837,2,1,0,0.06266660756050643,1,0,143
L1_legacy_uniform_global,2,1,867,1,0,1,0.9299393348503072,0,1,143
L1_legacy_uniform_global,2,1,869,1,0,1,0.9268605558430024,0,1,143
L1_legacy_uniform_global,2,2,2,1,0,1,0.6895549223861477,0,1,80
L1_legacy_uniform_global,2,2,6,1,0,1,0.8606975570126881,0,1,80
L1_legacy_uniform_global,2,2,10,1,0,1,0.8584675116042089,0,1,80
L1_legacy_uniform_global,2,2,24,2,1,0,0.12761720115754874,1,0,80
L1_legacy_uniform_global,2,2,30,2,1,0,0.4948591554097418,1,0,80
L1_legacy_uniform_global,2,2,67,1,0,1,0.8605481669754168,0,1,80
L1_legacy_uniform_global,2,2,76,1,0,1,0.8324588529127814,0,1,80
L1_legacy_uniform_global,2,2,79,1,0,1,0.8544751411686967,0,1,80
L1_legacy_uniform_global,2,2,92,2,1,0,0.8586985435617539,0,1,80
L1_legacy_uniform_global,2,2,98,2,1,0,0.13277744777876102,1,0,80
L1_legacy_uniform_global,2,2,101,2,1,0,0.12545381639486086,1,0,80
L1_legacy_uniform_global,2,2,115,2,1,0,0.12367986278758879,1,0,80
L1_legacy_uniform_global,2,2,129,2,1,0,0.1266825970516321,1,0,80
L1_legacy_uniform_global,2,2,140,1,0,1,0.8589423600438485,0,1,80
L1_legacy_uniform_global,2,2,153,2,1,0,0.12351519592226953,1,0,80
L1_legacy_uniform_global,2,2,155,2,1,0,0.1237486469374519,1,0,80
L1_legacy_uniform_global,2,2,164,1,0,1,0.8529710699570902,0,1,80
L1_legacy_uniform_global,2,2,169,1,0,1,0.2173212443142114,1,0,80
L1_legacy_uniform_global,2,2,180,1,0,1,0.24684105333396736,1,0,80
L1_legacy_uniform_global,2,2,187,1,0,1,0.859460783198539,0,1,80
L1_legacy_uniform_global,2,2,202,2,1,0,0.21622969533515274,1,0,80
L1_legacy_uniform_global,2,2,212,2,1,0,0.315448614749354,1,0,80
L1_legacy_uniform_global,2,2,217,2,1,0,0.124048415786566,1,0,80
L1_legacy_uniform_global,2,2,228,2,1,0,0.26763160706512495,1,0,80
L1_legacy_uniform_global,2,2,246,2,1,0,0.12496445017126606,1,0,80
L1_legacy_uniform_global,2,2,251,2,1,0,0.4950566698949361,1,0,80
L1_legacy_uniform_global,2,2,277,2,1,0,0.43468938313302014,1,0,80
L1_legacy_uniform_global,2,2,280,2,1,0,0.12470500690321121,1,0,80
L1_legacy_uniform_global,2,2,281,2,1,0,0.13090146513337383,1,0,80
L1_legacy_uniform_global,2,2,288,2,1,0,0.12359078342418002,1,0,80
L1_legacy_uniform_global,2,2,293,2,1,0,0.34793257940178185,1,0,80
L1_legacy_uniform_global,2,2,326,1,0,1,0.8558436484413895,0,1,80
L1_legacy_uniform_global,2,2,336,1,0,1,0.8523790155695902,0,1,80
L1_legacy_uniform_global,2,2,340,1,0,1,0.860710715966534,0,1,80
L1_legacy_uniform_global,2,2,352,2,1,0,0.12364330359635202,1,0,80
L1_legacy_uniform_global,2,2,354,2,1,0,0.12352853673051602,1,0,80
L1_legacy_uniform_global,2,2,373,1,0,1,0.8540549517530317,0,1,80
L1_legacy_uniform_global,2,2,392,1,0,1,0.8499413171779518,0,1,80
L1_legacy_uniform_global,2,2,396,1,0,1,0.22981493626358399,1,0,80
L1_legacy_uniform_global,2,2,403,2,1,0,0.12352497315063558,1,0,80
L1_legacy_uniform_global,2,2,404,2,1,0,0.15287049221110596,1,0,80
L1_legacy_uniform_global,2,2,417,2,1,0,0.12349175728570867,1,0,80
L1_legacy_uniform_global,2,2,422,2,1,0,0.15105819668353107,1,0,80
L1_legacy_uniform_global,2,2,437,2,1,0,0.12637347969525128,1,0,80
L1_legacy_uniform_global,2,2,450,1,0,1,0.8594566465592286,0,1,80
L1_legacy_uniform_global,2,2,460,2,1,0,0.12349852929912261,1,0,80
L1_legacy_uniform_global,2,2,462,2,1,0,0.12444102876329027,1,0,80
L1_legacy_uniform_global,2,2,474,1,0,1,0.6346828785671563,0,1,80
L1_legacy_uniform_global,2,2,508,1,0,1,0.8607109853039476,0,1,80
L1_legacy_uniform_global,2,2,514,1,0,1,0.36224258065471776,1,0,80
L1_legacy_uniform_global,2,2,537,1,0,1,0.8607195528428012,0,1,80
L1_legacy_uniform_global,2,2,538,1,0,1,0.7398435533607877,0,1,80
L1_legacy_uniform_global,2,2,550,1,0,1,0.8585116201145605,0,1,80
L1_legacy_uniform_global,2,2,554,1,0,1,0.7825204990881709,0,1,80
L1_legacy_uniform_global,2,2,571,2,1,0,0.13482627169105676,1,0,80
L1_legacy_uniform_global,2,2,579,2,1,0,0.12759267990640616,1,0,80
L1_legacy_uniform_global,2,2,583,2,1,0,0.13514552835534063,1,0,80
L1_legacy_uniform_global,2,2,590,2,1,0,0.12759891625422484,1,0,80
L1_legacy_uniform_global,2,2,599,2,1,0,0.13072416021551325,1,0,80
L1_legacy_uniform_global,2,2,622,2,1,0,0.134826078820666,1,0,80
L1_legacy_uniform_global,2,2,628,2,1,0,0.3154492916293748,1,0,80
L1_legacy_uniform_global,2,2,638,2,1,0,0.37406869369118345,1,0,80
L1_legacy_uniform_global,2,2,661,2,1,0,0.12359045929487633,1,0,80
L1_legacy_uniform_global,2,2,672,2,1,0,0.12947864918312993,1,0,80
L1_legacy_uniform_global,2,2,677,1,0,1,0.8606122595504886,0,1,80
L1_legacy_uniform_global,2,2,689,2,1,0,0.1832093060306071,1,0,80
L1_legacy_uniform_global,2,2,705,1,0,1,0.8579189543276635,0,1,80
L1_legacy_uniform_global,2,2,706,1,0,1,0.12395552452927605,1,0,80
L1_legacy_uniform_global,2,2,709,1,0,1,0.8501078163887661,0,1,80
L1_legacy_uniform_global,2,2,720,1,0,1,0.8596669744291758,0,1,80
L1_legacy_uniform_global,2,2,723,1,0,1,0.8592709793443056,0,1,80
L1_legacy_uniform_global,2,2,728,1,0,1,0.8521397794766484,0,1,80
L1_legacy_uniform_global,2,2,735,1,0,1,0.8579535229293453,0,1,80
L1_legacy_uniform_global,2,2,737,2,1,0,0.2740735630574215,1,0,80
L1_legacy_uniform_global,2,2,741,2,1,0,0.12699577080380756,1,0,80
L1_legacy_uniform_global,2,2,767,1,0,1,0.8605542580012749,0,1,80
L1_legacy_uniform_global,2,2,769,1,0,1,0.8541133043385496,0,1,80
L1_legacy_uniform_global,2,2,770,1,0,1,0.8607002118731412,0,1,80
L1_legacy_uniform_global,2,2,791,1,0,1,0.13152591952896422,1,0,80
L1_legacy_uniform_global,2,2,795,1,0,1,0.4153341325024954,1,0,80
L1_legacy_uniform_global,2,2,805,2,1,0,0.21224560557929176,1,0,80
L1_legacy_uniform_global,2,2,838,2,1,0,0.12375171538905681,1,0,80
L1_legacy_uniform_global,2,2,853,2,1,0,0.12412953817606487,1,0,80
L1_legacy_uniform_global,2,2,856,2,1,0,0.12363961879366527,1,0,80
L1_legacy_uniform_global,2,2,858,1,0,1,0.23642277312240115,1,0,80
L1_legacy_uniform_global,2,2,865,1,0,1,0.6779468080414075,0,1,80
L1_legacy_uniform_global,2,2,868,1,0,1,0.8374525324019069,0,1,80
L1_legacy_uniform_global,2,3,1,1,0,1,0.9349004060252679,0,1,118
L1_legacy_uniform_global,2,3,4,1,0,1,0.46471846571353015,1,0,118
L1_legacy_uniform_global,2,3,25,2,1,0,0.07687385648576572,1,0,118
L1_legacy_uniform_global,2,3,34,2,1,0,0.1560669752170858,1,0,118
L1_legacy_uniform_global,2,3,62,2,1,0,0.4760634526749665,1,0,118
L1_legacy_uniform_global,2,3,108,1,0,1,0.07951847154714305,1,0,118
L1_legacy_uniform_global,2,3,117,2,1,0,0.07776133087022909,1,0,118
L1_legacy_uniform_global,2,3,125,2,1,0,0.0757819411630454,1,0,118
L1_legacy_uniform_global,2,3,141,1,0,1,0.9352071495388113,0,1,118
L1_legacy_uniform_global,2,3,152,2,1,0,0.9356527721553369,0,1,118
L1_legacy_uniform_global,2,3,162,2,1,0,0.07616004709644031,1,0,118
L1_legacy_uniform_global,2,3,163,1,0,1,0.9310969418772914,0,1,118
L1_legacy_uniform_global,2,3,177,1,0,1,0.9288500163970193,0,1,118
L1_legacy_uniform_global,2,3,178,1,0,1,0.9334504123584574,0,1,118
L1_legacy_uniform_global,2,3,200,2,1,0,0.07543507637354042,1,0,118
L1_legacy_uniform_global,2,3,209,2,1,0,0.08174425973740397,1,0,118
L1_legacy_uniform_global,2,3,218,2,1,0,0.08438902393200196,1,0,118
L1_legacy_uniform_global,2,3,229,2,1,0,0.07917600214132253,1,0,118
L1_legacy_uniform_global,2,3,243,2,1,0,0.07932262348589207,1,0,118
L1_legacy_uniform_global,2,3,244,2,1,0,0.1959805224840323,1,0,118
L1_legacy_uniform_global,2,3,265,1,0,1,0.08325939481972205,1,0,118
L1_legacy_uniform_global,2,3,274,2,1,0,0.07510093560315056,1,0,118
L1_legacy_uniform_global,2,3,283,2,1,0,0.07908003289927806,1,0,118
L1_legacy_uniform_global,2,3,302,2,1,0,0.07757437868859264,1,0,118
L1_legacy_uniform_global,2,3,311,1,0,1,0.5226320390788611,0,1,118
L1_legacy_uniform_global,2,3,313,1,0,1,0.9341558066947897,0,1,118
L1_legacy_uniform_global,2,3,321,1,0,1,0.9348992636756306,0,1,118
L1_legacy_uniform_global,2,3,322,1,0,1,0.9257414533438971,0,1,118
L1_legacy_uniform_global,2,3,341,1,0,1,0.932450375855097,0,1,118
L1_legacy_uniform_global,2,3,342,1,0,1,0.9349125958186802,0,1,118
L1_legacy_uniform_global,2,3,355,2,1,0,0.07548347187382723,1,0,118
L1_legacy_uniform_global,2,3,368,2,1,0,0.88174416280703,0,1,118
L1_legacy_uniform_global,2,3,370,1,0,1,0.9359163538423274,0,1,118
L1_legacy_uniform_global,2,3,375,1,0,1,0.21272419368311188,1,0,118
L1_legacy_uniform_global,2,3,378,1,0,1,0.9354775824849166,0,1,118
L1_legacy_uniform_global,2,3,379,1,0,1,0.9354369979221978,0,1,118
L1_legacy_uniform_global,2,3,390,1,0,1,0.9330205827686692,0,1,118
L1_legacy_uniform_global,2,3,395,1,0,1,0.11879872527410922,1,0,118
L1_legacy_uniform_global,2,3,399,2,1,0,0.08804562179331614,1,0,118
L1_legacy_uniform_global,2,3,402,2,1,0,0.07560618276826206,1,0,118
L1_legacy_uniform_global,2,3,421,1,0,1,0.9357197743382999,0,1,118
L1_legacy_uniform_global,2,3,429,1,0,1,0.14937618302646347,1,0,118
L1_legacy_uniform_global,2,3,431,2,1,0,0.07611025606714306,1,0,118
L1_legacy_uniform_global,2,3,439,2,1,0,0.0770133869123315,1,0,118
L1_legacy_uniform_global,2,3,440,2,1,0,0.07612452023753048,1,0,118
L1_legacy_uniform_global,2,3,445,2,1,0,0.07525377075047206,1,0,118
L1_legacy_uniform_global,2,3,451,1,0,1,0.9358546507355161,0,1,118
L1_legacy_uniform_global,2,3,454,1,0,1,0.9308501069461738,0,1,118
L1_legacy_uniform_global,2,3,455,1,0,1,0.9356417089955524,0,1,118
L1_legacy_uniform_global,2,3,477,1,0,1,0.935415092886966,0,1,118
L1_legacy_uniform_global,2,3,480,1,0,1,0.934936460411539,0,1,118
L1_legacy_uniform_global,2,3,497,1,0,1,0.9329550041974085,0,1,118
L1_legacy_uniform_global,2,3,516,1,0,1,0.27561648506329195,1,0,118
L1_legacy_uniform_global,2,3,525,1,0,1,0.5424090124063401,0,1,118
L1_legacy_uniform_global,2,3,548,1,0,1,0.9324952634193279,0,1,118
L1_legacy_uniform_global,2,3,552,1,0,1,0.9349236433916036,0,1,118
L1_legacy_uniform_global,2,3,587,2,1,0,0.7027670781811839,0,1,118
L1_legacy_uniform_global,2,3,597,2,1,0,0.07683400308135502,1,0,118
L1_legacy_uniform_global,2,3,614,2,1,0,0.08198966697529393,1,0,118
L1_legacy_uniform_global,2,3,621,2,1,0,0.08652126600016641,1,0,118
L1_legacy_uniform_global,2,3,631,2,1,0,0.08414457969079345,1,0,118
L1_legacy_uniform_global,2,3,640,2,1,0,0.31640106516197286,1,0,118
L1_legacy_uniform_global,2,3,644,2,1,0,0.0767739596886646,1,0,118
L1_legacy_uniform_global,2,3,650,2,1,0,0.08239792059389474,1,0,118
L1_legacy_uniform_global,2,3,655,2,1,0,0.3323883060608167,1,0,118
L1_legacy_uniform_global,2,3,657,2,1,0,0.08112759624577137,1,0,118
L1_legacy_uniform_global,2,3,663,2,1,0,0.0757123036538341,1,0,118
L1_legacy_uniform_global,2,3,669,2,1,0,0.07636224983024345,1,0,118
L1_legacy_uniform_global,2,3,671,2,1,0,0.07709197714926981,1,0,118
L1_legacy_uniform_global,2,3,691,2,1,0,0.3933856691863914,1,0,118
L1_legacy_uniform_global,2,3,693,2,1,0,0.0843363463327667,1,0,118
L1_legacy_uniform_global,2,3,703,1,0,1,0.9332351390662464,0,1,118
L1_legacy_uniform_global,2,3,711,1,0,1,0.09141737873530778,1,0,118
L1_legacy_uniform_global,2,3,724,1,0,1,0.9325692794709368,0,1,118
L1_legacy_uniform_global,2,3,725,1,0,1,0.9330274370172655,0,1,118
L1_legacy_uniform_global,2,3,754,2,1,0,0.0769070742785403,1,0,118
L1_legacy_uniform_global,2,3,757,2,1,0,0.0760411326914094,1,0,118
L1_legacy_uniform_global,2,3,762,2,1,0,0.08016457784805503,1,0,118
L1_legacy_uniform_global,2,3,772,1,0,1,0.8138419895252202,0,1,118
L1_legacy_uniform_global,2,3,783,2,1,0,0.26149594854740044,1,0,118
L1_legacy_uniform_global,2,3,787,1,0,1,0.709758604843478,0,1,118
L1_legacy_uniform_global,2,3,813,1,0,1,0.934705711293084,0,1,118
L1_legacy_uniform_global,2,3,818,2,1,0,0.9356966008420581,0,1,118
L1_legacy_uniform_global,2,3,821,2,1,0,0.0794164634937495,1,0,118
L1_legacy_uniform_global,2,3,829,1,0,1,0.9349053028203221,0,1,118
L1_legacy_uniform_global,2,3,836,2,1,0,0.0751116438305882,1,0,118
L1_legacy_uniform_global,2,3,861,1,0,1,0.9353864073359249,0,1,118
L1_legacy_uniform_global,2,4,5,1,0,1,0.9332505056401564,0,1,189
L1_legacy_uniform_global,2,4,17,1,0,1,0.7471030242580406,0,1,189
L1_legacy_uniform_global,2,4,23,2,1,0,0.09068522609931036,1,0,189
L1_legacy_uniform_global,2,4,26,2,1,0,0.09008756623065733,1,0,189
L1_legacy_uniform_global,2,4,28,2,1,0,0.9241729624429575,0,1,189
L1_legacy_uniform_global,2,4,51,2,1,0,0.19415380888825187,1,0,189
L1_legacy_uniform_global,2,4,52,2,1,0,0.09295596198243435,1,0,189
L1_legacy_uniform_global,2,4,56,2,1,0,0.0906792156486149,1,0,189
L1_legacy_uniform_global,2,4,58,2,1,0,0.0901067486173598,1,0,189
L1_legacy_uniform_global,2,4,88,1,0,1,0.933326507845864,0,1,189
L1_legacy_uniform_global,2,4,90,2,1,0,0.09013382141853699,1,0,189
L1_legacy_uniform_global,2,4,100,2,1,0,0.09042970173237154,1,0,189
L1_legacy_uniform_global,2,4,120,2,1,0,0.09097437024361417,1,0,189
L1_legacy_uniform_global,2,4,131,1,0,1,0.9347210185107416,0,1,189
L1_legacy_uniform_global,2,4,136,1,0,1,0.934808827448621,0,1,189
L1_legacy_uniform_global,2,4,161,2,1,0,0.09010038983733808,1,0,189
L1_legacy_uniform_global,2,4,165,1,0,1,0.9357402293993883,0,1,189
L1_legacy_uniform_global,2,4,172,1,0,1,0.8299120229514073,0,1,189
L1_legacy_uniform_global,2,4,181,1,0,1,0.9357048481427207,0,1,189
L1_legacy_uniform_global,2,4,191,1,0,1,0.6010809668316449,0,1,189
L1_legacy_uniform_global,2,4,211,2,1,0,0.09460938415930145,1,0,189
L1_legacy_uniform_global,2,4,213,2,1,0,0.09070384372795302,1,0,189
L1_legacy_uniform_global,2,4,214,2,1,0,0.09043668748138689,1,0,189
L1_legacy_uniform_global,2,4,225,2,1,0,0.09123895991267764,1,0,189
L1_legacy_uniform_global,2,4,254,2,1,0,0.09004023994295006,1,0,189
L1_legacy_uniform_global,2,4,271,2,1,0,0.09126850535521933,1,0,189
L1_legacy_uniform_global,2,4,306,2,1,0,0.1030769235014798,1,0,189
L1_legacy_uniform_global,2,4,312,1,0,1,0.09024791727065487,1,0,189
L1_legacy_uniform_global,2,4,314,1,0,1,0.9356086248634639,0,1,189
L1_legacy_uniform_global,2,4,315,1,0,1,0.9357189377400025,0,1,189
L1_legacy_uniform_global,2,4,316,1,0,1,0.9329556228416379,0,1,189
L1_legacy_uniform_global,2,4,334,1,0,1,0.9348185156309236,0,1,189
L1_legacy_uniform_global,2,4,335,1,0,1,0.9260975196288708,0,1,189
L1_legacy_uniform_global,2,4,356,2,1,0,0.09143492587838112,1,0,189
L1_legacy_uniform_global,2,4,383,1,0,1,0.9355908842757577,0,1,189
L1_legacy_uniform_global,2,4,388,1,0,1,0.9347071667911666,0,1,189
L1_legacy_uniform_global,2,4,401,2,1,0,0.9341774455951335,0,1,189
L1_legacy_uniform_global,2,4,416,1,0,1,0.9357242640952743,0,1,189
L1_legacy_uniform_global,2,4,424,1,0,1,0.93147110623747,0,1,189
L1_legacy_uniform_global,2,4,442,2,1,0,0.3531329720512499,1,0,189
L1_legacy_uniform_global,2,4,448,1,0,1,0.9348607101938807,0,1,189
L1_legacy_uniform_global,2,4,452,1,0,1,0.9010419772842709,0,1,189
L1_legacy_uniform_global,2,4,453,1,0,1,0.9357040115577684,0,1,189
L1_legacy_uniform_global,2,4,457,1,0,1,0.6987837851049885,0,1,189
L1_legacy_uniform_global,2,4,458,2,1,0,0.9342280125576817,0,1,189
L1_legacy_uniform_global,2,4,464,2,1,0,0.09088433633730626,1,0,189
L1_legacy_uniform_global,2,4,473,1,0,1,0.935703384119545,0,1,189
L1_legacy_uniform_global,2,4,476,1,0,1,0.9344821555934217,0,1,189
L1_legacy_uniform_global,2,4,483,2,1,0,0.09298244985749606,1,0,189
L1_legacy_uniform_global,2,4,515,1,0,1,0.9357483725065604,0,1,189
L1_legacy_uniform_global,2,4,522,1,0,1,0.9353158053208639,0,1,189
L1_legacy_uniform_global,2,4,545,1,0,1,0.9348470653587803,0,1,189
L1_legacy_uniform_global,2,4,561,1,0,1,0.9346633217761704,0,1,189
L1_legacy_uniform_global,2,4,572,2,1,0,0.09527680971666713,1,0,189
L1_legacy_uniform_global,2,4,580,2,1,0,0.09418927750962146,1,0,189
L1_legacy_uniform_global,2,4,581,2,1,0,0.09201909996006659,1,0,189
L1_legacy_uniform_global,2,4,606,2,1,0,0.9332882973631431,0,1,189
L1_legacy_uniform_global,2,4,607,2,1,0,0.09339850983476265,1,0,189
L1_legacy_uniform_global,2,4,609,2,1,0,0.9355982941541928,0,1,189
L1_legacy_uniform_global,2,4,630,2,1,0,0.09025185492733248,1,0,189
L1_legacy_uniform_global,2,4,637,2,1,0,0.09085595501590736,1,0,189
L1_legacy_uniform_global,2,4,646,2,1,0,0.09645795347961574,1,0,189
L1_legacy_uniform_global,2,4,647,2,1,0,0.09005382974782566,1,0,189
L1_legacy_uniform_global,2,4,652,2,1,0,0.4966965840317391,1,0,189
L1_legacy_uniform_global,2,4,658,2,1,0,0.09102819900294284,1,0,189
L1_legacy_uniform_global,2,4,659,2,1,0,0.09066862265861353,1,0,189
L1_legacy_uniform_global,2,4,664,2,1,0,0.09253148199171975,1,0,189
L1_legacy_uniform_global,2,4,674,1,0,1,0.9343370627586979,0,1,189
L1_legacy_uniform_global,2,4,675,1,0,1,0.934820605115467,0,1,189
L1_legacy_uniform_global,2,4,681,1,0,1,0.9352042300199828,0,1,189
L1_legacy_uniform_global,2,4,682,1,0,1,0.9348621728985893,0,1,189
L1_legacy_uniform_global,2,4,697,2,1,0,0.09398126865239274,1,0,189
L1_legacy_uniform_global,2,4,704,1,0,1,0.9280151185688165,0,1,189
L1_legacy_uniform_global,2,4,714,1,0,1,0.9341555004547023,0,1,189
L1_legacy_uniform_global,2,4,718,1,0,1,0.10264432283205792,1,0,189
L1_legacy_uniform_global,2,4,733,1,0,1,0.9356016331496391,0,1,189
L1_legacy_uniform_global,2,4,759,2,1,0,0.12404394997445202,1,0,189
L1_legacy_uniform_global,2,4,766,1,0,1,0.9293570377723847,0,1,189
L1_legacy_uniform_global,2,4,775,2,1,0,0.09007354182954982,1,0,189
L1_legacy_uniform_global,2,4,776,2,1,0,0.09135293007457028,1,0,189
L1_legacy_uniform_global,2,4,799,2,1,0,0.09078077654815933,1,0,189
L1_legacy_uniform_global,2,4,804,2,1,0,0.09321906922568902,1,0,189
L1_legacy_uniform_global,2,4,811,2,1,0,0.09003571046374113,1,0,189
L1_legacy_uniform_global,2,4,830,1,0,1,0.9338610901021357,0,1,189
L1_legacy_uniform_global,2,4,835,2,1,0,0.09095329002565783,1,0,189
L1_legacy_uniform_global,2,4,855,2,1,0,0.09046148693551279,1,0,189
L1_legacy_uniform_global,2,4,862,1,0,1,0.9347614327198944,0,1,189
L1_legacy_uniform_global,2,5,3,1,0,1,0.9276141855328548,0,1,123
L1_legacy_uniform_global,2,5,8,1,0,1,0.9254369043878286,0,1,123
L1_legacy_uniform_global,2,5,12,1,0,1,0.9276351061656557,0,1,123
L1_legacy_uniform_global,2,5,14,1,0,1,0.07947647020642834,1,0,123
L1_legacy_uniform_global,2,5,19,1,0,1,0.07727179746310282,1,0,123
L1_legacy_uniform_global,2,5,21,2,1,0,0.32698514786542643,1,0,123
L1_legacy_uniform_global,2,5,29,2,1,0,0.08100185262027045,1,0,123
L1_legacy_uniform_global,2,5,31,2,1,0,0.08214343762373146,1,0,123
L1_legacy_uniform_global,2,5,63,2,1,0,0.08883502735106709,1,0,123
L1_legacy_uniform_global,2,5,80,1,0,1,0.9276827063372661,0,1,123
L1_legacy_uniform_global,2,5,82,1,0,1,0.6046560784160034,0,1,123
L1_legacy_uniform_global,2,5,103,1,0,1,0.9269175015761945,0,1,123
L1_legacy_uniform_global,2,5,113,2,1,0,0.07761870578318121,1,0,123
L1_legacy_uniform_global,2,5,119,2,1,0,0.14576942950919394,1,0,123
L1_legacy_uniform_global,2,5,126,2,1,0,0.07944543834954501,1,0,123
L1_legacy_uniform_global,2,5,135,1,0,1,0.9040287029715474,0,1,123
L1_legacy_uniform_global,2,5,142,1,0,1,0.9264321731438101,0,1,123
L1_legacy_uniform_global,2,5,156,2,1,0,0.07743977675886836,1,0,123
L1_legacy_uniform_global,2,5,157,2,1,0,0.0789790203750019,1,0,123
L1_legacy_uniform_global,2,5,170,1,0,1,0.910724721744507,0,1,123
L1_legacy_uniform_global,2,5,173,1,0,1,0.8777168864530175,0,1,123
L1_legacy_uniform_global,2,5,175,1,0,1,0.9189129111989772,0,1,123
L1_legacy_uniform_global,2,5,186,1,0,1,0.8325921262358912,0,1,123
L1_legacy_uniform_global,2,5,195,1,0,1,0.9276603470153392,0,1,123
L1_legacy_uniform_global,2,5,197,2,1,0,0.07728447354883931,1,0,123
L1_legacy_uniform_global,2,5,198,2,1,0,0.07790377226195264,1,0,123
L1_legacy_uniform_global,2,5,199,2,1,0,0.07853571017919707,1,0,123
L1_legacy_uniform_global,2,5,206,2,1,0,0.07877347568794235,1,0,123
L1_legacy_uniform_global,2,5,222,2,1,0,0.18171074064730017,1,0,123
L1_legacy_uniform_global,2,5,236,2,1,0,0.08055389069868678,1,0,123
L1_legacy_uniform_global,2,5,240,2,1,0,0.0774823828042458,1,0,123
L1_legacy_uniform_global,2,5,264,1,0,1,0.9252655164049125,0,1,123
L1_legacy_uniform_global,2,5,267,1,0,1,0.9266127935511234,0,1,123
L1_legacy_uniform_global,2,5,272,2,1,0,0.07910043572011521,1,0,123
L1_legacy_uniform_global,2,5,275,2,1,0,0.07984266049085999,1,0,123
L1_legacy_uniform_global,2,5,279,2,1,0,0.11098328196907309,1,0,123
L1_legacy_uniform_global,2,5,292,2,1,0,0.0825669244837658,1,0,123
L1_legacy_uniform_global,2,5,297,2,1,0,0.3323656816559787,1,0,123
L1_legacy_uniform_global,2,5,298,2,1,0,0.09824344205875163,1,0,123
L1_legacy_uniform_global,2,5,305,2,1,0,0.07975523808768875,1,0,123
L1_legacy_uniform_global,2,5,309,1,0,1,0.9275119251927282,0,1,123
L1_legacy_uniform_global,2,5,319,1,0,1,0.9247308457398888,0,1,123
L1_legacy_uniform_global,2,5,320,1,0,1,0.8213378809599785,0,1,123
L1_legacy_uniform_global,2,5,325,1,0,1,0.9271734207362076,0,1,123
L1_legacy_uniform_global,2,5,331,1,0,1,0.9275213580764067,0,1,123
L1_legacy_uniform_global,2,5,332,1,0,1,0.9261290116009585,0,1,123
L1_legacy_uniform_global,2,5,338,1,0,1,0.9268164228892363,0,1,123
L1_legacy_uniform_global,2,5,346,1,0,1,0.9248358519743964,0,1,123
L1_legacy_uniform_global,2,5,367,2,1,0,0.07751196410621994,1,0,123
L1_legacy_uniform_global,2,5,381,1,0,1,0.9264024999539207,0,1,123
L1_legacy_uniform_global,2,5,384,1,0,1,0.9248862233693266,0,1,123
L1_legacy_uniform_global,2,5,398,2,1,0,0.22068551338204986,1,0,123
L1_legacy_uniform_global,2,5,400,2,1,0,0.35523600551887585,1,0,123
L1_legacy_uniform_global,2,5,433,2,1,0,0.08050859755830131,1,0,123
L1_legacy_uniform_global,2,5,436,2,1,0,0.07724678303514486,1,0,123
L1_legacy_uniform_global,2,5,487,2,1,0,0.0775305390253128,1,0,123
L1_legacy_uniform_global,2,5,492,1,0,1,0.5650784162349836,0,1,123
L1_legacy_uniform_global,2,5,503,1,0,1,0.9249574095121817,0,1,123
L1_legacy_uniform_global,2,5,520,1,0,1,0.560325406881707,0,1,123
L1_legacy_uniform_global,2,5,530,1,0,1,0.9276690625941988,0,1,123
L1_legacy_uniform_global,2,5,546,1,0,1,0.07757177091301273,1,0,123
L1_legacy_uniform_global,2,5,559,1,0,1,0.9172946288557791,0,1,123
L1_legacy_uniform_global,2,5,560,1,0,1,0.9276731681371159,0,1,123
L1_legacy_uniform_global,2,5,589,2,1,0,0.08387016372659138,1,0,123
L1_legacy_uniform_global,2,5,594,2,1,0,0.08577959665250616,1,0,123
L1_legacy_uniform_global,2,5,602,2,1,0,0.08358940806236415,1,0,123
L1_legacy_uniform_global,2,5,613,2,1,0,0.08049917348991066,1,0,123
L1_legacy_uniform_global,2,5,625,2,1,0,0.07803771082593845,1,0,123
L1_legacy_uniform_global,2,5,629,2,1,0,0.078254973071712,1,0,123
L1_legacy_uniform_global,2,5,635,2,1,0,0.07850858324956642,1,0,123
L1_legacy_uniform_global,2,5,678,1,0,1,0.9050886759527752,0,1,123
L1_legacy_uniform_global,2,5,690,2,1,0,0.4586958504545557,1,0,123
L1_legacy_uniform_global,2,5,727,1,0,1,0.9245033731306106,0,1,123
L1_legacy_uniform_global,2,5,743,2,1,0,0.6834217188995332,0,1,123
L1_legacy_uniform_global,2,5,774,2,1,0,0.08054749550635236,1,0,123
L1_legacy_uniform_global,2,5,780,2,1,0,0.9276076198550514,0,1,123
L1_legacy_uniform_global,2,5,786,1,0,1,0.9271356072231609,0,1,123
L1_legacy_uniform_global,2,5,810,2,1,0,0.0812364310833192,1,0,123
L1_legacy_uniform_global,2,5,814,1,0,1,0.5908039131840206,0,1,123
L1_legacy_uniform_global,2,5,815,1,0,1,0.9224888426750569,0,1,123
L1_legacy_uniform_global,2,5,820,2,1,0,0.07733287551796057,1,0,123
L1_legacy_uniform_global,2,5,834,2,1,0,0.078971300425342,1,0,123
L1_legacy_uniform_global,2,5,841,2,1,0,0.08102568756203227,1,0,123
L1_legacy_uniform_global,2,5,844,2,1,0,0.08163743051814143,1,0,123
L1_legacy_uniform_global,2,5,845,2,1,0,0.07767720596079096,1,0,123
L1_legacy_uniform_global,2,5,846,2,1,0,0.14242804664937023,1,0,123
L1_legacy_uniform_global,2,5,870,1,0,1,0.15536885824659236,1,0,123
L1_legacy_uniform_global,2,6,13,1,0,1,0.9127772278444539,0,1,96
L1_legacy_uniform_global,2,6,15,1,0,1,0.852900569061886,0,1,96
L1_legacy_uniform_global,2,6,22,2,1,0,0.0682868921268147,1,0,96
L1_legacy_uniform_global,2,6,59,2,1,0,0.0755274685330956,1,0,96
L1_legacy_uniform_global,2,6,60,2,1,0,0.07552887310399072,1,0,96
L1_legacy_uniform_global,2,6,65,1,0,1,0.06927732131801818,1,0,96
L1_legacy_uniform_global,2,6,71,1,0,1,0.9107442979145101,0,1,96
L1_legacy_uniform_global,2,6,77,1,0,1,0.901537003224304,0,1,96
L1_legacy_uniform_global,2,6,89,1,0,1,0.9142626992840791,0,1,96
L1_legacy_uniform_global,2,6,93,2,1,0,0.06913184388478964,1,0,96
L1_legacy_uniform_global,2,6,94,2,1,0,0.14567671758162762,1,0,96
L1_legacy_uniform_global,2,6,96,2,1,0,0.20611526754371196,1,0,96
L1_legacy_uniform_global,2,6,128,2,1,0,0.06807474080974732,1,0,96
L1_legacy_uniform_global,2,6,143,1,0,1,0.06852760465915937,1,0,96
L1_legacy_uniform_global,2,6,166,1,0,1,0.8955599566039061,0,1,96
L1_legacy_uniform_global,2,6,167,1,0,1,0.9082702717082992,0,1,96
L1_legacy_uniform_global,2,6,168,1,0,1,0.9142042083322343,0,1,96
L1_legacy_uniform_global,2,6,171,1,0,1,0.7190897272640466,0,1,96
L1_legacy_uniform_global,2,6,174,1,0,1,0.8477131314106972,0,1,96
L1_legacy_uniform_global,2,6,190,1,0,1,0.9142299147366074,0,1,96
L1_legacy_uniform_global,2,6,219,2,1,0,0.07088902977917652,1,0,96
L1_legacy_uniform_global,2,6,220,2,1,0,0.07074602053753568,1,0,96
L1_legacy_uniform_global,2,6,227,2,1,0,0.06824132092092015,1,0,96
L1_legacy_uniform_global,2,6,235,2,1,0,0.06857804306440941,1,0,96
L1_legacy_uniform_global,2,6,276,2,1,0,0.06957229699520116,1,0,96
L1_legacy_uniform_global,2,6,287,2,1,0,0.9142405748645906,0,1,96
L1_legacy_uniform_global,2,6,290,2,1,0,0.3471216590744204,1,0,96
L1_legacy_uniform_global,2,6,310,1,0,1,0.9079641372560391,0,1,96
L1_legacy_uniform_global,2,6,327,1,0,1,0.914994768973147,0,1,96
L1_legacy_uniform_global,2,6,333,1,0,1,0.9133147653780677,0,1,96
L1_legacy_uniform_global,2,6,337,1,0,1,0.899336987906653,0,1,96
L1_legacy_uniform_global,2,6,350,2,1,0,0.0746562858883579,1,0,96
L1_legacy_uniform_global,2,6,362,2,1,0,0.0678358616227836,1,0,96
L1_legacy_uniform_global,2,6,382,1,0,1,0.09177778010416436,1,0,96
L1_legacy_uniform_global,2,6,393,1,0,1,0.8545851712694847,0,1,96
L1_legacy_uniform_global,2,6,406,2,1,0,0.4156489232614795,1,0,96
L1_legacy_uniform_global,2,6,408,1,0,1,0.9147924146980358,0,1,96
L1_legacy_uniform_global,2,6,409,1,0,1,0.06776749908112781,1,0,96
L1_legacy_uniform_global,2,6,418,2,1,0,0.914211578244952,0,1,96
L1_legacy_uniform_global,2,6,423,1,0,1,0.90408648226898,0,1,96
L1_legacy_uniform_global,2,6,426,2,1,0,0.06903223067385598,1,0,96
L1_legacy_uniform_global,2,6,435,2,1,0,0.09214962016769296,1,0,96
L1_legacy_uniform_global,2,6,449,1,0,1,0.9146466854535511,0,1,96
L1_legacy_uniform_global,2,6,456,1,0,1,0.9149779032712071,0,1,96
L1_legacy_uniform_global,2,6,467,2,1,0,0.06795031969027958,1,0,96
L1_legacy_uniform_global,2,6,486,2,1,0,0.07158428713355808,1,0,96
L1_legacy_uniform_global,2,6,488,2,1,0,0.06805982681362956,1,0,96
L1_legacy_uniform_global,2,6,489,1,0,1,0.9025550110562623,0,1,96
L1_legacy_uniform_global,2,6,499,1,0,1,0.6256891265306583,0,1,96
L1_legacy_uniform_global,2,6,500,1,0,1,0.15774107953070923,1,0,96
L1_legacy_uniform_global,2,6,502,1,0,1,0.9145482667756938,0,1,96
L1_legacy_uniform_global,2,6,531,1,0,1,0.9142362903637077,0,1,96
L1_legacy_uniform_global,2,6,542,1,0,1,0.9097770059202375,0,1,96
L1_legacy_uniform_global,2,6,562,1,0,1,0.810661763665794,0,1,96
L1_legacy_uniform_global,2,6,577,2,1,0,0.06899825209944062,1,0,96
L1_legacy_uniform_global,2,6,610,2,1,0,0.9143002670663247,0,1,96
L1_legacy_uniform_global,2,6,615,2,1,0,0.07403035498086648,1,0,96
L1_legacy_uniform_global,2,6,639,2,1,0,0.0798464297026115,1,0,96
L1_legacy_uniform_global,2,6,648,2,1,0,0.07043216302888802,1,0,96
L1_legacy_uniform_global,2,6,656,2,1,0,0.06886145421608199,1,0,96
L1_legacy_uniform_global,2,6,679,1,0,1,0.8754681566460529,0,1,96
L1_legacy_uniform_global,2,6,685,1,0,1,0.8919131325473396,0,1,96
L1_legacy_uniform_global,2,6,688,2,1,0,0.07134207302712475,1,0,96
L1_legacy_uniform_global,2,6,700,1,0,1,0.9054474034178136,0,1,96
L1_legacy_uniform_global,2,6,731,1,0,1,0.8904765598167989,0,1,96
L1_legacy_uniform_global,2,6,744,2,1,0,0.06827375473361712,1,0,96
L1_legacy_uniform_global,2,6,746,2,1,0,0.21153011978053804,1,0,96
L1_legacy_uniform_global,2,6,747,2,1,0,0.0682810638263146,1,0,96
L1_legacy_uniform_global,2,6,751,2,1,0,0.0676999317703557,1,0,96
L1_legacy_uniform_global,2,6,753,2,1,0,0.06838647330425139,1,0,96
L1_legacy_uniform_global,2,6,755,2,1,0,0.6914167437509688,0,1,96
L1_legacy_uniform_global,2,6,760,2,1,0,0.06794682044675036,1,0,96
L1_legacy_uniform_global,2,6,763,1,0,1,0.9119319974626124,0,1,96
L1_legacy_uniform_global,2,6,768,1,0,1,0.9142061018900892,0,1,96
L1_legacy_uniform_global,2,6,773,1,0,1,0.849588299836522,0,1,96
L1_legacy_uniform_global,2,6,779,2,1,0,0.07159664472547422,1,0,96
L1_legacy_uniform_global,2,6,781,2,1,0,0.06923795597728682,1,0,96
L1_legacy_uniform_global,2,6,801,2,1,0,0.06797815805410583,1,0,96
L1_legacy_uniform_global,2,6,809,2,1,0,0.06774267027425443,1,0,96
L1_legacy_uniform_global,2,6,824,2,1,0,0.06864254252953517,1,0,96
L1_legacy_uniform_global,2,6,831,1,0,1,0.9150595487022425,0,1,96
L1_legacy_uniform_global,2,6,840,2,1,0,0.06791871963328076,1,0,96
L1_legacy_uniform_global,2,6,843,2,1,0,0.0711623077362269,1,0,96
L1_legacy_uniform_global,2,6,848,2,1,0,0.06850834456462747,1,0,96
L1_legacy_uniform_global,2,6,849,2,1,0,0.06779880247752589,1,0,96
L1_legacy_uniform_global,2,6,854,2,1,0,0.10307127130211693,1,0,96
L1_legacy_uniform_global,2,6,859,1,0,1,0.9141441341802744,0,1,96
L1_legacy_uniform_global,2,7,38,2,1,0,0.5745976998676156,0,1,105
L1_legacy_uniform_global,2,7,44,1,0,1,0.7666262215671142,0,1,105
L1_legacy_uniform_global,2,7,46,1,0,1,0.810922886464269,0,1,105
L1_legacy_uniform_global,2,7,47,1,0,1,0.26081785567559923,1,0,105
L1_legacy_uniform_global,2,7,57,2,1,0,0.2837802518572218,1,0,105
L1_legacy_uniform_global,2,7,68,1,0,1,0.8104894515316703,0,1,105
L1_legacy_uniform_global,2,7,69,1,0,1,0.7835803828152194,0,1,105
L1_legacy_uniform_global,2,7,85,1,0,1,0.7696994473586061,0,1,105
L1_legacy_uniform_global,2,7,91,2,1,0,0.28082332477833255,1,0,105
L1_legacy_uniform_global,2,7,97,2,1,0,0.3215541135290357,1,0,105
L1_legacy_uniform_global,2,7,111,2,1,0,0.26120835119489455,1,0,105
L1_legacy_uniform_global,2,7,116,2,1,0,0.26075903641287723,1,0,105
L1_legacy_uniform_global,2,7,137,1,0,1,0.8065691522086252,0,1,105
L1_legacy_uniform_global,2,7,139,1,0,1,0.7696712101755238,0,1,105
L1_legacy_uniform_global,2,7,145,1,0,1,0.635079385608956,0,1,105
L1_legacy_uniform_global,2,7,147,1,0,1,0.7639953624810469,0,1,105
L1_legacy_uniform_global,2,7,148,1,0,1,0.8063054183605542,0,1,105
L1_legacy_uniform_global,2,7,154,2,1,0,0.2772941071027346,1,0,105
L1_legacy_uniform_global,2,7,159,2,1,0,0.2863239059205697,1,0,105
L1_legacy_uniform_global,2,7,185,1,0,1,0.6947881990991187,0,1,105
L1_legacy_uniform_global,2,7,189,1,0,1,0.8096312511095762,0,1,105
L1_legacy_uniform_global,2,7,201,2,1,0,0.2779290791165426,1,0,105
L1_legacy_uniform_global,2,7,207,2,1,0,0.27421337001042423,1,0,105
L1_legacy_uniform_global,2,7,208,2,1,0,0.2620044958271496,1,0,105
L1_legacy_uniform_global,2,7,230,2,1,0,0.26344410953663583,1,0,105
L1_legacy_uniform_global,2,7,238,2,1,0,0.26324225285526714,1,0,105
L1_legacy_uniform_global,2,7,241,2,1,0,0.3973302101965692,1,0,105
L1_legacy_uniform_global,2,7,249,2,1,0,0.26901576342137323,1,0,105
L1_legacy_uniform_global,2,7,269,1,0,1,0.8109504740038346,0,1,105
L1_legacy_uniform_global,2,7,278,2,1,0,0.2746856060396651,1,0,105
L1_legacy_uniform_global,2,7,308,1,0,1,0.8100518665874232,0,1,105
L1_legacy_uniform_global,2,7,318,1,0,1,0.8084544242790784,0,1,105
L1_legacy_uniform_global,2,7,330,1,0,1,0.7639383742098528,0,1,105
L1_legacy_uniform_global,2,7,351,2,1,0,0.3016362267014656,1,0,105
L1_legacy_uniform_global,2,7,353,2,1,0,0.2905713839754719,1,0,105
L1_legacy_uniform_global,2,7,364,2,1,0,0.3662451985323262,1,0,105
L1_legacy_uniform_global,2,7,371,1,0,1,0.8084510752451203,0,1,105
L1_legacy_uniform_global,2,7,376,1,0,1,0.6097312278001662,0,1,105
L1_legacy_uniform_global,2,7,389,1,0,1,0.5611184686532946,0,1,105
L1_legacy_uniform_global,2,7,410,2,1,0,0.2843885437220313,1,0,105
L1_legacy_uniform_global,2,7,428,2,1,0,0.31857080301052393,1,0,105
L1_legacy_uniform_global,2,7,438,2,1,0,0.283647334073251,1,0,105
L1_legacy_uniform_global,2,7,441,2,1,0,0.2615064227999075,1,0,105
L1_legacy_uniform_global,2,7,444,2,1,0,0.3810057598086524,1,0,105
L1_legacy_uniform_global,2,7,447,1,0,1,0.8007541183813833,0,1,105
L1_legacy_uniform_global,2,7,463,2,1,0,0.4451560147084666,1,0,105
L1_legacy_uniform_global,2,7,465,2,1,0,0.41855843133623366,1,0,105
L1_legacy_uniform_global,2,7,469,2,1,0,0.39635419060780547,1,0,105
L1_legacy_uniform_global,2,7,478,1,0,1,0.7799302025811526,0,1,105
L1_legacy_uniform_global,2,7,479,1,0,1,0.7780052930373359,0,1,105
L1_legacy_uniform_global,2,7,493,1,0,1,0.26759227210980013,1,0,105
L1_legacy_uniform_global,2,7,510,1,0,1,0.8063047935866717,0,1,105
L1_legacy_uniform_global,2,7,521,1,0,1,0.8109615310341293,0,1,105
L1_legacy_uniform_global,2,7,534,1,0,1,0.78306469552046,0,1,105
L1_legacy_uniform_global,2,7,544,1,0,1,0.7334201346814644,0,1,105
L1_legacy_uniform_global,2,7,553,1,0,1,0.8087344670453848,0,1,105
L1_legacy_uniform_global,2,7,558,1,0,1,0.8089742227132878,0,1,105
L1_legacy_uniform_global,2,7,568,2,1,0,0.2757081029418011,1,0,105
L1_legacy_uniform_global,2,7,582,2,1,0,0.26794365213662574,1,0,105
L1_legacy_uniform_global,2,7,586,2,1,0,0.261513873490821,1,0,105
L1_legacy_uniform_global,2,7,595,2,1,0,0.7950223882150511,0,1,105
L1_legacy_uniform_global,2,7,598,2,1,0,0.7758662131584512,0,1,105
L1_legacy_uniform_global,2,7,600,2,1,0,0.6532445088203614,0,1,105
L1_legacy_uniform_global,2,7,611,2,1,0,0.7878780006735262,0,1,105
L1_legacy_uniform_global,2,7,616,2,1,0,0.2679520209068869,1,0,105
L1_legacy_uniform_global,2,7,623,2,1,0,0.26462134128186326,1,0,105
L1_legacy_uniform_global,2,7,627,2,1,0,0.43907545703409545,1,0,105
L1_legacy_uniform_global,2,7,634,2,1,0,0.29186938489863423,1,0,105
L1_legacy_uniform_global,2,7,651,2,1,0,0.2672888249981878,1,0,105
L1_legacy_uniform_global,2,7,665,2,1,0,0.2836536234348526,1,0,105
L1_legacy_uniform_global,2,7,668,2,1,0,0.2891005106634154,1,0,105
L1_legacy_uniform_global,2,7,670,2,1,0,0.283641450603161,1,0,105
L1_legacy_uniform_global,2,7,676,1,0,1,0.7423845184298609,0,1,105
L1_legacy_uniform_global,2,7,694,2,1,0,0.2984084616924696,1,0,105
L1_legacy_uniform_global,2,7,713,1,0,1,0.5585695920966093,0,1,105
L1_legacy_uniform_global,2,7,719,1,0,1,0.6892323780880458,0,1,105
L1_legacy_uniform_global,2,7,726,1,0,1,0.5568282403734492,0,1,105
L1_legacy_uniform_global,2,7,729,1,0,1,0.613881025159443,0,1,105
L1_legacy_uniform_global,2,7,730,1,0,1,0.7900239682466094,0,1,105
L1_legacy_uniform_global,2,7,732,1,0,1,0.8094696881094412,0,1,105
L1_legacy_uniform_global,2,7,745,2,1,0,0.29825578561332877,1,0,105
L1_legacy_uniform_global,2,7,790,1,0,1,0.7953497577934523,0,1,105
L1_legacy_uniform_global,2,7,798,2,1,0,0.26897628915964,1,0,105
L1_legacy_uniform_global,2,7,807,2,1,0,0.2607176346138929,1,0,105
L1_legacy_uniform_global,2,7,812,1,0,1,0.2625296483361066,1,0,105
L1_legacy_uniform_global,2,7,833,2,1,0,0.329952802844637,1,0,105
L1_legacy_uniform_global,2,7,863,1,0,1,0.4179169607677496,1,0,105
L1_legacy_uniform_global,2,8,49,2,1,0,0.11200720754739384,1,0,99
L1_legacy_uniform_global,2,8,61,2,1,0,0.11325091199151416,1,0,99
L1_legacy_uniform_global,2,8,64,1,0,1,0.8858077237656493,0,1,99
L1_legacy_uniform_global,2,8,70,1,0,1,0.7090750330632812,0,1,99
L1_legacy_uniform_global,2,8,102,2,1,0,0.1847804655809044,1,0,99
L1_legacy_uniform_global,2,8,105,1,0,1,0.8849247635207238,0,1,99
L1_legacy_uniform_global,2,8,107,1,0,1,0.1149822835437647,1,0,99
L1_legacy_uniform_global,2,8,112,2,1,0,0.11266787069693027,1,0,99
L1_legacy_uniform_global,2,8,114,2,1,0,0.18058239612488888,1,0,99
L1_legacy_uniform_global,2,8,118,2,1,0,0.11219507154711,1,0,99
L1_legacy_uniform_global,2,8,124,2,1,0,0.11561365340214041,1,0,99
L1_legacy_uniform_global,2,8,133,1,0,1,0.8872163053946184,0,1,99
L1_legacy_uniform_global,2,8,134,1,0,1,0.887088425590354,0,1,99
L1_legacy_uniform_global,2,8,146,1,0,1,0.8859349568968659,0,1,99
L1_legacy_uniform_global,2,8,151,2,1,0,0.11211268694017358,1,0,99
L1_legacy_uniform_global,2,8,160,2,1,0,0.21965977091504862,1,0,99
L1_legacy_uniform_global,2,8,179,1,0,1,0.8872404200113324,0,1,99
L1_legacy_uniform_global,2,8,183,1,0,1,0.8867579680913675,0,1,99
L1_legacy_uniform_global,2,8,184,1,0,1,0.8872362025502635,0,1,99
L1_legacy_uniform_global,2,8,196,1,0,1,0.11196227272266047,1,0,99
L1_legacy_uniform_global,2,8,203,2,1,0,0.8860691466938685,0,1,99
L1_legacy_uniform_global,2,8,210,2,1,0,0.1119857925062457,1,0,99
L1_legacy_uniform_global,2,8,215,2,1,0,0.11631233713807419,1,0,99
L1_legacy_uniform_global,2,8,216,2,1,0,0.11218501422744567,1,0,99
L1_legacy_uniform_global,2,8,223,2,1,0,0.11206404935290623,1,0,99
L1_legacy_uniform_global,2,8,224,2,1,0,0.11241964313089334,1,0,99
L1_legacy_uniform_global,2,8,237,2,1,0,0.11235530770811199,1,0,99
L1_legacy_uniform_global,2,8,255,2,1,0,0.11903234298185365,1,0,99
L1_legacy_uniform_global,2,8,256,2,1,0,0.11354863900664745,1,0,99
L1_legacy_uniform_global,2,8,260,1,0,1,0.11309778424312392,1,0,99
L1_legacy_uniform_global,2,8,266,1,0,1,0.8791547519171933,0,1,99
L1_legacy_uniform_global,2,8,296,2,1,0,0.11227285897595513,1,0,99
L1_legacy_uniform_global,2,8,299,2,1,0,0.11202344512061024,1,0,99
L1_legacy_uniform_global,2,8,328,1,0,1,0.8872163053946184,0,1,99
L1_legacy_uniform_global,2,8,339,1,0,1,0.7401547309644512,0,1,99
L1_legacy_uniform_global,2,8,343,1,0,1,0.8857442163416809,0,1,99
L1_legacy_uniform_global,2,8,347,1,0,1,0.8849254162480885,0,1,99
L1_legacy_uniform_global,2,8,349,1,0,1,0.8849385763893824,0,1,99
L1_legacy_uniform_global,2,8,365,2,1,0,0.1235918442169355,1,0,99
L1_legacy_uniform_global,2,8,377,1,0,1,0.8848037008108118,0,1,99
L1_legacy_uniform_global,2,8,386,1,0,1,0.886691888722703,0,1,99
L1_legacy_uniform_global,2,8,387,1,0,1,0.11397031004562189,1,0,99
L1_legacy_uniform_global,2,8,413,1,0,1,0.884453494798519,0,1,99
L1_legacy_uniform_global,2,8,414,1,0,1,0.5394976401177909,0,1,99
L1_legacy_uniform_global,2,8,470,2,1,0,0.11201206788991112,1,0,99
L1_legacy_uniform_global,2,8,485,2,1,0,0.11197169606094663,1,0,99
L1_legacy_uniform_global,2,8,496,1,0,1,0.8840959247413847,0,1,99
L1_legacy_uniform_global,2,8,504,1,0,1,0.8707388101437845,0,1,99
L1_legacy_uniform_global,2,8,517,1,0,1,0.8872497143615128,0,1,99
L1_legacy_uniform_global,2,8,536,1,0,1,0.8872432360701673,0,1,99
L1_legacy_uniform_global,2,8,540,1,0,1,0.8847829814504673,0,1,99
L1_legacy_uniform_global,2,8,551,1,0,1,0.7549610675199556,0,1,99
L1_legacy_uniform_global,2,8,569,2,1,0,0.11673895519527873,1,0,99
L1_legacy_uniform_global,2,8,570,2,1,0,0.11322337419611676,1,0,99
L1_legacy_uniform_global,2,8,574,2,1,0,0.11785862990124428,1,0,99
L1_legacy_uniform_global,2,8,576,2,1,0,0.11806055844035833,1,0,99
L1_legacy_uniform_global,2,8,584,2,1,0,0.1180592636472513,1,0,99
L1_legacy_uniform_global,2,8,588,2,1,0,0.11814246888115315,1,0,99
L1_legacy_uniform_global,2,8,593,2,1,0,0.11843396572910236,1,0,99
L1_legacy_uniform_global,2,8,601,2,1,0,0.11938622140425668,1,0,99
L1_legacy_uniform_global,2,8,633,2,1,0,0.11802748937164455,1,0,99
L1_legacy_uniform_global,2,8,642,2,1,0,0.11534763227498916,1,0,99
L1_legacy_uniform_global,2,8,645,2,1,0,0.11843797543078845,1,0,99
L1_legacy_uniform_global,2,8,660,2,1,0,0.7581333841355875,0,1,99
L1_legacy_uniform_global,2,8,673,2,1,0,0.8871741791020485,0,1,99
L1_legacy_uniform_global,2,8,683,1,0,1,0.8870828936035728,0,1,99
L1_legacy_uniform_global,2,8,698,2,1,0,0.45572461856351326,1,0,99
L1_legacy_uniform_global,2,8,701,1,0,1,0.8851600732594954,0,1,99
L1_legacy_uniform_global,2,8,715,1,0,1,0.8832718897640564,0,1,99
L1_legacy_uniform_global,2,8,717,1,0,1,0.8814188746108448,0,1,99
L1_legacy_uniform_global,2,8,722,1,0,1,0.11807986943130687,1,0,99
L1_legacy_uniform_global,2,8,734,1,0,1,0.884905715961466,0,1,99
L1_legacy_uniform_global,2,8,738,2,1,0,0.8772102345364993,0,1,99
L1_legacy_uniform_global,2,8,748,2,1,0,0.11327202883702832,1,0,99
L1_legacy_uniform_global,2,8,778,2,1,0,0.8862844618541877,0,1,99
L1_legacy_uniform_global,2,8,785,1,0,1,0.8868719702107943,0,1,99
L1_legacy_uniform_global,2,8,803,2,1,0,0.11446377064568791,1,0,99
L1_legacy_uniform_global,2,8,817,2,1,0,0.1119761277066667,1,0,99
L1_legacy_uniform_global,2,8,826,2,1,0,0.11198707408926835,1,0,99
L1_legacy_uniform_global,2,8,828,1,0,1,0.8859837970428452,0,1,99
L1_legacy_uniform_global,2,8,832,1,0,1,0.8821837854519275,0,1,99
L1_legacy_uniform_global,2,8,839,2,1,0,0.11543297198829967,1,0,99
L1_legacy_uniform_global,2,8,847,2,1,0,0.11583553930234029,1,0,99
L1_legacy_uniform_global,2,8,851,2,1,0,0.15102710086244733,1,0,99
L1_legacy_uniform_global,2,8,852,2,1,0,0.11203420915137698,1,0,99
L1_legacy_uniform_global,2,8,857,1,0,1,0.8848819153300451,0,1,99
L1_legacy_uniform_global,2,8,866,1,0,1,0.8847552684988587,0,1,99
L1_legacy_uniform_global,2,9,9,1,0,1,0.9427964764354809,0,1,152
L1_legacy_uniform_global,2,9,20,1,0,1,0.94237239756229,0,1,152
L1_legacy_uniform_global,2,9,27,2,1,0,0.06855759191469696,1,0,152
L1_legacy_uniform_global,2,9,32,2,1,0,0.0729255360923366,1,0,152
L1_legacy_uniform_global,2,9,37,2,1,0,0.06856334573821875,1,0,152
L1_legacy_uniform_global,2,9,40,2,1,0,0.06851058231289042,1,0,152
L1_legacy_uniform_global,2,9,42,2,1,0,0.46866595597525573,1,0,152
L1_legacy_uniform_global,2,9,50,2,1,0,0.07039341697823755,1,0,152
L1_legacy_uniform_global,2,9,66,1,0,1,0.9417947246509181,0,1,152
L1_legacy_uniform_global,2,9,75,1,0,1,0.9411690796487442,0,1,152
L1_legacy_uniform_global,2,9,83,1,0,1,0.9427801589393158,0,1,152
L1_legacy_uniform_global,2,9,84,1,0,1,0.9425142790435335,0,1,152
L1_legacy_uniform_global,2,9,87,1,0,1,0.941175835981731,0,1,152
L1_legacy_uniform_global,2,9,104,1,0,1,0.9426126698130933,0,1,152
L1_legacy_uniform_global,2,9,121,2,1,0,0.07063891086365828,1,0,152
L1_legacy_uniform_global,2,9,122,2,1,0,0.06869041239589903,1,0,152
L1_legacy_uniform_global,2,9,123,2,1,0,0.4495243230238854,1,0,152
L1_legacy_uniform_global,2,9,130,1,0,1,0.9399634569518006,0,1,152
L1_legacy_uniform_global,2,9,132,1,0,1,0.9426166940073691,0,1,152
L1_legacy_uniform_global,2,9,221,2,1,0,0.3943937287341295,1,0,152
L1_legacy_uniform_global,2,9,226,2,1,0,0.07242335145748845,1,0,152
L1_legacy_uniform_global,2,9,232,2,1,0,0.7430712572510868,0,1,152
L1_legacy_uniform_global,2,9,250,2,1,0,0.15286313006095104,1,0,152
L1_legacy_uniform_global,2,9,258,1,0,1,0.9427172236743784,0,1,152
L1_legacy_uniform_global,2,9,261,1,0,1,0.9409672254574709,0,1,152
L1_legacy_uniform_global,2,9,262,1,0,1,0.9422450587614795,0,1,152
L1_legacy_uniform_global,2,9,282,2,1,0,0.06847437896996472,1,0,152
L1_legacy_uniform_global,2,9,284,2,1,0,0.06853281676042954,1,0,152
L1_legacy_uniform_global,2,9,289,2,1,0,0.06877629827074988,1,0,152
L1_legacy_uniform_global,2,9,291,2,1,0,0.07455139630989809,1,0,152
L1_legacy_uniform_global,2,9,301,2,1,0,0.07257724347532761,1,0,152
L1_legacy_uniform_global,2,9,323,1,0,1,0.940279855057739,0,1,152
L1_legacy_uniform_global,2,9,344,1,0,1,0.9419460566339071,0,1,152
L1_legacy_uniform_global,2,9,358,2,1,0,0.3151162542063534,1,0,152
L1_legacy_uniform_global,2,9,361,2,1,0,0.23560949449342905,1,0,152
L1_legacy_uniform_global,2,9,363,2,1,0,0.08482837533265662,1,0,152
L1_legacy_uniform_global,2,9,380,1,0,1,0.9427465695284796,0,1,152
L1_legacy_uniform_global,2,9,391,1,0,1,0.9416209281339077,0,1,152
L1_legacy_uniform_global,2,9,397,2,1,0,0.3847169758919381,1,0,152
L1_legacy_uniform_global,2,9,407,2,1,0,0.06871108336852601,1,0,152
L1_legacy_uniform_global,2,9,415,1,0,1,0.9409150844330146,0,1,152
L1_legacy_uniform_global,2,9,419,1,0,1,0.942119025214282,0,1,152
L1_legacy_uniform_global,2,9,420,2,1,0,0.06883414033202366,1,0,152
L1_legacy_uniform_global,2,9,427,1,0,1,0.9411475382445792,0,1,152
L1_legacy_uniform_global,2,9,446,1,0,1,0.9417579321626905,0,1,152
L1_legacy_uniform_global,2,9,461,2,1,0,0.06897936954959871,1,0,152
L1_legacy_uniform_global,2,9,472,1,0,1,0.9423736684042384,0,1,152
L1_legacy_uniform_global,2,9,481,2,1,0,0.06969781027773059,1,0,152
L1_legacy_uniform_global,2,9,491,1,0,1,0.9427569545834269,0,1,152
L1_legacy_uniform_global,2,9,498,1,0,1,0.9169945120994,0,1,152
L1_legacy_uniform_global,2,9,511,1,0,1,0.942132565606348,0,1,152
L1_legacy_uniform_global,2,9,524,1,0,1,0.9397690661830334,0,1,152
L1_legacy_uniform_global,2,9,539,1,0,1,0.938209493820536,0,1,152
L1_legacy_uniform_global,2,9,541,1,0,1,0.9414440247823515,0,1,152
L1_legacy_uniform_global,2,9,543,1,0,1,0.9398215008135663,0,1,152
L1_legacy_uniform_global,2,9,563,1,0,1,0.9417452426486362,0,1,152
L1_legacy_uniform_global,2,9,564,1,0,1,0.9405089355619166,0,1,152
L1_legacy_uniform_global,2,9,592,2,1,0,0.06887572280586517,1,0,152
L1_legacy_uniform_global,2,9,604,2,1,0,0.0822686780946457,1,0,152
L1_legacy_uniform_global,2,9,605,2,1,0,0.9427665951916782,0,1,152
L1_legacy_uniform_global,2,9,608,2,1,0,0.27978252450902463,1,0,152
L1_legacy_uniform_global,2,9,620,2,1,0,0.942553249984283,0,1,152
L1_legacy_uniform_global,2,9,624,2,1,0,0.07117469429800483,1,0,152
L1_legacy_uniform_global,2,9,632,2,1,0,0.9404882711502736,0,1,152
L1_legacy_uniform_global,2,9,643,2,1,0,0.06852464749896822,1,0,152
L1_legacy_uniform_global,2,9,654,2,1,0,0.35090214391264957,1,0,152
L1_legacy_uniform_global,2,9,667,2,1,0,0.06850453892704787,1,0,152
L1_legacy_uniform_global,2,9,680,1,0,1,0.7197345183525382,0,1,152
L1_legacy_uniform_global,2,9,699,1,0,1,0.9426102328311947,0,1,152
L1_legacy_uniform_global,2,9,708,1,0,1,0.942775178752442,0,1,152
L1_legacy_uniform_global,2,9,712,1,0,1,0.06931660988169461,1,0,152
L1_legacy_uniform_global,2,9,736,2,1,0,0.07377970599333872,1,0,152
L1_legacy_uniform_global,2,9,739,2,1,0,0.06912146080552416,1,0,152
L1_legacy_uniform_global,2,9,740,2,1,0,0.07208696098909655,1,0,152
L1_legacy_uniform_global,2,9,742,2,1,0,0.07564612072274109,1,0,152
L1_legacy_uniform_global,2,9,752,2,1,0,0.07000627562430903,1,0,152
L1_legacy_uniform_global,2,9,756,2,1,0,0.07456524388298486,1,0,152
L1_legacy_uniform_global,2,9,784,1,0,1,0.6947677622797176,0,1,152
L1_legacy_uniform_global,2,9,788,1,0,1,0.9372964234121709,0,1,152
L1_legacy_uniform_global,2,9,789,1,0,1,0.9415913331949897,0,1,152
L1_legacy_uniform_global,2,9,794,1,0,1,0.1242586977920154,1,0,152
L1_legacy_uniform_global,2,9,802,2,1,0,0.942777932251665,0,1,152
L1_legacy_uniform_global,2,9,822,2,1,0,0.24108343785441322,1,0,152
L1_legacy_uniform_global,2,9,825,2,1,0,0.07288597446424724,1,0,152
L1_legacy_uniform_global,2,9,827,2,1,0,0.07001445459246777,1,0,152
L1_legacy_uniform_global,2,9,842,2,1,0,0.09546066653239521,1,0,152
L1_legacy_uniform_global,2,9,864,1,0,1,0.9426780247137174,0,1,152
L1_legacy_uniform_global,2,10,11,1,0,1,0.92382427132676,0,1,132
L1_legacy_uniform_global,2,10,16,1,0,1,0.924421560054688,0,1,132
L1_legacy_uniform_global,2,10,18,1,0,1,0.9257226514642023,0,1,132
L1_legacy_uniform_global,2,10,33,2,1,0,0.08101432935697699,1,0,132
L1_legacy_uniform_global,2,10,36,2,1,0,0.14973678253895745,1,0,132
L1_legacy_uniform_global,2,10,41,2,1,0,0.08047250033691895,1,0,132
L1_legacy_uniform_global,2,10,43,2,1,0,0.779504784035709,0,1,132
L1_legacy_uniform_global,2,10,54,2,1,0,0.3990964744735425,1,0,132
L1_legacy_uniform_global,2,10,74,1,0,1,0.8557332905398654,0,1,132
L1_legacy_uniform_global,2,10,99,2,1,0,0.07994534940453378,1,0,132
L1_legacy_uniform_global,2,10,106,1,0,1,0.8686276262349537,0,1,132
L1_legacy_uniform_global,2,10,109,1,0,1,0.9255738293701721,0,1,132
L1_legacy_uniform_global,2,10,110,1,0,1,0.9243421095305396,0,1,132
L1_legacy_uniform_global,2,10,150,2,1,0,0.07980029765587074,1,0,132
L1_legacy_uniform_global,2,10,158,2,1,0,0.08086805143905962,1,0,132
L1_legacy_uniform_global,2,10,188,1,0,1,0.9206799749321023,0,1,132
L1_legacy_uniform_global,2,10,194,1,0,1,0.9244146381658775,0,1,132
L1_legacy_uniform_global,2,10,233,2,1,0,0.08639227049690074,1,0,132
L1_legacy_uniform_global,2,10,239,2,1,0,0.07920135805173364,1,0,132
L1_legacy_uniform_global,2,10,245,2,1,0,0.07920275541162887,1,0,132
L1_legacy_uniform_global,2,10,252,2,1,0,0.07919684512532808,1,0,132
L1_legacy_uniform_global,2,10,257,1,0,1,0.9222455403308344,0,1,132
L1_legacy_uniform_global,2,10,263,1,0,1,0.9243979294219744,0,1,132
L1_legacy_uniform_global,2,10,268,1,0,1,0.9260897503017594,0,1,132
L1_legacy_uniform_global,2,10,270,2,1,0,0.25807157905688227,1,0,132
L1_legacy_uniform_global,2,10,273,2,1,0,0.08107799834619593,1,0,132
L1_legacy_uniform_global,2,10,294,2,1,0,0.12241598111236801,1,0,132
L1_legacy_uniform_global,2,10,303,2,1,0,0.08845555467346801,1,0,132
L1_legacy_uniform_global,2,10,304,2,1,0,0.108235600832623,1,0,132
L1_legacy_uniform_global,2,10,317,1,0,1,0.9191913225555929,0,1,132
L1_legacy_uniform_global,2,10,324,1,0,1,0.9256980357873805,0,1,132
L1_legacy_uniform_global,2,10,366,2,1,0,0.07918075929577177,1,0,132
L1_legacy_uniform_global,2,10,372,1,0,1,0.9225170433429662,0,1,132
L1_legacy_uniform_global,2,10,394,1,0,1,0.5213281485896752,0,1,132
L1_legacy_uniform_global,2,10,430,2,1,0,0.08122725103995032,1,0,132
L1_legacy_uniform_global,2,10,434,2,1,0,0.14009980479538092,1,0,132
L1_legacy_uniform_global,2,10,443,2,1,0,0.07997261050440334,1,0,132
L1_legacy_uniform_global,2,10,459,2,1,0,0.07938867271635515,1,0,132
L1_legacy_uniform_global,2,10,475,1,0,1,0.08005219742080458,1,0,132
L1_legacy_uniform_global,2,10,482,2,1,0,0.07916913120057761,1,0,132
L1_legacy_uniform_global,2,10,490,1,0,1,0.5728061070669658,0,1,132
L1_legacy_uniform_global,2,10,494,1,0,1,0.9245448403436574,0,1,132
L1_legacy_uniform_global,2,10,501,1,0,1,0.924676920990894,0,1,132
L1_legacy_uniform_global,2,10,507,1,0,1,0.9261124443717186,0,1,132
L1_legacy_uniform_global,2,10,509,1,0,1,0.6619512779776989,0,1,132
L1_legacy_uniform_global,2,10,512,1,0,1,0.9255770981095283,0,1,132
L1_legacy_uniform_global,2,10,518,1,0,1,0.9254572174052065,0,1,132
L1_legacy_uniform_global,2,10,519,1,0,1,0.924054158617989,0,1,132
L1_legacy_uniform_global,2,10,523,1,0,1,0.9246048677736809,0,1,132
L1_legacy_uniform_global,2,10,527,1,0,1,0.9243795956077875,0,1,132
L1_legacy_uniform_global,2,10,528,1,0,1,0.9255974211003477,0,1,132
L1_legacy_uniform_global,2,10,529,1,0,1,0.9241222580903977,0,1,132
L1_legacy_uniform_global,2,10,533,1,0,1,0.9252133665400833,0,1,132
L1_legacy_uniform_global,2,10,535,1,0,1,0.9229789820253542,0,1,132
L1_legacy_uniform_global,2,10,547,1,0,1,0.9260334211796956,0,1,132
L1_legacy_uniform_global,2,10,549,1,0,1,0.9241126876461172,0,1,132
L1_legacy_uniform_global,2,10,557,1,0,1,0.8913451627582879,0,1,132
L1_legacy_uniform_global,2,10,565,2,1,0,0.08102414213442673,1,0,132
L1_legacy_uniform_global,2,10,567,2,1,0,0.08033210366795122,1,0,132
L1_legacy_uniform_global,2,10,573,2,1,0,0.15504793626629665,1,0,132
L1_legacy_uniform_global,2,10,578,2,1,0,0.08489641814141276,1,0,132
L1_legacy_uniform_global,2,10,591,2,1,0,0.20116900173530278,1,0,132
L1_legacy_uniform_global,2,10,617,2,1,0,0.07922388876459777,1,0,132
L1_legacy_uniform_global,2,10,618,2,1,0,0.08228001598825443,1,0,132
L1_legacy_uniform_global,2,10,619,2,1,0,0.08251735162507236,1,0,132
L1_legacy_uniform_global,2,10,626,2,1,0,0.08436327437496502,1,0,132
L1_legacy_uniform_global,2,10,636,2,1,0,0.08341936537577907,1,0,132
L1_legacy_uniform_global,2,10,641,2,1,0,0.3091163744905041,1,0,132
L1_legacy_uniform_global,2,10,649,2,1,0,0.9230775995915642,0,1,132
L1_legacy_uniform_global,2,10,662,2,1,0,0.08008514651697599,1,0,132
L1_legacy_uniform_global,2,10,666,2,1,0,0.08165226334217843,1,0,132
L1_legacy_uniform_global,2,10,692,2,1,0,0.07948837086026785,1,0,132
L1_legacy_uniform_global,2,10,696,2,1,0,0.14439680182345987,1,0,132
L1_legacy_uniform_global,2,10,702,1,0,1,0.9238060590163344,0,1,132
L1_legacy_uniform_global,2,10,707,1,0,1,0.9220521207716648,0,1,132
L1_legacy_uniform_global,2,10,758,2,1,0,0.07915122048009765,1,0,132
L1_legacy_uniform_global,2,10,761,2,1,0,0.07905857978809035,1,0,132
L1_legacy_uniform_global,2,10,764,1,0,1,0.9243996581362113,0,1,132
L1_legacy_uniform_global,2,10,765,1,0,1,0.9262036609603967,0,1,132
L1_legacy_uniform_global,2,10,777,2,1,0,0.2294297965672187,1,0,132
L1_legacy_uniform_global,2,10,782,2,1,0,0.08425633694125294,1,0,132
L1_legacy_uniform_global,2,10,796,1,0,1,0.9262149092593899,0,1,132
L1_legacy_uniform_global,2,10,797,2,1,0,0.08031724257391415,1,0,132
L1_legacy_uniform_global,2,10,800,2,1,0,0.07933873813562141,1,0,132
L1_legacy_uniform_global,2,10,819,2,1,0,0.12122095507433277,1,0,132
L1_legacy_uniform_global,2,10,850,2,1,0,0.0808642725599538,1,0,132
L1_legacy_uniform_global,2,10,860,1,0,1,0.15030273097663688,1,0,132
