config,seed,fold,n_outer_train,n_train,n_val,n_test,best_epoch,acc,balanced_acc,asd_auc,asd_f1,asd_sensitivity,nc_specificity,raw_pos_cos,raw_neg_cos,raw_cos_gap,raw_retrieval_r1,raw_cmmd,raw_modality_probe_acc,shared_pos_cos,shared_neg_cos,shared_cos_gap,shared_retrieval_r1,shared_cmmd,shared_modality_probe_acc,private_modality_probe_acc,private_shared_probe_gap,shared_mean_std,private_mean_std,reconstruction_nmse,shared_private_xcov,final_cls_loss,final_align_loss,final_rec_loss,final_xcov_loss,final_modality_loss,align_strategy,align_mode,align_lambda,align_warmup,lambda_rec,lambda_xcov,lambda_mod,token_nmodal,token_dim,base_init_sha256,aux_init_sha256,runtime_sec
D0_baseline,0,1,783,704,79,88,124,0.8409090909090909,0.8432797093928386,0.9278671510119355,0.8372093023255814,0.8780487804878049,0.8085106382978723,0.09582686424255371,-0.024736827239394188,0.12056369334459305,0.029356062412261963,0.3965952396392822,0.9289772727272727,nan,nan,nan,nan,nan,nan,nan,nan,nan,nan,nan,nan,0.15465131402015686,0.0,0.0,0.0,0.0,none,none,0.0,20,0.1,0.05,0.05,4,36,972f662c922f3f02355d79787c586293ea503c3c0736d55ac815c57e920a5b22,,9.774392366409302
D0_baseline,0,2,784,705,79,87,108,0.8620689655172413,0.8549840933191941,0.8632025450689289,0.8333333333333334,0.7317073170731707,0.9782608695652174,0.10675930976867676,0.07762771844863892,0.029131591320037842,0.02107279561460018,0.3484920859336853,0.9224137931034483,nan,nan,nan,nan,nan,nan,nan,nan,nan,nan,nan,nan,0.1936134696006775,-0.0,-0.0,-0.0,-0.0,none,none,0.0,20,0.1,0.05,0.05,4,36,f003f98cc27a3e6828c561e38d9bbb4b7c818292ab964eac0d36dd96727e4d50,,5.179272964596748
D0_baseline,0,3,784,705,79,87,102,0.8390804597701149,0.8372216330858961,0.8955461293743372,0.8250000000000001,0.8048780487804879,0.8695652173913043,0.0688968300819397,0.023460637778043747,0.04543619230389595,0.022030651569366455,0.3339608609676361,0.9051724137931034,nan,nan,nan,nan,nan,nan,nan,nan,nan,nan,nan,nan,0.16098655760288239,-0.0,-0.0,-0.0,-0.0,none,none,0.0,20,0.1,0.05,0.05,4,36,8979a74112f517dee08f45fbdf8772a1a8ede570d75b76c128f52d0b4ac072ab,,4.833056211471558
D0_baseline,0,4,784,705,79,87,121,0.9080459770114943,0.9074468085106383,0.973936170212766,0.9,0.9,0.9148936170212766,0.05876489728689194,0.010203039273619652,0.048561856150627136,0.01819923333823681,0.4021488130092621,0.9137931034482759,nan,nan,nan,nan,nan,nan,nan,nan,nan,nan,nan,nan,0.1471870094537735,-0.0,-0.0,-0.0,-0.0,none,none,0.0,20,0.1,0.05,0.05,4,36,9549f02031535027047776dac434feb5fa74b793c6cce5e33d9bc6f39deaaa9f,,5.288836967200041
D0_baseline,0,5,784,705,79,87,76,0.8505747126436781,0.8393617021276596,0.9292553191489361,0.8115942028985508,0.7,0.9787234042553191,0.0626135766506195,0.043820783495903015,0.01879279315471649,0.010536398738622665,0.38123416900634766,0.8994252873563219,nan,nan,nan,nan,nan,nan,nan,nan,nan,nan,nan,nan,0.32089507579803467,-0.0,-0.0,-0.0,-0.0,none,none,0.0,20,0.1,0.05,0.05,4,36,b92c8250915627f5ee62ede91bf80c4a32d2261d06aa80e60845df6155a1045e,,4.0741052739322186
D0_baseline,0,6,784,705,79,87,158,0.9310344827586207,0.9287234042553192,0.9563829787234043,0.9230769230769231,0.9,0.9574468085106383,0.2973710894584656,0.08848192542791367,0.2088891565799713,0.0277777761220932,0.35470426082611084,0.9252873563218391,nan,nan,nan,nan,nan,nan,nan,nan,nan,nan,nan,nan,0.1824047863483429,-0.0,-0.0,-0.0,-0.0,none,none,0.0,20,0.1,0.05,0.05,4,36,5cfbbf6ec0faf5cf1723b7c33c6fd766f8364f753fc36333259cc4aada3c4390,,6.522321630269289
D0_baseline,0,7,784,705,79,87,82,0.9080459770114943,0.9111702127659574,0.9563829787234043,0.9047619047619048,0.95,0.8723404255319149,0.061487507075071335,0.053214769810438156,0.008272737264633179,0.014367816969752312,0.41491663455963135,0.9224137931034483,nan,nan,nan,nan,nan,nan,nan,nan,nan,nan,nan,nan,0.2632628381252289,-0.0,-0.0,-0.0,-0.0,none,none,0.0,20,0.1,0.05,0.05,4,36,2546b0018f0222ddd68b1ec3f179956fd740ffcff9ec2a69e1601f4337cbec49,,4.444217678159475
D0_baseline,0,8,784,705,79,87,73,0.896551724137931,0.9042553191489362,0.9409574468085107,0.898876404494382,1.0,0.8085106382978723,0.011380656622350216,0.013626011088490486,-0.0022453544661402702,0.014367816969752312,0.3303189277648926,0.9252873563218391,nan,nan,nan,nan,nan,nan,nan,nan,nan,nan,nan,nan,0.3076421618461609,0.0,0.0,0.0,0.0,none,none,0.0,20,0.1,0.05,0.05,4,36,54e7c40772cc65327664f24b621cab0e2706987043049273f2f94ffac594b2c9,,4.119343351572752
D0_baseline,0,9,784,705,79,87,112,0.6436781609195402,0.6460106382978723,0.698404255319149,0.6352941176470589,0.675,0.6170212765957447,0.09756427258253098,0.03866659849882126,0.05889767408370972,0.017241379246115685,0.3693498969078064,0.8706896551724138,nan,nan,nan,nan,nan,nan,nan,nan,nan,nan,nan,nan,0.15104223787784576,0.0,0.0,0.0,0.0,none,none,0.0,20,0.1,0.05,0.05,4,36,a2de616feb34163b8bfaf07f7f8c021f11b3a1d097a8fe0ba51769d8497c6116,,5.19389896094799
D0_baseline,0,10,784,705,79,87,145,0.7011494252873564,0.701063829787234,0.7218085106382979,0.6829268292682926,0.7,0.7021276595744681,0.2356257140636444,0.0376046821475029,0.1980210244655609,0.029693489894270897,0.3194863200187683,0.9339080459770115,nan,nan,nan,nan,nan,nan,nan,nan,nan,nan,nan,nan,0.08986727148294449,-0.0,-0.0,-0.0,-0.0,none,none,0.0,20,0.1,0.05,0.05,4,36,c8bba363687655e5be05b1a6541eb5d8c1b13b43652b18f6129308bd60d66a3f,,6.188148211687803
D0_baseline,1,1,783,704,79,88,78,0.8409090909090909,0.832381940840685,0.8884276076803321,0.8055555555555556,0.7073170731707317,0.9574468085106383,-0.00647801673039794,-0.019639668986201286,0.01316165179014206,0.014204546809196472,0.3945837914943695,0.9289772727272727,nan,nan,nan,nan,nan,nan,nan,nan,nan,nan,nan,nan,0.2920527458190918,0.0,0.0,0.0,0.0,none,none,0.0,20,0.1,0.05,0.05,4,36,2920d1a2d1c5d32a82a360b076199906c5b1dcce2976f609794a649b4f24b965,,8.154446177184582
D0_baseline,1,2,784,705,79,87,139,0.9310344827586207,0.9294803817603394,0.9655355249204665,0.9249999999999999,0.9024390243902439,0.9565217391304348,0.13774821162223816,0.05672613903880119,0.08102206885814667,0.02107279561460018,0.40413326025009155,0.8936781609195402,nan,nan,nan,nan,nan,nan,nan,nan,nan,nan,nan,nan,0.1918068677186966,-0.0,-0.0,-0.0,-0.0,none,none,0.0,20,0.1,0.05,0.05,4,36,d87e777eb4acacb566e3401489a14a386d3aabd27f8fc352f20d7f53ec110480,,6.062874738126993
D0_baseline,1,3,784,705,79,87,81,0.7701149425287356,0.7627253446447508,0.8048780487804879,0.7222222222222222,0.6341463414634146,0.8913043478260869,0.0780065655708313,0.06925421953201294,0.00875234603881836,0.015325671061873436,0.37674495577812195,0.9281609195402298,nan,nan,nan,nan,nan,nan,nan,nan,nan,nan,nan,nan,0.37707895040512085,0.0,0.0,0.0,0.0,none,none,0.0,20,0.1,0.05,0.05,4,36,a39abe9c53b052d6f3f56b557b329f8023b72c008a3e9b97c8deba8d1d93732e,,4.220265258103609
D0_baseline,1,4,784,705,79,87,109,0.8620689655172413,0.8611702127659575,0.9164893617021277,0.85,0.85,0.8723404255319149,0.07475927472114563,0.04696024954319,0.027799025177955627,0.018199235200881958,0.44438570737838745,0.9051724137931034,nan,nan,nan,nan,nan,nan,nan,nan,nan,nan,nan,nan,0.2519456148147583,-0.0,-0.0,-0.0,-0.0,none,none,0.0,20,0.1,0.05,0.05,4,36,b485be0551cbc95ccd356c83160655cba129d0a3a6a69a369bd06596b521245f,,5.140223868191242
D0_baseline,1,5,784,705,79,87,96,0.8160919540229885,0.8186170212765957,0.902659574468085,0.8095238095238095,0.85,0.7872340425531915,0.06304779648780823,0.033352188766002655,0.029695607721805573,0.01149425283074379,0.35348543524742126,0.8735632183908046,nan,nan,nan,nan,nan,nan,nan,nan,nan,nan,nan,nan,0.22210440039634705,0.0,0.0,0.0,0.0,none,none,0.0,20,0.1,0.05,0.05,4,36,e2a03015f22672fbfe6b490e40234b1e7f587ead3b1c50554317d3fa2c6cac6f,,4.825575154274702
D0_baseline,1,6,784,705,79,87,142,0.8390804597701149,0.8305851063829788,0.8585106382978724,0.8055555555555555,0.725,0.9361702127659575,0.2914769649505615,0.09842215478420258,0.19305481016635895,0.028735633939504623,0.34693512320518494,0.9080459770114943,nan,nan,nan,nan,nan,nan,nan,nan,nan,nan,nan,nan,0.12448065727949142,-0.0,-0.0,-0.0,-0.0,none,none,0.0,20,0.1,0.05,0.05,4,36,ae65aacaa3b22a903bdfa6ab00e808767c668437e4d548a41d620be1c9aa421c,,5.992217238992453
D0_baseline,1,7,784,705,79,87,85,0.8390804597701149,0.8305851063829788,0.8962765957446808,0.8055555555555555,0.725,0.9361702127659575,0.028312668204307556,0.01098316814750433,0.017329499125480652,0.012452106922864914,0.3542892336845398,0.9080459770114943,nan,nan,nan,nan,nan,nan,nan,nan,nan,nan,nan,nan,0.2886585295200348,0.0,0.0,0.0,0.0,none,none,0.0,20,0.1,0.05,0.05,4,36,815265503b867ad67c643fea5c5dfbd1ab865ef2e2319f72987c75c5950a98c5,,4.42054346203804
D0_baseline,1,8,784,705,79,87,140,0.8505747126436781,0.8468085106382979,0.9079787234042553,0.8311688311688312,0.8,0.8936170212765957,0.14160721004009247,0.037547431886196136,0.10405977815389633,0.02298850566148758,0.3778091073036194,0.9080459770114943,nan,nan,nan,nan,nan,nan,nan,nan,nan,nan,nan,nan,0.21102599799633026,0.0,0.0,0.0,0.0,none,none,0.0,20,0.1,0.05,0.05,4,36,8a717934c7cf6ca8e3eec31d50c84541b5e893560d90247c66bac6c72122f49e,,6.070806577801704
D0_baseline,1,9,784,705,79,87,77,0.7241379310344828,0.7204787234042553,0.8101063829787235,0.6923076923076923,0.675,0.7659574468085106,0.04714649170637131,0.052748680114746094,-0.005602188408374786,0.008620689623057842,0.3949396312236786,0.9367816091954023,nan,nan,nan,nan,nan,nan,nan,nan,nan,nan,nan,nan,0.4291956126689911,-0.0,-0.0,-0.0,-0.0,none,none,0.0,20,0.1,0.05,0.05,4,36,942a80462f98f4d3fce30586297cf4f23cc81e179440c5f9deff9cdec55920d7,,3.9992652647197247
D0_baseline,1,10,784,705,79,87,161,0.8505747126436781,0.850531914893617,0.8832446808510638,0.8395061728395061,0.85,0.851063829787234,0.22903548181056976,0.06456819921731949,0.16446727514266968,0.029693488031625748,0.3559032380580902,0.8994252873563219,nan,nan,nan,nan,nan,nan,nan,nan,nan,nan,nan,nan,0.10328316688537598,-0.0,-0.0,-0.0,-0.0,none,none,0.0,20,0.1,0.05,0.05,4,36,7b41f8ad7fcd078fb431f5a63fceae479f9e83add43115f2b2ef617b3b7b76f8,,6.673849016427994
D0_baseline,2,1,783,704,79,88,106,0.75,0.751946030098599,0.8655941878567721,0.7441860465116279,0.7804878048780488,0.723404255319149,0.037469737231731415,0.006283867172896862,0.031185869127511978,0.017045455053448677,0.31974145770072937,0.8778409090909091,nan,nan,nan,nan,nan,nan,nan,nan,nan,nan,nan,nan,0.17338933050632477,-0.0,-0.0,-0.0,-0.0,none,none,0.0,20,0.1,0.05,0.05,4,36,3482fd1c35313837f9b4cdf339fe1875d374253e510d1b51c5562b21b7b7d154,,8.829035010188818
D0_baseline,2,2,784,705,79,87,135,0.896551724137931,0.8981972428419936,0.9374337221633087,0.8941176470588236,0.926829268292683,0.8695652173913043,0.16972383856773376,0.0336424857378006,0.13608135282993317,0.022030651569366455,0.4207226037979126,0.9224137931034483,nan,nan,nan,nan,nan,nan,nan,nan,nan,nan,nan,nan,0.16670183837413788,-0.0,-0.0,-0.0,-0.0,none,none,0.0,20,0.1,0.05,0.05,4,36,86d25602768399e0a820f0f811f53a43edbccdf5b854970f742fb0148c040a1f,,6.320369075983763
D0_baseline,2,3,784,705,79,87,109,0.8505747126436781,0.8467656415694591,0.9045599151643691,0.8311688311688312,0.7804878048780488,0.9130434782608695,0.10545074939727783,0.027701515704393387,0.07774923741817474,0.014367816969752312,0.4132319688796997,0.8793103448275862,nan,nan,nan,nan,nan,nan,nan,nan,nan,nan,nan,nan,0.20669442415237427,0.0,0.0,0.0,0.0,none,none,0.0,20,0.1,0.05,0.05,4,36,2c2e7daeef8e34639d26c23063b040907966241b25debe7d461a57555717c118,,5.136925786733627
D0_baseline,2,4,784,705,79,87,99,0.8620689655172413,0.8611702127659575,0.8813829787234042,0.85,0.85,0.8723404255319149,-0.01066586934030056,-0.043166376650333405,0.032500505447387695,0.026819925755262375,0.42113053798675537,0.9224137931034483,nan,nan,nan,nan,nan,nan,nan,nan,nan,nan,nan,nan,0.26354455947875977,0.0,0.0,0.0,0.0,none,none,0.0,20,0.1,0.05,0.05,4,36,320be97d97002b36843b5e50592ea8c23f65cda0282fda50516b2fb7e94a9368,,4.709669124335051
D0_baseline,2,5,784,705,79,87,88,0.8505747126436781,0.8393617021276596,0.8829787234042553,0.8115942028985508,0.7,0.9787234042553191,0.0380760058760643,0.002773962914943695,0.035302042961120605,0.02586207166314125,0.3650878071784973,0.8936781609195402,nan,nan,nan,nan,nan,nan,nan,nan,nan,nan,nan,nan,0.20410554111003876,-0.0,-0.0,-0.0,-0.0,none,none,0.0,20,0.1,0.05,0.05,4,36,91de6c45307f97e22e3ef863f49ae5f8fff57887133da9b7525311e05d713bc0,,4.558714907616377
D0_baseline,2,6,784,705,79,87,173,0.8275862068965517,0.8218085106382979,0.8632978723404255,0.7999999999999999,0.75,0.8936170212765957,0.3101155757904053,0.08631254732608795,0.22380302846431732,0.019157089293003082,0.3167838454246521,0.8620689655172413,nan,nan,nan,nan,nan,nan,nan,nan,nan,nan,nan,nan,0.23780612647533417,-0.0,-0.0,-0.0,-0.0,none,none,0.0,20,0.1,0.05,0.05,4,36,8f20a89b70c47182365eb5a759f595d3fc9899f41a8636ad9f33aceea655e915,,6.904187496751547
D0_baseline,2,7,784,705,79,87,105,0.8390804597701149,0.8305851063829788,0.9138297872340426,0.8055555555555555,0.725,0.9361702127659575,0.07611432671546936,0.023178836330771446,0.052935488522052765,0.02298850566148758,0.42532414197921753,0.9281609195402298,nan,nan,nan,nan,nan,nan,nan,nan,nan,nan,nan,nan,0.2646975517272949,0.0,0.0,0.0,0.0,none,none,0.0,20,0.1,0.05,0.05,4,36,513a510164e17f707c56364faab8ac18e09e92d52c2e3f633357ed178587da3e,,5.0264074839651585
D0_baseline,2,8,784,705,79,87,89,0.8505747126436781,0.8523936170212766,0.8888297872340426,0.8433734939759036,0.875,0.8297872340425532,0.0898483619093895,0.05415232107043266,0.03569604083895683,0.015325671061873436,0.37500131130218506,0.8850574712643678,nan,nan,nan,nan,nan,nan,nan,nan,nan,nan,nan,nan,0.27208080887794495,-0.0,-0.0,-0.0,-0.0,none,none,0.0,20,0.1,0.05,0.05,4,36,f5768e86352919ec56daef6583c6054ddfd21302101d2730af6b18f4c64131bd,,4.442499294877052
D0_baseline,2,9,784,705,79,87,134,0.8620689655172413,0.8686170212765958,0.9430851063829788,0.8636363636363635,0.95,0.7872340425531915,0.1546373963356018,0.07823552936315536,0.07640186697244644,0.02298850566148758,0.39420267939567566,0.9022988505747126,nan,nan,nan,nan,nan,nan,nan,nan,nan,nan,nan,nan,0.19228129088878632,-0.0,-0.0,-0.0,-0.0,none,none,0.0,20,0.1,0.05,0.05,4,36,a3c0c70665a03089f4fa1c545436d7ed5c4711ef072cb91dfbc77166f317d27d,,5.854646824300289
D0_baseline,2,10,784,705,79,87,93,0.9195402298850575,0.9125,0.9276595744680851,0.9041095890410958,0.825,1.0,0.10897349566221237,0.06780748069286346,0.04116601496934891,0.019157089293003082,0.3923960328102112,0.9252873563218391,nan,nan,nan,nan,nan,nan,nan,nan,nan,nan,nan,nan,0.2479192465543747,-0.0,-0.0,-0.0,-0.0,none,none,0.0,20,0.1,0.05,0.05,4,36,e0a138bc0f257ca51d594da75ff7155ba8d41dea39e8c8ab6b0fd67f862a9261,,4.787000101059675
D1_global_hybrid_medium,0,1,783,704,79,88,106,0.8522727272727273,0.8554748313440581,0.9330565646081993,0.8505747126436782,0.9024390243902439,0.8085106382978723,0.3050168454647064,0.0918005108833313,0.21321633458137512,0.10700757801532745,0.20221517980098724,0.9232954545454546,nan,nan,nan,nan,nan,nan,nan,nan,nan,nan,nan,nan,0.17942999303340912,0.5193904638290405,0.0,0.0,0.0,global,hybrid,0.2,20,0.1,0.05,0.05,4,36,972f662c922f3f02355d79787c586293ea503c3c0736d55ac815c57e920a5b22,,18.15689579769969
D1_global_hybrid_medium,0,2,784,705,79,87,100,0.8505747126436781,0.8441145281018028,0.8647932131495228,0.821917808219178,0.7317073170731707,0.9565217391304348,0.2595785856246948,0.08463865518569946,0.17493993043899536,0.09482759237289429,0.2413243055343628,0.9224137931034483,nan,nan,nan,nan,nan,nan,nan,nan,nan,nan,nan,nan,0.21319514513015747,0.5625362396240234,-0.0,-0.0,-0.0,global,hybrid,0.2,20,0.1,0.05,0.05,4,36,f003f98cc27a3e6828c561e38d9bbb4b7c818292ab964eac0d36dd96727e4d50,,13.262730710208416
D1_global_hybrid_medium,0,3,784,705,79,87,119,0.8390804597701149,0.8372216330858961,0.9072110286320255,0.8250000000000001,0.8048780487804879,0.8695652173913043,0.27251094579696655,0.06109514459967613,0.21141579747200012,0.08908046782016754,0.234817773103714,0.9425287356321839,nan,nan,nan,nan,nan,nan,nan,nan,nan,nan,nan,nan,0.1499805897474289,0.5390554070472717,0.0,0.0,0.0,global,hybrid,0.2,20,0.1,0.05,0.05,4,36,8979a74112f517dee08f45fbdf8772a1a8ede570d75b76c128f52d0b4ac072ab,,14.561353504657745
D1_global_hybrid_medium,0,4,784,705,79,87,141,0.896551724137931,0.8930851063829788,0.9468085106382979,0.8831168831168831,0.85,0.9361702127659575,0.5039376616477966,0.19830068945884705,0.3056369721889496,0.11877395957708359,0.17187032103538513,0.9568965517241379,nan,nan,nan,nan,nan,nan,nan,nan,nan,nan,nan,nan,0.12770512700080872,0.5038921236991882,-0.0,-0.0,-0.0,global,hybrid,0.2,20,0.1,0.05,0.05,4,36,9549f02031535027047776dac434feb5fa74b793c6cce5e33d9bc6f39deaaa9f,,15.878818098455667
D1_global_hybrid_medium,0,5,784,705,79,87,81,0.8735632183908046,0.8662234042553192,0.9404255319148936,0.8493150684931509,0.775,0.9574468085106383,0.23261776566505432,0.08723583817481995,0.14538192749023438,0.07471264898777008,0.2549326419830322,0.9109195402298851,nan,nan,nan,nan,nan,nan,nan,nan,nan,nan,nan,nan,0.24876026809215546,0.5656298398971558,0.0,0.0,0.0,global,hybrid,0.2,20,0.1,0.05,0.05,4,36,b92c8250915627f5ee62ede91bf80c4a32d2261d06aa80e60845df6155a1045e,,11.39201258122921
D1_global_hybrid_medium,0,6,784,705,79,87,134,0.9310344827586207,0.9287234042553192,0.9702127659574468,0.9230769230769231,0.9,0.9574468085106383,0.40931272506713867,0.14334586262702942,0.26596686244010925,0.11590038239955902,0.2111213505268097,0.9511494252873564,nan,nan,nan,nan,nan,nan,nan,nan,nan,nan,nan,nan,0.2001952826976776,0.5186077356338501,0.0,0.0,0.0,global,hybrid,0.2,20,0.1,0.05,0.05,4,36,5cfbbf6ec0faf5cf1723b7c33c6fd766f8364f753fc36333259cc4aada3c4390,,15.712773337960243
D1_global_hybrid_medium,0,7,784,705,79,87,98,0.9080459770114943,0.9111702127659574,0.9691489361702128,0.9047619047619048,0.95,0.8723404255319149,0.23480796813964844,0.06109435483813286,0.17371360957622528,0.0833333358168602,0.25506967306137085,0.9137931034482759,nan,nan,nan,nan,nan,nan,nan,nan,nan,nan,nan,nan,0.1786331683397293,0.5522359609603882,0.0,0.0,0.0,global,hybrid,0.2,20,0.1,0.05,0.05,4,36,2546b0018f0222ddd68b1ec3f179956fd740ffcff9ec2a69e1601f4337cbec49,,12.541590575128794
D1_global_hybrid_medium,0,8,784,705,79,87,122,0.9540229885057471,0.9555851063829788,0.9952127659574468,0.951219512195122,0.975,0.9361702127659575,0.3143017292022705,0.07605955004692078,0.23824217915534973,0.12931035459041595,0.23822371661663055,0.9568965517241379,nan,nan,nan,nan,nan,nan,nan,nan,nan,nan,nan,nan,0.15146714448928833,0.5320916175842285,-0.0,-0.0,-0.0,global,hybrid,0.2,20,0.1,0.05,0.05,4,36,54e7c40772cc65327664f24b621cab0e2706987043049273f2f94ffac594b2c9,,15.329939629882574
D1_global_hybrid_medium,0,9,784,705,79,87,116,0.6666666666666666,0.6542553191489362,0.6856382978723404,0.5797101449275363,0.5,0.8085106382978723,0.30332309007644653,0.059511832892894745,0.2438112497329712,0.11685824394226074,0.20087824761867523,0.9022988505747126,nan,nan,nan,nan,nan,nan,nan,nan,nan,nan,nan,nan,0.11005569994449615,0.5357451438903809,0.0,0.0,0.0,global,hybrid,0.2,20,0.1,0.05,0.05,4,36,a2de616feb34163b8bfaf07f7f8c021f11b3a1d097a8fe0ba51769d8497c6116,,14.676937222480774
D1_global_hybrid_medium,0,10,784,705,79,87,122,0.6896551724137931,0.6885638297872341,0.698936170212766,0.6666666666666667,0.675,0.7021276595744681,0.34074974060058594,0.07417278736829758,0.26657694578170776,0.13026820123195648,0.16619232296943665,0.882183908045977,nan,nan,nan,nan,nan,nan,nan,nan,nan,nan,nan,nan,0.098370760679245,0.5213162899017334,-0.0,-0.0,-0.0,global,hybrid,0.2,20,0.1,0.05,0.05,4,36,c8bba363687655e5be05b1a6541eb5d8c1b13b43652b18f6129308bd60d66a3f,,14.719400379806757
D1_global_hybrid_medium,1,1,783,704,79,88,88,0.875,0.8736377789309808,0.9590036325895174,0.8641975308641976,0.8536585365853658,0.8936170212765957,0.1933978796005249,0.06150960177183151,0.1318882703781128,0.07102273404598236,0.278958261013031,0.9346590909090909,nan,nan,nan,nan,nan,nan,nan,nan,nan,nan,nan,nan,0.18326303362846375,0.5675123929977417,0.0,0.0,0.0,global,hybrid,0.2,20,0.1,0.05,0.05,4,36,2920d1a2d1c5d32a82a360b076199906c5b1dcce2976f609794a649b4f24b965,,16.09061597660184
D1_global_hybrid_medium,1,2,784,705,79,87,99,0.9310344827586207,0.9308059384941676,0.9597030752916225,0.926829268292683,0.926829268292683,0.9347826086956522,0.2830736041069031,0.08663024753332138,0.1964433491230011,0.09961685538291931,0.21775755286216736,0.8793103448275862,nan,nan,nan,nan,nan,nan,nan,nan,nan,nan,nan,nan,0.17677654325962067,0.5255665183067322,-0.0,-0.0,-0.0,global,hybrid,0.2,20,0.1,0.05,0.05,4,36,d87e777eb4acacb566e3401489a14a386d3aabd27f8fc352f20d7f53ec110480,,13.361305993050337
D1_global_hybrid_medium,1,3,784,705,79,87,74,0.7471264367816092,0.7370095440084836,0.8308589607635207,0.6764705882352942,0.5609756097560976,0.9130434782608695,0.14507287740707397,0.026555439457297325,0.1185174360871315,0.0555555522441864,0.26574039459228516,0.9137931034482759,nan,nan,nan,nan,nan,nan,nan,nan,nan,nan,nan,nan,0.3869611918926239,0.591740608215332,0.0,0.0,0.0,global,hybrid,0.2,20,0.1,0.05,0.05,4,36,a39abe9c53b052d6f3f56b557b329f8023b72c008a3e9b97c8deba8d1d93732e,,11.281668070703745
D1_global_hybrid_medium,1,4,784,705,79,87,127,0.8390804597701149,0.8343085106382979,0.8936170212765957,0.8157894736842106,0.775,0.8936170212765957,0.37007665634155273,0.08129148185253143,0.2887851595878601,0.11973179876804352,0.18340568244457245,0.9339080459770115,nan,nan,nan,nan,nan,nan,nan,nan,nan,nan,nan,nan,0.118111751973629,0.5169925689697266,0.0,0.0,0.0,global,hybrid,0.2,20,0.1,0.05,0.05,4,36,b485be0551cbc95ccd356c83160655cba129d0a3a6a69a369bd06596b521245f,,15.55297251790762
D1_global_hybrid_medium,1,5,784,705,79,87,124,0.8850574712643678,0.8805851063829787,0.9420212765957447,0.8684210526315789,0.825,0.9361702127659575,0.24036435782909393,0.0775187760591507,0.16284558176994324,0.07854406535625458,0.27967268228530884,0.896551724137931,nan,nan,nan,nan,nan,nan,nan,nan,nan,nan,nan,nan,0.2531355023384094,0.5793474912643433,-0.0,-0.0,-0.0,global,hybrid,0.2,20,0.1,0.05,0.05,4,36,e2a03015f22672fbfe6b490e40234b1e7f587ead3b1c50554317d3fa2c6cac6f,,15.661398246884346
D1_global_hybrid_medium,1,6,784,705,79,87,134,0.8735632183908046,0.8662234042553192,0.877127659574468,0.8493150684931509,0.775,0.9574468085106383,0.4905152916908264,0.14340947568416595,0.34710580110549927,0.11973180621862411,0.1580878049135208,0.9396551724137931,nan,nan,nan,nan,nan,nan,nan,nan,nan,nan,nan,nan,0.09925463795661926,0.49513500928878784,-0.0,-0.0,-0.0,global,hybrid,0.2,20,0.1,0.05,0.05,4,36,ae65aacaa3b22a903bdfa6ab00e808767c668437e4d548a41d620be1c9aa421c,,16.705901991575956
D1_global_hybrid_medium,1,7,784,705,79,87,112,0.8390804597701149,0.8380319148936171,0.9180851063829787,0.825,0.825,0.851063829787234,0.28359559178352356,0.0688561350107193,0.21473945677280426,0.1149425357580185,0.20421618223190308,0.9051724137931034,nan,nan,nan,nan,nan,nan,nan,nan,nan,nan,nan,nan,0.12196321785449982,0.5269081592559814,0.0,0.0,0.0,global,hybrid,0.2,20,0.1,0.05,0.05,4,36,815265503b867ad67c643fea5c5dfbd1ab865ef2e2319f72987c75c5950a98c5,,14.4922980889678
D1_global_hybrid_medium,1,8,784,705,79,87,138,0.7701149425287356,0.7686170212765957,0.8893617021276595,0.75,0.75,0.7872340425531915,0.2038213014602661,0.035537734627723694,0.16828356683254242,0.07662835717201233,0.29781830310821533,0.9252873563218391,nan,nan,nan,nan,nan,nan,nan,nan,nan,nan,nan,nan,0.4163379669189453,0.6042222380638123,0.0,0.0,0.0,global,hybrid,0.2,20,0.1,0.05,0.05,4,36,8a717934c7cf6ca8e3eec31d50c84541b5e893560d90247c66bac6c72122f49e,,16.560215786099434
D1_global_hybrid_medium,1,9,784,705,79,87,122,0.8620689655172413,0.8648936170212767,0.8888297872340426,0.8571428571428572,0.9,0.8297872340425532,0.33073392510414124,0.12258154153823853,0.2081523835659027,0.1149425357580185,0.2282140702009201,0.9367816091954023,nan,nan,nan,nan,nan,nan,nan,nan,nan,nan,nan,nan,0.19022294878959656,0.5388095378875732,0.0,0.0,0.0,global,hybrid,0.2,20,0.1,0.05,0.05,4,36,942a80462f98f4d3fce30586297cf4f23cc81e179440c5f9deff9cdec55920d7,,15.914312224835157
D1_global_hybrid_medium,1,10,784,705,79,87,131,0.8505747126436781,0.8486702127659574,0.8898936170212766,0.8354430379746836,0.825,0.8723404255319149,0.3930912911891937,0.07245665788650513,0.3206346333026886,0.10153257101774216,0.17128750681877136,0.9310344827586207,nan,nan,nan,nan,nan,nan,nan,nan,nan,nan,nan,nan,0.10137931257486343,0.5066648721694946,0.0,0.0,0.0,global,hybrid,0.2,20,0.1,0.05,0.05,4,36,7b41f8ad7fcd078fb431f5a63fceae479f9e83add43115f2b2ef617b3b7b76f8,,16.096213426440954
D1_global_hybrid_medium,2,1,783,704,79,88,110,0.7045454545454546,0.7125064867669952,0.8443175921120913,0.723404255319149,0.8292682926829268,0.5957446808510638,0.28806638717651367,0.10654394328594208,0.1815224438905716,0.09375,0.2434319257736206,0.9005681818181818,nan,nan,nan,nan,nan,nan,nan,nan,nan,nan,nan,nan,0.2547817528247833,0.5605199933052063,-0.0,-0.0,-0.0,global,hybrid,0.2,20,0.1,0.05,0.05,4,36,3482fd1c35313837f9b4cdf339fe1875d374253e510d1b51c5562b21b7b7d154,,17.285018641501665
D1_global_hybrid_medium,2,2,784,705,79,87,135,0.8850574712643678,0.8833510074231177,0.968186638388123,0.875,0.8536585365853658,0.9130434782608695,0.3285186290740967,0.07771231234073639,0.2508063316345215,0.10632184147834778,0.21990680694580078,0.9511494252873564,nan,nan,nan,nan,nan,nan,nan,nan,nan,nan,nan,nan,0.24350789189338684,0.5331527590751648,-0.0,-0.0,-0.0,global,hybrid,0.2,20,0.1,0.05,0.05,4,36,86d25602768399e0a820f0f811f53a43edbccdf5b854970f742fb0148c040a1f,,16.041867159307003
D1_global_hybrid_medium,2,3,784,705,79,87,77,0.8045977011494253,0.7993107104984093,0.8838812301166489,0.7733333333333334,0.7073170731707317,0.8913043478260869,0.17949041724205017,0.029505085200071335,0.14998532831668854,0.08812260627746582,0.22925573587417603,0.8936781609195402,nan,nan,nan,nan,nan,nan,nan,nan,nan,nan,nan,nan,0.26231953501701355,0.5572832226753235,0.0,0.0,0.0,global,hybrid,0.2,20,0.1,0.05,0.05,4,36,2c2e7daeef8e34639d26c23063b040907966241b25debe7d461a57555717c118,,11.234966091811657
D1_global_hybrid_medium,2,4,784,705,79,87,107,0.8045977011494253,0.8117021276595745,0.8920212765957447,0.8089887640449438,0.9,0.723404255319149,0.3126988112926483,0.09649746119976044,0.21620135009288788,0.10919540375471115,0.22152261435985565,0.9051724137931034,nan,nan,nan,nan,nan,nan,nan,nan,nan,nan,nan,nan,0.23220673203468323,0.5413384437561035,-0.0,-0.0,-0.0,global,hybrid,0.2,20,0.1,0.05,0.05,4,36,320be97d97002b36843b5e50592ea8c23f65cda0282fda50516b2fb7e94a9368,,13.793073739856482
D1_global_hybrid_medium,2,5,784,705,79,87,85,0.8505747126436781,0.8393617021276596,0.8872340425531915,0.8115942028985508,0.7,0.9787234042553191,0.1987379640340805,0.020984632894396782,0.17775332927703857,0.10440613329410553,0.24102482199668884,0.8936781609195402,nan,nan,nan,nan,nan,nan,nan,nan,nan,nan,nan,nan,0.22253258526325226,0.5614156723022461,-0.0,-0.0,-0.0,global,hybrid,0.2,20,0.1,0.05,0.05,4,36,91de6c45307f97e22e3ef863f49ae5f8fff57887133da9b7525311e05d713bc0,,12.05022844672203
D1_global_hybrid_medium,2,6,784,705,79,87,141,0.8620689655172413,0.8611702127659575,0.8930851063829787,0.85,0.85,0.8723404255319149,0.3343059718608856,0.08772154152393341,0.2465844303369522,0.11206896603107452,0.20999091863632202,0.9540229885057471,nan,nan,nan,nan,nan,nan,nan,nan,nan,nan,nan,nan,0.17143069207668304,0.5333660840988159,0.0,0.0,0.0,global,hybrid,0.2,20,0.1,0.05,0.05,4,36,8f20a89b70c47182365eb5a759f595d3fc9899f41a8636ad9f33aceea655e915,,16.54657408222556
D1_global_hybrid_medium,2,7,784,705,79,87,130,0.8275862068965517,0.8162234042553191,0.9138297872340426,0.7826086956521738,0.675,0.9574468085106383,0.48010537028312683,0.1720481514930725,0.3080572187900543,0.12547892332077026,0.15363876521587372,0.9281609195402298,nan,nan,nan,nan,nan,nan,nan,nan,nan,nan,nan,nan,0.18194152414798737,0.48881083726882935,0.0,0.0,0.0,global,hybrid,0.2,20,0.1,0.05,0.05,4,36,513a510164e17f707c56364faab8ac18e09e92d52c2e3f633357ed178587da3e,,15.777877449989319
D1_global_hybrid_medium,2,8,784,705,79,87,101,0.8620689655172413,0.863031914893617,0.8835106382978722,0.8536585365853658,0.875,0.851063829787234,0.29423069953918457,0.07092632353305817,0.2233043760061264,0.08429118245840073,0.212674081325531,0.9022988505747126,nan,nan,nan,nan,nan,nan,nan,nan,nan,nan,nan,nan,0.19631709158420563,0.5319796204566956,-0.0,-0.0,-0.0,global,hybrid,0.2,20,0.1,0.05,0.05,4,36,f5768e86352919ec56daef6583c6054ddfd21302101d2730af6b18f4c64131bd,,13.204823113977909
D1_global_hybrid_medium,2,9,784,705,79,87,148,0.8850574712643678,0.8898936170212766,0.926063829787234,0.8837209302325583,0.95,0.8297872340425532,0.5121757388114929,0.12709717452526093,0.3850785493850708,0.13601534068584442,0.1494777798652649,0.9310344827586207,nan,nan,nan,nan,nan,nan,nan,nan,nan,nan,nan,nan,0.12393262982368469,0.48163262009620667,-0.0,-0.0,-0.0,global,hybrid,0.2,20,0.1,0.05,0.05,4,36,a3c0c70665a03089f4fa1c545436d7ed5c4711ef072cb91dfbc77166f317d27d,,16.841491255909204
D1_global_hybrid_medium,2,10,784,705,79,87,141,0.9195402298850575,0.9218085106382978,0.9611702127659575,0.9156626506024096,0.95,0.8936170212765957,0.4511716067790985,0.1464851051568985,0.3046864867210388,0.09386973828077316,0.20226240158081055,0.9540229885057471,nan,nan,nan,nan,nan,nan,nan,nan,nan,nan,nan,nan,0.12168978154659271,0.5071541666984558,0.0,0.0,0.0,global,hybrid,0.2,20,0.1,0.05,0.05,4,36,e0a138bc0f257ca51d594da75ff7155ba8d41dea39e8c8ab6b0fd67f862a9261,,16.027290392667055
D2_global_hybrid_strong,0,1,783,704,79,88,152,0.9090909090909091,0.9102231447846394,0.9652309289050338,0.9047619047619047,0.926829268292683,0.8936170212765957,0.5342723727226257,0.07209870964288712,0.4621736705303192,0.26231062412261963,0.10494288802146912,0.9630681818181818,nan,nan,nan,nan,nan,nan,nan,nan,nan,nan,nan,nan,0.13736771047115326,0.3805270493030548,0.0,0.0,0.0,global,hybrid,0.5,20,0.1,0.05,0.05,4,36,972f662c922f3f02355d79787c586293ea503c3c0736d55ac815c57e920a5b22,,22.29437592998147
D2_global_hybrid_strong,0,2,784,705,79,87,126,0.8620689655172413,0.8616118769883351,0.9316012725344645,0.8536585365853658,0.8536585365853658,0.8695652173913043,0.47814926505088806,0.05395927280187607,0.4241899847984314,0.25,0.11686369776725769,0.9482758620689655,nan,nan,nan,nan,nan,nan,nan,nan,nan,nan,nan,nan,0.15091292560100555,0.3986087441444397,-0.0,-0.0,-0.0,global,hybrid,0.5,20,0.1,0.05,0.05,4,36,f003f98cc27a3e6828c561e38d9bbb4b7c818292ab964eac0d36dd96727e4d50,,16.07310439273715
D2_global_hybrid_strong,0,3,784,705,79,87,119,0.8620689655172413,0.8616118769883351,0.9284199363732768,0.8536585365853658,0.8536585365853658,0.8695652173913043,0.4589933753013611,0.07017895579338074,0.38881441950798035,0.22413794696331024,0.12016459554433823,0.9770114942528736,nan,nan,nan,nan,nan,nan,nan,nan,nan,nan,nan,nan,0.12917719781398773,0.3987090289592743,0.0,0.0,0.0,global,hybrid,0.5,20,0.1,0.05,0.05,4,36,8979a74112f517dee08f45fbdf8772a1a8ede570d75b76c128f52d0b4ac072ab,,15.51957617327571
D2_global_hybrid_strong,0,4,784,705,79,87,133,0.9080459770114943,0.9037234042553192,0.9638297872340426,0.8947368421052632,0.85,0.9574468085106383,0.5006764531135559,0.09363856911659241,0.4070378839969635,0.23180076479911804,0.14174357056617737,0.9597701149425287,nan,nan,nan,nan,nan,nan,nan,nan,nan,nan,nan,nan,0.1965877115726471,0.412759929895401,-0.0,-0.0,-0.0,global,hybrid,0.5,20,0.1,0.05,0.05,4,36,9549f02031535027047776dac434feb5fa74b793c6cce5e33d9bc6f39deaaa9f,,16.513069543987513
D2_global_hybrid_strong,0,5,784,705,79,87,123,0.8850574712643678,0.8768617021276596,0.9382978723404255,0.8611111111111113,0.775,0.9787234042553191,0.45904478430747986,0.07934360206127167,0.3797011971473694,0.2385057508945465,0.1300603598356247,0.9425287356321839,nan,nan,nan,nan,nan,nan,nan,nan,nan,nan,nan,nan,0.14003317058086395,0.41524237394332886,0.0,0.0,0.0,global,hybrid,0.5,20,0.1,0.05,0.05,4,36,b92c8250915627f5ee62ede91bf80c4a32d2261d06aa80e60845df6155a1045e,,15.466211255639791
D2_global_hybrid_strong,0,6,784,705,79,87,130,0.9195402298850575,0.9162234042553192,0.9473404255319149,0.9090909090909091,0.875,0.9574468085106383,0.5737669467926025,0.10558910667896271,0.468177855014801,0.32279694080352783,0.10363563150167465,0.9827586206896551,nan,nan,nan,nan,nan,nan,nan,nan,nan,nan,nan,nan,0.20428067445755005,0.3796389698982239,0.0,0.0,0.0,global,hybrid,0.5,20,0.1,0.05,0.05,4,36,5cfbbf6ec0faf5cf1723b7c33c6fd766f8364f753fc36333259cc4aada3c4390,,16.02338597178459
D2_global_hybrid_strong,0,7,784,705,79,87,89,0.9080459770114943,0.9111702127659574,0.9627659574468084,0.9047619047619048,0.95,0.8723404255319149,0.36728256940841675,0.06088139861822128,0.30640116333961487,0.1781609058380127,0.1769646406173706,0.8908045977011494,nan,nan,nan,nan,nan,nan,nan,nan,nan,nan,nan,nan,0.2232593297958374,0.45689526200294495,0.0,0.0,0.0,global,hybrid,0.5,20,0.1,0.05,0.05,4,36,2546b0018f0222ddd68b1ec3f179956fd740ffcff9ec2a69e1601f4337cbec49,,12.781539864838123
D2_global_hybrid_strong,0,8,784,705,79,87,114,0.9425287356321839,0.9449468085106383,0.9925531914893617,0.9397590361445783,0.975,0.9148936170212766,0.402130126953125,0.045855067670345306,0.3562750518321991,0.229885071516037,0.1469479203224182,0.9712643678160919,nan,nan,nan,nan,nan,nan,nan,nan,nan,nan,nan,nan,0.17828816175460815,0.4222014844417572,0.0,0.0,0.0,global,hybrid,0.5,20,0.1,0.05,0.05,4,36,54e7c40772cc65327664f24b621cab0e2706987043049273f2f94ffac594b2c9,,14.961959082633257
D2_global_hybrid_strong,0,9,784,705,79,87,88,0.7011494252873564,0.6917553191489361,0.6898936170212766,0.6388888888888888,0.575,0.8085106382978723,0.36768028140068054,0.06152385473251343,0.3061564266681671,0.19636015594005585,0.1260630339384079,0.8994252873563219,nan,nan,nan,nan,nan,nan,nan,nan,nan,nan,nan,nan,0.14986246824264526,0.44076740741729736,-0.0,-0.0,-0.0,global,hybrid,0.5,20,0.1,0.05,0.05,4,36,a2de616feb34163b8bfaf07f7f8c021f11b3a1d097a8fe0ba51769d8497c6116,,12.420036617666483
D2_global_hybrid_strong,0,10,784,705,79,87,108,0.7126436781609196,0.7079787234042554,0.7319148936170212,0.6753246753246753,0.65,0.7659574468085106,0.39771804213523865,0.0792304277420044,0.31848761439323425,0.21743294596672058,0.1498241424560547,0.9080459770114943,nan,nan,nan,nan,nan,nan,nan,nan,nan,nan,nan,nan,0.1682618409395218,0.45031750202178955,-0.0,-0.0,-0.0,global,hybrid,0.5,20,0.1,0.05,0.05,4,36,c8bba363687655e5be05b1a6541eb5d8c1b13b43652b18f6129308bd60d66a3f,,13.689681619405746
D2_global_hybrid_strong,1,1,783,704,79,88,134,0.875,0.8705241307732227,0.9387649195640894,0.8571428571428571,0.8048780487804879,0.9361702127659575,0.4937478005886078,0.14336925745010376,0.35037854313850403,0.2083333432674408,0.14466504752635956,0.9744318181818182,nan,nan,nan,nan,nan,nan,nan,nan,nan,nan,nan,nan,0.1485271006822586,0.414809912443161,-0.0,-0.0,-0.0,global,hybrid,0.5,20,0.1,0.05,0.05,4,36,2920d1a2d1c5d32a82a360b076199906c5b1dcce2976f609794a649b4f24b965,,20.79984138906002
D2_global_hybrid_strong,1,2,784,705,79,87,160,0.9310344827586207,0.9294803817603394,0.9787910922587487,0.9249999999999999,0.9024390243902439,0.9565217391304348,0.6074844598770142,0.15150803327560425,0.4559764266014099,0.3170498013496399,0.12459166347980499,0.9683908045977011,nan,nan,nan,nan,nan,nan,nan,nan,nan,nan,nan,nan,0.19038911163806915,0.39352157711982727,-0.0,-0.0,-0.0,global,hybrid,0.5,20,0.1,0.05,0.05,4,36,d87e777eb4acacb566e3401489a14a386d3aabd27f8fc352f20d7f53ec110480,,19.24009919166565
D2_global_hybrid_strong,1,3,784,705,79,87,97,0.8275862068965517,0.8210498409331919,0.8685047720042419,0.7945205479452054,0.7073170731707317,0.9347826086956522,0.36957645416259766,0.03896224498748779,0.33061420917510986,0.20114943385124207,0.13300222158432007,0.9396551724137931,nan,nan,nan,nan,nan,nan,nan,nan,nan,nan,nan,nan,0.179386705160141,0.4310063421726227,0.0,0.0,0.0,global,hybrid,0.5,20,0.1,0.05,0.05,4,36,a39abe9c53b052d6f3f56b557b329f8023b72c008a3e9b97c8deba8d1d93732e,,13.139993783086538
D2_global_hybrid_strong,1,4,784,705,79,87,115,0.8390804597701149,0.8343085106382979,0.9191489361702128,0.8157894736842106,0.775,0.8936170212765957,0.40700554847717285,0.05009486526250839,0.35691067576408386,0.20977012813091278,0.1530580371618271,0.9511494252873564,nan,nan,nan,nan,nan,nan,nan,nan,nan,nan,nan,nan,0.21167249977588654,0.44019508361816406,0.0,0.0,0.0,global,hybrid,0.5,20,0.1,0.05,0.05,4,36,b485be0551cbc95ccd356c83160655cba129d0a3a6a69a369bd06596b521245f,,15.348832804709673
D2_global_hybrid_strong,1,5,784,705,79,87,130,0.7701149425287356,0.7816489361702128,0.8936170212765957,0.7872340425531915,0.925,0.6382978723404256,0.4656641483306885,0.17044198513031006,0.2952221632003784,0.1503831446170807,0.1775321215391159,0.9741379310344828,nan,nan,nan,nan,nan,nan,nan,nan,nan,nan,nan,nan,0.4560331106185913,0.4685089588165283,0.0,0.0,0.0,global,hybrid,0.5,20,0.1,0.05,0.05,4,36,e2a03015f22672fbfe6b490e40234b1e7f587ead3b1c50554317d3fa2c6cac6f,,16.844860203564167
D2_global_hybrid_strong,1,6,784,705,79,87,154,0.8160919540229885,0.8037234042553192,0.8659574468085106,0.7647058823529412,0.65,0.9574468085106383,0.5971254706382751,0.19783274829387665,0.3992927074432373,0.199233740568161,0.11657165735960007,0.8936781609195402,nan,nan,nan,nan,nan,nan,nan,nan,nan,nan,nan,nan,0.19576002657413483,0.43246009945869446,-0.0,-0.0,-0.0,global,hybrid,0.5,20,0.1,0.05,0.05,4,36,ae65aacaa3b22a903bdfa6ab00e808767c668437e4d548a41d620be1c9aa421c,,18.612543918192387
D2_global_hybrid_strong,1,7,784,705,79,87,99,0.8275862068965517,0.8255319148936171,0.9324468085106383,0.810126582278481,0.8,0.851063829787234,0.3543677031993866,0.04617878422141075,0.30818891525268555,0.17337165772914886,0.14688627421855927,0.9166666666666666,nan,nan,nan,nan,nan,nan,nan,nan,nan,nan,nan,nan,0.1326885223388672,0.44048169255256653,0.0,0.0,0.0,global,hybrid,0.5,20,0.1,0.05,0.05,4,36,815265503b867ad67c643fea5c5dfbd1ab865ef2e2319f72987c75c5950a98c5,,13.880138453096151
D2_global_hybrid_strong,1,8,784,705,79,87,122,0.8275862068965517,0.8236702127659574,0.8893617021276595,0.8051948051948051,0.775,0.8723404255319149,0.4098554253578186,0.10551498830318451,0.3043404221534729,0.1867816150188446,0.17480884492397308,0.9655172413793104,nan,nan,nan,nan,nan,nan,nan,nan,nan,nan,nan,nan,0.3397916555404663,0.47388023138046265,0.0,0.0,0.0,global,hybrid,0.5,20,0.1,0.05,0.05,4,36,8a717934c7cf6ca8e3eec31d50c84541b5e893560d90247c66bac6c72122f49e,,16.164459470659494
D2_global_hybrid_strong,1,9,784,705,79,87,78,0.8160919540229885,0.8055851063829788,0.8132978723404256,0.7714285714285714,0.675,0.9361702127659575,0.35090845823287964,0.08202417939901352,0.2688842713832855,0.1829501837491989,0.1353592872619629,0.9367816091954023,nan,nan,nan,nan,nan,nan,nan,nan,nan,nan,nan,nan,0.26006537675857544,0.4571989178657532,-0.0,-0.0,-0.0,global,hybrid,0.5,20,0.1,0.05,0.05,4,36,942a80462f98f4d3fce30586297cf4f23cc81e179440c5f9deff9cdec55920d7,,11.883684776723385
D2_global_hybrid_strong,1,10,784,705,79,87,147,0.8735632183908046,0.8736702127659575,0.9037234042553192,0.8641975308641976,0.875,0.8723404255319149,0.5695700645446777,0.09625522792339325,0.4733148217201233,0.31226056814193726,0.11107218265533447,0.9885057471264368,nan,nan,nan,nan,nan,nan,nan,nan,nan,nan,nan,nan,0.1344340294599533,0.3727831542491913,0.0,0.0,0.0,global,hybrid,0.5,20,0.1,0.05,0.05,4,36,7b41f8ad7fcd078fb431f5a63fceae479f9e83add43115f2b2ef617b3b7b76f8,,18.180575352162123
D2_global_hybrid_strong,2,1,783,704,79,88,99,0.7954545454545454,0.7960560456668397,0.866632070576025,0.7857142857142858,0.8048780487804879,0.7872340425531915,0.37241730093955994,0.02704041264951229,0.3453768789768219,0.20075759291648865,0.1297137439250946,0.9232954545454546,nan,nan,nan,nan,nan,nan,nan,nan,nan,nan,nan,nan,0.16749410331249237,0.4286305010318756,0.0,0.0,0.0,global,hybrid,0.5,20,0.1,0.05,0.05,4,36,3482fd1c35313837f9b4cdf339fe1875d374253e510d1b51c5562b21b7b7d154,,17.304452396929264
D2_global_hybrid_strong,2,2,784,705,79,87,115,0.9080459770114943,0.9077412513255567,0.9628844114528102,0.9024390243902439,0.9024390243902439,0.9130434782608695,0.4283684194087982,0.06428909301757812,0.3640793263912201,0.2145593762397766,0.12976586818695068,0.9425287356321839,nan,nan,nan,nan,nan,nan,nan,nan,nan,nan,nan,nan,0.1707664430141449,0.4234558641910553,-0.0,-0.0,-0.0,global,hybrid,0.5,20,0.1,0.05,0.05,4,36,86d25602768399e0a820f0f811f53a43edbccdf5b854970f742fb0148c040a1f,,15.05061998218298
D2_global_hybrid_strong,2,3,784,705,79,87,110,0.8160919540229885,0.8101802757158005,0.928950159066808,0.7837837837837839,0.7073170731707317,0.9130434782608695,0.402910053730011,0.03709760308265686,0.3658124506473541,0.22701148688793182,0.13611850142478943,0.9454022988505747,nan,nan,nan,nan,nan,nan,nan,nan,nan,nan,nan,nan,0.14904025197029114,0.41885608434677124,0.0,0.0,0.0,global,hybrid,0.5,20,0.1,0.05,0.05,4,36,2c2e7daeef8e34639d26c23063b040907966241b25debe7d461a57555717c118,,14.716201659291983
D2_global_hybrid_strong,2,4,784,705,79,87,91,0.8160919540229885,0.8148936170212766,0.8808510638297873,0.8000000000000002,0.8,0.8297872340425532,0.3222169280052185,0.0388481579720974,0.2833687663078308,0.19540230929851532,0.218509241938591,0.8764367816091954,nan,nan,nan,nan,nan,nan,nan,nan,nan,nan,nan,nan,0.31018051505088806,0.49559155106544495,0.0,0.0,0.0,global,hybrid,0.5,20,0.1,0.05,0.05,4,36,320be97d97002b36843b5e50592ea8c23f65cda0282fda50516b2fb7e94a9368,,12.838841211050749
D2_global_hybrid_strong,2,5,784,705,79,87,69,0.8505747126436781,0.8393617021276596,0.8861702127659574,0.8115942028985508,0.7,0.9787234042553191,0.32700401544570923,0.04642873629927635,0.2805752754211426,0.15325671434402466,0.15367183089256287,0.882183908045977,nan,nan,nan,nan,nan,nan,nan,nan,nan,nan,nan,nan,0.29377779364585876,0.46113818883895874,-0.0,-0.0,-0.0,global,hybrid,0.5,20,0.1,0.05,0.05,4,36,91de6c45307f97e22e3ef863f49ae5f8fff57887133da9b7525311e05d713bc0,,10.99883971363306
D2_global_hybrid_strong,2,6,784,705,79,87,123,0.8275862068965517,0.8218085106382979,0.9079787234042552,0.7999999999999999,0.75,0.8936170212765957,0.43552058935165405,0.10604433715343475,0.3294762372970581,0.21647509932518005,0.14424453675746918,0.9741379310344828,nan,nan,nan,nan,nan,nan,nan,nan,nan,nan,nan,nan,0.21526627242565155,0.42737308144569397,-0.0,-0.0,-0.0,global,hybrid,0.5,20,0.1,0.05,0.05,4,36,8f20a89b70c47182365eb5a759f595d3fc9899f41a8636ad9f33aceea655e915,,16.117896154522896
D2_global_hybrid_strong,2,7,784,705,79,87,99,0.8390804597701149,0.8287234042553191,0.9095744680851064,0.8,0.7,0.9574468085106383,0.3890666365623474,0.07104819267988205,0.31801843643188477,0.22318008542060852,0.14789524674415588,0.9281609195402298,nan,nan,nan,nan,nan,nan,nan,nan,nan,nan,nan,nan,0.34702610969543457,0.4338705539703369,-0.0,-0.0,-0.0,global,hybrid,0.5,20,0.1,0.05,0.05,4,36,513a510164e17f707c56364faab8ac18e09e92d52c2e3f633357ed178587da3e,,13.797691281884909
D2_global_hybrid_strong,2,8,784,705,79,87,99,0.8390804597701149,0.8417553191489362,0.8781914893617021,0.8333333333333334,0.875,0.8085106382978723,0.3879796266555786,0.03944673389196396,0.34853288531303406,0.1944444626569748,0.14252112805843353,0.9281609195402298,nan,nan,nan,nan,nan,nan,nan,nan,nan,nan,nan,nan,0.1732882410287857,0.42804908752441406,-0.0,-0.0,-0.0,global,hybrid,0.5,20,0.1,0.05,0.05,4,36,f5768e86352919ec56daef6583c6054ddfd21302101d2730af6b18f4c64131bd,,13.707669388502836
D2_global_hybrid_strong,2,9,784,705,79,87,121,0.8620689655172413,0.8667553191489361,0.9462765957446808,0.8604651162790697,0.925,0.8085106382978723,0.4016703963279724,0.03422008082270622,0.3674503266811371,0.23180076479911804,0.13151217997074127,0.9051724137931034,nan,nan,nan,nan,nan,nan,nan,nan,nan,nan,nan,nan,0.1658201515674591,0.40732890367507935,0.0,0.0,0.0,global,hybrid,0.5,20,0.1,0.05,0.05,4,36,a3c0c70665a03089f4fa1c545436d7ed5c4711ef072cb91dfbc77166f317d27d,,15.684957023710012
D2_global_hybrid_strong,2,10,784,705,79,87,123,0.896551724137931,0.8968085106382979,0.9675531914893617,0.888888888888889,0.9,0.8936170212765957,0.47623318433761597,0.08916465938091278,0.387068510055542,0.21934866905212402,0.13605409860610962,0.9683908045977011,nan,nan,nan,nan,nan,nan,nan,nan,nan,nan,nan,nan,0.16728098690509796,0.39797377586364746,-0.0,-0.0,-0.0,global,hybrid,0.5,20,0.1,0.05,0.05,4,36,e0a138bc0f257ca51d594da75ff7155ba8d41dea39e8c8ab6b0fd67f862a9261,,16.052063710987568
D3_shared_projector_strong,0,1,783,704,79,88,115,0.8863636363636364,0.8842760768033212,0.9439543331603528,0.875,0.8536585365853658,0.9148936170212766,0.1568310409784317,0.015532581135630608,0.14129845798015594,0.08617424964904785,0.2662210464477539,0.9318181818181818,0.7891470193862915,0.2769206762313843,0.5122263431549072,0.3077651560306549,0.05025041848421097,0.5482954545454546,nan,nan,0.7569242119789124,nan,nan,nan,0.18258647620677948,0.3441166877746582,-0.0,-0.0,-0.0,shared_only,hybrid,0.5,20,0.1,0.05,0.05,4,36,972f662c922f3f02355d79787c586293ea503c3c0736d55ac815c57e920a5b22,cb57464617e845de2f36ca68fa5ae3d3d9f8c9b6afce9556cf78cc31f7936766,19.97310398519039
D3_shared_projector_strong,0,2,784,705,79,87,111,0.8850574712643678,0.8793743372216332,0.9013785790031814,0.8648648648648648,0.7804878048780488,0.9782608695652174,0.10091152042150497,-0.003954353742301464,0.10486587136983871,0.05076628550887108,0.2875010669231415,0.9252873563218391,0.7925259470939636,0.2294817417860031,0.5630441904067993,0.31896552443504333,0.04703589901328087,0.5919540229885057,nan,nan,0.7868132591247559,nan,nan,nan,0.18201184272766113,0.3402346968650818,0.0,0.0,0.0,shared_only,hybrid,0.5,20,0.1,0.05,0.05,4,36,f003f98cc27a3e6828c561e38d9bbb4b7c818292ab964eac0d36dd96727e4d50,104f1dedd212e609a9d922c6b0bf4023a490cf4f7c2bec60450b2b54af2c0e60,14.822401508688927
D3_shared_projector_strong,0,3,784,705,79,87,118,0.8505747126436781,0.8494167550371156,0.908271474019088,0.8395061728395061,0.8292682926829268,0.8695652173913043,0.11141886562108994,0.004793640226125717,0.10662522912025452,0.051724135875701904,0.28673824667930603,0.8994252873563219,0.7348954677581787,0.2609853148460388,0.4739101529121399,0.2499999850988388,0.09258048981428146,0.5890804597701149,nan,nan,0.7179502248764038,nan,nan,nan,0.15524430572986603,0.37369126081466675,0.0,0.0,0.0,shared_only,hybrid,0.5,20,0.1,0.05,0.05,4,36,8979a74112f517dee08f45fbdf8772a1a8ede570d75b76c128f52d0b4ac072ab,5ff459d544b4c994d64a092a65ec8db012415e047fe5dfbe08bc758831b98b25,15.57851454243064
D3_shared_projector_strong,0,4,784,705,79,87,170,0.9080459770114943,0.9037234042553192,0.9632978723404255,0.8947368421052632,0.85,0.9574468085106383,0.19378696382045746,0.015605263411998749,0.1781817078590393,0.06609195470809937,0.3120432496070862,0.9252873563218391,0.7509815096855164,0.17550382018089294,0.5754777193069458,0.32279694080352783,0.05218280479311943,0.6580459770114943,nan,nan,0.8031753897666931,nan,nan,nan,0.15461894869804382,0.3294909596443176,-0.0,-0.0,-0.0,shared_only,hybrid,0.5,20,0.1,0.05,0.05,4,36,9549f02031535027047776dac434feb5fa74b793c6cce5e33d9bc6f39deaaa9f,509c19849d44177506c787dae1df273f4b7412b882695adec47a263848be83bf,20.198717061430216
D3_shared_projector_strong,0,5,784,705,79,87,98,0.8735632183908046,0.8643617021276595,0.9425531914893617,0.8450704225352113,0.75,0.9787234042553191,0.1663532704114914,0.06329719722270966,0.10305607318878174,0.0593869686126709,0.32976555824279785,0.9080459770114943,0.8433771133422852,0.4248407483100891,0.41853636503219604,0.21551725268363953,0.04858161136507988,0.6810344827586207,nan,nan,0.6952259540557861,nan,nan,nan,0.18511271476745605,0.3822890818119049,-0.0,-0.0,-0.0,shared_only,hybrid,0.5,20,0.1,0.05,0.05,4,36,b92c8250915627f5ee62ede91bf80c4a32d2261d06aa80e60845df6155a1045e,7ecc020d01023e43a739df2eddfdf2c7026c697086eccf4c4cc43ae97de365c6,12.992740336805582
D3_shared_projector_strong,0,6,784,705,79,87,87,0.9195402298850575,0.9180851063829787,0.9617021276595744,0.9113924050632911,0.9,0.9361702127659575,0.12722650170326233,0.0065596140921115875,0.12066689133644104,0.06034482643008232,0.28373363614082336,0.9310344827586207,0.7903488874435425,0.3334415853023529,0.4569073021411896,0.21647509932518005,0.08962210267782211,0.6954022988505747,nan,nan,0.7251750826835632,nan,nan,nan,0.23713015019893646,0.40013718605041504,-0.0,-0.0,-0.0,shared_only,hybrid,0.5,20,0.1,0.05,0.05,4,36,5cfbbf6ec0faf5cf1723b7c33c6fd766f8364f753fc36333259cc4aada3c4390,b11d5c9dfed187731509ee9f4fe901eed6ad25f3764abae2b4f77bb8c3ba5b7f,12.806251093745232
D3_shared_projector_strong,0,7,784,705,79,87,81,0.9080459770114943,0.9111702127659574,0.9648936170212766,0.9047619047619048,0.95,0.8723404255319149,0.12632068991661072,0.02512594684958458,0.10119473934173584,0.059386976063251495,0.28101468086242676,0.8764367816091954,0.8312195539474487,0.3895902633666992,0.4416292905807495,0.2385057657957077,0.05842802673578262,0.5545977011494253,nan,nan,0.7112945318222046,nan,nan,nan,0.20693908631801605,0.38239365816116333,0.0,0.0,0.0,shared_only,hybrid,0.5,20,0.1,0.05,0.05,4,36,2546b0018f0222ddd68b1ec3f179956fd740ffcff9ec2a69e1601f4337cbec49,22a637d55b85c86f063f1e0378398a9c9e14c444e2385cb5c8d129f5dbaf5834,12.180533226579428
D3_shared_projector_strong,0,8,784,705,79,87,106,0.9540229885057471,0.9574468085106382,0.9957446808510638,0.9523809523809523,1.0,0.9148936170212766,0.1014040932059288,0.013536951504647732,0.0878671407699585,0.05268199369311333,0.32078588008880615,0.9511494252873564,0.7674585580825806,0.2657179832458496,0.501740574836731,0.24521073698997498,0.06071363389492035,0.6063218390804598,nan,nan,0.7676887512207031,nan,nan,nan,0.16458924114704132,0.3698413372039795,0.0,0.0,0.0,shared_only,hybrid,0.5,20,0.1,0.05,0.05,4,36,54e7c40772cc65327664f24b621cab0e2706987043049273f2f94ffac594b2c9,320a6b01ceadf3f5c387210a21d1b12a4fa046e9ade412585b2787983a0988d8,14.241195566952229
D3_shared_projector_strong,0,9,784,705,79,87,136,0.6551724137931034,0.6473404255319148,0.6691489361702128,0.5945945945945946,0.55,0.7446808510638298,0.21205106377601624,0.046181000769138336,0.1658700704574585,0.09961685538291931,0.2576666474342346,0.9166666666666666,0.8227965831756592,0.24684417247772217,0.575952410697937,0.3994252681732178,0.040491219609975815,0.5488505747126436,nan,nan,0.7742438912391663,nan,nan,nan,0.10267491638660431,0.31567126512527466,0.0,0.0,0.0,shared_only,hybrid,0.5,20,0.1,0.05,0.05,4,36,a2de616feb34163b8bfaf07f7f8c021f11b3a1d097a8fe0ba51769d8497c6116,4786e123cab6fc1d3d304f372a3b8199b363cf815d653b83aae26825d4a37aad,17.543447475880384
D3_shared_projector_strong,0,10,784,705,79,87,112,0.6896551724137931,0.6904255319148935,0.726595744680851,0.674698795180723,0.7,0.6808510638297872,0.12973952293395996,0.018070466816425323,0.11166905611753464,0.056513410061597824,0.29724177718162537,0.8908045977011494,0.7248727679252625,0.22341112792491913,0.5014616250991821,0.23371648788452148,0.09498044848442078,0.5632183908045977,nan,nan,0.7468407154083252,nan,nan,nan,0.11633629351854324,0.3957170248031616,0.0,0.0,0.0,shared_only,hybrid,0.5,20,0.1,0.05,0.05,4,36,c8bba363687655e5be05b1a6541eb5d8c1b13b43652b18f6129308bd60d66a3f,a62fd95f46cac82b4ce0bea8414374c171fe4d69e4650236b0cc47728c672e1e,15.006428096443415
D3_shared_projector_strong,1,1,783,704,79,88,110,0.875,0.8720809548521017,0.9704203425012974,0.860759493670886,0.8292682926829268,0.9148936170212766,0.11871492862701416,0.01566699519753456,0.1030479371547699,0.058712124824523926,0.3075088560581207,0.9460227272727273,0.7550508379936218,0.2659176290035248,0.48913320899009705,0.2774621248245239,0.08631720393896103,0.6960227272727273,nan,nan,0.7493753433227539,nan,nan,nan,0.1784970462322235,0.3588831126689911,0.0,0.0,0.0,shared_only,hybrid,0.5,20,0.1,0.05,0.05,4,36,2920d1a2d1c5d32a82a360b076199906c5b1dcce2976f609794a649b4f24b965,b1385392aa3ac534f43bb085860847e16e636e26f8c555ee6bf757cddabe0225,19.14362270757556
D3_shared_projector_strong,1,2,784,705,79,87,130,0.9310344827586207,0.9308059384941676,0.9750795334040296,0.926829268292683,0.926829268292683,0.9347826086956522,0.18316608667373657,0.045729439705610275,0.137436643242836,0.10536398738622665,0.32551470398902893,0.9482758620689655,0.7647292017936707,0.22457411885261536,0.5401550531387329,0.23371648788452148,0.059032902121543884,0.6954022988505747,nan,nan,0.7689201831817627,nan,nan,nan,0.26159974932670593,0.36498770117759705,-0.0,-0.0,-0.0,shared_only,hybrid,0.5,20,0.1,0.05,0.05,4,36,d87e777eb4acacb566e3401489a14a386d3aabd27f8fc352f20d7f53ec110480,07e319a928d613c2087023eecde5d07d9a1c94903453366efd5534eb4ab61950,16.785267550498247
D3_shared_projector_strong,1,3,784,705,79,87,75,0.735632183908046,0.7248144220572641,0.8176033934252386,0.6567164179104478,0.5365853658536586,0.9130434782608695,0.16296520829200745,0.07029068470001221,0.09267452359199524,0.05842912197113037,0.2419915795326233,0.9166666666666666,0.7973553538322449,0.42910540103912354,0.36824995279312134,0.24521073698997498,0.08266693353652954,0.6350574712643678,nan,nan,0.6729795336723328,nan,nan,nan,0.39115044474601746,0.41290590167045593,0.0,0.0,0.0,shared_only,hybrid,0.5,20,0.1,0.05,0.05,4,36,a39abe9c53b052d6f3f56b557b329f8023b72c008a3e9b97c8deba8d1d93732e,5f2fbd3a833e55b6b58d116d0276af7b6c31a6516f842a007253a706539d3875,11.70603198185563
D3_shared_projector_strong,1,4,784,705,79,87,172,0.8390804597701149,0.8343085106382979,0.8925531914893619,0.8157894736842106,0.775,0.8936170212765957,0.2678234577178955,0.005284195765852928,0.262539267539978,0.11206897348165512,0.29464730620384216,0.9511494252873564,0.8209260702133179,0.2759314775466919,0.544994592666626,0.3582375645637512,0.03643682226538658,0.6408045977011494,nan,nan,0.7769925594329834,nan,nan,nan,0.1409740447998047,0.31795287132263184,-0.0,-0.0,-0.0,shared_only,hybrid,0.5,20,0.1,0.05,0.05,4,36,b485be0551cbc95ccd356c83160655cba129d0a3a6a69a369bd06596b521245f,506b0eacc412a6ed9661f284505bd998ffc505d26b35cd9db576757e2718d014,20.417030557990074
D3_shared_projector_strong,1,5,784,705,79,87,101,0.8505747126436781,0.8468085106382979,0.925531914893617,0.8311688311688312,0.8,0.8936170212765957,0.15977780520915985,0.04316781461238861,0.11660999059677124,0.06992337107658386,0.29250526428222656,0.8908045977011494,0.773932158946991,0.285719633102417,0.488212525844574,0.29501914978027344,0.0660833865404129,0.617816091954023,nan,nan,0.7519888281822205,nan,nan,nan,0.22960498929023743,0.36539119482040405,-0.0,-0.0,-0.0,shared_only,hybrid,0.5,20,0.1,0.05,0.05,4,36,e2a03015f22672fbfe6b490e40234b1e7f587ead3b1c50554317d3fa2c6cac6f,77e4ce81cf22a7b3381a07394b972fec1233a4d1b4b57ed560fc2af75531c4a6,13.130886662751436
D3_shared_projector_strong,1,6,784,705,79,87,125,0.8505747126436781,0.8412234042553192,0.8835106382978724,0.8169014084507041,0.725,0.9574468085106383,0.1879616379737854,0.03026299737393856,0.1576986461877823,0.0756705030798912,0.30693286657333374,0.9511494252873564,0.8104801177978516,0.2773909866809845,0.5330891609191895,0.3055555820465088,0.04043051600456238,0.6724137931034483,nan,nan,0.7937384843826294,nan,nan,nan,0.17063091695308685,0.3422546088695526,-0.0,-0.0,-0.0,shared_only,hybrid,0.5,20,0.1,0.05,0.05,4,36,ae65aacaa3b22a903bdfa6ab00e808767c668437e4d548a41d620be1c9aa421c,7ff0c827a399555b85dbd7d6c2ba5421b57ec0865e645f4fe54f9bd322cc4f40,15.341014008969069
D3_shared_projector_strong,1,7,784,705,79,87,98,0.8275862068965517,0.8273936170212766,0.926595744680851,0.8148148148148149,0.825,0.8297872340425532,0.08153657615184784,-0.011518405750393867,0.09305498003959656,0.049808427691459656,0.29949048161506653,0.9310344827586207,0.79066002368927,0.3346945643424988,0.45596545934677124,0.23754790425300598,0.05293818935751915,0.5804597701149425,nan,nan,0.7567639946937561,nan,nan,nan,0.1286853700876236,0.3548230826854706,0.0,0.0,0.0,shared_only,hybrid,0.5,20,0.1,0.05,0.05,4,36,815265503b867ad67c643fea5c5dfbd1ab865ef2e2319f72987c75c5950a98c5,fd82ec906a00e64b9f9bf65b24f377d474d2ff27b5b8d465201ae481d29358b0,12.802060913294554
D3_shared_projector_strong,1,8,784,705,79,87,152,0.8390804597701149,0.8380319148936171,0.8712765957446807,0.825,0.825,0.851063829787234,0.22326382994651794,-0.0029727937653660774,0.22623662650585175,0.11302682012319565,0.2355828583240509,0.9396551724137931,0.8017945289611816,0.2691899538040161,0.5326045751571655,0.3132184147834778,0.04977070540189743,0.5804597701149425,nan,nan,0.7751944661140442,nan,nan,nan,0.10095914453268051,0.34872254729270935,0.0,0.0,0.0,shared_only,hybrid,0.5,20,0.1,0.05,0.05,4,36,8a717934c7cf6ca8e3eec31d50c84541b5e893560d90247c66bac6c72122f49e,c79da8e451c00398dd5f3b6612341b04cc025b69c26fb74d448438a6879a0e3a,17.45812427252531
D3_shared_projector_strong,1,9,784,705,79,87,79,0.8275862068965517,0.8218085106382979,0.8569148936170213,0.7999999999999999,0.75,0.8936170212765957,0.10807855427265167,0.027213968336582184,0.08086458593606949,0.04885057732462883,0.27339479327201843,0.9396551724137931,0.8215829730033875,0.36957627534866333,0.4520066976547241,0.2547892928123474,0.06609928607940674,0.6666666666666666,nan,nan,0.7280634641647339,nan,nan,nan,0.27173924446105957,0.39024949073791504,-0.0,-0.0,-0.0,shared_only,hybrid,0.5,20,0.1,0.05,0.05,4,36,942a80462f98f4d3fce30586297cf4f23cc81e179440c5f9deff9cdec55920d7,652cdbecd6ae84534d105609aab66425cd9d6d190b6f66e24f40d60246d8834e,11.838334236294031
D3_shared_projector_strong,1,10,784,705,79,87,115,0.8275862068965517,0.8348404255319148,0.8984042553191489,0.8314606741573034,0.925,0.7446808510638298,0.14118602871894836,0.023621048778295517,0.11756497621536255,0.06417624652385712,0.3273175358772278,0.896551724137931,0.6517845988273621,0.2791856527328491,0.37259894609451294,0.17720305919647217,0.15460696816444397,0.7155172413793104,nan,nan,0.682671844959259,nan,nan,nan,0.19047193229198456,0.45282769203186035,-0.0,-0.0,-0.0,shared_only,hybrid,0.5,20,0.1,0.05,0.05,4,36,7b41f8ad7fcd078fb431f5a63fceae479f9e83add43115f2b2ef617b3b7b76f8,5e1601d629025a80932880e3361747b9fe3b45f582bdb3eb9d907a33197083a2,14.552860632538795
D3_shared_projector_strong,2,1,783,704,79,88,92,0.7613636363636364,0.7672548002075765,0.8629994810586403,0.7692307692307692,0.8536585365853658,0.6808510638297872,0.14773565530776978,0.047399021685123444,0.10033663362264633,0.07481060922145844,0.24810688197612762,0.9261363636363636,0.8177098631858826,0.2548610270023346,0.5628488063812256,0.3162878751754761,0.03426111489534378,0.5909090909090909,nan,nan,0.8211036920547485,nan,nan,nan,0.1892843097448349,0.3310213088989258,-0.0,-0.0,-0.0,shared_only,hybrid,0.5,20,0.1,0.05,0.05,4,36,3482fd1c35313837f9b4cdf339fe1875d374253e510d1b51c5562b21b7b7d154,c1bb0997bbfd8d7b922458a3c8e6d97d8d3bdce8c8c3b35fc4af3bd10237fa84,17.414589527994394
D3_shared_projector_strong,2,2,784,705,79,87,130,0.9195402298850575,0.9199363732767762,0.9650053022269354,0.9156626506024096,0.926829268292683,0.9130434782608695,0.19344858825206757,0.017843615263700485,0.17560496926307678,0.07183907926082611,0.26286739110946655,0.9224137931034483,0.7872748374938965,0.2733728289604187,0.5139020085334778,0.27681994438171387,0.05860926955938339,0.514367816091954,nan,nan,0.7738102078437805,nan,nan,nan,0.15729287266731262,0.3407590985298157,-0.0,-0.0,-0.0,shared_only,hybrid,0.5,20,0.1,0.05,0.05,4,36,86d25602768399e0a820f0f811f53a43edbccdf5b854970f742fb0148c040a1f,052b7c1f240943b89c3d96451df567113acacbf6fc45156e8c8d8b7c1c896973,16.93760931864381
D3_shared_projector_strong,2,3,784,705,79,87,121,0.8390804597701149,0.8372216330858961,0.9369034994697772,0.8250000000000001,0.8048780487804879,0.8695652173913043,0.1520003080368042,0.02653466910123825,0.12546563148498535,0.07183908671140671,0.31571727991104126,0.9195402298850575,0.7829596996307373,0.30170243978500366,0.48125725984573364,0.2586207091808319,0.07388511300086975,0.6724137931034483,nan,nan,0.7596355676651001,nan,nan,nan,0.14096908271312714,0.3669559061527252,0.0,0.0,0.0,shared_only,hybrid,0.5,20,0.1,0.05,0.05,4,36,2c2e7daeef8e34639d26c23063b040907966241b25debe7d461a57555717c118,6f938187d8096cd1be3585c9c4994e649f9bdb2d55e5c1ce8b5d8555a955a194,15.858731675893068
D3_shared_projector_strong,2,4,784,705,79,87,68,0.7816091954022989,0.7792553191489362,0.8590425531914894,0.7594936708860761,0.75,0.8085106382978723,0.11441411077976227,0.020440470427274704,0.09397363662719727,0.05363985151052475,0.33570289611816406,0.9109195402298851,0.8194087743759155,0.414120614528656,0.4052881598472595,0.2528735399246216,0.10040068626403809,0.6752873563218391,nan,nan,0.649588406085968,nan,nan,nan,0.4304100275039673,0.41478827595710754,-0.0,-0.0,-0.0,shared_only,hybrid,0.5,20,0.1,0.05,0.05,4,36,320be97d97002b36843b5e50592ea8c23f65cda0282fda50516b2fb7e94a9368,0604fee765e38b2d2ae29c08c3c610736343540e8cbed26c09b2d87b661bbbd5,11.297048579901457
D3_shared_projector_strong,2,5,784,705,79,87,85,0.8505747126436781,0.8412234042553192,0.8999999999999999,0.8169014084507041,0.725,0.9574468085106383,0.10891026258468628,-0.005970456637442112,0.11488071829080582,0.0593869686126709,0.3433111906051636,0.896551724137931,0.7829186320304871,0.3324756324291229,0.45044299960136414,0.2183908075094223,0.09407202899456024,0.6781609195402298,nan,nan,0.6850621104240417,nan,nan,nan,0.30604419112205505,0.41365399956703186,-0.0,-0.0,-0.0,shared_only,hybrid,0.5,20,0.1,0.05,0.05,4,36,91de6c45307f97e22e3ef863f49ae5f8fff57887133da9b7525311e05d713bc0,67e3fa1fa1f884f9d5189d43ce65b1f954479284b875eb7831383cfed6f35e85,12.82429513707757
D3_shared_projector_strong,2,6,784,705,79,87,132,0.8505747126436781,0.8449468085106383,0.8893617021276595,0.8266666666666667,0.775,0.9148936170212766,0.1414795219898224,0.006061862222850323,0.1354176551103592,0.07183907926082611,0.2792181372642517,0.9339080459770115,0.7896313071250916,0.2729068398475647,0.5167244672775269,0.31992337107658386,0.05202403664588928,0.6091954022988506,nan,nan,0.753061830997467,nan,nan,nan,0.13572333753108978,0.3416604995727539,-0.0,-0.0,-0.0,shared_only,hybrid,0.5,20,0.1,0.05,0.05,4,36,8f20a89b70c47182365eb5a759f595d3fc9899f41a8636ad9f33aceea655e915,d04eba3453bfce85b92f79ca2886fcb1ff8e162a3820f45e4de367a275cbfd22,16.96419094875455
D3_shared_projector_strong,2,7,784,705,79,87,165,0.8850574712643678,0.8805851063829787,0.9207446808510638,0.8684210526315789,0.825,0.9361702127659575,0.2356729507446289,0.04160931333899498,0.19406363368034363,0.09674330055713654,0.2744097113609314,0.9568965517241379,0.8071122169494629,0.36131811141967773,0.44579410552978516,0.2777777910232544,0.05684002488851547,0.6408045977011494,nan,nan,0.7044244408607483,nan,nan,nan,0.17705745995044708,0.364205002784729,0.0,0.0,0.0,shared_only,hybrid,0.5,20,0.1,0.05,0.05,4,36,513a510164e17f707c56364faab8ac18e09e92d52c2e3f633357ed178587da3e,64dcc6737b38a36a4ef62d96f187c67f4ff6d5baa0f0c7d29a8b07cadd2bb417,20.409267760813236
D3_shared_projector_strong,2,8,784,705,79,87,105,0.8620689655172413,0.863031914893617,0.9079787234042553,0.8536585365853658,0.875,0.851063829787234,0.15911716222763062,0.013852435164153576,0.14526472985744476,0.07471264898777008,0.26625022292137146,0.9051724137931034,0.8115436434745789,0.2628633677959442,0.548680305480957,0.3170498013496399,0.04620134085416794,0.6120689655172413,nan,nan,0.7922540903091431,nan,nan,nan,0.23799492418766022,0.3409717082977295,-0.0,-0.0,-0.0,shared_only,hybrid,0.5,20,0.1,0.05,0.05,4,36,f5768e86352919ec56daef6583c6054ddfd21302101d2730af6b18f4c64131bd,70db8ded5f6dea73a0e38324a6f6ba3c02620237f02119da66555023859fe5ff,14.676792755723
D3_shared_projector_strong,2,9,784,705,79,87,127,0.8620689655172413,0.8667553191489361,0.9356382978723404,0.8604651162790697,0.925,0.8085106382978723,0.15982183814048767,0.03974026069045067,0.1200815737247467,0.06992337107658386,0.2971733510494232,0.8793103448275862,0.7325588464736938,0.21788552403450012,0.5146733522415161,0.2863984704017639,0.07252318412065506,0.5775862068965517,nan,nan,0.8055701851844788,nan,nan,nan,0.15734533965587616,0.34722548723220825,-0.0,-0.0,-0.0,shared_only,hybrid,0.5,20,0.1,0.05,0.05,4,36,a3c0c70665a03089f4fa1c545436d7ed5c4711ef072cb91dfbc77166f317d27d,8e67e90873784c9b98c8f037783fc5724684ad7e3c2eabb80facef0d6baa3c34,16.13110276684165
D3_shared_projector_strong,2,10,784,705,79,87,188,0.896551724137931,0.8986702127659575,0.9606382978723405,0.891566265060241,0.925,0.8723404255319149,0.20996396243572235,-0.0007542210514657199,0.21071818470954895,0.0833333358168602,0.32100731134414673,0.9597701149425287,0.8167797923088074,0.22254371643066406,0.5942360758781433,0.3026820123195648,0.04954167455434799,0.5488505747126436,nan,nan,0.7723758816719055,nan,nan,nan,0.13994896411895752,0.3214280605316162,-0.0,-0.0,-0.0,shared_only,hybrid,0.5,20,0.1,0.05,0.05,4,36,e0a138bc0f257ca51d594da75ff7155ba8d41dea39e8c8ab6b0fd67f862a9261,0687adf467f0fee1d6d236581fb6992251bc8bc6aa94c08ac0a76c2476b06693,21.902719166129827
D4_disentangled_medium,0,1,783,704,79,88,101,0.8181818181818182,0.8204462895692787,0.9231966787752984,0.8139534883720929,0.8536585365853658,0.7872340425531915,0.16428403556346893,0.08706890046596527,0.07721513509750366,0.05018939822912216,0.32155483961105347,0.9289772727272727,0.817483127117157,0.5860440135002136,0.23143911361694336,0.11931818723678589,0.10177916288375854,0.7045454545454546,1.0,0.2954545454545454,0.5135442018508911,0.3879214823246002,0.1940026730298996,0.04051380604505539,0.2052651047706604,0.4503076672554016,0.1864316463470459,0.036106012761592865,0.0035114812199026346,disentangled,hybrid,0.2,20,0.1,0.05,0.05,4,36,972f662c922f3f02355d79787c586293ea503c3c0736d55ac815c57e920a5b22,cb57464617e845de2f36ca68fa5ae3d3d9f8c9b6afce9556cf78cc31f7936766,20.393119856715202
D4_disentangled_medium,0,2,784,705,79,87,87,0.8275862068965517,0.8183987274655355,0.8658536585365852,0.782608695652174,0.6585365853658537,0.9782608695652174,0.08334078639745712,0.034445639699697495,0.04889514669775963,0.024904217571020126,0.29093700647354126,0.9252873563218391,0.8656879663467407,0.6569690108299255,0.20871895551681519,0.0795019119977951,0.04768206924200058,0.7011494252873564,1.0,0.29885057471264365,0.5137173533439636,0.4266546964645386,0.15364709496498108,0.05612710863351822,0.26548266410827637,0.45359164476394653,0.1450141817331314,0.04231574386358261,0.0045468807220458984,disentangled,hybrid,0.2,20,0.1,0.05,0.05,4,36,f003f98cc27a3e6828c561e38d9bbb4b7c818292ab964eac0d36dd96727e4d50,104f1dedd212e609a9d922c6b0bf4023a490cf4f7c2bec60450b2b54af2c0e60,14.847238693386316
D4_disentangled_medium,0,3,784,705,79,87,103,0.8735632183908046,0.8751325556733829,0.9056203605514317,0.8705882352941177,0.9024390243902439,0.8478260869565217,0.0731513500213623,-0.002555593615397811,0.07570694386959076,0.036398470401763916,0.3094903230667114,0.9137931034482759,0.8224745988845825,0.5813686847686768,0.24110591411590576,0.12356322258710861,0.06383217126131058,0.6408045977011494,1.0,0.3591954022988506,0.5072892308235168,0.43412673473358154,0.1560424268245697,0.041024863719940186,0.12797175347805023,0.42453286051750183,0.13218288123607635,0.029306229203939438,0.006218592170625925,disentangled,hybrid,0.2,20,0.1,0.05,0.05,4,36,8979a74112f517dee08f45fbdf8772a1a8ede570d75b76c128f52d0b4ac072ab,5ff459d544b4c994d64a092a65ec8db012415e047fe5dfbe08bc758831b98b25,16.384786944836378
D4_disentangled_medium,0,4,784,705,79,87,106,0.896551724137931,0.8949468085106382,0.9585106382978723,0.8860759493670887,0.875,0.9148936170212766,0.09842628240585327,0.03967839479446411,0.05874788761138916,0.025862067937850952,0.3411210775375366,0.9252873563218391,0.8546837568283081,0.6480805277824402,0.20660322904586792,0.09003832191228867,0.07929592579603195,0.6896551724137931,1.0,0.31034482758620685,0.4903544485569,0.41525349020957947,0.16218429803848267,0.03388018533587456,0.15212960541248322,0.4734111726284027,0.14522914588451385,0.025595474988222122,0.0048145754262804985,disentangled,hybrid,0.2,20,0.1,0.05,0.05,4,36,9549f02031535027047776dac434feb5fa74b793c6cce5e33d9bc6f39deaaa9f,509c19849d44177506c787dae1df273f4b7412b882695adec47a263848be83bf,16.415677204728127
D4_disentangled_medium,0,5,784,705,79,87,152,0.9080459770114943,0.9018617021276596,0.925531914893617,0.8918918918918919,0.825,0.9787234042553191,0.2377898395061493,0.022580351680517197,0.2152094841003418,0.056513410061597824,0.33900773525238037,0.8850574712643678,0.8392257690429688,0.5372899770736694,0.3019357919692993,0.1628352403640747,0.06650213897228241,0.646551724137931,1.0,0.35344827586206895,0.552931547164917,0.3733151853084564,0.15593262016773224,0.06217361241579056,0.09568287432193756,0.4132334589958191,0.1454751044511795,0.050575099885463715,0.004086968023329973,disentangled,hybrid,0.2,20,0.1,0.05,0.05,4,36,b92c8250915627f5ee62ede91bf80c4a32d2261d06aa80e60845df6155a1045e,7ecc020d01023e43a739df2eddfdf2c7026c697086eccf4c4cc43ae97de365c6,20.79251167550683
D4_disentangled_medium,0,6,784,705,79,87,179,0.9425287356321839,0.9412234042553191,0.9457446808510638,0.9367088607594937,0.925,0.9574468085106383,0.2736376225948334,0.057151179760694504,0.21648643910884857,0.061302684247493744,0.32086044549942017,0.882183908045977,0.8353559970855713,0.5627143979072571,0.2726415991783142,0.16379311680793762,0.05792994797229767,0.7155172413793104,1.0,0.2844827586206896,0.536646842956543,0.31988176703453064,0.17266342043876648,0.07484561204910278,0.15322577953338623,0.4174150228500366,0.16089801490306854,0.06457148492336273,0.004184451885521412,disentangled,hybrid,0.2,20,0.1,0.05,0.05,4,36,5cfbbf6ec0faf5cf1723b7c33c6fd766f8364f753fc36333259cc4aada3c4390,b11d5c9dfed187731509ee9f4fe901eed6ad25f3764abae2b4f77bb8c3ba5b7f,24.568184584379196
D4_disentangled_medium,0,7,784,705,79,87,114,0.9540229885057471,0.9537234042553191,0.975,0.9500000000000001,0.95,0.9574468085106383,0.1007891520857811,0.016670485958456993,0.08411866426467896,0.03927203267812729,0.36304768919944763,0.9080459770114943,0.8172466158866882,0.5442823767662048,0.2729642391204834,0.1350574791431427,0.08068805932998657,0.6810344827586207,1.0,0.31896551724137934,0.54173344373703,0.4129927456378937,0.17966985702514648,0.048663169145584106,0.16138020157814026,0.4438019096851349,0.17109139263629913,0.039496224373579025,0.005209708586335182,disentangled,hybrid,0.2,20,0.1,0.05,0.05,4,36,2546b0018f0222ddd68b1ec3f179956fd740ffcff9ec2a69e1601f4337cbec49,22a637d55b85c86f063f1e0378398a9c9e14c444e2385cb5c8d129f5dbaf5834,17.657822892069817
D4_disentangled_medium,0,8,784,705,79,87,133,0.9655172413793104,0.9662234042553192,0.9957446808510638,0.9629629629629629,0.975,0.9574468085106383,0.15581929683685303,0.020095106214284897,0.13572418689727783,0.04693486541509628,0.3147757351398468,0.9568965517241379,0.8297803401947021,0.5376740097999573,0.2921063303947449,0.1149425208568573,0.04632840305566788,0.7212643678160919,1.0,0.27873563218390807,0.6056888103485107,0.3948487639427185,0.13600878417491913,0.042033303529024124,0.13231633603572845,0.414754718542099,0.13136863708496094,0.03304121643304825,0.004992433823645115,disentangled,hybrid,0.2,20,0.1,0.05,0.05,4,36,54e7c40772cc65327664f24b621cab0e2706987043049273f2f94ffac594b2c9,320a6b01ceadf3f5c387210a21d1b12a4fa046e9ade412585b2787983a0988d8,19.655046362429857
D4_disentangled_medium,0,9,784,705,79,87,111,0.6896551724137931,0.6792553191489361,0.6670212765957447,0.619718309859155,0.55,0.8085106382978723,0.16524168848991394,0.05367917940020561,0.11156250536441803,0.04214559495449066,0.2852638363838196,0.8908045977011494,0.7739662528038025,0.4661269187927246,0.3078393340110779,0.17145594954490662,0.06536980718374252,0.6982758620689655,1.0,0.3017241379310345,0.5692969560623169,0.4105065166950226,0.16406328976154327,0.05964567884802818,0.12858840823173523,0.4180299937725067,0.14746786653995514,0.04912818968296051,0.004575879313051701,disentangled,hybrid,0.2,20,0.1,0.05,0.05,4,36,a2de616feb34163b8bfaf07f7f8c021f11b3a1d097a8fe0ba51769d8497c6116,4786e123cab6fc1d3d304f372a3b8199b363cf815d653b83aae26825d4a37aad,17.397703379392624
D4_disentangled_medium,0,10,784,705,79,87,132,0.6896551724137931,0.6904255319148935,0.722872340425532,0.674698795180723,0.7,0.6808510638297872,0.13180243968963623,0.006612960249185562,0.12518948316574097,0.051724135875701904,0.3212287425994873,0.9080459770114943,0.8283747434616089,0.6059209108352661,0.22245383262634277,0.11590038239955902,0.0741286352276802,0.7413793103448276,1.0,0.2586206896551724,0.4868241548538208,0.4166712164878845,0.14864280819892883,0.05390440672636032,0.1025608628988266,0.45224428176879883,0.13210055232048035,0.03190819174051285,0.00490146828815341,disentangled,hybrid,0.2,20,0.1,0.05,0.05,4,36,c8bba363687655e5be05b1a6541eb5d8c1b13b43652b18f6129308bd60d66a3f,a62fd95f46cac82b4ce0bea8414374c171fe4d69e4650236b0cc47728c672e1e,19.50891486182809
D4_disentangled_medium,1,1,783,704,79,88,138,0.8522727272727273,0.8492475350285418,0.9673066943435391,0.8354430379746836,0.8048780487804879,0.8936170212765957,0.12707838416099548,0.02287772297859192,0.10420066118240356,0.03409091383218765,0.3671450614929199,0.9488636363636364,0.801531195640564,0.5525847673416138,0.2489464282989502,0.12121212482452393,0.09411139786243439,0.7585227272727273,1.0,0.2414772727272727,0.5473106503486633,0.3415480852127075,0.18103045225143433,0.05481443554162979,0.18859244883060455,0.4420924782752991,0.1735944300889969,0.048867322504520416,0.003274275455623865,disentangled,hybrid,0.2,20,0.1,0.05,0.05,4,36,2920d1a2d1c5d32a82a360b076199906c5b1dcce2976f609794a649b4f24b965,b1385392aa3ac534f43bb085860847e16e636e26f8c555ee6bf757cddabe0225,25.200482547283173
D4_disentangled_medium,1,2,784,705,79,87,113,0.9195402298850575,0.9212619300106044,0.9740190880169671,0.9176470588235294,0.9512195121951219,0.8913043478260869,0.11440305411815643,0.03630845621228218,0.07809460163116455,0.04597701132297516,0.33459898829460144,0.9109195402298851,0.8024100065231323,0.4990677535533905,0.3033422529697418,0.14463603496551514,0.07232441008090973,0.7011494252873564,1.0,0.29885057471264365,0.5534130930900574,0.3904913067817688,0.1392372101545334,0.04628307372331619,0.15099994838237762,0.4255695939064026,0.1346036046743393,0.03433927148580551,0.0051022483967244625,disentangled,hybrid,0.2,20,0.1,0.05,0.05,4,36,d87e777eb4acacb566e3401489a14a386d3aabd27f8fc352f20d7f53ec110480,07e319a928d613c2087023eecde5d07d9a1c94903453366efd5534eb4ab61950,18.200223695486784
D4_disentangled_medium,1,3,784,705,79,87,82,0.7931034482758621,0.7910922587486744,0.8674443266171793,0.7749999999999999,0.7560975609756098,0.8260869565217391,0.118904709815979,0.07455901801586151,0.04434569180011749,0.03448276221752167,0.34053725004196167,0.9195402298850575,0.8143918514251709,0.5803180932998657,0.23407375812530518,0.12356322258710861,0.12543028593063354,0.7068965517241379,1.0,0.2931034482758621,0.4953583776950836,0.39691558480262756,0.1839243322610855,0.04052248224616051,0.3109534680843353,0.4856906533241272,0.17580869793891907,0.0330556184053421,0.007892947643995285,disentangled,hybrid,0.2,20,0.1,0.05,0.05,4,36,a39abe9c53b052d6f3f56b557b329f8023b72c008a3e9b97c8deba8d1d93732e,5f2fbd3a833e55b6b58d116d0276af7b6c31a6516f842a007253a706539d3875,15.000648368149996
D4_disentangled_medium,1,4,784,705,79,87,117,0.8390804597701149,0.8287234042553191,0.9111702127659574,0.8,0.7,0.9574468085106383,0.09602823108434677,0.01162010245025158,0.08440812677145004,0.030651342123746872,0.38822680711746216,0.9051724137931034,0.8153406977653503,0.590853214263916,0.22448748350143433,0.1072797030210495,0.09751980006694794,0.7040229885057471,1.0,0.29597701149425293,0.5132567286491394,0.36742469668388367,0.10253998637199402,0.05391290783882141,0.2787099778652191,0.4727076590061188,0.09921441972255707,0.03333037719130516,0.006950544659048319,disentangled,hybrid,0.2,20,0.1,0.05,0.05,4,36,b485be0551cbc95ccd356c83160655cba129d0a3a6a69a369bd06596b521245f,506b0eacc412a6ed9661f284505bd998ffc505d26b35cd9db576757e2718d014,18.148502118885517
D4_disentangled_medium,1,5,784,705,79,87,122,0.8390804597701149,0.8380319148936171,0.897340425531915,0.825,0.825,0.851063829787234,0.09677343815565109,0.018151693046092987,0.0786217451095581,0.03448276221752167,0.3039608597755432,0.8908045977011494,0.8150288462638855,0.47663092613220215,0.33839792013168335,0.16570881009101868,0.04654252529144287,0.6666666666666666,1.0,0.33333333333333337,0.6051288843154907,0.3821193277835846,0.14779695868492126,0.04817936196923256,0.18350987136363983,0.3976566791534424,0.12738187611103058,0.03592599928379059,0.004478032700717449,disentangled,hybrid,0.2,20,0.1,0.05,0.05,4,36,e2a03015f22672fbfe6b490e40234b1e7f587ead3b1c50554317d3fa2c6cac6f,77e4ce81cf22a7b3381a07394b972fec1233a4d1b4b57ed560fc2af75531c4a6,18.544936541467905
D4_disentangled_medium,1,6,784,705,79,87,140,0.8505747126436781,0.8430851063829787,0.8680851063829788,0.821917808219178,0.75,0.9361702127659575,0.301005482673645,0.08863084763288498,0.21237462759017944,0.06321839243173599,0.2816990613937378,0.9396551724137931,0.8567999601364136,0.5395147800445557,0.3172851800918579,0.18773946166038513,0.05909889191389084,0.6293103448275862,1.0,0.3706896551724138,0.5512483716011047,0.38233089447021484,0.11972598731517792,0.06518565118312836,0.09914176166057587,0.4084937274456024,0.11732403934001923,0.054871607571840286,0.0041410056874156,disentangled,hybrid,0.2,20,0.1,0.05,0.05,4,36,ae65aacaa3b22a903bdfa6ab00e808767c668437e4d548a41d620be1c9aa421c,7ff0c827a399555b85dbd7d6c2ba5421b57ec0865e645f4fe54f9bd322cc4f40,21.02767065912485
D4_disentangled_medium,1,7,784,705,79,87,115,0.8275862068965517,0.8273936170212766,0.9234042553191489,0.8148148148148149,0.825,0.8297872340425532,0.1361718475818634,0.004977322183549404,0.13119453191757202,0.04406130313873291,0.2837926149368286,0.9137931034482759,0.8356128931045532,0.622275173664093,0.2133377194404602,0.1350574791431427,0.0564657598733902,0.7068965517241379,1.0,0.2931034482758621,0.4966651201248169,0.4701400399208069,0.19806471467018127,0.04889466241002083,0.11622975766658783,0.44206514954566956,0.1870160847902298,0.04206763580441475,0.007221620995551348,disentangled,hybrid,0.2,20,0.1,0.05,0.05,4,36,815265503b867ad67c643fea5c5dfbd1ab865ef2e2319f72987c75c5950a98c5,fd82ec906a00e64b9f9bf65b24f377d474d2ff27b5b8d465201ae481d29358b0,18.397253561764956
D4_disentangled_medium,1,8,784,705,79,87,135,0.8390804597701149,0.8343085106382979,0.8872340425531915,0.8157894736842106,0.775,0.8936170212765957,0.14256241917610168,0.0071357982233166695,0.1354266256093979,0.04885057732462883,0.2866498529911041,0.9252873563218391,0.8508862257003784,0.6036851406097412,0.2472010850906372,0.14080458879470825,0.04080306738615036,0.6839080459770115,1.0,0.3160919540229885,0.5370206236839294,0.4329504370689392,0.17701581120491028,0.03836382180452347,0.14137689769268036,0.41835299134254456,0.1701604127883911,0.0331665500998497,0.00575598981231451,disentangled,hybrid,0.2,20,0.1,0.05,0.05,4,36,8a717934c7cf6ca8e3eec31d50c84541b5e893560d90247c66bac6c72122f49e,c79da8e451c00398dd5f3b6612341b04cc025b69c26fb74d448438a6879a0e3a,20.868534862995148
D4_disentangled_medium,1,9,784,705,79,87,90,0.8045977011494253,0.7968085106382978,0.8712765957446809,0.7671232876712328,0.7,0.8936170212765957,0.07252851873636246,0.03778444230556488,0.03474407643079758,0.0277777798473835,0.4323742985725403,0.9339080459770115,0.797723650932312,0.5578957200050354,0.2398279309272766,0.13793104887008667,0.13970625400543213,0.8103448275862069,1.0,0.18965517241379315,0.5170093774795532,0.34584715962409973,0.1913406103849411,0.04919940605759621,0.3450640141963959,0.4875155985355377,0.18573524057865143,0.0398419089615345,0.004290316253900528,disentangled,hybrid,0.2,20,0.1,0.05,0.05,4,36,942a80462f98f4d3fce30586297cf4f23cc81e179440c5f9deff9cdec55920d7,652cdbecd6ae84534d105609aab66425cd9d6d190b6f66e24f40d60246d8834e,15.698849305510521
D4_disentangled_medium,1,10,784,705,79,87,112,0.8505747126436781,0.8486702127659574,0.8954787234042554,0.8354430379746836,0.825,0.8723404255319149,0.1047818660736084,0.017683671787381172,0.08709819614887238,0.045019157230854034,0.3169984519481659,0.9051724137931034,0.8117207288742065,0.5316895246505737,0.2800312042236328,0.16570882499217987,0.07917703688144684,0.6293103448275862,1.0,0.3706896551724138,0.5674524307250977,0.3680841028690338,0.11869373172521591,0.04230894893407822,0.11559857428073883,0.41652828454971313,0.1014467403292656,0.02587856352329254,0.0041219331324100494,disentangled,hybrid,0.2,20,0.1,0.05,0.05,4,36,7b41f8ad7fcd078fb431f5a63fceae479f9e83add43115f2b2ef617b3b7b76f8,5e1601d629025a80932880e3361747b9fe3b45f582bdb3eb9d907a33197083a2,17.61010602861643
D4_disentangled_medium,2,1,783,704,79,88,102,0.7613636363636364,0.7656979761286975,0.8614426569797613,0.7640449438202247,0.8292682926829268,0.7021276595744681,0.07190271466970444,0.0047351643443107605,0.06716755032539368,0.038825757801532745,0.30266839265823364,0.9034090909090909,0.8337094187736511,0.5709054470062256,0.26280397176742554,0.13257578015327454,0.06027424335479736,0.6107954545454546,1.0,0.3892045454545454,0.5515597462654114,0.4143652617931366,0.1785864531993866,0.047137051820755005,0.19981302320957184,0.4319513440132141,0.15522567927837372,0.03339996933937073,0.004313201177865267,disentangled,hybrid,0.2,20,0.1,0.05,0.05,4,36,3482fd1c35313837f9b4cdf339fe1875d374253e510d1b51c5562b21b7b7d154,c1bb0997bbfd8d7b922458a3c8e6d97d8d3bdce8c8c3b35fc4af3bd10237fa84,20.99584510922432
D4_disentangled_medium,2,2,784,705,79,87,126,0.9195402298850575,0.9199363732767762,0.9559915164369035,0.9156626506024096,0.926829268292683,0.9130434782608695,0.17704558372497559,0.030211258679628372,0.1468343287706375,0.04597701132297516,0.2865159213542938,0.9339080459770115,0.821753978729248,0.5943071246147156,0.22744685411453247,0.1149425357580185,0.0789528414607048,0.6091954022988506,1.0,0.3908045977011494,0.5030629634857178,0.43201833963394165,0.201168492436409,0.045682650059461594,0.1479802280664444,0.44416677951812744,0.18478921055793762,0.03756822645664215,0.004325269255787134,disentangled,hybrid,0.2,20,0.1,0.05,0.05,4,36,86d25602768399e0a820f0f811f53a43edbccdf5b854970f742fb0148c040a1f,052b7c1f240943b89c3d96451df567113acacbf6fc45156e8c8d8b7c1c896973,19.365710839629173
D4_disentangled_medium,2,3,784,705,79,87,99,0.8505747126436781,0.8467656415694591,0.8928950159066809,0.8311688311688312,0.7804878048780488,0.9130434782608695,0.08173653483390808,-0.003095810767263174,0.08483234792947769,0.04789271950721741,0.37505555152893066,0.9022988505747126,0.8052101135253906,0.5031461715698242,0.3020639419555664,0.1388888955116272,0.06849411875009537,0.8304597701149425,1.0,0.16954022988505746,0.5928871631622314,0.4013662338256836,0.21354110538959503,0.06009277328848839,0.23296895623207092,0.4188809096813202,0.20683108270168304,0.04725366830825806,0.005091231781989336,disentangled,hybrid,0.2,20,0.1,0.05,0.05,4,36,2c2e7daeef8e34639d26c23063b040907966241b25debe7d461a57555717c118,6f938187d8096cd1be3585c9c4994e649f9bdb2d55e5c1ce8b5d8555a955a194,16.256072252988815
D4_disentangled_medium,2,4,784,705,79,87,116,0.8160919540229885,0.826063829787234,0.9212765957446809,0.8260869565217392,0.95,0.7021276595744681,0.09159912168979645,0.0044849044643342495,0.08711421489715576,0.038314178586006165,0.29226070642471313,0.9224137931034483,0.8236734867095947,0.5098370909690857,0.31383639574050903,0.17337165772914886,0.06349188089370728,0.6091954022988506,1.0,0.3908045977011494,0.5373364686965942,0.37420597672462463,0.10827165096998215,0.047780364751815796,0.23810039460659027,0.41453176736831665,0.10599538683891296,0.03428678214550018,0.0034886866342276335,disentangled,hybrid,0.2,20,0.1,0.05,0.05,4,36,320be97d97002b36843b5e50592ea8c23f65cda0282fda50516b2fb7e94a9368,0604fee765e38b2d2ae29c08c3c610736343540e8cbed26c09b2d87b661bbbd5,18.50291668996215
D4_disentangled_medium,2,5,784,705,79,87,86,0.8505747126436781,0.8393617021276596,0.8813829787234043,0.8115942028985508,0.7,0.9787234042553191,0.034677352756261826,-0.038638144731521606,0.07331550121307373,0.038314178586006165,0.3531358242034912,0.9022988505747126,0.8619037866592407,0.5671751499176025,0.2947286367416382,0.12547892332077026,0.047906141728162766,0.6982758620689655,1.0,0.3017241379310345,0.538473904132843,0.38887903094291687,0.18599718809127808,0.04593641310930252,0.24940718710422516,0.4343520700931549,0.1777949184179306,0.03152445703744888,0.0047507984563708305,disentangled,hybrid,0.2,20,0.1,0.05,0.05,4,36,91de6c45307f97e22e3ef863f49ae5f8fff57887133da9b7525311e05d713bc0,67e3fa1fa1f884f9d5189d43ce65b1f954479284b875eb7831383cfed6f35e85,15.09820318967104
D4_disentangled_medium,2,6,784,705,79,87,134,0.8620689655172413,0.8593085106382978,0.8882978723404256,0.8461538461538461,0.825,0.8936170212765957,0.11965574324131012,0.011800868436694145,0.10785487294197083,0.04501916095614433,0.307844877243042,0.9195402298850575,0.8530446887016296,0.6434681415557861,0.2095765471458435,0.13218390941619873,0.04844231158494949,0.6264367816091954,1.0,0.37356321839080464,0.4910426735877991,0.3870799243450165,0.14878246188163757,0.05348046496510506,0.1298012137413025,0.42682358622550964,0.14372505247592926,0.03849019110202789,0.0033018796239048243,disentangled,hybrid,0.2,20,0.1,0.05,0.05,4,36,8f20a89b70c47182365eb5a759f595d3fc9899f41a8636ad9f33aceea655e915,d04eba3453bfce85b92f79ca2886fcb1ff8e162a3820f45e4de367a275cbfd22,20.502670295536518
D4_disentangled_medium,2,7,784,705,79,87,83,0.7931034482758621,0.7787234042553192,0.8914893617021278,0.7272727272727274,0.6,0.9574468085106383,0.06602025032043457,0.007550577633082867,0.05846967175602913,0.02107279747724533,0.32709646224975586,0.9224137931034483,0.7624388933181763,0.5468868017196655,0.21555209159851074,0.07183907926082611,0.17146068811416626,0.764367816091954,1.0,0.23563218390804597,0.49537530541419983,0.44080352783203125,0.24241361021995544,0.043255291879177094,0.3833293318748474,0.5538013577461243,0.23001044988632202,0.03767625615000725,0.0052104792557656765,disentangled,hybrid,0.2,20,0.1,0.05,0.05,4,36,513a510164e17f707c56364faab8ac18e09e92d52c2e3f633357ed178587da3e,64dcc6737b38a36a4ef62d96f187c67f4ff6d5baa0f0c7d29a8b07cadd2bb417,14.144192319363356
D4_disentangled_medium,2,8,784,705,79,87,104,0.896551724137931,0.8949468085106382,0.8936170212765958,0.8860759493670887,0.875,0.9148936170212766,0.12480216473340988,0.02827639877796173,0.09652576595544815,0.04118774086236954,0.3300146460533142,0.9051724137931034,0.8194454908370972,0.5535768270492554,0.2658686637878418,0.14080460369586945,0.07373400032520294,0.6206896551724138,1.0,0.3793103448275862,0.5255888104438782,0.40041840076446533,0.12046334892511368,0.05438018590211868,0.15591499209403992,0.4411297142505646,0.11659349501132965,0.04424566030502319,0.0058379219844937325,disentangled,hybrid,0.2,20,0.1,0.05,0.05,4,36,f5768e86352919ec56daef6583c6054ddfd21302101d2730af6b18f4c64131bd,70db8ded5f6dea73a0e38324a6f6ba3c02620237f02119da66555023859fe5ff,15.95420452952385
D4_disentangled_medium,2,9,784,705,79,87,107,0.8735632183908046,0.8792553191489361,0.9430851063829787,0.8735632183908046,0.95,0.8085106382978723,0.10751326382160187,0.04455459862947464,0.06295866519212723,0.03639846667647362,0.34916526079177856,0.8735632183908046,0.7971341013908386,0.5431811809539795,0.25395292043685913,0.11781609058380127,0.1088787317276001,0.6551724137931034,1.0,0.3448275862068966,0.5356264114379883,0.3798189163208008,0.18752732872962952,0.04726443812251091,0.24877332150936127,0.45085909962654114,0.17279371619224548,0.03596321493387222,0.0033460035920143127,disentangled,hybrid,0.2,20,0.1,0.05,0.05,4,36,a3c0c70665a03089f4fa1c545436d7ed5c4711ef072cb91dfbc77166f317d27d,8e67e90873784c9b98c8f037783fc5724684ad7e3c2eabb80facef0d6baa3c34,16.740552593022585
D4_disentangled_medium,2,10,784,705,79,87,132,0.8850574712643678,0.8861702127659574,0.9617021276595744,0.8780487804878048,0.9,0.8723404255319149,0.15058016777038574,0.04535830020904541,0.10522186756134033,0.04118774086236954,0.3656579852104187,0.9281609195402298,0.8304042220115662,0.5388957262039185,0.2915084958076477,0.1503831446170807,0.056170325726270676,0.6494252873563219,1.0,0.3505747126436781,0.515097439289093,0.38318872451782227,0.1881299763917923,0.06054152175784111,0.14408504962921143,0.414654016494751,0.17385199666023254,0.03849925100803375,0.004185923375189304,disentangled,hybrid,0.2,20,0.1,0.05,0.05,4,36,e0a138bc0f257ca51d594da75ff7155ba8d41dea39e8c8ab6b0fd67f862a9261,0687adf467f0fee1d6d236581fb6992251bc8bc6aa94c08ac0a76c2476b06693,18.647081084549427
D5_disentangled_strong,0,1,783,704,79,88,117,0.8636363636363636,0.8645563051375195,0.9423975090814738,0.8571428571428572,0.8780487804878049,0.851063829787234,0.19120687246322632,0.02516227215528488,0.16604459285736084,0.09090909361839294,0.25009340047836304,0.9318181818181818,0.8045676946640015,0.28281906247138977,0.5217486619949341,0.3219697177410126,0.04500066861510277,0.5340909090909091,1.0,0.46590909090909094,0.7045881748199463,0.41986486315727234,0.21013255417346954,0.05238627642393112,0.19299112260341644,0.33848610520362854,0.19251766800880432,0.03999040648341179,0.004122368525713682,disentangled,hybrid,0.5,20,0.1,0.05,0.05,4,36,972f662c922f3f02355d79787c586293ea503c3c0736d55ac815c57e920a5b22,cb57464617e845de2f36ca68fa5ae3d3d9f8c9b6afce9556cf78cc31f7936766,21.820019636303186
D5_disentangled_strong,0,2,784,705,79,87,77,0.8160919540229885,0.806203605514316,0.8510074231177095,0.7647058823529412,0.6341463414634146,0.9782608695652174,0.1158311516046524,0.03741847723722458,0.07841267436742783,0.05363985151052475,0.28341299295425415,0.9281609195402298,0.8054474592208862,0.408447265625,0.39700019359588623,0.19540230929851532,0.07189810276031494,0.6149425287356322,1.0,0.38505747126436785,0.6453385949134827,0.43436649441719055,0.1651829034090042,0.050068698823451996,0.31399646401405334,0.41208839416503906,0.15900249779224396,0.04178350791335106,0.004435005132108927,disentangled,hybrid,0.5,20,0.1,0.05,0.05,4,36,f003f98cc27a3e6828c561e38d9bbb4b7c818292ab964eac0d36dd96727e4d50,104f1dedd212e609a9d922c6b0bf4023a490cf4f7c2bec60450b2b54af2c0e60,13.881570421159267
D5_disentangled_strong,0,3,784,705,79,87,98,0.8505747126436781,0.8494167550371156,0.9172852598091199,0.8395061728395061,0.8292682926829268,0.8695652173913043,0.06144499033689499,-0.03526094928383827,0.09670594334602356,0.04789271950721741,0.3121145963668823,0.9080459770114943,0.7119408845901489,0.2673937976360321,0.4445470869541168,0.214559406042099,0.11244326829910278,0.617816091954023,1.0,0.382183908045977,0.6523459553718567,0.4055332541465759,0.13289205729961395,0.041995443403720856,0.17095370590686798,0.4143005907535553,0.11559797823429108,0.027843452990055084,0.0045895385555922985,disentangled,hybrid,0.5,20,0.1,0.05,0.05,4,36,8979a74112f517dee08f45fbdf8772a1a8ede570d75b76c128f52d0b4ac072ab,5ff459d544b4c994d64a092a65ec8db012415e047fe5dfbe08bc758831b98b25,16.38618805259466
D5_disentangled_strong,0,4,784,705,79,87,128,0.9195402298850575,0.9180851063829787,0.9792553191489362,0.9113924050632911,0.9,0.9361702127659575,0.13587287068367004,0.0017112221103161573,0.13416165113449097,0.07471264898777008,0.30344197154045105,0.9540229885057471,0.7891427874565125,0.30865561962127686,0.4804871678352356,0.2586207091808319,0.05135785788297653,0.5344827586206896,1.0,0.4655172413793104,0.7262586951255798,0.3585352897644043,0.1539028137922287,0.05027339607477188,0.1409049779176712,0.35092484951019287,0.14310939610004425,0.04059057682752609,0.004223691765218973,disentangled,hybrid,0.5,20,0.1,0.05,0.05,4,36,9549f02031535027047776dac434feb5fa74b793c6cce5e33d9bc6f39deaaa9f,509c19849d44177506c787dae1df273f4b7412b882695adec47a263848be83bf,18.758247293531895
D5_disentangled_strong,0,5,784,705,79,87,69,0.8390804597701149,0.8268617021276596,0.8675531914893616,0.7941176470588236,0.675,0.9787234042553191,0.13349777460098267,0.021047323942184448,0.11245045065879822,0.05363985151052475,0.24280691146850586,0.896551724137931,0.8440442085266113,0.39983901381492615,0.4442051947116852,0.2260536402463913,0.059959135949611664,0.6206896551724138,1.0,0.3793103448275862,0.6762736439704895,0.47387784719467163,0.19157764315605164,0.04703220725059509,0.3189420998096466,0.3935435712337494,0.18702693283557892,0.03309754654765129,0.010976726189255714,disentangled,hybrid,0.5,20,0.1,0.05,0.05,4,36,b92c8250915627f5ee62ede91bf80c4a32d2261d06aa80e60845df6155a1045e,7ecc020d01023e43a739df2eddfdf2c7026c697086eccf4c4cc43ae97de365c6,13.039029330015182
D5_disentangled_strong,0,6,784,705,79,87,81,0.8620689655172413,0.8593085106382978,0.927127659574468,0.8461538461538461,0.825,0.8936170212765957,0.11103712022304535,0.005402080714702606,0.10563503950834274,0.059386976063251495,0.3023717403411865,0.9310344827586207,0.8288571834564209,0.4364790618419647,0.3923781216144562,0.22030651569366455,0.06149906665086746,0.7040229885057471,1.0,0.29597701149425293,0.6683213710784912,0.4133774936199188,0.16084083914756775,0.059943024069070816,0.3218078315258026,0.39555421471595764,0.1534058153629303,0.04650217294692993,0.0040863980539143085,disentangled,hybrid,0.5,20,0.1,0.05,0.05,4,36,5cfbbf6ec0faf5cf1723b7c33c6fd766f8364f753fc36333259cc4aada3c4390,b11d5c9dfed187731509ee9f4fe901eed6ad25f3764abae2b4f77bb8c3ba5b7f,13.915981084108353
D5_disentangled_strong,0,7,784,705,79,87,78,0.896551724137931,0.8986702127659575,0.9585106382978722,0.891566265060241,0.925,0.8723404255319149,0.12622320652008057,0.03741251677274704,0.08881068974733353,0.04980843514204025,0.3197910785675049,0.896551724137931,0.8638191223144531,0.45823439955711365,0.4055847227573395,0.2624521255493164,0.03964830935001373,0.5517241379310345,1.0,0.4482758620689655,0.6665218472480774,0.39699339866638184,0.17039020359516144,0.044106826186180115,0.2414928674697876,0.37530356645584106,0.15573978424072266,0.032624900341033936,0.003854903392493725,disentangled,hybrid,0.5,20,0.1,0.05,0.05,4,36,2546b0018f0222ddd68b1ec3f179956fd740ffcff9ec2a69e1601f4337cbec49,22a637d55b85c86f063f1e0378398a9c9e14c444e2385cb5c8d129f5dbaf5834,13.45763173699379
D5_disentangled_strong,0,8,784,705,79,87,117,0.9540229885057471,0.9555851063829788,0.9941489361702127,0.951219512195122,0.975,0.9361702127659575,0.11894649267196655,0.00569220632314682,0.11325428634881973,0.07854406535625458,0.3113287091255188,0.9425287356321839,0.7804142832756042,0.23084354400634766,0.5495707392692566,0.27969348430633545,0.05129989609122276,0.6063218390804598,1.0,0.3936781609195402,0.7643217444419861,0.38106951117515564,0.11566983163356781,0.034071676433086395,0.18907740712165833,0.34602513909339905,0.11039076745510101,0.029269304126501083,0.004100746009498835,disentangled,hybrid,0.5,20,0.1,0.05,0.05,4,36,54e7c40772cc65327664f24b621cab0e2706987043049273f2f94ffac594b2c9,320a6b01ceadf3f5c387210a21d1b12a4fa046e9ade412585b2787983a0988d8,17.447216164320707
D5_disentangled_strong,0,9,784,705,79,87,104,0.6896551724137931,0.6811170212765958,0.6787234042553192,0.6301369863013698,0.575,0.7872340425531915,0.12169432640075684,0.014587770216166973,0.10710655897855759,0.056513410061597824,0.2771943509578705,0.9051724137931034,0.7798762321472168,0.2785881459712982,0.5012880563735962,0.30076631903648376,0.05544968694448471,0.6091954022988506,1.0,0.3908045977011494,0.7049383521080017,0.4218786358833313,0.1411983221769333,0.055440738797187805,0.1148160770535469,0.3523261547088623,0.12406224012374878,0.04736539348959923,0.0041844481602311134,disentangled,hybrid,0.5,20,0.1,0.05,0.05,4,36,a2de616feb34163b8bfaf07f7f8c021f11b3a1d097a8fe0ba51769d8497c6116,4786e123cab6fc1d3d304f372a3b8199b363cf815d653b83aae26825d4a37aad,16.902384728193283
D5_disentangled_strong,0,10,784,705,79,87,118,0.7126436781609196,0.7117021276595745,0.7138297872340426,0.6913580246913581,0.7,0.723404255319149,0.14357095956802368,0.014327461831271648,0.12924349308013916,0.06034483015537262,0.2850562334060669,0.8936781609195402,0.7912052869796753,0.2790282070636749,0.5121771097183228,0.234674334526062,0.05358482897281647,0.5545977011494253,1.0,0.4454022988505747,0.7003601789474487,0.39257925748825073,0.13027526438236237,0.042122237384319305,0.1122715175151825,0.3544566333293915,0.10990867763757706,0.028389379382133484,0.0037665681447833776,disentangled,hybrid,0.5,20,0.1,0.05,0.05,4,36,c8bba363687655e5be05b1a6541eb5d8c1b13b43652b18f6129308bd60d66a3f,a62fd95f46cac82b4ce0bea8414374c171fe4d69e4650236b0cc47728c672e1e,18.277324058115482
D5_disentangled_strong,1,1,783,704,79,88,74,0.8522727272727273,0.8508043591074208,0.9444732745199793,0.8395061728395061,0.8292682926829268,0.8723404255319149,0.1169244572520256,0.04789597913622856,0.06902848184108734,0.04261363670229912,0.27530139684677124,0.9460227272727273,0.7807190418243408,0.42309463024139404,0.3576244115829468,0.2443181872367859,0.11979596316814423,0.6136363636363636,1.0,0.38636363636363635,0.6378671526908875,0.45162302255630493,0.13931596279144287,0.056268125772476196,0.19955861568450928,0.4222487211227417,0.1266011744737625,0.039101507514715195,0.006579167675226927,disentangled,hybrid,0.5,20,0.1,0.05,0.05,4,36,2920d1a2d1c5d32a82a360b076199906c5b1dcce2976f609794a649b4f24b965,b1385392aa3ac534f43bb085860847e16e636e26f8c555ee6bf757cddabe0225,17.019706662744284
D5_disentangled_strong,1,2,784,705,79,87,127,0.9195402298850575,0.9172852598091199,0.9729586426299046,0.9113924050632912,0.8780487804878049,0.9565217391304348,0.11991463601589203,-0.0038521848618984222,0.12376682460308075,0.06513410061597824,0.30486294627189636,0.9396551724137931,0.7609457969665527,0.18244534730911255,0.5785004496574402,0.28735634684562683,0.06100880727171898,0.617816091954023,1.0,0.382183908045977,0.7358883023262024,0.3868202269077301,0.09799980372190475,0.04732351750135422,0.16599686443805695,0.34604835510253906,0.08832639455795288,0.03350309282541275,0.004828956909477711,disentangled,hybrid,0.5,20,0.1,0.05,0.05,4,36,d87e777eb4acacb566e3401489a14a386d3aabd27f8fc352f20d7f53ec110480,07e319a928d613c2087023eecde5d07d9a1c94903453366efd5534eb4ab61950,18.284699879586697
D5_disentangled_strong,1,3,784,705,79,87,74,0.7701149425287356,0.7613997879109226,0.820254506892895,0.7142857142857144,0.6097560975609756,0.9130434782608695,0.11685806512832642,0.03080790489912033,0.08605016022920609,0.06704981625080109,0.2796410322189331,0.9195402298850575,0.819908082485199,0.3813292980194092,0.4385787844657898,0.229885071516037,0.07542482018470764,0.6954022988505747,1.0,0.3045977011494253,0.6610609292984009,0.4269164502620697,0.2088588923215866,0.04338212311267853,0.3871418833732605,0.39085593819618225,0.20257142186164856,0.03626459091901779,0.006459591444581747,disentangled,hybrid,0.5,20,0.1,0.05,0.05,4,36,a39abe9c53b052d6f3f56b557b329f8023b72c008a3e9b97c8deba8d1d93732e,5f2fbd3a833e55b6b58d116d0276af7b6c31a6516f842a007253a706539d3875,13.373074240982533
D5_disentangled_strong,1,4,784,705,79,87,82,0.8160919540229885,0.8037234042553192,0.8547872340425532,0.7647058823529412,0.65,0.9574468085106383,0.10037387907505035,0.0038912943564355373,0.09648258239030838,0.04022988677024841,0.2730948328971863,0.8994252873563219,0.7801739573478699,0.3647633492946625,0.4154106080532074,0.23563218116760254,0.0842091292142868,0.6522988505747126,1.0,0.3477011494252874,0.6699822545051575,0.44562822580337524,0.1393660604953766,0.056109603494405746,0.26788920164108276,0.4242521822452545,0.1332271546125412,0.03926145285367966,0.007427510339766741,disentangled,hybrid,0.5,20,0.1,0.05,0.05,4,36,b485be0551cbc95ccd356c83160655cba129d0a3a6a69a369bd06596b521245f,506b0eacc412a6ed9661f284505bd998ffc505d26b35cd9db576757e2718d014,14.021834462881088
D5_disentangled_strong,1,5,784,705,79,87,72,0.8160919540229885,0.8167553191489361,0.9063829787234043,0.8048780487804876,0.825,0.8085106382978723,0.16518853604793549,0.044695571064949036,0.12049296498298645,0.06800767034292221,0.2164488285779953,0.8850574712643678,0.7694238424301147,0.29917028546333313,0.4702535569667816,0.2777777910232544,0.08283596485853195,0.6724137931034483,1.0,0.3275862068965517,0.7198362350463867,0.43466565012931824,0.18298368155956268,0.0447835773229599,0.24849312007427216,0.3911694884300232,0.1729860007762909,0.03370222449302673,0.003875148016959429,disentangled,hybrid,0.5,20,0.1,0.05,0.05,4,36,e2a03015f22672fbfe6b490e40234b1e7f587ead3b1c50554317d3fa2c6cac6f,77e4ce81cf22a7b3381a07394b972fec1233a4d1b4b57ed560fc2af75531c4a6,12.645374964922667
D5_disentangled_strong,1,6,784,705,79,87,146,0.8735632183908046,0.8680851063829788,0.8622340425531916,0.8533333333333333,0.8,0.9361702127659575,0.2218102514743805,0.039290014654397964,0.18252024054527283,0.10536398738622665,0.2729838490486145,0.9511494252873564,0.7829791903495789,0.22103022038936615,0.5619489550590515,0.3208812475204468,0.06365972757339478,0.5775862068965517,1.0,0.4224137931034483,0.7303417921066284,0.36772075295448303,0.11760522425174713,0.051590852439403534,0.13345077633857727,0.3535453677177429,0.10968180745840073,0.041141025722026825,0.0046347640454769135,disentangled,hybrid,0.5,20,0.1,0.05,0.05,4,36,ae65aacaa3b22a903bdfa6ab00e808767c668437e4d548a41d620be1c9aa421c,7ff0c827a399555b85dbd7d6c2ba5421b57ec0865e645f4fe54f9bd322cc4f40,20.260242514312267
D5_disentangled_strong,1,7,784,705,79,87,104,0.8505747126436781,0.8523936170212766,0.9319148936170213,0.8433734939759036,0.875,0.8297872340425532,0.10783164203166962,0.006820011883974075,0.10101163387298584,0.06417624652385712,0.28763440251350403,0.9396551724137931,0.784492015838623,0.27120137214660645,0.5132906436920166,0.2624521255493164,0.05600341781973839,0.6005747126436781,1.0,0.3994252873563219,0.7196509838104248,0.42029231786727905,0.1150544211268425,0.04659281671047211,0.11246107518672943,0.3579898774623871,0.10807712376117706,0.039536163210868835,0.004788662306964397,disentangled,hybrid,0.5,20,0.1,0.05,0.05,4,36,815265503b867ad67c643fea5c5dfbd1ab865ef2e2319f72987c75c5950a98c5,fd82ec906a00e64b9f9bf65b24f377d474d2ff27b5b8d465201ae481d29358b0,15.741933088749647
D5_disentangled_strong,1,8,784,705,79,87,93,0.8390804597701149,0.8398936170212765,0.9101063829787235,0.8292682926829269,0.85,0.8297872340425532,0.10253262519836426,-0.006211367901414633,0.10874399542808533,0.06704981625080109,0.3140902519226074,0.9310344827586207,0.8533914089202881,0.4725125730037689,0.38087883591651917,0.22413794696331024,0.05980037897825241,0.6724137931034483,1.0,0.3275862068965517,0.6254839301109314,0.39986491203308105,0.2151266485452652,0.04272303730249405,0.3277221620082855,0.38531601428985596,0.2077416032552719,0.03343712538480759,0.005356709007173777,disentangled,hybrid,0.5,20,0.1,0.05,0.05,4,36,8a717934c7cf6ca8e3eec31d50c84541b5e893560d90247c66bac6c72122f49e,c79da8e451c00398dd5f3b6612341b04cc025b69c26fb74d448438a6879a0e3a,15.048082433640957
D5_disentangled_strong,1,9,784,705,79,87,142,0.8620689655172413,0.8667553191489361,0.8968085106382978,0.8604651162790697,0.925,0.8085106382978723,0.22114424407482147,0.0783032700419426,0.14284098148345947,0.0871647521853447,0.2852938175201416,0.9454022988505747,0.8208127021789551,0.23355066776275635,0.5872620344161987,0.3496168553829193,0.029918964952230453,0.6264367816091954,1.0,0.37356321839080464,0.7693576812744141,0.3154760003089905,0.13204200565814972,0.05419813096523285,0.18759183585643768,0.31503891944885254,0.12202537804841995,0.048553772270679474,0.004464805591851473,disentangled,hybrid,0.5,20,0.1,0.05,0.05,4,36,942a80462f98f4d3fce30586297cf4f23cc81e179440c5f9deff9cdec55920d7,652cdbecd6ae84534d105609aab66425cd9d6d190b6f66e24f40d60246d8834e,19.74235826358199
D5_disentangled_strong,1,10,784,705,79,87,114,0.8620689655172413,0.8648936170212767,0.9090425531914894,0.8571428571428572,0.9,0.8297872340425532,0.16752545535564423,0.03518408164381981,0.13234136998653412,0.07471264898777008,0.31204646825790405,0.8850574712643678,0.8120061159133911,0.37336087226867676,0.43864524364471436,0.254789263010025,0.06013188511133194,0.6982758620689655,1.0,0.3017241379310345,0.6946120858192444,0.3665289282798767,0.16222317516803741,0.05313597619533539,0.1698339730501175,0.3640102446079254,0.15322349965572357,0.042131587862968445,0.0042142104357481,disentangled,hybrid,0.5,20,0.1,0.05,0.05,4,36,7b41f8ad7fcd078fb431f5a63fceae479f9e83add43115f2b2ef617b3b7b76f8,5e1601d629025a80932880e3361747b9fe3b45f582bdb3eb9d907a33197083a2,16.988908890634775
D5_disentangled_strong,2,1,783,704,79,88,78,0.7045454545454546,0.7125064867669952,0.8240788790866632,0.723404255319149,0.8292682926829268,0.5957446808510638,0.11435812711715698,0.010979315266013145,0.10337880998849869,0.07386364042758942,0.2478620857000351,0.9119318181818182,0.804574191570282,0.2756342887878418,0.5289399027824402,0.28409093618392944,0.054300762712955475,0.6477272727272727,1.0,0.3522727272727273,0.7450659275054932,0.47563591599464417,0.257985919713974,0.044736381620168686,0.3314436972141266,0.3604435622692108,0.2453940510749817,0.03637039288878441,0.013498860411345959,disentangled,hybrid,0.5,20,0.1,0.05,0.05,4,36,3482fd1c35313837f9b4cdf339fe1875d374253e510d1b51c5562b21b7b7d154,c1bb0997bbfd8d7b922458a3c8e6d97d8d3bdce8c8c3b35fc4af3bd10237fa84,17.714988570660353
D5_disentangled_strong,2,2,784,705,79,87,126,0.9080459770114943,0.9077412513255567,0.9644750795334041,0.9024390243902439,0.9024390243902439,0.9130434782608695,0.17989468574523926,0.02865113876760006,0.15124355256557465,0.06704981625080109,0.27015507221221924,0.9425287356321839,0.7483805418014526,0.2855815887451172,0.46279895305633545,0.23563221096992493,0.08811543881893158,0.5545977011494253,1.0,0.4454022988505747,0.691150426864624,0.3623080551624298,0.1407347470521927,0.04530646651983261,0.20491823554039001,0.39901405572891235,0.13141846656799316,0.035853393375873566,0.00354401976801455,disentangled,hybrid,0.5,20,0.1,0.05,0.05,4,36,86d25602768399e0a820f0f811f53a43edbccdf5b854970f742fb0148c040a1f,052b7c1f240943b89c3d96451df567113acacbf6fc45156e8c8d8b7c1c896973,19.34353020042181
D5_disentangled_strong,2,3,784,705,79,87,100,0.8390804597701149,0.8358960763520679,0.9310710498409331,0.8205128205128206,0.7804878048780488,0.8913043478260869,0.14834026992321014,0.03524847328662872,0.11309179663658142,0.06034483015537262,0.2957024574279785,0.8879310344827587,0.707085132598877,0.21872946619987488,0.4883556663990021,0.20114943385124207,0.12148050963878632,0.6637931034482759,1.0,0.3362068965517241,0.730396568775177,0.392928808927536,0.13892728090286255,0.039251986891031265,0.15371893346309662,0.4500032961368561,0.12629690766334534,0.026880085468292236,0.004003949463367462,disentangled,hybrid,0.5,20,0.1,0.05,0.05,4,36,2c2e7daeef8e34639d26c23063b040907966241b25debe7d461a57555717c118,6f938187d8096cd1be3585c9c4994e649f9bdb2d55e5c1ce8b5d8555a955a194,16.780113812536
D5_disentangled_strong,2,4,784,705,79,87,70,0.7931034482758621,0.788031914893617,0.8095744680851064,0.7631578947368423,0.725,0.851063829787234,0.1392633318901062,0.024828538298606873,0.11443479359149933,0.06704980880022049,0.2466847151517868,0.9166666666666666,0.8174239993095398,0.3026922345161438,0.514731764793396,0.2662835121154785,0.061686914414167404,0.6149425287356322,1.0,0.38505747126436785,0.6962673664093018,0.43496719002723694,0.21452966332435608,0.04750131070613861,0.3477562367916107,0.3792469799518585,0.21043498814105988,0.03446737304329872,0.005517696496099234,disentangled,hybrid,0.5,20,0.1,0.05,0.05,4,36,320be97d97002b36843b5e50592ea8c23f65cda0282fda50516b2fb7e94a9368,0604fee765e38b2d2ae29c08c3c610736343540e8cbed26c09b2d87b661bbbd5,13.315013445913792
D5_disentangled_strong,2,5,784,705,79,87,72,0.8735632183908046,0.8643617021276595,0.9090425531914894,0.8450704225352113,0.75,0.9787234042553191,0.11571410298347473,-0.009580092504620552,0.12529419362545013,0.06800767034292221,0.26422375440597534,0.9022988505747126,0.8045969009399414,0.41203126311302185,0.39256563782691956,0.18582376837730408,0.0851077064871788,0.6925287356321839,1.0,0.30747126436781613,0.642217755317688,0.4214361011981964,0.19873017072677612,0.04540073871612549,0.2835598886013031,0.41738665103912354,0.1929406374692917,0.03603610396385193,0.0039903391152620316,disentangled,hybrid,0.5,20,0.1,0.05,0.05,4,36,91de6c45307f97e22e3ef863f49ae5f8fff57887133da9b7525311e05d713bc0,67e3fa1fa1f884f9d5189d43ce65b1f954479284b875eb7831383cfed6f35e85,13.657570954412222
D5_disentangled_strong,2,6,784,705,79,87,120,0.8620689655172413,0.8574468085106384,0.8909574468085105,0.8421052631578948,0.8,0.9148936170212766,0.11802428960800171,0.0017538480460643768,0.11627043783664703,0.06513410061597824,0.28140169382095337,0.9224137931034483,0.7601970434188843,0.27701741456985474,0.48317962884902954,0.2787356376647949,0.06481175869703293,0.5488505747126436,1.0,0.45114942528735635,0.7047801613807678,0.37836509943008423,0.13150638341903687,0.04825184494256973,0.12940102815628052,0.36254698038101196,0.12702351808547974,0.03772642835974693,0.004038663115352392,disentangled,hybrid,0.5,20,0.1,0.05,0.05,4,36,8f20a89b70c47182365eb5a759f595d3fc9899f41a8636ad9f33aceea655e915,d04eba3453bfce85b92f79ca2886fcb1ff8e162a3820f45e4de367a275cbfd22,18.670892242342234
D5_disentangled_strong,2,7,784,705,79,87,93,0.8390804597701149,0.8287234042553191,0.8968085106382979,0.8,0.7,0.9574468085106383,0.11899201571941376,0.0028051971457898617,0.11618681997060776,0.07088122516870499,0.2791248857975006,0.9281609195402298,0.8477596044540405,0.43151289224624634,0.4162467122077942,0.1791187822818756,0.04471101984381676,0.6149425287356322,1.0,0.38505747126436785,0.6374790668487549,0.43437352776527405,0.18151116371154785,0.031941890716552734,0.2846147119998932,0.389290452003479,0.16448098421096802,0.02854154445230961,0.0054636150598526,disentangled,hybrid,0.5,20,0.1,0.05,0.05,4,36,513a510164e17f707c56364faab8ac18e09e92d52c2e3f633357ed178587da3e,64dcc6737b38a36a4ef62d96f187c67f4ff6d5baa0f0c7d29a8b07cadd2bb417,15.882931772619486
D5_disentangled_strong,2,8,784,705,79,87,88,0.8505747126436781,0.8523936170212766,0.9085106382978724,0.8433734939759036,0.875,0.8297872340425532,0.16915294528007507,0.04794488474726677,0.121208056807518,0.054597705602645874,0.2821023166179657,0.9080459770114943,0.8347302675247192,0.35146933794021606,0.4832609295845032,0.2586206793785095,0.051600199192762375,0.6235632183908046,1.0,0.37643678160919536,0.6976496577262878,0.3798019289970398,0.17149192094802856,0.04248853400349617,0.2403489053249359,0.3539317846298218,0.16662810742855072,0.03505101799964905,0.004655059427022934,disentangled,hybrid,0.5,20,0.1,0.05,0.05,4,36,f5768e86352919ec56daef6583c6054ddfd21302101d2730af6b18f4c64131bd,70db8ded5f6dea73a0e38324a6f6ba3c02620237f02119da66555023859fe5ff,15.251941353082657
D5_disentangled_strong,2,9,784,705,79,87,100,0.8390804597701149,0.8473404255319148,0.9292553191489361,0.8444444444444444,0.95,0.7446808510638298,0.15577912330627441,0.0320729985833168,0.12370612472295761,0.08429118990898132,0.2830337584018707,0.8936781609195402,0.805523157119751,0.29147523641586304,0.5140479207038879,0.2978927195072174,0.05193480849266052,0.5775862068965517,1.0,0.4224137931034483,0.723212480545044,0.40465620160102844,0.18141905963420868,0.046904757618904114,0.24918103218078613,0.3402056097984314,0.1660919189453125,0.040500931441783905,0.003469012212008238,disentangled,hybrid,0.5,20,0.1,0.05,0.05,4,36,a3c0c70665a03089f4fa1c545436d7ed5c4711ef072cb91dfbc77166f317d27d,8e67e90873784c9b98c8f037783fc5724684ad7e3c2eabb80facef0d6baa3c34,17.149118803441525
D5_disentangled_strong,2,10,784,705,79,87,148,0.896551724137931,0.8986702127659575,0.973404255319149,0.891566265060241,0.925,0.8723404255319149,0.21569272875785828,0.0697358101606369,0.14595691859722137,0.06321839988231659,0.316056489944458,0.9425287356321839,0.8156811594963074,0.23096653819084167,0.5847146511077881,0.3687739372253418,0.04511282593011856,0.603448275862069,1.0,0.39655172413793105,0.7139732837677002,0.36443987488746643,0.121132992208004,0.07086633145809174,0.1340988427400589,0.32337942719459534,0.11483900249004364,0.05591735988855362,0.0050277672708034515,disentangled,hybrid,0.5,20,0.1,0.05,0.05,4,36,e0a138bc0f257ca51d594da75ff7155ba8d41dea39e8c8ab6b0fd67f862a9261,0687adf467f0fee1d6d236581fb6992251bc8bc6aa94c08ac0a76c2476b06693,21.942507695406675
