config,seed,fold,subject_index,subject_id,true_original_label,true_asd,p_asd,pred_asd
D0_baseline,0,1,10,50014,1,1,0.9397330284118652,1
D0_baseline,0,1,14,50022,1,1,0.1491946130990982,0
D0_baseline,0,1,36,50045,2,0,0.2542321979999542,0
D0_baseline,0,1,42,50051,2,0,0.8716591000556946,1
D0_baseline,0,1,49,50060,2,0,0.09670805186033249,0
D0_baseline,0,1,53,50105,2,0,0.8185510039329529,1
D0_baseline,0,1,63,50117,2,0,0.3264543116092682,0
D0_baseline,0,1,67,50123,1,1,0.940025806427002,1
D0_baseline,0,1,83,50147,1,1,0.8429031372070312,1
D0_baseline,0,1,84,50148,1,1,0.9401405453681946,1
D0_baseline,0,1,96,50163,2,0,0.12711191177368164,0
D0_baseline,0,1,97,50164,2,0,0.08261226862668991,0
D0_baseline,0,1,111,50193,2,0,0.07585135102272034,0
D0_baseline,0,1,114,50196,2,0,0.6169862747192383,1
D0_baseline,0,1,123,50206,2,0,0.8560184240341187,1
D0_baseline,0,1,131,50233,1,1,0.9399518370628357,1
D0_baseline,0,1,132,50234,1,1,0.7275282740592957,1
D0_baseline,0,1,136,50240,1,1,0.9384352564811707,1
D0_baseline,0,1,141,50248,1,1,0.9398277401924133,1
D0_baseline,0,1,145,50252,1,1,0.6109681129455566,1
D0_baseline,0,1,146,50253,1,1,0.9333292245864868,1
D0_baseline,0,1,148,50255,1,1,0.9409691095352173,1
D0_baseline,0,1,152,50261,2,0,0.44380584359169006,0
D0_baseline,0,1,154,50263,2,0,0.08013887703418732,0
D0_baseline,0,1,164,50273,1,1,0.9322866201400757,1
D0_baseline,0,1,184,50302,1,1,0.9388903379440308,1
D0_baseline,0,1,202,50333,2,0,0.11834033578634262,0
D0_baseline,0,1,204,50335,2,0,0.07767796516418457,0
D0_baseline,0,1,210,50341,2,0,0.10022204369306564,0
D0_baseline,0,1,223,50354,2,0,0.17599603533744812,0
D0_baseline,0,1,241,50373,2,0,0.41568896174430847,0
D0_baseline,0,1,266,50410,1,1,0.9374082684516907,1
D0_baseline,0,1,271,50415,2,0,0.0883001983165741,0
D0_baseline,0,1,275,50419,2,0,0.07720732688903809,0
D0_baseline,0,1,278,50424,2,0,0.10022947192192078,0
D0_baseline,0,1,286,50436,2,0,0.5257370471954346,1
D0_baseline,0,1,292,50442,2,0,0.08805011212825775,0
D0_baseline,0,1,302,50466,2,0,0.0767965167760849,0
D0_baseline,0,1,303,50467,2,0,0.5483130216598511,1
D0_baseline,0,1,323,50498,1,1,0.9335921406745911,1
D0_baseline,0,1,326,50501,1,1,0.9393912553787231,1
D0_baseline,0,1,346,50529,1,1,0.937807023525238,1
D0_baseline,0,1,349,50532,1,1,0.9353716969490051,1
D0_baseline,0,1,352,50555,2,0,0.07627709209918976,0
D0_baseline,0,1,353,50557,2,0,0.09277234971523285,0
D0_baseline,0,1,360,50570,2,0,0.08850274235010147,0
D0_baseline,0,1,390,50628,1,1,0.9383944869041443,1
D0_baseline,0,1,397,50656,2,0,0.17766064405441284,0
D0_baseline,0,1,405,50686,1,1,0.9399938583374023,1
D0_baseline,0,1,408,50689,1,1,0.9418343901634216,1
D0_baseline,0,1,430,50722,2,0,0.07972730696201324,0
D0_baseline,0,1,435,50728,2,0,0.8710654973983765,1
D0_baseline,0,1,446,50743,1,1,0.9417604804039001,1
D0_baseline,0,1,451,50750,1,1,0.9415438771247864,1
D0_baseline,0,1,475,50798,1,1,0.0762222483754158,0
D0_baseline,0,1,476,50799,1,1,0.9399700164794922,1
D0_baseline,0,1,481,50812,2,0,0.08209919184446335,0
D0_baseline,0,1,490,50824,1,1,0.11140503734350204,0
D0_baseline,0,1,511,50976,1,1,0.9418655633926392,1
D0_baseline,0,1,522,50988,1,1,0.8687673211097717,1
D0_baseline,0,1,525,50991,1,1,0.3743182122707367,0
D0_baseline,0,1,537,51006,1,1,0.9414308071136475,1
D0_baseline,0,1,541,51010,1,1,0.5440919995307922,1
D0_baseline,0,1,557,51027,1,1,0.909741997718811,1
D0_baseline,0,1,559,51029,1,1,0.5987975597381592,1
D0_baseline,0,1,579,51052,2,0,0.08158518373966217,0
D0_baseline,0,1,584,51057,2,0,0.08735909312963486,0
D0_baseline,0,1,633,51109,2,0,0.07856474071741104,0
D0_baseline,0,1,636,51112,2,0,0.08805239945650101,0
D0_baseline,0,1,648,51129,2,0,0.08050959557294846,0
D0_baseline,0,1,655,51136,2,0,0.5032801032066345,1
D0_baseline,0,1,670,51154,2,0,0.07643386721611023,0
D0_baseline,0,1,692,51187,2,0,0.08188669383525848,0
D0_baseline,0,1,695,51192,2,0,0.07648385316133499,0
D0_baseline,0,1,696,51194,2,0,0.9163021445274353,1
D0_baseline,0,1,727,51234,1,1,0.9338946342468262,1
D0_baseline,0,1,732,51240,1,1,0.9378491640090942,1
D0_baseline,0,1,762,51281,2,0,0.09635493159294128,0
D0_baseline,0,1,765,51293,1,1,0.9407578706741333,1
D0_baseline,0,1,766,51294,1,1,0.44030264019966125,0
D0_baseline,0,1,779,51308,2,0,0.09784285724163055,0
D0_baseline,0,1,795,51330,1,1,0.9415512681007385,1
D0_baseline,0,1,798,51333,2,0,0.09823950380086899,0
D0_baseline,0,1,825,51369,2,0,0.20442217588424683,0
D0_baseline,0,1,828,51461,1,1,0.9405433535575867,1
D0_baseline,0,1,839,51487,2,0,0.47474759817123413,0
D0_baseline,0,1,854,51568,2,0,0.36296749114990234,0
D0_baseline,0,1,862,51578,1,1,0.9418811202049255,1
D0_baseline,0,2,2,50005,1,1,0.4977579414844513,0
D0_baseline,0,2,3,50006,1,1,0.921759843826294,1
D0_baseline,0,2,4,50007,1,1,0.4370940625667572,0
D0_baseline,0,2,20,50028,1,1,0.9213351011276245,1
D0_baseline,0,2,27,50036,2,0,0.08043409883975983,0
D0_baseline,0,2,35,50044,2,0,0.07852239906787872,0
D0_baseline,0,2,45,50054,2,0,0.9129955768585205,1
D0_baseline,0,2,57,50111,2,0,0.08096060901880264,0
D0_baseline,0,2,61,50115,2,0,0.08098055422306061,0
D0_baseline,0,2,69,50125,1,1,0.9213146567344666,1
D0_baseline,0,2,79,50143,1,1,0.9212995767593384,1
D0_baseline,0,2,87,50152,1,1,0.92167067527771,1
D0_baseline,0,2,116,50199,2,0,0.07954543828964233,0
D0_baseline,0,2,122,50205,2,0,0.080403171479702,0
D0_baseline,0,2,130,50232,1,1,0.9190887808799744,1
D0_baseline,0,2,133,50236,1,1,0.92097008228302,1
D0_baseline,0,2,147,50254,1,1,0.9164588451385498,1
D0_baseline,0,2,162,50271,2,0,0.07852056622505188,0
D0_baseline,0,2,170,50284,1,1,0.13813254237174988,0
D0_baseline,0,2,171,50285,1,1,0.08008642494678497,0
D0_baseline,0,2,183,50301,1,1,0.8990004062652588,1
D0_baseline,0,2,192,50319,1,1,0.9217435121536255,1
D0_baseline,0,2,197,50327,2,0,0.07913623750209808,0
D0_baseline,0,2,217,50348,2,0,0.0785021036863327,0
D0_baseline,0,2,218,50349,2,0,0.0816788375377655,0
D0_baseline,0,2,222,50353,2,0,0.07853516936302185,0
D0_baseline,0,2,232,50363,2,0,0.08101102709770203,0
D0_baseline,0,2,234,50365,2,0,0.07926441729068756,0
D0_baseline,0,2,257,50397,1,1,0.9217596650123596,1
D0_baseline,0,2,270,50414,2,0,0.1383841633796692,0
D0_baseline,0,2,282,50428,2,0,0.07967201620340347,0
D0_baseline,0,2,283,50433,2,0,0.08039017766714096,0
D0_baseline,0,2,294,50444,2,0,0.08625701069831848,0
D0_baseline,0,2,307,50477,1,1,0.8540840148925781,1
D0_baseline,0,2,316,50490,1,1,0.8275043964385986,1
D0_baseline,0,2,357,50565,2,0,0.10245908796787262,0
D0_baseline,0,2,363,50573,2,0,0.07866902649402618,0
D0_baseline,0,2,364,50574,2,0,0.07893197983503342,0
D0_baseline,0,2,372,50604,1,1,0.9217569231987,1
D0_baseline,0,2,381,50619,1,1,0.9200510382652283,1
D0_baseline,0,2,385,50623,1,1,0.9214387536048889,1
D0_baseline,0,2,394,50648,1,1,0.07866613566875458,0
D0_baseline,0,2,399,50664,2,0,0.07908757776021957,0
D0_baseline,0,2,407,50688,2,0,0.08149684965610504,0
D0_baseline,0,2,410,50691,2,0,0.07843638211488724,0
D0_baseline,0,2,417,50698,2,0,0.08660045266151428,0
D0_baseline,0,2,426,50707,2,0,0.0785834863781929,0
D0_baseline,0,2,450,50749,1,1,0.9217239022254944,1
D0_baseline,0,2,453,50752,1,1,0.9112716317176819,1
D0_baseline,0,2,462,50776,2,0,0.07953521609306335,0
D0_baseline,0,2,465,50780,2,0,0.07917772233486176,0
D0_baseline,0,2,478,50801,1,1,0.9102810621261597,1
D0_baseline,0,2,489,50823,1,1,0.920408308506012,1
D0_baseline,0,2,513,50978,1,1,0.9204654693603516,1
D0_baseline,0,2,528,50994,1,1,0.920436441898346,1
D0_baseline,0,2,535,51002,1,1,0.631191074848175,1
D0_baseline,0,2,543,51012,1,1,0.9112628102302551,1
D0_baseline,0,2,544,51013,1,1,0.7026649713516235,1
D0_baseline,0,2,546,51015,1,1,0.07853721082210541,0
D0_baseline,0,2,553,51023,1,1,0.9190545678138733,1
D0_baseline,0,2,558,51028,1,1,0.9214282035827637,1
D0_baseline,0,2,568,51040,2,0,0.08361607789993286,0
D0_baseline,0,2,572,51045,2,0,0.08212125301361084,0
D0_baseline,0,2,585,51058,2,0,0.08167675882577896,0
D0_baseline,0,2,592,51065,2,0,0.08097948879003525,0
D0_baseline,0,2,596,51069,2,0,0.08192671090364456,0
D0_baseline,0,2,612,51086,2,0,0.08233337104320526,0
D0_baseline,0,2,629,51104,2,0,0.08044438064098358,0
D0_baseline,0,2,642,51122,2,0,0.08215072005987167,0
D0_baseline,0,2,645,51126,2,0,0.0827380120754242,0
D0_baseline,0,2,646,51127,2,0,0.15975672006607056,0
D0_baseline,0,2,651,51132,2,0,0.08088883757591248,0
D0_baseline,0,2,681,51171,1,1,0.41135233640670776,0
D0_baseline,0,2,683,51177,1,1,0.9205103516578674,1
D0_baseline,0,2,690,51184,2,0,0.0801100879907608,0
D0_baseline,0,2,691,51185,2,0,0.33949917554855347,0
D0_baseline,0,2,718,51222,1,1,0.0795086920261383,0
D0_baseline,0,2,722,51226,1,1,0.07949057221412659,0
D0_baseline,0,2,728,51235,1,1,0.9212969541549683,1
D0_baseline,0,2,742,51256,2,0,0.080893874168396,0
D0_baseline,0,2,753,51271,2,0,0.08190098404884338,0
D0_baseline,0,2,793,51328,1,1,0.9198432564735413,1
D0_baseline,0,2,820,51361,2,0,0.07926324009895325,0
D0_baseline,0,2,824,51365,2,0,0.08114392310380936,0
D0_baseline,0,2,832,51473,1,1,0.08062488585710526,0
D0_baseline,0,2,840,51488,2,0,0.07902243733406067,0
D0_baseline,0,2,869,51606,1,1,0.07848010212182999,0
D0_baseline,0,3,21,50030,2,0,0.48813682794570923,0
D0_baseline,0,3,32,50041,2,0,0.05942542478442192,0
D0_baseline,0,3,34,50043,2,0,0.12483193725347519,0
D0_baseline,0,3,37,50046,2,0,0.056228987872600555,0
D0_baseline,0,3,70,50127,1,1,0.05825375020503998,0
D0_baseline,0,3,74,50131,1,1,0.23749664425849915,0
D0_baseline,0,3,86,50150,1,1,0.6335004568099976,1
D0_baseline,0,3,100,50169,2,0,0.05593389272689819,0
D0_baseline,0,3,119,50202,2,0,0.056451216340065,0
D0_baseline,0,3,151,50260,2,0,0.05645521357655525,0
D0_baseline,0,3,159,50268,2,0,0.05682601034641266,0
D0_baseline,0,3,160,50269,2,0,0.1719343066215515,0
D0_baseline,0,3,163,50272,1,1,0.91878741979599,1
D0_baseline,0,3,181,50298,1,1,0.7165381908416748,1
D0_baseline,0,3,187,50310,1,1,0.7963048219680786,1
D0_baseline,0,3,207,50338,2,0,0.0568547397851944,0
D0_baseline,0,3,258,50399,1,1,0.5016918182373047,1
D0_baseline,0,3,262,50405,1,1,0.9195893406867981,1
D0_baseline,0,3,264,50407,1,1,0.9191862940788269,1
D0_baseline,0,3,284,50434,2,0,0.056249864399433136,0
D0_baseline,0,3,287,50437,2,0,0.9155524373054504,1
D0_baseline,0,3,297,50447,2,0,0.22026321291923523,0
D0_baseline,0,3,310,50482,1,1,0.9185388088226318,1
D0_baseline,0,3,319,50493,1,1,0.9126983880996704,1
D0_baseline,0,3,327,50502,1,1,0.9180878400802612,1
D0_baseline,0,3,329,50504,1,1,0.9140390753746033,1
D0_baseline,0,3,333,50514,1,1,0.8353767991065979,1
D0_baseline,0,3,335,50516,1,1,0.9134209752082825,1
D0_baseline,0,3,337,50519,1,1,0.9140689373016357,1
D0_baseline,0,3,368,50578,2,0,0.8499753475189209,1
D0_baseline,0,3,370,50602,1,1,0.9046319127082825,1
D0_baseline,0,3,371,50603,1,1,0.9185316562652588,1
D0_baseline,0,3,379,50615,1,1,0.9184973835945129,1
D0_baseline,0,3,411,50692,2,0,0.05630141496658325,0
D0_baseline,0,3,425,50706,2,0,0.05652152746915817,0
D0_baseline,0,3,434,50726,2,0,0.06642616540193558,0
D0_baseline,0,3,439,50735,2,0,0.05591217428445816,0
D0_baseline,0,3,444,50741,2,0,0.05799603462219238,0
D0_baseline,0,3,456,50756,1,1,0.9176824688911438,1
D0_baseline,0,3,457,50757,1,1,0.48583951592445374,0
D0_baseline,0,3,497,50959,1,1,0.666469931602478,1
D0_baseline,0,3,499,50961,1,1,0.283294141292572,0
D0_baseline,0,3,502,50965,1,1,0.9175021052360535,1
D0_baseline,0,3,507,50970,1,1,0.9194304943084717,1
D0_baseline,0,3,514,50979,1,1,0.617877721786499,1
D0_baseline,0,3,539,51008,1,1,0.06119917705655098,0
D0_baseline,0,3,562,51033,1,1,0.8508513569831848,1
D0_baseline,0,3,576,51049,2,0,0.061297640204429626,0
D0_baseline,0,3,589,51062,2,0,0.0625135600566864,0
D0_baseline,0,3,605,51079,2,0,0.7733873724937439,1
D0_baseline,0,3,622,51097,2,0,0.06498777866363525,0
D0_baseline,0,3,626,51101,2,0,0.05654033273458481,0
D0_baseline,0,3,640,51117,2,0,0.06283137947320938,0
D0_baseline,0,3,661,51142,2,0,0.05581454932689667,0
D0_baseline,0,3,662,51146,2,0,0.060174714773893356,0
D0_baseline,0,3,669,51153,2,0,0.055833712220191956,0
D0_baseline,0,3,676,51163,1,1,0.19999343156814575,0
D0_baseline,0,3,678,51168,1,1,0.40951207280158997,0
D0_baseline,0,3,686,51180,2,0,0.05605413764715195,0
D0_baseline,0,3,688,51182,2,0,0.05630895867943764,0
D0_baseline,0,3,709,51212,1,1,0.906218409538269,1
D0_baseline,0,3,710,51214,1,1,0.9180746674537659,1
D0_baseline,0,3,713,51217,1,1,0.05628533288836479,0
D0_baseline,0,3,714,51218,1,1,0.9056167006492615,1
D0_baseline,0,3,716,51220,1,1,0.9155329465866089,1
D0_baseline,0,3,723,51228,1,1,0.9150533676147461,1
D0_baseline,0,3,737,51251,2,0,0.5124421119689941,1
D0_baseline,0,3,739,51253,2,0,0.08226179331541061,0
D0_baseline,0,3,745,51261,2,0,0.0831286609172821,0
D0_baseline,0,3,747,51264,2,0,0.0747794508934021,0
D0_baseline,0,3,754,51272,2,0,0.14288277924060822,0
D0_baseline,0,3,755,51273,2,0,0.7748551368713379,1
D0_baseline,0,3,756,51275,2,0,0.05793912336230278,0
D0_baseline,0,3,780,51309,2,0,0.9197213053703308,1
D0_baseline,0,3,786,51320,1,1,0.9113680720329285,1
D0_baseline,0,3,791,51326,1,1,0.7732293009757996,1
D0_baseline,0,3,800,51335,2,0,0.1078469455242157,0
D0_baseline,0,3,806,51342,2,0,0.09849271923303604,0
D0_baseline,0,3,819,51360,2,0,0.05584094300866127,0
D0_baseline,0,3,831,51465,1,1,0.9196992516517639,1
D0_baseline,0,3,834,51479,2,0,0.0589631013572216,0
D0_baseline,0,3,836,51481,2,0,0.05632719397544861,0
D0_baseline,0,3,842,51493,2,0,0.2332640141248703,0
D0_baseline,0,3,852,51566,2,0,0.10186928510665894,0
D0_baseline,0,3,853,51567,2,0,0.05608731880784035,0
D0_baseline,0,3,857,51572,1,1,0.9194759130477905,1
D0_baseline,0,3,868,51585,1,1,0.8864151239395142,1
D0_baseline,0,4,8,50012,1,1,0.9038320779800415,1
D0_baseline,0,4,13,50020,1,1,0.9290808439254761,1
D0_baseline,0,4,17,50025,1,1,0.9283878803253174,1
D0_baseline,0,4,29,50038,2,0,0.07597632706165314,0
D0_baseline,0,4,33,50042,2,0,0.1479467749595642,0
D0_baseline,0,4,43,50052,2,0,0.2311939299106598,0
D0_baseline,0,4,46,50056,1,1,0.9298603534698486,1
D0_baseline,0,4,55,50107,2,0,0.20544596016407013,0
D0_baseline,0,4,56,50109,2,0,0.25936535000801086,0
D0_baseline,0,4,58,50112,2,0,0.08370435982942581,0
D0_baseline,0,4,66,50121,1,1,0.9300299286842346,1
D0_baseline,0,4,72,50129,1,1,0.9294576644897461,1
D0_baseline,0,4,88,50153,1,1,0.7456305623054504,1
D0_baseline,0,4,99,50168,2,0,0.08484234660863876,0
D0_baseline,0,4,103,50182,1,1,0.9299202561378479,1
D0_baseline,0,4,106,50186,1,1,0.9254463911056519,1
D0_baseline,0,4,109,50189,1,1,0.9299644231796265,1
D0_baseline,0,4,113,50195,2,0,0.0833655446767807,0
D0_baseline,0,4,126,50213,2,0,0.07873494923114777,0
D0_baseline,0,4,135,50239,1,1,0.9291324019432068,1
D0_baseline,0,4,144,50251,1,1,0.5350602865219116,1
D0_baseline,0,4,158,50267,2,0,0.07889833301305771,0
D0_baseline,0,4,172,50287,1,1,0.10207788646221161,0
D0_baseline,0,4,175,50291,1,1,0.6851186156272888,1
D0_baseline,0,4,200,50331,2,0,0.08596381545066833,0
D0_baseline,0,4,211,50342,2,0,0.18958720564842224,0
D0_baseline,0,4,230,50361,2,0,0.08036345988512039,0
D0_baseline,0,4,231,50362,2,0,0.0770798847079277,0
D0_baseline,0,4,236,50367,2,0,0.08595086634159088,0
D0_baseline,0,4,243,50375,2,0,0.07636120915412903,0
D0_baseline,0,4,244,50376,2,0,0.07677078992128372,0
D0_baseline,0,4,263,50406,1,1,0.926732063293457,1
D0_baseline,0,4,280,50426,2,0,0.07872714102268219,0
D0_baseline,0,4,288,50438,2,0,0.07716768234968185,0
D0_baseline,0,4,306,50470,2,0,0.25938957929611206,0
D0_baseline,0,4,328,50503,1,1,0.9296621084213257,1
D0_baseline,0,4,339,50521,1,1,0.9191734194755554,1
D0_baseline,0,4,341,50524,1,1,0.9267586469650269,1
D0_baseline,0,4,345,50528,1,1,0.9283096790313721,1
D0_baseline,0,4,348,50531,1,1,0.8421660661697388,1
D0_baseline,0,4,351,50552,2,0,0.11559849232435226,0
D0_baseline,0,4,386,50624,1,1,0.9296631813049316,1
D0_baseline,0,4,412,50693,1,1,0.4787372052669525,0
D0_baseline,0,4,416,50697,1,1,0.9255363345146179,1
D0_baseline,0,4,436,50730,2,0,0.13772784173488617,0
D0_baseline,0,4,441,50738,2,0,0.08036589622497559,0
D0_baseline,0,4,445,50742,2,0,0.08677687495946884,0
D0_baseline,0,4,455,50755,1,1,0.9275447726249695,1
D0_baseline,0,4,460,50774,2,0,0.087895467877388,0
D0_baseline,0,4,461,50775,2,0,0.08127616345882416,0
D0_baseline,0,4,467,50782,2,0,0.0760011151432991,0
D0_baseline,0,4,496,50958,1,1,0.9191445708274841,1
D0_baseline,0,4,498,50960,1,1,0.6149752140045166,1
D0_baseline,0,4,508,50972,1,1,0.929563581943512,1
D0_baseline,0,4,509,50973,1,1,0.9264202117919922,1
D0_baseline,0,4,510,50974,1,1,0.9299668669700623,1
D0_baseline,0,4,516,50982,1,1,0.1032942533493042,0
D0_baseline,0,4,527,50993,1,1,0.9281787872314453,1
D0_baseline,0,4,551,51020,1,1,0.7629560828208923,1
D0_baseline,0,4,555,51025,1,1,0.9300468564033508,1
D0_baseline,0,4,566,51038,2,0,0.07597917318344116,0
D0_baseline,0,4,577,51050,2,0,0.07956470549106598,0
D0_baseline,0,4,586,51059,2,0,0.08382256329059601,0
D0_baseline,0,4,599,51073,2,0,0.07874085754156113,0
D0_baseline,0,4,606,51080,2,0,0.903421938419342,1
D0_baseline,0,4,607,51081,2,0,0.08720420300960541,0
D0_baseline,0,4,616,51090,2,0,0.08789398521184921,0
D0_baseline,0,4,619,51094,2,0,0.09058763831853867,0
D0_baseline,0,4,631,51106,2,0,0.08375061303377151,0
D0_baseline,0,4,632,51107,2,0,0.8158835768699646,1
D0_baseline,0,4,657,51138,2,0,0.08401333540678024,0
D0_baseline,0,4,658,51139,2,0,0.08768120408058167,0
D0_baseline,0,4,664,51148,2,0,0.08665462583303452,0
D0_baseline,0,4,665,51149,2,0,0.07621079683303833,0
D0_baseline,0,4,693,51188,2,0,0.0844307392835617,0
D0_baseline,0,4,697,51197,2,0,0.0970294177532196,0
D0_baseline,0,4,698,51198,2,0,0.0954395979642868,0
D0_baseline,0,4,700,51202,1,1,0.9279989004135132,1
D0_baseline,0,4,701,51203,1,1,0.9299319982528687,1
D0_baseline,0,4,703,51205,1,1,0.9267728328704834,1
D0_baseline,0,4,730,51237,1,1,0.925375759601593,1
D0_baseline,0,4,735,51249,1,1,0.9282888770103455,1
D0_baseline,0,4,767,51295,1,1,0.9283146262168884,1
D0_baseline,0,4,772,51301,1,1,0.41696101427078247,0
D0_baseline,0,4,776,51305,2,0,0.8915555477142334,1
D0_baseline,0,4,845,51558,2,0,0.07609452307224274,0
D0_baseline,0,4,851,51565,2,0,0.5265166759490967,1
D0_baseline,0,5,0,50003,1,1,0.14744438230991364,0
D0_baseline,0,5,6,50010,1,1,0.745117723941803,1
D0_baseline,0,5,18,50026,1,1,0.6346047520637512,1
D0_baseline,0,5,19,50027,1,1,0.11338883638381958,0
D0_baseline,0,5,50,50102,2,0,0.12438268214464188,0
D0_baseline,0,5,64,50118,1,1,0.7742658257484436,1
D0_baseline,0,5,77,50135,1,1,0.7666956782341003,1
D0_baseline,0,5,78,50142,1,1,0.774057924747467,1
D0_baseline,0,5,81,50145,1,1,0.40030184388160706,0
D0_baseline,0,5,98,50167,2,0,0.1243307963013649,0
D0_baseline,0,5,112,50194,2,0,0.11340492218732834,0
D0_baseline,0,5,125,50210,2,0,0.11529368907213211,0
D0_baseline,0,5,128,50215,2,0,0.1172516718506813,0
D0_baseline,0,5,142,50249,1,1,0.7748561501502991,1
D0_baseline,0,5,143,50250,1,1,0.12111961096525192,0
D0_baseline,0,5,157,50266,2,0,0.118748739361763,0
D0_baseline,0,5,161,50270,2,0,0.11397308111190796,0
D0_baseline,0,5,167,50276,1,1,0.7709829807281494,1
D0_baseline,0,5,198,50329,2,0,0.1662929654121399,0
D0_baseline,0,5,205,50336,2,0,0.11526798456907272,0
D0_baseline,0,5,220,50351,2,0,0.12089639157056808,0
D0_baseline,0,5,221,50352,2,0,0.13833320140838623,0
D0_baseline,0,5,226,50357,2,0,0.11974086612462997,0
D0_baseline,0,5,227,50358,2,0,0.19628667831420898,0
D0_baseline,0,5,249,50382,2,0,0.11463473737239838,0
D0_baseline,0,5,250,50383,2,0,0.11395785957574844,0
D0_baseline,0,5,267,50411,1,1,0.7726664543151855,1
D0_baseline,0,5,277,50422,2,0,0.3571155071258545,0
D0_baseline,0,5,305,50469,2,0,0.11698051542043686,0
D0_baseline,0,5,318,50492,1,1,0.6313604116439819,1
D0_baseline,0,5,321,50496,1,1,0.6131160855293274,1
D0_baseline,0,5,336,50518,1,1,0.6639097929000854,1
D0_baseline,0,5,367,50577,2,0,0.11412325501441956,0
D0_baseline,0,5,373,50606,1,1,0.7009024024009705,1
D0_baseline,0,5,383,50621,1,1,0.49299347400665283,0
D0_baseline,0,5,391,50642,1,1,0.6595490574836731,1
D0_baseline,0,5,433,50725,2,0,0.11463727056980133,0
D0_baseline,0,5,469,50786,2,0,0.28093668818473816,0
D0_baseline,0,5,471,50791,1,1,0.4996315538883209,0
D0_baseline,0,5,500,50962,1,1,0.1267932802438736,0
D0_baseline,0,5,504,50967,1,1,0.6743173599243164,1
D0_baseline,0,5,529,50995,1,1,0.7726877927780151,1
D0_baseline,0,5,533,51000,1,1,0.7733398079872131,1
D0_baseline,0,5,556,51026,1,1,0.768322229385376,1
D0_baseline,0,5,560,51030,1,1,0.7722713947296143,1
D0_baseline,0,5,567,51039,2,0,0.11450733244419098,0
D0_baseline,0,5,570,51042,2,0,0.11350376158952713,0
D0_baseline,0,5,574,51047,2,0,0.1182982474565506,0
D0_baseline,0,5,597,51070,2,0,0.12059415131807327,0
D0_baseline,0,5,601,51075,2,0,0.1192668154835701,0
D0_baseline,0,5,621,51096,2,0,0.1152988001704216,0
D0_baseline,0,5,624,51099,2,0,0.11373293399810791,0
D0_baseline,0,5,625,51100,2,0,0.11750384420156479,0
D0_baseline,0,5,628,51103,2,0,0.42361629009246826,0
D0_baseline,0,5,643,51123,2,0,0.12557381391525269,0
D0_baseline,0,5,647,51128,2,0,0.11419494450092316,0
D0_baseline,0,5,650,51131,2,0,0.12484077364206314,0
D0_baseline,0,5,654,51135,2,0,0.1255321502685547,0
D0_baseline,0,5,656,51137,2,0,0.11338123679161072,0
D0_baseline,0,5,659,51140,2,0,0.11458268016576767,0
D0_baseline,0,5,671,51155,2,0,0.11336642503738403,0
D0_baseline,0,5,674,51161,1,1,0.7227824330329895,1
D0_baseline,0,5,680,51170,1,1,0.11597542464733124,0
D0_baseline,0,5,702,51204,1,1,0.7654088139533997,1
D0_baseline,0,5,733,51241,1,1,0.12204989045858383,0
D0_baseline,0,5,734,51248,1,1,0.7536672353744507,1
D0_baseline,0,5,741,51255,2,0,0.1135389432311058,0
D0_baseline,0,5,748,51265,2,0,0.11336801946163177,0
D0_baseline,0,5,749,51266,2,0,0.7403807044029236,1
D0_baseline,0,5,757,51276,2,0,0.1162293404340744,0
D0_baseline,0,5,758,51277,2,0,0.11397196352481842,0
D0_baseline,0,5,761,51280,2,0,0.11668235808610916,0
D0_baseline,0,5,764,51292,1,1,0.7677633166313171,1
D0_baseline,0,5,768,51297,1,1,0.7668240070343018,1
D0_baseline,0,5,785,51319,1,1,0.7734541296958923,1
D0_baseline,0,5,789,51323,1,1,0.7681074142456055,1
D0_baseline,0,5,796,51331,1,1,0.609462559223175,1
D0_baseline,0,5,797,51332,2,0,0.11622074991464615,0
D0_baseline,0,5,804,51340,2,0,0.11966110020875931,0
D0_baseline,0,5,807,51343,2,0,0.12064182758331299,0
D0_baseline,0,5,808,51344,2,0,0.11335699260234833,0
D0_baseline,0,5,814,51351,1,1,0.2189425230026245,0
D0_baseline,0,5,829,51463,1,1,0.5099924206733704,1
D0_baseline,0,5,846,51559,2,0,0.11342282593250275,0
D0_baseline,0,5,864,51580,1,1,0.26877036690711975,0
D0_baseline,0,5,867,51584,1,1,0.6200309991836548,1
D0_baseline,0,5,870,51607,1,1,0.26449981331825256,0
D0_baseline,0,6,7,50011,1,1,0.9129564762115479,1
D0_baseline,0,6,12,50016,1,1,0.9152373671531677,1
D0_baseline,0,6,22,50031,2,0,0.04040474817156792,0
D0_baseline,0,6,25,50034,2,0,0.04113045707345009,0
D0_baseline,0,6,28,50037,2,0,0.04028491675853729,0
D0_baseline,0,6,30,50039,2,0,0.830839991569519,1
D0_baseline,0,6,31,50040,2,0,0.04317830130457878,0
D0_baseline,0,6,38,50047,2,0,0.04024758189916611,0
D0_baseline,0,6,51,50103,2,0,0.2722698152065277,0
D0_baseline,0,6,60,50114,2,0,0.04017427936196327,0
D0_baseline,0,6,68,50124,1,1,0.797724187374115,1
D0_baseline,0,6,71,50128,1,1,0.9132474660873413,1
D0_baseline,0,6,76,50134,1,1,0.8274657726287842,1
D0_baseline,0,6,102,50171,2,0,0.04023571312427521,0
D0_baseline,0,6,110,50190,1,1,0.9032599925994873,1
D0_baseline,0,6,129,50217,2,0,0.04085972532629967,0
D0_baseline,0,6,137,50241,1,1,0.9143082499504089,1
D0_baseline,0,6,150,50259,2,0,0.0402962788939476,0
D0_baseline,0,6,174,50290,1,1,0.9097779989242554,1
D0_baseline,0,6,176,50292,1,1,0.9142782092094421,1
D0_baseline,0,6,179,50295,1,1,0.9149707555770874,1
D0_baseline,0,6,188,50312,1,1,0.8802571892738342,1
D0_baseline,0,6,194,50321,1,1,0.9133810997009277,1
D0_baseline,0,6,209,50340,2,0,0.04134941101074219,0
D0_baseline,0,6,212,50343,2,0,0.8386132717132568,1
D0_baseline,0,6,213,50344,2,0,0.041350189596414566,0
D0_baseline,0,6,215,50346,2,0,0.041496019810438156,0
D0_baseline,0,6,225,50356,2,0,0.0422029122710228,0
D0_baseline,0,6,240,50372,2,0,0.04301312193274498,0
D0_baseline,0,6,247,50380,2,0,0.07073874771595001,0
D0_baseline,0,6,252,50386,2,0,0.041127532720565796,0
D0_baseline,0,6,253,50387,2,0,0.04218195006251335,0
D0_baseline,0,6,255,50390,2,0,0.040755826979875565,0
D0_baseline,0,6,268,50412,1,1,0.9154674410820007,1
D0_baseline,0,6,279,50425,2,0,0.04061165079474449,0
D0_baseline,0,6,281,50427,2,0,0.043002717196941376,0
D0_baseline,0,6,308,50480,1,1,0.9150855541229248,1
D0_baseline,0,6,309,50481,1,1,0.9149654507637024,1
D0_baseline,0,6,315,50488,1,1,0.9142768383026123,1
D0_baseline,0,6,332,50510,1,1,0.9142552614212036,1
D0_baseline,0,6,338,50520,1,1,0.9146870970726013,1
D0_baseline,0,6,342,50525,1,1,0.6009564399719238,1
D0_baseline,0,6,355,50561,2,0,0.04113069176673889,0
D0_baseline,0,6,358,50568,2,0,0.04036097228527069,0
D0_baseline,0,6,361,50571,2,0,0.33395254611968994,0
D0_baseline,0,6,369,50601,1,1,0.1604204624891281,0
D0_baseline,0,6,377,50613,1,1,0.9130472540855408,1
D0_baseline,0,6,389,50627,1,1,0.9143048524856567,1
D0_baseline,0,6,403,50683,2,0,0.04220644384622574,0
D0_baseline,0,6,409,50690,1,1,0.040547486394643784,0
D0_baseline,0,6,413,50694,1,1,0.9115930795669556,1
D0_baseline,0,6,415,50696,1,1,0.915290892124176,1
D0_baseline,0,6,419,50700,1,1,0.9154596924781799,1
D0_baseline,0,6,422,50703,2,0,0.040780507028102875,0
D0_baseline,0,6,437,50731,2,0,0.04204641655087471,0
D0_baseline,0,6,438,50733,2,0,0.040423162281513214,0
D0_baseline,0,6,443,50740,2,0,0.040402043610811234,0
D0_baseline,0,6,447,50744,1,1,0.6194726824760437,1
D0_baseline,0,6,449,50748,1,1,0.9076452255249023,1
D0_baseline,0,6,470,50790,2,0,0.040403787046670914,0
D0_baseline,0,6,488,50822,2,0,0.04041426628828049,0
D0_baseline,0,6,492,50954,1,1,0.04085833206772804,0
D0_baseline,0,6,495,50957,1,1,0.9051019549369812,1
D0_baseline,0,6,505,50968,1,1,0.9133962988853455,1
D0_baseline,0,6,517,50983,1,1,0.9052441716194153,1
D0_baseline,0,6,523,50989,1,1,0.9129779934883118,1
D0_baseline,0,6,547,51016,1,1,0.9146530628204346,1
D0_baseline,0,6,552,51021,1,1,0.9152194857597351,1
D0_baseline,0,6,580,51053,2,0,0.04349218308925629,0
D0_baseline,0,6,581,51054,2,0,0.04219040647149086,0
D0_baseline,0,6,582,51055,2,0,0.04234765097498894,0
D0_baseline,0,6,600,51074,2,0,0.04065417870879173,0
D0_baseline,0,6,615,51089,2,0,0.04286611080169678,0
D0_baseline,0,6,634,51110,2,0,0.043192923069000244,0
D0_baseline,0,6,663,51147,2,0,0.041333090513944626,0
D0_baseline,0,6,684,51178,1,1,0.9069709777832031,1
D0_baseline,0,6,699,51201,1,1,0.6275336146354675,1
D0_baseline,0,6,708,51211,1,1,0.22186167538166046,0
D0_baseline,0,6,740,51254,2,0,0.04147350788116455,0
D0_baseline,0,6,752,51269,2,0,0.042734455317258835,0
D0_baseline,0,6,760,51279,2,0,0.04041333496570587,0
D0_baseline,0,6,811,51347,2,0,0.041483040899038315,0
D0_baseline,0,6,821,51362,2,0,0.043361447751522064,0
D0_baseline,0,6,833,51477,2,0,0.04035324603319168,0
D0_baseline,0,6,843,51556,2,0,0.04165482521057129,0
D0_baseline,0,6,859,51574,1,1,0.9143370985984802,1
D0_baseline,0,6,861,51577,1,1,0.9141778945922852,1
D0_baseline,0,7,16,50024,1,1,0.8742496371269226,1
D0_baseline,0,7,26,50035,2,0,0.1798548549413681,0
D0_baseline,0,7,40,50049,2,0,0.1760527342557907,0
D0_baseline,0,7,54,50106,2,0,0.8668575286865234,1
D0_baseline,0,7,80,50144,1,1,0.8722310662269592,1
D0_baseline,0,7,82,50146,1,1,0.17614828050136566,0
D0_baseline,0,7,90,50157,2,0,0.5592389702796936,1
D0_baseline,0,7,91,50158,2,0,0.17697560787200928,0
D0_baseline,0,7,95,50162,2,0,0.2990918457508087,0
D0_baseline,0,7,104,50183,1,1,0.8737308979034424,1
D0_baseline,0,7,153,50262,2,0,0.1869887113571167,0
D0_baseline,0,7,156,50265,2,0,0.18619592487812042,0
D0_baseline,0,7,165,50274,1,1,0.8705204129219055,1
D0_baseline,0,7,166,50275,1,1,0.8739521503448486,1
D0_baseline,0,7,169,50282,1,1,0.8676709532737732,1
D0_baseline,0,7,178,50294,1,1,0.8684806227684021,1
D0_baseline,0,7,189,50314,1,1,0.8704343438148499,1
D0_baseline,0,7,190,50315,1,1,0.8739564418792725,1
D0_baseline,0,7,191,50318,1,1,0.5114662051200867,1
D0_baseline,0,7,208,50339,2,0,0.17646324634552002,0
D0_baseline,0,7,214,50345,2,0,0.2168627232313156,0
D0_baseline,0,7,224,50355,2,0,0.23632657527923584,0
D0_baseline,0,7,233,50364,2,0,0.49539944529533386,0
D0_baseline,0,7,245,50377,2,0,0.1771569699048996,0
D0_baseline,0,7,246,50379,2,0,0.18336409330368042,0
D0_baseline,0,7,251,50385,2,0,0.7857672572135925,1
D0_baseline,0,7,261,50404,1,1,0.8740646839141846,1
D0_baseline,0,7,276,50421,2,0,0.1760018765926361,0
D0_baseline,0,7,285,50435,2,0,0.17717301845550537,0
D0_baseline,0,7,289,50439,2,0,0.18614481389522552,0
D0_baseline,0,7,296,50446,2,0,0.1849016398191452,0
D0_baseline,0,7,298,50448,2,0,0.6884254217147827,1
D0_baseline,0,7,304,50468,2,0,0.2884078323841095,0
D0_baseline,0,7,314,50487,1,1,0.8704842925071716,1
D0_baseline,0,7,325,50500,1,1,0.8729098439216614,1
D0_baseline,0,7,350,50551,2,0,0.1841464787721634,0
D0_baseline,0,7,398,50659,2,0,0.41145604848861694,0
D0_baseline,0,7,420,50701,2,0,0.18032748997211456,0
D0_baseline,0,7,423,50704,1,1,0.3938053846359253,0
D0_baseline,0,7,424,50705,1,1,0.5278172492980957,1
D0_baseline,0,7,428,50709,2,0,0.1836046725511551,0
D0_baseline,0,7,452,50751,1,1,0.8504621386528015,1
D0_baseline,0,7,459,50773,2,0,0.18048599362373352,0
D0_baseline,0,7,474,50797,1,1,0.8713741898536682,1
D0_baseline,0,7,479,50803,1,1,0.8698879480361938,1
D0_baseline,0,7,480,50807,1,1,0.8692899346351624,1
D0_baseline,0,7,484,50817,2,0,0.17890824377536774,0
D0_baseline,0,7,485,50818,2,0,0.18831083178520203,0
D0_baseline,0,7,487,50821,2,0,0.17795073986053467,0
D0_baseline,0,7,494,50956,1,1,0.8704203963279724,1
D0_baseline,0,7,512,50977,1,1,0.8741210103034973,1
D0_baseline,0,7,515,50981,1,1,0.8446674942970276,1
D0_baseline,0,7,518,50984,1,1,0.872867226600647,1
D0_baseline,0,7,520,50986,1,1,0.7616145610809326,1
D0_baseline,0,7,526,50992,1,1,0.8716058731079102,1
D0_baseline,0,7,536,51003,1,1,0.8742232918739319,1
D0_baseline,0,7,540,51009,1,1,0.8701015114784241,1
D0_baseline,0,7,545,51014,1,1,0.8730443120002747,1
D0_baseline,0,7,578,51051,2,0,0.18033228814601898,0
D0_baseline,0,7,590,51063,2,0,0.1767766922712326,0
D0_baseline,0,7,603,51077,2,0,0.6872050762176514,1
D0_baseline,0,7,617,51091,2,0,0.18288543820381165,0
D0_baseline,0,7,630,51105,2,0,0.17643426358699799,0
D0_baseline,0,7,641,51118,2,0,0.742266833782196,1
D0_baseline,0,7,644,51124,2,0,0.17644819617271423,0
D0_baseline,0,7,666,51150,2,0,0.17715418338775635,0
D0_baseline,0,7,667,51151,2,0,0.18488210439682007,0
D0_baseline,0,7,672,51156,2,0,0.1778009980916977,0
D0_baseline,0,7,675,51162,1,1,0.8739525079727173,1
D0_baseline,0,7,685,51179,1,1,0.8737098574638367,1
D0_baseline,0,7,706,51208,1,1,0.6099807620048523,1
D0_baseline,0,7,715,51219,1,1,0.8698471784591675,1
D0_baseline,0,7,720,51224,1,1,0.6915037035942078,1
D0_baseline,0,7,725,51230,1,1,0.8738523125648499,1
D0_baseline,0,7,746,51262,2,0,0.19751770794391632,0
D0_baseline,0,7,763,51291,1,1,0.8713555335998535,1
D0_baseline,0,7,775,51304,2,0,0.20232108235359192,0
D0_baseline,0,7,781,51311,2,0,0.17627686262130737,0
D0_baseline,0,7,790,51325,1,1,0.8735342621803284,1
D0_baseline,0,7,792,51327,1,1,0.873957097530365,1
D0_baseline,0,7,799,51334,2,0,0.17653752863407135,0
D0_baseline,0,7,803,51339,2,0,0.17629113793373108,0
D0_baseline,0,7,837,51482,2,0,0.18268568813800812,0
D0_baseline,0,7,838,51484,2,0,0.423105925321579,0
D0_baseline,0,7,841,51491,2,0,0.17595313489437103,0
D0_baseline,0,7,860,51576,1,1,0.5866014361381531,1
D0_baseline,0,7,865,51582,1,1,0.8741536736488342,1
D0_baseline,0,8,5,50008,1,1,0.8115410804748535,1
D0_baseline,0,8,9,50013,1,1,0.8144366145133972,1
D0_baseline,0,8,23,50032,2,0,0.14711983501911163,0
D0_baseline,0,8,24,50033,2,0,0.15324494242668152,0
D0_baseline,0,8,73,50130,1,1,0.8138189315795898,1
D0_baseline,0,8,75,50132,1,1,0.811082661151886,1
D0_baseline,0,8,85,50149,1,1,0.814423680305481,1
D0_baseline,0,8,105,50184,1,1,0.8126170039176941,1
D0_baseline,0,8,120,50203,2,0,0.14646153151988983,0
D0_baseline,0,8,124,50208,2,0,0.1515134572982788,0
D0_baseline,0,8,134,50237,1,1,0.8099498748779297,1
D0_baseline,0,8,138,50243,1,1,0.8138700127601624,1
D0_baseline,0,8,139,50245,1,1,0.8141325116157532,1
D0_baseline,0,8,155,50264,2,0,0.26281774044036865,0
D0_baseline,0,8,173,50289,1,1,0.502901554107666,1
D0_baseline,0,8,201,50332,2,0,0.14706957340240479,0
D0_baseline,0,8,216,50347,2,0,0.15287016332149506,0
D0_baseline,0,8,228,50359,2,0,0.30717143416404724,0
D0_baseline,0,8,229,50360,2,0,0.1502053439617157,0
D0_baseline,0,8,235,50366,2,0,0.3763717710971832,0
D0_baseline,0,8,239,50370,2,0,0.5916906595230103,1
D0_baseline,0,8,269,50413,1,1,0.8075345754623413,1
D0_baseline,0,8,272,50416,2,0,0.14720620214939117,0
D0_baseline,0,8,273,50417,2,0,0.14945581555366516,0
D0_baseline,0,8,290,50440,2,0,0.800934374332428,1
D0_baseline,0,8,291,50441,2,0,0.14655597507953644,0
D0_baseline,0,8,299,50449,2,0,0.14650963246822357,0
D0_baseline,0,8,313,50486,1,1,0.8129072785377502,1
D0_baseline,0,8,324,50499,1,1,0.814426839351654,1
D0_baseline,0,8,330,50507,1,1,0.7708508968353271,1
D0_baseline,0,8,343,50526,1,1,0.8100749254226685,1
D0_baseline,0,8,344,50527,1,1,0.8138582706451416,1
D0_baseline,0,8,362,50572,2,0,0.14647746086120605,0
D0_baseline,0,8,380,50616,1,1,0.81412672996521,1
D0_baseline,0,8,388,50626,1,1,0.8138027787208557,1
D0_baseline,0,8,400,50665,2,0,0.4338800609111786,0
D0_baseline,0,8,402,50682,2,0,0.14972665905952454,0
D0_baseline,0,8,404,50685,2,0,0.2428761124610901,0
D0_baseline,0,8,421,50702,1,1,0.8137449622154236,1
D0_baseline,0,8,427,50708,1,1,0.8144222497940063,1
D0_baseline,0,8,431,50723,2,0,0.15975913405418396,0
D0_baseline,0,8,463,50777,2,0,0.4629497230052948,0
D0_baseline,0,8,472,50792,1,1,0.8118457198143005,1
D0_baseline,0,8,473,50796,1,1,0.8140592575073242,1
D0_baseline,0,8,477,50800,1,1,0.8144111037254333,1
D0_baseline,0,8,486,50820,2,0,0.15153005719184875,0
D0_baseline,0,8,519,50985,1,1,0.81020587682724,1
D0_baseline,0,8,521,50987,1,1,0.8114532232284546,1
D0_baseline,0,8,524,50990,1,1,0.8110010623931885,1
D0_baseline,0,8,530,50996,1,1,0.8043793439865112,1
D0_baseline,0,8,538,51007,1,1,0.8134464621543884,1
D0_baseline,0,8,548,51017,1,1,0.8139525651931763,1
D0_baseline,0,8,549,51018,1,1,0.8138304948806763,1
D0_baseline,0,8,554,51024,1,1,0.8142343163490295,1
D0_baseline,0,8,563,51034,1,1,0.8120740056037903,1
D0_baseline,0,8,565,51036,2,0,0.1504105031490326,0
D0_baseline,0,8,573,51046,2,0,0.4000197649002075,0
D0_baseline,0,8,593,51066,2,0,0.14685244858264923,0
D0_baseline,0,8,608,51082,2,0,0.47800496220588684,0
D0_baseline,0,8,613,51087,2,0,0.2415134310722351,0
D0_baseline,0,8,618,51093,2,0,0.14713191986083984,0
D0_baseline,0,8,620,51095,2,0,0.6766834855079651,1
D0_baseline,0,8,635,51111,2,0,0.1474674493074417,0
D0_baseline,0,8,652,51133,2,0,0.814409077167511,1
D0_baseline,0,8,653,51134,2,0,0.14852872490882874,0
D0_baseline,0,8,668,51152,2,0,0.32364800572395325,0
D0_baseline,0,8,682,51173,1,1,0.8144086003303528,1
D0_baseline,0,8,687,51181,2,0,0.5946617126464844,1
D0_baseline,0,8,717,51221,1,1,0.808410108089447,1
D0_baseline,0,8,719,51223,1,1,0.8138622045516968,1
D0_baseline,0,8,731,51239,1,1,0.8058269023895264,1
D0_baseline,0,8,743,51257,2,0,0.8144015669822693,1
D0_baseline,0,8,751,51268,2,0,0.1465650200843811,0
D0_baseline,0,8,759,51278,2,0,0.6663678288459778,1
D0_baseline,0,8,770,51299,1,1,0.8098836541175842,1
D0_baseline,0,8,773,51302,1,1,0.8137997388839722,1
D0_baseline,0,8,782,51313,2,0,0.14767594635486603,0
D0_baseline,0,8,809,51345,2,0,0.6042954325675964,1
D0_baseline,0,8,810,51346,2,0,0.14659126102924347,0
D0_baseline,0,8,816,51356,2,0,0.8142352104187012,1
D0_baseline,0,8,826,51370,2,0,0.1471860259771347,0
D0_baseline,0,8,827,51373,2,0,0.1538839489221573,0
D0_baseline,0,8,830,51464,1,1,0.8122643828392029,1
D0_baseline,0,8,844,51557,2,0,0.14996959269046783,0
D0_baseline,0,8,849,51563,2,0,0.1464485079050064,0
D0_baseline,0,8,855,51569,2,0,0.40851011872291565,0
D0_baseline,0,8,858,51573,1,1,0.7242043018341064,1
D0_baseline,0,9,1,50004,1,1,0.9192105531692505,1
D0_baseline,0,9,15,50023,1,1,0.919834554195404,1
D0_baseline,0,9,39,50048,2,0,0.9187644720077515,1
D0_baseline,0,9,47,50057,1,1,0.1001877561211586,0
D0_baseline,0,9,48,50059,2,0,0.4541035592556,0
D0_baseline,0,9,62,50116,2,0,0.864287793636322,1
D0_baseline,0,9,89,50156,1,1,0.9158247709274292,1
D0_baseline,0,9,101,50170,2,0,0.2688339650630951,0
D0_baseline,0,9,107,50187,1,1,0.11548053473234177,0
D0_baseline,0,9,121,50204,2,0,0.10498077422380447,0
D0_baseline,0,9,127,50214,2,0,0.10556847602128983,0
D0_baseline,0,9,168,50278,1,1,0.9155691266059875,1
D0_baseline,0,9,193,50320,1,1,0.9198628067970276,1
D0_baseline,0,9,196,50325,1,1,0.09999703615903854,0
D0_baseline,0,9,254,50388,2,0,0.0984942689538002,0
D0_baseline,0,9,259,50402,1,1,0.09880310297012329,0
D0_baseline,0,9,260,50403,1,1,0.2808445394039154,0
D0_baseline,0,9,265,50408,1,1,0.11043539643287659,0
D0_baseline,0,9,295,50445,2,0,0.09853802621364594,0
D0_baseline,0,9,300,50453,2,0,0.8465882539749146,1
D0_baseline,0,9,301,50463,2,0,0.09858373552560806,0
D0_baseline,0,9,311,50483,1,1,0.899883508682251,1
D0_baseline,0,9,312,50485,1,1,0.09848617017269135,0
D0_baseline,0,9,322,50497,1,1,0.9117203950881958,1
D0_baseline,0,9,331,50509,1,1,0.9175044894218445,1
D0_baseline,0,9,365,50575,2,0,0.6236428618431091,1
D0_baseline,0,9,366,50576,2,0,0.09912789613008499,0
D0_baseline,0,9,375,50608,1,1,0.5936480760574341,1
D0_baseline,0,9,392,50644,1,1,0.9196324944496155,1
D0_baseline,0,9,393,50647,1,1,0.9185638427734375,1
D0_baseline,0,9,395,50649,1,1,0.1433594673871994,0
D0_baseline,0,9,396,50654,1,1,0.6233119368553162,1
D0_baseline,0,9,401,50669,2,0,0.9123612642288208,1
D0_baseline,0,9,418,50699,2,0,0.9115712642669678,1
D0_baseline,0,9,440,50737,2,0,0.10280996561050415,0
D0_baseline,0,9,442,50739,2,0,0.3160555362701416,0
D0_baseline,0,9,448,50745,1,1,0.9148340225219727,1
D0_baseline,0,9,454,50754,1,1,0.9192426800727844,1
D0_baseline,0,9,458,50772,2,0,0.9126423001289368,1
D0_baseline,0,9,464,50778,2,0,0.587828516960144,1
D0_baseline,0,9,483,50816,2,0,0.11136868596076965,0
D0_baseline,0,9,491,50952,1,1,0.9184969663619995,1
D0_baseline,0,9,503,50966,1,1,0.9180604219436646,1
D0_baseline,0,9,532,50999,1,1,0.919822096824646,1
D0_baseline,0,9,550,51019,1,1,0.9196174740791321,1
D0_baseline,0,9,561,51032,1,1,0.9198393821716309,1
D0_baseline,0,9,569,51041,2,0,0.09894237667322159,0
D0_baseline,0,9,571,51044,2,0,0.11163332313299179,0
D0_baseline,0,9,575,51048,2,0,0.2796759009361267,0
D0_baseline,0,9,588,51061,2,0,0.10311625152826309,0
D0_baseline,0,9,591,51064,2,0,0.9093371629714966,1
D0_baseline,0,9,594,51067,2,0,0.11116163432598114,0
D0_baseline,0,9,598,51072,2,0,0.9175409078598022,1
D0_baseline,0,9,602,51076,2,0,0.11379626393318176,0
D0_baseline,0,9,604,51078,2,0,0.10813471674919128,0
D0_baseline,0,9,611,51085,2,0,0.919865071773529,1
D0_baseline,0,9,614,51088,2,0,0.09982647746801376,0
D0_baseline,0,9,627,51102,2,0,0.269935667514801,0
D0_baseline,0,9,637,51113,2,0,0.1271466761827469,0
D0_baseline,0,9,638,51114,2,0,0.45810943841934204,0
D0_baseline,0,9,649,51130,2,0,0.9195079803466797,1
D0_baseline,0,9,660,51141,2,0,0.623568058013916,1
D0_baseline,0,9,679,51169,1,1,0.7890443801879883,1
D0_baseline,0,9,689,51183,2,0,0.14531028270721436,0
D0_baseline,0,9,704,51206,1,1,0.9185794591903687,1
D0_baseline,0,9,707,51210,1,1,0.9087069034576416,1
D0_baseline,0,9,711,51215,1,1,0.3245398700237274,0
D0_baseline,0,9,721,51225,1,1,0.7703896164894104,1
D0_baseline,0,9,726,51231,1,1,0.2794102728366852,0
D0_baseline,0,9,729,51236,1,1,0.7358522415161133,1
D0_baseline,0,9,744,51260,2,0,0.10534942895174026,0
D0_baseline,0,9,750,51267,2,0,0.09854094684123993,0
D0_baseline,0,9,777,51306,2,0,0.8166104555130005,1
D0_baseline,0,9,787,51321,1,1,0.9198561310768127,1
D0_baseline,0,9,788,51322,1,1,0.8989927172660828,1
D0_baseline,0,9,794,51329,1,1,0.1618340164422989,0
D0_baseline,0,9,802,51338,2,0,0.7237271666526794,1
D0_baseline,0,9,805,51341,2,0,0.7310935258865356,1
D0_baseline,0,9,812,51349,1,1,0.09871530532836914,0
D0_baseline,0,9,818,51359,2,0,0.9197124242782593,1
D0_baseline,0,9,822,51363,2,0,0.1267452836036682,0
D0_baseline,0,9,823,51364,2,0,0.7819137573242188,1
D0_baseline,0,9,847,51560,2,0,0.10070522874593735,0
D0_baseline,0,9,848,51562,2,0,0.10027218610048294,0
D0_baseline,0,9,850,51564,2,0,0.12953077256679535,0
D0_baseline,0,9,863,51579,1,1,0.4304986596107483,0
D0_baseline,0,9,866,51583,1,1,0.9158018231391907,1
D0_baseline,0,10,11,50015,1,1,0.9447347521781921,1
D0_baseline,0,10,41,50050,2,0,0.05052255839109421,0
D0_baseline,0,10,44,50053,1,1,0.9429787993431091,1
D0_baseline,0,10,52,50104,2,0,0.05742022395133972,0
D0_baseline,0,10,59,50113,2,0,0.054345935583114624,0
D0_baseline,0,10,65,50119,1,1,0.05219482630491257,0
D0_baseline,0,10,92,50159,2,0,0.9441584348678589,1
D0_baseline,0,10,93,50160,2,0,0.054158538579940796,0
D0_baseline,0,10,94,50161,2,0,0.9456331729888916,1
D0_baseline,0,10,108,50188,1,1,0.05157393589615822,0
D0_baseline,0,10,115,50198,2,0,0.05118050426244736,0
D0_baseline,0,10,117,50200,2,0,0.05192086845636368,0
D0_baseline,0,10,118,50201,2,0,0.05085023120045662,0
D0_baseline,0,10,140,50247,1,1,0.9447411298751831,1
D0_baseline,0,10,149,50257,2,0,0.050043802708387375,0
D0_baseline,0,10,177,50293,1,1,0.9458416700363159,1
D0_baseline,0,10,180,50297,1,1,0.8617886900901794,1
D0_baseline,0,10,182,50300,1,1,0.09318291395902634,0
D0_baseline,0,10,185,50304,1,1,0.9426154494285583,1
D0_baseline,0,10,186,50308,1,1,0.9290244579315186,1
D0_baseline,0,10,195,50324,1,1,0.9455938339233398,1
D0_baseline,0,10,199,50330,2,0,0.06626981496810913,0
D0_baseline,0,10,203,50334,2,0,0.37519571185112,0
D0_baseline,0,10,206,50337,2,0,0.05079241842031479,0
D0_baseline,0,10,219,50350,2,0,0.05347919836640358,0
D0_baseline,0,10,237,50368,2,0,0.052041541785001755,0
D0_baseline,0,10,238,50369,2,0,0.05380350351333618,0
D0_baseline,0,10,242,50374,2,0,0.05289102718234062,0
D0_baseline,0,10,248,50381,2,0,0.05047941580414772,0
D0_baseline,0,10,256,50391,2,0,0.1438148021697998,0
D0_baseline,0,10,274,50418,2,0,0.051375553011894226,0
D0_baseline,0,10,293,50443,2,0,0.9370138645172119,1
D0_baseline,0,10,317,50491,1,1,0.945686936378479,1
D0_baseline,0,10,320,50494,1,1,0.6939349174499512,1
D0_baseline,0,10,334,50515,1,1,0.9457055926322937,1
D0_baseline,0,10,340,50523,1,1,0.9458556175231934,1
D0_baseline,0,10,347,50530,1,1,0.9443297982215881,1
D0_baseline,0,10,354,50558,2,0,0.05113398656249046,0
D0_baseline,0,10,356,50563,2,0,0.052428025752305984,0
D0_baseline,0,10,359,50569,2,0,0.2878631055355072,0
D0_baseline,0,10,374,50607,1,1,0.050881724804639816,0
D0_baseline,0,10,376,50612,1,1,0.051258571445941925,0
D0_baseline,0,10,378,50614,1,1,0.9454677700996399,1
D0_baseline,0,10,382,50620,1,1,0.049914635717868805,0
D0_baseline,0,10,384,50622,1,1,0.9427236914634705,1
D0_baseline,0,10,387,50625,1,1,0.053972918540239334,0
D0_baseline,0,10,406,50687,2,0,0.9430046677589417,1
D0_baseline,0,10,414,50695,1,1,0.19077005982398987,0
D0_baseline,0,10,429,50711,1,1,0.05248846113681793,0
D0_baseline,0,10,432,50724,2,0,0.05083690956234932,0
D0_baseline,0,10,466,50781,2,0,0.938585102558136,1
D0_baseline,0,10,468,50783,2,0,0.05133187770843506,0
D0_baseline,0,10,482,50814,2,0,0.05035938695073128,0
D0_baseline,0,10,493,50955,1,1,0.052478138357400894,0
D0_baseline,0,10,501,50964,1,1,0.09344156086444855,0
D0_baseline,0,10,506,50969,1,1,0.9448736310005188,1
D0_baseline,0,10,531,50997,1,1,0.9457336068153381,1
D0_baseline,0,10,534,51001,1,1,0.9458622336387634,1
D0_baseline,0,10,542,51011,1,1,0.9458431601524353,1
D0_baseline,0,10,564,51035,1,1,0.7809394598007202,1
D0_baseline,0,10,583,51056,2,0,0.05348256602883339,0
D0_baseline,0,10,587,51060,2,0,0.9366520643234253,1
D0_baseline,0,10,595,51068,2,0,0.9449200630187988,1
D0_baseline,0,10,609,51083,2,0,0.9446586966514587,1
D0_baseline,0,10,610,51084,2,0,0.9457557797431946,1
D0_baseline,0,10,623,51098,2,0,0.0553143210709095,0
D0_baseline,0,10,639,51116,2,0,0.056221604347229004,0
D0_baseline,0,10,673,51159,2,0,0.945559024810791,1
D0_baseline,0,10,677,51164,1,1,0.9456611275672913,1
D0_baseline,0,10,694,51189,2,0,0.05014628916978836,0
D0_baseline,0,10,705,51207,1,1,0.9452636241912842,1
D0_baseline,0,10,712,51216,1,1,0.050119634717702866,0
D0_baseline,0,10,724,51229,1,1,0.9439743161201477,1
D0_baseline,0,10,736,51250,2,0,0.05321766808629036,0
D0_baseline,0,10,738,51252,2,0,0.9447457194328308,1
D0_baseline,0,10,769,51298,1,1,0.9458610415458679,1
D0_baseline,0,10,771,51300,1,1,0.9453002214431763,1
D0_baseline,0,10,774,51303,2,0,0.10949954390525818,0
D0_baseline,0,10,778,51307,2,0,0.9458549618721008,1
D0_baseline,0,10,783,51315,2,0,0.938576340675354,1
D0_baseline,0,10,784,51318,1,1,0.945556640625,1
D0_baseline,0,10,801,51336,2,0,0.05023398995399475,0
D0_baseline,0,10,813,51350,1,1,0.9445095658302307,1
D0_baseline,0,10,815,51354,1,1,0.9441909790039062,1
D0_baseline,0,10,817,51357,2,0,0.05329073593020439,0
D0_baseline,0,10,835,51480,2,0,0.050867605954408646,0
D0_baseline,0,10,856,51570,2,0,0.9392239451408386,1
D0_baseline,1,1,8,50012,1,1,0.7999528050422668,1
D0_baseline,1,1,17,50025,1,1,0.5396866798400879,1
D0_baseline,1,1,26,50035,2,0,0.1155552864074707,0
D0_baseline,1,1,30,50039,2,0,0.5026780366897583,1
D0_baseline,1,1,31,50040,2,0,0.11364413797855377,0
D0_baseline,1,1,33,50042,2,0,0.11518477648496628,0
D0_baseline,1,1,40,50049,2,0,0.11136730015277863,0
D0_baseline,1,1,64,50118,1,1,0.8378532528877258,1
D0_baseline,1,1,71,50128,1,1,0.8276883363723755,1
D0_baseline,1,1,74,50131,1,1,0.3701147735118866,0
D0_baseline,1,1,90,50157,2,0,0.1180877760052681,0
D0_baseline,1,1,109,50189,1,1,0.8425050377845764,1
D0_baseline,1,1,115,50198,2,0,0.1135561615228653,0
D0_baseline,1,1,119,50202,2,0,0.12438298016786575,0
D0_baseline,1,1,148,50255,1,1,0.8254466652870178,1
D0_baseline,1,1,170,50284,1,1,0.22014069557189941,0
D0_baseline,1,1,172,50287,1,1,0.11123276501893997,0
D0_baseline,1,1,192,50319,1,1,0.8394303321838379,1
D0_baseline,1,1,204,50335,2,0,0.11445388942956924,0
D0_baseline,1,1,221,50352,2,0,0.23950640857219696,0
D0_baseline,1,1,230,50361,2,0,0.11563931405544281,0
D0_baseline,1,1,241,50373,2,0,0.11545413732528687,0
D0_baseline,1,1,269,50413,1,1,0.8417235016822815,1
D0_baseline,1,1,273,50417,2,0,0.11651197820901871,0
D0_baseline,1,1,283,50433,2,0,0.11368884891271591,0
D0_baseline,1,1,288,50438,2,0,0.11149163544178009,0
D0_baseline,1,1,289,50439,2,0,0.11574951559305191,0
D0_baseline,1,1,303,50467,2,0,0.13591481745243073,0
D0_baseline,1,1,313,50486,1,1,0.834722101688385,1
D0_baseline,1,1,326,50501,1,1,0.8420203328132629,1
D0_baseline,1,1,333,50514,1,1,0.5299080014228821,1
D0_baseline,1,1,335,50516,1,1,0.5734660029411316,1
D0_baseline,1,1,337,50519,1,1,0.8373754620552063,1
D0_baseline,1,1,343,50526,1,1,0.26465466618537903,0
D0_baseline,1,1,383,50621,1,1,0.5270500779151917,1
D0_baseline,1,1,390,50628,1,1,0.8351739645004272,1
D0_baseline,1,1,410,50691,2,0,0.11341884732246399,0
D0_baseline,1,1,416,50697,1,1,0.5762328505516052,1
D0_baseline,1,1,422,50703,2,0,0.11160093545913696,0
D0_baseline,1,1,425,50706,2,0,0.11192616075277328,0
D0_baseline,1,1,429,50711,1,1,0.14132919907569885,0
D0_baseline,1,1,431,50723,2,0,0.11330897361040115,0
D0_baseline,1,1,435,50728,2,0,0.12747015058994293,0
D0_baseline,1,1,441,50738,2,0,0.11559540778398514,0
D0_baseline,1,1,446,50743,1,1,0.7040166854858398,1
D0_baseline,1,1,449,50748,1,1,0.7207902073860168,1
D0_baseline,1,1,455,50755,1,1,0.7583299875259399,1
D0_baseline,1,1,457,50757,1,1,0.11411569267511368,0
D0_baseline,1,1,501,50964,1,1,0.7427825331687927,1
D0_baseline,1,1,502,50965,1,1,0.8418601155281067,1
D0_baseline,1,1,511,50976,1,1,0.6875742673873901,1
D0_baseline,1,1,553,51023,1,1,0.8351309299468994,1
D0_baseline,1,1,560,51030,1,1,0.8254736661911011,1
D0_baseline,1,1,562,51033,1,1,0.8224453926086426,1
D0_baseline,1,1,566,51038,2,0,0.11317306756973267,0
D0_baseline,1,1,584,51057,2,0,0.11914429813623428,0
D0_baseline,1,1,597,51070,2,0,0.1135418713092804,0
D0_baseline,1,1,599,51073,2,0,0.11386636644601822,0
D0_baseline,1,1,610,51084,2,0,0.6208956241607666,1
D0_baseline,1,1,615,51089,2,0,0.11908207088708878,0
D0_baseline,1,1,630,51105,2,0,0.11344564706087112,0
D0_baseline,1,1,633,51109,2,0,0.11381544917821884,0
D0_baseline,1,1,636,51112,2,0,0.11509498208761215,0
D0_baseline,1,1,654,51135,2,0,0.1114608570933342,0
D0_baseline,1,1,680,51170,1,1,0.11357173323631287,0
D0_baseline,1,1,686,51180,2,0,0.3027077913284302,0
D0_baseline,1,1,691,51185,2,0,0.4382113218307495,0
D0_baseline,1,1,696,51194,2,0,0.1685084104537964,0
D0_baseline,1,1,697,51197,2,0,0.1130337342619896,0
D0_baseline,1,1,726,51231,1,1,0.20208926498889923,0
D0_baseline,1,1,729,51236,1,1,0.35165169835090637,0
D0_baseline,1,1,734,51248,1,1,0.840176522731781,1
D0_baseline,1,1,744,51260,2,0,0.1136721819639206,0
D0_baseline,1,1,753,51271,2,0,0.11910839378833771,0
D0_baseline,1,1,754,51272,2,0,0.12033167481422424,0
D0_baseline,1,1,755,51273,2,0,0.12752890586853027,0
D0_baseline,1,1,757,51276,2,0,0.11542286723852158,0
D0_baseline,1,1,765,51293,1,1,0.8408144116401672,1
D0_baseline,1,1,769,51298,1,1,0.8275977969169617,1
D0_baseline,1,1,787,51321,1,1,0.11132995039224625,0
D0_baseline,1,1,789,51323,1,1,0.8422978520393372,1
D0_baseline,1,1,792,51327,1,1,0.46208783984184265,0
D0_baseline,1,1,804,51340,2,0,0.11717948317527771,0
D0_baseline,1,1,836,51481,2,0,0.11519394814968109,0
D0_baseline,1,1,841,51491,2,0,0.113490991294384,0
D0_baseline,1,1,842,51493,2,0,0.11545328050851822,0
D0_baseline,1,1,856,51570,2,0,0.11330773681402206,0
D0_baseline,1,1,870,51607,1,1,0.11452002823352814,0
D0_baseline,1,2,1,50004,1,1,0.8762660622596741,1
D0_baseline,1,2,13,50020,1,1,0.8809618949890137,1
D0_baseline,1,2,23,50032,2,0,0.08948708325624466,0
D0_baseline,1,2,34,50043,2,0,0.09112641215324402,0
D0_baseline,1,2,41,50050,2,0,0.09085435420274734,0
D0_baseline,1,2,45,50054,2,0,0.8625800609588623,1
D0_baseline,1,2,53,50105,2,0,0.08817224949598312,0
D0_baseline,1,2,59,50113,2,0,0.09361710399389267,0
D0_baseline,1,2,69,50125,1,1,0.8689332604408264,1
D0_baseline,1,2,80,50144,1,1,0.8811078071594238,1
D0_baseline,1,2,84,50148,1,1,0.8812591433525085,1
D0_baseline,1,2,105,50184,1,1,0.8755635619163513,1
D0_baseline,1,2,144,50251,1,1,0.16325147449970245,0
D0_baseline,1,2,160,50269,2,0,0.16564470529556274,0
D0_baseline,1,2,165,50274,1,1,0.8756616711616516,1
D0_baseline,1,2,174,50290,1,1,0.8760682940483093,1
D0_baseline,1,2,195,50324,1,1,0.8814321160316467,1
D0_baseline,1,2,201,50332,2,0,0.08910709619522095,0
D0_baseline,1,2,209,50340,2,0,0.09107745438814163,0
D0_baseline,1,2,213,50344,2,0,0.09019048511981964,0
D0_baseline,1,2,215,50346,2,0,0.09260347485542297,0
D0_baseline,1,2,217,50348,2,0,0.09033249318599701,0
D0_baseline,1,2,218,50349,2,0,0.09294760227203369,0
D0_baseline,1,2,222,50353,2,0,0.08909286558628082,0
D0_baseline,1,2,224,50355,2,0,0.08907334506511688,0
D0_baseline,1,2,242,50374,2,0,0.08788507431745529,0
D0_baseline,1,2,253,50387,2,0,0.09082463383674622,0
D0_baseline,1,2,256,50391,2,0,0.08934520930051804,0
D0_baseline,1,2,277,50422,2,0,0.2887803912162781,0
D0_baseline,1,2,284,50434,2,0,0.08790113031864166,0
D0_baseline,1,2,305,50469,2,0,0.08989512920379639,0
D0_baseline,1,2,311,50483,1,1,0.8093355298042297,1
D0_baseline,1,2,331,50509,1,1,0.8789876103401184,1
D0_baseline,1,2,342,50525,1,1,0.432696133852005,0
D0_baseline,1,2,356,50563,2,0,0.08911865204572678,0
D0_baseline,1,2,370,50602,1,1,0.7832386493682861,1
D0_baseline,1,2,394,50648,1,1,0.6084492206573486,1
D0_baseline,1,2,401,50669,2,0,0.8748404383659363,1
D0_baseline,1,2,413,50694,1,1,0.8751968145370483,1
D0_baseline,1,2,438,50733,2,0,0.08863259106874466,0
D0_baseline,1,2,445,50742,2,0,0.0879129096865654,0
D0_baseline,1,2,447,50744,1,1,0.8804457187652588,1
D0_baseline,1,2,451,50750,1,1,0.881440281867981,1
D0_baseline,1,2,460,50774,2,0,0.09284160286188126,0
D0_baseline,1,2,472,50792,1,1,0.8758969306945801,1
D0_baseline,1,2,475,50798,1,1,0.08812179416418076,0
D0_baseline,1,2,477,50800,1,1,0.8786044716835022,1
D0_baseline,1,2,492,50954,1,1,0.26315537095069885,0
D0_baseline,1,2,496,50958,1,1,0.8740105628967285,1
D0_baseline,1,2,505,50968,1,1,0.8792171478271484,1
D0_baseline,1,2,506,50969,1,1,0.8439555168151855,1
D0_baseline,1,2,524,50990,1,1,0.879209578037262,1
D0_baseline,1,2,535,51002,1,1,0.8793745636940002,1
D0_baseline,1,2,545,51014,1,1,0.8814557194709778,1
D0_baseline,1,2,558,51028,1,1,0.8788065910339355,1
D0_baseline,1,2,564,51035,1,1,0.8482397794723511,1
D0_baseline,1,2,571,51044,2,0,0.09202886372804642,0
D0_baseline,1,2,574,51047,2,0,0.08805359899997711,0
D0_baseline,1,2,580,51053,2,0,0.09389436990022659,0
D0_baseline,1,2,585,51058,2,0,0.09281208366155624,0
D0_baseline,1,2,588,51061,2,0,0.09124676883220673,0
D0_baseline,1,2,600,51074,2,0,0.11041247099637985,0
D0_baseline,1,2,603,51077,2,0,0.09249870479106903,0
D0_baseline,1,2,617,51091,2,0,0.08828270435333252,0
D0_baseline,1,2,646,51127,2,0,0.1457437425851822,0
D0_baseline,1,2,648,51129,2,0,0.0918412134051323,0
D0_baseline,1,2,650,51131,2,0,0.09142673015594482,0
D0_baseline,1,2,651,51132,2,0,0.09126672148704529,0
D0_baseline,1,2,655,51136,2,0,0.1367139369249344,0
D0_baseline,1,2,662,51146,2,0,0.09091851115226746,0
D0_baseline,1,2,664,51148,2,0,0.09290768206119537,0
D0_baseline,1,2,668,51152,2,0,0.0880734995007515,0
D0_baseline,1,2,675,51162,1,1,0.8811258673667908,1
D0_baseline,1,2,681,51171,1,1,0.8804552555084229,1
D0_baseline,1,2,689,51183,2,0,0.09310263395309448,0
D0_baseline,1,2,703,51205,1,1,0.8814690709114075,1
D0_baseline,1,2,728,51235,1,1,0.8785042762756348,1
D0_baseline,1,2,735,51249,1,1,0.8799668550491333,1
D0_baseline,1,2,751,51268,2,0,0.08863465487957001,0
D0_baseline,1,2,763,51291,1,1,0.8814569115638733,1
D0_baseline,1,2,767,51295,1,1,0.8802505135536194,1
D0_baseline,1,2,813,51350,1,1,0.8793522119522095,1
D0_baseline,1,2,814,51351,1,1,0.6480357646942139,1
D0_baseline,1,2,826,51370,2,0,0.08808694034814835,0
D0_baseline,1,2,835,51480,2,0,0.09288167953491211,0
D0_baseline,1,2,859,51574,1,1,0.8805542588233948,1
D0_baseline,1,2,867,51584,1,1,0.8321346640586853,1
D0_baseline,1,3,3,50006,1,1,0.735353410243988,1
D0_baseline,1,3,15,50023,1,1,0.5221341848373413,1
D0_baseline,1,3,25,50034,2,0,0.20239603519439697,0
D0_baseline,1,3,39,50048,2,0,0.7306458950042725,1
D0_baseline,1,3,68,50124,1,1,0.7086021304130554,1
D0_baseline,1,3,75,50132,1,1,0.6118124723434448,1
D0_baseline,1,3,88,50153,1,1,0.42985081672668457,0
D0_baseline,1,3,100,50169,2,0,0.2012130320072174,0
D0_baseline,1,3,107,50187,1,1,0.21162639558315277,0
D0_baseline,1,3,111,50193,2,0,0.21218958497047424,0
D0_baseline,1,3,122,50205,2,0,0.20894348621368408,0
D0_baseline,1,3,138,50243,1,1,0.641305685043335,1
D0_baseline,1,3,147,50254,1,1,0.7170534729957581,1
D0_baseline,1,3,159,50268,2,0,0.2012152522802353,0
D0_baseline,1,3,173,50289,1,1,0.21223184466362,0
D0_baseline,1,3,186,50308,1,1,0.7142024636268616,1
D0_baseline,1,3,189,50314,1,1,0.735072135925293,1
D0_baseline,1,3,193,50320,1,1,0.7358037233352661,1
D0_baseline,1,3,199,50330,2,0,0.2053462564945221,0
D0_baseline,1,3,203,50334,2,0,0.7308713793754578,1
D0_baseline,1,3,206,50337,2,0,0.345544695854187,0
D0_baseline,1,3,232,50363,2,0,0.29268544912338257,0
D0_baseline,1,3,233,50364,2,0,0.4048624336719513,0
D0_baseline,1,3,236,50367,2,0,0.2018226981163025,0
D0_baseline,1,3,248,50381,2,0,0.25279223918914795,0
D0_baseline,1,3,252,50386,2,0,0.20242074131965637,0
D0_baseline,1,3,255,50390,2,0,0.2014465630054474,0
D0_baseline,1,3,259,50402,1,1,0.2011430710554123,0
D0_baseline,1,3,261,50404,1,1,0.7328912019729614,1
D0_baseline,1,3,264,50407,1,1,0.7336567640304565,1
D0_baseline,1,3,282,50428,2,0,0.20551010966300964,0
D0_baseline,1,3,291,50441,2,0,0.20326757431030273,0
D0_baseline,1,3,296,50446,2,0,0.2016488015651703,0
D0_baseline,1,3,301,50463,2,0,0.2017235904932022,0
D0_baseline,1,3,312,50485,1,1,0.20425178110599518,0
D0_baseline,1,3,322,50497,1,1,0.7269014120101929,1
D0_baseline,1,3,330,50507,1,1,0.2697366774082184,0
D0_baseline,1,3,332,50510,1,1,0.7291158437728882,1
D0_baseline,1,3,338,50520,1,1,0.7248870134353638,1
D0_baseline,1,3,362,50572,2,0,0.20113062858581543,0
D0_baseline,1,3,364,50574,2,0,0.5631377100944519,1
D0_baseline,1,3,368,50578,2,0,0.7354477047920227,1
D0_baseline,1,3,382,50620,1,1,0.30756720900535583,0
D0_baseline,1,3,384,50622,1,1,0.7353551387786865,1
D0_baseline,1,3,398,50659,2,0,0.31508880853652954,0
D0_baseline,1,3,403,50683,2,0,0.20614823698997498,0
D0_baseline,1,3,408,50689,1,1,0.7304403781890869,1
D0_baseline,1,3,415,50696,1,1,0.7224733233451843,1
D0_baseline,1,3,421,50702,1,1,0.4175076484680176,0
D0_baseline,1,3,433,50725,2,0,0.20395803451538086,0
D0_baseline,1,3,436,50730,2,0,0.20125426352024078,0
D0_baseline,1,3,439,50735,2,0,0.20109811425209045,0
D0_baseline,1,3,469,50786,2,0,0.2619573473930359,0
D0_baseline,1,3,497,50959,1,1,0.4327234923839569,0
D0_baseline,1,3,503,50966,1,1,0.20215067267417908,0
D0_baseline,1,3,517,50983,1,1,0.591835618019104,1
D0_baseline,1,3,529,50995,1,1,0.7357966303825378,1
D0_baseline,1,3,530,50996,1,1,0.6747680902481079,1
D0_baseline,1,3,531,50997,1,1,0.5649541020393372,1
D0_baseline,1,3,541,51010,1,1,0.4552886486053467,0
D0_baseline,1,3,546,51015,1,1,0.20112816989421844,0
D0_baseline,1,3,555,51025,1,1,0.6438469886779785,1
D0_baseline,1,3,572,51045,2,0,0.20871390402317047,0
D0_baseline,1,3,577,51050,2,0,0.20201514661312103,0
D0_baseline,1,3,592,51065,2,0,0.20242126286029816,0
D0_baseline,1,3,607,51081,2,0,0.2011088877916336,0
D0_baseline,1,3,608,51082,2,0,0.2126864343881607,0
D0_baseline,1,3,613,51087,2,0,0.20263756811618805,0
D0_baseline,1,3,637,51113,2,0,0.20485572516918182,0
D0_baseline,1,3,639,51116,2,0,0.20792311429977417,0
D0_baseline,1,3,645,51126,2,0,0.20823270082473755,0
D0_baseline,1,3,661,51142,2,0,0.20834726095199585,0
D0_baseline,1,3,706,51208,1,1,0.20211294293403625,0
D0_baseline,1,3,714,51218,1,1,0.7313553690910339,1
D0_baseline,1,3,722,51226,1,1,0.2010921984910965,0
D0_baseline,1,3,731,51239,1,1,0.7280696034431458,1
D0_baseline,1,3,741,51255,2,0,0.20367836952209473,0
D0_baseline,1,3,752,51269,2,0,0.20790985226631165,0
D0_baseline,1,3,761,51280,2,0,0.20353034138679504,0
D0_baseline,1,3,770,51299,1,1,0.7338964939117432,1
D0_baseline,1,3,771,51300,1,1,0.7346160411834717,1
D0_baseline,1,3,776,51305,2,0,0.4732072055339813,0
D0_baseline,1,3,794,51329,1,1,0.32692211866378784,0
D0_baseline,1,3,803,51339,2,0,0.20224717259407043,0
D0_baseline,1,3,806,51342,2,0,0.20241813361644745,0
D0_baseline,1,3,838,51484,2,0,0.2615683376789093,0
D0_baseline,1,3,855,51569,2,0,0.5995927453041077,1
D0_baseline,1,4,4,50007,1,1,0.5781806707382202,1
D0_baseline,1,4,32,50041,2,0,0.20605148375034332,0
D0_baseline,1,4,46,50056,1,1,0.8555192947387695,1
D0_baseline,1,4,57,50111,2,0,0.23563064634799957,0
D0_baseline,1,4,60,50114,2,0,0.23287121951580048,0
D0_baseline,1,4,87,50152,1,1,0.8628690838813782,1
D0_baseline,1,4,94,50161,2,0,0.23158444464206696,0
D0_baseline,1,4,120,50203,2,0,0.21239762008190155,0
D0_baseline,1,4,135,50239,1,1,0.35635140538215637,0
D0_baseline,1,4,149,50257,2,0,0.2839810252189636,0
D0_baseline,1,4,153,50262,2,0,0.25189515948295593,0
D0_baseline,1,4,154,50263,2,0,0.2098257839679718,0
D0_baseline,1,4,166,50275,1,1,0.8237764239311218,1
D0_baseline,1,4,179,50295,1,1,0.860026478767395,1
D0_baseline,1,4,210,50341,2,0,0.24688014388084412,0
D0_baseline,1,4,216,50347,2,0,0.20587794482707977,0
D0_baseline,1,4,226,50357,2,0,0.20563997328281403,0
D0_baseline,1,4,258,50399,1,1,0.8482900857925415,1
D0_baseline,1,4,272,50416,2,0,0.20588319003582,0
D0_baseline,1,4,295,50445,2,0,0.2178684026002884,0
D0_baseline,1,4,316,50490,1,1,0.8324148058891296,1
D0_baseline,1,4,323,50498,1,1,0.8564234375953674,1
D0_baseline,1,4,324,50499,1,1,0.8037325143814087,1
D0_baseline,1,4,328,50503,1,1,0.7735724449157715,1
D0_baseline,1,4,329,50504,1,1,0.8619150519371033,1
D0_baseline,1,4,344,50527,1,1,0.6975420713424683,1
D0_baseline,1,4,349,50532,1,1,0.8630058169364929,1
D0_baseline,1,4,350,50551,2,0,0.36675041913986206,0
D0_baseline,1,4,359,50569,2,0,0.681235134601593,1
D0_baseline,1,4,360,50570,2,0,0.21548637747764587,0
D0_baseline,1,4,363,50573,2,0,0.24945604801177979,0
D0_baseline,1,4,371,50603,1,1,0.8638847470283508,1
D0_baseline,1,4,380,50616,1,1,0.8640722036361694,1
D0_baseline,1,4,387,50625,1,1,0.20676279067993164,0
D0_baseline,1,4,389,50627,1,1,0.8640047311782837,1
D0_baseline,1,4,391,50642,1,1,0.8069971799850464,1
D0_baseline,1,4,392,50644,1,1,0.8429381847381592,1
D0_baseline,1,4,402,50682,2,0,0.21478968858718872,0
D0_baseline,1,4,430,50722,2,0,0.20981734991073608,0
D0_baseline,1,4,437,50731,2,0,0.2064364105463028,0
D0_baseline,1,4,458,50772,2,0,0.8540799021720886,1
D0_baseline,1,4,473,50796,1,1,0.8603107333183289,1
D0_baseline,1,4,474,50797,1,1,0.8593548536300659,1
D0_baseline,1,4,481,50812,2,0,0.21487148106098175,0
D0_baseline,1,4,483,50816,2,0,0.2048007994890213,0
D0_baseline,1,4,485,50818,2,0,0.20484550297260284,0
D0_baseline,1,4,509,50973,1,1,0.7781001925468445,1
D0_baseline,1,4,516,50982,1,1,0.2795008420944214,0
D0_baseline,1,4,543,51012,1,1,0.8037011027336121,1
D0_baseline,1,4,548,51017,1,1,0.8600542545318604,1
D0_baseline,1,4,549,51018,1,1,0.864223062992096,1
D0_baseline,1,4,551,51020,1,1,0.5828505754470825,1
D0_baseline,1,4,575,51048,2,0,0.2969836890697479,0
D0_baseline,1,4,590,51063,2,0,0.20640648901462555,0
D0_baseline,1,4,598,51072,2,0,0.5106164813041687,1
D0_baseline,1,4,605,51079,2,0,0.5867559313774109,1
D0_baseline,1,4,618,51093,2,0,0.2059241086244583,0
D0_baseline,1,4,626,51101,2,0,0.22047759592533112,0
D0_baseline,1,4,641,51118,2,0,0.4767739176750183,0
D0_baseline,1,4,649,51130,2,0,0.7690537571907043,1
D0_baseline,1,4,653,51134,2,0,0.23473194241523743,0
D0_baseline,1,4,658,51139,2,0,0.2139648050069809,0
D0_baseline,1,4,659,51140,2,0,0.21276091039180756,0
D0_baseline,1,4,666,51150,2,0,0.21935591101646423,0
D0_baseline,1,4,678,51168,1,1,0.6941827535629272,1
D0_baseline,1,4,687,51181,2,0,0.2895560562610626,0
D0_baseline,1,4,690,51184,2,0,0.43238574266433716,0
D0_baseline,1,4,699,51201,1,1,0.854961097240448,1
D0_baseline,1,4,708,51211,1,1,0.8391932249069214,1
D0_baseline,1,4,712,51216,1,1,0.23985686898231506,0
D0_baseline,1,4,716,51220,1,1,0.8463748693466187,1
D0_baseline,1,4,718,51222,1,1,0.3620680570602417,0
D0_baseline,1,4,723,51228,1,1,0.864202618598938,1
D0_baseline,1,4,742,51256,2,0,0.20957769453525543,0
D0_baseline,1,4,750,51267,2,0,0.20622478425502777,0
D0_baseline,1,4,778,51307,2,0,0.8640538454055786,1
D0_baseline,1,4,793,51328,1,1,0.8640514612197876,1
D0_baseline,1,4,808,51344,2,0,0.4215376377105713,0
D0_baseline,1,4,815,51354,1,1,0.7929540872573853,1
D0_baseline,1,4,817,51357,2,0,0.2051282376050949,0
D0_baseline,1,4,845,51558,2,0,0.21060913801193237,0
D0_baseline,1,4,846,51559,2,0,0.23483870923519135,0
D0_baseline,1,4,852,51566,2,0,0.24843084812164307,0
D0_baseline,1,4,854,51568,2,0,0.3347568213939667,0
D0_baseline,1,4,860,51576,1,1,0.5956446528434753,1
D0_baseline,1,4,861,51577,1,1,0.8213518261909485,1
D0_baseline,1,4,863,51579,1,1,0.3656010925769806,0
D0_baseline,1,5,9,50013,1,1,0.8583382368087769,1
D0_baseline,1,5,12,50016,1,1,0.7846584320068359,1
D0_baseline,1,5,21,50030,2,0,0.8859275579452515,1
D0_baseline,1,5,28,50037,2,0,0.6045054793357849,1
D0_baseline,1,5,37,50046,2,0,0.17775578796863556,0
D0_baseline,1,5,48,50059,2,0,0.18509554862976074,0
D0_baseline,1,5,73,50130,1,1,0.46883243322372437,0
D0_baseline,1,5,77,50135,1,1,0.8885265588760376,1
D0_baseline,1,5,79,50143,1,1,0.8823997974395752,1
D0_baseline,1,5,81,50145,1,1,0.8523952960968018,1
D0_baseline,1,5,95,50162,2,0,0.1851012110710144,0
D0_baseline,1,5,97,50164,2,0,0.1486453413963318,0
D0_baseline,1,5,102,50171,2,0,0.3859948515892029,0
D0_baseline,1,5,128,50215,2,0,0.15193025767803192,0
D0_baseline,1,5,134,50237,1,1,0.888765811920166,1
D0_baseline,1,5,142,50249,1,1,0.8891729712486267,1
D0_baseline,1,5,150,50259,2,0,0.14896993339061737,0
D0_baseline,1,5,167,50276,1,1,0.8892326354980469,1
D0_baseline,1,5,177,50293,1,1,0.8873878717422485,1
D0_baseline,1,5,185,50304,1,1,0.8783004283905029,1
D0_baseline,1,5,191,50318,1,1,0.1715231090784073,0
D0_baseline,1,5,207,50338,2,0,0.14452363550662994,0
D0_baseline,1,5,243,50375,2,0,0.14605139195919037,0
D0_baseline,1,5,250,50383,2,0,0.18147900700569153,0
D0_baseline,1,5,271,50415,2,0,0.1736965924501419,0
D0_baseline,1,5,276,50421,2,0,0.14482815563678741,0
D0_baseline,1,5,280,50426,2,0,0.15886059403419495,0
D0_baseline,1,5,286,50436,2,0,0.8357483148574829,1
D0_baseline,1,5,293,50443,2,0,0.8094531893730164,1
D0_baseline,1,5,304,50468,2,0,0.5469034314155579,1
D0_baseline,1,5,306,50470,2,0,0.28761857748031616,0
D0_baseline,1,5,327,50502,1,1,0.8892300724983215,1
D0_baseline,1,5,334,50515,1,1,0.8877477049827576,1
D0_baseline,1,5,336,50518,1,1,0.8780551552772522,1
D0_baseline,1,5,339,50521,1,1,0.6198045611381531,1
D0_baseline,1,5,347,50530,1,1,0.8864356279373169,1
D0_baseline,1,5,351,50552,2,0,0.17165210843086243,0
D0_baseline,1,5,355,50561,2,0,0.15171265602111816,0
D0_baseline,1,5,367,50577,2,0,0.14666259288787842,0
D0_baseline,1,5,385,50623,1,1,0.8866492509841919,1
D0_baseline,1,5,411,50692,2,0,0.14788506925106049,0
D0_baseline,1,5,412,50693,1,1,0.19605094194412231,0
D0_baseline,1,5,417,50698,2,0,0.18344856798648834,0
D0_baseline,1,5,443,50740,2,0,0.14743494987487793,0
D0_baseline,1,5,465,50780,2,0,0.30088815093040466,0
D0_baseline,1,5,484,50817,2,0,0.14543302357196808,0
D0_baseline,1,5,487,50821,2,0,0.14552302658557892,0
D0_baseline,1,5,494,50956,1,1,0.8782041668891907,1
D0_baseline,1,5,498,50960,1,1,0.3524559736251831,0
D0_baseline,1,5,504,50967,1,1,0.8734221458435059,1
D0_baseline,1,5,507,50970,1,1,0.8886770009994507,1
D0_baseline,1,5,513,50978,1,1,0.8889838457107544,1
D0_baseline,1,5,514,50979,1,1,0.6304882168769836,1
D0_baseline,1,5,528,50994,1,1,0.8843362927436829,1
D0_baseline,1,5,533,51000,1,1,0.8884287476539612,1
D0_baseline,1,5,536,51003,1,1,0.8834515810012817,1
D0_baseline,1,5,537,51006,1,1,0.8868629932403564,1
D0_baseline,1,5,538,51007,1,1,0.8877191543579102,1
D0_baseline,1,5,539,51008,1,1,0.22914829850196838,0
D0_baseline,1,5,547,51016,1,1,0.8747233152389526,1
D0_baseline,1,5,550,51019,1,1,0.8889800310134888,1
D0_baseline,1,5,594,51067,2,0,0.15136271715164185,0
D0_baseline,1,5,614,51088,2,0,0.14662425220012665,0
D0_baseline,1,5,616,51090,2,0,0.1481471061706543,0
D0_baseline,1,5,621,51096,2,0,0.14627611637115479,0
D0_baseline,1,5,623,51098,2,0,0.14700421690940857,0
D0_baseline,1,5,628,51103,2,0,0.6996771097183228,1
D0_baseline,1,5,647,51128,2,0,0.1450413465499878,0
D0_baseline,1,5,660,51141,2,0,0.16962844133377075,0
D0_baseline,1,5,669,51153,2,0,0.15399618446826935,0
D0_baseline,1,5,674,51161,1,1,0.829566478729248,1
D0_baseline,1,5,685,51179,1,1,0.8733655214309692,1
D0_baseline,1,5,698,51198,2,0,0.2708580493927002,0
D0_baseline,1,5,702,51204,1,1,0.8806113600730896,1
D0_baseline,1,5,713,51217,1,1,0.16403070092201233,0
D0_baseline,1,5,719,51223,1,1,0.820585310459137,1
D0_baseline,1,5,727,51234,1,1,0.8708269596099854,1
D0_baseline,1,5,737,51251,2,0,0.7757589221000671,1
D0_baseline,1,5,738,51252,2,0,0.8888576030731201,1
D0_baseline,1,5,746,51262,2,0,0.8844434022903442,1
D0_baseline,1,5,805,51341,2,0,0.56011962890625,1
D0_baseline,1,5,821,51362,2,0,0.2868734896183014,0
D0_baseline,1,5,823,51364,2,0,0.30310434103012085,0
D0_baseline,1,5,832,51473,1,1,0.6651409864425659,1
D0_baseline,1,5,847,51560,2,0,0.14485010504722595,0
D0_baseline,1,5,848,51562,2,0,0.14444418251514435,0
D0_baseline,1,5,849,51563,2,0,0.1561562418937683,0
D0_baseline,1,6,6,50010,1,1,0.9350913166999817,1
D0_baseline,1,6,47,50057,1,1,0.05870256572961807,0
D0_baseline,1,6,54,50106,2,0,0.058947425335645676,0
D0_baseline,1,6,61,50115,2,0,0.05802813544869423,0
D0_baseline,1,6,70,50127,1,1,0.20153853297233582,0
D0_baseline,1,6,76,50134,1,1,0.9346528053283691,1
D0_baseline,1,6,78,50142,1,1,0.9358772039413452,1
D0_baseline,1,6,82,50146,1,1,0.4152246415615082,0
D0_baseline,1,6,91,50158,2,0,0.05780787393450737,0
D0_baseline,1,6,92,50159,2,0,0.9354925155639648,1
D0_baseline,1,6,112,50194,2,0,0.058389369398355484,0
D0_baseline,1,6,123,50206,2,0,0.6059214472770691,1
D0_baseline,1,6,124,50208,2,0,0.058609988540410995,0
D0_baseline,1,6,130,50232,1,1,0.9309366345405579,1
D0_baseline,1,6,131,50233,1,1,0.9340906739234924,1
D0_baseline,1,6,137,50241,1,1,0.9343323707580566,1
D0_baseline,1,6,139,50245,1,1,0.934102475643158,1
D0_baseline,1,6,140,50247,1,1,0.9359433054924011,1
D0_baseline,1,6,151,50260,2,0,0.058391373604536057,0
D0_baseline,1,6,168,50278,1,1,0.93306565284729,1
D0_baseline,1,6,175,50291,1,1,0.928368330001831,1
D0_baseline,1,6,196,50325,1,1,0.05802863463759422,0
D0_baseline,1,6,205,50336,2,0,0.1405184268951416,0
D0_baseline,1,6,219,50350,2,0,0.059011660516262054,0
D0_baseline,1,6,220,50351,2,0,0.058945052325725555,0
D0_baseline,1,6,223,50354,2,0,0.05945592373609543,0
D0_baseline,1,6,228,50359,2,0,0.06122197210788727,0
D0_baseline,1,6,229,50360,2,0,0.058258071541786194,0
D0_baseline,1,6,234,50365,2,0,0.05843598023056984,0
D0_baseline,1,6,239,50370,2,0,0.05764071270823479,0
D0_baseline,1,6,254,50388,2,0,0.05836706981062889,0
D0_baseline,1,6,260,50403,1,1,0.06033030524849892,0
D0_baseline,1,6,278,50424,2,0,0.05850580707192421,0
D0_baseline,1,6,290,50440,2,0,0.9356189370155334,1
D0_baseline,1,6,292,50442,2,0,0.058913130313158035,0
D0_baseline,1,6,299,50449,2,0,0.05764850601553917,0
D0_baseline,1,6,302,50466,2,0,0.05837377533316612,0
D0_baseline,1,6,321,50496,1,1,0.9353441596031189,1
D0_baseline,1,6,340,50523,1,1,0.932302713394165,1
D0_baseline,1,6,345,50528,1,1,0.9337341785430908,1
D0_baseline,1,6,357,50565,2,0,0.18252399563789368,0
D0_baseline,1,6,365,50575,2,0,0.05761057138442993,0
D0_baseline,1,6,372,50604,1,1,0.932297945022583,1
D0_baseline,1,6,374,50607,1,1,0.057610832154750824,0
D0_baseline,1,6,379,50615,1,1,0.9334805607795715,1
D0_baseline,1,6,399,50664,2,0,0.05771571397781372,0
D0_baseline,1,6,426,50707,2,0,0.05844173580408096,0
D0_baseline,1,6,444,50741,2,0,0.05746426805853844,0
D0_baseline,1,6,467,50782,2,0,0.05930816009640694,0
D0_baseline,1,6,468,50783,2,0,0.058915477246046066,0
D0_baseline,1,6,470,50790,2,0,0.05840161815285683,0
D0_baseline,1,6,480,50807,1,1,0.9348031878471375,1
D0_baseline,1,6,493,50955,1,1,0.05826080963015556,0
D0_baseline,1,6,499,50961,1,1,0.9351309537887573,1
D0_baseline,1,6,515,50981,1,1,0.9317368865013123,1
D0_baseline,1,6,518,50984,1,1,0.865458071231842,1
D0_baseline,1,6,522,50988,1,1,0.8578445315361023,1
D0_baseline,1,6,523,50989,1,1,0.931651771068573,1
D0_baseline,1,6,542,51011,1,1,0.9331180453300476,1
D0_baseline,1,6,556,51026,1,1,0.9361278414726257,1
D0_baseline,1,6,557,51027,1,1,0.2025393694639206,0
D0_baseline,1,6,567,51039,2,0,0.05896620824933052,0
D0_baseline,1,6,569,51041,2,0,0.05870389565825462,0
D0_baseline,1,6,573,51046,2,0,0.057941485196352005,0
D0_baseline,1,6,581,51054,2,0,0.05838843435049057,0
D0_baseline,1,6,582,51055,2,0,0.058915067464113235,0
D0_baseline,1,6,583,51056,2,0,0.05899698659777641,0
D0_baseline,1,6,601,51075,2,0,0.05967875197529793,0
D0_baseline,1,6,604,51078,2,0,0.05896312743425369,0
D0_baseline,1,6,624,51099,2,0,0.05744076147675514,0
D0_baseline,1,6,672,51156,2,0,0.058511652052402496,0
D0_baseline,1,6,707,51210,1,1,0.9303913116455078,1
D0_baseline,1,6,725,51230,1,1,0.9352310299873352,1
D0_baseline,1,6,739,51253,2,0,0.05746613070368767,0
D0_baseline,1,6,762,51281,2,0,0.05873449891805649,0
D0_baseline,1,6,773,51302,1,1,0.8017076253890991,1
D0_baseline,1,6,775,51304,2,0,0.057588379830121994,0
D0_baseline,1,6,785,51319,1,1,0.933134138584137,1
D0_baseline,1,6,796,51331,1,1,0.9360560774803162,1
D0_baseline,1,6,810,51346,2,0,0.05873340740799904,0
D0_baseline,1,6,811,51347,2,0,0.05814363434910774,0
D0_baseline,1,6,812,51349,1,1,0.058487605303525925,0
D0_baseline,1,6,819,51360,2,0,0.057557836174964905,0
D0_baseline,1,6,844,51557,2,0,0.05868658423423767,0
D0_baseline,1,6,858,51573,1,1,0.123171366751194,0
D0_baseline,1,6,864,51580,1,1,0.6503973603248596,1
D0_baseline,1,6,869,51606,1,1,0.057617440819740295,0
D0_baseline,1,7,22,50031,2,0,0.06170686334371567,0
D0_baseline,1,7,24,50033,2,0,0.06142280995845795,0
D0_baseline,1,7,29,50038,2,0,0.06158362701535225,0
D0_baseline,1,7,43,50052,2,0,0.08314719796180725,0
D0_baseline,1,7,50,50102,2,0,0.061432406306266785,0
D0_baseline,1,7,58,50112,2,0,0.06267688423395157,0
D0_baseline,1,7,62,50116,2,0,0.08263736963272095,0
D0_baseline,1,7,86,50150,1,1,0.06279914081096649,0
D0_baseline,1,7,89,50156,1,1,0.816123366355896,1
D0_baseline,1,7,93,50160,2,0,0.06670626997947693,0
D0_baseline,1,7,99,50168,2,0,0.06674863398075104,0
D0_baseline,1,7,121,50204,2,0,0.06368838995695114,0
D0_baseline,1,7,125,50210,2,0,0.06187162548303604,0
D0_baseline,1,7,127,50214,2,0,0.06449159234762192,0
D0_baseline,1,7,129,50217,2,0,0.0642249807715416,0
D0_baseline,1,7,133,50236,1,1,0.8161290287971497,1
D0_baseline,1,7,158,50267,2,0,0.06153657287359238,0
D0_baseline,1,7,162,50271,2,0,0.07130954414606094,0
D0_baseline,1,7,169,50282,1,1,0.5545079112052917,1
D0_baseline,1,7,183,50301,1,1,0.0667203962802887,0
D0_baseline,1,7,188,50312,1,1,0.78504478931427,1
D0_baseline,1,7,211,50342,2,0,0.06209328770637512,0
D0_baseline,1,7,212,50343,2,0,0.43872326612472534,0
D0_baseline,1,7,238,50369,2,0,0.06672198325395584,0
D0_baseline,1,7,245,50377,2,0,0.0625235065817833,0
D0_baseline,1,7,251,50385,2,0,0.09090515971183777,0
D0_baseline,1,7,262,50405,1,1,0.8082919120788574,1
D0_baseline,1,7,266,50410,1,1,0.20981262624263763,0
D0_baseline,1,7,274,50418,2,0,0.061386942863464355,0
D0_baseline,1,7,300,50453,2,0,0.7593972086906433,1
D0_baseline,1,7,307,50477,1,1,0.5905047655105591,1
D0_baseline,1,7,317,50491,1,1,0.7363813519477844,1
D0_baseline,1,7,318,50492,1,1,0.6830666661262512,1
D0_baseline,1,7,325,50500,1,1,0.47006189823150635,0
D0_baseline,1,7,346,50529,1,1,0.8162893652915955,1
D0_baseline,1,7,353,50557,2,0,0.06140691041946411,0
D0_baseline,1,7,354,50558,2,0,0.06166194751858711,0
D0_baseline,1,7,373,50606,1,1,0.07621774077415466,0
D0_baseline,1,7,375,50608,1,1,0.153118297457695,0
D0_baseline,1,7,386,50624,1,1,0.8166281580924988,1
D0_baseline,1,7,395,50649,1,1,0.0625142753124237,0
D0_baseline,1,7,407,50688,2,0,0.061388686299324036,0
D0_baseline,1,7,418,50699,2,0,0.8133940696716309,1
D0_baseline,1,7,428,50709,2,0,0.061459243297576904,0
D0_baseline,1,7,450,50749,1,1,0.7958406805992126,1
D0_baseline,1,7,453,50752,1,1,0.22394588589668274,0
D0_baseline,1,7,456,50756,1,1,0.7750961184501648,1
D0_baseline,1,7,495,50957,1,1,0.15155203640460968,0
D0_baseline,1,7,510,50974,1,1,0.7949078679084778,1
D0_baseline,1,7,521,50987,1,1,0.8153274655342102,1
D0_baseline,1,7,554,51024,1,1,0.7244824767112732,1
D0_baseline,1,7,587,51060,2,0,0.39702510833740234,0
D0_baseline,1,7,593,51066,2,0,0.06228918954730034,0
D0_baseline,1,7,619,51094,2,0,0.06253132969141006,0
D0_baseline,1,7,620,51095,2,0,0.1652124971151352,0
D0_baseline,1,7,629,51104,2,0,0.062113381922245026,0
D0_baseline,1,7,634,51110,2,0,0.06163887307047844,0
D0_baseline,1,7,663,51147,2,0,0.061648618429899216,0
D0_baseline,1,7,667,51151,2,0,0.0619111992418766,0
D0_baseline,1,7,671,51155,2,0,0.06157465651631355,0
D0_baseline,1,7,673,51159,2,0,0.8164557814598083,1
D0_baseline,1,7,676,51163,1,1,0.08314404636621475,0
D0_baseline,1,7,682,51173,1,1,0.803186297416687,1
D0_baseline,1,7,683,51177,1,1,0.5361634492874146,1
D0_baseline,1,7,684,51178,1,1,0.8100312948226929,1
D0_baseline,1,7,695,51192,2,0,0.062496304512023926,0
D0_baseline,1,7,704,51206,1,1,0.593828022480011,1
D0_baseline,1,7,710,51214,1,1,0.7965202927589417,1
D0_baseline,1,7,717,51221,1,1,0.8100740313529968,1
D0_baseline,1,7,720,51224,1,1,0.8099818825721741,1
D0_baseline,1,7,724,51229,1,1,0.8156301379203796,1
D0_baseline,1,7,736,51250,2,0,0.06369707733392715,0
D0_baseline,1,7,759,51278,2,0,0.13141730427742004,0
D0_baseline,1,7,760,51279,2,0,0.061451710760593414,0
D0_baseline,1,7,764,51292,1,1,0.8074736595153809,1
D0_baseline,1,7,774,51303,2,0,0.06165233626961708,0
D0_baseline,1,7,784,51318,1,1,0.06154448166489601,0
D0_baseline,1,7,799,51334,2,0,0.062110185623168945,0
D0_baseline,1,7,807,51343,2,0,0.06679476797580719,0
D0_baseline,1,7,820,51361,2,0,0.06172015145421028,0
D0_baseline,1,7,827,51373,2,0,0.06670956313610077,0
D0_baseline,1,7,828,51461,1,1,0.5509340763092041,1
D0_baseline,1,7,830,51464,1,1,0.8134718537330627,1
D0_baseline,1,7,831,51465,1,1,0.8116875290870667,1
D0_baseline,1,7,833,51477,2,0,0.061574965715408325,0
D0_baseline,1,7,857,51572,1,1,0.8153355121612549,1
D0_baseline,1,7,866,51583,1,1,0.8166147470474243,1
D0_baseline,1,8,5,50008,1,1,0.8777581453323364,1
D0_baseline,1,8,7,50011,1,1,0.8759701251983643,1
D0_baseline,1,8,10,50014,1,1,0.8778485059738159,1
D0_baseline,1,8,14,50022,1,1,0.1333124190568924,0
D0_baseline,1,8,16,50024,1,1,0.8779119253158569,1
D0_baseline,1,8,35,50044,2,0,0.14046071469783783,0
D0_baseline,1,8,42,50051,2,0,0.44189029932022095,0
D0_baseline,1,8,49,50060,2,0,0.13174687325954437,0
D0_baseline,1,8,52,50104,2,0,0.14021022617816925,0
D0_baseline,1,8,56,50109,2,0,0.14854159951210022,0
D0_baseline,1,8,65,50119,1,1,0.131596177816391,0
D0_baseline,1,8,67,50123,1,1,0.8751451373100281,1
D0_baseline,1,8,101,50170,2,0,0.13848890364170074,0
D0_baseline,1,8,103,50182,1,1,0.8775256872177124,1
D0_baseline,1,8,104,50183,1,1,0.8778303265571594,1
D0_baseline,1,8,106,50186,1,1,0.8749248385429382,1
D0_baseline,1,8,117,50200,2,0,0.14056840538978577,0
D0_baseline,1,8,118,50201,2,0,0.1339835673570633,0
D0_baseline,1,8,143,50250,1,1,0.18681468069553375,0
D0_baseline,1,8,146,50253,1,1,0.8502376675605774,1
D0_baseline,1,8,164,50273,1,1,0.872779130935669,1
D0_baseline,1,8,171,50285,1,1,0.25653964281082153,0
D0_baseline,1,8,184,50302,1,1,0.874869704246521,1
D0_baseline,1,8,187,50310,1,1,0.8739796876907349,1
D0_baseline,1,8,194,50321,1,1,0.875408411026001,1
D0_baseline,1,8,198,50329,2,0,0.13082337379455566,0
D0_baseline,1,8,214,50345,2,0,0.1326807737350464,0
D0_baseline,1,8,227,50358,2,0,0.1308521330356598,0
D0_baseline,1,8,231,50362,2,0,0.1307973563671112,0
D0_baseline,1,8,244,50376,2,0,0.7653558850288391,1
D0_baseline,1,8,263,50406,1,1,0.8748230338096619,1
D0_baseline,1,8,268,50412,1,1,0.875641405582428,1
D0_baseline,1,8,270,50414,2,0,0.30958205461502075,0
D0_baseline,1,8,281,50427,2,0,0.13505929708480835,0
D0_baseline,1,8,298,50448,2,0,0.20156392455101013,0
D0_baseline,1,8,309,50481,1,1,0.8754056692123413,1
D0_baseline,1,8,314,50487,1,1,0.8728126287460327,1
D0_baseline,1,8,358,50568,2,0,0.46495887637138367,0
D0_baseline,1,8,366,50576,2,0,0.13253463804721832,0
D0_baseline,1,8,369,50601,1,1,0.538417398929596,1
D0_baseline,1,8,381,50619,1,1,0.8749053478240967,1
D0_baseline,1,8,404,50685,2,0,0.37024426460266113,0
D0_baseline,1,8,419,50700,1,1,0.8764157295227051,1
D0_baseline,1,8,420,50701,2,0,0.3438604176044464,0
D0_baseline,1,8,432,50724,2,0,0.13401781022548676,0
D0_baseline,1,8,440,50737,2,0,0.1551317274570465,0
D0_baseline,1,8,454,50754,1,1,0.8748727440834045,1
D0_baseline,1,8,462,50776,2,0,0.13485054671764374,0
D0_baseline,1,8,471,50791,1,1,0.8773301243782043,1
D0_baseline,1,8,482,50814,2,0,0.26324403285980225,0
D0_baseline,1,8,508,50972,1,1,0.87540602684021,1
D0_baseline,1,8,525,50991,1,1,0.24403508007526398,0
D0_baseline,1,8,527,50993,1,1,0.8707247972488403,1
D0_baseline,1,8,532,50999,1,1,0.8776196837425232,1
D0_baseline,1,8,544,51013,1,1,0.8769059181213379,1
D0_baseline,1,8,559,51029,1,1,0.3439237177371979,0
D0_baseline,1,8,576,51049,2,0,0.1416495144367218,0
D0_baseline,1,8,596,51069,2,0,0.13974881172180176,0
D0_baseline,1,8,627,51102,2,0,0.15837359428405762,0
D0_baseline,1,8,632,51107,2,0,0.87652188539505,1
D0_baseline,1,8,635,51111,2,0,0.13093312084674835,0
D0_baseline,1,8,638,51114,2,0,0.5432226061820984,1
D0_baseline,1,8,642,51122,2,0,0.1339890956878662,0
D0_baseline,1,8,644,51124,2,0,0.13235339522361755,0
D0_baseline,1,8,656,51137,2,0,0.1405762881040573,0
D0_baseline,1,8,670,51154,2,0,0.1495470255613327,0
D0_baseline,1,8,694,51189,2,0,0.22492040693759918,0
D0_baseline,1,8,701,51203,1,1,0.8740140199661255,1
D0_baseline,1,8,711,51215,1,1,0.43292027711868286,0
D0_baseline,1,8,730,51237,1,1,0.8742673397064209,1
D0_baseline,1,8,733,51241,1,1,0.877692699432373,1
D0_baseline,1,8,745,51261,2,0,0.25652095675468445,0
D0_baseline,1,8,747,51264,2,0,0.1365135908126831,0
D0_baseline,1,8,758,51277,2,0,0.13084140419960022,0
D0_baseline,1,8,777,51306,2,0,0.26865285634994507,0
D0_baseline,1,8,783,51315,2,0,0.21346239745616913,0
D0_baseline,1,8,786,51320,1,1,0.8737137913703918,1
D0_baseline,1,8,788,51322,1,1,0.2940479516983032,0
D0_baseline,1,8,790,51325,1,1,0.8776712417602539,1
D0_baseline,1,8,791,51326,1,1,0.8327421545982361,1
D0_baseline,1,8,797,51332,2,0,0.1334742307662964,0
D0_baseline,1,8,801,51336,2,0,0.1311430037021637,0
D0_baseline,1,8,802,51338,2,0,0.8655011653900146,1
D0_baseline,1,8,816,51356,2,0,0.6285867691040039,1
D0_baseline,1,8,824,51365,2,0,0.1376379281282425,0
D0_baseline,1,8,825,51369,2,0,0.2506523132324219,0
D0_baseline,1,8,839,51487,2,0,0.13196317851543427,0
D0_baseline,1,9,0,50003,1,1,0.45400914549827576,0
D0_baseline,1,9,44,50053,1,1,0.6375242471694946,1
D0_baseline,1,9,51,50103,2,0,0.6962827444076538,1
D0_baseline,1,9,83,50147,1,1,0.6876634955406189,1
D0_baseline,1,9,96,50163,2,0,0.6658340096473694,1
D0_baseline,1,9,110,50190,1,1,0.485675573348999,0
D0_baseline,1,9,116,50199,2,0,0.2885504364967346,0
D0_baseline,1,9,136,50240,1,1,0.6844661235809326,1
D0_baseline,1,9,155,50264,2,0,0.6358053088188171,1
D0_baseline,1,9,157,50266,2,0,0.35778194665908813,0
D0_baseline,1,9,161,50270,2,0,0.3202625513076782,0
D0_baseline,1,9,178,50294,1,1,0.6826485991477966,1
D0_baseline,1,9,180,50297,1,1,0.2893531918525696,0
D0_baseline,1,9,181,50298,1,1,0.3374570906162262,0
D0_baseline,1,9,182,50300,1,1,0.2779369056224823,0
D0_baseline,1,9,197,50327,2,0,0.276789128780365,0
D0_baseline,1,9,202,50333,2,0,0.29762664437294006,0
D0_baseline,1,9,208,50339,2,0,0.2765759825706482,0
D0_baseline,1,9,237,50368,2,0,0.27871018648147583,0
D0_baseline,1,9,247,50380,2,0,0.5692191123962402,1
D0_baseline,1,9,249,50382,2,0,0.27817970514297485,0
D0_baseline,1,9,257,50397,1,1,0.6952818036079407,1
D0_baseline,1,9,267,50411,1,1,0.7056453227996826,1
D0_baseline,1,9,287,50437,2,0,0.7029308676719666,1
D0_baseline,1,9,294,50444,2,0,0.350669264793396,0
D0_baseline,1,9,297,50447,2,0,0.4706191122531891,0
D0_baseline,1,9,310,50482,1,1,0.7059963345527649,1
D0_baseline,1,9,320,50494,1,1,0.6900230050086975,1
D0_baseline,1,9,341,50524,1,1,0.70196932554245,1
D0_baseline,1,9,352,50555,2,0,0.27677208185195923,0
D0_baseline,1,9,377,50613,1,1,0.6993407011032104,1
D0_baseline,1,9,378,50614,1,1,0.7059214115142822,1
D0_baseline,1,9,396,50654,1,1,0.28211843967437744,0
D0_baseline,1,9,400,50665,2,0,0.35117363929748535,0
D0_baseline,1,9,406,50687,2,0,0.5205073952674866,1
D0_baseline,1,9,409,50690,1,1,0.2765966057777405,0
D0_baseline,1,9,423,50704,1,1,0.3199158310890198,0
D0_baseline,1,9,424,50705,1,1,0.2787356972694397,0
D0_baseline,1,9,427,50708,1,1,0.694210410118103,1
D0_baseline,1,9,434,50726,2,0,0.2779274880886078,0
D0_baseline,1,9,442,50739,2,0,0.5410590171813965,1
D0_baseline,1,9,452,50751,1,1,0.6536868810653687,1
D0_baseline,1,9,459,50773,2,0,0.3595271706581116,0
D0_baseline,1,9,463,50777,2,0,0.2778172791004181,0
D0_baseline,1,9,479,50803,1,1,0.7010440230369568,1
D0_baseline,1,9,488,50822,2,0,0.28198546171188354,0
D0_baseline,1,9,491,50952,1,1,0.7054358720779419,1
D0_baseline,1,9,500,50962,1,1,0.3682316839694977,0
D0_baseline,1,9,512,50977,1,1,0.31910276412963867,0
D0_baseline,1,9,520,50986,1,1,0.28334206342697144,0
D0_baseline,1,9,526,50992,1,1,0.4944678246974945,0
D0_baseline,1,9,534,51001,1,1,0.7054087519645691,1
D0_baseline,1,9,540,51009,1,1,0.6986498236656189,1
D0_baseline,1,9,552,51021,1,1,0.7060957551002502,1
D0_baseline,1,9,561,51032,1,1,0.6986116766929626,1
D0_baseline,1,9,563,51034,1,1,0.6001280546188354,1
D0_baseline,1,9,565,51036,2,0,0.27673953771591187,0
D0_baseline,1,9,578,51051,2,0,0.2852475643157959,0
D0_baseline,1,9,591,51064,2,0,0.2936490774154663,0
D0_baseline,1,9,595,51068,2,0,0.5523852109909058,1
D0_baseline,1,9,602,51076,2,0,0.2845349609851837,0
D0_baseline,1,9,612,51086,2,0,0.2767249643802643,0
D0_baseline,1,9,622,51097,2,0,0.277356892824173,0
D0_baseline,1,9,625,51100,2,0,0.5995482206344604,1
D0_baseline,1,9,631,51106,2,0,0.27677589654922485,0
D0_baseline,1,9,640,51117,2,0,0.4658450484275818,0
D0_baseline,1,9,643,51123,2,0,0.4081081449985504,0
D0_baseline,1,9,657,51138,2,0,0.27785566449165344,0
D0_baseline,1,9,679,51169,1,1,0.7049345374107361,1
D0_baseline,1,9,692,51187,2,0,0.3247305750846863,0
D0_baseline,1,9,693,51188,2,0,0.28064897656440735,0
D0_baseline,1,9,709,51212,1,1,0.7040563225746155,1
D0_baseline,1,9,715,51219,1,1,0.7044172883033752,1
D0_baseline,1,9,732,51240,1,1,0.6993018984794617,1
D0_baseline,1,9,743,51257,2,0,0.5454785227775574,1
D0_baseline,1,9,781,51311,2,0,0.2768016755580902,0
D0_baseline,1,9,795,51330,1,1,0.7049328088760376,1
D0_baseline,1,9,798,51333,2,0,0.276635080575943,0
D0_baseline,1,9,809,51345,2,0,0.3795899450778961,0
D0_baseline,1,9,818,51359,2,0,0.7051672339439392,1
D0_baseline,1,9,822,51363,2,0,0.27663248777389526,0
D0_baseline,1,9,829,51463,1,1,0.7060397863388062,1
D0_baseline,1,9,837,51482,2,0,0.28960293531417847,0
D0_baseline,1,9,840,51488,2,0,0.27942144870758057,0
D0_baseline,1,9,843,51556,2,0,0.34050410985946655,0
D0_baseline,1,9,851,51565,2,0,0.2833263874053955,0
D0_baseline,1,9,862,51578,1,1,0.7021768689155579,1
D0_baseline,1,10,2,50005,1,1,0.9478854537010193,1
D0_baseline,1,10,11,50015,1,1,0.950424075126648,1
D0_baseline,1,10,18,50026,1,1,0.9475308060646057,1
D0_baseline,1,10,19,50027,1,1,0.16509607434272766,0
D0_baseline,1,10,20,50028,1,1,0.9504671096801758,1
D0_baseline,1,10,27,50036,2,0,0.05219617113471031,0
D0_baseline,1,10,36,50045,2,0,0.9446066617965698,1
D0_baseline,1,10,38,50047,2,0,0.2430533766746521,0
D0_baseline,1,10,55,50107,2,0,0.1704460233449936,0
D0_baseline,1,10,63,50117,2,0,0.07272655516862869,0
D0_baseline,1,10,66,50121,1,1,0.9502906203269958,1
D0_baseline,1,10,72,50129,1,1,0.9499646425247192,1
D0_baseline,1,10,85,50149,1,1,0.9504789710044861,1
D0_baseline,1,10,98,50167,2,0,0.055473558604717255,0
D0_baseline,1,10,108,50188,1,1,0.0547458790242672,0
D0_baseline,1,10,113,50195,2,0,0.05230896547436714,0
D0_baseline,1,10,114,50196,2,0,0.0504617877304554,0
D0_baseline,1,10,126,50213,2,0,0.05121276527643204,0
D0_baseline,1,10,132,50234,1,1,0.9482443928718567,1
D0_baseline,1,10,141,50248,1,1,0.9503259658813477,1
D0_baseline,1,10,145,50252,1,1,0.27047401666641235,0
D0_baseline,1,10,152,50261,2,0,0.9495779871940613,1
D0_baseline,1,10,156,50265,2,0,0.05013130232691765,0
D0_baseline,1,10,163,50272,1,1,0.9494800567626953,1
D0_baseline,1,10,176,50292,1,1,0.950143039226532,1
D0_baseline,1,10,190,50315,1,1,0.9495378136634827,1
D0_baseline,1,10,200,50331,2,0,0.3811865746974945,0
D0_baseline,1,10,225,50356,2,0,0.055843885987997055,0
D0_baseline,1,10,235,50366,2,0,0.050012730062007904,0
D0_baseline,1,10,240,50372,2,0,0.05151047930121422,0
D0_baseline,1,10,246,50379,2,0,0.05348238721489906,0
D0_baseline,1,10,265,50408,1,1,0.054754599928855896,0
D0_baseline,1,10,275,50419,2,0,0.054741717875003815,0
D0_baseline,1,10,279,50425,2,0,0.051092877984046936,0
D0_baseline,1,10,285,50435,2,0,0.05037146806716919,0
D0_baseline,1,10,308,50480,1,1,0.9499643445014954,1
D0_baseline,1,10,315,50488,1,1,0.9502748250961304,1
D0_baseline,1,10,319,50493,1,1,0.9495422840118408,1
D0_baseline,1,10,348,50531,1,1,0.948095977306366,1
D0_baseline,1,10,361,50571,2,0,0.37212392687797546,0
D0_baseline,1,10,376,50612,1,1,0.9457934498786926,1
D0_baseline,1,10,388,50626,1,1,0.9497624635696411,1
D0_baseline,1,10,393,50647,1,1,0.9499543309211731,1
D0_baseline,1,10,397,50656,2,0,0.1689271628856659,0
D0_baseline,1,10,405,50686,1,1,0.9497776031494141,1
D0_baseline,1,10,414,50695,1,1,0.1670129895210266,0
D0_baseline,1,10,448,50745,1,1,0.9495995044708252,1
D0_baseline,1,10,461,50775,2,0,0.051634371280670166,0
D0_baseline,1,10,464,50778,2,0,0.051862865686416626,0
D0_baseline,1,10,466,50781,2,0,0.37712663412094116,0
D0_baseline,1,10,476,50799,1,1,0.9505295157432556,1
D0_baseline,1,10,478,50801,1,1,0.9394584894180298,1
D0_baseline,1,10,486,50820,2,0,0.05671780928969383,0
D0_baseline,1,10,489,50823,1,1,0.9490376114845276,1
D0_baseline,1,10,490,50824,1,1,0.7924259901046753,1
D0_baseline,1,10,519,50985,1,1,0.9494962692260742,1
D0_baseline,1,10,568,51040,2,0,0.05471213907003403,0
D0_baseline,1,10,570,51042,2,0,0.05364613234996796,0
D0_baseline,1,10,579,51052,2,0,0.052724458277225494,0
D0_baseline,1,10,586,51059,2,0,0.05475834757089615,0
D0_baseline,1,10,589,51062,2,0,0.05364478752017021,0
D0_baseline,1,10,606,51080,2,0,0.9504684209823608,1
D0_baseline,1,10,609,51083,2,0,0.9496008157730103,1
D0_baseline,1,10,611,51085,2,0,0.9504662752151489,1
D0_baseline,1,10,652,51133,2,0,0.07078740745782852,0
D0_baseline,1,10,665,51149,2,0,0.05103069543838501,0
D0_baseline,1,10,677,51164,1,1,0.9504235982894897,1
D0_baseline,1,10,688,51182,2,0,0.050565119832754135,0
D0_baseline,1,10,700,51202,1,1,0.949271559715271,1
D0_baseline,1,10,705,51207,1,1,0.9495744109153748,1
D0_baseline,1,10,721,51225,1,1,0.5439053773880005,1
D0_baseline,1,10,740,51254,2,0,0.05219731479883194,0
D0_baseline,1,10,748,51265,2,0,0.05548694357275963,0
D0_baseline,1,10,749,51266,2,0,0.6670404672622681,1
D0_baseline,1,10,756,51275,2,0,0.05411159247159958,0
D0_baseline,1,10,766,51294,1,1,0.9483823776245117,1
D0_baseline,1,10,768,51297,1,1,0.950504720211029,1
D0_baseline,1,10,772,51301,1,1,0.41221675276756287,0
D0_baseline,1,10,779,51308,2,0,0.056712113320827484,0
D0_baseline,1,10,780,51309,2,0,0.9504691958427429,1
D0_baseline,1,10,782,51313,2,0,0.054754599928855896,0
D0_baseline,1,10,800,51335,2,0,0.1296742707490921,0
D0_baseline,1,10,834,51479,2,0,0.05131440609693527,0
D0_baseline,1,10,850,51564,2,0,0.07430946826934814,0
D0_baseline,1,10,853,51567,2,0,0.05012274533510208,0
D0_baseline,1,10,865,51582,1,1,0.9501305818557739,1
D0_baseline,1,10,868,51585,1,1,0.9504222273826599,1
D0_baseline,2,1,0,50003,1,1,0.727977991104126,1
D0_baseline,2,1,7,50011,1,1,0.8955358862876892,1
D0_baseline,2,1,35,50044,2,0,0.0909191370010376,0
D0_baseline,2,1,39,50048,2,0,0.7794865965843201,1
D0_baseline,2,1,45,50054,2,0,0.8848851919174194,1
D0_baseline,2,1,48,50059,2,0,0.5964481234550476,1
D0_baseline,2,1,53,50105,2,0,0.5516617298126221,1
D0_baseline,2,1,55,50107,2,0,0.3748617172241211,0
D0_baseline,2,1,72,50129,1,1,0.8978114724159241,1
D0_baseline,2,1,73,50130,1,1,0.8964710831642151,1
D0_baseline,2,1,78,50142,1,1,0.8974840044975281,1
D0_baseline,2,1,81,50145,1,1,0.18831486999988556,0
D0_baseline,2,1,86,50150,1,1,0.09131074696779251,0
D0_baseline,2,1,95,50162,2,0,0.08678480237722397,0
D0_baseline,2,1,127,50214,2,0,0.09592743963003159,0
D0_baseline,2,1,138,50243,1,1,0.883726179599762,1
D0_baseline,2,1,144,50251,1,1,0.48480650782585144,0
D0_baseline,2,1,149,50257,2,0,0.08603590726852417,0
D0_baseline,2,1,176,50292,1,1,0.897230327129364,1
D0_baseline,2,1,182,50300,1,1,0.12479744851589203,0
D0_baseline,2,1,192,50319,1,1,0.8972691297531128,1
D0_baseline,2,1,193,50320,1,1,0.8975017666816711,1
D0_baseline,2,1,204,50335,2,0,0.0860808864235878,0
D0_baseline,2,1,205,50336,2,0,0.7790857553482056,1
D0_baseline,2,1,231,50362,2,0,0.08605615794658661,0
D0_baseline,2,1,234,50365,2,0,0.08871222287416458,0
D0_baseline,2,1,242,50374,2,0,0.18169544637203217,0
D0_baseline,2,1,247,50380,2,0,0.614631175994873,1
D0_baseline,2,1,248,50381,2,0,0.11502870172262192,0
D0_baseline,2,1,253,50387,2,0,0.09322000294923782,0
D0_baseline,2,1,259,50402,1,1,0.15152175724506378,0
D0_baseline,2,1,285,50435,2,0,0.08835790306329727,0
D0_baseline,2,1,286,50436,2,0,0.6800984740257263,1
D0_baseline,2,1,295,50445,2,0,0.11347935348749161,0
D0_baseline,2,1,300,50453,2,0,0.8281767964363098,1
D0_baseline,2,1,307,50477,1,1,0.8960928916931152,1
D0_baseline,2,1,329,50504,1,1,0.8942693471908569,1
D0_baseline,2,1,345,50528,1,1,0.8958102464675903,1
D0_baseline,2,1,348,50531,1,1,0.882825493812561,1
D0_baseline,2,1,357,50565,2,0,0.6552706956863403,1
D0_baseline,2,1,359,50569,2,0,0.8119547367095947,1
D0_baseline,2,1,360,50570,2,0,0.08614680916070938,0
D0_baseline,2,1,369,50601,1,1,0.36352989077568054,0
D0_baseline,2,1,374,50607,1,1,0.08743444085121155,0
D0_baseline,2,1,385,50623,1,1,0.8965656757354736,1
D0_baseline,2,1,405,50686,1,1,0.8957916498184204,1
D0_baseline,2,1,411,50692,2,0,0.09025867283344269,0
D0_baseline,2,1,412,50693,1,1,0.27032846212387085,0
D0_baseline,2,1,425,50706,2,0,0.22067168354988098,0
D0_baseline,2,1,432,50724,2,0,0.08833321183919907,0
D0_baseline,2,1,466,50781,2,0,0.8928705453872681,1
D0_baseline,2,1,468,50783,2,0,0.09078038483858109,0
D0_baseline,2,1,471,50791,1,1,0.8970386385917664,1
D0_baseline,2,1,484,50817,2,0,0.08665989339351654,0
D0_baseline,2,1,495,50957,1,1,0.895031750202179,1
D0_baseline,2,1,505,50968,1,1,0.8959251642227173,1
D0_baseline,2,1,506,50969,1,1,0.89753258228302,1
D0_baseline,2,1,513,50978,1,1,0.896497905254364,1
D0_baseline,2,1,526,50992,1,1,0.7883623838424683,1
D0_baseline,2,1,532,50999,1,1,0.8915602564811707,1
D0_baseline,2,1,555,51025,1,1,0.8976483345031738,1
D0_baseline,2,1,556,51026,1,1,0.8970835208892822,1
D0_baseline,2,1,566,51038,2,0,0.08651955425739288,0
D0_baseline,2,1,575,51048,2,0,0.10849287360906601,0
D0_baseline,2,1,585,51058,2,0,0.09215658158063889,0
D0_baseline,2,1,596,51069,2,0,0.09341485053300858,0
D0_baseline,2,1,603,51077,2,0,0.2699161469936371,0
D0_baseline,2,1,612,51086,2,0,0.09047673642635345,0
D0_baseline,2,1,653,51134,2,0,0.08609617501497269,0
D0_baseline,2,1,684,51178,1,1,0.8978140950202942,1
D0_baseline,2,1,686,51180,2,0,0.1316254585981369,0
D0_baseline,2,1,687,51181,2,0,0.23435693979263306,0
D0_baseline,2,1,695,51192,2,0,0.08660350739955902,0
D0_baseline,2,1,710,51214,1,1,0.8957690000534058,1
D0_baseline,2,1,716,51220,1,1,0.8953436613082886,1
D0_baseline,2,1,721,51225,1,1,0.879943311214447,1
D0_baseline,2,1,749,51266,2,0,0.8975100517272949,1
D0_baseline,2,1,750,51267,2,0,0.165254607796669,0
D0_baseline,2,1,771,51300,1,1,0.897676944732666,1
D0_baseline,2,1,792,51327,1,1,0.8914370536804199,1
D0_baseline,2,1,793,51328,1,1,0.8939879536628723,1
D0_baseline,2,1,806,51342,2,0,0.11945674568414688,0
D0_baseline,2,1,808,51344,2,0,0.2621600925922394,0
D0_baseline,2,1,816,51356,2,0,0.8972358703613281,1
D0_baseline,2,1,823,51364,2,0,0.4287867248058319,0
D0_baseline,2,1,837,51482,2,0,0.09018547832965851,0
D0_baseline,2,1,867,51584,1,1,0.8954960107803345,1
D0_baseline,2,1,869,51606,1,1,0.2502490282058716,0
D0_baseline,2,2,2,50005,1,1,0.9217286109924316,1
D0_baseline,2,2,6,50010,1,1,0.9188992977142334,1
D0_baseline,2,2,10,50014,1,1,0.9198848009109497,1
D0_baseline,2,2,24,50033,2,0,0.09982433915138245,0
D0_baseline,2,2,30,50039,2,0,0.8978251814842224,1
D0_baseline,2,2,67,50123,1,1,0.9158939123153687,1
D0_baseline,2,2,76,50134,1,1,0.9116964936256409,1
D0_baseline,2,2,79,50143,1,1,0.9134426712989807,1
D0_baseline,2,2,92,50159,2,0,0.9212227463722229,1
D0_baseline,2,2,98,50167,2,0,0.10616248100996017,0
D0_baseline,2,2,101,50170,2,0,0.10817881673574448,0
D0_baseline,2,2,115,50198,2,0,0.15749050676822662,0
D0_baseline,2,2,129,50217,2,0,0.09731438010931015,0
D0_baseline,2,2,140,50247,1,1,0.9159411787986755,1
D0_baseline,2,2,153,50262,2,0,0.09863611310720444,0
D0_baseline,2,2,155,50264,2,0,0.1093599870800972,0
D0_baseline,2,2,164,50273,1,1,0.9126650094985962,1
D0_baseline,2,2,169,50282,1,1,0.8982868790626526,1
D0_baseline,2,2,180,50297,1,1,0.2741756737232208,0
D0_baseline,2,2,187,50310,1,1,0.9217455983161926,1
D0_baseline,2,2,202,50333,2,0,0.12551948428153992,0
D0_baseline,2,2,212,50343,2,0,0.36897173523902893,0
D0_baseline,2,2,217,50348,2,0,0.09756872057914734,0
D0_baseline,2,2,228,50359,2,0,0.1229247897863388,0
D0_baseline,2,2,246,50379,2,0,0.09731537848711014,0
D0_baseline,2,2,251,50385,2,0,0.9206804633140564,1
D0_baseline,2,2,277,50422,2,0,0.9206562042236328,1
D0_baseline,2,2,280,50426,2,0,0.10011089593172073,0
D0_baseline,2,2,281,50427,2,0,0.09913498163223267,0
D0_baseline,2,2,288,50438,2,0,0.09830543398857117,0
D0_baseline,2,2,293,50443,2,0,0.6171740889549255,1
D0_baseline,2,2,326,50501,1,1,0.9134611487388611,1
D0_baseline,2,2,336,50518,1,1,0.919078528881073,1
D0_baseline,2,2,340,50523,1,1,0.9144025444984436,1
D0_baseline,2,2,352,50555,2,0,0.09745961427688599,0
D0_baseline,2,2,354,50558,2,0,0.09766251593828201,0
D0_baseline,2,2,373,50606,1,1,0.921789824962616,1
D0_baseline,2,2,392,50644,1,1,0.8808299899101257,1
D0_baseline,2,2,396,50654,1,1,0.27962246537208557,0
D0_baseline,2,2,403,50683,2,0,0.09784537553787231,0
D0_baseline,2,2,404,50685,2,0,0.35342711210250854,0
D0_baseline,2,2,417,50698,2,0,0.3135811984539032,0
D0_baseline,2,2,422,50703,2,0,0.22421038150787354,0
D0_baseline,2,2,437,50731,2,0,0.0987306758761406,0
D0_baseline,2,2,450,50749,1,1,0.921368420124054,1
D0_baseline,2,2,460,50774,2,0,0.09929127246141434,0
D0_baseline,2,2,462,50776,2,0,0.0973149836063385,0
D0_baseline,2,2,474,50797,1,1,0.8612508177757263,1
D0_baseline,2,2,508,50972,1,1,0.9165208339691162,1
D0_baseline,2,2,514,50979,1,1,0.738008975982666,1
D0_baseline,2,2,537,51006,1,1,0.9190738797187805,1
D0_baseline,2,2,538,51007,1,1,0.9217900037765503,1
D0_baseline,2,2,550,51019,1,1,0.917771577835083,1
D0_baseline,2,2,554,51024,1,1,0.8208855986595154,1
D0_baseline,2,2,571,51044,2,0,0.10781461000442505,0
D0_baseline,2,2,579,51052,2,0,0.09731791168451309,0
D0_baseline,2,2,583,51056,2,0,0.10667985677719116,0
D0_baseline,2,2,590,51063,2,0,0.10418539494276047,0
D0_baseline,2,2,599,51073,2,0,0.098746657371521,0
D0_baseline,2,2,622,51097,2,0,0.10419917851686478,0
D0_baseline,2,2,628,51103,2,0,0.10344601422548294,0
D0_baseline,2,2,638,51114,2,0,0.2694030702114105,0
D0_baseline,2,2,661,51142,2,0,0.1001032143831253,0
D0_baseline,2,2,672,51156,2,0,0.10197725892066956,0
D0_baseline,2,2,677,51164,1,1,0.9187029600143433,1
D0_baseline,2,2,689,51183,2,0,0.21383264660835266,0
D0_baseline,2,2,705,51207,1,1,0.910636842250824,1
D0_baseline,2,2,706,51208,1,1,0.4616529643535614,0
D0_baseline,2,2,709,51212,1,1,0.91031414270401,1
D0_baseline,2,2,720,51224,1,1,0.9159530997276306,1
D0_baseline,2,2,723,51228,1,1,0.9204532504081726,1
D0_baseline,2,2,728,51235,1,1,0.9186713099479675,1
D0_baseline,2,2,735,51249,1,1,0.9113604426383972,1
D0_baseline,2,2,737,51251,2,0,0.7834547162055969,1
D0_baseline,2,2,741,51255,2,0,0.09776204079389572,0
D0_baseline,2,2,767,51295,1,1,0.9216583371162415,1
D0_baseline,2,2,769,51298,1,1,0.9216445088386536,1
D0_baseline,2,2,770,51299,1,1,0.9215821623802185,1
D0_baseline,2,2,791,51326,1,1,0.6953533887863159,1
D0_baseline,2,2,795,51330,1,1,0.9217357039451599,1
D0_baseline,2,2,805,51341,2,0,0.4188319444656372,0
D0_baseline,2,2,838,51484,2,0,0.09827982634305954,0
D0_baseline,2,2,853,51567,2,0,0.10010283440351486,0
D0_baseline,2,2,856,51570,2,0,0.13106510043144226,0
D0_baseline,2,2,858,51573,1,1,0.5821843147277832,1
D0_baseline,2,2,865,51582,1,1,0.9207362532615662,1
D0_baseline,2,2,868,51585,1,1,0.9214945435523987,1
D0_baseline,2,3,1,50004,1,1,0.8509467840194702,1
D0_baseline,2,3,4,50007,1,1,0.2707582116127014,0
D0_baseline,2,3,25,50034,2,0,0.07042443752288818,0
D0_baseline,2,3,34,50043,2,0,0.08586487919092178,0
D0_baseline,2,3,62,50116,2,0,0.13219258189201355,0
D0_baseline,2,3,108,50188,1,1,0.07305075973272324,0
D0_baseline,2,3,117,50200,2,0,0.07277720421552658,0
D0_baseline,2,3,125,50210,2,0,0.07253953069448471,0
D0_baseline,2,3,141,50248,1,1,0.8494764566421509,1
D0_baseline,2,3,152,50261,2,0,0.7305797934532166,1
D0_baseline,2,3,162,50271,2,0,0.08056078851222992,0
D0_baseline,2,3,163,50272,1,1,0.8507601022720337,1
D0_baseline,2,3,177,50293,1,1,0.5578889846801758,1
D0_baseline,2,3,178,50294,1,1,0.847136914730072,1
D0_baseline,2,3,200,50331,2,0,0.07201261818408966,0
D0_baseline,2,3,209,50340,2,0,0.07475005835294724,0
D0_baseline,2,3,218,50349,2,0,0.08135650306940079,0
D0_baseline,2,3,229,50360,2,0,0.07096713781356812,0
D0_baseline,2,3,243,50375,2,0,0.07467549294233322,0
D0_baseline,2,3,244,50376,2,0,0.23966547846794128,0
D0_baseline,2,3,265,50408,1,1,0.07854054123163223,0
D0_baseline,2,3,274,50418,2,0,0.10345195978879929,0
D0_baseline,2,3,283,50433,2,0,0.08002601563930511,0
D0_baseline,2,3,302,50466,2,0,0.07141708582639694,0
D0_baseline,2,3,311,50483,1,1,0.6638639569282532,1
D0_baseline,2,3,313,50486,1,1,0.8498030304908752,1
D0_baseline,2,3,321,50496,1,1,0.7637999653816223,1
D0_baseline,2,3,322,50497,1,1,0.8418506383895874,1
D0_baseline,2,3,341,50524,1,1,0.8504685759544373,1
D0_baseline,2,3,342,50525,1,1,0.7872035503387451,1
D0_baseline,2,3,355,50561,2,0,0.07194172590970993,0
D0_baseline,2,3,368,50578,2,0,0.8255083560943604,1
D0_baseline,2,3,370,50602,1,1,0.8431394696235657,1
D0_baseline,2,3,375,50608,1,1,0.5334876775741577,1
D0_baseline,2,3,378,50614,1,1,0.8415369987487793,1
D0_baseline,2,3,379,50615,1,1,0.8495333790779114,1
D0_baseline,2,3,390,50628,1,1,0.8392772078514099,1
D0_baseline,2,3,395,50649,1,1,0.1289583295583725,0
D0_baseline,2,3,399,50664,2,0,0.11447744071483612,0
D0_baseline,2,3,402,50682,2,0,0.07048704475164413,0
D0_baseline,2,3,421,50702,1,1,0.8259119987487793,1
D0_baseline,2,3,429,50711,1,1,0.5233900547027588,1
D0_baseline,2,3,431,50723,2,0,0.0703652948141098,0
D0_baseline,2,3,439,50735,2,0,0.10511279106140137,0
D0_baseline,2,3,440,50737,2,0,0.11450351029634476,0
D0_baseline,2,3,445,50742,2,0,0.09503256529569626,0
D0_baseline,2,3,451,50750,1,1,0.6746861934661865,1
D0_baseline,2,3,454,50754,1,1,0.8507542610168457,1
D0_baseline,2,3,455,50755,1,1,0.846588134765625,1
D0_baseline,2,3,477,50800,1,1,0.8421298861503601,1
D0_baseline,2,3,480,50807,1,1,0.8513854146003723,1
D0_baseline,2,3,497,50959,1,1,0.1635635495185852,0
D0_baseline,2,3,516,50982,1,1,0.07241976261138916,0
D0_baseline,2,3,525,50991,1,1,0.08304055035114288,0
D0_baseline,2,3,548,51017,1,1,0.4265504479408264,0
D0_baseline,2,3,552,51021,1,1,0.8388960361480713,1
D0_baseline,2,3,587,51060,2,0,0.6728501915931702,1
D0_baseline,2,3,597,51070,2,0,0.07113194465637207,0
D0_baseline,2,3,614,51088,2,0,0.07890623807907104,0
D0_baseline,2,3,621,51096,2,0,0.08567693084478378,0
D0_baseline,2,3,631,51106,2,0,0.08040090650320053,0
D0_baseline,2,3,640,51117,2,0,0.10364974290132523,0
D0_baseline,2,3,644,51124,2,0,0.07053261995315552,0
D0_baseline,2,3,650,51131,2,0,0.08774350583553314,0
D0_baseline,2,3,655,51136,2,0,0.1928824484348297,0
D0_baseline,2,3,657,51138,2,0,0.07487592846155167,0
D0_baseline,2,3,663,51147,2,0,0.07075541466474533,0
D0_baseline,2,3,669,51153,2,0,0.07053954899311066,0
D0_baseline,2,3,671,51155,2,0,0.07889555394649506,0
D0_baseline,2,3,691,51185,2,0,0.4157458245754242,0
D0_baseline,2,3,693,51188,2,0,0.07983704656362534,0
D0_baseline,2,3,703,51205,1,1,0.8501724004745483,1
D0_baseline,2,3,711,51215,1,1,0.27552035450935364,0
D0_baseline,2,3,724,51229,1,1,0.8453558087348938,1
D0_baseline,2,3,725,51230,1,1,0.850293755531311,1
D0_baseline,2,3,754,51272,2,0,0.16973534226417542,0
D0_baseline,2,3,757,51276,2,0,0.07468820363283157,0
D0_baseline,2,3,762,51281,2,0,0.08643291890621185,0
D0_baseline,2,3,772,51301,1,1,0.5773897171020508,1
D0_baseline,2,3,783,51315,2,0,0.08847607672214508,0
D0_baseline,2,3,787,51321,1,1,0.8313935995101929,1
D0_baseline,2,3,813,51350,1,1,0.7495146989822388,1
D0_baseline,2,3,818,51359,2,0,0.84269118309021,1
D0_baseline,2,3,821,51362,2,0,0.07726211100816727,0
D0_baseline,2,3,829,51463,1,1,0.8501315116882324,1
D0_baseline,2,3,836,51481,2,0,0.07041899859905243,0
D0_baseline,2,3,861,51577,1,1,0.8480362296104431,1
D0_baseline,2,4,5,50008,1,1,0.7387595176696777,1
D0_baseline,2,4,17,50025,1,1,0.7573531270027161,1
D0_baseline,2,4,23,50032,2,0,0.1279313713312149,0
D0_baseline,2,4,26,50035,2,0,0.3651939034461975,0
D0_baseline,2,4,28,50037,2,0,0.3481823205947876,0
D0_baseline,2,4,51,50103,2,0,0.6749085187911987,1
D0_baseline,2,4,52,50104,2,0,0.13536614179611206,0
D0_baseline,2,4,56,50109,2,0,0.355814129114151,0
D0_baseline,2,4,58,50112,2,0,0.5511468052864075,1
D0_baseline,2,4,88,50153,1,1,0.6259215474128723,1
D0_baseline,2,4,90,50157,2,0,0.19774222373962402,0
D0_baseline,2,4,100,50169,2,0,0.16065502166748047,0
D0_baseline,2,4,120,50203,2,0,0.12641967833042145,0
D0_baseline,2,4,131,50233,1,1,0.811771035194397,1
D0_baseline,2,4,136,50240,1,1,0.8117443323135376,1
D0_baseline,2,4,161,50270,2,0,0.1641198992729187,0
D0_baseline,2,4,165,50274,1,1,0.7978361248970032,1
D0_baseline,2,4,172,50287,1,1,0.17892320454120636,0
D0_baseline,2,4,181,50298,1,1,0.5802000761032104,1
D0_baseline,2,4,191,50318,1,1,0.18548467755317688,0
D0_baseline,2,4,211,50342,2,0,0.2702200412750244,0
D0_baseline,2,4,213,50344,2,0,0.1297207474708557,0
D0_baseline,2,4,214,50345,2,0,0.1198393702507019,0
D0_baseline,2,4,225,50356,2,0,0.12483277171850204,0
D0_baseline,2,4,254,50388,2,0,0.16803951561450958,0
D0_baseline,2,4,271,50415,2,0,0.22411386668682098,0
D0_baseline,2,4,306,50470,2,0,0.418657511472702,0
D0_baseline,2,4,312,50485,1,1,0.12549395859241486,0
D0_baseline,2,4,314,50487,1,1,0.8065704107284546,1
D0_baseline,2,4,315,50488,1,1,0.7916525602340698,1
D0_baseline,2,4,316,50490,1,1,0.7182824611663818,1
D0_baseline,2,4,334,50515,1,1,0.8104652762413025,1
D0_baseline,2,4,335,50516,1,1,0.6442062854766846,1
D0_baseline,2,4,356,50563,2,0,0.15035468339920044,0
D0_baseline,2,4,383,50621,1,1,0.7917057275772095,1
D0_baseline,2,4,388,50626,1,1,0.8083187937736511,1
D0_baseline,2,4,401,50669,2,0,0.8097376227378845,1
D0_baseline,2,4,416,50697,1,1,0.8107956051826477,1
D0_baseline,2,4,424,50705,1,1,0.5619509816169739,1
D0_baseline,2,4,442,50739,2,0,0.22779838740825653,0
D0_baseline,2,4,448,50745,1,1,0.8089819550514221,1
D0_baseline,2,4,452,50751,1,1,0.6975187063217163,1
D0_baseline,2,4,453,50752,1,1,0.32815271615982056,0
D0_baseline,2,4,457,50757,1,1,0.37118470668792725,0
D0_baseline,2,4,458,50772,2,0,0.8056790828704834,1
D0_baseline,2,4,464,50778,2,0,0.2223205715417862,0
D0_baseline,2,4,473,50796,1,1,0.8086357712745667,1
D0_baseline,2,4,476,50799,1,1,0.7954512238502502,1
D0_baseline,2,4,483,50816,2,0,0.1468033343553543,0
D0_baseline,2,4,515,50981,1,1,0.7673518657684326,1
D0_baseline,2,4,522,50988,1,1,0.809451699256897,1
D0_baseline,2,4,545,51014,1,1,0.805557370185852,1
D0_baseline,2,4,561,51032,1,1,0.8079180121421814,1
D0_baseline,2,4,572,51045,2,0,0.1438928097486496,0
D0_baseline,2,4,580,51053,2,0,0.1540762335062027,0
D0_baseline,2,4,581,51054,2,0,0.12205439805984497,0
D0_baseline,2,4,606,51080,2,0,0.4318341910839081,0
D0_baseline,2,4,607,51081,2,0,0.13591724634170532,0
D0_baseline,2,4,609,51083,2,0,0.798133909702301,1
D0_baseline,2,4,630,51105,2,0,0.12321853637695312,0
D0_baseline,2,4,637,51113,2,0,0.13178081810474396,0
D0_baseline,2,4,646,51127,2,0,0.7285545468330383,1
D0_baseline,2,4,647,51128,2,0,0.17421869933605194,0
D0_baseline,2,4,652,51133,2,0,0.4727136492729187,0
D0_baseline,2,4,658,51139,2,0,0.13823916018009186,0
D0_baseline,2,4,659,51140,2,0,0.13985033333301544,0
D0_baseline,2,4,664,51148,2,0,0.14569102227687836,0
D0_baseline,2,4,674,51161,1,1,0.7272220253944397,1
D0_baseline,2,4,675,51162,1,1,0.811750590801239,1
D0_baseline,2,4,681,51171,1,1,0.5463616847991943,1
D0_baseline,2,4,682,51173,1,1,0.7535473108291626,1
D0_baseline,2,4,697,51197,2,0,0.2825935482978821,0
D0_baseline,2,4,704,51206,1,1,0.8109608292579651,1
D0_baseline,2,4,714,51218,1,1,0.798674464225769,1
D0_baseline,2,4,718,51222,1,1,0.1497567892074585,0
D0_baseline,2,4,733,51241,1,1,0.531634509563446,1
D0_baseline,2,4,759,51278,2,0,0.483810693025589,0
D0_baseline,2,4,766,51294,1,1,0.6204126477241516,1
D0_baseline,2,4,775,51304,2,0,0.21833978593349457,0
D0_baseline,2,4,776,51305,2,0,0.12338156998157501,0
D0_baseline,2,4,799,51334,2,0,0.13086140155792236,0
D0_baseline,2,4,804,51340,2,0,0.13397356867790222,0
D0_baseline,2,4,811,51347,2,0,0.12553346157073975,0
D0_baseline,2,4,830,51464,1,1,0.7923045754432678,1
D0_baseline,2,4,835,51480,2,0,0.12638194859027863,0
D0_baseline,2,4,855,51569,2,0,0.38015732169151306,0
D0_baseline,2,4,862,51578,1,1,0.8076863288879395,1
D0_baseline,2,5,3,50006,1,1,0.9004098176956177,1
D0_baseline,2,5,8,50012,1,1,0.8926883339881897,1
D0_baseline,2,5,12,50016,1,1,0.9002643823623657,1
D0_baseline,2,5,14,50022,1,1,0.07080776244401932,0
D0_baseline,2,5,19,50027,1,1,0.06955800205469131,0
D0_baseline,2,5,21,50030,2,0,0.06908033788204193,0
D0_baseline,2,5,29,50038,2,0,0.07015424221754074,0
D0_baseline,2,5,31,50040,2,0,0.07374546676874161,0
D0_baseline,2,5,63,50117,2,0,0.07214254885911942,0
D0_baseline,2,5,80,50144,1,1,0.9006494879722595,1
D0_baseline,2,5,82,50146,1,1,0.06907103210687637,0
D0_baseline,2,5,103,50182,1,1,0.8340347409248352,1
D0_baseline,2,5,113,50195,2,0,0.07110488414764404,0
D0_baseline,2,5,119,50202,2,0,0.08179032802581787,0
D0_baseline,2,5,126,50213,2,0,0.06901054084300995,0
D0_baseline,2,5,135,50239,1,1,0.06967757642269135,0
D0_baseline,2,5,142,50249,1,1,0.9008108973503113,1
D0_baseline,2,5,156,50265,2,0,0.07057548314332962,0
D0_baseline,2,5,157,50266,2,0,0.06899532675743103,0
D0_baseline,2,5,170,50284,1,1,0.6915666460990906,1
D0_baseline,2,5,173,50289,1,1,0.7013987898826599,1
D0_baseline,2,5,175,50291,1,1,0.39926695823669434,0
D0_baseline,2,5,186,50308,1,1,0.7605773210525513,1
D0_baseline,2,5,195,50324,1,1,0.7516145706176758,1
D0_baseline,2,5,197,50327,2,0,0.07097632437944412,0
D0_baseline,2,5,198,50329,2,0,0.06923871487379074,0
D0_baseline,2,5,199,50330,2,0,0.06899746507406235,0
D0_baseline,2,5,206,50337,2,0,0.07675489038228989,0
D0_baseline,2,5,222,50353,2,0,0.06974488496780396,0
D0_baseline,2,5,236,50367,2,0,0.06991461664438248,0
D0_baseline,2,5,240,50372,2,0,0.071664959192276,0
D0_baseline,2,5,264,50407,1,1,0.8954117298126221,1
D0_baseline,2,5,267,50411,1,1,0.8996123671531677,1
D0_baseline,2,5,272,50416,2,0,0.06982465088367462,0
D0_baseline,2,5,275,50419,2,0,0.06916157156229019,0
D0_baseline,2,5,279,50425,2,0,0.08319301903247833,0
D0_baseline,2,5,292,50442,2,0,0.07297702133655548,0
D0_baseline,2,5,297,50447,2,0,0.10615863651037216,0
D0_baseline,2,5,298,50448,2,0,0.100112184882164,0
D0_baseline,2,5,305,50469,2,0,0.0720265731215477,0
D0_baseline,2,5,309,50481,1,1,0.8985525369644165,1
D0_baseline,2,5,319,50493,1,1,0.8974303603172302,1
D0_baseline,2,5,320,50494,1,1,0.19152429699897766,0
D0_baseline,2,5,325,50500,1,1,0.8994561433792114,1
D0_baseline,2,5,331,50509,1,1,0.8902327418327332,1
D0_baseline,2,5,332,50510,1,1,0.8985175490379333,1
D0_baseline,2,5,338,50520,1,1,0.9011425375938416,1
D0_baseline,2,5,346,50529,1,1,0.8985943794250488,1
D0_baseline,2,5,367,50577,2,0,0.0690685287117958,0
D0_baseline,2,5,381,50619,1,1,0.8982506990432739,1
D0_baseline,2,5,384,50622,1,1,0.896659255027771,1
D0_baseline,2,5,398,50659,2,0,0.1849302500486374,0
D0_baseline,2,5,400,50665,2,0,0.2173551321029663,0
D0_baseline,2,5,433,50725,2,0,0.06915941089391708,0
D0_baseline,2,5,436,50730,2,0,0.07048118114471436,0
D0_baseline,2,5,487,50821,2,0,0.06928227841854095,0
D0_baseline,2,5,492,50954,1,1,0.14428754150867462,0
D0_baseline,2,5,503,50966,1,1,0.3225211799144745,0
D0_baseline,2,5,520,50986,1,1,0.1158847063779831,0
D0_baseline,2,5,530,50996,1,1,0.8952972292900085,1
D0_baseline,2,5,546,51015,1,1,0.06933259218931198,0
D0_baseline,2,5,559,51029,1,1,0.9001091718673706,1
D0_baseline,2,5,560,51030,1,1,0.9011790752410889,1
D0_baseline,2,5,589,51062,2,0,0.07258734852075577,0
D0_baseline,2,5,594,51067,2,0,0.07602296769618988,0
D0_baseline,2,5,602,51076,2,0,0.07699533551931381,0
D0_baseline,2,5,613,51087,2,0,0.06966667622327805,0
D0_baseline,2,5,625,51100,2,0,0.07002921402454376,0
D0_baseline,2,5,629,51104,2,0,0.07061656564474106,0
D0_baseline,2,5,635,51111,2,0,0.07097692042589188,0
D0_baseline,2,5,678,51168,1,1,0.6729315519332886,1
D0_baseline,2,5,690,51184,2,0,0.2313612699508667,0
D0_baseline,2,5,727,51234,1,1,0.8957204818725586,1
D0_baseline,2,5,743,51257,2,0,0.07046590745449066,0
D0_baseline,2,5,774,51303,2,0,0.07296156883239746,0
D0_baseline,2,5,780,51309,2,0,0.8944482803344727,1
D0_baseline,2,5,786,51320,1,1,0.9012115001678467,1
D0_baseline,2,5,810,51346,2,0,0.07201891392469406,0
D0_baseline,2,5,814,51351,1,1,0.07352825999259949,0
D0_baseline,2,5,815,51354,1,1,0.8537126779556274,1
D0_baseline,2,5,820,51361,2,0,0.06933201849460602,0
D0_baseline,2,5,834,51479,2,0,0.0729847252368927,0
D0_baseline,2,5,841,51491,2,0,0.07201496511697769,0
D0_baseline,2,5,844,51557,2,0,0.07026876509189606,0
D0_baseline,2,5,845,51558,2,0,0.06900478154420853,0
D0_baseline,2,5,846,51559,2,0,0.07191158086061478,0
D0_baseline,2,5,870,51607,1,1,0.07347698509693146,0
D0_baseline,2,6,13,50020,1,1,0.8350473046302795,1
D0_baseline,2,6,15,50023,1,1,0.8078600764274597,1
D0_baseline,2,6,22,50031,2,0,0.14815554022789001,0
D0_baseline,2,6,59,50113,2,0,0.14990870654582977,0
D0_baseline,2,6,60,50114,2,0,0.14989779889583588,0
D0_baseline,2,6,65,50119,1,1,0.14645487070083618,0
D0_baseline,2,6,71,50128,1,1,0.8217363953590393,1
D0_baseline,2,6,77,50135,1,1,0.8325393199920654,1
D0_baseline,2,6,89,50156,1,1,0.8345882892608643,1
D0_baseline,2,6,93,50160,2,0,0.14826367795467377,0
D0_baseline,2,6,94,50161,2,0,0.37753602862358093,0
D0_baseline,2,6,96,50163,2,0,0.15103764832019806,0
D0_baseline,2,6,128,50215,2,0,0.1470419019460678,0
D0_baseline,2,6,143,50250,1,1,0.14727884531021118,0
D0_baseline,2,6,166,50275,1,1,0.8286755681037903,1
D0_baseline,2,6,167,50276,1,1,0.8348255753517151,1
D0_baseline,2,6,168,50278,1,1,0.8352363705635071,1
D0_baseline,2,6,171,50285,1,1,0.5109102129936218,1
D0_baseline,2,6,174,50290,1,1,0.8093968033790588,1
D0_baseline,2,6,190,50315,1,1,0.8353199362754822,1
D0_baseline,2,6,219,50350,2,0,0.14904198050498962,0
D0_baseline,2,6,220,50351,2,0,0.14988239109516144,0
D0_baseline,2,6,227,50358,2,0,0.15154610574245453,0
D0_baseline,2,6,235,50366,2,0,0.14648878574371338,0
D0_baseline,2,6,276,50421,2,0,0.14979849755764008,0
D0_baseline,2,6,287,50437,2,0,0.8348972797393799,1
D0_baseline,2,6,290,50440,2,0,0.15218643844127655,0
D0_baseline,2,6,310,50482,1,1,0.8287937045097351,1
D0_baseline,2,6,327,50502,1,1,0.8353367447853088,1
D0_baseline,2,6,333,50514,1,1,0.33579593896865845,0
D0_baseline,2,6,337,50519,1,1,0.82638019323349,1
D0_baseline,2,6,350,50551,2,0,0.3094729781150818,0
D0_baseline,2,6,362,50572,2,0,0.14832645654678345,0
D0_baseline,2,6,382,50620,1,1,0.21532590687274933,0
D0_baseline,2,6,393,50647,1,1,0.39529603719711304,0
D0_baseline,2,6,406,50687,2,0,0.8085111975669861,1
D0_baseline,2,6,408,50689,1,1,0.8346169590950012,1
D0_baseline,2,6,409,50690,1,1,0.1475917547941208,0
D0_baseline,2,6,418,50699,2,0,0.8337279558181763,1
D0_baseline,2,6,423,50704,1,1,0.6465432643890381,1
D0_baseline,2,6,426,50707,2,0,0.15179720520973206,0
D0_baseline,2,6,435,50728,2,0,0.16913163661956787,0
D0_baseline,2,6,449,50748,1,1,0.8337918519973755,1
D0_baseline,2,6,456,50756,1,1,0.8014586567878723,1
D0_baseline,2,6,467,50782,2,0,0.1470280885696411,0
D0_baseline,2,6,486,50820,2,0,0.14906032383441925,0
D0_baseline,2,6,488,50822,2,0,0.14648295938968658,0
D0_baseline,2,6,489,50823,1,1,0.8335661292076111,1
D0_baseline,2,6,499,50961,1,1,0.30406951904296875,0
D0_baseline,2,6,500,50962,1,1,0.1502290666103363,0
D0_baseline,2,6,502,50965,1,1,0.8334419131278992,1
D0_baseline,2,6,531,50997,1,1,0.8319029211997986,1
D0_baseline,2,6,542,51011,1,1,0.8332026600837708,1
D0_baseline,2,6,562,51033,1,1,0.8279350399971008,1
D0_baseline,2,6,577,51050,2,0,0.1465901881456375,0
D0_baseline,2,6,610,51084,2,0,0.8343985676765442,1
D0_baseline,2,6,615,51089,2,0,0.150648295879364,0
D0_baseline,2,6,639,51116,2,0,0.15262608230113983,0
D0_baseline,2,6,648,51129,2,0,0.1520976573228836,0
D0_baseline,2,6,656,51137,2,0,0.1482739895582199,0
D0_baseline,2,6,679,51169,1,1,0.4053914546966553,0
D0_baseline,2,6,685,51179,1,1,0.8336166739463806,1
D0_baseline,2,6,688,51182,2,0,0.15062864124774933,0
D0_baseline,2,6,700,51202,1,1,0.8314623236656189,1
D0_baseline,2,6,731,51239,1,1,0.8254310488700867,1
D0_baseline,2,6,744,51260,2,0,0.14770834147930145,0
D0_baseline,2,6,746,51262,2,0,0.3821215331554413,0
D0_baseline,2,6,747,51264,2,0,0.14902499318122864,0
D0_baseline,2,6,751,51268,2,0,0.14941762387752533,0
D0_baseline,2,6,753,51271,2,0,0.14998798072338104,0
D0_baseline,2,6,755,51273,2,0,0.8250342011451721,1
D0_baseline,2,6,760,51279,2,0,0.14770931005477905,0
D0_baseline,2,6,763,51291,1,1,0.8352614641189575,1
D0_baseline,2,6,768,51297,1,1,0.8314894437789917,1
D0_baseline,2,6,773,51302,1,1,0.41300392150878906,0
D0_baseline,2,6,779,51308,2,0,0.150395005941391,0
D0_baseline,2,6,781,51311,2,0,0.14941883087158203,0
D0_baseline,2,6,801,51336,2,0,0.14649610221385956,0
D0_baseline,2,6,809,51345,2,0,0.14650048315525055,0
D0_baseline,2,6,824,51365,2,0,0.15260683000087738,0
D0_baseline,2,6,831,51465,1,1,0.8351346850395203,1
D0_baseline,2,6,840,51488,2,0,0.14647945761680603,0
D0_baseline,2,6,843,51556,2,0,0.1486291140317917,0
D0_baseline,2,6,848,51562,2,0,0.14992287755012512,0
D0_baseline,2,6,849,51563,2,0,0.14996711909770966,0
D0_baseline,2,6,854,51568,2,0,0.2373078465461731,0
D0_baseline,2,6,859,51574,1,1,0.8345565795898438,1
D0_baseline,2,7,38,50047,2,0,0.23499734699726105,0
D0_baseline,2,7,44,50053,1,1,0.6303523182868958,1
D0_baseline,2,7,46,50056,1,1,0.8389319181442261,1
D0_baseline,2,7,47,50057,1,1,0.15767569839954376,0
D0_baseline,2,7,57,50111,2,0,0.15703171491622925,0
D0_baseline,2,7,68,50124,1,1,0.8370797634124756,1
D0_baseline,2,7,69,50125,1,1,0.7909178733825684,1
D0_baseline,2,7,85,50149,1,1,0.8050611615180969,1
D0_baseline,2,7,91,50158,2,0,0.15699630975723267,0
D0_baseline,2,7,97,50164,2,0,0.16068385541439056,0
D0_baseline,2,7,111,50193,2,0,0.15835972130298615,0
D0_baseline,2,7,116,50199,2,0,0.15838173031806946,0
D0_baseline,2,7,137,50241,1,1,0.7809153199195862,1
D0_baseline,2,7,139,50245,1,1,0.5803583860397339,1
D0_baseline,2,7,145,50252,1,1,0.4367622435092926,0
D0_baseline,2,7,147,50254,1,1,0.42124491930007935,0
D0_baseline,2,7,148,50255,1,1,0.8224202990531921,1
D0_baseline,2,7,154,50263,2,0,0.16186705231666565,0
D0_baseline,2,7,159,50268,2,0,0.15723241865634918,0
D0_baseline,2,7,185,50304,1,1,0.4751247763633728,0
D0_baseline,2,7,189,50314,1,1,0.8381743431091309,1
D0_baseline,2,7,201,50332,2,0,0.15708491206169128,0
D0_baseline,2,7,207,50338,2,0,0.15700513124465942,0
D0_baseline,2,7,208,50339,2,0,0.1579190343618393,0
D0_baseline,2,7,230,50361,2,0,0.15821804106235504,0
D0_baseline,2,7,238,50369,2,0,0.16142240166664124,0
D0_baseline,2,7,241,50373,2,0,0.16063141822814941,0
D0_baseline,2,7,249,50382,2,0,0.15767645835876465,0
D0_baseline,2,7,269,50413,1,1,0.8325414061546326,1
D0_baseline,2,7,278,50424,2,0,0.15808157622814178,0
D0_baseline,2,7,308,50480,1,1,0.8380641341209412,1
D0_baseline,2,7,318,50492,1,1,0.7866867780685425,1
D0_baseline,2,7,330,50507,1,1,0.20073078572750092,0
D0_baseline,2,7,351,50552,2,0,0.15704719722270966,0
D0_baseline,2,7,353,50557,2,0,0.15718507766723633,0
D0_baseline,2,7,364,50574,2,0,0.19393163919448853,0
D0_baseline,2,7,371,50603,1,1,0.8372318744659424,1
D0_baseline,2,7,376,50612,1,1,0.8261944055557251,1
D0_baseline,2,7,389,50627,1,1,0.7507588267326355,1
D0_baseline,2,7,410,50691,2,0,0.1725580394268036,0
D0_baseline,2,7,428,50709,2,0,0.15993130207061768,0
D0_baseline,2,7,438,50733,2,0,0.1570475995540619,0
D0_baseline,2,7,441,50738,2,0,0.16002097725868225,0
D0_baseline,2,7,444,50741,2,0,0.16759806871414185,0
D0_baseline,2,7,447,50744,1,1,0.8196471333503723,1
D0_baseline,2,7,463,50777,2,0,0.16165724396705627,0
D0_baseline,2,7,465,50780,2,0,0.18919406831264496,0
D0_baseline,2,7,469,50786,2,0,0.16316722333431244,0
D0_baseline,2,7,478,50801,1,1,0.6854026913642883,1
D0_baseline,2,7,479,50803,1,1,0.8271886706352234,1
D0_baseline,2,7,493,50955,1,1,0.1570136547088623,0
D0_baseline,2,7,510,50974,1,1,0.8218117356300354,1
D0_baseline,2,7,521,50987,1,1,0.8389165997505188,1
D0_baseline,2,7,534,51001,1,1,0.838890016078949,1
D0_baseline,2,7,544,51013,1,1,0.817209005355835,1
D0_baseline,2,7,553,51023,1,1,0.8280439972877502,1
D0_baseline,2,7,558,51028,1,1,0.8378592133522034,1
D0_baseline,2,7,568,51040,2,0,0.1606924831867218,0
D0_baseline,2,7,582,51055,2,0,0.15836353600025177,0
D0_baseline,2,7,586,51059,2,0,0.16201482713222504,0
D0_baseline,2,7,595,51068,2,0,0.6254628896713257,1
D0_baseline,2,7,598,51072,2,0,0.17112760245800018,0
D0_baseline,2,7,600,51074,2,0,0.7489640712738037,1
D0_baseline,2,7,611,51085,2,0,0.7775114178657532,1
D0_baseline,2,7,616,51090,2,0,0.16084043681621552,0
D0_baseline,2,7,623,51098,2,0,0.1657840460538864,0
D0_baseline,2,7,627,51102,2,0,0.16061857342720032,0
D0_baseline,2,7,634,51110,2,0,0.16268372535705566,0
D0_baseline,2,7,651,51132,2,0,0.15914314985275269,0
D0_baseline,2,7,665,51149,2,0,0.18038606643676758,0
D0_baseline,2,7,668,51152,2,0,0.15805470943450928,0
D0_baseline,2,7,670,51154,2,0,0.15724267065525055,0
D0_baseline,2,7,676,51163,1,1,0.6002063751220703,1
D0_baseline,2,7,694,51189,2,0,0.1618693470954895,0
D0_baseline,2,7,713,51217,1,1,0.16346938908100128,0
D0_baseline,2,7,719,51223,1,1,0.3797492980957031,0
D0_baseline,2,7,726,51231,1,1,0.22767047584056854,0
D0_baseline,2,7,729,51236,1,1,0.5747913122177124,1
D0_baseline,2,7,730,51237,1,1,0.8377256989479065,1
D0_baseline,2,7,732,51240,1,1,0.8325445055961609,1
D0_baseline,2,7,745,51261,2,0,0.16059760749340057,0
D0_baseline,2,7,790,51325,1,1,0.8297184705734253,1
D0_baseline,2,7,798,51333,2,0,0.1580664962530136,0
D0_baseline,2,7,807,51343,2,0,0.16122697293758392,0
D0_baseline,2,7,812,51349,1,1,0.15921150147914886,0
D0_baseline,2,7,833,51477,2,0,0.1582682579755783,0
D0_baseline,2,7,863,51579,1,1,0.17514599859714508,0
D0_baseline,2,8,49,50060,2,0,0.15716274082660675,0
D0_baseline,2,8,61,50115,2,0,0.15953923761844635,0
D0_baseline,2,8,64,50118,1,1,0.8668217658996582,1
D0_baseline,2,8,70,50127,1,1,0.846367597579956,1
D0_baseline,2,8,102,50171,2,0,0.5208439230918884,1
D0_baseline,2,8,105,50184,1,1,0.8657956123352051,1
D0_baseline,2,8,107,50187,1,1,0.16209979355335236,0
D0_baseline,2,8,112,50194,2,0,0.15715757012367249,0
D0_baseline,2,8,114,50196,2,0,0.2898462116718292,0
D0_baseline,2,8,118,50201,2,0,0.15543870627880096,0
D0_baseline,2,8,124,50208,2,0,0.16669611632823944,0
D0_baseline,2,8,133,50236,1,1,0.8668899536132812,1
D0_baseline,2,8,134,50237,1,1,0.8669209480285645,1
D0_baseline,2,8,146,50253,1,1,0.8623377680778503,1
D0_baseline,2,8,151,50260,2,0,0.1666066199541092,0
D0_baseline,2,8,160,50269,2,0,0.4025704264640808,0
D0_baseline,2,8,179,50295,1,1,0.8659635782241821,1
D0_baseline,2,8,183,50301,1,1,0.8660110235214233,1
D0_baseline,2,8,184,50302,1,1,0.8669062852859497,1
D0_baseline,2,8,196,50325,1,1,0.16923211514949799,0
D0_baseline,2,8,203,50334,2,0,0.8666540384292603,1
D0_baseline,2,8,210,50341,2,0,0.15723085403442383,0
D0_baseline,2,8,215,50346,2,0,0.15553081035614014,0
D0_baseline,2,8,216,50347,2,0,0.1553022563457489,0
D0_baseline,2,8,223,50354,2,0,0.1651236116886139,0
D0_baseline,2,8,224,50355,2,0,0.16499778628349304,0
D0_baseline,2,8,237,50368,2,0,0.1558811515569687,0
D0_baseline,2,8,255,50390,2,0,0.2802391052246094,0
D0_baseline,2,8,256,50391,2,0,0.15677207708358765,0
D0_baseline,2,8,260,50403,1,1,0.4752200245857239,0
D0_baseline,2,8,266,50410,1,1,0.8629719614982605,1
D0_baseline,2,8,296,50446,2,0,0.37108418345451355,0
D0_baseline,2,8,299,50449,2,0,0.15791380405426025,0
D0_baseline,2,8,328,50503,1,1,0.8665130734443665,1
D0_baseline,2,8,339,50521,1,1,0.7945525050163269,1
D0_baseline,2,8,343,50526,1,1,0.8588704466819763,1
D0_baseline,2,8,347,50530,1,1,0.8641521334648132,1
D0_baseline,2,8,349,50532,1,1,0.8632896542549133,1
D0_baseline,2,8,365,50575,2,0,0.29706573486328125,0
D0_baseline,2,8,377,50613,1,1,0.8660861253738403,1
D0_baseline,2,8,386,50624,1,1,0.8667097687721252,1
D0_baseline,2,8,387,50625,1,1,0.1579224020242691,0
D0_baseline,2,8,413,50694,1,1,0.8662988543510437,1
D0_baseline,2,8,414,50695,1,1,0.8301377892494202,1
D0_baseline,2,8,470,50790,2,0,0.1570274829864502,0
D0_baseline,2,8,485,50818,2,0,0.1551966369152069,0
D0_baseline,2,8,496,50958,1,1,0.8570461869239807,1
D0_baseline,2,8,504,50967,1,1,0.853316068649292,1
D0_baseline,2,8,517,50983,1,1,0.8660288453102112,1
D0_baseline,2,8,536,51003,1,1,0.8666559457778931,1
D0_baseline,2,8,540,51009,1,1,0.8658010363578796,1
D0_baseline,2,8,551,51020,1,1,0.8422846794128418,1
D0_baseline,2,8,569,51041,2,0,0.1631329208612442,0
D0_baseline,2,8,570,51042,2,0,0.15591785311698914,0
D0_baseline,2,8,574,51047,2,0,0.19465692341327667,0
D0_baseline,2,8,576,51049,2,0,0.16324175894260406,0
D0_baseline,2,8,584,51057,2,0,0.1593383103609085,0
D0_baseline,2,8,588,51061,2,0,0.15522180497646332,0
D0_baseline,2,8,593,51066,2,0,0.15779663622379303,0
D0_baseline,2,8,601,51075,2,0,0.16319572925567627,0
D0_baseline,2,8,633,51109,2,0,0.15672211349010468,0
D0_baseline,2,8,642,51122,2,0,0.16091857850551605,0
D0_baseline,2,8,645,51126,2,0,0.1625688374042511,0
D0_baseline,2,8,660,51141,2,0,0.7374317646026611,1
D0_baseline,2,8,673,51159,2,0,0.8660039901733398,1
D0_baseline,2,8,683,51177,1,1,0.8589162230491638,1
D0_baseline,2,8,698,51198,2,0,0.856991171836853,1
D0_baseline,2,8,701,51203,1,1,0.866489052772522,1
D0_baseline,2,8,715,51219,1,1,0.8664838671684265,1
D0_baseline,2,8,717,51221,1,1,0.8656584024429321,1
D0_baseline,2,8,722,51226,1,1,0.15582852065563202,0
D0_baseline,2,8,734,51248,1,1,0.8668721318244934,1
D0_baseline,2,8,738,51252,2,0,0.859567403793335,1
D0_baseline,2,8,748,51265,2,0,0.15526507794857025,0
D0_baseline,2,8,778,51307,2,0,0.8669358491897583,1
D0_baseline,2,8,785,51319,1,1,0.8668251633644104,1
D0_baseline,2,8,803,51339,2,0,0.1591205894947052,0
D0_baseline,2,8,817,51357,2,0,0.16138143837451935,0
D0_baseline,2,8,826,51370,2,0,0.1566953808069229,0
D0_baseline,2,8,828,51461,1,1,0.8589524030685425,1
D0_baseline,2,8,832,51473,1,1,0.8570024371147156,1
D0_baseline,2,8,839,51487,2,0,0.3185383081436157,0
D0_baseline,2,8,847,51560,2,0,0.1582052856683731,0
D0_baseline,2,8,851,51565,2,0,0.6827322244644165,1
D0_baseline,2,8,852,51566,2,0,0.15579666197299957,0
D0_baseline,2,8,857,51572,1,1,0.8661265969276428,1
D0_baseline,2,8,866,51583,1,1,0.8669319748878479,1
D0_baseline,2,9,9,50013,1,1,0.917921245098114,1
D0_baseline,2,9,20,50028,1,1,0.9179663062095642,1
D0_baseline,2,9,27,50036,2,0,0.11493352055549622,0
D0_baseline,2,9,32,50041,2,0,0.11658508330583572,0
D0_baseline,2,9,37,50046,2,0,0.111306332051754,0
D0_baseline,2,9,40,50049,2,0,0.11523575335741043,0
D0_baseline,2,9,42,50051,2,0,0.4088907539844513,0
D0_baseline,2,9,50,50102,2,0,0.14856082201004028,0
D0_baseline,2,9,66,50121,1,1,0.9175763726234436,1
D0_baseline,2,9,75,50132,1,1,0.9166256785392761,1
D0_baseline,2,9,83,50147,1,1,0.9108341932296753,1
D0_baseline,2,9,84,50148,1,1,0.8398938775062561,1
D0_baseline,2,9,87,50152,1,1,0.9164860844612122,1
D0_baseline,2,9,104,50183,1,1,0.9179837703704834,1
D0_baseline,2,9,121,50204,2,0,0.11546149104833603,0
D0_baseline,2,9,122,50205,2,0,0.11276759952306747,0
D0_baseline,2,9,123,50206,2,0,0.2432459592819214,0
D0_baseline,2,9,130,50232,1,1,0.9149876832962036,1
D0_baseline,2,9,132,50234,1,1,0.8921533823013306,1
D0_baseline,2,9,221,50352,2,0,0.6558704376220703,1
D0_baseline,2,9,226,50357,2,0,0.11464612931013107,0
D0_baseline,2,9,232,50363,2,0,0.8147010803222656,1
D0_baseline,2,9,250,50383,2,0,0.12969383597373962,0
D0_baseline,2,9,258,50399,1,1,0.9179720878601074,1
D0_baseline,2,9,261,50404,1,1,0.9174609780311584,1
D0_baseline,2,9,262,50405,1,1,0.9153497815132141,1
D0_baseline,2,9,282,50428,2,0,0.11063850671052933,0
D0_baseline,2,9,284,50434,2,0,0.115079365670681,0
D0_baseline,2,9,289,50439,2,0,0.23639516532421112,0
D0_baseline,2,9,291,50441,2,0,0.11278849095106125,0
D0_baseline,2,9,301,50463,2,0,0.11051923781633377,0
D0_baseline,2,9,323,50498,1,1,0.9132806658744812,1
D0_baseline,2,9,344,50527,1,1,0.9166778922080994,1
D0_baseline,2,9,358,50568,2,0,0.6494953036308289,1
D0_baseline,2,9,361,50571,2,0,0.8333576321601868,1
D0_baseline,2,9,363,50573,2,0,0.11031632125377655,0
D0_baseline,2,9,380,50616,1,1,0.9162836670875549,1
D0_baseline,2,9,391,50642,1,1,0.9117164015769958,1
D0_baseline,2,9,397,50656,2,0,0.6064566969871521,1
D0_baseline,2,9,407,50688,2,0,0.11031163483858109,0
D0_baseline,2,9,415,50696,1,1,0.9162749648094177,1
D0_baseline,2,9,419,50700,1,1,0.9168329834938049,1
D0_baseline,2,9,420,50701,2,0,0.11315415054559708,0
D0_baseline,2,9,427,50708,1,1,0.9172343611717224,1
D0_baseline,2,9,446,50743,1,1,0.9176201224327087,1
D0_baseline,2,9,461,50775,2,0,0.11495402455329895,0
D0_baseline,2,9,472,50792,1,1,0.9145922064781189,1
D0_baseline,2,9,481,50812,2,0,0.11046544462442398,0
D0_baseline,2,9,491,50952,1,1,0.9181458950042725,1
D0_baseline,2,9,498,50960,1,1,0.1398715078830719,0
D0_baseline,2,9,511,50976,1,1,0.9154912829399109,1
D0_baseline,2,9,524,50990,1,1,0.9138238430023193,1
D0_baseline,2,9,539,51008,1,1,0.6234562993049622,1
D0_baseline,2,9,541,51010,1,1,0.7733569741249084,1
D0_baseline,2,9,543,51012,1,1,0.9073140025138855,1
D0_baseline,2,9,563,51034,1,1,0.9182063937187195,1
D0_baseline,2,9,564,51035,1,1,0.8876429796218872,1
D0_baseline,2,9,592,51065,2,0,0.11222928762435913,0
D0_baseline,2,9,604,51078,2,0,0.11779031157493591,0
D0_baseline,2,9,605,51079,2,0,0.9163616299629211,1
D0_baseline,2,9,608,51082,2,0,0.1972806453704834,0
D0_baseline,2,9,620,51095,2,0,0.9054082036018372,1
D0_baseline,2,9,624,51099,2,0,0.11056151241064072,0
D0_baseline,2,9,632,51107,2,0,0.7724342346191406,1
D0_baseline,2,9,643,51123,2,0,0.12499141693115234,0
D0_baseline,2,9,654,51135,2,0,0.2642004191875458,0
D0_baseline,2,9,667,51151,2,0,0.11041036248207092,0
D0_baseline,2,9,680,51170,1,1,0.7558624148368835,1
D0_baseline,2,9,699,51201,1,1,0.9180689454078674,1
D0_baseline,2,9,708,51211,1,1,0.9173582196235657,1
D0_baseline,2,9,712,51216,1,1,0.1530037522315979,0
D0_baseline,2,9,736,51250,2,0,0.11033017933368683,0
D0_baseline,2,9,739,51253,2,0,0.11059506982564926,0
D0_baseline,2,9,740,51254,2,0,0.11042370647192001,0
D0_baseline,2,9,742,51256,2,0,0.11181440204381943,0
D0_baseline,2,9,752,51269,2,0,0.11276037245988846,0
D0_baseline,2,9,756,51275,2,0,0.11081477999687195,0
D0_baseline,2,9,784,51318,1,1,0.8433278203010559,1
D0_baseline,2,9,788,51322,1,1,0.9182050824165344,1
D0_baseline,2,9,789,51323,1,1,0.9136593341827393,1
D0_baseline,2,9,794,51329,1,1,0.5224422216415405,1
D0_baseline,2,9,802,51338,2,0,0.9174739122390747,1
D0_baseline,2,9,822,51363,2,0,0.17360706627368927,0
D0_baseline,2,9,825,51369,2,0,0.11214495450258255,0
D0_baseline,2,9,827,51373,2,0,0.11292442679405212,0
D0_baseline,2,9,842,51493,2,0,0.5789556503295898,1
D0_baseline,2,9,864,51580,1,1,0.9162328839302063,1
D0_baseline,2,10,11,50015,1,1,0.8672899007797241,1
D0_baseline,2,10,16,50024,1,1,0.8729047179222107,1
D0_baseline,2,10,18,50026,1,1,0.867281973361969,1
D0_baseline,2,10,33,50042,2,0,0.0848039835691452,0
D0_baseline,2,10,36,50045,2,0,0.1265655755996704,0
D0_baseline,2,10,41,50050,2,0,0.07970666885375977,0
D0_baseline,2,10,43,50052,2,0,0.24079616367816925,0
D0_baseline,2,10,54,50106,2,0,0.23784613609313965,0
D0_baseline,2,10,74,50131,1,1,0.07931719720363617,0
D0_baseline,2,10,99,50168,2,0,0.08151398599147797,0
D0_baseline,2,10,106,50186,1,1,0.8710120320320129,1
D0_baseline,2,10,109,50189,1,1,0.8733459711074829,1
D0_baseline,2,10,110,50190,1,1,0.8608059287071228,1
D0_baseline,2,10,150,50259,2,0,0.2389954775571823,0
D0_baseline,2,10,158,50267,2,0,0.08201924711465836,0
D0_baseline,2,10,188,50312,1,1,0.8616175651550293,1
D0_baseline,2,10,194,50321,1,1,0.8720901608467102,1
D0_baseline,2,10,233,50364,2,0,0.3373602330684662,0
D0_baseline,2,10,239,50370,2,0,0.07933603227138519,0
D0_baseline,2,10,245,50377,2,0,0.08057882636785507,0
D0_baseline,2,10,252,50386,2,0,0.07977214455604553,0
D0_baseline,2,10,257,50397,1,1,0.808409571647644,1
D0_baseline,2,10,263,50406,1,1,0.8731099367141724,1
D0_baseline,2,10,268,50412,1,1,0.8726697564125061,1
D0_baseline,2,10,270,50414,2,0,0.08080007880926132,0
D0_baseline,2,10,273,50417,2,0,0.08497419953346252,0
D0_baseline,2,10,294,50444,2,0,0.07967357337474823,0
D0_baseline,2,10,303,50467,2,0,0.07948528230190277,0
D0_baseline,2,10,304,50468,2,0,0.07926424592733383,0
D0_baseline,2,10,317,50491,1,1,0.6143791079521179,1
D0_baseline,2,10,324,50499,1,1,0.7165305614471436,1
D0_baseline,2,10,366,50576,2,0,0.08146118372678757,0
D0_baseline,2,10,372,50604,1,1,0.25147032737731934,0
D0_baseline,2,10,394,50648,1,1,0.1128598302602768,0
D0_baseline,2,10,430,50722,2,0,0.08253321051597595,0
D0_baseline,2,10,434,50726,2,0,0.079474538564682,0
D0_baseline,2,10,443,50740,2,0,0.07952531427145004,0
D0_baseline,2,10,459,50773,2,0,0.0805758610367775,0
D0_baseline,2,10,475,50798,1,1,0.08037009090185165,0
D0_baseline,2,10,482,50814,2,0,0.07942625135183334,0
D0_baseline,2,10,490,50824,1,1,0.08009066432714462,0
D0_baseline,2,10,494,50956,1,1,0.8714249134063721,1
D0_baseline,2,10,501,50964,1,1,0.8657981753349304,1
D0_baseline,2,10,507,50970,1,1,0.8693886995315552,1
D0_baseline,2,10,509,50973,1,1,0.8546451330184937,1
D0_baseline,2,10,512,50977,1,1,0.873241126537323,1
D0_baseline,2,10,518,50984,1,1,0.5973864197731018,1
D0_baseline,2,10,519,50985,1,1,0.8717414140701294,1
D0_baseline,2,10,523,50989,1,1,0.8691272735595703,1
D0_baseline,2,10,527,50993,1,1,0.8663157224655151,1
D0_baseline,2,10,528,50994,1,1,0.8702331781387329,1
D0_baseline,2,10,529,50995,1,1,0.8728213906288147,1
D0_baseline,2,10,533,51000,1,1,0.867748498916626,1
D0_baseline,2,10,535,51002,1,1,0.10209307074546814,0
D0_baseline,2,10,547,51016,1,1,0.8585916757583618,1
D0_baseline,2,10,549,51018,1,1,0.8720580339431763,1
D0_baseline,2,10,557,51027,1,1,0.7966413497924805,1
D0_baseline,2,10,565,51036,2,0,0.08057636022567749,0
D0_baseline,2,10,567,51039,2,0,0.08336341381072998,0
D0_baseline,2,10,573,51046,2,0,0.15660519897937775,0
D0_baseline,2,10,578,51051,2,0,0.08766797184944153,0
D0_baseline,2,10,591,51064,2,0,0.08536089211702347,0
D0_baseline,2,10,617,51091,2,0,0.07957474142313004,0
D0_baseline,2,10,618,51093,2,0,0.07992208003997803,0
D0_baseline,2,10,619,51094,2,0,0.08337406814098358,0
D0_baseline,2,10,626,51101,2,0,0.08317647874355316,0
D0_baseline,2,10,636,51112,2,0,0.08541850745677948,0
D0_baseline,2,10,641,51118,2,0,0.09657291322946548,0
D0_baseline,2,10,649,51130,2,0,0.3653590977191925,0
D0_baseline,2,10,662,51146,2,0,0.08406200259923935,0
D0_baseline,2,10,666,51150,2,0,0.08139505237340927,0
D0_baseline,2,10,692,51187,2,0,0.08037164062261581,0
D0_baseline,2,10,696,51194,2,0,0.08730212599039078,0
D0_baseline,2,10,702,51204,1,1,0.8648431301116943,1
D0_baseline,2,10,707,51210,1,1,0.8615113496780396,1
D0_baseline,2,10,758,51277,2,0,0.081475630402565,0
D0_baseline,2,10,761,51280,2,0,0.0828680470585823,0
D0_baseline,2,10,764,51292,1,1,0.867387592792511,1
D0_baseline,2,10,765,51293,1,1,0.8720846176147461,1
D0_baseline,2,10,777,51306,2,0,0.07963773608207703,0
D0_baseline,2,10,782,51313,2,0,0.08773446828126907,0
D0_baseline,2,10,796,51331,1,1,0.6476551294326782,1
D0_baseline,2,10,797,51332,2,0,0.0814381092786789,0
D0_baseline,2,10,800,51335,2,0,0.08018193393945694,0
D0_baseline,2,10,819,51360,2,0,0.07912974804639816,0
D0_baseline,2,10,850,51564,2,0,0.07921595871448517,0
D0_baseline,2,10,860,51576,1,1,0.08571071922779083,0
D1_global_hybrid_medium,0,1,10,50014,1,1,0.924232542514801,1
D1_global_hybrid_medium,0,1,14,50022,1,1,0.16356278955936432,0
D1_global_hybrid_medium,0,1,36,50045,2,0,0.3005825877189636,0
D1_global_hybrid_medium,0,1,42,50051,2,0,0.9174866676330566,1
D1_global_hybrid_medium,0,1,49,50060,2,0,0.10437758266925812,0
D1_global_hybrid_medium,0,1,53,50105,2,0,0.8170364499092102,1
D1_global_hybrid_medium,0,1,63,50117,2,0,0.4699859023094177,0
D1_global_hybrid_medium,0,1,67,50123,1,1,0.9244864583015442,1
D1_global_hybrid_medium,0,1,83,50147,1,1,0.6086901426315308,1
D1_global_hybrid_medium,0,1,84,50148,1,1,0.9246190190315247,1
D1_global_hybrid_medium,0,1,96,50163,2,0,0.22487156093120575,0
D1_global_hybrid_medium,0,1,97,50164,2,0,0.10206786543130875,0
D1_global_hybrid_medium,0,1,111,50193,2,0,0.10157129913568497,0
D1_global_hybrid_medium,0,1,114,50196,2,0,0.6131487488746643,1
D1_global_hybrid_medium,0,1,123,50206,2,0,0.8005813956260681,1
D1_global_hybrid_medium,0,1,131,50233,1,1,0.9237280488014221,1
D1_global_hybrid_medium,0,1,132,50234,1,1,0.8020094037055969,1
D1_global_hybrid_medium,0,1,136,50240,1,1,0.9231749176979065,1
D1_global_hybrid_medium,0,1,141,50248,1,1,0.925109326839447,1
D1_global_hybrid_medium,0,1,145,50252,1,1,0.5724923610687256,1
D1_global_hybrid_medium,0,1,146,50253,1,1,0.9224786758422852,1
D1_global_hybrid_medium,0,1,148,50255,1,1,0.9233555793762207,1
D1_global_hybrid_medium,0,1,152,50261,2,0,0.8360506296157837,1
D1_global_hybrid_medium,0,1,154,50263,2,0,0.2067156434059143,0
D1_global_hybrid_medium,0,1,164,50273,1,1,0.9204019904136658,1
D1_global_hybrid_medium,0,1,184,50302,1,1,0.923719048500061,1
D1_global_hybrid_medium,0,1,202,50333,2,0,0.1291687786579132,0
D1_global_hybrid_medium,0,1,204,50335,2,0,0.10153767466545105,0
D1_global_hybrid_medium,0,1,210,50341,2,0,0.11527128517627716,0
D1_global_hybrid_medium,0,1,223,50354,2,0,0.1713273674249649,0
D1_global_hybrid_medium,0,1,241,50373,2,0,0.4344135820865631,0
D1_global_hybrid_medium,0,1,266,50410,1,1,0.9204059839248657,1
D1_global_hybrid_medium,0,1,271,50415,2,0,0.13077977299690247,0
D1_global_hybrid_medium,0,1,275,50419,2,0,0.10223737359046936,0
D1_global_hybrid_medium,0,1,278,50424,2,0,0.12515634298324585,0
D1_global_hybrid_medium,0,1,286,50436,2,0,0.8374794721603394,1
D1_global_hybrid_medium,0,1,292,50442,2,0,0.11124196648597717,0
D1_global_hybrid_medium,0,1,302,50466,2,0,0.10166484117507935,0
D1_global_hybrid_medium,0,1,303,50467,2,0,0.488376647233963,0
D1_global_hybrid_medium,0,1,323,50498,1,1,0.9212728142738342,1
D1_global_hybrid_medium,0,1,326,50501,1,1,0.923349916934967,1
D1_global_hybrid_medium,0,1,346,50529,1,1,0.9238241910934448,1
D1_global_hybrid_medium,0,1,349,50532,1,1,0.9220671057701111,1
D1_global_hybrid_medium,0,1,352,50555,2,0,0.10717141628265381,0
D1_global_hybrid_medium,0,1,353,50557,2,0,0.14038409292697906,0
D1_global_hybrid_medium,0,1,360,50570,2,0,0.10669120401144028,0
D1_global_hybrid_medium,0,1,390,50628,1,1,0.9235358238220215,1
D1_global_hybrid_medium,0,1,397,50656,2,0,0.34034109115600586,0
D1_global_hybrid_medium,0,1,405,50686,1,1,0.9252189993858337,1
D1_global_hybrid_medium,0,1,408,50689,1,1,0.9236629605293274,1
D1_global_hybrid_medium,0,1,430,50722,2,0,0.10175973176956177,0
D1_global_hybrid_medium,0,1,435,50728,2,0,0.8536211848258972,1
D1_global_hybrid_medium,0,1,446,50743,1,1,0.9252382516860962,1
D1_global_hybrid_medium,0,1,451,50750,1,1,0.9253084659576416,1
D1_global_hybrid_medium,0,1,475,50798,1,1,0.10969389230012894,0
D1_global_hybrid_medium,0,1,476,50799,1,1,0.9249743223190308,1
D1_global_hybrid_medium,0,1,481,50812,2,0,0.10688571631908417,0
D1_global_hybrid_medium,0,1,490,50824,1,1,0.16628804802894592,0
D1_global_hybrid_medium,0,1,511,50976,1,1,0.9249166250228882,1
D1_global_hybrid_medium,0,1,522,50988,1,1,0.9206708073616028,1
D1_global_hybrid_medium,0,1,525,50991,1,1,0.34574684500694275,0
D1_global_hybrid_medium,0,1,537,51006,1,1,0.9253034591674805,1
D1_global_hybrid_medium,0,1,541,51010,1,1,0.7370014786720276,1
D1_global_hybrid_medium,0,1,557,51027,1,1,0.9065009951591492,1
D1_global_hybrid_medium,0,1,559,51029,1,1,0.7764001488685608,1
D1_global_hybrid_medium,0,1,579,51052,2,0,0.10971510410308838,0
D1_global_hybrid_medium,0,1,584,51057,2,0,0.11237724870443344,0
D1_global_hybrid_medium,0,1,633,51109,2,0,0.10669827461242676,0
D1_global_hybrid_medium,0,1,636,51112,2,0,0.11759049445390701,0
D1_global_hybrid_medium,0,1,648,51129,2,0,0.10966458171606064,0
D1_global_hybrid_medium,0,1,655,51136,2,0,0.548002302646637,1
D1_global_hybrid_medium,0,1,670,51154,2,0,0.10167510062456131,0
D1_global_hybrid_medium,0,1,692,51187,2,0,0.10206931829452515,0
D1_global_hybrid_medium,0,1,695,51192,2,0,0.10156338661909103,0
D1_global_hybrid_medium,0,1,696,51194,2,0,0.8531986474990845,1
D1_global_hybrid_medium,0,1,727,51234,1,1,0.9213337302207947,1
D1_global_hybrid_medium,0,1,732,51240,1,1,0.9238241910934448,1
D1_global_hybrid_medium,0,1,762,51281,2,0,0.11905153095722198,0
D1_global_hybrid_medium,0,1,765,51293,1,1,0.9244433045387268,1
D1_global_hybrid_medium,0,1,766,51294,1,1,0.6458360552787781,1
D1_global_hybrid_medium,0,1,779,51308,2,0,0.1215367391705513,0
D1_global_hybrid_medium,0,1,795,51330,1,1,0.925171971321106,1
D1_global_hybrid_medium,0,1,798,51333,2,0,0.11358727514743805,0
D1_global_hybrid_medium,0,1,825,51369,2,0,0.22888565063476562,0
D1_global_hybrid_medium,0,1,828,51461,1,1,0.9251747131347656,1
D1_global_hybrid_medium,0,1,839,51487,2,0,0.463701456785202,0
D1_global_hybrid_medium,0,1,854,51568,2,0,0.21305784583091736,0
D1_global_hybrid_medium,0,1,862,51578,1,1,0.9253816604614258,1
D1_global_hybrid_medium,0,2,2,50005,1,1,0.4702607989311218,0
D1_global_hybrid_medium,0,2,3,50006,1,1,0.8625755310058594,1
D1_global_hybrid_medium,0,2,4,50007,1,1,0.7087892889976501,1
D1_global_hybrid_medium,0,2,20,50028,1,1,0.8570577502250671,1
D1_global_hybrid_medium,0,2,27,50036,2,0,0.1128566563129425,0
D1_global_hybrid_medium,0,2,35,50044,2,0,0.11608998477458954,0
D1_global_hybrid_medium,0,2,45,50054,2,0,0.8186768889427185,1
D1_global_hybrid_medium,0,2,57,50111,2,0,0.11460582166910172,0
D1_global_hybrid_medium,0,2,61,50115,2,0,0.11292959749698639,0
D1_global_hybrid_medium,0,2,69,50125,1,1,0.8467864990234375,1
D1_global_hybrid_medium,0,2,79,50143,1,1,0.8643908500671387,1
D1_global_hybrid_medium,0,2,87,50152,1,1,0.8610374927520752,1
D1_global_hybrid_medium,0,2,116,50199,2,0,0.11176954954862595,0
D1_global_hybrid_medium,0,2,122,50205,2,0,0.11016970872879028,0
D1_global_hybrid_medium,0,2,130,50232,1,1,0.8638483881950378,1
D1_global_hybrid_medium,0,2,133,50236,1,1,0.865365743637085,1
D1_global_hybrid_medium,0,2,147,50254,1,1,0.8163723945617676,1
D1_global_hybrid_medium,0,2,162,50271,2,0,0.11301743239164352,0
D1_global_hybrid_medium,0,2,170,50284,1,1,0.3380318582057953,0
D1_global_hybrid_medium,0,2,171,50285,1,1,0.11010222136974335,0
D1_global_hybrid_medium,0,2,183,50301,1,1,0.6598793268203735,1
D1_global_hybrid_medium,0,2,192,50319,1,1,0.8603079915046692,1
D1_global_hybrid_medium,0,2,197,50327,2,0,0.1102217510342598,0
D1_global_hybrid_medium,0,2,217,50348,2,0,0.1134902834892273,0
D1_global_hybrid_medium,0,2,218,50349,2,0,0.11669871211051941,0
D1_global_hybrid_medium,0,2,222,50353,2,0,0.1175893172621727,0
D1_global_hybrid_medium,0,2,232,50363,2,0,0.17942440509796143,0
D1_global_hybrid_medium,0,2,234,50365,2,0,0.11002956330776215,0
D1_global_hybrid_medium,0,2,257,50397,1,1,0.8523294925689697,1
D1_global_hybrid_medium,0,2,270,50414,2,0,0.16569171845912933,0
D1_global_hybrid_medium,0,2,282,50428,2,0,0.11175092309713364,0
D1_global_hybrid_medium,0,2,283,50433,2,0,0.11247801035642624,0
D1_global_hybrid_medium,0,2,294,50444,2,0,0.2461637556552887,0
D1_global_hybrid_medium,0,2,307,50477,1,1,0.7390953302383423,1
D1_global_hybrid_medium,0,2,316,50490,1,1,0.783286452293396,1
D1_global_hybrid_medium,0,2,357,50565,2,0,0.2981557548046112,0
D1_global_hybrid_medium,0,2,363,50573,2,0,0.1239047572016716,0
D1_global_hybrid_medium,0,2,364,50574,2,0,0.12055068463087082,0
D1_global_hybrid_medium,0,2,372,50604,1,1,0.8620070815086365,1
D1_global_hybrid_medium,0,2,381,50619,1,1,0.8648563027381897,1
D1_global_hybrid_medium,0,2,385,50623,1,1,0.8562954068183899,1
D1_global_hybrid_medium,0,2,394,50648,1,1,0.11968187242746353,0
D1_global_hybrid_medium,0,2,399,50664,2,0,0.17593717575073242,0
D1_global_hybrid_medium,0,2,407,50688,2,0,0.27135708928108215,0
D1_global_hybrid_medium,0,2,410,50691,2,0,0.11747941374778748,0
D1_global_hybrid_medium,0,2,417,50698,2,0,0.21450161933898926,0
D1_global_hybrid_medium,0,2,426,50707,2,0,0.11460983753204346,0
D1_global_hybrid_medium,0,2,450,50749,1,1,0.8599390387535095,1
D1_global_hybrid_medium,0,2,453,50752,1,1,0.7662502527236938,1
D1_global_hybrid_medium,0,2,462,50776,2,0,0.11009125411510468,0
D1_global_hybrid_medium,0,2,465,50780,2,0,0.15255674719810486,0
D1_global_hybrid_medium,0,2,478,50801,1,1,0.7110888957977295,1
D1_global_hybrid_medium,0,2,489,50823,1,1,0.8189181685447693,1
D1_global_hybrid_medium,0,2,513,50978,1,1,0.8638139367103577,1
D1_global_hybrid_medium,0,2,528,50994,1,1,0.8634385466575623,1
D1_global_hybrid_medium,0,2,535,51002,1,1,0.46127849817276,0
D1_global_hybrid_medium,0,2,543,51012,1,1,0.7689704298973083,1
D1_global_hybrid_medium,0,2,544,51013,1,1,0.5557652115821838,1
D1_global_hybrid_medium,0,2,546,51015,1,1,0.11055673658847809,0
D1_global_hybrid_medium,0,2,553,51023,1,1,0.8608566522598267,1
D1_global_hybrid_medium,0,2,558,51028,1,1,0.8648754954338074,1
D1_global_hybrid_medium,0,2,568,51040,2,0,0.12193465232849121,0
D1_global_hybrid_medium,0,2,572,51045,2,0,0.11560885608196259,0
D1_global_hybrid_medium,0,2,585,51058,2,0,0.11446060240268707,0
D1_global_hybrid_medium,0,2,592,51065,2,0,0.11722676455974579,0
D1_global_hybrid_medium,0,2,596,51069,2,0,0.11847122013568878,0
D1_global_hybrid_medium,0,2,612,51086,2,0,0.11559188365936279,0
D1_global_hybrid_medium,0,2,629,51104,2,0,0.11053462326526642,0
D1_global_hybrid_medium,0,2,642,51122,2,0,0.11933684349060059,0
D1_global_hybrid_medium,0,2,645,51126,2,0,0.12093539535999298,0
D1_global_hybrid_medium,0,2,646,51127,2,0,0.37097224593162537,0
D1_global_hybrid_medium,0,2,651,51132,2,0,0.11034812033176422,0
D1_global_hybrid_medium,0,2,681,51171,1,1,0.4416409432888031,0
D1_global_hybrid_medium,0,2,683,51177,1,1,0.8443780541419983,1
D1_global_hybrid_medium,0,2,690,51184,2,0,0.16174151003360748,0
D1_global_hybrid_medium,0,2,691,51185,2,0,0.5507534742355347,1
D1_global_hybrid_medium,0,2,718,51222,1,1,0.110122911632061,0
D1_global_hybrid_medium,0,2,722,51226,1,1,0.11002478003501892,0
D1_global_hybrid_medium,0,2,728,51235,1,1,0.8649172186851501,1
D1_global_hybrid_medium,0,2,742,51256,2,0,0.11294830590486526,0
D1_global_hybrid_medium,0,2,753,51271,2,0,0.11795766651630402,0
D1_global_hybrid_medium,0,2,793,51328,1,1,0.8645999431610107,1
D1_global_hybrid_medium,0,2,820,51361,2,0,0.11238697171211243,0
D1_global_hybrid_medium,0,2,824,51365,2,0,0.11109711974859238,0
D1_global_hybrid_medium,0,2,832,51473,1,1,0.29506775736808777,0
D1_global_hybrid_medium,0,2,840,51488,2,0,0.12191381305456161,0
D1_global_hybrid_medium,0,2,869,51606,1,1,0.11031558364629745,0
D1_global_hybrid_medium,0,3,21,50030,2,0,0.6146087050437927,1
D1_global_hybrid_medium,0,3,32,50041,2,0,0.06086508184671402,0
D1_global_hybrid_medium,0,3,34,50043,2,0,0.39755281805992126,0
D1_global_hybrid_medium,0,3,37,50046,2,0,0.06300000101327896,0
D1_global_hybrid_medium,0,3,70,50127,1,1,0.060930825769901276,0
D1_global_hybrid_medium,0,3,74,50131,1,1,0.662600040435791,1
D1_global_hybrid_medium,0,3,86,50150,1,1,0.644320547580719,1
D1_global_hybrid_medium,0,3,100,50169,2,0,0.05965648964047432,0
D1_global_hybrid_medium,0,3,119,50202,2,0,0.06551308929920197,0
D1_global_hybrid_medium,0,3,151,50260,2,0,0.060049913823604584,0
D1_global_hybrid_medium,0,3,159,50268,2,0,0.05966242030262947,0
D1_global_hybrid_medium,0,3,160,50269,2,0,0.1032438799738884,0
D1_global_hybrid_medium,0,3,163,50272,1,1,0.9054679870605469,1
D1_global_hybrid_medium,0,3,181,50298,1,1,0.590660035610199,1
D1_global_hybrid_medium,0,3,187,50310,1,1,0.8686065077781677,1
D1_global_hybrid_medium,0,3,207,50338,2,0,0.060189638286828995,0
D1_global_hybrid_medium,0,3,258,50399,1,1,0.6906208992004395,1
D1_global_hybrid_medium,0,3,262,50405,1,1,0.905204713344574,1
D1_global_hybrid_medium,0,3,264,50407,1,1,0.9050784111022949,1
D1_global_hybrid_medium,0,3,284,50434,2,0,0.059676606208086014,0
D1_global_hybrid_medium,0,3,287,50437,2,0,0.8913028240203857,1
D1_global_hybrid_medium,0,3,297,50447,2,0,0.08859328925609589,0
D1_global_hybrid_medium,0,3,310,50482,1,1,0.9055032134056091,1
D1_global_hybrid_medium,0,3,319,50493,1,1,0.900103747844696,1
D1_global_hybrid_medium,0,3,327,50502,1,1,0.9051283001899719,1
D1_global_hybrid_medium,0,3,329,50504,1,1,0.8998051285743713,1
D1_global_hybrid_medium,0,3,333,50514,1,1,0.714374840259552,1
D1_global_hybrid_medium,0,3,335,50516,1,1,0.9004929065704346,1
D1_global_hybrid_medium,0,3,337,50519,1,1,0.9011890292167664,1
D1_global_hybrid_medium,0,3,368,50578,2,0,0.8178603053092957,1
D1_global_hybrid_medium,0,3,370,50602,1,1,0.8990821242332458,1
D1_global_hybrid_medium,0,3,371,50603,1,1,0.9046638011932373,1
D1_global_hybrid_medium,0,3,379,50615,1,1,0.9049018025398254,1
D1_global_hybrid_medium,0,3,411,50692,2,0,0.05966712906956673,0
D1_global_hybrid_medium,0,3,425,50706,2,0,0.06109202653169632,0
D1_global_hybrid_medium,0,3,434,50726,2,0,0.12489543110132217,0
D1_global_hybrid_medium,0,3,439,50735,2,0,0.059624820947647095,0
D1_global_hybrid_medium,0,3,444,50741,2,0,0.059898119419813156,0
D1_global_hybrid_medium,0,3,456,50756,1,1,0.8931814432144165,1
D1_global_hybrid_medium,0,3,457,50757,1,1,0.22198821604251862,0
D1_global_hybrid_medium,0,3,497,50959,1,1,0.5981138944625854,1
D1_global_hybrid_medium,0,3,499,50961,1,1,0.11282052099704742,0
D1_global_hybrid_medium,0,3,502,50965,1,1,0.8990947604179382,1
D1_global_hybrid_medium,0,3,507,50970,1,1,0.9032193422317505,1
D1_global_hybrid_medium,0,3,514,50979,1,1,0.44500279426574707,0
D1_global_hybrid_medium,0,3,539,51008,1,1,0.06088961288332939,0
D1_global_hybrid_medium,0,3,562,51033,1,1,0.7954691052436829,1
D1_global_hybrid_medium,0,3,576,51049,2,0,0.062275230884552,0
D1_global_hybrid_medium,0,3,589,51062,2,0,0.06329495459794998,0
D1_global_hybrid_medium,0,3,605,51079,2,0,0.4249609112739563,0
D1_global_hybrid_medium,0,3,622,51097,2,0,0.0639515370130539,0
D1_global_hybrid_medium,0,3,626,51101,2,0,0.059789109975099564,0
D1_global_hybrid_medium,0,3,640,51117,2,0,0.05987124517560005,0
D1_global_hybrid_medium,0,3,661,51142,2,0,0.059609513729810715,0
D1_global_hybrid_medium,0,3,662,51146,2,0,0.06149813160300255,0
D1_global_hybrid_medium,0,3,669,51153,2,0,0.059895459562540054,0
D1_global_hybrid_medium,0,3,676,51163,1,1,0.2201719731092453,0
D1_global_hybrid_medium,0,3,678,51168,1,1,0.21173200011253357,0
D1_global_hybrid_medium,0,3,686,51180,2,0,0.05967980623245239,0
D1_global_hybrid_medium,0,3,688,51182,2,0,0.05964752659201622,0
D1_global_hybrid_medium,0,3,709,51212,1,1,0.8959977626800537,1
D1_global_hybrid_medium,0,3,710,51214,1,1,0.9047468304634094,1
D1_global_hybrid_medium,0,3,713,51217,1,1,0.06174464151263237,0
D1_global_hybrid_medium,0,3,714,51218,1,1,0.8927159309387207,1
D1_global_hybrid_medium,0,3,716,51220,1,1,0.8848321437835693,1
D1_global_hybrid_medium,0,3,723,51228,1,1,0.9054204225540161,1
D1_global_hybrid_medium,0,3,737,51251,2,0,0.5400785803794861,1
D1_global_hybrid_medium,0,3,739,51253,2,0,0.08515679091215134,0
D1_global_hybrid_medium,0,3,745,51261,2,0,0.0676809549331665,0
D1_global_hybrid_medium,0,3,747,51264,2,0,0.06451097875833511,0
D1_global_hybrid_medium,0,3,754,51272,2,0,0.07777343690395355,0
D1_global_hybrid_medium,0,3,755,51273,2,0,0.7355802059173584,1
D1_global_hybrid_medium,0,3,756,51275,2,0,0.06072630733251572,0
D1_global_hybrid_medium,0,3,780,51309,2,0,0.905497133731842,1
D1_global_hybrid_medium,0,3,786,51320,1,1,0.8990897536277771,1
D1_global_hybrid_medium,0,3,791,51326,1,1,0.8321936726570129,1
D1_global_hybrid_medium,0,3,800,51335,2,0,0.08173293620347977,0
D1_global_hybrid_medium,0,3,806,51342,2,0,0.13016146421432495,0
D1_global_hybrid_medium,0,3,819,51360,2,0,0.06339026242494583,0
D1_global_hybrid_medium,0,3,831,51465,1,1,0.9055173993110657,1
D1_global_hybrid_medium,0,3,834,51479,2,0,0.06010536104440689,0
D1_global_hybrid_medium,0,3,836,51481,2,0,0.05982336029410362,0
D1_global_hybrid_medium,0,3,842,51493,2,0,0.06582135707139969,0
D1_global_hybrid_medium,0,3,852,51566,2,0,0.06332322210073471,0
D1_global_hybrid_medium,0,3,853,51567,2,0,0.059657640755176544,0
D1_global_hybrid_medium,0,3,857,51572,1,1,0.9050644636154175,1
D1_global_hybrid_medium,0,3,868,51585,1,1,0.896613359451294,1
D1_global_hybrid_medium,0,4,8,50012,1,1,0.8015724420547485,1
D1_global_hybrid_medium,0,4,13,50020,1,1,0.9284416437149048,1
D1_global_hybrid_medium,0,4,17,50025,1,1,0.9314958453178406,1
D1_global_hybrid_medium,0,4,29,50038,2,0,0.04984385147690773,0
D1_global_hybrid_medium,0,4,33,50042,2,0,0.048521675169467926,0
D1_global_hybrid_medium,0,4,43,50052,2,0,0.050553835928440094,0
D1_global_hybrid_medium,0,4,46,50056,1,1,0.9293839931488037,1
D1_global_hybrid_medium,0,4,55,50107,2,0,0.07584093511104584,0
D1_global_hybrid_medium,0,4,56,50109,2,0,0.04816874861717224,0
D1_global_hybrid_medium,0,4,58,50112,2,0,0.04938001558184624,0
D1_global_hybrid_medium,0,4,66,50121,1,1,0.9306855797767639,1
D1_global_hybrid_medium,0,4,72,50129,1,1,0.9303249716758728,1
D1_global_hybrid_medium,0,4,88,50153,1,1,0.7004919052124023,1
D1_global_hybrid_medium,0,4,99,50168,2,0,0.051612917333841324,0
D1_global_hybrid_medium,0,4,103,50182,1,1,0.9314849972724915,1
D1_global_hybrid_medium,0,4,106,50186,1,1,0.8883703947067261,1
D1_global_hybrid_medium,0,4,109,50189,1,1,0.931514322757721,1
D1_global_hybrid_medium,0,4,113,50195,2,0,0.04952048137784004,0
D1_global_hybrid_medium,0,4,126,50213,2,0,0.05022710561752319,0
D1_global_hybrid_medium,0,4,135,50239,1,1,0.9315391778945923,1
D1_global_hybrid_medium,0,4,144,50251,1,1,0.2762540578842163,0
D1_global_hybrid_medium,0,4,158,50267,2,0,0.050766684114933014,0
D1_global_hybrid_medium,0,4,172,50287,1,1,0.04931890219449997,0
D1_global_hybrid_medium,0,4,175,50291,1,1,0.5133994817733765,1
D1_global_hybrid_medium,0,4,200,50331,2,0,0.0482759028673172,0
D1_global_hybrid_medium,0,4,211,50342,2,0,0.049067478626966476,0
D1_global_hybrid_medium,0,4,230,50361,2,0,0.049386221915483475,0
D1_global_hybrid_medium,0,4,231,50362,2,0,0.048305388540029526,0
D1_global_hybrid_medium,0,4,236,50367,2,0,0.04836665093898773,0
D1_global_hybrid_medium,0,4,243,50375,2,0,0.04843580722808838,0
D1_global_hybrid_medium,0,4,244,50376,2,0,0.04815024137496948,0
D1_global_hybrid_medium,0,4,263,50406,1,1,0.929462194442749,1
D1_global_hybrid_medium,0,4,280,50426,2,0,0.048957157880067825,0
D1_global_hybrid_medium,0,4,288,50438,2,0,0.05080994591116905,0
D1_global_hybrid_medium,0,4,306,50470,2,0,0.0488901324570179,0
D1_global_hybrid_medium,0,4,328,50503,1,1,0.9314546585083008,1
D1_global_hybrid_medium,0,4,339,50521,1,1,0.7986133694648743,1
D1_global_hybrid_medium,0,4,341,50524,1,1,0.9269265532493591,1
D1_global_hybrid_medium,0,4,345,50528,1,1,0.9285027980804443,1
D1_global_hybrid_medium,0,4,348,50531,1,1,0.4699006676673889,0
D1_global_hybrid_medium,0,4,351,50552,2,0,0.3042219579219818,0
D1_global_hybrid_medium,0,4,386,50624,1,1,0.9303057789802551,1
D1_global_hybrid_medium,0,4,412,50693,1,1,0.3493397533893585,0
D1_global_hybrid_medium,0,4,416,50697,1,1,0.9235278964042664,1
D1_global_hybrid_medium,0,4,436,50730,2,0,0.048179879784584045,0
D1_global_hybrid_medium,0,4,441,50738,2,0,0.05159065127372742,0
D1_global_hybrid_medium,0,4,445,50742,2,0,0.048795413225889206,0
D1_global_hybrid_medium,0,4,455,50755,1,1,0.9303209185600281,1
D1_global_hybrid_medium,0,4,460,50774,2,0,0.049398209899663925,0
D1_global_hybrid_medium,0,4,461,50775,2,0,0.04829750955104828,0
D1_global_hybrid_medium,0,4,467,50782,2,0,0.04861581698060036,0
D1_global_hybrid_medium,0,4,496,50958,1,1,0.9245955944061279,1
D1_global_hybrid_medium,0,4,498,50960,1,1,0.5922495722770691,1
D1_global_hybrid_medium,0,4,508,50972,1,1,0.9301508665084839,1
D1_global_hybrid_medium,0,4,509,50973,1,1,0.9290288686752319,1
D1_global_hybrid_medium,0,4,510,50974,1,1,0.9315138459205627,1
D1_global_hybrid_medium,0,4,516,50982,1,1,0.04818690940737724,0
D1_global_hybrid_medium,0,4,527,50993,1,1,0.9284851551055908,1
D1_global_hybrid_medium,0,4,551,51020,1,1,0.7270615696907043,1
D1_global_hybrid_medium,0,4,555,51025,1,1,0.9309821128845215,1
D1_global_hybrid_medium,0,4,566,51038,2,0,0.04938158020377159,0
D1_global_hybrid_medium,0,4,577,51050,2,0,0.048773013055324554,0
D1_global_hybrid_medium,0,4,586,51059,2,0,0.053212832659482956,0
D1_global_hybrid_medium,0,4,599,51073,2,0,0.049813807010650635,0
D1_global_hybrid_medium,0,4,606,51080,2,0,0.7238346338272095,1
D1_global_hybrid_medium,0,4,607,51081,2,0,0.0532010979950428,0
D1_global_hybrid_medium,0,4,616,51090,2,0,0.05157802999019623,0
D1_global_hybrid_medium,0,4,619,51094,2,0,0.053216561675071716,0
D1_global_hybrid_medium,0,4,631,51106,2,0,0.053222883492708206,0
D1_global_hybrid_medium,0,4,632,51107,2,0,0.8486610054969788,1
D1_global_hybrid_medium,0,4,657,51138,2,0,0.05193999409675598,0
D1_global_hybrid_medium,0,4,658,51139,2,0,0.050223931670188904,0
D1_global_hybrid_medium,0,4,664,51148,2,0,0.053798872977495193,0
D1_global_hybrid_medium,0,4,665,51149,2,0,0.04844928905367851,0
D1_global_hybrid_medium,0,4,693,51188,2,0,0.05197977274656296,0
D1_global_hybrid_medium,0,4,697,51197,2,0,0.048278044909238815,0
D1_global_hybrid_medium,0,4,698,51198,2,0,0.21070553362369537,0
D1_global_hybrid_medium,0,4,700,51202,1,1,0.928699254989624,1
D1_global_hybrid_medium,0,4,701,51203,1,1,0.9309777617454529,1
D1_global_hybrid_medium,0,4,703,51205,1,1,0.9284874200820923,1
D1_global_hybrid_medium,0,4,730,51237,1,1,0.928938090801239,1
D1_global_hybrid_medium,0,4,735,51249,1,1,0.930544376373291,1
D1_global_hybrid_medium,0,4,767,51295,1,1,0.929667055606842,1
D1_global_hybrid_medium,0,4,772,51301,1,1,0.17687121033668518,0
D1_global_hybrid_medium,0,4,776,51305,2,0,0.6367713212966919,1
D1_global_hybrid_medium,0,4,845,51558,2,0,0.049399495124816895,0
D1_global_hybrid_medium,0,4,851,51565,2,0,0.08637847006320953,0
D1_global_hybrid_medium,0,5,0,50003,1,1,0.31224462389945984,0
D1_global_hybrid_medium,0,5,6,50010,1,1,0.8255577087402344,1
D1_global_hybrid_medium,0,5,18,50026,1,1,0.7003183364868164,1
D1_global_hybrid_medium,0,5,19,50027,1,1,0.08514174818992615,0
D1_global_hybrid_medium,0,5,50,50102,2,0,0.1248614639043808,0
D1_global_hybrid_medium,0,5,64,50118,1,1,0.835934579372406,1
D1_global_hybrid_medium,0,5,77,50135,1,1,0.7994256019592285,1
D1_global_hybrid_medium,0,5,78,50142,1,1,0.8372937440872192,1
D1_global_hybrid_medium,0,5,81,50145,1,1,0.2211684286594391,0
D1_global_hybrid_medium,0,5,98,50167,2,0,0.10240050405263901,0
D1_global_hybrid_medium,0,5,112,50194,2,0,0.09693441540002823,0
D1_global_hybrid_medium,0,5,125,50210,2,0,0.08507139980792999,0
D1_global_hybrid_medium,0,5,128,50215,2,0,0.08549966663122177,0
D1_global_hybrid_medium,0,5,142,50249,1,1,0.8373258709907532,1
D1_global_hybrid_medium,0,5,143,50250,1,1,0.15631301701068878,0
D1_global_hybrid_medium,0,5,157,50266,2,0,0.08881045877933502,0
D1_global_hybrid_medium,0,5,161,50270,2,0,0.08511946350336075,0
D1_global_hybrid_medium,0,5,167,50276,1,1,0.8377345204353333,1
D1_global_hybrid_medium,0,5,198,50329,2,0,0.12448782473802567,0
D1_global_hybrid_medium,0,5,205,50336,2,0,0.09051287174224854,0
D1_global_hybrid_medium,0,5,220,50351,2,0,0.09806544333696365,0
D1_global_hybrid_medium,0,5,221,50352,2,0,0.20664933323860168,0
D1_global_hybrid_medium,0,5,226,50357,2,0,0.0938960462808609,0
D1_global_hybrid_medium,0,5,227,50358,2,0,0.17654019594192505,0
D1_global_hybrid_medium,0,5,249,50382,2,0,0.08812349289655685,0
D1_global_hybrid_medium,0,5,250,50383,2,0,0.11815832555294037,0
D1_global_hybrid_medium,0,5,267,50411,1,1,0.8377441167831421,1
D1_global_hybrid_medium,0,5,277,50422,2,0,0.577481746673584,1
D1_global_hybrid_medium,0,5,305,50469,2,0,0.0886378288269043,0
D1_global_hybrid_medium,0,5,318,50492,1,1,0.766328752040863,1
D1_global_hybrid_medium,0,5,321,50496,1,1,0.707327663898468,1
D1_global_hybrid_medium,0,5,336,50518,1,1,0.7384798526763916,1
D1_global_hybrid_medium,0,5,367,50577,2,0,0.08566848933696747,0
D1_global_hybrid_medium,0,5,373,50606,1,1,0.7188791632652283,1
D1_global_hybrid_medium,0,5,383,50621,1,1,0.6001256108283997,1
D1_global_hybrid_medium,0,5,391,50642,1,1,0.7243546843528748,1
D1_global_hybrid_medium,0,5,433,50725,2,0,0.08538062125444412,0
D1_global_hybrid_medium,0,5,469,50786,2,0,0.20584121346473694,0
D1_global_hybrid_medium,0,5,471,50791,1,1,0.6009930372238159,1
D1_global_hybrid_medium,0,5,500,50962,1,1,0.23681284487247467,0
D1_global_hybrid_medium,0,5,504,50967,1,1,0.722235381603241,1
D1_global_hybrid_medium,0,5,529,50995,1,1,0.8353283405303955,1
D1_global_hybrid_medium,0,5,533,51000,1,1,0.8354466557502747,1
D1_global_hybrid_medium,0,5,556,51026,1,1,0.8329078555107117,1
D1_global_hybrid_medium,0,5,560,51030,1,1,0.8319988250732422,1
D1_global_hybrid_medium,0,5,567,51039,2,0,0.0925775095820427,0
D1_global_hybrid_medium,0,5,570,51042,2,0,0.08674841374158859,0
D1_global_hybrid_medium,0,5,574,51047,2,0,0.08518290519714355,0
D1_global_hybrid_medium,0,5,597,51070,2,0,0.11174120008945465,0
D1_global_hybrid_medium,0,5,601,51075,2,0,0.0989777222275734,0
D1_global_hybrid_medium,0,5,621,51096,2,0,0.09529712051153183,0
D1_global_hybrid_medium,0,5,624,51099,2,0,0.0854136198759079,0
D1_global_hybrid_medium,0,5,625,51100,2,0,0.09355221688747406,0
D1_global_hybrid_medium,0,5,628,51103,2,0,0.19279907643795013,0
D1_global_hybrid_medium,0,5,643,51123,2,0,0.11137237399816513,0
D1_global_hybrid_medium,0,5,647,51128,2,0,0.08721256256103516,0
D1_global_hybrid_medium,0,5,650,51131,2,0,0.11169823259115219,0
D1_global_hybrid_medium,0,5,654,51135,2,0,0.13575118780136108,0
D1_global_hybrid_medium,0,5,656,51137,2,0,0.08514523506164551,0
D1_global_hybrid_medium,0,5,659,51140,2,0,0.08517896384000778,0
D1_global_hybrid_medium,0,5,671,51155,2,0,0.08567535877227783,0
D1_global_hybrid_medium,0,5,674,51161,1,1,0.7502912282943726,1
D1_global_hybrid_medium,0,5,680,51170,1,1,0.09295990318059921,0
D1_global_hybrid_medium,0,5,702,51204,1,1,0.8254343867301941,1
D1_global_hybrid_medium,0,5,733,51241,1,1,0.11937939375638962,0
D1_global_hybrid_medium,0,5,734,51248,1,1,0.8271858096122742,1
D1_global_hybrid_medium,0,5,741,51255,2,0,0.08607082813978195,0
D1_global_hybrid_medium,0,5,748,51265,2,0,0.08698897063732147,0
D1_global_hybrid_medium,0,5,749,51266,2,0,0.8165742754936218,1
D1_global_hybrid_medium,0,5,757,51276,2,0,0.08697766810655594,0
D1_global_hybrid_medium,0,5,758,51277,2,0,0.09008312225341797,0
D1_global_hybrid_medium,0,5,761,51280,2,0,0.09209650754928589,0
D1_global_hybrid_medium,0,5,764,51292,1,1,0.8348408341407776,1
D1_global_hybrid_medium,0,5,768,51297,1,1,0.8320136666297913,1
D1_global_hybrid_medium,0,5,785,51319,1,1,0.8373270630836487,1
D1_global_hybrid_medium,0,5,789,51323,1,1,0.8180453181266785,1
D1_global_hybrid_medium,0,5,796,51331,1,1,0.6453929543495178,1
D1_global_hybrid_medium,0,5,797,51332,2,0,0.08709947764873505,0
D1_global_hybrid_medium,0,5,804,51340,2,0,0.10186918824911118,0
D1_global_hybrid_medium,0,5,807,51343,2,0,0.097821444272995,0
D1_global_hybrid_medium,0,5,808,51344,2,0,0.08511174470186234,0
D1_global_hybrid_medium,0,5,814,51351,1,1,0.1455691009759903,0
D1_global_hybrid_medium,0,5,829,51463,1,1,0.5061230659484863,1
D1_global_hybrid_medium,0,5,846,51559,2,0,0.08553891628980637,0
D1_global_hybrid_medium,0,5,864,51580,1,1,0.5135971903800964,1
D1_global_hybrid_medium,0,5,867,51584,1,1,0.77883380651474,1
D1_global_hybrid_medium,0,5,870,51607,1,1,0.27519094944000244,0
D1_global_hybrid_medium,0,6,7,50011,1,1,0.8739147782325745,1
D1_global_hybrid_medium,0,6,12,50016,1,1,0.8754150867462158,1
D1_global_hybrid_medium,0,6,22,50031,2,0,0.09031468629837036,0
D1_global_hybrid_medium,0,6,25,50034,2,0,0.08935491740703583,0
D1_global_hybrid_medium,0,6,28,50037,2,0,0.09348604083061218,0
D1_global_hybrid_medium,0,6,30,50039,2,0,0.8643137216567993,1
D1_global_hybrid_medium,0,6,31,50040,2,0,0.09214592725038528,0
D1_global_hybrid_medium,0,6,38,50047,2,0,0.10512537509202957,0
D1_global_hybrid_medium,0,6,51,50103,2,0,0.3232443034648895,0
D1_global_hybrid_medium,0,6,60,50114,2,0,0.09032008796930313,0
D1_global_hybrid_medium,0,6,68,50124,1,1,0.8700704574584961,1
D1_global_hybrid_medium,0,6,71,50128,1,1,0.8762760162353516,1
D1_global_hybrid_medium,0,6,76,50134,1,1,0.8595887422561646,1
D1_global_hybrid_medium,0,6,102,50171,2,0,0.09605908393859863,0
D1_global_hybrid_medium,0,6,110,50190,1,1,0.8607030510902405,1
D1_global_hybrid_medium,0,6,129,50217,2,0,0.09066472947597504,0
D1_global_hybrid_medium,0,6,137,50241,1,1,0.8541295528411865,1
D1_global_hybrid_medium,0,6,150,50259,2,0,0.0922050029039383,0
D1_global_hybrid_medium,0,6,174,50290,1,1,0.8694693446159363,1
D1_global_hybrid_medium,0,6,176,50292,1,1,0.8753924369812012,1
D1_global_hybrid_medium,0,6,179,50295,1,1,0.8755538463592529,1
D1_global_hybrid_medium,0,6,188,50312,1,1,0.8665074110031128,1
D1_global_hybrid_medium,0,6,194,50321,1,1,0.8761633634567261,1
D1_global_hybrid_medium,0,6,209,50340,2,0,0.08928170800209045,0
D1_global_hybrid_medium,0,6,212,50343,2,0,0.8508733510971069,1
D1_global_hybrid_medium,0,6,213,50344,2,0,0.09082166850566864,0
D1_global_hybrid_medium,0,6,215,50346,2,0,0.0893881618976593,0
D1_global_hybrid_medium,0,6,225,50356,2,0,0.09095803648233414,0
D1_global_hybrid_medium,0,6,240,50372,2,0,0.08991671353578568,0
D1_global_hybrid_medium,0,6,247,50380,2,0,0.10070475190877914,0
D1_global_hybrid_medium,0,6,252,50386,2,0,0.08924180269241333,0
D1_global_hybrid_medium,0,6,253,50387,2,0,0.08970224857330322,0
D1_global_hybrid_medium,0,6,255,50390,2,0,0.10630697757005692,0
D1_global_hybrid_medium,0,6,268,50412,1,1,0.8754013776779175,1
D1_global_hybrid_medium,0,6,279,50425,2,0,0.0921616405248642,0
D1_global_hybrid_medium,0,6,281,50427,2,0,0.0902954563498497,0
D1_global_hybrid_medium,0,6,308,50480,1,1,0.8760654926300049,1
D1_global_hybrid_medium,0,6,309,50481,1,1,0.8741250038146973,1
D1_global_hybrid_medium,0,6,315,50488,1,1,0.8747341632843018,1
D1_global_hybrid_medium,0,6,332,50510,1,1,0.8741526007652283,1
D1_global_hybrid_medium,0,6,338,50520,1,1,0.8764522075653076,1
D1_global_hybrid_medium,0,6,342,50525,1,1,0.8451908826828003,1
D1_global_hybrid_medium,0,6,355,50561,2,0,0.089597687125206,0
D1_global_hybrid_medium,0,6,358,50568,2,0,0.1006336584687233,0
D1_global_hybrid_medium,0,6,361,50571,2,0,0.4242636263370514,0
D1_global_hybrid_medium,0,6,369,50601,1,1,0.1485823392868042,0
D1_global_hybrid_medium,0,6,377,50613,1,1,0.8741520643234253,1
D1_global_hybrid_medium,0,6,389,50627,1,1,0.8763579726219177,1
D1_global_hybrid_medium,0,6,403,50683,2,0,0.09046784788370132,0
D1_global_hybrid_medium,0,6,409,50690,1,1,0.09033988416194916,0
D1_global_hybrid_medium,0,6,413,50694,1,1,0.8733451962471008,1
D1_global_hybrid_medium,0,6,415,50696,1,1,0.8761885166168213,1
D1_global_hybrid_medium,0,6,419,50700,1,1,0.8754866123199463,1
D1_global_hybrid_medium,0,6,422,50703,2,0,0.08943292498588562,0
D1_global_hybrid_medium,0,6,437,50731,2,0,0.08991324156522751,0
D1_global_hybrid_medium,0,6,438,50733,2,0,0.09038271009922028,0
D1_global_hybrid_medium,0,6,443,50740,2,0,0.0917646512389183,0
D1_global_hybrid_medium,0,6,447,50744,1,1,0.8427816033363342,1
D1_global_hybrid_medium,0,6,449,50748,1,1,0.8519946932792664,1
D1_global_hybrid_medium,0,6,470,50790,2,0,0.08991631120443344,0
D1_global_hybrid_medium,0,6,488,50822,2,0,0.08923856914043427,0
D1_global_hybrid_medium,0,6,492,50954,1,1,0.09346522390842438,0
D1_global_hybrid_medium,0,6,495,50957,1,1,0.8521170020103455,1
D1_global_hybrid_medium,0,6,505,50968,1,1,0.8754584789276123,1
D1_global_hybrid_medium,0,6,517,50983,1,1,0.8747212290763855,1
D1_global_hybrid_medium,0,6,523,50989,1,1,0.8751001954078674,1
D1_global_hybrid_medium,0,6,547,51016,1,1,0.868942379951477,1
D1_global_hybrid_medium,0,6,552,51021,1,1,0.873556911945343,1
D1_global_hybrid_medium,0,6,580,51053,2,0,0.0915403887629509,0
D1_global_hybrid_medium,0,6,581,51054,2,0,0.0901835635304451,0
D1_global_hybrid_medium,0,6,582,51055,2,0,0.08994463086128235,0
D1_global_hybrid_medium,0,6,600,51074,2,0,0.09352298080921173,0
D1_global_hybrid_medium,0,6,615,51089,2,0,0.0913209617137909,0
D1_global_hybrid_medium,0,6,634,51110,2,0,0.0903349295258522,0
D1_global_hybrid_medium,0,6,663,51147,2,0,0.08920813351869583,0
D1_global_hybrid_medium,0,6,684,51178,1,1,0.8754072785377502,1
D1_global_hybrid_medium,0,6,699,51201,1,1,0.7317065000534058,1
D1_global_hybrid_medium,0,6,708,51211,1,1,0.45724332332611084,0
D1_global_hybrid_medium,0,6,740,51254,2,0,0.08923954516649246,0
D1_global_hybrid_medium,0,6,752,51269,2,0,0.09067448228597641,0
D1_global_hybrid_medium,0,6,760,51279,2,0,0.09179743379354477,0
D1_global_hybrid_medium,0,6,811,51347,2,0,0.08926302194595337,0
D1_global_hybrid_medium,0,6,821,51362,2,0,0.09091903269290924,0
D1_global_hybrid_medium,0,6,833,51477,2,0,0.09039359539747238,0
D1_global_hybrid_medium,0,6,843,51556,2,0,0.09988302737474442,0
D1_global_hybrid_medium,0,6,859,51574,1,1,0.8755015134811401,1
D1_global_hybrid_medium,0,6,861,51577,1,1,0.8644132018089294,1
D1_global_hybrid_medium,0,7,16,50024,1,1,0.9203941822052002,1
D1_global_hybrid_medium,0,7,26,50035,2,0,0.08655185997486115,0
D1_global_hybrid_medium,0,7,40,50049,2,0,0.0739097073674202,0
D1_global_hybrid_medium,0,7,54,50106,2,0,0.9082245230674744,1
D1_global_hybrid_medium,0,7,80,50144,1,1,0.9175761938095093,1
D1_global_hybrid_medium,0,7,82,50146,1,1,0.0770583525300026,0
D1_global_hybrid_medium,0,7,90,50157,2,0,0.4275025427341461,0
D1_global_hybrid_medium,0,7,91,50158,2,0,0.07893015444278717,0
D1_global_hybrid_medium,0,7,95,50162,2,0,0.11634223163127899,0
D1_global_hybrid_medium,0,7,104,50183,1,1,0.9197123646736145,1
D1_global_hybrid_medium,0,7,153,50262,2,0,0.10509860515594482,0
D1_global_hybrid_medium,0,7,156,50265,2,0,0.10449381172657013,0
D1_global_hybrid_medium,0,7,165,50274,1,1,0.9201672077178955,1
D1_global_hybrid_medium,0,7,166,50275,1,1,0.9204292297363281,1
D1_global_hybrid_medium,0,7,169,50282,1,1,0.9149540662765503,1
D1_global_hybrid_medium,0,7,178,50294,1,1,0.9202747344970703,1
D1_global_hybrid_medium,0,7,189,50314,1,1,0.920046329498291,1
D1_global_hybrid_medium,0,7,190,50315,1,1,0.9203890562057495,1
D1_global_hybrid_medium,0,7,191,50318,1,1,0.4457792043685913,0
D1_global_hybrid_medium,0,7,208,50339,2,0,0.07754098623991013,0
D1_global_hybrid_medium,0,7,214,50345,2,0,0.12520475685596466,0
D1_global_hybrid_medium,0,7,224,50355,2,0,0.11461035907268524,0
D1_global_hybrid_medium,0,7,233,50364,2,0,0.20592360198497772,0
D1_global_hybrid_medium,0,7,245,50377,2,0,0.07527139037847519,0
D1_global_hybrid_medium,0,7,246,50379,2,0,0.07381125539541245,0
D1_global_hybrid_medium,0,7,251,50385,2,0,0.9194488525390625,1
D1_global_hybrid_medium,0,7,261,50404,1,1,0.9200722575187683,1
D1_global_hybrid_medium,0,7,276,50421,2,0,0.07405390590429306,0
D1_global_hybrid_medium,0,7,285,50435,2,0,0.0735490545630455,0
D1_global_hybrid_medium,0,7,289,50439,2,0,0.0755772739648819,0
D1_global_hybrid_medium,0,7,296,50446,2,0,0.07428189367055893,0
D1_global_hybrid_medium,0,7,298,50448,2,0,0.5173164010047913,1
D1_global_hybrid_medium,0,7,304,50468,2,0,0.09833982586860657,0
D1_global_hybrid_medium,0,7,314,50487,1,1,0.918363630771637,1
D1_global_hybrid_medium,0,7,325,50500,1,1,0.9181898236274719,1
D1_global_hybrid_medium,0,7,350,50551,2,0,0.07389430701732635,0
D1_global_hybrid_medium,0,7,398,50659,2,0,0.45947176218032837,0
D1_global_hybrid_medium,0,7,420,50701,2,0,0.10672307759523392,0
D1_global_hybrid_medium,0,7,423,50704,1,1,0.8533179759979248,1
D1_global_hybrid_medium,0,7,424,50705,1,1,0.8475986123085022,1
D1_global_hybrid_medium,0,7,428,50709,2,0,0.07528528571128845,0
D1_global_hybrid_medium,0,7,452,50751,1,1,0.9111254215240479,1
D1_global_hybrid_medium,0,7,459,50773,2,0,0.07404264062643051,0
D1_global_hybrid_medium,0,7,474,50797,1,1,0.9152348041534424,1
D1_global_hybrid_medium,0,7,479,50803,1,1,0.915161669254303,1
D1_global_hybrid_medium,0,7,480,50807,1,1,0.9192553758621216,1
D1_global_hybrid_medium,0,7,484,50817,2,0,0.08022747933864594,0
D1_global_hybrid_medium,0,7,485,50818,2,0,0.07346398383378983,0
D1_global_hybrid_medium,0,7,487,50821,2,0,0.07373266667127609,0
D1_global_hybrid_medium,0,7,494,50956,1,1,0.9171197414398193,1
D1_global_hybrid_medium,0,7,512,50977,1,1,0.9204071164131165,1
D1_global_hybrid_medium,0,7,515,50981,1,1,0.9166474342346191,1
D1_global_hybrid_medium,0,7,518,50984,1,1,0.9198746085166931,1
D1_global_hybrid_medium,0,7,520,50986,1,1,0.8703111410140991,1
D1_global_hybrid_medium,0,7,526,50992,1,1,0.9203855395317078,1
D1_global_hybrid_medium,0,7,536,51003,1,1,0.9203956127166748,1
D1_global_hybrid_medium,0,7,540,51009,1,1,0.9178970456123352,1
D1_global_hybrid_medium,0,7,545,51014,1,1,0.9185464382171631,1
D1_global_hybrid_medium,0,7,578,51051,2,0,0.08198433369398117,0
D1_global_hybrid_medium,0,7,590,51063,2,0,0.07443490624427795,0
D1_global_hybrid_medium,0,7,603,51077,2,0,0.6249558329582214,1
D1_global_hybrid_medium,0,7,617,51091,2,0,0.07388881593942642,0
D1_global_hybrid_medium,0,7,630,51105,2,0,0.075798399746418,0
D1_global_hybrid_medium,0,7,641,51118,2,0,0.6825731992721558,1
D1_global_hybrid_medium,0,7,644,51124,2,0,0.08171048760414124,0
D1_global_hybrid_medium,0,7,666,51150,2,0,0.07342211902141571,0
D1_global_hybrid_medium,0,7,667,51151,2,0,0.07349789887666702,0
D1_global_hybrid_medium,0,7,672,51156,2,0,0.07556403428316116,0
D1_global_hybrid_medium,0,7,675,51162,1,1,0.9203923940658569,1
D1_global_hybrid_medium,0,7,685,51179,1,1,0.9204070568084717,1
D1_global_hybrid_medium,0,7,706,51208,1,1,0.8703896403312683,1
D1_global_hybrid_medium,0,7,715,51219,1,1,0.9173226952552795,1
D1_global_hybrid_medium,0,7,720,51224,1,1,0.9114344716072083,1
D1_global_hybrid_medium,0,7,725,51230,1,1,0.9202800989151001,1
D1_global_hybrid_medium,0,7,746,51262,2,0,0.07533559203147888,0
D1_global_hybrid_medium,0,7,763,51291,1,1,0.917305052280426,1
D1_global_hybrid_medium,0,7,775,51304,2,0,0.10489965975284576,0
D1_global_hybrid_medium,0,7,781,51311,2,0,0.07413849234580994,0
D1_global_hybrid_medium,0,7,790,51325,1,1,0.9204003214836121,1
D1_global_hybrid_medium,0,7,792,51327,1,1,0.919093132019043,1
D1_global_hybrid_medium,0,7,799,51334,2,0,0.07344765961170197,0
D1_global_hybrid_medium,0,7,803,51339,2,0,0.07384731620550156,0
D1_global_hybrid_medium,0,7,837,51482,2,0,0.08194927126169205,0
D1_global_hybrid_medium,0,7,838,51484,2,0,0.5583574175834656,1
D1_global_hybrid_medium,0,7,841,51491,2,0,0.08164418488740921,0
D1_global_hybrid_medium,0,7,860,51576,1,1,0.8961868286132812,1
D1_global_hybrid_medium,0,7,865,51582,1,1,0.9200429916381836,1
D1_global_hybrid_medium,0,8,5,50008,1,1,0.9226134419441223,1
D1_global_hybrid_medium,0,8,9,50013,1,1,0.9223524928092957,1
D1_global_hybrid_medium,0,8,23,50032,2,0,0.0663900226354599,0
D1_global_hybrid_medium,0,8,24,50033,2,0,0.06449081748723984,0
D1_global_hybrid_medium,0,8,73,50130,1,1,0.9213656783103943,1
D1_global_hybrid_medium,0,8,75,50132,1,1,0.9186157584190369,1
D1_global_hybrid_medium,0,8,85,50149,1,1,0.9218664765357971,1
D1_global_hybrid_medium,0,8,105,50184,1,1,0.9210023880004883,1
D1_global_hybrid_medium,0,8,120,50203,2,0,0.06347445398569107,0
D1_global_hybrid_medium,0,8,124,50208,2,0,0.06501812487840652,0
D1_global_hybrid_medium,0,8,134,50237,1,1,0.9206282496452332,1
D1_global_hybrid_medium,0,8,138,50243,1,1,0.9224339723587036,1
D1_global_hybrid_medium,0,8,139,50245,1,1,0.9226154685020447,1
D1_global_hybrid_medium,0,8,155,50264,2,0,0.06341998279094696,0
D1_global_hybrid_medium,0,8,173,50289,1,1,0.4993121922016144,0
D1_global_hybrid_medium,0,8,201,50332,2,0,0.06376656889915466,0
D1_global_hybrid_medium,0,8,216,50347,2,0,0.06423328071832657,0
D1_global_hybrid_medium,0,8,228,50359,2,0,0.0960371270775795,0
D1_global_hybrid_medium,0,8,229,50360,2,0,0.06358420848846436,0
D1_global_hybrid_medium,0,8,235,50366,2,0,0.065970279276371,0
D1_global_hybrid_medium,0,8,239,50370,2,0,0.1080908551812172,0
D1_global_hybrid_medium,0,8,269,50413,1,1,0.9186451435089111,1
D1_global_hybrid_medium,0,8,272,50416,2,0,0.06479687988758087,0
D1_global_hybrid_medium,0,8,273,50417,2,0,0.06607289612293243,0
D1_global_hybrid_medium,0,8,290,50440,2,0,0.45299893617630005,0
D1_global_hybrid_medium,0,8,291,50441,2,0,0.06734592467546463,0
D1_global_hybrid_medium,0,8,299,50449,2,0,0.06386382132768631,0
D1_global_hybrid_medium,0,8,313,50486,1,1,0.920772135257721,1
D1_global_hybrid_medium,0,8,324,50499,1,1,0.9226153492927551,1
D1_global_hybrid_medium,0,8,330,50507,1,1,0.670661449432373,1
D1_global_hybrid_medium,0,8,343,50526,1,1,0.9136887192726135,1
D1_global_hybrid_medium,0,8,344,50527,1,1,0.9222845435142517,1
D1_global_hybrid_medium,0,8,362,50572,2,0,0.06397392600774765,0
D1_global_hybrid_medium,0,8,380,50616,1,1,0.9226065278053284,1
D1_global_hybrid_medium,0,8,388,50626,1,1,0.9197859764099121,1
D1_global_hybrid_medium,0,8,400,50665,2,0,0.39259883761405945,0
D1_global_hybrid_medium,0,8,402,50682,2,0,0.06338880956172943,0
D1_global_hybrid_medium,0,8,404,50685,2,0,0.099686399102211,0
D1_global_hybrid_medium,0,8,421,50702,1,1,0.9171932339668274,1
D1_global_hybrid_medium,0,8,427,50708,1,1,0.9210400581359863,1
D1_global_hybrid_medium,0,8,431,50723,2,0,0.06422223895788193,0
D1_global_hybrid_medium,0,8,463,50777,2,0,0.06469709426164627,0
D1_global_hybrid_medium,0,8,472,50792,1,1,0.9199985861778259,1
D1_global_hybrid_medium,0,8,473,50796,1,1,0.9224987030029297,1
D1_global_hybrid_medium,0,8,477,50800,1,1,0.9221788048744202,1
D1_global_hybrid_medium,0,8,486,50820,2,0,0.06671471148729324,0
D1_global_hybrid_medium,0,8,519,50985,1,1,0.9199710488319397,1
D1_global_hybrid_medium,0,8,521,50987,1,1,0.9217281341552734,1
D1_global_hybrid_medium,0,8,524,50990,1,1,0.920989453792572,1
D1_global_hybrid_medium,0,8,530,50996,1,1,0.9192038178443909,1
D1_global_hybrid_medium,0,8,538,51007,1,1,0.9224409461021423,1
D1_global_hybrid_medium,0,8,548,51017,1,1,0.8201344013214111,1
D1_global_hybrid_medium,0,8,549,51018,1,1,0.9223338961601257,1
D1_global_hybrid_medium,0,8,554,51024,1,1,0.9224739074707031,1
D1_global_hybrid_medium,0,8,563,51034,1,1,0.9226250052452087,1
D1_global_hybrid_medium,0,8,565,51036,2,0,0.06636825948953629,0
D1_global_hybrid_medium,0,8,573,51046,2,0,0.23858608305454254,0
D1_global_hybrid_medium,0,8,593,51066,2,0,0.06763514131307602,0
D1_global_hybrid_medium,0,8,608,51082,2,0,0.06356747448444366,0
D1_global_hybrid_medium,0,8,613,51087,2,0,0.06420387327671051,0
D1_global_hybrid_medium,0,8,618,51093,2,0,0.06525630503892899,0
D1_global_hybrid_medium,0,8,620,51095,2,0,0.21344837546348572,0
D1_global_hybrid_medium,0,8,635,51111,2,0,0.06462722271680832,0
D1_global_hybrid_medium,0,8,652,51133,2,0,0.6501050591468811,1
D1_global_hybrid_medium,0,8,653,51134,2,0,0.06423129141330719,0
D1_global_hybrid_medium,0,8,668,51152,2,0,0.06424394249916077,0
D1_global_hybrid_medium,0,8,682,51173,1,1,0.9210423827171326,1
D1_global_hybrid_medium,0,8,687,51181,2,0,0.14737780392169952,0
D1_global_hybrid_medium,0,8,717,51221,1,1,0.9178248643875122,1
D1_global_hybrid_medium,0,8,719,51223,1,1,0.9226152300834656,1
D1_global_hybrid_medium,0,8,731,51239,1,1,0.9178100824356079,1
D1_global_hybrid_medium,0,8,743,51257,2,0,0.8693061470985413,1
D1_global_hybrid_medium,0,8,751,51268,2,0,0.06353962421417236,0
D1_global_hybrid_medium,0,8,759,51278,2,0,0.08455130457878113,0
D1_global_hybrid_medium,0,8,770,51299,1,1,0.9225299954414368,1
D1_global_hybrid_medium,0,8,773,51302,1,1,0.9203483462333679,1
D1_global_hybrid_medium,0,8,782,51313,2,0,0.06708894670009613,0
D1_global_hybrid_medium,0,8,809,51345,2,0,0.14139631390571594,0
D1_global_hybrid_medium,0,8,810,51346,2,0,0.06716064363718033,0
D1_global_hybrid_medium,0,8,816,51356,2,0,0.6948997974395752,1
D1_global_hybrid_medium,0,8,826,51370,2,0,0.06715036183595657,0
D1_global_hybrid_medium,0,8,827,51373,2,0,0.06478820741176605,0
D1_global_hybrid_medium,0,8,830,51464,1,1,0.9224076271057129,1
D1_global_hybrid_medium,0,8,844,51557,2,0,0.06618161499500275,0
D1_global_hybrid_medium,0,8,849,51563,2,0,0.06604664027690887,0
D1_global_hybrid_medium,0,8,855,51569,2,0,0.0650482028722763,0
D1_global_hybrid_medium,0,8,858,51573,1,1,0.6187188625335693,1
D1_global_hybrid_medium,0,9,1,50004,1,1,0.9103911519050598,1
D1_global_hybrid_medium,0,9,15,50023,1,1,0.9116544127464294,1
D1_global_hybrid_medium,0,9,39,50048,2,0,0.9115790128707886,1
D1_global_hybrid_medium,0,9,47,50057,1,1,0.06315839290618896,0
D1_global_hybrid_medium,0,9,48,50059,2,0,0.06395206600427628,0
D1_global_hybrid_medium,0,9,62,50116,2,0,0.433890163898468,0
D1_global_hybrid_medium,0,9,89,50156,1,1,0.9101333022117615,1
D1_global_hybrid_medium,0,9,101,50170,2,0,0.06374291330575943,0
D1_global_hybrid_medium,0,9,107,50187,1,1,0.06379140913486481,0
D1_global_hybrid_medium,0,9,121,50204,2,0,0.06343424320220947,0
D1_global_hybrid_medium,0,9,127,50214,2,0,0.06358596682548523,0
D1_global_hybrid_medium,0,9,168,50278,1,1,0.9104112386703491,1
D1_global_hybrid_medium,0,9,193,50320,1,1,0.9118338823318481,1
D1_global_hybrid_medium,0,9,196,50325,1,1,0.06340385228395462,0
D1_global_hybrid_medium,0,9,254,50388,2,0,0.06328123807907104,0
D1_global_hybrid_medium,0,9,259,50402,1,1,0.06341022998094559,0
D1_global_hybrid_medium,0,9,260,50403,1,1,0.06282435357570648,0
D1_global_hybrid_medium,0,9,265,50408,1,1,0.06384752690792084,0
D1_global_hybrid_medium,0,9,295,50445,2,0,0.06340797990560532,0
D1_global_hybrid_medium,0,9,300,50453,2,0,0.14353835582733154,0
D1_global_hybrid_medium,0,9,301,50463,2,0,0.06342101097106934,0
D1_global_hybrid_medium,0,9,311,50483,1,1,0.5036805868148804,1
D1_global_hybrid_medium,0,9,312,50485,1,1,0.06315913051366806,0
D1_global_hybrid_medium,0,9,322,50497,1,1,0.909934937953949,1
D1_global_hybrid_medium,0,9,331,50509,1,1,0.9100973010063171,1
D1_global_hybrid_medium,0,9,365,50575,2,0,0.13805969059467316,0
D1_global_hybrid_medium,0,9,366,50576,2,0,0.06283771991729736,0
D1_global_hybrid_medium,0,9,375,50608,1,1,0.0644339993596077,0
D1_global_hybrid_medium,0,9,392,50644,1,1,0.9106349349021912,1
D1_global_hybrid_medium,0,9,393,50647,1,1,0.9090105891227722,1
D1_global_hybrid_medium,0,9,395,50649,1,1,0.06289178133010864,0
D1_global_hybrid_medium,0,9,396,50654,1,1,0.33652541041374207,0
D1_global_hybrid_medium,0,9,401,50669,2,0,0.9096168875694275,1
D1_global_hybrid_medium,0,9,418,50699,2,0,0.6443973183631897,1
D1_global_hybrid_medium,0,9,440,50737,2,0,0.06296415627002716,0
D1_global_hybrid_medium,0,9,442,50739,2,0,0.06309285014867783,0
D1_global_hybrid_medium,0,9,448,50745,1,1,0.9112994074821472,1
D1_global_hybrid_medium,0,9,454,50754,1,1,0.9116395711898804,1
D1_global_hybrid_medium,0,9,458,50772,2,0,0.9100366830825806,1
D1_global_hybrid_medium,0,9,464,50778,2,0,0.06451287120580673,0
D1_global_hybrid_medium,0,9,483,50816,2,0,0.06363431364297867,0
D1_global_hybrid_medium,0,9,491,50952,1,1,0.9113274812698364,1
D1_global_hybrid_medium,0,9,503,50966,1,1,0.9112972021102905,1
D1_global_hybrid_medium,0,9,532,50999,1,1,0.9116998910903931,1
D1_global_hybrid_medium,0,9,550,51019,1,1,0.9111387133598328,1
D1_global_hybrid_medium,0,9,561,51032,1,1,0.911665678024292,1
D1_global_hybrid_medium,0,9,569,51041,2,0,0.06359633803367615,0
D1_global_hybrid_medium,0,9,571,51044,2,0,0.06362293660640717,0
D1_global_hybrid_medium,0,9,575,51048,2,0,0.06493926793336868,0
D1_global_hybrid_medium,0,9,588,51061,2,0,0.06360278278589249,0
D1_global_hybrid_medium,0,9,591,51064,2,0,0.5934258699417114,1
D1_global_hybrid_medium,0,9,594,51067,2,0,0.06382893025875092,0
D1_global_hybrid_medium,0,9,598,51072,2,0,0.758914589881897,1
D1_global_hybrid_medium,0,9,602,51076,2,0,0.06384368985891342,0
D1_global_hybrid_medium,0,9,604,51078,2,0,0.06381246447563171,0
D1_global_hybrid_medium,0,9,611,51085,2,0,0.9116652607917786,1
D1_global_hybrid_medium,0,9,614,51088,2,0,0.06359054148197174,0
D1_global_hybrid_medium,0,9,627,51102,2,0,0.06283589452505112,0
D1_global_hybrid_medium,0,9,637,51113,2,0,0.06284230202436447,0
D1_global_hybrid_medium,0,9,638,51114,2,0,0.06285565346479416,0
D1_global_hybrid_medium,0,9,649,51130,2,0,0.9104692935943604,1
D1_global_hybrid_medium,0,9,660,51141,2,0,0.10686428844928741,0
D1_global_hybrid_medium,0,9,679,51169,1,1,0.4609876871109009,0
D1_global_hybrid_medium,0,9,689,51183,2,0,0.06287939846515656,0
D1_global_hybrid_medium,0,9,704,51206,1,1,0.4638746380805969,0
D1_global_hybrid_medium,0,9,707,51210,1,1,0.9092448949813843,1
D1_global_hybrid_medium,0,9,711,51215,1,1,0.06470383703708649,0
D1_global_hybrid_medium,0,9,721,51225,1,1,0.1957632303237915,0
D1_global_hybrid_medium,0,9,726,51231,1,1,0.0628306046128273,0
D1_global_hybrid_medium,0,9,729,51236,1,1,0.34379953145980835,0
D1_global_hybrid_medium,0,9,744,51260,2,0,0.06380700320005417,0
D1_global_hybrid_medium,0,9,750,51267,2,0,0.06289315968751907,0
D1_global_hybrid_medium,0,9,777,51306,2,0,0.44181734323501587,0
D1_global_hybrid_medium,0,9,787,51321,1,1,0.9095191359519958,1
D1_global_hybrid_medium,0,9,788,51322,1,1,0.3745575249195099,0
D1_global_hybrid_medium,0,9,794,51329,1,1,0.0630604699254036,0
D1_global_hybrid_medium,0,9,802,51338,2,0,0.1714964359998703,0
D1_global_hybrid_medium,0,9,805,51341,2,0,0.3944067358970642,0
D1_global_hybrid_medium,0,9,812,51349,1,1,0.06357572972774506,0
D1_global_hybrid_medium,0,9,818,51359,2,0,0.9116716384887695,1
D1_global_hybrid_medium,0,9,822,51363,2,0,0.06289791315793991,0
D1_global_hybrid_medium,0,9,823,51364,2,0,0.06546423584222794,0
D1_global_hybrid_medium,0,9,847,51560,2,0,0.06359168142080307,0
D1_global_hybrid_medium,0,9,848,51562,2,0,0.06381608545780182,0
D1_global_hybrid_medium,0,9,850,51564,2,0,0.06315914541482925,0
D1_global_hybrid_medium,0,9,863,51579,1,1,0.08316928148269653,0
D1_global_hybrid_medium,0,9,866,51583,1,1,0.9101061224937439,1
D1_global_hybrid_medium,0,10,11,50015,1,1,0.939849317073822,1
D1_global_hybrid_medium,0,10,41,50050,2,0,0.06214708089828491,0
D1_global_hybrid_medium,0,10,44,50053,1,1,0.9064152836799622,1
D1_global_hybrid_medium,0,10,52,50104,2,0,0.06630727648735046,0
D1_global_hybrid_medium,0,10,59,50113,2,0,0.06362248212099075,0
D1_global_hybrid_medium,0,10,65,50119,1,1,0.06247284263372421,0
D1_global_hybrid_medium,0,10,92,50159,2,0,0.9415427446365356,1
D1_global_hybrid_medium,0,10,93,50160,2,0,0.0634557232260704,0
D1_global_hybrid_medium,0,10,94,50161,2,0,0.9404062628746033,1
D1_global_hybrid_medium,0,10,108,50188,1,1,0.061990220099687576,0
D1_global_hybrid_medium,0,10,115,50198,2,0,0.0631762444972992,0
D1_global_hybrid_medium,0,10,117,50200,2,0,0.06209975853562355,0
D1_global_hybrid_medium,0,10,118,50201,2,0,0.06169389188289642,0
D1_global_hybrid_medium,0,10,140,50247,1,1,0.9423284530639648,1
D1_global_hybrid_medium,0,10,149,50257,2,0,0.06270413845777512,0
D1_global_hybrid_medium,0,10,177,50293,1,1,0.9415640830993652,1
D1_global_hybrid_medium,0,10,180,50297,1,1,0.5174971222877502,1
D1_global_hybrid_medium,0,10,182,50300,1,1,0.0651668906211853,0
D1_global_hybrid_medium,0,10,185,50304,1,1,0.9407202005386353,1
D1_global_hybrid_medium,0,10,186,50308,1,1,0.9260614514350891,1
D1_global_hybrid_medium,0,10,195,50324,1,1,0.9424216151237488,1
D1_global_hybrid_medium,0,10,199,50330,2,0,0.06367835402488708,0
D1_global_hybrid_medium,0,10,203,50334,2,0,0.4375227689743042,0
D1_global_hybrid_medium,0,10,206,50337,2,0,0.061891570687294006,0
D1_global_hybrid_medium,0,10,219,50350,2,0,0.06438183784484863,0
D1_global_hybrid_medium,0,10,237,50368,2,0,0.06234150379896164,0
D1_global_hybrid_medium,0,10,238,50369,2,0,0.06382947415113449,0
D1_global_hybrid_medium,0,10,242,50374,2,0,0.06507913768291473,0
D1_global_hybrid_medium,0,10,248,50381,2,0,0.061732277274131775,0
D1_global_hybrid_medium,0,10,256,50391,2,0,0.08359271287918091,0
D1_global_hybrid_medium,0,10,274,50418,2,0,0.06306484341621399,0
D1_global_hybrid_medium,0,10,293,50443,2,0,0.6193132400512695,1
D1_global_hybrid_medium,0,10,317,50491,1,1,0.9410955905914307,1
D1_global_hybrid_medium,0,10,320,50494,1,1,0.3998732566833496,0
D1_global_hybrid_medium,0,10,334,50515,1,1,0.9420000910758972,1
D1_global_hybrid_medium,0,10,340,50523,1,1,0.9423978328704834,1
D1_global_hybrid_medium,0,10,347,50530,1,1,0.940230131149292,1
D1_global_hybrid_medium,0,10,354,50558,2,0,0.06272844970226288,0
D1_global_hybrid_medium,0,10,356,50563,2,0,0.062162213027477264,0
D1_global_hybrid_medium,0,10,359,50569,2,0,0.21963739395141602,0
D1_global_hybrid_medium,0,10,374,50607,1,1,0.061992645263671875,0
D1_global_hybrid_medium,0,10,376,50612,1,1,0.06209644302725792,0
D1_global_hybrid_medium,0,10,378,50614,1,1,0.9423030614852905,1
D1_global_hybrid_medium,0,10,382,50620,1,1,0.06172977387905121,0
D1_global_hybrid_medium,0,10,384,50622,1,1,0.8903587460517883,1
D1_global_hybrid_medium,0,10,387,50625,1,1,0.06252963095903397,0
D1_global_hybrid_medium,0,10,406,50687,2,0,0.7815463542938232,1
D1_global_hybrid_medium,0,10,414,50695,1,1,0.07540842890739441,0
D1_global_hybrid_medium,0,10,429,50711,1,1,0.06219998747110367,0
D1_global_hybrid_medium,0,10,432,50724,2,0,0.06215822696685791,0
D1_global_hybrid_medium,0,10,466,50781,2,0,0.7989103198051453,1
D1_global_hybrid_medium,0,10,468,50783,2,0,0.06200681999325752,0
D1_global_hybrid_medium,0,10,482,50814,2,0,0.06211690604686737,0
D1_global_hybrid_medium,0,10,493,50955,1,1,0.062098678201436996,0
D1_global_hybrid_medium,0,10,501,50964,1,1,0.08281069248914719,0
D1_global_hybrid_medium,0,10,506,50969,1,1,0.942260205745697,1
D1_global_hybrid_medium,0,10,531,50997,1,1,0.9423427581787109,1
D1_global_hybrid_medium,0,10,534,51001,1,1,0.9416065812110901,1
D1_global_hybrid_medium,0,10,542,51011,1,1,0.9394978284835815,1
D1_global_hybrid_medium,0,10,564,51035,1,1,0.8404479026794434,1
D1_global_hybrid_medium,0,10,583,51056,2,0,0.06275992095470428,0
D1_global_hybrid_medium,0,10,587,51060,2,0,0.6179913282394409,1
D1_global_hybrid_medium,0,10,595,51068,2,0,0.9128122925758362,1
D1_global_hybrid_medium,0,10,609,51083,2,0,0.9415448307991028,1
D1_global_hybrid_medium,0,10,610,51084,2,0,0.9424515962600708,1
D1_global_hybrid_medium,0,10,623,51098,2,0,0.06503165513277054,0
D1_global_hybrid_medium,0,10,639,51116,2,0,0.06631486117839813,0
D1_global_hybrid_medium,0,10,673,51159,2,0,0.9423447847366333,1
D1_global_hybrid_medium,0,10,677,51164,1,1,0.9415537118911743,1
D1_global_hybrid_medium,0,10,694,51189,2,0,0.061776284128427505,0
D1_global_hybrid_medium,0,10,705,51207,1,1,0.9400385618209839,1
D1_global_hybrid_medium,0,10,712,51216,1,1,0.06178855523467064,0
D1_global_hybrid_medium,0,10,724,51229,1,1,0.9386118650436401,1
D1_global_hybrid_medium,0,10,736,51250,2,0,0.062154848128557205,0
D1_global_hybrid_medium,0,10,738,51252,2,0,0.9394931197166443,1
D1_global_hybrid_medium,0,10,769,51298,1,1,0.9410709738731384,1
D1_global_hybrid_medium,0,10,771,51300,1,1,0.9415698051452637,1
D1_global_hybrid_medium,0,10,774,51303,2,0,0.08440475910902023,0
D1_global_hybrid_medium,0,10,778,51307,2,0,0.9424476623535156,1
D1_global_hybrid_medium,0,10,783,51315,2,0,0.654211699962616,1
D1_global_hybrid_medium,0,10,784,51318,1,1,0.9408566355705261,1
D1_global_hybrid_medium,0,10,801,51336,2,0,0.06166144832968712,0
D1_global_hybrid_medium,0,10,813,51350,1,1,0.9402222037315369,1
D1_global_hybrid_medium,0,10,815,51354,1,1,0.9191156029701233,1
D1_global_hybrid_medium,0,10,817,51357,2,0,0.062466349452733994,0
D1_global_hybrid_medium,0,10,835,51480,2,0,0.06253073364496231,0
D1_global_hybrid_medium,0,10,856,51570,2,0,0.5951194763183594,1
D1_global_hybrid_medium,1,1,8,50012,1,1,0.9077115058898926,1
D1_global_hybrid_medium,1,1,17,50025,1,1,0.8920735120773315,1
D1_global_hybrid_medium,1,1,26,50035,2,0,0.10643771290779114,0
D1_global_hybrid_medium,1,1,30,50039,2,0,0.8595035076141357,1
D1_global_hybrid_medium,1,1,31,50040,2,0,0.08809702098369598,0
D1_global_hybrid_medium,1,1,33,50042,2,0,0.11477699875831604,0
D1_global_hybrid_medium,1,1,40,50049,2,0,0.0877414345741272,0
D1_global_hybrid_medium,1,1,64,50118,1,1,0.9092544913291931,1
D1_global_hybrid_medium,1,1,71,50128,1,1,0.9065654873847961,1
D1_global_hybrid_medium,1,1,74,50131,1,1,0.8034433722496033,1
D1_global_hybrid_medium,1,1,90,50157,2,0,0.14253543317317963,0
D1_global_hybrid_medium,1,1,109,50189,1,1,0.9091756343841553,1
D1_global_hybrid_medium,1,1,115,50198,2,0,0.20542606711387634,0
D1_global_hybrid_medium,1,1,119,50202,2,0,0.18415462970733643,0
D1_global_hybrid_medium,1,1,148,50255,1,1,0.9084674119949341,1
D1_global_hybrid_medium,1,1,170,50284,1,1,0.6609054207801819,1
D1_global_hybrid_medium,1,1,172,50287,1,1,0.19354145228862762,0
D1_global_hybrid_medium,1,1,192,50319,1,1,0.9094366431236267,1
D1_global_hybrid_medium,1,1,204,50335,2,0,0.08622526377439499,0
D1_global_hybrid_medium,1,1,221,50352,2,0,0.40744662284851074,0
D1_global_hybrid_medium,1,1,230,50361,2,0,0.08702234923839569,0
D1_global_hybrid_medium,1,1,241,50373,2,0,0.18967396020889282,0
D1_global_hybrid_medium,1,1,269,50413,1,1,0.9066854119300842,1
D1_global_hybrid_medium,1,1,273,50417,2,0,0.08887284249067307,0
D1_global_hybrid_medium,1,1,283,50433,2,0,0.0943225547671318,0
D1_global_hybrid_medium,1,1,288,50438,2,0,0.08714243769645691,0
D1_global_hybrid_medium,1,1,289,50439,2,0,0.09421253949403763,0
D1_global_hybrid_medium,1,1,303,50467,2,0,0.12870891392230988,0
D1_global_hybrid_medium,1,1,313,50486,1,1,0.9094639420509338,1
D1_global_hybrid_medium,1,1,326,50501,1,1,0.9078864455223083,1
D1_global_hybrid_medium,1,1,333,50514,1,1,0.8969996571540833,1
D1_global_hybrid_medium,1,1,335,50516,1,1,0.8567253351211548,1
D1_global_hybrid_medium,1,1,337,50519,1,1,0.9070957899093628,1
D1_global_hybrid_medium,1,1,343,50526,1,1,0.6817032694816589,1
D1_global_hybrid_medium,1,1,383,50621,1,1,0.902237057685852,1
D1_global_hybrid_medium,1,1,390,50628,1,1,0.9070948362350464,1
D1_global_hybrid_medium,1,1,410,50691,2,0,0.08637459576129913,0
D1_global_hybrid_medium,1,1,416,50697,1,1,0.9031785726547241,1
D1_global_hybrid_medium,1,1,422,50703,2,0,0.09066501259803772,0
D1_global_hybrid_medium,1,1,425,50706,2,0,0.1310211718082428,0
D1_global_hybrid_medium,1,1,429,50711,1,1,0.23952782154083252,0
D1_global_hybrid_medium,1,1,431,50723,2,0,0.0862213745713234,0
D1_global_hybrid_medium,1,1,435,50728,2,0,0.3283235430717468,0
D1_global_hybrid_medium,1,1,441,50738,2,0,0.08997412025928497,0
D1_global_hybrid_medium,1,1,446,50743,1,1,0.9019420146942139,1
D1_global_hybrid_medium,1,1,449,50748,1,1,0.9073384404182434,1
D1_global_hybrid_medium,1,1,455,50755,1,1,0.9062013626098633,1
D1_global_hybrid_medium,1,1,457,50757,1,1,0.20730029046535492,0
D1_global_hybrid_medium,1,1,501,50964,1,1,0.9027978181838989,1
D1_global_hybrid_medium,1,1,502,50965,1,1,0.9094496369361877,1
D1_global_hybrid_medium,1,1,511,50976,1,1,0.9084540009498596,1
D1_global_hybrid_medium,1,1,553,51023,1,1,0.9070625901222229,1
D1_global_hybrid_medium,1,1,560,51030,1,1,0.9085812568664551,1
D1_global_hybrid_medium,1,1,562,51033,1,1,0.9027629494667053,1
D1_global_hybrid_medium,1,1,566,51038,2,0,0.08759386837482452,0
D1_global_hybrid_medium,1,1,584,51057,2,0,0.09627112001180649,0
D1_global_hybrid_medium,1,1,597,51070,2,0,0.19833537936210632,0
D1_global_hybrid_medium,1,1,599,51073,2,0,0.08811082690954208,0
D1_global_hybrid_medium,1,1,610,51084,2,0,0.887876570224762,1
D1_global_hybrid_medium,1,1,615,51089,2,0,0.09239330142736435,0
D1_global_hybrid_medium,1,1,630,51105,2,0,0.0872238352894783,0
D1_global_hybrid_medium,1,1,633,51109,2,0,0.08963024616241455,0
D1_global_hybrid_medium,1,1,636,51112,2,0,0.08993234485387802,0
D1_global_hybrid_medium,1,1,654,51135,2,0,0.08868898451328278,0
D1_global_hybrid_medium,1,1,680,51170,1,1,0.3073347806930542,0
D1_global_hybrid_medium,1,1,686,51180,2,0,0.5713181495666504,1
D1_global_hybrid_medium,1,1,691,51185,2,0,0.8305823802947998,1
D1_global_hybrid_medium,1,1,696,51194,2,0,0.8168345093727112,1
D1_global_hybrid_medium,1,1,697,51197,2,0,0.1550230085849762,0
D1_global_hybrid_medium,1,1,726,51231,1,1,0.28345245122909546,0
D1_global_hybrid_medium,1,1,729,51236,1,1,0.7003893852233887,1
D1_global_hybrid_medium,1,1,734,51248,1,1,0.9088467359542847,1
D1_global_hybrid_medium,1,1,744,51260,2,0,0.08659675717353821,0
D1_global_hybrid_medium,1,1,753,51271,2,0,0.09589257091283798,0
D1_global_hybrid_medium,1,1,754,51272,2,0,0.1201147735118866,0
D1_global_hybrid_medium,1,1,755,51273,2,0,0.409114271402359,0
D1_global_hybrid_medium,1,1,757,51276,2,0,0.08942825347185135,0
D1_global_hybrid_medium,1,1,765,51293,1,1,0.907000720500946,1
D1_global_hybrid_medium,1,1,769,51298,1,1,0.9093361496925354,1
D1_global_hybrid_medium,1,1,787,51321,1,1,0.13714352250099182,0
D1_global_hybrid_medium,1,1,789,51323,1,1,0.9084610939025879,1
D1_global_hybrid_medium,1,1,792,51327,1,1,0.89195716381073,1
D1_global_hybrid_medium,1,1,804,51340,2,0,0.09427035599946976,0
D1_global_hybrid_medium,1,1,836,51481,2,0,0.12584012746810913,0
D1_global_hybrid_medium,1,1,841,51491,2,0,0.08771102130413055,0
D1_global_hybrid_medium,1,1,842,51493,2,0,0.11921459436416626,0
D1_global_hybrid_medium,1,1,856,51570,2,0,0.0871393159031868,0
D1_global_hybrid_medium,1,1,870,51607,1,1,0.5096067190170288,1
D1_global_hybrid_medium,1,2,1,50004,1,1,0.9145792722702026,1
D1_global_hybrid_medium,1,2,13,50020,1,1,0.9087406992912292,1
D1_global_hybrid_medium,1,2,23,50032,2,0,0.09352431446313858,0
D1_global_hybrid_medium,1,2,34,50043,2,0,0.1252259612083435,0
D1_global_hybrid_medium,1,2,41,50050,2,0,0.09097621589899063,0
D1_global_hybrid_medium,1,2,45,50054,2,0,0.8262518048286438,1
D1_global_hybrid_medium,1,2,53,50105,2,0,0.09774556010961533,0
D1_global_hybrid_medium,1,2,59,50113,2,0,0.09673325717449188,0
D1_global_hybrid_medium,1,2,69,50125,1,1,0.9149746298789978,1
D1_global_hybrid_medium,1,2,80,50144,1,1,0.9152605533599854,1
D1_global_hybrid_medium,1,2,84,50148,1,1,0.9147225022315979,1
D1_global_hybrid_medium,1,2,105,50184,1,1,0.9066601395606995,1
D1_global_hybrid_medium,1,2,144,50251,1,1,0.11150865256786346,0
D1_global_hybrid_medium,1,2,160,50269,2,0,0.16570889949798584,0
D1_global_hybrid_medium,1,2,165,50274,1,1,0.8255040049552917,1
D1_global_hybrid_medium,1,2,174,50290,1,1,0.9148073196411133,1
D1_global_hybrid_medium,1,2,195,50324,1,1,0.9130777716636658,1
D1_global_hybrid_medium,1,2,201,50332,2,0,0.09123332798480988,0
D1_global_hybrid_medium,1,2,209,50340,2,0,0.0930817499756813,0
D1_global_hybrid_medium,1,2,213,50344,2,0,0.0947212353348732,0
D1_global_hybrid_medium,1,2,215,50346,2,0,0.09590212255716324,0
D1_global_hybrid_medium,1,2,217,50348,2,0,0.2392093986272812,0
D1_global_hybrid_medium,1,2,218,50349,2,0,0.10247352719306946,0
D1_global_hybrid_medium,1,2,222,50353,2,0,0.13243722915649414,0
D1_global_hybrid_medium,1,2,224,50355,2,0,0.13564355671405792,0
D1_global_hybrid_medium,1,2,242,50374,2,0,0.11784876883029938,0
D1_global_hybrid_medium,1,2,253,50387,2,0,0.09504156559705734,0
D1_global_hybrid_medium,1,2,256,50391,2,0,0.10634518414735794,0
D1_global_hybrid_medium,1,2,277,50422,2,0,0.6721959114074707,1
D1_global_hybrid_medium,1,2,284,50434,2,0,0.09109975397586823,0
D1_global_hybrid_medium,1,2,305,50469,2,0,0.09322035312652588,0
D1_global_hybrid_medium,1,2,311,50483,1,1,0.9050149321556091,1
D1_global_hybrid_medium,1,2,331,50509,1,1,0.915265679359436,1
D1_global_hybrid_medium,1,2,342,50525,1,1,0.7846044898033142,1
D1_global_hybrid_medium,1,2,356,50563,2,0,0.09112869203090668,0
D1_global_hybrid_medium,1,2,370,50602,1,1,0.8718405961990356,1
D1_global_hybrid_medium,1,2,394,50648,1,1,0.4798101484775543,0
D1_global_hybrid_medium,1,2,401,50669,2,0,0.9007406830787659,1
D1_global_hybrid_medium,1,2,413,50694,1,1,0.9014361500740051,1
D1_global_hybrid_medium,1,2,438,50733,2,0,0.0912274718284607,0
D1_global_hybrid_medium,1,2,445,50742,2,0,0.09100265800952911,0
D1_global_hybrid_medium,1,2,447,50744,1,1,0.915285587310791,1
D1_global_hybrid_medium,1,2,451,50750,1,1,0.9151447415351868,1
D1_global_hybrid_medium,1,2,460,50774,2,0,0.09547577798366547,0
D1_global_hybrid_medium,1,2,472,50792,1,1,0.9090074896812439,1
D1_global_hybrid_medium,1,2,475,50798,1,1,0.0907440111041069,0
D1_global_hybrid_medium,1,2,477,50800,1,1,0.9129801988601685,1
D1_global_hybrid_medium,1,2,492,50954,1,1,0.7356639504432678,1
D1_global_hybrid_medium,1,2,496,50958,1,1,0.908583402633667,1
D1_global_hybrid_medium,1,2,505,50968,1,1,0.9148093461990356,1
D1_global_hybrid_medium,1,2,506,50969,1,1,0.8765746355056763,1
D1_global_hybrid_medium,1,2,524,50990,1,1,0.9090001583099365,1
D1_global_hybrid_medium,1,2,535,51002,1,1,0.9060490727424622,1
D1_global_hybrid_medium,1,2,545,51014,1,1,0.9139938950538635,1
D1_global_hybrid_medium,1,2,558,51028,1,1,0.9077433943748474,1
D1_global_hybrid_medium,1,2,564,51035,1,1,0.8604856729507446,1
D1_global_hybrid_medium,1,2,571,51044,2,0,0.09508149325847626,0
D1_global_hybrid_medium,1,2,574,51047,2,0,0.09093786776065826,0
D1_global_hybrid_medium,1,2,580,51053,2,0,0.10750830173492432,0
D1_global_hybrid_medium,1,2,585,51058,2,0,0.0984768271446228,0
D1_global_hybrid_medium,1,2,588,51061,2,0,0.09506288915872574,0
D1_global_hybrid_medium,1,2,600,51074,2,0,0.38702207803726196,0
D1_global_hybrid_medium,1,2,603,51077,2,0,0.19962216913700104,0
D1_global_hybrid_medium,1,2,617,51091,2,0,0.09095866978168488,0
D1_global_hybrid_medium,1,2,646,51127,2,0,0.2707274556159973,0
D1_global_hybrid_medium,1,2,648,51129,2,0,0.09612394124269485,0
D1_global_hybrid_medium,1,2,650,51131,2,0,0.10439559817314148,0
D1_global_hybrid_medium,1,2,651,51132,2,0,0.09322073310613632,0
D1_global_hybrid_medium,1,2,655,51136,2,0,0.38597190380096436,0
D1_global_hybrid_medium,1,2,662,51146,2,0,0.09505198150873184,0
D1_global_hybrid_medium,1,2,664,51148,2,0,0.10192392021417618,0
D1_global_hybrid_medium,1,2,668,51152,2,0,0.10461658239364624,0
D1_global_hybrid_medium,1,2,675,51162,1,1,0.9152258038520813,1
D1_global_hybrid_medium,1,2,681,51171,1,1,0.9148313999176025,1
D1_global_hybrid_medium,1,2,689,51183,2,0,0.22253067791461945,0
D1_global_hybrid_medium,1,2,703,51205,1,1,0.907733142375946,1
D1_global_hybrid_medium,1,2,728,51235,1,1,0.9146958589553833,1
D1_global_hybrid_medium,1,2,735,51249,1,1,0.914289116859436,1
D1_global_hybrid_medium,1,2,751,51268,2,0,0.09108281880617142,0
D1_global_hybrid_medium,1,2,763,51291,1,1,0.9060489535331726,1
D1_global_hybrid_medium,1,2,767,51295,1,1,0.9152469635009766,1
D1_global_hybrid_medium,1,2,813,51350,1,1,0.8327144384384155,1
D1_global_hybrid_medium,1,2,814,51351,1,1,0.7430963516235352,1
D1_global_hybrid_medium,1,2,826,51370,2,0,0.09094058722257614,0
D1_global_hybrid_medium,1,2,835,51480,2,0,0.10249050706624985,0
D1_global_hybrid_medium,1,2,859,51574,1,1,0.9152358770370483,1
D1_global_hybrid_medium,1,2,867,51584,1,1,0.8787305355072021,1
D1_global_hybrid_medium,1,3,3,50006,1,1,0.682140052318573,1
D1_global_hybrid_medium,1,3,15,50023,1,1,0.45667019486427307,0
D1_global_hybrid_medium,1,3,25,50034,2,0,0.20515678822994232,0
D1_global_hybrid_medium,1,3,39,50048,2,0,0.6469204425811768,1
D1_global_hybrid_medium,1,3,68,50124,1,1,0.6562685370445251,1
D1_global_hybrid_medium,1,3,75,50132,1,1,0.5752907395362854,1
D1_global_hybrid_medium,1,3,88,50153,1,1,0.2729637622833252,0
D1_global_hybrid_medium,1,3,100,50169,2,0,0.1925283670425415,0
D1_global_hybrid_medium,1,3,107,50187,1,1,0.19096840918064117,0
D1_global_hybrid_medium,1,3,111,50193,2,0,0.18848378956317902,0
D1_global_hybrid_medium,1,3,122,50205,2,0,0.18642902374267578,0
D1_global_hybrid_medium,1,3,138,50243,1,1,0.4626971185207367,0
D1_global_hybrid_medium,1,3,147,50254,1,1,0.6501098871231079,1
D1_global_hybrid_medium,1,3,159,50268,2,0,0.18568475544452667,0
D1_global_hybrid_medium,1,3,173,50289,1,1,0.26700687408447266,0
D1_global_hybrid_medium,1,3,186,50308,1,1,0.6179187893867493,1
D1_global_hybrid_medium,1,3,189,50314,1,1,0.6988120675086975,1
D1_global_hybrid_medium,1,3,193,50320,1,1,0.6893181800842285,1
D1_global_hybrid_medium,1,3,199,50330,2,0,0.2075129598379135,0
D1_global_hybrid_medium,1,3,203,50334,2,0,0.6637280583381653,1
D1_global_hybrid_medium,1,3,206,50337,2,0,0.2839449644088745,0
D1_global_hybrid_medium,1,3,232,50363,2,0,0.2867829501628876,0
D1_global_hybrid_medium,1,3,233,50364,2,0,0.36858314275741577,0
D1_global_hybrid_medium,1,3,236,50367,2,0,0.18529602885246277,0
D1_global_hybrid_medium,1,3,248,50381,2,0,0.25323203206062317,0
D1_global_hybrid_medium,1,3,252,50386,2,0,0.18457715213298798,0
D1_global_hybrid_medium,1,3,255,50390,2,0,0.19223612546920776,0
D1_global_hybrid_medium,1,3,259,50402,1,1,0.1836586892604828,0
D1_global_hybrid_medium,1,3,261,50404,1,1,0.6927987933158875,1
D1_global_hybrid_medium,1,3,264,50407,1,1,0.6999666094779968,1
D1_global_hybrid_medium,1,3,282,50428,2,0,0.1844138503074646,0
D1_global_hybrid_medium,1,3,291,50441,2,0,0.18510806560516357,0
D1_global_hybrid_medium,1,3,296,50446,2,0,0.18394587934017181,0
D1_global_hybrid_medium,1,3,301,50463,2,0,0.18433518707752228,0
D1_global_hybrid_medium,1,3,312,50485,1,1,0.18666942417621613,0
D1_global_hybrid_medium,1,3,322,50497,1,1,0.6999992728233337,1
D1_global_hybrid_medium,1,3,330,50507,1,1,0.35539528727531433,0
D1_global_hybrid_medium,1,3,332,50510,1,1,0.6982086896896362,1
D1_global_hybrid_medium,1,3,338,50520,1,1,0.6157506704330444,1
D1_global_hybrid_medium,1,3,362,50572,2,0,0.18608073890209198,0
D1_global_hybrid_medium,1,3,364,50574,2,0,0.4187687337398529,0
D1_global_hybrid_medium,1,3,368,50578,2,0,0.666519820690155,1
D1_global_hybrid_medium,1,3,382,50620,1,1,0.23512355983257294,0
D1_global_hybrid_medium,1,3,384,50622,1,1,0.6792531609535217,1
D1_global_hybrid_medium,1,3,398,50659,2,0,0.4788883924484253,0
D1_global_hybrid_medium,1,3,403,50683,2,0,0.18527957797050476,0
D1_global_hybrid_medium,1,3,408,50689,1,1,0.6807004809379578,1
D1_global_hybrid_medium,1,3,415,50696,1,1,0.6592289805412292,1
D1_global_hybrid_medium,1,3,421,50702,1,1,0.2506096065044403,0
D1_global_hybrid_medium,1,3,433,50725,2,0,0.18499864637851715,0
D1_global_hybrid_medium,1,3,436,50730,2,0,0.20146651566028595,0
D1_global_hybrid_medium,1,3,439,50735,2,0,0.18754209578037262,0
D1_global_hybrid_medium,1,3,469,50786,2,0,0.2045501321554184,0
D1_global_hybrid_medium,1,3,497,50959,1,1,0.2591540515422821,0
D1_global_hybrid_medium,1,3,503,50966,1,1,0.18537448346614838,0
D1_global_hybrid_medium,1,3,517,50983,1,1,0.3693050444126129,0
D1_global_hybrid_medium,1,3,529,50995,1,1,0.6857143044471741,1
D1_global_hybrid_medium,1,3,530,50996,1,1,0.6087754368782043,1
D1_global_hybrid_medium,1,3,531,50997,1,1,0.5025001168251038,1
D1_global_hybrid_medium,1,3,541,51010,1,1,0.30841949582099915,0
D1_global_hybrid_medium,1,3,546,51015,1,1,0.18531054258346558,0
D1_global_hybrid_medium,1,3,555,51025,1,1,0.6234518885612488,1
D1_global_hybrid_medium,1,3,572,51045,2,0,0.19412334263324738,0
D1_global_hybrid_medium,1,3,577,51050,2,0,0.18416482210159302,0
D1_global_hybrid_medium,1,3,592,51065,2,0,0.18736760318279266,0
D1_global_hybrid_medium,1,3,607,51081,2,0,0.1864103078842163,0
D1_global_hybrid_medium,1,3,608,51082,2,0,0.19880807399749756,0
D1_global_hybrid_medium,1,3,613,51087,2,0,0.18401461839675903,0
D1_global_hybrid_medium,1,3,637,51113,2,0,0.18682783842086792,0
D1_global_hybrid_medium,1,3,639,51116,2,0,0.2000890076160431,0
D1_global_hybrid_medium,1,3,645,51126,2,0,0.1949276626110077,0
D1_global_hybrid_medium,1,3,661,51142,2,0,0.21947693824768066,0
D1_global_hybrid_medium,1,3,706,51208,1,1,0.2848905324935913,0
D1_global_hybrid_medium,1,3,714,51218,1,1,0.7004091143608093,1
D1_global_hybrid_medium,1,3,722,51226,1,1,0.1855899840593338,0
D1_global_hybrid_medium,1,3,731,51239,1,1,0.7004135847091675,1
D1_global_hybrid_medium,1,3,741,51255,2,0,0.184734046459198,0
D1_global_hybrid_medium,1,3,752,51269,2,0,0.18628253042697906,0
D1_global_hybrid_medium,1,3,761,51280,2,0,0.18522557616233826,0
D1_global_hybrid_medium,1,3,770,51299,1,1,0.6899550557136536,1
D1_global_hybrid_medium,1,3,771,51300,1,1,0.672690212726593,1
D1_global_hybrid_medium,1,3,776,51305,2,0,0.3323286771774292,0
D1_global_hybrid_medium,1,3,794,51329,1,1,0.38560357689857483,0
D1_global_hybrid_medium,1,3,803,51339,2,0,0.18414409458637238,0
D1_global_hybrid_medium,1,3,806,51342,2,0,0.18365804851055145,0
D1_global_hybrid_medium,1,3,838,51484,2,0,0.2738097012042999,0
D1_global_hybrid_medium,1,3,855,51569,2,0,0.5410887598991394,1
D1_global_hybrid_medium,1,4,4,50007,1,1,0.8116351962089539,1
D1_global_hybrid_medium,1,4,32,50041,2,0,0.06481865048408508,0
D1_global_hybrid_medium,1,4,46,50056,1,1,0.9282233119010925,1
D1_global_hybrid_medium,1,4,57,50111,2,0,0.06449627876281738,0
D1_global_hybrid_medium,1,4,60,50114,2,0,0.061997078359127045,0
D1_global_hybrid_medium,1,4,87,50152,1,1,0.9277728796005249,1
D1_global_hybrid_medium,1,4,94,50161,2,0,0.06218309700489044,0
D1_global_hybrid_medium,1,4,120,50203,2,0,0.062069062143564224,0
D1_global_hybrid_medium,1,4,135,50239,1,1,0.11015323549509048,0
D1_global_hybrid_medium,1,4,149,50257,2,0,0.06233445927500725,0
D1_global_hybrid_medium,1,4,153,50262,2,0,0.0619625449180603,0
D1_global_hybrid_medium,1,4,154,50263,2,0,0.06386697292327881,0
D1_global_hybrid_medium,1,4,166,50275,1,1,0.9266846179962158,1
D1_global_hybrid_medium,1,4,179,50295,1,1,0.9279010891914368,1
D1_global_hybrid_medium,1,4,210,50341,2,0,0.06258248537778854,0
D1_global_hybrid_medium,1,4,216,50347,2,0,0.06415662169456482,0
D1_global_hybrid_medium,1,4,226,50357,2,0,0.06479489803314209,0
D1_global_hybrid_medium,1,4,258,50399,1,1,0.9275009632110596,1
D1_global_hybrid_medium,1,4,272,50416,2,0,0.06347141414880753,0
D1_global_hybrid_medium,1,4,295,50445,2,0,0.0625220537185669,0
D1_global_hybrid_medium,1,4,316,50490,1,1,0.9222245216369629,1
D1_global_hybrid_medium,1,4,323,50498,1,1,0.9235790371894836,1
D1_global_hybrid_medium,1,4,324,50499,1,1,0.9281357526779175,1
D1_global_hybrid_medium,1,4,328,50503,1,1,0.9278662800788879,1
D1_global_hybrid_medium,1,4,329,50504,1,1,0.9270265102386475,1
D1_global_hybrid_medium,1,4,344,50527,1,1,0.20641174912452698,0
D1_global_hybrid_medium,1,4,349,50532,1,1,0.9281393885612488,1
D1_global_hybrid_medium,1,4,350,50551,2,0,0.06464066356420517,0
D1_global_hybrid_medium,1,4,359,50569,2,0,0.19962145388126373,0
D1_global_hybrid_medium,1,4,360,50570,2,0,0.0864873006939888,0
D1_global_hybrid_medium,1,4,363,50573,2,0,0.061957523226737976,0
D1_global_hybrid_medium,1,4,371,50603,1,1,0.9281925559043884,1
D1_global_hybrid_medium,1,4,380,50616,1,1,0.9281827807426453,1
D1_global_hybrid_medium,1,4,387,50625,1,1,0.06411124020814896,0
D1_global_hybrid_medium,1,4,389,50627,1,1,0.9272513389587402,1
D1_global_hybrid_medium,1,4,391,50642,1,1,0.9236361980438232,1
D1_global_hybrid_medium,1,4,392,50644,1,1,0.9214667677879333,1
D1_global_hybrid_medium,1,4,402,50682,2,0,0.062393322587013245,0
D1_global_hybrid_medium,1,4,430,50722,2,0,0.0648232251405716,0
D1_global_hybrid_medium,1,4,437,50731,2,0,0.0653761550784111,0
D1_global_hybrid_medium,1,4,458,50772,2,0,0.9242354035377502,1
D1_global_hybrid_medium,1,4,473,50796,1,1,0.9278481006622314,1
D1_global_hybrid_medium,1,4,474,50797,1,1,0.9276424050331116,1
D1_global_hybrid_medium,1,4,481,50812,2,0,0.06285920739173889,0
D1_global_hybrid_medium,1,4,483,50816,2,0,0.06370396167039871,0
D1_global_hybrid_medium,1,4,485,50818,2,0,0.06267277896404266,0
D1_global_hybrid_medium,1,4,509,50973,1,1,0.9080565571784973,1
D1_global_hybrid_medium,1,4,516,50982,1,1,0.0633000060915947,0
D1_global_hybrid_medium,1,4,543,51012,1,1,0.9163983464241028,1
D1_global_hybrid_medium,1,4,548,51017,1,1,0.9280256628990173,1
D1_global_hybrid_medium,1,4,549,51018,1,1,0.9264713525772095,1
D1_global_hybrid_medium,1,4,551,51020,1,1,0.47744131088256836,0
D1_global_hybrid_medium,1,4,575,51048,2,0,0.06933044642210007,0
D1_global_hybrid_medium,1,4,590,51063,2,0,0.06759872287511826,0
D1_global_hybrid_medium,1,4,598,51072,2,0,0.13120220601558685,0
D1_global_hybrid_medium,1,4,605,51079,2,0,0.7360560297966003,1
D1_global_hybrid_medium,1,4,618,51093,2,0,0.06751717627048492,0
D1_global_hybrid_medium,1,4,626,51101,2,0,0.06240919604897499,0
D1_global_hybrid_medium,1,4,641,51118,2,0,0.7081157565116882,1
D1_global_hybrid_medium,1,4,649,51130,2,0,0.9144392013549805,1
D1_global_hybrid_medium,1,4,653,51134,2,0,0.062230899930000305,0
D1_global_hybrid_medium,1,4,658,51139,2,0,0.06267549842596054,0
D1_global_hybrid_medium,1,4,659,51140,2,0,0.06332974880933762,0
D1_global_hybrid_medium,1,4,666,51150,2,0,0.06299518048763275,0
D1_global_hybrid_medium,1,4,678,51168,1,1,0.9216142296791077,1
D1_global_hybrid_medium,1,4,687,51181,2,0,0.08166417479515076,0
D1_global_hybrid_medium,1,4,690,51184,2,0,0.20214612782001495,0
D1_global_hybrid_medium,1,4,699,51201,1,1,0.9249434471130371,1
D1_global_hybrid_medium,1,4,708,51211,1,1,0.9210586547851562,1
D1_global_hybrid_medium,1,4,712,51216,1,1,0.06197062507271767,0
D1_global_hybrid_medium,1,4,716,51220,1,1,0.9272735714912415,1
D1_global_hybrid_medium,1,4,718,51222,1,1,0.06463078409433365,0
D1_global_hybrid_medium,1,4,723,51228,1,1,0.9282219409942627,1
D1_global_hybrid_medium,1,4,742,51256,2,0,0.0651247575879097,0
D1_global_hybrid_medium,1,4,750,51267,2,0,0.06256590038537979,0
D1_global_hybrid_medium,1,4,778,51307,2,0,0.9263556599617004,1
D1_global_hybrid_medium,1,4,793,51328,1,1,0.9270798563957214,1
D1_global_hybrid_medium,1,4,808,51344,2,0,0.18145641684532166,0
D1_global_hybrid_medium,1,4,815,51354,1,1,0.9105445146560669,1
D1_global_hybrid_medium,1,4,817,51357,2,0,0.06240035966038704,0
D1_global_hybrid_medium,1,4,845,51558,2,0,0.062375832349061966,0
D1_global_hybrid_medium,1,4,846,51559,2,0,0.062074240297079086,0
D1_global_hybrid_medium,1,4,852,51566,2,0,0.0619848258793354,0
D1_global_hybrid_medium,1,4,854,51568,2,0,0.06413496285676956,0
D1_global_hybrid_medium,1,4,860,51576,1,1,0.14413084089756012,0
D1_global_hybrid_medium,1,4,861,51577,1,1,0.918035089969635,1
D1_global_hybrid_medium,1,4,863,51579,1,1,0.06257766485214233,0
D1_global_hybrid_medium,1,5,9,50013,1,1,0.7466373443603516,1
D1_global_hybrid_medium,1,5,12,50016,1,1,0.620784342288971,1
D1_global_hybrid_medium,1,5,21,50030,2,0,0.7973659634590149,1
D1_global_hybrid_medium,1,5,28,50037,2,0,0.38039207458496094,0
D1_global_hybrid_medium,1,5,37,50046,2,0,0.13592401146888733,0
D1_global_hybrid_medium,1,5,48,50059,2,0,0.13510380685329437,0
D1_global_hybrid_medium,1,5,73,50130,1,1,0.48777344822883606,0
D1_global_hybrid_medium,1,5,77,50135,1,1,0.8268726468086243,1
D1_global_hybrid_medium,1,5,79,50143,1,1,0.8256931304931641,1
D1_global_hybrid_medium,1,5,81,50145,1,1,0.5697379112243652,1
D1_global_hybrid_medium,1,5,95,50162,2,0,0.19764727354049683,0
D1_global_hybrid_medium,1,5,97,50164,2,0,0.12920376658439636,0
D1_global_hybrid_medium,1,5,102,50171,2,0,0.2476126253604889,0
D1_global_hybrid_medium,1,5,128,50215,2,0,0.1287337988615036,0
D1_global_hybrid_medium,1,5,134,50237,1,1,0.8288754224777222,1
D1_global_hybrid_medium,1,5,142,50249,1,1,0.8288756012916565,1
D1_global_hybrid_medium,1,5,150,50259,2,0,0.12674684822559357,0
D1_global_hybrid_medium,1,5,167,50276,1,1,0.8283820748329163,1
D1_global_hybrid_medium,1,5,177,50293,1,1,0.814548671245575,1
D1_global_hybrid_medium,1,5,185,50304,1,1,0.6447598338127136,1
D1_global_hybrid_medium,1,5,191,50318,1,1,0.20241810381412506,0
D1_global_hybrid_medium,1,5,207,50338,2,0,0.12796373665332794,0
D1_global_hybrid_medium,1,5,243,50375,2,0,0.13617053627967834,0
D1_global_hybrid_medium,1,5,250,50383,2,0,0.13476386666297913,0
D1_global_hybrid_medium,1,5,271,50415,2,0,0.13189473748207092,0
D1_global_hybrid_medium,1,5,276,50421,2,0,0.1278499960899353,0
D1_global_hybrid_medium,1,5,280,50426,2,0,0.12836498022079468,0
D1_global_hybrid_medium,1,5,286,50436,2,0,0.48269328474998474,0
D1_global_hybrid_medium,1,5,293,50443,2,0,0.40920117497444153,0
D1_global_hybrid_medium,1,5,304,50468,2,0,0.1722295880317688,0
D1_global_hybrid_medium,1,5,306,50470,2,0,0.3212745189666748,0
D1_global_hybrid_medium,1,5,327,50502,1,1,0.8230326175689697,1
D1_global_hybrid_medium,1,5,334,50515,1,1,0.8293094038963318,1
D1_global_hybrid_medium,1,5,336,50518,1,1,0.6399480104446411,1
D1_global_hybrid_medium,1,5,339,50521,1,1,0.45898884534835815,0
D1_global_hybrid_medium,1,5,347,50530,1,1,0.8249377012252808,1
D1_global_hybrid_medium,1,5,351,50552,2,0,0.12844978272914886,0
D1_global_hybrid_medium,1,5,355,50561,2,0,0.12721778452396393,0
D1_global_hybrid_medium,1,5,367,50577,2,0,0.12873220443725586,0
D1_global_hybrid_medium,1,5,385,50623,1,1,0.7818804383277893,1
D1_global_hybrid_medium,1,5,411,50692,2,0,0.1265810877084732,0
D1_global_hybrid_medium,1,5,412,50693,1,1,0.14023174345493317,0
D1_global_hybrid_medium,1,5,417,50698,2,0,0.1271534115076065,0
D1_global_hybrid_medium,1,5,443,50740,2,0,0.1263955682516098,0
D1_global_hybrid_medium,1,5,465,50780,2,0,0.27769291400909424,0
D1_global_hybrid_medium,1,5,484,50817,2,0,0.1320033073425293,0
D1_global_hybrid_medium,1,5,487,50821,2,0,0.12661094963550568,0
D1_global_hybrid_medium,1,5,494,50956,1,1,0.8263295888900757,1
D1_global_hybrid_medium,1,5,498,50960,1,1,0.2792947292327881,0
D1_global_hybrid_medium,1,5,504,50967,1,1,0.8074609041213989,1
D1_global_hybrid_medium,1,5,507,50970,1,1,0.8275792598724365,1
D1_global_hybrid_medium,1,5,513,50978,1,1,0.8288666605949402,1
D1_global_hybrid_medium,1,5,514,50979,1,1,0.5466729402542114,1
D1_global_hybrid_medium,1,5,528,50994,1,1,0.8294900059700012,1
D1_global_hybrid_medium,1,5,533,51000,1,1,0.8292860984802246,1
D1_global_hybrid_medium,1,5,536,51003,1,1,0.8230012059211731,1
D1_global_hybrid_medium,1,5,537,51006,1,1,0.8296592235565186,1
D1_global_hybrid_medium,1,5,538,51007,1,1,0.7908264994621277,1
D1_global_hybrid_medium,1,5,539,51008,1,1,0.14830118417739868,0
D1_global_hybrid_medium,1,5,547,51016,1,1,0.7229015827178955,1
D1_global_hybrid_medium,1,5,550,51019,1,1,0.7698777914047241,1
D1_global_hybrid_medium,1,5,594,51067,2,0,0.13676723837852478,0
D1_global_hybrid_medium,1,5,614,51088,2,0,0.1324005126953125,0
D1_global_hybrid_medium,1,5,616,51090,2,0,0.13334406912326813,0
D1_global_hybrid_medium,1,5,621,51096,2,0,0.1338103860616684,0
D1_global_hybrid_medium,1,5,623,51098,2,0,0.13671228289604187,0
D1_global_hybrid_medium,1,5,628,51103,2,0,0.4757128953933716,0
D1_global_hybrid_medium,1,5,647,51128,2,0,0.1307591050863266,0
D1_global_hybrid_medium,1,5,660,51141,2,0,0.16212677955627441,0
D1_global_hybrid_medium,1,5,669,51153,2,0,0.13606375455856323,0
D1_global_hybrid_medium,1,5,674,51161,1,1,0.7618095278739929,1
D1_global_hybrid_medium,1,5,685,51179,1,1,0.8260527849197388,1
D1_global_hybrid_medium,1,5,698,51198,2,0,0.32447385787963867,0
D1_global_hybrid_medium,1,5,702,51204,1,1,0.8277180790901184,1
D1_global_hybrid_medium,1,5,713,51217,1,1,0.21935641765594482,0
D1_global_hybrid_medium,1,5,719,51223,1,1,0.5855836868286133,1
D1_global_hybrid_medium,1,5,727,51234,1,1,0.8175272345542908,1
D1_global_hybrid_medium,1,5,737,51251,2,0,0.47577953338623047,0
D1_global_hybrid_medium,1,5,738,51252,2,0,0.8218212723731995,1
D1_global_hybrid_medium,1,5,746,51262,2,0,0.5073885917663574,1
D1_global_hybrid_medium,1,5,805,51341,2,0,0.4009591042995453,0
D1_global_hybrid_medium,1,5,821,51362,2,0,0.1308176964521408,0
D1_global_hybrid_medium,1,5,823,51364,2,0,0.1617514193058014,0
D1_global_hybrid_medium,1,5,832,51473,1,1,0.6888076663017273,1
D1_global_hybrid_medium,1,5,847,51560,2,0,0.1286059468984604,0
D1_global_hybrid_medium,1,5,848,51562,2,0,0.12783579528331757,0
D1_global_hybrid_medium,1,5,849,51563,2,0,0.12966375052928925,0
D1_global_hybrid_medium,1,6,6,50010,1,1,0.9455116391181946,1
D1_global_hybrid_medium,1,6,47,50057,1,1,0.06016818806529045,0
D1_global_hybrid_medium,1,6,54,50106,2,0,0.058369822800159454,0
D1_global_hybrid_medium,1,6,61,50115,2,0,0.05824246257543564,0
D1_global_hybrid_medium,1,6,70,50127,1,1,0.5952887535095215,1
D1_global_hybrid_medium,1,6,76,50134,1,1,0.9454731345176697,1
D1_global_hybrid_medium,1,6,78,50142,1,1,0.9458621144294739,1
D1_global_hybrid_medium,1,6,82,50146,1,1,0.5909594297409058,1
D1_global_hybrid_medium,1,6,91,50158,2,0,0.05732322856783867,0
D1_global_hybrid_medium,1,6,92,50159,2,0,0.9454834461212158,1
D1_global_hybrid_medium,1,6,112,50194,2,0,0.05797383189201355,0
D1_global_hybrid_medium,1,6,123,50206,2,0,0.49496132135391235,0
D1_global_hybrid_medium,1,6,124,50208,2,0,0.057847924530506134,0
D1_global_hybrid_medium,1,6,130,50232,1,1,0.9436479210853577,1
D1_global_hybrid_medium,1,6,131,50233,1,1,0.9454865455627441,1
D1_global_hybrid_medium,1,6,137,50241,1,1,0.9453795552253723,1
D1_global_hybrid_medium,1,6,139,50245,1,1,0.9457919597625732,1
D1_global_hybrid_medium,1,6,140,50247,1,1,0.9459354877471924,1
D1_global_hybrid_medium,1,6,151,50260,2,0,0.05934985727071762,0
D1_global_hybrid_medium,1,6,168,50278,1,1,0.9454052448272705,1
D1_global_hybrid_medium,1,6,175,50291,1,1,0.9447934031486511,1
D1_global_hybrid_medium,1,6,196,50325,1,1,0.05736257880926132,0
D1_global_hybrid_medium,1,6,205,50336,2,0,0.255026638507843,0
D1_global_hybrid_medium,1,6,219,50350,2,0,0.060597240924835205,0
D1_global_hybrid_medium,1,6,220,50351,2,0,0.05996464565396309,0
D1_global_hybrid_medium,1,6,223,50354,2,0,0.05751653388142586,0
D1_global_hybrid_medium,1,6,228,50359,2,0,0.0957920029759407,0
D1_global_hybrid_medium,1,6,229,50360,2,0,0.05873062089085579,0
D1_global_hybrid_medium,1,6,234,50365,2,0,0.05762595683336258,0
D1_global_hybrid_medium,1,6,239,50370,2,0,0.05784471333026886,0
D1_global_hybrid_medium,1,6,254,50388,2,0,0.057511650025844574,0
D1_global_hybrid_medium,1,6,260,50403,1,1,0.05736244097352028,0
D1_global_hybrid_medium,1,6,278,50424,2,0,0.057422127574682236,0
D1_global_hybrid_medium,1,6,290,50440,2,0,0.9455159902572632,1
D1_global_hybrid_medium,1,6,292,50442,2,0,0.06022180616855621,0
D1_global_hybrid_medium,1,6,299,50449,2,0,0.0593096986413002,0
D1_global_hybrid_medium,1,6,302,50466,2,0,0.05842822045087814,0
D1_global_hybrid_medium,1,6,321,50496,1,1,0.945492148399353,1
D1_global_hybrid_medium,1,6,340,50523,1,1,0.9443264603614807,1
D1_global_hybrid_medium,1,6,345,50528,1,1,0.9453991651535034,1
D1_global_hybrid_medium,1,6,357,50565,2,0,0.1433505266904831,0
D1_global_hybrid_medium,1,6,365,50575,2,0,0.05751056969165802,0
D1_global_hybrid_medium,1,6,372,50604,1,1,0.9443614482879639,1
D1_global_hybrid_medium,1,6,374,50607,1,1,0.05781932920217514,0
D1_global_hybrid_medium,1,6,379,50615,1,1,0.9455558061599731,1
D1_global_hybrid_medium,1,6,399,50664,2,0,0.057430315762758255,0
D1_global_hybrid_medium,1,6,426,50707,2,0,0.05837956815958023,0
D1_global_hybrid_medium,1,6,444,50741,2,0,0.05843154713511467,0
D1_global_hybrid_medium,1,6,467,50782,2,0,0.05743514746427536,0
D1_global_hybrid_medium,1,6,468,50783,2,0,0.05843844637274742,0
D1_global_hybrid_medium,1,6,470,50790,2,0,0.057853180915117264,0
D1_global_hybrid_medium,1,6,480,50807,1,1,0.945786714553833,1
D1_global_hybrid_medium,1,6,493,50955,1,1,0.05875532701611519,0
D1_global_hybrid_medium,1,6,499,50961,1,1,0.9459112882614136,1
D1_global_hybrid_medium,1,6,515,50981,1,1,0.9457242488861084,1
D1_global_hybrid_medium,1,6,518,50984,1,1,0.9452443718910217,1
D1_global_hybrid_medium,1,6,522,50988,1,1,0.9440818428993225,1
D1_global_hybrid_medium,1,6,523,50989,1,1,0.9453356862068176,1
D1_global_hybrid_medium,1,6,542,51011,1,1,0.9453288316726685,1
D1_global_hybrid_medium,1,6,556,51026,1,1,0.9456855654716492,1
D1_global_hybrid_medium,1,6,557,51027,1,1,0.20764878392219543,0
D1_global_hybrid_medium,1,6,567,51039,2,0,0.060236524790525436,0
D1_global_hybrid_medium,1,6,569,51041,2,0,0.060135215520858765,0
D1_global_hybrid_medium,1,6,573,51046,2,0,0.0700269415974617,0
D1_global_hybrid_medium,1,6,581,51054,2,0,0.05982167646288872,0
D1_global_hybrid_medium,1,6,582,51055,2,0,0.05952370539307594,0
D1_global_hybrid_medium,1,6,583,51056,2,0,0.06014410778880119,0
D1_global_hybrid_medium,1,6,601,51075,2,0,0.061213359236717224,0
D1_global_hybrid_medium,1,6,604,51078,2,0,0.060579631477594376,0
D1_global_hybrid_medium,1,6,624,51099,2,0,0.0579008013010025,0
D1_global_hybrid_medium,1,6,672,51156,2,0,0.0607709176838398,0
D1_global_hybrid_medium,1,6,707,51210,1,1,0.9434014558792114,1
D1_global_hybrid_medium,1,6,725,51230,1,1,0.9456837177276611,1
D1_global_hybrid_medium,1,6,739,51253,2,0,0.05734870955348015,0
D1_global_hybrid_medium,1,6,762,51281,2,0,0.06021805852651596,0
D1_global_hybrid_medium,1,6,773,51302,1,1,0.7281374931335449,1
D1_global_hybrid_medium,1,6,775,51304,2,0,0.05823836475610733,0
D1_global_hybrid_medium,1,6,785,51319,1,1,0.9449578523635864,1
D1_global_hybrid_medium,1,6,796,51331,1,1,0.9454309940338135,1
D1_global_hybrid_medium,1,6,810,51346,2,0,0.06056654825806618,0
D1_global_hybrid_medium,1,6,811,51347,2,0,0.05821572244167328,0
D1_global_hybrid_medium,1,6,812,51349,1,1,0.06059471145272255,0
D1_global_hybrid_medium,1,6,819,51360,2,0,0.09771771728992462,0
D1_global_hybrid_medium,1,6,844,51557,2,0,0.05996932089328766,0
D1_global_hybrid_medium,1,6,858,51573,1,1,0.31298789381980896,0
D1_global_hybrid_medium,1,6,864,51580,1,1,0.7469341158866882,1
D1_global_hybrid_medium,1,6,869,51606,1,1,0.17027410864830017,0
D1_global_hybrid_medium,1,7,22,50031,2,0,0.049895595759153366,0
D1_global_hybrid_medium,1,7,24,50033,2,0,0.05022323876619339,0
D1_global_hybrid_medium,1,7,29,50038,2,0,0.049507010728120804,0
D1_global_hybrid_medium,1,7,43,50052,2,0,0.2814459800720215,0
D1_global_hybrid_medium,1,7,50,50102,2,0,0.04939292371273041,0
D1_global_hybrid_medium,1,7,58,50112,2,0,0.049355145543813705,0
D1_global_hybrid_medium,1,7,62,50116,2,0,0.7573056221008301,1
D1_global_hybrid_medium,1,7,86,50150,1,1,0.050522580742836,0
D1_global_hybrid_medium,1,7,89,50156,1,1,0.9038301706314087,1
D1_global_hybrid_medium,1,7,93,50160,2,0,0.055762965232133865,0
D1_global_hybrid_medium,1,7,99,50168,2,0,0.05559086427092552,0
D1_global_hybrid_medium,1,7,121,50204,2,0,0.052017584443092346,0
D1_global_hybrid_medium,1,7,125,50210,2,0,0.05426613613963127,0
D1_global_hybrid_medium,1,7,127,50214,2,0,0.0533580407500267,0
D1_global_hybrid_medium,1,7,129,50217,2,0,0.04944369196891785,0
D1_global_hybrid_medium,1,7,133,50236,1,1,0.9063742756843567,1
D1_global_hybrid_medium,1,7,158,50267,2,0,0.05041874945163727,0
D1_global_hybrid_medium,1,7,162,50271,2,0,0.0641568973660469,0
D1_global_hybrid_medium,1,7,169,50282,1,1,0.8995152115821838,1
D1_global_hybrid_medium,1,7,183,50301,1,1,0.3710291087627411,0
D1_global_hybrid_medium,1,7,188,50312,1,1,0.8984813094139099,1
D1_global_hybrid_medium,1,7,211,50342,2,0,0.05246401205658913,0
D1_global_hybrid_medium,1,7,212,50343,2,0,0.8618696928024292,1
D1_global_hybrid_medium,1,7,238,50369,2,0,0.056302811950445175,0
D1_global_hybrid_medium,1,7,245,50377,2,0,0.050413280725479126,0
D1_global_hybrid_medium,1,7,251,50385,2,0,0.6130722165107727,1
D1_global_hybrid_medium,1,7,262,50405,1,1,0.9048627614974976,1
D1_global_hybrid_medium,1,7,266,50410,1,1,0.8157255053520203,1
D1_global_hybrid_medium,1,7,274,50418,2,0,0.05010247975587845,0
D1_global_hybrid_medium,1,7,300,50453,2,0,0.8219555020332336,1
D1_global_hybrid_medium,1,7,307,50477,1,1,0.8984178304672241,1
D1_global_hybrid_medium,1,7,317,50491,1,1,0.9037389755249023,1
D1_global_hybrid_medium,1,7,318,50492,1,1,0.903521716594696,1
D1_global_hybrid_medium,1,7,325,50500,1,1,0.7214708924293518,1
D1_global_hybrid_medium,1,7,346,50529,1,1,0.9053314924240112,1
D1_global_hybrid_medium,1,7,353,50557,2,0,0.05155189335346222,0
D1_global_hybrid_medium,1,7,354,50558,2,0,0.0821257159113884,0
D1_global_hybrid_medium,1,7,373,50606,1,1,0.39289653301239014,0
D1_global_hybrid_medium,1,7,375,50608,1,1,0.3763904571533203,0
D1_global_hybrid_medium,1,7,386,50624,1,1,0.9056603312492371,1
D1_global_hybrid_medium,1,7,395,50649,1,1,0.07240831106901169,0
D1_global_hybrid_medium,1,7,407,50688,2,0,0.05039776489138603,0
D1_global_hybrid_medium,1,7,418,50699,2,0,0.9063034653663635,1
D1_global_hybrid_medium,1,7,428,50709,2,0,0.04947151988744736,0
D1_global_hybrid_medium,1,7,450,50749,1,1,0.8921611905097961,1
D1_global_hybrid_medium,1,7,453,50752,1,1,0.6074361801147461,1
D1_global_hybrid_medium,1,7,456,50756,1,1,0.9007036685943604,1
D1_global_hybrid_medium,1,7,495,50957,1,1,0.4336632192134857,0
D1_global_hybrid_medium,1,7,510,50974,1,1,0.9057783484458923,1
D1_global_hybrid_medium,1,7,521,50987,1,1,0.9055579304695129,1
D1_global_hybrid_medium,1,7,554,51024,1,1,0.9046260118484497,1
D1_global_hybrid_medium,1,7,587,51060,2,0,0.6236476302146912,1
D1_global_hybrid_medium,1,7,593,51066,2,0,0.052029941231012344,0
D1_global_hybrid_medium,1,7,619,51094,2,0,0.05115467682480812,0
D1_global_hybrid_medium,1,7,620,51095,2,0,0.23607119917869568,0
D1_global_hybrid_medium,1,7,629,51104,2,0,0.05080127343535423,0
D1_global_hybrid_medium,1,7,634,51110,2,0,0.05180033668875694,0
D1_global_hybrid_medium,1,7,663,51147,2,0,0.04991757124662399,0
D1_global_hybrid_medium,1,7,667,51151,2,0,0.04967372864484787,0
D1_global_hybrid_medium,1,7,671,51155,2,0,0.04944458603858948,0
D1_global_hybrid_medium,1,7,673,51159,2,0,0.9049981832504272,1
D1_global_hybrid_medium,1,7,676,51163,1,1,0.5224463939666748,1
D1_global_hybrid_medium,1,7,682,51173,1,1,0.9041183590888977,1
D1_global_hybrid_medium,1,7,683,51177,1,1,0.8509131073951721,1
D1_global_hybrid_medium,1,7,684,51178,1,1,0.9054799675941467,1
D1_global_hybrid_medium,1,7,695,51192,2,0,0.05016111955046654,0
D1_global_hybrid_medium,1,7,704,51206,1,1,0.5946187376976013,1
D1_global_hybrid_medium,1,7,710,51214,1,1,0.9037579298019409,1
D1_global_hybrid_medium,1,7,717,51221,1,1,0.9030846953392029,1
D1_global_hybrid_medium,1,7,720,51224,1,1,0.9018968343734741,1
D1_global_hybrid_medium,1,7,724,51229,1,1,0.9058830738067627,1
D1_global_hybrid_medium,1,7,736,51250,2,0,0.0518123060464859,0
D1_global_hybrid_medium,1,7,759,51278,2,0,0.20804792642593384,0
D1_global_hybrid_medium,1,7,760,51279,2,0,0.050582822412252426,0
D1_global_hybrid_medium,1,7,764,51292,1,1,0.9021216630935669,1
D1_global_hybrid_medium,1,7,774,51303,2,0,0.05043119192123413,0
D1_global_hybrid_medium,1,7,784,51318,1,1,0.1726846694946289,0
D1_global_hybrid_medium,1,7,799,51334,2,0,0.04936673864722252,0
D1_global_hybrid_medium,1,7,807,51343,2,0,0.050927210599184036,0
D1_global_hybrid_medium,1,7,820,51361,2,0,0.05055571720004082,0
D1_global_hybrid_medium,1,7,827,51373,2,0,0.04942954704165459,0
D1_global_hybrid_medium,1,7,828,51461,1,1,0.9047117829322815,1
D1_global_hybrid_medium,1,7,830,51464,1,1,0.9041035175323486,1
D1_global_hybrid_medium,1,7,831,51465,1,1,0.90636146068573,1
D1_global_hybrid_medium,1,7,833,51477,2,0,0.04992245137691498,0
D1_global_hybrid_medium,1,7,857,51572,1,1,0.9030908942222595,1
D1_global_hybrid_medium,1,7,866,51583,1,1,0.9013931155204773,1
D1_global_hybrid_medium,1,8,5,50008,1,1,0.6851074695587158,1
D1_global_hybrid_medium,1,8,7,50011,1,1,0.6945753693580627,1
D1_global_hybrid_medium,1,8,10,50014,1,1,0.6945046782493591,1
D1_global_hybrid_medium,1,8,14,50022,1,1,0.2897774875164032,0
D1_global_hybrid_medium,1,8,16,50024,1,1,0.691565752029419,1
D1_global_hybrid_medium,1,8,35,50044,2,0,0.2927655577659607,0
D1_global_hybrid_medium,1,8,42,50051,2,0,0.5741185545921326,1
D1_global_hybrid_medium,1,8,49,50060,2,0,0.3395216464996338,0
D1_global_hybrid_medium,1,8,52,50104,2,0,0.286885142326355,0
D1_global_hybrid_medium,1,8,56,50109,2,0,0.4108612835407257,0
D1_global_hybrid_medium,1,8,65,50119,1,1,0.286972314119339,0
D1_global_hybrid_medium,1,8,67,50123,1,1,0.6938914656639099,1
D1_global_hybrid_medium,1,8,101,50170,2,0,0.4351206421852112,0
D1_global_hybrid_medium,1,8,103,50182,1,1,0.6881682872772217,1
D1_global_hybrid_medium,1,8,104,50183,1,1,0.6709848642349243,1
D1_global_hybrid_medium,1,8,106,50186,1,1,0.6922734975814819,1
D1_global_hybrid_medium,1,8,117,50200,2,0,0.2960056662559509,0
D1_global_hybrid_medium,1,8,118,50201,2,0,0.28659123182296753,0
D1_global_hybrid_medium,1,8,143,50250,1,1,0.3365688920021057,0
D1_global_hybrid_medium,1,8,146,50253,1,1,0.6643472909927368,1
D1_global_hybrid_medium,1,8,164,50273,1,1,0.6935874819755554,1
D1_global_hybrid_medium,1,8,171,50285,1,1,0.442253440618515,0
D1_global_hybrid_medium,1,8,184,50302,1,1,0.6945427060127258,1
D1_global_hybrid_medium,1,8,187,50310,1,1,0.6842103004455566,1
D1_global_hybrid_medium,1,8,194,50321,1,1,0.6947431564331055,1
D1_global_hybrid_medium,1,8,198,50329,2,0,0.3315563201904297,0
D1_global_hybrid_medium,1,8,214,50345,2,0,0.28716397285461426,0
D1_global_hybrid_medium,1,8,227,50358,2,0,0.31586843729019165,0
D1_global_hybrid_medium,1,8,231,50362,2,0,0.33470475673675537,0
D1_global_hybrid_medium,1,8,244,50376,2,0,0.6256703734397888,1
D1_global_hybrid_medium,1,8,263,50406,1,1,0.6947072744369507,1
D1_global_hybrid_medium,1,8,268,50412,1,1,0.6939828395843506,1
D1_global_hybrid_medium,1,8,270,50414,2,0,0.506541907787323,1
D1_global_hybrid_medium,1,8,281,50427,2,0,0.2888735234737396,0
D1_global_hybrid_medium,1,8,298,50448,2,0,0.5417799949645996,1
D1_global_hybrid_medium,1,8,309,50481,1,1,0.6946936249732971,1
D1_global_hybrid_medium,1,8,314,50487,1,1,0.6916666030883789,1
D1_global_hybrid_medium,1,8,358,50568,2,0,0.5848597884178162,1
D1_global_hybrid_medium,1,8,366,50576,2,0,0.2866441011428833,0
D1_global_hybrid_medium,1,8,369,50601,1,1,0.4677802324295044,0
D1_global_hybrid_medium,1,8,381,50619,1,1,0.694674551486969,1
D1_global_hybrid_medium,1,8,404,50685,2,0,0.38261109590530396,0
D1_global_hybrid_medium,1,8,419,50700,1,1,0.694467306137085,1
D1_global_hybrid_medium,1,8,420,50701,2,0,0.3631172180175781,0
D1_global_hybrid_medium,1,8,432,50724,2,0,0.2865650951862335,0
D1_global_hybrid_medium,1,8,440,50737,2,0,0.33788082003593445,0
D1_global_hybrid_medium,1,8,454,50754,1,1,0.694517195224762,1
D1_global_hybrid_medium,1,8,462,50776,2,0,0.2869722545146942,0
D1_global_hybrid_medium,1,8,471,50791,1,1,0.678933322429657,1
D1_global_hybrid_medium,1,8,482,50814,2,0,0.3725505471229553,0
D1_global_hybrid_medium,1,8,508,50972,1,1,0.6945282220840454,1
D1_global_hybrid_medium,1,8,525,50991,1,1,0.30914294719696045,0
D1_global_hybrid_medium,1,8,527,50993,1,1,0.6926027536392212,1
D1_global_hybrid_medium,1,8,532,50999,1,1,0.68580162525177,1
D1_global_hybrid_medium,1,8,544,51013,1,1,0.6942436695098877,1
D1_global_hybrid_medium,1,8,559,51029,1,1,0.4919540584087372,0
D1_global_hybrid_medium,1,8,576,51049,2,0,0.29696905612945557,0
D1_global_hybrid_medium,1,8,596,51069,2,0,0.2880110740661621,0
D1_global_hybrid_medium,1,8,627,51102,2,0,0.3496909737586975,0
D1_global_hybrid_medium,1,8,632,51107,2,0,0.6890684962272644,1
D1_global_hybrid_medium,1,8,635,51111,2,0,0.4213331937789917,0
D1_global_hybrid_medium,1,8,638,51114,2,0,0.5235912799835205,1
D1_global_hybrid_medium,1,8,642,51122,2,0,0.28798672556877136,0
D1_global_hybrid_medium,1,8,644,51124,2,0,0.2886944115161896,0
D1_global_hybrid_medium,1,8,656,51137,2,0,0.28954988718032837,0
D1_global_hybrid_medium,1,8,670,51154,2,0,0.437992125749588,0
D1_global_hybrid_medium,1,8,694,51189,2,0,0.37569382786750793,0
D1_global_hybrid_medium,1,8,701,51203,1,1,0.6934769749641418,1
D1_global_hybrid_medium,1,8,711,51215,1,1,0.40705782175064087,0
D1_global_hybrid_medium,1,8,730,51237,1,1,0.6946889758110046,1
D1_global_hybrid_medium,1,8,733,51241,1,1,0.6881968379020691,1
D1_global_hybrid_medium,1,8,745,51261,2,0,0.32648128271102905,0
D1_global_hybrid_medium,1,8,747,51264,2,0,0.28835994005203247,0
D1_global_hybrid_medium,1,8,758,51277,2,0,0.36551815271377563,0
D1_global_hybrid_medium,1,8,777,51306,2,0,0.6639814972877502,1
D1_global_hybrid_medium,1,8,783,51315,2,0,0.4849724769592285,0
D1_global_hybrid_medium,1,8,786,51320,1,1,0.694687008857727,1
D1_global_hybrid_medium,1,8,788,51322,1,1,0.45426082611083984,0
D1_global_hybrid_medium,1,8,790,51325,1,1,0.6326476335525513,1
D1_global_hybrid_medium,1,8,791,51326,1,1,0.4901876747608185,0
D1_global_hybrid_medium,1,8,797,51332,2,0,0.28713154792785645,0
D1_global_hybrid_medium,1,8,801,51336,2,0,0.2866343855857849,0
D1_global_hybrid_medium,1,8,802,51338,2,0,0.6732915639877319,1
D1_global_hybrid_medium,1,8,816,51356,2,0,0.6522766351699829,1
D1_global_hybrid_medium,1,8,824,51365,2,0,0.2944859564304352,0
D1_global_hybrid_medium,1,8,825,51369,2,0,0.33299580216407776,0
D1_global_hybrid_medium,1,8,839,51487,2,0,0.328836590051651,0
D1_global_hybrid_medium,1,9,0,50003,1,1,0.7397400736808777,1
D1_global_hybrid_medium,1,9,44,50053,1,1,0.7980629205703735,1
D1_global_hybrid_medium,1,9,51,50103,2,0,0.8119066953659058,1
D1_global_hybrid_medium,1,9,83,50147,1,1,0.8551757335662842,1
D1_global_hybrid_medium,1,9,96,50163,2,0,0.16341088712215424,0
D1_global_hybrid_medium,1,9,110,50190,1,1,0.9106335639953613,1
D1_global_hybrid_medium,1,9,116,50199,2,0,0.15199077129364014,0
D1_global_hybrid_medium,1,9,136,50240,1,1,0.9121919274330139,1
D1_global_hybrid_medium,1,9,155,50264,2,0,0.26699039340019226,0
D1_global_hybrid_medium,1,9,157,50266,2,0,0.15203019976615906,0
D1_global_hybrid_medium,1,9,161,50270,2,0,0.15802815556526184,0
D1_global_hybrid_medium,1,9,178,50294,1,1,0.9118161201477051,1
D1_global_hybrid_medium,1,9,180,50297,1,1,0.6790386438369751,1
D1_global_hybrid_medium,1,9,181,50298,1,1,0.896786093711853,1
D1_global_hybrid_medium,1,9,182,50300,1,1,0.1585063487291336,0
D1_global_hybrid_medium,1,9,197,50327,2,0,0.15850549936294556,0
D1_global_hybrid_medium,1,9,202,50333,2,0,0.1539236307144165,0
D1_global_hybrid_medium,1,9,208,50339,2,0,0.15284626185894012,0
D1_global_hybrid_medium,1,9,237,50368,2,0,0.15159006416797638,0
D1_global_hybrid_medium,1,9,247,50380,2,0,0.3794499635696411,0
D1_global_hybrid_medium,1,9,249,50382,2,0,0.15388533473014832,0
D1_global_hybrid_medium,1,9,257,50397,1,1,0.8524545431137085,1
D1_global_hybrid_medium,1,9,267,50411,1,1,0.91209876537323,1
D1_global_hybrid_medium,1,9,287,50437,2,0,0.9120801687240601,1
D1_global_hybrid_medium,1,9,294,50444,2,0,0.2128274291753769,0
D1_global_hybrid_medium,1,9,297,50447,2,0,0.29715216159820557,0
D1_global_hybrid_medium,1,9,310,50482,1,1,0.9103778600692749,1
D1_global_hybrid_medium,1,9,320,50494,1,1,0.739255964756012,1
D1_global_hybrid_medium,1,9,341,50524,1,1,0.9087181687355042,1
D1_global_hybrid_medium,1,9,352,50555,2,0,0.15336719155311584,0
D1_global_hybrid_medium,1,9,377,50613,1,1,0.9094941020011902,1
D1_global_hybrid_medium,1,9,378,50614,1,1,0.9111292958259583,1
D1_global_hybrid_medium,1,9,396,50654,1,1,0.35232627391815186,0
D1_global_hybrid_medium,1,9,400,50665,2,0,0.2819090187549591,0
D1_global_hybrid_medium,1,9,406,50687,2,0,0.8846819996833801,1
D1_global_hybrid_medium,1,9,409,50690,1,1,0.16208383440971375,0
D1_global_hybrid_medium,1,9,423,50704,1,1,0.8744537830352783,1
D1_global_hybrid_medium,1,9,424,50705,1,1,0.8187429904937744,1
D1_global_hybrid_medium,1,9,427,50708,1,1,0.9091319441795349,1
D1_global_hybrid_medium,1,9,434,50726,2,0,0.17451147735118866,0
D1_global_hybrid_medium,1,9,442,50739,2,0,0.7588537931442261,1
D1_global_hybrid_medium,1,9,452,50751,1,1,0.8973187804222107,1
D1_global_hybrid_medium,1,9,459,50773,2,0,0.33895009756088257,0
D1_global_hybrid_medium,1,9,463,50777,2,0,0.18108868598937988,0
D1_global_hybrid_medium,1,9,479,50803,1,1,0.9117594957351685,1
D1_global_hybrid_medium,1,9,488,50822,2,0,0.1561906486749649,0
D1_global_hybrid_medium,1,9,491,50952,1,1,0.9118883013725281,1
D1_global_hybrid_medium,1,9,500,50962,1,1,0.5989490747451782,1
D1_global_hybrid_medium,1,9,512,50977,1,1,0.9111689925193787,1
D1_global_hybrid_medium,1,9,520,50986,1,1,0.15491077303886414,0
D1_global_hybrid_medium,1,9,526,50992,1,1,0.8193226456642151,1
D1_global_hybrid_medium,1,9,534,51001,1,1,0.9099924564361572,1
D1_global_hybrid_medium,1,9,540,51009,1,1,0.9081607460975647,1
D1_global_hybrid_medium,1,9,552,51021,1,1,0.9120655655860901,1
D1_global_hybrid_medium,1,9,561,51032,1,1,0.9093522429466248,1
D1_global_hybrid_medium,1,9,563,51034,1,1,0.9117454886436462,1
D1_global_hybrid_medium,1,9,565,51036,2,0,0.15150730311870575,0
D1_global_hybrid_medium,1,9,578,51051,2,0,0.1547996550798416,0
D1_global_hybrid_medium,1,9,591,51064,2,0,0.7175187468528748,1
D1_global_hybrid_medium,1,9,595,51068,2,0,0.893750786781311,1
D1_global_hybrid_medium,1,9,602,51076,2,0,0.15773910284042358,0
D1_global_hybrid_medium,1,9,612,51086,2,0,0.1520710438489914,0
D1_global_hybrid_medium,1,9,622,51097,2,0,0.15458446741104126,0
D1_global_hybrid_medium,1,9,625,51100,2,0,0.36355823278427124,0
D1_global_hybrid_medium,1,9,631,51106,2,0,0.15155623853206635,0
D1_global_hybrid_medium,1,9,640,51117,2,0,0.20737449824810028,0
D1_global_hybrid_medium,1,9,643,51123,2,0,0.1831430196762085,0
D1_global_hybrid_medium,1,9,657,51138,2,0,0.15240588784217834,0
D1_global_hybrid_medium,1,9,679,51169,1,1,0.7972633838653564,1
D1_global_hybrid_medium,1,9,692,51187,2,0,0.19800348579883575,0
D1_global_hybrid_medium,1,9,693,51188,2,0,0.15666425228118896,0
D1_global_hybrid_medium,1,9,709,51212,1,1,0.9058972597122192,1
D1_global_hybrid_medium,1,9,715,51219,1,1,0.9058213829994202,1
D1_global_hybrid_medium,1,9,732,51240,1,1,0.908146858215332,1
D1_global_hybrid_medium,1,9,743,51257,2,0,0.906178891658783,1
D1_global_hybrid_medium,1,9,781,51311,2,0,0.1516565978527069,0
D1_global_hybrid_medium,1,9,795,51330,1,1,0.9118601679801941,1
D1_global_hybrid_medium,1,9,798,51333,2,0,0.15152117609977722,0
D1_global_hybrid_medium,1,9,809,51345,2,0,0.1596369445323944,0
D1_global_hybrid_medium,1,9,818,51359,2,0,0.9120715856552124,1
D1_global_hybrid_medium,1,9,822,51363,2,0,0.21294155716896057,0
D1_global_hybrid_medium,1,9,829,51463,1,1,0.9109086990356445,1
D1_global_hybrid_medium,1,9,837,51482,2,0,0.15866902470588684,0
D1_global_hybrid_medium,1,9,840,51488,2,0,0.24153634905815125,0
D1_global_hybrid_medium,1,9,843,51556,2,0,0.30813002586364746,0
D1_global_hybrid_medium,1,9,851,51565,2,0,0.15242807567119598,0
D1_global_hybrid_medium,1,9,862,51578,1,1,0.9035257697105408,1
D1_global_hybrid_medium,1,10,2,50005,1,1,0.9148154258728027,1
D1_global_hybrid_medium,1,10,11,50015,1,1,0.9459871053695679,1
D1_global_hybrid_medium,1,10,18,50026,1,1,0.9347238540649414,1
D1_global_hybrid_medium,1,10,19,50027,1,1,0.10757932811975479,0
D1_global_hybrid_medium,1,10,20,50028,1,1,0.9470880627632141,1
D1_global_hybrid_medium,1,10,27,50036,2,0,0.05766643211245537,0
D1_global_hybrid_medium,1,10,36,50045,2,0,0.8045470118522644,1
D1_global_hybrid_medium,1,10,38,50047,2,0,0.1509747952222824,0
D1_global_hybrid_medium,1,10,55,50107,2,0,0.09469825774431229,0
D1_global_hybrid_medium,1,10,63,50117,2,0,0.05749722942709923,0
D1_global_hybrid_medium,1,10,66,50121,1,1,0.9474375247955322,1
D1_global_hybrid_medium,1,10,72,50129,1,1,0.9472057819366455,1
D1_global_hybrid_medium,1,10,85,50149,1,1,0.9476791024208069,1
D1_global_hybrid_medium,1,10,98,50167,2,0,0.06002267450094223,0
D1_global_hybrid_medium,1,10,108,50188,1,1,0.056247908622026443,0
D1_global_hybrid_medium,1,10,113,50195,2,0,0.054724689573049545,0
D1_global_hybrid_medium,1,10,114,50196,2,0,0.1204889640212059,0
D1_global_hybrid_medium,1,10,126,50213,2,0,0.06284618377685547,0
D1_global_hybrid_medium,1,10,132,50234,1,1,0.9420163035392761,1
D1_global_hybrid_medium,1,10,141,50248,1,1,0.9476757645606995,1
D1_global_hybrid_medium,1,10,145,50252,1,1,0.8368042707443237,1
D1_global_hybrid_medium,1,10,152,50261,2,0,0.9437628984451294,1
D1_global_hybrid_medium,1,10,156,50265,2,0,0.055634498596191406,0
D1_global_hybrid_medium,1,10,163,50272,1,1,0.9440416693687439,1
D1_global_hybrid_medium,1,10,176,50292,1,1,0.9464341998100281,1
D1_global_hybrid_medium,1,10,190,50315,1,1,0.9465621709823608,1
D1_global_hybrid_medium,1,10,200,50331,2,0,0.36271947622299194,0
D1_global_hybrid_medium,1,10,225,50356,2,0,0.05688308924436569,0
D1_global_hybrid_medium,1,10,235,50366,2,0,0.05751224234700203,0
D1_global_hybrid_medium,1,10,240,50372,2,0,0.05463702976703644,0
D1_global_hybrid_medium,1,10,246,50379,2,0,0.05674879625439644,0
D1_global_hybrid_medium,1,10,265,50408,1,1,0.0614389069378376,0
D1_global_hybrid_medium,1,10,275,50419,2,0,0.05789501592516899,0
D1_global_hybrid_medium,1,10,279,50425,2,0,0.05451957881450653,0
D1_global_hybrid_medium,1,10,285,50435,2,0,0.05725783109664917,0
D1_global_hybrid_medium,1,10,308,50480,1,1,0.9462899565696716,1
D1_global_hybrid_medium,1,10,315,50488,1,1,0.945563793182373,1
D1_global_hybrid_medium,1,10,319,50493,1,1,0.9439584612846375,1
D1_global_hybrid_medium,1,10,348,50531,1,1,0.9446945786476135,1
D1_global_hybrid_medium,1,10,361,50571,2,0,0.45385146141052246,0
D1_global_hybrid_medium,1,10,376,50612,1,1,0.4709896147251129,0
D1_global_hybrid_medium,1,10,388,50626,1,1,0.9473633766174316,1
D1_global_hybrid_medium,1,10,393,50647,1,1,0.9458149671554565,1
D1_global_hybrid_medium,1,10,397,50656,2,0,0.45185884833335876,0
D1_global_hybrid_medium,1,10,405,50686,1,1,0.9467248320579529,1
D1_global_hybrid_medium,1,10,414,50695,1,1,0.26223060488700867,0
D1_global_hybrid_medium,1,10,448,50745,1,1,0.9465529918670654,1
D1_global_hybrid_medium,1,10,461,50775,2,0,0.05458410084247589,0
D1_global_hybrid_medium,1,10,464,50778,2,0,0.05460751801729202,0
D1_global_hybrid_medium,1,10,466,50781,2,0,0.20812004804611206,0
D1_global_hybrid_medium,1,10,476,50799,1,1,0.9391998052597046,1
D1_global_hybrid_medium,1,10,478,50801,1,1,0.8212909698486328,1
D1_global_hybrid_medium,1,10,486,50820,2,0,0.0600212886929512,0
D1_global_hybrid_medium,1,10,489,50823,1,1,0.9116562604904175,1
D1_global_hybrid_medium,1,10,490,50824,1,1,0.6011683344841003,1
D1_global_hybrid_medium,1,10,519,50985,1,1,0.944559633731842,1
D1_global_hybrid_medium,1,10,568,51040,2,0,0.0582553893327713,0
D1_global_hybrid_medium,1,10,570,51042,2,0,0.05810323730111122,0
D1_global_hybrid_medium,1,10,579,51052,2,0,0.05613325908780098,0
D1_global_hybrid_medium,1,10,586,51059,2,0,0.05890766903758049,0
D1_global_hybrid_medium,1,10,589,51062,2,0,0.05859985575079918,0
D1_global_hybrid_medium,1,10,606,51080,2,0,0.9471330046653748,1
D1_global_hybrid_medium,1,10,609,51083,2,0,0.9474501609802246,1
D1_global_hybrid_medium,1,10,611,51085,2,0,0.9474119544029236,1
D1_global_hybrid_medium,1,10,652,51133,2,0,0.290487140417099,0
D1_global_hybrid_medium,1,10,665,51149,2,0,0.05773411691188812,0
D1_global_hybrid_medium,1,10,677,51164,1,1,0.9474286437034607,1
D1_global_hybrid_medium,1,10,688,51182,2,0,0.05456607788801193,0
D1_global_hybrid_medium,1,10,700,51202,1,1,0.9443787932395935,1
D1_global_hybrid_medium,1,10,705,51207,1,1,0.9464166760444641,1
D1_global_hybrid_medium,1,10,721,51225,1,1,0.4736461937427521,0
D1_global_hybrid_medium,1,10,740,51254,2,0,0.056002575904130936,0
D1_global_hybrid_medium,1,10,748,51265,2,0,0.06238672137260437,0
D1_global_hybrid_medium,1,10,749,51266,2,0,0.4263179302215576,0
D1_global_hybrid_medium,1,10,756,51275,2,0,0.05859401822090149,0
D1_global_hybrid_medium,1,10,766,51294,1,1,0.6538169980049133,1
D1_global_hybrid_medium,1,10,768,51297,1,1,0.9470475316047668,1
D1_global_hybrid_medium,1,10,772,51301,1,1,0.4446024000644684,0
D1_global_hybrid_medium,1,10,779,51308,2,0,0.062350720167160034,0
D1_global_hybrid_medium,1,10,780,51309,2,0,0.9443899393081665,1
D1_global_hybrid_medium,1,10,782,51313,2,0,0.06000332906842232,0
D1_global_hybrid_medium,1,10,800,51335,2,0,0.11761270463466644,0
D1_global_hybrid_medium,1,10,834,51479,2,0,0.05463637411594391,0
D1_global_hybrid_medium,1,10,850,51564,2,0,0.057595763355493546,0
D1_global_hybrid_medium,1,10,853,51567,2,0,0.05461697280406952,0
D1_global_hybrid_medium,1,10,865,51582,1,1,0.9475440979003906,1
D1_global_hybrid_medium,1,10,868,51585,1,1,0.9472736120223999,1
D1_global_hybrid_medium,2,1,0,50003,1,1,0.7949948310852051,1
D1_global_hybrid_medium,2,1,7,50011,1,1,0.8627294898033142,1
D1_global_hybrid_medium,2,1,35,50044,2,0,0.11724571883678436,0
D1_global_hybrid_medium,2,1,39,50048,2,0,0.8353695869445801,1
D1_global_hybrid_medium,2,1,45,50054,2,0,0.8655487895011902,1
D1_global_hybrid_medium,2,1,48,50059,2,0,0.8452437520027161,1
D1_global_hybrid_medium,2,1,53,50105,2,0,0.8189347982406616,1
D1_global_hybrid_medium,2,1,55,50107,2,0,0.8159912824630737,1
D1_global_hybrid_medium,2,1,72,50129,1,1,0.8649235963821411,1
D1_global_hybrid_medium,2,1,73,50130,1,1,0.8649176359176636,1
D1_global_hybrid_medium,2,1,78,50142,1,1,0.8656317591667175,1
D1_global_hybrid_medium,2,1,81,50145,1,1,0.6431358456611633,1
D1_global_hybrid_medium,2,1,86,50150,1,1,0.160769984126091,0
D1_global_hybrid_medium,2,1,95,50162,2,0,0.12535816431045532,0
D1_global_hybrid_medium,2,1,127,50214,2,0,0.12102960795164108,0
D1_global_hybrid_medium,2,1,138,50243,1,1,0.8643330335617065,1
D1_global_hybrid_medium,2,1,144,50251,1,1,0.8148161172866821,1
D1_global_hybrid_medium,2,1,149,50257,2,0,0.12291543930768967,0
D1_global_hybrid_medium,2,1,176,50292,1,1,0.8651509284973145,1
D1_global_hybrid_medium,2,1,182,50300,1,1,0.2996307611465454,0
D1_global_hybrid_medium,2,1,192,50319,1,1,0.8656870126724243,1
D1_global_hybrid_medium,2,1,193,50320,1,1,0.8656095862388611,1
D1_global_hybrid_medium,2,1,204,50335,2,0,0.12231241166591644,0
D1_global_hybrid_medium,2,1,205,50336,2,0,0.8524830341339111,1
D1_global_hybrid_medium,2,1,231,50362,2,0,0.12016856670379639,0
D1_global_hybrid_medium,2,1,234,50365,2,0,0.11588730663061142,0
D1_global_hybrid_medium,2,1,242,50374,2,0,0.5139148235321045,1
D1_global_hybrid_medium,2,1,247,50380,2,0,0.6385214328765869,1
D1_global_hybrid_medium,2,1,248,50381,2,0,0.2645905017852783,0
D1_global_hybrid_medium,2,1,253,50387,2,0,0.1210777759552002,0
D1_global_hybrid_medium,2,1,259,50402,1,1,0.4671918749809265,0
D1_global_hybrid_medium,2,1,285,50435,2,0,0.2146892100572586,0
D1_global_hybrid_medium,2,1,286,50436,2,0,0.8615512847900391,1
D1_global_hybrid_medium,2,1,295,50445,2,0,0.1185440793633461,0
D1_global_hybrid_medium,2,1,300,50453,2,0,0.8640114068984985,1
D1_global_hybrid_medium,2,1,307,50477,1,1,0.8656032681465149,1
D1_global_hybrid_medium,2,1,329,50504,1,1,0.8611620664596558,1
D1_global_hybrid_medium,2,1,345,50528,1,1,0.8627302050590515,1
D1_global_hybrid_medium,2,1,348,50531,1,1,0.8623641729354858,1
D1_global_hybrid_medium,2,1,357,50565,2,0,0.4335535168647766,0
D1_global_hybrid_medium,2,1,359,50569,2,0,0.6766465306282043,1
D1_global_hybrid_medium,2,1,360,50570,2,0,0.1158815249800682,0
D1_global_hybrid_medium,2,1,369,50601,1,1,0.39643168449401855,0
D1_global_hybrid_medium,2,1,374,50607,1,1,0.1171855479478836,0
D1_global_hybrid_medium,2,1,385,50623,1,1,0.8531226515769958,1
D1_global_hybrid_medium,2,1,405,50686,1,1,0.8609606027603149,1
D1_global_hybrid_medium,2,1,411,50692,2,0,0.11782929301261902,0
D1_global_hybrid_medium,2,1,412,50693,1,1,0.40918171405792236,0
D1_global_hybrid_medium,2,1,425,50706,2,0,0.4571157395839691,0
D1_global_hybrid_medium,2,1,432,50724,2,0,0.11704317480325699,0
D1_global_hybrid_medium,2,1,466,50781,2,0,0.8575501441955566,1
D1_global_hybrid_medium,2,1,468,50783,2,0,0.11607910692691803,0
D1_global_hybrid_medium,2,1,471,50791,1,1,0.8575693368911743,1
D1_global_hybrid_medium,2,1,484,50817,2,0,0.11622778326272964,0
D1_global_hybrid_medium,2,1,495,50957,1,1,0.8644897937774658,1
D1_global_hybrid_medium,2,1,505,50968,1,1,0.861790120601654,1
D1_global_hybrid_medium,2,1,506,50969,1,1,0.8649076223373413,1
D1_global_hybrid_medium,2,1,513,50978,1,1,0.8639614582061768,1
D1_global_hybrid_medium,2,1,526,50992,1,1,0.8540087938308716,1
D1_global_hybrid_medium,2,1,532,50999,1,1,0.8631772994995117,1
D1_global_hybrid_medium,2,1,555,51025,1,1,0.8656630516052246,1
D1_global_hybrid_medium,2,1,556,51026,1,1,0.8649634718894958,1
D1_global_hybrid_medium,2,1,566,51038,2,0,0.23302887380123138,0
D1_global_hybrid_medium,2,1,575,51048,2,0,0.1347450613975525,0
D1_global_hybrid_medium,2,1,585,51058,2,0,0.1176886335015297,0
D1_global_hybrid_medium,2,1,596,51069,2,0,0.11607124656438828,0
D1_global_hybrid_medium,2,1,603,51077,2,0,0.6384279727935791,1
D1_global_hybrid_medium,2,1,612,51086,2,0,0.11676175147294998,0
D1_global_hybrid_medium,2,1,653,51134,2,0,0.12824803590774536,0
D1_global_hybrid_medium,2,1,684,51178,1,1,0.864913284778595,1
D1_global_hybrid_medium,2,1,686,51180,2,0,0.5595955848693848,1
D1_global_hybrid_medium,2,1,687,51181,2,0,0.7894262671470642,1
D1_global_hybrid_medium,2,1,695,51192,2,0,0.11587653309106827,0
D1_global_hybrid_medium,2,1,710,51214,1,1,0.8634684085845947,1
D1_global_hybrid_medium,2,1,716,51220,1,1,0.865617573261261,1
D1_global_hybrid_medium,2,1,721,51225,1,1,0.8634232878684998,1
D1_global_hybrid_medium,2,1,749,51266,2,0,0.8649370670318604,1
D1_global_hybrid_medium,2,1,750,51267,2,0,0.19288787245750427,0
D1_global_hybrid_medium,2,1,771,51300,1,1,0.8651331067085266,1
D1_global_hybrid_medium,2,1,792,51327,1,1,0.8631727695465088,1
D1_global_hybrid_medium,2,1,793,51328,1,1,0.8608934879302979,1
D1_global_hybrid_medium,2,1,806,51342,2,0,0.13473744690418243,0
D1_global_hybrid_medium,2,1,808,51344,2,0,0.5272271633148193,1
D1_global_hybrid_medium,2,1,816,51356,2,0,0.8652600049972534,1
D1_global_hybrid_medium,2,1,823,51364,2,0,0.5037005543708801,1
D1_global_hybrid_medium,2,1,837,51482,2,0,0.12187065929174423,0
D1_global_hybrid_medium,2,1,867,51584,1,1,0.865598201751709,1
D1_global_hybrid_medium,2,1,869,51606,1,1,0.13169589638710022,0
D1_global_hybrid_medium,2,2,2,50005,1,1,0.7981834411621094,1
D1_global_hybrid_medium,2,2,6,50010,1,1,0.8086996078491211,1
D1_global_hybrid_medium,2,2,10,50014,1,1,0.8109373450279236,1
D1_global_hybrid_medium,2,2,24,50033,2,0,0.11851652711629868,0
D1_global_hybrid_medium,2,2,30,50039,2,0,0.6835153698921204,1
D1_global_hybrid_medium,2,2,67,50123,1,1,0.8110767006874084,1
D1_global_hybrid_medium,2,2,76,50134,1,1,0.747151792049408,1
D1_global_hybrid_medium,2,2,79,50143,1,1,0.8114274144172668,1
D1_global_hybrid_medium,2,2,92,50159,2,0,0.8079838752746582,1
D1_global_hybrid_medium,2,2,98,50167,2,0,0.1224517673254013,0
D1_global_hybrid_medium,2,2,101,50170,2,0,0.13520099222660065,0
D1_global_hybrid_medium,2,2,115,50198,2,0,0.1494131088256836,0
D1_global_hybrid_medium,2,2,129,50217,2,0,0.11837363988161087,0
D1_global_hybrid_medium,2,2,140,50247,1,1,0.8097156286239624,1
D1_global_hybrid_medium,2,2,153,50262,2,0,0.11919404566287994,0
D1_global_hybrid_medium,2,2,155,50264,2,0,0.13868296146392822,0
D1_global_hybrid_medium,2,2,164,50273,1,1,0.8113911151885986,1
D1_global_hybrid_medium,2,2,169,50282,1,1,0.6127493977546692,1
D1_global_hybrid_medium,2,2,180,50297,1,1,0.21231387555599213,0
D1_global_hybrid_medium,2,2,187,50310,1,1,0.8047385811805725,1
D1_global_hybrid_medium,2,2,202,50333,2,0,0.15295098721981049,0
D1_global_hybrid_medium,2,2,212,50343,2,0,0.3542618453502655,0
D1_global_hybrid_medium,2,2,217,50348,2,0,0.122412770986557,0
D1_global_hybrid_medium,2,2,228,50359,2,0,0.1528707593679428,0
D1_global_hybrid_medium,2,2,246,50379,2,0,0.11875084042549133,0
D1_global_hybrid_medium,2,2,251,50385,2,0,0.7532532811164856,1
D1_global_hybrid_medium,2,2,277,50422,2,0,0.7432135343551636,1
D1_global_hybrid_medium,2,2,280,50426,2,0,0.11920993030071259,0
D1_global_hybrid_medium,2,2,281,50427,2,0,0.11841005086898804,0
D1_global_hybrid_medium,2,2,288,50438,2,0,0.11867942661046982,0
D1_global_hybrid_medium,2,2,293,50443,2,0,0.1797550916671753,0
D1_global_hybrid_medium,2,2,326,50501,1,1,0.8114317655563354,1
D1_global_hybrid_medium,2,2,336,50518,1,1,0.8095160126686096,1
D1_global_hybrid_medium,2,2,340,50523,1,1,0.8111487030982971,1
D1_global_hybrid_medium,2,2,352,50555,2,0,0.11868830770254135,0
D1_global_hybrid_medium,2,2,354,50558,2,0,0.11865846067667007,0
D1_global_hybrid_medium,2,2,373,50606,1,1,0.7936281561851501,1
D1_global_hybrid_medium,2,2,392,50644,1,1,0.6975188851356506,1
D1_global_hybrid_medium,2,2,396,50654,1,1,0.21333901584148407,0
D1_global_hybrid_medium,2,2,403,50683,2,0,0.1188478171825409,0
D1_global_hybrid_medium,2,2,404,50685,2,0,0.13193047046661377,0
D1_global_hybrid_medium,2,2,417,50698,2,0,0.12653303146362305,0
D1_global_hybrid_medium,2,2,422,50703,2,0,0.12899379432201385,0
D1_global_hybrid_medium,2,2,437,50731,2,0,0.11871720850467682,0
D1_global_hybrid_medium,2,2,450,50749,1,1,0.7606035470962524,1
D1_global_hybrid_medium,2,2,460,50774,2,0,0.11846048384904861,0
D1_global_hybrid_medium,2,2,462,50776,2,0,0.11919509619474411,0
D1_global_hybrid_medium,2,2,474,50797,1,1,0.5430387258529663,1
D1_global_hybrid_medium,2,2,508,50972,1,1,0.8047573566436768,1
D1_global_hybrid_medium,2,2,514,50979,1,1,0.48543083667755127,0
D1_global_hybrid_medium,2,2,537,51006,1,1,0.8101291060447693,1
D1_global_hybrid_medium,2,2,538,51007,1,1,0.8030524253845215,1
D1_global_hybrid_medium,2,2,550,51019,1,1,0.7885850071907043,1
D1_global_hybrid_medium,2,2,554,51024,1,1,0.7656498551368713,1
D1_global_hybrid_medium,2,2,571,51044,2,0,0.12087152153253555,0
D1_global_hybrid_medium,2,2,579,51052,2,0,0.11865469813346863,0
D1_global_hybrid_medium,2,2,583,51056,2,0,0.12167375534772873,0
D1_global_hybrid_medium,2,2,590,51063,2,0,0.11991504579782486,0
D1_global_hybrid_medium,2,2,599,51073,2,0,0.11940893530845642,0
D1_global_hybrid_medium,2,2,622,51097,2,0,0.12185295671224594,0
D1_global_hybrid_medium,2,2,628,51103,2,0,0.16165854036808014,0
D1_global_hybrid_medium,2,2,638,51114,2,0,0.24377694725990295,0
D1_global_hybrid_medium,2,2,661,51142,2,0,0.12001733481884003,0
D1_global_hybrid_medium,2,2,672,51156,2,0,0.11879339814186096,0
D1_global_hybrid_medium,2,2,677,51164,1,1,0.8084120750427246,1
D1_global_hybrid_medium,2,2,689,51183,2,0,0.1575012505054474,0
D1_global_hybrid_medium,2,2,705,51207,1,1,0.8094687461853027,1
D1_global_hybrid_medium,2,2,706,51208,1,1,0.2102852612733841,0
D1_global_hybrid_medium,2,2,709,51212,1,1,0.8080429434776306,1
D1_global_hybrid_medium,2,2,720,51224,1,1,0.8112258315086365,1
D1_global_hybrid_medium,2,2,723,51228,1,1,0.8094566464424133,1
D1_global_hybrid_medium,2,2,728,51235,1,1,0.8112898468971252,1
D1_global_hybrid_medium,2,2,735,51249,1,1,0.8100424408912659,1
D1_global_hybrid_medium,2,2,737,51251,2,0,0.3371965289115906,0
D1_global_hybrid_medium,2,2,741,51255,2,0,0.11866878718137741,0
D1_global_hybrid_medium,2,2,767,51295,1,1,0.8062520027160645,1
D1_global_hybrid_medium,2,2,769,51298,1,1,0.800393283367157,1
D1_global_hybrid_medium,2,2,770,51299,1,1,0.7829698324203491,1
D1_global_hybrid_medium,2,2,791,51326,1,1,0.42196351289749146,0
D1_global_hybrid_medium,2,2,795,51330,1,1,0.7468547224998474,1
D1_global_hybrid_medium,2,2,805,51341,2,0,0.1807369440793991,0
D1_global_hybrid_medium,2,2,838,51484,2,0,0.11866061389446259,0
D1_global_hybrid_medium,2,2,853,51567,2,0,0.12320349365472794,0
D1_global_hybrid_medium,2,2,856,51570,2,0,0.13758988678455353,0
D1_global_hybrid_medium,2,2,858,51573,1,1,0.40450507402420044,0
D1_global_hybrid_medium,2,2,865,51582,1,1,0.7952137589454651,1
D1_global_hybrid_medium,2,2,868,51585,1,1,0.8083868622779846,1
D1_global_hybrid_medium,2,3,1,50004,1,1,0.8175264596939087,1
D1_global_hybrid_medium,2,3,4,50007,1,1,0.281287282705307,0
D1_global_hybrid_medium,2,3,25,50034,2,0,0.06745404005050659,0
D1_global_hybrid_medium,2,3,34,50043,2,0,0.09382182359695435,0
D1_global_hybrid_medium,2,3,62,50116,2,0,0.10110560059547424,0
D1_global_hybrid_medium,2,3,108,50188,1,1,0.07213310897350311,0
D1_global_hybrid_medium,2,3,117,50200,2,0,0.06903780996799469,0
D1_global_hybrid_medium,2,3,125,50210,2,0,0.06883472949266434,0
D1_global_hybrid_medium,2,3,141,50248,1,1,0.8196002840995789,1
D1_global_hybrid_medium,2,3,152,50261,2,0,0.7463811039924622,1
D1_global_hybrid_medium,2,3,162,50271,2,0,0.1006021648645401,0
D1_global_hybrid_medium,2,3,163,50272,1,1,0.818130612373352,1
D1_global_hybrid_medium,2,3,177,50293,1,1,0.45063915848731995,0
D1_global_hybrid_medium,2,3,178,50294,1,1,0.8184067606925964,1
D1_global_hybrid_medium,2,3,200,50331,2,0,0.06971868872642517,0
D1_global_hybrid_medium,2,3,209,50340,2,0,0.07801175862550735,0
D1_global_hybrid_medium,2,3,218,50349,2,0,0.0768701359629631,0
D1_global_hybrid_medium,2,3,229,50360,2,0,0.07020365446805954,0
D1_global_hybrid_medium,2,3,243,50375,2,0,0.07063057273626328,0
D1_global_hybrid_medium,2,3,244,50376,2,0,0.34296178817749023,0
D1_global_hybrid_medium,2,3,265,50408,1,1,0.08086837828159332,0
D1_global_hybrid_medium,2,3,274,50418,2,0,0.06725011765956879,0
D1_global_hybrid_medium,2,3,283,50433,2,0,0.07441611588001251,0
D1_global_hybrid_medium,2,3,302,50466,2,0,0.06938429921865463,0
D1_global_hybrid_medium,2,3,311,50483,1,1,0.6193035840988159,1
D1_global_hybrid_medium,2,3,313,50486,1,1,0.819124162197113,1
D1_global_hybrid_medium,2,3,321,50496,1,1,0.692785918712616,1
D1_global_hybrid_medium,2,3,322,50497,1,1,0.8092412948608398,1
D1_global_hybrid_medium,2,3,341,50524,1,1,0.8160179257392883,1
D1_global_hybrid_medium,2,3,342,50525,1,1,0.8017271161079407,1
D1_global_hybrid_medium,2,3,355,50561,2,0,0.06770619750022888,0
D1_global_hybrid_medium,2,3,368,50578,2,0,0.8094348907470703,1
D1_global_hybrid_medium,2,3,370,50602,1,1,0.8170561790466309,1
D1_global_hybrid_medium,2,3,375,50608,1,1,0.6096888780593872,1
D1_global_hybrid_medium,2,3,378,50614,1,1,0.7725042104721069,1
D1_global_hybrid_medium,2,3,379,50615,1,1,0.8194575905799866,1
D1_global_hybrid_medium,2,3,390,50628,1,1,0.815774142742157,1
D1_global_hybrid_medium,2,3,395,50649,1,1,0.1325206458568573,0
D1_global_hybrid_medium,2,3,399,50664,2,0,0.16653072834014893,0
D1_global_hybrid_medium,2,3,402,50682,2,0,0.06737174838781357,0
D1_global_hybrid_medium,2,3,421,50702,1,1,0.5832943320274353,1
D1_global_hybrid_medium,2,3,429,50711,1,1,0.23353102803230286,0
D1_global_hybrid_medium,2,3,431,50723,2,0,0.0672251433134079,0
D1_global_hybrid_medium,2,3,439,50735,2,0,0.08302728831768036,0
D1_global_hybrid_medium,2,3,440,50737,2,0,0.0968596562743187,0
D1_global_hybrid_medium,2,3,445,50742,2,0,0.06786926835775375,0
D1_global_hybrid_medium,2,3,451,50750,1,1,0.7333768606185913,1
D1_global_hybrid_medium,2,3,454,50754,1,1,0.8170654773712158,1
D1_global_hybrid_medium,2,3,455,50755,1,1,0.8143577575683594,1
D1_global_hybrid_medium,2,3,477,50800,1,1,0.7638440132141113,1
D1_global_hybrid_medium,2,3,480,50807,1,1,0.8136188983917236,1
D1_global_hybrid_medium,2,3,497,50959,1,1,0.08968721330165863,0
D1_global_hybrid_medium,2,3,516,50982,1,1,0.06752383708953857,0
D1_global_hybrid_medium,2,3,525,50991,1,1,0.06937672942876816,0
D1_global_hybrid_medium,2,3,548,51017,1,1,0.2815590500831604,0
D1_global_hybrid_medium,2,3,552,51021,1,1,0.8012222647666931,1
D1_global_hybrid_medium,2,3,587,51060,2,0,0.6642477512359619,1
D1_global_hybrid_medium,2,3,597,51070,2,0,0.06762378662824631,0
D1_global_hybrid_medium,2,3,614,51088,2,0,0.08083716779947281,0
D1_global_hybrid_medium,2,3,621,51096,2,0,0.09120327234268188,0
D1_global_hybrid_medium,2,3,631,51106,2,0,0.08440276980400085,0
D1_global_hybrid_medium,2,3,640,51117,2,0,0.08962178975343704,0
D1_global_hybrid_medium,2,3,644,51124,2,0,0.06723061949014664,0
D1_global_hybrid_medium,2,3,650,51131,2,0,0.08894224464893341,0
D1_global_hybrid_medium,2,3,655,51136,2,0,0.18487372994422913,0
D1_global_hybrid_medium,2,3,657,51138,2,0,0.07364306598901749,0
D1_global_hybrid_medium,2,3,663,51147,2,0,0.06963977217674255,0
D1_global_hybrid_medium,2,3,669,51153,2,0,0.07020144909620285,0
D1_global_hybrid_medium,2,3,671,51155,2,0,0.07625045627355576,0
D1_global_hybrid_medium,2,3,691,51185,2,0,0.6197807192802429,1
D1_global_hybrid_medium,2,3,693,51188,2,0,0.0782371386885643,0
D1_global_hybrid_medium,2,3,703,51205,1,1,0.81775963306427,1
D1_global_hybrid_medium,2,3,711,51215,1,1,0.119288370013237,0
D1_global_hybrid_medium,2,3,724,51229,1,1,0.8148654103279114,1
D1_global_hybrid_medium,2,3,725,51230,1,1,0.8194134831428528,1
D1_global_hybrid_medium,2,3,754,51272,2,0,0.07286369800567627,0
D1_global_hybrid_medium,2,3,757,51276,2,0,0.069496750831604,0
D1_global_hybrid_medium,2,3,762,51281,2,0,0.07819615304470062,0
D1_global_hybrid_medium,2,3,772,51301,1,1,0.6565606594085693,1
D1_global_hybrid_medium,2,3,783,51315,2,0,0.14201229810714722,0
D1_global_hybrid_medium,2,3,787,51321,1,1,0.39764541387557983,0
D1_global_hybrid_medium,2,3,813,51350,1,1,0.7698214054107666,1
D1_global_hybrid_medium,2,3,818,51359,2,0,0.8135707974433899,1
D1_global_hybrid_medium,2,3,821,51362,2,0,0.07723667472600937,0
D1_global_hybrid_medium,2,3,829,51463,1,1,0.8194786310195923,1
D1_global_hybrid_medium,2,3,836,51481,2,0,0.06744401901960373,0
D1_global_hybrid_medium,2,3,861,51577,1,1,0.8129568099975586,1
D1_global_hybrid_medium,2,4,5,50008,1,1,0.9281400442123413,1
D1_global_hybrid_medium,2,4,17,50025,1,1,0.9291524887084961,1
D1_global_hybrid_medium,2,4,23,50032,2,0,0.13030686974525452,0
D1_global_hybrid_medium,2,4,26,50035,2,0,0.2574126422405243,0
D1_global_hybrid_medium,2,4,28,50037,2,0,0.5813939571380615,1
D1_global_hybrid_medium,2,4,51,50103,2,0,0.9268881678581238,1
D1_global_hybrid_medium,2,4,52,50104,2,0,0.1409325748682022,0
D1_global_hybrid_medium,2,4,56,50109,2,0,0.3397527039051056,0
D1_global_hybrid_medium,2,4,58,50112,2,0,0.6557577848434448,1
D1_global_hybrid_medium,2,4,88,50153,1,1,0.9270433187484741,1
D1_global_hybrid_medium,2,4,90,50157,2,0,0.1935722976922989,0
D1_global_hybrid_medium,2,4,100,50169,2,0,0.13107725977897644,0
D1_global_hybrid_medium,2,4,120,50203,2,0,0.13073569536209106,0
D1_global_hybrid_medium,2,4,131,50233,1,1,0.926000714302063,1
D1_global_hybrid_medium,2,4,136,50240,1,1,0.9283008575439453,1
D1_global_hybrid_medium,2,4,161,50270,2,0,0.2946383059024811,0
D1_global_hybrid_medium,2,4,165,50274,1,1,0.9287480115890503,1
D1_global_hybrid_medium,2,4,172,50287,1,1,0.45990103483200073,0
D1_global_hybrid_medium,2,4,181,50298,1,1,0.9267253279685974,1
D1_global_hybrid_medium,2,4,191,50318,1,1,0.4842073917388916,0
D1_global_hybrid_medium,2,4,211,50342,2,0,0.4355732202529907,0
D1_global_hybrid_medium,2,4,213,50344,2,0,0.13436023890972137,0
D1_global_hybrid_medium,2,4,214,50345,2,0,0.129481241106987,0
D1_global_hybrid_medium,2,4,225,50356,2,0,0.13611772656440735,0
D1_global_hybrid_medium,2,4,254,50388,2,0,0.1385333389043808,0
D1_global_hybrid_medium,2,4,271,50415,2,0,0.2903589904308319,0
D1_global_hybrid_medium,2,4,306,50470,2,0,0.8154085874557495,1
D1_global_hybrid_medium,2,4,312,50485,1,1,0.12992127239704132,0
D1_global_hybrid_medium,2,4,314,50487,1,1,0.928320050239563,1
D1_global_hybrid_medium,2,4,315,50488,1,1,0.9291406869888306,1
D1_global_hybrid_medium,2,4,316,50490,1,1,0.9277539253234863,1
D1_global_hybrid_medium,2,4,334,50515,1,1,0.9271597862243652,1
D1_global_hybrid_medium,2,4,335,50516,1,1,0.9195119738578796,1
D1_global_hybrid_medium,2,4,356,50563,2,0,0.12941306829452515,0
D1_global_hybrid_medium,2,4,383,50621,1,1,0.9285762906074524,1
D1_global_hybrid_medium,2,4,388,50626,1,1,0.926582396030426,1
D1_global_hybrid_medium,2,4,401,50669,2,0,0.9244170188903809,1
D1_global_hybrid_medium,2,4,416,50697,1,1,0.9271160364151001,1
D1_global_hybrid_medium,2,4,424,50705,1,1,0.9198446869850159,1
D1_global_hybrid_medium,2,4,442,50739,2,0,0.6284080743789673,1
D1_global_hybrid_medium,2,4,448,50745,1,1,0.9268872737884521,1
D1_global_hybrid_medium,2,4,452,50751,1,1,0.9277661442756653,1
D1_global_hybrid_medium,2,4,453,50752,1,1,0.8046152591705322,1
D1_global_hybrid_medium,2,4,457,50757,1,1,0.7868665456771851,1
D1_global_hybrid_medium,2,4,458,50772,2,0,0.9241762757301331,1
D1_global_hybrid_medium,2,4,464,50778,2,0,0.3825490176677704,0
D1_global_hybrid_medium,2,4,473,50796,1,1,0.9291248917579651,1
D1_global_hybrid_medium,2,4,476,50799,1,1,0.9241927862167358,1
D1_global_hybrid_medium,2,4,483,50816,2,0,0.14090456068515778,0
D1_global_hybrid_medium,2,4,515,50981,1,1,0.9286467432975769,1
D1_global_hybrid_medium,2,4,522,50988,1,1,0.927796483039856,1
D1_global_hybrid_medium,2,4,545,51014,1,1,0.9236847758293152,1
D1_global_hybrid_medium,2,4,561,51032,1,1,0.928947925567627,1
D1_global_hybrid_medium,2,4,572,51045,2,0,0.1419936865568161,0
D1_global_hybrid_medium,2,4,580,51053,2,0,0.14444714784622192,0
D1_global_hybrid_medium,2,4,581,51054,2,0,0.12896764278411865,0
D1_global_hybrid_medium,2,4,606,51080,2,0,0.6646619439125061,1
D1_global_hybrid_medium,2,4,607,51081,2,0,0.13237683475017548,0
D1_global_hybrid_medium,2,4,609,51083,2,0,0.9291964769363403,1
D1_global_hybrid_medium,2,4,630,51105,2,0,0.13965335488319397,0
D1_global_hybrid_medium,2,4,637,51113,2,0,0.13477417826652527,0
D1_global_hybrid_medium,2,4,646,51127,2,0,0.927487313747406,1
D1_global_hybrid_medium,2,4,647,51128,2,0,0.18548943102359772,0
D1_global_hybrid_medium,2,4,652,51133,2,0,0.9253670573234558,1
D1_global_hybrid_medium,2,4,658,51139,2,0,0.13057610392570496,0
D1_global_hybrid_medium,2,4,659,51140,2,0,0.13345366716384888,0
D1_global_hybrid_medium,2,4,664,51148,2,0,0.14223825931549072,0
D1_global_hybrid_medium,2,4,674,51161,1,1,0.9259283542633057,1
D1_global_hybrid_medium,2,4,675,51162,1,1,0.9291279911994934,1
D1_global_hybrid_medium,2,4,681,51171,1,1,0.9274027943611145,1
D1_global_hybrid_medium,2,4,682,51173,1,1,0.926308274269104,1
D1_global_hybrid_medium,2,4,697,51197,2,0,0.5266624093055725,1
D1_global_hybrid_medium,2,4,704,51206,1,1,0.9271385073661804,1
D1_global_hybrid_medium,2,4,714,51218,1,1,0.9218133091926575,1
D1_global_hybrid_medium,2,4,718,51222,1,1,0.15529558062553406,0
D1_global_hybrid_medium,2,4,733,51241,1,1,0.8907512426376343,1
D1_global_hybrid_medium,2,4,759,51278,2,0,0.7344970107078552,1
D1_global_hybrid_medium,2,4,766,51294,1,1,0.917246401309967,1
D1_global_hybrid_medium,2,4,775,51304,2,0,0.2565467655658722,0
D1_global_hybrid_medium,2,4,776,51305,2,0,0.1553240269422531,0
D1_global_hybrid_medium,2,4,799,51334,2,0,0.1737903505563736,0
D1_global_hybrid_medium,2,4,804,51340,2,0,0.13493293523788452,0
D1_global_hybrid_medium,2,4,811,51347,2,0,0.1323142945766449,0
D1_global_hybrid_medium,2,4,830,51464,1,1,0.9227855801582336,1
D1_global_hybrid_medium,2,4,835,51480,2,0,0.13630492985248566,0
D1_global_hybrid_medium,2,4,855,51569,2,0,0.2485695779323578,0
D1_global_hybrid_medium,2,4,862,51578,1,1,0.9241859912872314,1
D1_global_hybrid_medium,2,5,3,50006,1,1,0.8756287097930908,1
D1_global_hybrid_medium,2,5,8,50012,1,1,0.8393667340278625,1
D1_global_hybrid_medium,2,5,12,50016,1,1,0.8736825585365295,1
D1_global_hybrid_medium,2,5,14,50022,1,1,0.09666024148464203,0
D1_global_hybrid_medium,2,5,19,50027,1,1,0.09620936959981918,0
D1_global_hybrid_medium,2,5,21,50030,2,0,0.09531159698963165,0
D1_global_hybrid_medium,2,5,29,50038,2,0,0.09597376734018326,0
D1_global_hybrid_medium,2,5,31,50040,2,0,0.10095438361167908,0
D1_global_hybrid_medium,2,5,63,50117,2,0,0.1161564514040947,0
D1_global_hybrid_medium,2,5,80,50144,1,1,0.875562846660614,1
D1_global_hybrid_medium,2,5,82,50146,1,1,0.09566054493188858,0
D1_global_hybrid_medium,2,5,103,50182,1,1,0.733454704284668,1
D1_global_hybrid_medium,2,5,113,50195,2,0,0.10036106407642365,0
D1_global_hybrid_medium,2,5,119,50202,2,0,0.1346088945865631,0
D1_global_hybrid_medium,2,5,126,50213,2,0,0.09535493701696396,0
D1_global_hybrid_medium,2,5,135,50239,1,1,0.09702497720718384,0
D1_global_hybrid_medium,2,5,142,50249,1,1,0.8749841451644897,1
D1_global_hybrid_medium,2,5,156,50265,2,0,0.09788637608289719,0
D1_global_hybrid_medium,2,5,157,50266,2,0,0.09517750144004822,0
D1_global_hybrid_medium,2,5,170,50284,1,1,0.5121369957923889,1
D1_global_hybrid_medium,2,5,173,50289,1,1,0.5680426359176636,1
D1_global_hybrid_medium,2,5,175,50291,1,1,0.42906439304351807,0
D1_global_hybrid_medium,2,5,186,50308,1,1,0.5779018998146057,1
D1_global_hybrid_medium,2,5,195,50324,1,1,0.6946893334388733,1
D1_global_hybrid_medium,2,5,197,50327,2,0,0.09664715081453323,0
D1_global_hybrid_medium,2,5,198,50329,2,0,0.0957183763384819,0
D1_global_hybrid_medium,2,5,199,50330,2,0,0.09546630829572678,0
D1_global_hybrid_medium,2,5,206,50337,2,0,0.13694140315055847,0
D1_global_hybrid_medium,2,5,222,50353,2,0,0.09977228194475174,0
D1_global_hybrid_medium,2,5,236,50367,2,0,0.09666185826063156,0
D1_global_hybrid_medium,2,5,240,50372,2,0,0.0980038121342659,0
D1_global_hybrid_medium,2,5,264,50407,1,1,0.8533969521522522,1
D1_global_hybrid_medium,2,5,267,50411,1,1,0.8741572499275208,1
D1_global_hybrid_medium,2,5,272,50416,2,0,0.09535418450832367,0
D1_global_hybrid_medium,2,5,275,50419,2,0,0.0953863114118576,0
D1_global_hybrid_medium,2,5,279,50425,2,0,0.2182525396347046,0
D1_global_hybrid_medium,2,5,292,50442,2,0,0.10176626592874527,0
D1_global_hybrid_medium,2,5,297,50447,2,0,0.20518869161605835,0
D1_global_hybrid_medium,2,5,298,50448,2,0,0.14645519852638245,0
D1_global_hybrid_medium,2,5,305,50469,2,0,0.09799820184707642,0
D1_global_hybrid_medium,2,5,309,50481,1,1,0.875048041343689,1
D1_global_hybrid_medium,2,5,319,50493,1,1,0.8635547161102295,1
D1_global_hybrid_medium,2,5,320,50494,1,1,0.34695225954055786,0
D1_global_hybrid_medium,2,5,325,50500,1,1,0.8740105628967285,1
D1_global_hybrid_medium,2,5,331,50509,1,1,0.7198416590690613,1
D1_global_hybrid_medium,2,5,332,50510,1,1,0.8745856285095215,1
D1_global_hybrid_medium,2,5,338,50520,1,1,0.8756012916564941,1
D1_global_hybrid_medium,2,5,346,50529,1,1,0.8733133673667908,1
D1_global_hybrid_medium,2,5,367,50577,2,0,0.09525424987077713,0
D1_global_hybrid_medium,2,5,381,50619,1,1,0.8723543882369995,1
D1_global_hybrid_medium,2,5,384,50622,1,1,0.7912135720252991,1
D1_global_hybrid_medium,2,5,398,50659,2,0,0.29947200417518616,0
D1_global_hybrid_medium,2,5,400,50665,2,0,0.3428369164466858,0
D1_global_hybrid_medium,2,5,433,50725,2,0,0.09534662216901779,0
D1_global_hybrid_medium,2,5,436,50730,2,0,0.09769411385059357,0
D1_global_hybrid_medium,2,5,487,50821,2,0,0.09599266946315765,0
D1_global_hybrid_medium,2,5,492,50954,1,1,0.1539739966392517,0
D1_global_hybrid_medium,2,5,503,50966,1,1,0.24555626511573792,0
D1_global_hybrid_medium,2,5,520,50986,1,1,0.12483499944210052,0
D1_global_hybrid_medium,2,5,530,50996,1,1,0.7737427353858948,1
D1_global_hybrid_medium,2,5,546,51015,1,1,0.0972006693482399,0
D1_global_hybrid_medium,2,5,559,51029,1,1,0.8747866153717041,1
D1_global_hybrid_medium,2,5,560,51030,1,1,0.8668572306632996,1
D1_global_hybrid_medium,2,5,589,51062,2,0,0.10372509062290192,0
D1_global_hybrid_medium,2,5,594,51067,2,0,0.10629567503929138,0
D1_global_hybrid_medium,2,5,602,51076,2,0,0.10575766861438751,0
D1_global_hybrid_medium,2,5,613,51087,2,0,0.09598314762115479,0
D1_global_hybrid_medium,2,5,625,51100,2,0,0.09595514088869095,0
D1_global_hybrid_medium,2,5,629,51104,2,0,0.09594699740409851,0
D1_global_hybrid_medium,2,5,635,51111,2,0,0.09996309876441956,0
D1_global_hybrid_medium,2,5,678,51168,1,1,0.508894681930542,1
D1_global_hybrid_medium,2,5,690,51184,2,0,0.2945963740348816,0
D1_global_hybrid_medium,2,5,727,51234,1,1,0.8543667197227478,1
D1_global_hybrid_medium,2,5,743,51257,2,0,0.09998008608818054,0
D1_global_hybrid_medium,2,5,774,51303,2,0,0.10098685324192047,0
D1_global_hybrid_medium,2,5,780,51309,2,0,0.8652492761611938,1
D1_global_hybrid_medium,2,5,786,51320,1,1,0.8756144642829895,1
D1_global_hybrid_medium,2,5,810,51346,2,0,0.09787417203187943,0
D1_global_hybrid_medium,2,5,814,51351,1,1,0.14086627960205078,0
D1_global_hybrid_medium,2,5,815,51354,1,1,0.6619965434074402,1
D1_global_hybrid_medium,2,5,820,51361,2,0,0.09722720831632614,0
D1_global_hybrid_medium,2,5,834,51479,2,0,0.10295559465885162,0
D1_global_hybrid_medium,2,5,841,51491,2,0,0.10098733752965927,0
D1_global_hybrid_medium,2,5,844,51557,2,0,0.09646423161029816,0
D1_global_hybrid_medium,2,5,845,51558,2,0,0.09537014365196228,0
D1_global_hybrid_medium,2,5,846,51559,2,0,0.1435544788837433,0
D1_global_hybrid_medium,2,5,870,51607,1,1,0.12340916693210602,0
D1_global_hybrid_medium,2,6,13,50020,1,1,0.8936368227005005,1
D1_global_hybrid_medium,2,6,15,50023,1,1,0.8944017291069031,1
D1_global_hybrid_medium,2,6,22,50031,2,0,0.11733321100473404,0
D1_global_hybrid_medium,2,6,59,50113,2,0,0.12701423466205597,0
D1_global_hybrid_medium,2,6,60,50114,2,0,0.12238457798957825,0
D1_global_hybrid_medium,2,6,65,50119,1,1,0.11733951419591904,0
D1_global_hybrid_medium,2,6,71,50128,1,1,0.8886335492134094,1
D1_global_hybrid_medium,2,6,77,50135,1,1,0.8942937850952148,1
D1_global_hybrid_medium,2,6,89,50156,1,1,0.8944228887557983,1
D1_global_hybrid_medium,2,6,93,50160,2,0,0.12108952552080154,0
D1_global_hybrid_medium,2,6,94,50161,2,0,0.4033987522125244,0
D1_global_hybrid_medium,2,6,96,50163,2,0,0.12256594002246857,0
D1_global_hybrid_medium,2,6,128,50215,2,0,0.12327484041452408,0
D1_global_hybrid_medium,2,6,143,50250,1,1,0.4775494337081909,0
D1_global_hybrid_medium,2,6,166,50275,1,1,0.8880992531776428,1
D1_global_hybrid_medium,2,6,167,50276,1,1,0.8919811248779297,1
D1_global_hybrid_medium,2,6,168,50278,1,1,0.8942018747329712,1
D1_global_hybrid_medium,2,6,171,50285,1,1,0.8885541558265686,1
D1_global_hybrid_medium,2,6,174,50290,1,1,0.8851324319839478,1
D1_global_hybrid_medium,2,6,190,50315,1,1,0.8943929672241211,1
D1_global_hybrid_medium,2,6,219,50350,2,0,0.12707267701625824,0
D1_global_hybrid_medium,2,6,220,50351,2,0,0.12705370783805847,0
D1_global_hybrid_medium,2,6,227,50358,2,0,0.18820089101791382,0
D1_global_hybrid_medium,2,6,235,50366,2,0,0.11839509010314941,0
D1_global_hybrid_medium,2,6,276,50421,2,0,0.12258768826723099,0
D1_global_hybrid_medium,2,6,287,50437,2,0,0.8943226933479309,1
D1_global_hybrid_medium,2,6,290,50440,2,0,0.2270781695842743,0
D1_global_hybrid_medium,2,6,310,50482,1,1,0.8900939226150513,1
D1_global_hybrid_medium,2,6,327,50502,1,1,0.8938390612602234,1
D1_global_hybrid_medium,2,6,333,50514,1,1,0.8928470015525818,1
D1_global_hybrid_medium,2,6,337,50519,1,1,0.8877765536308289,1
D1_global_hybrid_medium,2,6,350,50551,2,0,0.3777702748775482,0
D1_global_hybrid_medium,2,6,362,50572,2,0,0.11758974194526672,0
D1_global_hybrid_medium,2,6,382,50620,1,1,0.16963127255439758,0
D1_global_hybrid_medium,2,6,393,50647,1,1,0.5012732744216919,1
D1_global_hybrid_medium,2,6,406,50687,2,0,0.8925355672836304,1
D1_global_hybrid_medium,2,6,408,50689,1,1,0.8943712115287781,1
D1_global_hybrid_medium,2,6,409,50690,1,1,0.12366779893636703,0
D1_global_hybrid_medium,2,6,418,50699,2,0,0.8943189382553101,1
D1_global_hybrid_medium,2,6,423,50704,1,1,0.8726073503494263,1
D1_global_hybrid_medium,2,6,426,50707,2,0,0.11736180633306503,0
D1_global_hybrid_medium,2,6,435,50728,2,0,0.3965725302696228,0
D1_global_hybrid_medium,2,6,449,50748,1,1,0.8943890333175659,1
D1_global_hybrid_medium,2,6,456,50756,1,1,0.8919564485549927,1
D1_global_hybrid_medium,2,6,467,50782,2,0,0.11755091696977615,0
D1_global_hybrid_medium,2,6,486,50820,2,0,0.12667323648929596,0
D1_global_hybrid_medium,2,6,488,50822,2,0,0.11786309629678726,0
D1_global_hybrid_medium,2,6,489,50823,1,1,0.8937037587165833,1
D1_global_hybrid_medium,2,6,499,50961,1,1,0.8773265480995178,1
D1_global_hybrid_medium,2,6,500,50962,1,1,0.8256335854530334,1
D1_global_hybrid_medium,2,6,502,50965,1,1,0.8944217562675476,1
D1_global_hybrid_medium,2,6,531,50997,1,1,0.8894598484039307,1
D1_global_hybrid_medium,2,6,542,51011,1,1,0.8943271636962891,1
D1_global_hybrid_medium,2,6,562,51033,1,1,0.8872779607772827,1
D1_global_hybrid_medium,2,6,577,51050,2,0,0.11757569015026093,0
D1_global_hybrid_medium,2,6,610,51084,2,0,0.893319845199585,1
D1_global_hybrid_medium,2,6,615,51089,2,0,0.12148041278123856,0
D1_global_hybrid_medium,2,6,639,51116,2,0,0.1331043541431427,0
D1_global_hybrid_medium,2,6,648,51129,2,0,0.12639306485652924,0
D1_global_hybrid_medium,2,6,656,51137,2,0,0.12400317192077637,0
D1_global_hybrid_medium,2,6,679,51169,1,1,0.48040226101875305,0
D1_global_hybrid_medium,2,6,685,51179,1,1,0.8919737339019775,1
D1_global_hybrid_medium,2,6,688,51182,2,0,0.12121453881263733,0
D1_global_hybrid_medium,2,6,700,51202,1,1,0.8915554881095886,1
D1_global_hybrid_medium,2,6,731,51239,1,1,0.8871701955795288,1
D1_global_hybrid_medium,2,6,744,51260,2,0,0.11719691753387451,0
D1_global_hybrid_medium,2,6,746,51262,2,0,0.7196090817451477,1
D1_global_hybrid_medium,2,6,747,51264,2,0,0.11823086440563202,0
D1_global_hybrid_medium,2,6,751,51268,2,0,0.11804930120706558,0
D1_global_hybrid_medium,2,6,753,51271,2,0,0.11719465255737305,0
D1_global_hybrid_medium,2,6,755,51273,2,0,0.8932873606681824,1
D1_global_hybrid_medium,2,6,760,51279,2,0,0.11755414307117462,0
D1_global_hybrid_medium,2,6,763,51291,1,1,0.8943260312080383,1
D1_global_hybrid_medium,2,6,768,51297,1,1,0.8942578434944153,1
D1_global_hybrid_medium,2,6,773,51302,1,1,0.43049558997154236,0
D1_global_hybrid_medium,2,6,779,51308,2,0,0.12667417526245117,0
D1_global_hybrid_medium,2,6,781,51311,2,0,0.11794020235538483,0
D1_global_hybrid_medium,2,6,801,51336,2,0,0.1172127053141594,0
D1_global_hybrid_medium,2,6,809,51345,2,0,0.11811418831348419,0
D1_global_hybrid_medium,2,6,824,51365,2,0,0.11865063011646271,0
D1_global_hybrid_medium,2,6,831,51465,1,1,0.8943853378295898,1
D1_global_hybrid_medium,2,6,840,51488,2,0,0.15487037599086761,0
D1_global_hybrid_medium,2,6,843,51556,2,0,0.19578856229782104,0
D1_global_hybrid_medium,2,6,848,51562,2,0,0.12140704691410065,0
D1_global_hybrid_medium,2,6,849,51563,2,0,0.13885436952114105,0
D1_global_hybrid_medium,2,6,854,51568,2,0,0.18262606859207153,0
D1_global_hybrid_medium,2,6,859,51574,1,1,0.894076943397522,1
D1_global_hybrid_medium,2,7,38,50047,2,0,0.07212455570697784,0
D1_global_hybrid_medium,2,7,44,50053,1,1,0.38441601395606995,0
D1_global_hybrid_medium,2,7,46,50056,1,1,0.9107792377471924,1
D1_global_hybrid_medium,2,7,47,50057,1,1,0.07386864721775055,0
D1_global_hybrid_medium,2,7,57,50111,2,0,0.07502493262290955,0
D1_global_hybrid_medium,2,7,68,50124,1,1,0.9132205843925476,1
D1_global_hybrid_medium,2,7,69,50125,1,1,0.9095656275749207,1
D1_global_hybrid_medium,2,7,85,50149,1,1,0.9121122360229492,1
D1_global_hybrid_medium,2,7,91,50158,2,0,0.07279322296380997,0
D1_global_hybrid_medium,2,7,97,50164,2,0,0.0723731592297554,0
D1_global_hybrid_medium,2,7,111,50193,2,0,0.07230938971042633,0
D1_global_hybrid_medium,2,7,116,50199,2,0,0.07224508374929428,0
D1_global_hybrid_medium,2,7,137,50241,1,1,0.9079696536064148,1
D1_global_hybrid_medium,2,7,139,50245,1,1,0.2631967067718506,0
D1_global_hybrid_medium,2,7,145,50252,1,1,0.2136601209640503,0
D1_global_hybrid_medium,2,7,147,50254,1,1,0.5109337568283081,1
D1_global_hybrid_medium,2,7,148,50255,1,1,0.9111844301223755,1
D1_global_hybrid_medium,2,7,154,50263,2,0,0.07350803166627884,0
D1_global_hybrid_medium,2,7,159,50268,2,0,0.07352013885974884,0
D1_global_hybrid_medium,2,7,185,50304,1,1,0.36960166692733765,0
D1_global_hybrid_medium,2,7,189,50314,1,1,0.9124870896339417,1
D1_global_hybrid_medium,2,7,201,50332,2,0,0.07193321734666824,0
D1_global_hybrid_medium,2,7,207,50338,2,0,0.0723729357123375,0
D1_global_hybrid_medium,2,7,208,50339,2,0,0.07386535406112671,0
D1_global_hybrid_medium,2,7,230,50361,2,0,0.07279292494058609,0
D1_global_hybrid_medium,2,7,238,50369,2,0,0.07351662218570709,0
D1_global_hybrid_medium,2,7,241,50373,2,0,0.07302697002887726,0
D1_global_hybrid_medium,2,7,249,50382,2,0,0.07261426746845245,0
D1_global_hybrid_medium,2,7,269,50413,1,1,0.909502387046814,1
D1_global_hybrid_medium,2,7,278,50424,2,0,0.0723029300570488,0
D1_global_hybrid_medium,2,7,308,50480,1,1,0.9105658531188965,1
D1_global_hybrid_medium,2,7,318,50492,1,1,0.9024039506912231,1
D1_global_hybrid_medium,2,7,330,50507,1,1,0.21879923343658447,0
D1_global_hybrid_medium,2,7,351,50552,2,0,0.08955062180757523,0
D1_global_hybrid_medium,2,7,353,50557,2,0,0.07189290970563889,0
D1_global_hybrid_medium,2,7,364,50574,2,0,0.12949436902999878,0
D1_global_hybrid_medium,2,7,371,50603,1,1,0.9127691984176636,1
D1_global_hybrid_medium,2,7,376,50612,1,1,0.6256154179573059,1
D1_global_hybrid_medium,2,7,389,50627,1,1,0.6492676138877869,1
D1_global_hybrid_medium,2,7,410,50691,2,0,0.0730886161327362,0
D1_global_hybrid_medium,2,7,428,50709,2,0,0.0719602033495903,0
D1_global_hybrid_medium,2,7,438,50733,2,0,0.0731624886393547,0
D1_global_hybrid_medium,2,7,441,50738,2,0,0.07583426684141159,0
D1_global_hybrid_medium,2,7,444,50741,2,0,0.07319090515375137,0
D1_global_hybrid_medium,2,7,447,50744,1,1,0.9105197787284851,1
D1_global_hybrid_medium,2,7,463,50777,2,0,0.07236728817224503,0
D1_global_hybrid_medium,2,7,465,50780,2,0,0.07586091756820679,0
D1_global_hybrid_medium,2,7,469,50786,2,0,0.07206334918737411,0
D1_global_hybrid_medium,2,7,478,50801,1,1,0.9132282733917236,1
D1_global_hybrid_medium,2,7,479,50803,1,1,0.9131438732147217,1
D1_global_hybrid_medium,2,7,493,50955,1,1,0.07237274199724197,0
D1_global_hybrid_medium,2,7,510,50974,1,1,0.9131165146827698,1
D1_global_hybrid_medium,2,7,521,50987,1,1,0.911888599395752,1
D1_global_hybrid_medium,2,7,534,51001,1,1,0.9106241464614868,1
D1_global_hybrid_medium,2,7,544,51013,1,1,0.8835095763206482,1
D1_global_hybrid_medium,2,7,553,51023,1,1,0.9060865044593811,1
D1_global_hybrid_medium,2,7,558,51028,1,1,0.9131024479866028,1
D1_global_hybrid_medium,2,7,568,51040,2,0,0.07491182535886765,0
D1_global_hybrid_medium,2,7,582,51055,2,0,0.07350503653287888,0
D1_global_hybrid_medium,2,7,586,51059,2,0,0.0750245675444603,0
D1_global_hybrid_medium,2,7,595,51068,2,0,0.5133211612701416,1
D1_global_hybrid_medium,2,7,598,51072,2,0,0.4381847679615021,0
D1_global_hybrid_medium,2,7,600,51074,2,0,0.4567298889160156,0
D1_global_hybrid_medium,2,7,611,51085,2,0,0.9085031747817993,1
D1_global_hybrid_medium,2,7,616,51090,2,0,0.0750439241528511,0
D1_global_hybrid_medium,2,7,623,51098,2,0,0.07613009214401245,0
D1_global_hybrid_medium,2,7,627,51102,2,0,0.07230399549007416,0
D1_global_hybrid_medium,2,7,634,51110,2,0,0.07365428656339645,0
D1_global_hybrid_medium,2,7,651,51132,2,0,0.07500820606946945,0
D1_global_hybrid_medium,2,7,665,51149,2,0,0.07237312197685242,0
D1_global_hybrid_medium,2,7,668,51152,2,0,0.07324299216270447,0
D1_global_hybrid_medium,2,7,670,51154,2,0,0.07223892956972122,0
D1_global_hybrid_medium,2,7,676,51163,1,1,0.8824900388717651,1
D1_global_hybrid_medium,2,7,694,51189,2,0,0.07188408076763153,0
D1_global_hybrid_medium,2,7,713,51217,1,1,0.10717159509658813,0
D1_global_hybrid_medium,2,7,719,51223,1,1,0.15796689689159393,0
D1_global_hybrid_medium,2,7,726,51231,1,1,0.07390348613262177,0
D1_global_hybrid_medium,2,7,729,51236,1,1,0.23555630445480347,0
D1_global_hybrid_medium,2,7,730,51237,1,1,0.9132504463195801,1
D1_global_hybrid_medium,2,7,732,51240,1,1,0.9116594195365906,1
D1_global_hybrid_medium,2,7,745,51261,2,0,0.0720515102148056,0
D1_global_hybrid_medium,2,7,790,51325,1,1,0.9131224751472473,1
D1_global_hybrid_medium,2,7,798,51333,2,0,0.07204735279083252,0
D1_global_hybrid_medium,2,7,807,51343,2,0,0.07496168464422226,0
D1_global_hybrid_medium,2,7,812,51349,1,1,0.07494594156742096,0
D1_global_hybrid_medium,2,7,833,51477,2,0,0.07230246067047119,0
D1_global_hybrid_medium,2,7,863,51579,1,1,0.07194814085960388,0
D1_global_hybrid_medium,2,8,49,50060,2,0,0.10854547470808029,0
D1_global_hybrid_medium,2,8,61,50115,2,0,0.11094111204147339,0
D1_global_hybrid_medium,2,8,64,50118,1,1,0.9349438548088074,1
D1_global_hybrid_medium,2,8,70,50127,1,1,0.9288957715034485,1
D1_global_hybrid_medium,2,8,102,50171,2,0,0.40429794788360596,0
D1_global_hybrid_medium,2,8,105,50184,1,1,0.9345224499702454,1
D1_global_hybrid_medium,2,8,107,50187,1,1,0.11341828107833862,0
D1_global_hybrid_medium,2,8,112,50194,2,0,0.10856010019779205,0
D1_global_hybrid_medium,2,8,114,50196,2,0,0.49331170320510864,0
D1_global_hybrid_medium,2,8,118,50201,2,0,0.10835292190313339,0
D1_global_hybrid_medium,2,8,124,50208,2,0,0.17111922800540924,0
D1_global_hybrid_medium,2,8,133,50236,1,1,0.9360212683677673,1
D1_global_hybrid_medium,2,8,134,50237,1,1,0.9366040825843811,1
D1_global_hybrid_medium,2,8,146,50253,1,1,0.9367049932479858,1
D1_global_hybrid_medium,2,8,151,50260,2,0,0.12699156999588013,0
D1_global_hybrid_medium,2,8,160,50269,2,0,0.4280891418457031,0
D1_global_hybrid_medium,2,8,179,50295,1,1,0.936363935470581,1
D1_global_hybrid_medium,2,8,183,50301,1,1,0.9366937875747681,1
D1_global_hybrid_medium,2,8,184,50302,1,1,0.9364531636238098,1
D1_global_hybrid_medium,2,8,196,50325,1,1,0.14899012446403503,0
D1_global_hybrid_medium,2,8,203,50334,2,0,0.9355043768882751,1
D1_global_hybrid_medium,2,8,210,50341,2,0,0.11399729549884796,0
D1_global_hybrid_medium,2,8,215,50346,2,0,0.10983128845691681,0
D1_global_hybrid_medium,2,8,216,50347,2,0,0.1080363541841507,0
D1_global_hybrid_medium,2,8,223,50354,2,0,0.16588236391544342,0
D1_global_hybrid_medium,2,8,224,50355,2,0,0.11458443105220795,0
D1_global_hybrid_medium,2,8,237,50368,2,0,0.10853859037160873,0
D1_global_hybrid_medium,2,8,255,50390,2,0,0.12669697403907776,0
D1_global_hybrid_medium,2,8,256,50391,2,0,0.11116325110197067,0
D1_global_hybrid_medium,2,8,260,50403,1,1,0.3346366286277771,0
D1_global_hybrid_medium,2,8,266,50410,1,1,0.9364541172981262,1
D1_global_hybrid_medium,2,8,296,50446,2,0,0.21824461221694946,0
D1_global_hybrid_medium,2,8,299,50449,2,0,0.11801755428314209,0
D1_global_hybrid_medium,2,8,328,50503,1,1,0.9366605281829834,1
D1_global_hybrid_medium,2,8,339,50521,1,1,0.778276801109314,1
D1_global_hybrid_medium,2,8,343,50526,1,1,0.9338149428367615,1
D1_global_hybrid_medium,2,8,347,50530,1,1,0.9345036149024963,1
D1_global_hybrid_medium,2,8,349,50532,1,1,0.9336844682693481,1
D1_global_hybrid_medium,2,8,365,50575,2,0,0.3428036868572235,0
D1_global_hybrid_medium,2,8,377,50613,1,1,0.9353630542755127,1
D1_global_hybrid_medium,2,8,386,50624,1,1,0.9367063641548157,1
D1_global_hybrid_medium,2,8,387,50625,1,1,0.10873017460107803,0
D1_global_hybrid_medium,2,8,413,50694,1,1,0.9336799383163452,1
D1_global_hybrid_medium,2,8,414,50695,1,1,0.9203981161117554,1
D1_global_hybrid_medium,2,8,470,50790,2,0,0.10889984667301178,0
D1_global_hybrid_medium,2,8,485,50818,2,0,0.10816247016191483,0
D1_global_hybrid_medium,2,8,496,50958,1,1,0.9360628724098206,1
D1_global_hybrid_medium,2,8,504,50967,1,1,0.9307876229286194,1
D1_global_hybrid_medium,2,8,517,50983,1,1,0.9367080330848694,1
D1_global_hybrid_medium,2,8,536,51003,1,1,0.9367132186889648,1
D1_global_hybrid_medium,2,8,540,51009,1,1,0.9343245625495911,1
D1_global_hybrid_medium,2,8,551,51020,1,1,0.9064350724220276,1
D1_global_hybrid_medium,2,8,569,51041,2,0,0.11801313608884811,0
D1_global_hybrid_medium,2,8,570,51042,2,0,0.10817690938711166,0
D1_global_hybrid_medium,2,8,574,51047,2,0,0.18701793253421783,0
D1_global_hybrid_medium,2,8,576,51049,2,0,0.11574865877628326,0
D1_global_hybrid_medium,2,8,584,51057,2,0,0.11108387261629105,0
D1_global_hybrid_medium,2,8,588,51061,2,0,0.10803157091140747,0
D1_global_hybrid_medium,2,8,593,51066,2,0,0.11687279492616653,0
D1_global_hybrid_medium,2,8,601,51075,2,0,0.12390372902154922,0
D1_global_hybrid_medium,2,8,633,51109,2,0,0.11143035441637039,0
D1_global_hybrid_medium,2,8,642,51122,2,0,0.11275474727153778,0
D1_global_hybrid_medium,2,8,645,51126,2,0,0.12101618945598602,0
D1_global_hybrid_medium,2,8,660,51141,2,0,0.8939909934997559,1
D1_global_hybrid_medium,2,8,673,51159,2,0,0.9366730451583862,1
D1_global_hybrid_medium,2,8,683,51177,1,1,0.9366939663887024,1
D1_global_hybrid_medium,2,8,698,51198,2,0,0.8377640247344971,1
D1_global_hybrid_medium,2,8,701,51203,1,1,0.9358779788017273,1
D1_global_hybrid_medium,2,8,715,51219,1,1,0.935364305973053,1
D1_global_hybrid_medium,2,8,717,51221,1,1,0.933092474937439,1
D1_global_hybrid_medium,2,8,722,51226,1,1,0.11217474192380905,0
D1_global_hybrid_medium,2,8,734,51248,1,1,0.935991108417511,1
D1_global_hybrid_medium,2,8,738,51252,2,0,0.9362457990646362,1
D1_global_hybrid_medium,2,8,748,51265,2,0,0.1103665679693222,0
D1_global_hybrid_medium,2,8,778,51307,2,0,0.9365466237068176,1
D1_global_hybrid_medium,2,8,785,51319,1,1,0.9365588426589966,1
D1_global_hybrid_medium,2,8,803,51339,2,0,0.10828205943107605,0
D1_global_hybrid_medium,2,8,817,51357,2,0,0.11143781989812851,0
D1_global_hybrid_medium,2,8,826,51370,2,0,0.1088997945189476,0
D1_global_hybrid_medium,2,8,828,51461,1,1,0.9345840811729431,1
D1_global_hybrid_medium,2,8,832,51473,1,1,0.7916111946105957,1
D1_global_hybrid_medium,2,8,839,51487,2,0,0.15101031959056854,0
D1_global_hybrid_medium,2,8,847,51560,2,0,0.11178386211395264,0
D1_global_hybrid_medium,2,8,851,51565,2,0,0.5117402672767639,1
D1_global_hybrid_medium,2,8,852,51566,2,0,0.10965817421674728,0
D1_global_hybrid_medium,2,8,857,51572,1,1,0.9331271648406982,1
D1_global_hybrid_medium,2,8,866,51583,1,1,0.9335063099861145,1
D1_global_hybrid_medium,2,9,9,50013,1,1,0.9545379281044006,1
D1_global_hybrid_medium,2,9,20,50028,1,1,0.9538352489471436,1
D1_global_hybrid_medium,2,9,27,50036,2,0,0.06835991889238358,0
D1_global_hybrid_medium,2,9,32,50041,2,0,0.06808275729417801,0
D1_global_hybrid_medium,2,9,37,50046,2,0,0.06560012698173523,0
D1_global_hybrid_medium,2,9,40,50049,2,0,0.06501472741365433,0
D1_global_hybrid_medium,2,9,42,50051,2,0,0.07182946056127548,0
D1_global_hybrid_medium,2,9,50,50102,2,0,0.06697456538677216,0
D1_global_hybrid_medium,2,9,66,50121,1,1,0.9543500542640686,1
D1_global_hybrid_medium,2,9,75,50132,1,1,0.9545478224754333,1
D1_global_hybrid_medium,2,9,83,50147,1,1,0.9543169140815735,1
D1_global_hybrid_medium,2,9,84,50148,1,1,0.9540870189666748,1
D1_global_hybrid_medium,2,9,87,50152,1,1,0.9531034231185913,1
D1_global_hybrid_medium,2,9,104,50183,1,1,0.9538010954856873,1
D1_global_hybrid_medium,2,9,121,50204,2,0,0.06502462178468704,0
D1_global_hybrid_medium,2,9,122,50205,2,0,0.06537788361310959,0
D1_global_hybrid_medium,2,9,123,50206,2,0,0.3970845639705658,0
D1_global_hybrid_medium,2,9,130,50232,1,1,0.9526559710502625,1
D1_global_hybrid_medium,2,9,132,50234,1,1,0.9540048837661743,1
D1_global_hybrid_medium,2,9,221,50352,2,0,0.5040476322174072,1
D1_global_hybrid_medium,2,9,226,50357,2,0,0.0676722377538681,0
D1_global_hybrid_medium,2,9,232,50363,2,0,0.949066698551178,1
D1_global_hybrid_medium,2,9,250,50383,2,0,0.06961993873119354,0
D1_global_hybrid_medium,2,9,258,50399,1,1,0.9540697932243347,1
D1_global_hybrid_medium,2,9,261,50404,1,1,0.9541687369346619,1
D1_global_hybrid_medium,2,9,262,50405,1,1,0.9539482593536377,1
D1_global_hybrid_medium,2,9,282,50428,2,0,0.06597407162189484,0
D1_global_hybrid_medium,2,9,284,50434,2,0,0.06573741137981415,0
D1_global_hybrid_medium,2,9,289,50439,2,0,0.06622283160686493,0
D1_global_hybrid_medium,2,9,291,50441,2,0,0.06804084777832031,0
D1_global_hybrid_medium,2,9,301,50463,2,0,0.06725820153951645,0
D1_global_hybrid_medium,2,9,323,50498,1,1,0.9524511694908142,1
D1_global_hybrid_medium,2,9,344,50527,1,1,0.9522488713264465,1
D1_global_hybrid_medium,2,9,358,50568,2,0,0.6718599200248718,1
D1_global_hybrid_medium,2,9,361,50571,2,0,0.4832383394241333,0
D1_global_hybrid_medium,2,9,363,50573,2,0,0.065495565533638,0
D1_global_hybrid_medium,2,9,380,50616,1,1,0.9539449214935303,1
D1_global_hybrid_medium,2,9,391,50642,1,1,0.9538220167160034,1
D1_global_hybrid_medium,2,9,397,50656,2,0,0.7398568391799927,1
D1_global_hybrid_medium,2,9,407,50688,2,0,0.06504412740468979,0
D1_global_hybrid_medium,2,9,415,50696,1,1,0.9528784155845642,1
D1_global_hybrid_medium,2,9,419,50700,1,1,0.9536460041999817,1
D1_global_hybrid_medium,2,9,420,50701,2,0,0.0650094598531723,0
D1_global_hybrid_medium,2,9,427,50708,1,1,0.9534544944763184,1
D1_global_hybrid_medium,2,9,446,50743,1,1,0.9536042809486389,1
D1_global_hybrid_medium,2,9,461,50775,2,0,0.0651635229587555,0
D1_global_hybrid_medium,2,9,472,50792,1,1,0.9544944763183594,1
D1_global_hybrid_medium,2,9,481,50812,2,0,0.06597886979579926,0
D1_global_hybrid_medium,2,9,491,50952,1,1,0.9540627002716064,1
D1_global_hybrid_medium,2,9,498,50960,1,1,0.9319320917129517,1
D1_global_hybrid_medium,2,9,511,50976,1,1,0.954554557800293,1
D1_global_hybrid_medium,2,9,524,50990,1,1,0.952736496925354,1
D1_global_hybrid_medium,2,9,539,51008,1,1,0.9494093656539917,1
D1_global_hybrid_medium,2,9,541,51010,1,1,0.9542686343193054,1
D1_global_hybrid_medium,2,9,543,51012,1,1,0.7264028787612915,1
D1_global_hybrid_medium,2,9,563,51034,1,1,0.9531046152114868,1
D1_global_hybrid_medium,2,9,564,51035,1,1,0.9534779787063599,1
D1_global_hybrid_medium,2,9,592,51065,2,0,0.06766346096992493,0
D1_global_hybrid_medium,2,9,604,51078,2,0,0.06868638098239899,0
D1_global_hybrid_medium,2,9,605,51079,2,0,0.9537678956985474,1
D1_global_hybrid_medium,2,9,608,51082,2,0,0.23895803093910217,0
D1_global_hybrid_medium,2,9,620,51095,2,0,0.9544802308082581,1
D1_global_hybrid_medium,2,9,624,51099,2,0,0.06503169238567352,0
D1_global_hybrid_medium,2,9,632,51107,2,0,0.9532460570335388,1
D1_global_hybrid_medium,2,9,643,51123,2,0,0.06513048708438873,0
D1_global_hybrid_medium,2,9,654,51135,2,0,0.2898136377334595,0
D1_global_hybrid_medium,2,9,667,51151,2,0,0.06563267111778259,0
D1_global_hybrid_medium,2,9,680,51170,1,1,0.9543547034263611,1
D1_global_hybrid_medium,2,9,699,51201,1,1,0.9544903635978699,1
D1_global_hybrid_medium,2,9,708,51211,1,1,0.9544463753700256,1
D1_global_hybrid_medium,2,9,712,51216,1,1,0.06549441069364548,0
D1_global_hybrid_medium,2,9,736,51250,2,0,0.06746593862771988,0
D1_global_hybrid_medium,2,9,739,51253,2,0,0.06522329896688461,0
D1_global_hybrid_medium,2,9,740,51254,2,0,0.06799469143152237,0
D1_global_hybrid_medium,2,9,742,51256,2,0,0.0680169016122818,0
D1_global_hybrid_medium,2,9,752,51269,2,0,0.06620732694864273,0
D1_global_hybrid_medium,2,9,756,51275,2,0,0.06763891130685806,0
D1_global_hybrid_medium,2,9,784,51318,1,1,0.9528871774673462,1
D1_global_hybrid_medium,2,9,788,51322,1,1,0.9528944492340088,1
D1_global_hybrid_medium,2,9,789,51323,1,1,0.95440274477005,1
D1_global_hybrid_medium,2,9,794,51329,1,1,0.09926430881023407,0
D1_global_hybrid_medium,2,9,802,51338,2,0,0.9541304707527161,1
D1_global_hybrid_medium,2,9,822,51363,2,0,0.10587102174758911,0
D1_global_hybrid_medium,2,9,825,51369,2,0,0.0663374736905098,0
D1_global_hybrid_medium,2,9,827,51373,2,0,0.06562399864196777,0
D1_global_hybrid_medium,2,9,842,51493,2,0,0.06533224135637283,0
D1_global_hybrid_medium,2,9,864,51580,1,1,0.9544638395309448,1
D1_global_hybrid_medium,2,10,11,50015,1,1,0.9387252926826477,1
D1_global_hybrid_medium,2,10,16,50024,1,1,0.939764678478241,1
D1_global_hybrid_medium,2,10,18,50026,1,1,0.9397537708282471,1
D1_global_hybrid_medium,2,10,33,50042,2,0,0.056894849985837936,0
D1_global_hybrid_medium,2,10,36,50045,2,0,0.25109800696372986,0
D1_global_hybrid_medium,2,10,41,50050,2,0,0.05887702852487564,0
D1_global_hybrid_medium,2,10,43,50052,2,0,0.9070129990577698,1
D1_global_hybrid_medium,2,10,54,50106,2,0,0.8798708915710449,1
D1_global_hybrid_medium,2,10,74,50131,1,1,0.9337968230247498,1
D1_global_hybrid_medium,2,10,99,50168,2,0,0.059509359300136566,0
D1_global_hybrid_medium,2,10,106,50186,1,1,0.9394638538360596,1
D1_global_hybrid_medium,2,10,109,50189,1,1,0.9394773244857788,1
D1_global_hybrid_medium,2,10,110,50190,1,1,0.9385877251625061,1
D1_global_hybrid_medium,2,10,150,50259,2,0,0.10453463345766068,0
D1_global_hybrid_medium,2,10,158,50267,2,0,0.05689319595694542,0
D1_global_hybrid_medium,2,10,188,50312,1,1,0.9392170906066895,1
D1_global_hybrid_medium,2,10,194,50321,1,1,0.9391511678695679,1
D1_global_hybrid_medium,2,10,233,50364,2,0,0.3856499493122101,0
D1_global_hybrid_medium,2,10,239,50370,2,0,0.056966666132211685,0
D1_global_hybrid_medium,2,10,245,50377,2,0,0.057622067630290985,0
D1_global_hybrid_medium,2,10,252,50386,2,0,0.05726630985736847,0
D1_global_hybrid_medium,2,10,257,50397,1,1,0.9392477869987488,1
D1_global_hybrid_medium,2,10,263,50406,1,1,0.9385208487510681,1
D1_global_hybrid_medium,2,10,268,50412,1,1,0.9384939670562744,1
D1_global_hybrid_medium,2,10,270,50414,2,0,0.11376094818115234,0
D1_global_hybrid_medium,2,10,273,50417,2,0,0.06106055900454521,0
D1_global_hybrid_medium,2,10,294,50444,2,0,0.29310736060142517,0
D1_global_hybrid_medium,2,10,303,50467,2,0,0.05955355986952782,0
D1_global_hybrid_medium,2,10,304,50468,2,0,0.05674203112721443,0
D1_global_hybrid_medium,2,10,317,50491,1,1,0.9371867775917053,1
D1_global_hybrid_medium,2,10,324,50499,1,1,0.9397653937339783,1
D1_global_hybrid_medium,2,10,366,50576,2,0,0.05736282467842102,0
D1_global_hybrid_medium,2,10,372,50604,1,1,0.9387751221656799,1
D1_global_hybrid_medium,2,10,394,50648,1,1,0.6293830871582031,1
D1_global_hybrid_medium,2,10,430,50722,2,0,0.06140190362930298,0
D1_global_hybrid_medium,2,10,434,50726,2,0,0.13824163377285004,0
D1_global_hybrid_medium,2,10,443,50740,2,0,0.056904807686805725,0
D1_global_hybrid_medium,2,10,459,50773,2,0,0.056889694184064865,0
D1_global_hybrid_medium,2,10,475,50798,1,1,0.057471420615911484,0
D1_global_hybrid_medium,2,10,482,50814,2,0,0.241676926612854,0
D1_global_hybrid_medium,2,10,490,50824,1,1,0.5462347269058228,1
D1_global_hybrid_medium,2,10,494,50956,1,1,0.9387465119361877,1
D1_global_hybrid_medium,2,10,501,50964,1,1,0.9396913051605225,1
D1_global_hybrid_medium,2,10,507,50970,1,1,0.939794659614563,1
D1_global_hybrid_medium,2,10,509,50973,1,1,0.9397566914558411,1
D1_global_hybrid_medium,2,10,512,50977,1,1,0.9388673305511475,1
D1_global_hybrid_medium,2,10,518,50984,1,1,0.9397289156913757,1
D1_global_hybrid_medium,2,10,519,50985,1,1,0.9384899735450745,1
D1_global_hybrid_medium,2,10,523,50989,1,1,0.9385778307914734,1
D1_global_hybrid_medium,2,10,527,50993,1,1,0.938025712966919,1
D1_global_hybrid_medium,2,10,528,50994,1,1,0.9395388960838318,1
D1_global_hybrid_medium,2,10,529,50995,1,1,0.9380208253860474,1
D1_global_hybrid_medium,2,10,533,51000,1,1,0.9397789239883423,1
D1_global_hybrid_medium,2,10,535,51002,1,1,0.9348598718643188,1
D1_global_hybrid_medium,2,10,547,51016,1,1,0.9383580088615417,1
D1_global_hybrid_medium,2,10,549,51018,1,1,0.9385372996330261,1
D1_global_hybrid_medium,2,10,557,51027,1,1,0.9380331635475159,1
D1_global_hybrid_medium,2,10,565,51036,2,0,0.056782253086566925,0
D1_global_hybrid_medium,2,10,567,51039,2,0,0.058330051600933075,0
D1_global_hybrid_medium,2,10,573,51046,2,0,0.7481812238693237,1
D1_global_hybrid_medium,2,10,578,51051,2,0,0.06266902387142181,0
D1_global_hybrid_medium,2,10,591,51064,2,0,0.056901756674051285,0
D1_global_hybrid_medium,2,10,617,51091,2,0,0.058274589478969574,0
D1_global_hybrid_medium,2,10,618,51093,2,0,0.057365477085113525,0
D1_global_hybrid_medium,2,10,619,51094,2,0,0.06366264820098877,0
D1_global_hybrid_medium,2,10,626,51101,2,0,0.06405502557754517,0
D1_global_hybrid_medium,2,10,636,51112,2,0,0.06055898219347,0
D1_global_hybrid_medium,2,10,641,51118,2,0,0.8738909959793091,1
D1_global_hybrid_medium,2,10,649,51130,2,0,0.938795268535614,1
D1_global_hybrid_medium,2,10,662,51146,2,0,0.05919693782925606,0
D1_global_hybrid_medium,2,10,666,51150,2,0,0.058266378939151764,0
D1_global_hybrid_medium,2,10,692,51187,2,0,0.05670194700360298,0
D1_global_hybrid_medium,2,10,696,51194,2,0,0.14695560932159424,0
D1_global_hybrid_medium,2,10,702,51204,1,1,0.9380722641944885,1
D1_global_hybrid_medium,2,10,707,51210,1,1,0.9372259378433228,1
D1_global_hybrid_medium,2,10,758,51277,2,0,0.0568930059671402,0
D1_global_hybrid_medium,2,10,761,51280,2,0,0.05888080596923828,0
D1_global_hybrid_medium,2,10,764,51292,1,1,0.9375271797180176,1
D1_global_hybrid_medium,2,10,765,51293,1,1,0.9385297298431396,1
D1_global_hybrid_medium,2,10,777,51306,2,0,0.4378463327884674,0
D1_global_hybrid_medium,2,10,782,51313,2,0,0.06345248222351074,0
D1_global_hybrid_medium,2,10,796,51331,1,1,0.9398004412651062,1
D1_global_hybrid_medium,2,10,797,51332,2,0,0.05921126529574394,0
D1_global_hybrid_medium,2,10,800,51335,2,0,0.07364553958177567,0
D1_global_hybrid_medium,2,10,819,51360,2,0,0.08721857517957687,0
D1_global_hybrid_medium,2,10,850,51564,2,0,0.0569058395922184,0
D1_global_hybrid_medium,2,10,860,51576,1,1,0.2282501608133316,0
D2_global_hybrid_strong,0,1,10,50014,1,1,0.9274271130561829,1
D2_global_hybrid_strong,0,1,14,50022,1,1,0.09159085899591446,0
D2_global_hybrid_strong,0,1,36,50045,2,0,0.42551976442337036,0
D2_global_hybrid_strong,0,1,42,50051,2,0,0.8985742330551147,1
D2_global_hybrid_strong,0,1,49,50060,2,0,0.11610274016857147,0
D2_global_hybrid_strong,0,1,53,50105,2,0,0.2194497138261795,0
D2_global_hybrid_strong,0,1,63,50117,2,0,0.14433278143405914,0
D2_global_hybrid_strong,0,1,67,50123,1,1,0.9310230612754822,1
D2_global_hybrid_strong,0,1,83,50147,1,1,0.7336570620536804,1
D2_global_hybrid_strong,0,1,84,50148,1,1,0.9287173748016357,1
D2_global_hybrid_strong,0,1,96,50163,2,0,0.19676385819911957,0
D2_global_hybrid_strong,0,1,97,50164,2,0,0.07853864878416061,0
D2_global_hybrid_strong,0,1,111,50193,2,0,0.07814881205558777,0
D2_global_hybrid_strong,0,1,114,50196,2,0,0.33888009190559387,0
D2_global_hybrid_strong,0,1,123,50206,2,0,0.5196409225463867,1
D2_global_hybrid_strong,0,1,131,50233,1,1,0.9288358688354492,1
D2_global_hybrid_strong,0,1,132,50234,1,1,0.8422935605049133,1
D2_global_hybrid_strong,0,1,136,50240,1,1,0.928868293762207,1
D2_global_hybrid_strong,0,1,141,50248,1,1,0.9296494126319885,1
D2_global_hybrid_strong,0,1,145,50252,1,1,0.3484756052494049,0
D2_global_hybrid_strong,0,1,146,50253,1,1,0.8155019283294678,1
D2_global_hybrid_strong,0,1,148,50255,1,1,0.9296702742576599,1
D2_global_hybrid_strong,0,1,152,50261,2,0,0.8322817087173462,1
D2_global_hybrid_strong,0,1,154,50263,2,0,0.07711216062307358,0
D2_global_hybrid_strong,0,1,164,50273,1,1,0.9285141229629517,1
D2_global_hybrid_strong,0,1,184,50302,1,1,0.9309649467468262,1
D2_global_hybrid_strong,0,1,202,50333,2,0,0.07987401634454727,0
D2_global_hybrid_strong,0,1,204,50335,2,0,0.07914090156555176,0
D2_global_hybrid_strong,0,1,210,50341,2,0,0.0794140174984932,0
D2_global_hybrid_strong,0,1,223,50354,2,0,0.08118171244859695,0
D2_global_hybrid_strong,0,1,241,50373,2,0,0.10189158469438553,0
D2_global_hybrid_strong,0,1,266,50410,1,1,0.9245402812957764,1
D2_global_hybrid_strong,0,1,271,50415,2,0,0.08876042068004608,0
D2_global_hybrid_strong,0,1,275,50419,2,0,0.07722266018390656,0
D2_global_hybrid_strong,0,1,278,50424,2,0,0.07699475437402725,0
D2_global_hybrid_strong,0,1,286,50436,2,0,0.20552368462085724,0
D2_global_hybrid_strong,0,1,292,50442,2,0,0.08693703263998032,0
D2_global_hybrid_strong,0,1,302,50466,2,0,0.07882959395647049,0
D2_global_hybrid_strong,0,1,303,50467,2,0,0.18680599331855774,0
D2_global_hybrid_strong,0,1,323,50498,1,1,0.9267482161521912,1
D2_global_hybrid_strong,0,1,326,50501,1,1,0.928836464881897,1
D2_global_hybrid_strong,0,1,346,50529,1,1,0.9278429746627808,1
D2_global_hybrid_strong,0,1,349,50532,1,1,0.9289950728416443,1
D2_global_hybrid_strong,0,1,352,50555,2,0,0.07749231904745102,0
D2_global_hybrid_strong,0,1,353,50557,2,0,0.07895991206169128,0
D2_global_hybrid_strong,0,1,360,50570,2,0,0.07903791964054108,0
D2_global_hybrid_strong,0,1,390,50628,1,1,0.9305226802825928,1
D2_global_hybrid_strong,0,1,397,50656,2,0,0.18139959871768951,0
D2_global_hybrid_strong,0,1,405,50686,1,1,0.9287779927253723,1
D2_global_hybrid_strong,0,1,408,50689,1,1,0.9308606386184692,1
D2_global_hybrid_strong,0,1,430,50722,2,0,0.07902126759290695,0
D2_global_hybrid_strong,0,1,435,50728,2,0,0.5211042761802673,1
D2_global_hybrid_strong,0,1,446,50743,1,1,0.9310413599014282,1
D2_global_hybrid_strong,0,1,451,50750,1,1,0.9299134612083435,1
D2_global_hybrid_strong,0,1,475,50798,1,1,0.08564276248216629,0
D2_global_hybrid_strong,0,1,476,50799,1,1,0.9308427572250366,1
D2_global_hybrid_strong,0,1,481,50812,2,0,0.07905775308609009,0
D2_global_hybrid_strong,0,1,490,50824,1,1,0.5307583808898926,1
D2_global_hybrid_strong,0,1,511,50976,1,1,0.9308549761772156,1
D2_global_hybrid_strong,0,1,522,50988,1,1,0.9307389855384827,1
D2_global_hybrid_strong,0,1,525,50991,1,1,0.8370113372802734,1
D2_global_hybrid_strong,0,1,537,51006,1,1,0.9309442043304443,1
D2_global_hybrid_strong,0,1,541,51010,1,1,0.7288574576377869,1
D2_global_hybrid_strong,0,1,557,51027,1,1,0.8690376281738281,1
D2_global_hybrid_strong,0,1,559,51029,1,1,0.8431296348571777,1
D2_global_hybrid_strong,0,1,579,51052,2,0,0.08330335468053818,0
D2_global_hybrid_strong,0,1,584,51057,2,0,0.08303789794445038,0
D2_global_hybrid_strong,0,1,633,51109,2,0,0.08124691247940063,0
D2_global_hybrid_strong,0,1,636,51112,2,0,0.0859311893582344,0
D2_global_hybrid_strong,0,1,648,51129,2,0,0.08327561616897583,0
D2_global_hybrid_strong,0,1,655,51136,2,0,0.10589843988418579,0
D2_global_hybrid_strong,0,1,670,51154,2,0,0.08831853419542313,0
D2_global_hybrid_strong,0,1,692,51187,2,0,0.07697010040283203,0
D2_global_hybrid_strong,0,1,695,51192,2,0,0.0782545655965805,0
D2_global_hybrid_strong,0,1,696,51194,2,0,0.8087291717529297,1
D2_global_hybrid_strong,0,1,727,51234,1,1,0.9272314310073853,1
D2_global_hybrid_strong,0,1,732,51240,1,1,0.9293860793113708,1
D2_global_hybrid_strong,0,1,762,51281,2,0,0.08847864717245102,0
D2_global_hybrid_strong,0,1,765,51293,1,1,0.9308562278747559,1
D2_global_hybrid_strong,0,1,766,51294,1,1,0.5774514675140381,1
D2_global_hybrid_strong,0,1,779,51308,2,0,0.09705144912004471,0
D2_global_hybrid_strong,0,1,795,51330,1,1,0.9288313984870911,1
D2_global_hybrid_strong,0,1,798,51333,2,0,0.07847531139850616,0
D2_global_hybrid_strong,0,1,825,51369,2,0,0.08686026930809021,0
D2_global_hybrid_strong,0,1,828,51461,1,1,0.9310170412063599,1
D2_global_hybrid_strong,0,1,839,51487,2,0,0.2554701566696167,0
D2_global_hybrid_strong,0,1,854,51568,2,0,0.08738166838884354,0
D2_global_hybrid_strong,0,1,862,51578,1,1,0.9254319071769714,1
D2_global_hybrid_strong,0,2,2,50005,1,1,0.9228790402412415,1
D2_global_hybrid_strong,0,2,3,50006,1,1,0.9229193925857544,1
D2_global_hybrid_strong,0,2,4,50007,1,1,0.9218971729278564,1
D2_global_hybrid_strong,0,2,20,50028,1,1,0.9240617752075195,1
D2_global_hybrid_strong,0,2,27,50036,2,0,0.09618868678808212,0
D2_global_hybrid_strong,0,2,35,50044,2,0,0.09333433210849762,0
D2_global_hybrid_strong,0,2,45,50054,2,0,0.922231912612915,1
D2_global_hybrid_strong,0,2,57,50111,2,0,0.09334472566843033,0
D2_global_hybrid_strong,0,2,61,50115,2,0,0.1008293479681015,0
D2_global_hybrid_strong,0,2,69,50125,1,1,0.9230406284332275,1
D2_global_hybrid_strong,0,2,79,50143,1,1,0.9199733734130859,1
D2_global_hybrid_strong,0,2,87,50152,1,1,0.9231852889060974,1
D2_global_hybrid_strong,0,2,116,50199,2,0,0.09434512257575989,0
D2_global_hybrid_strong,0,2,122,50205,2,0,0.09422317147254944,0
D2_global_hybrid_strong,0,2,130,50232,1,1,0.9205622673034668,1
D2_global_hybrid_strong,0,2,133,50236,1,1,0.9226653575897217,1
D2_global_hybrid_strong,0,2,147,50254,1,1,0.9240841269493103,1
D2_global_hybrid_strong,0,2,162,50271,2,0,0.0960320383310318,0
D2_global_hybrid_strong,0,2,170,50284,1,1,0.7253673672676086,1
D2_global_hybrid_strong,0,2,171,50285,1,1,0.11477289348840714,0
D2_global_hybrid_strong,0,2,183,50301,1,1,0.920900821685791,1
D2_global_hybrid_strong,0,2,192,50319,1,1,0.923684298992157,1
D2_global_hybrid_strong,0,2,197,50327,2,0,0.13109736144542694,0
D2_global_hybrid_strong,0,2,217,50348,2,0,0.16560350358486176,0
D2_global_hybrid_strong,0,2,218,50349,2,0,0.10102329403162003,0
D2_global_hybrid_strong,0,2,222,50353,2,0,0.23477287590503693,0
D2_global_hybrid_strong,0,2,232,50363,2,0,0.22692380845546722,0
D2_global_hybrid_strong,0,2,234,50365,2,0,0.09463672339916229,0
D2_global_hybrid_strong,0,2,257,50397,1,1,0.923011064529419,1
D2_global_hybrid_strong,0,2,270,50414,2,0,0.8361687660217285,1
D2_global_hybrid_strong,0,2,282,50428,2,0,0.09327974170446396,0
D2_global_hybrid_strong,0,2,283,50433,2,0,0.09777557849884033,0
D2_global_hybrid_strong,0,2,294,50444,2,0,0.36146625876426697,0
D2_global_hybrid_strong,0,2,307,50477,1,1,0.9233290553092957,1
D2_global_hybrid_strong,0,2,316,50490,1,1,0.9239863753318787,1
D2_global_hybrid_strong,0,2,357,50565,2,0,0.3059360086917877,0
D2_global_hybrid_strong,0,2,363,50573,2,0,0.1239214539527893,0
D2_global_hybrid_strong,0,2,364,50574,2,0,0.11267396807670593,0
D2_global_hybrid_strong,0,2,372,50604,1,1,0.9211339950561523,1
D2_global_hybrid_strong,0,2,381,50619,1,1,0.9236992597579956,1
D2_global_hybrid_strong,0,2,385,50623,1,1,0.9241161942481995,1
D2_global_hybrid_strong,0,2,394,50648,1,1,0.19290907680988312,0
D2_global_hybrid_strong,0,2,399,50664,2,0,0.16079887747764587,0
D2_global_hybrid_strong,0,2,407,50688,2,0,0.36709922552108765,0
D2_global_hybrid_strong,0,2,410,50691,2,0,0.09326101839542389,0
D2_global_hybrid_strong,0,2,417,50698,2,0,0.5746053457260132,1
D2_global_hybrid_strong,0,2,426,50707,2,0,0.09312812238931656,0
D2_global_hybrid_strong,0,2,450,50749,1,1,0.9240164756774902,1
D2_global_hybrid_strong,0,2,453,50752,1,1,0.9192984104156494,1
D2_global_hybrid_strong,0,2,462,50776,2,0,0.0940731093287468,0
D2_global_hybrid_strong,0,2,465,50780,2,0,0.2500157654285431,0
D2_global_hybrid_strong,0,2,478,50801,1,1,0.9203541278839111,1
D2_global_hybrid_strong,0,2,489,50823,1,1,0.8849884271621704,1
D2_global_hybrid_strong,0,2,513,50978,1,1,0.9192274808883667,1
D2_global_hybrid_strong,0,2,528,50994,1,1,0.9219876527786255,1
D2_global_hybrid_strong,0,2,535,51002,1,1,0.9233519434928894,1
D2_global_hybrid_strong,0,2,543,51012,1,1,0.9222845435142517,1
D2_global_hybrid_strong,0,2,544,51013,1,1,0.8003365993499756,1
D2_global_hybrid_strong,0,2,546,51015,1,1,0.17509812116622925,0
D2_global_hybrid_strong,0,2,553,51023,1,1,0.9184406399726868,1
D2_global_hybrid_strong,0,2,558,51028,1,1,0.9220055937767029,1
D2_global_hybrid_strong,0,2,568,51040,2,0,0.10904212296009064,0
D2_global_hybrid_strong,0,2,572,51045,2,0,0.10627053678035736,0
D2_global_hybrid_strong,0,2,585,51058,2,0,0.09775427728891373,0
D2_global_hybrid_strong,0,2,592,51065,2,0,0.10197421163320541,0
D2_global_hybrid_strong,0,2,596,51069,2,0,0.10903860628604889,0
D2_global_hybrid_strong,0,2,612,51086,2,0,0.09755046665668488,0
D2_global_hybrid_strong,0,2,629,51104,2,0,0.09431936591863632,0
D2_global_hybrid_strong,0,2,642,51122,2,0,0.10302849113941193,0
D2_global_hybrid_strong,0,2,645,51126,2,0,0.11431014537811279,0
D2_global_hybrid_strong,0,2,646,51127,2,0,0.8720462918281555,1
D2_global_hybrid_strong,0,2,651,51132,2,0,0.09591685235500336,0
D2_global_hybrid_strong,0,2,681,51171,1,1,0.9165984392166138,1
D2_global_hybrid_strong,0,2,683,51177,1,1,0.9240148663520813,1
D2_global_hybrid_strong,0,2,690,51184,2,0,0.6115556955337524,1
D2_global_hybrid_strong,0,2,691,51185,2,0,0.7461751699447632,1
D2_global_hybrid_strong,0,2,718,51222,1,1,0.11076947301626205,0
D2_global_hybrid_strong,0,2,722,51226,1,1,0.13238172233104706,0
D2_global_hybrid_strong,0,2,728,51235,1,1,0.9226561784744263,1
D2_global_hybrid_strong,0,2,742,51256,2,0,0.09771858155727386,0
D2_global_hybrid_strong,0,2,753,51271,2,0,0.10299750417470932,0
D2_global_hybrid_strong,0,2,793,51328,1,1,0.9229406118392944,1
D2_global_hybrid_strong,0,2,820,51361,2,0,0.09351566433906555,0
D2_global_hybrid_strong,0,2,824,51365,2,0,0.10189720243215561,0
D2_global_hybrid_strong,0,2,832,51473,1,1,0.5365065932273865,1
D2_global_hybrid_strong,0,2,840,51488,2,0,0.16313914954662323,0
D2_global_hybrid_strong,0,2,869,51606,1,1,0.09968192875385284,0
D2_global_hybrid_strong,0,3,21,50030,2,0,0.8459374308586121,1
D2_global_hybrid_strong,0,3,32,50041,2,0,0.05275078862905502,0
D2_global_hybrid_strong,0,3,34,50043,2,0,0.27420806884765625,0
D2_global_hybrid_strong,0,3,37,50046,2,0,0.051324278116226196,0
D2_global_hybrid_strong,0,3,70,50127,1,1,0.09772100299596786,0
D2_global_hybrid_strong,0,3,74,50131,1,1,0.9037458896636963,1
D2_global_hybrid_strong,0,3,86,50150,1,1,0.8517422080039978,1
D2_global_hybrid_strong,0,3,100,50169,2,0,0.05134474113583565,0
D2_global_hybrid_strong,0,3,119,50202,2,0,0.05178237333893776,0
D2_global_hybrid_strong,0,3,151,50260,2,0,0.051558125764131546,0
D2_global_hybrid_strong,0,3,159,50268,2,0,0.0515776127576828,0
D2_global_hybrid_strong,0,3,160,50269,2,0,0.10798333585262299,0
D2_global_hybrid_strong,0,3,163,50272,1,1,0.9199090003967285,1
D2_global_hybrid_strong,0,3,181,50298,1,1,0.8599308133125305,1
D2_global_hybrid_strong,0,3,187,50310,1,1,0.9156949520111084,1
D2_global_hybrid_strong,0,3,207,50338,2,0,0.05249951407313347,0
D2_global_hybrid_strong,0,3,258,50399,1,1,0.8984488248825073,1
D2_global_hybrid_strong,0,3,262,50405,1,1,0.9201107025146484,1
D2_global_hybrid_strong,0,3,264,50407,1,1,0.9199801087379456,1
D2_global_hybrid_strong,0,3,284,50434,2,0,0.05133791267871857,0
D2_global_hybrid_strong,0,3,287,50437,2,0,0.9114131927490234,1
D2_global_hybrid_strong,0,3,297,50447,2,0,0.1743428111076355,0
D2_global_hybrid_strong,0,3,310,50482,1,1,0.9166614413261414,1
D2_global_hybrid_strong,0,3,319,50493,1,1,0.9155884981155396,1
D2_global_hybrid_strong,0,3,327,50502,1,1,0.9197918772697449,1
D2_global_hybrid_strong,0,3,329,50504,1,1,0.9153044819831848,1
D2_global_hybrid_strong,0,3,333,50514,1,1,0.8531308770179749,1
D2_global_hybrid_strong,0,3,335,50516,1,1,0.917014479637146,1
D2_global_hybrid_strong,0,3,337,50519,1,1,0.916688859462738,1
D2_global_hybrid_strong,0,3,368,50578,2,0,0.7133553624153137,1
D2_global_hybrid_strong,0,3,370,50602,1,1,0.9195408821105957,1
D2_global_hybrid_strong,0,3,371,50603,1,1,0.91888028383255,1
D2_global_hybrid_strong,0,3,379,50615,1,1,0.9180700778961182,1
D2_global_hybrid_strong,0,3,411,50692,2,0,0.05134531855583191,0
D2_global_hybrid_strong,0,3,425,50706,2,0,0.05459846928715706,0
D2_global_hybrid_strong,0,3,434,50726,2,0,0.10828260332345963,0
D2_global_hybrid_strong,0,3,439,50735,2,0,0.05128573626279831,0
D2_global_hybrid_strong,0,3,444,50741,2,0,0.05130345746874809,0
D2_global_hybrid_strong,0,3,456,50756,1,1,0.9200921654701233,1
D2_global_hybrid_strong,0,3,457,50757,1,1,0.2567400634288788,0
D2_global_hybrid_strong,0,3,497,50959,1,1,0.8678959012031555,1
D2_global_hybrid_strong,0,3,499,50961,1,1,0.5834953188896179,1
D2_global_hybrid_strong,0,3,502,50965,1,1,0.9193811416625977,1
D2_global_hybrid_strong,0,3,507,50970,1,1,0.9203422665596008,1
D2_global_hybrid_strong,0,3,514,50979,1,1,0.7813773155212402,1
D2_global_hybrid_strong,0,3,539,51008,1,1,0.0532398484647274,0
D2_global_hybrid_strong,0,3,562,51033,1,1,0.872653067111969,1
D2_global_hybrid_strong,0,3,576,51049,2,0,0.054084185510873795,0
D2_global_hybrid_strong,0,3,589,51062,2,0,0.055709850043058395,0
D2_global_hybrid_strong,0,3,605,51079,2,0,0.6576987504959106,1
D2_global_hybrid_strong,0,3,622,51097,2,0,0.05701762065291405,0
D2_global_hybrid_strong,0,3,626,51101,2,0,0.05147617310285568,0
D2_global_hybrid_strong,0,3,640,51117,2,0,0.05293547362089157,0
D2_global_hybrid_strong,0,3,661,51142,2,0,0.05130738019943237,0
D2_global_hybrid_strong,0,3,662,51146,2,0,0.05357922986149788,0
D2_global_hybrid_strong,0,3,669,51153,2,0,0.052942290902137756,0
D2_global_hybrid_strong,0,3,676,51163,1,1,0.4067908227443695,0
D2_global_hybrid_strong,0,3,678,51168,1,1,0.18978863954544067,0
D2_global_hybrid_strong,0,3,686,51180,2,0,0.05135728046298027,0
D2_global_hybrid_strong,0,3,688,51182,2,0,0.05129089578986168,0
D2_global_hybrid_strong,0,3,709,51212,1,1,0.9074482917785645,1
D2_global_hybrid_strong,0,3,710,51214,1,1,0.9171176552772522,1
D2_global_hybrid_strong,0,3,713,51217,1,1,0.05526084452867508,0
D2_global_hybrid_strong,0,3,714,51218,1,1,0.9074441194534302,1
D2_global_hybrid_strong,0,3,716,51220,1,1,0.8953693509101868,1
D2_global_hybrid_strong,0,3,723,51228,1,1,0.9185275435447693,1
D2_global_hybrid_strong,0,3,737,51251,2,0,0.24295301735401154,0
D2_global_hybrid_strong,0,3,739,51253,2,0,0.08214987814426422,0
D2_global_hybrid_strong,0,3,745,51261,2,0,0.053017571568489075,0
D2_global_hybrid_strong,0,3,747,51264,2,0,0.05319792777299881,0
D2_global_hybrid_strong,0,3,754,51272,2,0,0.055390533059835434,0
D2_global_hybrid_strong,0,3,755,51273,2,0,0.9016381502151489,1
D2_global_hybrid_strong,0,3,756,51275,2,0,0.05272355303168297,0
D2_global_hybrid_strong,0,3,780,51309,2,0,0.920375645160675,1
D2_global_hybrid_strong,0,3,786,51320,1,1,0.9166586399078369,1
D2_global_hybrid_strong,0,3,791,51326,1,1,0.8983940482139587,1
D2_global_hybrid_strong,0,3,800,51335,2,0,0.09298965334892273,0
D2_global_hybrid_strong,0,3,806,51342,2,0,0.12503588199615479,0
D2_global_hybrid_strong,0,3,819,51360,2,0,0.05682055279612541,0
D2_global_hybrid_strong,0,3,831,51465,1,1,0.9201855659484863,1
D2_global_hybrid_strong,0,3,834,51479,2,0,0.05128561332821846,0
D2_global_hybrid_strong,0,3,836,51481,2,0,0.052081670612096786,0
D2_global_hybrid_strong,0,3,842,51493,2,0,0.05422095209360123,0
D2_global_hybrid_strong,0,3,852,51566,2,0,0.05220896378159523,0
D2_global_hybrid_strong,0,3,853,51567,2,0,0.05133858695626259,0
D2_global_hybrid_strong,0,3,857,51572,1,1,0.9137627482414246,1
D2_global_hybrid_strong,0,3,868,51585,1,1,0.9198306798934937,1
D2_global_hybrid_strong,0,4,8,50012,1,1,0.6201306581497192,1
D2_global_hybrid_strong,0,4,13,50020,1,1,0.8664067387580872,1
D2_global_hybrid_strong,0,4,17,50025,1,1,0.8496232628822327,1
D2_global_hybrid_strong,0,4,29,50038,2,0,0.1295209527015686,0
D2_global_hybrid_strong,0,4,33,50042,2,0,0.1521575003862381,0
D2_global_hybrid_strong,0,4,43,50052,2,0,0.15288124978542328,0
D2_global_hybrid_strong,0,4,46,50056,1,1,0.8662147521972656,1
D2_global_hybrid_strong,0,4,55,50107,2,0,0.17082583904266357,0
D2_global_hybrid_strong,0,4,56,50109,2,0,0.15565930306911469,0
D2_global_hybrid_strong,0,4,58,50112,2,0,0.12946337461471558,0
D2_global_hybrid_strong,0,4,66,50121,1,1,0.8659623861312866,1
D2_global_hybrid_strong,0,4,72,50129,1,1,0.8659815788269043,1
D2_global_hybrid_strong,0,4,88,50153,1,1,0.6752861738204956,1
D2_global_hybrid_strong,0,4,99,50168,2,0,0.12795013189315796,0
D2_global_hybrid_strong,0,4,103,50182,1,1,0.8395135402679443,1
D2_global_hybrid_strong,0,4,106,50186,1,1,0.7510260343551636,1
D2_global_hybrid_strong,0,4,109,50189,1,1,0.8441656231880188,1
D2_global_hybrid_strong,0,4,113,50195,2,0,0.1252305805683136,0
D2_global_hybrid_strong,0,4,126,50213,2,0,0.12509608268737793,0
D2_global_hybrid_strong,0,4,135,50239,1,1,0.8534073829650879,1
D2_global_hybrid_strong,0,4,144,50251,1,1,0.28884080052375793,0
D2_global_hybrid_strong,0,4,158,50267,2,0,0.125309556722641,0
D2_global_hybrid_strong,0,4,172,50287,1,1,0.13009144365787506,0
D2_global_hybrid_strong,0,4,175,50291,1,1,0.25118061900138855,0
D2_global_hybrid_strong,0,4,200,50331,2,0,0.13107241690158844,0
D2_global_hybrid_strong,0,4,211,50342,2,0,0.1416933536529541,0
D2_global_hybrid_strong,0,4,230,50361,2,0,0.1300792545080185,0
D2_global_hybrid_strong,0,4,231,50362,2,0,0.12518848478794098,0
D2_global_hybrid_strong,0,4,236,50367,2,0,0.12534445524215698,0
D2_global_hybrid_strong,0,4,243,50375,2,0,0.13092078268527985,0
D2_global_hybrid_strong,0,4,244,50376,2,0,0.14169783890247345,0
D2_global_hybrid_strong,0,4,263,50406,1,1,0.8654157519340515,1
D2_global_hybrid_strong,0,4,280,50426,2,0,0.1256507784128189,0
D2_global_hybrid_strong,0,4,288,50438,2,0,0.12579253315925598,0
D2_global_hybrid_strong,0,4,306,50470,2,0,0.32299572229385376,0
D2_global_hybrid_strong,0,4,328,50503,1,1,0.8561965227127075,1
D2_global_hybrid_strong,0,4,339,50521,1,1,0.7826682925224304,1
D2_global_hybrid_strong,0,4,341,50524,1,1,0.864352285861969,1
D2_global_hybrid_strong,0,4,345,50528,1,1,0.864136278629303,1
D2_global_hybrid_strong,0,4,348,50531,1,1,0.7133556008338928,1
D2_global_hybrid_strong,0,4,351,50552,2,0,0.42995506525039673,0
D2_global_hybrid_strong,0,4,386,50624,1,1,0.8659024834632874,1
D2_global_hybrid_strong,0,4,412,50693,1,1,0.2348642200231552,0
D2_global_hybrid_strong,0,4,416,50697,1,1,0.8088927865028381,1
D2_global_hybrid_strong,0,4,436,50730,2,0,0.14238056540489197,0
D2_global_hybrid_strong,0,4,441,50738,2,0,0.1255752444267273,0
D2_global_hybrid_strong,0,4,445,50742,2,0,0.13568982481956482,0
D2_global_hybrid_strong,0,4,455,50755,1,1,0.8648458123207092,1
D2_global_hybrid_strong,0,4,460,50774,2,0,0.1269628405570984,0
D2_global_hybrid_strong,0,4,461,50775,2,0,0.1310236155986786,0
D2_global_hybrid_strong,0,4,467,50782,2,0,0.12592540681362152,0
D2_global_hybrid_strong,0,4,496,50958,1,1,0.8359933495521545,1
D2_global_hybrid_strong,0,4,498,50960,1,1,0.70754075050354,1
D2_global_hybrid_strong,0,4,508,50972,1,1,0.866471529006958,1
D2_global_hybrid_strong,0,4,509,50973,1,1,0.8500350117683411,1
D2_global_hybrid_strong,0,4,510,50974,1,1,0.8659979104995728,1
D2_global_hybrid_strong,0,4,516,50982,1,1,0.1389111429452896,0
D2_global_hybrid_strong,0,4,527,50993,1,1,0.8591439723968506,1
D2_global_hybrid_strong,0,4,551,51020,1,1,0.745162308216095,1
D2_global_hybrid_strong,0,4,555,51025,1,1,0.8648598790168762,1
D2_global_hybrid_strong,0,4,566,51038,2,0,0.1254139542579651,0
D2_global_hybrid_strong,0,4,577,51050,2,0,0.12598323822021484,0
D2_global_hybrid_strong,0,4,586,51059,2,0,0.13178730010986328,0
D2_global_hybrid_strong,0,4,599,51073,2,0,0.12531057000160217,0
D2_global_hybrid_strong,0,4,606,51080,2,0,0.6196762323379517,1
D2_global_hybrid_strong,0,4,607,51081,2,0,0.13218609988689423,0
D2_global_hybrid_strong,0,4,616,51090,2,0,0.12522947788238525,0
D2_global_hybrid_strong,0,4,619,51094,2,0,0.13007555902004242,0
D2_global_hybrid_strong,0,4,631,51106,2,0,0.1285495012998581,0
D2_global_hybrid_strong,0,4,632,51107,2,0,0.818672776222229,1
D2_global_hybrid_strong,0,4,657,51138,2,0,0.13089688122272491,0
D2_global_hybrid_strong,0,4,658,51139,2,0,0.12599654495716095,0
D2_global_hybrid_strong,0,4,664,51148,2,0,0.12892721593379974,0
D2_global_hybrid_strong,0,4,665,51149,2,0,0.12507538497447968,0
D2_global_hybrid_strong,0,4,693,51188,2,0,0.13468484580516815,0
D2_global_hybrid_strong,0,4,697,51197,2,0,0.13113155961036682,0
D2_global_hybrid_strong,0,4,698,51198,2,0,0.13391652703285217,0
D2_global_hybrid_strong,0,4,700,51202,1,1,0.8640668988227844,1
D2_global_hybrid_strong,0,4,701,51203,1,1,0.8659948706626892,1
D2_global_hybrid_strong,0,4,703,51205,1,1,0.8648064732551575,1
D2_global_hybrid_strong,0,4,730,51237,1,1,0.861378014087677,1
D2_global_hybrid_strong,0,4,735,51249,1,1,0.8664053678512573,1
D2_global_hybrid_strong,0,4,767,51295,1,1,0.8575449585914612,1
D2_global_hybrid_strong,0,4,772,51301,1,1,0.22009000182151794,0
D2_global_hybrid_strong,0,4,776,51305,2,0,0.482362300157547,0
D2_global_hybrid_strong,0,4,845,51558,2,0,0.12518112361431122,0
D2_global_hybrid_strong,0,4,851,51565,2,0,0.29063889384269714,0
D2_global_hybrid_strong,0,5,0,50003,1,1,0.12452154606580734,0
D2_global_hybrid_strong,0,5,6,50010,1,1,0.9055616855621338,1
D2_global_hybrid_strong,0,5,18,50026,1,1,0.724298357963562,1
D2_global_hybrid_strong,0,5,19,50027,1,1,0.06285133957862854,0
D2_global_hybrid_strong,0,5,50,50102,2,0,0.06294955313205719,0
D2_global_hybrid_strong,0,5,64,50118,1,1,0.9014136791229248,1
D2_global_hybrid_strong,0,5,77,50135,1,1,0.9051387906074524,1
D2_global_hybrid_strong,0,5,78,50142,1,1,0.9039446711540222,1
D2_global_hybrid_strong,0,5,81,50145,1,1,0.06614596396684647,0
D2_global_hybrid_strong,0,5,98,50167,2,0,0.06704465299844742,0
D2_global_hybrid_strong,0,5,112,50194,2,0,0.0631752610206604,0
D2_global_hybrid_strong,0,5,125,50210,2,0,0.07357325404882431,0
D2_global_hybrid_strong,0,5,128,50215,2,0,0.06658590584993362,0
D2_global_hybrid_strong,0,5,142,50249,1,1,0.9024786949157715,1
D2_global_hybrid_strong,0,5,143,50250,1,1,0.06332491338253021,0
D2_global_hybrid_strong,0,5,157,50266,2,0,0.06485693901777267,0
D2_global_hybrid_strong,0,5,161,50270,2,0,0.06458594650030136,0
D2_global_hybrid_strong,0,5,167,50276,1,1,0.9049223065376282,1
D2_global_hybrid_strong,0,5,198,50329,2,0,0.06667085736989975,0
D2_global_hybrid_strong,0,5,205,50336,2,0,0.06712964922189713,0
D2_global_hybrid_strong,0,5,220,50351,2,0,0.06673511117696762,0
D2_global_hybrid_strong,0,5,221,50352,2,0,0.0659024640917778,0
D2_global_hybrid_strong,0,5,226,50357,2,0,0.06529676914215088,0
D2_global_hybrid_strong,0,5,227,50358,2,0,0.18515151739120483,0
D2_global_hybrid_strong,0,5,249,50382,2,0,0.0641125962138176,0
D2_global_hybrid_strong,0,5,250,50383,2,0,0.06579272449016571,0
D2_global_hybrid_strong,0,5,267,50411,1,1,0.9049108028411865,1
D2_global_hybrid_strong,0,5,277,50422,2,0,0.19827276468276978,0
D2_global_hybrid_strong,0,5,305,50469,2,0,0.06359704583883286,0
D2_global_hybrid_strong,0,5,318,50492,1,1,0.8906922340393066,1
D2_global_hybrid_strong,0,5,321,50496,1,1,0.8867826461791992,1
D2_global_hybrid_strong,0,5,336,50518,1,1,0.9051559567451477,1
D2_global_hybrid_strong,0,5,367,50577,2,0,0.06299363076686859,0
D2_global_hybrid_strong,0,5,373,50606,1,1,0.9051955342292786,1
D2_global_hybrid_strong,0,5,383,50621,1,1,0.8977080583572388,1
D2_global_hybrid_strong,0,5,391,50642,1,1,0.7874118685722351,1
D2_global_hybrid_strong,0,5,433,50725,2,0,0.06410054117441177,0
D2_global_hybrid_strong,0,5,469,50786,2,0,0.06411672383546829,0
D2_global_hybrid_strong,0,5,471,50791,1,1,0.7277705669403076,1
D2_global_hybrid_strong,0,5,500,50962,1,1,0.32451388239860535,0
D2_global_hybrid_strong,0,5,504,50967,1,1,0.8999898433685303,1
D2_global_hybrid_strong,0,5,529,50995,1,1,0.9022024273872375,1
D2_global_hybrid_strong,0,5,533,51000,1,1,0.9057397842407227,1
D2_global_hybrid_strong,0,5,556,51026,1,1,0.9052081108093262,1
D2_global_hybrid_strong,0,5,560,51030,1,1,0.8952736854553223,1
D2_global_hybrid_strong,0,5,567,51039,2,0,0.06414911150932312,0
D2_global_hybrid_strong,0,5,570,51042,2,0,0.06396345794200897,0
D2_global_hybrid_strong,0,5,574,51047,2,0,0.06407566368579865,0
D2_global_hybrid_strong,0,5,597,51070,2,0,0.06908579170703888,0
D2_global_hybrid_strong,0,5,601,51075,2,0,0.07127024233341217,0
D2_global_hybrid_strong,0,5,621,51096,2,0,0.0670463815331459,0
D2_global_hybrid_strong,0,5,624,51099,2,0,0.0659484714269638,0
D2_global_hybrid_strong,0,5,625,51100,2,0,0.06446728110313416,0
D2_global_hybrid_strong,0,5,628,51103,2,0,0.06290355324745178,0
D2_global_hybrid_strong,0,5,643,51123,2,0,0.0636102557182312,0
D2_global_hybrid_strong,0,5,647,51128,2,0,0.06386920809745789,0
D2_global_hybrid_strong,0,5,650,51131,2,0,0.06749044358730316,0
D2_global_hybrid_strong,0,5,654,51135,2,0,0.06397467106580734,0
D2_global_hybrid_strong,0,5,656,51137,2,0,0.06609118729829788,0
D2_global_hybrid_strong,0,5,659,51140,2,0,0.06453853100538254,0
D2_global_hybrid_strong,0,5,671,51155,2,0,0.0641324445605278,0
D2_global_hybrid_strong,0,5,674,51161,1,1,0.8952693939208984,1
D2_global_hybrid_strong,0,5,680,51170,1,1,0.06889216601848602,0
D2_global_hybrid_strong,0,5,702,51204,1,1,0.8996461033821106,1
D2_global_hybrid_strong,0,5,733,51241,1,1,0.901060163974762,1
D2_global_hybrid_strong,0,5,734,51248,1,1,0.9054087996482849,1
D2_global_hybrid_strong,0,5,741,51255,2,0,0.06330029666423798,0
D2_global_hybrid_strong,0,5,748,51265,2,0,0.0629260390996933,0
D2_global_hybrid_strong,0,5,749,51266,2,0,0.8740326762199402,1
D2_global_hybrid_strong,0,5,757,51276,2,0,0.06292102485895157,0
D2_global_hybrid_strong,0,5,758,51277,2,0,0.06298983097076416,0
D2_global_hybrid_strong,0,5,761,51280,2,0,0.06318642199039459,0
D2_global_hybrid_strong,0,5,764,51292,1,1,0.9013511538505554,1
D2_global_hybrid_strong,0,5,768,51297,1,1,0.9054606556892395,1
D2_global_hybrid_strong,0,5,785,51319,1,1,0.904910147190094,1
D2_global_hybrid_strong,0,5,789,51323,1,1,0.9032092094421387,1
D2_global_hybrid_strong,0,5,796,51331,1,1,0.9025440812110901,1
D2_global_hybrid_strong,0,5,797,51332,2,0,0.06378178298473358,0
D2_global_hybrid_strong,0,5,804,51340,2,0,0.06456921994686127,0
D2_global_hybrid_strong,0,5,807,51343,2,0,0.06455158442258835,0
D2_global_hybrid_strong,0,5,808,51344,2,0,0.06656395643949509,0
D2_global_hybrid_strong,0,5,814,51351,1,1,0.2067537158727646,0
D2_global_hybrid_strong,0,5,829,51463,1,1,0.4338245987892151,0
D2_global_hybrid_strong,0,5,846,51559,2,0,0.06359483301639557,0
D2_global_hybrid_strong,0,5,864,51580,1,1,0.6128421425819397,1
D2_global_hybrid_strong,0,5,867,51584,1,1,0.9052141904830933,1
D2_global_hybrid_strong,0,5,870,51607,1,1,0.25458621978759766,0
D2_global_hybrid_strong,0,6,7,50011,1,1,0.8821447491645813,1
D2_global_hybrid_strong,0,6,12,50016,1,1,0.8855326175689697,1
D2_global_hybrid_strong,0,6,22,50031,2,0,0.06974927335977554,0
D2_global_hybrid_strong,0,6,25,50034,2,0,0.06929557770490646,0
D2_global_hybrid_strong,0,6,28,50037,2,0,0.07326100021600723,0
D2_global_hybrid_strong,0,6,30,50039,2,0,0.6538411378860474,1
D2_global_hybrid_strong,0,6,31,50040,2,0,0.07343053817749023,0
D2_global_hybrid_strong,0,6,38,50047,2,0,0.07317773252725601,0
D2_global_hybrid_strong,0,6,51,50103,2,0,0.16818037629127502,0
D2_global_hybrid_strong,0,6,60,50114,2,0,0.0700448751449585,0
D2_global_hybrid_strong,0,6,68,50124,1,1,0.8388832807540894,1
D2_global_hybrid_strong,0,6,71,50128,1,1,0.8865602016448975,1
D2_global_hybrid_strong,0,6,76,50134,1,1,0.8057875037193298,1
D2_global_hybrid_strong,0,6,102,50171,2,0,0.06929828226566315,0
D2_global_hybrid_strong,0,6,110,50190,1,1,0.8550844192504883,1
D2_global_hybrid_strong,0,6,129,50217,2,0,0.07163644582033157,0
D2_global_hybrid_strong,0,6,137,50241,1,1,0.8816540837287903,1
D2_global_hybrid_strong,0,6,150,50259,2,0,0.06929468363523483,0
D2_global_hybrid_strong,0,6,174,50290,1,1,0.8781173825263977,1
D2_global_hybrid_strong,0,6,176,50292,1,1,0.8853371143341064,1
D2_global_hybrid_strong,0,6,179,50295,1,1,0.8867299556732178,1
D2_global_hybrid_strong,0,6,188,50312,1,1,0.767799973487854,1
D2_global_hybrid_strong,0,6,194,50321,1,1,0.8824222087860107,1
D2_global_hybrid_strong,0,6,209,50340,2,0,0.07065626233816147,0
D2_global_hybrid_strong,0,6,212,50343,2,0,0.561643123626709,1
D2_global_hybrid_strong,0,6,213,50344,2,0,0.07067517936229706,0
D2_global_hybrid_strong,0,6,215,50346,2,0,0.07028384506702423,0
D2_global_hybrid_strong,0,6,225,50356,2,0,0.07289327681064606,0
D2_global_hybrid_strong,0,6,240,50372,2,0,0.07042165100574493,0
D2_global_hybrid_strong,0,6,247,50380,2,0,0.07217288017272949,0
D2_global_hybrid_strong,0,6,252,50386,2,0,0.07003485411405563,0
D2_global_hybrid_strong,0,6,253,50387,2,0,0.07119850814342499,0
D2_global_hybrid_strong,0,6,255,50390,2,0,0.07068362087011337,0
D2_global_hybrid_strong,0,6,268,50412,1,1,0.8851746320724487,1
D2_global_hybrid_strong,0,6,279,50425,2,0,0.07032172381877899,0
D2_global_hybrid_strong,0,6,281,50427,2,0,0.07029946148395538,0
D2_global_hybrid_strong,0,6,308,50480,1,1,0.8867231011390686,1
D2_global_hybrid_strong,0,6,309,50481,1,1,0.8866222500801086,1
D2_global_hybrid_strong,0,6,315,50488,1,1,0.8868116140365601,1
D2_global_hybrid_strong,0,6,332,50510,1,1,0.8861411213874817,1
D2_global_hybrid_strong,0,6,338,50520,1,1,0.8867967128753662,1
D2_global_hybrid_strong,0,6,342,50525,1,1,0.7618342638015747,1
D2_global_hybrid_strong,0,6,355,50561,2,0,0.06934219598770142,0
D2_global_hybrid_strong,0,6,358,50568,2,0,0.2042970508337021,0
D2_global_hybrid_strong,0,6,361,50571,2,0,0.40511927008628845,0
D2_global_hybrid_strong,0,6,369,50601,1,1,0.2227945476770401,0
D2_global_hybrid_strong,0,6,377,50613,1,1,0.8855712413787842,1
D2_global_hybrid_strong,0,6,389,50627,1,1,0.8826524019241333,1
D2_global_hybrid_strong,0,6,403,50683,2,0,0.06987401098012924,0
D2_global_hybrid_strong,0,6,409,50690,1,1,0.06928815692663193,0
D2_global_hybrid_strong,0,6,413,50694,1,1,0.8745598196983337,1
D2_global_hybrid_strong,0,6,415,50696,1,1,0.8866732120513916,1
D2_global_hybrid_strong,0,6,419,50700,1,1,0.886539101600647,1
D2_global_hybrid_strong,0,6,422,50703,2,0,0.06928437203168869,0
D2_global_hybrid_strong,0,6,437,50731,2,0,0.07072602212429047,0
D2_global_hybrid_strong,0,6,438,50733,2,0,0.06935504078865051,0
D2_global_hybrid_strong,0,6,443,50740,2,0,0.06934786587953568,0
D2_global_hybrid_strong,0,6,447,50744,1,1,0.44228294491767883,0
D2_global_hybrid_strong,0,6,449,50748,1,1,0.784969687461853,1
D2_global_hybrid_strong,0,6,470,50790,2,0,0.07019086927175522,0
D2_global_hybrid_strong,0,6,488,50822,2,0,0.06974334269762039,0
D2_global_hybrid_strong,0,6,492,50954,1,1,0.06933039426803589,0
D2_global_hybrid_strong,0,6,495,50957,1,1,0.7380596995353699,1
D2_global_hybrid_strong,0,6,505,50968,1,1,0.8836641907691956,1
D2_global_hybrid_strong,0,6,517,50983,1,1,0.8791430592536926,1
D2_global_hybrid_strong,0,6,523,50989,1,1,0.8856160640716553,1
D2_global_hybrid_strong,0,6,547,51016,1,1,0.8817359209060669,1
D2_global_hybrid_strong,0,6,552,51021,1,1,0.8785542249679565,1
D2_global_hybrid_strong,0,6,580,51053,2,0,0.07455649971961975,0
D2_global_hybrid_strong,0,6,581,51054,2,0,0.07164910435676575,0
D2_global_hybrid_strong,0,6,582,51055,2,0,0.07068734616041183,0
D2_global_hybrid_strong,0,6,600,51074,2,0,0.06971923261880875,0
D2_global_hybrid_strong,0,6,615,51089,2,0,0.07409971952438354,0
D2_global_hybrid_strong,0,6,634,51110,2,0,0.07294847071170807,0
D2_global_hybrid_strong,0,6,663,51147,2,0,0.06974036246538162,0
D2_global_hybrid_strong,0,6,684,51178,1,1,0.8851543664932251,1
D2_global_hybrid_strong,0,6,699,51201,1,1,0.625612735748291,1
D2_global_hybrid_strong,0,6,708,51211,1,1,0.09454311430454254,0
D2_global_hybrid_strong,0,6,740,51254,2,0,0.06929638236761093,0
D2_global_hybrid_strong,0,6,752,51269,2,0,0.06974036246538162,0
D2_global_hybrid_strong,0,6,760,51279,2,0,0.07577057927846909,0
D2_global_hybrid_strong,0,6,811,51347,2,0,0.0693385899066925,0
D2_global_hybrid_strong,0,6,821,51362,2,0,0.07162220776081085,0
D2_global_hybrid_strong,0,6,833,51477,2,0,0.06933493912220001,0
D2_global_hybrid_strong,0,6,843,51556,2,0,0.07260209321975708,0
D2_global_hybrid_strong,0,6,859,51574,1,1,0.8834747672080994,1
D2_global_hybrid_strong,0,6,861,51577,1,1,0.8468472361564636,1
D2_global_hybrid_strong,0,7,16,50024,1,1,0.9028794765472412,1
D2_global_hybrid_strong,0,7,26,50035,2,0,0.20381781458854675,0
D2_global_hybrid_strong,0,7,40,50049,2,0,0.13358721137046814,0
D2_global_hybrid_strong,0,7,54,50106,2,0,0.8582249283790588,1
D2_global_hybrid_strong,0,7,80,50144,1,1,0.8990139365196228,1
D2_global_hybrid_strong,0,7,82,50146,1,1,0.1284797638654709,0
D2_global_hybrid_strong,0,7,90,50157,2,0,0.47430774569511414,0
D2_global_hybrid_strong,0,7,91,50158,2,0,0.12927988171577454,0
D2_global_hybrid_strong,0,7,95,50162,2,0,0.2952790856361389,0
D2_global_hybrid_strong,0,7,104,50183,1,1,0.901696503162384,1
D2_global_hybrid_strong,0,7,153,50262,2,0,0.2401302605867386,0
D2_global_hybrid_strong,0,7,156,50265,2,0,0.20249614119529724,0
D2_global_hybrid_strong,0,7,165,50274,1,1,0.9014960527420044,1
D2_global_hybrid_strong,0,7,166,50275,1,1,0.8999213576316833,1
D2_global_hybrid_strong,0,7,169,50282,1,1,0.8658448457717896,1
D2_global_hybrid_strong,0,7,178,50294,1,1,0.9030361175537109,1
D2_global_hybrid_strong,0,7,189,50314,1,1,0.9008176922798157,1
D2_global_hybrid_strong,0,7,190,50315,1,1,0.9030986428260803,1
D2_global_hybrid_strong,0,7,191,50318,1,1,0.46377068758010864,0
D2_global_hybrid_strong,0,7,208,50339,2,0,0.12935812771320343,0
D2_global_hybrid_strong,0,7,214,50345,2,0,0.23471447825431824,0
D2_global_hybrid_strong,0,7,224,50355,2,0,0.17953385412693024,0
D2_global_hybrid_strong,0,7,233,50364,2,0,0.37597402930259705,0
D2_global_hybrid_strong,0,7,245,50377,2,0,0.12840716540813446,0
D2_global_hybrid_strong,0,7,246,50379,2,0,0.1370442658662796,0
D2_global_hybrid_strong,0,7,251,50385,2,0,0.8892757892608643,1
D2_global_hybrid_strong,0,7,261,50404,1,1,0.9028953909873962,1
D2_global_hybrid_strong,0,7,276,50421,2,0,0.1284559667110443,0
D2_global_hybrid_strong,0,7,285,50435,2,0,0.14002443850040436,0
D2_global_hybrid_strong,0,7,289,50439,2,0,0.19638794660568237,0
D2_global_hybrid_strong,0,7,296,50446,2,0,0.19171364605426788,0
D2_global_hybrid_strong,0,7,298,50448,2,0,0.6354318857192993,1
D2_global_hybrid_strong,0,7,304,50468,2,0,0.20625312626361847,0
D2_global_hybrid_strong,0,7,314,50487,1,1,0.9012605547904968,1
D2_global_hybrid_strong,0,7,325,50500,1,1,0.9010089635848999,1
D2_global_hybrid_strong,0,7,350,50551,2,0,0.13328489661216736,0
D2_global_hybrid_strong,0,7,398,50659,2,0,0.5460464358329773,1
D2_global_hybrid_strong,0,7,420,50701,2,0,0.1744929850101471,0
D2_global_hybrid_strong,0,7,423,50704,1,1,0.6159488558769226,1
D2_global_hybrid_strong,0,7,424,50705,1,1,0.7845677137374878,1
D2_global_hybrid_strong,0,7,428,50709,2,0,0.2037014216184616,0
D2_global_hybrid_strong,0,7,452,50751,1,1,0.8111383318901062,1
D2_global_hybrid_strong,0,7,459,50773,2,0,0.13007555902004242,0
D2_global_hybrid_strong,0,7,474,50797,1,1,0.8675756454467773,1
D2_global_hybrid_strong,0,7,479,50803,1,1,0.8823553919792175,1
D2_global_hybrid_strong,0,7,480,50807,1,1,0.9028742909431458,1
D2_global_hybrid_strong,0,7,484,50817,2,0,0.13186879456043243,0
D2_global_hybrid_strong,0,7,485,50818,2,0,0.13423562049865723,0
D2_global_hybrid_strong,0,7,487,50821,2,0,0.12842819094657898,0
D2_global_hybrid_strong,0,7,494,50956,1,1,0.8950200080871582,1
D2_global_hybrid_strong,0,7,512,50977,1,1,0.9030235409736633,1
D2_global_hybrid_strong,0,7,515,50981,1,1,0.8852126598358154,1
D2_global_hybrid_strong,0,7,518,50984,1,1,0.8940880298614502,1
D2_global_hybrid_strong,0,7,520,50986,1,1,0.7041380405426025,1
D2_global_hybrid_strong,0,7,526,50992,1,1,0.8998001217842102,1
D2_global_hybrid_strong,0,7,536,51003,1,1,0.9031014442443848,1
D2_global_hybrid_strong,0,7,540,51009,1,1,0.8987719416618347,1
D2_global_hybrid_strong,0,7,545,51014,1,1,0.9007319211959839,1
D2_global_hybrid_strong,0,7,578,51051,2,0,0.13786548376083374,0
D2_global_hybrid_strong,0,7,590,51063,2,0,0.12830513715744019,0
D2_global_hybrid_strong,0,7,603,51077,2,0,0.6397151350975037,1
D2_global_hybrid_strong,0,7,617,51091,2,0,0.12830011546611786,0
D2_global_hybrid_strong,0,7,630,51105,2,0,0.12946848571300507,0
D2_global_hybrid_strong,0,7,641,51118,2,0,0.623634397983551,1
D2_global_hybrid_strong,0,7,644,51124,2,0,0.1292940229177475,0
D2_global_hybrid_strong,0,7,666,51150,2,0,0.13054808974266052,0
D2_global_hybrid_strong,0,7,667,51151,2,0,0.14225107431411743,0
D2_global_hybrid_strong,0,7,672,51156,2,0,0.12931551039218903,0
D2_global_hybrid_strong,0,7,675,51162,1,1,0.9012544751167297,1
D2_global_hybrid_strong,0,7,685,51179,1,1,0.9030420780181885,1
D2_global_hybrid_strong,0,7,706,51208,1,1,0.8016145825386047,1
D2_global_hybrid_strong,0,7,715,51219,1,1,0.8973689079284668,1
D2_global_hybrid_strong,0,7,720,51224,1,1,0.812040388584137,1
D2_global_hybrid_strong,0,7,725,51230,1,1,0.9028959274291992,1
D2_global_hybrid_strong,0,7,746,51262,2,0,0.1870838850736618,0
D2_global_hybrid_strong,0,7,763,51291,1,1,0.8957705497741699,1
D2_global_hybrid_strong,0,7,775,51304,2,0,0.20465117692947388,0
D2_global_hybrid_strong,0,7,781,51311,2,0,0.13048429787158966,0
D2_global_hybrid_strong,0,7,790,51325,1,1,0.9029890298843384,1
D2_global_hybrid_strong,0,7,792,51327,1,1,0.9015060067176819,1
D2_global_hybrid_strong,0,7,799,51334,2,0,0.14516407251358032,0
D2_global_hybrid_strong,0,7,803,51339,2,0,0.1285986751317978,0
D2_global_hybrid_strong,0,7,837,51482,2,0,0.13102704286575317,0
D2_global_hybrid_strong,0,7,838,51484,2,0,0.42704129219055176,0
D2_global_hybrid_strong,0,7,841,51491,2,0,0.13113076984882355,0
D2_global_hybrid_strong,0,7,860,51576,1,1,0.7272316217422485,1
D2_global_hybrid_strong,0,7,865,51582,1,1,0.9030684232711792,1
D2_global_hybrid_strong,0,8,5,50008,1,1,0.8992179036140442,1
D2_global_hybrid_strong,0,8,9,50013,1,1,0.8916336297988892,1
D2_global_hybrid_strong,0,8,23,50032,2,0,0.10183846950531006,0
D2_global_hybrid_strong,0,8,24,50033,2,0,0.09985430538654327,0
D2_global_hybrid_strong,0,8,73,50130,1,1,0.8991760015487671,1
D2_global_hybrid_strong,0,8,75,50132,1,1,0.9000824093818665,1
D2_global_hybrid_strong,0,8,85,50149,1,1,0.8988352417945862,1
D2_global_hybrid_strong,0,8,105,50184,1,1,0.900141716003418,1
D2_global_hybrid_strong,0,8,120,50203,2,0,0.10109603404998779,0
D2_global_hybrid_strong,0,8,124,50208,2,0,0.13672587275505066,0
D2_global_hybrid_strong,0,8,134,50237,1,1,0.9001222252845764,1
D2_global_hybrid_strong,0,8,138,50243,1,1,0.9000303149223328,1
D2_global_hybrid_strong,0,8,139,50245,1,1,0.9000759720802307,1
D2_global_hybrid_strong,0,8,155,50264,2,0,0.09934573620557785,0
D2_global_hybrid_strong,0,8,173,50289,1,1,0.39296257495880127,0
D2_global_hybrid_strong,0,8,201,50332,2,0,0.09936724603176117,0
D2_global_hybrid_strong,0,8,216,50347,2,0,0.10020294785499573,0
D2_global_hybrid_strong,0,8,228,50359,2,0,0.13744083046913147,0
D2_global_hybrid_strong,0,8,229,50360,2,0,0.09934945404529572,0
D2_global_hybrid_strong,0,8,235,50366,2,0,0.12241928279399872,0
D2_global_hybrid_strong,0,8,239,50370,2,0,0.14194051921367645,0
D2_global_hybrid_strong,0,8,269,50413,1,1,0.8985024690628052,1
D2_global_hybrid_strong,0,8,272,50416,2,0,0.10035908222198486,0
D2_global_hybrid_strong,0,8,273,50417,2,0,0.10197927057743073,0
D2_global_hybrid_strong,0,8,290,50440,2,0,0.438264936208725,0
D2_global_hybrid_strong,0,8,291,50441,2,0,0.10192237049341202,0
D2_global_hybrid_strong,0,8,299,50449,2,0,0.10100426524877548,0
D2_global_hybrid_strong,0,8,313,50486,1,1,0.9003254771232605,1
D2_global_hybrid_strong,0,8,324,50499,1,1,0.8986366987228394,1
D2_global_hybrid_strong,0,8,330,50507,1,1,0.817848265171051,1
D2_global_hybrid_strong,0,8,343,50526,1,1,0.8786895871162415,1
D2_global_hybrid_strong,0,8,344,50527,1,1,0.8991958498954773,1
D2_global_hybrid_strong,0,8,362,50572,2,0,0.09942243248224258,0
D2_global_hybrid_strong,0,8,380,50616,1,1,0.8982067704200745,1
D2_global_hybrid_strong,0,8,388,50626,1,1,0.8999817967414856,1
D2_global_hybrid_strong,0,8,400,50665,2,0,0.530008852481842,1
D2_global_hybrid_strong,0,8,402,50682,2,0,0.105487160384655,0
D2_global_hybrid_strong,0,8,404,50685,2,0,0.247187077999115,0
D2_global_hybrid_strong,0,8,421,50702,1,1,0.8899462223052979,1
D2_global_hybrid_strong,0,8,427,50708,1,1,0.900336503982544,1
D2_global_hybrid_strong,0,8,431,50723,2,0,0.09977206587791443,0
D2_global_hybrid_strong,0,8,463,50777,2,0,0.12652620673179626,0
D2_global_hybrid_strong,0,8,472,50792,1,1,0.8988519906997681,1
D2_global_hybrid_strong,0,8,473,50796,1,1,0.8974248766899109,1
D2_global_hybrid_strong,0,8,477,50800,1,1,0.9000057578086853,1
D2_global_hybrid_strong,0,8,486,50820,2,0,0.10421162843704224,0
D2_global_hybrid_strong,0,8,519,50985,1,1,0.8962081074714661,1
D2_global_hybrid_strong,0,8,521,50987,1,1,0.8988185524940491,1
D2_global_hybrid_strong,0,8,524,50990,1,1,0.8988985419273376,1
D2_global_hybrid_strong,0,8,530,50996,1,1,0.8986780643463135,1
D2_global_hybrid_strong,0,8,538,51007,1,1,0.8988871574401855,1
D2_global_hybrid_strong,0,8,548,51017,1,1,0.8806509375572205,1
D2_global_hybrid_strong,0,8,549,51018,1,1,0.900002658367157,1
D2_global_hybrid_strong,0,8,554,51024,1,1,0.9001654982566833,1
D2_global_hybrid_strong,0,8,563,51034,1,1,0.900360643863678,1
D2_global_hybrid_strong,0,8,565,51036,2,0,0.10294540226459503,0
D2_global_hybrid_strong,0,8,573,51046,2,0,0.24268420040607452,0
D2_global_hybrid_strong,0,8,593,51066,2,0,0.10554713755846024,0
D2_global_hybrid_strong,0,8,608,51082,2,0,0.11122502386569977,0
D2_global_hybrid_strong,0,8,613,51087,2,0,0.09957420825958252,0
D2_global_hybrid_strong,0,8,618,51093,2,0,0.09968406707048416,0
D2_global_hybrid_strong,0,8,620,51095,2,0,0.4551871418952942,0
D2_global_hybrid_strong,0,8,635,51111,2,0,0.09943196177482605,0
D2_global_hybrid_strong,0,8,652,51133,2,0,0.8690593242645264,1
D2_global_hybrid_strong,0,8,653,51134,2,0,0.09977970272302628,0
D2_global_hybrid_strong,0,8,668,51152,2,0,0.09967596083879471,0
D2_global_hybrid_strong,0,8,682,51173,1,1,0.9003304243087769,1
D2_global_hybrid_strong,0,8,687,51181,2,0,0.1578732132911682,0
D2_global_hybrid_strong,0,8,717,51221,1,1,0.8973780870437622,1
D2_global_hybrid_strong,0,8,719,51223,1,1,0.9000744819641113,1
D2_global_hybrid_strong,0,8,731,51239,1,1,0.8973921537399292,1
D2_global_hybrid_strong,0,8,743,51257,2,0,0.8875687122344971,1
D2_global_hybrid_strong,0,8,751,51268,2,0,0.09941171854734421,0
D2_global_hybrid_strong,0,8,759,51278,2,0,0.2434629201889038,0
D2_global_hybrid_strong,0,8,770,51299,1,1,0.8999771475791931,1
D2_global_hybrid_strong,0,8,773,51302,1,1,0.8916544914245605,1
D2_global_hybrid_strong,0,8,782,51313,2,0,0.10513900965452194,0
D2_global_hybrid_strong,0,8,809,51345,2,0,0.14010818302631378,0
D2_global_hybrid_strong,0,8,810,51346,2,0,0.10405171662569046,0
D2_global_hybrid_strong,0,8,816,51356,2,0,0.8345539569854736,1
D2_global_hybrid_strong,0,8,826,51370,2,0,0.10189921408891678,0
D2_global_hybrid_strong,0,8,827,51373,2,0,0.09955165535211563,0
D2_global_hybrid_strong,0,8,830,51464,1,1,0.8999314904212952,1
D2_global_hybrid_strong,0,8,844,51557,2,0,0.10198204219341278,0
D2_global_hybrid_strong,0,8,849,51563,2,0,0.09971465915441513,0
D2_global_hybrid_strong,0,8,855,51569,2,0,0.1279892772436142,0
D2_global_hybrid_strong,0,8,858,51573,1,1,0.7191073894500732,1
D2_global_hybrid_strong,0,9,1,50004,1,1,0.887999415397644,1
D2_global_hybrid_strong,0,9,15,50023,1,1,0.888046383857727,1
D2_global_hybrid_strong,0,9,39,50048,2,0,0.8743473887443542,1
D2_global_hybrid_strong,0,9,47,50057,1,1,0.05969352275133133,0
D2_global_hybrid_strong,0,9,48,50059,2,0,0.09991029649972916,0
D2_global_hybrid_strong,0,9,62,50116,2,0,0.30943673849105835,0
D2_global_hybrid_strong,0,9,89,50156,1,1,0.8878593444824219,1
D2_global_hybrid_strong,0,9,101,50170,2,0,0.10913783311843872,0
D2_global_hybrid_strong,0,9,107,50187,1,1,0.06042691320180893,0
D2_global_hybrid_strong,0,9,121,50204,2,0,0.057913944125175476,0
D2_global_hybrid_strong,0,9,127,50214,2,0,0.05955345928668976,0
D2_global_hybrid_strong,0,9,168,50278,1,1,0.8880494236946106,1
D2_global_hybrid_strong,0,9,193,50320,1,1,0.8852415084838867,1
D2_global_hybrid_strong,0,9,196,50325,1,1,0.05746998265385628,0
D2_global_hybrid_strong,0,9,254,50388,2,0,0.0588560476899147,0
D2_global_hybrid_strong,0,9,259,50402,1,1,0.058036450296640396,0
D2_global_hybrid_strong,0,9,260,50403,1,1,0.05718837305903435,0
D2_global_hybrid_strong,0,9,265,50408,1,1,0.06625427305698395,0
D2_global_hybrid_strong,0,9,295,50445,2,0,0.05726291984319687,0
D2_global_hybrid_strong,0,9,300,50453,2,0,0.4880751967430115,0
D2_global_hybrid_strong,0,9,301,50463,2,0,0.05748164281249046,0
D2_global_hybrid_strong,0,9,311,50483,1,1,0.5389848947525024,1
D2_global_hybrid_strong,0,9,312,50485,1,1,0.05861195549368858,0
D2_global_hybrid_strong,0,9,322,50497,1,1,0.8782153129577637,1
D2_global_hybrid_strong,0,9,331,50509,1,1,0.8884108662605286,1
D2_global_hybrid_strong,0,9,365,50575,2,0,0.2463015913963318,0
D2_global_hybrid_strong,0,9,366,50576,2,0,0.06196894124150276,0
D2_global_hybrid_strong,0,9,375,50608,1,1,0.3434223532676697,0
D2_global_hybrid_strong,0,9,392,50644,1,1,0.8883779048919678,1
D2_global_hybrid_strong,0,9,393,50647,1,1,0.8846560120582581,1
D2_global_hybrid_strong,0,9,395,50649,1,1,0.05719131603837013,0
D2_global_hybrid_strong,0,9,396,50654,1,1,0.2105029821395874,0
D2_global_hybrid_strong,0,9,401,50669,2,0,0.8824072480201721,1
D2_global_hybrid_strong,0,9,418,50699,2,0,0.6468949317932129,1
D2_global_hybrid_strong,0,9,440,50737,2,0,0.05712267756462097,0
D2_global_hybrid_strong,0,9,442,50739,2,0,0.09734833240509033,0
D2_global_hybrid_strong,0,9,448,50745,1,1,0.8869441747665405,1
D2_global_hybrid_strong,0,9,454,50754,1,1,0.8884168863296509,1
D2_global_hybrid_strong,0,9,458,50772,2,0,0.8849188685417175,1
D2_global_hybrid_strong,0,9,464,50778,2,0,0.4184328317642212,0
D2_global_hybrid_strong,0,9,483,50816,2,0,0.05930568277835846,0
D2_global_hybrid_strong,0,9,491,50952,1,1,0.8882353901863098,1
D2_global_hybrid_strong,0,9,503,50966,1,1,0.8288957476615906,1
D2_global_hybrid_strong,0,9,532,50999,1,1,0.8873207569122314,1
D2_global_hybrid_strong,0,9,550,51019,1,1,0.8873506188392639,1
D2_global_hybrid_strong,0,9,561,51032,1,1,0.8734026551246643,1
D2_global_hybrid_strong,0,9,569,51041,2,0,0.05986108258366585,0
D2_global_hybrid_strong,0,9,571,51044,2,0,0.06151013821363449,0
D2_global_hybrid_strong,0,9,575,51048,2,0,0.07894658297300339,0
D2_global_hybrid_strong,0,9,588,51061,2,0,0.06043308228254318,0
D2_global_hybrid_strong,0,9,591,51064,2,0,0.5888688564300537,1
D2_global_hybrid_strong,0,9,594,51067,2,0,0.06458135694265366,0
D2_global_hybrid_strong,0,9,598,51072,2,0,0.5750499963760376,1
D2_global_hybrid_strong,0,9,602,51076,2,0,0.06385539472103119,0
D2_global_hybrid_strong,0,9,604,51078,2,0,0.06148646026849747,0
D2_global_hybrid_strong,0,9,611,51085,2,0,0.8883996605873108,1
D2_global_hybrid_strong,0,9,614,51088,2,0,0.061115480959415436,0
D2_global_hybrid_strong,0,9,627,51102,2,0,0.057231489568948746,0
D2_global_hybrid_strong,0,9,637,51113,2,0,0.05763587728142738,0
D2_global_hybrid_strong,0,9,638,51114,2,0,0.07602208107709885,0
D2_global_hybrid_strong,0,9,649,51130,2,0,0.7702791094779968,1
D2_global_hybrid_strong,0,9,660,51141,2,0,0.28170785307884216,0
D2_global_hybrid_strong,0,9,679,51169,1,1,0.7265771627426147,1
D2_global_hybrid_strong,0,9,689,51183,2,0,0.06664709746837616,0
D2_global_hybrid_strong,0,9,704,51206,1,1,0.5179034471511841,1
D2_global_hybrid_strong,0,9,707,51210,1,1,0.8754289746284485,1
D2_global_hybrid_strong,0,9,711,51215,1,1,0.05844317004084587,0
D2_global_hybrid_strong,0,9,721,51225,1,1,0.37045231461524963,0
D2_global_hybrid_strong,0,9,726,51231,1,1,0.08366367965936661,0
D2_global_hybrid_strong,0,9,729,51236,1,1,0.36602872610092163,0
D2_global_hybrid_strong,0,9,744,51260,2,0,0.061752546578645706,0
D2_global_hybrid_strong,0,9,750,51267,2,0,0.05803849920630455,0
D2_global_hybrid_strong,0,9,777,51306,2,0,0.43952062726020813,0
D2_global_hybrid_strong,0,9,787,51321,1,1,0.8789352178573608,1
D2_global_hybrid_strong,0,9,788,51322,1,1,0.5708350539207458,1
D2_global_hybrid_strong,0,9,794,51329,1,1,0.057253096252679825,0
D2_global_hybrid_strong,0,9,802,51338,2,0,0.2323792278766632,0
D2_global_hybrid_strong,0,9,805,51341,2,0,0.10028191655874252,0
D2_global_hybrid_strong,0,9,812,51349,1,1,0.059684429317712784,0
D2_global_hybrid_strong,0,9,818,51359,2,0,0.8855385780334473,1
D2_global_hybrid_strong,0,9,822,51363,2,0,0.05802871659398079,0
D2_global_hybrid_strong,0,9,823,51364,2,0,0.2448502629995346,0
D2_global_hybrid_strong,0,9,847,51560,2,0,0.058865759521722794,0
D2_global_hybrid_strong,0,9,848,51562,2,0,0.05916452780365944,0
D2_global_hybrid_strong,0,9,850,51564,2,0,0.057123780250549316,0
D2_global_hybrid_strong,0,9,863,51579,1,1,0.06442473828792572,0
D2_global_hybrid_strong,0,9,866,51583,1,1,0.8868774175643921,1
D2_global_hybrid_strong,0,10,11,50015,1,1,0.8859881162643433,1
D2_global_hybrid_strong,0,10,41,50050,2,0,0.10240530967712402,0
D2_global_hybrid_strong,0,10,44,50053,1,1,0.7265774011611938,1
D2_global_hybrid_strong,0,10,52,50104,2,0,0.10659626126289368,0
D2_global_hybrid_strong,0,10,59,50113,2,0,0.1073259562253952,0
D2_global_hybrid_strong,0,10,65,50119,1,1,0.10342761874198914,0
D2_global_hybrid_strong,0,10,92,50159,2,0,0.8898216485977173,1
D2_global_hybrid_strong,0,10,93,50160,2,0,0.10279746353626251,0
D2_global_hybrid_strong,0,10,94,50161,2,0,0.7849034070968628,1
D2_global_hybrid_strong,0,10,108,50188,1,1,0.10621273517608643,0
D2_global_hybrid_strong,0,10,115,50198,2,0,0.10295708477497101,0
D2_global_hybrid_strong,0,10,117,50200,2,0,0.10615086555480957,0
D2_global_hybrid_strong,0,10,118,50201,2,0,0.10371178388595581,0
D2_global_hybrid_strong,0,10,140,50247,1,1,0.8849010467529297,1
D2_global_hybrid_strong,0,10,149,50257,2,0,0.10590578615665436,0
D2_global_hybrid_strong,0,10,177,50293,1,1,0.8879052996635437,1
D2_global_hybrid_strong,0,10,180,50297,1,1,0.23830382525920868,0
D2_global_hybrid_strong,0,10,182,50300,1,1,0.10475290566682816,0
D2_global_hybrid_strong,0,10,185,50304,1,1,0.8350051641464233,1
D2_global_hybrid_strong,0,10,186,50308,1,1,0.7954441905021667,1
D2_global_hybrid_strong,0,10,195,50324,1,1,0.8819592595100403,1
D2_global_hybrid_strong,0,10,199,50330,2,0,0.10379284620285034,0
D2_global_hybrid_strong,0,10,203,50334,2,0,0.18508577346801758,0
D2_global_hybrid_strong,0,10,206,50337,2,0,0.10260145366191864,0
D2_global_hybrid_strong,0,10,219,50350,2,0,0.10656172782182693,0
D2_global_hybrid_strong,0,10,237,50368,2,0,0.10379759967327118,0
D2_global_hybrid_strong,0,10,238,50369,2,0,0.10748959332704544,0
D2_global_hybrid_strong,0,10,242,50374,2,0,0.10250255465507507,0
D2_global_hybrid_strong,0,10,248,50381,2,0,0.10316991060972214,0
D2_global_hybrid_strong,0,10,256,50391,2,0,0.10397282987833023,0
D2_global_hybrid_strong,0,10,274,50418,2,0,0.10247816890478134,0
D2_global_hybrid_strong,0,10,293,50443,2,0,0.3225308060646057,0
D2_global_hybrid_strong,0,10,317,50491,1,1,0.8903065323829651,1
D2_global_hybrid_strong,0,10,320,50494,1,1,0.48267853260040283,0
D2_global_hybrid_strong,0,10,334,50515,1,1,0.8893773555755615,1
D2_global_hybrid_strong,0,10,340,50523,1,1,0.8901363611221313,1
D2_global_hybrid_strong,0,10,347,50530,1,1,0.8844812512397766,1
D2_global_hybrid_strong,0,10,354,50558,2,0,0.10666833817958832,0
D2_global_hybrid_strong,0,10,356,50563,2,0,0.10586622357368469,0
D2_global_hybrid_strong,0,10,359,50569,2,0,0.11162502318620682,0
D2_global_hybrid_strong,0,10,374,50607,1,1,0.10344096273183823,0
D2_global_hybrid_strong,0,10,376,50612,1,1,0.10586496442556381,0
D2_global_hybrid_strong,0,10,378,50614,1,1,0.8819853067398071,1
D2_global_hybrid_strong,0,10,382,50620,1,1,0.10468863695859909,0
D2_global_hybrid_strong,0,10,384,50622,1,1,0.7651081681251526,1
D2_global_hybrid_strong,0,10,387,50625,1,1,0.10569339245557785,0
D2_global_hybrid_strong,0,10,406,50687,2,0,0.6663486361503601,1
D2_global_hybrid_strong,0,10,414,50695,1,1,0.12046917527914047,0
D2_global_hybrid_strong,0,10,429,50711,1,1,0.10320993512868881,0
D2_global_hybrid_strong,0,10,432,50724,2,0,0.10244987905025482,0
D2_global_hybrid_strong,0,10,466,50781,2,0,0.5668268799781799,1
D2_global_hybrid_strong,0,10,468,50783,2,0,0.1023823618888855,0
D2_global_hybrid_strong,0,10,482,50814,2,0,0.10278782993555069,0
D2_global_hybrid_strong,0,10,493,50955,1,1,0.10249180346727371,0
D2_global_hybrid_strong,0,10,501,50964,1,1,0.15437857806682587,0
D2_global_hybrid_strong,0,10,506,50969,1,1,0.8901908993721008,1
D2_global_hybrid_strong,0,10,531,50997,1,1,0.8897075057029724,1
D2_global_hybrid_strong,0,10,534,51001,1,1,0.8893980383872986,1
D2_global_hybrid_strong,0,10,542,51011,1,1,0.8867017030715942,1
D2_global_hybrid_strong,0,10,564,51035,1,1,0.8048166632652283,1
D2_global_hybrid_strong,0,10,583,51056,2,0,0.1050524115562439,0
D2_global_hybrid_strong,0,10,587,51060,2,0,0.1948150247335434,0
D2_global_hybrid_strong,0,10,595,51068,2,0,0.728534460067749,1
D2_global_hybrid_strong,0,10,609,51083,2,0,0.8894943594932556,1
D2_global_hybrid_strong,0,10,610,51084,2,0,0.8870856761932373,1
D2_global_hybrid_strong,0,10,623,51098,2,0,0.10826034843921661,0
D2_global_hybrid_strong,0,10,639,51116,2,0,0.10843564569950104,0
D2_global_hybrid_strong,0,10,673,51159,2,0,0.8886722922325134,1
D2_global_hybrid_strong,0,10,677,51164,1,1,0.8903161883354187,1
D2_global_hybrid_strong,0,10,694,51189,2,0,0.10240250080823898,0
D2_global_hybrid_strong,0,10,705,51207,1,1,0.8871241807937622,1
D2_global_hybrid_strong,0,10,712,51216,1,1,0.102515310049057,0
D2_global_hybrid_strong,0,10,724,51229,1,1,0.8867592811584473,1
D2_global_hybrid_strong,0,10,736,51250,2,0,0.10302024334669113,0
D2_global_hybrid_strong,0,10,738,51252,2,0,0.8903641104698181,1
D2_global_hybrid_strong,0,10,769,51298,1,1,0.8902572393417358,1
D2_global_hybrid_strong,0,10,771,51300,1,1,0.8891742825508118,1
D2_global_hybrid_strong,0,10,774,51303,2,0,0.12515796720981598,0
D2_global_hybrid_strong,0,10,778,51307,2,0,0.8902918100357056,1
D2_global_hybrid_strong,0,10,783,51315,2,0,0.5520673394203186,1
D2_global_hybrid_strong,0,10,784,51318,1,1,0.7071141600608826,1
D2_global_hybrid_strong,0,10,801,51336,2,0,0.1025262400507927,0
D2_global_hybrid_strong,0,10,813,51350,1,1,0.8830757141113281,1
D2_global_hybrid_strong,0,10,815,51354,1,1,0.8430745005607605,1
D2_global_hybrid_strong,0,10,817,51357,2,0,0.10614003241062164,0
D2_global_hybrid_strong,0,10,835,51480,2,0,0.10470496118068695,0
D2_global_hybrid_strong,0,10,856,51570,2,0,0.11844523251056671,0
D2_global_hybrid_strong,1,1,8,50012,1,1,0.9162959456443787,1
D2_global_hybrid_strong,1,1,17,50025,1,1,0.9051483273506165,1
D2_global_hybrid_strong,1,1,26,50035,2,0,0.057613153010606766,0
D2_global_hybrid_strong,1,1,30,50039,2,0,0.6279342770576477,1
D2_global_hybrid_strong,1,1,31,50040,2,0,0.062088388949632645,0
D2_global_hybrid_strong,1,1,33,50042,2,0,0.05759251117706299,0
D2_global_hybrid_strong,1,1,40,50049,2,0,0.05765075981616974,0
D2_global_hybrid_strong,1,1,64,50118,1,1,0.9127587676048279,1
D2_global_hybrid_strong,1,1,71,50128,1,1,0.9172448515892029,1
D2_global_hybrid_strong,1,1,74,50131,1,1,0.8920769691467285,1
D2_global_hybrid_strong,1,1,90,50157,2,0,0.05771389603614807,0
D2_global_hybrid_strong,1,1,109,50189,1,1,0.9170703887939453,1
D2_global_hybrid_strong,1,1,115,50198,2,0,0.09501976519823074,0
D2_global_hybrid_strong,1,1,119,50202,2,0,0.05903852730989456,0
D2_global_hybrid_strong,1,1,148,50255,1,1,0.9166948795318604,1
D2_global_hybrid_strong,1,1,170,50284,1,1,0.1641451120376587,0
D2_global_hybrid_strong,1,1,172,50287,1,1,0.48646777868270874,0
D2_global_hybrid_strong,1,1,192,50319,1,1,0.9166795611381531,1
D2_global_hybrid_strong,1,1,204,50335,2,0,0.05775274336338043,0
D2_global_hybrid_strong,1,1,221,50352,2,0,0.07218469679355621,0
D2_global_hybrid_strong,1,1,230,50361,2,0,0.057825297117233276,0
D2_global_hybrid_strong,1,1,241,50373,2,0,0.057906102389097214,0
D2_global_hybrid_strong,1,1,269,50413,1,1,0.9139963984489441,1
D2_global_hybrid_strong,1,1,273,50417,2,0,0.06025461107492447,0
D2_global_hybrid_strong,1,1,283,50433,2,0,0.05783660337328911,0
D2_global_hybrid_strong,1,1,288,50438,2,0,0.06133664771914482,0
D2_global_hybrid_strong,1,1,289,50439,2,0,0.05764952301979065,0
D2_global_hybrid_strong,1,1,303,50467,2,0,0.06335188448429108,0
D2_global_hybrid_strong,1,1,313,50486,1,1,0.9169389009475708,1
D2_global_hybrid_strong,1,1,326,50501,1,1,0.9133508205413818,1
D2_global_hybrid_strong,1,1,333,50514,1,1,0.7764996886253357,1
D2_global_hybrid_strong,1,1,335,50516,1,1,0.9107028841972351,1
D2_global_hybrid_strong,1,1,337,50519,1,1,0.9133792519569397,1
D2_global_hybrid_strong,1,1,343,50526,1,1,0.5418919920921326,1
D2_global_hybrid_strong,1,1,383,50621,1,1,0.9144505858421326,1
D2_global_hybrid_strong,1,1,390,50628,1,1,0.913795530796051,1
D2_global_hybrid_strong,1,1,410,50691,2,0,0.05939837172627449,0
D2_global_hybrid_strong,1,1,416,50697,1,1,0.9140125513076782,1
D2_global_hybrid_strong,1,1,422,50703,2,0,0.057685986161231995,0
D2_global_hybrid_strong,1,1,425,50706,2,0,0.057940032333135605,0
D2_global_hybrid_strong,1,1,429,50711,1,1,0.0880526527762413,0
D2_global_hybrid_strong,1,1,431,50723,2,0,0.060978155583143234,0
D2_global_hybrid_strong,1,1,435,50728,2,0,0.05766229331493378,0
D2_global_hybrid_strong,1,1,441,50738,2,0,0.06513692438602448,0
D2_global_hybrid_strong,1,1,446,50743,1,1,0.9170256853103638,1
D2_global_hybrid_strong,1,1,449,50748,1,1,0.9156356453895569,1
D2_global_hybrid_strong,1,1,455,50755,1,1,0.9128767848014832,1
D2_global_hybrid_strong,1,1,457,50757,1,1,0.06334676593542099,0
D2_global_hybrid_strong,1,1,501,50964,1,1,0.9147525429725647,1
D2_global_hybrid_strong,1,1,502,50965,1,1,0.9160656332969666,1
D2_global_hybrid_strong,1,1,511,50976,1,1,0.9169006943702698,1
D2_global_hybrid_strong,1,1,553,51023,1,1,0.9111472368240356,1
D2_global_hybrid_strong,1,1,560,51030,1,1,0.9136187434196472,1
D2_global_hybrid_strong,1,1,562,51033,1,1,0.9152915477752686,1
D2_global_hybrid_strong,1,1,566,51038,2,0,0.06171694025397301,0
D2_global_hybrid_strong,1,1,584,51057,2,0,0.06455596536397934,0
D2_global_hybrid_strong,1,1,597,51070,2,0,0.05781909450888634,0
D2_global_hybrid_strong,1,1,599,51073,2,0,0.06155884638428688,0
D2_global_hybrid_strong,1,1,610,51084,2,0,0.8727795481681824,1
D2_global_hybrid_strong,1,1,615,51089,2,0,0.06138109043240547,0
D2_global_hybrid_strong,1,1,630,51105,2,0,0.0619460754096508,0
D2_global_hybrid_strong,1,1,633,51109,2,0,0.06327979266643524,0
D2_global_hybrid_strong,1,1,636,51112,2,0,0.06374400854110718,0
D2_global_hybrid_strong,1,1,654,51135,2,0,0.05781719088554382,0
D2_global_hybrid_strong,1,1,680,51170,1,1,0.5900130271911621,1
D2_global_hybrid_strong,1,1,686,51180,2,0,0.16749006509780884,0
D2_global_hybrid_strong,1,1,691,51185,2,0,0.3840550482273102,0
D2_global_hybrid_strong,1,1,696,51194,2,0,0.5334418416023254,1
D2_global_hybrid_strong,1,1,697,51197,2,0,0.08283223956823349,0
D2_global_hybrid_strong,1,1,726,51231,1,1,0.058244142681360245,0
D2_global_hybrid_strong,1,1,729,51236,1,1,0.14166949689388275,0
D2_global_hybrid_strong,1,1,734,51248,1,1,0.9140751361846924,1
D2_global_hybrid_strong,1,1,744,51260,2,0,0.0576806366443634,0
D2_global_hybrid_strong,1,1,753,51271,2,0,0.05987809970974922,0
D2_global_hybrid_strong,1,1,754,51272,2,0,0.09525452554225922,0
D2_global_hybrid_strong,1,1,755,51273,2,0,0.4339292049407959,0
D2_global_hybrid_strong,1,1,757,51276,2,0,0.05851534754037857,0
D2_global_hybrid_strong,1,1,765,51293,1,1,0.9140577912330627,1
D2_global_hybrid_strong,1,1,769,51298,1,1,0.9127963781356812,1
D2_global_hybrid_strong,1,1,787,51321,1,1,0.05768381431698799,0
D2_global_hybrid_strong,1,1,789,51323,1,1,0.9131351113319397,1
D2_global_hybrid_strong,1,1,792,51327,1,1,0.8434849381446838,1
D2_global_hybrid_strong,1,1,804,51340,2,0,0.061539389193058014,0
D2_global_hybrid_strong,1,1,836,51481,2,0,0.057722292840480804,0
D2_global_hybrid_strong,1,1,841,51491,2,0,0.057990435510873795,0
D2_global_hybrid_strong,1,1,842,51493,2,0,0.058908749371767044,0
D2_global_hybrid_strong,1,1,856,51570,2,0,0.05768550559878349,0
D2_global_hybrid_strong,1,1,870,51607,1,1,0.21132031083106995,0
D2_global_hybrid_strong,1,2,1,50004,1,1,0.8695539236068726,1
D2_global_hybrid_strong,1,2,13,50020,1,1,0.8670621514320374,1
D2_global_hybrid_strong,1,2,23,50032,2,0,0.0912482887506485,0
D2_global_hybrid_strong,1,2,34,50043,2,0,0.0968327522277832,0
D2_global_hybrid_strong,1,2,41,50050,2,0,0.09130939841270447,0
D2_global_hybrid_strong,1,2,45,50054,2,0,0.7768247723579407,1
D2_global_hybrid_strong,1,2,53,50105,2,0,0.09097848832607269,0
D2_global_hybrid_strong,1,2,59,50113,2,0,0.0922885537147522,0
D2_global_hybrid_strong,1,2,69,50125,1,1,0.8541805148124695,1
D2_global_hybrid_strong,1,2,80,50144,1,1,0.8651946187019348,1
D2_global_hybrid_strong,1,2,84,50148,1,1,0.8720961213111877,1
D2_global_hybrid_strong,1,2,105,50184,1,1,0.8644840717315674,1
D2_global_hybrid_strong,1,2,144,50251,1,1,0.28154227137565613,0
D2_global_hybrid_strong,1,2,160,50269,2,0,0.3514001965522766,0
D2_global_hybrid_strong,1,2,165,50274,1,1,0.8295082449913025,1
D2_global_hybrid_strong,1,2,174,50290,1,1,0.8721691966056824,1
D2_global_hybrid_strong,1,2,195,50324,1,1,0.8722192645072937,1
D2_global_hybrid_strong,1,2,201,50332,2,0,0.09120974689722061,0
D2_global_hybrid_strong,1,2,209,50340,2,0,0.09121982008218765,0
D2_global_hybrid_strong,1,2,213,50344,2,0,0.09095986187458038,0
D2_global_hybrid_strong,1,2,215,50346,2,0,0.09185437113046646,0
D2_global_hybrid_strong,1,2,217,50348,2,0,0.10696181654930115,0
D2_global_hybrid_strong,1,2,218,50349,2,0,0.09249383211135864,0
D2_global_hybrid_strong,1,2,222,50353,2,0,0.09238632023334503,0
D2_global_hybrid_strong,1,2,224,50355,2,0,0.1011572927236557,0
D2_global_hybrid_strong,1,2,242,50374,2,0,0.09602979570627213,0
D2_global_hybrid_strong,1,2,253,50387,2,0,0.09181470423936844,0
D2_global_hybrid_strong,1,2,256,50391,2,0,0.09310836344957352,0
D2_global_hybrid_strong,1,2,277,50422,2,0,0.12474711239337921,0
D2_global_hybrid_strong,1,2,284,50434,2,0,0.0910106897354126,0
D2_global_hybrid_strong,1,2,305,50469,2,0,0.09071158617734909,0
D2_global_hybrid_strong,1,2,311,50483,1,1,0.7169948220252991,1
D2_global_hybrid_strong,1,2,331,50509,1,1,0.8718587160110474,1
D2_global_hybrid_strong,1,2,342,50525,1,1,0.6354537010192871,1
D2_global_hybrid_strong,1,2,356,50563,2,0,0.09130235016345978,0
D2_global_hybrid_strong,1,2,370,50602,1,1,0.7506124973297119,1
D2_global_hybrid_strong,1,2,394,50648,1,1,0.3473830223083496,0
D2_global_hybrid_strong,1,2,401,50669,2,0,0.8634958267211914,1
D2_global_hybrid_strong,1,2,413,50694,1,1,0.8695018887519836,1
D2_global_hybrid_strong,1,2,438,50733,2,0,0.09071273356676102,0
D2_global_hybrid_strong,1,2,445,50742,2,0,0.09076385200023651,0
D2_global_hybrid_strong,1,2,447,50744,1,1,0.8528160452842712,1
D2_global_hybrid_strong,1,2,451,50750,1,1,0.8687017560005188,1
D2_global_hybrid_strong,1,2,460,50774,2,0,0.09122391045093536,0
D2_global_hybrid_strong,1,2,472,50792,1,1,0.8678279519081116,1
D2_global_hybrid_strong,1,2,475,50798,1,1,0.09388458728790283,0
D2_global_hybrid_strong,1,2,477,50800,1,1,0.8582881689071655,1
D2_global_hybrid_strong,1,2,492,50954,1,1,0.1344258189201355,0
D2_global_hybrid_strong,1,2,496,50958,1,1,0.8515353202819824,1
D2_global_hybrid_strong,1,2,505,50968,1,1,0.8713675141334534,1
D2_global_hybrid_strong,1,2,506,50969,1,1,0.6063781380653381,1
D2_global_hybrid_strong,1,2,524,50990,1,1,0.8707989454269409,1
D2_global_hybrid_strong,1,2,535,51002,1,1,0.7848566174507141,1
D2_global_hybrid_strong,1,2,545,51014,1,1,0.8718608021736145,1
D2_global_hybrid_strong,1,2,558,51028,1,1,0.8694823980331421,1
D2_global_hybrid_strong,1,2,564,51035,1,1,0.6696596741676331,1
D2_global_hybrid_strong,1,2,571,51044,2,0,0.09284937381744385,0
D2_global_hybrid_strong,1,2,574,51047,2,0,0.09075117111206055,0
D2_global_hybrid_strong,1,2,580,51053,2,0,0.09292363375425339,0
D2_global_hybrid_strong,1,2,585,51058,2,0,0.09312117099761963,0
D2_global_hybrid_strong,1,2,588,51061,2,0,0.09160573035478592,0
D2_global_hybrid_strong,1,2,600,51074,2,0,0.10109562426805496,0
D2_global_hybrid_strong,1,2,603,51077,2,0,0.09183026850223541,0
D2_global_hybrid_strong,1,2,617,51091,2,0,0.09095215797424316,0
D2_global_hybrid_strong,1,2,646,51127,2,0,0.09383025765419006,0
D2_global_hybrid_strong,1,2,648,51129,2,0,0.09295213222503662,0
D2_global_hybrid_strong,1,2,650,51131,2,0,0.09125129133462906,0
D2_global_hybrid_strong,1,2,651,51132,2,0,0.09078136086463928,0
D2_global_hybrid_strong,1,2,655,51136,2,0,0.11988995224237442,0
D2_global_hybrid_strong,1,2,662,51146,2,0,0.09202215075492859,0
D2_global_hybrid_strong,1,2,664,51148,2,0,0.09314926713705063,0
D2_global_hybrid_strong,1,2,668,51152,2,0,0.09117322415113449,0
D2_global_hybrid_strong,1,2,675,51162,1,1,0.8722522854804993,1
D2_global_hybrid_strong,1,2,681,51171,1,1,0.8721897602081299,1
D2_global_hybrid_strong,1,2,689,51183,2,0,0.09721749275922775,0
D2_global_hybrid_strong,1,2,703,51205,1,1,0.8718696236610413,1
D2_global_hybrid_strong,1,2,728,51235,1,1,0.8718678951263428,1
D2_global_hybrid_strong,1,2,735,51249,1,1,0.8714271783828735,1
D2_global_hybrid_strong,1,2,751,51268,2,0,0.09070596098899841,0
D2_global_hybrid_strong,1,2,763,51291,1,1,0.8719600439071655,1
D2_global_hybrid_strong,1,2,767,51295,1,1,0.8713493943214417,1
D2_global_hybrid_strong,1,2,813,51350,1,1,0.8392326235771179,1
D2_global_hybrid_strong,1,2,814,51351,1,1,0.751427412033081,1
D2_global_hybrid_strong,1,2,826,51370,2,0,0.09071525931358337,0
D2_global_hybrid_strong,1,2,835,51480,2,0,0.09105610847473145,0
D2_global_hybrid_strong,1,2,859,51574,1,1,0.8704685568809509,1
D2_global_hybrid_strong,1,2,867,51584,1,1,0.8468107581138611,1
D2_global_hybrid_strong,1,3,3,50006,1,1,0.8949233889579773,1
D2_global_hybrid_strong,1,3,15,50023,1,1,0.8866994976997375,1
D2_global_hybrid_strong,1,3,25,50034,2,0,0.08501515537500381,0
D2_global_hybrid_strong,1,3,39,50048,2,0,0.8954387307167053,1
D2_global_hybrid_strong,1,3,68,50124,1,1,0.8960343599319458,1
D2_global_hybrid_strong,1,3,75,50132,1,1,0.8955422639846802,1
D2_global_hybrid_strong,1,3,88,50153,1,1,0.3522544205188751,0
D2_global_hybrid_strong,1,3,100,50169,2,0,0.08514119684696198,0
D2_global_hybrid_strong,1,3,107,50187,1,1,0.09016627818346024,0
D2_global_hybrid_strong,1,3,111,50193,2,0,0.08769801259040833,0
D2_global_hybrid_strong,1,3,122,50205,2,0,0.0881141871213913,0
D2_global_hybrid_strong,1,3,138,50243,1,1,0.7569430470466614,1
D2_global_hybrid_strong,1,3,147,50254,1,1,0.8958694934844971,1
D2_global_hybrid_strong,1,3,159,50268,2,0,0.08503810316324234,0
D2_global_hybrid_strong,1,3,173,50289,1,1,0.43295398354530334,0
D2_global_hybrid_strong,1,3,186,50308,1,1,0.5715063214302063,1
D2_global_hybrid_strong,1,3,189,50314,1,1,0.8944697976112366,1
D2_global_hybrid_strong,1,3,193,50320,1,1,0.8956072926521301,1
D2_global_hybrid_strong,1,3,199,50330,2,0,0.08566649258136749,0
D2_global_hybrid_strong,1,3,203,50334,2,0,0.8859424591064453,1
D2_global_hybrid_strong,1,3,206,50337,2,0,0.08747586607933044,0
D2_global_hybrid_strong,1,3,232,50363,2,0,0.11744970083236694,0
D2_global_hybrid_strong,1,3,233,50364,2,0,0.2335885465145111,0
D2_global_hybrid_strong,1,3,236,50367,2,0,0.08529337495565414,0
D2_global_hybrid_strong,1,3,248,50381,2,0,0.08630489557981491,0
D2_global_hybrid_strong,1,3,252,50386,2,0,0.08513469994068146,0
D2_global_hybrid_strong,1,3,255,50390,2,0,0.08626408129930496,0
D2_global_hybrid_strong,1,3,259,50402,1,1,0.08507346361875534,0
D2_global_hybrid_strong,1,3,261,50404,1,1,0.8951982855796814,1
D2_global_hybrid_strong,1,3,264,50407,1,1,0.8907914757728577,1
D2_global_hybrid_strong,1,3,282,50428,2,0,0.08508513122797012,0
D2_global_hybrid_strong,1,3,291,50441,2,0,0.08792436867952347,0
D2_global_hybrid_strong,1,3,296,50446,2,0,0.08613399416208267,0
D2_global_hybrid_strong,1,3,301,50463,2,0,0.08529124408960342,0
D2_global_hybrid_strong,1,3,312,50485,1,1,0.08699826151132584,0
D2_global_hybrid_strong,1,3,322,50497,1,1,0.8916558027267456,1
D2_global_hybrid_strong,1,3,330,50507,1,1,0.4716719686985016,0
D2_global_hybrid_strong,1,3,332,50510,1,1,0.8956709504127502,1
D2_global_hybrid_strong,1,3,338,50520,1,1,0.892119288444519,1
D2_global_hybrid_strong,1,3,362,50572,2,0,0.08630602806806564,0
D2_global_hybrid_strong,1,3,364,50574,2,0,0.13414603471755981,0
D2_global_hybrid_strong,1,3,368,50578,2,0,0.8920117616653442,1
D2_global_hybrid_strong,1,3,382,50620,1,1,0.08861099183559418,0
D2_global_hybrid_strong,1,3,384,50622,1,1,0.8956982493400574,1
D2_global_hybrid_strong,1,3,398,50659,2,0,0.41390424966812134,0
D2_global_hybrid_strong,1,3,403,50683,2,0,0.08505401760339737,0
D2_global_hybrid_strong,1,3,408,50689,1,1,0.8944702744483948,1
D2_global_hybrid_strong,1,3,415,50696,1,1,0.8944214582443237,1
D2_global_hybrid_strong,1,3,421,50702,1,1,0.2008756846189499,0
D2_global_hybrid_strong,1,3,433,50725,2,0,0.08506206423044205,0
D2_global_hybrid_strong,1,3,436,50730,2,0,0.08595532923936844,0
D2_global_hybrid_strong,1,3,439,50735,2,0,0.08512682467699051,0
D2_global_hybrid_strong,1,3,469,50786,2,0,0.08636308461427689,0
D2_global_hybrid_strong,1,3,497,50959,1,1,0.88169264793396,1
D2_global_hybrid_strong,1,3,503,50966,1,1,0.5059174299240112,1
D2_global_hybrid_strong,1,3,517,50983,1,1,0.7607769966125488,1
D2_global_hybrid_strong,1,3,529,50995,1,1,0.894435465335846,1
D2_global_hybrid_strong,1,3,530,50996,1,1,0.8955152630805969,1
D2_global_hybrid_strong,1,3,531,50997,1,1,0.8904693722724915,1
D2_global_hybrid_strong,1,3,541,51010,1,1,0.50367671251297,1
D2_global_hybrid_strong,1,3,546,51015,1,1,0.08506084978580475,0
D2_global_hybrid_strong,1,3,555,51025,1,1,0.8955498933792114,1
D2_global_hybrid_strong,1,3,572,51045,2,0,0.08905253559350967,0
D2_global_hybrid_strong,1,3,577,51050,2,0,0.08529192954301834,0
D2_global_hybrid_strong,1,3,592,51065,2,0,0.08521877974271774,0
D2_global_hybrid_strong,1,3,607,51081,2,0,0.087132029235363,0
D2_global_hybrid_strong,1,3,608,51082,2,0,0.09144146740436554,0
D2_global_hybrid_strong,1,3,613,51087,2,0,0.08713917434215546,0
D2_global_hybrid_strong,1,3,637,51113,2,0,0.08586584031581879,0
D2_global_hybrid_strong,1,3,639,51116,2,0,0.0940195694565773,0
D2_global_hybrid_strong,1,3,645,51126,2,0,0.08911659568548203,0
D2_global_hybrid_strong,1,3,661,51142,2,0,0.10371337085962296,0
D2_global_hybrid_strong,1,3,706,51208,1,1,0.33343973755836487,0
D2_global_hybrid_strong,1,3,714,51218,1,1,0.8897191286087036,1
D2_global_hybrid_strong,1,3,722,51226,1,1,0.08512315154075623,0
D2_global_hybrid_strong,1,3,731,51239,1,1,0.8921724557876587,1
D2_global_hybrid_strong,1,3,741,51255,2,0,0.08538906276226044,0
D2_global_hybrid_strong,1,3,752,51269,2,0,0.08715878427028656,0
D2_global_hybrid_strong,1,3,761,51280,2,0,0.08611463010311127,0
D2_global_hybrid_strong,1,3,770,51299,1,1,0.8957216739654541,1
D2_global_hybrid_strong,1,3,771,51300,1,1,0.8928750157356262,1
D2_global_hybrid_strong,1,3,776,51305,2,0,0.09362192451953888,0
D2_global_hybrid_strong,1,3,794,51329,1,1,0.11520251631736755,0
D2_global_hybrid_strong,1,3,803,51339,2,0,0.08651501685380936,0
D2_global_hybrid_strong,1,3,806,51342,2,0,0.08776076138019562,0
D2_global_hybrid_strong,1,3,838,51484,2,0,0.48012393712997437,0
D2_global_hybrid_strong,1,3,855,51569,2,0,0.30796822905540466,0
D2_global_hybrid_strong,1,4,4,50007,1,1,0.5871703028678894,1
D2_global_hybrid_strong,1,4,32,50041,2,0,0.13069283962249756,0
D2_global_hybrid_strong,1,4,46,50056,1,1,0.8459764719009399,1
D2_global_hybrid_strong,1,4,57,50111,2,0,0.12376528233289719,0
D2_global_hybrid_strong,1,4,60,50114,2,0,0.11892111599445343,0
D2_global_hybrid_strong,1,4,87,50152,1,1,0.8536709547042847,1
D2_global_hybrid_strong,1,4,94,50161,2,0,0.2148759961128235,0
D2_global_hybrid_strong,1,4,120,50203,2,0,0.11843986809253693,0
D2_global_hybrid_strong,1,4,135,50239,1,1,0.36561447381973267,0
D2_global_hybrid_strong,1,4,149,50257,2,0,0.25766289234161377,0
D2_global_hybrid_strong,1,4,153,50262,2,0,0.14096540212631226,0
D2_global_hybrid_strong,1,4,154,50263,2,0,0.1207309439778328,0
D2_global_hybrid_strong,1,4,166,50275,1,1,0.7933099865913391,1
D2_global_hybrid_strong,1,4,179,50295,1,1,0.8542314767837524,1
D2_global_hybrid_strong,1,4,210,50341,2,0,0.11974166333675385,0
D2_global_hybrid_strong,1,4,216,50347,2,0,0.13874222338199615,0
D2_global_hybrid_strong,1,4,226,50357,2,0,0.1324995756149292,0
D2_global_hybrid_strong,1,4,258,50399,1,1,0.8118671774864197,1
D2_global_hybrid_strong,1,4,272,50416,2,0,0.12275779247283936,0
D2_global_hybrid_strong,1,4,295,50445,2,0,0.1623746007680893,0
D2_global_hybrid_strong,1,4,316,50490,1,1,0.7747845649719238,1
D2_global_hybrid_strong,1,4,323,50498,1,1,0.8326368927955627,1
D2_global_hybrid_strong,1,4,324,50499,1,1,0.8385496735572815,1
D2_global_hybrid_strong,1,4,328,50503,1,1,0.8251904845237732,1
D2_global_hybrid_strong,1,4,329,50504,1,1,0.8441516160964966,1
D2_global_hybrid_strong,1,4,344,50527,1,1,0.46036627888679504,0
D2_global_hybrid_strong,1,4,349,50532,1,1,0.8473421931266785,1
D2_global_hybrid_strong,1,4,350,50551,2,0,0.1452845335006714,0
D2_global_hybrid_strong,1,4,359,50569,2,0,0.3484296500682831,0
D2_global_hybrid_strong,1,4,360,50570,2,0,0.1183391883969307,0
D2_global_hybrid_strong,1,4,363,50573,2,0,0.14556336402893066,0
D2_global_hybrid_strong,1,4,371,50603,1,1,0.8435177206993103,1
D2_global_hybrid_strong,1,4,380,50616,1,1,0.8542406558990479,1
D2_global_hybrid_strong,1,4,387,50625,1,1,0.12662075459957123,0
D2_global_hybrid_strong,1,4,389,50627,1,1,0.8541032671928406,1
D2_global_hybrid_strong,1,4,391,50642,1,1,0.5899386405944824,1
D2_global_hybrid_strong,1,4,392,50644,1,1,0.8089362978935242,1
D2_global_hybrid_strong,1,4,402,50682,2,0,0.11951372027397156,0
D2_global_hybrid_strong,1,4,430,50722,2,0,0.12664563953876495,0
D2_global_hybrid_strong,1,4,437,50731,2,0,0.12753811478614807,0
D2_global_hybrid_strong,1,4,458,50772,2,0,0.8422930836677551,1
D2_global_hybrid_strong,1,4,473,50796,1,1,0.8419196605682373,1
D2_global_hybrid_strong,1,4,474,50797,1,1,0.8013156652450562,1
D2_global_hybrid_strong,1,4,481,50812,2,0,0.11855275928974152,0
D2_global_hybrid_strong,1,4,483,50816,2,0,0.12709373235702515,0
D2_global_hybrid_strong,1,4,485,50818,2,0,0.12266981601715088,0
D2_global_hybrid_strong,1,4,509,50973,1,1,0.790681779384613,1
D2_global_hybrid_strong,1,4,516,50982,1,1,0.195648193359375,0
D2_global_hybrid_strong,1,4,543,51012,1,1,0.7747728228569031,1
D2_global_hybrid_strong,1,4,548,51017,1,1,0.8490273952484131,1
D2_global_hybrid_strong,1,4,549,51018,1,1,0.8444352149963379,1
D2_global_hybrid_strong,1,4,551,51020,1,1,0.49285539984703064,0
D2_global_hybrid_strong,1,4,575,51048,2,0,0.34492436051368713,0
D2_global_hybrid_strong,1,4,590,51063,2,0,0.14480794966220856,0
D2_global_hybrid_strong,1,4,598,51072,2,0,0.48316898941993713,0
D2_global_hybrid_strong,1,4,605,51079,2,0,0.5180290937423706,1
D2_global_hybrid_strong,1,4,618,51093,2,0,0.1270892173051834,0
D2_global_hybrid_strong,1,4,626,51101,2,0,0.12135987728834152,0
D2_global_hybrid_strong,1,4,641,51118,2,0,0.6342604160308838,1
D2_global_hybrid_strong,1,4,649,51130,2,0,0.6981804966926575,1
D2_global_hybrid_strong,1,4,653,51134,2,0,0.12408891320228577,0
D2_global_hybrid_strong,1,4,658,51139,2,0,0.12073687463998795,0
D2_global_hybrid_strong,1,4,659,51140,2,0,0.11845782399177551,0
D2_global_hybrid_strong,1,4,666,51150,2,0,0.11829379200935364,0
D2_global_hybrid_strong,1,4,678,51168,1,1,0.6120176911354065,1
D2_global_hybrid_strong,1,4,687,51181,2,0,0.19417384266853333,0
D2_global_hybrid_strong,1,4,690,51184,2,0,0.2944420576095581,0
D2_global_hybrid_strong,1,4,699,51201,1,1,0.8401045799255371,1
D2_global_hybrid_strong,1,4,708,51211,1,1,0.8493380546569824,1
D2_global_hybrid_strong,1,4,712,51216,1,1,0.17669621109962463,0
D2_global_hybrid_strong,1,4,716,51220,1,1,0.8493166565895081,1
D2_global_hybrid_strong,1,4,718,51222,1,1,0.3311147093772888,0
D2_global_hybrid_strong,1,4,723,51228,1,1,0.854206383228302,1
D2_global_hybrid_strong,1,4,742,51256,2,0,0.12269587814807892,0
D2_global_hybrid_strong,1,4,750,51267,2,0,0.12347397208213806,0
D2_global_hybrid_strong,1,4,778,51307,2,0,0.8530080914497375,1
D2_global_hybrid_strong,1,4,793,51328,1,1,0.8515936732292175,1
D2_global_hybrid_strong,1,4,808,51344,2,0,0.3800691068172455,0
D2_global_hybrid_strong,1,4,815,51354,1,1,0.5991062521934509,1
D2_global_hybrid_strong,1,4,817,51357,2,0,0.11810413748025894,0
D2_global_hybrid_strong,1,4,845,51558,2,0,0.12145617604255676,0
D2_global_hybrid_strong,1,4,846,51559,2,0,0.12081050127744675,0
D2_global_hybrid_strong,1,4,852,51566,2,0,0.12104310840368271,0
D2_global_hybrid_strong,1,4,854,51568,2,0,0.3484448194503784,0
D2_global_hybrid_strong,1,4,860,51576,1,1,0.45149120688438416,0
D2_global_hybrid_strong,1,4,861,51577,1,1,0.8107380270957947,1
D2_global_hybrid_strong,1,4,863,51579,1,1,0.18996497988700867,0
D2_global_hybrid_strong,1,5,9,50013,1,1,0.6799035668373108,1
D2_global_hybrid_strong,1,5,12,50016,1,1,0.627276599407196,1
D2_global_hybrid_strong,1,5,21,50030,2,0,0.5863536596298218,1
D2_global_hybrid_strong,1,5,28,50037,2,0,0.6242326498031616,1
D2_global_hybrid_strong,1,5,37,50046,2,0,0.35342729091644287,0
D2_global_hybrid_strong,1,5,48,50059,2,0,0.37635374069213867,0
D2_global_hybrid_strong,1,5,73,50130,1,1,0.4747709035873413,0
D2_global_hybrid_strong,1,5,77,50135,1,1,0.6870768666267395,1
D2_global_hybrid_strong,1,5,79,50143,1,1,0.6841485500335693,1
D2_global_hybrid_strong,1,5,81,50145,1,1,0.6382795572280884,1
D2_global_hybrid_strong,1,5,95,50162,2,0,0.47430136799812317,0
D2_global_hybrid_strong,1,5,97,50164,2,0,0.35801008343696594,0
D2_global_hybrid_strong,1,5,102,50171,2,0,0.5851130485534668,1
D2_global_hybrid_strong,1,5,128,50215,2,0,0.3213992118835449,0
D2_global_hybrid_strong,1,5,134,50237,1,1,0.6688733696937561,1
D2_global_hybrid_strong,1,5,142,50249,1,1,0.6875420808792114,1
D2_global_hybrid_strong,1,5,150,50259,2,0,0.4329262375831604,0
D2_global_hybrid_strong,1,5,167,50276,1,1,0.6734378933906555,1
D2_global_hybrid_strong,1,5,177,50293,1,1,0.6609267592430115,1
D2_global_hybrid_strong,1,5,185,50304,1,1,0.5382398962974548,1
D2_global_hybrid_strong,1,5,191,50318,1,1,0.5108785033226013,1
D2_global_hybrid_strong,1,5,207,50338,2,0,0.33982983231544495,0
D2_global_hybrid_strong,1,5,243,50375,2,0,0.31993839144706726,0
D2_global_hybrid_strong,1,5,250,50383,2,0,0.3987131118774414,0
D2_global_hybrid_strong,1,5,271,50415,2,0,0.5179635882377625,1
D2_global_hybrid_strong,1,5,276,50421,2,0,0.3325108587741852,0
D2_global_hybrid_strong,1,5,280,50426,2,0,0.46861833333969116,0
D2_global_hybrid_strong,1,5,286,50436,2,0,0.670886218547821,1
D2_global_hybrid_strong,1,5,293,50443,2,0,0.6387786269187927,1
D2_global_hybrid_strong,1,5,304,50468,2,0,0.48590585589408875,0
D2_global_hybrid_strong,1,5,306,50470,2,0,0.6256318092346191,1
D2_global_hybrid_strong,1,5,327,50502,1,1,0.6906903386116028,1
D2_global_hybrid_strong,1,5,334,50515,1,1,0.6909080743789673,1
D2_global_hybrid_strong,1,5,336,50518,1,1,0.6366177201271057,1
D2_global_hybrid_strong,1,5,339,50521,1,1,0.6418812870979309,1
D2_global_hybrid_strong,1,5,347,50530,1,1,0.6900016665458679,1
D2_global_hybrid_strong,1,5,351,50552,2,0,0.3689594864845276,0
D2_global_hybrid_strong,1,5,355,50561,2,0,0.3431012034416199,0
D2_global_hybrid_strong,1,5,367,50577,2,0,0.3215411603450775,0
D2_global_hybrid_strong,1,5,385,50623,1,1,0.5063725709915161,1
D2_global_hybrid_strong,1,5,411,50692,2,0,0.3456214964389801,0
D2_global_hybrid_strong,1,5,412,50693,1,1,0.35801687836647034,0
D2_global_hybrid_strong,1,5,417,50698,2,0,0.3512525260448456,0
D2_global_hybrid_strong,1,5,443,50740,2,0,0.3486875593662262,0
D2_global_hybrid_strong,1,5,465,50780,2,0,0.557579517364502,1
D2_global_hybrid_strong,1,5,484,50817,2,0,0.3312544822692871,0
D2_global_hybrid_strong,1,5,487,50821,2,0,0.3428325951099396,0
D2_global_hybrid_strong,1,5,494,50956,1,1,0.6906452775001526,1
D2_global_hybrid_strong,1,5,498,50960,1,1,0.5141105651855469,1
D2_global_hybrid_strong,1,5,504,50967,1,1,0.6609904170036316,1
D2_global_hybrid_strong,1,5,507,50970,1,1,0.6799493432044983,1
D2_global_hybrid_strong,1,5,513,50978,1,1,0.6867567896842957,1
D2_global_hybrid_strong,1,5,514,50979,1,1,0.6630653142929077,1
D2_global_hybrid_strong,1,5,528,50994,1,1,0.6679834127426147,1
D2_global_hybrid_strong,1,5,533,51000,1,1,0.6910579800605774,1
D2_global_hybrid_strong,1,5,536,51003,1,1,0.6811023950576782,1
D2_global_hybrid_strong,1,5,537,51006,1,1,0.68458092212677,1
D2_global_hybrid_strong,1,5,538,51007,1,1,0.6783818602561951,1
D2_global_hybrid_strong,1,5,539,51008,1,1,0.6089701056480408,1
D2_global_hybrid_strong,1,5,547,51016,1,1,0.6315215229988098,1
D2_global_hybrid_strong,1,5,550,51019,1,1,0.5635929107666016,1
D2_global_hybrid_strong,1,5,594,51067,2,0,0.31965869665145874,0
D2_global_hybrid_strong,1,5,614,51088,2,0,0.34220796823501587,0
D2_global_hybrid_strong,1,5,616,51090,2,0,0.3274584710597992,0
D2_global_hybrid_strong,1,5,621,51096,2,0,0.334158331155777,0
D2_global_hybrid_strong,1,5,623,51098,2,0,0.32118043303489685,0
D2_global_hybrid_strong,1,5,628,51103,2,0,0.5841155648231506,1
D2_global_hybrid_strong,1,5,647,51128,2,0,0.3334537446498871,0
D2_global_hybrid_strong,1,5,660,51141,2,0,0.5247460007667542,1
D2_global_hybrid_strong,1,5,669,51153,2,0,0.5099753737449646,1
D2_global_hybrid_strong,1,5,674,51161,1,1,0.6375991702079773,1
D2_global_hybrid_strong,1,5,685,51179,1,1,0.6547136902809143,1
D2_global_hybrid_strong,1,5,698,51198,2,0,0.3919426500797272,0
D2_global_hybrid_strong,1,5,702,51204,1,1,0.6899237036705017,1
D2_global_hybrid_strong,1,5,713,51217,1,1,0.43190109729766846,0
D2_global_hybrid_strong,1,5,719,51223,1,1,0.6789937019348145,1
D2_global_hybrid_strong,1,5,727,51234,1,1,0.6897025108337402,1
D2_global_hybrid_strong,1,5,737,51251,2,0,0.6490656733512878,1
D2_global_hybrid_strong,1,5,738,51252,2,0,0.6862392425537109,1
D2_global_hybrid_strong,1,5,746,51262,2,0,0.6596767902374268,1
D2_global_hybrid_strong,1,5,805,51341,2,0,0.6159999966621399,1
D2_global_hybrid_strong,1,5,821,51362,2,0,0.5546391606330872,1
D2_global_hybrid_strong,1,5,823,51364,2,0,0.5524987578392029,1
D2_global_hybrid_strong,1,5,832,51473,1,1,0.6440533399581909,1
D2_global_hybrid_strong,1,5,847,51560,2,0,0.31977134943008423,0
D2_global_hybrid_strong,1,5,848,51562,2,0,0.3192720115184784,0
D2_global_hybrid_strong,1,5,849,51563,2,0,0.33451318740844727,0
D2_global_hybrid_strong,1,6,6,50010,1,1,0.8578505516052246,1
D2_global_hybrid_strong,1,6,47,50057,1,1,0.09586293995380402,0
D2_global_hybrid_strong,1,6,54,50106,2,0,0.0947861447930336,0
D2_global_hybrid_strong,1,6,61,50115,2,0,0.09423664957284927,0
D2_global_hybrid_strong,1,6,70,50127,1,1,0.21563392877578735,0
D2_global_hybrid_strong,1,6,76,50134,1,1,0.8594356775283813,1
D2_global_hybrid_strong,1,6,78,50142,1,1,0.855290412902832,1
D2_global_hybrid_strong,1,6,82,50146,1,1,0.1775965541601181,0
D2_global_hybrid_strong,1,6,91,50158,2,0,0.09304194897413254,0
D2_global_hybrid_strong,1,6,92,50159,2,0,0.7953829765319824,1
D2_global_hybrid_strong,1,6,112,50194,2,0,0.09470877796411514,0
D2_global_hybrid_strong,1,6,123,50206,2,0,0.15276406705379486,0
D2_global_hybrid_strong,1,6,124,50208,2,0,0.09302952140569687,0
D2_global_hybrid_strong,1,6,130,50232,1,1,0.8490462899208069,1
D2_global_hybrid_strong,1,6,131,50233,1,1,0.8594784140586853,1
D2_global_hybrid_strong,1,6,137,50241,1,1,0.85964435338974,1
D2_global_hybrid_strong,1,6,139,50245,1,1,0.8590632081031799,1
D2_global_hybrid_strong,1,6,140,50247,1,1,0.7593629360198975,1
D2_global_hybrid_strong,1,6,151,50260,2,0,0.09416574239730835,0
D2_global_hybrid_strong,1,6,168,50278,1,1,0.8595625758171082,1
D2_global_hybrid_strong,1,6,175,50291,1,1,0.7860069870948792,1
D2_global_hybrid_strong,1,6,196,50325,1,1,0.09482093155384064,0
D2_global_hybrid_strong,1,6,205,50336,2,0,0.13274066150188446,0
D2_global_hybrid_strong,1,6,219,50350,2,0,0.09786929190158844,0
D2_global_hybrid_strong,1,6,220,50351,2,0,0.09721504151821136,0
D2_global_hybrid_strong,1,6,223,50354,2,0,0.10002436488866806,0
D2_global_hybrid_strong,1,6,228,50359,2,0,0.14812567830085754,0
D2_global_hybrid_strong,1,6,229,50360,2,0,0.09508553147315979,0
D2_global_hybrid_strong,1,6,234,50365,2,0,0.09315632283687592,0
D2_global_hybrid_strong,1,6,239,50370,2,0,0.09295443445444107,0
D2_global_hybrid_strong,1,6,254,50388,2,0,0.09419246017932892,0
D2_global_hybrid_strong,1,6,260,50403,1,1,0.09301541745662689,0
D2_global_hybrid_strong,1,6,278,50424,2,0,0.09487615525722504,0
D2_global_hybrid_strong,1,6,290,50440,2,0,0.7620911002159119,1
D2_global_hybrid_strong,1,6,292,50442,2,0,0.09664472937583923,0
D2_global_hybrid_strong,1,6,299,50449,2,0,0.09287195652723312,0
D2_global_hybrid_strong,1,6,302,50466,2,0,0.09415258467197418,0
D2_global_hybrid_strong,1,6,321,50496,1,1,0.8574545383453369,1
D2_global_hybrid_strong,1,6,340,50523,1,1,0.8549922704696655,1
D2_global_hybrid_strong,1,6,345,50528,1,1,0.8587535619735718,1
D2_global_hybrid_strong,1,6,357,50565,2,0,0.0969615951180458,0
D2_global_hybrid_strong,1,6,365,50575,2,0,0.09325350075960159,0
D2_global_hybrid_strong,1,6,372,50604,1,1,0.859432578086853,1
D2_global_hybrid_strong,1,6,374,50607,1,1,0.09325873106718063,0
D2_global_hybrid_strong,1,6,379,50615,1,1,0.8591170907020569,1
D2_global_hybrid_strong,1,6,399,50664,2,0,0.09353134036064148,0
D2_global_hybrid_strong,1,6,426,50707,2,0,0.09612536430358887,0
D2_global_hybrid_strong,1,6,444,50741,2,0,0.0928284153342247,0
D2_global_hybrid_strong,1,6,467,50782,2,0,0.0935945138335228,0
D2_global_hybrid_strong,1,6,468,50783,2,0,0.09589385241270065,0
D2_global_hybrid_strong,1,6,470,50790,2,0,0.09423936903476715,0
D2_global_hybrid_strong,1,6,480,50807,1,1,0.8576523065567017,1
D2_global_hybrid_strong,1,6,493,50955,1,1,0.09299286454916,0
D2_global_hybrid_strong,1,6,499,50961,1,1,0.8555997014045715,1
D2_global_hybrid_strong,1,6,515,50981,1,1,0.7077897787094116,1
D2_global_hybrid_strong,1,6,518,50984,1,1,0.4569108784198761,0
D2_global_hybrid_strong,1,6,522,50988,1,1,0.6855795383453369,1
D2_global_hybrid_strong,1,6,523,50989,1,1,0.8556028008460999,1
D2_global_hybrid_strong,1,6,542,51011,1,1,0.8576473593711853,1
D2_global_hybrid_strong,1,6,556,51026,1,1,0.8570301532745361,1
D2_global_hybrid_strong,1,6,557,51027,1,1,0.1174468994140625,0
D2_global_hybrid_strong,1,6,567,51039,2,0,0.09733892977237701,0
D2_global_hybrid_strong,1,6,569,51041,2,0,0.0978308692574501,0
D2_global_hybrid_strong,1,6,573,51046,2,0,0.18282702565193176,0
D2_global_hybrid_strong,1,6,581,51054,2,0,0.09635991603136063,0
D2_global_hybrid_strong,1,6,582,51055,2,0,0.09634841233491898,0
D2_global_hybrid_strong,1,6,583,51056,2,0,0.0978354886174202,0
D2_global_hybrid_strong,1,6,601,51075,2,0,0.09852442890405655,0
D2_global_hybrid_strong,1,6,604,51078,2,0,0.09865239262580872,0
D2_global_hybrid_strong,1,6,624,51099,2,0,0.0933065190911293,0
D2_global_hybrid_strong,1,6,672,51156,2,0,0.09788955003023148,0
D2_global_hybrid_strong,1,6,707,51210,1,1,0.841693103313446,1
D2_global_hybrid_strong,1,6,725,51230,1,1,0.8584725260734558,1
D2_global_hybrid_strong,1,6,739,51253,2,0,0.09437425434589386,0
D2_global_hybrid_strong,1,6,762,51281,2,0,0.09787829965353012,0
D2_global_hybrid_strong,1,6,773,51302,1,1,0.4669957756996155,0
D2_global_hybrid_strong,1,6,775,51304,2,0,0.09414105117321014,0
D2_global_hybrid_strong,1,6,785,51319,1,1,0.8570608496665955,1
D2_global_hybrid_strong,1,6,796,51331,1,1,0.8415756225585938,1
D2_global_hybrid_strong,1,6,810,51346,2,0,0.09509146958589554,0
D2_global_hybrid_strong,1,6,811,51347,2,0,0.0961509421467781,0
D2_global_hybrid_strong,1,6,812,51349,1,1,0.09725528210401535,0
D2_global_hybrid_strong,1,6,819,51360,2,0,0.09310920536518097,0
D2_global_hybrid_strong,1,6,844,51557,2,0,0.09759832173585892,0
D2_global_hybrid_strong,1,6,858,51573,1,1,0.13768485188484192,0
D2_global_hybrid_strong,1,6,864,51580,1,1,0.4210207760334015,0
D2_global_hybrid_strong,1,6,869,51606,1,1,0.09451140463352203,0
D2_global_hybrid_strong,1,7,22,50031,2,0,0.04397369548678398,0
D2_global_hybrid_strong,1,7,24,50033,2,0,0.0440874807536602,0
D2_global_hybrid_strong,1,7,29,50038,2,0,0.04389827698469162,0
D2_global_hybrid_strong,1,7,43,50052,2,0,0.44281455874443054,0
D2_global_hybrid_strong,1,7,50,50102,2,0,0.04621367156505585,0
D2_global_hybrid_strong,1,7,58,50112,2,0,0.04388304799795151,0
D2_global_hybrid_strong,1,7,62,50116,2,0,0.7461360692977905,1
D2_global_hybrid_strong,1,7,86,50150,1,1,0.04981129989027977,0
D2_global_hybrid_strong,1,7,89,50156,1,1,0.9116593599319458,1
D2_global_hybrid_strong,1,7,93,50160,2,0,0.050544772297143936,0
D2_global_hybrid_strong,1,7,99,50168,2,0,0.04906015843153,0
D2_global_hybrid_strong,1,7,121,50204,2,0,0.04442568123340607,0
D2_global_hybrid_strong,1,7,125,50210,2,0,0.045737795531749725,0
D2_global_hybrid_strong,1,7,127,50214,2,0,0.046106625348329544,0
D2_global_hybrid_strong,1,7,129,50217,2,0,0.04482646286487579,0
D2_global_hybrid_strong,1,7,133,50236,1,1,0.9150739908218384,1
D2_global_hybrid_strong,1,7,158,50267,2,0,0.044690947979688644,0
D2_global_hybrid_strong,1,7,162,50271,2,0,0.13027115166187286,0
D2_global_hybrid_strong,1,7,169,50282,1,1,0.9073271751403809,1
D2_global_hybrid_strong,1,7,183,50301,1,1,0.32427117228507996,0
D2_global_hybrid_strong,1,7,188,50312,1,1,0.8859463930130005,1
D2_global_hybrid_strong,1,7,211,50342,2,0,0.047297168523073196,0
D2_global_hybrid_strong,1,7,212,50343,2,0,0.7247232794761658,1
D2_global_hybrid_strong,1,7,238,50369,2,0,0.04903921112418175,0
D2_global_hybrid_strong,1,7,245,50377,2,0,0.04617122560739517,0
D2_global_hybrid_strong,1,7,251,50385,2,0,0.7028183341026306,1
D2_global_hybrid_strong,1,7,262,50405,1,1,0.9147146344184875,1
D2_global_hybrid_strong,1,7,266,50410,1,1,0.7235209345817566,1
D2_global_hybrid_strong,1,7,274,50418,2,0,0.045301906764507294,0
D2_global_hybrid_strong,1,7,300,50453,2,0,0.7529668211936951,1
D2_global_hybrid_strong,1,7,307,50477,1,1,0.9037022590637207,1
D2_global_hybrid_strong,1,7,317,50491,1,1,0.9143683314323425,1
D2_global_hybrid_strong,1,7,318,50492,1,1,0.9138509035110474,1
D2_global_hybrid_strong,1,7,325,50500,1,1,0.7354374527931213,1
D2_global_hybrid_strong,1,7,346,50529,1,1,0.9097943902015686,1
D2_global_hybrid_strong,1,7,353,50557,2,0,0.04414598271250725,0
D2_global_hybrid_strong,1,7,354,50558,2,0,0.058567240834236145,0
D2_global_hybrid_strong,1,7,373,50606,1,1,0.41298776865005493,0
D2_global_hybrid_strong,1,7,375,50608,1,1,0.24268069863319397,0
D2_global_hybrid_strong,1,7,386,50624,1,1,0.9129739999771118,1
D2_global_hybrid_strong,1,7,395,50649,1,1,0.12959171831607819,0
D2_global_hybrid_strong,1,7,407,50688,2,0,0.044683150947093964,0
D2_global_hybrid_strong,1,7,418,50699,2,0,0.9142513275146484,1
D2_global_hybrid_strong,1,7,428,50709,2,0,0.04384477436542511,0
D2_global_hybrid_strong,1,7,450,50749,1,1,0.9109283685684204,1
D2_global_hybrid_strong,1,7,453,50752,1,1,0.7377132177352905,1
D2_global_hybrid_strong,1,7,456,50756,1,1,0.9148207306861877,1
D2_global_hybrid_strong,1,7,495,50957,1,1,0.4006446301937103,0
D2_global_hybrid_strong,1,7,510,50974,1,1,0.9152078032493591,1
D2_global_hybrid_strong,1,7,521,50987,1,1,0.915215790271759,1
D2_global_hybrid_strong,1,7,554,51024,1,1,0.9144157767295837,1
D2_global_hybrid_strong,1,7,587,51060,2,0,0.7028093338012695,1
D2_global_hybrid_strong,1,7,593,51066,2,0,0.0470694936811924,0
D2_global_hybrid_strong,1,7,619,51094,2,0,0.04704207554459572,0
D2_global_hybrid_strong,1,7,620,51095,2,0,0.2906898260116577,0
D2_global_hybrid_strong,1,7,629,51104,2,0,0.04554523155093193,0
D2_global_hybrid_strong,1,7,634,51110,2,0,0.046077270060777664,0
D2_global_hybrid_strong,1,7,663,51147,2,0,0.045167431235313416,0
D2_global_hybrid_strong,1,7,667,51151,2,0,0.04384368658065796,0
D2_global_hybrid_strong,1,7,671,51155,2,0,0.04396577179431915,0
D2_global_hybrid_strong,1,7,673,51159,2,0,0.9133407473564148,1
D2_global_hybrid_strong,1,7,676,51163,1,1,0.4947643578052521,0
D2_global_hybrid_strong,1,7,682,51173,1,1,0.9084110260009766,1
D2_global_hybrid_strong,1,7,683,51177,1,1,0.8435783982276917,1
D2_global_hybrid_strong,1,7,684,51178,1,1,0.912947416305542,1
D2_global_hybrid_strong,1,7,695,51192,2,0,0.04461991414427757,0
D2_global_hybrid_strong,1,7,704,51206,1,1,0.7354072332382202,1
D2_global_hybrid_strong,1,7,710,51214,1,1,0.9121032953262329,1
D2_global_hybrid_strong,1,7,717,51221,1,1,0.9104428887367249,1
D2_global_hybrid_strong,1,7,720,51224,1,1,0.9123443961143494,1
D2_global_hybrid_strong,1,7,724,51229,1,1,0.9151104688644409,1
D2_global_hybrid_strong,1,7,736,51250,2,0,0.0470801442861557,0
D2_global_hybrid_strong,1,7,759,51278,2,0,0.08651520311832428,0
D2_global_hybrid_strong,1,7,760,51279,2,0,0.04473339766263962,0
D2_global_hybrid_strong,1,7,764,51292,1,1,0.9123697876930237,1
D2_global_hybrid_strong,1,7,774,51303,2,0,0.044145457446575165,0
D2_global_hybrid_strong,1,7,784,51318,1,1,0.0725596472620964,0
D2_global_hybrid_strong,1,7,799,51334,2,0,0.04378080368041992,0
D2_global_hybrid_strong,1,7,807,51343,2,0,0.04749361798167229,0
D2_global_hybrid_strong,1,7,820,51361,2,0,0.05154702812433243,0
D2_global_hybrid_strong,1,7,827,51373,2,0,0.044554706662893295,0
D2_global_hybrid_strong,1,7,828,51461,1,1,0.9144707322120667,1
D2_global_hybrid_strong,1,7,830,51464,1,1,0.9078112244606018,1
D2_global_hybrid_strong,1,7,831,51465,1,1,0.9152055382728577,1
D2_global_hybrid_strong,1,7,833,51477,2,0,0.0441923514008522,0
D2_global_hybrid_strong,1,7,857,51572,1,1,0.909792423248291,1
D2_global_hybrid_strong,1,7,866,51583,1,1,0.9069597125053406,1
D2_global_hybrid_strong,1,8,5,50008,1,1,0.7477830648422241,1
D2_global_hybrid_strong,1,8,7,50011,1,1,0.7740604281425476,1
D2_global_hybrid_strong,1,8,10,50014,1,1,0.777858555316925,1
D2_global_hybrid_strong,1,8,14,50022,1,1,0.2421523928642273,0
D2_global_hybrid_strong,1,8,16,50024,1,1,0.7784864902496338,1
D2_global_hybrid_strong,1,8,35,50044,2,0,0.24720364809036255,0
D2_global_hybrid_strong,1,8,42,50051,2,0,0.42561569809913635,0
D2_global_hybrid_strong,1,8,49,50060,2,0,0.24950794875621796,0
D2_global_hybrid_strong,1,8,52,50104,2,0,0.2463311403989792,0
D2_global_hybrid_strong,1,8,56,50109,2,0,0.3053595721721649,0
D2_global_hybrid_strong,1,8,65,50119,1,1,0.2433168590068817,0
D2_global_hybrid_strong,1,8,67,50123,1,1,0.7747930288314819,1
D2_global_hybrid_strong,1,8,101,50170,2,0,0.36025774478912354,0
D2_global_hybrid_strong,1,8,103,50182,1,1,0.7768896818161011,1
D2_global_hybrid_strong,1,8,104,50183,1,1,0.7423532009124756,1
D2_global_hybrid_strong,1,8,106,50186,1,1,0.778246283531189,1
D2_global_hybrid_strong,1,8,117,50200,2,0,0.2502903640270233,0
D2_global_hybrid_strong,1,8,118,50201,2,0,0.2435763031244278,0
D2_global_hybrid_strong,1,8,143,50250,1,1,0.3161509037017822,0
D2_global_hybrid_strong,1,8,146,50253,1,1,0.6555547118186951,1
D2_global_hybrid_strong,1,8,164,50273,1,1,0.7707307934761047,1
D2_global_hybrid_strong,1,8,171,50285,1,1,0.4150429964065552,0
D2_global_hybrid_strong,1,8,184,50302,1,1,0.7783364653587341,1
D2_global_hybrid_strong,1,8,187,50310,1,1,0.7762719392776489,1
D2_global_hybrid_strong,1,8,194,50321,1,1,0.7778496146202087,1
D2_global_hybrid_strong,1,8,198,50329,2,0,0.27712544798851013,0
D2_global_hybrid_strong,1,8,214,50345,2,0,0.2418709695339203,0
D2_global_hybrid_strong,1,8,227,50358,2,0,0.2520529627799988,0
D2_global_hybrid_strong,1,8,231,50362,2,0,0.2732980251312256,0
D2_global_hybrid_strong,1,8,244,50376,2,0,0.7362509965896606,1
D2_global_hybrid_strong,1,8,263,50406,1,1,0.7747644782066345,1
D2_global_hybrid_strong,1,8,268,50412,1,1,0.7778729200363159,1
D2_global_hybrid_strong,1,8,270,50414,2,0,0.4696072041988373,0
D2_global_hybrid_strong,1,8,281,50427,2,0,0.24384507536888123,0
D2_global_hybrid_strong,1,8,298,50448,2,0,0.4437941610813141,0
D2_global_hybrid_strong,1,8,309,50481,1,1,0.7763017416000366,1
D2_global_hybrid_strong,1,8,314,50487,1,1,0.7731176614761353,1
D2_global_hybrid_strong,1,8,358,50568,2,0,0.5250483155250549,1
D2_global_hybrid_strong,1,8,366,50576,2,0,0.24308712780475616,0
D2_global_hybrid_strong,1,8,369,50601,1,1,0.3460926413536072,0
D2_global_hybrid_strong,1,8,381,50619,1,1,0.7775638699531555,1
D2_global_hybrid_strong,1,8,404,50685,2,0,0.28068000078201294,0
D2_global_hybrid_strong,1,8,419,50700,1,1,0.7782536149024963,1
D2_global_hybrid_strong,1,8,420,50701,2,0,0.2468249350786209,0
D2_global_hybrid_strong,1,8,432,50724,2,0,0.24410881102085114,0
D2_global_hybrid_strong,1,8,440,50737,2,0,0.24245665967464447,0
D2_global_hybrid_strong,1,8,454,50754,1,1,0.773145318031311,1
D2_global_hybrid_strong,1,8,462,50776,2,0,0.24258007109165192,0
D2_global_hybrid_strong,1,8,471,50791,1,1,0.7759333848953247,1
D2_global_hybrid_strong,1,8,482,50814,2,0,0.30348846316337585,0
D2_global_hybrid_strong,1,8,508,50972,1,1,0.7725872993469238,1
D2_global_hybrid_strong,1,8,525,50991,1,1,0.24765434861183167,0
D2_global_hybrid_strong,1,8,527,50993,1,1,0.7718330025672913,1
D2_global_hybrid_strong,1,8,532,50999,1,1,0.7755672335624695,1
D2_global_hybrid_strong,1,8,544,51013,1,1,0.7760139107704163,1
D2_global_hybrid_strong,1,8,559,51029,1,1,0.4686800539493561,0
D2_global_hybrid_strong,1,8,576,51049,2,0,0.25400516390800476,0
D2_global_hybrid_strong,1,8,596,51069,2,0,0.2474331110715866,0
D2_global_hybrid_strong,1,8,627,51102,2,0,0.2673946022987366,0
D2_global_hybrid_strong,1,8,632,51107,2,0,0.7753013968467712,1
D2_global_hybrid_strong,1,8,635,51111,2,0,0.3059578537940979,0
D2_global_hybrid_strong,1,8,638,51114,2,0,0.6080766320228577,1
D2_global_hybrid_strong,1,8,642,51122,2,0,0.2421656847000122,0
D2_global_hybrid_strong,1,8,644,51124,2,0,0.24389344453811646,0
D2_global_hybrid_strong,1,8,656,51137,2,0,0.24561244249343872,0
D2_global_hybrid_strong,1,8,670,51154,2,0,0.39093729853630066,0
D2_global_hybrid_strong,1,8,694,51189,2,0,0.336655855178833,0
D2_global_hybrid_strong,1,8,701,51203,1,1,0.7735379934310913,1
D2_global_hybrid_strong,1,8,711,51215,1,1,0.3034435510635376,0
D2_global_hybrid_strong,1,8,730,51237,1,1,0.7773209810256958,1
D2_global_hybrid_strong,1,8,733,51241,1,1,0.7618252635002136,1
D2_global_hybrid_strong,1,8,745,51261,2,0,0.2419930249452591,0
D2_global_hybrid_strong,1,8,747,51264,2,0,0.25435829162597656,0
D2_global_hybrid_strong,1,8,758,51277,2,0,0.25252553820610046,0
D2_global_hybrid_strong,1,8,777,51306,2,0,0.4580327868461609,0
D2_global_hybrid_strong,1,8,783,51315,2,0,0.35296764969825745,0
D2_global_hybrid_strong,1,8,786,51320,1,1,0.7783569097518921,1
D2_global_hybrid_strong,1,8,788,51322,1,1,0.44829148054122925,0
D2_global_hybrid_strong,1,8,790,51325,1,1,0.5897681713104248,1
D2_global_hybrid_strong,1,8,791,51326,1,1,0.5104643702507019,1
D2_global_hybrid_strong,1,8,797,51332,2,0,0.24329215288162231,0
D2_global_hybrid_strong,1,8,801,51336,2,0,0.2418760061264038,0
D2_global_hybrid_strong,1,8,802,51338,2,0,0.7603470087051392,1
D2_global_hybrid_strong,1,8,816,51356,2,0,0.6925067901611328,1
D2_global_hybrid_strong,1,8,824,51365,2,0,0.25031712651252747,0
D2_global_hybrid_strong,1,8,825,51369,2,0,0.2419821321964264,0
D2_global_hybrid_strong,1,8,839,51487,2,0,0.2606188654899597,0
D2_global_hybrid_strong,1,9,0,50003,1,1,0.3166840672492981,0
D2_global_hybrid_strong,1,9,44,50053,1,1,0.3938872218132019,0
D2_global_hybrid_strong,1,9,51,50103,2,0,0.5137805938720703,1
D2_global_hybrid_strong,1,9,83,50147,1,1,0.7704803347587585,1
D2_global_hybrid_strong,1,9,96,50163,2,0,0.3639676868915558,0
D2_global_hybrid_strong,1,9,110,50190,1,1,0.8588153719902039,1
D2_global_hybrid_strong,1,9,116,50199,2,0,0.10007627308368683,0
D2_global_hybrid_strong,1,9,136,50240,1,1,0.8634986281394958,1
D2_global_hybrid_strong,1,9,155,50264,2,0,0.3491206169128418,0
D2_global_hybrid_strong,1,9,157,50266,2,0,0.09651146084070206,0
D2_global_hybrid_strong,1,9,161,50270,2,0,0.09627993404865265,0
D2_global_hybrid_strong,1,9,178,50294,1,1,0.7689464688301086,1
D2_global_hybrid_strong,1,9,180,50297,1,1,0.14234037697315216,0
D2_global_hybrid_strong,1,9,181,50298,1,1,0.13995476067066193,0
D2_global_hybrid_strong,1,9,182,50300,1,1,0.09539220482110977,0
D2_global_hybrid_strong,1,9,197,50327,2,0,0.09596976637840271,0
D2_global_hybrid_strong,1,9,202,50333,2,0,0.09621549397706985,0
D2_global_hybrid_strong,1,9,208,50339,2,0,0.09768270701169968,0
D2_global_hybrid_strong,1,9,237,50368,2,0,0.09677842259407043,0
D2_global_hybrid_strong,1,9,247,50380,2,0,0.2712012827396393,0
D2_global_hybrid_strong,1,9,249,50382,2,0,0.09908805787563324,0
D2_global_hybrid_strong,1,9,257,50397,1,1,0.8622336983680725,1
D2_global_hybrid_strong,1,9,267,50411,1,1,0.8646844029426575,1
D2_global_hybrid_strong,1,9,287,50437,2,0,0.8665868639945984,1
D2_global_hybrid_strong,1,9,294,50444,2,0,0.09558480978012085,0
D2_global_hybrid_strong,1,9,297,50447,2,0,0.10279520601034164,0
D2_global_hybrid_strong,1,9,310,50482,1,1,0.8653157949447632,1
D2_global_hybrid_strong,1,9,320,50494,1,1,0.39253678917884827,0
D2_global_hybrid_strong,1,9,341,50524,1,1,0.865868091583252,1
D2_global_hybrid_strong,1,9,352,50555,2,0,0.09613092988729477,0
D2_global_hybrid_strong,1,9,377,50613,1,1,0.8672794103622437,1
D2_global_hybrid_strong,1,9,378,50614,1,1,0.8685913681983948,1
D2_global_hybrid_strong,1,9,396,50654,1,1,0.09549999982118607,0
D2_global_hybrid_strong,1,9,400,50665,2,0,0.1617402881383896,0
D2_global_hybrid_strong,1,9,406,50687,2,0,0.1939140111207962,0
D2_global_hybrid_strong,1,9,409,50690,1,1,0.10027311742305756,0
D2_global_hybrid_strong,1,9,423,50704,1,1,0.09552241116762161,0
D2_global_hybrid_strong,1,9,424,50705,1,1,0.09597301483154297,0
D2_global_hybrid_strong,1,9,427,50708,1,1,0.8642750978469849,1
D2_global_hybrid_strong,1,9,434,50726,2,0,0.09764821827411652,0
D2_global_hybrid_strong,1,9,442,50739,2,0,0.17512015998363495,0
D2_global_hybrid_strong,1,9,452,50751,1,1,0.7336217164993286,1
D2_global_hybrid_strong,1,9,459,50773,2,0,0.23811276257038116,0
D2_global_hybrid_strong,1,9,463,50777,2,0,0.09678751230239868,0
D2_global_hybrid_strong,1,9,479,50803,1,1,0.8637654781341553,1
D2_global_hybrid_strong,1,9,488,50822,2,0,0.09550917893648148,0
D2_global_hybrid_strong,1,9,491,50952,1,1,0.8687305450439453,1
D2_global_hybrid_strong,1,9,500,50962,1,1,0.1019725352525711,0
D2_global_hybrid_strong,1,9,512,50977,1,1,0.7023587822914124,1
D2_global_hybrid_strong,1,9,520,50986,1,1,0.09597509354352951,0
D2_global_hybrid_strong,1,9,526,50992,1,1,0.31813904643058777,0
D2_global_hybrid_strong,1,9,534,51001,1,1,0.8686192035675049,1
D2_global_hybrid_strong,1,9,540,51009,1,1,0.8665707111358643,1
D2_global_hybrid_strong,1,9,552,51021,1,1,0.8685939908027649,1
D2_global_hybrid_strong,1,9,561,51032,1,1,0.824479341506958,1
D2_global_hybrid_strong,1,9,563,51034,1,1,0.6920212507247925,1
D2_global_hybrid_strong,1,9,565,51036,2,0,0.09683390706777573,0
D2_global_hybrid_strong,1,9,578,51051,2,0,0.10295316576957703,0
D2_global_hybrid_strong,1,9,591,51064,2,0,0.09596537053585052,0
D2_global_hybrid_strong,1,9,595,51068,2,0,0.49073129892349243,0
D2_global_hybrid_strong,1,9,602,51076,2,0,0.10455740988254547,0
D2_global_hybrid_strong,1,9,612,51086,2,0,0.1023939847946167,0
D2_global_hybrid_strong,1,9,622,51097,2,0,0.10385800153017044,0
D2_global_hybrid_strong,1,9,625,51100,2,0,0.2629970908164978,0
D2_global_hybrid_strong,1,9,631,51106,2,0,0.10155662894248962,0
D2_global_hybrid_strong,1,9,640,51117,2,0,0.09572342038154602,0
D2_global_hybrid_strong,1,9,643,51123,2,0,0.09625296294689178,0
D2_global_hybrid_strong,1,9,657,51138,2,0,0.1015404760837555,0
D2_global_hybrid_strong,1,9,679,51169,1,1,0.8634777665138245,1
D2_global_hybrid_strong,1,9,692,51187,2,0,0.09550405293703079,0
D2_global_hybrid_strong,1,9,693,51188,2,0,0.09816526621580124,0
D2_global_hybrid_strong,1,9,709,51212,1,1,0.8641299605369568,1
D2_global_hybrid_strong,1,9,715,51219,1,1,0.8653421401977539,1
D2_global_hybrid_strong,1,9,732,51240,1,1,0.8666203022003174,1
D2_global_hybrid_strong,1,9,743,51257,2,0,0.44362112879753113,0
D2_global_hybrid_strong,1,9,781,51311,2,0,0.10085177421569824,0
D2_global_hybrid_strong,1,9,795,51330,1,1,0.8637588024139404,1
D2_global_hybrid_strong,1,9,798,51333,2,0,0.09800299257040024,0
D2_global_hybrid_strong,1,9,809,51345,2,0,0.09559440612792969,0
D2_global_hybrid_strong,1,9,818,51359,2,0,0.8686556816101074,1
D2_global_hybrid_strong,1,9,822,51363,2,0,0.09907777607440948,0
D2_global_hybrid_strong,1,9,829,51463,1,1,0.8687384724617004,1
D2_global_hybrid_strong,1,9,837,51482,2,0,0.1050964742898941,0
D2_global_hybrid_strong,1,9,840,51488,2,0,0.09549353271722794,0
D2_global_hybrid_strong,1,9,843,51556,2,0,0.09599264711141586,0
D2_global_hybrid_strong,1,9,851,51565,2,0,0.09637581557035446,0
D2_global_hybrid_strong,1,9,862,51578,1,1,0.8640469908714294,1
D2_global_hybrid_strong,1,10,2,50005,1,1,0.9262142181396484,1
D2_global_hybrid_strong,1,10,11,50015,1,1,0.9250586032867432,1
D2_global_hybrid_strong,1,10,18,50026,1,1,0.9228827357292175,1
D2_global_hybrid_strong,1,10,19,50027,1,1,0.21262939274311066,0
D2_global_hybrid_strong,1,10,20,50028,1,1,0.9261502623558044,1
D2_global_hybrid_strong,1,10,27,50036,2,0,0.08491408824920654,0
D2_global_hybrid_strong,1,10,36,50045,2,0,0.9207697510719299,1
D2_global_hybrid_strong,1,10,38,50047,2,0,0.3219374716281891,0
D2_global_hybrid_strong,1,10,55,50107,2,0,0.16467991471290588,0
D2_global_hybrid_strong,1,10,63,50117,2,0,0.08859822899103165,0
D2_global_hybrid_strong,1,10,66,50121,1,1,0.9255645275115967,1
D2_global_hybrid_strong,1,10,72,50129,1,1,0.9255861043930054,1
D2_global_hybrid_strong,1,10,85,50149,1,1,0.9262128472328186,1
D2_global_hybrid_strong,1,10,98,50167,2,0,0.08947168290615082,0
D2_global_hybrid_strong,1,10,108,50188,1,1,0.08959467709064484,0
D2_global_hybrid_strong,1,10,113,50195,2,0,0.08680017292499542,0
D2_global_hybrid_strong,1,10,114,50196,2,0,0.2395227700471878,0
D2_global_hybrid_strong,1,10,126,50213,2,0,0.08631362020969391,0
D2_global_hybrid_strong,1,10,132,50234,1,1,0.924242377281189,1
D2_global_hybrid_strong,1,10,141,50248,1,1,0.9239282608032227,1
D2_global_hybrid_strong,1,10,145,50252,1,1,0.8082643747329712,1
D2_global_hybrid_strong,1,10,152,50261,2,0,0.9171927571296692,1
D2_global_hybrid_strong,1,10,156,50265,2,0,0.08828963339328766,0
D2_global_hybrid_strong,1,10,163,50272,1,1,0.9255585074424744,1
D2_global_hybrid_strong,1,10,176,50292,1,1,0.9261825084686279,1
D2_global_hybrid_strong,1,10,190,50315,1,1,0.9257239699363708,1
D2_global_hybrid_strong,1,10,200,50331,2,0,0.2576226592063904,0
D2_global_hybrid_strong,1,10,225,50356,2,0,0.0921618789434433,0
D2_global_hybrid_strong,1,10,235,50366,2,0,0.09150244295597076,0
D2_global_hybrid_strong,1,10,240,50372,2,0,0.0897023156285286,0
D2_global_hybrid_strong,1,10,246,50379,2,0,0.08756051957607269,0
D2_global_hybrid_strong,1,10,265,50408,1,1,0.0904146283864975,0
D2_global_hybrid_strong,1,10,275,50419,2,0,0.08898655325174332,0
D2_global_hybrid_strong,1,10,279,50425,2,0,0.08516700565814972,0
D2_global_hybrid_strong,1,10,285,50435,2,0,0.08929859101772308,0
D2_global_hybrid_strong,1,10,308,50480,1,1,0.9253774881362915,1
D2_global_hybrid_strong,1,10,315,50488,1,1,0.9260454773902893,1
D2_global_hybrid_strong,1,10,319,50493,1,1,0.9252554774284363,1
D2_global_hybrid_strong,1,10,348,50531,1,1,0.9156765341758728,1
D2_global_hybrid_strong,1,10,361,50571,2,0,0.2606232166290283,0
D2_global_hybrid_strong,1,10,376,50612,1,1,0.40190067887306213,0
D2_global_hybrid_strong,1,10,388,50626,1,1,0.9255715012550354,1
D2_global_hybrid_strong,1,10,393,50647,1,1,0.9227990508079529,1
D2_global_hybrid_strong,1,10,397,50656,2,0,0.14368321001529694,0
D2_global_hybrid_strong,1,10,405,50686,1,1,0.9252362251281738,1
D2_global_hybrid_strong,1,10,414,50695,1,1,0.20741432905197144,0
D2_global_hybrid_strong,1,10,448,50745,1,1,0.9261881113052368,1
D2_global_hybrid_strong,1,10,461,50775,2,0,0.0861910805106163,0
D2_global_hybrid_strong,1,10,464,50778,2,0,0.08660802990198135,0
D2_global_hybrid_strong,1,10,466,50781,2,0,0.4012651741504669,0
D2_global_hybrid_strong,1,10,476,50799,1,1,0.9248324036598206,1
D2_global_hybrid_strong,1,10,478,50801,1,1,0.8934268355369568,1
D2_global_hybrid_strong,1,10,486,50820,2,0,0.0894365981221199,0
D2_global_hybrid_strong,1,10,489,50823,1,1,0.9179069995880127,1
D2_global_hybrid_strong,1,10,490,50824,1,1,0.7883957028388977,1
D2_global_hybrid_strong,1,10,519,50985,1,1,0.9244042634963989,1
D2_global_hybrid_strong,1,10,568,51040,2,0,0.08487296104431152,0
D2_global_hybrid_strong,1,10,570,51042,2,0,0.08583129197359085,0
D2_global_hybrid_strong,1,10,579,51052,2,0,0.08806995302438736,0
D2_global_hybrid_strong,1,10,586,51059,2,0,0.09222584217786789,0
D2_global_hybrid_strong,1,10,589,51062,2,0,0.08947355300188065,0
D2_global_hybrid_strong,1,10,606,51080,2,0,0.9253532886505127,1
D2_global_hybrid_strong,1,10,609,51083,2,0,0.9261898398399353,1
D2_global_hybrid_strong,1,10,611,51085,2,0,0.9261159300804138,1
D2_global_hybrid_strong,1,10,652,51133,2,0,0.30816230177879333,0
D2_global_hybrid_strong,1,10,665,51149,2,0,0.08843959122896194,0
D2_global_hybrid_strong,1,10,677,51164,1,1,0.926191508769989,1
D2_global_hybrid_strong,1,10,688,51182,2,0,0.08624392747879028,0
D2_global_hybrid_strong,1,10,700,51202,1,1,0.9247807264328003,1
D2_global_hybrid_strong,1,10,705,51207,1,1,0.9252545833587646,1
D2_global_hybrid_strong,1,10,721,51225,1,1,0.5960549116134644,1
D2_global_hybrid_strong,1,10,740,51254,2,0,0.08845432847738266,0
D2_global_hybrid_strong,1,10,748,51265,2,0,0.09143511950969696,0
D2_global_hybrid_strong,1,10,749,51266,2,0,0.32158252596855164,0
D2_global_hybrid_strong,1,10,756,51275,2,0,0.09045068174600601,0
D2_global_hybrid_strong,1,10,766,51294,1,1,0.914141058921814,1
D2_global_hybrid_strong,1,10,768,51297,1,1,0.9261688590049744,1
D2_global_hybrid_strong,1,10,772,51301,1,1,0.683527410030365,1
D2_global_hybrid_strong,1,10,779,51308,2,0,0.09167125821113586,0
D2_global_hybrid_strong,1,10,780,51309,2,0,0.9230851531028748,1
D2_global_hybrid_strong,1,10,782,51313,2,0,0.09021224826574326,0
D2_global_hybrid_strong,1,10,800,51335,2,0,0.090964674949646,0
D2_global_hybrid_strong,1,10,834,51479,2,0,0.08502332121133804,0
D2_global_hybrid_strong,1,10,850,51564,2,0,0.08516192436218262,0
D2_global_hybrid_strong,1,10,853,51567,2,0,0.08539330214262009,0
D2_global_hybrid_strong,1,10,865,51582,1,1,0.9262065291404724,1
D2_global_hybrid_strong,1,10,868,51585,1,1,0.9253522753715515,1
D2_global_hybrid_strong,2,1,0,50003,1,1,0.7872738838195801,1
D2_global_hybrid_strong,2,1,7,50011,1,1,0.9098603129386902,1
D2_global_hybrid_strong,2,1,35,50044,2,0,0.07179388403892517,0
D2_global_hybrid_strong,2,1,39,50048,2,0,0.7898052334785461,1
D2_global_hybrid_strong,2,1,45,50054,2,0,0.912026047706604,1
D2_global_hybrid_strong,2,1,48,50059,2,0,0.6698203682899475,1
D2_global_hybrid_strong,2,1,53,50105,2,0,0.26081225275993347,0
D2_global_hybrid_strong,2,1,55,50107,2,0,0.2659165561199188,0
D2_global_hybrid_strong,2,1,72,50129,1,1,0.911185085773468,1
D2_global_hybrid_strong,2,1,73,50130,1,1,0.9115574955940247,1
D2_global_hybrid_strong,2,1,78,50142,1,1,0.9117134809494019,1
D2_global_hybrid_strong,2,1,81,50145,1,1,0.3129214346408844,0
D2_global_hybrid_strong,2,1,86,50150,1,1,0.08404697477817535,0
D2_global_hybrid_strong,2,1,95,50162,2,0,0.07187803089618683,0
D2_global_hybrid_strong,2,1,127,50214,2,0,0.07696779072284698,0
D2_global_hybrid_strong,2,1,138,50243,1,1,0.9119277000427246,1
D2_global_hybrid_strong,2,1,144,50251,1,1,0.5964931845664978,1
D2_global_hybrid_strong,2,1,149,50257,2,0,0.07191541790962219,0
D2_global_hybrid_strong,2,1,176,50292,1,1,0.91117924451828,1
D2_global_hybrid_strong,2,1,182,50300,1,1,0.14051248133182526,0
D2_global_hybrid_strong,2,1,192,50319,1,1,0.9125436544418335,1
D2_global_hybrid_strong,2,1,193,50320,1,1,0.9120402932167053,1
D2_global_hybrid_strong,2,1,204,50335,2,0,0.07268417626619339,0
D2_global_hybrid_strong,2,1,205,50336,2,0,0.7745925784111023,1
D2_global_hybrid_strong,2,1,231,50362,2,0,0.07227566093206406,0
D2_global_hybrid_strong,2,1,234,50365,2,0,0.07320602238178253,0
D2_global_hybrid_strong,2,1,242,50374,2,0,0.19040365517139435,0
D2_global_hybrid_strong,2,1,247,50380,2,0,0.3664146959781647,0
D2_global_hybrid_strong,2,1,248,50381,2,0,0.08204993605613708,0
D2_global_hybrid_strong,2,1,253,50387,2,0,0.07534179091453552,0
D2_global_hybrid_strong,2,1,259,50402,1,1,0.1878628134727478,0
D2_global_hybrid_strong,2,1,285,50435,2,0,0.10115662217140198,0
D2_global_hybrid_strong,2,1,286,50436,2,0,0.8359290361404419,1
D2_global_hybrid_strong,2,1,295,50445,2,0,0.07225415855646133,0
D2_global_hybrid_strong,2,1,300,50453,2,0,0.9066274166107178,1
D2_global_hybrid_strong,2,1,307,50477,1,1,0.9123635292053223,1
D2_global_hybrid_strong,2,1,329,50504,1,1,0.9101542234420776,1
D2_global_hybrid_strong,2,1,345,50528,1,1,0.9107745289802551,1
D2_global_hybrid_strong,2,1,348,50531,1,1,0.9101216793060303,1
D2_global_hybrid_strong,2,1,357,50565,2,0,0.3987824022769928,0
D2_global_hybrid_strong,2,1,359,50569,2,0,0.5573272705078125,1
D2_global_hybrid_strong,2,1,360,50570,2,0,0.0722789540886879,0
D2_global_hybrid_strong,2,1,369,50601,1,1,0.44899171590805054,0
D2_global_hybrid_strong,2,1,374,50607,1,1,0.07180564850568771,0
D2_global_hybrid_strong,2,1,385,50623,1,1,0.9095262289047241,1
D2_global_hybrid_strong,2,1,405,50686,1,1,0.9106854796409607,1
D2_global_hybrid_strong,2,1,411,50692,2,0,0.07178204506635666,0
D2_global_hybrid_strong,2,1,412,50693,1,1,0.2970733046531677,0
D2_global_hybrid_strong,2,1,425,50706,2,0,0.17190676927566528,0
D2_global_hybrid_strong,2,1,432,50724,2,0,0.07244345545768738,0
D2_global_hybrid_strong,2,1,466,50781,2,0,0.7644761800765991,1
D2_global_hybrid_strong,2,1,468,50783,2,0,0.07178223133087158,0
D2_global_hybrid_strong,2,1,471,50791,1,1,0.9073101878166199,1
D2_global_hybrid_strong,2,1,484,50817,2,0,0.0728638768196106,0
D2_global_hybrid_strong,2,1,495,50957,1,1,0.9126039147377014,1
D2_global_hybrid_strong,2,1,505,50968,1,1,0.9104124903678894,1
D2_global_hybrid_strong,2,1,506,50969,1,1,0.9124624133110046,1
D2_global_hybrid_strong,2,1,513,50978,1,1,0.910449743270874,1
D2_global_hybrid_strong,2,1,526,50992,1,1,0.8518093824386597,1
D2_global_hybrid_strong,2,1,532,50999,1,1,0.912566602230072,1
D2_global_hybrid_strong,2,1,555,51025,1,1,0.9113598465919495,1
D2_global_hybrid_strong,2,1,556,51026,1,1,0.9126002788543701,1
D2_global_hybrid_strong,2,1,566,51038,2,0,0.07177333533763885,0
D2_global_hybrid_strong,2,1,575,51048,2,0,0.14699071645736694,0
D2_global_hybrid_strong,2,1,585,51058,2,0,0.07559257000684738,0
D2_global_hybrid_strong,2,1,596,51069,2,0,0.07577534765005112,0
D2_global_hybrid_strong,2,1,603,51077,2,0,0.2986792325973511,0
D2_global_hybrid_strong,2,1,612,51086,2,0,0.07451022416353226,0
D2_global_hybrid_strong,2,1,653,51134,2,0,0.07191506028175354,0
D2_global_hybrid_strong,2,1,684,51178,1,1,0.9120431542396545,1
D2_global_hybrid_strong,2,1,686,51180,2,0,0.0836285948753357,0
D2_global_hybrid_strong,2,1,687,51181,2,0,0.32451003789901733,0
D2_global_hybrid_strong,2,1,695,51192,2,0,0.07292316854000092,0
D2_global_hybrid_strong,2,1,710,51214,1,1,0.9098805785179138,1
D2_global_hybrid_strong,2,1,716,51220,1,1,0.9125292897224426,1
D2_global_hybrid_strong,2,1,721,51225,1,1,0.8913474082946777,1
D2_global_hybrid_strong,2,1,749,51266,2,0,0.9125481843948364,1
D2_global_hybrid_strong,2,1,750,51267,2,0,0.07371155917644501,0
D2_global_hybrid_strong,2,1,771,51300,1,1,0.9117274284362793,1
D2_global_hybrid_strong,2,1,792,51327,1,1,0.910321831703186,1
D2_global_hybrid_strong,2,1,793,51328,1,1,0.9097963571548462,1
D2_global_hybrid_strong,2,1,806,51342,2,0,0.07405798137187958,0
D2_global_hybrid_strong,2,1,808,51344,2,0,0.25209635496139526,0
D2_global_hybrid_strong,2,1,816,51356,2,0,0.9126913547515869,1
D2_global_hybrid_strong,2,1,823,51364,2,0,0.25202080607414246,0
D2_global_hybrid_strong,2,1,837,51482,2,0,0.07653989642858505,0
D2_global_hybrid_strong,2,1,867,51584,1,1,0.9123446941375732,1
D2_global_hybrid_strong,2,1,869,51606,1,1,0.1911942958831787,0
D2_global_hybrid_strong,2,2,2,50005,1,1,0.8918299674987793,1
D2_global_hybrid_strong,2,2,6,50010,1,1,0.8953539133071899,1
D2_global_hybrid_strong,2,2,10,50014,1,1,0.8983296155929565,1
D2_global_hybrid_strong,2,2,24,50033,2,0,0.07955344021320343,0
D2_global_hybrid_strong,2,2,30,50039,2,0,0.741714358329773,1
D2_global_hybrid_strong,2,2,67,50123,1,1,0.9008004069328308,1
D2_global_hybrid_strong,2,2,76,50134,1,1,0.8923743367195129,1
D2_global_hybrid_strong,2,2,79,50143,1,1,0.895391047000885,1
D2_global_hybrid_strong,2,2,92,50159,2,0,0.9013267159461975,1
D2_global_hybrid_strong,2,2,98,50167,2,0,0.07976016402244568,0
D2_global_hybrid_strong,2,2,101,50170,2,0,0.08204954117536545,0
D2_global_hybrid_strong,2,2,115,50198,2,0,0.11766133457422256,0
D2_global_hybrid_strong,2,2,129,50217,2,0,0.07651764899492264,0
D2_global_hybrid_strong,2,2,140,50247,1,1,0.9003968834877014,1
D2_global_hybrid_strong,2,2,153,50262,2,0,0.07632080465555191,0
D2_global_hybrid_strong,2,2,155,50264,2,0,0.08270115405321121,0
D2_global_hybrid_strong,2,2,164,50273,1,1,0.8989421725273132,1
D2_global_hybrid_strong,2,2,169,50282,1,1,0.8418048620223999,1
D2_global_hybrid_strong,2,2,180,50297,1,1,0.17882142961025238,0
D2_global_hybrid_strong,2,2,187,50310,1,1,0.9008100628852844,1
D2_global_hybrid_strong,2,2,202,50333,2,0,0.10330764949321747,0
D2_global_hybrid_strong,2,2,212,50343,2,0,0.1884559541940689,0
D2_global_hybrid_strong,2,2,217,50348,2,0,0.0775003433227539,0
D2_global_hybrid_strong,2,2,228,50359,2,0,0.10430633276700974,0
D2_global_hybrid_strong,2,2,246,50379,2,0,0.0768585354089737,0
D2_global_hybrid_strong,2,2,251,50385,2,0,0.8909391164779663,1
D2_global_hybrid_strong,2,2,277,50422,2,0,0.7886879444122314,1
D2_global_hybrid_strong,2,2,280,50426,2,0,0.07633745670318604,0
D2_global_hybrid_strong,2,2,281,50427,2,0,0.07635791599750519,0
D2_global_hybrid_strong,2,2,288,50438,2,0,0.07630401104688644,0
D2_global_hybrid_strong,2,2,293,50443,2,0,0.4901697039604187,0
D2_global_hybrid_strong,2,2,326,50501,1,1,0.8985539674758911,1
D2_global_hybrid_strong,2,2,336,50518,1,1,0.9012876749038696,1
D2_global_hybrid_strong,2,2,340,50523,1,1,0.9006811380386353,1
D2_global_hybrid_strong,2,2,352,50555,2,0,0.07638499140739441,0
D2_global_hybrid_strong,2,2,354,50558,2,0,0.07642053067684174,0
D2_global_hybrid_strong,2,2,373,50606,1,1,0.894170880317688,1
D2_global_hybrid_strong,2,2,392,50644,1,1,0.833154559135437,1
D2_global_hybrid_strong,2,2,396,50654,1,1,0.3000306189060211,0
D2_global_hybrid_strong,2,2,403,50683,2,0,0.07633878290653229,0
D2_global_hybrid_strong,2,2,404,50685,2,0,0.09891985356807709,0
D2_global_hybrid_strong,2,2,417,50698,2,0,0.0980154499411583,0
D2_global_hybrid_strong,2,2,422,50703,2,0,0.09299129992723465,0
D2_global_hybrid_strong,2,2,437,50731,2,0,0.07889756560325623,0
D2_global_hybrid_strong,2,2,450,50749,1,1,0.895110547542572,1
D2_global_hybrid_strong,2,2,460,50774,2,0,0.07710118591785431,0
D2_global_hybrid_strong,2,2,462,50776,2,0,0.07630948722362518,0
D2_global_hybrid_strong,2,2,474,50797,1,1,0.566546618938446,1
D2_global_hybrid_strong,2,2,508,50972,1,1,0.9013285636901855,1
D2_global_hybrid_strong,2,2,514,50979,1,1,0.4775024652481079,0
D2_global_hybrid_strong,2,2,537,51006,1,1,0.9004002809524536,1
D2_global_hybrid_strong,2,2,538,51007,1,1,0.9013321399688721,1
D2_global_hybrid_strong,2,2,550,51019,1,1,0.9003467559814453,1
D2_global_hybrid_strong,2,2,554,51024,1,1,0.8991939425468445,1
D2_global_hybrid_strong,2,2,571,51044,2,0,0.08158431202173233,0
D2_global_hybrid_strong,2,2,579,51052,2,0,0.07784105837345123,0
D2_global_hybrid_strong,2,2,583,51056,2,0,0.08796800673007965,0
D2_global_hybrid_strong,2,2,590,51063,2,0,0.0810089185833931,0
D2_global_hybrid_strong,2,2,599,51073,2,0,0.08239778131246567,0
D2_global_hybrid_strong,2,2,622,51097,2,0,0.09154929220676422,0
D2_global_hybrid_strong,2,2,628,51103,2,0,0.08779653161764145,0
D2_global_hybrid_strong,2,2,638,51114,2,0,0.4757702350616455,0
D2_global_hybrid_strong,2,2,661,51142,2,0,0.07710161060094833,0
D2_global_hybrid_strong,2,2,672,51156,2,0,0.08264605700969696,0
D2_global_hybrid_strong,2,2,677,51164,1,1,0.9011789560317993,1
D2_global_hybrid_strong,2,2,689,51183,2,0,0.09268341213464737,0
D2_global_hybrid_strong,2,2,705,51207,1,1,0.8943189382553101,1
D2_global_hybrid_strong,2,2,706,51208,1,1,0.3869887590408325,0
D2_global_hybrid_strong,2,2,709,51212,1,1,0.892967700958252,1
D2_global_hybrid_strong,2,2,720,51224,1,1,0.8996695876121521,1
D2_global_hybrid_strong,2,2,723,51228,1,1,0.901091992855072,1
D2_global_hybrid_strong,2,2,728,51235,1,1,0.9010420441627502,1
D2_global_hybrid_strong,2,2,735,51249,1,1,0.8980697393417358,1
D2_global_hybrid_strong,2,2,737,51251,2,0,0.2675061821937561,0
D2_global_hybrid_strong,2,2,741,51255,2,0,0.07629935443401337,0
D2_global_hybrid_strong,2,2,767,51295,1,1,0.9007779955863953,1
D2_global_hybrid_strong,2,2,769,51298,1,1,0.9010767340660095,1
D2_global_hybrid_strong,2,2,770,51299,1,1,0.8959476947784424,1
D2_global_hybrid_strong,2,2,791,51326,1,1,0.7906569838523865,1
D2_global_hybrid_strong,2,2,795,51330,1,1,0.891063392162323,1
D2_global_hybrid_strong,2,2,805,51341,2,0,0.21131698787212372,0
D2_global_hybrid_strong,2,2,838,51484,2,0,0.07835473865270615,0
D2_global_hybrid_strong,2,2,853,51567,2,0,0.07634155452251434,0
D2_global_hybrid_strong,2,2,856,51570,2,0,0.1659945845603943,0
D2_global_hybrid_strong,2,2,858,51573,1,1,0.7266157269477844,1
D2_global_hybrid_strong,2,2,865,51582,1,1,0.8972010016441345,1
D2_global_hybrid_strong,2,2,868,51585,1,1,0.8989296555519104,1
D2_global_hybrid_strong,2,3,1,50004,1,1,0.8961400985717773,1
D2_global_hybrid_strong,2,3,4,50007,1,1,0.20129673182964325,0
D2_global_hybrid_strong,2,3,25,50034,2,0,0.052850451320409775,0
D2_global_hybrid_strong,2,3,34,50043,2,0,0.05921892821788788,0
D2_global_hybrid_strong,2,3,62,50116,2,0,0.08364217728376389,0
D2_global_hybrid_strong,2,3,108,50188,1,1,0.053302183747291565,0
D2_global_hybrid_strong,2,3,117,50200,2,0,0.053154416382312775,0
D2_global_hybrid_strong,2,3,125,50210,2,0,0.053157683461904526,0
D2_global_hybrid_strong,2,3,141,50248,1,1,0.896533191204071,1
D2_global_hybrid_strong,2,3,152,50261,2,0,0.8798497319221497,1
D2_global_hybrid_strong,2,3,162,50271,2,0,0.05741756781935692,0
D2_global_hybrid_strong,2,3,163,50272,1,1,0.8926747441291809,1
D2_global_hybrid_strong,2,3,177,50293,1,1,0.8830405473709106,1
D2_global_hybrid_strong,2,3,178,50294,1,1,0.8963282704353333,1
D2_global_hybrid_strong,2,3,200,50331,2,0,0.05420554429292679,0
D2_global_hybrid_strong,2,3,209,50340,2,0,0.05785625800490379,0
D2_global_hybrid_strong,2,3,218,50349,2,0,0.05633017420768738,0
D2_global_hybrid_strong,2,3,229,50360,2,0,0.056021738797426224,0
D2_global_hybrid_strong,2,3,243,50375,2,0,0.0539223812520504,0
D2_global_hybrid_strong,2,3,244,50376,2,0,0.3808080554008484,0
D2_global_hybrid_strong,2,3,265,50408,1,1,0.05921049043536186,0
D2_global_hybrid_strong,2,3,274,50418,2,0,0.05268683657050133,0
D2_global_hybrid_strong,2,3,283,50433,2,0,0.05421940237283707,0
D2_global_hybrid_strong,2,3,302,50466,2,0,0.05424376204609871,0
D2_global_hybrid_strong,2,3,311,50483,1,1,0.3186045289039612,0
D2_global_hybrid_strong,2,3,313,50486,1,1,0.8961212038993835,1
D2_global_hybrid_strong,2,3,321,50496,1,1,0.7395452857017517,1
D2_global_hybrid_strong,2,3,322,50497,1,1,0.8916435241699219,1
D2_global_hybrid_strong,2,3,341,50524,1,1,0.8957055807113647,1
D2_global_hybrid_strong,2,3,342,50525,1,1,0.8842223882675171,1
D2_global_hybrid_strong,2,3,355,50561,2,0,0.0532832145690918,0
D2_global_hybrid_strong,2,3,368,50578,2,0,0.8512274622917175,1
D2_global_hybrid_strong,2,3,370,50602,1,1,0.8910697102546692,1
D2_global_hybrid_strong,2,3,375,50608,1,1,0.3217181861400604,0
D2_global_hybrid_strong,2,3,378,50614,1,1,0.8840972185134888,1
D2_global_hybrid_strong,2,3,379,50615,1,1,0.8965179324150085,1
D2_global_hybrid_strong,2,3,390,50628,1,1,0.8929103016853333,1
D2_global_hybrid_strong,2,3,395,50649,1,1,0.20090556144714355,0
D2_global_hybrid_strong,2,3,399,50664,2,0,0.22159886360168457,0
D2_global_hybrid_strong,2,3,402,50682,2,0,0.052682578563690186,0
D2_global_hybrid_strong,2,3,421,50702,1,1,0.896150529384613,1
D2_global_hybrid_strong,2,3,429,50711,1,1,0.09011606872081757,0
D2_global_hybrid_strong,2,3,431,50723,2,0,0.05281909927725792,0
D2_global_hybrid_strong,2,3,439,50735,2,0,0.05361703038215637,0
D2_global_hybrid_strong,2,3,440,50737,2,0,0.054150260984897614,0
D2_global_hybrid_strong,2,3,445,50742,2,0,0.055078744888305664,0
D2_global_hybrid_strong,2,3,451,50750,1,1,0.871304452419281,1
D2_global_hybrid_strong,2,3,454,50754,1,1,0.8951161503791809,1
D2_global_hybrid_strong,2,3,455,50755,1,1,0.8946290612220764,1
D2_global_hybrid_strong,2,3,477,50800,1,1,0.8875439167022705,1
D2_global_hybrid_strong,2,3,480,50807,1,1,0.8962476253509521,1
D2_global_hybrid_strong,2,3,497,50959,1,1,0.4890935719013214,0
D2_global_hybrid_strong,2,3,516,50982,1,1,0.08089007437229156,0
D2_global_hybrid_strong,2,3,525,50991,1,1,0.08862759917974472,0
D2_global_hybrid_strong,2,3,548,51017,1,1,0.5638058185577393,1
D2_global_hybrid_strong,2,3,552,51021,1,1,0.8962394595146179,1
D2_global_hybrid_strong,2,3,587,51060,2,0,0.5926763415336609,1
D2_global_hybrid_strong,2,3,597,51070,2,0,0.052673984318971634,0
D2_global_hybrid_strong,2,3,614,51088,2,0,0.05740226432681084,0
D2_global_hybrid_strong,2,3,621,51096,2,0,0.0637257918715477,0
D2_global_hybrid_strong,2,3,631,51106,2,0,0.05917936936020851,0
D2_global_hybrid_strong,2,3,640,51117,2,0,0.052874889224767685,0
D2_global_hybrid_strong,2,3,644,51124,2,0,0.05429882928729057,0
D2_global_hybrid_strong,2,3,650,51131,2,0,0.0590028278529644,0
D2_global_hybrid_strong,2,3,655,51136,2,0,0.06943737715482712,0
D2_global_hybrid_strong,2,3,657,51138,2,0,0.05350157991051674,0
D2_global_hybrid_strong,2,3,663,51147,2,0,0.052836477756500244,0
D2_global_hybrid_strong,2,3,669,51153,2,0,0.05382842198014259,0
D2_global_hybrid_strong,2,3,671,51155,2,0,0.05806204304099083,0
D2_global_hybrid_strong,2,3,691,51185,2,0,0.32423409819602966,0
D2_global_hybrid_strong,2,3,693,51188,2,0,0.059244606643915176,0
D2_global_hybrid_strong,2,3,703,51205,1,1,0.8940602540969849,1
D2_global_hybrid_strong,2,3,711,51215,1,1,0.14353318512439728,0
D2_global_hybrid_strong,2,3,724,51229,1,1,0.8926721215248108,1
D2_global_hybrid_strong,2,3,725,51230,1,1,0.8960874676704407,1
D2_global_hybrid_strong,2,3,754,51272,2,0,0.055745434015989304,0
D2_global_hybrid_strong,2,3,757,51276,2,0,0.05299945920705795,0
D2_global_hybrid_strong,2,3,762,51281,2,0,0.05455322936177254,0
D2_global_hybrid_strong,2,3,772,51301,1,1,0.41803812980651855,0
D2_global_hybrid_strong,2,3,783,51315,2,0,0.053821299225091934,0
D2_global_hybrid_strong,2,3,787,51321,1,1,0.8007679581642151,1
D2_global_hybrid_strong,2,3,813,51350,1,1,0.8757696747779846,1
D2_global_hybrid_strong,2,3,818,51359,2,0,0.8946192264556885,1
D2_global_hybrid_strong,2,3,821,51362,2,0,0.05920257046818733,0
D2_global_hybrid_strong,2,3,829,51463,1,1,0.8963456749916077,1
D2_global_hybrid_strong,2,3,836,51481,2,0,0.053942836821079254,0
D2_global_hybrid_strong,2,3,861,51577,1,1,0.8964042067527771,1
D2_global_hybrid_strong,2,4,5,50008,1,1,0.672461986541748,1
D2_global_hybrid_strong,2,4,17,50025,1,1,0.6517019271850586,1
D2_global_hybrid_strong,2,4,23,50032,2,0,0.20222632586956024,0
D2_global_hybrid_strong,2,4,26,50035,2,0,0.3451237678527832,0
D2_global_hybrid_strong,2,4,28,50037,2,0,0.3297579288482666,0
D2_global_hybrid_strong,2,4,51,50103,2,0,0.597058892250061,1
D2_global_hybrid_strong,2,4,52,50104,2,0,0.20411278307437897,0
D2_global_hybrid_strong,2,4,56,50109,2,0,0.4193772077560425,0
D2_global_hybrid_strong,2,4,58,50112,2,0,0.5226583480834961,1
D2_global_hybrid_strong,2,4,88,50153,1,1,0.6441304683685303,1
D2_global_hybrid_strong,2,4,90,50157,2,0,0.27140161395072937,0
D2_global_hybrid_strong,2,4,100,50169,2,0,0.23322811722755432,0
D2_global_hybrid_strong,2,4,120,50203,2,0,0.20215445756912231,0
D2_global_hybrid_strong,2,4,131,50233,1,1,0.8108937740325928,1
D2_global_hybrid_strong,2,4,136,50240,1,1,0.8003299832344055,1
D2_global_hybrid_strong,2,4,161,50270,2,0,0.23276129364967346,0
D2_global_hybrid_strong,2,4,165,50274,1,1,0.7753639221191406,1
D2_global_hybrid_strong,2,4,172,50287,1,1,0.23449434340000153,0
D2_global_hybrid_strong,2,4,181,50298,1,1,0.5552869439125061,1
D2_global_hybrid_strong,2,4,191,50318,1,1,0.25434252619743347,0
D2_global_hybrid_strong,2,4,211,50342,2,0,0.2860259413719177,0
D2_global_hybrid_strong,2,4,213,50344,2,0,0.20411713421344757,0
D2_global_hybrid_strong,2,4,214,50345,2,0,0.20667821168899536,0
D2_global_hybrid_strong,2,4,225,50356,2,0,0.20285069942474365,0
D2_global_hybrid_strong,2,4,254,50388,2,0,0.21299304068088531,0
D2_global_hybrid_strong,2,4,271,50415,2,0,0.2404029369354248,0
D2_global_hybrid_strong,2,4,306,50470,2,0,0.4969485104084015,0
D2_global_hybrid_strong,2,4,312,50485,1,1,0.20377382636070251,0
D2_global_hybrid_strong,2,4,314,50487,1,1,0.7832233905792236,1
D2_global_hybrid_strong,2,4,315,50488,1,1,0.7598441243171692,1
D2_global_hybrid_strong,2,4,316,50490,1,1,0.6602182984352112,1
D2_global_hybrid_strong,2,4,334,50515,1,1,0.7972400784492493,1
D2_global_hybrid_strong,2,4,335,50516,1,1,0.5254276394844055,1
D2_global_hybrid_strong,2,4,356,50563,2,0,0.20568284392356873,0
D2_global_hybrid_strong,2,4,383,50621,1,1,0.7637182474136353,1
D2_global_hybrid_strong,2,4,388,50626,1,1,0.8106817007064819,1
D2_global_hybrid_strong,2,4,401,50669,2,0,0.7977184653282166,1
D2_global_hybrid_strong,2,4,416,50697,1,1,0.7928224205970764,1
D2_global_hybrid_strong,2,4,424,50705,1,1,0.48944956064224243,0
D2_global_hybrid_strong,2,4,442,50739,2,0,0.2345520555973053,0
D2_global_hybrid_strong,2,4,448,50745,1,1,0.8062025904655457,1
D2_global_hybrid_strong,2,4,452,50751,1,1,0.6251633167266846,1
D2_global_hybrid_strong,2,4,453,50752,1,1,0.31238603591918945,0
D2_global_hybrid_strong,2,4,457,50757,1,1,0.34583765268325806,0
D2_global_hybrid_strong,2,4,458,50772,2,0,0.8001155257225037,1
D2_global_hybrid_strong,2,4,464,50778,2,0,0.25485485792160034,0
D2_global_hybrid_strong,2,4,473,50796,1,1,0.7329467535018921,1
D2_global_hybrid_strong,2,4,476,50799,1,1,0.7800521850585938,1
D2_global_hybrid_strong,2,4,483,50816,2,0,0.2135804295539856,0
D2_global_hybrid_strong,2,4,515,50981,1,1,0.7382474541664124,1
D2_global_hybrid_strong,2,4,522,50988,1,1,0.7980724573135376,1
D2_global_hybrid_strong,2,4,545,51014,1,1,0.8012053370475769,1
D2_global_hybrid_strong,2,4,561,51032,1,1,0.7946317791938782,1
D2_global_hybrid_strong,2,4,572,51045,2,0,0.20260898768901825,0
D2_global_hybrid_strong,2,4,580,51053,2,0,0.22075137495994568,0
D2_global_hybrid_strong,2,4,581,51054,2,0,0.20235446095466614,0
D2_global_hybrid_strong,2,4,606,51080,2,0,0.4603820741176605,0
D2_global_hybrid_strong,2,4,607,51081,2,0,0.20678013563156128,0
D2_global_hybrid_strong,2,4,609,51083,2,0,0.7457886934280396,1
D2_global_hybrid_strong,2,4,630,51105,2,0,0.2066742479801178,0
D2_global_hybrid_strong,2,4,637,51113,2,0,0.2085687220096588,0
D2_global_hybrid_strong,2,4,646,51127,2,0,0.6562608480453491,1
D2_global_hybrid_strong,2,4,647,51128,2,0,0.21330079436302185,0
D2_global_hybrid_strong,2,4,652,51133,2,0,0.5031925439834595,1
D2_global_hybrid_strong,2,4,658,51139,2,0,0.21066518127918243,0
D2_global_hybrid_strong,2,4,659,51140,2,0,0.2090006321668625,0
D2_global_hybrid_strong,2,4,664,51148,2,0,0.20737120509147644,0
D2_global_hybrid_strong,2,4,674,51161,1,1,0.656903088092804,1
D2_global_hybrid_strong,2,4,675,51162,1,1,0.8100215196609497,1
D2_global_hybrid_strong,2,4,681,51171,1,1,0.5560715198516846,1
D2_global_hybrid_strong,2,4,682,51173,1,1,0.691140353679657,1
D2_global_hybrid_strong,2,4,697,51197,2,0,0.347829133272171,0
D2_global_hybrid_strong,2,4,704,51206,1,1,0.792512059211731,1
D2_global_hybrid_strong,2,4,714,51218,1,1,0.7679218649864197,1
D2_global_hybrid_strong,2,4,718,51222,1,1,0.2354673147201538,0
D2_global_hybrid_strong,2,4,733,51241,1,1,0.4800204038619995,0
D2_global_hybrid_strong,2,4,759,51278,2,0,0.5499632954597473,1
D2_global_hybrid_strong,2,4,766,51294,1,1,0.6045650243759155,1
D2_global_hybrid_strong,2,4,775,51304,2,0,0.36689871549606323,0
D2_global_hybrid_strong,2,4,776,51305,2,0,0.20927180349826813,0
D2_global_hybrid_strong,2,4,799,51334,2,0,0.22476543486118317,0
D2_global_hybrid_strong,2,4,804,51340,2,0,0.20216593146324158,0
D2_global_hybrid_strong,2,4,811,51347,2,0,0.21024362742900848,0
D2_global_hybrid_strong,2,4,830,51464,1,1,0.7709479331970215,1
D2_global_hybrid_strong,2,4,835,51480,2,0,0.20854789018630981,0
D2_global_hybrid_strong,2,4,855,51569,2,0,0.38385868072509766,0
D2_global_hybrid_strong,2,4,862,51578,1,1,0.7801010608673096,1
D2_global_hybrid_strong,2,5,3,50006,1,1,0.8195047378540039,1
D2_global_hybrid_strong,2,5,8,50012,1,1,0.8192057013511658,1
D2_global_hybrid_strong,2,5,12,50016,1,1,0.812602162361145,1
D2_global_hybrid_strong,2,5,14,50022,1,1,0.12978848814964294,0
D2_global_hybrid_strong,2,5,19,50027,1,1,0.1291564255952835,0
D2_global_hybrid_strong,2,5,21,50030,2,0,0.128651425242424,0
D2_global_hybrid_strong,2,5,29,50038,2,0,0.1299002468585968,0
D2_global_hybrid_strong,2,5,31,50040,2,0,0.1339697390794754,0
D2_global_hybrid_strong,2,5,63,50117,2,0,0.1365598738193512,0
D2_global_hybrid_strong,2,5,80,50144,1,1,0.8261865377426147,1
D2_global_hybrid_strong,2,5,82,50146,1,1,0.1289660483598709,0
D2_global_hybrid_strong,2,5,103,50182,1,1,0.5397952198982239,1
D2_global_hybrid_strong,2,5,113,50195,2,0,0.1285889893770218,0
D2_global_hybrid_strong,2,5,119,50202,2,0,0.17110846936702728,0
D2_global_hybrid_strong,2,5,126,50213,2,0,0.12843768298625946,0
D2_global_hybrid_strong,2,5,135,50239,1,1,0.15787740051746368,0
D2_global_hybrid_strong,2,5,142,50249,1,1,0.817986011505127,1
D2_global_hybrid_strong,2,5,156,50265,2,0,0.1402224600315094,0
D2_global_hybrid_strong,2,5,157,50266,2,0,0.13197362422943115,0
D2_global_hybrid_strong,2,5,170,50284,1,1,0.5439007878303528,1
D2_global_hybrid_strong,2,5,173,50289,1,1,0.3703807294368744,0
D2_global_hybrid_strong,2,5,175,50291,1,1,0.37716642022132874,0
D2_global_hybrid_strong,2,5,186,50308,1,1,0.6440438628196716,1
D2_global_hybrid_strong,2,5,195,50324,1,1,0.6594346761703491,1
D2_global_hybrid_strong,2,5,197,50327,2,0,0.12860380113124847,0
D2_global_hybrid_strong,2,5,198,50329,2,0,0.1531154364347458,0
D2_global_hybrid_strong,2,5,199,50330,2,0,0.13095510005950928,0
D2_global_hybrid_strong,2,5,206,50337,2,0,0.3271816670894623,0
D2_global_hybrid_strong,2,5,222,50353,2,0,0.1434522122144699,0
D2_global_hybrid_strong,2,5,236,50367,2,0,0.1284751147031784,0
D2_global_hybrid_strong,2,5,240,50372,2,0,0.128440260887146,0
D2_global_hybrid_strong,2,5,264,50407,1,1,0.8032498955726624,1
D2_global_hybrid_strong,2,5,267,50411,1,1,0.8260267376899719,1
D2_global_hybrid_strong,2,5,272,50416,2,0,0.12841224670410156,0
D2_global_hybrid_strong,2,5,275,50419,2,0,0.12843100726604462,0
D2_global_hybrid_strong,2,5,279,50425,2,0,0.16517378389835358,0
D2_global_hybrid_strong,2,5,292,50442,2,0,0.13279995322227478,0
D2_global_hybrid_strong,2,5,297,50447,2,0,0.17948377132415771,0
D2_global_hybrid_strong,2,5,298,50448,2,0,0.19673870503902435,0
D2_global_hybrid_strong,2,5,305,50469,2,0,0.13110026717185974,0
D2_global_hybrid_strong,2,5,309,50481,1,1,0.8259009122848511,1
D2_global_hybrid_strong,2,5,319,50493,1,1,0.8141967058181763,1
D2_global_hybrid_strong,2,5,320,50494,1,1,0.5263992547988892,1
D2_global_hybrid_strong,2,5,325,50500,1,1,0.825680136680603,1
D2_global_hybrid_strong,2,5,331,50509,1,1,0.682327389717102,1
D2_global_hybrid_strong,2,5,332,50510,1,1,0.8262171149253845,1
D2_global_hybrid_strong,2,5,338,50520,1,1,0.8256928324699402,1
D2_global_hybrid_strong,2,5,346,50529,1,1,0.8212382793426514,1
D2_global_hybrid_strong,2,5,367,50577,2,0,0.12853386998176575,0
D2_global_hybrid_strong,2,5,381,50619,1,1,0.824299693107605,1
D2_global_hybrid_strong,2,5,384,50622,1,1,0.8216120600700378,1
D2_global_hybrid_strong,2,5,398,50659,2,0,0.46714669466018677,0
D2_global_hybrid_strong,2,5,400,50665,2,0,0.38257327675819397,0
D2_global_hybrid_strong,2,5,433,50725,2,0,0.1284390687942505,0
D2_global_hybrid_strong,2,5,436,50730,2,0,0.1344475895166397,0
D2_global_hybrid_strong,2,5,487,50821,2,0,0.12848176062107086,0
D2_global_hybrid_strong,2,5,492,50954,1,1,0.13816243410110474,0
D2_global_hybrid_strong,2,5,503,50966,1,1,0.14338980615139008,0
D2_global_hybrid_strong,2,5,520,50986,1,1,0.28283819556236267,0
D2_global_hybrid_strong,2,5,530,50996,1,1,0.684887707233429,1
D2_global_hybrid_strong,2,5,546,51015,1,1,0.1299123913049698,0
D2_global_hybrid_strong,2,5,559,51029,1,1,0.8159462213516235,1
D2_global_hybrid_strong,2,5,560,51030,1,1,0.8162147402763367,1
D2_global_hybrid_strong,2,5,589,51062,2,0,0.12978285551071167,0
D2_global_hybrid_strong,2,5,594,51067,2,0,0.13567136228084564,0
D2_global_hybrid_strong,2,5,602,51076,2,0,0.1356668770313263,0
D2_global_hybrid_strong,2,5,613,51087,2,0,0.12923496961593628,0
D2_global_hybrid_strong,2,5,625,51100,2,0,0.1288188248872757,0
D2_global_hybrid_strong,2,5,629,51104,2,0,0.128463014960289,0
D2_global_hybrid_strong,2,5,635,51111,2,0,0.12848365306854248,0
D2_global_hybrid_strong,2,5,678,51168,1,1,0.5680427551269531,1
D2_global_hybrid_strong,2,5,690,51184,2,0,0.41078463196754456,0
D2_global_hybrid_strong,2,5,727,51234,1,1,0.8017192482948303,1
D2_global_hybrid_strong,2,5,743,51257,2,0,0.1952228844165802,0
D2_global_hybrid_strong,2,5,774,51303,2,0,0.12983503937721252,0
D2_global_hybrid_strong,2,5,780,51309,2,0,0.8262107968330383,1
D2_global_hybrid_strong,2,5,786,51320,1,1,0.8254152536392212,1
D2_global_hybrid_strong,2,5,810,51346,2,0,0.1290750652551651,0
D2_global_hybrid_strong,2,5,814,51351,1,1,0.15210393071174622,0
D2_global_hybrid_strong,2,5,815,51354,1,1,0.7566515207290649,1
D2_global_hybrid_strong,2,5,820,51361,2,0,0.1330718994140625,0
D2_global_hybrid_strong,2,5,834,51479,2,0,0.13659177720546722,0
D2_global_hybrid_strong,2,5,841,51491,2,0,0.12883862853050232,0
D2_global_hybrid_strong,2,5,844,51557,2,0,0.12966245412826538,0
D2_global_hybrid_strong,2,5,845,51558,2,0,0.12841607630252838,0
D2_global_hybrid_strong,2,5,846,51559,2,0,0.14755015075206757,0
D2_global_hybrid_strong,2,5,870,51607,1,1,0.14330585300922394,0
D2_global_hybrid_strong,2,6,13,50020,1,1,0.8760308027267456,1
D2_global_hybrid_strong,2,6,15,50023,1,1,0.7833873629570007,1
D2_global_hybrid_strong,2,6,22,50031,2,0,0.09319013357162476,0
D2_global_hybrid_strong,2,6,59,50113,2,0,0.09540475904941559,0
D2_global_hybrid_strong,2,6,60,50114,2,0,0.09452341496944427,0
D2_global_hybrid_strong,2,6,65,50119,1,1,0.09333695471286774,0
D2_global_hybrid_strong,2,6,71,50128,1,1,0.8641394972801208,1
D2_global_hybrid_strong,2,6,77,50135,1,1,0.8741563558578491,1
D2_global_hybrid_strong,2,6,89,50156,1,1,0.873441219329834,1
D2_global_hybrid_strong,2,6,93,50160,2,0,0.09422937035560608,0
D2_global_hybrid_strong,2,6,94,50161,2,0,0.10312837362289429,0
D2_global_hybrid_strong,2,6,96,50163,2,0,0.10246411710977554,0
D2_global_hybrid_strong,2,6,128,50215,2,0,0.09319037944078445,0
D2_global_hybrid_strong,2,6,143,50250,1,1,0.09768244624137878,0
D2_global_hybrid_strong,2,6,166,50275,1,1,0.7850818037986755,1
D2_global_hybrid_strong,2,6,167,50276,1,1,0.869464099407196,1
D2_global_hybrid_strong,2,6,168,50278,1,1,0.8760429620742798,1
D2_global_hybrid_strong,2,6,171,50285,1,1,0.6476280093193054,1
D2_global_hybrid_strong,2,6,174,50290,1,1,0.4873964488506317,0
D2_global_hybrid_strong,2,6,190,50315,1,1,0.8731092810630798,1
D2_global_hybrid_strong,2,6,219,50350,2,0,0.0950285792350769,0
D2_global_hybrid_strong,2,6,220,50351,2,0,0.09505347907543182,0
D2_global_hybrid_strong,2,6,227,50358,2,0,0.09458067268133163,0
D2_global_hybrid_strong,2,6,235,50366,2,0,0.09321662783622742,0
D2_global_hybrid_strong,2,6,276,50421,2,0,0.09381745755672455,0
D2_global_hybrid_strong,2,6,287,50437,2,0,0.8660628795623779,1
D2_global_hybrid_strong,2,6,290,50440,2,0,0.09374324977397919,0
D2_global_hybrid_strong,2,6,310,50482,1,1,0.8740644454956055,1
D2_global_hybrid_strong,2,6,327,50502,1,1,0.87608802318573,1
D2_global_hybrid_strong,2,6,333,50514,1,1,0.5387813448905945,1
D2_global_hybrid_strong,2,6,337,50519,1,1,0.8639855980873108,1
D2_global_hybrid_strong,2,6,350,50551,2,0,0.09904950857162476,0
D2_global_hybrid_strong,2,6,362,50572,2,0,0.09345472604036331,0
D2_global_hybrid_strong,2,6,382,50620,1,1,0.09620983153581619,0
D2_global_hybrid_strong,2,6,393,50647,1,1,0.2094220370054245,0
D2_global_hybrid_strong,2,6,406,50687,2,0,0.5189286470413208,1
D2_global_hybrid_strong,2,6,408,50689,1,1,0.875649631023407,1
D2_global_hybrid_strong,2,6,409,50690,1,1,0.09412603825330734,0
D2_global_hybrid_strong,2,6,418,50699,2,0,0.811962902545929,1
D2_global_hybrid_strong,2,6,423,50704,1,1,0.4191153049468994,0
D2_global_hybrid_strong,2,6,426,50707,2,0,0.09335712343454361,0
D2_global_hybrid_strong,2,6,435,50728,2,0,0.09633694589138031,0
D2_global_hybrid_strong,2,6,449,50748,1,1,0.8749173879623413,1
D2_global_hybrid_strong,2,6,456,50756,1,1,0.7057995796203613,1
D2_global_hybrid_strong,2,6,467,50782,2,0,0.09315557032823563,0
D2_global_hybrid_strong,2,6,486,50820,2,0,0.09502318501472473,0
D2_global_hybrid_strong,2,6,488,50822,2,0,0.09334941953420639,0
D2_global_hybrid_strong,2,6,489,50823,1,1,0.8729690909385681,1
D2_global_hybrid_strong,2,6,499,50961,1,1,0.6313056945800781,1
D2_global_hybrid_strong,2,6,500,50962,1,1,0.10073023289442062,0
D2_global_hybrid_strong,2,6,502,50965,1,1,0.8731227517127991,1
D2_global_hybrid_strong,2,6,531,50997,1,1,0.8757333755493164,1
D2_global_hybrid_strong,2,6,542,51011,1,1,0.871349036693573,1
D2_global_hybrid_strong,2,6,562,51033,1,1,0.6962079405784607,1
D2_global_hybrid_strong,2,6,577,51050,2,0,0.09336871653795242,0
D2_global_hybrid_strong,2,6,610,51084,2,0,0.8742915391921997,1
D2_global_hybrid_strong,2,6,615,51089,2,0,0.09462469816207886,0
D2_global_hybrid_strong,2,6,639,51116,2,0,0.09614642709493637,0
D2_global_hybrid_strong,2,6,648,51129,2,0,0.09462963789701462,0
D2_global_hybrid_strong,2,6,656,51137,2,0,0.09334546327590942,0
D2_global_hybrid_strong,2,6,679,51169,1,1,0.31499359011650085,0
D2_global_hybrid_strong,2,6,685,51179,1,1,0.871432363986969,1
D2_global_hybrid_strong,2,6,688,51182,2,0,0.09392732381820679,0
D2_global_hybrid_strong,2,6,700,51202,1,1,0.8688462376594543,1
D2_global_hybrid_strong,2,6,731,51239,1,1,0.8631730079650879,1
D2_global_hybrid_strong,2,6,744,51260,2,0,0.09334628283977509,0
D2_global_hybrid_strong,2,6,746,51262,2,0,0.33146345615386963,0
D2_global_hybrid_strong,2,6,747,51264,2,0,0.09326615184545517,0
D2_global_hybrid_strong,2,6,751,51268,2,0,0.09317996352910995,0
D2_global_hybrid_strong,2,6,753,51271,2,0,0.09369943290948868,0
D2_global_hybrid_strong,2,6,755,51273,2,0,0.7924483418464661,1
D2_global_hybrid_strong,2,6,760,51279,2,0,0.09370095282793045,0
D2_global_hybrid_strong,2,6,763,51291,1,1,0.8749097585678101,1
D2_global_hybrid_strong,2,6,768,51297,1,1,0.7924426794052124,1
D2_global_hybrid_strong,2,6,773,51302,1,1,0.1022103950381279,0
D2_global_hybrid_strong,2,6,779,51308,2,0,0.09463843703269958,0
D2_global_hybrid_strong,2,6,781,51311,2,0,0.09336226433515549,0
D2_global_hybrid_strong,2,6,801,51336,2,0,0.09317316114902496,0
D2_global_hybrid_strong,2,6,809,51345,2,0,0.09322398155927658,0
D2_global_hybrid_strong,2,6,824,51365,2,0,0.09409776329994202,0
D2_global_hybrid_strong,2,6,831,51465,1,1,0.8757938742637634,1
D2_global_hybrid_strong,2,6,840,51488,2,0,0.09314779937267303,0
D2_global_hybrid_strong,2,6,843,51556,2,0,0.09646857529878616,0
D2_global_hybrid_strong,2,6,848,51562,2,0,0.09318435937166214,0
D2_global_hybrid_strong,2,6,849,51563,2,0,0.09509385377168655,0
D2_global_hybrid_strong,2,6,854,51568,2,0,0.09906939417123795,0
D2_global_hybrid_strong,2,6,859,51574,1,1,0.7614725232124329,1
D2_global_hybrid_strong,2,7,38,50047,2,0,0.28280502557754517,0
D2_global_hybrid_strong,2,7,44,50053,1,1,0.5074068903923035,1
D2_global_hybrid_strong,2,7,46,50056,1,1,0.7931146621704102,1
D2_global_hybrid_strong,2,7,47,50057,1,1,0.22888953983783722,0
D2_global_hybrid_strong,2,7,57,50111,2,0,0.22370809316635132,0
D2_global_hybrid_strong,2,7,68,50124,1,1,0.7882537841796875,1
D2_global_hybrid_strong,2,7,69,50125,1,1,0.7280017137527466,1
D2_global_hybrid_strong,2,7,85,50149,1,1,0.6081203818321228,1
D2_global_hybrid_strong,2,7,91,50158,2,0,0.2290412038564682,0
D2_global_hybrid_strong,2,7,97,50164,2,0,0.2649601101875305,0
D2_global_hybrid_strong,2,7,111,50193,2,0,0.22499798238277435,0
D2_global_hybrid_strong,2,7,116,50199,2,0,0.22488483786582947,0
D2_global_hybrid_strong,2,7,137,50241,1,1,0.4990767240524292,0
D2_global_hybrid_strong,2,7,139,50245,1,1,0.5798713564872742,1
D2_global_hybrid_strong,2,7,145,50252,1,1,0.3207395076751709,0
D2_global_hybrid_strong,2,7,147,50254,1,1,0.43726620078086853,0
D2_global_hybrid_strong,2,7,148,50255,1,1,0.7003116607666016,1
D2_global_hybrid_strong,2,7,154,50263,2,0,0.232095405459404,0
D2_global_hybrid_strong,2,7,159,50268,2,0,0.22542177140712738,0
D2_global_hybrid_strong,2,7,185,50304,1,1,0.5220966339111328,1
D2_global_hybrid_strong,2,7,189,50314,1,1,0.7941802740097046,1
D2_global_hybrid_strong,2,7,201,50332,2,0,0.2274620234966278,0
D2_global_hybrid_strong,2,7,207,50338,2,0,0.22413001954555511,0
D2_global_hybrid_strong,2,7,208,50339,2,0,0.22393891215324402,0
D2_global_hybrid_strong,2,7,230,50361,2,0,0.2290356606245041,0
D2_global_hybrid_strong,2,7,238,50369,2,0,0.2302110493183136,0
D2_global_hybrid_strong,2,7,241,50373,2,0,0.24031265079975128,0
D2_global_hybrid_strong,2,7,249,50382,2,0,0.225500226020813,0
D2_global_hybrid_strong,2,7,269,50413,1,1,0.7902912497520447,1
D2_global_hybrid_strong,2,7,278,50424,2,0,0.22543135285377502,0
D2_global_hybrid_strong,2,7,308,50480,1,1,0.7584623098373413,1
D2_global_hybrid_strong,2,7,318,50492,1,1,0.7410237789154053,1
D2_global_hybrid_strong,2,7,330,50507,1,1,0.323687881231308,0
D2_global_hybrid_strong,2,7,351,50552,2,0,0.23547938466072083,0
D2_global_hybrid_strong,2,7,353,50557,2,0,0.22389020025730133,0
D2_global_hybrid_strong,2,7,364,50574,2,0,0.2876969873905182,0
D2_global_hybrid_strong,2,7,371,50603,1,1,0.7941757440567017,1
D2_global_hybrid_strong,2,7,376,50612,1,1,0.6053861379623413,1
D2_global_hybrid_strong,2,7,389,50627,1,1,0.6098341941833496,1
D2_global_hybrid_strong,2,7,410,50691,2,0,0.23366981744766235,0
D2_global_hybrid_strong,2,7,428,50709,2,0,0.24326561391353607,0
D2_global_hybrid_strong,2,7,438,50733,2,0,0.22362656891345978,0
D2_global_hybrid_strong,2,7,441,50738,2,0,0.22498144209384918,0
D2_global_hybrid_strong,2,7,444,50741,2,0,0.23166997730731964,0
D2_global_hybrid_strong,2,7,447,50744,1,1,0.6754723787307739,1
D2_global_hybrid_strong,2,7,463,50777,2,0,0.23162353038787842,0
D2_global_hybrid_strong,2,7,465,50780,2,0,0.261587917804718,0
D2_global_hybrid_strong,2,7,469,50786,2,0,0.23361216485500336,0
D2_global_hybrid_strong,2,7,478,50801,1,1,0.6133577823638916,1
D2_global_hybrid_strong,2,7,479,50803,1,1,0.7518265843391418,1
D2_global_hybrid_strong,2,7,493,50955,1,1,0.22543427348136902,0
D2_global_hybrid_strong,2,7,510,50974,1,1,0.6690624356269836,1
D2_global_hybrid_strong,2,7,521,50987,1,1,0.7929270267486572,1
D2_global_hybrid_strong,2,7,534,51001,1,1,0.7932030558586121,1
D2_global_hybrid_strong,2,7,544,51013,1,1,0.7251132726669312,1
D2_global_hybrid_strong,2,7,553,51023,1,1,0.7654780149459839,1
D2_global_hybrid_strong,2,7,558,51028,1,1,0.7938570380210876,1
D2_global_hybrid_strong,2,7,568,51040,2,0,0.22579644620418549,0
D2_global_hybrid_strong,2,7,582,51055,2,0,0.22500574588775635,0
D2_global_hybrid_strong,2,7,586,51059,2,0,0.23353712260723114,0
D2_global_hybrid_strong,2,7,595,51068,2,0,0.398246169090271,0
D2_global_hybrid_strong,2,7,598,51072,2,0,0.249153733253479,0
D2_global_hybrid_strong,2,7,600,51074,2,0,0.5779182314872742,1
D2_global_hybrid_strong,2,7,611,51085,2,0,0.7481244206428528,1
D2_global_hybrid_strong,2,7,616,51090,2,0,0.22500258684158325,0
D2_global_hybrid_strong,2,7,623,51098,2,0,0.2294824868440628,0
D2_global_hybrid_strong,2,7,627,51102,2,0,0.2288176715373993,0
D2_global_hybrid_strong,2,7,634,51110,2,0,0.23583965003490448,0
D2_global_hybrid_strong,2,7,651,51132,2,0,0.2253355085849762,0
D2_global_hybrid_strong,2,7,665,51149,2,0,0.22791381180286407,0
D2_global_hybrid_strong,2,7,668,51152,2,0,0.224043071269989,0
D2_global_hybrid_strong,2,7,670,51154,2,0,0.2273794710636139,0
D2_global_hybrid_strong,2,7,676,51163,1,1,0.6253265738487244,1
D2_global_hybrid_strong,2,7,694,51189,2,0,0.2429250180721283,0
D2_global_hybrid_strong,2,7,713,51217,1,1,0.23546281456947327,0
D2_global_hybrid_strong,2,7,719,51223,1,1,0.2979068458080292,0
D2_global_hybrid_strong,2,7,726,51231,1,1,0.4359670877456665,0
D2_global_hybrid_strong,2,7,729,51236,1,1,0.46757686138153076,0
D2_global_hybrid_strong,2,7,730,51237,1,1,0.7689381241798401,1
D2_global_hybrid_strong,2,7,732,51240,1,1,0.7931224703788757,1
D2_global_hybrid_strong,2,7,745,51261,2,0,0.25231727957725525,0
D2_global_hybrid_strong,2,7,790,51325,1,1,0.6296413540840149,1
D2_global_hybrid_strong,2,7,798,51333,2,0,0.22412852942943573,0
D2_global_hybrid_strong,2,7,807,51343,2,0,0.22365669906139374,0
D2_global_hybrid_strong,2,7,812,51349,1,1,0.2237570583820343,0
D2_global_hybrid_strong,2,7,833,51477,2,0,0.22360429167747498,0
D2_global_hybrid_strong,2,7,863,51579,1,1,0.2285289168357849,0
D2_global_hybrid_strong,2,8,49,50060,2,0,0.11010849475860596,0
D2_global_hybrid_strong,2,8,61,50115,2,0,0.11118721216917038,0
D2_global_hybrid_strong,2,8,64,50118,1,1,0.9450104236602783,1
D2_global_hybrid_strong,2,8,70,50127,1,1,0.9398908019065857,1
D2_global_hybrid_strong,2,8,102,50171,2,0,0.26476383209228516,0
D2_global_hybrid_strong,2,8,105,50184,1,1,0.945233941078186,1
D2_global_hybrid_strong,2,8,107,50187,1,1,0.11042696982622147,0
D2_global_hybrid_strong,2,8,112,50194,2,0,0.11042894423007965,0
D2_global_hybrid_strong,2,8,114,50196,2,0,0.5456700325012207,1
D2_global_hybrid_strong,2,8,118,50201,2,0,0.11105257272720337,0
D2_global_hybrid_strong,2,8,124,50208,2,0,0.14346188306808472,0
D2_global_hybrid_strong,2,8,133,50236,1,1,0.9455587267875671,1
D2_global_hybrid_strong,2,8,134,50237,1,1,0.9451537728309631,1
D2_global_hybrid_strong,2,8,146,50253,1,1,0.9457841515541077,1
D2_global_hybrid_strong,2,8,151,50260,2,0,0.11150553822517395,0
D2_global_hybrid_strong,2,8,160,50269,2,0,0.5272710919380188,1
D2_global_hybrid_strong,2,8,179,50295,1,1,0.9451459646224976,1
D2_global_hybrid_strong,2,8,183,50301,1,1,0.9455608129501343,1
D2_global_hybrid_strong,2,8,184,50302,1,1,0.9452349543571472,1
D2_global_hybrid_strong,2,8,196,50325,1,1,0.1153673529624939,0
D2_global_hybrid_strong,2,8,203,50334,2,0,0.9444873332977295,1
D2_global_hybrid_strong,2,8,210,50341,2,0,0.1122530996799469,0
D2_global_hybrid_strong,2,8,215,50346,2,0,0.10990963131189346,0
D2_global_hybrid_strong,2,8,216,50347,2,0,0.10969473421573639,0
D2_global_hybrid_strong,2,8,223,50354,2,0,0.14176695048809052,0
D2_global_hybrid_strong,2,8,224,50355,2,0,0.1128077507019043,0
D2_global_hybrid_strong,2,8,237,50368,2,0,0.10999121516942978,0
D2_global_hybrid_strong,2,8,255,50390,2,0,0.11303580552339554,0
D2_global_hybrid_strong,2,8,256,50391,2,0,0.11253855377435684,0
D2_global_hybrid_strong,2,8,260,50403,1,1,0.23964457213878632,0
D2_global_hybrid_strong,2,8,266,50410,1,1,0.9456954598426819,1
D2_global_hybrid_strong,2,8,296,50446,2,0,0.12677574157714844,0
D2_global_hybrid_strong,2,8,299,50449,2,0,0.12707245349884033,0
D2_global_hybrid_strong,2,8,328,50503,1,1,0.9455587267875671,1
D2_global_hybrid_strong,2,8,339,50521,1,1,0.7935314178466797,1
D2_global_hybrid_strong,2,8,343,50526,1,1,0.9452182054519653,1
D2_global_hybrid_strong,2,8,347,50530,1,1,0.9440895915031433,1
D2_global_hybrid_strong,2,8,349,50532,1,1,0.9440184831619263,1
D2_global_hybrid_strong,2,8,365,50575,2,0,0.3914880156517029,0
D2_global_hybrid_strong,2,8,377,50613,1,1,0.94498610496521,1
D2_global_hybrid_strong,2,8,386,50624,1,1,0.9456161260604858,1
D2_global_hybrid_strong,2,8,387,50625,1,1,0.11056680977344513,0
D2_global_hybrid_strong,2,8,413,50694,1,1,0.9446594715118408,1
D2_global_hybrid_strong,2,8,414,50695,1,1,0.8971010446548462,1
D2_global_hybrid_strong,2,8,470,50790,2,0,0.11093677580356598,0
D2_global_hybrid_strong,2,8,485,50818,2,0,0.11163700371980667,0
D2_global_hybrid_strong,2,8,496,50958,1,1,0.9436710476875305,1
D2_global_hybrid_strong,2,8,504,50967,1,1,0.9352962970733643,1
D2_global_hybrid_strong,2,8,517,50983,1,1,0.9455832839012146,1
D2_global_hybrid_strong,2,8,536,51003,1,1,0.9457700848579407,1
D2_global_hybrid_strong,2,8,540,51009,1,1,0.9449455142021179,1
D2_global_hybrid_strong,2,8,551,51020,1,1,0.9312993288040161,1
D2_global_hybrid_strong,2,8,569,51041,2,0,0.11738540232181549,0
D2_global_hybrid_strong,2,8,570,51042,2,0,0.1099872812628746,0
D2_global_hybrid_strong,2,8,574,51047,2,0,0.12054556608200073,0
D2_global_hybrid_strong,2,8,576,51049,2,0,0.11374668031930923,0
D2_global_hybrid_strong,2,8,584,51057,2,0,0.11246798187494278,0
D2_global_hybrid_strong,2,8,588,51061,2,0,0.10988248884677887,0
D2_global_hybrid_strong,2,8,593,51066,2,0,0.12064404040575027,0
D2_global_hybrid_strong,2,8,601,51075,2,0,0.12123413383960724,0
D2_global_hybrid_strong,2,8,633,51109,2,0,0.11310530453920364,0
D2_global_hybrid_strong,2,8,642,51122,2,0,0.1126284971833229,0
D2_global_hybrid_strong,2,8,645,51126,2,0,0.11949730664491653,0
D2_global_hybrid_strong,2,8,660,51141,2,0,0.9294213056564331,1
D2_global_hybrid_strong,2,8,673,51159,2,0,0.9457584619522095,1
D2_global_hybrid_strong,2,8,683,51177,1,1,0.9457023739814758,1
D2_global_hybrid_strong,2,8,698,51198,2,0,0.6545307636260986,1
D2_global_hybrid_strong,2,8,701,51203,1,1,0.9451770782470703,1
D2_global_hybrid_strong,2,8,715,51219,1,1,0.9449734687805176,1
D2_global_hybrid_strong,2,8,717,51221,1,1,0.9431148171424866,1
D2_global_hybrid_strong,2,8,722,51226,1,1,0.11457153409719467,0
D2_global_hybrid_strong,2,8,734,51248,1,1,0.9449619054794312,1
D2_global_hybrid_strong,2,8,738,51252,2,0,0.9457745552062988,1
D2_global_hybrid_strong,2,8,748,51265,2,0,0.10989634692668915,0
D2_global_hybrid_strong,2,8,778,51307,2,0,0.9451695084571838,1
D2_global_hybrid_strong,2,8,785,51319,1,1,0.9451293349266052,1
D2_global_hybrid_strong,2,8,803,51339,2,0,0.11024940013885498,0
D2_global_hybrid_strong,2,8,817,51357,2,0,0.10990329086780548,0
D2_global_hybrid_strong,2,8,826,51370,2,0,0.11000238358974457,0
D2_global_hybrid_strong,2,8,828,51461,1,1,0.9457561373710632,1
D2_global_hybrid_strong,2,8,832,51473,1,1,0.9073309898376465,1
D2_global_hybrid_strong,2,8,839,51487,2,0,0.18627841770648956,0
D2_global_hybrid_strong,2,8,847,51560,2,0,0.11161158233880997,0
D2_global_hybrid_strong,2,8,851,51565,2,0,0.6874855160713196,1
D2_global_hybrid_strong,2,8,852,51566,2,0,0.11057382076978683,0
D2_global_hybrid_strong,2,8,857,51572,1,1,0.9425556063652039,1
D2_global_hybrid_strong,2,8,866,51583,1,1,0.9428998827934265,1
D2_global_hybrid_strong,2,9,9,50013,1,1,0.9302137494087219,1
D2_global_hybrid_strong,2,9,20,50028,1,1,0.9315900802612305,1
D2_global_hybrid_strong,2,9,27,50036,2,0,0.10274390131235123,0
D2_global_hybrid_strong,2,9,32,50041,2,0,0.1062568873167038,0
D2_global_hybrid_strong,2,9,37,50046,2,0,0.10036204010248184,0
D2_global_hybrid_strong,2,9,40,50049,2,0,0.10183019191026688,0
D2_global_hybrid_strong,2,9,42,50051,2,0,0.35983267426490784,0
D2_global_hybrid_strong,2,9,50,50102,2,0,0.10235558450222015,0
D2_global_hybrid_strong,2,9,66,50121,1,1,0.931685745716095,1
D2_global_hybrid_strong,2,9,75,50132,1,1,0.9310627579689026,1
D2_global_hybrid_strong,2,9,83,50147,1,1,0.9311527609825134,1
D2_global_hybrid_strong,2,9,84,50148,1,1,0.9308589696884155,1
D2_global_hybrid_strong,2,9,87,50152,1,1,0.9315905570983887,1
D2_global_hybrid_strong,2,9,104,50183,1,1,0.9309175610542297,1
D2_global_hybrid_strong,2,9,121,50204,2,0,0.10523683577775955,0
D2_global_hybrid_strong,2,9,122,50205,2,0,0.10458962619304657,0
D2_global_hybrid_strong,2,9,123,50206,2,0,0.47109541296958923,0
D2_global_hybrid_strong,2,9,130,50232,1,1,0.9297044277191162,1
D2_global_hybrid_strong,2,9,132,50234,1,1,0.9283000826835632,1
D2_global_hybrid_strong,2,9,221,50352,2,0,0.2748994529247284,0
D2_global_hybrid_strong,2,9,226,50357,2,0,0.10418256372213364,0
D2_global_hybrid_strong,2,9,232,50363,2,0,0.9226099848747253,1
D2_global_hybrid_strong,2,9,250,50383,2,0,0.2155327945947647,0
D2_global_hybrid_strong,2,9,258,50399,1,1,0.9316494464874268,1
D2_global_hybrid_strong,2,9,261,50404,1,1,0.9315766096115112,1
D2_global_hybrid_strong,2,9,262,50405,1,1,0.9308862686157227,1
D2_global_hybrid_strong,2,9,282,50428,2,0,0.10052026063203812,0
D2_global_hybrid_strong,2,9,284,50434,2,0,0.10036838799715042,0
D2_global_hybrid_strong,2,9,289,50439,2,0,0.10646388679742813,0
D2_global_hybrid_strong,2,9,291,50441,2,0,0.10418256372213364,0
D2_global_hybrid_strong,2,9,301,50463,2,0,0.10295227915048599,0
D2_global_hybrid_strong,2,9,323,50498,1,1,0.9291837811470032,1
D2_global_hybrid_strong,2,9,344,50527,1,1,0.931580126285553,1
D2_global_hybrid_strong,2,9,358,50568,2,0,0.8355423212051392,1
D2_global_hybrid_strong,2,9,361,50571,2,0,0.7970467209815979,1
D2_global_hybrid_strong,2,9,363,50573,2,0,0.10061806440353394,0
D2_global_hybrid_strong,2,9,380,50616,1,1,0.9315829277038574,1
D2_global_hybrid_strong,2,9,391,50642,1,1,0.9228214621543884,1
D2_global_hybrid_strong,2,9,397,50656,2,0,0.5538861751556396,1
D2_global_hybrid_strong,2,9,407,50688,2,0,0.10125574469566345,0
D2_global_hybrid_strong,2,9,415,50696,1,1,0.9307464361190796,1
D2_global_hybrid_strong,2,9,419,50700,1,1,0.9316551089286804,1
D2_global_hybrid_strong,2,9,420,50701,2,0,0.10063481330871582,0
D2_global_hybrid_strong,2,9,427,50708,1,1,0.9314509034156799,1
D2_global_hybrid_strong,2,9,446,50743,1,1,0.9314882755279541,1
D2_global_hybrid_strong,2,9,461,50775,2,0,0.10073111951351166,0
D2_global_hybrid_strong,2,9,472,50792,1,1,0.9316523671150208,1
D2_global_hybrid_strong,2,9,481,50812,2,0,0.10094677656888962,0
D2_global_hybrid_strong,2,9,491,50952,1,1,0.931075930595398,1
D2_global_hybrid_strong,2,9,498,50960,1,1,0.4152127206325531,0
D2_global_hybrid_strong,2,9,511,50976,1,1,0.9316009283065796,1
D2_global_hybrid_strong,2,9,524,50990,1,1,0.9307268857955933,1
D2_global_hybrid_strong,2,9,539,51008,1,1,0.898266077041626,1
D2_global_hybrid_strong,2,9,541,51010,1,1,0.9101366996765137,1
D2_global_hybrid_strong,2,9,543,51012,1,1,0.9126275181770325,1
D2_global_hybrid_strong,2,9,563,51034,1,1,0.9311063289642334,1
D2_global_hybrid_strong,2,9,564,51035,1,1,0.9267229437828064,1
D2_global_hybrid_strong,2,9,592,51065,2,0,0.10037427395582199,0
D2_global_hybrid_strong,2,9,604,51078,2,0,0.10719560831785202,0
D2_global_hybrid_strong,2,9,605,51079,2,0,0.9287217855453491,1
D2_global_hybrid_strong,2,9,608,51082,2,0,0.25348445773124695,0
D2_global_hybrid_strong,2,9,620,51095,2,0,0.9287504553794861,1
D2_global_hybrid_strong,2,9,624,51099,2,0,0.10106990486383438,0
D2_global_hybrid_strong,2,9,632,51107,2,0,0.913934051990509,1
D2_global_hybrid_strong,2,9,643,51123,2,0,0.10164005309343338,0
D2_global_hybrid_strong,2,9,654,51135,2,0,0.723307728767395,1
D2_global_hybrid_strong,2,9,667,51151,2,0,0.10043778270483017,0
D2_global_hybrid_strong,2,9,680,51170,1,1,0.9258255362510681,1
D2_global_hybrid_strong,2,9,699,51201,1,1,0.9315691590309143,1
D2_global_hybrid_strong,2,9,708,51211,1,1,0.9315851926803589,1
D2_global_hybrid_strong,2,9,712,51216,1,1,0.10054173320531845,0
D2_global_hybrid_strong,2,9,736,51250,2,0,0.10368016362190247,0
D2_global_hybrid_strong,2,9,739,51253,2,0,0.10182196646928787,0
D2_global_hybrid_strong,2,9,740,51254,2,0,0.10523483157157898,0
D2_global_hybrid_strong,2,9,742,51256,2,0,0.10425760596990585,0
D2_global_hybrid_strong,2,9,752,51269,2,0,0.10222955048084259,0
D2_global_hybrid_strong,2,9,756,51275,2,0,0.10418029874563217,0
D2_global_hybrid_strong,2,9,784,51318,1,1,0.9197537899017334,1
D2_global_hybrid_strong,2,9,788,51322,1,1,0.9160572290420532,1
D2_global_hybrid_strong,2,9,789,51323,1,1,0.931354284286499,1
D2_global_hybrid_strong,2,9,794,51329,1,1,0.34026846289634705,0
D2_global_hybrid_strong,2,9,802,51338,2,0,0.9303543567657471,1
D2_global_hybrid_strong,2,9,822,51363,2,0,0.10123822093009949,0
D2_global_hybrid_strong,2,9,825,51369,2,0,0.10126141458749771,0
D2_global_hybrid_strong,2,9,827,51373,2,0,0.10276330262422562,0
D2_global_hybrid_strong,2,9,842,51493,2,0,0.10065791755914688,0
D2_global_hybrid_strong,2,9,864,51580,1,1,0.9303641319274902,1
D2_global_hybrid_strong,2,10,11,50015,1,1,0.9113743901252747,1
D2_global_hybrid_strong,2,10,16,50024,1,1,0.9135690331459045,1
D2_global_hybrid_strong,2,10,18,50026,1,1,0.9149197936058044,1
D2_global_hybrid_strong,2,10,33,50042,2,0,0.11707185953855515,0
D2_global_hybrid_strong,2,10,36,50045,2,0,0.30241960287094116,0
D2_global_hybrid_strong,2,10,41,50050,2,0,0.11613211780786514,0
D2_global_hybrid_strong,2,10,43,50052,2,0,0.8934742212295532,1
D2_global_hybrid_strong,2,10,54,50106,2,0,0.5722606778144836,1
D2_global_hybrid_strong,2,10,74,50131,1,1,0.7605006098747253,1
D2_global_hybrid_strong,2,10,99,50168,2,0,0.11679062247276306,0
D2_global_hybrid_strong,2,10,106,50186,1,1,0.9029362201690674,1
D2_global_hybrid_strong,2,10,109,50189,1,1,0.9131922125816345,1
D2_global_hybrid_strong,2,10,110,50190,1,1,0.9034132957458496,1
D2_global_hybrid_strong,2,10,150,50259,2,0,0.31995725631713867,0
D2_global_hybrid_strong,2,10,158,50267,2,0,0.116062693297863,0
D2_global_hybrid_strong,2,10,188,50312,1,1,0.9058687090873718,1
D2_global_hybrid_strong,2,10,194,50321,1,1,0.9135856032371521,1
D2_global_hybrid_strong,2,10,233,50364,2,0,0.3894895315170288,0
D2_global_hybrid_strong,2,10,239,50370,2,0,0.12833631038665771,0
D2_global_hybrid_strong,2,10,245,50377,2,0,0.11968757957220078,0
D2_global_hybrid_strong,2,10,252,50386,2,0,0.1164415255188942,0
D2_global_hybrid_strong,2,10,257,50397,1,1,0.9125626683235168,1
D2_global_hybrid_strong,2,10,263,50406,1,1,0.9121880531311035,1
D2_global_hybrid_strong,2,10,268,50412,1,1,0.9135782718658447,1
D2_global_hybrid_strong,2,10,270,50414,2,0,0.18068596720695496,0
D2_global_hybrid_strong,2,10,273,50417,2,0,0.11802374571561813,0
D2_global_hybrid_strong,2,10,294,50444,2,0,0.18567928671836853,0
D2_global_hybrid_strong,2,10,303,50467,2,0,0.12271453440189362,0
D2_global_hybrid_strong,2,10,304,50468,2,0,0.119304358959198,0
D2_global_hybrid_strong,2,10,317,50491,1,1,0.9045675992965698,1
D2_global_hybrid_strong,2,10,324,50499,1,1,0.9147293567657471,1
D2_global_hybrid_strong,2,10,366,50576,2,0,0.11611298471689224,0
D2_global_hybrid_strong,2,10,372,50604,1,1,0.9137033224105835,1
D2_global_hybrid_strong,2,10,394,50648,1,1,0.33204999566078186,0
D2_global_hybrid_strong,2,10,430,50722,2,0,0.11707521229982376,0
D2_global_hybrid_strong,2,10,434,50726,2,0,0.14976559579372406,0
D2_global_hybrid_strong,2,10,443,50740,2,0,0.13015855848789215,0
D2_global_hybrid_strong,2,10,459,50773,2,0,0.12442147731781006,0
D2_global_hybrid_strong,2,10,475,50798,1,1,0.12195974588394165,0
D2_global_hybrid_strong,2,10,482,50814,2,0,0.23101681470870972,0
D2_global_hybrid_strong,2,10,490,50824,1,1,0.2182474583387375,0
D2_global_hybrid_strong,2,10,494,50956,1,1,0.9123072028160095,1
D2_global_hybrid_strong,2,10,501,50964,1,1,0.9148639440536499,1
D2_global_hybrid_strong,2,10,507,50970,1,1,0.9152048826217651,1
D2_global_hybrid_strong,2,10,509,50973,1,1,0.9110879302024841,1
D2_global_hybrid_strong,2,10,512,50977,1,1,0.9144240617752075,1
D2_global_hybrid_strong,2,10,518,50984,1,1,0.9125659465789795,1
D2_global_hybrid_strong,2,10,519,50985,1,1,0.9130253195762634,1
D2_global_hybrid_strong,2,10,523,50989,1,1,0.9140081405639648,1
D2_global_hybrid_strong,2,10,527,50993,1,1,0.9124699234962463,1
D2_global_hybrid_strong,2,10,528,50994,1,1,0.9147890210151672,1
D2_global_hybrid_strong,2,10,529,50995,1,1,0.9122375249862671,1
D2_global_hybrid_strong,2,10,533,51000,1,1,0.9152082204818726,1
D2_global_hybrid_strong,2,10,535,51002,1,1,0.8647176623344421,1
D2_global_hybrid_strong,2,10,547,51016,1,1,0.9142762422561646,1
D2_global_hybrid_strong,2,10,549,51018,1,1,0.9139917492866516,1
D2_global_hybrid_strong,2,10,557,51027,1,1,0.9110962748527527,1
D2_global_hybrid_strong,2,10,565,51036,2,0,0.12158600240945816,0
D2_global_hybrid_strong,2,10,567,51039,2,0,0.11599922925233841,0
D2_global_hybrid_strong,2,10,573,51046,2,0,0.7308246493339539,1
D2_global_hybrid_strong,2,10,578,51051,2,0,0.12039988487958908,0
D2_global_hybrid_strong,2,10,591,51064,2,0,0.11854490637779236,0
D2_global_hybrid_strong,2,10,617,51091,2,0,0.1189066544175148,0
D2_global_hybrid_strong,2,10,618,51093,2,0,0.11713208258152008,0
D2_global_hybrid_strong,2,10,619,51094,2,0,0.11996827274560928,0
D2_global_hybrid_strong,2,10,626,51101,2,0,0.1198662593960762,0
D2_global_hybrid_strong,2,10,636,51112,2,0,0.117257259786129,0
D2_global_hybrid_strong,2,10,641,51118,2,0,0.8255069255828857,1
D2_global_hybrid_strong,2,10,649,51130,2,0,0.9082710146903992,1
D2_global_hybrid_strong,2,10,662,51146,2,0,0.11690977960824966,0
D2_global_hybrid_strong,2,10,666,51150,2,0,0.11606922745704651,0
D2_global_hybrid_strong,2,10,692,51187,2,0,0.11800266802310944,0
D2_global_hybrid_strong,2,10,696,51194,2,0,0.2509540915489197,0
D2_global_hybrid_strong,2,10,702,51204,1,1,0.9122542142868042,1
D2_global_hybrid_strong,2,10,707,51210,1,1,0.9077579379081726,1
D2_global_hybrid_strong,2,10,758,51277,2,0,0.11682353913784027,0
D2_global_hybrid_strong,2,10,761,51280,2,0,0.11638462543487549,0
D2_global_hybrid_strong,2,10,764,51292,1,1,0.9107997417449951,1
D2_global_hybrid_strong,2,10,765,51293,1,1,0.9140157699584961,1
D2_global_hybrid_strong,2,10,777,51306,2,0,0.2662448287010193,0
D2_global_hybrid_strong,2,10,782,51313,2,0,0.12240771949291229,0
D2_global_hybrid_strong,2,10,796,51331,1,1,0.9147889018058777,1
D2_global_hybrid_strong,2,10,797,51332,2,0,0.11675991117954254,0
D2_global_hybrid_strong,2,10,800,51335,2,0,0.12772800028324127,0
D2_global_hybrid_strong,2,10,819,51360,2,0,0.14662247896194458,0
D2_global_hybrid_strong,2,10,850,51564,2,0,0.11639833450317383,0
D2_global_hybrid_strong,2,10,860,51576,1,1,0.1614239662885666,0
D3_shared_projector_strong,0,1,10,50014,1,1,0.8936489820480347,1
D3_shared_projector_strong,0,1,14,50022,1,1,0.0994083508849144,0
D3_shared_projector_strong,0,1,36,50045,2,0,0.38983243703842163,0
D3_shared_projector_strong,0,1,42,50051,2,0,0.7489750385284424,1
D3_shared_projector_strong,0,1,49,50060,2,0,0.09657001495361328,0
D3_shared_projector_strong,0,1,53,50105,2,0,0.28048279881477356,0
D3_shared_projector_strong,0,1,63,50117,2,0,0.22515277564525604,0
D3_shared_projector_strong,0,1,67,50123,1,1,0.8947490453720093,1
D3_shared_projector_strong,0,1,83,50147,1,1,0.3690177798271179,0
D3_shared_projector_strong,0,1,84,50148,1,1,0.8944578170776367,1
D3_shared_projector_strong,0,1,96,50163,2,0,0.21579349040985107,0
D3_shared_projector_strong,0,1,97,50164,2,0,0.09723968058824539,0
D3_shared_projector_strong,0,1,111,50193,2,0,0.1003412976861,0
D3_shared_projector_strong,0,1,114,50196,2,0,0.32702696323394775,0
D3_shared_projector_strong,0,1,123,50206,2,0,0.7292194366455078,1
D3_shared_projector_strong,0,1,131,50233,1,1,0.8944550156593323,1
D3_shared_projector_strong,0,1,132,50234,1,1,0.5797160267829895,1
D3_shared_projector_strong,0,1,136,50240,1,1,0.8946741819381714,1
D3_shared_projector_strong,0,1,141,50248,1,1,0.8813055157661438,1
D3_shared_projector_strong,0,1,145,50252,1,1,0.28048235177993774,0
D3_shared_projector_strong,0,1,146,50253,1,1,0.7941827178001404,1
D3_shared_projector_strong,0,1,148,50255,1,1,0.8687238693237305,1
D3_shared_projector_strong,0,1,152,50261,2,0,0.21943725645542145,0
D3_shared_projector_strong,0,1,154,50263,2,0,0.09397895634174347,0
D3_shared_projector_strong,0,1,164,50273,1,1,0.8921599388122559,1
D3_shared_projector_strong,0,1,184,50302,1,1,0.8949064612388611,1
D3_shared_projector_strong,0,1,202,50333,2,0,0.09910331666469574,0
D3_shared_projector_strong,0,1,204,50335,2,0,0.09399451315402985,0
D3_shared_projector_strong,0,1,210,50341,2,0,0.09399460256099701,0
D3_shared_projector_strong,0,1,223,50354,2,0,0.11260953545570374,0
D3_shared_projector_strong,0,1,241,50373,2,0,0.11838246881961823,0
D3_shared_projector_strong,0,1,266,50410,1,1,0.878009021282196,1
D3_shared_projector_strong,0,1,271,50415,2,0,0.09480243921279907,0
D3_shared_projector_strong,0,1,275,50419,2,0,0.09440264850854874,0
D3_shared_projector_strong,0,1,278,50424,2,0,0.09407580643892288,0
D3_shared_projector_strong,0,1,286,50436,2,0,0.5044752359390259,1
D3_shared_projector_strong,0,1,292,50442,2,0,0.1001458689570427,0
D3_shared_projector_strong,0,1,302,50466,2,0,0.09399357438087463,0
D3_shared_projector_strong,0,1,303,50467,2,0,0.33529147505760193,0
D3_shared_projector_strong,0,1,323,50498,1,1,0.8879432678222656,1
D3_shared_projector_strong,0,1,326,50501,1,1,0.8919573426246643,1
D3_shared_projector_strong,0,1,346,50529,1,1,0.8932512998580933,1
D3_shared_projector_strong,0,1,349,50532,1,1,0.8907228112220764,1
D3_shared_projector_strong,0,1,352,50555,2,0,0.09464076161384583,0
D3_shared_projector_strong,0,1,353,50557,2,0,0.1016208603978157,0
D3_shared_projector_strong,0,1,360,50570,2,0,0.09492133557796478,0
D3_shared_projector_strong,0,1,390,50628,1,1,0.8921908140182495,1
D3_shared_projector_strong,0,1,397,50656,2,0,0.1983078122138977,0
D3_shared_projector_strong,0,1,405,50686,1,1,0.8948407173156738,1
D3_shared_projector_strong,0,1,408,50689,1,1,0.8939610123634338,1
D3_shared_projector_strong,0,1,430,50722,2,0,0.0981903076171875,0
D3_shared_projector_strong,0,1,435,50728,2,0,0.45849621295928955,0
D3_shared_projector_strong,0,1,446,50743,1,1,0.8927666544914246,1
D3_shared_projector_strong,0,1,451,50750,1,1,0.894646942615509,1
D3_shared_projector_strong,0,1,475,50798,1,1,0.09656322747468948,0
D3_shared_projector_strong,0,1,476,50799,1,1,0.894443929195404,1
D3_shared_projector_strong,0,1,481,50812,2,0,0.09795370697975159,0
D3_shared_projector_strong,0,1,490,50824,1,1,0.14166860282421112,0
D3_shared_projector_strong,0,1,511,50976,1,1,0.8942750096321106,1
D3_shared_projector_strong,0,1,522,50988,1,1,0.8871961236000061,1
D3_shared_projector_strong,0,1,525,50991,1,1,0.4356314241886139,0
D3_shared_projector_strong,0,1,537,51006,1,1,0.893696665763855,1
D3_shared_projector_strong,0,1,541,51010,1,1,0.5391849279403687,1
D3_shared_projector_strong,0,1,557,51027,1,1,0.7507221102714539,1
D3_shared_projector_strong,0,1,559,51029,1,1,0.5375963449478149,1
D3_shared_projector_strong,0,1,579,51052,2,0,0.10034570097923279,0
D3_shared_projector_strong,0,1,584,51057,2,0,0.10383244603872299,0
D3_shared_projector_strong,0,1,633,51109,2,0,0.09868302196264267,0
D3_shared_projector_strong,0,1,636,51112,2,0,0.10354916006326675,0
D3_shared_projector_strong,0,1,648,51129,2,0,0.09799318015575409,0
D3_shared_projector_strong,0,1,655,51136,2,0,0.23318232595920563,0
D3_shared_projector_strong,0,1,670,51154,2,0,0.09527471661567688,0
D3_shared_projector_strong,0,1,692,51187,2,0,0.09422972798347473,0
D3_shared_projector_strong,0,1,695,51192,2,0,0.09408329427242279,0
D3_shared_projector_strong,0,1,696,51194,2,0,0.7657848596572876,1
D3_shared_projector_strong,0,1,727,51234,1,1,0.8908042907714844,1
D3_shared_projector_strong,0,1,732,51240,1,1,0.8931818604469299,1
D3_shared_projector_strong,0,1,762,51281,2,0,0.10768739134073257,0
D3_shared_projector_strong,0,1,765,51293,1,1,0.8947790861129761,1
D3_shared_projector_strong,0,1,766,51294,1,1,0.6437510848045349,1
D3_shared_projector_strong,0,1,779,51308,2,0,0.11677374690771103,0
D3_shared_projector_strong,0,1,795,51330,1,1,0.8886898159980774,1
D3_shared_projector_strong,0,1,798,51333,2,0,0.09404443204402924,0
D3_shared_projector_strong,0,1,825,51369,2,0,0.09909074753522873,0
D3_shared_projector_strong,0,1,828,51461,1,1,0.8939578533172607,1
D3_shared_projector_strong,0,1,839,51487,2,0,0.17052924633026123,0
D3_shared_projector_strong,0,1,854,51568,2,0,0.13850797712802887,0
D3_shared_projector_strong,0,1,862,51578,1,1,0.8942885398864746,1
D3_shared_projector_strong,0,2,2,50005,1,1,0.6467991471290588,1
D3_shared_projector_strong,0,2,3,50006,1,1,0.8955891132354736,1
D3_shared_projector_strong,0,2,4,50007,1,1,0.5934595465660095,1
D3_shared_projector_strong,0,2,20,50028,1,1,0.9005747437477112,1
D3_shared_projector_strong,0,2,27,50036,2,0,0.08873064815998077,0
D3_shared_projector_strong,0,2,35,50044,2,0,0.08836647123098373,0
D3_shared_projector_strong,0,2,45,50054,2,0,0.8533404469490051,1
D3_shared_projector_strong,0,2,57,50111,2,0,0.0901535302400589,0
D3_shared_projector_strong,0,2,61,50115,2,0,0.09039005637168884,0
D3_shared_projector_strong,0,2,69,50125,1,1,0.8997722268104553,1
D3_shared_projector_strong,0,2,79,50143,1,1,0.9002058506011963,1
D3_shared_projector_strong,0,2,87,50152,1,1,0.9005815386772156,1
D3_shared_projector_strong,0,2,116,50199,2,0,0.08888674527406693,0
D3_shared_projector_strong,0,2,122,50205,2,0,0.08859553188085556,0
D3_shared_projector_strong,0,2,130,50232,1,1,0.8955658078193665,1
D3_shared_projector_strong,0,2,133,50236,1,1,0.9005733728408813,1
D3_shared_projector_strong,0,2,147,50254,1,1,0.8810299038887024,1
D3_shared_projector_strong,0,2,162,50271,2,0,0.08814328908920288,0
D3_shared_projector_strong,0,2,170,50284,1,1,0.337464839220047,0
D3_shared_projector_strong,0,2,171,50285,1,1,0.08870536834001541,0
D3_shared_projector_strong,0,2,183,50301,1,1,0.7529785633087158,1
D3_shared_projector_strong,0,2,192,50319,1,1,0.898774266242981,1
D3_shared_projector_strong,0,2,197,50327,2,0,0.08954303711652756,0
D3_shared_projector_strong,0,2,217,50348,2,0,0.08956456184387207,0
D3_shared_projector_strong,0,2,218,50349,2,0,0.09115055203437805,0
D3_shared_projector_strong,0,2,222,50353,2,0,0.09197064489126205,0
D3_shared_projector_strong,0,2,232,50363,2,0,0.09777311235666275,0
D3_shared_projector_strong,0,2,234,50365,2,0,0.08849413692951202,0
D3_shared_projector_strong,0,2,257,50397,1,1,0.8993382453918457,1
D3_shared_projector_strong,0,2,270,50414,2,0,0.36713704466819763,0
D3_shared_projector_strong,0,2,282,50428,2,0,0.08932128548622131,0
D3_shared_projector_strong,0,2,283,50433,2,0,0.09015092998743057,0
D3_shared_projector_strong,0,2,294,50444,2,0,0.0986369401216507,0
D3_shared_projector_strong,0,2,307,50477,1,1,0.8301058411598206,1
D3_shared_projector_strong,0,2,316,50490,1,1,0.8517770767211914,1
D3_shared_projector_strong,0,2,357,50565,2,0,0.15796951949596405,0
D3_shared_projector_strong,0,2,363,50573,2,0,0.09193960577249527,0
D3_shared_projector_strong,0,2,364,50574,2,0,0.09055667370557785,0
D3_shared_projector_strong,0,2,372,50604,1,1,0.9002770781517029,1
D3_shared_projector_strong,0,2,381,50619,1,1,0.8986559510231018,1
D3_shared_projector_strong,0,2,385,50623,1,1,0.9001725316047668,1
D3_shared_projector_strong,0,2,394,50648,1,1,0.09199286252260208,0
D3_shared_projector_strong,0,2,399,50664,2,0,0.0902998298406601,0
D3_shared_projector_strong,0,2,407,50688,2,0,0.09416280686855316,0
D3_shared_projector_strong,0,2,410,50691,2,0,0.08815784752368927,0
D3_shared_projector_strong,0,2,417,50698,2,0,0.09203796833753586,0
D3_shared_projector_strong,0,2,426,50707,2,0,0.08835168927907944,0
D3_shared_projector_strong,0,2,450,50749,1,1,0.8984004259109497,1
D3_shared_projector_strong,0,2,453,50752,1,1,0.830228328704834,1
D3_shared_projector_strong,0,2,462,50776,2,0,0.08818221837282181,0
D3_shared_projector_strong,0,2,465,50780,2,0,0.09281454235315323,0
D3_shared_projector_strong,0,2,478,50801,1,1,0.8889746069908142,1
D3_shared_projector_strong,0,2,489,50823,1,1,0.8884165287017822,1
D3_shared_projector_strong,0,2,513,50978,1,1,0.8962776064872742,1
D3_shared_projector_strong,0,2,528,50994,1,1,0.8974390029907227,1
D3_shared_projector_strong,0,2,535,51002,1,1,0.7473270297050476,1
D3_shared_projector_strong,0,2,543,51012,1,1,0.8758584260940552,1
D3_shared_projector_strong,0,2,544,51013,1,1,0.39613771438598633,0
D3_shared_projector_strong,0,2,546,51015,1,1,0.08957797288894653,0
D3_shared_projector_strong,0,2,553,51023,1,1,0.893701434135437,1
D3_shared_projector_strong,0,2,558,51028,1,1,0.8999130725860596,1
D3_shared_projector_strong,0,2,568,51040,2,0,0.09347297996282578,0
D3_shared_projector_strong,0,2,572,51045,2,0,0.09119896590709686,0
D3_shared_projector_strong,0,2,585,51058,2,0,0.09034810960292816,0
D3_shared_projector_strong,0,2,592,51065,2,0,0.08998341113328934,0
D3_shared_projector_strong,0,2,596,51069,2,0,0.09122303873300552,0
D3_shared_projector_strong,0,2,612,51086,2,0,0.09145434945821762,0
D3_shared_projector_strong,0,2,629,51104,2,0,0.08957282453775406,0
D3_shared_projector_strong,0,2,642,51122,2,0,0.09146318584680557,0
D3_shared_projector_strong,0,2,645,51126,2,0,0.09313032031059265,0
D3_shared_projector_strong,0,2,646,51127,2,0,0.2742484211921692,0
D3_shared_projector_strong,0,2,651,51132,2,0,0.08950907737016678,0
D3_shared_projector_strong,0,2,681,51171,1,1,0.5377317070960999,1
D3_shared_projector_strong,0,2,683,51177,1,1,0.8948078751564026,1
D3_shared_projector_strong,0,2,690,51184,2,0,0.09592099487781525,0
D3_shared_projector_strong,0,2,691,51185,2,0,0.35155221819877625,0
D3_shared_projector_strong,0,2,718,51222,1,1,0.08851295709609985,0
D3_shared_projector_strong,0,2,722,51226,1,1,0.08894455432891846,0
D3_shared_projector_strong,0,2,728,51235,1,1,0.9000815749168396,1
D3_shared_projector_strong,0,2,742,51256,2,0,0.08949770778417587,0
D3_shared_projector_strong,0,2,753,51271,2,0,0.09035903215408325,0
D3_shared_projector_strong,0,2,793,51328,1,1,0.900286078453064,1
D3_shared_projector_strong,0,2,820,51361,2,0,0.08816644549369812,0
D3_shared_projector_strong,0,2,824,51365,2,0,0.08933582901954651,0
D3_shared_projector_strong,0,2,832,51473,1,1,0.09863590449094772,0
D3_shared_projector_strong,0,2,840,51488,2,0,0.0894307941198349,0
D3_shared_projector_strong,0,2,869,51606,1,1,0.09196729212999344,0
D3_shared_projector_strong,0,3,21,50030,2,0,0.6178529858589172,1
D3_shared_projector_strong,0,3,32,50041,2,0,0.05664638429880142,0
D3_shared_projector_strong,0,3,34,50043,2,0,0.254539430141449,0
D3_shared_projector_strong,0,3,37,50046,2,0,0.056187551468610764,0
D3_shared_projector_strong,0,3,70,50127,1,1,0.056882452219724655,0
D3_shared_projector_strong,0,3,74,50131,1,1,0.7266960740089417,1
D3_shared_projector_strong,0,3,86,50150,1,1,0.8263167142868042,1
D3_shared_projector_strong,0,3,100,50169,2,0,0.05610870569944382,0
D3_shared_projector_strong,0,3,119,50202,2,0,0.05632709711790085,0
D3_shared_projector_strong,0,3,151,50260,2,0,0.05671461671590805,0
D3_shared_projector_strong,0,3,159,50268,2,0,0.05630119889974594,0
D3_shared_projector_strong,0,3,160,50269,2,0,0.05969143286347389,0
D3_shared_projector_strong,0,3,163,50272,1,1,0.9099465608596802,1
D3_shared_projector_strong,0,3,181,50298,1,1,0.6297762989997864,1
D3_shared_projector_strong,0,3,187,50310,1,1,0.8974958658218384,1
D3_shared_projector_strong,0,3,207,50338,2,0,0.05756238102912903,0
D3_shared_projector_strong,0,3,258,50399,1,1,0.8059201836585999,1
D3_shared_projector_strong,0,3,262,50405,1,1,0.910285234451294,1
D3_shared_projector_strong,0,3,264,50407,1,1,0.9091509580612183,1
D3_shared_projector_strong,0,3,284,50434,2,0,0.0565299391746521,0
D3_shared_projector_strong,0,3,287,50437,2,0,0.9030747413635254,1
D3_shared_projector_strong,0,3,297,50447,2,0,0.17179161310195923,0
D3_shared_projector_strong,0,3,310,50482,1,1,0.9097151160240173,1
D3_shared_projector_strong,0,3,319,50493,1,1,0.9064675569534302,1
D3_shared_projector_strong,0,3,327,50502,1,1,0.9103525876998901,1
D3_shared_projector_strong,0,3,329,50504,1,1,0.9073056578636169,1
D3_shared_projector_strong,0,3,333,50514,1,1,0.5400583744049072,1
D3_shared_projector_strong,0,3,335,50516,1,1,0.908063530921936,1
D3_shared_projector_strong,0,3,337,50519,1,1,0.9082474112510681,1
D3_shared_projector_strong,0,3,368,50578,2,0,0.7727792263031006,1
D3_shared_projector_strong,0,3,370,50602,1,1,0.9027911424636841,1
D3_shared_projector_strong,0,3,371,50603,1,1,0.9082124829292297,1
D3_shared_projector_strong,0,3,379,50615,1,1,0.9102895855903625,1
D3_shared_projector_strong,0,3,411,50692,2,0,0.05681711062788963,0
D3_shared_projector_strong,0,3,425,50706,2,0,0.05609237402677536,0
D3_shared_projector_strong,0,3,434,50726,2,0,0.05739673599600792,0
D3_shared_projector_strong,0,3,439,50735,2,0,0.056085098534822464,0
D3_shared_projector_strong,0,3,444,50741,2,0,0.05624336376786232,0
D3_shared_projector_strong,0,3,456,50756,1,1,0.907396137714386,1
D3_shared_projector_strong,0,3,457,50757,1,1,0.35585299134254456,0
D3_shared_projector_strong,0,3,497,50959,1,1,0.6980167031288147,1
D3_shared_projector_strong,0,3,499,50961,1,1,0.23590001463890076,0
D3_shared_projector_strong,0,3,502,50965,1,1,0.9092888236045837,1
D3_shared_projector_strong,0,3,507,50970,1,1,0.9103361964225769,1
D3_shared_projector_strong,0,3,514,50979,1,1,0.576957643032074,1
D3_shared_projector_strong,0,3,539,51008,1,1,0.05642117187380791,0
D3_shared_projector_strong,0,3,562,51033,1,1,0.7983795404434204,1
D3_shared_projector_strong,0,3,576,51049,2,0,0.05781056359410286,0
D3_shared_projector_strong,0,3,589,51062,2,0,0.05862995982170105,0
D3_shared_projector_strong,0,3,605,51079,2,0,0.6962865591049194,1
D3_shared_projector_strong,0,3,622,51097,2,0,0.05950358510017395,0
D3_shared_projector_strong,0,3,626,51101,2,0,0.05665844678878784,0
D3_shared_projector_strong,0,3,640,51117,2,0,0.05701705068349838,0
D3_shared_projector_strong,0,3,661,51142,2,0,0.056400902569293976,0
D3_shared_projector_strong,0,3,662,51146,2,0,0.057574719190597534,0
D3_shared_projector_strong,0,3,669,51153,2,0,0.056027937680482864,0
D3_shared_projector_strong,0,3,676,51163,1,1,0.1990964710712433,0
D3_shared_projector_strong,0,3,678,51168,1,1,0.2560683488845825,0
D3_shared_projector_strong,0,3,686,51180,2,0,0.05625208094716072,0
D3_shared_projector_strong,0,3,688,51182,2,0,0.05664098262786865,0
D3_shared_projector_strong,0,3,709,51212,1,1,0.9033352732658386,1
D3_shared_projector_strong,0,3,710,51214,1,1,0.9081569910049438,1
D3_shared_projector_strong,0,3,713,51217,1,1,0.05666755139827728,0
D3_shared_projector_strong,0,3,714,51218,1,1,0.9006738662719727,1
D3_shared_projector_strong,0,3,716,51220,1,1,0.8309071660041809,1
D3_shared_projector_strong,0,3,723,51228,1,1,0.9091896414756775,1
D3_shared_projector_strong,0,3,737,51251,2,0,0.23908892273902893,0
D3_shared_projector_strong,0,3,739,51253,2,0,0.058632027357816696,0
D3_shared_projector_strong,0,3,745,51261,2,0,0.0586208738386631,0
D3_shared_projector_strong,0,3,747,51264,2,0,0.05678919702768326,0
D3_shared_projector_strong,0,3,754,51272,2,0,0.057047344744205475,0
D3_shared_projector_strong,0,3,755,51273,2,0,0.6757630705833435,1
D3_shared_projector_strong,0,3,756,51275,2,0,0.05683846399188042,0
D3_shared_projector_strong,0,3,780,51309,2,0,0.9101183414459229,1
D3_shared_projector_strong,0,3,786,51320,1,1,0.9036544561386108,1
D3_shared_projector_strong,0,3,791,51326,1,1,0.6402905583381653,1
D3_shared_projector_strong,0,3,800,51335,2,0,0.06122370809316635,0
D3_shared_projector_strong,0,3,806,51342,2,0,0.06486012041568756,0
D3_shared_projector_strong,0,3,819,51360,2,0,0.05613161250948906,0
D3_shared_projector_strong,0,3,831,51465,1,1,0.9103075265884399,1
D3_shared_projector_strong,0,3,834,51479,2,0,0.05669238790869713,0
D3_shared_projector_strong,0,3,836,51481,2,0,0.056062210351228714,0
D3_shared_projector_strong,0,3,842,51493,2,0,0.05847575515508652,0
D3_shared_projector_strong,0,3,852,51566,2,0,0.05691475421190262,0
D3_shared_projector_strong,0,3,853,51567,2,0,0.056526314467191696,0
D3_shared_projector_strong,0,3,857,51572,1,1,0.9092884659767151,1
D3_shared_projector_strong,0,3,868,51585,1,1,0.9099501371383667,1
D3_shared_projector_strong,0,4,8,50012,1,1,0.8828011751174927,1
D3_shared_projector_strong,0,4,13,50020,1,1,0.8999528288841248,1
D3_shared_projector_strong,0,4,17,50025,1,1,0.8992233276367188,1
D3_shared_projector_strong,0,4,29,50038,2,0,0.08273814618587494,0
D3_shared_projector_strong,0,4,33,50042,2,0,0.08519508689641953,0
D3_shared_projector_strong,0,4,43,50052,2,0,0.08845977485179901,0
D3_shared_projector_strong,0,4,46,50056,1,1,0.9012426733970642,1
D3_shared_projector_strong,0,4,55,50107,2,0,0.08768197894096375,0
D3_shared_projector_strong,0,4,56,50109,2,0,0.08518856763839722,0
D3_shared_projector_strong,0,4,58,50112,2,0,0.08351858705282211,0
D3_shared_projector_strong,0,4,66,50121,1,1,0.900765061378479,1
D3_shared_projector_strong,0,4,72,50129,1,1,0.8993335962295532,1
D3_shared_projector_strong,0,4,88,50153,1,1,0.8033326864242554,1
D3_shared_projector_strong,0,4,99,50168,2,0,0.08507486432790756,0
D3_shared_projector_strong,0,4,103,50182,1,1,0.9001711010932922,1
D3_shared_projector_strong,0,4,106,50186,1,1,0.8775385618209839,1
D3_shared_projector_strong,0,4,109,50189,1,1,0.8939846754074097,1
D3_shared_projector_strong,0,4,113,50195,2,0,0.08352159708738327,0
D3_shared_projector_strong,0,4,126,50213,2,0,0.08411461114883423,0
D3_shared_projector_strong,0,4,135,50239,1,1,0.8991876244544983,1
D3_shared_projector_strong,0,4,144,50251,1,1,0.2076495736837387,0
D3_shared_projector_strong,0,4,158,50267,2,0,0.08338973671197891,0
D3_shared_projector_strong,0,4,172,50287,1,1,0.08348854631185532,0
D3_shared_projector_strong,0,4,175,50291,1,1,0.22881822288036346,0
D3_shared_projector_strong,0,4,200,50331,2,0,0.08315316587686539,0
D3_shared_projector_strong,0,4,211,50342,2,0,0.08981389552354813,0
D3_shared_projector_strong,0,4,230,50361,2,0,0.08637264370918274,0
D3_shared_projector_strong,0,4,231,50362,2,0,0.08338194340467453,0
D3_shared_projector_strong,0,4,236,50367,2,0,0.08268170803785324,0
D3_shared_projector_strong,0,4,243,50375,2,0,0.08576904237270355,0
D3_shared_projector_strong,0,4,244,50376,2,0,0.08802855759859085,0
D3_shared_projector_strong,0,4,263,50406,1,1,0.8980627059936523,1
D3_shared_projector_strong,0,4,280,50426,2,0,0.08341293781995773,0
D3_shared_projector_strong,0,4,288,50438,2,0,0.08254922926425934,0
D3_shared_projector_strong,0,4,306,50470,2,0,0.1930350810289383,0
D3_shared_projector_strong,0,4,328,50503,1,1,0.9012703895568848,1
D3_shared_projector_strong,0,4,339,50521,1,1,0.8723194599151611,1
D3_shared_projector_strong,0,4,341,50524,1,1,0.8980755805969238,1
D3_shared_projector_strong,0,4,345,50528,1,1,0.8980903625488281,1
D3_shared_projector_strong,0,4,348,50531,1,1,0.833433210849762,1
D3_shared_projector_strong,0,4,351,50552,2,0,0.08655984699726105,0
D3_shared_projector_strong,0,4,386,50624,1,1,0.9010255336761475,1
D3_shared_projector_strong,0,4,412,50693,1,1,0.244174063205719,0
D3_shared_projector_strong,0,4,416,50697,1,1,0.8533975481987,1
D3_shared_projector_strong,0,4,436,50730,2,0,0.08274061232805252,0
D3_shared_projector_strong,0,4,441,50738,2,0,0.0851680189371109,0
D3_shared_projector_strong,0,4,445,50742,2,0,0.08318325877189636,0
D3_shared_projector_strong,0,4,455,50755,1,1,0.9002442955970764,1
D3_shared_projector_strong,0,4,460,50774,2,0,0.0851023718714714,0
D3_shared_projector_strong,0,4,461,50775,2,0,0.08263401687145233,0
D3_shared_projector_strong,0,4,467,50782,2,0,0.08298790454864502,0
D3_shared_projector_strong,0,4,496,50958,1,1,0.8955568671226501,1
D3_shared_projector_strong,0,4,498,50960,1,1,0.5801410675048828,1
D3_shared_projector_strong,0,4,508,50972,1,1,0.9006253480911255,1
D3_shared_projector_strong,0,4,509,50973,1,1,0.8907989859580994,1
D3_shared_projector_strong,0,4,510,50974,1,1,0.9010019302368164,1
D3_shared_projector_strong,0,4,516,50982,1,1,0.08507446199655533,0
D3_shared_projector_strong,0,4,527,50993,1,1,0.898018479347229,1
D3_shared_projector_strong,0,4,551,51020,1,1,0.886079728603363,1
D3_shared_projector_strong,0,4,555,51025,1,1,0.900994062423706,1
D3_shared_projector_strong,0,4,566,51038,2,0,0.08381511270999908,0
D3_shared_projector_strong,0,4,577,51050,2,0,0.08345776051282883,0
D3_shared_projector_strong,0,4,586,51059,2,0,0.08813322335481644,0
D3_shared_projector_strong,0,4,599,51073,2,0,0.08461599797010422,0
D3_shared_projector_strong,0,4,606,51080,2,0,0.526849627494812,1
D3_shared_projector_strong,0,4,607,51081,2,0,0.0868041068315506,0
D3_shared_projector_strong,0,4,616,51090,2,0,0.08412837237119675,0
D3_shared_projector_strong,0,4,619,51094,2,0,0.08735053241252899,0
D3_shared_projector_strong,0,4,631,51106,2,0,0.08532028645277023,0
D3_shared_projector_strong,0,4,632,51107,2,0,0.8026685118675232,1
D3_shared_projector_strong,0,4,657,51138,2,0,0.08510471135377884,0
D3_shared_projector_strong,0,4,658,51139,2,0,0.08425763994455338,0
D3_shared_projector_strong,0,4,664,51148,2,0,0.08780243247747421,0
D3_shared_projector_strong,0,4,665,51149,2,0,0.08338645845651627,0
D3_shared_projector_strong,0,4,693,51188,2,0,0.08618156611919403,0
D3_shared_projector_strong,0,4,697,51197,2,0,0.08252862095832825,0
D3_shared_projector_strong,0,4,698,51198,2,0,0.08349163085222244,0
D3_shared_projector_strong,0,4,700,51202,1,1,0.898016095161438,1
D3_shared_projector_strong,0,4,701,51203,1,1,0.9012616276741028,1
D3_shared_projector_strong,0,4,703,51205,1,1,0.8973190784454346,1
D3_shared_projector_strong,0,4,730,51237,1,1,0.89814692735672,1
D3_shared_projector_strong,0,4,735,51249,1,1,0.8987038731575012,1
D3_shared_projector_strong,0,4,767,51295,1,1,0.9012652039527893,1
D3_shared_projector_strong,0,4,772,51301,1,1,0.20691576600074768,0
D3_shared_projector_strong,0,4,776,51305,2,0,0.3767809271812439,0
D3_shared_projector_strong,0,4,845,51558,2,0,0.08253426849842072,0
D3_shared_projector_strong,0,4,851,51565,2,0,0.09714186936616898,0
D3_shared_projector_strong,0,5,0,50003,1,1,0.05636230856180191,0
D3_shared_projector_strong,0,5,6,50010,1,1,0.9088751673698425,1
D3_shared_projector_strong,0,5,18,50026,1,1,0.8250511884689331,1
D3_shared_projector_strong,0,5,19,50027,1,1,0.050501544028520584,0
D3_shared_projector_strong,0,5,50,50102,2,0,0.05048420652747154,0
D3_shared_projector_strong,0,5,64,50118,1,1,0.9043138027191162,1
D3_shared_projector_strong,0,5,77,50135,1,1,0.9087342023849487,1
D3_shared_projector_strong,0,5,78,50142,1,1,0.9047555923461914,1
D3_shared_projector_strong,0,5,81,50145,1,1,0.05174322426319122,0
D3_shared_projector_strong,0,5,98,50167,2,0,0.05210714414715767,0
D3_shared_projector_strong,0,5,112,50194,2,0,0.05043334141373634,0
D3_shared_projector_strong,0,5,125,50210,2,0,0.05108911544084549,0
D3_shared_projector_strong,0,5,128,50215,2,0,0.05102912336587906,0
D3_shared_projector_strong,0,5,142,50249,1,1,0.9056482911109924,1
D3_shared_projector_strong,0,5,143,50250,1,1,0.05093035846948624,0
D3_shared_projector_strong,0,5,157,50266,2,0,0.05048171803355217,0
D3_shared_projector_strong,0,5,161,50270,2,0,0.050414662808179855,0
D3_shared_projector_strong,0,5,167,50276,1,1,0.9086564183235168,1
D3_shared_projector_strong,0,5,198,50329,2,0,0.05358761176466942,0
D3_shared_projector_strong,0,5,205,50336,2,0,0.05141035094857216,0
D3_shared_projector_strong,0,5,220,50351,2,0,0.052053824067115784,0
D3_shared_projector_strong,0,5,221,50352,2,0,0.05994316190481186,0
D3_shared_projector_strong,0,5,226,50357,2,0,0.051797643303871155,0
D3_shared_projector_strong,0,5,227,50358,2,0,0.37987080216407776,0
D3_shared_projector_strong,0,5,249,50382,2,0,0.05147617310285568,0
D3_shared_projector_strong,0,5,250,50383,2,0,0.050084780901670456,0
D3_shared_projector_strong,0,5,267,50411,1,1,0.905669093132019,1
D3_shared_projector_strong,0,5,277,50422,2,0,0.35461342334747314,0
D3_shared_projector_strong,0,5,305,50469,2,0,0.05106276273727417,0
D3_shared_projector_strong,0,5,318,50492,1,1,0.9069612622261047,1
D3_shared_projector_strong,0,5,321,50496,1,1,0.894743025302887,1
D3_shared_projector_strong,0,5,336,50518,1,1,0.9051781296730042,1
D3_shared_projector_strong,0,5,367,50577,2,0,0.05099797621369362,0
D3_shared_projector_strong,0,5,373,50606,1,1,0.888530433177948,1
D3_shared_projector_strong,0,5,383,50621,1,1,0.8373863697052002,1
D3_shared_projector_strong,0,5,391,50642,1,1,0.8494886159896851,1
D3_shared_projector_strong,0,5,433,50725,2,0,0.050971414893865585,0
D3_shared_projector_strong,0,5,469,50786,2,0,0.05841498821973801,0
D3_shared_projector_strong,0,5,471,50791,1,1,0.5636691451072693,1
D3_shared_projector_strong,0,5,500,50962,1,1,0.4361416697502136,0
D3_shared_projector_strong,0,5,504,50967,1,1,0.8885487914085388,1
D3_shared_projector_strong,0,5,529,50995,1,1,0.9032650589942932,1
D3_shared_projector_strong,0,5,533,51000,1,1,0.9089183211326599,1
D3_shared_projector_strong,0,5,556,51026,1,1,0.9088608026504517,1
D3_shared_projector_strong,0,5,560,51030,1,1,0.9088417887687683,1
D3_shared_projector_strong,0,5,567,51039,2,0,0.05160260573029518,0
D3_shared_projector_strong,0,5,570,51042,2,0,0.050967250019311905,0
D3_shared_projector_strong,0,5,574,51047,2,0,0.050289448350667953,0
D3_shared_projector_strong,0,5,597,51070,2,0,0.05082167312502861,0
D3_shared_projector_strong,0,5,601,51075,2,0,0.053056277334690094,0
D3_shared_projector_strong,0,5,621,51096,2,0,0.05198122560977936,0
D3_shared_projector_strong,0,5,624,51099,2,0,0.050976336002349854,0
D3_shared_projector_strong,0,5,625,51100,2,0,0.05028451234102249,0
D3_shared_projector_strong,0,5,628,51103,2,0,0.05045622959733009,0
D3_shared_projector_strong,0,5,643,51123,2,0,0.050882987678050995,0
D3_shared_projector_strong,0,5,647,51128,2,0,0.0510660745203495,0
D3_shared_projector_strong,0,5,650,51131,2,0,0.05324136093258858,0
D3_shared_projector_strong,0,5,654,51135,2,0,0.05035516247153282,0
D3_shared_projector_strong,0,5,656,51137,2,0,0.05100754648447037,0
D3_shared_projector_strong,0,5,659,51140,2,0,0.05002410709857941,0
D3_shared_projector_strong,0,5,671,51155,2,0,0.05095556005835533,0
D3_shared_projector_strong,0,5,674,51161,1,1,0.9067196846008301,1
D3_shared_projector_strong,0,5,680,51170,1,1,0.05352496728301048,0
D3_shared_projector_strong,0,5,702,51204,1,1,0.8998580574989319,1
D3_shared_projector_strong,0,5,733,51241,1,1,0.5975419282913208,1
D3_shared_projector_strong,0,5,734,51248,1,1,0.906835675239563,1
D3_shared_projector_strong,0,5,741,51255,2,0,0.05012107267975807,0
D3_shared_projector_strong,0,5,748,51265,2,0,0.05095823109149933,0
D3_shared_projector_strong,0,5,749,51266,2,0,0.8529647588729858,1
D3_shared_projector_strong,0,5,757,51276,2,0,0.05102728679776192,0
D3_shared_projector_strong,0,5,758,51277,2,0,0.051062826067209244,0
D3_shared_projector_strong,0,5,761,51280,2,0,0.051341913640499115,0
D3_shared_projector_strong,0,5,764,51292,1,1,0.9001949429512024,1
D3_shared_projector_strong,0,5,768,51297,1,1,0.9088893532752991,1
D3_shared_projector_strong,0,5,785,51319,1,1,0.9045456647872925,1
D3_shared_projector_strong,0,5,789,51323,1,1,0.9010350704193115,1
D3_shared_projector_strong,0,5,796,51331,1,1,0.9057175517082214,1
D3_shared_projector_strong,0,5,797,51332,2,0,0.05163121968507767,0
D3_shared_projector_strong,0,5,804,51340,2,0,0.0522613562643528,0
D3_shared_projector_strong,0,5,807,51343,2,0,0.052575331181287766,0
D3_shared_projector_strong,0,5,808,51344,2,0,0.05191487818956375,0
D3_shared_projector_strong,0,5,814,51351,1,1,0.26604393124580383,0
D3_shared_projector_strong,0,5,829,51463,1,1,0.41827118396759033,0
D3_shared_projector_strong,0,5,846,51559,2,0,0.050056178122758865,0
D3_shared_projector_strong,0,5,864,51580,1,1,0.436148077249527,0
D3_shared_projector_strong,0,5,867,51584,1,1,0.9070010781288147,1
D3_shared_projector_strong,0,5,870,51607,1,1,0.3237888813018799,0
D3_shared_projector_strong,0,6,7,50011,1,1,0.8846572041511536,1
D3_shared_projector_strong,0,6,12,50016,1,1,0.8746121525764465,1
D3_shared_projector_strong,0,6,22,50031,2,0,0.1037253886461258,0
D3_shared_projector_strong,0,6,25,50034,2,0,0.10389343649148941,0
D3_shared_projector_strong,0,6,28,50037,2,0,0.10975340753793716,0
D3_shared_projector_strong,0,6,30,50039,2,0,0.7753475904464722,1
D3_shared_projector_strong,0,6,31,50040,2,0,0.10834512114524841,0
D3_shared_projector_strong,0,6,38,50047,2,0,0.5079972147941589,1
D3_shared_projector_strong,0,6,51,50103,2,0,0.6151800751686096,1
D3_shared_projector_strong,0,6,60,50114,2,0,0.10497128963470459,0
D3_shared_projector_strong,0,6,68,50124,1,1,0.8236362338066101,1
D3_shared_projector_strong,0,6,71,50128,1,1,0.8876307010650635,1
D3_shared_projector_strong,0,6,76,50134,1,1,0.8780107498168945,1
D3_shared_projector_strong,0,6,102,50171,2,0,0.10654541850090027,0
D3_shared_projector_strong,0,6,110,50190,1,1,0.7652047276496887,1
D3_shared_projector_strong,0,6,129,50217,2,0,0.10678324848413467,0
D3_shared_projector_strong,0,6,137,50241,1,1,0.8716026544570923,1
D3_shared_projector_strong,0,6,150,50259,2,0,0.33330947160720825,0
D3_shared_projector_strong,0,6,174,50290,1,1,0.865094780921936,1
D3_shared_projector_strong,0,6,176,50292,1,1,0.8854793310165405,1
D3_shared_projector_strong,0,6,179,50295,1,1,0.8869480490684509,1
D3_shared_projector_strong,0,6,188,50312,1,1,0.8651043772697449,1
D3_shared_projector_strong,0,6,194,50321,1,1,0.8850317597389221,1
D3_shared_projector_strong,0,6,209,50340,2,0,0.104812391102314,0
D3_shared_projector_strong,0,6,212,50343,2,0,0.41290542483329773,0
D3_shared_projector_strong,0,6,213,50344,2,0,0.1076539158821106,0
D3_shared_projector_strong,0,6,215,50346,2,0,0.10366975516080856,0
D3_shared_projector_strong,0,6,225,50356,2,0,0.10773389786481857,0
D3_shared_projector_strong,0,6,240,50372,2,0,0.10691839456558228,0
D3_shared_projector_strong,0,6,247,50380,2,0,0.17151974141597748,0
D3_shared_projector_strong,0,6,252,50386,2,0,0.10381056368350983,0
D3_shared_projector_strong,0,6,253,50387,2,0,0.10514111071825027,0
D3_shared_projector_strong,0,6,255,50390,2,0,0.19710031151771545,0
D3_shared_projector_strong,0,6,268,50412,1,1,0.8830114603042603,1
D3_shared_projector_strong,0,6,279,50425,2,0,0.10874975472688675,0
D3_shared_projector_strong,0,6,281,50427,2,0,0.10683224350214005,0
D3_shared_projector_strong,0,6,308,50480,1,1,0.8876533508300781,1
D3_shared_projector_strong,0,6,309,50481,1,1,0.8871214389801025,1
D3_shared_projector_strong,0,6,315,50488,1,1,0.8869498372077942,1
D3_shared_projector_strong,0,6,332,50510,1,1,0.8870915770530701,1
D3_shared_projector_strong,0,6,338,50520,1,1,0.8870741724967957,1
D3_shared_projector_strong,0,6,342,50525,1,1,0.8458930850028992,1
D3_shared_projector_strong,0,6,355,50561,2,0,0.10368102788925171,0
D3_shared_projector_strong,0,6,358,50568,2,0,0.11996886879205704,0
D3_shared_projector_strong,0,6,361,50571,2,0,0.20450258255004883,0
D3_shared_projector_strong,0,6,369,50601,1,1,0.14300577342510223,0
D3_shared_projector_strong,0,6,377,50613,1,1,0.8863556981086731,1
D3_shared_projector_strong,0,6,389,50627,1,1,0.8775662779808044,1
D3_shared_projector_strong,0,6,403,50683,2,0,0.10356343537569046,0
D3_shared_projector_strong,0,6,409,50690,1,1,0.10412740707397461,0
D3_shared_projector_strong,0,6,413,50694,1,1,0.8829473257064819,1
D3_shared_projector_strong,0,6,415,50696,1,1,0.8848311305046082,1
D3_shared_projector_strong,0,6,419,50700,1,1,0.8871403932571411,1
D3_shared_projector_strong,0,6,422,50703,2,0,0.10339070856571198,0
D3_shared_projector_strong,0,6,437,50731,2,0,0.10347793996334076,0
D3_shared_projector_strong,0,6,438,50733,2,0,0.13018633425235748,0
D3_shared_projector_strong,0,6,443,50740,2,0,0.10347753763198853,0
D3_shared_projector_strong,0,6,447,50744,1,1,0.7194089889526367,1
D3_shared_projector_strong,0,6,449,50748,1,1,0.6060292720794678,1
D3_shared_projector_strong,0,6,470,50790,2,0,0.1036880761384964,0
D3_shared_projector_strong,0,6,488,50822,2,0,0.10389933735132217,0
D3_shared_projector_strong,0,6,492,50954,1,1,0.10928843915462494,0
D3_shared_projector_strong,0,6,495,50957,1,1,0.7753767967224121,1
D3_shared_projector_strong,0,6,505,50968,1,1,0.8872500061988831,1
D3_shared_projector_strong,0,6,517,50983,1,1,0.8845816254615784,1
D3_shared_projector_strong,0,6,523,50989,1,1,0.8850136399269104,1
D3_shared_projector_strong,0,6,547,51016,1,1,0.8803239464759827,1
D3_shared_projector_strong,0,6,552,51021,1,1,0.878047525882721,1
D3_shared_projector_strong,0,6,580,51053,2,0,0.11707490682601929,0
D3_shared_projector_strong,0,6,581,51054,2,0,0.10514447093009949,0
D3_shared_projector_strong,0,6,582,51055,2,0,0.10608844459056854,0
D3_shared_projector_strong,0,6,600,51074,2,0,0.16669076681137085,0
D3_shared_projector_strong,0,6,615,51089,2,0,0.1123344674706459,0
D3_shared_projector_strong,0,6,634,51110,2,0,0.10609204322099686,0
D3_shared_projector_strong,0,6,663,51147,2,0,0.10381095856428146,0
D3_shared_projector_strong,0,6,684,51178,1,1,0.8864331841468811,1
D3_shared_projector_strong,0,6,699,51201,1,1,0.7370431423187256,1
D3_shared_projector_strong,0,6,708,51211,1,1,0.17155806720256805,0
D3_shared_projector_strong,0,6,740,51254,2,0,0.10478930175304413,0
D3_shared_projector_strong,0,6,752,51269,2,0,0.10693901777267456,0
D3_shared_projector_strong,0,6,760,51279,2,0,0.11000759899616241,0
D3_shared_projector_strong,0,6,811,51347,2,0,0.1057075560092926,0
D3_shared_projector_strong,0,6,821,51362,2,0,0.1050807386636734,0
D3_shared_projector_strong,0,6,833,51477,2,0,0.10334844142198563,0
D3_shared_projector_strong,0,6,843,51556,2,0,0.11085549741983414,0
D3_shared_projector_strong,0,6,859,51574,1,1,0.8141458034515381,1
D3_shared_projector_strong,0,6,861,51577,1,1,0.7360749840736389,1
D3_shared_projector_strong,0,7,16,50024,1,1,0.9063325524330139,1
D3_shared_projector_strong,0,7,26,50035,2,0,0.1225164532661438,0
D3_shared_projector_strong,0,7,40,50049,2,0,0.11276225000619888,0
D3_shared_projector_strong,0,7,54,50106,2,0,0.8930744528770447,1
D3_shared_projector_strong,0,7,80,50144,1,1,0.9032163023948669,1
D3_shared_projector_strong,0,7,82,50146,1,1,0.10653142631053925,0
D3_shared_projector_strong,0,7,90,50157,2,0,0.34719470143318176,0
D3_shared_projector_strong,0,7,91,50158,2,0,0.10883931815624237,0
D3_shared_projector_strong,0,7,95,50162,2,0,0.17597180604934692,0
D3_shared_projector_strong,0,7,104,50183,1,1,0.9052771925926208,1
D3_shared_projector_strong,0,7,153,50262,2,0,0.125992551445961,0
D3_shared_projector_strong,0,7,156,50265,2,0,0.12791642546653748,0
D3_shared_projector_strong,0,7,165,50274,1,1,0.9055442810058594,1
D3_shared_projector_strong,0,7,166,50275,1,1,0.9026448726654053,1
D3_shared_projector_strong,0,7,169,50282,1,1,0.9019927382469177,1
D3_shared_projector_strong,0,7,178,50294,1,1,0.8991110324859619,1
D3_shared_projector_strong,0,7,189,50314,1,1,0.9042693972587585,1
D3_shared_projector_strong,0,7,190,50315,1,1,0.90631103515625,1
D3_shared_projector_strong,0,7,191,50318,1,1,0.41064998507499695,0
D3_shared_projector_strong,0,7,208,50339,2,0,0.10710795968770981,0
D3_shared_projector_strong,0,7,214,50345,2,0,0.16430900990962982,0
D3_shared_projector_strong,0,7,224,50355,2,0,0.18329854309558868,0
D3_shared_projector_strong,0,7,233,50364,2,0,0.2977581024169922,0
D3_shared_projector_strong,0,7,245,50377,2,0,0.10663191974163055,0
D3_shared_projector_strong,0,7,246,50379,2,0,0.11335169523954391,0
D3_shared_projector_strong,0,7,251,50385,2,0,0.8935391306877136,1
D3_shared_projector_strong,0,7,261,50404,1,1,0.906304657459259,1
D3_shared_projector_strong,0,7,276,50421,2,0,0.10666902363300323,0
D3_shared_projector_strong,0,7,285,50435,2,0,0.1097194254398346,0
D3_shared_projector_strong,0,7,289,50439,2,0,0.15313619375228882,0
D3_shared_projector_strong,0,7,296,50446,2,0,0.13263605535030365,0
D3_shared_projector_strong,0,7,298,50448,2,0,0.5695026516914368,1
D3_shared_projector_strong,0,7,304,50468,2,0,0.16558636724948883,0
D3_shared_projector_strong,0,7,314,50487,1,1,0.9054134488105774,1
D3_shared_projector_strong,0,7,325,50500,1,1,0.9059146046638489,1
D3_shared_projector_strong,0,7,350,50551,2,0,0.1294681578874588,0
D3_shared_projector_strong,0,7,398,50659,2,0,0.572638988494873,1
D3_shared_projector_strong,0,7,420,50701,2,0,0.11089596897363663,0
D3_shared_projector_strong,0,7,423,50704,1,1,0.573774516582489,1
D3_shared_projector_strong,0,7,424,50705,1,1,0.8049560189247131,1
D3_shared_projector_strong,0,7,428,50709,2,0,0.11020679771900177,0
D3_shared_projector_strong,0,7,452,50751,1,1,0.8977199196815491,1
D3_shared_projector_strong,0,7,459,50773,2,0,0.10702665895223618,0
D3_shared_projector_strong,0,7,474,50797,1,1,0.8996611833572388,1
D3_shared_projector_strong,0,7,479,50803,1,1,0.899465799331665,1
D3_shared_projector_strong,0,7,480,50807,1,1,0.9053934812545776,1
D3_shared_projector_strong,0,7,484,50817,2,0,0.11469846218824387,0
D3_shared_projector_strong,0,7,485,50818,2,0,0.10703607648611069,0
D3_shared_projector_strong,0,7,487,50821,2,0,0.10654018819332123,0
D3_shared_projector_strong,0,7,494,50956,1,1,0.903386652469635,1
D3_shared_projector_strong,0,7,512,50977,1,1,0.9063474535942078,1
D3_shared_projector_strong,0,7,515,50981,1,1,0.8995503783226013,1
D3_shared_projector_strong,0,7,518,50984,1,1,0.9041714668273926,1
D3_shared_projector_strong,0,7,520,50986,1,1,0.8536238074302673,1
D3_shared_projector_strong,0,7,526,50992,1,1,0.9026322960853577,1
D3_shared_projector_strong,0,7,536,51003,1,1,0.9063431620597839,1
D3_shared_projector_strong,0,7,540,51009,1,1,0.9051148891448975,1
D3_shared_projector_strong,0,7,545,51014,1,1,0.9056702852249146,1
D3_shared_projector_strong,0,7,578,51051,2,0,0.11602558940649033,0
D3_shared_projector_strong,0,7,590,51063,2,0,0.1065375953912735,0
D3_shared_projector_strong,0,7,603,51077,2,0,0.5527815818786621,1
D3_shared_projector_strong,0,7,617,51091,2,0,0.1066385805606842,0
D3_shared_projector_strong,0,7,630,51105,2,0,0.10977081209421158,0
D3_shared_projector_strong,0,7,641,51118,2,0,0.6280713677406311,1
D3_shared_projector_strong,0,7,644,51124,2,0,0.11538627743721008,0
D3_shared_projector_strong,0,7,666,51150,2,0,0.10661999881267548,0
D3_shared_projector_strong,0,7,667,51151,2,0,0.10695789009332657,0
D3_shared_projector_strong,0,7,672,51156,2,0,0.11051341146230698,0
D3_shared_projector_strong,0,7,675,51162,1,1,0.9061774611473083,1
D3_shared_projector_strong,0,7,685,51179,1,1,0.901043713092804,1
D3_shared_projector_strong,0,7,706,51208,1,1,0.8448451161384583,1
D3_shared_projector_strong,0,7,715,51219,1,1,0.903471827507019,1
D3_shared_projector_strong,0,7,720,51224,1,1,0.8746449947357178,1
D3_shared_projector_strong,0,7,725,51230,1,1,0.9061622023582458,1
D3_shared_projector_strong,0,7,746,51262,2,0,0.1109146848320961,0
D3_shared_projector_strong,0,7,763,51291,1,1,0.9034523963928223,1
D3_shared_projector_strong,0,7,775,51304,2,0,0.1140889823436737,0
D3_shared_projector_strong,0,7,781,51311,2,0,0.10677983611822128,0
D3_shared_projector_strong,0,7,790,51325,1,1,0.8996866345405579,1
D3_shared_projector_strong,0,7,792,51327,1,1,0.9058957695960999,1
D3_shared_projector_strong,0,7,799,51334,2,0,0.10679742693901062,0
D3_shared_projector_strong,0,7,803,51339,2,0,0.106493279337883,0
D3_shared_projector_strong,0,7,837,51482,2,0,0.11049897968769073,0
D3_shared_projector_strong,0,7,838,51484,2,0,0.4254016578197479,0
D3_shared_projector_strong,0,7,841,51491,2,0,0.10831255465745926,0
D3_shared_projector_strong,0,7,860,51576,1,1,0.8551037907600403,1
D3_shared_projector_strong,0,7,865,51582,1,1,0.9063400030136108,1
D3_shared_projector_strong,0,8,5,50008,1,1,0.8982340693473816,1
D3_shared_projector_strong,0,8,9,50013,1,1,0.8948559761047363,1
D3_shared_projector_strong,0,8,23,50032,2,0,0.08645330369472504,0
D3_shared_projector_strong,0,8,24,50033,2,0,0.08636823296546936,0
D3_shared_projector_strong,0,8,73,50130,1,1,0.9002898335456848,1
D3_shared_projector_strong,0,8,75,50132,1,1,0.9028434157371521,1
D3_shared_projector_strong,0,8,85,50149,1,1,0.9013634324073792,1
D3_shared_projector_strong,0,8,105,50184,1,1,0.9000350832939148,1
D3_shared_projector_strong,0,8,120,50203,2,0,0.08637834340333939,0
D3_shared_projector_strong,0,8,124,50208,2,0,0.09356849640607834,0
D3_shared_projector_strong,0,8,134,50237,1,1,0.9008330702781677,1
D3_shared_projector_strong,0,8,138,50243,1,1,0.9034046530723572,1
D3_shared_projector_strong,0,8,139,50245,1,1,0.9028172492980957,1
D3_shared_projector_strong,0,8,155,50264,2,0,0.08647135645151138,0
D3_shared_projector_strong,0,8,173,50289,1,1,0.557604968547821,1
D3_shared_projector_strong,0,8,201,50332,2,0,0.08637362718582153,0
D3_shared_projector_strong,0,8,216,50347,2,0,0.08689086139202118,0
D3_shared_projector_strong,0,8,228,50359,2,0,0.12521368265151978,0
D3_shared_projector_strong,0,8,229,50360,2,0,0.08645313233137131,0
D3_shared_projector_strong,0,8,235,50366,2,0,0.1337919384241104,0
D3_shared_projector_strong,0,8,239,50370,2,0,0.1471971869468689,0
D3_shared_projector_strong,0,8,269,50413,1,1,0.9002850651741028,1
D3_shared_projector_strong,0,8,272,50416,2,0,0.0870710164308548,0
D3_shared_projector_strong,0,8,273,50417,2,0,0.08828691393136978,0
D3_shared_projector_strong,0,8,290,50440,2,0,0.38665738701820374,0
D3_shared_projector_strong,0,8,291,50441,2,0,0.08703303337097168,0
D3_shared_projector_strong,0,8,299,50449,2,0,0.08760768920183182,0
D3_shared_projector_strong,0,8,313,50486,1,1,0.9034045338630676,1
D3_shared_projector_strong,0,8,324,50499,1,1,0.9008850455284119,1
D3_shared_projector_strong,0,8,330,50507,1,1,0.8620654344558716,1
D3_shared_projector_strong,0,8,343,50526,1,1,0.802379846572876,1
D3_shared_projector_strong,0,8,344,50527,1,1,0.897695004940033,1
D3_shared_projector_strong,0,8,362,50572,2,0,0.0866355374455452,0
D3_shared_projector_strong,0,8,380,50616,1,1,0.8982762694358826,1
D3_shared_projector_strong,0,8,388,50626,1,1,0.9011833667755127,1
D3_shared_projector_strong,0,8,400,50665,2,0,0.5407611131668091,1
D3_shared_projector_strong,0,8,402,50682,2,0,0.09160546958446503,0
D3_shared_projector_strong,0,8,404,50685,2,0,0.15867261588573456,0
D3_shared_projector_strong,0,8,421,50702,1,1,0.6559694409370422,1
D3_shared_projector_strong,0,8,427,50708,1,1,0.9030346274375916,1
D3_shared_projector_strong,0,8,431,50723,2,0,0.08647569268941879,0
D3_shared_projector_strong,0,8,463,50777,2,0,0.09833155572414398,0
D3_shared_projector_strong,0,8,472,50792,1,1,0.9010142087936401,1
D3_shared_projector_strong,0,8,473,50796,1,1,0.8998387455940247,1
D3_shared_projector_strong,0,8,477,50800,1,1,0.9026355147361755,1
D3_shared_projector_strong,0,8,486,50820,2,0,0.0880666971206665,0
D3_shared_projector_strong,0,8,519,50985,1,1,0.9004553556442261,1
D3_shared_projector_strong,0,8,521,50987,1,1,0.9024670720100403,1
D3_shared_projector_strong,0,8,524,50990,1,1,0.9032953977584839,1
D3_shared_projector_strong,0,8,530,50996,1,1,0.8990302681922913,1
D3_shared_projector_strong,0,8,538,51007,1,1,0.9028266072273254,1
D3_shared_projector_strong,0,8,548,51017,1,1,0.7041953802108765,1
D3_shared_projector_strong,0,8,549,51018,1,1,0.903069794178009,1
D3_shared_projector_strong,0,8,554,51024,1,1,0.9012138843536377,1
D3_shared_projector_strong,0,8,563,51034,1,1,0.9028645157814026,1
D3_shared_projector_strong,0,8,565,51036,2,0,0.08920640498399734,0
D3_shared_projector_strong,0,8,573,51046,2,0,0.11306249350309372,0
D3_shared_projector_strong,0,8,593,51066,2,0,0.08921804279088974,0
D3_shared_projector_strong,0,8,608,51082,2,0,0.09153750538825989,0
D3_shared_projector_strong,0,8,613,51087,2,0,0.08693336695432663,0
D3_shared_projector_strong,0,8,618,51093,2,0,0.08750803023576736,0
D3_shared_projector_strong,0,8,620,51095,2,0,0.3315259516239166,0
D3_shared_projector_strong,0,8,635,51111,2,0,0.08688312023878098,0
D3_shared_projector_strong,0,8,652,51133,2,0,0.7684081196784973,1
D3_shared_projector_strong,0,8,653,51134,2,0,0.08664722740650177,0
D3_shared_projector_strong,0,8,668,51152,2,0,0.08657088875770569,0
D3_shared_projector_strong,0,8,682,51173,1,1,0.9032421708106995,1
D3_shared_projector_strong,0,8,687,51181,2,0,0.1136903390288353,0
D3_shared_projector_strong,0,8,717,51221,1,1,0.8965234756469727,1
D3_shared_projector_strong,0,8,719,51223,1,1,0.9030380249023438,1
D3_shared_projector_strong,0,8,731,51239,1,1,0.8965521454811096,1
D3_shared_projector_strong,0,8,743,51257,2,0,0.6283929944038391,1
D3_shared_projector_strong,0,8,751,51268,2,0,0.08645938336849213,0
D3_shared_projector_strong,0,8,759,51278,2,0,0.10763997584581375,0
D3_shared_projector_strong,0,8,770,51299,1,1,0.9033989906311035,1
D3_shared_projector_strong,0,8,773,51302,1,1,0.9028188586235046,1
D3_shared_projector_strong,0,8,782,51313,2,0,0.09207335114479065,0
D3_shared_projector_strong,0,8,809,51345,2,0,0.09106417000293732,0
D3_shared_projector_strong,0,8,810,51346,2,0,0.08788486570119858,0
D3_shared_projector_strong,0,8,816,51356,2,0,0.8224964141845703,1
D3_shared_projector_strong,0,8,826,51370,2,0,0.08662960678339005,0
D3_shared_projector_strong,0,8,827,51373,2,0,0.08719256520271301,0
D3_shared_projector_strong,0,8,830,51464,1,1,0.9002574682235718,1
D3_shared_projector_strong,0,8,844,51557,2,0,0.08911295980215073,0
D3_shared_projector_strong,0,8,849,51563,2,0,0.08651311695575714,0
D3_shared_projector_strong,0,8,855,51569,2,0,0.0948551669716835,0
D3_shared_projector_strong,0,8,858,51573,1,1,0.8308839201927185,1
D3_shared_projector_strong,0,9,1,50004,1,1,0.9188352227210999,1
D3_shared_projector_strong,0,9,15,50023,1,1,0.9199970364570618,1
D3_shared_projector_strong,0,9,39,50048,2,0,0.879496157169342,1
D3_shared_projector_strong,0,9,47,50057,1,1,0.05489007756114006,0
D3_shared_projector_strong,0,9,48,50059,2,0,0.059090618044137955,0
D3_shared_projector_strong,0,9,62,50116,2,0,0.7947643399238586,1
D3_shared_projector_strong,0,9,89,50156,1,1,0.9184445142745972,1
D3_shared_projector_strong,0,9,101,50170,2,0,0.07281406968832016,0
D3_shared_projector_strong,0,9,107,50187,1,1,0.05685761570930481,0
D3_shared_projector_strong,0,9,121,50204,2,0,0.05563934147357941,0
D3_shared_projector_strong,0,9,127,50214,2,0,0.0564897358417511,0
D3_shared_projector_strong,0,9,168,50278,1,1,0.9192376732826233,1
D3_shared_projector_strong,0,9,193,50320,1,1,0.9199334383010864,1
D3_shared_projector_strong,0,9,196,50325,1,1,0.054865676909685135,0
D3_shared_projector_strong,0,9,254,50388,2,0,0.055219750851392746,0
D3_shared_projector_strong,0,9,259,50402,1,1,0.05488184839487076,0
D3_shared_projector_strong,0,9,260,50403,1,1,0.05510682985186577,0
D3_shared_projector_strong,0,9,265,50408,1,1,0.05738382041454315,0
D3_shared_projector_strong,0,9,295,50445,2,0,0.054881613701581955,0
D3_shared_projector_strong,0,9,300,50453,2,0,0.38067543506622314,0
D3_shared_projector_strong,0,9,301,50463,2,0,0.05519374459981918,0
D3_shared_projector_strong,0,9,311,50483,1,1,0.6266385316848755,1
D3_shared_projector_strong,0,9,312,50485,1,1,0.05515061318874359,0
D3_shared_projector_strong,0,9,322,50497,1,1,0.9157500267028809,1
D3_shared_projector_strong,0,9,331,50509,1,1,0.9188604950904846,1
D3_shared_projector_strong,0,9,365,50575,2,0,0.21653693914413452,0
D3_shared_projector_strong,0,9,366,50576,2,0,0.05519091710448265,0
D3_shared_projector_strong,0,9,375,50608,1,1,0.06152932345867157,0
D3_shared_projector_strong,0,9,392,50644,1,1,0.9196709990501404,1
D3_shared_projector_strong,0,9,393,50647,1,1,0.9158880710601807,1
D3_shared_projector_strong,0,9,395,50649,1,1,0.05497203767299652,0
D3_shared_projector_strong,0,9,396,50654,1,1,0.237783282995224,0
D3_shared_projector_strong,0,9,401,50669,2,0,0.9163722395896912,1
D3_shared_projector_strong,0,9,418,50699,2,0,0.8282344937324524,1
D3_shared_projector_strong,0,9,440,50737,2,0,0.05487636476755142,0
D3_shared_projector_strong,0,9,442,50739,2,0,0.09149821102619171,0
D3_shared_projector_strong,0,9,448,50745,1,1,0.9186527729034424,1
D3_shared_projector_strong,0,9,454,50754,1,1,0.9192292094230652,1
D3_shared_projector_strong,0,9,458,50772,2,0,0.9145391583442688,1
D3_shared_projector_strong,0,9,464,50778,2,0,0.1699649691581726,0
D3_shared_projector_strong,0,9,483,50816,2,0,0.05608648806810379,0
D3_shared_projector_strong,0,9,491,50952,1,1,0.9197065234184265,1
D3_shared_projector_strong,0,9,503,50966,1,1,0.9132934808731079,1
D3_shared_projector_strong,0,9,532,50999,1,1,0.9200083613395691,1
D3_shared_projector_strong,0,9,550,51019,1,1,0.919312596321106,1
D3_shared_projector_strong,0,9,561,51032,1,1,0.920016884803772,1
D3_shared_projector_strong,0,9,569,51041,2,0,0.056092213839292526,0
D3_shared_projector_strong,0,9,571,51044,2,0,0.05746744945645332,0
D3_shared_projector_strong,0,9,575,51048,2,0,0.0601920485496521,0
D3_shared_projector_strong,0,9,588,51061,2,0,0.05613214895129204,0
D3_shared_projector_strong,0,9,591,51064,2,0,0.7957414984703064,1
D3_shared_projector_strong,0,9,594,51067,2,0,0.05720750615000725,0
D3_shared_projector_strong,0,9,598,51072,2,0,0.8854358792304993,1
D3_shared_projector_strong,0,9,602,51076,2,0,0.05745117366313934,0
D3_shared_projector_strong,0,9,604,51078,2,0,0.05746152997016907,0
D3_shared_projector_strong,0,9,611,51085,2,0,0.9198853969573975,1
D3_shared_projector_strong,0,9,614,51088,2,0,0.05684923753142357,0
D3_shared_projector_strong,0,9,627,51102,2,0,0.05578889697790146,0
D3_shared_projector_strong,0,9,637,51113,2,0,0.05489369109272957,0
D3_shared_projector_strong,0,9,638,51114,2,0,0.056563373655080795,0
D3_shared_projector_strong,0,9,649,51130,2,0,0.9057947993278503,1
D3_shared_projector_strong,0,9,660,51141,2,0,0.6622099876403809,1
D3_shared_projector_strong,0,9,679,51169,1,1,0.8480103015899658,1
D3_shared_projector_strong,0,9,689,51183,2,0,0.05538962408900261,0
D3_shared_projector_strong,0,9,704,51206,1,1,0.7975336909294128,1
D3_shared_projector_strong,0,9,707,51210,1,1,0.9138038754463196,1
D3_shared_projector_strong,0,9,711,51215,1,1,0.05683065950870514,0
D3_shared_projector_strong,0,9,721,51225,1,1,0.07961544394493103,0
D3_shared_projector_strong,0,9,726,51231,1,1,0.055766355246305466,0
D3_shared_projector_strong,0,9,729,51236,1,1,0.1083558201789856,0
D3_shared_projector_strong,0,9,744,51260,2,0,0.056293293833732605,0
D3_shared_projector_strong,0,9,750,51267,2,0,0.055216025561094284,0
D3_shared_projector_strong,0,9,777,51306,2,0,0.9159156680107117,1
D3_shared_projector_strong,0,9,787,51321,1,1,0.903761088848114,1
D3_shared_projector_strong,0,9,788,51322,1,1,0.33306410908699036,0
D3_shared_projector_strong,0,9,794,51329,1,1,0.05488903075456619,0
D3_shared_projector_strong,0,9,802,51338,2,0,0.17235633730888367,0
D3_shared_projector_strong,0,9,805,51341,2,0,0.4396783709526062,0
D3_shared_projector_strong,0,9,812,51349,1,1,0.05610233545303345,0
D3_shared_projector_strong,0,9,818,51359,2,0,0.9186021685600281,1
D3_shared_projector_strong,0,9,822,51363,2,0,0.05514725670218468,0
D3_shared_projector_strong,0,9,823,51364,2,0,0.1484197974205017,0
D3_shared_projector_strong,0,9,847,51560,2,0,0.05560971423983574,0
D3_shared_projector_strong,0,9,848,51562,2,0,0.056499823927879333,0
D3_shared_projector_strong,0,9,850,51564,2,0,0.05486495792865753,0
D3_shared_projector_strong,0,9,863,51579,1,1,0.058656834065914154,0
D3_shared_projector_strong,0,9,866,51583,1,1,0.918653666973114,1
D3_shared_projector_strong,0,10,11,50015,1,1,0.9372910857200623,1
D3_shared_projector_strong,0,10,41,50050,2,0,0.08460880070924759,0
D3_shared_projector_strong,0,10,44,50053,1,1,0.9335511922836304,1
D3_shared_projector_strong,0,10,52,50104,2,0,0.09042555838823318,0
D3_shared_projector_strong,0,10,59,50113,2,0,0.09041114151477814,0
D3_shared_projector_strong,0,10,65,50119,1,1,0.08578098565340042,0
D3_shared_projector_strong,0,10,92,50159,2,0,0.9378206729888916,1
D3_shared_projector_strong,0,10,93,50160,2,0,0.08739473670721054,0
D3_shared_projector_strong,0,10,94,50161,2,0,0.9358168840408325,1
D3_shared_projector_strong,0,10,108,50188,1,1,0.08967693150043488,0
D3_shared_projector_strong,0,10,115,50198,2,0,0.08458636701107025,0
D3_shared_projector_strong,0,10,117,50200,2,0,0.0892581045627594,0
D3_shared_projector_strong,0,10,118,50201,2,0,0.08573097735643387,0
D3_shared_projector_strong,0,10,140,50247,1,1,0.9384855628013611,1
D3_shared_projector_strong,0,10,149,50257,2,0,0.08699177205562592,0
D3_shared_projector_strong,0,10,177,50293,1,1,0.9385015368461609,1
D3_shared_projector_strong,0,10,180,50297,1,1,0.8041774034500122,1
D3_shared_projector_strong,0,10,182,50300,1,1,0.09804987907409668,0
D3_shared_projector_strong,0,10,185,50304,1,1,0.93841552734375,1
D3_shared_projector_strong,0,10,186,50308,1,1,0.9255057573318481,1
D3_shared_projector_strong,0,10,195,50324,1,1,0.9386950731277466,1
D3_shared_projector_strong,0,10,199,50330,2,0,0.15297281742095947,0
D3_shared_projector_strong,0,10,203,50334,2,0,0.5250025987625122,1
D3_shared_projector_strong,0,10,206,50337,2,0,0.08464410901069641,0
D3_shared_projector_strong,0,10,219,50350,2,0,0.08947496116161346,0
D3_shared_projector_strong,0,10,237,50368,2,0,0.08559665083885193,0
D3_shared_projector_strong,0,10,238,50369,2,0,0.09048512578010559,0
D3_shared_projector_strong,0,10,242,50374,2,0,0.10740247368812561,0
D3_shared_projector_strong,0,10,248,50381,2,0,0.08470531553030014,0
D3_shared_projector_strong,0,10,256,50391,2,0,0.08695737272500992,0
D3_shared_projector_strong,0,10,274,50418,2,0,0.08412213623523712,0
D3_shared_projector_strong,0,10,293,50443,2,0,0.7991805672645569,1
D3_shared_projector_strong,0,10,317,50491,1,1,0.9384428262710571,1
D3_shared_projector_strong,0,10,320,50494,1,1,0.806036114692688,1
D3_shared_projector_strong,0,10,334,50515,1,1,0.9383066892623901,1
D3_shared_projector_strong,0,10,340,50523,1,1,0.9382941722869873,1
D3_shared_projector_strong,0,10,347,50530,1,1,0.9372124671936035,1
D3_shared_projector_strong,0,10,354,50558,2,0,0.10709639638662338,0
D3_shared_projector_strong,0,10,356,50563,2,0,0.08639538288116455,0
D3_shared_projector_strong,0,10,359,50569,2,0,0.2782326340675354,0
D3_shared_projector_strong,0,10,374,50607,1,1,0.08577582985162735,0
D3_shared_projector_strong,0,10,376,50612,1,1,0.08637949824333191,0
D3_shared_projector_strong,0,10,378,50614,1,1,0.9379357695579529,1
D3_shared_projector_strong,0,10,382,50620,1,1,0.08429254591464996,0
D3_shared_projector_strong,0,10,384,50622,1,1,0.9323540329933167,1
D3_shared_projector_strong,0,10,387,50625,1,1,0.08674679696559906,0
D3_shared_projector_strong,0,10,406,50687,2,0,0.9155088663101196,1
D3_shared_projector_strong,0,10,414,50695,1,1,0.2424071580171585,0
D3_shared_projector_strong,0,10,429,50711,1,1,0.08447632938623428,0
D3_shared_projector_strong,0,10,432,50724,2,0,0.08413364738225937,0
D3_shared_projector_strong,0,10,466,50781,2,0,0.922836422920227,1
D3_shared_projector_strong,0,10,468,50783,2,0,0.08571777492761612,0
D3_shared_projector_strong,0,10,482,50814,2,0,0.085762619972229,0
D3_shared_projector_strong,0,10,493,50955,1,1,0.086016446352005,0
D3_shared_projector_strong,0,10,501,50964,1,1,0.3780587911605835,0
D3_shared_projector_strong,0,10,506,50969,1,1,0.9379487037658691,1
D3_shared_projector_strong,0,10,531,50997,1,1,0.9388008117675781,1
D3_shared_projector_strong,0,10,534,51001,1,1,0.9374508261680603,1
D3_shared_projector_strong,0,10,542,51011,1,1,0.9359116554260254,1
D3_shared_projector_strong,0,10,564,51035,1,1,0.9347694516181946,1
D3_shared_projector_strong,0,10,583,51056,2,0,0.08671282231807709,0
D3_shared_projector_strong,0,10,587,51060,2,0,0.854885458946228,1
D3_shared_projector_strong,0,10,595,51068,2,0,0.9328895211219788,1
D3_shared_projector_strong,0,10,609,51083,2,0,0.9378050565719604,1
D3_shared_projector_strong,0,10,610,51084,2,0,0.9387380480766296,1
D3_shared_projector_strong,0,10,623,51098,2,0,0.09041377156972885,0
D3_shared_projector_strong,0,10,639,51116,2,0,0.09095138311386108,0
D3_shared_projector_strong,0,10,673,51159,2,0,0.9383047819137573,1
D3_shared_projector_strong,0,10,677,51164,1,1,0.9387251734733582,1
D3_shared_projector_strong,0,10,694,51189,2,0,0.0845860093832016,0
D3_shared_projector_strong,0,10,705,51207,1,1,0.9354006052017212,1
D3_shared_projector_strong,0,10,712,51216,1,1,0.0840858593583107,0
D3_shared_projector_strong,0,10,724,51229,1,1,0.9359487295150757,1
D3_shared_projector_strong,0,10,736,51250,2,0,0.08522385358810425,0
D3_shared_projector_strong,0,10,738,51252,2,0,0.9367145299911499,1
D3_shared_projector_strong,0,10,769,51298,1,1,0.9372798800468445,1
D3_shared_projector_strong,0,10,771,51300,1,1,0.9367543458938599,1
D3_shared_projector_strong,0,10,774,51303,2,0,0.1247277557849884,0
D3_shared_projector_strong,0,10,778,51307,2,0,0.9386223554611206,1
D3_shared_projector_strong,0,10,783,51315,2,0,0.9303645491600037,1
D3_shared_projector_strong,0,10,784,51318,1,1,0.9371563196182251,1
D3_shared_projector_strong,0,10,801,51336,2,0,0.08627204596996307,0
D3_shared_projector_strong,0,10,813,51350,1,1,0.9382954239845276,1
D3_shared_projector_strong,0,10,815,51354,1,1,0.9354993104934692,1
D3_shared_projector_strong,0,10,817,51357,2,0,0.08837051689624786,0
D3_shared_projector_strong,0,10,835,51480,2,0,0.08470745384693146,0
D3_shared_projector_strong,0,10,856,51570,2,0,0.6843648552894592,1
D3_shared_projector_strong,1,1,8,50012,1,1,0.885263979434967,1
D3_shared_projector_strong,1,1,17,50025,1,1,0.7653954029083252,1
D3_shared_projector_strong,1,1,26,50035,2,0,0.12628772854804993,0
D3_shared_projector_strong,1,1,30,50039,2,0,0.5882983207702637,1
D3_shared_projector_strong,1,1,31,50040,2,0,0.11914713680744171,0
D3_shared_projector_strong,1,1,33,50042,2,0,0.11968720704317093,0
D3_shared_projector_strong,1,1,40,50049,2,0,0.11423337459564209,0
D3_shared_projector_strong,1,1,64,50118,1,1,0.8926894664764404,1
D3_shared_projector_strong,1,1,71,50128,1,1,0.892503023147583,1
D3_shared_projector_strong,1,1,74,50131,1,1,0.8684850335121155,1
D3_shared_projector_strong,1,1,90,50157,2,0,0.12452917546033859,0
D3_shared_projector_strong,1,1,109,50189,1,1,0.8903833031654358,1
D3_shared_projector_strong,1,1,115,50198,2,0,0.19190408289432526,0
D3_shared_projector_strong,1,1,119,50202,2,0,0.1316530406475067,0
D3_shared_projector_strong,1,1,148,50255,1,1,0.8922361731529236,1
D3_shared_projector_strong,1,1,170,50284,1,1,0.3015238344669342,0
D3_shared_projector_strong,1,1,172,50287,1,1,0.35279858112335205,0
D3_shared_projector_strong,1,1,192,50319,1,1,0.8922693729400635,1
D3_shared_projector_strong,1,1,204,50335,2,0,0.11417471617460251,0
D3_shared_projector_strong,1,1,221,50352,2,0,0.23384545743465424,0
D3_shared_projector_strong,1,1,230,50361,2,0,0.11730239540338516,0
D3_shared_projector_strong,1,1,241,50373,2,0,0.13098876178264618,0
D3_shared_projector_strong,1,1,269,50413,1,1,0.8894080519676208,1
D3_shared_projector_strong,1,1,273,50417,2,0,0.1190275177359581,0
D3_shared_projector_strong,1,1,283,50433,2,0,0.11762809753417969,0
D3_shared_projector_strong,1,1,288,50438,2,0,0.1150132343173027,0
D3_shared_projector_strong,1,1,289,50439,2,0,0.12319976091384888,0
D3_shared_projector_strong,1,1,303,50467,2,0,0.17721834778785706,0
D3_shared_projector_strong,1,1,313,50486,1,1,0.8929741382598877,1
D3_shared_projector_strong,1,1,326,50501,1,1,0.8887009620666504,1
D3_shared_projector_strong,1,1,333,50514,1,1,0.8061471581459045,1
D3_shared_projector_strong,1,1,335,50516,1,1,0.8827704191207886,1
D3_shared_projector_strong,1,1,337,50519,1,1,0.8877865672111511,1
D3_shared_projector_strong,1,1,343,50526,1,1,0.7651574611663818,1
D3_shared_projector_strong,1,1,383,50621,1,1,0.8851741552352905,1
D3_shared_projector_strong,1,1,390,50628,1,1,0.8884647488594055,1
D3_shared_projector_strong,1,1,410,50691,2,0,0.11523301154375076,0
D3_shared_projector_strong,1,1,416,50697,1,1,0.870005190372467,1
D3_shared_projector_strong,1,1,422,50703,2,0,0.12018363922834396,0
D3_shared_projector_strong,1,1,425,50706,2,0,0.12998011708259583,0
D3_shared_projector_strong,1,1,429,50711,1,1,0.18327081203460693,0
D3_shared_projector_strong,1,1,431,50723,2,0,0.11534994095563889,0
D3_shared_projector_strong,1,1,435,50728,2,0,0.21809937059879303,0
D3_shared_projector_strong,1,1,441,50738,2,0,0.12248265743255615,0
D3_shared_projector_strong,1,1,446,50743,1,1,0.8811918497085571,1
D3_shared_projector_strong,1,1,449,50748,1,1,0.8929400444030762,1
D3_shared_projector_strong,1,1,455,50755,1,1,0.881540060043335,1
D3_shared_projector_strong,1,1,457,50757,1,1,0.2659391164779663,0
D3_shared_projector_strong,1,1,501,50964,1,1,0.8658956289291382,1
D3_shared_projector_strong,1,1,502,50965,1,1,0.8926641941070557,1
D3_shared_projector_strong,1,1,511,50976,1,1,0.8928398489952087,1
D3_shared_projector_strong,1,1,553,51023,1,1,0.8891654014587402,1
D3_shared_projector_strong,1,1,560,51030,1,1,0.889096736907959,1
D3_shared_projector_strong,1,1,562,51033,1,1,0.8876816034317017,1
D3_shared_projector_strong,1,1,566,51038,2,0,0.11715076863765717,0
D3_shared_projector_strong,1,1,584,51057,2,0,0.12472254782915115,0
D3_shared_projector_strong,1,1,597,51070,2,0,0.17907600104808807,0
D3_shared_projector_strong,1,1,599,51073,2,0,0.11640990525484085,0
D3_shared_projector_strong,1,1,610,51084,2,0,0.88278728723526,1
D3_shared_projector_strong,1,1,615,51089,2,0,0.11997956782579422,0
D3_shared_projector_strong,1,1,630,51105,2,0,0.1145082339644432,0
D3_shared_projector_strong,1,1,633,51109,2,0,0.1159973219037056,0
D3_shared_projector_strong,1,1,636,51112,2,0,0.11751995235681534,0
D3_shared_projector_strong,1,1,654,51135,2,0,0.11673040688037872,0
D3_shared_projector_strong,1,1,680,51170,1,1,0.3662537634372711,0
D3_shared_projector_strong,1,1,686,51180,2,0,0.17959056794643402,0
D3_shared_projector_strong,1,1,691,51185,2,0,0.4338754117488861,0
D3_shared_projector_strong,1,1,696,51194,2,0,0.6224454045295715,1
D3_shared_projector_strong,1,1,697,51197,2,0,0.13175581395626068,0
D3_shared_projector_strong,1,1,726,51231,1,1,0.3063964247703552,0
D3_shared_projector_strong,1,1,729,51236,1,1,0.5999917387962341,1
D3_shared_projector_strong,1,1,734,51248,1,1,0.8920651078224182,1
D3_shared_projector_strong,1,1,744,51260,2,0,0.11488908529281616,0
D3_shared_projector_strong,1,1,753,51271,2,0,0.11932427436113358,0
D3_shared_projector_strong,1,1,754,51272,2,0,0.241123765707016,0
D3_shared_projector_strong,1,1,755,51273,2,0,0.6118223667144775,1
D3_shared_projector_strong,1,1,757,51276,2,0,0.11467262357473373,0
D3_shared_projector_strong,1,1,765,51293,1,1,0.8853740096092224,1
D3_shared_projector_strong,1,1,769,51298,1,1,0.8891275525093079,1
D3_shared_projector_strong,1,1,787,51321,1,1,0.23239725828170776,0
D3_shared_projector_strong,1,1,789,51323,1,1,0.8914230465888977,1
D3_shared_projector_strong,1,1,792,51327,1,1,0.8802164793014526,1
D3_shared_projector_strong,1,1,804,51340,2,0,0.11992508918046951,0
D3_shared_projector_strong,1,1,836,51481,2,0,0.12045668065547943,0
D3_shared_projector_strong,1,1,841,51491,2,0,0.11667025834321976,0
D3_shared_projector_strong,1,1,842,51493,2,0,0.13265708088874817,0
D3_shared_projector_strong,1,1,856,51570,2,0,0.11931155622005463,0
D3_shared_projector_strong,1,1,870,51607,1,1,0.6118189096450806,1
D3_shared_projector_strong,1,2,1,50004,1,1,0.7935054302215576,1
D3_shared_projector_strong,1,2,13,50020,1,1,0.7942045331001282,1
D3_shared_projector_strong,1,2,23,50032,2,0,0.15940286219120026,0
D3_shared_projector_strong,1,2,34,50043,2,0,0.17230311036109924,0
D3_shared_projector_strong,1,2,41,50050,2,0,0.15736374258995056,0
D3_shared_projector_strong,1,2,45,50054,2,0,0.7796615958213806,1
D3_shared_projector_strong,1,2,53,50105,2,0,0.15989437699317932,0
D3_shared_projector_strong,1,2,59,50113,2,0,0.16624338924884796,0
D3_shared_projector_strong,1,2,69,50125,1,1,0.7616742849349976,1
D3_shared_projector_strong,1,2,80,50144,1,1,0.7906323671340942,1
D3_shared_projector_strong,1,2,84,50148,1,1,0.7933480739593506,1
D3_shared_projector_strong,1,2,105,50184,1,1,0.7903605103492737,1
D3_shared_projector_strong,1,2,144,50251,1,1,0.3794638514518738,0
D3_shared_projector_strong,1,2,160,50269,2,0,0.3766838610172272,0
D3_shared_projector_strong,1,2,165,50274,1,1,0.7751791477203369,1
D3_shared_projector_strong,1,2,174,50290,1,1,0.787355899810791,1
D3_shared_projector_strong,1,2,195,50324,1,1,0.7925313115119934,1
D3_shared_projector_strong,1,2,201,50332,2,0,0.15723425149917603,0
D3_shared_projector_strong,1,2,209,50340,2,0,0.15782909095287323,0
D3_shared_projector_strong,1,2,213,50344,2,0,0.15701308846473694,0
D3_shared_projector_strong,1,2,215,50346,2,0,0.16146832704544067,0
D3_shared_projector_strong,1,2,217,50348,2,0,0.22811315953731537,0
D3_shared_projector_strong,1,2,218,50349,2,0,0.16488389670848846,0
D3_shared_projector_strong,1,2,222,50353,2,0,0.1586773842573166,0
D3_shared_projector_strong,1,2,224,50355,2,0,0.21785834431648254,0
D3_shared_projector_strong,1,2,242,50374,2,0,0.18544761836528778,0
D3_shared_projector_strong,1,2,253,50387,2,0,0.16362865269184113,0
D3_shared_projector_strong,1,2,256,50391,2,0,0.16486185789108276,0
D3_shared_projector_strong,1,2,277,50422,2,0,0.5957058668136597,1
D3_shared_projector_strong,1,2,284,50434,2,0,0.16496817767620087,0
D3_shared_projector_strong,1,2,305,50469,2,0,0.15718474984169006,0
D3_shared_projector_strong,1,2,311,50483,1,1,0.780385434627533,1
D3_shared_projector_strong,1,2,331,50509,1,1,0.7938076257705688,1
D3_shared_projector_strong,1,2,342,50525,1,1,0.7353101968765259,1
D3_shared_projector_strong,1,2,356,50563,2,0,0.16015714406967163,0
D3_shared_projector_strong,1,2,370,50602,1,1,0.7854416966438293,1
D3_shared_projector_strong,1,2,394,50648,1,1,0.3893725872039795,0
D3_shared_projector_strong,1,2,401,50669,2,0,0.7902227640151978,1
D3_shared_projector_strong,1,2,413,50694,1,1,0.7930756211280823,1
D3_shared_projector_strong,1,2,438,50733,2,0,0.1619609296321869,0
D3_shared_projector_strong,1,2,445,50742,2,0,0.15700818598270416,0
D3_shared_projector_strong,1,2,447,50744,1,1,0.7827397584915161,1
D3_shared_projector_strong,1,2,451,50750,1,1,0.790586531162262,1
D3_shared_projector_strong,1,2,460,50774,2,0,0.16221144795417786,0
D3_shared_projector_strong,1,2,472,50792,1,1,0.7929802536964417,1
D3_shared_projector_strong,1,2,475,50798,1,1,0.169352725148201,0
D3_shared_projector_strong,1,2,477,50800,1,1,0.7655194997787476,1
D3_shared_projector_strong,1,2,492,50954,1,1,0.5017524361610413,1
D3_shared_projector_strong,1,2,496,50958,1,1,0.76628178358078,1
D3_shared_projector_strong,1,2,505,50968,1,1,0.7939236164093018,1
D3_shared_projector_strong,1,2,506,50969,1,1,0.7777926325798035,1
D3_shared_projector_strong,1,2,524,50990,1,1,0.7940667271614075,1
D3_shared_projector_strong,1,2,535,51002,1,1,0.7797427177429199,1
D3_shared_projector_strong,1,2,545,51014,1,1,0.7931861281394958,1
D3_shared_projector_strong,1,2,558,51028,1,1,0.7942124605178833,1
D3_shared_projector_strong,1,2,564,51035,1,1,0.7810255289077759,1
D3_shared_projector_strong,1,2,571,51044,2,0,0.16249777376651764,0
D3_shared_projector_strong,1,2,574,51047,2,0,0.16762633621692657,0
D3_shared_projector_strong,1,2,580,51053,2,0,0.1625848263502121,0
D3_shared_projector_strong,1,2,585,51058,2,0,0.1626119613647461,0
D3_shared_projector_strong,1,2,588,51061,2,0,0.1590976119041443,0
D3_shared_projector_strong,1,2,600,51074,2,0,0.34918829798698425,0
D3_shared_projector_strong,1,2,603,51077,2,0,0.1821940690279007,0
D3_shared_projector_strong,1,2,617,51091,2,0,0.15987354516983032,0
D3_shared_projector_strong,1,2,646,51127,2,0,0.3036777675151825,0
D3_shared_projector_strong,1,2,648,51129,2,0,0.15960928797721863,0
D3_shared_projector_strong,1,2,650,51131,2,0,0.15840701758861542,0
D3_shared_projector_strong,1,2,651,51132,2,0,0.15750740468502045,0
D3_shared_projector_strong,1,2,655,51136,2,0,0.3364798426628113,0
D3_shared_projector_strong,1,2,662,51146,2,0,0.15888875722885132,0
D3_shared_projector_strong,1,2,664,51148,2,0,0.165407195687294,0
D3_shared_projector_strong,1,2,668,51152,2,0,0.16434812545776367,0
D3_shared_projector_strong,1,2,675,51162,1,1,0.790626585483551,1
D3_shared_projector_strong,1,2,681,51171,1,1,0.7938597798347473,1
D3_shared_projector_strong,1,2,689,51183,2,0,0.2743498980998993,0
D3_shared_projector_strong,1,2,703,51205,1,1,0.7942776679992676,1
D3_shared_projector_strong,1,2,728,51235,1,1,0.7940025329589844,1
D3_shared_projector_strong,1,2,735,51249,1,1,0.7940875291824341,1
D3_shared_projector_strong,1,2,751,51268,2,0,0.15704920887947083,0
D3_shared_projector_strong,1,2,763,51291,1,1,0.7942972183227539,1
D3_shared_projector_strong,1,2,767,51295,1,1,0.7928743958473206,1
D3_shared_projector_strong,1,2,813,51350,1,1,0.7796394228935242,1
D3_shared_projector_strong,1,2,814,51351,1,1,0.7457683086395264,1
D3_shared_projector_strong,1,2,826,51370,2,0,0.15713931620121002,0
D3_shared_projector_strong,1,2,835,51480,2,0,0.16412357985973358,0
D3_shared_projector_strong,1,2,859,51574,1,1,0.784934401512146,1
D3_shared_projector_strong,1,2,867,51584,1,1,0.7505477070808411,1
D3_shared_projector_strong,1,3,3,50006,1,1,0.7453523278236389,1
D3_shared_projector_strong,1,3,15,50023,1,1,0.4891834855079651,0
D3_shared_projector_strong,1,3,25,50034,2,0,0.22249262034893036,0
D3_shared_projector_strong,1,3,39,50048,2,0,0.73003751039505,1
D3_shared_projector_strong,1,3,68,50124,1,1,0.7068157196044922,1
D3_shared_projector_strong,1,3,75,50132,1,1,0.5399243831634521,1
D3_shared_projector_strong,1,3,88,50153,1,1,0.24384577572345734,0
D3_shared_projector_strong,1,3,100,50169,2,0,0.2199697643518448,0
D3_shared_projector_strong,1,3,107,50187,1,1,0.22308285534381866,0
D3_shared_projector_strong,1,3,111,50193,2,0,0.22146105766296387,0
D3_shared_projector_strong,1,3,122,50205,2,0,0.22085466980934143,0
D3_shared_projector_strong,1,3,138,50243,1,1,0.5615406036376953,1
D3_shared_projector_strong,1,3,147,50254,1,1,0.6814579367637634,1
D3_shared_projector_strong,1,3,159,50268,2,0,0.22254732251167297,0
D3_shared_projector_strong,1,3,173,50289,1,1,0.22970111668109894,0
D3_shared_projector_strong,1,3,186,50308,1,1,0.5710608959197998,1
D3_shared_projector_strong,1,3,189,50314,1,1,0.7465850114822388,1
D3_shared_projector_strong,1,3,193,50320,1,1,0.7380080223083496,1
D3_shared_projector_strong,1,3,199,50330,2,0,0.22061173617839813,0
D3_shared_projector_strong,1,3,203,50334,2,0,0.7155194282531738,1
D3_shared_projector_strong,1,3,206,50337,2,0,0.23298685252666473,0
D3_shared_projector_strong,1,3,232,50363,2,0,0.2378120720386505,0
D3_shared_projector_strong,1,3,233,50364,2,0,0.25117969512939453,0
D3_shared_projector_strong,1,3,236,50367,2,0,0.21882453560829163,0
D3_shared_projector_strong,1,3,248,50381,2,0,0.2315147966146469,0
D3_shared_projector_strong,1,3,252,50386,2,0,0.2185688018798828,0
D3_shared_projector_strong,1,3,255,50390,2,0,0.21849270164966583,0
D3_shared_projector_strong,1,3,259,50402,1,1,0.21840554475784302,0
D3_shared_projector_strong,1,3,261,50404,1,1,0.7401286363601685,1
D3_shared_projector_strong,1,3,264,50407,1,1,0.746462345123291,1
D3_shared_projector_strong,1,3,282,50428,2,0,0.22021004557609558,0
D3_shared_projector_strong,1,3,291,50441,2,0,0.21846622228622437,0
D3_shared_projector_strong,1,3,296,50446,2,0,0.21896012127399445,0
D3_shared_projector_strong,1,3,301,50463,2,0,0.2204517424106598,0
D3_shared_projector_strong,1,3,312,50485,1,1,0.21870741248130798,0
D3_shared_projector_strong,1,3,322,50497,1,1,0.7424817681312561,1
D3_shared_projector_strong,1,3,330,50507,1,1,0.3243524432182312,0
D3_shared_projector_strong,1,3,332,50510,1,1,0.7455165386199951,1
D3_shared_projector_strong,1,3,338,50520,1,1,0.6800940632820129,1
D3_shared_projector_strong,1,3,362,50572,2,0,0.21839438378810883,0
D3_shared_projector_strong,1,3,364,50574,2,0,0.2804105281829834,0
D3_shared_projector_strong,1,3,368,50578,2,0,0.7310860753059387,1
D3_shared_projector_strong,1,3,382,50620,1,1,0.22742530703544617,0
D3_shared_projector_strong,1,3,384,50622,1,1,0.7368345260620117,1
D3_shared_projector_strong,1,3,398,50659,2,0,0.32612156867980957,0
D3_shared_projector_strong,1,3,403,50683,2,0,0.21897238492965698,0
D3_shared_projector_strong,1,3,408,50689,1,1,0.7300540208816528,1
D3_shared_projector_strong,1,3,415,50696,1,1,0.7028777003288269,1
D3_shared_projector_strong,1,3,421,50702,1,1,0.23859462141990662,0
D3_shared_projector_strong,1,3,433,50725,2,0,0.22079382836818695,0
D3_shared_projector_strong,1,3,436,50730,2,0,0.2233109027147293,0
D3_shared_projector_strong,1,3,439,50735,2,0,0.22509661316871643,0
D3_shared_projector_strong,1,3,469,50786,2,0,0.22807742655277252,0
D3_shared_projector_strong,1,3,497,50959,1,1,0.2466825395822525,0
D3_shared_projector_strong,1,3,503,50966,1,1,0.2199721783399582,0
D3_shared_projector_strong,1,3,517,50983,1,1,0.3327069878578186,0
D3_shared_projector_strong,1,3,529,50995,1,1,0.7298401594161987,1
D3_shared_projector_strong,1,3,530,50996,1,1,0.5457280278205872,1
D3_shared_projector_strong,1,3,531,50997,1,1,0.4450843930244446,0
D3_shared_projector_strong,1,3,541,51010,1,1,0.319818377494812,0
D3_shared_projector_strong,1,3,546,51015,1,1,0.21840164065361023,0
D3_shared_projector_strong,1,3,555,51025,1,1,0.47136297821998596,0
D3_shared_projector_strong,1,3,572,51045,2,0,0.22147035598754883,0
D3_shared_projector_strong,1,3,577,51050,2,0,0.2188538759946823,0
D3_shared_projector_strong,1,3,592,51065,2,0,0.21850958466529846,0
D3_shared_projector_strong,1,3,607,51081,2,0,0.2185814082622528,0
D3_shared_projector_strong,1,3,608,51082,2,0,0.23141080141067505,0
D3_shared_projector_strong,1,3,613,51087,2,0,0.21847489476203918,0
D3_shared_projector_strong,1,3,637,51113,2,0,0.21870213747024536,0
D3_shared_projector_strong,1,3,639,51116,2,0,0.22184184193611145,0
D3_shared_projector_strong,1,3,645,51126,2,0,0.2197021245956421,0
D3_shared_projector_strong,1,3,661,51142,2,0,0.23074649274349213,0
D3_shared_projector_strong,1,3,706,51208,1,1,0.24048440158367157,0
D3_shared_projector_strong,1,3,714,51218,1,1,0.7437177300453186,1
D3_shared_projector_strong,1,3,722,51226,1,1,0.2184056043624878,0
D3_shared_projector_strong,1,3,731,51239,1,1,0.7402618527412415,1
D3_shared_projector_strong,1,3,741,51255,2,0,0.2186526358127594,0
D3_shared_projector_strong,1,3,752,51269,2,0,0.21943694353103638,0
D3_shared_projector_strong,1,3,761,51280,2,0,0.21841531991958618,0
D3_shared_projector_strong,1,3,770,51299,1,1,0.7466939687728882,1
D3_shared_projector_strong,1,3,771,51300,1,1,0.7266533374786377,1
D3_shared_projector_strong,1,3,776,51305,2,0,0.3459748327732086,0
D3_shared_projector_strong,1,3,794,51329,1,1,0.2803095579147339,0
D3_shared_projector_strong,1,3,803,51339,2,0,0.2188470959663391,0
D3_shared_projector_strong,1,3,806,51342,2,0,0.218441903591156,0
D3_shared_projector_strong,1,3,838,51484,2,0,0.23949681222438812,0
D3_shared_projector_strong,1,3,855,51569,2,0,0.5631071329116821,1
D3_shared_projector_strong,1,4,4,50007,1,1,0.5998144149780273,1
D3_shared_projector_strong,1,4,32,50041,2,0,0.06646758317947388,0
D3_shared_projector_strong,1,4,46,50056,1,1,0.8949538469314575,1
D3_shared_projector_strong,1,4,57,50111,2,0,0.06665649265050888,0
D3_shared_projector_strong,1,4,60,50114,2,0,0.06749964505434036,0
D3_shared_projector_strong,1,4,87,50152,1,1,0.8925818204879761,1
D3_shared_projector_strong,1,4,94,50161,2,0,0.0655965805053711,0
D3_shared_projector_strong,1,4,120,50203,2,0,0.06501074880361557,0
D3_shared_projector_strong,1,4,135,50239,1,1,0.26588180661201477,0
D3_shared_projector_strong,1,4,149,50257,2,0,0.06387779861688614,0
D3_shared_projector_strong,1,4,153,50262,2,0,0.06477146595716476,0
D3_shared_projector_strong,1,4,154,50263,2,0,0.0651697963476181,0
D3_shared_projector_strong,1,4,166,50275,1,1,0.8796723484992981,1
D3_shared_projector_strong,1,4,179,50295,1,1,0.893267035484314,1
D3_shared_projector_strong,1,4,210,50341,2,0,0.06474373489618301,0
D3_shared_projector_strong,1,4,216,50347,2,0,0.06646331399679184,0
D3_shared_projector_strong,1,4,226,50357,2,0,0.06475409865379333,0
D3_shared_projector_strong,1,4,258,50399,1,1,0.892518162727356,1
D3_shared_projector_strong,1,4,272,50416,2,0,0.06733996421098709,0
D3_shared_projector_strong,1,4,295,50445,2,0,0.06476092338562012,0
D3_shared_projector_strong,1,4,316,50490,1,1,0.8754988312721252,1
D3_shared_projector_strong,1,4,323,50498,1,1,0.8871314525604248,1
D3_shared_projector_strong,1,4,324,50499,1,1,0.8953015208244324,1
D3_shared_projector_strong,1,4,328,50503,1,1,0.8948670029640198,1
D3_shared_projector_strong,1,4,329,50504,1,1,0.8917688131332397,1
D3_shared_projector_strong,1,4,344,50527,1,1,0.10071733593940735,0
D3_shared_projector_strong,1,4,349,50532,1,1,0.8934538960456848,1
D3_shared_projector_strong,1,4,350,50551,2,0,0.09192059934139252,0
D3_shared_projector_strong,1,4,359,50569,2,0,0.2269553393125534,0
D3_shared_projector_strong,1,4,360,50570,2,0,0.06543874740600586,0
D3_shared_projector_strong,1,4,363,50573,2,0,0.0638735294342041,0
D3_shared_projector_strong,1,4,371,50603,1,1,0.8939759731292725,1
D3_shared_projector_strong,1,4,380,50616,1,1,0.8951196670532227,1
D3_shared_projector_strong,1,4,387,50625,1,1,0.06500166654586792,0
D3_shared_projector_strong,1,4,389,50627,1,1,0.8951556086540222,1
D3_shared_projector_strong,1,4,391,50642,1,1,0.870930016040802,1
D3_shared_projector_strong,1,4,392,50644,1,1,0.8951054811477661,1
D3_shared_projector_strong,1,4,402,50682,2,0,0.06558495759963989,0
D3_shared_projector_strong,1,4,430,50722,2,0,0.0663064643740654,0
D3_shared_projector_strong,1,4,437,50731,2,0,0.06771061569452286,0
D3_shared_projector_strong,1,4,458,50772,2,0,0.8872019648551941,1
D3_shared_projector_strong,1,4,473,50796,1,1,0.8949747085571289,1
D3_shared_projector_strong,1,4,474,50797,1,1,0.8927214741706848,1
D3_shared_projector_strong,1,4,481,50812,2,0,0.0649028941988945,0
D3_shared_projector_strong,1,4,483,50816,2,0,0.06680744886398315,0
D3_shared_projector_strong,1,4,485,50818,2,0,0.0650056004524231,0
D3_shared_projector_strong,1,4,509,50973,1,1,0.8231239318847656,1
D3_shared_projector_strong,1,4,516,50982,1,1,0.13654553890228271,0
D3_shared_projector_strong,1,4,543,51012,1,1,0.6993211507797241,1
D3_shared_projector_strong,1,4,548,51017,1,1,0.8932209014892578,1
D3_shared_projector_strong,1,4,549,51018,1,1,0.8875688314437866,1
D3_shared_projector_strong,1,4,551,51020,1,1,0.3257285952568054,0
D3_shared_projector_strong,1,4,575,51048,2,0,0.07719787955284119,0
D3_shared_projector_strong,1,4,590,51063,2,0,0.06948444247245789,0
D3_shared_projector_strong,1,4,598,51072,2,0,0.1900554746389389,0
D3_shared_projector_strong,1,4,605,51079,2,0,0.8671931624412537,1
D3_shared_projector_strong,1,4,618,51093,2,0,0.06869727373123169,0
D3_shared_projector_strong,1,4,626,51101,2,0,0.06414681673049927,0
D3_shared_projector_strong,1,4,641,51118,2,0,0.685265064239502,1
D3_shared_projector_strong,1,4,649,51130,2,0,0.8177215456962585,1
D3_shared_projector_strong,1,4,653,51134,2,0,0.0647483691573143,0
D3_shared_projector_strong,1,4,658,51139,2,0,0.0647500678896904,0
D3_shared_projector_strong,1,4,659,51140,2,0,0.06488802284002304,0
D3_shared_projector_strong,1,4,666,51150,2,0,0.06517297029495239,0
D3_shared_projector_strong,1,4,678,51168,1,1,0.7123056054115295,1
D3_shared_projector_strong,1,4,687,51181,2,0,0.17608366906642914,0
D3_shared_projector_strong,1,4,690,51184,2,0,0.4871675968170166,0
D3_shared_projector_strong,1,4,699,51201,1,1,0.8271245360374451,1
D3_shared_projector_strong,1,4,708,51211,1,1,0.8953661918640137,1
D3_shared_projector_strong,1,4,712,51216,1,1,0.06475342065095901,0
D3_shared_projector_strong,1,4,716,51220,1,1,0.8459434509277344,1
D3_shared_projector_strong,1,4,718,51222,1,1,0.20508186519145966,0
D3_shared_projector_strong,1,4,723,51228,1,1,0.8940721154212952,1
D3_shared_projector_strong,1,4,742,51256,2,0,0.06682092696428299,0
D3_shared_projector_strong,1,4,750,51267,2,0,0.06789017468690872,0
D3_shared_projector_strong,1,4,778,51307,2,0,0.8920959830284119,1
D3_shared_projector_strong,1,4,793,51328,1,1,0.8917931914329529,1
D3_shared_projector_strong,1,4,808,51344,2,0,0.17319749295711517,0
D3_shared_projector_strong,1,4,815,51354,1,1,0.8927818536758423,1
D3_shared_projector_strong,1,4,817,51357,2,0,0.06943660974502563,0
D3_shared_projector_strong,1,4,845,51558,2,0,0.0651717558503151,0
D3_shared_projector_strong,1,4,846,51559,2,0,0.06426960229873657,0
D3_shared_projector_strong,1,4,852,51566,2,0,0.06416822969913483,0
D3_shared_projector_strong,1,4,854,51568,2,0,0.06389842182397842,0
D3_shared_projector_strong,1,4,860,51576,1,1,0.15672087669372559,0
D3_shared_projector_strong,1,4,861,51577,1,1,0.8801593780517578,1
D3_shared_projector_strong,1,4,863,51579,1,1,0.06385505944490433,0
D3_shared_projector_strong,1,5,9,50013,1,1,0.8391324877738953,1
D3_shared_projector_strong,1,5,12,50016,1,1,0.6089395880699158,1
D3_shared_projector_strong,1,5,21,50030,2,0,0.7999607920646667,1
D3_shared_projector_strong,1,5,28,50037,2,0,0.25976884365081787,0
D3_shared_projector_strong,1,5,37,50046,2,0,0.11305510997772217,0
D3_shared_projector_strong,1,5,48,50059,2,0,0.11138573288917542,0
D3_shared_projector_strong,1,5,73,50130,1,1,0.27589476108551025,0
D3_shared_projector_strong,1,5,77,50135,1,1,0.8569851517677307,1
D3_shared_projector_strong,1,5,79,50143,1,1,0.8547757267951965,1
D3_shared_projector_strong,1,5,81,50145,1,1,0.7651354074478149,1
D3_shared_projector_strong,1,5,95,50162,2,0,0.12640677392482758,0
D3_shared_projector_strong,1,5,97,50164,2,0,0.11179689317941666,0
D3_shared_projector_strong,1,5,102,50171,2,0,0.18139705061912537,0
D3_shared_projector_strong,1,5,128,50215,2,0,0.10995673388242722,0
D3_shared_projector_strong,1,5,134,50237,1,1,0.8514207005500793,1
D3_shared_projector_strong,1,5,142,50249,1,1,0.8577830195426941,1
D3_shared_projector_strong,1,5,150,50259,2,0,0.110927514731884,0
D3_shared_projector_strong,1,5,167,50276,1,1,0.8429741859436035,1
D3_shared_projector_strong,1,5,177,50293,1,1,0.8401219248771667,1
D3_shared_projector_strong,1,5,185,50304,1,1,0.805882453918457,1
D3_shared_projector_strong,1,5,191,50318,1,1,0.1160992830991745,0
D3_shared_projector_strong,1,5,207,50338,2,0,0.11333899945020676,0
D3_shared_projector_strong,1,5,243,50375,2,0,0.11420091241598129,0
D3_shared_projector_strong,1,5,250,50383,2,0,0.12221644818782806,0
D3_shared_projector_strong,1,5,271,50415,2,0,0.11179417371749878,0
D3_shared_projector_strong,1,5,276,50421,2,0,0.11182336509227753,0
D3_shared_projector_strong,1,5,280,50426,2,0,0.11156752705574036,0
D3_shared_projector_strong,1,5,286,50436,2,0,0.5291317701339722,1
D3_shared_projector_strong,1,5,293,50443,2,0,0.48184430599212646,0
D3_shared_projector_strong,1,5,304,50468,2,0,0.15371549129486084,0
D3_shared_projector_strong,1,5,306,50470,2,0,0.13114890456199646,0
D3_shared_projector_strong,1,5,327,50502,1,1,0.8572273850440979,1
D3_shared_projector_strong,1,5,334,50515,1,1,0.8578600883483887,1
D3_shared_projector_strong,1,5,336,50518,1,1,0.7809934020042419,1
D3_shared_projector_strong,1,5,339,50521,1,1,0.3885746896266937,0
D3_shared_projector_strong,1,5,347,50530,1,1,0.8513159155845642,1
D3_shared_projector_strong,1,5,351,50552,2,0,0.12760062515735626,0
D3_shared_projector_strong,1,5,355,50561,2,0,0.11266596615314484,0
D3_shared_projector_strong,1,5,367,50577,2,0,0.10969509929418564,0
D3_shared_projector_strong,1,5,385,50623,1,1,0.8242951035499573,1
D3_shared_projector_strong,1,5,411,50692,2,0,0.10980536043643951,0
D3_shared_projector_strong,1,5,412,50693,1,1,0.1148986965417862,0
D3_shared_projector_strong,1,5,417,50698,2,0,0.11204152554273605,0
D3_shared_projector_strong,1,5,443,50740,2,0,0.11011634767055511,0
D3_shared_projector_strong,1,5,465,50780,2,0,0.16000178456306458,0
D3_shared_projector_strong,1,5,484,50817,2,0,0.11245153844356537,0
D3_shared_projector_strong,1,5,487,50821,2,0,0.10968518257141113,0
D3_shared_projector_strong,1,5,494,50956,1,1,0.8556859493255615,1
D3_shared_projector_strong,1,5,498,50960,1,1,0.18319359421730042,0
D3_shared_projector_strong,1,5,504,50967,1,1,0.8358872532844543,1
D3_shared_projector_strong,1,5,507,50970,1,1,0.8520275950431824,1
D3_shared_projector_strong,1,5,513,50978,1,1,0.8577202558517456,1
D3_shared_projector_strong,1,5,514,50979,1,1,0.587470293045044,1
D3_shared_projector_strong,1,5,528,50994,1,1,0.8578407764434814,1
D3_shared_projector_strong,1,5,533,51000,1,1,0.8578523397445679,1
D3_shared_projector_strong,1,5,536,51003,1,1,0.8506528735160828,1
D3_shared_projector_strong,1,5,537,51006,1,1,0.8572059273719788,1
D3_shared_projector_strong,1,5,538,51007,1,1,0.8422092199325562,1
D3_shared_projector_strong,1,5,539,51008,1,1,0.12209412455558777,0
D3_shared_projector_strong,1,5,547,51016,1,1,0.6209703683853149,1
D3_shared_projector_strong,1,5,550,51019,1,1,0.8041466474533081,1
D3_shared_projector_strong,1,5,594,51067,2,0,0.11456599086523056,0
D3_shared_projector_strong,1,5,614,51088,2,0,0.1137162297964096,0
D3_shared_projector_strong,1,5,616,51090,2,0,0.1111983209848404,0
D3_shared_projector_strong,1,5,621,51096,2,0,0.11333170533180237,0
D3_shared_projector_strong,1,5,623,51098,2,0,0.11585481464862823,0
D3_shared_projector_strong,1,5,628,51103,2,0,0.3888978958129883,0
D3_shared_projector_strong,1,5,647,51128,2,0,0.11125828325748444,0
D3_shared_projector_strong,1,5,660,51141,2,0,0.12101947516202927,0
D3_shared_projector_strong,1,5,669,51153,2,0,0.11155717819929123,0
D3_shared_projector_strong,1,5,674,51161,1,1,0.834516167640686,1
D3_shared_projector_strong,1,5,685,51179,1,1,0.8331677913665771,1
D3_shared_projector_strong,1,5,698,51198,2,0,0.14886613190174103,0
D3_shared_projector_strong,1,5,702,51204,1,1,0.8505169749259949,1
D3_shared_projector_strong,1,5,713,51217,1,1,0.12473346292972565,0
D3_shared_projector_strong,1,5,719,51223,1,1,0.559188723564148,1
D3_shared_projector_strong,1,5,727,51234,1,1,0.8479270339012146,1
D3_shared_projector_strong,1,5,737,51251,2,0,0.5556259155273438,1
D3_shared_projector_strong,1,5,738,51252,2,0,0.8555141091346741,1
D3_shared_projector_strong,1,5,746,51262,2,0,0.6001012325286865,1
D3_shared_projector_strong,1,5,805,51341,2,0,0.39800989627838135,0
D3_shared_projector_strong,1,5,821,51362,2,0,0.11749672889709473,0
D3_shared_projector_strong,1,5,823,51364,2,0,0.1286345273256302,0
D3_shared_projector_strong,1,5,832,51473,1,1,0.38576751947402954,0
D3_shared_projector_strong,1,5,847,51560,2,0,0.11101099103689194,0
D3_shared_projector_strong,1,5,848,51562,2,0,0.11126533895730972,0
D3_shared_projector_strong,1,5,849,51563,2,0,0.10968387871980667,0
D3_shared_projector_strong,1,6,6,50010,1,1,0.8899564146995544,1
D3_shared_projector_strong,1,6,47,50057,1,1,0.09074115008115768,0
D3_shared_projector_strong,1,6,54,50106,2,0,0.12798109650611877,0
D3_shared_projector_strong,1,6,61,50115,2,0,0.0907733291387558,0
D3_shared_projector_strong,1,6,70,50127,1,1,0.17317931354045868,0
D3_shared_projector_strong,1,6,76,50134,1,1,0.8919457793235779,1
D3_shared_projector_strong,1,6,78,50142,1,1,0.8923684358596802,1
D3_shared_projector_strong,1,6,82,50146,1,1,0.31416305899620056,0
D3_shared_projector_strong,1,6,91,50158,2,0,0.08941226452589035,0
D3_shared_projector_strong,1,6,92,50159,2,0,0.8914264440536499,1
D3_shared_projector_strong,1,6,112,50194,2,0,0.09038157016038895,0
D3_shared_projector_strong,1,6,123,50206,2,0,0.25509515404701233,0
D3_shared_projector_strong,1,6,124,50208,2,0,0.0895063728094101,0
D3_shared_projector_strong,1,6,130,50232,1,1,0.882983386516571,1
D3_shared_projector_strong,1,6,131,50233,1,1,0.8921273946762085,1
D3_shared_projector_strong,1,6,137,50241,1,1,0.8907926678657532,1
D3_shared_projector_strong,1,6,139,50245,1,1,0.8923482298851013,1
D3_shared_projector_strong,1,6,140,50247,1,1,0.8907470703125,1
D3_shared_projector_strong,1,6,151,50260,2,0,0.08942592889070511,0
D3_shared_projector_strong,1,6,168,50278,1,1,0.8902692794799805,1
D3_shared_projector_strong,1,6,175,50291,1,1,0.8356039524078369,1
D3_shared_projector_strong,1,6,196,50325,1,1,0.0917089432477951,0
D3_shared_projector_strong,1,6,205,50336,2,0,0.10189253836870193,0
D3_shared_projector_strong,1,6,219,50350,2,0,0.09164918214082718,0
D3_shared_projector_strong,1,6,220,50351,2,0,0.09117467701435089,0
D3_shared_projector_strong,1,6,223,50354,2,0,0.09629210084676743,0
D3_shared_projector_strong,1,6,228,50359,2,0,0.11048996448516846,0
D3_shared_projector_strong,1,6,229,50360,2,0,0.08972560614347458,0
D3_shared_projector_strong,1,6,234,50365,2,0,0.09031520038843155,0
D3_shared_projector_strong,1,6,239,50370,2,0,0.09045415371656418,0
D3_shared_projector_strong,1,6,254,50388,2,0,0.08971739560365677,0
D3_shared_projector_strong,1,6,260,50403,1,1,0.09323840588331223,0
D3_shared_projector_strong,1,6,278,50424,2,0,0.08968400955200195,0
D3_shared_projector_strong,1,6,290,50440,2,0,0.8228911757469177,1
D3_shared_projector_strong,1,6,292,50442,2,0,0.0913529023528099,0
D3_shared_projector_strong,1,6,299,50449,2,0,0.08963742852210999,0
D3_shared_projector_strong,1,6,302,50466,2,0,0.08944424986839294,0
D3_shared_projector_strong,1,6,321,50496,1,1,0.8896599411964417,1
D3_shared_projector_strong,1,6,340,50523,1,1,0.8892516493797302,1
D3_shared_projector_strong,1,6,345,50528,1,1,0.8923016786575317,1
D3_shared_projector_strong,1,6,357,50565,2,0,0.10645685344934464,0
D3_shared_projector_strong,1,6,365,50575,2,0,0.08940195292234421,0
D3_shared_projector_strong,1,6,372,50604,1,1,0.889139711856842,1
D3_shared_projector_strong,1,6,374,50607,1,1,0.08974811434745789,0
D3_shared_projector_strong,1,6,379,50615,1,1,0.8909791707992554,1
D3_shared_projector_strong,1,6,399,50664,2,0,0.08974523097276688,0
D3_shared_projector_strong,1,6,426,50707,2,0,0.09035586565732956,0
D3_shared_projector_strong,1,6,444,50741,2,0,0.09195946902036667,0
D3_shared_projector_strong,1,6,467,50782,2,0,0.09946534782648087,0
D3_shared_projector_strong,1,6,468,50783,2,0,0.0907505452632904,0
D3_shared_projector_strong,1,6,470,50790,2,0,0.09042391926050186,0
D3_shared_projector_strong,1,6,480,50807,1,1,0.8916645646095276,1
D3_shared_projector_strong,1,6,493,50955,1,1,0.08953528851270676,0
D3_shared_projector_strong,1,6,499,50961,1,1,0.8807951211929321,1
D3_shared_projector_strong,1,6,515,50981,1,1,0.7887791395187378,1
D3_shared_projector_strong,1,6,518,50984,1,1,0.7757655382156372,1
D3_shared_projector_strong,1,6,522,50988,1,1,0.5546541213989258,1
D3_shared_projector_strong,1,6,523,50989,1,1,0.8885843753814697,1
D3_shared_projector_strong,1,6,542,51011,1,1,0.8863986134529114,1
D3_shared_projector_strong,1,6,556,51026,1,1,0.8866928219795227,1
D3_shared_projector_strong,1,6,557,51027,1,1,0.23023849725723267,0
D3_shared_projector_strong,1,6,567,51039,2,0,0.09100241959095001,0
D3_shared_projector_strong,1,6,569,51041,2,0,0.0915631353855133,0
D3_shared_projector_strong,1,6,573,51046,2,0,0.09597592055797577,0
D3_shared_projector_strong,1,6,581,51054,2,0,0.09031828492879868,0
D3_shared_projector_strong,1,6,582,51055,2,0,0.09158684313297272,0
D3_shared_projector_strong,1,6,583,51056,2,0,0.09239900857210159,0
D3_shared_projector_strong,1,6,601,51075,2,0,0.09322793781757355,0
D3_shared_projector_strong,1,6,604,51078,2,0,0.09346841275691986,0
D3_shared_projector_strong,1,6,624,51099,2,0,0.08973409980535507,0
D3_shared_projector_strong,1,6,672,51156,2,0,0.09240910410881042,0
D3_shared_projector_strong,1,6,707,51210,1,1,0.879616379737854,1
D3_shared_projector_strong,1,6,725,51230,1,1,0.8922770619392395,1
D3_shared_projector_strong,1,6,739,51253,2,0,0.09010260552167892,0
D3_shared_projector_strong,1,6,762,51281,2,0,0.09168098121881485,0
D3_shared_projector_strong,1,6,773,51302,1,1,0.8790172934532166,1
D3_shared_projector_strong,1,6,775,51304,2,0,0.08940446376800537,0
D3_shared_projector_strong,1,6,785,51319,1,1,0.8891836404800415,1
D3_shared_projector_strong,1,6,796,51331,1,1,0.8867414593696594,1
D3_shared_projector_strong,1,6,810,51346,2,0,0.08970173448324203,0
D3_shared_projector_strong,1,6,811,51347,2,0,0.09058072417974472,0
D3_shared_projector_strong,1,6,812,51349,1,1,0.0905846580862999,0
D3_shared_projector_strong,1,6,819,51360,2,0,0.09436680376529694,0
D3_shared_projector_strong,1,6,844,51557,2,0,0.09099487215280533,0
D3_shared_projector_strong,1,6,858,51573,1,1,0.185411274433136,0
D3_shared_projector_strong,1,6,864,51580,1,1,0.5354863405227661,1
D3_shared_projector_strong,1,6,869,51606,1,1,0.09056303650140762,0
D3_shared_projector_strong,1,7,22,50031,2,0,0.053045425564050674,0
D3_shared_projector_strong,1,7,24,50033,2,0,0.05311822146177292,0
D3_shared_projector_strong,1,7,29,50038,2,0,0.053036559373140335,0
D3_shared_projector_strong,1,7,43,50052,2,0,0.5880516171455383,1
D3_shared_projector_strong,1,7,50,50102,2,0,0.05315013229846954,0
D3_shared_projector_strong,1,7,58,50112,2,0,0.05319260060787201,0
D3_shared_projector_strong,1,7,62,50116,2,0,0.82030189037323,1
D3_shared_projector_strong,1,7,86,50150,1,1,0.07746365666389465,0
D3_shared_projector_strong,1,7,89,50156,1,1,0.9195932745933533,1
D3_shared_projector_strong,1,7,93,50160,2,0,0.05919048562645912,0
D3_shared_projector_strong,1,7,99,50168,2,0,0.056857261806726456,0
D3_shared_projector_strong,1,7,121,50204,2,0,0.05519654601812363,0
D3_shared_projector_strong,1,7,125,50210,2,0,0.05372856557369232,0
D3_shared_projector_strong,1,7,127,50214,2,0,0.0560954213142395,0
D3_shared_projector_strong,1,7,129,50217,2,0,0.055893342941999435,0
D3_shared_projector_strong,1,7,133,50236,1,1,0.9185022711753845,1
D3_shared_projector_strong,1,7,158,50267,2,0,0.05308984965085983,0
D3_shared_projector_strong,1,7,162,50271,2,0,0.15212316811084747,0
D3_shared_projector_strong,1,7,169,50282,1,1,0.9165527820587158,1
D3_shared_projector_strong,1,7,183,50301,1,1,0.38941171765327454,0
D3_shared_projector_strong,1,7,188,50312,1,1,0.8976369500160217,1
D3_shared_projector_strong,1,7,211,50342,2,0,0.05865718051791191,0
D3_shared_projector_strong,1,7,212,50343,2,0,0.831815242767334,1
D3_shared_projector_strong,1,7,238,50369,2,0,0.05917488411068916,0
D3_shared_projector_strong,1,7,245,50377,2,0,0.05397605895996094,0
D3_shared_projector_strong,1,7,251,50385,2,0,0.7390222549438477,1
D3_shared_projector_strong,1,7,262,50405,1,1,0.9147441387176514,1
D3_shared_projector_strong,1,7,266,50410,1,1,0.7611444592475891,1
D3_shared_projector_strong,1,7,274,50418,2,0,0.05392641946673393,0
D3_shared_projector_strong,1,7,300,50453,2,0,0.7889002561569214,1
D3_shared_projector_strong,1,7,307,50477,1,1,0.9015952348709106,1
D3_shared_projector_strong,1,7,317,50491,1,1,0.9104956984519958,1
D3_shared_projector_strong,1,7,318,50492,1,1,0.9182190895080566,1
D3_shared_projector_strong,1,7,325,50500,1,1,0.8149510622024536,1
D3_shared_projector_strong,1,7,346,50529,1,1,0.9174213409423828,1
D3_shared_projector_strong,1,7,353,50557,2,0,0.05332665517926216,0
D3_shared_projector_strong,1,7,354,50558,2,0,0.057800859212875366,0
D3_shared_projector_strong,1,7,373,50606,1,1,0.3910347521305084,0
D3_shared_projector_strong,1,7,375,50608,1,1,0.21038326621055603,0
D3_shared_projector_strong,1,7,386,50624,1,1,0.9178546667098999,1
D3_shared_projector_strong,1,7,395,50649,1,1,0.07041485607624054,0
D3_shared_projector_strong,1,7,407,50688,2,0,0.05356111750006676,0
D3_shared_projector_strong,1,7,418,50699,2,0,0.9194334745407104,1
D3_shared_projector_strong,1,7,428,50709,2,0,0.05492810904979706,0
D3_shared_projector_strong,1,7,450,50749,1,1,0.9189291000366211,1
D3_shared_projector_strong,1,7,453,50752,1,1,0.8778979778289795,1
D3_shared_projector_strong,1,7,456,50756,1,1,0.918671727180481,1
D3_shared_projector_strong,1,7,495,50957,1,1,0.3848509192466736,0
D3_shared_projector_strong,1,7,510,50974,1,1,0.9188017249107361,1
D3_shared_projector_strong,1,7,521,50987,1,1,0.9177631139755249,1
D3_shared_projector_strong,1,7,554,51024,1,1,0.9169254302978516,1
D3_shared_projector_strong,1,7,587,51060,2,0,0.6265561580657959,1
D3_shared_projector_strong,1,7,593,51066,2,0,0.054991044104099274,0
D3_shared_projector_strong,1,7,619,51094,2,0,0.056233830749988556,0
D3_shared_projector_strong,1,7,620,51095,2,0,0.32285603880882263,0
D3_shared_projector_strong,1,7,629,51104,2,0,0.05449433997273445,0
D3_shared_projector_strong,1,7,634,51110,2,0,0.05372791364789009,0
D3_shared_projector_strong,1,7,663,51147,2,0,0.05397574603557587,0
D3_shared_projector_strong,1,7,667,51151,2,0,0.05369849503040314,0
D3_shared_projector_strong,1,7,671,51155,2,0,0.053812868893146515,0
D3_shared_projector_strong,1,7,673,51159,2,0,0.9189199805259705,1
D3_shared_projector_strong,1,7,676,51163,1,1,0.6704431176185608,1
D3_shared_projector_strong,1,7,682,51173,1,1,0.9193915128707886,1
D3_shared_projector_strong,1,7,683,51177,1,1,0.8976321816444397,1
D3_shared_projector_strong,1,7,684,51178,1,1,0.918903648853302,1
D3_shared_projector_strong,1,7,695,51192,2,0,0.0536491759121418,0
D3_shared_projector_strong,1,7,704,51206,1,1,0.7672377228736877,1
D3_shared_projector_strong,1,7,710,51214,1,1,0.9159092903137207,1
D3_shared_projector_strong,1,7,717,51221,1,1,0.9131142497062683,1
D3_shared_projector_strong,1,7,720,51224,1,1,0.9097715020179749,1
D3_shared_projector_strong,1,7,724,51229,1,1,0.9184588193893433,1
D3_shared_projector_strong,1,7,736,51250,2,0,0.05570125952363014,0
D3_shared_projector_strong,1,7,759,51278,2,0,0.10717141628265381,0
D3_shared_projector_strong,1,7,760,51279,2,0,0.05330069735646248,0
D3_shared_projector_strong,1,7,764,51292,1,1,0.9131842255592346,1
D3_shared_projector_strong,1,7,774,51303,2,0,0.0539935864508152,0
D3_shared_projector_strong,1,7,784,51318,1,1,0.17925183475017548,0
D3_shared_projector_strong,1,7,799,51334,2,0,0.053202252835035324,0
D3_shared_projector_strong,1,7,807,51343,2,0,0.05766806751489639,0
D3_shared_projector_strong,1,7,820,51361,2,0,0.05421295017004013,0
D3_shared_projector_strong,1,7,827,51373,2,0,0.05640777200460434,0
D3_shared_projector_strong,1,7,828,51461,1,1,0.9167352318763733,1
D3_shared_projector_strong,1,7,830,51464,1,1,0.9136782288551331,1
D3_shared_projector_strong,1,7,831,51465,1,1,0.918918251991272,1
D3_shared_projector_strong,1,7,833,51477,2,0,0.05346479266881943,0
D3_shared_projector_strong,1,7,857,51572,1,1,0.9186547994613647,1
D3_shared_projector_strong,1,7,866,51583,1,1,0.9137003421783447,1
D3_shared_projector_strong,1,8,5,50008,1,1,0.9349395632743835,1
D3_shared_projector_strong,1,8,7,50011,1,1,0.9445089101791382,1
D3_shared_projector_strong,1,8,10,50014,1,1,0.9436180591583252,1
D3_shared_projector_strong,1,8,14,50022,1,1,0.04961070790886879,0
D3_shared_projector_strong,1,8,16,50024,1,1,0.944236695766449,1
D3_shared_projector_strong,1,8,35,50044,2,0,0.049934595823287964,0
D3_shared_projector_strong,1,8,42,50051,2,0,0.8224083185195923,1
D3_shared_projector_strong,1,8,49,50060,2,0,0.049642086029052734,0
D3_shared_projector_strong,1,8,52,50104,2,0,0.055732741951942444,0
D3_shared_projector_strong,1,8,56,50109,2,0,0.05033246427774429,0
D3_shared_projector_strong,1,8,65,50119,1,1,0.05151350051164627,0
D3_shared_projector_strong,1,8,67,50123,1,1,0.9424369931221008,1
D3_shared_projector_strong,1,8,101,50170,2,0,0.07849233597517014,0
D3_shared_projector_strong,1,8,103,50182,1,1,0.9062424302101135,1
D3_shared_projector_strong,1,8,104,50183,1,1,0.9439528584480286,1
D3_shared_projector_strong,1,8,106,50186,1,1,0.9421990513801575,1
D3_shared_projector_strong,1,8,117,50200,2,0,0.051238056272268295,0
D3_shared_projector_strong,1,8,118,50201,2,0,0.050305917859077454,0
D3_shared_projector_strong,1,8,143,50250,1,1,0.05012921988964081,0
D3_shared_projector_strong,1,8,146,50253,1,1,0.561580240726471,1
D3_shared_projector_strong,1,8,164,50273,1,1,0.9400221109390259,1
D3_shared_projector_strong,1,8,171,50285,1,1,0.049942534416913986,0
D3_shared_projector_strong,1,8,184,50302,1,1,0.9424367547035217,1
D3_shared_projector_strong,1,8,187,50310,1,1,0.944559633731842,1
D3_shared_projector_strong,1,8,194,50321,1,1,0.9407135248184204,1
D3_shared_projector_strong,1,8,198,50329,2,0,0.05174827203154564,0
D3_shared_projector_strong,1,8,214,50345,2,0,0.05031551048159599,0
D3_shared_projector_strong,1,8,227,50358,2,0,0.05059296265244484,0
D3_shared_projector_strong,1,8,231,50362,2,0,0.04959731921553612,0
D3_shared_projector_strong,1,8,244,50376,2,0,0.7300657033920288,1
D3_shared_projector_strong,1,8,263,50406,1,1,0.9396814703941345,1
D3_shared_projector_strong,1,8,268,50412,1,1,0.9413049817085266,1
D3_shared_projector_strong,1,8,270,50414,2,0,0.9419938921928406,1
D3_shared_projector_strong,1,8,281,50427,2,0,0.050007306039333344,0
D3_shared_projector_strong,1,8,298,50448,2,0,0.04976329952478409,0
D3_shared_projector_strong,1,8,309,50481,1,1,0.944464921951294,1
D3_shared_projector_strong,1,8,314,50487,1,1,0.94223952293396,1
D3_shared_projector_strong,1,8,358,50568,2,0,0.7364289164543152,1
D3_shared_projector_strong,1,8,366,50576,2,0,0.063630610704422,0
D3_shared_projector_strong,1,8,369,50601,1,1,0.2775859236717224,0
D3_shared_projector_strong,1,8,381,50619,1,1,0.9443673491477966,1
D3_shared_projector_strong,1,8,404,50685,2,0,0.05080769211053848,0
D3_shared_projector_strong,1,8,419,50700,1,1,0.9438598155975342,1
D3_shared_projector_strong,1,8,420,50701,2,0,0.04966919496655464,0
D3_shared_projector_strong,1,8,432,50724,2,0,0.05060480907559395,0
D3_shared_projector_strong,1,8,440,50737,2,0,0.0497969351708889,0
D3_shared_projector_strong,1,8,454,50754,1,1,0.9414747357368469,1
D3_shared_projector_strong,1,8,462,50776,2,0,0.04961147531867027,0
D3_shared_projector_strong,1,8,471,50791,1,1,0.9432590007781982,1
D3_shared_projector_strong,1,8,482,50814,2,0,0.11424148827791214,0
D3_shared_projector_strong,1,8,508,50972,1,1,0.9424412250518799,1
D3_shared_projector_strong,1,8,525,50991,1,1,0.6939603686332703,1
D3_shared_projector_strong,1,8,527,50993,1,1,0.9409019351005554,1
D3_shared_projector_strong,1,8,532,50999,1,1,0.9445172548294067,1
D3_shared_projector_strong,1,8,544,51013,1,1,0.9445729851722717,1
D3_shared_projector_strong,1,8,559,51029,1,1,0.7934718728065491,1
D3_shared_projector_strong,1,8,576,51049,2,0,0.05772910639643669,0
D3_shared_projector_strong,1,8,596,51069,2,0,0.05400558561086655,0
D3_shared_projector_strong,1,8,627,51102,2,0,0.049582138657569885,0
D3_shared_projector_strong,1,8,632,51107,2,0,0.9439286589622498,1
D3_shared_projector_strong,1,8,635,51111,2,0,0.049798738211393356,0
D3_shared_projector_strong,1,8,638,51114,2,0,0.04969068244099617,0
D3_shared_projector_strong,1,8,642,51122,2,0,0.055742617696523666,0
D3_shared_projector_strong,1,8,644,51124,2,0,0.052585501223802567,0
D3_shared_projector_strong,1,8,656,51137,2,0,0.053238630294799805,0
D3_shared_projector_strong,1,8,670,51154,2,0,0.22257408499717712,0
D3_shared_projector_strong,1,8,694,51189,2,0,0.050847746431827545,0
D3_shared_projector_strong,1,8,701,51203,1,1,0.944402277469635,1
D3_shared_projector_strong,1,8,711,51215,1,1,0.06425950676202774,0
D3_shared_projector_strong,1,8,730,51237,1,1,0.941307783126831,1
D3_shared_projector_strong,1,8,733,51241,1,1,0.9424216151237488,1
D3_shared_projector_strong,1,8,745,51261,2,0,0.050399601459503174,0
D3_shared_projector_strong,1,8,747,51264,2,0,0.05540888011455536,0
D3_shared_projector_strong,1,8,758,51277,2,0,0.05005091428756714,0
D3_shared_projector_strong,1,8,777,51306,2,0,0.29417556524276733,0
D3_shared_projector_strong,1,8,783,51315,2,0,0.04964299499988556,0
D3_shared_projector_strong,1,8,786,51320,1,1,0.9397259950637817,1
D3_shared_projector_strong,1,8,788,51322,1,1,0.05046549439430237,0
D3_shared_projector_strong,1,8,790,51325,1,1,0.9445738196372986,1
D3_shared_projector_strong,1,8,791,51326,1,1,0.6711322665214539,1
D3_shared_projector_strong,1,8,797,51332,2,0,0.0500144362449646,0
D3_shared_projector_strong,1,8,801,51336,2,0,0.049610670655965805,0
D3_shared_projector_strong,1,8,802,51338,2,0,0.9419483542442322,1
D3_shared_projector_strong,1,8,816,51356,2,0,0.9346150159835815,1
D3_shared_projector_strong,1,8,824,51365,2,0,0.051479268819093704,0
D3_shared_projector_strong,1,8,825,51369,2,0,0.049588486552238464,0
D3_shared_projector_strong,1,8,839,51487,2,0,0.06763999164104462,0
D3_shared_projector_strong,1,9,0,50003,1,1,0.4460752308368683,0
D3_shared_projector_strong,1,9,44,50053,1,1,0.5182991027832031,1
D3_shared_projector_strong,1,9,51,50103,2,0,0.571722149848938,1
D3_shared_projector_strong,1,9,83,50147,1,1,0.7646397948265076,1
D3_shared_projector_strong,1,9,96,50163,2,0,0.3135434687137604,0
D3_shared_projector_strong,1,9,110,50190,1,1,0.8165949583053589,1
D3_shared_projector_strong,1,9,116,50199,2,0,0.15728390216827393,0
D3_shared_projector_strong,1,9,136,50240,1,1,0.8359078764915466,1
D3_shared_projector_strong,1,9,155,50264,2,0,0.36478307843208313,0
D3_shared_projector_strong,1,9,157,50266,2,0,0.14933370053768158,0
D3_shared_projector_strong,1,9,161,50270,2,0,0.1540883183479309,0
D3_shared_projector_strong,1,9,178,50294,1,1,0.8086132407188416,1
D3_shared_projector_strong,1,9,180,50297,1,1,0.19854570925235748,0
D3_shared_projector_strong,1,9,181,50298,1,1,0.25824013352394104,0
D3_shared_projector_strong,1,9,182,50300,1,1,0.15016967058181763,0
D3_shared_projector_strong,1,9,197,50327,2,0,0.15014737844467163,0
D3_shared_projector_strong,1,9,202,50333,2,0,0.15101498365402222,0
D3_shared_projector_strong,1,9,208,50339,2,0,0.15101885795593262,0
D3_shared_projector_strong,1,9,237,50368,2,0,0.14926637709140778,0
D3_shared_projector_strong,1,9,247,50380,2,0,0.26885613799095154,0
D3_shared_projector_strong,1,9,249,50382,2,0,0.15076914429664612,0
D3_shared_projector_strong,1,9,257,50397,1,1,0.8294434547424316,1
D3_shared_projector_strong,1,9,267,50411,1,1,0.8375139236450195,1
D3_shared_projector_strong,1,9,287,50437,2,0,0.8420267105102539,1
D3_shared_projector_strong,1,9,294,50444,2,0,0.1892739087343216,0
D3_shared_projector_strong,1,9,297,50447,2,0,0.3332958221435547,0
D3_shared_projector_strong,1,9,310,50482,1,1,0.8427048325538635,1
D3_shared_projector_strong,1,9,320,50494,1,1,0.6567855477333069,1
D3_shared_projector_strong,1,9,341,50524,1,1,0.8373762369155884,1
D3_shared_projector_strong,1,9,352,50555,2,0,0.14923502504825592,0
D3_shared_projector_strong,1,9,377,50613,1,1,0.8335013389587402,1
D3_shared_projector_strong,1,9,378,50614,1,1,0.8421054482460022,1
D3_shared_projector_strong,1,9,396,50654,1,1,0.1605556458234787,0
D3_shared_projector_strong,1,9,400,50665,2,0,0.2193940281867981,0
D3_shared_projector_strong,1,9,406,50687,2,0,0.4330415427684784,0
D3_shared_projector_strong,1,9,409,50690,1,1,0.14916230738162994,0
D3_shared_projector_strong,1,9,423,50704,1,1,0.27643704414367676,0
D3_shared_projector_strong,1,9,424,50705,1,1,0.16626687347888947,0
D3_shared_projector_strong,1,9,427,50708,1,1,0.8314708471298218,1
D3_shared_projector_strong,1,9,434,50726,2,0,0.14915335178375244,0
D3_shared_projector_strong,1,9,442,50739,2,0,0.46769383549690247,0
D3_shared_projector_strong,1,9,452,50751,1,1,0.674189567565918,1
D3_shared_projector_strong,1,9,459,50773,2,0,0.22820590436458588,0
D3_shared_projector_strong,1,9,463,50777,2,0,0.14980635046958923,0
D3_shared_projector_strong,1,9,479,50803,1,1,0.8362565040588379,1
D3_shared_projector_strong,1,9,488,50822,2,0,0.14918066561222076,0
D3_shared_projector_strong,1,9,491,50952,1,1,0.8428237438201904,1
D3_shared_projector_strong,1,9,500,50962,1,1,0.2340780347585678,0
D3_shared_projector_strong,1,9,512,50977,1,1,0.6657006144523621,1
D3_shared_projector_strong,1,9,520,50986,1,1,0.15022289752960205,0
D3_shared_projector_strong,1,9,526,50992,1,1,0.588388204574585,1
D3_shared_projector_strong,1,9,534,51001,1,1,0.8434044718742371,1
D3_shared_projector_strong,1,9,540,51009,1,1,0.8340816497802734,1
D3_shared_projector_strong,1,9,552,51021,1,1,0.8436015844345093,1
D3_shared_projector_strong,1,9,561,51032,1,1,0.8248118758201599,1
D3_shared_projector_strong,1,9,563,51034,1,1,0.7607259154319763,1
D3_shared_projector_strong,1,9,565,51036,2,0,0.14986097812652588,0
D3_shared_projector_strong,1,9,578,51051,2,0,0.15860103070735931,0
D3_shared_projector_strong,1,9,591,51064,2,0,0.22278445959091187,0
D3_shared_projector_strong,1,9,595,51068,2,0,0.6611642837524414,1
D3_shared_projector_strong,1,9,602,51076,2,0,0.15740716457366943,0
D3_shared_projector_strong,1,9,612,51086,2,0,0.15102384984493256,0
D3_shared_projector_strong,1,9,622,51097,2,0,0.15451721847057343,0
D3_shared_projector_strong,1,9,625,51100,2,0,0.3572567105293274,0
D3_shared_projector_strong,1,9,631,51106,2,0,0.15023961663246155,0
D3_shared_projector_strong,1,9,640,51117,2,0,0.23755735158920288,0
D3_shared_projector_strong,1,9,643,51123,2,0,0.1724550873041153,0
D3_shared_projector_strong,1,9,657,51138,2,0,0.1532943695783615,0
D3_shared_projector_strong,1,9,679,51169,1,1,0.8035727143287659,1
D3_shared_projector_strong,1,9,692,51187,2,0,0.156444251537323,0
D3_shared_projector_strong,1,9,693,51188,2,0,0.15451931953430176,0
D3_shared_projector_strong,1,9,709,51212,1,1,0.8321828842163086,1
D3_shared_projector_strong,1,9,715,51219,1,1,0.8328418135643005,1
D3_shared_projector_strong,1,9,732,51240,1,1,0.8349608778953552,1
D3_shared_projector_strong,1,9,743,51257,2,0,0.5668731927871704,1
D3_shared_projector_strong,1,9,781,51311,2,0,0.14977315068244934,0
D3_shared_projector_strong,1,9,795,51330,1,1,0.8342492580413818,1
D3_shared_projector_strong,1,9,798,51333,2,0,0.14922359585762024,0
D3_shared_projector_strong,1,9,809,51345,2,0,0.16773225367069244,0
D3_shared_projector_strong,1,9,818,51359,2,0,0.8423609733581543,1
D3_shared_projector_strong,1,9,822,51363,2,0,0.15005303919315338,0
D3_shared_projector_strong,1,9,829,51463,1,1,0.8410236239433289,1
D3_shared_projector_strong,1,9,837,51482,2,0,0.15861086547374725,0
D3_shared_projector_strong,1,9,840,51488,2,0,0.16163146495819092,0
D3_shared_projector_strong,1,9,843,51556,2,0,0.15320946276187897,0
D3_shared_projector_strong,1,9,851,51565,2,0,0.15014222264289856,0
D3_shared_projector_strong,1,9,862,51578,1,1,0.8328257203102112,1
D3_shared_projector_strong,1,10,2,50005,1,1,0.8969749212265015,1
D3_shared_projector_strong,1,10,11,50015,1,1,0.9131870269775391,1
D3_shared_projector_strong,1,10,18,50026,1,1,0.89363032579422,1
D3_shared_projector_strong,1,10,19,50027,1,1,0.3185654580593109,0
D3_shared_projector_strong,1,10,20,50028,1,1,0.9122714996337891,1
D3_shared_projector_strong,1,10,27,50036,2,0,0.14325229823589325,0
D3_shared_projector_strong,1,10,36,50045,2,0,0.849405825138092,1
D3_shared_projector_strong,1,10,38,50047,2,0,0.46922576427459717,0
D3_shared_projector_strong,1,10,55,50107,2,0,0.3025680482387543,0
D3_shared_projector_strong,1,10,63,50117,2,0,0.22612200677394867,0
D3_shared_projector_strong,1,10,66,50121,1,1,0.9141280055046082,1
D3_shared_projector_strong,1,10,72,50129,1,1,0.914326012134552,1
D3_shared_projector_strong,1,10,85,50149,1,1,0.9128181338310242,1
D3_shared_projector_strong,1,10,98,50167,2,0,0.14895056188106537,0
D3_shared_projector_strong,1,10,108,50188,1,1,0.1455623209476471,0
D3_shared_projector_strong,1,10,113,50195,2,0,0.15028506517410278,0
D3_shared_projector_strong,1,10,114,50196,2,0,0.5018622875213623,1
D3_shared_projector_strong,1,10,126,50213,2,0,0.14398425817489624,0
D3_shared_projector_strong,1,10,132,50234,1,1,0.8560567498207092,1
D3_shared_projector_strong,1,10,141,50248,1,1,0.9111995697021484,1
D3_shared_projector_strong,1,10,145,50252,1,1,0.5898271203041077,1
D3_shared_projector_strong,1,10,152,50261,2,0,0.8193826079368591,1
D3_shared_projector_strong,1,10,156,50265,2,0,0.15315565466880798,0
D3_shared_projector_strong,1,10,163,50272,1,1,0.9126245975494385,1
D3_shared_projector_strong,1,10,176,50292,1,1,0.914301872253418,1
D3_shared_projector_strong,1,10,190,50315,1,1,0.9137375354766846,1
D3_shared_projector_strong,1,10,200,50331,2,0,0.5718073844909668,1
D3_shared_projector_strong,1,10,225,50356,2,0,0.14176103472709656,0
D3_shared_projector_strong,1,10,235,50366,2,0,0.1887776255607605,0
D3_shared_projector_strong,1,10,240,50372,2,0,0.1471651941537857,0
D3_shared_projector_strong,1,10,246,50379,2,0,0.139414981007576,0
D3_shared_projector_strong,1,10,265,50408,1,1,0.14179059863090515,0
D3_shared_projector_strong,1,10,275,50419,2,0,0.14025965332984924,0
D3_shared_projector_strong,1,10,279,50425,2,0,0.1576627641916275,0
D3_shared_projector_strong,1,10,285,50435,2,0,0.1926567107439041,0
D3_shared_projector_strong,1,10,308,50480,1,1,0.91420978307724,1
D3_shared_projector_strong,1,10,315,50488,1,1,0.9143365025520325,1
D3_shared_projector_strong,1,10,319,50493,1,1,0.9124467968940735,1
D3_shared_projector_strong,1,10,348,50531,1,1,0.8963595032691956,1
D3_shared_projector_strong,1,10,361,50571,2,0,0.8499495983123779,1
D3_shared_projector_strong,1,10,376,50612,1,1,0.7792313694953918,1
D3_shared_projector_strong,1,10,388,50626,1,1,0.9143106341362,1
D3_shared_projector_strong,1,10,393,50647,1,1,0.9086533784866333,1
D3_shared_projector_strong,1,10,397,50656,2,0,0.38862788677215576,0
D3_shared_projector_strong,1,10,405,50686,1,1,0.9143935441970825,1
D3_shared_projector_strong,1,10,414,50695,1,1,0.5069189667701721,1
D3_shared_projector_strong,1,10,448,50745,1,1,0.9132139682769775,1
D3_shared_projector_strong,1,10,461,50775,2,0,0.139185830950737,0
D3_shared_projector_strong,1,10,464,50778,2,0,0.15506108105182648,0
D3_shared_projector_strong,1,10,466,50781,2,0,0.6895824670791626,1
D3_shared_projector_strong,1,10,476,50799,1,1,0.9143936634063721,1
D3_shared_projector_strong,1,10,478,50801,1,1,0.896072506904602,1
D3_shared_projector_strong,1,10,486,50820,2,0,0.1446593850851059,0
D3_shared_projector_strong,1,10,489,50823,1,1,0.9123102426528931,1
D3_shared_projector_strong,1,10,490,50824,1,1,0.7695371508598328,1
D3_shared_projector_strong,1,10,519,50985,1,1,0.9124208688735962,1
D3_shared_projector_strong,1,10,568,51040,2,0,0.14034225046634674,0
D3_shared_projector_strong,1,10,570,51042,2,0,0.13907653093338013,0
D3_shared_projector_strong,1,10,579,51052,2,0,0.14201173186302185,0
D3_shared_projector_strong,1,10,586,51059,2,0,0.14067040383815765,0
D3_shared_projector_strong,1,10,589,51062,2,0,0.1399015486240387,0
D3_shared_projector_strong,1,10,606,51080,2,0,0.9118306636810303,1
D3_shared_projector_strong,1,10,609,51083,2,0,0.9143809676170349,1
D3_shared_projector_strong,1,10,611,51085,2,0,0.9126185774803162,1
D3_shared_projector_strong,1,10,652,51133,2,0,0.5499244928359985,1
D3_shared_projector_strong,1,10,665,51149,2,0,0.1393577754497528,0
D3_shared_projector_strong,1,10,677,51164,1,1,0.9131081700325012,1
D3_shared_projector_strong,1,10,688,51182,2,0,0.15547186136245728,0
D3_shared_projector_strong,1,10,700,51202,1,1,0.9086391925811768,1
D3_shared_projector_strong,1,10,705,51207,1,1,0.9099190831184387,1
D3_shared_projector_strong,1,10,721,51225,1,1,0.8546791076660156,1
D3_shared_projector_strong,1,10,740,51254,2,0,0.14182864129543304,0
D3_shared_projector_strong,1,10,748,51265,2,0,0.14831599593162537,0
D3_shared_projector_strong,1,10,749,51266,2,0,0.8122206330299377,1
D3_shared_projector_strong,1,10,756,51275,2,0,0.1412314623594284,0
D3_shared_projector_strong,1,10,766,51294,1,1,0.9050328731536865,1
D3_shared_projector_strong,1,10,768,51297,1,1,0.9143171906471252,1
D3_shared_projector_strong,1,10,772,51301,1,1,0.8088238835334778,1
D3_shared_projector_strong,1,10,779,51308,2,0,0.16177581250667572,0
D3_shared_projector_strong,1,10,780,51309,2,0,0.9116086363792419,1
D3_shared_projector_strong,1,10,782,51313,2,0,0.14519499242305756,0
D3_shared_projector_strong,1,10,800,51335,2,0,0.22425267100334167,0
D3_shared_projector_strong,1,10,834,51479,2,0,0.1397448480129242,0
D3_shared_projector_strong,1,10,850,51564,2,0,0.16349174082279205,0
D3_shared_projector_strong,1,10,853,51567,2,0,0.1470160037279129,0
D3_shared_projector_strong,1,10,865,51582,1,1,0.913637101650238,1
D3_shared_projector_strong,1,10,868,51585,1,1,0.9143568873405457,1
D3_shared_projector_strong,2,1,0,50003,1,1,0.8138064742088318,1
D3_shared_projector_strong,2,1,7,50011,1,1,0.9216042757034302,1
D3_shared_projector_strong,2,1,35,50044,2,0,0.08507169783115387,0
D3_shared_projector_strong,2,1,39,50048,2,0,0.8428176641464233,1
D3_shared_projector_strong,2,1,45,50054,2,0,0.9235872626304626,1
D3_shared_projector_strong,2,1,48,50059,2,0,0.7502687573432922,1
D3_shared_projector_strong,2,1,53,50105,2,0,0.596192479133606,1
D3_shared_projector_strong,2,1,55,50107,2,0,0.4292391836643219,0
D3_shared_projector_strong,2,1,72,50129,1,1,0.9229807257652283,1
D3_shared_projector_strong,2,1,73,50130,1,1,0.9231681823730469,1
D3_shared_projector_strong,2,1,78,50142,1,1,0.9229992628097534,1
D3_shared_projector_strong,2,1,81,50145,1,1,0.606505811214447,1
D3_shared_projector_strong,2,1,86,50150,1,1,0.3024398684501648,0
D3_shared_projector_strong,2,1,95,50162,2,0,0.08840741962194443,0
D3_shared_projector_strong,2,1,127,50214,2,0,0.09023533016443253,0
D3_shared_projector_strong,2,1,138,50243,1,1,0.9233781695365906,1
D3_shared_projector_strong,2,1,144,50251,1,1,0.7339051961898804,1
D3_shared_projector_strong,2,1,149,50257,2,0,0.09076043218374252,0
D3_shared_projector_strong,2,1,176,50292,1,1,0.9225113987922668,1
D3_shared_projector_strong,2,1,182,50300,1,1,0.20951470732688904,0
D3_shared_projector_strong,2,1,192,50319,1,1,0.923302948474884,1
D3_shared_projector_strong,2,1,193,50320,1,1,0.9229487180709839,1
D3_shared_projector_strong,2,1,204,50335,2,0,0.08836342394351959,0
D3_shared_projector_strong,2,1,205,50336,2,0,0.7136702537536621,1
D3_shared_projector_strong,2,1,231,50362,2,0,0.0848708525300026,0
D3_shared_projector_strong,2,1,234,50365,2,0,0.08513427525758743,0
D3_shared_projector_strong,2,1,242,50374,2,0,0.4292372465133667,0
D3_shared_projector_strong,2,1,247,50380,2,0,0.5101832747459412,1
D3_shared_projector_strong,2,1,248,50381,2,0,0.08974991738796234,0
D3_shared_projector_strong,2,1,253,50387,2,0,0.08857028931379318,0
D3_shared_projector_strong,2,1,259,50402,1,1,0.20870278775691986,0
D3_shared_projector_strong,2,1,285,50435,2,0,0.19600717723369598,0
D3_shared_projector_strong,2,1,286,50436,2,0,0.8655297756195068,1
D3_shared_projector_strong,2,1,295,50445,2,0,0.08541058748960495,0
D3_shared_projector_strong,2,1,300,50453,2,0,0.9139887690544128,1
D3_shared_projector_strong,2,1,307,50477,1,1,0.92381352186203,1
D3_shared_projector_strong,2,1,329,50504,1,1,0.9210938811302185,1
D3_shared_projector_strong,2,1,345,50528,1,1,0.9217480421066284,1
D3_shared_projector_strong,2,1,348,50531,1,1,0.9225003123283386,1
D3_shared_projector_strong,2,1,357,50565,2,0,0.505487322807312,1
D3_shared_projector_strong,2,1,359,50569,2,0,0.7162625193595886,1
D3_shared_projector_strong,2,1,360,50570,2,0,0.08490295708179474,0
D3_shared_projector_strong,2,1,369,50601,1,1,0.5589542388916016,1
D3_shared_projector_strong,2,1,374,50607,1,1,0.08465304225683212,0
D3_shared_projector_strong,2,1,385,50623,1,1,0.9160025119781494,1
D3_shared_projector_strong,2,1,405,50686,1,1,0.9217504262924194,1
D3_shared_projector_strong,2,1,411,50692,2,0,0.08477625250816345,0
D3_shared_projector_strong,2,1,412,50693,1,1,0.2639639675617218,0
D3_shared_projector_strong,2,1,425,50706,2,0,0.14121359586715698,0
D3_shared_projector_strong,2,1,432,50724,2,0,0.08487069606781006,0
D3_shared_projector_strong,2,1,466,50781,2,0,0.9159907102584839,1
D3_shared_projector_strong,2,1,468,50783,2,0,0.08464933186769485,0
D3_shared_projector_strong,2,1,471,50791,1,1,0.922424852848053,1
D3_shared_projector_strong,2,1,484,50817,2,0,0.0847180187702179,0
D3_shared_projector_strong,2,1,495,50957,1,1,0.9237474799156189,1
D3_shared_projector_strong,2,1,505,50968,1,1,0.9224820137023926,1
D3_shared_projector_strong,2,1,506,50969,1,1,0.9237236380577087,1
D3_shared_projector_strong,2,1,513,50978,1,1,0.9225373268127441,1
D3_shared_projector_strong,2,1,526,50992,1,1,0.7992894053459167,1
D3_shared_projector_strong,2,1,532,50999,1,1,0.9240433573722839,1
D3_shared_projector_strong,2,1,555,51025,1,1,0.9238038659095764,1
D3_shared_projector_strong,2,1,556,51026,1,1,0.9236376881599426,1
D3_shared_projector_strong,2,1,566,51038,2,0,0.08802618831396103,0
D3_shared_projector_strong,2,1,575,51048,2,0,0.11779306083917618,0
D3_shared_projector_strong,2,1,585,51058,2,0,0.08689180016517639,0
D3_shared_projector_strong,2,1,596,51069,2,0,0.08658608049154282,0
D3_shared_projector_strong,2,1,603,51077,2,0,0.3923044800758362,0
D3_shared_projector_strong,2,1,612,51086,2,0,0.0851292610168457,0
D3_shared_projector_strong,2,1,653,51134,2,0,0.0858328714966774,0
D3_shared_projector_strong,2,1,684,51178,1,1,0.9229331016540527,1
D3_shared_projector_strong,2,1,686,51180,2,0,0.37059906125068665,0
D3_shared_projector_strong,2,1,687,51181,2,0,0.6249866485595703,1
D3_shared_projector_strong,2,1,695,51192,2,0,0.08462876826524734,0
D3_shared_projector_strong,2,1,710,51214,1,1,0.9217358231544495,1
D3_shared_projector_strong,2,1,716,51220,1,1,0.9239446520805359,1
D3_shared_projector_strong,2,1,721,51225,1,1,0.9042374491691589,1
D3_shared_projector_strong,2,1,749,51266,2,0,0.9236252903938293,1
D3_shared_projector_strong,2,1,750,51267,2,0,0.08884743601083755,0
D3_shared_projector_strong,2,1,771,51300,1,1,0.9229295253753662,1
D3_shared_projector_strong,2,1,792,51327,1,1,0.922764241695404,1
D3_shared_projector_strong,2,1,793,51328,1,1,0.9216035008430481,1
D3_shared_projector_strong,2,1,806,51342,2,0,0.09243272244930267,0
D3_shared_projector_strong,2,1,808,51344,2,0,0.2774049639701843,0
D3_shared_projector_strong,2,1,816,51356,2,0,0.9240365028381348,1
D3_shared_projector_strong,2,1,823,51364,2,0,0.5499177575111389,1
D3_shared_projector_strong,2,1,837,51482,2,0,0.08777917921543121,0
D3_shared_projector_strong,2,1,867,51584,1,1,0.9240342974662781,1
D3_shared_projector_strong,2,1,869,51606,1,1,0.24922290444374084,0
D3_shared_projector_strong,2,2,2,50005,1,1,0.8863329887390137,1
D3_shared_projector_strong,2,2,6,50010,1,1,0.9200639128684998,1
D3_shared_projector_strong,2,2,10,50014,1,1,0.9174419641494751,1
D3_shared_projector_strong,2,2,24,50033,2,0,0.07573187351226807,0
D3_shared_projector_strong,2,2,30,50039,2,0,0.6250903010368347,1
D3_shared_projector_strong,2,2,67,50123,1,1,0.9190384745597839,1
D3_shared_projector_strong,2,2,76,50134,1,1,0.9057740569114685,1
D3_shared_projector_strong,2,2,79,50143,1,1,0.9144517183303833,1
D3_shared_projector_strong,2,2,92,50159,2,0,0.9189094305038452,1
D3_shared_projector_strong,2,2,98,50167,2,0,0.07587890326976776,0
D3_shared_projector_strong,2,2,101,50170,2,0,0.07784029096364975,0
D3_shared_projector_strong,2,2,115,50198,2,0,0.0806383416056633,0
D3_shared_projector_strong,2,2,129,50217,2,0,0.07321204245090485,0
D3_shared_projector_strong,2,2,140,50247,1,1,0.918876051902771,1
D3_shared_projector_strong,2,2,153,50262,2,0,0.073334239423275,0
D3_shared_projector_strong,2,2,155,50264,2,0,0.07703105360269547,0
D3_shared_projector_strong,2,2,164,50273,1,1,0.9139202833175659,1
D3_shared_projector_strong,2,2,169,50282,1,1,0.9073214530944824,1
D3_shared_projector_strong,2,2,180,50297,1,1,0.1687036156654358,0
D3_shared_projector_strong,2,2,187,50310,1,1,0.9196289777755737,1
D3_shared_projector_strong,2,2,202,50333,2,0,0.07750777155160904,0
D3_shared_projector_strong,2,2,212,50343,2,0,0.23368167877197266,0
D3_shared_projector_strong,2,2,217,50348,2,0,0.07308227568864822,0
D3_shared_projector_strong,2,2,228,50359,2,0,0.0817309096455574,0
D3_shared_projector_strong,2,2,246,50379,2,0,0.0737934485077858,0
D3_shared_projector_strong,2,2,251,50385,2,0,0.9153620004653931,1
D3_shared_projector_strong,2,2,277,50422,2,0,0.872133195400238,1
D3_shared_projector_strong,2,2,280,50426,2,0,0.07316133379936218,0
D3_shared_projector_strong,2,2,281,50427,2,0,0.07413500547409058,0
D3_shared_projector_strong,2,2,288,50438,2,0,0.0752219632267952,0
D3_shared_projector_strong,2,2,293,50443,2,0,0.1896599680185318,0
D3_shared_projector_strong,2,2,326,50501,1,1,0.9189097881317139,1
D3_shared_projector_strong,2,2,336,50518,1,1,0.9204286336898804,1
D3_shared_projector_strong,2,2,340,50523,1,1,0.9199028611183167,1
D3_shared_projector_strong,2,2,352,50555,2,0,0.07308235764503479,0
D3_shared_projector_strong,2,2,354,50558,2,0,0.07381389290094376,0
D3_shared_projector_strong,2,2,373,50606,1,1,0.9185815453529358,1
D3_shared_projector_strong,2,2,392,50644,1,1,0.664894163608551,1
D3_shared_projector_strong,2,2,396,50654,1,1,0.13961322605609894,0
D3_shared_projector_strong,2,2,403,50683,2,0,0.07318593561649323,0
D3_shared_projector_strong,2,2,404,50685,2,0,0.0767926350235939,0
D3_shared_projector_strong,2,2,417,50698,2,0,0.07652834057807922,0
D3_shared_projector_strong,2,2,422,50703,2,0,0.0736788958311081,0
D3_shared_projector_strong,2,2,437,50731,2,0,0.07403575628995895,0
D3_shared_projector_strong,2,2,450,50749,1,1,0.9133095145225525,1
D3_shared_projector_strong,2,2,460,50774,2,0,0.07334139198064804,0
D3_shared_projector_strong,2,2,462,50776,2,0,0.07419822365045547,0
D3_shared_projector_strong,2,2,474,50797,1,1,0.6949402689933777,1
D3_shared_projector_strong,2,2,508,50972,1,1,0.9193605780601501,1
D3_shared_projector_strong,2,2,514,50979,1,1,0.5046824812889099,1
D3_shared_projector_strong,2,2,537,51006,1,1,0.9179583191871643,1
D3_shared_projector_strong,2,2,538,51007,1,1,0.9203826785087585,1
D3_shared_projector_strong,2,2,550,51019,1,1,0.915539026260376,1
D3_shared_projector_strong,2,2,554,51024,1,1,0.9199448227882385,1
D3_shared_projector_strong,2,2,571,51044,2,0,0.07767809182405472,0
D3_shared_projector_strong,2,2,579,51052,2,0,0.07524305582046509,0
D3_shared_projector_strong,2,2,583,51056,2,0,0.07804591208696365,0
D3_shared_projector_strong,2,2,590,51063,2,0,0.07821917533874512,0
D3_shared_projector_strong,2,2,599,51073,2,0,0.07590864598751068,0
D3_shared_projector_strong,2,2,622,51097,2,0,0.08131035417318344,0
D3_shared_projector_strong,2,2,628,51103,2,0,0.0731593444943428,0
D3_shared_projector_strong,2,2,638,51114,2,0,0.12402871996164322,0
D3_shared_projector_strong,2,2,661,51142,2,0,0.07332004606723785,0
D3_shared_projector_strong,2,2,672,51156,2,0,0.07696283608675003,0
D3_shared_projector_strong,2,2,677,51164,1,1,0.9188992977142334,1
D3_shared_projector_strong,2,2,689,51183,2,0,0.09068243950605392,0
D3_shared_projector_strong,2,2,705,51207,1,1,0.913875937461853,1
D3_shared_projector_strong,2,2,706,51208,1,1,0.6093795299530029,1
D3_shared_projector_strong,2,2,709,51212,1,1,0.9116344451904297,1
D3_shared_projector_strong,2,2,720,51224,1,1,0.9174417853355408,1
D3_shared_projector_strong,2,2,723,51228,1,1,0.919435441493988,1
D3_shared_projector_strong,2,2,728,51235,1,1,0.9190177917480469,1
D3_shared_projector_strong,2,2,735,51249,1,1,0.9139447212219238,1
D3_shared_projector_strong,2,2,737,51251,2,0,0.23955683410167694,0
D3_shared_projector_strong,2,2,741,51255,2,0,0.07357592135667801,0
D3_shared_projector_strong,2,2,767,51295,1,1,0.9200751781463623,1
D3_shared_projector_strong,2,2,769,51298,1,1,0.9204711318016052,1
D3_shared_projector_strong,2,2,770,51299,1,1,0.9191554188728333,1
D3_shared_projector_strong,2,2,791,51326,1,1,0.6506216526031494,1
D3_shared_projector_strong,2,2,795,51330,1,1,0.8740204572677612,1
D3_shared_projector_strong,2,2,805,51341,2,0,0.15531215071678162,0
D3_shared_projector_strong,2,2,838,51484,2,0,0.07523493468761444,0
D3_shared_projector_strong,2,2,853,51567,2,0,0.0736280009150505,0
D3_shared_projector_strong,2,2,856,51570,2,0,0.14734643697738647,0
D3_shared_projector_strong,2,2,858,51573,1,1,0.49636268615722656,0
D3_shared_projector_strong,2,2,865,51582,1,1,0.9159030914306641,1
D3_shared_projector_strong,2,2,868,51585,1,1,0.9174649715423584,1
D3_shared_projector_strong,2,3,1,50004,1,1,0.896640419960022,1
D3_shared_projector_strong,2,3,4,50007,1,1,0.41232046484947205,0
D3_shared_projector_strong,2,3,25,50034,2,0,0.05765482783317566,0
D3_shared_projector_strong,2,3,34,50043,2,0,0.0636967271566391,0
D3_shared_projector_strong,2,3,62,50116,2,0,0.12330225855112076,0
D3_shared_projector_strong,2,3,108,50188,1,1,0.060713741928339005,0
D3_shared_projector_strong,2,3,117,50200,2,0,0.059737130999565125,0
D3_shared_projector_strong,2,3,125,50210,2,0,0.05839049443602562,0
D3_shared_projector_strong,2,3,141,50248,1,1,0.8968805074691772,1
D3_shared_projector_strong,2,3,152,50261,2,0,0.884686291217804,1
D3_shared_projector_strong,2,3,162,50271,2,0,0.05807282775640488,0
D3_shared_projector_strong,2,3,163,50272,1,1,0.893255889415741,1
D3_shared_projector_strong,2,3,177,50293,1,1,0.8890576958656311,1
D3_shared_projector_strong,2,3,178,50294,1,1,0.8968791365623474,1
D3_shared_projector_strong,2,3,200,50331,2,0,0.05879635736346245,0
D3_shared_projector_strong,2,3,209,50340,2,0,0.061688948422670364,0
D3_shared_projector_strong,2,3,218,50349,2,0,0.06384507566690445,0
D3_shared_projector_strong,2,3,229,50360,2,0,0.05976647883653641,0
D3_shared_projector_strong,2,3,243,50375,2,0,0.061050090938806534,0
D3_shared_projector_strong,2,3,244,50376,2,0,0.599022626876831,1
D3_shared_projector_strong,2,3,265,50408,1,1,0.06539863348007202,0
D3_shared_projector_strong,2,3,274,50418,2,0,0.05820377171039581,0
D3_shared_projector_strong,2,3,283,50433,2,0,0.061518557369709015,0
D3_shared_projector_strong,2,3,302,50466,2,0,0.05970638990402222,0
D3_shared_projector_strong,2,3,311,50483,1,1,0.6665703654289246,1
D3_shared_projector_strong,2,3,313,50486,1,1,0.8970628976821899,1
D3_shared_projector_strong,2,3,321,50496,1,1,0.832266092300415,1
D3_shared_projector_strong,2,3,322,50497,1,1,0.8923109173774719,1
D3_shared_projector_strong,2,3,341,50524,1,1,0.8943629264831543,1
D3_shared_projector_strong,2,3,342,50525,1,1,0.8909421563148499,1
D3_shared_projector_strong,2,3,355,50561,2,0,0.05839144065976143,0
D3_shared_projector_strong,2,3,368,50578,2,0,0.8824472427368164,1
D3_shared_projector_strong,2,3,370,50602,1,1,0.8929538130760193,1
D3_shared_projector_strong,2,3,375,50608,1,1,0.2537001967430115,0
D3_shared_projector_strong,2,3,378,50614,1,1,0.8889785408973694,1
D3_shared_projector_strong,2,3,379,50615,1,1,0.8963473439216614,1
D3_shared_projector_strong,2,3,390,50628,1,1,0.892815351486206,1
D3_shared_projector_strong,2,3,395,50649,1,1,0.07844601571559906,0
D3_shared_projector_strong,2,3,399,50664,2,0,0.05909481644630432,0
D3_shared_projector_strong,2,3,402,50682,2,0,0.05792687088251114,0
D3_shared_projector_strong,2,3,421,50702,1,1,0.8907855749130249,1
D3_shared_projector_strong,2,3,429,50711,1,1,0.07580234110355377,0
D3_shared_projector_strong,2,3,431,50723,2,0,0.05767373368144035,0
D3_shared_projector_strong,2,3,439,50735,2,0,0.05909013748168945,0
D3_shared_projector_strong,2,3,440,50737,2,0,0.05950873717665672,0
D3_shared_projector_strong,2,3,445,50742,2,0,0.06174284592270851,0
D3_shared_projector_strong,2,3,451,50750,1,1,0.8834616541862488,1
D3_shared_projector_strong,2,3,454,50754,1,1,0.896493136882782,1
D3_shared_projector_strong,2,3,455,50755,1,1,0.8939599394798279,1
D3_shared_projector_strong,2,3,477,50800,1,1,0.8958662748336792,1
D3_shared_projector_strong,2,3,480,50807,1,1,0.8959776163101196,1
D3_shared_projector_strong,2,3,497,50959,1,1,0.6814178228378296,1
D3_shared_projector_strong,2,3,516,50982,1,1,0.23615403473377228,0
D3_shared_projector_strong,2,3,525,50991,1,1,0.5649596452713013,1
D3_shared_projector_strong,2,3,548,51017,1,1,0.8696185946464539,1
D3_shared_projector_strong,2,3,552,51021,1,1,0.8969134092330933,1
D3_shared_projector_strong,2,3,587,51060,2,0,0.6213477849960327,1
D3_shared_projector_strong,2,3,597,51070,2,0,0.0579049289226532,0
D3_shared_projector_strong,2,3,614,51088,2,0,0.06186072155833244,0
D3_shared_projector_strong,2,3,621,51096,2,0,0.06758953630924225,0
D3_shared_projector_strong,2,3,631,51106,2,0,0.06327272951602936,0
D3_shared_projector_strong,2,3,640,51117,2,0,0.05984511598944664,0
D3_shared_projector_strong,2,3,644,51124,2,0,0.05846775323152542,0
D3_shared_projector_strong,2,3,650,51131,2,0,0.06557130813598633,0
D3_shared_projector_strong,2,3,655,51136,2,0,0.11964412778615952,0
D3_shared_projector_strong,2,3,657,51138,2,0,0.060837022960186005,0
D3_shared_projector_strong,2,3,663,51147,2,0,0.05869792029261589,0
D3_shared_projector_strong,2,3,669,51153,2,0,0.060748275369405746,0
D3_shared_projector_strong,2,3,671,51155,2,0,0.06190801039338112,0
D3_shared_projector_strong,2,3,691,51185,2,0,0.561608076095581,1
D3_shared_projector_strong,2,3,693,51188,2,0,0.0640266090631485,0
D3_shared_projector_strong,2,3,703,51205,1,1,0.8943882584571838,1
D3_shared_projector_strong,2,3,711,51215,1,1,0.20107501745224,0
D3_shared_projector_strong,2,3,724,51229,1,1,0.8945539593696594,1
D3_shared_projector_strong,2,3,725,51230,1,1,0.8969921469688416,1
D3_shared_projector_strong,2,3,754,51272,2,0,0.07185709476470947,0
D3_shared_projector_strong,2,3,757,51276,2,0,0.05992312729358673,0
D3_shared_projector_strong,2,3,762,51281,2,0,0.06289839744567871,0
D3_shared_projector_strong,2,3,772,51301,1,1,0.6121031045913696,1
D3_shared_projector_strong,2,3,783,51315,2,0,0.05894877761602402,0
D3_shared_projector_strong,2,3,787,51321,1,1,0.8333761096000671,1
D3_shared_projector_strong,2,3,813,51350,1,1,0.8792093992233276,1
D3_shared_projector_strong,2,3,818,51359,2,0,0.8958220481872559,1
D3_shared_projector_strong,2,3,821,51362,2,0,0.0614924430847168,0
D3_shared_projector_strong,2,3,829,51463,1,1,0.894573986530304,1
D3_shared_projector_strong,2,3,836,51481,2,0,0.05762476101517677,0
D3_shared_projector_strong,2,3,861,51577,1,1,0.8933016061782837,1
D3_shared_projector_strong,2,4,5,50008,1,1,0.6026455760002136,1
D3_shared_projector_strong,2,4,17,50025,1,1,0.6618230938911438,1
D3_shared_projector_strong,2,4,23,50032,2,0,0.33826184272766113,0
D3_shared_projector_strong,2,4,26,50035,2,0,0.4043351113796234,0
D3_shared_projector_strong,2,4,28,50037,2,0,0.36805424094200134,0
D3_shared_projector_strong,2,4,51,50103,2,0,0.623599112033844,1
D3_shared_projector_strong,2,4,52,50104,2,0,0.3388604521751404,0
D3_shared_projector_strong,2,4,56,50109,2,0,0.49063247442245483,0
D3_shared_projector_strong,2,4,58,50112,2,0,0.5437840223312378,1
D3_shared_projector_strong,2,4,88,50153,1,1,0.6145500540733337,1
D3_shared_projector_strong,2,4,90,50157,2,0,0.39003726840019226,0
D3_shared_projector_strong,2,4,100,50169,2,0,0.382234662771225,0
D3_shared_projector_strong,2,4,120,50203,2,0,0.3386213183403015,0
D3_shared_projector_strong,2,4,131,50233,1,1,0.7275895476341248,1
D3_shared_projector_strong,2,4,136,50240,1,1,0.7623669505119324,1
D3_shared_projector_strong,2,4,161,50270,2,0,0.3747061789035797,0
D3_shared_projector_strong,2,4,165,50274,1,1,0.709869384765625,1
D3_shared_projector_strong,2,4,172,50287,1,1,0.351165235042572,0
D3_shared_projector_strong,2,4,181,50298,1,1,0.47862300276756287,0
D3_shared_projector_strong,2,4,191,50318,1,1,0.3578066825866699,0
D3_shared_projector_strong,2,4,211,50342,2,0,0.40378403663635254,0
D3_shared_projector_strong,2,4,213,50344,2,0,0.33837559819221497,0
D3_shared_projector_strong,2,4,214,50345,2,0,0.3428868353366852,0
D3_shared_projector_strong,2,4,225,50356,2,0,0.33829283714294434,0
D3_shared_projector_strong,2,4,254,50388,2,0,0.35011571645736694,0
D3_shared_projector_strong,2,4,271,50415,2,0,0.35186767578125,0
D3_shared_projector_strong,2,4,306,50470,2,0,0.5831589102745056,1
D3_shared_projector_strong,2,4,312,50485,1,1,0.34462758898735046,0
D3_shared_projector_strong,2,4,314,50487,1,1,0.7414631843566895,1
D3_shared_projector_strong,2,4,315,50488,1,1,0.7332668304443359,1
D3_shared_projector_strong,2,4,316,50490,1,1,0.6561387181282043,1
D3_shared_projector_strong,2,4,334,50515,1,1,0.785499095916748,1
D3_shared_projector_strong,2,4,335,50516,1,1,0.6863788366317749,1
D3_shared_projector_strong,2,4,356,50563,2,0,0.3407069146633148,0
D3_shared_projector_strong,2,4,383,50621,1,1,0.7069432139396667,1
D3_shared_projector_strong,2,4,388,50626,1,1,0.7825369834899902,1
D3_shared_projector_strong,2,4,401,50669,2,0,0.7830271124839783,1
D3_shared_projector_strong,2,4,416,50697,1,1,0.7437596917152405,1
D3_shared_projector_strong,2,4,424,50705,1,1,0.4506034553050995,0
D3_shared_projector_strong,2,4,442,50739,2,0,0.41573256254196167,0
D3_shared_projector_strong,2,4,448,50745,1,1,0.7808000445365906,1
D3_shared_projector_strong,2,4,452,50751,1,1,0.6234965324401855,1
D3_shared_projector_strong,2,4,453,50752,1,1,0.3844367563724518,0
D3_shared_projector_strong,2,4,457,50757,1,1,0.46878519654273987,0
D3_shared_projector_strong,2,4,458,50772,2,0,0.7875065207481384,1
D3_shared_projector_strong,2,4,464,50778,2,0,0.3901306092739105,0
D3_shared_projector_strong,2,4,473,50796,1,1,0.6624133586883545,1
D3_shared_projector_strong,2,4,476,50799,1,1,0.7545117735862732,1
D3_shared_projector_strong,2,4,483,50816,2,0,0.3392534852027893,0
D3_shared_projector_strong,2,4,515,50981,1,1,0.6207274794578552,1
D3_shared_projector_strong,2,4,522,50988,1,1,0.7149363160133362,1
D3_shared_projector_strong,2,4,545,51014,1,1,0.7796598076820374,1
D3_shared_projector_strong,2,4,561,51032,1,1,0.7763317823410034,1
D3_shared_projector_strong,2,4,572,51045,2,0,0.33905577659606934,0
D3_shared_projector_strong,2,4,580,51053,2,0,0.3396335244178772,0
D3_shared_projector_strong,2,4,581,51054,2,0,0.3439788818359375,0
D3_shared_projector_strong,2,4,606,51080,2,0,0.34565865993499756,0
D3_shared_projector_strong,2,4,607,51081,2,0,0.3404093086719513,0
D3_shared_projector_strong,2,4,609,51083,2,0,0.7064995765686035,1
D3_shared_projector_strong,2,4,630,51105,2,0,0.3417205512523651,0
D3_shared_projector_strong,2,4,637,51113,2,0,0.33835169672966003,0
D3_shared_projector_strong,2,4,646,51127,2,0,0.658524215221405,1
D3_shared_projector_strong,2,4,647,51128,2,0,0.34255626797676086,0
D3_shared_projector_strong,2,4,652,51133,2,0,0.5799008011817932,1
D3_shared_projector_strong,2,4,658,51139,2,0,0.33843687176704407,0
D3_shared_projector_strong,2,4,659,51140,2,0,0.364949494600296,0
D3_shared_projector_strong,2,4,664,51148,2,0,0.33912649750709534,0
D3_shared_projector_strong,2,4,674,51161,1,1,0.6510993838310242,1
D3_shared_projector_strong,2,4,675,51162,1,1,0.7834526300430298,1
D3_shared_projector_strong,2,4,681,51171,1,1,0.4804600179195404,0
D3_shared_projector_strong,2,4,682,51173,1,1,0.6941460967063904,1
D3_shared_projector_strong,2,4,697,51197,2,0,0.39626097679138184,0
D3_shared_projector_strong,2,4,704,51206,1,1,0.7846662402153015,1
D3_shared_projector_strong,2,4,714,51218,1,1,0.7411732077598572,1
D3_shared_projector_strong,2,4,718,51222,1,1,0.3485109508037567,0
D3_shared_projector_strong,2,4,733,51241,1,1,0.3628058135509491,0
D3_shared_projector_strong,2,4,759,51278,2,0,0.6019295454025269,1
D3_shared_projector_strong,2,4,766,51294,1,1,0.7098684310913086,1
D3_shared_projector_strong,2,4,775,51304,2,0,0.44049859046936035,0
D3_shared_projector_strong,2,4,776,51305,2,0,0.410125732421875,0
D3_shared_projector_strong,2,4,799,51334,2,0,0.3485424816608429,0
D3_shared_projector_strong,2,4,804,51340,2,0,0.3392871618270874,0
D3_shared_projector_strong,2,4,811,51347,2,0,0.3656398355960846,0
D3_shared_projector_strong,2,4,830,51464,1,1,0.7498170137405396,1
D3_shared_projector_strong,2,4,835,51480,2,0,0.3389624059200287,0
D3_shared_projector_strong,2,4,855,51569,2,0,0.46472957730293274,0
D3_shared_projector_strong,2,4,862,51578,1,1,0.7731756567955017,1
D3_shared_projector_strong,2,5,3,50006,1,1,0.7772055864334106,1
D3_shared_projector_strong,2,5,8,50012,1,1,0.7264266610145569,1
D3_shared_projector_strong,2,5,12,50016,1,1,0.7627865672111511,1
D3_shared_projector_strong,2,5,14,50022,1,1,0.15660175681114197,0
D3_shared_projector_strong,2,5,19,50027,1,1,0.16447767615318298,0
D3_shared_projector_strong,2,5,21,50030,2,0,0.1564207226037979,0
D3_shared_projector_strong,2,5,29,50038,2,0,0.15805663168430328,0
D3_shared_projector_strong,2,5,31,50040,2,0,0.16143999993801117,0
D3_shared_projector_strong,2,5,63,50117,2,0,0.19711166620254517,0
D3_shared_projector_strong,2,5,80,50144,1,1,0.7655664682388306,1
D3_shared_projector_strong,2,5,82,50146,1,1,0.15947790443897247,0
D3_shared_projector_strong,2,5,103,50182,1,1,0.6071087121963501,1
D3_shared_projector_strong,2,5,113,50195,2,0,0.15862731635570526,0
D3_shared_projector_strong,2,5,119,50202,2,0,0.22371619939804077,0
D3_shared_projector_strong,2,5,126,50213,2,0,0.15629087388515472,0
D3_shared_projector_strong,2,5,135,50239,1,1,0.1826939880847931,0
D3_shared_projector_strong,2,5,142,50249,1,1,0.7780687212944031,1
D3_shared_projector_strong,2,5,156,50265,2,0,0.16095338761806488,0
D3_shared_projector_strong,2,5,157,50266,2,0,0.15719778835773468,0
D3_shared_projector_strong,2,5,170,50284,1,1,0.6491736769676208,1
D3_shared_projector_strong,2,5,173,50289,1,1,0.5981982350349426,1
D3_shared_projector_strong,2,5,175,50291,1,1,0.544987678527832,1
D3_shared_projector_strong,2,5,186,50308,1,1,0.7480888962745667,1
D3_shared_projector_strong,2,5,195,50324,1,1,0.6272603273391724,1
D3_shared_projector_strong,2,5,197,50327,2,0,0.1562964916229248,0
D3_shared_projector_strong,2,5,198,50329,2,0,0.1658121794462204,0
D3_shared_projector_strong,2,5,199,50330,2,0,0.15909940004348755,0
D3_shared_projector_strong,2,5,206,50337,2,0,0.22914114594459534,0
D3_shared_projector_strong,2,5,222,50353,2,0,0.16445809602737427,0
D3_shared_projector_strong,2,5,236,50367,2,0,0.15605244040489197,0
D3_shared_projector_strong,2,5,240,50372,2,0,0.15643452107906342,0
D3_shared_projector_strong,2,5,264,50407,1,1,0.7747852802276611,1
D3_shared_projector_strong,2,5,267,50411,1,1,0.7783478498458862,1
D3_shared_projector_strong,2,5,272,50416,2,0,0.15739408135414124,0
D3_shared_projector_strong,2,5,275,50419,2,0,0.15734361112117767,0
D3_shared_projector_strong,2,5,279,50425,2,0,0.2629261910915375,0
D3_shared_projector_strong,2,5,292,50442,2,0,0.1610976606607437,0
D3_shared_projector_strong,2,5,297,50447,2,0,0.2929322123527527,0
D3_shared_projector_strong,2,5,298,50448,2,0,0.3120349943637848,0
D3_shared_projector_strong,2,5,305,50469,2,0,0.16139985620975494,0
D3_shared_projector_strong,2,5,309,50481,1,1,0.7744477987289429,1
D3_shared_projector_strong,2,5,319,50493,1,1,0.7760921120643616,1
D3_shared_projector_strong,2,5,320,50494,1,1,0.4700973629951477,0
D3_shared_projector_strong,2,5,325,50500,1,1,0.7783693075180054,1
D3_shared_projector_strong,2,5,331,50509,1,1,0.7623337507247925,1
D3_shared_projector_strong,2,5,332,50510,1,1,0.7712743282318115,1
D3_shared_projector_strong,2,5,338,50520,1,1,0.7788218259811401,1
D3_shared_projector_strong,2,5,346,50529,1,1,0.7749083638191223,1
D3_shared_projector_strong,2,5,367,50577,2,0,0.15603190660476685,0
D3_shared_projector_strong,2,5,381,50619,1,1,0.7708197236061096,1
D3_shared_projector_strong,2,5,384,50622,1,1,0.7756271958351135,1
D3_shared_projector_strong,2,5,398,50659,2,0,0.5306088328361511,1
D3_shared_projector_strong,2,5,400,50665,2,0,0.4795585572719574,0
D3_shared_projector_strong,2,5,433,50725,2,0,0.15599606931209564,0
D3_shared_projector_strong,2,5,436,50730,2,0,0.17260469496250153,0
D3_shared_projector_strong,2,5,487,50821,2,0,0.1581723988056183,0
D3_shared_projector_strong,2,5,492,50954,1,1,0.2071841061115265,0
D3_shared_projector_strong,2,5,503,50966,1,1,0.2271009087562561,0
D3_shared_projector_strong,2,5,520,50986,1,1,0.30597612261772156,0
D3_shared_projector_strong,2,5,530,50996,1,1,0.7131116986274719,1
D3_shared_projector_strong,2,5,546,51015,1,1,0.15605580806732178,0
D3_shared_projector_strong,2,5,559,51029,1,1,0.7292483448982239,1
D3_shared_projector_strong,2,5,560,51030,1,1,0.7781182527542114,1
D3_shared_projector_strong,2,5,589,51062,2,0,0.16052000224590302,0
D3_shared_projector_strong,2,5,594,51067,2,0,0.168867826461792,0
D3_shared_projector_strong,2,5,602,51076,2,0,0.1666916459798813,0
D3_shared_projector_strong,2,5,613,51087,2,0,0.15622667968273163,0
D3_shared_projector_strong,2,5,625,51100,2,0,0.15632881224155426,0
D3_shared_projector_strong,2,5,629,51104,2,0,0.1559891700744629,0
D3_shared_projector_strong,2,5,635,51111,2,0,0.15621288120746613,0
D3_shared_projector_strong,2,5,678,51168,1,1,0.5787724256515503,1
D3_shared_projector_strong,2,5,690,51184,2,0,0.3301692008972168,0
D3_shared_projector_strong,2,5,727,51234,1,1,0.7724030613899231,1
D3_shared_projector_strong,2,5,743,51257,2,0,0.23947234451770782,0
D3_shared_projector_strong,2,5,774,51303,2,0,0.15792685747146606,0
D3_shared_projector_strong,2,5,780,51309,2,0,0.7537137269973755,1
D3_shared_projector_strong,2,5,786,51320,1,1,0.7787194848060608,1
D3_shared_projector_strong,2,5,810,51346,2,0,0.15749984979629517,0
D3_shared_projector_strong,2,5,814,51351,1,1,0.20032437145709991,0
D3_shared_projector_strong,2,5,815,51354,1,1,0.7478923797607422,1
D3_shared_projector_strong,2,5,820,51361,2,0,0.15992413461208344,0
D3_shared_projector_strong,2,5,834,51479,2,0,0.1653391718864441,0
D3_shared_projector_strong,2,5,841,51491,2,0,0.1577625572681427,0
D3_shared_projector_strong,2,5,844,51557,2,0,0.1609666496515274,0
D3_shared_projector_strong,2,5,845,51558,2,0,0.15616221725940704,0
D3_shared_projector_strong,2,5,846,51559,2,0,0.20729602873325348,0
D3_shared_projector_strong,2,5,870,51607,1,1,0.28740066289901733,0
D3_shared_projector_strong,2,6,13,50020,1,1,0.9156992435455322,1
D3_shared_projector_strong,2,6,15,50023,1,1,0.8765345215797424,1
D3_shared_projector_strong,2,6,22,50031,2,0,0.04938054457306862,0
D3_shared_projector_strong,2,6,59,50113,2,0,0.05574040859937668,0
D3_shared_projector_strong,2,6,60,50114,2,0,0.05572846531867981,0
D3_shared_projector_strong,2,6,65,50119,1,1,0.05072133615612984,0
D3_shared_projector_strong,2,6,71,50128,1,1,0.8788403868675232,1
D3_shared_projector_strong,2,6,77,50135,1,1,0.9140489101409912,1
D3_shared_projector_strong,2,6,89,50156,1,1,0.9132229089736938,1
D3_shared_projector_strong,2,6,93,50160,2,0,0.05208307132124901,0
D3_shared_projector_strong,2,6,94,50161,2,0,0.16358642280101776,0
D3_shared_projector_strong,2,6,96,50163,2,0,0.06619105488061905,0
D3_shared_projector_strong,2,6,128,50215,2,0,0.13287919759750366,0
D3_shared_projector_strong,2,6,143,50250,1,1,0.05140729993581772,0
D3_shared_projector_strong,2,6,166,50275,1,1,0.9116466641426086,1
D3_shared_projector_strong,2,6,167,50276,1,1,0.9103689193725586,1
D3_shared_projector_strong,2,6,168,50278,1,1,0.9152781367301941,1
D3_shared_projector_strong,2,6,171,50285,1,1,0.6880336999893188,1
D3_shared_projector_strong,2,6,174,50290,1,1,0.8628562092781067,1
D3_shared_projector_strong,2,6,190,50315,1,1,0.9121894240379333,1
D3_shared_projector_strong,2,6,219,50350,2,0,0.054619692265987396,0
D3_shared_projector_strong,2,6,220,50351,2,0,0.05432169884443283,0
D3_shared_projector_strong,2,6,227,50358,2,0,0.05141853913664818,0
D3_shared_projector_strong,2,6,235,50366,2,0,0.04940798506140709,0
D3_shared_projector_strong,2,6,276,50421,2,0,0.05129664018750191,0
D3_shared_projector_strong,2,6,287,50437,2,0,0.9125616550445557,1
D3_shared_projector_strong,2,6,290,50440,2,0,0.05166098102927208,0
D3_shared_projector_strong,2,6,310,50482,1,1,0.9139906167984009,1
D3_shared_projector_strong,2,6,327,50502,1,1,0.9150707125663757,1
D3_shared_projector_strong,2,6,333,50514,1,1,0.42054814100265503,0
D3_shared_projector_strong,2,6,337,50519,1,1,0.9053784012794495,1
D3_shared_projector_strong,2,6,350,50551,2,0,0.1016056016087532,0
D3_shared_projector_strong,2,6,362,50572,2,0,0.04989740625023842,0
D3_shared_projector_strong,2,6,382,50620,1,1,0.05174675211310387,0
D3_shared_projector_strong,2,6,393,50647,1,1,0.43739497661590576,0
D3_shared_projector_strong,2,6,406,50687,2,0,0.3640716075897217,0
D3_shared_projector_strong,2,6,408,50689,1,1,0.9157848954200745,1
D3_shared_projector_strong,2,6,409,50690,1,1,0.04941236600279808,0
D3_shared_projector_strong,2,6,418,50699,2,0,0.8876605033874512,1
D3_shared_projector_strong,2,6,423,50704,1,1,0.5867426991462708,1
D3_shared_projector_strong,2,6,426,50707,2,0,0.04973310977220535,0
D3_shared_projector_strong,2,6,435,50728,2,0,0.06566253304481506,0
D3_shared_projector_strong,2,6,449,50748,1,1,0.9154267907142639,1
D3_shared_projector_strong,2,6,456,50756,1,1,0.9071396589279175,1
D3_shared_projector_strong,2,6,467,50782,2,0,0.04947063326835632,0
D3_shared_projector_strong,2,6,486,50820,2,0,0.05195586010813713,0
D3_shared_projector_strong,2,6,488,50822,2,0,0.04942420870065689,0
D3_shared_projector_strong,2,6,489,50823,1,1,0.9155533909797668,1
D3_shared_projector_strong,2,6,499,50961,1,1,0.8938577771186829,1
D3_shared_projector_strong,2,6,500,50962,1,1,0.057840507477521896,0
D3_shared_projector_strong,2,6,502,50965,1,1,0.9149280786514282,1
D3_shared_projector_strong,2,6,531,50997,1,1,0.9156923294067383,1
D3_shared_projector_strong,2,6,542,51011,1,1,0.9135178923606873,1
D3_shared_projector_strong,2,6,562,51033,1,1,0.8987071514129639,1
D3_shared_projector_strong,2,6,577,51050,2,0,0.050041165202856064,0
D3_shared_projector_strong,2,6,610,51084,2,0,0.9154107570648193,1
D3_shared_projector_strong,2,6,615,51089,2,0,0.05308692529797554,0
D3_shared_projector_strong,2,6,639,51116,2,0,0.058036256581544876,0
D3_shared_projector_strong,2,6,648,51129,2,0,0.05594206973910332,0
D3_shared_projector_strong,2,6,656,51137,2,0,0.05178695172071457,0
D3_shared_projector_strong,2,6,679,51169,1,1,0.26164761185646057,0
D3_shared_projector_strong,2,6,685,51179,1,1,0.9125862717628479,1
D3_shared_projector_strong,2,6,688,51182,2,0,0.04957728832960129,0
D3_shared_projector_strong,2,6,700,51202,1,1,0.9125413298606873,1
D3_shared_projector_strong,2,6,731,51239,1,1,0.9037591218948364,1
D3_shared_projector_strong,2,6,744,51260,2,0,0.0498390756547451,0
D3_shared_projector_strong,2,6,746,51262,2,0,0.07868500798940659,0
D3_shared_projector_strong,2,6,747,51264,2,0,0.05071789026260376,0
D3_shared_projector_strong,2,6,751,51268,2,0,0.04958637058734894,0
D3_shared_projector_strong,2,6,753,51271,2,0,0.050037313252687454,0
D3_shared_projector_strong,2,6,755,51273,2,0,0.9110556840896606,1
D3_shared_projector_strong,2,6,760,51279,2,0,0.05004256218671799,0
D3_shared_projector_strong,2,6,763,51291,1,1,0.9157512187957764,1
D3_shared_projector_strong,2,6,768,51297,1,1,0.9146530032157898,1
D3_shared_projector_strong,2,6,773,51302,1,1,0.14402729272842407,0
D3_shared_projector_strong,2,6,779,51308,2,0,0.05432533472776413,0
D3_shared_projector_strong,2,6,781,51311,2,0,0.05049356073141098,0
D3_shared_projector_strong,2,6,801,51336,2,0,0.049390118569135666,0
D3_shared_projector_strong,2,6,809,51345,2,0,0.049424976110458374,0
D3_shared_projector_strong,2,6,824,51365,2,0,0.051792457699775696,0
D3_shared_projector_strong,2,6,831,51465,1,1,0.9156439900398254,1
D3_shared_projector_strong,2,6,840,51488,2,0,0.04999857768416405,0
D3_shared_projector_strong,2,6,843,51556,2,0,0.05170954391360283,0
D3_shared_projector_strong,2,6,848,51562,2,0,0.049386799335479736,0
D3_shared_projector_strong,2,6,849,51563,2,0,0.049446213990449905,0
D3_shared_projector_strong,2,6,854,51568,2,0,0.08672041445970535,0
D3_shared_projector_strong,2,6,859,51574,1,1,0.9134551882743835,1
D3_shared_projector_strong,2,7,38,50047,2,0,0.11966181546449661,0
D3_shared_projector_strong,2,7,44,50053,1,1,0.7733581066131592,1
D3_shared_projector_strong,2,7,46,50056,1,1,0.8835192322731018,1
D3_shared_projector_strong,2,7,47,50057,1,1,0.11567891389131546,0
D3_shared_projector_strong,2,7,57,50111,2,0,0.11603046208620071,0
D3_shared_projector_strong,2,7,68,50124,1,1,0.8845941424369812,1
D3_shared_projector_strong,2,7,69,50125,1,1,0.8780230283737183,1
D3_shared_projector_strong,2,7,85,50149,1,1,0.8838557004928589,1
D3_shared_projector_strong,2,7,91,50158,2,0,0.11715677380561829,0
D3_shared_projector_strong,2,7,97,50164,2,0,0.11683660000562668,0
D3_shared_projector_strong,2,7,111,50193,2,0,0.115022674202919,0
D3_shared_projector_strong,2,7,116,50199,2,0,0.11503054201602936,0
D3_shared_projector_strong,2,7,137,50241,1,1,0.8783122897148132,1
D3_shared_projector_strong,2,7,139,50245,1,1,0.8812527656555176,1
D3_shared_projector_strong,2,7,145,50252,1,1,0.31706589460372925,0
D3_shared_projector_strong,2,7,147,50254,1,1,0.8456577062606812,1
D3_shared_projector_strong,2,7,148,50255,1,1,0.8839131593704224,1
D3_shared_projector_strong,2,7,154,50263,2,0,0.11492925137281418,0
D3_shared_projector_strong,2,7,159,50268,2,0,0.11517249792814255,0
D3_shared_projector_strong,2,7,185,50304,1,1,0.7483028173446655,1
D3_shared_projector_strong,2,7,189,50314,1,1,0.8831597566604614,1
D3_shared_projector_strong,2,7,201,50332,2,0,0.11493758112192154,0
D3_shared_projector_strong,2,7,207,50338,2,0,0.11492215096950531,0
D3_shared_projector_strong,2,7,208,50339,2,0,0.11506649851799011,0
D3_shared_projector_strong,2,7,230,50361,2,0,0.11533805727958679,0
D3_shared_projector_strong,2,7,238,50369,2,0,0.11670525372028351,0
D3_shared_projector_strong,2,7,241,50373,2,0,0.12746337056159973,0
D3_shared_projector_strong,2,7,249,50382,2,0,0.11530833691358566,0
D3_shared_projector_strong,2,7,269,50413,1,1,0.8808397054672241,1
D3_shared_projector_strong,2,7,278,50424,2,0,0.11492809653282166,0
D3_shared_projector_strong,2,7,308,50480,1,1,0.8838618993759155,1
D3_shared_projector_strong,2,7,318,50492,1,1,0.8821194171905518,1
D3_shared_projector_strong,2,7,330,50507,1,1,0.38698142766952515,0
D3_shared_projector_strong,2,7,351,50552,2,0,0.11959689855575562,0
D3_shared_projector_strong,2,7,353,50557,2,0,0.114921934902668,0
D3_shared_projector_strong,2,7,364,50574,2,0,0.1182941347360611,0
D3_shared_projector_strong,2,7,371,50603,1,1,0.8833433389663696,1
D3_shared_projector_strong,2,7,376,50612,1,1,0.8487303256988525,1
D3_shared_projector_strong,2,7,389,50627,1,1,0.845587968826294,1
D3_shared_projector_strong,2,7,410,50691,2,0,0.11505305767059326,0
D3_shared_projector_strong,2,7,428,50709,2,0,0.11505360901355743,0
D3_shared_projector_strong,2,7,438,50733,2,0,0.11527906358242035,0
D3_shared_projector_strong,2,7,441,50738,2,0,0.11791731417179108,0
D3_shared_projector_strong,2,7,444,50741,2,0,0.11569563299417496,0
D3_shared_projector_strong,2,7,447,50744,1,1,0.8822116851806641,1
D3_shared_projector_strong,2,7,463,50777,2,0,0.12075227499008179,0
D3_shared_projector_strong,2,7,465,50780,2,0,0.1313752681016922,0
D3_shared_projector_strong,2,7,469,50786,2,0,0.1228192076086998,0
D3_shared_projector_strong,2,7,478,50801,1,1,0.8846045732498169,1
D3_shared_projector_strong,2,7,479,50803,1,1,0.8838902115821838,1
D3_shared_projector_strong,2,7,493,50955,1,1,0.11529283225536346,0
D3_shared_projector_strong,2,7,510,50974,1,1,0.8845875263214111,1
D3_shared_projector_strong,2,7,521,50987,1,1,0.8835034370422363,1
D3_shared_projector_strong,2,7,534,51001,1,1,0.8806435465812683,1
D3_shared_projector_strong,2,7,544,51013,1,1,0.8667042851448059,1
D3_shared_projector_strong,2,7,553,51023,1,1,0.8801358938217163,1
D3_shared_projector_strong,2,7,558,51028,1,1,0.8843607306480408,1
D3_shared_projector_strong,2,7,568,51040,2,0,0.11493867635726929,0
D3_shared_projector_strong,2,7,582,51055,2,0,0.11536223441362381,0
D3_shared_projector_strong,2,7,586,51059,2,0,0.1167745590209961,0
D3_shared_projector_strong,2,7,595,51068,2,0,0.7343468070030212,1
D3_shared_projector_strong,2,7,598,51072,2,0,0.8487764596939087,1
D3_shared_projector_strong,2,7,600,51074,2,0,0.19432497024536133,0
D3_shared_projector_strong,2,7,611,51085,2,0,0.8838639855384827,1
D3_shared_projector_strong,2,7,616,51090,2,0,0.11535332351922989,0
D3_shared_projector_strong,2,7,623,51098,2,0,0.11796039342880249,0
D3_shared_projector_strong,2,7,627,51102,2,0,0.11912878602743149,0
D3_shared_projector_strong,2,7,634,51110,2,0,0.11493519693613052,0
D3_shared_projector_strong,2,7,651,51132,2,0,0.11606465280056,0
D3_shared_projector_strong,2,7,665,51149,2,0,0.11641712486743927,0
D3_shared_projector_strong,2,7,668,51152,2,0,0.11525460332632065,0
D3_shared_projector_strong,2,7,670,51154,2,0,0.11579357087612152,0
D3_shared_projector_strong,2,7,676,51163,1,1,0.8839097023010254,1
D3_shared_projector_strong,2,7,694,51189,2,0,0.11574410647153854,0
D3_shared_projector_strong,2,7,713,51217,1,1,0.6420578956604004,1
D3_shared_projector_strong,2,7,719,51223,1,1,0.7968555092811584,1
D3_shared_projector_strong,2,7,726,51231,1,1,0.14352037012577057,0
D3_shared_projector_strong,2,7,729,51236,1,1,0.6017982959747314,1
D3_shared_projector_strong,2,7,730,51237,1,1,0.8839136958122253,1
D3_shared_projector_strong,2,7,732,51240,1,1,0.8817035555839539,1
D3_shared_projector_strong,2,7,745,51261,2,0,0.12760457396507263,0
D3_shared_projector_strong,2,7,790,51325,1,1,0.8806325197219849,1
D3_shared_projector_strong,2,7,798,51333,2,0,0.11506049335002899,0
D3_shared_projector_strong,2,7,807,51343,2,0,0.11655139923095703,0
D3_shared_projector_strong,2,7,812,51349,1,1,0.1152305081486702,0
D3_shared_projector_strong,2,7,833,51477,2,0,0.11576946824789047,0
D3_shared_projector_strong,2,7,863,51579,1,1,0.11824464797973633,0
D3_shared_projector_strong,2,8,49,50060,2,0,0.17127278447151184,0
D3_shared_projector_strong,2,8,61,50115,2,0,0.17035938799381256,0
D3_shared_projector_strong,2,8,64,50118,1,1,0.8824818730354309,1
D3_shared_projector_strong,2,8,70,50127,1,1,0.8783159852027893,1
D3_shared_projector_strong,2,8,102,50171,2,0,0.22341197729110718,0
D3_shared_projector_strong,2,8,105,50184,1,1,0.8835095763206482,1
D3_shared_projector_strong,2,8,107,50187,1,1,0.17335572838783264,0
D3_shared_projector_strong,2,8,112,50194,2,0,0.17222729325294495,0
D3_shared_projector_strong,2,8,114,50196,2,0,0.7578373551368713,1
D3_shared_projector_strong,2,8,118,50201,2,0,0.17123177647590637,0
D3_shared_projector_strong,2,8,124,50208,2,0,0.17167150974273682,0
D3_shared_projector_strong,2,8,133,50236,1,1,0.8841295838356018,1
D3_shared_projector_strong,2,8,134,50237,1,1,0.8841522932052612,1
D3_shared_projector_strong,2,8,146,50253,1,1,0.8814811110496521,1
D3_shared_projector_strong,2,8,151,50260,2,0,0.1718507707118988,0
D3_shared_projector_strong,2,8,160,50269,2,0,0.3430861532688141,0
D3_shared_projector_strong,2,8,179,50295,1,1,0.8842455744743347,1
D3_shared_projector_strong,2,8,183,50301,1,1,0.8821061253547668,1
D3_shared_projector_strong,2,8,184,50302,1,1,0.884218156337738,1
D3_shared_projector_strong,2,8,196,50325,1,1,0.19025404751300812,0
D3_shared_projector_strong,2,8,203,50334,2,0,0.862493634223938,1
D3_shared_projector_strong,2,8,210,50341,2,0,0.17157328128814697,0
D3_shared_projector_strong,2,8,215,50346,2,0,0.17101290822029114,0
D3_shared_projector_strong,2,8,216,50347,2,0,0.1699364334344864,0
D3_shared_projector_strong,2,8,223,50354,2,0,0.17982859909534454,0
D3_shared_projector_strong,2,8,224,50355,2,0,0.18008725345134735,0
D3_shared_projector_strong,2,8,237,50368,2,0,0.1699678897857666,0
D3_shared_projector_strong,2,8,255,50390,2,0,0.17155581712722778,0
D3_shared_projector_strong,2,8,256,50391,2,0,0.1699325144290924,0
D3_shared_projector_strong,2,8,260,50403,1,1,0.235989511013031,0
D3_shared_projector_strong,2,8,266,50410,1,1,0.8818347454071045,1
D3_shared_projector_strong,2,8,296,50446,2,0,0.19040636718273163,0
D3_shared_projector_strong,2,8,299,50449,2,0,0.17131368815898895,0
D3_shared_projector_strong,2,8,328,50503,1,1,0.8811892867088318,1
D3_shared_projector_strong,2,8,339,50521,1,1,0.6279898285865784,1
D3_shared_projector_strong,2,8,343,50526,1,1,0.8815329670906067,1
D3_shared_projector_strong,2,8,347,50530,1,1,0.8815544843673706,1
D3_shared_projector_strong,2,8,349,50532,1,1,0.8822673559188843,1
D3_shared_projector_strong,2,8,365,50575,2,0,0.19538451731204987,0
D3_shared_projector_strong,2,8,377,50613,1,1,0.8839285969734192,1
D3_shared_projector_strong,2,8,386,50624,1,1,0.8842048645019531,1
D3_shared_projector_strong,2,8,387,50625,1,1,0.17003244161605835,0
D3_shared_projector_strong,2,8,413,50694,1,1,0.8833405375480652,1
D3_shared_projector_strong,2,8,414,50695,1,1,0.8249455690383911,1
D3_shared_projector_strong,2,8,470,50790,2,0,0.1715852916240692,0
D3_shared_projector_strong,2,8,485,50818,2,0,0.17082633078098297,0
D3_shared_projector_strong,2,8,496,50958,1,1,0.8841574192047119,1
D3_shared_projector_strong,2,8,504,50967,1,1,0.8794635534286499,1
D3_shared_projector_strong,2,8,517,50983,1,1,0.8841767907142639,1
D3_shared_projector_strong,2,8,536,51003,1,1,0.8841875195503235,1
D3_shared_projector_strong,2,8,540,51009,1,1,0.8822324872016907,1
D3_shared_projector_strong,2,8,551,51020,1,1,0.8680232763290405,1
D3_shared_projector_strong,2,8,569,51041,2,0,0.17189361155033112,0
D3_shared_projector_strong,2,8,570,51042,2,0,0.18502168357372284,0
D3_shared_projector_strong,2,8,574,51047,2,0,0.3140624761581421,0
D3_shared_projector_strong,2,8,576,51049,2,0,0.17028512060642242,0
D3_shared_projector_strong,2,8,584,51057,2,0,0.16996517777442932,0
D3_shared_projector_strong,2,8,588,51061,2,0,0.16988655924797058,0
D3_shared_projector_strong,2,8,593,51066,2,0,0.17114675045013428,0
D3_shared_projector_strong,2,8,601,51075,2,0,0.17224399745464325,0
D3_shared_projector_strong,2,8,633,51109,2,0,0.16987958550453186,0
D3_shared_projector_strong,2,8,642,51122,2,0,0.1711282730102539,0
D3_shared_projector_strong,2,8,645,51126,2,0,0.17004455626010895,0
D3_shared_projector_strong,2,8,660,51141,2,0,0.8411376476287842,1
D3_shared_projector_strong,2,8,673,51159,2,0,0.8841680288314819,1
D3_shared_projector_strong,2,8,683,51177,1,1,0.8823169469833374,1
D3_shared_projector_strong,2,8,698,51198,2,0,0.5727502107620239,1
D3_shared_projector_strong,2,8,701,51203,1,1,0.8841261863708496,1
D3_shared_projector_strong,2,8,715,51219,1,1,0.8822453618049622,1
D3_shared_projector_strong,2,8,717,51221,1,1,0.8822323083877563,1
D3_shared_projector_strong,2,8,722,51226,1,1,0.1903030425310135,0
D3_shared_projector_strong,2,8,734,51248,1,1,0.8842272162437439,1
D3_shared_projector_strong,2,8,738,51252,2,0,0.8832941055297852,1
D3_shared_projector_strong,2,8,748,51265,2,0,0.16991910338401794,0
D3_shared_projector_strong,2,8,778,51307,2,0,0.8834927678108215,1
D3_shared_projector_strong,2,8,785,51319,1,1,0.8832783699035645,1
D3_shared_projector_strong,2,8,803,51339,2,0,0.17043572664260864,0
D3_shared_projector_strong,2,8,817,51357,2,0,0.1703023761510849,0
D3_shared_projector_strong,2,8,826,51370,2,0,0.17293474078178406,0
D3_shared_projector_strong,2,8,828,51461,1,1,0.8821069598197937,1
D3_shared_projector_strong,2,8,832,51473,1,1,0.8804945349693298,1
D3_shared_projector_strong,2,8,839,51487,2,0,0.20051723718643188,0
D3_shared_projector_strong,2,8,847,51560,2,0,0.17126289010047913,0
D3_shared_projector_strong,2,8,851,51565,2,0,0.47613510489463806,0
D3_shared_projector_strong,2,8,852,51566,2,0,0.1699279397726059,0
D3_shared_projector_strong,2,8,857,51572,1,1,0.8824385404586792,1
D3_shared_projector_strong,2,8,866,51583,1,1,0.8829747438430786,1
D3_shared_projector_strong,2,9,9,50013,1,1,0.9241090416908264,1
D3_shared_projector_strong,2,9,20,50028,1,1,0.9314764738082886,1
D3_shared_projector_strong,2,9,27,50036,2,0,0.09822302311658859,0
D3_shared_projector_strong,2,9,32,50041,2,0,0.09845928847789764,0
D3_shared_projector_strong,2,9,37,50046,2,0,0.10182074457406998,0
D3_shared_projector_strong,2,9,40,50049,2,0,0.09782370924949646,0
D3_shared_projector_strong,2,9,42,50051,2,0,0.33617880940437317,0
D3_shared_projector_strong,2,9,50,50102,2,0,0.10255584120750427,0
D3_shared_projector_strong,2,9,66,50121,1,1,0.9314777255058289,1
D3_shared_projector_strong,2,9,75,50132,1,1,0.9314526915550232,1
D3_shared_projector_strong,2,9,83,50147,1,1,0.9241898655891418,1
D3_shared_projector_strong,2,9,84,50148,1,1,0.9287874102592468,1
D3_shared_projector_strong,2,9,87,50152,1,1,0.9313474297523499,1
D3_shared_projector_strong,2,9,104,50183,1,1,0.9314757585525513,1
D3_shared_projector_strong,2,9,121,50204,2,0,0.0982094407081604,0
D3_shared_projector_strong,2,9,122,50205,2,0,0.09886755049228668,0
D3_shared_projector_strong,2,9,123,50206,2,0,0.3695325553417206,0
D3_shared_projector_strong,2,9,130,50232,1,1,0.9311007261276245,1
D3_shared_projector_strong,2,9,132,50234,1,1,0.9223842620849609,1
D3_shared_projector_strong,2,9,221,50352,2,0,0.4520958960056305,0
D3_shared_projector_strong,2,9,226,50357,2,0,0.10074038803577423,0
D3_shared_projector_strong,2,9,232,50363,2,0,0.904189944267273,1
D3_shared_projector_strong,2,9,250,50383,2,0,0.13399097323417664,0
D3_shared_projector_strong,2,9,258,50399,1,1,0.9314802289009094,1
D3_shared_projector_strong,2,9,261,50404,1,1,0.9312255382537842,1
D3_shared_projector_strong,2,9,262,50405,1,1,0.9304649233818054,1
D3_shared_projector_strong,2,9,282,50428,2,0,0.1010340079665184,0
D3_shared_projector_strong,2,9,284,50434,2,0,0.09801991283893585,0
D3_shared_projector_strong,2,9,289,50439,2,0,0.13592520356178284,0
D3_shared_projector_strong,2,9,291,50441,2,0,0.09782128781080246,0
D3_shared_projector_strong,2,9,301,50463,2,0,0.09783376008272171,0
D3_shared_projector_strong,2,9,323,50498,1,1,0.9283298850059509,1
D3_shared_projector_strong,2,9,344,50527,1,1,0.9305086731910706,1
D3_shared_projector_strong,2,9,358,50568,2,0,0.8764251470565796,1
D3_shared_projector_strong,2,9,361,50571,2,0,0.6144969463348389,1
D3_shared_projector_strong,2,9,363,50573,2,0,0.09902478754520416,0
D3_shared_projector_strong,2,9,380,50616,1,1,0.9314832091331482,1
D3_shared_projector_strong,2,9,391,50642,1,1,0.922187328338623,1
D3_shared_projector_strong,2,9,397,50656,2,0,0.6619642376899719,1
D3_shared_projector_strong,2,9,407,50688,2,0,0.09773644804954529,0
D3_shared_projector_strong,2,9,415,50696,1,1,0.9309470057487488,1
D3_shared_projector_strong,2,9,419,50700,1,1,0.93145751953125,1
D3_shared_projector_strong,2,9,420,50701,2,0,0.09821299463510513,0
D3_shared_projector_strong,2,9,427,50708,1,1,0.9312512278556824,1
D3_shared_projector_strong,2,9,446,50743,1,1,0.9314922094345093,1
D3_shared_projector_strong,2,9,461,50775,2,0,0.09888023883104324,0
D3_shared_projector_strong,2,9,472,50792,1,1,0.9314219951629639,1
D3_shared_projector_strong,2,9,481,50812,2,0,0.09775301814079285,0
D3_shared_projector_strong,2,9,491,50952,1,1,0.9296625256538391,1
D3_shared_projector_strong,2,9,498,50960,1,1,0.3670044541358948,0
D3_shared_projector_strong,2,9,511,50976,1,1,0.9305101633071899,1
D3_shared_projector_strong,2,9,524,50990,1,1,0.9300405979156494,1
D3_shared_projector_strong,2,9,539,51008,1,1,0.5720807909965515,1
D3_shared_projector_strong,2,9,541,51010,1,1,0.8939012885093689,1
D3_shared_projector_strong,2,9,543,51012,1,1,0.7356982231140137,1
D3_shared_projector_strong,2,9,563,51034,1,1,0.9313332438468933,1
D3_shared_projector_strong,2,9,564,51035,1,1,0.8993015885353088,1
D3_shared_projector_strong,2,9,592,51065,2,0,0.09820733219385147,0
D3_shared_projector_strong,2,9,604,51078,2,0,0.10614711791276932,0
D3_shared_projector_strong,2,9,605,51079,2,0,0.9199759364128113,1
D3_shared_projector_strong,2,9,608,51082,2,0,0.17969518899917603,0
D3_shared_projector_strong,2,9,620,51095,2,0,0.9188887476921082,1
D3_shared_projector_strong,2,9,624,51099,2,0,0.09774171561002731,0
D3_shared_projector_strong,2,9,632,51107,2,0,0.9048416018486023,1
D3_shared_projector_strong,2,9,643,51123,2,0,0.10482031106948853,0
D3_shared_projector_strong,2,9,654,51135,2,0,0.6046406030654907,1
D3_shared_projector_strong,2,9,667,51151,2,0,0.09864310175180435,0
D3_shared_projector_strong,2,9,680,51170,1,1,0.891251266002655,1
D3_shared_projector_strong,2,9,699,51201,1,1,0.9312916994094849,1
D3_shared_projector_strong,2,9,708,51211,1,1,0.931330680847168,1
D3_shared_projector_strong,2,9,712,51216,1,1,0.09781692177057266,0
D3_shared_projector_strong,2,9,736,51250,2,0,0.09782195836305618,0
D3_shared_projector_strong,2,9,739,51253,2,0,0.0988604798913002,0
D3_shared_projector_strong,2,9,740,51254,2,0,0.09902851283550262,0
D3_shared_projector_strong,2,9,742,51256,2,0,0.10275442898273468,0
D3_shared_projector_strong,2,9,752,51269,2,0,0.10017231106758118,0
D3_shared_projector_strong,2,9,756,51275,2,0,0.09884294867515564,0
D3_shared_projector_strong,2,9,784,51318,1,1,0.9245972037315369,1
D3_shared_projector_strong,2,9,788,51322,1,1,0.9257324934005737,1
D3_shared_projector_strong,2,9,789,51323,1,1,0.9283240437507629,1
D3_shared_projector_strong,2,9,794,51329,1,1,0.2703579068183899,0
D3_shared_projector_strong,2,9,802,51338,2,0,0.9314500093460083,1
D3_shared_projector_strong,2,9,822,51363,2,0,0.10244162380695343,0
D3_shared_projector_strong,2,9,825,51369,2,0,0.0984921082854271,0
D3_shared_projector_strong,2,9,827,51373,2,0,0.10044760257005692,0
D3_shared_projector_strong,2,9,842,51493,2,0,0.09782079607248306,0
D3_shared_projector_strong,2,9,864,51580,1,1,0.9287400841712952,1
D3_shared_projector_strong,2,10,11,50015,1,1,0.9243438243865967,1
D3_shared_projector_strong,2,10,16,50024,1,1,0.9247025847434998,1
D3_shared_projector_strong,2,10,18,50026,1,1,0.9251748919487,1
D3_shared_projector_strong,2,10,33,50042,2,0,0.056298207491636276,0
D3_shared_projector_strong,2,10,36,50045,2,0,0.20229928195476532,0
D3_shared_projector_strong,2,10,41,50050,2,0,0.057624734938144684,0
D3_shared_projector_strong,2,10,43,50052,2,0,0.9181285500526428,1
D3_shared_projector_strong,2,10,54,50106,2,0,0.9134880304336548,1
D3_shared_projector_strong,2,10,74,50131,1,1,0.9200349450111389,1
D3_shared_projector_strong,2,10,99,50168,2,0,0.058406226336956024,0
D3_shared_projector_strong,2,10,106,50186,1,1,0.9248313903808594,1
D3_shared_projector_strong,2,10,109,50189,1,1,0.9251607060432434,1
D3_shared_projector_strong,2,10,110,50190,1,1,0.9251646995544434,1
D3_shared_projector_strong,2,10,150,50259,2,0,0.30476316809654236,0
D3_shared_projector_strong,2,10,158,50267,2,0,0.056839995086193085,0
D3_shared_projector_strong,2,10,188,50312,1,1,0.9241467714309692,1
D3_shared_projector_strong,2,10,194,50321,1,1,0.9245792031288147,1
D3_shared_projector_strong,2,10,233,50364,2,0,0.33729150891304016,0
D3_shared_projector_strong,2,10,239,50370,2,0,0.05858668312430382,0
D3_shared_projector_strong,2,10,245,50377,2,0,0.11499733477830887,0
D3_shared_projector_strong,2,10,252,50386,2,0,0.056367307901382446,0
D3_shared_projector_strong,2,10,257,50397,1,1,0.9250532984733582,1
D3_shared_projector_strong,2,10,263,50406,1,1,0.9241608381271362,1
D3_shared_projector_strong,2,10,268,50412,1,1,0.9235993027687073,1
D3_shared_projector_strong,2,10,270,50414,2,0,0.15429605543613434,0
D3_shared_projector_strong,2,10,273,50417,2,0,0.06159815192222595,0
D3_shared_projector_strong,2,10,294,50444,2,0,0.2615832984447479,0
D3_shared_projector_strong,2,10,303,50467,2,0,0.05624869838356972,0
D3_shared_projector_strong,2,10,304,50468,2,0,0.05793536454439163,0
D3_shared_projector_strong,2,10,317,50491,1,1,0.9211326241493225,1
D3_shared_projector_strong,2,10,324,50499,1,1,0.9250909686088562,1
D3_shared_projector_strong,2,10,366,50576,2,0,0.05700019747018814,0
D3_shared_projector_strong,2,10,372,50604,1,1,0.9243179559707642,1
D3_shared_projector_strong,2,10,394,50648,1,1,0.41590607166290283,0
D3_shared_projector_strong,2,10,430,50722,2,0,0.058528244495391846,0
D3_shared_projector_strong,2,10,434,50726,2,0,0.13192303478717804,0
D3_shared_projector_strong,2,10,443,50740,2,0,0.08371397852897644,0
D3_shared_projector_strong,2,10,459,50773,2,0,0.107930988073349,0
D3_shared_projector_strong,2,10,475,50798,1,1,0.0599634163081646,0
D3_shared_projector_strong,2,10,482,50814,2,0,0.5014259815216064,1
D3_shared_projector_strong,2,10,490,50824,1,1,0.8103147149085999,1
D3_shared_projector_strong,2,10,494,50956,1,1,0.9238086342811584,1
D3_shared_projector_strong,2,10,501,50964,1,1,0.9251306056976318,1
D3_shared_projector_strong,2,10,507,50970,1,1,0.9249482750892639,1
D3_shared_projector_strong,2,10,509,50973,1,1,0.9251607060432434,1
D3_shared_projector_strong,2,10,512,50977,1,1,0.9243475198745728,1
D3_shared_projector_strong,2,10,518,50984,1,1,0.9251700043678284,1
D3_shared_projector_strong,2,10,519,50985,1,1,0.9236286878585815,1
D3_shared_projector_strong,2,10,523,50989,1,1,0.9243211150169373,1
D3_shared_projector_strong,2,10,527,50993,1,1,0.9241536855697632,1
D3_shared_projector_strong,2,10,528,50994,1,1,0.9247156977653503,1
D3_shared_projector_strong,2,10,529,50995,1,1,0.9230064153671265,1
D3_shared_projector_strong,2,10,533,51000,1,1,0.9250891804695129,1
D3_shared_projector_strong,2,10,535,51002,1,1,0.9205932021141052,1
D3_shared_projector_strong,2,10,547,51016,1,1,0.9239043593406677,1
D3_shared_projector_strong,2,10,549,51018,1,1,0.9235964417457581,1
D3_shared_projector_strong,2,10,557,51027,1,1,0.9247226715087891,1
D3_shared_projector_strong,2,10,565,51036,2,0,0.05710767209529877,0
D3_shared_projector_strong,2,10,567,51039,2,0,0.05636327713727951,0
D3_shared_projector_strong,2,10,573,51046,2,0,0.8482924699783325,1
D3_shared_projector_strong,2,10,578,51051,2,0,0.06075477972626686,0
D3_shared_projector_strong,2,10,591,51064,2,0,0.056437596678733826,0
D3_shared_projector_strong,2,10,617,51091,2,0,0.056210972368717194,0
D3_shared_projector_strong,2,10,618,51093,2,0,0.05637060105800629,0
D3_shared_projector_strong,2,10,619,51094,2,0,0.06143893674015999,0
D3_shared_projector_strong,2,10,626,51101,2,0,0.06168334558606148,0
D3_shared_projector_strong,2,10,636,51112,2,0,0.06073903664946556,0
D3_shared_projector_strong,2,10,641,51118,2,0,0.43576696515083313,0
D3_shared_projector_strong,2,10,649,51130,2,0,0.9249124526977539,1
D3_shared_projector_strong,2,10,662,51146,2,0,0.06011444702744484,0
D3_shared_projector_strong,2,10,666,51150,2,0,0.05723809450864792,0
D3_shared_projector_strong,2,10,692,51187,2,0,0.05869096517562866,0
D3_shared_projector_strong,2,10,696,51194,2,0,0.36302727460861206,0
D3_shared_projector_strong,2,10,702,51204,1,1,0.9236329197883606,1
D3_shared_projector_strong,2,10,707,51210,1,1,0.9226120114326477,1
D3_shared_projector_strong,2,10,758,51277,2,0,0.05762845650315285,0
D3_shared_projector_strong,2,10,761,51280,2,0,0.05775924026966095,0
D3_shared_projector_strong,2,10,764,51292,1,1,0.923366904258728,1
D3_shared_projector_strong,2,10,765,51293,1,1,0.9239903092384338,1
D3_shared_projector_strong,2,10,777,51306,2,0,0.7709405422210693,1
D3_shared_projector_strong,2,10,782,51313,2,0,0.06168403476476669,0
D3_shared_projector_strong,2,10,796,51331,1,1,0.9250742197036743,1
D3_shared_projector_strong,2,10,797,51332,2,0,0.05840911343693733,0
D3_shared_projector_strong,2,10,800,51335,2,0,0.1292458474636078,0
D3_shared_projector_strong,2,10,819,51360,2,0,0.1084977388381958,0
D3_shared_projector_strong,2,10,850,51564,2,0,0.05636834353208542,0
D3_shared_projector_strong,2,10,860,51576,1,1,0.1592603623867035,0
D4_disentangled_medium,0,1,10,50014,1,1,0.910351037979126,1
D4_disentangled_medium,0,1,14,50022,1,1,0.23934677243232727,0
D4_disentangled_medium,0,1,36,50045,2,0,0.47004273533821106,0
D4_disentangled_medium,0,1,42,50051,2,0,0.8192782402038574,1
D4_disentangled_medium,0,1,49,50060,2,0,0.14269281923770905,0
D4_disentangled_medium,0,1,53,50105,2,0,0.774380087852478,1
D4_disentangled_medium,0,1,63,50117,2,0,0.428445428609848,0
D4_disentangled_medium,0,1,67,50123,1,1,0.908667266368866,1
D4_disentangled_medium,0,1,83,50147,1,1,0.666570246219635,1
D4_disentangled_medium,0,1,84,50148,1,1,0.9109288454055786,1
D4_disentangled_medium,0,1,96,50163,2,0,0.28721970319747925,0
D4_disentangled_medium,0,1,97,50164,2,0,0.15230600535869598,0
D4_disentangled_medium,0,1,111,50193,2,0,0.11596737802028656,0
D4_disentangled_medium,0,1,114,50196,2,0,0.5635462999343872,1
D4_disentangled_medium,0,1,123,50206,2,0,0.7493454813957214,1
D4_disentangled_medium,0,1,131,50233,1,1,0.9108473062515259,1
D4_disentangled_medium,0,1,132,50234,1,1,0.6419805288314819,1
D4_disentangled_medium,0,1,136,50240,1,1,0.910596489906311,1
D4_disentangled_medium,0,1,141,50248,1,1,0.8996479511260986,1
D4_disentangled_medium,0,1,145,50252,1,1,0.4020083546638489,0
D4_disentangled_medium,0,1,146,50253,1,1,0.8956933617591858,1
D4_disentangled_medium,0,1,148,50255,1,1,0.8807901740074158,1
D4_disentangled_medium,0,1,152,50261,2,0,0.5714026093482971,1
D4_disentangled_medium,0,1,154,50263,2,0,0.21920663118362427,0
D4_disentangled_medium,0,1,164,50273,1,1,0.8978121280670166,1
D4_disentangled_medium,0,1,184,50302,1,1,0.9096959233283997,1
D4_disentangled_medium,0,1,202,50333,2,0,0.18040966987609863,0
D4_disentangled_medium,0,1,204,50335,2,0,0.12303189188241959,0
D4_disentangled_medium,0,1,210,50341,2,0,0.1819070726633072,0
D4_disentangled_medium,0,1,223,50354,2,0,0.24398821592330933,0
D4_disentangled_medium,0,1,241,50373,2,0,0.4979185163974762,0
D4_disentangled_medium,0,1,266,50410,1,1,0.8957610726356506,1
D4_disentangled_medium,0,1,271,50415,2,0,0.17993253469467163,0
D4_disentangled_medium,0,1,275,50419,2,0,0.11549113690853119,0
D4_disentangled_medium,0,1,278,50424,2,0,0.19392450153827667,0
D4_disentangled_medium,0,1,286,50436,2,0,0.747281014919281,1
D4_disentangled_medium,0,1,292,50442,2,0,0.12259344756603241,0
D4_disentangled_medium,0,1,302,50466,2,0,0.11566805094480515,0
D4_disentangled_medium,0,1,303,50467,2,0,0.48446711897850037,0
D4_disentangled_medium,0,1,323,50498,1,1,0.8966127038002014,1
D4_disentangled_medium,0,1,326,50501,1,1,0.9084745049476624,1
D4_disentangled_medium,0,1,346,50529,1,1,0.9086646437644958,1
D4_disentangled_medium,0,1,349,50532,1,1,0.9022883176803589,1
D4_disentangled_medium,0,1,352,50555,2,0,0.12730707228183746,0
D4_disentangled_medium,0,1,353,50557,2,0,0.17095820605754852,0
D4_disentangled_medium,0,1,360,50570,2,0,0.11617124080657959,0
D4_disentangled_medium,0,1,390,50628,1,1,0.9062283635139465,1
D4_disentangled_medium,0,1,397,50656,2,0,0.313492089509964,0
D4_disentangled_medium,0,1,405,50686,1,1,0.9118208885192871,1
D4_disentangled_medium,0,1,408,50689,1,1,0.9093294739723206,1
D4_disentangled_medium,0,1,430,50722,2,0,0.11005812883377075,0
D4_disentangled_medium,0,1,435,50728,2,0,0.7194618582725525,1
D4_disentangled_medium,0,1,446,50743,1,1,0.9097148180007935,1
D4_disentangled_medium,0,1,451,50750,1,1,0.9118502140045166,1
D4_disentangled_medium,0,1,475,50798,1,1,0.12685438990592957,0
D4_disentangled_medium,0,1,476,50799,1,1,0.9108847379684448,1
D4_disentangled_medium,0,1,481,50812,2,0,0.11236896365880966,0
D4_disentangled_medium,0,1,490,50824,1,1,0.14537125825881958,0
D4_disentangled_medium,0,1,511,50976,1,1,0.9108512997627258,1
D4_disentangled_medium,0,1,522,50988,1,1,0.8754922747612,1
D4_disentangled_medium,0,1,525,50991,1,1,0.3603162169456482,0
D4_disentangled_medium,0,1,537,51006,1,1,0.9115261435508728,1
D4_disentangled_medium,0,1,541,51010,1,1,0.555639922618866,1
D4_disentangled_medium,0,1,557,51027,1,1,0.8155287504196167,1
D4_disentangled_medium,0,1,559,51029,1,1,0.3924931585788727,0
D4_disentangled_medium,0,1,579,51052,2,0,0.11443817615509033,0
D4_disentangled_medium,0,1,584,51057,2,0,0.12137284129858017,0
D4_disentangled_medium,0,1,633,51109,2,0,0.11243365705013275,0
D4_disentangled_medium,0,1,636,51112,2,0,0.12486185133457184,0
D4_disentangled_medium,0,1,648,51129,2,0,0.11111065745353699,0
D4_disentangled_medium,0,1,655,51136,2,0,0.504849910736084,1
D4_disentangled_medium,0,1,670,51154,2,0,0.11213832348585129,0
D4_disentangled_medium,0,1,692,51187,2,0,0.13841260969638824,0
D4_disentangled_medium,0,1,695,51192,2,0,0.11454569548368454,0
D4_disentangled_medium,0,1,696,51194,2,0,0.8383616805076599,1
D4_disentangled_medium,0,1,727,51234,1,1,0.9009678363800049,1
D4_disentangled_medium,0,1,732,51240,1,1,0.9057000279426575,1
D4_disentangled_medium,0,1,762,51281,2,0,0.13370639085769653,0
D4_disentangled_medium,0,1,765,51293,1,1,0.9118300080299377,1
D4_disentangled_medium,0,1,766,51294,1,1,0.7422531247138977,1
D4_disentangled_medium,0,1,779,51308,2,0,0.15018336474895477,0
D4_disentangled_medium,0,1,795,51330,1,1,0.9118708372116089,1
D4_disentangled_medium,0,1,798,51333,2,0,0.13374757766723633,0
D4_disentangled_medium,0,1,825,51369,2,0,0.26918935775756836,0
D4_disentangled_medium,0,1,828,51461,1,1,0.9111220836639404,1
D4_disentangled_medium,0,1,839,51487,2,0,0.5652251839637756,1
D4_disentangled_medium,0,1,854,51568,2,0,0.34212449193000793,0
D4_disentangled_medium,0,1,862,51578,1,1,0.9119503498077393,1
D4_disentangled_medium,0,2,2,50005,1,1,0.2676790654659271,0
D4_disentangled_medium,0,2,3,50006,1,1,0.8612130284309387,1
D4_disentangled_medium,0,2,4,50007,1,1,0.3077216148376465,0
D4_disentangled_medium,0,2,20,50028,1,1,0.853543758392334,1
D4_disentangled_medium,0,2,27,50036,2,0,0.10755391418933868,0
D4_disentangled_medium,0,2,35,50044,2,0,0.10559045523405075,0
D4_disentangled_medium,0,2,45,50054,2,0,0.7870438098907471,1
D4_disentangled_medium,0,2,57,50111,2,0,0.11007809638977051,0
D4_disentangled_medium,0,2,61,50115,2,0,0.11005440354347229,0
D4_disentangled_medium,0,2,69,50125,1,1,0.8612549901008606,1
D4_disentangled_medium,0,2,79,50143,1,1,0.866133987903595,1
D4_disentangled_medium,0,2,87,50152,1,1,0.862978458404541,1
D4_disentangled_medium,0,2,116,50199,2,0,0.10749582201242447,0
D4_disentangled_medium,0,2,122,50205,2,0,0.10748341679573059,0
D4_disentangled_medium,0,2,130,50232,1,1,0.8651875853538513,1
D4_disentangled_medium,0,2,133,50236,1,1,0.8645486235618591,1
D4_disentangled_medium,0,2,147,50254,1,1,0.7710008025169373,1
D4_disentangled_medium,0,2,162,50271,2,0,0.10545912384986877,0
D4_disentangled_medium,0,2,170,50284,1,1,0.13927583396434784,0
D4_disentangled_medium,0,2,171,50285,1,1,0.11062254756689072,0
D4_disentangled_medium,0,2,183,50301,1,1,0.5917078852653503,1
D4_disentangled_medium,0,2,192,50319,1,1,0.8645334839820862,1
D4_disentangled_medium,0,2,197,50327,2,0,0.10600516200065613,0
D4_disentangled_medium,0,2,217,50348,2,0,0.10549181699752808,0
D4_disentangled_medium,0,2,218,50349,2,0,0.11207078397274017,0
D4_disentangled_medium,0,2,222,50353,2,0,0.10549264401197433,0
D4_disentangled_medium,0,2,232,50363,2,0,0.11553630232810974,0
D4_disentangled_medium,0,2,234,50365,2,0,0.10681675374507904,0
D4_disentangled_medium,0,2,257,50397,1,1,0.8558359742164612,1
D4_disentangled_medium,0,2,270,50414,2,0,0.11335137486457825,0
D4_disentangled_medium,0,2,282,50428,2,0,0.10754283517599106,0
D4_disentangled_medium,0,2,283,50433,2,0,0.10928090661764145,0
D4_disentangled_medium,0,2,294,50444,2,0,0.16250991821289062,0
D4_disentangled_medium,0,2,307,50477,1,1,0.608619213104248,1
D4_disentangled_medium,0,2,316,50490,1,1,0.630605936050415,1
D4_disentangled_medium,0,2,357,50565,2,0,0.16736671328544617,0
D4_disentangled_medium,0,2,363,50573,2,0,0.10565096884965897,0
D4_disentangled_medium,0,2,364,50574,2,0,0.11202974617481232,0
D4_disentangled_medium,0,2,372,50604,1,1,0.8550316095352173,1
D4_disentangled_medium,0,2,381,50619,1,1,0.8649066686630249,1
D4_disentangled_medium,0,2,385,50623,1,1,0.8395105600357056,1
D4_disentangled_medium,0,2,394,50648,1,1,0.10667096078395844,0
D4_disentangled_medium,0,2,399,50664,2,0,0.10806796699762344,0
D4_disentangled_medium,0,2,407,50688,2,0,0.10729940235614777,0
D4_disentangled_medium,0,2,410,50691,2,0,0.1060052365064621,0
D4_disentangled_medium,0,2,417,50698,2,0,0.1077476367354393,0
D4_disentangled_medium,0,2,426,50707,2,0,0.1067034900188446,0
D4_disentangled_medium,0,2,450,50749,1,1,0.8629757761955261,1
D4_disentangled_medium,0,2,453,50752,1,1,0.49386584758758545,0
D4_disentangled_medium,0,2,462,50776,2,0,0.10748418420553207,0
D4_disentangled_medium,0,2,465,50780,2,0,0.10645066201686859,0
D4_disentangled_medium,0,2,478,50801,1,1,0.35517963767051697,0
D4_disentangled_medium,0,2,489,50823,1,1,0.8289958834648132,1
D4_disentangled_medium,0,2,513,50978,1,1,0.8657272458076477,1
D4_disentangled_medium,0,2,528,50994,1,1,0.8655375838279724,1
D4_disentangled_medium,0,2,535,51002,1,1,0.35244667530059814,0
D4_disentangled_medium,0,2,543,51012,1,1,0.7977451682090759,1
D4_disentangled_medium,0,2,544,51013,1,1,0.6027987003326416,1
D4_disentangled_medium,0,2,546,51015,1,1,0.10577280074357986,0
D4_disentangled_medium,0,2,553,51023,1,1,0.8635103702545166,1
D4_disentangled_medium,0,2,558,51028,1,1,0.8661403059959412,1
D4_disentangled_medium,0,2,568,51040,2,0,0.1199299767613411,0
D4_disentangled_medium,0,2,572,51045,2,0,0.11519914120435715,0
D4_disentangled_medium,0,2,585,51058,2,0,0.11310239881277084,0
D4_disentangled_medium,0,2,592,51065,2,0,0.1098797395825386,0
D4_disentangled_medium,0,2,596,51069,2,0,0.11315442621707916,0
D4_disentangled_medium,0,2,612,51086,2,0,0.11595283448696136,0
D4_disentangled_medium,0,2,629,51104,2,0,0.10927988588809967,0
D4_disentangled_medium,0,2,642,51122,2,0,0.11492151767015457,0
D4_disentangled_medium,0,2,645,51126,2,0,0.11831122636795044,0
D4_disentangled_medium,0,2,646,51127,2,0,0.13367843627929688,0
D4_disentangled_medium,0,2,651,51132,2,0,0.1098380908370018,0
D4_disentangled_medium,0,2,681,51171,1,1,0.2629891335964203,0
D4_disentangled_medium,0,2,683,51177,1,1,0.8577307462692261,1
D4_disentangled_medium,0,2,690,51184,2,0,0.11473212391138077,0
D4_disentangled_medium,0,2,691,51185,2,0,0.4721297323703766,0
D4_disentangled_medium,0,2,718,51222,1,1,0.10748216509819031,0
D4_disentangled_medium,0,2,722,51226,1,1,0.10600490868091583,0
D4_disentangled_medium,0,2,728,51235,1,1,0.8598312139511108,1
D4_disentangled_medium,0,2,742,51256,2,0,0.10753534734249115,0
D4_disentangled_medium,0,2,753,51271,2,0,0.11044735461473465,0
D4_disentangled_medium,0,2,793,51328,1,1,0.8659152984619141,1
D4_disentangled_medium,0,2,820,51361,2,0,0.10548344254493713,0
D4_disentangled_medium,0,2,824,51365,2,0,0.10749787092208862,0
D4_disentangled_medium,0,2,832,51473,1,1,0.10774555802345276,0
D4_disentangled_medium,0,2,840,51488,2,0,0.10696359723806381,0
D4_disentangled_medium,0,2,869,51606,1,1,0.1056952029466629,0
D4_disentangled_medium,0,3,21,50030,2,0,0.8849384188652039,1
D4_disentangled_medium,0,3,32,50041,2,0,0.05436510220170021,0
D4_disentangled_medium,0,3,34,50043,2,0,0.1833813339471817,0
D4_disentangled_medium,0,3,37,50046,2,0,0.053070295602083206,0
D4_disentangled_medium,0,3,70,50127,1,1,0.08623344451189041,0
D4_disentangled_medium,0,3,74,50131,1,1,0.7836373448371887,1
D4_disentangled_medium,0,3,86,50150,1,1,0.9120622873306274,1
D4_disentangled_medium,0,3,100,50169,2,0,0.05417846515774727,0
D4_disentangled_medium,0,3,119,50202,2,0,0.05534699559211731,0
D4_disentangled_medium,0,3,151,50260,2,0,0.05326477065682411,0
D4_disentangled_medium,0,3,159,50268,2,0,0.05364667996764183,0
D4_disentangled_medium,0,3,160,50269,2,0,0.27419793605804443,0
D4_disentangled_medium,0,3,163,50272,1,1,0.9280365705490112,1
D4_disentangled_medium,0,3,181,50298,1,1,0.8621764779090881,1
D4_disentangled_medium,0,3,187,50310,1,1,0.923197865486145,1
D4_disentangled_medium,0,3,207,50338,2,0,0.05373680219054222,0
D4_disentangled_medium,0,3,258,50399,1,1,0.9205195307731628,1
D4_disentangled_medium,0,3,262,50405,1,1,0.9271103739738464,1
D4_disentangled_medium,0,3,264,50407,1,1,0.9269157648086548,1
D4_disentangled_medium,0,3,284,50434,2,0,0.05305127054452896,0
D4_disentangled_medium,0,3,287,50437,2,0,0.9269411563873291,1
D4_disentangled_medium,0,3,297,50447,2,0,0.2794380486011505,0
D4_disentangled_medium,0,3,310,50482,1,1,0.927085816860199,1
D4_disentangled_medium,0,3,319,50493,1,1,0.9226092100143433,1
D4_disentangled_medium,0,3,327,50502,1,1,0.927487313747406,1
D4_disentangled_medium,0,3,329,50504,1,1,0.9242217540740967,1
D4_disentangled_medium,0,3,333,50514,1,1,0.9218605756759644,1
D4_disentangled_medium,0,3,335,50516,1,1,0.9269304871559143,1
D4_disentangled_medium,0,3,337,50519,1,1,0.9265240430831909,1
D4_disentangled_medium,0,3,368,50578,2,0,0.8364428281784058,1
D4_disentangled_medium,0,3,370,50602,1,1,0.9241307377815247,1
D4_disentangled_medium,0,3,371,50603,1,1,0.926723837852478,1
D4_disentangled_medium,0,3,379,50615,1,1,0.9282943606376648,1
D4_disentangled_medium,0,3,411,50692,2,0,0.05393832549452782,0
D4_disentangled_medium,0,3,425,50706,2,0,0.05305378511548042,0
D4_disentangled_medium,0,3,434,50726,2,0,0.0666622743010521,0
D4_disentangled_medium,0,3,439,50735,2,0,0.0527379997074604,0
D4_disentangled_medium,0,3,444,50741,2,0,0.05435103923082352,0
D4_disentangled_medium,0,3,456,50756,1,1,0.9269348978996277,1
D4_disentangled_medium,0,3,457,50757,1,1,0.5544970035552979,1
D4_disentangled_medium,0,3,497,50959,1,1,0.6875030398368835,1
D4_disentangled_medium,0,3,499,50961,1,1,0.4618394672870636,0
D4_disentangled_medium,0,3,502,50965,1,1,0.9268267750740051,1
D4_disentangled_medium,0,3,507,50970,1,1,0.9284564852714539,1
D4_disentangled_medium,0,3,514,50979,1,1,0.8119007349014282,1
D4_disentangled_medium,0,3,539,51008,1,1,0.0632648840546608,0
D4_disentangled_medium,0,3,562,51033,1,1,0.913974404335022,1
D4_disentangled_medium,0,3,576,51049,2,0,0.0583038292825222,0
D4_disentangled_medium,0,3,589,51062,2,0,0.06007928401231766,0
D4_disentangled_medium,0,3,605,51079,2,0,0.8449435234069824,1
D4_disentangled_medium,0,3,622,51097,2,0,0.06210531294345856,0
D4_disentangled_medium,0,3,626,51101,2,0,0.054154686629772186,0
D4_disentangled_medium,0,3,640,51117,2,0,0.07394187897443771,0
D4_disentangled_medium,0,3,661,51142,2,0,0.05293482914566994,0
D4_disentangled_medium,0,3,662,51146,2,0,0.05595387518405914,0
D4_disentangled_medium,0,3,669,51153,2,0,0.05290217697620392,0
D4_disentangled_medium,0,3,676,51163,1,1,0.6308782696723938,1
D4_disentangled_medium,0,3,678,51168,1,1,0.633929967880249,1
D4_disentangled_medium,0,3,686,51180,2,0,0.053714923560619354,0
D4_disentangled_medium,0,3,688,51182,2,0,0.052930764853954315,0
D4_disentangled_medium,0,3,709,51212,1,1,0.9214301705360413,1
D4_disentangled_medium,0,3,710,51214,1,1,0.9254244565963745,1
D4_disentangled_medium,0,3,713,51217,1,1,0.052812688052654266,0
D4_disentangled_medium,0,3,714,51218,1,1,0.9189426302909851,1
D4_disentangled_medium,0,3,716,51220,1,1,0.9274442195892334,1
D4_disentangled_medium,0,3,723,51228,1,1,0.928164005279541,1
D4_disentangled_medium,0,3,737,51251,2,0,0.5497156977653503,1
D4_disentangled_medium,0,3,739,51253,2,0,0.0696500837802887,0
D4_disentangled_medium,0,3,745,51261,2,0,0.06855759024620056,0
D4_disentangled_medium,0,3,747,51264,2,0,0.0664295107126236,0
D4_disentangled_medium,0,3,754,51272,2,0,0.09150964021682739,0
D4_disentangled_medium,0,3,755,51273,2,0,0.9201233386993408,1
D4_disentangled_medium,0,3,756,51275,2,0,0.05394600331783295,0
D4_disentangled_medium,0,3,780,51309,2,0,0.9285473227500916,1
D4_disentangled_medium,0,3,786,51320,1,1,0.9218521118164062,1
D4_disentangled_medium,0,3,791,51326,1,1,0.8692837357521057,1
D4_disentangled_medium,0,3,800,51335,2,0,0.08793485164642334,0
D4_disentangled_medium,0,3,806,51342,2,0,0.1302572339773178,0
D4_disentangled_medium,0,3,819,51360,2,0,0.053397249430418015,0
D4_disentangled_medium,0,3,831,51465,1,1,0.9278087019920349,1
D4_disentangled_medium,0,3,834,51479,2,0,0.053614869713783264,0
D4_disentangled_medium,0,3,836,51481,2,0,0.053329579532146454,0
D4_disentangled_medium,0,3,842,51493,2,0,0.06541863828897476,0
D4_disentangled_medium,0,3,852,51566,2,0,0.053861916065216064,0
D4_disentangled_medium,0,3,853,51567,2,0,0.05330684781074524,0
D4_disentangled_medium,0,3,857,51572,1,1,0.9274706244468689,1
D4_disentangled_medium,0,3,868,51585,1,1,0.9275973439216614,1
D4_disentangled_medium,0,4,8,50012,1,1,0.9258805513381958,1
D4_disentangled_medium,0,4,13,50020,1,1,0.9288201928138733,1
D4_disentangled_medium,0,4,17,50025,1,1,0.9315763115882874,1
D4_disentangled_medium,0,4,29,50038,2,0,0.07753846794366837,0
D4_disentangled_medium,0,4,33,50042,2,0,0.11212874948978424,0
D4_disentangled_medium,0,4,43,50052,2,0,0.39662978053092957,0
D4_disentangled_medium,0,4,46,50056,1,1,0.9307110905647278,1
D4_disentangled_medium,0,4,55,50107,2,0,0.19588519632816315,0
D4_disentangled_medium,0,4,56,50109,2,0,0.08729448169469833,0
D4_disentangled_medium,0,4,58,50112,2,0,0.07956747710704803,0
D4_disentangled_medium,0,4,66,50121,1,1,0.9294670224189758,1
D4_disentangled_medium,0,4,72,50129,1,1,0.9303766489028931,1
D4_disentangled_medium,0,4,88,50153,1,1,0.9222211837768555,1
D4_disentangled_medium,0,4,99,50168,2,0,0.08359793573617935,0
D4_disentangled_medium,0,4,103,50182,1,1,0.9314131140708923,1
D4_disentangled_medium,0,4,106,50186,1,1,0.9268866777420044,1
D4_disentangled_medium,0,4,109,50189,1,1,0.9314228892326355,1
D4_disentangled_medium,0,4,113,50195,2,0,0.08191066980361938,0
D4_disentangled_medium,0,4,126,50213,2,0,0.08009511232376099,0
D4_disentangled_medium,0,4,135,50239,1,1,0.9285725355148315,1
D4_disentangled_medium,0,4,144,50251,1,1,0.2835351526737213,0
D4_disentangled_medium,0,4,158,50267,2,0,0.07939054816961288,0
D4_disentangled_medium,0,4,172,50287,1,1,0.07861409336328506,0
D4_disentangled_medium,0,4,175,50291,1,1,0.480646014213562,0
D4_disentangled_medium,0,4,200,50331,2,0,0.07819188386201859,0
D4_disentangled_medium,0,4,211,50342,2,0,0.08206512033939362,0
D4_disentangled_medium,0,4,230,50361,2,0,0.08207318186759949,0
D4_disentangled_medium,0,4,231,50362,2,0,0.0786542147397995,0
D4_disentangled_medium,0,4,236,50367,2,0,0.07767337560653687,0
D4_disentangled_medium,0,4,243,50375,2,0,0.07801810652017593,0
D4_disentangled_medium,0,4,244,50376,2,0,0.07957432419061661,0
D4_disentangled_medium,0,4,263,50406,1,1,0.9277772903442383,1
D4_disentangled_medium,0,4,280,50426,2,0,0.07865013927221298,0
D4_disentangled_medium,0,4,288,50438,2,0,0.07748644798994064,0
D4_disentangled_medium,0,4,306,50470,2,0,0.1701761931180954,0
D4_disentangled_medium,0,4,328,50503,1,1,0.9313552975654602,1
D4_disentangled_medium,0,4,339,50521,1,1,0.9089091420173645,1
D4_disentangled_medium,0,4,341,50524,1,1,0.9280977845191956,1
D4_disentangled_medium,0,4,345,50528,1,1,0.928820788860321,1
D4_disentangled_medium,0,4,348,50531,1,1,0.8844084739685059,1
D4_disentangled_medium,0,4,351,50552,2,0,0.08782678097486496,0
D4_disentangled_medium,0,4,386,50624,1,1,0.9311094284057617,1
D4_disentangled_medium,0,4,412,50693,1,1,0.48858940601348877,0
D4_disentangled_medium,0,4,416,50697,1,1,0.931084156036377,1
D4_disentangled_medium,0,4,436,50730,2,0,0.0805606096982956,0
D4_disentangled_medium,0,4,441,50738,2,0,0.08173011243343353,0
D4_disentangled_medium,0,4,445,50742,2,0,0.07773643732070923,0
D4_disentangled_medium,0,4,455,50755,1,1,0.9296826124191284,1
D4_disentangled_medium,0,4,460,50774,2,0,0.08162520825862885,0
D4_disentangled_medium,0,4,461,50775,2,0,0.07750357687473297,0
D4_disentangled_medium,0,4,467,50782,2,0,0.07755479216575623,0
D4_disentangled_medium,0,4,496,50958,1,1,0.9265655279159546,1
D4_disentangled_medium,0,4,498,50960,1,1,0.8527809977531433,1
D4_disentangled_medium,0,4,508,50972,1,1,0.931119978427887,1
D4_disentangled_medium,0,4,509,50973,1,1,0.9285827875137329,1
D4_disentangled_medium,0,4,510,50974,1,1,0.9314380884170532,1
D4_disentangled_medium,0,4,516,50982,1,1,0.08215989172458649,0
D4_disentangled_medium,0,4,527,50993,1,1,0.929248034954071,1
D4_disentangled_medium,0,4,551,51020,1,1,0.9168978929519653,1
D4_disentangled_medium,0,4,555,51025,1,1,0.9315370321273804,1
D4_disentangled_medium,0,4,566,51038,2,0,0.07766296714544296,0
D4_disentangled_medium,0,4,577,51050,2,0,0.07841132581233978,0
D4_disentangled_medium,0,4,586,51059,2,0,0.08607929944992065,0
D4_disentangled_medium,0,4,599,51073,2,0,0.07940837740898132,0
D4_disentangled_medium,0,4,606,51080,2,0,0.9005526900291443,1
D4_disentangled_medium,0,4,607,51081,2,0,0.08433027565479279,0
D4_disentangled_medium,0,4,616,51090,2,0,0.08053801208734512,0
D4_disentangled_medium,0,4,619,51094,2,0,0.08438795804977417,0
D4_disentangled_medium,0,4,631,51106,2,0,0.08367734402418137,0
D4_disentangled_medium,0,4,632,51107,2,0,0.8527390360832214,1
D4_disentangled_medium,0,4,657,51138,2,0,0.08358729630708694,0
D4_disentangled_medium,0,4,658,51139,2,0,0.08170431852340698,0
D4_disentangled_medium,0,4,664,51148,2,0,0.08444753289222717,0
D4_disentangled_medium,0,4,665,51149,2,0,0.07780559360980988,0
D4_disentangled_medium,0,4,693,51188,2,0,0.08490368723869324,0
D4_disentangled_medium,0,4,697,51197,2,0,0.079433374106884,0
D4_disentangled_medium,0,4,698,51198,2,0,0.12531502544879913,0
D4_disentangled_medium,0,4,700,51202,1,1,0.9279733300209045,1
D4_disentangled_medium,0,4,701,51203,1,1,0.93033766746521,1
D4_disentangled_medium,0,4,703,51205,1,1,0.9277512431144714,1
D4_disentangled_medium,0,4,730,51237,1,1,0.9259094595909119,1
D4_disentangled_medium,0,4,735,51249,1,1,0.9310929179191589,1
D4_disentangled_medium,0,4,767,51295,1,1,0.9312897324562073,1
D4_disentangled_medium,0,4,772,51301,1,1,0.5504875779151917,1
D4_disentangled_medium,0,4,776,51305,2,0,0.9232362508773804,1
D4_disentangled_medium,0,4,845,51558,2,0,0.07767251878976822,0
D4_disentangled_medium,0,4,851,51565,2,0,0.7660831212997437,1
D4_disentangled_medium,0,5,0,50003,1,1,0.09298095852136612,0
D4_disentangled_medium,0,5,6,50010,1,1,0.9497162103652954,1
D4_disentangled_medium,0,5,18,50026,1,1,0.8067697882652283,1
D4_disentangled_medium,0,5,19,50027,1,1,0.045246295630931854,0
D4_disentangled_medium,0,5,50,50102,2,0,0.04591960087418556,0
D4_disentangled_medium,0,5,64,50118,1,1,0.9464318752288818,1
D4_disentangled_medium,0,5,77,50135,1,1,0.9501420259475708,1
D4_disentangled_medium,0,5,78,50142,1,1,0.9497121572494507,1
D4_disentangled_medium,0,5,81,50145,1,1,0.045549944043159485,0
D4_disentangled_medium,0,5,98,50167,2,0,0.04750654101371765,0
D4_disentangled_medium,0,5,112,50194,2,0,0.04584705829620361,0
D4_disentangled_medium,0,5,125,50210,2,0,0.19388623535633087,0
D4_disentangled_medium,0,5,128,50215,2,0,0.19403605163097382,0
D4_disentangled_medium,0,5,142,50249,1,1,0.9497095942497253,1
D4_disentangled_medium,0,5,143,50250,1,1,0.04523896053433418,0
D4_disentangled_medium,0,5,157,50266,2,0,0.0452389158308506,0
D4_disentangled_medium,0,5,161,50270,2,0,0.04536910727620125,0
D4_disentangled_medium,0,5,167,50276,1,1,0.9491614103317261,1
D4_disentangled_medium,0,5,198,50329,2,0,0.04710042104125023,0
D4_disentangled_medium,0,5,205,50336,2,0,0.04649190232157707,0
D4_disentangled_medium,0,5,220,50351,2,0,0.047873545438051224,0
D4_disentangled_medium,0,5,221,50352,2,0,0.05759121850132942,0
D4_disentangled_medium,0,5,226,50357,2,0,0.047502800822257996,0
D4_disentangled_medium,0,5,227,50358,2,0,0.27264729142189026,0
D4_disentangled_medium,0,5,249,50382,2,0,0.047031477093696594,0
D4_disentangled_medium,0,5,250,50383,2,0,0.04514816030859947,0
D4_disentangled_medium,0,5,267,50411,1,1,0.9473384618759155,1
D4_disentangled_medium,0,5,277,50422,2,0,0.16255775094032288,0
D4_disentangled_medium,0,5,305,50469,2,0,0.045916084200143814,0
D4_disentangled_medium,0,5,318,50492,1,1,0.9501544833183289,1
D4_disentangled_medium,0,5,321,50496,1,1,0.9501186609268188,1
D4_disentangled_medium,0,5,336,50518,1,1,0.9495779871940613,1
D4_disentangled_medium,0,5,367,50577,2,0,0.0467587374150753,0
D4_disentangled_medium,0,5,373,50606,1,1,0.9496535658836365,1
D4_disentangled_medium,0,5,383,50621,1,1,0.9487893581390381,1
D4_disentangled_medium,0,5,391,50642,1,1,0.7317408323287964,1
D4_disentangled_medium,0,5,433,50725,2,0,0.04513852670788765,0
D4_disentangled_medium,0,5,469,50786,2,0,0.05382465943694115,0
D4_disentangled_medium,0,5,471,50791,1,1,0.5400295853614807,1
D4_disentangled_medium,0,5,500,50962,1,1,0.938759982585907,1
D4_disentangled_medium,0,5,504,50967,1,1,0.9492695927619934,1
D4_disentangled_medium,0,5,529,50995,1,1,0.9464178085327148,1
D4_disentangled_medium,0,5,533,51000,1,1,0.9493961334228516,1
D4_disentangled_medium,0,5,556,51026,1,1,0.9492144584655762,1
D4_disentangled_medium,0,5,560,51030,1,1,0.9501000642776489,1
D4_disentangled_medium,0,5,567,51039,2,0,0.04593833535909653,0
D4_disentangled_medium,0,5,570,51042,2,0,0.04715389385819435,0
D4_disentangled_medium,0,5,574,51047,2,0,0.04537040367722511,0
D4_disentangled_medium,0,5,597,51070,2,0,0.06279964745044708,0
D4_disentangled_medium,0,5,601,51075,2,0,0.04900065436959267,0
D4_disentangled_medium,0,5,621,51096,2,0,0.047657184302806854,0
D4_disentangled_medium,0,5,624,51099,2,0,0.046600569039583206,0
D4_disentangled_medium,0,5,625,51100,2,0,0.04537201672792435,0
D4_disentangled_medium,0,5,628,51103,2,0,0.04592161253094673,0
D4_disentangled_medium,0,5,643,51123,2,0,0.04514368250966072,0
D4_disentangled_medium,0,5,647,51128,2,0,0.046763453632593155,0
D4_disentangled_medium,0,5,650,51131,2,0,0.04966704174876213,0
D4_disentangled_medium,0,5,654,51135,2,0,0.04513667896389961,0
D4_disentangled_medium,0,5,656,51137,2,0,0.045526448637247086,0
D4_disentangled_medium,0,5,659,51140,2,0,0.04497911408543587,0
D4_disentangled_medium,0,5,671,51155,2,0,0.047420233488082886,0
D4_disentangled_medium,0,5,674,51161,1,1,0.9480978846549988,1
D4_disentangled_medium,0,5,680,51170,1,1,0.08968120813369751,0
D4_disentangled_medium,0,5,702,51204,1,1,0.9460481405258179,1
D4_disentangled_medium,0,5,733,51241,1,1,0.9497892260551453,1
D4_disentangled_medium,0,5,734,51248,1,1,0.9492570161819458,1
D4_disentangled_medium,0,5,741,51255,2,0,0.04510285332798958,0
D4_disentangled_medium,0,5,748,51265,2,0,0.04537223279476166,0
D4_disentangled_medium,0,5,749,51266,2,0,0.9480465650558472,1
D4_disentangled_medium,0,5,757,51276,2,0,0.045447658747434616,0
D4_disentangled_medium,0,5,758,51277,2,0,0.04592197760939598,0
D4_disentangled_medium,0,5,761,51280,2,0,0.04717293009161949,0
D4_disentangled_medium,0,5,764,51292,1,1,0.9482402205467224,1
D4_disentangled_medium,0,5,768,51297,1,1,0.9496060609817505,1
D4_disentangled_medium,0,5,785,51319,1,1,0.9491806626319885,1
D4_disentangled_medium,0,5,789,51323,1,1,0.9458244442939758,1
D4_disentangled_medium,0,5,796,51331,1,1,0.9492623805999756,1
D4_disentangled_medium,0,5,797,51332,2,0,0.046726953238248825,0
D4_disentangled_medium,0,5,804,51340,2,0,0.048204123973846436,0
D4_disentangled_medium,0,5,807,51343,2,0,0.04786638915538788,0
D4_disentangled_medium,0,5,808,51344,2,0,0.047011084854602814,0
D4_disentangled_medium,0,5,814,51351,1,1,0.15290367603302002,0
D4_disentangled_medium,0,5,829,51463,1,1,0.947658121585846,1
D4_disentangled_medium,0,5,846,51559,2,0,0.04537365958094597,0
D4_disentangled_medium,0,5,864,51580,1,1,0.7036209106445312,1
D4_disentangled_medium,0,5,867,51584,1,1,0.9501736164093018,1
D4_disentangled_medium,0,5,870,51607,1,1,0.4958634674549103,0
D4_disentangled_medium,0,6,7,50011,1,1,0.9140036106109619,1
D4_disentangled_medium,0,6,12,50016,1,1,0.9156273007392883,1
D4_disentangled_medium,0,6,22,50031,2,0,0.07443153113126755,0
D4_disentangled_medium,0,6,25,50034,2,0,0.07442615926265717,0
D4_disentangled_medium,0,6,28,50037,2,0,0.07848548889160156,0
D4_disentangled_medium,0,6,30,50039,2,0,0.8968814611434937,1
D4_disentangled_medium,0,6,31,50040,2,0,0.07583478838205338,0
D4_disentangled_medium,0,6,38,50047,2,0,0.07510283589363098,0
D4_disentangled_medium,0,6,51,50103,2,0,0.08136484771966934,0
D4_disentangled_medium,0,6,60,50114,2,0,0.07481932640075684,0
D4_disentangled_medium,0,6,68,50124,1,1,0.9142394661903381,1
D4_disentangled_medium,0,6,71,50128,1,1,0.9147354364395142,1
D4_disentangled_medium,0,6,76,50134,1,1,0.9116910696029663,1
D4_disentangled_medium,0,6,102,50171,2,0,0.07456762343645096,0
D4_disentangled_medium,0,6,110,50190,1,1,0.9117283821105957,1
D4_disentangled_medium,0,6,129,50217,2,0,0.07502859830856323,0
D4_disentangled_medium,0,6,137,50241,1,1,0.91594398021698,1
D4_disentangled_medium,0,6,150,50259,2,0,0.0754416212439537,0
D4_disentangled_medium,0,6,174,50290,1,1,0.9160478115081787,1
D4_disentangled_medium,0,6,176,50292,1,1,0.9159801006317139,1
D4_disentangled_medium,0,6,179,50295,1,1,0.9159337878227234,1
D4_disentangled_medium,0,6,188,50312,1,1,0.9119800925254822,1
D4_disentangled_medium,0,6,194,50321,1,1,0.9142557382583618,1
D4_disentangled_medium,0,6,209,50340,2,0,0.0743480697274208,0
D4_disentangled_medium,0,6,212,50343,2,0,0.9118311405181885,1
D4_disentangled_medium,0,6,213,50344,2,0,0.07463608682155609,0
D4_disentangled_medium,0,6,215,50346,2,0,0.0749645084142685,0
D4_disentangled_medium,0,6,225,50356,2,0,0.07555318623781204,0
D4_disentangled_medium,0,6,240,50372,2,0,0.07494080066680908,0
D4_disentangled_medium,0,6,247,50380,2,0,0.07511559873819351,0
D4_disentangled_medium,0,6,252,50386,2,0,0.07478449493646622,0
D4_disentangled_medium,0,6,253,50387,2,0,0.07498916238546371,0
D4_disentangled_medium,0,6,255,50390,2,0,0.07601410895586014,0
D4_disentangled_medium,0,6,268,50412,1,1,0.9162139892578125,1
D4_disentangled_medium,0,6,279,50425,2,0,0.07439844310283661,0
D4_disentangled_medium,0,6,281,50427,2,0,0.07502713054418564,0
D4_disentangled_medium,0,6,308,50480,1,1,0.9147124886512756,1
D4_disentangled_medium,0,6,309,50481,1,1,0.914924144744873,1
D4_disentangled_medium,0,6,315,50488,1,1,0.9162468314170837,1
D4_disentangled_medium,0,6,332,50510,1,1,0.9142810106277466,1
D4_disentangled_medium,0,6,338,50520,1,1,0.9149583578109741,1
D4_disentangled_medium,0,6,342,50525,1,1,0.9110130071640015,1
D4_disentangled_medium,0,6,355,50561,2,0,0.07443603873252869,0
D4_disentangled_medium,0,6,358,50568,2,0,0.08839626610279083,0
D4_disentangled_medium,0,6,361,50571,2,0,0.10795908421278,0
D4_disentangled_medium,0,6,369,50601,1,1,0.35092639923095703,0
D4_disentangled_medium,0,6,377,50613,1,1,0.9143683314323425,1
D4_disentangled_medium,0,6,389,50627,1,1,0.914932906627655,1
D4_disentangled_medium,0,6,403,50683,2,0,0.07520295679569244,0
D4_disentangled_medium,0,6,409,50690,1,1,0.07409968227148056,0
D4_disentangled_medium,0,6,413,50694,1,1,0.9137637615203857,1
D4_disentangled_medium,0,6,415,50696,1,1,0.9149321913719177,1
D4_disentangled_medium,0,6,419,50700,1,1,0.9158753752708435,1
D4_disentangled_medium,0,6,422,50703,2,0,0.07463473081588745,0
D4_disentangled_medium,0,6,437,50731,2,0,0.07482435554265976,0
D4_disentangled_medium,0,6,438,50733,2,0,0.07428906112909317,0
D4_disentangled_medium,0,6,443,50740,2,0,0.07619135826826096,0
D4_disentangled_medium,0,6,447,50744,1,1,0.7452597618103027,1
D4_disentangled_medium,0,6,449,50748,1,1,0.9155490398406982,1
D4_disentangled_medium,0,6,470,50790,2,0,0.07476479560136795,0
D4_disentangled_medium,0,6,488,50822,2,0,0.07442400604486465,0
D4_disentangled_medium,0,6,492,50954,1,1,0.07427924871444702,0
D4_disentangled_medium,0,6,495,50957,1,1,0.9093720316886902,1
D4_disentangled_medium,0,6,505,50968,1,1,0.9140424728393555,1
D4_disentangled_medium,0,6,517,50983,1,1,0.9152603149414062,1
D4_disentangled_medium,0,6,523,50989,1,1,0.9142563939094543,1
D4_disentangled_medium,0,6,547,51016,1,1,0.914767861366272,1
D4_disentangled_medium,0,6,552,51021,1,1,0.9159811735153198,1
D4_disentangled_medium,0,6,580,51053,2,0,0.07683131098747253,0
D4_disentangled_medium,0,6,581,51054,2,0,0.07555419206619263,0
D4_disentangled_medium,0,6,582,51055,2,0,0.07504786550998688,0
D4_disentangled_medium,0,6,600,51074,2,0,0.0826750248670578,0
D4_disentangled_medium,0,6,615,51089,2,0,0.07664743810892105,0
D4_disentangled_medium,0,6,634,51110,2,0,0.07623405754566193,0
D4_disentangled_medium,0,6,663,51147,2,0,0.07462736964225769,0
D4_disentangled_medium,0,6,684,51178,1,1,0.9159132242202759,1
D4_disentangled_medium,0,6,699,51201,1,1,0.7233340740203857,1
D4_disentangled_medium,0,6,708,51211,1,1,0.9089234471321106,1
D4_disentangled_medium,0,6,740,51254,2,0,0.07443009316921234,0
D4_disentangled_medium,0,6,752,51269,2,0,0.07523699849843979,0
D4_disentangled_medium,0,6,760,51279,2,0,0.0762135237455368,0
D4_disentangled_medium,0,6,811,51347,2,0,0.07408196479082108,0
D4_disentangled_medium,0,6,821,51362,2,0,0.07503301650285721,0
D4_disentangled_medium,0,6,833,51477,2,0,0.07413432002067566,0
D4_disentangled_medium,0,6,843,51556,2,0,0.0743466317653656,0
D4_disentangled_medium,0,6,859,51574,1,1,0.9161179661750793,1
D4_disentangled_medium,0,6,861,51577,1,1,0.9123148322105408,1
D4_disentangled_medium,0,7,16,50024,1,1,0.9231081604957581,1
D4_disentangled_medium,0,7,26,50035,2,0,0.12517186999320984,0
D4_disentangled_medium,0,7,40,50049,2,0,0.09089036285877228,0
D4_disentangled_medium,0,7,54,50106,2,0,0.708185613155365,1
D4_disentangled_medium,0,7,80,50144,1,1,0.9211059808731079,1
D4_disentangled_medium,0,7,82,50146,1,1,0.09346600621938705,0
D4_disentangled_medium,0,7,90,50157,2,0,0.14167948067188263,0
D4_disentangled_medium,0,7,91,50158,2,0,0.09477818757295609,0
D4_disentangled_medium,0,7,95,50162,2,0,0.09511498361825943,0
D4_disentangled_medium,0,7,104,50183,1,1,0.9231753349304199,1
D4_disentangled_medium,0,7,153,50262,2,0,0.09504398703575134,0
D4_disentangled_medium,0,7,156,50265,2,0,0.09174911677837372,0
D4_disentangled_medium,0,7,165,50274,1,1,0.9210845232009888,1
D4_disentangled_medium,0,7,166,50275,1,1,0.9234093427658081,1
D4_disentangled_medium,0,7,169,50282,1,1,0.90282142162323,1
D4_disentangled_medium,0,7,178,50294,1,1,0.9221674799919128,1
D4_disentangled_medium,0,7,189,50314,1,1,0.9218338131904602,1
D4_disentangled_medium,0,7,190,50315,1,1,0.9225128889083862,1
D4_disentangled_medium,0,7,191,50318,1,1,0.26005804538726807,0
D4_disentangled_medium,0,7,208,50339,2,0,0.09549611061811447,0
D4_disentangled_medium,0,7,214,50345,2,0,0.09466786682605743,0
D4_disentangled_medium,0,7,224,50355,2,0,0.10553276538848877,0
D4_disentangled_medium,0,7,233,50364,2,0,0.12088838219642639,0
D4_disentangled_medium,0,7,245,50377,2,0,0.092096246778965,0
D4_disentangled_medium,0,7,246,50379,2,0,0.0908845067024231,0
D4_disentangled_medium,0,7,251,50385,2,0,0.9210212230682373,1
D4_disentangled_medium,0,7,261,50404,1,1,0.9227805137634277,1
D4_disentangled_medium,0,7,276,50421,2,0,0.09212690591812134,0
D4_disentangled_medium,0,7,285,50435,2,0,0.09133269637823105,0
D4_disentangled_medium,0,7,289,50439,2,0,0.09126173704862595,0
D4_disentangled_medium,0,7,296,50446,2,0,0.09075755625963211,0
D4_disentangled_medium,0,7,298,50448,2,0,0.27038219571113586,0
D4_disentangled_medium,0,7,304,50468,2,0,0.09191159904003143,0
D4_disentangled_medium,0,7,314,50487,1,1,0.920403003692627,1
D4_disentangled_medium,0,7,325,50500,1,1,0.9210851192474365,1
D4_disentangled_medium,0,7,350,50551,2,0,0.09085790067911148,0
D4_disentangled_medium,0,7,398,50659,2,0,0.22153031826019287,0
D4_disentangled_medium,0,7,420,50701,2,0,0.1185109093785286,0
D4_disentangled_medium,0,7,423,50704,1,1,0.6985439658164978,1
D4_disentangled_medium,0,7,424,50705,1,1,0.8274831771850586,1
D4_disentangled_medium,0,7,428,50709,2,0,0.09087904542684555,0
D4_disentangled_medium,0,7,452,50751,1,1,0.8423036336898804,1
D4_disentangled_medium,0,7,459,50773,2,0,0.09076192229986191,0
D4_disentangled_medium,0,7,474,50797,1,1,0.9217065572738647,1
D4_disentangled_medium,0,7,479,50803,1,1,0.9131157994270325,1
D4_disentangled_medium,0,7,480,50807,1,1,0.9189090132713318,1
D4_disentangled_medium,0,7,484,50817,2,0,0.09708833694458008,0
D4_disentangled_medium,0,7,485,50818,2,0,0.09077272564172745,0
D4_disentangled_medium,0,7,487,50821,2,0,0.09100818634033203,0
D4_disentangled_medium,0,7,494,50956,1,1,0.9177543520927429,1
D4_disentangled_medium,0,7,512,50977,1,1,0.9225043654441833,1
D4_disentangled_medium,0,7,515,50981,1,1,0.9205920696258545,1
D4_disentangled_medium,0,7,518,50984,1,1,0.9233464598655701,1
D4_disentangled_medium,0,7,520,50986,1,1,0.8191279172897339,1
D4_disentangled_medium,0,7,526,50992,1,1,0.9231290817260742,1
D4_disentangled_medium,0,7,536,51003,1,1,0.9233673810958862,1
D4_disentangled_medium,0,7,540,51009,1,1,0.9203262329101562,1
D4_disentangled_medium,0,7,545,51014,1,1,0.9203643798828125,1
D4_disentangled_medium,0,7,578,51051,2,0,0.09613613784313202,0
D4_disentangled_medium,0,7,590,51063,2,0,0.0911010205745697,0
D4_disentangled_medium,0,7,603,51077,2,0,0.45553356409072876,0
D4_disentangled_medium,0,7,617,51091,2,0,0.09083157032728195,0
D4_disentangled_medium,0,7,630,51105,2,0,0.09287512302398682,0
D4_disentangled_medium,0,7,641,51118,2,0,0.37191760540008545,0
D4_disentangled_medium,0,7,644,51124,2,0,0.0961533710360527,0
D4_disentangled_medium,0,7,666,51150,2,0,0.09101404994726181,0
D4_disentangled_medium,0,7,667,51151,2,0,0.09085309505462646,0
D4_disentangled_medium,0,7,672,51156,2,0,0.09287045150995255,0
D4_disentangled_medium,0,7,675,51162,1,1,0.9222071170806885,1
D4_disentangled_medium,0,7,685,51179,1,1,0.9231089949607849,1
D4_disentangled_medium,0,7,706,51208,1,1,0.8176175355911255,1
D4_disentangled_medium,0,7,715,51219,1,1,0.9180328845977783,1
D4_disentangled_medium,0,7,720,51224,1,1,0.8791620135307312,1
D4_disentangled_medium,0,7,725,51230,1,1,0.9231346249580383,1
D4_disentangled_medium,0,7,746,51262,2,0,0.09177320450544357,0
D4_disentangled_medium,0,7,763,51291,1,1,0.9198656678199768,1
D4_disentangled_medium,0,7,775,51304,2,0,0.09113195538520813,0
D4_disentangled_medium,0,7,781,51311,2,0,0.09139151126146317,0
D4_disentangled_medium,0,7,790,51325,1,1,0.9225048422813416,1
D4_disentangled_medium,0,7,792,51327,1,1,0.9216580390930176,1
D4_disentangled_medium,0,7,799,51334,2,0,0.09210015833377838,0
D4_disentangled_medium,0,7,803,51339,2,0,0.09346996992826462,0
D4_disentangled_medium,0,7,837,51482,2,0,0.09586577862501144,0
D4_disentangled_medium,0,7,838,51484,2,0,0.27077311277389526,0
D4_disentangled_medium,0,7,841,51491,2,0,0.09495800733566284,0
D4_disentangled_medium,0,7,860,51576,1,1,0.9162037968635559,1
D4_disentangled_medium,0,7,865,51582,1,1,0.9218155741691589,1
D4_disentangled_medium,0,8,5,50008,1,1,0.935795247554779,1
D4_disentangled_medium,0,8,9,50013,1,1,0.9336905479431152,1
D4_disentangled_medium,0,8,23,50032,2,0,0.05522690340876579,0
D4_disentangled_medium,0,8,24,50033,2,0,0.0552370548248291,0
D4_disentangled_medium,0,8,73,50130,1,1,0.933464527130127,1
D4_disentangled_medium,0,8,75,50132,1,1,0.9358296990394592,1
D4_disentangled_medium,0,8,85,50149,1,1,0.9352486729621887,1
D4_disentangled_medium,0,8,105,50184,1,1,0.9352420568466187,1
D4_disentangled_medium,0,8,120,50203,2,0,0.05302774906158447,0
D4_disentangled_medium,0,8,124,50208,2,0,0.10134147852659225,0
D4_disentangled_medium,0,8,134,50237,1,1,0.936132550239563,1
D4_disentangled_medium,0,8,138,50243,1,1,0.9344483613967896,1
D4_disentangled_medium,0,8,139,50245,1,1,0.9357051849365234,1
D4_disentangled_medium,0,8,155,50264,2,0,0.05278371274471283,0
D4_disentangled_medium,0,8,173,50289,1,1,0.5379370450973511,1
D4_disentangled_medium,0,8,201,50332,2,0,0.05352506786584854,0
D4_disentangled_medium,0,8,216,50347,2,0,0.05503929778933525,0
D4_disentangled_medium,0,8,228,50359,2,0,0.06700842827558517,0
D4_disentangled_medium,0,8,229,50360,2,0,0.05395929142832756,0
D4_disentangled_medium,0,8,235,50366,2,0,0.05360229313373566,0
D4_disentangled_medium,0,8,239,50370,2,0,0.05955800414085388,0
D4_disentangled_medium,0,8,269,50413,1,1,0.9328290224075317,1
D4_disentangled_medium,0,8,272,50416,2,0,0.054354228079319,0
D4_disentangled_medium,0,8,273,50417,2,0,0.055575545877218246,0
D4_disentangled_medium,0,8,290,50440,2,0,0.4571276307106018,0
D4_disentangled_medium,0,8,291,50441,2,0,0.055735744535923004,0
D4_disentangled_medium,0,8,299,50449,2,0,0.053054049611091614,0
D4_disentangled_medium,0,8,313,50486,1,1,0.9344335794448853,1
D4_disentangled_medium,0,8,324,50499,1,1,0.9362828135490417,1
D4_disentangled_medium,0,8,330,50507,1,1,0.7459717988967896,1
D4_disentangled_medium,0,8,343,50526,1,1,0.8223995566368103,1
D4_disentangled_medium,0,8,344,50527,1,1,0.9360664486885071,1
D4_disentangled_medium,0,8,362,50572,2,0,0.053514160215854645,0
D4_disentangled_medium,0,8,380,50616,1,1,0.9361072778701782,1
D4_disentangled_medium,0,8,388,50626,1,1,0.9340285062789917,1
D4_disentangled_medium,0,8,400,50665,2,0,0.2925398647785187,0
D4_disentangled_medium,0,8,402,50682,2,0,0.05365750193595886,0
D4_disentangled_medium,0,8,404,50685,2,0,0.06122696399688721,0
D4_disentangled_medium,0,8,421,50702,1,1,0.7347601652145386,1
D4_disentangled_medium,0,8,427,50708,1,1,0.9338469505310059,1
D4_disentangled_medium,0,8,431,50723,2,0,0.05371986702084541,0
D4_disentangled_medium,0,8,463,50777,2,0,0.05274525284767151,0
D4_disentangled_medium,0,8,472,50792,1,1,0.934206485748291,1
D4_disentangled_medium,0,8,473,50796,1,1,0.9361775517463684,1
D4_disentangled_medium,0,8,477,50800,1,1,0.9353849291801453,1
D4_disentangled_medium,0,8,486,50820,2,0,0.0551738515496254,0
D4_disentangled_medium,0,8,519,50985,1,1,0.9338124394416809,1
D4_disentangled_medium,0,8,521,50987,1,1,0.9358504414558411,1
D4_disentangled_medium,0,8,524,50990,1,1,0.9344125390052795,1
D4_disentangled_medium,0,8,530,50996,1,1,0.934907078742981,1
D4_disentangled_medium,0,8,538,51007,1,1,0.936311662197113,1
D4_disentangled_medium,0,8,548,51017,1,1,0.9316052794456482,1
D4_disentangled_medium,0,8,549,51018,1,1,0.9355705380439758,1
D4_disentangled_medium,0,8,554,51024,1,1,0.9361292123794556,1
D4_disentangled_medium,0,8,563,51034,1,1,0.936139702796936,1
D4_disentangled_medium,0,8,565,51036,2,0,0.0571097806096077,0
D4_disentangled_medium,0,8,573,51046,2,0,0.1462528109550476,0
D4_disentangled_medium,0,8,593,51066,2,0,0.058181118220090866,0
D4_disentangled_medium,0,8,608,51082,2,0,0.05291316285729408,0
D4_disentangled_medium,0,8,613,51087,2,0,0.053219009190797806,0
D4_disentangled_medium,0,8,618,51093,2,0,0.05522799491882324,0
D4_disentangled_medium,0,8,620,51095,2,0,0.15791940689086914,0
D4_disentangled_medium,0,8,635,51111,2,0,0.053240738809108734,0
D4_disentangled_medium,0,8,652,51133,2,0,0.658001184463501,1
D4_disentangled_medium,0,8,653,51134,2,0,0.05405189469456673,0
D4_disentangled_medium,0,8,668,51152,2,0,0.05521172285079956,0
D4_disentangled_medium,0,8,682,51173,1,1,0.935671329498291,1
D4_disentangled_medium,0,8,687,51181,2,0,0.07239479571580887,0
D4_disentangled_medium,0,8,717,51221,1,1,0.9312462210655212,1
D4_disentangled_medium,0,8,719,51223,1,1,0.9344061613082886,1
D4_disentangled_medium,0,8,731,51239,1,1,0.931274950504303,1
D4_disentangled_medium,0,8,743,51257,2,0,0.49388381838798523,0
D4_disentangled_medium,0,8,751,51268,2,0,0.053725387901067734,0
D4_disentangled_medium,0,8,759,51278,2,0,0.05500293895602226,0
D4_disentangled_medium,0,8,770,51299,1,1,0.9360784292221069,1
D4_disentangled_medium,0,8,773,51302,1,1,0.9354115128517151,1
D4_disentangled_medium,0,8,782,51313,2,0,0.058165889233350754,0
D4_disentangled_medium,0,8,809,51345,2,0,0.052946656942367554,0
D4_disentangled_medium,0,8,810,51346,2,0,0.0567997470498085,0
D4_disentangled_medium,0,8,816,51356,2,0,0.8239110708236694,1
D4_disentangled_medium,0,8,826,51370,2,0,0.05519871786236763,0
D4_disentangled_medium,0,8,827,51373,2,0,0.05418643355369568,0
D4_disentangled_medium,0,8,830,51464,1,1,0.9353655576705933,1
D4_disentangled_medium,0,8,844,51557,2,0,0.05524466931819916,0
D4_disentangled_medium,0,8,849,51563,2,0,0.05460717901587486,0
D4_disentangled_medium,0,8,855,51569,2,0,0.052962902933359146,0
D4_disentangled_medium,0,8,858,51573,1,1,0.47482404112815857,0
D4_disentangled_medium,0,9,1,50004,1,1,0.9140386581420898,1
D4_disentangled_medium,0,9,15,50023,1,1,0.9149125218391418,1
D4_disentangled_medium,0,9,39,50048,2,0,0.8993616700172424,1
D4_disentangled_medium,0,9,47,50057,1,1,0.046176787465810776,0
D4_disentangled_medium,0,9,48,50059,2,0,0.04739537835121155,0
D4_disentangled_medium,0,9,62,50116,2,0,0.481183260679245,0
D4_disentangled_medium,0,9,89,50156,1,1,0.9128440618515015,1
D4_disentangled_medium,0,9,101,50170,2,0,0.046631697565317154,0
D4_disentangled_medium,0,9,107,50187,1,1,0.04766906797885895,0
D4_disentangled_medium,0,9,121,50204,2,0,0.04741257056593895,0
D4_disentangled_medium,0,9,127,50214,2,0,0.047432444989681244,0
D4_disentangled_medium,0,9,168,50278,1,1,0.9143363237380981,1
D4_disentangled_medium,0,9,193,50320,1,1,0.9148602485656738,1
D4_disentangled_medium,0,9,196,50325,1,1,0.04595455899834633,0
D4_disentangled_medium,0,9,254,50388,2,0,0.046280115842819214,0
D4_disentangled_medium,0,9,259,50402,1,1,0.04583775997161865,0
D4_disentangled_medium,0,9,260,50403,1,1,0.046203020960092545,0
D4_disentangled_medium,0,9,265,50408,1,1,0.047701891511678696,0
D4_disentangled_medium,0,9,295,50445,2,0,0.045895058661699295,0
D4_disentangled_medium,0,9,300,50453,2,0,0.4812290668487549,0
D4_disentangled_medium,0,9,301,50463,2,0,0.04608866572380066,0
D4_disentangled_medium,0,9,311,50483,1,1,0.5735176801681519,1
D4_disentangled_medium,0,9,312,50485,1,1,0.04601486027240753,0
D4_disentangled_medium,0,9,322,50497,1,1,0.9104688167572021,1
D4_disentangled_medium,0,9,331,50509,1,1,0.9140393733978271,1
D4_disentangled_medium,0,9,365,50575,2,0,0.11428087949752808,0
D4_disentangled_medium,0,9,366,50576,2,0,0.04626620560884476,0
D4_disentangled_medium,0,9,375,50608,1,1,0.08015582710504532,0
D4_disentangled_medium,0,9,392,50644,1,1,0.9145146012306213,1
D4_disentangled_medium,0,9,393,50647,1,1,0.9121740460395813,1
D4_disentangled_medium,0,9,395,50649,1,1,0.046003833413124084,0
D4_disentangled_medium,0,9,396,50654,1,1,0.08160699158906937,0
D4_disentangled_medium,0,9,401,50669,2,0,0.9105148911476135,1
D4_disentangled_medium,0,9,418,50699,2,0,0.8468918204307556,1
D4_disentangled_medium,0,9,440,50737,2,0,0.045800309628248215,0
D4_disentangled_medium,0,9,442,50739,2,0,0.05044792965054512,0
D4_disentangled_medium,0,9,448,50745,1,1,0.9130445718765259,1
D4_disentangled_medium,0,9,454,50754,1,1,0.9148305058479309,1
D4_disentangled_medium,0,9,458,50772,2,0,0.9107893705368042,1
D4_disentangled_medium,0,9,464,50778,2,0,0.1638665497303009,0
D4_disentangled_medium,0,9,483,50816,2,0,0.04741114377975464,0
D4_disentangled_medium,0,9,491,50952,1,1,0.9145073890686035,1
D4_disentangled_medium,0,9,503,50966,1,1,0.763935923576355,1
D4_disentangled_medium,0,9,532,50999,1,1,0.9139707684516907,1
D4_disentangled_medium,0,9,550,51019,1,1,0.9143364429473877,1
D4_disentangled_medium,0,9,561,51032,1,1,0.9118943214416504,1
D4_disentangled_medium,0,9,569,51041,2,0,0.04749297350645065,0
D4_disentangled_medium,0,9,571,51044,2,0,0.04773658141493797,0
D4_disentangled_medium,0,9,575,51048,2,0,0.0458865687251091,0
D4_disentangled_medium,0,9,588,51061,2,0,0.047678183764219284,0
D4_disentangled_medium,0,9,591,51064,2,0,0.46360090374946594,0
D4_disentangled_medium,0,9,594,51067,2,0,0.047861356288194656,0
D4_disentangled_medium,0,9,598,51072,2,0,0.5029492378234863,1
D4_disentangled_medium,0,9,602,51076,2,0,0.0477706678211689,0
D4_disentangled_medium,0,9,604,51078,2,0,0.04771384596824646,0
D4_disentangled_medium,0,9,611,51085,2,0,0.9130481481552124,1
D4_disentangled_medium,0,9,614,51088,2,0,0.04747631028294563,0
D4_disentangled_medium,0,9,627,51102,2,0,0.045879777520895004,0
D4_disentangled_medium,0,9,637,51113,2,0,0.04609445482492447,0
D4_disentangled_medium,0,9,638,51114,2,0,0.0482843741774559,0
D4_disentangled_medium,0,9,649,51130,2,0,0.8794970512390137,1
D4_disentangled_medium,0,9,660,51141,2,0,0.35000112652778625,0
D4_disentangled_medium,0,9,679,51169,1,1,0.6686604619026184,1
D4_disentangled_medium,0,9,689,51183,2,0,0.04626883938908577,0
D4_disentangled_medium,0,9,704,51206,1,1,0.6659665703773499,1
D4_disentangled_medium,0,9,707,51210,1,1,0.9091768264770508,1
D4_disentangled_medium,0,9,711,51215,1,1,0.046692218631505966,0
D4_disentangled_medium,0,9,721,51225,1,1,0.08794215321540833,0
D4_disentangled_medium,0,9,726,51231,1,1,0.04612688720226288,0
D4_disentangled_medium,0,9,729,51236,1,1,0.18651284277439117,0
D4_disentangled_medium,0,9,744,51260,2,0,0.047472745180130005,0
D4_disentangled_medium,0,9,750,51267,2,0,0.04626136273145676,0
D4_disentangled_medium,0,9,777,51306,2,0,0.5221006274223328,1
D4_disentangled_medium,0,9,787,51321,1,1,0.8515174984931946,1
D4_disentangled_medium,0,9,788,51322,1,1,0.4029667377471924,0
D4_disentangled_medium,0,9,794,51329,1,1,0.04576198756694794,0
D4_disentangled_medium,0,9,802,51338,2,0,0.10727361589670181,0
D4_disentangled_medium,0,9,805,51341,2,0,0.09124887734651566,0
D4_disentangled_medium,0,9,812,51349,1,1,0.04658091813325882,0
D4_disentangled_medium,0,9,818,51359,2,0,0.9149083495140076,1
D4_disentangled_medium,0,9,822,51363,2,0,0.045851726084947586,0
D4_disentangled_medium,0,9,823,51364,2,0,0.20344386994838715,0
D4_disentangled_medium,0,9,847,51560,2,0,0.04658955708146095,0
D4_disentangled_medium,0,9,848,51562,2,0,0.04705657809972763,0
D4_disentangled_medium,0,9,850,51564,2,0,0.0458950512111187,0
D4_disentangled_medium,0,9,863,51579,1,1,0.04651450738310814,0
D4_disentangled_medium,0,9,866,51583,1,1,0.912782609462738,1
D4_disentangled_medium,0,10,11,50015,1,1,0.9366201758384705,1
D4_disentangled_medium,0,10,41,50050,2,0,0.06779555231332779,0
D4_disentangled_medium,0,10,44,50053,1,1,0.8437245488166809,1
D4_disentangled_medium,0,10,52,50104,2,0,0.07121962308883667,0
D4_disentangled_medium,0,10,59,50113,2,0,0.06868743151426315,0
D4_disentangled_medium,0,10,65,50119,1,1,0.0675198957324028,0
D4_disentangled_medium,0,10,92,50159,2,0,0.9381946921348572,1
D4_disentangled_medium,0,10,93,50160,2,0,0.06914199888706207,0
D4_disentangled_medium,0,10,94,50161,2,0,0.9333794713020325,1
D4_disentangled_medium,0,10,108,50188,1,1,0.0689452514052391,0
D4_disentangled_medium,0,10,115,50198,2,0,0.06708961725234985,0
D4_disentangled_medium,0,10,117,50200,2,0,0.06888739764690399,0
D4_disentangled_medium,0,10,118,50201,2,0,0.06810717284679413,0
D4_disentangled_medium,0,10,140,50247,1,1,0.9382981657981873,1
D4_disentangled_medium,0,10,149,50257,2,0,0.06743885576725006,0
D4_disentangled_medium,0,10,177,50293,1,1,0.9373593330383301,1
D4_disentangled_medium,0,10,180,50297,1,1,0.6663857698440552,1
D4_disentangled_medium,0,10,182,50300,1,1,0.06891125440597534,0
D4_disentangled_medium,0,10,185,50304,1,1,0.9388990998268127,1
D4_disentangled_medium,0,10,186,50308,1,1,0.9231728911399841,1
D4_disentangled_medium,0,10,195,50324,1,1,0.9387108087539673,1
D4_disentangled_medium,0,10,199,50330,2,0,0.07174212485551834,0
D4_disentangled_medium,0,10,203,50334,2,0,0.6758261919021606,1
D4_disentangled_medium,0,10,206,50337,2,0,0.06702084094285965,0
D4_disentangled_medium,0,10,219,50350,2,0,0.06891282647848129,0
D4_disentangled_medium,0,10,237,50368,2,0,0.06794502586126328,0
D4_disentangled_medium,0,10,238,50369,2,0,0.06914879381656647,0
D4_disentangled_medium,0,10,242,50374,2,0,0.11475086957216263,0
D4_disentangled_medium,0,10,248,50381,2,0,0.06710244715213776,0
D4_disentangled_medium,0,10,256,50391,2,0,0.06817954033613205,0
D4_disentangled_medium,0,10,274,50418,2,0,0.06707897037267685,0
D4_disentangled_medium,0,10,293,50443,2,0,0.699188768863678,1
D4_disentangled_medium,0,10,317,50491,1,1,0.9378282427787781,1
D4_disentangled_medium,0,10,320,50494,1,1,0.6578517556190491,1
D4_disentangled_medium,0,10,334,50515,1,1,0.938352108001709,1
D4_disentangled_medium,0,10,340,50523,1,1,0.938571035861969,1
D4_disentangled_medium,0,10,347,50530,1,1,0.9366075992584229,1
D4_disentangled_medium,0,10,354,50558,2,0,0.06790139526128769,0
D4_disentangled_medium,0,10,356,50563,2,0,0.06797948479652405,0
D4_disentangled_medium,0,10,359,50569,2,0,0.4159560203552246,0
D4_disentangled_medium,0,10,374,50607,1,1,0.0679488256573677,0
D4_disentangled_medium,0,10,376,50612,1,1,0.06822698563337326,0
D4_disentangled_medium,0,10,378,50614,1,1,0.9389019012451172,1
D4_disentangled_medium,0,10,382,50620,1,1,0.06692133843898773,0
D4_disentangled_medium,0,10,384,50622,1,1,0.9357454776763916,1
D4_disentangled_medium,0,10,387,50625,1,1,0.06866005808115005,0
D4_disentangled_medium,0,10,406,50687,2,0,0.8435198068618774,1
D4_disentangled_medium,0,10,414,50695,1,1,0.2188202291727066,0
D4_disentangled_medium,0,10,429,50711,1,1,0.06732036173343658,0
D4_disentangled_medium,0,10,432,50724,2,0,0.06705274432897568,0
D4_disentangled_medium,0,10,466,50781,2,0,0.8315563201904297,1
D4_disentangled_medium,0,10,468,50783,2,0,0.06706227362155914,0
D4_disentangled_medium,0,10,482,50814,2,0,0.06688917428255081,0
D4_disentangled_medium,0,10,493,50955,1,1,0.06842988729476929,0
D4_disentangled_medium,0,10,501,50964,1,1,0.06995818763971329,0
D4_disentangled_medium,0,10,506,50969,1,1,0.9388821721076965,1
D4_disentangled_medium,0,10,531,50997,1,1,0.9388599991798401,1
D4_disentangled_medium,0,10,534,51001,1,1,0.9381989240646362,1
D4_disentangled_medium,0,10,542,51011,1,1,0.9370427131652832,1
D4_disentangled_medium,0,10,564,51035,1,1,0.6758411526679993,1
D4_disentangled_medium,0,10,583,51056,2,0,0.06947090476751328,0
D4_disentangled_medium,0,10,587,51060,2,0,0.651968240737915,1
D4_disentangled_medium,0,10,595,51068,2,0,0.892845630645752,1
D4_disentangled_medium,0,10,609,51083,2,0,0.9370056986808777,1
D4_disentangled_medium,0,10,610,51084,2,0,0.9389013051986694,1
D4_disentangled_medium,0,10,623,51098,2,0,0.07120302319526672,0
D4_disentangled_medium,0,10,639,51116,2,0,0.07183375954627991,0
D4_disentangled_medium,0,10,673,51159,2,0,0.9388693571090698,1
D4_disentangled_medium,0,10,677,51164,1,1,0.9383323192596436,1
D4_disentangled_medium,0,10,694,51189,2,0,0.06720077991485596,0
D4_disentangled_medium,0,10,705,51207,1,1,0.9364986419677734,1
D4_disentangled_medium,0,10,712,51216,1,1,0.06677044183015823,0
D4_disentangled_medium,0,10,724,51229,1,1,0.9359614849090576,1
D4_disentangled_medium,0,10,736,51250,2,0,0.06744015961885452,0
D4_disentangled_medium,0,10,738,51252,2,0,0.9365196824073792,1
D4_disentangled_medium,0,10,769,51298,1,1,0.9370338320732117,1
D4_disentangled_medium,0,10,771,51300,1,1,0.9378666877746582,1
D4_disentangled_medium,0,10,774,51303,2,0,0.23071947693824768,0
D4_disentangled_medium,0,10,778,51307,2,0,0.9388488531112671,1
D4_disentangled_medium,0,10,783,51315,2,0,0.8919833898544312,1
D4_disentangled_medium,0,10,784,51318,1,1,0.9359398484230042,1
D4_disentangled_medium,0,10,801,51336,2,0,0.06689944863319397,0
D4_disentangled_medium,0,10,813,51350,1,1,0.9373298287391663,1
D4_disentangled_medium,0,10,815,51354,1,1,0.9356860518455505,1
D4_disentangled_medium,0,10,817,51357,2,0,0.06934528797864914,0
D4_disentangled_medium,0,10,835,51480,2,0,0.06871360540390015,0
D4_disentangled_medium,0,10,856,51570,2,0,0.5738790035247803,1
D4_disentangled_medium,1,1,8,50012,1,1,0.8499276041984558,1
D4_disentangled_medium,1,1,17,50025,1,1,0.744915246963501,1
D4_disentangled_medium,1,1,26,50035,2,0,0.10993461310863495,0
D4_disentangled_medium,1,1,30,50039,2,0,0.6902740597724915,1
D4_disentangled_medium,1,1,31,50040,2,0,0.1112438291311264,0
D4_disentangled_medium,1,1,33,50042,2,0,0.11247004568576813,0
D4_disentangled_medium,1,1,40,50049,2,0,0.10877420753240585,0
D4_disentangled_medium,1,1,64,50118,1,1,0.8567225337028503,1
D4_disentangled_medium,1,1,71,50128,1,1,0.851165771484375,1
D4_disentangled_medium,1,1,74,50131,1,1,0.8511757850646973,1
D4_disentangled_medium,1,1,90,50157,2,0,0.10991667956113815,0
D4_disentangled_medium,1,1,109,50189,1,1,0.8561028838157654,1
D4_disentangled_medium,1,1,115,50198,2,0,0.13311930000782013,0
D4_disentangled_medium,1,1,119,50202,2,0,0.11562208831310272,0
D4_disentangled_medium,1,1,148,50255,1,1,0.85430908203125,1
D4_disentangled_medium,1,1,170,50284,1,1,0.3481045663356781,0
D4_disentangled_medium,1,1,172,50287,1,1,0.2750222384929657,0
D4_disentangled_medium,1,1,192,50319,1,1,0.8554815053939819,1
D4_disentangled_medium,1,1,204,50335,2,0,0.10869953781366348,0
D4_disentangled_medium,1,1,221,50352,2,0,0.27343282103538513,0
D4_disentangled_medium,1,1,230,50361,2,0,0.11043663322925568,0
D4_disentangled_medium,1,1,241,50373,2,0,0.1259404420852661,0
D4_disentangled_medium,1,1,269,50413,1,1,0.8536320328712463,1
D4_disentangled_medium,1,1,273,50417,2,0,0.10971523821353912,0
D4_disentangled_medium,1,1,283,50433,2,0,0.1097511276602745,0
D4_disentangled_medium,1,1,288,50438,2,0,0.11223648488521576,0
D4_disentangled_medium,1,1,289,50439,2,0,0.10939180105924606,0
D4_disentangled_medium,1,1,303,50467,2,0,0.1203027293086052,0
D4_disentangled_medium,1,1,313,50486,1,1,0.856240451335907,1
D4_disentangled_medium,1,1,326,50501,1,1,0.8544740080833435,1
D4_disentangled_medium,1,1,333,50514,1,1,0.6641309857368469,1
D4_disentangled_medium,1,1,335,50516,1,1,0.8475906252861023,1
D4_disentangled_medium,1,1,337,50519,1,1,0.8546072244644165,1
D4_disentangled_medium,1,1,343,50526,1,1,0.6048133373260498,1
D4_disentangled_medium,1,1,383,50621,1,1,0.8472720980644226,1
D4_disentangled_medium,1,1,390,50628,1,1,0.8510890007019043,1
D4_disentangled_medium,1,1,410,50691,2,0,0.10976842790842056,0
D4_disentangled_medium,1,1,416,50697,1,1,0.7634798288345337,1
D4_disentangled_medium,1,1,422,50703,2,0,0.10953701287508011,0
D4_disentangled_medium,1,1,425,50706,2,0,0.11292716860771179,0
D4_disentangled_medium,1,1,429,50711,1,1,0.1352059543132782,0
D4_disentangled_medium,1,1,431,50723,2,0,0.11045283079147339,0
D4_disentangled_medium,1,1,435,50728,2,0,0.12237492203712463,0
D4_disentangled_medium,1,1,441,50738,2,0,0.11572418361902237,0
D4_disentangled_medium,1,1,446,50743,1,1,0.8409076929092407,1
D4_disentangled_medium,1,1,449,50748,1,1,0.8563662171363831,1
D4_disentangled_medium,1,1,455,50755,1,1,0.8137803673744202,1
D4_disentangled_medium,1,1,457,50757,1,1,0.17501994967460632,0
D4_disentangled_medium,1,1,501,50964,1,1,0.7825687527656555,1
D4_disentangled_medium,1,1,502,50965,1,1,0.8563867807388306,1
D4_disentangled_medium,1,1,511,50976,1,1,0.8518838882446289,1
D4_disentangled_medium,1,1,553,51023,1,1,0.8535987734794617,1
D4_disentangled_medium,1,1,560,51030,1,1,0.8461674451828003,1
D4_disentangled_medium,1,1,562,51033,1,1,0.8492671847343445,1
D4_disentangled_medium,1,1,566,51038,2,0,0.11137096583843231,0
D4_disentangled_medium,1,1,584,51057,2,0,0.11566495895385742,0
D4_disentangled_medium,1,1,597,51070,2,0,0.12797856330871582,0
D4_disentangled_medium,1,1,599,51073,2,0,0.10976091772317886,0
D4_disentangled_medium,1,1,610,51084,2,0,0.8354707956314087,1
D4_disentangled_medium,1,1,615,51089,2,0,0.11183608323335648,0
D4_disentangled_medium,1,1,630,51105,2,0,0.10969190299510956,0
D4_disentangled_medium,1,1,633,51109,2,0,0.11061029136180878,0
D4_disentangled_medium,1,1,636,51112,2,0,0.11189347505569458,0
D4_disentangled_medium,1,1,654,51135,2,0,0.10946939140558243,0
D4_disentangled_medium,1,1,680,51170,1,1,0.5107156038284302,1
D4_disentangled_medium,1,1,686,51180,2,0,0.17635765671730042,0
D4_disentangled_medium,1,1,691,51185,2,0,0.5281732678413391,1
D4_disentangled_medium,1,1,696,51194,2,0,0.5726901292800903,1
D4_disentangled_medium,1,1,697,51197,2,0,0.1455772966146469,0
D4_disentangled_medium,1,1,726,51231,1,1,0.1516401171684265,0
D4_disentangled_medium,1,1,729,51236,1,1,0.3236161470413208,0
D4_disentangled_medium,1,1,734,51248,1,1,0.8553563952445984,1
D4_disentangled_medium,1,1,744,51260,2,0,0.10872597992420197,0
D4_disentangled_medium,1,1,753,51271,2,0,0.1122647225856781,0
D4_disentangled_medium,1,1,754,51272,2,0,0.1254594922065735,0
D4_disentangled_medium,1,1,755,51273,2,0,0.5395058989524841,1
D4_disentangled_medium,1,1,757,51276,2,0,0.10903280973434448,0
D4_disentangled_medium,1,1,765,51293,1,1,0.8541948199272156,1
D4_disentangled_medium,1,1,769,51298,1,1,0.8549653887748718,1
D4_disentangled_medium,1,1,787,51321,1,1,0.1332462579011917,0
D4_disentangled_medium,1,1,789,51323,1,1,0.8544754981994629,1
D4_disentangled_medium,1,1,792,51327,1,1,0.8354974389076233,1
D4_disentangled_medium,1,1,804,51340,2,0,0.11225680261850357,0
D4_disentangled_medium,1,1,836,51481,2,0,0.11103735119104385,0
D4_disentangled_medium,1,1,841,51491,2,0,0.10919006913900375,0
D4_disentangled_medium,1,1,842,51493,2,0,0.11519353091716766,0
D4_disentangled_medium,1,1,856,51570,2,0,0.10901100188493729,0
D4_disentangled_medium,1,1,870,51607,1,1,0.34115535020828247,0
D4_disentangled_medium,1,2,1,50004,1,1,0.9157407283782959,1
D4_disentangled_medium,1,2,13,50020,1,1,0.9137098789215088,1
D4_disentangled_medium,1,2,23,50032,2,0,0.08507533371448517,0
D4_disentangled_medium,1,2,34,50043,2,0,0.11129333078861237,0
D4_disentangled_medium,1,2,41,50050,2,0,0.08363641053438187,0
D4_disentangled_medium,1,2,45,50054,2,0,0.9112984538078308,1
D4_disentangled_medium,1,2,53,50105,2,0,0.08402688056230545,0
D4_disentangled_medium,1,2,59,50113,2,0,0.08642304688692093,0
D4_disentangled_medium,1,2,69,50125,1,1,0.9110936522483826,1
D4_disentangled_medium,1,2,80,50144,1,1,0.9155777096748352,1
D4_disentangled_medium,1,2,84,50148,1,1,0.9160301089286804,1
D4_disentangled_medium,1,2,105,50184,1,1,0.9137127995491028,1
D4_disentangled_medium,1,2,144,50251,1,1,0.23726463317871094,0
D4_disentangled_medium,1,2,160,50269,2,0,0.5435436367988586,1
D4_disentangled_medium,1,2,165,50274,1,1,0.9102514386177063,1
D4_disentangled_medium,1,2,174,50290,1,1,0.9161802530288696,1
D4_disentangled_medium,1,2,195,50324,1,1,0.9159259796142578,1
D4_disentangled_medium,1,2,201,50332,2,0,0.08394350111484528,0
D4_disentangled_medium,1,2,209,50340,2,0,0.08353101462125778,0
D4_disentangled_medium,1,2,213,50344,2,0,0.08384726941585541,0
D4_disentangled_medium,1,2,215,50346,2,0,0.08556247502565384,0
D4_disentangled_medium,1,2,217,50348,2,0,0.2264794260263443,0
D4_disentangled_medium,1,2,218,50349,2,0,0.08856910467147827,0
D4_disentangled_medium,1,2,222,50353,2,0,0.09133526682853699,0
D4_disentangled_medium,1,2,224,50355,2,0,0.19449472427368164,0
D4_disentangled_medium,1,2,242,50374,2,0,0.16805404424667358,0
D4_disentangled_medium,1,2,253,50387,2,0,0.0857691690325737,0
D4_disentangled_medium,1,2,256,50391,2,0,0.1133401021361351,0
D4_disentangled_medium,1,2,277,50422,2,0,0.8336015939712524,1
D4_disentangled_medium,1,2,284,50434,2,0,0.0879226103425026,0
D4_disentangled_medium,1,2,305,50469,2,0,0.08445274829864502,0
D4_disentangled_medium,1,2,311,50483,1,1,0.9148349165916443,1
D4_disentangled_medium,1,2,331,50509,1,1,0.9159289002418518,1
D4_disentangled_medium,1,2,342,50525,1,1,0.8664495944976807,1
D4_disentangled_medium,1,2,356,50563,2,0,0.08404118567705154,0
D4_disentangled_medium,1,2,370,50602,1,1,0.9101871848106384,1
D4_disentangled_medium,1,2,394,50648,1,1,0.850753903388977,1
D4_disentangled_medium,1,2,401,50669,2,0,0.9120508432388306,1
D4_disentangled_medium,1,2,413,50694,1,1,0.9128445982933044,1
D4_disentangled_medium,1,2,438,50733,2,0,0.08357822895050049,0
D4_disentangled_medium,1,2,445,50742,2,0,0.08490356057882309,0
D4_disentangled_medium,1,2,447,50744,1,1,0.9159191250801086,1
D4_disentangled_medium,1,2,451,50750,1,1,0.9160001873970032,1
D4_disentangled_medium,1,2,460,50774,2,0,0.08742433041334152,0
D4_disentangled_medium,1,2,472,50792,1,1,0.9146062731742859,1
D4_disentangled_medium,1,2,475,50798,1,1,0.0874924510717392,0
D4_disentangled_medium,1,2,477,50800,1,1,0.9155290722846985,1
D4_disentangled_medium,1,2,492,50954,1,1,0.7511804699897766,1
D4_disentangled_medium,1,2,496,50958,1,1,0.9102822542190552,1
D4_disentangled_medium,1,2,505,50968,1,1,0.9161412715911865,1
D4_disentangled_medium,1,2,506,50969,1,1,0.9107940196990967,1
D4_disentangled_medium,1,2,524,50990,1,1,0.9158030152320862,1
D4_disentangled_medium,1,2,535,51002,1,1,0.9130611419677734,1
D4_disentangled_medium,1,2,545,51014,1,1,0.9161838889122009,1
D4_disentangled_medium,1,2,558,51028,1,1,0.9155756235122681,1
D4_disentangled_medium,1,2,564,51035,1,1,0.9112734198570251,1
D4_disentangled_medium,1,2,571,51044,2,0,0.08797381818294525,0
D4_disentangled_medium,1,2,574,51047,2,0,0.08385944366455078,0
D4_disentangled_medium,1,2,580,51053,2,0,0.09047886729240417,0
D4_disentangled_medium,1,2,585,51058,2,0,0.08997143805027008,0
D4_disentangled_medium,1,2,588,51061,2,0,0.08470533788204193,0
D4_disentangled_medium,1,2,600,51074,2,0,0.33888739347457886,0
D4_disentangled_medium,1,2,603,51077,2,0,0.168534055352211,0
D4_disentangled_medium,1,2,617,51091,2,0,0.08363696932792664,0
D4_disentangled_medium,1,2,646,51127,2,0,0.2091587483882904,0
D4_disentangled_medium,1,2,648,51129,2,0,0.08512362092733383,0
D4_disentangled_medium,1,2,650,51131,2,0,0.08742676675319672,0
D4_disentangled_medium,1,2,651,51132,2,0,0.08354465663433075,0
D4_disentangled_medium,1,2,655,51136,2,0,0.5545699000358582,1
D4_disentangled_medium,1,2,662,51146,2,0,0.0864543542265892,0
D4_disentangled_medium,1,2,664,51148,2,0,0.08947918564081192,0
D4_disentangled_medium,1,2,668,51152,2,0,0.09028247743844986,0
D4_disentangled_medium,1,2,675,51162,1,1,0.9158697724342346,1
D4_disentangled_medium,1,2,681,51171,1,1,0.9161196351051331,1
D4_disentangled_medium,1,2,689,51183,2,0,0.2548740804195404,0
D4_disentangled_medium,1,2,703,51205,1,1,0.914198100566864,1
D4_disentangled_medium,1,2,728,51235,1,1,0.9146347641944885,1
D4_disentangled_medium,1,2,735,51249,1,1,0.9151207208633423,1
D4_disentangled_medium,1,2,751,51268,2,0,0.08376806229352951,0
D4_disentangled_medium,1,2,763,51291,1,1,0.9159241914749146,1
D4_disentangled_medium,1,2,767,51295,1,1,0.9161775708198547,1
D4_disentangled_medium,1,2,813,51350,1,1,0.9154186248779297,1
D4_disentangled_medium,1,2,814,51351,1,1,0.9136343598365784,1
D4_disentangled_medium,1,2,826,51370,2,0,0.08430393785238266,0
D4_disentangled_medium,1,2,835,51480,2,0,0.08836491405963898,0
D4_disentangled_medium,1,2,859,51574,1,1,0.9159538149833679,1
D4_disentangled_medium,1,2,867,51584,1,1,0.9149798154830933,1
D4_disentangled_medium,1,3,3,50006,1,1,0.7899265885353088,1
D4_disentangled_medium,1,3,15,50023,1,1,0.7367289662361145,1
D4_disentangled_medium,1,3,25,50034,2,0,0.22535689175128937,0
D4_disentangled_medium,1,3,39,50048,2,0,0.7840431928634644,1
D4_disentangled_medium,1,3,68,50124,1,1,0.789470911026001,1
D4_disentangled_medium,1,3,75,50132,1,1,0.7647865414619446,1
D4_disentangled_medium,1,3,88,50153,1,1,0.5234119296073914,1
D4_disentangled_medium,1,3,100,50169,2,0,0.21256525814533234,0
D4_disentangled_medium,1,3,107,50187,1,1,0.20791508257389069,0
D4_disentangled_medium,1,3,111,50193,2,0,0.2086184173822403,0
D4_disentangled_medium,1,3,122,50205,2,0,0.20205837488174438,0
D4_disentangled_medium,1,3,138,50243,1,1,0.7592789530754089,1
D4_disentangled_medium,1,3,147,50254,1,1,0.7850507497787476,1
D4_disentangled_medium,1,3,159,50268,2,0,0.2217712700366974,0
D4_disentangled_medium,1,3,173,50289,1,1,0.4748084843158722,0
D4_disentangled_medium,1,3,186,50308,1,1,0.7073456645011902,1
D4_disentangled_medium,1,3,189,50314,1,1,0.8008307218551636,1
D4_disentangled_medium,1,3,193,50320,1,1,0.795233964920044,1
D4_disentangled_medium,1,3,199,50330,2,0,0.287065327167511,0
D4_disentangled_medium,1,3,203,50334,2,0,0.7769477367401123,1
D4_disentangled_medium,1,3,206,50337,2,0,0.4155231714248657,0
D4_disentangled_medium,1,3,232,50363,2,0,0.38648784160614014,0
D4_disentangled_medium,1,3,233,50364,2,0,0.5393242239952087,1
D4_disentangled_medium,1,3,236,50367,2,0,0.2217472940683365,0
D4_disentangled_medium,1,3,248,50381,2,0,0.24580343067646027,0
D4_disentangled_medium,1,3,252,50386,2,0,0.20657776296138763,0
D4_disentangled_medium,1,3,255,50390,2,0,0.21741224825382233,0
D4_disentangled_medium,1,3,259,50402,1,1,0.21160946786403656,0
D4_disentangled_medium,1,3,261,50404,1,1,0.7971919178962708,1
D4_disentangled_medium,1,3,264,50407,1,1,0.8007481098175049,1
D4_disentangled_medium,1,3,282,50428,2,0,0.20090684294700623,0
D4_disentangled_medium,1,3,291,50441,2,0,0.20154455304145813,0
D4_disentangled_medium,1,3,296,50446,2,0,0.2154993712902069,0
D4_disentangled_medium,1,3,301,50463,2,0,0.2092972695827484,0
D4_disentangled_medium,1,3,312,50485,1,1,0.20142139494419098,0
D4_disentangled_medium,1,3,322,50497,1,1,0.7993707060813904,1
D4_disentangled_medium,1,3,330,50507,1,1,0.6558563113212585,1
D4_disentangled_medium,1,3,332,50510,1,1,0.8007785081863403,1
D4_disentangled_medium,1,3,338,50520,1,1,0.7835630178451538,1
D4_disentangled_medium,1,3,362,50572,2,0,0.20216670632362366,0
D4_disentangled_medium,1,3,364,50574,2,0,0.5544459819793701,1
D4_disentangled_medium,1,3,368,50578,2,0,0.7872127890586853,1
D4_disentangled_medium,1,3,382,50620,1,1,0.27574437856674194,0
D4_disentangled_medium,1,3,384,50622,1,1,0.7962462902069092,1
D4_disentangled_medium,1,3,398,50659,2,0,0.5146064758300781,1
D4_disentangled_medium,1,3,403,50683,2,0,0.2027212232351303,0
D4_disentangled_medium,1,3,408,50689,1,1,0.7899502515792847,1
D4_disentangled_medium,1,3,415,50696,1,1,0.7919068336486816,1
D4_disentangled_medium,1,3,421,50702,1,1,0.5923303961753845,1
D4_disentangled_medium,1,3,433,50725,2,0,0.2108042985200882,0
D4_disentangled_medium,1,3,436,50730,2,0,0.23651163280010223,0
D4_disentangled_medium,1,3,439,50735,2,0,0.23642846941947937,0
D4_disentangled_medium,1,3,469,50786,2,0,0.260818213224411,0
D4_disentangled_medium,1,3,497,50959,1,1,0.6840580701828003,1
D4_disentangled_medium,1,3,503,50966,1,1,0.34227052330970764,0
D4_disentangled_medium,1,3,517,50983,1,1,0.7479103207588196,1
D4_disentangled_medium,1,3,529,50995,1,1,0.7971924543380737,1
D4_disentangled_medium,1,3,530,50996,1,1,0.7829135060310364,1
D4_disentangled_medium,1,3,531,50997,1,1,0.764056384563446,1
D4_disentangled_medium,1,3,541,51010,1,1,0.6075279712677002,1
D4_disentangled_medium,1,3,546,51015,1,1,0.2139883190393448,0
D4_disentangled_medium,1,3,555,51025,1,1,0.7736918330192566,1
D4_disentangled_medium,1,3,572,51045,2,0,0.20142580568790436,0
D4_disentangled_medium,1,3,577,51050,2,0,0.2140604704618454,0
D4_disentangled_medium,1,3,592,51065,2,0,0.20154957473278046,0
D4_disentangled_medium,1,3,607,51081,2,0,0.20827721059322357,0
D4_disentangled_medium,1,3,608,51082,2,0,0.320767343044281,0
D4_disentangled_medium,1,3,613,51087,2,0,0.207917258143425,0
D4_disentangled_medium,1,3,637,51113,2,0,0.20132769644260406,0
D4_disentangled_medium,1,3,639,51116,2,0,0.20210258662700653,0
D4_disentangled_medium,1,3,645,51126,2,0,0.20165564119815826,0
D4_disentangled_medium,1,3,661,51142,2,0,0.32580775022506714,0
D4_disentangled_medium,1,3,706,51208,1,1,0.3854771852493286,0
D4_disentangled_medium,1,3,714,51218,1,1,0.8001263737678528,1
D4_disentangled_medium,1,3,722,51226,1,1,0.20892173051834106,0
D4_disentangled_medium,1,3,731,51239,1,1,0.799077033996582,1
D4_disentangled_medium,1,3,741,51255,2,0,0.21041108667850494,0
D4_disentangled_medium,1,3,752,51269,2,0,0.20170855522155762,0
D4_disentangled_medium,1,3,761,51280,2,0,0.20073959231376648,0
D4_disentangled_medium,1,3,770,51299,1,1,0.800295889377594,1
D4_disentangled_medium,1,3,771,51300,1,1,0.7899441719055176,1
D4_disentangled_medium,1,3,776,51305,2,0,0.5035902261734009,1
D4_disentangled_medium,1,3,794,51329,1,1,0.4962374269962311,0
D4_disentangled_medium,1,3,803,51339,2,0,0.207632377743721,0
D4_disentangled_medium,1,3,806,51342,2,0,0.20214049518108368,0
D4_disentangled_medium,1,3,838,51484,2,0,0.22781729698181152,0
D4_disentangled_medium,1,3,855,51569,2,0,0.7383967041969299,1
D4_disentangled_medium,1,4,4,50007,1,1,0.24099572002887726,0
D4_disentangled_medium,1,4,32,50041,2,0,0.1278238445520401,0
D4_disentangled_medium,1,4,46,50056,1,1,0.8069785237312317,1
D4_disentangled_medium,1,4,57,50111,2,0,0.12844261527061462,0
D4_disentangled_medium,1,4,60,50114,2,0,0.12783335149288177,0
D4_disentangled_medium,1,4,87,50152,1,1,0.8240673542022705,1
D4_disentangled_medium,1,4,94,50161,2,0,0.1426820605993271,0
D4_disentangled_medium,1,4,120,50203,2,0,0.12757793068885803,0
D4_disentangled_medium,1,4,135,50239,1,1,0.15673045814037323,0
D4_disentangled_medium,1,4,149,50257,2,0,0.13975520431995392,0
D4_disentangled_medium,1,4,153,50262,2,0,0.1312008798122406,0
D4_disentangled_medium,1,4,154,50263,2,0,0.12759320437908173,0
D4_disentangled_medium,1,4,166,50275,1,1,0.7625054717063904,1
D4_disentangled_medium,1,4,179,50295,1,1,0.8168123364448547,1
D4_disentangled_medium,1,4,210,50341,2,0,0.1272474229335785,0
D4_disentangled_medium,1,4,216,50347,2,0,0.12852802872657776,0
D4_disentangled_medium,1,4,226,50357,2,0,0.12879043817520142,0
D4_disentangled_medium,1,4,258,50399,1,1,0.23096030950546265,0
D4_disentangled_medium,1,4,272,50416,2,0,0.12791746854782104,0
D4_disentangled_medium,1,4,295,50445,2,0,0.13768213987350464,0
D4_disentangled_medium,1,4,316,50490,1,1,0.7498841881752014,1
D4_disentangled_medium,1,4,323,50498,1,1,0.813603937625885,1
D4_disentangled_medium,1,4,324,50499,1,1,0.6983263492584229,1
D4_disentangled_medium,1,4,328,50503,1,1,0.7245076298713684,1
D4_disentangled_medium,1,4,329,50504,1,1,0.8200613856315613,1
D4_disentangled_medium,1,4,344,50527,1,1,0.36193591356277466,0
D4_disentangled_medium,1,4,349,50532,1,1,0.8214297294616699,1
D4_disentangled_medium,1,4,350,50551,2,0,0.1515207290649414,0
D4_disentangled_medium,1,4,359,50569,2,0,0.14096081256866455,0
D4_disentangled_medium,1,4,360,50570,2,0,0.1276974231004715,0
D4_disentangled_medium,1,4,363,50573,2,0,0.1285894513130188,0
D4_disentangled_medium,1,4,371,50603,1,1,0.8240705132484436,1
D4_disentangled_medium,1,4,380,50616,1,1,0.822547972202301,1
D4_disentangled_medium,1,4,387,50625,1,1,0.12838104367256165,0
D4_disentangled_medium,1,4,389,50627,1,1,0.8178701400756836,1
D4_disentangled_medium,1,4,391,50642,1,1,0.772551417350769,1
D4_disentangled_medium,1,4,392,50644,1,1,0.8063416481018066,1
D4_disentangled_medium,1,4,402,50682,2,0,0.12728643417358398,0
D4_disentangled_medium,1,4,430,50722,2,0,0.12835708260536194,0
D4_disentangled_medium,1,4,437,50731,2,0,0.12740541994571686,0
D4_disentangled_medium,1,4,458,50772,2,0,0.8200148940086365,1
D4_disentangled_medium,1,4,473,50796,1,1,0.8214834928512573,1
D4_disentangled_medium,1,4,474,50797,1,1,0.6874831318855286,1
D4_disentangled_medium,1,4,481,50812,2,0,0.12730085849761963,0
D4_disentangled_medium,1,4,483,50816,2,0,0.12940572202205658,0
D4_disentangled_medium,1,4,485,50818,2,0,0.12835218012332916,0
D4_disentangled_medium,1,4,509,50973,1,1,0.3852344751358032,0
D4_disentangled_medium,1,4,516,50982,1,1,0.1334262192249298,0
D4_disentangled_medium,1,4,543,51012,1,1,0.7540185451507568,1
D4_disentangled_medium,1,4,548,51017,1,1,0.7888849973678589,1
D4_disentangled_medium,1,4,549,51018,1,1,0.8219806551933289,1
D4_disentangled_medium,1,4,551,51020,1,1,0.16985870897769928,0
D4_disentangled_medium,1,4,575,51048,2,0,0.15148794651031494,0
D4_disentangled_medium,1,4,590,51063,2,0,0.1297488659620285,0
D4_disentangled_medium,1,4,598,51072,2,0,0.14135132730007172,0
D4_disentangled_medium,1,4,605,51079,2,0,0.36605626344680786,0
D4_disentangled_medium,1,4,618,51093,2,0,0.1272677183151245,0
D4_disentangled_medium,1,4,626,51101,2,0,0.13373221457004547,0
D4_disentangled_medium,1,4,641,51118,2,0,0.18727706372737885,0
D4_disentangled_medium,1,4,649,51130,2,0,0.3156530261039734,0
D4_disentangled_medium,1,4,653,51134,2,0,0.13121254742145538,0
D4_disentangled_medium,1,4,658,51139,2,0,0.12758857011795044,0
D4_disentangled_medium,1,4,659,51140,2,0,0.12806439399719238,0
D4_disentangled_medium,1,4,666,51150,2,0,0.1285947561264038,0
D4_disentangled_medium,1,4,678,51168,1,1,0.6649717688560486,1
D4_disentangled_medium,1,4,687,51181,2,0,0.1515338271856308,0
D4_disentangled_medium,1,4,690,51184,2,0,0.17189736664295197,0
D4_disentangled_medium,1,4,699,51201,1,1,0.6772893667221069,1
D4_disentangled_medium,1,4,708,51211,1,1,0.6662527918815613,1
D4_disentangled_medium,1,4,712,51216,1,1,0.1331404447555542,0
D4_disentangled_medium,1,4,716,51220,1,1,0.7211965322494507,1
D4_disentangled_medium,1,4,718,51222,1,1,0.1369503289461136,0
D4_disentangled_medium,1,4,723,51228,1,1,0.8240349888801575,1
D4_disentangled_medium,1,4,742,51256,2,0,0.12753398716449738,0
D4_disentangled_medium,1,4,750,51267,2,0,0.1272365301847458,0
D4_disentangled_medium,1,4,778,51307,2,0,0.8237515687942505,1
D4_disentangled_medium,1,4,793,51328,1,1,0.824123203754425,1
D4_disentangled_medium,1,4,808,51344,2,0,0.1328214854001999,0
D4_disentangled_medium,1,4,815,51354,1,1,0.7233487963676453,1
D4_disentangled_medium,1,4,817,51357,2,0,0.12920638918876648,0
D4_disentangled_medium,1,4,845,51558,2,0,0.12759432196617126,0
D4_disentangled_medium,1,4,846,51559,2,0,0.1322486698627472,0
D4_disentangled_medium,1,4,852,51566,2,0,0.13343095779418945,0
D4_disentangled_medium,1,4,854,51568,2,0,0.1488262265920639,0
D4_disentangled_medium,1,4,860,51576,1,1,0.2589455544948578,0
D4_disentangled_medium,1,4,861,51577,1,1,0.5880530476570129,1
D4_disentangled_medium,1,4,863,51579,1,1,0.1331314891576767,0
D4_disentangled_medium,1,5,9,50013,1,1,0.8568767309188843,1
D4_disentangled_medium,1,5,12,50016,1,1,0.8407994508743286,1
D4_disentangled_medium,1,5,21,50030,2,0,0.8553248643875122,1
D4_disentangled_medium,1,5,28,50037,2,0,0.523253858089447,1
D4_disentangled_medium,1,5,37,50046,2,0,0.09458699077367783,0
D4_disentangled_medium,1,5,48,50059,2,0,0.08816459774971008,0
D4_disentangled_medium,1,5,73,50130,1,1,0.1128586158156395,0
D4_disentangled_medium,1,5,77,50135,1,1,0.8822373151779175,1
D4_disentangled_medium,1,5,79,50143,1,1,0.8814513683319092,1
D4_disentangled_medium,1,5,81,50145,1,1,0.6267803311347961,1
D4_disentangled_medium,1,5,95,50162,2,0,0.09273393452167511,0
D4_disentangled_medium,1,5,97,50164,2,0,0.08659539371728897,0
D4_disentangled_medium,1,5,102,50171,2,0,0.1171904057264328,0
D4_disentangled_medium,1,5,128,50215,2,0,0.0857316106557846,0
D4_disentangled_medium,1,5,134,50237,1,1,0.8822447061538696,1
D4_disentangled_medium,1,5,142,50249,1,1,0.8825588226318359,1
D4_disentangled_medium,1,5,150,50259,2,0,0.08594975620508194,0
D4_disentangled_medium,1,5,167,50276,1,1,0.8798852562904358,1
D4_disentangled_medium,1,5,177,50293,1,1,0.8740008473396301,1
D4_disentangled_medium,1,5,185,50304,1,1,0.8725678324699402,1
D4_disentangled_medium,1,5,191,50318,1,1,0.08932220190763474,0
D4_disentangled_medium,1,5,207,50338,2,0,0.08842379599809647,0
D4_disentangled_medium,1,5,243,50375,2,0,0.0901024118065834,0
D4_disentangled_medium,1,5,250,50383,2,0,0.09872149676084518,0
D4_disentangled_medium,1,5,271,50415,2,0,0.08568984270095825,0
D4_disentangled_medium,1,5,276,50421,2,0,0.08708818256855011,0
D4_disentangled_medium,1,5,280,50426,2,0,0.08575902134180069,0
D4_disentangled_medium,1,5,286,50436,2,0,0.5095831751823425,1
D4_disentangled_medium,1,5,293,50443,2,0,0.5747044086456299,1
D4_disentangled_medium,1,5,304,50468,2,0,0.09152820706367493,0
D4_disentangled_medium,1,5,306,50470,2,0,0.15700748562812805,0
D4_disentangled_medium,1,5,327,50502,1,1,0.8824940323829651,1
D4_disentangled_medium,1,5,334,50515,1,1,0.8825042843818665,1
D4_disentangled_medium,1,5,336,50518,1,1,0.8682183027267456,1
D4_disentangled_medium,1,5,339,50521,1,1,0.5353909730911255,1
D4_disentangled_medium,1,5,347,50530,1,1,0.8777778744697571,1
D4_disentangled_medium,1,5,351,50552,2,0,0.09307415783405304,0
D4_disentangled_medium,1,5,355,50561,2,0,0.0856676995754242,0
D4_disentangled_medium,1,5,367,50577,2,0,0.08576599508523941,0
D4_disentangled_medium,1,5,385,50623,1,1,0.8765320777893066,1
D4_disentangled_medium,1,5,411,50692,2,0,0.08593885600566864,0
D4_disentangled_medium,1,5,412,50693,1,1,0.08893806487321854,0
D4_disentangled_medium,1,5,417,50698,2,0,0.08610732108354568,0
D4_disentangled_medium,1,5,443,50740,2,0,0.08646820485591888,0
D4_disentangled_medium,1,5,465,50780,2,0,0.1394033581018448,0
D4_disentangled_medium,1,5,484,50817,2,0,0.08967205882072449,0
D4_disentangled_medium,1,5,487,50821,2,0,0.08653327077627182,0
D4_disentangled_medium,1,5,494,50956,1,1,0.8809036016464233,1
D4_disentangled_medium,1,5,498,50960,1,1,0.19574743509292603,0
D4_disentangled_medium,1,5,504,50967,1,1,0.8714425563812256,1
D4_disentangled_medium,1,5,507,50970,1,1,0.8807538747787476,1
D4_disentangled_medium,1,5,513,50978,1,1,0.8818890452384949,1
D4_disentangled_medium,1,5,514,50979,1,1,0.7070392966270447,1
D4_disentangled_medium,1,5,528,50994,1,1,0.8825474381446838,1
D4_disentangled_medium,1,5,533,51000,1,1,0.8820172548294067,1
D4_disentangled_medium,1,5,536,51003,1,1,0.8766517043113708,1
D4_disentangled_medium,1,5,537,51006,1,1,0.8824922442436218,1
D4_disentangled_medium,1,5,538,51007,1,1,0.8802160620689392,1
D4_disentangled_medium,1,5,539,51008,1,1,0.08627710491418839,0
D4_disentangled_medium,1,5,547,51016,1,1,0.8649901151657104,1
D4_disentangled_medium,1,5,550,51019,1,1,0.8705888986587524,1
D4_disentangled_medium,1,5,594,51067,2,0,0.09031877666711807,0
D4_disentangled_medium,1,5,614,51088,2,0,0.09141227602958679,0
D4_disentangled_medium,1,5,616,51090,2,0,0.08948806673288345,0
D4_disentangled_medium,1,5,621,51096,2,0,0.09075071662664413,0
D4_disentangled_medium,1,5,623,51098,2,0,0.09005481749773026,0
D4_disentangled_medium,1,5,628,51103,2,0,0.2383193075656891,0
D4_disentangled_medium,1,5,647,51128,2,0,0.08898930996656418,0
D4_disentangled_medium,1,5,660,51141,2,0,0.093020498752594,0
D4_disentangled_medium,1,5,669,51153,2,0,0.08588678389787674,0
D4_disentangled_medium,1,5,674,51161,1,1,0.8737708330154419,1
D4_disentangled_medium,1,5,685,51179,1,1,0.8802739381790161,1
D4_disentangled_medium,1,5,698,51198,2,0,0.09324567764997482,0
D4_disentangled_medium,1,5,702,51204,1,1,0.8752980828285217,1
D4_disentangled_medium,1,5,713,51217,1,1,0.0878550112247467,0
D4_disentangled_medium,1,5,719,51223,1,1,0.4425872266292572,0
D4_disentangled_medium,1,5,727,51234,1,1,0.873464822769165,1
D4_disentangled_medium,1,5,737,51251,2,0,0.6370881795883179,1
D4_disentangled_medium,1,5,738,51252,2,0,0.882570207118988,1
D4_disentangled_medium,1,5,746,51262,2,0,0.49133405089378357,0
D4_disentangled_medium,1,5,805,51341,2,0,0.6253440976142883,1
D4_disentangled_medium,1,5,821,51362,2,0,0.08591261506080627,0
D4_disentangled_medium,1,5,823,51364,2,0,0.08966957777738571,0
D4_disentangled_medium,1,5,832,51473,1,1,0.5928295254707336,1
D4_disentangled_medium,1,5,847,51560,2,0,0.0859583243727684,0
D4_disentangled_medium,1,5,848,51562,2,0,0.08573774248361588,0
D4_disentangled_medium,1,5,849,51563,2,0,0.08720264583826065,0
D4_disentangled_medium,1,6,6,50010,1,1,0.9428208470344543,1
D4_disentangled_medium,1,6,47,50057,1,1,0.0635397732257843,0
D4_disentangled_medium,1,6,54,50106,2,0,0.09650138020515442,0
D4_disentangled_medium,1,6,61,50115,2,0,0.06202268227934837,0
D4_disentangled_medium,1,6,70,50127,1,1,0.3104325532913208,0
D4_disentangled_medium,1,6,76,50134,1,1,0.9427472949028015,1
D4_disentangled_medium,1,6,78,50142,1,1,0.9430373907089233,1
D4_disentangled_medium,1,6,82,50146,1,1,0.6685335636138916,1
D4_disentangled_medium,1,6,91,50158,2,0,0.06068095192313194,0
D4_disentangled_medium,1,6,92,50159,2,0,0.942891001701355,1
D4_disentangled_medium,1,6,112,50194,2,0,0.06121622025966644,0
D4_disentangled_medium,1,6,123,50206,2,0,0.7918366193771362,1
D4_disentangled_medium,1,6,124,50208,2,0,0.0955517441034317,0
D4_disentangled_medium,1,6,130,50232,1,1,0.9392916560173035,1
D4_disentangled_medium,1,6,131,50233,1,1,0.9413725137710571,1
D4_disentangled_medium,1,6,137,50241,1,1,0.9417316913604736,1
D4_disentangled_medium,1,6,139,50245,1,1,0.9428113102912903,1
D4_disentangled_medium,1,6,140,50247,1,1,0.9427077770233154,1
D4_disentangled_medium,1,6,151,50260,2,0,0.062367312610149384,0
D4_disentangled_medium,1,6,168,50278,1,1,0.941336989402771,1
D4_disentangled_medium,1,6,175,50291,1,1,0.941109836101532,1
D4_disentangled_medium,1,6,196,50325,1,1,0.06278879195451736,0
D4_disentangled_medium,1,6,205,50336,2,0,0.1254577338695526,0
D4_disentangled_medium,1,6,219,50350,2,0,0.06662536412477493,0
D4_disentangled_medium,1,6,220,50351,2,0,0.06564734876155853,0
D4_disentangled_medium,1,6,223,50354,2,0,0.06258321553468704,0
D4_disentangled_medium,1,6,228,50359,2,0,0.13341736793518066,0
D4_disentangled_medium,1,6,229,50360,2,0,0.061074141412973404,0
D4_disentangled_medium,1,6,234,50365,2,0,0.06096133962273598,0
D4_disentangled_medium,1,6,239,50370,2,0,0.06088709831237793,0
D4_disentangled_medium,1,6,254,50388,2,0,0.060815922915935516,0
D4_disentangled_medium,1,6,260,50403,1,1,0.06156584993004799,0
D4_disentangled_medium,1,6,278,50424,2,0,0.062297701835632324,0
D4_disentangled_medium,1,6,290,50440,2,0,0.9423770308494568,1
D4_disentangled_medium,1,6,292,50442,2,0,0.06566088646650314,0
D4_disentangled_medium,1,6,299,50449,2,0,0.06409573554992676,0
D4_disentangled_medium,1,6,302,50466,2,0,0.06232393905520439,0
D4_disentangled_medium,1,6,321,50496,1,1,0.9427734613418579,1
D4_disentangled_medium,1,6,340,50523,1,1,0.9412497878074646,1
D4_disentangled_medium,1,6,345,50528,1,1,0.9413696527481079,1
D4_disentangled_medium,1,6,357,50565,2,0,0.11520018428564072,0
D4_disentangled_medium,1,6,365,50575,2,0,0.06073826923966408,0
D4_disentangled_medium,1,6,372,50604,1,1,0.9412046670913696,1
D4_disentangled_medium,1,6,374,50607,1,1,0.06073198467493057,0
D4_disentangled_medium,1,6,379,50615,1,1,0.942633330821991,1
D4_disentangled_medium,1,6,399,50664,2,0,0.06075359135866165,0
D4_disentangled_medium,1,6,426,50707,2,0,0.06188559532165527,0
D4_disentangled_medium,1,6,444,50741,2,0,0.06074065715074539,0
D4_disentangled_medium,1,6,467,50782,2,0,0.06128568947315216,0
D4_disentangled_medium,1,6,468,50783,2,0,0.06326404213905334,0
D4_disentangled_medium,1,6,470,50790,2,0,0.06294422596693039,0
D4_disentangled_medium,1,6,480,50807,1,1,0.9427728652954102,1
D4_disentangled_medium,1,6,493,50955,1,1,0.061767466366291046,0
D4_disentangled_medium,1,6,499,50961,1,1,0.9427603483200073,1
D4_disentangled_medium,1,6,515,50981,1,1,0.9394465088844299,1
D4_disentangled_medium,1,6,518,50984,1,1,0.9269580841064453,1
D4_disentangled_medium,1,6,522,50988,1,1,0.936984121799469,1
D4_disentangled_medium,1,6,523,50989,1,1,0.9413788318634033,1
D4_disentangled_medium,1,6,542,51011,1,1,0.9422600865364075,1
D4_disentangled_medium,1,6,556,51026,1,1,0.9429909586906433,1
D4_disentangled_medium,1,6,557,51027,1,1,0.24832594394683838,0
D4_disentangled_medium,1,6,567,51039,2,0,0.06386657804250717,0
D4_disentangled_medium,1,6,569,51041,2,0,0.06384672224521637,0
D4_disentangled_medium,1,6,573,51046,2,0,0.06721222400665283,0
D4_disentangled_medium,1,6,581,51054,2,0,0.06232937425374985,0
D4_disentangled_medium,1,6,582,51055,2,0,0.06388209015130997,0
D4_disentangled_medium,1,6,583,51056,2,0,0.0656285360455513,0
D4_disentangled_medium,1,6,601,51075,2,0,0.06811175495386124,0
D4_disentangled_medium,1,6,604,51078,2,0,0.06684491783380508,0
D4_disentangled_medium,1,6,624,51099,2,0,0.06270340085029602,0
D4_disentangled_medium,1,6,672,51156,2,0,0.06502605974674225,0
D4_disentangled_medium,1,6,707,51210,1,1,0.9379924535751343,1
D4_disentangled_medium,1,6,725,51230,1,1,0.9429447054862976,1
D4_disentangled_medium,1,6,739,51253,2,0,0.06122525408864021,0
D4_disentangled_medium,1,6,762,51281,2,0,0.06567075103521347,0
D4_disentangled_medium,1,6,773,51302,1,1,0.8179728984832764,1
D4_disentangled_medium,1,6,775,51304,2,0,0.0608295239508152,0
D4_disentangled_medium,1,6,785,51319,1,1,0.9399725198745728,1
D4_disentangled_medium,1,6,796,51331,1,1,0.9426586031913757,1
D4_disentangled_medium,1,6,810,51346,2,0,0.06333397328853607,0
D4_disentangled_medium,1,6,811,51347,2,0,0.06107242405414581,0
D4_disentangled_medium,1,6,812,51349,1,1,0.06251044571399689,0
D4_disentangled_medium,1,6,819,51360,2,0,0.18000520765781403,0
D4_disentangled_medium,1,6,844,51557,2,0,0.0629492998123169,0
D4_disentangled_medium,1,6,858,51573,1,1,0.27253851294517517,0
D4_disentangled_medium,1,6,864,51580,1,1,0.813086211681366,1
D4_disentangled_medium,1,6,869,51606,1,1,0.20338188111782074,0
D4_disentangled_medium,1,7,22,50031,2,0,0.0457160547375679,0
D4_disentangled_medium,1,7,24,50033,2,0,0.04567941650748253,0
D4_disentangled_medium,1,7,29,50038,2,0,0.04556848853826523,0
D4_disentangled_medium,1,7,43,50052,2,0,0.7298785448074341,1
D4_disentangled_medium,1,7,50,50102,2,0,0.04585174843668938,0
D4_disentangled_medium,1,7,58,50112,2,0,0.045551933348178864,0
D4_disentangled_medium,1,7,62,50116,2,0,0.8237669467926025,1
D4_disentangled_medium,1,7,86,50150,1,1,0.0478353351354599,0
D4_disentangled_medium,1,7,89,50156,1,1,0.9335554242134094,1
D4_disentangled_medium,1,7,93,50160,2,0,0.05315057560801506,0
D4_disentangled_medium,1,7,99,50168,2,0,0.05001959949731827,0
D4_disentangled_medium,1,7,121,50204,2,0,0.0475122407078743,0
D4_disentangled_medium,1,7,125,50210,2,0,0.04899312183260918,0
D4_disentangled_medium,1,7,127,50214,2,0,0.0493420735001564,0
D4_disentangled_medium,1,7,129,50217,2,0,0.04660387709736824,0
D4_disentangled_medium,1,7,133,50236,1,1,0.9335517883300781,1
D4_disentangled_medium,1,7,158,50267,2,0,0.04570600762963295,0
D4_disentangled_medium,1,7,162,50271,2,0,0.14357279241085052,0
D4_disentangled_medium,1,7,169,50282,1,1,0.9335422515869141,1
D4_disentangled_medium,1,7,183,50301,1,1,0.48268863558769226,0
D4_disentangled_medium,1,7,188,50312,1,1,0.9287617802619934,1
D4_disentangled_medium,1,7,211,50342,2,0,0.09878949075937271,0
D4_disentangled_medium,1,7,212,50343,2,0,0.8658019304275513,1
D4_disentangled_medium,1,7,238,50369,2,0,0.05125945433974266,0
D4_disentangled_medium,1,7,245,50377,2,0,0.0465858019888401,0
D4_disentangled_medium,1,7,251,50385,2,0,0.7374509572982788,1
D4_disentangled_medium,1,7,262,50405,1,1,0.9287483096122742,1
D4_disentangled_medium,1,7,266,50410,1,1,0.8037222027778625,1
D4_disentangled_medium,1,7,274,50418,2,0,0.04779127612709999,0
D4_disentangled_medium,1,7,300,50453,2,0,0.8989596962928772,1
D4_disentangled_medium,1,7,307,50477,1,1,0.9298409819602966,1
D4_disentangled_medium,1,7,317,50491,1,1,0.9332507252693176,1
D4_disentangled_medium,1,7,318,50492,1,1,0.9336075782775879,1
D4_disentangled_medium,1,7,325,50500,1,1,0.7688560485839844,1
D4_disentangled_medium,1,7,346,50529,1,1,0.9308667182922363,1
D4_disentangled_medium,1,7,353,50557,2,0,0.04574437066912651,0
D4_disentangled_medium,1,7,354,50558,2,0,0.07298051565885544,0
D4_disentangled_medium,1,7,373,50606,1,1,0.18249453604221344,0
D4_disentangled_medium,1,7,375,50608,1,1,0.199545755982399,0
D4_disentangled_medium,1,7,386,50624,1,1,0.9334830045700073,1
D4_disentangled_medium,1,7,395,50649,1,1,0.07090378552675247,0
D4_disentangled_medium,1,7,407,50688,2,0,0.05376622453331947,0
D4_disentangled_medium,1,7,418,50699,2,0,0.9308264255523682,1
D4_disentangled_medium,1,7,428,50709,2,0,0.05255594477057457,0
D4_disentangled_medium,1,7,450,50749,1,1,0.9325160980224609,1
D4_disentangled_medium,1,7,453,50752,1,1,0.8556221127510071,1
D4_disentangled_medium,1,7,456,50756,1,1,0.9335160851478577,1
D4_disentangled_medium,1,7,495,50957,1,1,0.5877619981765747,1
D4_disentangled_medium,1,7,510,50974,1,1,0.9319474101066589,1
D4_disentangled_medium,1,7,521,50987,1,1,0.9304760098457336,1
D4_disentangled_medium,1,7,554,51024,1,1,0.9333902597427368,1
D4_disentangled_medium,1,7,587,51060,2,0,0.8803689479827881,1
D4_disentangled_medium,1,7,593,51066,2,0,0.04853438958525658,0
D4_disentangled_medium,1,7,619,51094,2,0,0.048186104744672775,0
D4_disentangled_medium,1,7,620,51095,2,0,0.37500956654548645,0
D4_disentangled_medium,1,7,629,51104,2,0,0.046206995844841,0
D4_disentangled_medium,1,7,634,51110,2,0,0.047519464045763016,0
D4_disentangled_medium,1,7,663,51147,2,0,0.04621461033821106,0
D4_disentangled_medium,1,7,667,51151,2,0,0.04648509621620178,0
D4_disentangled_medium,1,7,671,51155,2,0,0.045852962881326675,0
D4_disentangled_medium,1,7,673,51159,2,0,0.9311136603355408,1
D4_disentangled_medium,1,7,676,51163,1,1,0.416380912065506,0
D4_disentangled_medium,1,7,682,51173,1,1,0.9331156611442566,1
D4_disentangled_medium,1,7,683,51177,1,1,0.8704564571380615,1
D4_disentangled_medium,1,7,684,51178,1,1,0.9315502643585205,1
D4_disentangled_medium,1,7,695,51192,2,0,0.04580998793244362,0
D4_disentangled_medium,1,7,704,51206,1,1,0.8522467017173767,1
D4_disentangled_medium,1,7,710,51214,1,1,0.9298222661018372,1
D4_disentangled_medium,1,7,717,51221,1,1,0.9282869696617126,1
D4_disentangled_medium,1,7,720,51224,1,1,0.9279929399490356,1
D4_disentangled_medium,1,7,724,51229,1,1,0.9323257207870483,1
D4_disentangled_medium,1,7,736,51250,2,0,0.04879092425107956,0
D4_disentangled_medium,1,7,759,51278,2,0,0.09152086079120636,0
D4_disentangled_medium,1,7,760,51279,2,0,0.0464906170964241,0
D4_disentangled_medium,1,7,764,51292,1,1,0.9254618287086487,1
D4_disentangled_medium,1,7,774,51303,2,0,0.045872241258621216,0
D4_disentangled_medium,1,7,784,51318,1,1,0.08231227099895477,0
D4_disentangled_medium,1,7,799,51334,2,0,0.04567798972129822,0
D4_disentangled_medium,1,7,807,51343,2,0,0.05225451663136482,0
D4_disentangled_medium,1,7,820,51361,2,0,0.04585855081677437,0
D4_disentangled_medium,1,7,827,51373,2,0,0.04787532612681389,0
D4_disentangled_medium,1,7,828,51461,1,1,0.9210700988769531,1
D4_disentangled_medium,1,7,830,51464,1,1,0.9256656765937805,1
D4_disentangled_medium,1,7,831,51465,1,1,0.9330973029136658,1
D4_disentangled_medium,1,7,833,51477,2,0,0.06424008309841156,0
D4_disentangled_medium,1,7,857,51572,1,1,0.928749144077301,1
D4_disentangled_medium,1,7,866,51583,1,1,0.9285352826118469,1
D4_disentangled_medium,1,8,5,50008,1,1,0.9152969717979431,1
D4_disentangled_medium,1,8,7,50011,1,1,0.917828381061554,1
D4_disentangled_medium,1,8,10,50014,1,1,0.9179863333702087,1
D4_disentangled_medium,1,8,14,50022,1,1,0.06525907665491104,0
D4_disentangled_medium,1,8,16,50024,1,1,0.9183077216148376,1
D4_disentangled_medium,1,8,35,50044,2,0,0.06643795222043991,0
D4_disentangled_medium,1,8,42,50051,2,0,0.13004229962825775,0
D4_disentangled_medium,1,8,49,50060,2,0,0.06572040170431137,0
D4_disentangled_medium,1,8,52,50104,2,0,0.06849108636379242,0
D4_disentangled_medium,1,8,56,50109,2,0,0.06477724760770798,0
D4_disentangled_medium,1,8,65,50119,1,1,0.0655164122581482,0
D4_disentangled_medium,1,8,67,50123,1,1,0.9171773791313171,1
D4_disentangled_medium,1,8,101,50170,2,0,0.06823380291461945,0
D4_disentangled_medium,1,8,103,50182,1,1,0.9172447323799133,1
D4_disentangled_medium,1,8,104,50183,1,1,0.9183102250099182,1
D4_disentangled_medium,1,8,106,50186,1,1,0.9182700514793396,1
D4_disentangled_medium,1,8,117,50200,2,0,0.06586696207523346,0
D4_disentangled_medium,1,8,118,50201,2,0,0.06549375504255295,0
D4_disentangled_medium,1,8,143,50250,1,1,0.06537254899740219,0
D4_disentangled_medium,1,8,146,50253,1,1,0.9045085906982422,1
D4_disentangled_medium,1,8,164,50273,1,1,0.9163561463356018,1
D4_disentangled_medium,1,8,171,50285,1,1,0.06648659706115723,0
D4_disentangled_medium,1,8,184,50302,1,1,0.9174628853797913,1
D4_disentangled_medium,1,8,187,50310,1,1,0.9181259274482727,1
D4_disentangled_medium,1,8,194,50321,1,1,0.9171584248542786,1
D4_disentangled_medium,1,8,198,50329,2,0,0.06471265852451324,0
D4_disentangled_medium,1,8,214,50345,2,0,0.06538734585046768,0
D4_disentangled_medium,1,8,227,50358,2,0,0.06500712037086487,0
D4_disentangled_medium,1,8,231,50362,2,0,0.0651760920882225,0
D4_disentangled_medium,1,8,244,50376,2,0,0.5347896218299866,1
D4_disentangled_medium,1,8,263,50406,1,1,0.9168642163276672,1
D4_disentangled_medium,1,8,268,50412,1,1,0.9171337485313416,1
D4_disentangled_medium,1,8,270,50414,2,0,0.3514212369918823,0
D4_disentangled_medium,1,8,281,50427,2,0,0.06649935990571976,0
D4_disentangled_medium,1,8,298,50448,2,0,0.06488270312547684,0
D4_disentangled_medium,1,8,309,50481,1,1,0.9172379374504089,1
D4_disentangled_medium,1,8,314,50487,1,1,0.9171462059020996,1
D4_disentangled_medium,1,8,358,50568,2,0,0.5440232157707214,1
D4_disentangled_medium,1,8,366,50576,2,0,0.08469665050506592,0
D4_disentangled_medium,1,8,369,50601,1,1,0.43095120787620544,0
D4_disentangled_medium,1,8,381,50619,1,1,0.9175563454627991,1
D4_disentangled_medium,1,8,404,50685,2,0,0.07611067593097687,0
D4_disentangled_medium,1,8,419,50700,1,1,0.9175831079483032,1
D4_disentangled_medium,1,8,420,50701,2,0,0.06768625974655151,0
D4_disentangled_medium,1,8,432,50724,2,0,0.06584135442972183,0
D4_disentangled_medium,1,8,440,50737,2,0,0.06490481644868851,0
D4_disentangled_medium,1,8,454,50754,1,1,0.9169263243675232,1
D4_disentangled_medium,1,8,462,50776,2,0,0.06584840267896652,0
D4_disentangled_medium,1,8,471,50791,1,1,0.9167343974113464,1
D4_disentangled_medium,1,8,482,50814,2,0,0.06994923204183578,0
D4_disentangled_medium,1,8,508,50972,1,1,0.9174034595489502,1
D4_disentangled_medium,1,8,525,50991,1,1,0.11335699260234833,0
D4_disentangled_medium,1,8,527,50993,1,1,0.916847288608551,1
D4_disentangled_medium,1,8,532,50999,1,1,0.9175018072128296,1
D4_disentangled_medium,1,8,544,51013,1,1,0.917474091053009,1
D4_disentangled_medium,1,8,559,51029,1,1,0.1261003464460373,0
D4_disentangled_medium,1,8,576,51049,2,0,0.06830716878175735,0
D4_disentangled_medium,1,8,596,51069,2,0,0.06874193996191025,0
D4_disentangled_medium,1,8,627,51102,2,0,0.06480152904987335,0
D4_disentangled_medium,1,8,632,51107,2,0,0.9162415266036987,1
D4_disentangled_medium,1,8,635,51111,2,0,0.06488297134637833,0
D4_disentangled_medium,1,8,638,51114,2,0,0.06843036413192749,0
D4_disentangled_medium,1,8,642,51122,2,0,0.06780659407377243,0
D4_disentangled_medium,1,8,644,51124,2,0,0.06619866192340851,0
D4_disentangled_medium,1,8,656,51137,2,0,0.06584875285625458,0
D4_disentangled_medium,1,8,670,51154,2,0,0.07662534713745117,0
D4_disentangled_medium,1,8,694,51189,2,0,0.06544090062379837,0
D4_disentangled_medium,1,8,701,51203,1,1,0.9171873331069946,1
D4_disentangled_medium,1,8,711,51215,1,1,0.0662289410829544,0
D4_disentangled_medium,1,8,730,51237,1,1,0.9169126152992249,1
D4_disentangled_medium,1,8,733,51241,1,1,0.9182989597320557,1
D4_disentangled_medium,1,8,745,51261,2,0,0.06476017832756042,0
D4_disentangled_medium,1,8,747,51264,2,0,0.0671200305223465,0
D4_disentangled_medium,1,8,758,51277,2,0,0.06476763635873795,0
D4_disentangled_medium,1,8,777,51306,2,0,0.06687335669994354,0
D4_disentangled_medium,1,8,783,51315,2,0,0.06477212905883789,0
D4_disentangled_medium,1,8,786,51320,1,1,0.9169096946716309,1
D4_disentangled_medium,1,8,788,51322,1,1,0.0665430873632431,0
D4_disentangled_medium,1,8,790,51325,1,1,0.9178904294967651,1
D4_disentangled_medium,1,8,791,51326,1,1,0.6880959272384644,1
D4_disentangled_medium,1,8,797,51332,2,0,0.06648222357034683,0
D4_disentangled_medium,1,8,801,51336,2,0,0.06509532034397125,0
D4_disentangled_medium,1,8,802,51338,2,0,0.91783207654953,1
D4_disentangled_medium,1,8,816,51356,2,0,0.9055516123771667,1
D4_disentangled_medium,1,8,824,51365,2,0,0.06647873669862747,0
D4_disentangled_medium,1,8,825,51369,2,0,0.06483359634876251,0
D4_disentangled_medium,1,8,839,51487,2,0,0.0659622922539711,0
D4_disentangled_medium,1,9,0,50003,1,1,0.4590698182582855,0
D4_disentangled_medium,1,9,44,50053,1,1,0.48904550075531006,0
D4_disentangled_medium,1,9,51,50103,2,0,0.5654498338699341,1
D4_disentangled_medium,1,9,83,50147,1,1,0.4814549386501312,0
D4_disentangled_medium,1,9,96,50163,2,0,0.2596949636936188,0
D4_disentangled_medium,1,9,110,50190,1,1,0.6871268153190613,1
D4_disentangled_medium,1,9,116,50199,2,0,0.19608139991760254,0
D4_disentangled_medium,1,9,136,50240,1,1,0.7154025435447693,1
D4_disentangled_medium,1,9,155,50264,2,0,0.37262508273124695,0
D4_disentangled_medium,1,9,157,50266,2,0,0.1908995807170868,0
D4_disentangled_medium,1,9,161,50270,2,0,0.20907491445541382,0
D4_disentangled_medium,1,9,178,50294,1,1,0.6266210675239563,1
D4_disentangled_medium,1,9,180,50297,1,1,0.3362978398799896,0
D4_disentangled_medium,1,9,181,50298,1,1,0.3784666955471039,0
D4_disentangled_medium,1,9,182,50300,1,1,0.19432657957077026,0
D4_disentangled_medium,1,9,197,50327,2,0,0.19687007367610931,0
D4_disentangled_medium,1,9,202,50333,2,0,0.19880089163780212,0
D4_disentangled_medium,1,9,208,50339,2,0,0.18724584579467773,0
D4_disentangled_medium,1,9,237,50368,2,0,0.18946346640586853,0
D4_disentangled_medium,1,9,247,50380,2,0,0.3804852366447449,0
D4_disentangled_medium,1,9,249,50382,2,0,0.18720193207263947,0
D4_disentangled_medium,1,9,257,50397,1,1,0.6092763543128967,1
D4_disentangled_medium,1,9,267,50411,1,1,0.7204059958457947,1
D4_disentangled_medium,1,9,287,50437,2,0,0.7254761457443237,1
D4_disentangled_medium,1,9,294,50444,2,0,0.3183295428752899,0
D4_disentangled_medium,1,9,297,50447,2,0,0.3555157482624054,0
D4_disentangled_medium,1,9,310,50482,1,1,0.7248481512069702,1
D4_disentangled_medium,1,9,320,50494,1,1,0.5195873379707336,1
D4_disentangled_medium,1,9,341,50524,1,1,0.7339956164360046,1
D4_disentangled_medium,1,9,352,50555,2,0,0.1905508041381836,0
D4_disentangled_medium,1,9,377,50613,1,1,0.7345738410949707,1
D4_disentangled_medium,1,9,378,50614,1,1,0.7040516138076782,1
D4_disentangled_medium,1,9,396,50654,1,1,0.23684760928153992,0
D4_disentangled_medium,1,9,400,50665,2,0,0.33215388655662537,0
D4_disentangled_medium,1,9,406,50687,2,0,0.42506662011146545,0
D4_disentangled_medium,1,9,409,50690,1,1,0.195240318775177,0
D4_disentangled_medium,1,9,423,50704,1,1,0.33939650654792786,0
D4_disentangled_medium,1,9,424,50705,1,1,0.2341865748167038,0
D4_disentangled_medium,1,9,427,50708,1,1,0.7172269821166992,1
D4_disentangled_medium,1,9,434,50726,2,0,0.19686900079250336,0
D4_disentangled_medium,1,9,442,50739,2,0,0.42439666390419006,0
D4_disentangled_medium,1,9,452,50751,1,1,0.621868908405304,1
D4_disentangled_medium,1,9,459,50773,2,0,0.3285907506942749,0
D4_disentangled_medium,1,9,463,50777,2,0,0.20617631077766418,0
D4_disentangled_medium,1,9,479,50803,1,1,0.6938226222991943,1
D4_disentangled_medium,1,9,488,50822,2,0,0.1954953819513321,0
D4_disentangled_medium,1,9,491,50952,1,1,0.722197949886322,1
D4_disentangled_medium,1,9,500,50962,1,1,0.32854774594306946,0
D4_disentangled_medium,1,9,512,50977,1,1,0.663938581943512,1
D4_disentangled_medium,1,9,520,50986,1,1,0.21440932154655457,0
D4_disentangled_medium,1,9,526,50992,1,1,0.5210114121437073,1
D4_disentangled_medium,1,9,534,51001,1,1,0.7213401794433594,1
D4_disentangled_medium,1,9,540,51009,1,1,0.7345940470695496,1
D4_disentangled_medium,1,9,552,51021,1,1,0.7217728495597839,1
D4_disentangled_medium,1,9,561,51032,1,1,0.6865352988243103,1
D4_disentangled_medium,1,9,563,51034,1,1,0.6669539213180542,1
D4_disentangled_medium,1,9,565,51036,2,0,0.19132445752620697,0
D4_disentangled_medium,1,9,578,51051,2,0,0.18885201215744019,0
D4_disentangled_medium,1,9,591,51064,2,0,0.37926363945007324,0
D4_disentangled_medium,1,9,595,51068,2,0,0.6222178339958191,1
D4_disentangled_medium,1,9,602,51076,2,0,0.19445155560970306,0
D4_disentangled_medium,1,9,612,51086,2,0,0.18830130994319916,0
D4_disentangled_medium,1,9,622,51097,2,0,0.18734073638916016,0
D4_disentangled_medium,1,9,625,51100,2,0,0.35686004161834717,0
D4_disentangled_medium,1,9,631,51106,2,0,0.18948151171207428,0
D4_disentangled_medium,1,9,640,51117,2,0,0.272080659866333,0
D4_disentangled_medium,1,9,643,51123,2,0,0.2883566915988922,0
D4_disentangled_medium,1,9,657,51138,2,0,0.18715178966522217,0
D4_disentangled_medium,1,9,679,51169,1,1,0.5466300845146179,1
D4_disentangled_medium,1,9,692,51187,2,0,0.20910432934761047,0
D4_disentangled_medium,1,9,693,51188,2,0,0.19538120925426483,0
D4_disentangled_medium,1,9,709,51212,1,1,0.734475314617157,1
D4_disentangled_medium,1,9,715,51219,1,1,0.7345358729362488,1
D4_disentangled_medium,1,9,732,51240,1,1,0.7345123291015625,1
D4_disentangled_medium,1,9,743,51257,2,0,0.5744284987449646,1
D4_disentangled_medium,1,9,781,51311,2,0,0.18743592500686646,0
D4_disentangled_medium,1,9,795,51330,1,1,0.6912088990211487,1
D4_disentangled_medium,1,9,798,51333,2,0,0.18800802528858185,0
D4_disentangled_medium,1,9,809,51345,2,0,0.24458172917366028,0
D4_disentangled_medium,1,9,818,51359,2,0,0.7240830659866333,1
D4_disentangled_medium,1,9,822,51363,2,0,0.19966335594654083,0
D4_disentangled_medium,1,9,829,51463,1,1,0.729612410068512,1
D4_disentangled_medium,1,9,837,51482,2,0,0.2029777318239212,0
D4_disentangled_medium,1,9,840,51488,2,0,0.235682874917984,0
D4_disentangled_medium,1,9,843,51556,2,0,0.24858447909355164,0
D4_disentangled_medium,1,9,851,51565,2,0,0.21669985353946686,0
D4_disentangled_medium,1,9,862,51578,1,1,0.7337653636932373,1
D4_disentangled_medium,1,10,2,50005,1,1,0.9032479524612427,1
D4_disentangled_medium,1,10,11,50015,1,1,0.9299576878547668,1
D4_disentangled_medium,1,10,18,50026,1,1,0.9191719889640808,1
D4_disentangled_medium,1,10,19,50027,1,1,0.08331048488616943,0
D4_disentangled_medium,1,10,20,50028,1,1,0.9303627014160156,1
D4_disentangled_medium,1,10,27,50036,2,0,0.06798750907182693,0
D4_disentangled_medium,1,10,36,50045,2,0,0.8967008590698242,1
D4_disentangled_medium,1,10,38,50047,2,0,0.1675492525100708,0
D4_disentangled_medium,1,10,55,50107,2,0,0.06773536652326584,0
D4_disentangled_medium,1,10,63,50117,2,0,0.0671120285987854,0
D4_disentangled_medium,1,10,66,50121,1,1,0.9309385418891907,1
D4_disentangled_medium,1,10,72,50129,1,1,0.9305042028427124,1
D4_disentangled_medium,1,10,85,50149,1,1,0.9307893514633179,1
D4_disentangled_medium,1,10,98,50167,2,0,0.07012300938367844,0
D4_disentangled_medium,1,10,108,50188,1,1,0.07116498798131943,0
D4_disentangled_medium,1,10,113,50195,2,0,0.06824610382318497,0
D4_disentangled_medium,1,10,114,50196,2,0,0.09970483928918839,0
D4_disentangled_medium,1,10,126,50213,2,0,0.0704556256532669,0
D4_disentangled_medium,1,10,132,50234,1,1,0.9230181574821472,1
D4_disentangled_medium,1,10,141,50248,1,1,0.9310226440429688,1
D4_disentangled_medium,1,10,145,50252,1,1,0.6601834297180176,1
D4_disentangled_medium,1,10,152,50261,2,0,0.9125198721885681,1
D4_disentangled_medium,1,10,156,50265,2,0,0.0671793520450592,0
D4_disentangled_medium,1,10,163,50272,1,1,0.9291335940361023,1
D4_disentangled_medium,1,10,176,50292,1,1,0.9299460649490356,1
D4_disentangled_medium,1,10,190,50315,1,1,0.9302083849906921,1
D4_disentangled_medium,1,10,200,50331,2,0,0.14159297943115234,0
D4_disentangled_medium,1,10,225,50356,2,0,0.0706520676612854,0
D4_disentangled_medium,1,10,235,50366,2,0,0.06709229201078415,0
D4_disentangled_medium,1,10,240,50372,2,0,0.0685788094997406,0
D4_disentangled_medium,1,10,246,50379,2,0,0.06857097893953323,0
D4_disentangled_medium,1,10,265,50408,1,1,0.07524309307336807,0
D4_disentangled_medium,1,10,275,50419,2,0,0.07327806949615479,0
D4_disentangled_medium,1,10,279,50425,2,0,0.06748960167169571,0
D4_disentangled_medium,1,10,285,50435,2,0,0.06840408593416214,0
D4_disentangled_medium,1,10,308,50480,1,1,0.93077552318573,1
D4_disentangled_medium,1,10,315,50488,1,1,0.9302106499671936,1
D4_disentangled_medium,1,10,319,50493,1,1,0.9284407496452332,1
D4_disentangled_medium,1,10,348,50531,1,1,0.9276930689811707,1
D4_disentangled_medium,1,10,361,50571,2,0,0.34485697746276855,0
D4_disentangled_medium,1,10,376,50612,1,1,0.23345515131950378,0
D4_disentangled_medium,1,10,388,50626,1,1,0.9308820366859436,1
D4_disentangled_medium,1,10,393,50647,1,1,0.9290545582771301,1
D4_disentangled_medium,1,10,397,50656,2,0,0.3498450815677643,0
D4_disentangled_medium,1,10,405,50686,1,1,0.9308826923370361,1
D4_disentangled_medium,1,10,414,50695,1,1,0.2670232653617859,0
D4_disentangled_medium,1,10,448,50745,1,1,0.9299256205558777,1
D4_disentangled_medium,1,10,461,50775,2,0,0.06761464476585388,0
D4_disentangled_medium,1,10,464,50778,2,0,0.06701844185590744,0
D4_disentangled_medium,1,10,466,50781,2,0,0.2790829539299011,0
D4_disentangled_medium,1,10,476,50799,1,1,0.9309338927268982,1
D4_disentangled_medium,1,10,478,50801,1,1,0.921981692314148,1
D4_disentangled_medium,1,10,486,50820,2,0,0.07207976281642914,0
D4_disentangled_medium,1,10,489,50823,1,1,0.9298895597457886,1
D4_disentangled_medium,1,10,490,50824,1,1,0.8432454466819763,1
D4_disentangled_medium,1,10,519,50985,1,1,0.9299396872520447,1
D4_disentangled_medium,1,10,568,51040,2,0,0.07065626233816147,0
D4_disentangled_medium,1,10,570,51042,2,0,0.07188384234905243,0
D4_disentangled_medium,1,10,579,51052,2,0,0.06948352605104446,0
D4_disentangled_medium,1,10,586,51059,2,0,0.07327209413051605,0
D4_disentangled_medium,1,10,589,51062,2,0,0.07031752914190292,0
D4_disentangled_medium,1,10,606,51080,2,0,0.9309338927268982,1
D4_disentangled_medium,1,10,609,51083,2,0,0.9310176372528076,1
D4_disentangled_medium,1,10,611,51085,2,0,0.9301873445510864,1
D4_disentangled_medium,1,10,652,51133,2,0,0.2644576132297516,0
D4_disentangled_medium,1,10,665,51149,2,0,0.07096318155527115,0
D4_disentangled_medium,1,10,677,51164,1,1,0.9306607246398926,1
D4_disentangled_medium,1,10,688,51182,2,0,0.06711374223232269,0
D4_disentangled_medium,1,10,700,51202,1,1,0.9284233450889587,1
D4_disentangled_medium,1,10,705,51207,1,1,0.9296574592590332,1
D4_disentangled_medium,1,10,721,51225,1,1,0.3923037350177765,0
D4_disentangled_medium,1,10,740,51254,2,0,0.06875927746295929,0
D4_disentangled_medium,1,10,748,51265,2,0,0.07542692869901657,0
D4_disentangled_medium,1,10,749,51266,2,0,0.3962731659412384,0
D4_disentangled_medium,1,10,756,51275,2,0,0.07320233434438705,0
D4_disentangled_medium,1,10,766,51294,1,1,0.9156055450439453,1
D4_disentangled_medium,1,10,768,51297,1,1,0.9310271143913269,1
D4_disentangled_medium,1,10,772,51301,1,1,0.3273349702358246,0
D4_disentangled_medium,1,10,779,51308,2,0,0.07695094496011734,0
D4_disentangled_medium,1,10,780,51309,2,0,0.9307941198348999,1
D4_disentangled_medium,1,10,782,51313,2,0,0.07375314831733704,0
D4_disentangled_medium,1,10,800,51335,2,0,0.07368267327547073,0
D4_disentangled_medium,1,10,834,51479,2,0,0.06877818703651428,0
D4_disentangled_medium,1,10,850,51564,2,0,0.06824462115764618,0
D4_disentangled_medium,1,10,853,51567,2,0,0.06714291870594025,0
D4_disentangled_medium,1,10,865,51582,1,1,0.9309461712837219,1
D4_disentangled_medium,1,10,868,51585,1,1,0.9309921860694885,1
D4_disentangled_medium,2,1,0,50003,1,1,0.8956522345542908,1
D4_disentangled_medium,2,1,7,50011,1,1,0.9131839275360107,1
D4_disentangled_medium,2,1,35,50044,2,0,0.08596373349428177,0
D4_disentangled_medium,2,1,39,50048,2,0,0.9007193446159363,1
D4_disentangled_medium,2,1,45,50054,2,0,0.9141732454299927,1
D4_disentangled_medium,2,1,48,50059,2,0,0.8860095143318176,1
D4_disentangled_medium,2,1,53,50105,2,0,0.5650664567947388,1
D4_disentangled_medium,2,1,55,50107,2,0,0.4533744752407074,0
D4_disentangled_medium,2,1,72,50129,1,1,0.9141257405281067,1
D4_disentangled_medium,2,1,73,50130,1,1,0.914264976978302,1
D4_disentangled_medium,2,1,78,50142,1,1,0.9144903421401978,1
D4_disentangled_medium,2,1,81,50145,1,1,0.7510176301002502,1
D4_disentangled_medium,2,1,86,50150,1,1,0.2234516143798828,0
D4_disentangled_medium,2,1,95,50162,2,0,0.08918800950050354,0
D4_disentangled_medium,2,1,127,50214,2,0,0.09283175319433212,0
D4_disentangled_medium,2,1,138,50243,1,1,0.9118531942367554,1
D4_disentangled_medium,2,1,144,50251,1,1,0.8816861510276794,1
D4_disentangled_medium,2,1,149,50257,2,0,0.08867081999778748,0
D4_disentangled_medium,2,1,176,50292,1,1,0.9142299294471741,1
D4_disentangled_medium,2,1,182,50300,1,1,0.1804705560207367,0
D4_disentangled_medium,2,1,192,50319,1,1,0.9145161509513855,1
D4_disentangled_medium,2,1,193,50320,1,1,0.914293110370636,1
D4_disentangled_medium,2,1,204,50335,2,0,0.08613122254610062,0
D4_disentangled_medium,2,1,205,50336,2,0,0.7398506999015808,1
D4_disentangled_medium,2,1,231,50362,2,0,0.08629216253757477,0
D4_disentangled_medium,2,1,234,50365,2,0,0.0874534547328949,0
D4_disentangled_medium,2,1,242,50374,2,0,0.31992438435554504,0
D4_disentangled_medium,2,1,247,50380,2,0,0.5251626372337341,1
D4_disentangled_medium,2,1,248,50381,2,0,0.10426712036132812,0
D4_disentangled_medium,2,1,253,50387,2,0,0.09128767997026443,0
D4_disentangled_medium,2,1,259,50402,1,1,0.19332361221313477,0
D4_disentangled_medium,2,1,285,50435,2,0,0.13719435036182404,0
D4_disentangled_medium,2,1,286,50436,2,0,0.8975092768669128,1
D4_disentangled_medium,2,1,295,50445,2,0,0.08719535171985626,0
D4_disentangled_medium,2,1,300,50453,2,0,0.9103516936302185,1
D4_disentangled_medium,2,1,307,50477,1,1,0.9137194156646729,1
D4_disentangled_medium,2,1,329,50504,1,1,0.9131081104278564,1
D4_disentangled_medium,2,1,345,50528,1,1,0.9135308861732483,1
D4_disentangled_medium,2,1,348,50531,1,1,0.9125922918319702,1
D4_disentangled_medium,2,1,357,50565,2,0,0.5810874104499817,1
D4_disentangled_medium,2,1,359,50569,2,0,0.6231398582458496,1
D4_disentangled_medium,2,1,360,50570,2,0,0.0865170955657959,0
D4_disentangled_medium,2,1,369,50601,1,1,0.4957852363586426,0
D4_disentangled_medium,2,1,374,50607,1,1,0.08604644984006882,0
D4_disentangled_medium,2,1,385,50623,1,1,0.9062411189079285,1
D4_disentangled_medium,2,1,405,50686,1,1,0.9135567545890808,1
D4_disentangled_medium,2,1,411,50692,2,0,0.08593209087848663,0
D4_disentangled_medium,2,1,412,50693,1,1,0.24091503024101257,0
D4_disentangled_medium,2,1,425,50706,2,0,0.15928590297698975,0
D4_disentangled_medium,2,1,432,50724,2,0,0.08590018004179001,0
D4_disentangled_medium,2,1,466,50781,2,0,0.9070866107940674,1
D4_disentangled_medium,2,1,468,50783,2,0,0.08600153774023056,0
D4_disentangled_medium,2,1,471,50791,1,1,0.9111195802688599,1
D4_disentangled_medium,2,1,484,50817,2,0,0.08597053587436676,0
D4_disentangled_medium,2,1,495,50957,1,1,0.9134593605995178,1
D4_disentangled_medium,2,1,505,50968,1,1,0.9133702516555786,1
D4_disentangled_medium,2,1,506,50969,1,1,0.9143937826156616,1
D4_disentangled_medium,2,1,513,50978,1,1,0.9137221574783325,1
D4_disentangled_medium,2,1,526,50992,1,1,0.8964021801948547,1
D4_disentangled_medium,2,1,532,50999,1,1,0.9137159585952759,1
D4_disentangled_medium,2,1,555,51025,1,1,0.9145285487174988,1
D4_disentangled_medium,2,1,556,51026,1,1,0.9134753942489624,1
D4_disentangled_medium,2,1,566,51038,2,0,0.09275775402784348,0
D4_disentangled_medium,2,1,575,51048,2,0,0.09802757203578949,0
D4_disentangled_medium,2,1,585,51058,2,0,0.09000798314809799,0
D4_disentangled_medium,2,1,596,51069,2,0,0.08765140175819397,0
D4_disentangled_medium,2,1,603,51077,2,0,0.36360788345336914,0
D4_disentangled_medium,2,1,612,51086,2,0,0.08605923503637314,0
D4_disentangled_medium,2,1,653,51134,2,0,0.0883856937289238,0
D4_disentangled_medium,2,1,684,51178,1,1,0.914272129535675,1
D4_disentangled_medium,2,1,686,51180,2,0,0.26075831055641174,0
D4_disentangled_medium,2,1,687,51181,2,0,0.6699516177177429,1
D4_disentangled_medium,2,1,695,51192,2,0,0.08605412393808365,0
D4_disentangled_medium,2,1,710,51214,1,1,0.9137356877326965,1
D4_disentangled_medium,2,1,716,51220,1,1,0.9135087132453918,1
D4_disentangled_medium,2,1,721,51225,1,1,0.906690239906311,1
D4_disentangled_medium,2,1,749,51266,2,0,0.9145376086235046,1
D4_disentangled_medium,2,1,750,51267,2,0,0.09199163317680359,0
D4_disentangled_medium,2,1,771,51300,1,1,0.9135414361953735,1
D4_disentangled_medium,2,1,792,51327,1,1,0.9108847379684448,1
D4_disentangled_medium,2,1,793,51328,1,1,0.9130105972290039,1
D4_disentangled_medium,2,1,806,51342,2,0,0.0900496393442154,0
D4_disentangled_medium,2,1,808,51344,2,0,0.17191234230995178,0
D4_disentangled_medium,2,1,816,51356,2,0,0.9144250154495239,1
D4_disentangled_medium,2,1,823,51364,2,0,0.4051171541213989,0
D4_disentangled_medium,2,1,837,51482,2,0,0.09217704087495804,0
D4_disentangled_medium,2,1,867,51584,1,1,0.9134246706962585,1
D4_disentangled_medium,2,1,869,51606,1,1,0.11367058008909225,0
D4_disentangled_medium,2,2,2,50005,1,1,0.9248819351196289,1
D4_disentangled_medium,2,2,6,50010,1,1,0.9243513941764832,1
D4_disentangled_medium,2,2,10,50014,1,1,0.9236539006233215,1
D4_disentangled_medium,2,2,24,50033,2,0,0.06732230633497238,0
D4_disentangled_medium,2,2,30,50039,2,0,0.9027661085128784,1
D4_disentangled_medium,2,2,67,50123,1,1,0.9241291880607605,1
D4_disentangled_medium,2,2,76,50134,1,1,0.9255520701408386,1
D4_disentangled_medium,2,2,79,50143,1,1,0.9203127026557922,1
D4_disentangled_medium,2,2,92,50159,2,0,0.9247093200683594,1
D4_disentangled_medium,2,2,98,50167,2,0,0.0691985934972763,0
D4_disentangled_medium,2,2,101,50170,2,0,0.06680802255868912,0
D4_disentangled_medium,2,2,115,50198,2,0,0.06618350744247437,0
D4_disentangled_medium,2,2,129,50217,2,0,0.06574004143476486,0
D4_disentangled_medium,2,2,140,50247,1,1,0.9250474572181702,1
D4_disentangled_medium,2,2,153,50262,2,0,0.06467700004577637,0
D4_disentangled_medium,2,2,155,50264,2,0,0.06550788879394531,0
D4_disentangled_medium,2,2,164,50273,1,1,0.9203404784202576,1
D4_disentangled_medium,2,2,169,50282,1,1,0.9039763808250427,1
D4_disentangled_medium,2,2,180,50297,1,1,0.14475391805171967,0
D4_disentangled_medium,2,2,187,50310,1,1,0.925844669342041,1
D4_disentangled_medium,2,2,202,50333,2,0,0.06686416268348694,0
D4_disentangled_medium,2,2,212,50343,2,0,0.2732059955596924,0
D4_disentangled_medium,2,2,217,50348,2,0,0.0648343488574028,0
D4_disentangled_medium,2,2,228,50359,2,0,0.06677422672510147,0
D4_disentangled_medium,2,2,246,50379,2,0,0.06604903191328049,0
D4_disentangled_medium,2,2,251,50385,2,0,0.9246283173561096,1
D4_disentangled_medium,2,2,277,50422,2,0,0.9228663444519043,1
D4_disentangled_medium,2,2,280,50426,2,0,0.0647866353392601,0
D4_disentangled_medium,2,2,281,50427,2,0,0.0669340044260025,0
D4_disentangled_medium,2,2,288,50438,2,0,0.06697037070989609,0
D4_disentangled_medium,2,2,293,50443,2,0,0.3711521327495575,0
D4_disentangled_medium,2,2,326,50501,1,1,0.9245381355285645,1
D4_disentangled_medium,2,2,336,50518,1,1,0.9253144264221191,1
D4_disentangled_medium,2,2,340,50523,1,1,0.9252663254737854,1
D4_disentangled_medium,2,2,352,50555,2,0,0.06511854380369186,0
D4_disentangled_medium,2,2,354,50558,2,0,0.06467276811599731,0
D4_disentangled_medium,2,2,373,50606,1,1,0.9238365888595581,1
D4_disentangled_medium,2,2,392,50644,1,1,0.8366699814796448,1
D4_disentangled_medium,2,2,396,50654,1,1,0.11162082105875015,0
D4_disentangled_medium,2,2,403,50683,2,0,0.06663748621940613,0
D4_disentangled_medium,2,2,404,50685,2,0,0.09070360660552979,0
D4_disentangled_medium,2,2,417,50698,2,0,0.06689111888408661,0
D4_disentangled_medium,2,2,422,50703,2,0,0.08213581889867783,0
D4_disentangled_medium,2,2,437,50731,2,0,0.06655067205429077,0
D4_disentangled_medium,2,2,450,50749,1,1,0.9233907461166382,1
D4_disentangled_medium,2,2,460,50774,2,0,0.06648626923561096,0
D4_disentangled_medium,2,2,462,50776,2,0,0.06473588198423386,0
D4_disentangled_medium,2,2,474,50797,1,1,0.879393458366394,1
D4_disentangled_medium,2,2,508,50972,1,1,0.9260596632957458,1
D4_disentangled_medium,2,2,514,50979,1,1,0.6294445991516113,1
D4_disentangled_medium,2,2,537,51006,1,1,0.9252579212188721,1
D4_disentangled_medium,2,2,538,51007,1,1,0.9260215759277344,1
D4_disentangled_medium,2,2,550,51019,1,1,0.924623429775238,1
D4_disentangled_medium,2,2,554,51024,1,1,0.9250863194465637,1
D4_disentangled_medium,2,2,571,51044,2,0,0.06954868137836456,0
D4_disentangled_medium,2,2,579,51052,2,0,0.0665106326341629,0
D4_disentangled_medium,2,2,583,51056,2,0,0.0686245784163475,0
D4_disentangled_medium,2,2,590,51063,2,0,0.06861495226621628,0
D4_disentangled_medium,2,2,599,51073,2,0,0.06733047962188721,0
D4_disentangled_medium,2,2,622,51097,2,0,0.07051220536231995,0
D4_disentangled_medium,2,2,628,51103,2,0,0.06518822908401489,0
D4_disentangled_medium,2,2,638,51114,2,0,0.26053059101104736,0
D4_disentangled_medium,2,2,661,51142,2,0,0.06469331681728363,0
D4_disentangled_medium,2,2,672,51156,2,0,0.06803891807794571,0
D4_disentangled_medium,2,2,677,51164,1,1,0.9247087240219116,1
D4_disentangled_medium,2,2,689,51183,2,0,0.15103678405284882,0
D4_disentangled_medium,2,2,705,51207,1,1,0.9214915037155151,1
D4_disentangled_medium,2,2,706,51208,1,1,0.4255847632884979,0
D4_disentangled_medium,2,2,709,51212,1,1,0.918850839138031,1
D4_disentangled_medium,2,2,720,51224,1,1,0.9234278798103333,1
D4_disentangled_medium,2,2,723,51228,1,1,0.9259393811225891,1
D4_disentangled_medium,2,2,728,51235,1,1,0.9252716302871704,1
D4_disentangled_medium,2,2,735,51249,1,1,0.9208322167396545,1
D4_disentangled_medium,2,2,737,51251,2,0,0.4039906859397888,0
D4_disentangled_medium,2,2,741,51255,2,0,0.06486748158931732,0
D4_disentangled_medium,2,2,767,51295,1,1,0.9259545207023621,1
D4_disentangled_medium,2,2,769,51298,1,1,0.9260995388031006,1
D4_disentangled_medium,2,2,770,51299,1,1,0.9255346059799194,1
D4_disentangled_medium,2,2,791,51326,1,1,0.7927041053771973,1
D4_disentangled_medium,2,2,795,51330,1,1,0.9248328804969788,1
D4_disentangled_medium,2,2,805,51341,2,0,0.3522709906101227,0
D4_disentangled_medium,2,2,838,51484,2,0,0.06653229892253876,0
D4_disentangled_medium,2,2,853,51567,2,0,0.06472094357013702,0
D4_disentangled_medium,2,2,856,51570,2,0,0.15713226795196533,0
D4_disentangled_medium,2,2,858,51573,1,1,0.6717594265937805,1
D4_disentangled_medium,2,2,865,51582,1,1,0.9255510568618774,1
D4_disentangled_medium,2,2,868,51585,1,1,0.9245318174362183,1
D4_disentangled_medium,2,3,1,50004,1,1,0.8472153544425964,1
D4_disentangled_medium,2,3,4,50007,1,1,0.327511727809906,0
D4_disentangled_medium,2,3,25,50034,2,0,0.08691100776195526,0
D4_disentangled_medium,2,3,34,50043,2,0,0.0855279192328453,0
D4_disentangled_medium,2,3,62,50116,2,0,0.21640127897262573,0
D4_disentangled_medium,2,3,108,50188,1,1,0.08891467750072479,0
D4_disentangled_medium,2,3,117,50200,2,0,0.08888784795999527,0
D4_disentangled_medium,2,3,125,50210,2,0,0.08892606198787689,0
D4_disentangled_medium,2,3,141,50248,1,1,0.847312331199646,1
D4_disentangled_medium,2,3,152,50261,2,0,0.8020243644714355,1
D4_disentangled_medium,2,3,162,50271,2,0,0.087315633893013,0
D4_disentangled_medium,2,3,163,50272,1,1,0.8465765118598938,1
D4_disentangled_medium,2,3,177,50293,1,1,0.6709182858467102,1
D4_disentangled_medium,2,3,178,50294,1,1,0.8474909663200378,1
D4_disentangled_medium,2,3,200,50331,2,0,0.08566508442163467,0
D4_disentangled_medium,2,3,209,50340,2,0,0.08871430158615112,0
D4_disentangled_medium,2,3,218,50349,2,0,0.0901433601975441,0
D4_disentangled_medium,2,3,229,50360,2,0,0.08628763258457184,0
D4_disentangled_medium,2,3,243,50375,2,0,0.08902639895677567,0
D4_disentangled_medium,2,3,244,50376,2,0,0.34512850642204285,0
D4_disentangled_medium,2,3,265,50408,1,1,0.08944427222013474,0
D4_disentangled_medium,2,3,274,50418,2,0,0.08569194376468658,0
D4_disentangled_medium,2,3,283,50433,2,0,0.08894989639520645,0
D4_disentangled_medium,2,3,302,50466,2,0,0.0859321728348732,0
D4_disentangled_medium,2,3,311,50483,1,1,0.7880138158798218,1
D4_disentangled_medium,2,3,313,50486,1,1,0.8471206426620483,1
D4_disentangled_medium,2,3,321,50496,1,1,0.8242102265357971,1
D4_disentangled_medium,2,3,322,50497,1,1,0.8393475413322449,1
D4_disentangled_medium,2,3,341,50524,1,1,0.842190146446228,1
D4_disentangled_medium,2,3,342,50525,1,1,0.8406076431274414,1
D4_disentangled_medium,2,3,355,50561,2,0,0.08800774067640305,0
D4_disentangled_medium,2,3,368,50578,2,0,0.8460296988487244,1
D4_disentangled_medium,2,3,370,50602,1,1,0.8473729491233826,1
D4_disentangled_medium,2,3,375,50608,1,1,0.6126115918159485,1
D4_disentangled_medium,2,3,378,50614,1,1,0.8394951820373535,1
D4_disentangled_medium,2,3,379,50615,1,1,0.8427574634552002,1
D4_disentangled_medium,2,3,390,50628,1,1,0.8393764495849609,1
D4_disentangled_medium,2,3,395,50649,1,1,0.08731042593717575,0
D4_disentangled_medium,2,3,399,50664,2,0,0.08571389317512512,0
D4_disentangled_medium,2,3,402,50682,2,0,0.08611278235912323,0
D4_disentangled_medium,2,3,421,50702,1,1,0.7839171290397644,1
D4_disentangled_medium,2,3,429,50711,1,1,0.18172413110733032,0
D4_disentangled_medium,2,3,431,50723,2,0,0.08618909120559692,0
D4_disentangled_medium,2,3,439,50735,2,0,0.08724062144756317,0
D4_disentangled_medium,2,3,440,50737,2,0,0.08576061576604843,0
D4_disentangled_medium,2,3,445,50742,2,0,0.08572740107774734,0
D4_disentangled_medium,2,3,451,50750,1,1,0.790281355381012,1
D4_disentangled_medium,2,3,454,50754,1,1,0.8447336554527283,1
D4_disentangled_medium,2,3,455,50755,1,1,0.8468237519264221,1
D4_disentangled_medium,2,3,477,50800,1,1,0.8439964056015015,1
D4_disentangled_medium,2,3,480,50807,1,1,0.8460040092468262,1
D4_disentangled_medium,2,3,497,50959,1,1,0.22852928936481476,0
D4_disentangled_medium,2,3,516,50982,1,1,0.08879121392965317,0
D4_disentangled_medium,2,3,525,50991,1,1,0.08942395448684692,0
D4_disentangled_medium,2,3,548,51017,1,1,0.5576120018959045,1
D4_disentangled_medium,2,3,552,51021,1,1,0.8439581990242004,1
D4_disentangled_medium,2,3,587,51060,2,0,0.750800609588623,1
D4_disentangled_medium,2,3,597,51070,2,0,0.08541750907897949,0
D4_disentangled_medium,2,3,614,51088,2,0,0.08904986083507538,0
D4_disentangled_medium,2,3,621,51096,2,0,0.09021583944559097,0
D4_disentangled_medium,2,3,631,51106,2,0,0.08964627981185913,0
D4_disentangled_medium,2,3,640,51117,2,0,0.18489742279052734,0
D4_disentangled_medium,2,3,644,51124,2,0,0.0867689698934555,0
D4_disentangled_medium,2,3,650,51131,2,0,0.09022945910692215,0
D4_disentangled_medium,2,3,655,51136,2,0,0.23092418909072876,0
D4_disentangled_medium,2,3,657,51138,2,0,0.0889303907752037,0
D4_disentangled_medium,2,3,663,51147,2,0,0.08669738471508026,0
D4_disentangled_medium,2,3,669,51153,2,0,0.08781026303768158,0
D4_disentangled_medium,2,3,671,51155,2,0,0.08891449123620987,0
D4_disentangled_medium,2,3,691,51185,2,0,0.4677102565765381,0
D4_disentangled_medium,2,3,693,51188,2,0,0.0901869609951973,0
D4_disentangled_medium,2,3,703,51205,1,1,0.8463953137397766,1
D4_disentangled_medium,2,3,711,51215,1,1,0.12858107686042786,0
D4_disentangled_medium,2,3,724,51229,1,1,0.8424838185310364,1
D4_disentangled_medium,2,3,725,51230,1,1,0.8474156260490417,1
D4_disentangled_medium,2,3,754,51272,2,0,0.08620143681764603,0
D4_disentangled_medium,2,3,757,51276,2,0,0.08893034607172012,0
D4_disentangled_medium,2,3,762,51281,2,0,0.09021115303039551,0
D4_disentangled_medium,2,3,772,51301,1,1,0.6893395185470581,1
D4_disentangled_medium,2,3,783,51315,2,0,0.10466016829013824,0
D4_disentangled_medium,2,3,787,51321,1,1,0.6197099089622498,1
D4_disentangled_medium,2,3,813,51350,1,1,0.8385864496231079,1
D4_disentangled_medium,2,3,818,51359,2,0,0.8473502993583679,1
D4_disentangled_medium,2,3,821,51362,2,0,0.086893230676651,0
D4_disentangled_medium,2,3,829,51463,1,1,0.8421988487243652,1
D4_disentangled_medium,2,3,836,51481,2,0,0.08573786169290543,0
D4_disentangled_medium,2,3,861,51577,1,1,0.8457762002944946,1
D4_disentangled_medium,2,4,5,50008,1,1,0.9079647660255432,1
D4_disentangled_medium,2,4,17,50025,1,1,0.9080487489700317,1
D4_disentangled_medium,2,4,23,50032,2,0,0.1285487413406372,0
D4_disentangled_medium,2,4,26,50035,2,0,0.14113472402095795,0
D4_disentangled_medium,2,4,28,50037,2,0,0.8939725160598755,1
D4_disentangled_medium,2,4,51,50103,2,0,0.9056650996208191,1
D4_disentangled_medium,2,4,52,50104,2,0,0.12830378115177155,0
D4_disentangled_medium,2,4,56,50109,2,0,0.3578413724899292,0
D4_disentangled_medium,2,4,58,50112,2,0,0.5514345765113831,1
D4_disentangled_medium,2,4,88,50153,1,1,0.908050537109375,1
D4_disentangled_medium,2,4,90,50157,2,0,0.2441214919090271,0
D4_disentangled_medium,2,4,100,50169,2,0,0.12446648627519608,0
D4_disentangled_medium,2,4,120,50203,2,0,0.13372835516929626,0
D4_disentangled_medium,2,4,131,50233,1,1,0.9066138863563538,1
D4_disentangled_medium,2,4,136,50240,1,1,0.9079486131668091,1
D4_disentangled_medium,2,4,161,50270,2,0,0.3568941056728363,0
D4_disentangled_medium,2,4,165,50274,1,1,0.9072057604789734,1
D4_disentangled_medium,2,4,172,50287,1,1,0.8885678052902222,1
D4_disentangled_medium,2,4,181,50298,1,1,0.9078789353370667,1
D4_disentangled_medium,2,4,191,50318,1,1,0.8205206990242004,1
D4_disentangled_medium,2,4,211,50342,2,0,0.5597843527793884,1
D4_disentangled_medium,2,4,213,50344,2,0,0.1324198693037033,0
D4_disentangled_medium,2,4,214,50345,2,0,0.12419874966144562,0
D4_disentangled_medium,2,4,225,50356,2,0,0.13277655839920044,0
D4_disentangled_medium,2,4,254,50388,2,0,0.16043642163276672,0
D4_disentangled_medium,2,4,271,50415,2,0,0.23171591758728027,0
D4_disentangled_medium,2,4,306,50470,2,0,0.8961043357849121,1
D4_disentangled_medium,2,4,312,50485,1,1,0.1257561594247818,0
D4_disentangled_medium,2,4,314,50487,1,1,0.9079070687294006,1
D4_disentangled_medium,2,4,315,50488,1,1,0.907952606678009,1
D4_disentangled_medium,2,4,316,50490,1,1,0.9078166484832764,1
D4_disentangled_medium,2,4,334,50515,1,1,0.9070252180099487,1
D4_disentangled_medium,2,4,335,50516,1,1,0.9008282423019409,1
D4_disentangled_medium,2,4,356,50563,2,0,0.12423878908157349,0
D4_disentangled_medium,2,4,383,50621,1,1,0.9080120921134949,1
D4_disentangled_medium,2,4,388,50626,1,1,0.9069864749908447,1
D4_disentangled_medium,2,4,401,50669,2,0,0.907001256942749,1
D4_disentangled_medium,2,4,416,50697,1,1,0.9070388674736023,1
D4_disentangled_medium,2,4,424,50705,1,1,0.9052982926368713,1
D4_disentangled_medium,2,4,442,50739,2,0,0.8794578909873962,1
D4_disentangled_medium,2,4,448,50745,1,1,0.907943069934845,1
D4_disentangled_medium,2,4,452,50751,1,1,0.9079661965370178,1
D4_disentangled_medium,2,4,453,50752,1,1,0.9050314426422119,1
D4_disentangled_medium,2,4,457,50757,1,1,0.9021562933921814,1
D4_disentangled_medium,2,4,458,50772,2,0,0.9069487452507019,1
D4_disentangled_medium,2,4,464,50778,2,0,0.35317540168762207,0
D4_disentangled_medium,2,4,473,50796,1,1,0.9080487489700317,1
D4_disentangled_medium,2,4,476,50799,1,1,0.9065650105476379,1
D4_disentangled_medium,2,4,483,50816,2,0,0.1328686773777008,0
D4_disentangled_medium,2,4,515,50981,1,1,0.9071967601776123,1
D4_disentangled_medium,2,4,522,50988,1,1,0.9069857597351074,1
D4_disentangled_medium,2,4,545,51014,1,1,0.9060999155044556,1
D4_disentangled_medium,2,4,561,51032,1,1,0.9079062342643738,1
D4_disentangled_medium,2,4,572,51045,2,0,0.12744346261024475,0
D4_disentangled_medium,2,4,580,51053,2,0,0.13114747405052185,0
D4_disentangled_medium,2,4,581,51054,2,0,0.12395685166120529,0
D4_disentangled_medium,2,4,606,51080,2,0,0.9036087989807129,1
D4_disentangled_medium,2,4,607,51081,2,0,0.12713970243930817,0
D4_disentangled_medium,2,4,609,51083,2,0,0.9076239466667175,1
D4_disentangled_medium,2,4,630,51105,2,0,0.42240357398986816,0
D4_disentangled_medium,2,4,637,51113,2,0,0.1278393566608429,0
D4_disentangled_medium,2,4,646,51127,2,0,0.9071409106254578,1
D4_disentangled_medium,2,4,647,51128,2,0,0.26061558723449707,0
D4_disentangled_medium,2,4,652,51133,2,0,0.9008055329322815,1
D4_disentangled_medium,2,4,658,51139,2,0,0.13283352553844452,0
D4_disentangled_medium,2,4,659,51140,2,0,0.12431985884904861,0
D4_disentangled_medium,2,4,664,51148,2,0,0.13057678937911987,0
D4_disentangled_medium,2,4,674,51161,1,1,0.9078139662742615,1
D4_disentangled_medium,2,4,675,51162,1,1,0.9071221947669983,1
D4_disentangled_medium,2,4,681,51171,1,1,0.9080367684364319,1
D4_disentangled_medium,2,4,682,51173,1,1,0.9073917269706726,1
D4_disentangled_medium,2,4,697,51197,2,0,0.7348719835281372,1
D4_disentangled_medium,2,4,704,51206,1,1,0.9070304036140442,1
D4_disentangled_medium,2,4,714,51218,1,1,0.9056139588356018,1
D4_disentangled_medium,2,4,718,51222,1,1,0.1700183004140854,0
D4_disentangled_medium,2,4,733,51241,1,1,0.9080727696418762,1
D4_disentangled_medium,2,4,759,51278,2,0,0.8940995931625366,1
D4_disentangled_medium,2,4,766,51294,1,1,0.9078617095947266,1
D4_disentangled_medium,2,4,775,51304,2,0,0.2614995241165161,0
D4_disentangled_medium,2,4,776,51305,2,0,0.12385499477386475,0
D4_disentangled_medium,2,4,799,51334,2,0,0.18133381009101868,0
D4_disentangled_medium,2,4,804,51340,2,0,0.13029775023460388,0
D4_disentangled_medium,2,4,811,51347,2,0,0.12430690228939056,0
D4_disentangled_medium,2,4,830,51464,1,1,0.9067744016647339,1
D4_disentangled_medium,2,4,835,51480,2,0,0.1311078518629074,0
D4_disentangled_medium,2,4,855,51569,2,0,0.16485174000263214,0
D4_disentangled_medium,2,4,862,51578,1,1,0.9061151742935181,1
D4_disentangled_medium,2,5,3,50006,1,1,0.8306843638420105,1
D4_disentangled_medium,2,5,8,50012,1,1,0.7848101258277893,1
D4_disentangled_medium,2,5,12,50016,1,1,0.8268729448318481,1
D4_disentangled_medium,2,5,14,50022,1,1,0.10658889263868332,0
D4_disentangled_medium,2,5,19,50027,1,1,0.1041017696261406,0
D4_disentangled_medium,2,5,21,50030,2,0,0.105026014149189,0
D4_disentangled_medium,2,5,29,50038,2,0,0.10801075398921967,0
D4_disentangled_medium,2,5,31,50040,2,0,0.11375237256288528,0
D4_disentangled_medium,2,5,63,50117,2,0,0.1491280496120453,0
D4_disentangled_medium,2,5,80,50144,1,1,0.8306765556335449,1
D4_disentangled_medium,2,5,82,50146,1,1,0.1035248190164566,0
D4_disentangled_medium,2,5,103,50182,1,1,0.6534144282341003,1
D4_disentangled_medium,2,5,113,50195,2,0,0.10851770639419556,0
D4_disentangled_medium,2,5,119,50202,2,0,0.12447874248027802,0
D4_disentangled_medium,2,5,126,50213,2,0,0.10361697524785995,0
D4_disentangled_medium,2,5,135,50239,1,1,0.10457421839237213,0
D4_disentangled_medium,2,5,142,50249,1,1,0.8333418369293213,1
D4_disentangled_medium,2,5,156,50265,2,0,0.10498958826065063,0
D4_disentangled_medium,2,5,157,50266,2,0,0.1031971126794815,0
D4_disentangled_medium,2,5,170,50284,1,1,0.6248964071273804,1
D4_disentangled_medium,2,5,173,50289,1,1,0.577592134475708,1
D4_disentangled_medium,2,5,175,50291,1,1,0.4390465021133423,0
D4_disentangled_medium,2,5,186,50308,1,1,0.7447354197502136,1
D4_disentangled_medium,2,5,195,50324,1,1,0.6150839328765869,1
D4_disentangled_medium,2,5,197,50327,2,0,0.10709049552679062,0
D4_disentangled_medium,2,5,198,50329,2,0,0.10432859510183334,0
D4_disentangled_medium,2,5,199,50330,2,0,0.103525809943676,0
D4_disentangled_medium,2,5,206,50337,2,0,0.1459849327802658,0
D4_disentangled_medium,2,5,222,50353,2,0,0.10547896474599838,0
D4_disentangled_medium,2,5,236,50367,2,0,0.10589111596345901,0
D4_disentangled_medium,2,5,240,50372,2,0,0.10709026455879211,0
D4_disentangled_medium,2,5,264,50407,1,1,0.8284498453140259,1
D4_disentangled_medium,2,5,267,50411,1,1,0.8326054215431213,1
D4_disentangled_medium,2,5,272,50416,2,0,0.10588129609823227,0
D4_disentangled_medium,2,5,275,50419,2,0,0.10330479592084885,0
D4_disentangled_medium,2,5,279,50425,2,0,0.20836924016475677,0
D4_disentangled_medium,2,5,292,50442,2,0,0.1102868914604187,0
D4_disentangled_medium,2,5,297,50447,2,0,0.24280309677124023,0
D4_disentangled_medium,2,5,298,50448,2,0,0.2567385733127594,0
D4_disentangled_medium,2,5,305,50469,2,0,0.10966698825359344,0
D4_disentangled_medium,2,5,309,50481,1,1,0.8324849009513855,1
D4_disentangled_medium,2,5,319,50493,1,1,0.8295907974243164,1
D4_disentangled_medium,2,5,320,50494,1,1,0.40251025557518005,0
D4_disentangled_medium,2,5,325,50500,1,1,0.833126962184906,1
D4_disentangled_medium,2,5,331,50509,1,1,0.807317852973938,1
D4_disentangled_medium,2,5,332,50510,1,1,0.8312090635299683,1
D4_disentangled_medium,2,5,338,50520,1,1,0.8334319591522217,1
D4_disentangled_medium,2,5,346,50529,1,1,0.8309986591339111,1
D4_disentangled_medium,2,5,367,50577,2,0,0.1053156778216362,0
D4_disentangled_medium,2,5,381,50619,1,1,0.8303350806236267,1
D4_disentangled_medium,2,5,384,50622,1,1,0.8214959502220154,1
D4_disentangled_medium,2,5,398,50659,2,0,0.36486223340034485,0
D4_disentangled_medium,2,5,400,50665,2,0,0.3004014790058136,0
D4_disentangled_medium,2,5,433,50725,2,0,0.10413217544555664,0
D4_disentangled_medium,2,5,436,50730,2,0,0.10583054274320602,0
D4_disentangled_medium,2,5,487,50821,2,0,0.10635126382112503,0
D4_disentangled_medium,2,5,492,50954,1,1,0.1642625480890274,0
D4_disentangled_medium,2,5,503,50966,1,1,0.2846977412700653,0
D4_disentangled_medium,2,5,520,50986,1,1,0.19768382608890533,0
D4_disentangled_medium,2,5,530,50996,1,1,0.8109337091445923,1
D4_disentangled_medium,2,5,546,51015,1,1,0.10570037364959717,0
D4_disentangled_medium,2,5,559,51029,1,1,0.8292224407196045,1
D4_disentangled_medium,2,5,560,51030,1,1,0.8325631618499756,1
D4_disentangled_medium,2,5,589,51062,2,0,0.11111989617347717,0
D4_disentangled_medium,2,5,594,51067,2,0,0.11608347296714783,0
D4_disentangled_medium,2,5,602,51076,2,0,0.11676506698131561,0
D4_disentangled_medium,2,5,613,51087,2,0,0.10376028716564178,0
D4_disentangled_medium,2,5,625,51100,2,0,0.10360933840274811,0
D4_disentangled_medium,2,5,629,51104,2,0,0.1036803126335144,0
D4_disentangled_medium,2,5,635,51111,2,0,0.10516034066677094,0
D4_disentangled_medium,2,5,678,51168,1,1,0.5762056112289429,1
D4_disentangled_medium,2,5,690,51184,2,0,0.2550969421863556,0
D4_disentangled_medium,2,5,727,51234,1,1,0.8240218758583069,1
D4_disentangled_medium,2,5,743,51257,2,0,0.17557792365550995,0
D4_disentangled_medium,2,5,774,51303,2,0,0.10892612487077713,0
D4_disentangled_medium,2,5,780,51309,2,0,0.8233121037483215,1
D4_disentangled_medium,2,5,786,51320,1,1,0.8334317803382874,1
D4_disentangled_medium,2,5,810,51346,2,0,0.10659166425466537,0
D4_disentangled_medium,2,5,814,51351,1,1,0.17462138831615448,0
D4_disentangled_medium,2,5,815,51354,1,1,0.7620267271995544,1
D4_disentangled_medium,2,5,820,51361,2,0,0.10390565544366837,0
D4_disentangled_medium,2,5,834,51479,2,0,0.11428387463092804,0
D4_disentangled_medium,2,5,841,51491,2,0,0.10641048848628998,0
D4_disentangled_medium,2,5,844,51557,2,0,0.10794194787740707,0
D4_disentangled_medium,2,5,845,51558,2,0,0.10514426976442337,0
D4_disentangled_medium,2,5,846,51559,2,0,0.12824316322803497,0
D4_disentangled_medium,2,5,870,51607,1,1,0.21209049224853516,0
D4_disentangled_medium,2,6,13,50020,1,1,0.9212622046470642,1
D4_disentangled_medium,2,6,15,50023,1,1,0.9088913202285767,1
D4_disentangled_medium,2,6,22,50031,2,0,0.06614077836275101,0
D4_disentangled_medium,2,6,59,50113,2,0,0.07206383347511292,0
D4_disentangled_medium,2,6,60,50114,2,0,0.07101519405841827,0
D4_disentangled_medium,2,6,65,50119,1,1,0.06638775765895844,0
D4_disentangled_medium,2,6,71,50128,1,1,0.8928008675575256,1
D4_disentangled_medium,2,6,77,50135,1,1,0.9213984608650208,1
D4_disentangled_medium,2,6,89,50156,1,1,0.9194318056106567,1
D4_disentangled_medium,2,6,93,50160,2,0,0.06959902495145798,0
D4_disentangled_medium,2,6,94,50161,2,0,0.13519792258739471,0
D4_disentangled_medium,2,6,96,50163,2,0,0.07820039987564087,0
D4_disentangled_medium,2,6,128,50215,2,0,0.13563533127307892,0
D4_disentangled_medium,2,6,143,50250,1,1,0.08889047056436539,0
D4_disentangled_medium,2,6,166,50275,1,1,0.8951419591903687,1
D4_disentangled_medium,2,6,167,50276,1,1,0.9135912656784058,1
D4_disentangled_medium,2,6,168,50278,1,1,0.9214355945587158,1
D4_disentangled_medium,2,6,171,50285,1,1,0.9033163189888,1
D4_disentangled_medium,2,6,174,50290,1,1,0.9008538126945496,1
D4_disentangled_medium,2,6,190,50315,1,1,0.9197588562965393,1
D4_disentangled_medium,2,6,219,50350,2,0,0.070995032787323,0
D4_disentangled_medium,2,6,220,50351,2,0,0.07226695865392685,0
D4_disentangled_medium,2,6,227,50358,2,0,0.06904660165309906,0
D4_disentangled_medium,2,6,235,50366,2,0,0.06648147851228714,0
D4_disentangled_medium,2,6,276,50421,2,0,0.06794653087854385,0
D4_disentangled_medium,2,6,287,50437,2,0,0.9217653274536133,1
D4_disentangled_medium,2,6,290,50440,2,0,0.07496308535337448,0
D4_disentangled_medium,2,6,310,50482,1,1,0.9149888753890991,1
D4_disentangled_medium,2,6,327,50502,1,1,0.9209328889846802,1
D4_disentangled_medium,2,6,333,50514,1,1,0.8526332378387451,1
D4_disentangled_medium,2,6,337,50519,1,1,0.9061734676361084,1
D4_disentangled_medium,2,6,350,50551,2,0,0.09727209806442261,0
D4_disentangled_medium,2,6,362,50572,2,0,0.06639109551906586,0
D4_disentangled_medium,2,6,382,50620,1,1,0.07004639506340027,0
D4_disentangled_medium,2,6,393,50647,1,1,0.5621005296707153,1
D4_disentangled_medium,2,6,406,50687,2,0,0.6059483289718628,1
D4_disentangled_medium,2,6,408,50689,1,1,0.9216832518577576,1
D4_disentangled_medium,2,6,409,50690,1,1,0.06758931279182434,0
D4_disentangled_medium,2,6,418,50699,2,0,0.9196615219116211,1
D4_disentangled_medium,2,6,423,50704,1,1,0.8298529386520386,1
D4_disentangled_medium,2,6,426,50707,2,0,0.0661877691745758,0
D4_disentangled_medium,2,6,435,50728,2,0,0.21299557387828827,0
D4_disentangled_medium,2,6,449,50748,1,1,0.9210377335548401,1
D4_disentangled_medium,2,6,456,50756,1,1,0.9175588488578796,1
D4_disentangled_medium,2,6,467,50782,2,0,0.06614019721746445,0
D4_disentangled_medium,2,6,486,50820,2,0,0.07090571522712708,0
D4_disentangled_medium,2,6,488,50822,2,0,0.06684477627277374,0
D4_disentangled_medium,2,6,489,50823,1,1,0.9218063354492188,1
D4_disentangled_medium,2,6,499,50961,1,1,0.8852292895317078,1
D4_disentangled_medium,2,6,500,50962,1,1,0.14341750741004944,0
D4_disentangled_medium,2,6,502,50965,1,1,0.9216372966766357,1
D4_disentangled_medium,2,6,531,50997,1,1,0.9204907417297363,1
D4_disentangled_medium,2,6,542,51011,1,1,0.9214640259742737,1
D4_disentangled_medium,2,6,562,51033,1,1,0.8978579044342041,1
D4_disentangled_medium,2,6,577,51050,2,0,0.06737908720970154,0
D4_disentangled_medium,2,6,610,51084,2,0,0.9204675555229187,1
D4_disentangled_medium,2,6,615,51089,2,0,0.07081097364425659,0
D4_disentangled_medium,2,6,639,51116,2,0,0.07607866823673248,0
D4_disentangled_medium,2,6,648,51129,2,0,0.07304932922124863,0
D4_disentangled_medium,2,6,656,51137,2,0,0.06796365231275558,0
D4_disentangled_medium,2,6,679,51169,1,1,0.3802536427974701,0
D4_disentangled_medium,2,6,685,51179,1,1,0.9216346740722656,1
D4_disentangled_medium,2,6,688,51182,2,0,0.06614607572555542,0
D4_disentangled_medium,2,6,700,51202,1,1,0.9198887348175049,1
D4_disentangled_medium,2,6,731,51239,1,1,0.9114198684692383,1
D4_disentangled_medium,2,6,744,51260,2,0,0.06625913828611374,0
D4_disentangled_medium,2,6,746,51262,2,0,0.26664042472839355,0
D4_disentangled_medium,2,6,747,51264,2,0,0.06637629866600037,0
D4_disentangled_medium,2,6,751,51268,2,0,0.06691361218690872,0
D4_disentangled_medium,2,6,753,51271,2,0,0.06626236438751221,0
D4_disentangled_medium,2,6,755,51273,2,0,0.9207949638366699,1
D4_disentangled_medium,2,6,760,51279,2,0,0.0668572261929512,0
D4_disentangled_medium,2,6,763,51291,1,1,0.920926570892334,1
D4_disentangled_medium,2,6,768,51297,1,1,0.9207624197006226,1
D4_disentangled_medium,2,6,773,51302,1,1,0.18830271065235138,0
D4_disentangled_medium,2,6,779,51308,2,0,0.07081475108861923,0
D4_disentangled_medium,2,6,781,51311,2,0,0.06794243305921555,0
D4_disentangled_medium,2,6,801,51336,2,0,0.06620148569345474,0
D4_disentangled_medium,2,6,809,51345,2,0,0.06627891957759857,0
D4_disentangled_medium,2,6,824,51365,2,0,0.0686100646853447,0
D4_disentangled_medium,2,6,831,51465,1,1,0.9215652346611023,1
D4_disentangled_medium,2,6,840,51488,2,0,0.0661795511841774,0
D4_disentangled_medium,2,6,843,51556,2,0,0.07905317097902298,0
D4_disentangled_medium,2,6,848,51562,2,0,0.07004334032535553,0
D4_disentangled_medium,2,6,849,51563,2,0,0.07990529388189316,0
D4_disentangled_medium,2,6,854,51568,2,0,0.264967679977417,0
D4_disentangled_medium,2,6,859,51574,1,1,0.9217972755432129,1
D4_disentangled_medium,2,7,38,50047,2,0,0.2829746603965759,0
D4_disentangled_medium,2,7,44,50053,1,1,0.35679569840431213,0
D4_disentangled_medium,2,7,46,50056,1,1,0.82169508934021,1
D4_disentangled_medium,2,7,47,50057,1,1,0.27766984701156616,0
D4_disentangled_medium,2,7,57,50111,2,0,0.275406152009964,0
D4_disentangled_medium,2,7,68,50124,1,1,0.8190724849700928,1
D4_disentangled_medium,2,7,69,50125,1,1,0.7894238233566284,1
D4_disentangled_medium,2,7,85,50149,1,1,0.5075640082359314,1
D4_disentangled_medium,2,7,91,50158,2,0,0.2756120562553406,0
D4_disentangled_medium,2,7,97,50164,2,0,0.28001168370246887,0
D4_disentangled_medium,2,7,111,50193,2,0,0.2777125835418701,0
D4_disentangled_medium,2,7,116,50199,2,0,0.2770773470401764,0
D4_disentangled_medium,2,7,137,50241,1,1,0.6239095330238342,1
D4_disentangled_medium,2,7,139,50245,1,1,0.38045448064804077,0
D4_disentangled_medium,2,7,145,50252,1,1,0.3713860809803009,0
D4_disentangled_medium,2,7,147,50254,1,1,0.394351989030838,0
D4_disentangled_medium,2,7,148,50255,1,1,0.726655900478363,1
D4_disentangled_medium,2,7,154,50263,2,0,0.284224271774292,0
D4_disentangled_medium,2,7,159,50268,2,0,0.2756086587905884,0
D4_disentangled_medium,2,7,185,50304,1,1,0.30104923248291016,0
D4_disentangled_medium,2,7,189,50314,1,1,0.8203352689743042,1
D4_disentangled_medium,2,7,201,50332,2,0,0.2759186923503876,0
D4_disentangled_medium,2,7,207,50338,2,0,0.27644965052604675,0
D4_disentangled_medium,2,7,208,50339,2,0,0.27579382061958313,0
D4_disentangled_medium,2,7,230,50361,2,0,0.2768435776233673,0
D4_disentangled_medium,2,7,238,50369,2,0,0.27931731939315796,0
D4_disentangled_medium,2,7,241,50373,2,0,0.2746427059173584,0
D4_disentangled_medium,2,7,249,50382,2,0,0.27572858333587646,0
D4_disentangled_medium,2,7,269,50413,1,1,0.8116574287414551,1
D4_disentangled_medium,2,7,278,50424,2,0,0.2746569812297821,0
D4_disentangled_medium,2,7,308,50480,1,1,0.8164822459220886,1
D4_disentangled_medium,2,7,318,50492,1,1,0.7079030275344849,1
D4_disentangled_medium,2,7,330,50507,1,1,0.28198060393333435,0
D4_disentangled_medium,2,7,351,50552,2,0,0.2753133475780487,0
D4_disentangled_medium,2,7,353,50557,2,0,0.27540063858032227,0
D4_disentangled_medium,2,7,364,50574,2,0,0.287941038608551,0
D4_disentangled_medium,2,7,371,50603,1,1,0.8189411163330078,1
D4_disentangled_medium,2,7,376,50612,1,1,0.6852140426635742,1
D4_disentangled_medium,2,7,389,50627,1,1,0.511705756187439,1
D4_disentangled_medium,2,7,410,50691,2,0,0.27463531494140625,0
D4_disentangled_medium,2,7,428,50709,2,0,0.27465325593948364,0
D4_disentangled_medium,2,7,438,50733,2,0,0.27522197365760803,0
D4_disentangled_medium,2,7,441,50738,2,0,0.2767672538757324,0
D4_disentangled_medium,2,7,444,50741,2,0,0.27862125635147095,0
D4_disentangled_medium,2,7,447,50744,1,1,0.6509485840797424,1
D4_disentangled_medium,2,7,463,50777,2,0,0.2749883532524109,0
D4_disentangled_medium,2,7,465,50780,2,0,0.28118041157722473,0
D4_disentangled_medium,2,7,469,50786,2,0,0.2773151099681854,0
D4_disentangled_medium,2,7,478,50801,1,1,0.36612558364868164,0
D4_disentangled_medium,2,7,479,50803,1,1,0.8182518482208252,1
D4_disentangled_medium,2,7,493,50955,1,1,0.27466651797294617,0
D4_disentangled_medium,2,7,510,50974,1,1,0.5349006652832031,1
D4_disentangled_medium,2,7,521,50987,1,1,0.8216264843940735,1
D4_disentangled_medium,2,7,534,51001,1,1,0.8218626976013184,1
D4_disentangled_medium,2,7,544,51013,1,1,0.8032281994819641,1
D4_disentangled_medium,2,7,553,51023,1,1,0.8094654083251953,1
D4_disentangled_medium,2,7,558,51028,1,1,0.820990264415741,1
D4_disentangled_medium,2,7,568,51040,2,0,0.27721884846687317,0
D4_disentangled_medium,2,7,582,51055,2,0,0.27688273787498474,0
D4_disentangled_medium,2,7,586,51059,2,0,0.278603196144104,0
D4_disentangled_medium,2,7,595,51068,2,0,0.327932745218277,0
D4_disentangled_medium,2,7,598,51072,2,0,0.27463680505752563,0
D4_disentangled_medium,2,7,600,51074,2,0,0.6860361695289612,1
D4_disentangled_medium,2,7,611,51085,2,0,0.6565942168235779,1
D4_disentangled_medium,2,7,616,51090,2,0,0.27687445282936096,0
D4_disentangled_medium,2,7,623,51098,2,0,0.27936089038848877,0
D4_disentangled_medium,2,7,627,51102,2,0,0.2749637961387634,0
D4_disentangled_medium,2,7,634,51110,2,0,0.27947351336479187,0
D4_disentangled_medium,2,7,651,51132,2,0,0.27679669857025146,0
D4_disentangled_medium,2,7,665,51149,2,0,0.276531845331192,0
D4_disentangled_medium,2,7,668,51152,2,0,0.27505865693092346,0
D4_disentangled_medium,2,7,670,51154,2,0,0.27540576457977295,0
D4_disentangled_medium,2,7,676,51163,1,1,0.4778490662574768,0
D4_disentangled_medium,2,7,694,51189,2,0,0.2761141061782837,0
D4_disentangled_medium,2,7,713,51217,1,1,0.2747593820095062,0
D4_disentangled_medium,2,7,719,51223,1,1,0.28192847967147827,0
D4_disentangled_medium,2,7,726,51231,1,1,0.3093680739402771,0
D4_disentangled_medium,2,7,729,51236,1,1,0.373502254486084,0
D4_disentangled_medium,2,7,730,51237,1,1,0.8166118860244751,1
D4_disentangled_medium,2,7,732,51240,1,1,0.8117364645004272,1
D4_disentangled_medium,2,7,745,51261,2,0,0.2749541103839874,0
D4_disentangled_medium,2,7,790,51325,1,1,0.5430054068565369,1
D4_disentangled_medium,2,7,798,51333,2,0,0.2754046320915222,0
D4_disentangled_medium,2,7,807,51343,2,0,0.2777021527290344,0
D4_disentangled_medium,2,7,812,51349,1,1,0.2767735719680786,0
D4_disentangled_medium,2,7,833,51477,2,0,0.2749667167663574,0
D4_disentangled_medium,2,7,863,51579,1,1,0.27505266666412354,0
D4_disentangled_medium,2,8,49,50060,2,0,0.09045743197202682,0
D4_disentangled_medium,2,8,61,50115,2,0,0.09407495707273483,0
D4_disentangled_medium,2,8,64,50118,1,1,0.916839063167572,1
D4_disentangled_medium,2,8,70,50127,1,1,0.6150688529014587,1
D4_disentangled_medium,2,8,102,50171,2,0,0.12750819325447083,0
D4_disentangled_medium,2,8,105,50184,1,1,0.9123579263687134,1
D4_disentangled_medium,2,8,107,50187,1,1,0.09508981555700302,0
D4_disentangled_medium,2,8,112,50194,2,0,0.0893254429101944,0
D4_disentangled_medium,2,8,114,50196,2,0,0.15623284876346588,0
D4_disentangled_medium,2,8,118,50201,2,0,0.08889231085777283,0
D4_disentangled_medium,2,8,124,50208,2,0,0.09914585947990417,0
D4_disentangled_medium,2,8,133,50236,1,1,0.9154902696609497,1
D4_disentangled_medium,2,8,134,50237,1,1,0.9155932664871216,1
D4_disentangled_medium,2,8,146,50253,1,1,0.9175349473953247,1
D4_disentangled_medium,2,8,151,50260,2,0,0.08672670274972916,0
D4_disentangled_medium,2,8,160,50269,2,0,0.21226458251476288,0
D4_disentangled_medium,2,8,179,50295,1,1,0.916985809803009,1
D4_disentangled_medium,2,8,183,50301,1,1,0.9174469113349915,1
D4_disentangled_medium,2,8,184,50302,1,1,0.9172726273536682,1
D4_disentangled_medium,2,8,196,50325,1,1,0.09720412641763687,0
D4_disentangled_medium,2,8,203,50334,2,0,0.9141756296157837,1
D4_disentangled_medium,2,8,210,50341,2,0,0.0963612049818039,0
D4_disentangled_medium,2,8,215,50346,2,0,0.08925536274909973,0
D4_disentangled_medium,2,8,216,50347,2,0,0.08746354281902313,0
D4_disentangled_medium,2,8,223,50354,2,0,0.17472504079341888,0
D4_disentangled_medium,2,8,224,50355,2,0,0.11549851298332214,0
D4_disentangled_medium,2,8,237,50368,2,0,0.08820084482431412,0
D4_disentangled_medium,2,8,255,50390,2,0,0.08645357191562653,0
D4_disentangled_medium,2,8,256,50391,2,0,0.08638209849596024,0
D4_disentangled_medium,2,8,260,50403,1,1,0.27888476848602295,0
D4_disentangled_medium,2,8,266,50410,1,1,0.915449857711792,1
D4_disentangled_medium,2,8,296,50446,2,0,0.10009562224149704,0
D4_disentangled_medium,2,8,299,50449,2,0,0.10509051382541656,0
D4_disentangled_medium,2,8,328,50503,1,1,0.9148252606391907,1
D4_disentangled_medium,2,8,339,50521,1,1,0.5228710174560547,1
D4_disentangled_medium,2,8,343,50526,1,1,0.8475180268287659,1
D4_disentangled_medium,2,8,347,50530,1,1,0.9102681279182434,1
D4_disentangled_medium,2,8,349,50532,1,1,0.9102731943130493,1
D4_disentangled_medium,2,8,365,50575,2,0,0.1297719031572342,0
D4_disentangled_medium,2,8,377,50613,1,1,0.9137043356895447,1
D4_disentangled_medium,2,8,386,50624,1,1,0.9173966646194458,1
D4_disentangled_medium,2,8,387,50625,1,1,0.08850574493408203,0
D4_disentangled_medium,2,8,413,50694,1,1,0.9126437306404114,1
D4_disentangled_medium,2,8,414,50695,1,1,0.7348300218582153,1
D4_disentangled_medium,2,8,470,50790,2,0,0.08773722499608994,0
D4_disentangled_medium,2,8,485,50818,2,0,0.08646680414676666,0
D4_disentangled_medium,2,8,496,50958,1,1,0.9175103306770325,1
D4_disentangled_medium,2,8,504,50967,1,1,0.826556921005249,1
D4_disentangled_medium,2,8,517,50983,1,1,0.917482852935791,1
D4_disentangled_medium,2,8,536,51003,1,1,0.9172666072845459,1
D4_disentangled_medium,2,8,540,51009,1,1,0.9145756959915161,1
D4_disentangled_medium,2,8,551,51020,1,1,0.5726921558380127,1
D4_disentangled_medium,2,8,569,51041,2,0,0.10124736279249191,0
D4_disentangled_medium,2,8,570,51042,2,0,0.08810177445411682,0
D4_disentangled_medium,2,8,574,51047,2,0,0.10008639097213745,0
D4_disentangled_medium,2,8,576,51049,2,0,0.10121814161539078,0
D4_disentangled_medium,2,8,584,51057,2,0,0.09275014698505402,0
D4_disentangled_medium,2,8,588,51061,2,0,0.09127263724803925,0
D4_disentangled_medium,2,8,593,51066,2,0,0.10415223985910416,0
D4_disentangled_medium,2,8,601,51075,2,0,0.10720578581094742,0
D4_disentangled_medium,2,8,633,51109,2,0,0.09530387073755264,0
D4_disentangled_medium,2,8,642,51122,2,0,0.09789354354143143,0
D4_disentangled_medium,2,8,645,51126,2,0,0.10725323855876923,0
D4_disentangled_medium,2,8,660,51141,2,0,0.3912883698940277,0
D4_disentangled_medium,2,8,673,51159,2,0,0.9167207479476929,1
D4_disentangled_medium,2,8,683,51177,1,1,0.9124622344970703,1
D4_disentangled_medium,2,8,698,51198,2,0,0.24492500722408295,0
D4_disentangled_medium,2,8,701,51203,1,1,0.9169748425483704,1
D4_disentangled_medium,2,8,715,51219,1,1,0.9152117967605591,1
D4_disentangled_medium,2,8,717,51221,1,1,0.9123795032501221,1
D4_disentangled_medium,2,8,722,51226,1,1,0.13768944144248962,0
D4_disentangled_medium,2,8,734,51248,1,1,0.9159740209579468,1
D4_disentangled_medium,2,8,738,51252,2,0,0.9162381291389465,1
D4_disentangled_medium,2,8,748,51265,2,0,0.08987470716238022,0
D4_disentangled_medium,2,8,778,51307,2,0,0.9174433350563049,1
D4_disentangled_medium,2,8,785,51319,1,1,0.9170705080032349,1
D4_disentangled_medium,2,8,803,51339,2,0,0.08896230161190033,0
D4_disentangled_medium,2,8,817,51357,2,0,0.0902969017624855,0
D4_disentangled_medium,2,8,826,51370,2,0,0.08691993355751038,0
D4_disentangled_medium,2,8,828,51461,1,1,0.9140468835830688,1
D4_disentangled_medium,2,8,832,51473,1,1,0.8568384647369385,1
D4_disentangled_medium,2,8,839,51487,2,0,0.12016773968935013,0
D4_disentangled_medium,2,8,847,51560,2,0,0.09109758585691452,0
D4_disentangled_medium,2,8,851,51565,2,0,0.3487102687358856,0
D4_disentangled_medium,2,8,852,51566,2,0,0.09310332685709,0
D4_disentangled_medium,2,8,857,51572,1,1,0.9115360379219055,1
D4_disentangled_medium,2,8,866,51583,1,1,0.9124117493629456,1
D4_disentangled_medium,2,9,9,50013,1,1,0.8618080019950867,1
D4_disentangled_medium,2,9,20,50028,1,1,0.878615140914917,1
D4_disentangled_medium,2,9,27,50036,2,0,0.17121480405330658,0
D4_disentangled_medium,2,9,32,50041,2,0,0.1703246533870697,0
D4_disentangled_medium,2,9,37,50046,2,0,0.18952718377113342,0
D4_disentangled_medium,2,9,40,50049,2,0,0.17261680960655212,0
D4_disentangled_medium,2,9,42,50051,2,0,0.5833215713500977,1
D4_disentangled_medium,2,9,50,50102,2,0,0.30590763688087463,0
D4_disentangled_medium,2,9,66,50121,1,1,0.8798343539237976,1
D4_disentangled_medium,2,9,75,50132,1,1,0.8770153522491455,1
D4_disentangled_medium,2,9,83,50147,1,1,0.8478450775146484,1
D4_disentangled_medium,2,9,84,50148,1,1,0.8471837043762207,1
D4_disentangled_medium,2,9,87,50152,1,1,0.8794536590576172,1
D4_disentangled_medium,2,9,104,50183,1,1,0.8797621130943298,1
D4_disentangled_medium,2,9,121,50204,2,0,0.17089901864528656,0
D4_disentangled_medium,2,9,122,50205,2,0,0.17067106068134308,0
D4_disentangled_medium,2,9,123,50206,2,0,0.2476562261581421,0
D4_disentangled_medium,2,9,130,50232,1,1,0.8787190318107605,1
D4_disentangled_medium,2,9,132,50234,1,1,0.8158891797065735,1
D4_disentangled_medium,2,9,221,50352,2,0,0.5048397779464722,1
D4_disentangled_medium,2,9,226,50357,2,0,0.17306578159332275,0
D4_disentangled_medium,2,9,232,50363,2,0,0.8385705947875977,1
D4_disentangled_medium,2,9,250,50383,2,0,0.22639460861682892,0
D4_disentangled_medium,2,9,258,50399,1,1,0.8723803758621216,1
D4_disentangled_medium,2,9,261,50404,1,1,0.8795318603515625,1
D4_disentangled_medium,2,9,262,50405,1,1,0.8794831037521362,1
D4_disentangled_medium,2,9,282,50428,2,0,0.17035575211048126,0
D4_disentangled_medium,2,9,284,50434,2,0,0.1939128041267395,0
D4_disentangled_medium,2,9,289,50439,2,0,0.3717721700668335,0
D4_disentangled_medium,2,9,291,50441,2,0,0.17513751983642578,0
D4_disentangled_medium,2,9,301,50463,2,0,0.1842312067747116,0
D4_disentangled_medium,2,9,323,50498,1,1,0.8754401206970215,1
D4_disentangled_medium,2,9,344,50527,1,1,0.8768120408058167,1
D4_disentangled_medium,2,9,358,50568,2,0,0.8199209570884705,1
D4_disentangled_medium,2,9,361,50571,2,0,0.7880268692970276,1
D4_disentangled_medium,2,9,363,50573,2,0,0.1933843493461609,0
D4_disentangled_medium,2,9,380,50616,1,1,0.8798800706863403,1
D4_disentangled_medium,2,9,391,50642,1,1,0.8394280672073364,1
D4_disentangled_medium,2,9,397,50656,2,0,0.34695762395858765,0
D4_disentangled_medium,2,9,407,50688,2,0,0.17652134597301483,0
D4_disentangled_medium,2,9,415,50696,1,1,0.8797788023948669,1
D4_disentangled_medium,2,9,419,50700,1,1,0.878958523273468,1
D4_disentangled_medium,2,9,420,50701,2,0,0.18690453469753265,0
D4_disentangled_medium,2,9,427,50708,1,1,0.8784982562065125,1
D4_disentangled_medium,2,9,446,50743,1,1,0.87125563621521,1
D4_disentangled_medium,2,9,461,50775,2,0,0.17579695582389832,0
D4_disentangled_medium,2,9,472,50792,1,1,0.8798300623893738,1
D4_disentangled_medium,2,9,481,50812,2,0,0.17141388356685638,0
D4_disentangled_medium,2,9,491,50952,1,1,0.8783109188079834,1
D4_disentangled_medium,2,9,498,50960,1,1,0.3247103989124298,0
D4_disentangled_medium,2,9,511,50976,1,1,0.8779768943786621,1
D4_disentangled_medium,2,9,524,50990,1,1,0.879353940486908,1
D4_disentangled_medium,2,9,539,51008,1,1,0.8151991367340088,1
D4_disentangled_medium,2,9,541,51010,1,1,0.6232200860977173,1
D4_disentangled_medium,2,9,543,51012,1,1,0.8554104566574097,1
D4_disentangled_medium,2,9,563,51034,1,1,0.8799003958702087,1
D4_disentangled_medium,2,9,564,51035,1,1,0.84807288646698,1
D4_disentangled_medium,2,9,592,51065,2,0,0.17586597800254822,0
D4_disentangled_medium,2,9,604,51078,2,0,0.17306417226791382,0
D4_disentangled_medium,2,9,605,51079,2,0,0.8680984377861023,1
D4_disentangled_medium,2,9,608,51082,2,0,0.3180083632469177,0
D4_disentangled_medium,2,9,620,51095,2,0,0.8500746488571167,1
D4_disentangled_medium,2,9,624,51099,2,0,0.19165021181106567,0
D4_disentangled_medium,2,9,632,51107,2,0,0.730259895324707,1
D4_disentangled_medium,2,9,643,51123,2,0,0.25530311465263367,0
D4_disentangled_medium,2,9,654,51135,2,0,0.4654339551925659,0
D4_disentangled_medium,2,9,667,51151,2,0,0.20706692337989807,0
D4_disentangled_medium,2,9,680,51170,1,1,0.6253493428230286,1
D4_disentangled_medium,2,9,699,51201,1,1,0.8757873177528381,1
D4_disentangled_medium,2,9,708,51211,1,1,0.8716635704040527,1
D4_disentangled_medium,2,9,712,51216,1,1,0.18642224371433258,0
D4_disentangled_medium,2,9,736,51250,2,0,0.17935612797737122,0
D4_disentangled_medium,2,9,739,51253,2,0,0.17038097977638245,0
D4_disentangled_medium,2,9,740,51254,2,0,0.17508743703365326,0
D4_disentangled_medium,2,9,742,51256,2,0,0.1704791635274887,0
D4_disentangled_medium,2,9,752,51269,2,0,0.17033050954341888,0
D4_disentangled_medium,2,9,756,51275,2,0,0.17486357688903809,0
D4_disentangled_medium,2,9,784,51318,1,1,0.8577773571014404,1
D4_disentangled_medium,2,9,788,51322,1,1,0.8694027066230774,1
D4_disentangled_medium,2,9,789,51323,1,1,0.8772305250167847,1
D4_disentangled_medium,2,9,794,51329,1,1,0.6291348338127136,1
D4_disentangled_medium,2,9,802,51338,2,0,0.8795678019523621,1
D4_disentangled_medium,2,9,822,51363,2,0,0.19544853270053864,0
D4_disentangled_medium,2,9,825,51369,2,0,0.1758195459842682,0
D4_disentangled_medium,2,9,827,51373,2,0,0.171633780002594,0
D4_disentangled_medium,2,9,842,51493,2,0,0.19761277735233307,0
D4_disentangled_medium,2,9,864,51580,1,1,0.8679460883140564,1
D4_disentangled_medium,2,10,11,50015,1,1,0.9212069511413574,1
D4_disentangled_medium,2,10,16,50024,1,1,0.921665370464325,1
D4_disentangled_medium,2,10,18,50026,1,1,0.9213237166404724,1
D4_disentangled_medium,2,10,33,50042,2,0,0.07625958323478699,0
D4_disentangled_medium,2,10,36,50045,2,0,0.27002495527267456,0
D4_disentangled_medium,2,10,41,50050,2,0,0.07078489661216736,0
D4_disentangled_medium,2,10,43,50052,2,0,0.6521883606910706,1
D4_disentangled_medium,2,10,54,50106,2,0,0.7030748724937439,1
D4_disentangled_medium,2,10,74,50131,1,1,0.4789269268512726,0
D4_disentangled_medium,2,10,99,50168,2,0,0.07261908054351807,0
D4_disentangled_medium,2,10,106,50186,1,1,0.9216790199279785,1
D4_disentangled_medium,2,10,109,50189,1,1,0.9216552972793579,1
D4_disentangled_medium,2,10,110,50190,1,1,0.9217355847358704,1
D4_disentangled_medium,2,10,150,50259,2,0,0.2533987760543823,0
D4_disentangled_medium,2,10,158,50267,2,0,0.06964724510908127,0
D4_disentangled_medium,2,10,188,50312,1,1,0.9198194742202759,1
D4_disentangled_medium,2,10,194,50321,1,1,0.9211770296096802,1
D4_disentangled_medium,2,10,233,50364,2,0,0.5749788284301758,1
D4_disentangled_medium,2,10,239,50370,2,0,0.13031862676143646,0
D4_disentangled_medium,2,10,245,50377,2,0,0.10288891941308975,0
D4_disentangled_medium,2,10,252,50386,2,0,0.07012531161308289,0
D4_disentangled_medium,2,10,257,50397,1,1,0.9196860194206238,1
D4_disentangled_medium,2,10,263,50406,1,1,0.9201279878616333,1
D4_disentangled_medium,2,10,268,50412,1,1,0.9201397895812988,1
D4_disentangled_medium,2,10,270,50414,2,0,0.09912761300802231,0
D4_disentangled_medium,2,10,273,50417,2,0,0.07840338349342346,0
D4_disentangled_medium,2,10,294,50444,2,0,0.34254515171051025,0
D4_disentangled_medium,2,10,303,50467,2,0,0.11587584018707275,0
D4_disentangled_medium,2,10,304,50468,2,0,0.07268207520246506,0
D4_disentangled_medium,2,10,317,50491,1,1,0.9019527435302734,1
D4_disentangled_medium,2,10,324,50499,1,1,0.9203855991363525,1
D4_disentangled_medium,2,10,366,50576,2,0,0.06971951574087143,0
D4_disentangled_medium,2,10,372,50604,1,1,0.9153828024864197,1
D4_disentangled_medium,2,10,394,50648,1,1,0.7852507829666138,1
D4_disentangled_medium,2,10,430,50722,2,0,0.07430548965930939,0
D4_disentangled_medium,2,10,434,50726,2,0,0.2028629034757614,0
D4_disentangled_medium,2,10,443,50740,2,0,0.11248283833265305,0
D4_disentangled_medium,2,10,459,50773,2,0,0.07751612365245819,0
D4_disentangled_medium,2,10,475,50798,1,1,0.07269582152366638,0
D4_disentangled_medium,2,10,482,50814,2,0,0.21090097725391388,0
D4_disentangled_medium,2,10,490,50824,1,1,0.3086472749710083,0
D4_disentangled_medium,2,10,494,50956,1,1,0.9201838970184326,1
D4_disentangled_medium,2,10,501,50964,1,1,0.9195743799209595,1
D4_disentangled_medium,2,10,507,50970,1,1,0.9216819405555725,1
D4_disentangled_medium,2,10,509,50973,1,1,0.9183211326599121,1
D4_disentangled_medium,2,10,512,50977,1,1,0.9209885597229004,1
D4_disentangled_medium,2,10,518,50984,1,1,0.9207167625427246,1
D4_disentangled_medium,2,10,519,50985,1,1,0.9211670756340027,1
D4_disentangled_medium,2,10,523,50989,1,1,0.9209654331207275,1
D4_disentangled_medium,2,10,527,50993,1,1,0.9198875427246094,1
D4_disentangled_medium,2,10,528,50994,1,1,0.9212203025817871,1
D4_disentangled_medium,2,10,529,50995,1,1,0.9206278324127197,1
D4_disentangled_medium,2,10,533,51000,1,1,0.9217707514762878,1
D4_disentangled_medium,2,10,535,51002,1,1,0.9065492749214172,1
D4_disentangled_medium,2,10,547,51016,1,1,0.9196302890777588,1
D4_disentangled_medium,2,10,549,51018,1,1,0.9206054210662842,1
D4_disentangled_medium,2,10,557,51027,1,1,0.919313907623291,1
D4_disentangled_medium,2,10,565,51036,2,0,0.06946974992752075,0
D4_disentangled_medium,2,10,567,51039,2,0,0.0727725699543953,0
D4_disentangled_medium,2,10,573,51046,2,0,0.8954827785491943,1
D4_disentangled_medium,2,10,578,51051,2,0,0.08235276490449905,0
D4_disentangled_medium,2,10,591,51064,2,0,0.06950223445892334,0
D4_disentangled_medium,2,10,617,51091,2,0,0.06942576915025711,0
D4_disentangled_medium,2,10,618,51093,2,0,0.06941953301429749,0
D4_disentangled_medium,2,10,619,51094,2,0,0.0763150006532669,0
D4_disentangled_medium,2,10,626,51101,2,0,0.07862554490566254,0
D4_disentangled_medium,2,10,636,51112,2,0,0.07985570281744003,0
D4_disentangled_medium,2,10,641,51118,2,0,0.6476802229881287,1
D4_disentangled_medium,2,10,649,51130,2,0,0.920076310634613,1
D4_disentangled_medium,2,10,662,51146,2,0,0.0719648003578186,0
D4_disentangled_medium,2,10,666,51150,2,0,0.06943690776824951,0
D4_disentangled_medium,2,10,692,51187,2,0,0.06955154985189438,0
D4_disentangled_medium,2,10,696,51194,2,0,0.4262700378894806,0
D4_disentangled_medium,2,10,702,51204,1,1,0.9196615219116211,1
D4_disentangled_medium,2,10,707,51210,1,1,0.9173035621643066,1
D4_disentangled_medium,2,10,758,51277,2,0,0.06959495693445206,0
D4_disentangled_medium,2,10,761,51280,2,0,0.07492155581712723,0
D4_disentangled_medium,2,10,764,51292,1,1,0.9189361929893494,1
D4_disentangled_medium,2,10,765,51293,1,1,0.9207652807235718,1
D4_disentangled_medium,2,10,777,51306,2,0,0.31203439831733704,0
D4_disentangled_medium,2,10,782,51313,2,0,0.08494824916124344,0
D4_disentangled_medium,2,10,796,51331,1,1,0.9193611741065979,1
D4_disentangled_medium,2,10,797,51332,2,0,0.07181675732135773,0
D4_disentangled_medium,2,10,800,51335,2,0,0.11083319038152695,0
D4_disentangled_medium,2,10,819,51360,2,0,0.11876548081636429,0
D4_disentangled_medium,2,10,850,51564,2,0,0.07749219238758087,0
D4_disentangled_medium,2,10,860,51576,1,1,0.30068716406822205,0
D5_disentangled_strong,0,1,10,50014,1,1,0.9254652261734009,1
D5_disentangled_strong,0,1,14,50022,1,1,0.13149741291999817,0
D5_disentangled_strong,0,1,36,50045,2,0,0.36752772331237793,0
D5_disentangled_strong,0,1,42,50051,2,0,0.8271521925926208,1
D5_disentangled_strong,0,1,49,50060,2,0,0.12564030289649963,0
D5_disentangled_strong,0,1,53,50105,2,0,0.6709563136100769,1
D5_disentangled_strong,0,1,63,50117,2,0,0.4332685172557831,0
D5_disentangled_strong,0,1,67,50123,1,1,0.9268998503684998,1
D5_disentangled_strong,0,1,83,50147,1,1,0.8606542348861694,1
D5_disentangled_strong,0,1,84,50148,1,1,0.9274431467056274,1
D5_disentangled_strong,0,1,96,50163,2,0,0.27380460500717163,0
D5_disentangled_strong,0,1,97,50164,2,0,0.1229112520813942,0
D5_disentangled_strong,0,1,111,50193,2,0,0.11978301405906677,0
D5_disentangled_strong,0,1,114,50196,2,0,0.6536169052124023,1
D5_disentangled_strong,0,1,123,50206,2,0,0.7582933306694031,1
D5_disentangled_strong,0,1,131,50233,1,1,0.9265468120574951,1
D5_disentangled_strong,0,1,132,50234,1,1,0.6726604700088501,1
D5_disentangled_strong,0,1,136,50240,1,1,0.9278772473335266,1
D5_disentangled_strong,0,1,141,50248,1,1,0.9291663765907288,1
D5_disentangled_strong,0,1,145,50252,1,1,0.4904581606388092,0
D5_disentangled_strong,0,1,146,50253,1,1,0.7199482917785645,1
D5_disentangled_strong,0,1,148,50255,1,1,0.9290856122970581,1
D5_disentangled_strong,0,1,152,50261,2,0,0.34990882873535156,0
D5_disentangled_strong,0,1,154,50263,2,0,0.11872278153896332,0
D5_disentangled_strong,0,1,164,50273,1,1,0.9233863949775696,1
D5_disentangled_strong,0,1,184,50302,1,1,0.9280120134353638,1
D5_disentangled_strong,0,1,202,50333,2,0,0.11997012794017792,0
D5_disentangled_strong,0,1,204,50335,2,0,0.1145036518573761,0
D5_disentangled_strong,0,1,210,50341,2,0,0.11669531464576721,0
D5_disentangled_strong,0,1,223,50354,2,0,0.13592615723609924,0
D5_disentangled_strong,0,1,241,50373,2,0,0.2249121218919754,0
D5_disentangled_strong,0,1,266,50410,1,1,0.9268558621406555,1
D5_disentangled_strong,0,1,271,50415,2,0,0.12403761595487595,0
D5_disentangled_strong,0,1,275,50419,2,0,0.11438748985528946,0
D5_disentangled_strong,0,1,278,50424,2,0,0.11708667874336243,0
D5_disentangled_strong,0,1,286,50436,2,0,0.8358980417251587,1
D5_disentangled_strong,0,1,292,50442,2,0,0.12054689228534698,0
D5_disentangled_strong,0,1,302,50466,2,0,0.11410535871982574,0
D5_disentangled_strong,0,1,303,50467,2,0,0.3745078444480896,0
D5_disentangled_strong,0,1,323,50498,1,1,0.9204015731811523,1
D5_disentangled_strong,0,1,326,50501,1,1,0.9240841865539551,1
D5_disentangled_strong,0,1,346,50529,1,1,0.9241093397140503,1
D5_disentangled_strong,0,1,349,50532,1,1,0.9236599802970886,1
D5_disentangled_strong,0,1,352,50555,2,0,0.1184484213590622,0
D5_disentangled_strong,0,1,353,50557,2,0,0.11918623000383377,0
D5_disentangled_strong,0,1,360,50570,2,0,0.11593002825975418,0
D5_disentangled_strong,0,1,390,50628,1,1,0.9260948300361633,1
D5_disentangled_strong,0,1,397,50656,2,0,0.25526922941207886,0
D5_disentangled_strong,0,1,405,50686,1,1,0.9274367690086365,1
D5_disentangled_strong,0,1,408,50689,1,1,0.9298647046089172,1
D5_disentangled_strong,0,1,430,50722,2,0,0.1152956634759903,0
D5_disentangled_strong,0,1,435,50728,2,0,0.6042060852050781,1
D5_disentangled_strong,0,1,446,50743,1,1,0.9294061660766602,1
D5_disentangled_strong,0,1,451,50750,1,1,0.9289032220840454,1
D5_disentangled_strong,0,1,475,50798,1,1,0.11576563119888306,0
D5_disentangled_strong,0,1,476,50799,1,1,0.9280323386192322,1
D5_disentangled_strong,0,1,481,50812,2,0,0.11946332454681396,0
D5_disentangled_strong,0,1,490,50824,1,1,0.14453217387199402,0
D5_disentangled_strong,0,1,511,50976,1,1,0.9296811819076538,1
D5_disentangled_strong,0,1,522,50988,1,1,0.9285223484039307,1
D5_disentangled_strong,0,1,525,50991,1,1,0.3164774477481842,0
D5_disentangled_strong,0,1,537,51006,1,1,0.9297019839286804,1
D5_disentangled_strong,0,1,541,51010,1,1,0.8068296909332275,1
D5_disentangled_strong,0,1,557,51027,1,1,0.8286579847335815,1
D5_disentangled_strong,0,1,559,51029,1,1,0.6830204725265503,1
D5_disentangled_strong,0,1,579,51052,2,0,0.11947477608919144,0
D5_disentangled_strong,0,1,584,51057,2,0,0.12482798099517822,0
D5_disentangled_strong,0,1,633,51109,2,0,0.11949030309915543,0
D5_disentangled_strong,0,1,636,51112,2,0,0.12827739119529724,0
D5_disentangled_strong,0,1,648,51129,2,0,0.11989632248878479,0
D5_disentangled_strong,0,1,655,51136,2,0,0.364242821931839,0
D5_disentangled_strong,0,1,670,51154,2,0,0.11432003974914551,0
D5_disentangled_strong,0,1,692,51187,2,0,0.1155288964509964,0
D5_disentangled_strong,0,1,695,51192,2,0,0.11422944813966751,0
D5_disentangled_strong,0,1,696,51194,2,0,0.8266581892967224,1
D5_disentangled_strong,0,1,727,51234,1,1,0.9229104518890381,1
D5_disentangled_strong,0,1,732,51240,1,1,0.9251748323440552,1
D5_disentangled_strong,0,1,762,51281,2,0,0.1319451928138733,0
D5_disentangled_strong,0,1,765,51293,1,1,0.9286684989929199,1
D5_disentangled_strong,0,1,766,51294,1,1,0.8769819736480713,1
D5_disentangled_strong,0,1,779,51308,2,0,0.13472037017345428,0
D5_disentangled_strong,0,1,795,51330,1,1,0.9290551543235779,1
D5_disentangled_strong,0,1,798,51333,2,0,0.1147899180650711,0
D5_disentangled_strong,0,1,825,51369,2,0,0.12597474455833435,0
D5_disentangled_strong,0,1,828,51461,1,1,0.9294043779373169,1
D5_disentangled_strong,0,1,839,51487,2,0,0.2875657081604004,0
D5_disentangled_strong,0,1,854,51568,2,0,0.15532830357551575,0
D5_disentangled_strong,0,1,862,51578,1,1,0.9297626614570618,1
D5_disentangled_strong,0,2,2,50005,1,1,0.30271586775779724,0
D5_disentangled_strong,0,2,3,50006,1,1,0.7979980111122131,1
D5_disentangled_strong,0,2,4,50007,1,1,0.29514917731285095,0
D5_disentangled_strong,0,2,20,50028,1,1,0.7645825147628784,1
D5_disentangled_strong,0,2,27,50036,2,0,0.1412801444530487,0
D5_disentangled_strong,0,2,35,50044,2,0,0.1378834843635559,0
D5_disentangled_strong,0,2,45,50054,2,0,0.7107680439949036,1
D5_disentangled_strong,0,2,57,50111,2,0,0.13790977001190186,0
D5_disentangled_strong,0,2,61,50115,2,0,0.1409309208393097,0
D5_disentangled_strong,0,2,69,50125,1,1,0.7697706818580627,1
D5_disentangled_strong,0,2,79,50143,1,1,0.8072208166122437,1
D5_disentangled_strong,0,2,87,50152,1,1,0.7903726696968079,1
D5_disentangled_strong,0,2,116,50199,2,0,0.14280399680137634,0
D5_disentangled_strong,0,2,122,50205,2,0,0.1390601545572281,0
D5_disentangled_strong,0,2,130,50232,1,1,0.804829478263855,1
D5_disentangled_strong,0,2,133,50236,1,1,0.8031061291694641,1
D5_disentangled_strong,0,2,147,50254,1,1,0.5076583623886108,1
D5_disentangled_strong,0,2,162,50271,2,0,0.1373213231563568,0
D5_disentangled_strong,0,2,170,50284,1,1,0.23382480442523956,0
D5_disentangled_strong,0,2,171,50285,1,1,0.1378939300775528,0
D5_disentangled_strong,0,2,183,50301,1,1,0.4122893810272217,0
D5_disentangled_strong,0,2,192,50319,1,1,0.7496911287307739,1
D5_disentangled_strong,0,2,197,50327,2,0,0.13638581335544586,0
D5_disentangled_strong,0,2,217,50348,2,0,0.13586632907390594,0
D5_disentangled_strong,0,2,218,50349,2,0,0.1472238004207611,0
D5_disentangled_strong,0,2,222,50353,2,0,0.13586610555648804,0
D5_disentangled_strong,0,2,232,50363,2,0,0.15959660708904266,0
D5_disentangled_strong,0,2,234,50365,2,0,0.1392243504524231,0
D5_disentangled_strong,0,2,257,50397,1,1,0.7566299438476562,1
D5_disentangled_strong,0,2,270,50414,2,0,0.1401013731956482,0
D5_disentangled_strong,0,2,282,50428,2,0,0.14303328096866608,0
D5_disentangled_strong,0,2,283,50433,2,0,0.14089274406433105,0
D5_disentangled_strong,0,2,294,50444,2,0,0.20586815476417542,0
D5_disentangled_strong,0,2,307,50477,1,1,0.5559706091880798,1
D5_disentangled_strong,0,2,316,50490,1,1,0.611673891544342,1
D5_disentangled_strong,0,2,357,50565,2,0,0.3370288908481598,0
D5_disentangled_strong,0,2,363,50573,2,0,0.1365649402141571,0
D5_disentangled_strong,0,2,364,50574,2,0,0.17417889833450317,0
D5_disentangled_strong,0,2,372,50604,1,1,0.6972905993461609,1
D5_disentangled_strong,0,2,381,50619,1,1,0.8063864707946777,1
D5_disentangled_strong,0,2,385,50623,1,1,0.6944025158882141,1
D5_disentangled_strong,0,2,394,50648,1,1,0.13736365735530853,0
D5_disentangled_strong,0,2,399,50664,2,0,0.13642369210720062,0
D5_disentangled_strong,0,2,407,50688,2,0,0.1386549472808838,0
D5_disentangled_strong,0,2,410,50691,2,0,0.1377774029970169,0
D5_disentangled_strong,0,2,417,50698,2,0,0.19137601554393768,0
D5_disentangled_strong,0,2,426,50707,2,0,0.1392061859369278,0
D5_disentangled_strong,0,2,450,50749,1,1,0.7896314263343811,1
D5_disentangled_strong,0,2,453,50752,1,1,0.4060186445713043,0
D5_disentangled_strong,0,2,462,50776,2,0,0.1384386569261551,0
D5_disentangled_strong,0,2,465,50780,2,0,0.1422295868396759,0
D5_disentangled_strong,0,2,478,50801,1,1,0.34451499581336975,0
D5_disentangled_strong,0,2,489,50823,1,1,0.6192964315414429,1
D5_disentangled_strong,0,2,513,50978,1,1,0.8036576509475708,1
D5_disentangled_strong,0,2,528,50994,1,1,0.7996065616607666,1
D5_disentangled_strong,0,2,535,51002,1,1,0.42542850971221924,0
D5_disentangled_strong,0,2,543,51012,1,1,0.7133761644363403,1
D5_disentangled_strong,0,2,544,51013,1,1,0.6080687046051025,1
D5_disentangled_strong,0,2,546,51015,1,1,0.1361418515443802,0
D5_disentangled_strong,0,2,553,51023,1,1,0.7946230173110962,1
D5_disentangled_strong,0,2,558,51028,1,1,0.8057514429092407,1
D5_disentangled_strong,0,2,568,51040,2,0,0.14866377413272858,0
D5_disentangled_strong,0,2,572,51045,2,0,0.14505009353160858,0
D5_disentangled_strong,0,2,585,51058,2,0,0.14261668920516968,0
D5_disentangled_strong,0,2,592,51065,2,0,0.14145547151565552,0
D5_disentangled_strong,0,2,596,51069,2,0,0.14021264016628265,0
D5_disentangled_strong,0,2,612,51086,2,0,0.1428254395723343,0
D5_disentangled_strong,0,2,629,51104,2,0,0.13903863728046417,0
D5_disentangled_strong,0,2,642,51122,2,0,0.1441105455160141,0
D5_disentangled_strong,0,2,645,51126,2,0,0.14695557951927185,0
D5_disentangled_strong,0,2,646,51127,2,0,0.39441218972206116,0
D5_disentangled_strong,0,2,651,51132,2,0,0.1378932148218155,0
D5_disentangled_strong,0,2,681,51171,1,1,0.2795993983745575,0
D5_disentangled_strong,0,2,683,51177,1,1,0.7473970651626587,1
D5_disentangled_strong,0,2,690,51184,2,0,0.16082274913787842,0
D5_disentangled_strong,0,2,691,51185,2,0,0.47514116764068604,0
D5_disentangled_strong,0,2,718,51222,1,1,0.13754680752754211,0
D5_disentangled_strong,0,2,722,51226,1,1,0.13671885430812836,0
D5_disentangled_strong,0,2,728,51235,1,1,0.7937838435173035,1
D5_disentangled_strong,0,2,742,51256,2,0,0.14002645015716553,0
D5_disentangled_strong,0,2,753,51271,2,0,0.14771918952465057,0
D5_disentangled_strong,0,2,793,51328,1,1,0.8064011931419373,1
D5_disentangled_strong,0,2,820,51361,2,0,0.13590401411056519,0
D5_disentangled_strong,0,2,824,51365,2,0,0.13954336941242218,0
D5_disentangled_strong,0,2,832,51473,1,1,0.15043677389621735,0
D5_disentangled_strong,0,2,840,51488,2,0,0.13834550976753235,0
D5_disentangled_strong,0,2,869,51606,1,1,0.1360093206167221,0
D5_disentangled_strong,0,3,21,50030,2,0,0.791256308555603,1
D5_disentangled_strong,0,3,32,50041,2,0,0.06757164001464844,0
D5_disentangled_strong,0,3,34,50043,2,0,0.1981949657201767,0
D5_disentangled_strong,0,3,37,50046,2,0,0.06706540286540985,0
D5_disentangled_strong,0,3,70,50127,1,1,0.07517173141241074,0
D5_disentangled_strong,0,3,74,50131,1,1,0.6654968857765198,1
D5_disentangled_strong,0,3,86,50150,1,1,0.8083518743515015,1
D5_disentangled_strong,0,3,100,50169,2,0,0.06800644844770432,0
D5_disentangled_strong,0,3,119,50202,2,0,0.06763149797916412,0
D5_disentangled_strong,0,3,151,50260,2,0,0.06687919795513153,0
D5_disentangled_strong,0,3,159,50268,2,0,0.06776560842990875,0
D5_disentangled_strong,0,3,160,50269,2,0,0.1312364935874939,0
D5_disentangled_strong,0,3,163,50272,1,1,0.8989698886871338,1
D5_disentangled_strong,0,3,181,50298,1,1,0.526907205581665,1
D5_disentangled_strong,0,3,187,50310,1,1,0.8369457125663757,1
D5_disentangled_strong,0,3,207,50338,2,0,0.0687127411365509,0
D5_disentangled_strong,0,3,258,50399,1,1,0.6418213844299316,1
D5_disentangled_strong,0,3,262,50405,1,1,0.8987178206443787,1
D5_disentangled_strong,0,3,264,50407,1,1,0.8989375233650208,1
D5_disentangled_strong,0,3,284,50434,2,0,0.06682121008634567,0
D5_disentangled_strong,0,3,287,50437,2,0,0.8917084336280823,1
D5_disentangled_strong,0,3,297,50447,2,0,0.14280514419078827,0
D5_disentangled_strong,0,3,310,50482,1,1,0.8985797762870789,1
D5_disentangled_strong,0,3,319,50493,1,1,0.8942070603370667,1
D5_disentangled_strong,0,3,327,50502,1,1,0.8980729579925537,1
D5_disentangled_strong,0,3,329,50504,1,1,0.8946264386177063,1
D5_disentangled_strong,0,3,333,50514,1,1,0.6546214818954468,1
D5_disentangled_strong,0,3,335,50516,1,1,0.8908472061157227,1
D5_disentangled_strong,0,3,337,50519,1,1,0.8952488899230957,1
D5_disentangled_strong,0,3,368,50578,2,0,0.7900249361991882,1
D5_disentangled_strong,0,3,370,50602,1,1,0.8867638111114502,1
D5_disentangled_strong,0,3,371,50603,1,1,0.8990237712860107,1
D5_disentangled_strong,0,3,379,50615,1,1,0.8989546895027161,1
D5_disentangled_strong,0,3,411,50692,2,0,0.0673474445939064,0
D5_disentangled_strong,0,3,425,50706,2,0,0.06796637922525406,0
D5_disentangled_strong,0,3,434,50726,2,0,0.07828223705291748,0
D5_disentangled_strong,0,3,439,50735,2,0,0.06848928332328796,0
D5_disentangled_strong,0,3,444,50741,2,0,0.07807913422584534,0
D5_disentangled_strong,0,3,456,50756,1,1,0.888787567615509,1
D5_disentangled_strong,0,3,457,50757,1,1,0.39962807297706604,0
D5_disentangled_strong,0,3,497,50959,1,1,0.6190372109413147,1
D5_disentangled_strong,0,3,499,50961,1,1,0.2644417881965637,0
D5_disentangled_strong,0,3,502,50965,1,1,0.8977760672569275,1
D5_disentangled_strong,0,3,507,50970,1,1,0.89653480052948,1
D5_disentangled_strong,0,3,514,50979,1,1,0.6165281534194946,1
D5_disentangled_strong,0,3,539,51008,1,1,0.072315514087677,0
D5_disentangled_strong,0,3,562,51033,1,1,0.8268088698387146,1
D5_disentangled_strong,0,3,576,51049,2,0,0.069392129778862,0
D5_disentangled_strong,0,3,589,51062,2,0,0.07160219550132751,0
D5_disentangled_strong,0,3,605,51079,2,0,0.6532706618309021,1
D5_disentangled_strong,0,3,622,51097,2,0,0.07180674374103546,0
D5_disentangled_strong,0,3,626,51101,2,0,0.06703228503465652,0
D5_disentangled_strong,0,3,640,51117,2,0,0.07382375001907349,0
D5_disentangled_strong,0,3,661,51142,2,0,0.06739992648363113,0
D5_disentangled_strong,0,3,662,51146,2,0,0.06896251440048218,0
D5_disentangled_strong,0,3,669,51153,2,0,0.06719636172056198,0
D5_disentangled_strong,0,3,676,51163,1,1,0.20158283412456512,0
D5_disentangled_strong,0,3,678,51168,1,1,0.2466917783021927,0
D5_disentangled_strong,0,3,686,51180,2,0,0.06690394878387451,0
D5_disentangled_strong,0,3,688,51182,2,0,0.06688427925109863,0
D5_disentangled_strong,0,3,709,51212,1,1,0.8933196067810059,1
D5_disentangled_strong,0,3,710,51214,1,1,0.8990705013275146,1
D5_disentangled_strong,0,3,713,51217,1,1,0.06928229331970215,0
D5_disentangled_strong,0,3,714,51218,1,1,0.8906586170196533,1
D5_disentangled_strong,0,3,716,51220,1,1,0.8861532211303711,1
D5_disentangled_strong,0,3,723,51228,1,1,0.8989696502685547,1
D5_disentangled_strong,0,3,737,51251,2,0,0.41256967186927795,0
D5_disentangled_strong,0,3,739,51253,2,0,0.07467282563447952,0
D5_disentangled_strong,0,3,745,51261,2,0,0.07188761234283447,0
D5_disentangled_strong,0,3,747,51264,2,0,0.07854681462049484,0
D5_disentangled_strong,0,3,754,51272,2,0,0.10854526609182358,0
D5_disentangled_strong,0,3,755,51273,2,0,0.7937747836112976,1
D5_disentangled_strong,0,3,756,51275,2,0,0.068075992166996,0
D5_disentangled_strong,0,3,780,51309,2,0,0.898745059967041,1
D5_disentangled_strong,0,3,786,51320,1,1,0.8933050632476807,1
D5_disentangled_strong,0,3,791,51326,1,1,0.6068699955940247,1
D5_disentangled_strong,0,3,800,51335,2,0,0.09651374071836472,0
D5_disentangled_strong,0,3,806,51342,2,0,0.07718249410390854,0
D5_disentangled_strong,0,3,819,51360,2,0,0.06686154752969742,0
D5_disentangled_strong,0,3,831,51465,1,1,0.8987417817115784,1
D5_disentangled_strong,0,3,834,51479,2,0,0.06789524108171463,0
D5_disentangled_strong,0,3,836,51481,2,0,0.0670485720038414,0
D5_disentangled_strong,0,3,842,51493,2,0,0.07883182913064957,0
D5_disentangled_strong,0,3,852,51566,2,0,0.0690649226307869,0
D5_disentangled_strong,0,3,853,51567,2,0,0.06799279153347015,0
D5_disentangled_strong,0,3,857,51572,1,1,0.8985739946365356,1
D5_disentangled_strong,0,3,868,51585,1,1,0.8930333852767944,1
D5_disentangled_strong,0,4,8,50012,1,1,0.9225428104400635,1
D5_disentangled_strong,0,4,13,50020,1,1,0.9287535548210144,1
D5_disentangled_strong,0,4,17,50025,1,1,0.9298750162124634,1
D5_disentangled_strong,0,4,29,50038,2,0,0.08252587169408798,0
D5_disentangled_strong,0,4,33,50042,2,0,0.09381034970283508,0
D5_disentangled_strong,0,4,43,50052,2,0,0.18497636914253235,0
D5_disentangled_strong,0,4,46,50056,1,1,0.9298812747001648,1
D5_disentangled_strong,0,4,55,50107,2,0,0.2620289623737335,0
D5_disentangled_strong,0,4,56,50109,2,0,0.1455632895231247,0
D5_disentangled_strong,0,4,58,50112,2,0,0.08261038362979889,0
D5_disentangled_strong,0,4,66,50121,1,1,0.9298674464225769,1
D5_disentangled_strong,0,4,72,50129,1,1,0.9296411871910095,1
D5_disentangled_strong,0,4,88,50153,1,1,0.8886560201644897,1
D5_disentangled_strong,0,4,99,50168,2,0,0.08430232852697372,0
D5_disentangled_strong,0,4,103,50182,1,1,0.9299812912940979,1
D5_disentangled_strong,0,4,106,50186,1,1,0.9192052483558655,1
D5_disentangled_strong,0,4,109,50189,1,1,0.9297791719436646,1
D5_disentangled_strong,0,4,113,50195,2,0,0.08431209623813629,0
D5_disentangled_strong,0,4,126,50213,2,0,0.08429724723100662,0
D5_disentangled_strong,0,4,135,50239,1,1,0.9287128448486328,1
D5_disentangled_strong,0,4,144,50251,1,1,0.6214714050292969,1
D5_disentangled_strong,0,4,158,50267,2,0,0.08313492685556412,0
D5_disentangled_strong,0,4,172,50287,1,1,0.09556427597999573,0
D5_disentangled_strong,0,4,175,50291,1,1,0.4701385498046875,0
D5_disentangled_strong,0,4,200,50331,2,0,0.08652600646018982,0
D5_disentangled_strong,0,4,211,50342,2,0,0.1336834728717804,0
D5_disentangled_strong,0,4,230,50361,2,0,0.08765334635972977,0
D5_disentangled_strong,0,4,231,50362,2,0,0.0825052559375763,0
D5_disentangled_strong,0,4,236,50367,2,0,0.08234750479459763,0
D5_disentangled_strong,0,4,243,50375,2,0,0.08431332558393478,0
D5_disentangled_strong,0,4,244,50376,2,0,0.08777700364589691,0
D5_disentangled_strong,0,4,263,50406,1,1,0.9262970685958862,1
D5_disentangled_strong,0,4,280,50426,2,0,0.08315660804510117,0
D5_disentangled_strong,0,4,288,50438,2,0,0.08291319012641907,0
D5_disentangled_strong,0,4,306,50470,2,0,0.21858547627925873,0
D5_disentangled_strong,0,4,328,50503,1,1,0.9299395680427551,1
D5_disentangled_strong,0,4,339,50521,1,1,0.9009477496147156,1
D5_disentangled_strong,0,4,341,50524,1,1,0.9260765314102173,1
D5_disentangled_strong,0,4,345,50528,1,1,0.9269318580627441,1
D5_disentangled_strong,0,4,348,50531,1,1,0.8797906637191772,1
D5_disentangled_strong,0,4,351,50552,2,0,0.16479529440402985,0
D5_disentangled_strong,0,4,386,50624,1,1,0.9297500848770142,1
D5_disentangled_strong,0,4,412,50693,1,1,0.5564873218536377,1
D5_disentangled_strong,0,4,416,50697,1,1,0.9239622354507446,1
D5_disentangled_strong,0,4,436,50730,2,0,0.1048966646194458,0
D5_disentangled_strong,0,4,441,50738,2,0,0.08424863964319229,0
D5_disentangled_strong,0,4,445,50742,2,0,0.08317802846431732,0
D5_disentangled_strong,0,4,455,50755,1,1,0.9294578433036804,1
D5_disentangled_strong,0,4,460,50774,2,0,0.08539266884326935,0
D5_disentangled_strong,0,4,461,50775,2,0,0.08266619592905045,0
D5_disentangled_strong,0,4,467,50782,2,0,0.08232691138982773,0
D5_disentangled_strong,0,4,496,50958,1,1,0.9240240454673767,1
D5_disentangled_strong,0,4,498,50960,1,1,0.7301494479179382,1
D5_disentangled_strong,0,4,508,50972,1,1,0.9292898774147034,1
D5_disentangled_strong,0,4,509,50973,1,1,0.922572135925293,1
D5_disentangled_strong,0,4,510,50974,1,1,0.9300426244735718,1
D5_disentangled_strong,0,4,516,50982,1,1,0.11592394858598709,0
D5_disentangled_strong,0,4,527,50993,1,1,0.9274260997772217,1
D5_disentangled_strong,0,4,551,51020,1,1,0.9123116731643677,1
D5_disentangled_strong,0,4,555,51025,1,1,0.9300528764724731,1
D5_disentangled_strong,0,4,566,51038,2,0,0.08238536864519119,0
D5_disentangled_strong,0,4,577,51050,2,0,0.08429817110300064,0
D5_disentangled_strong,0,4,586,51059,2,0,0.09144820272922516,0
D5_disentangled_strong,0,4,599,51073,2,0,0.08424849808216095,0
D5_disentangled_strong,0,4,606,51080,2,0,0.8237547278404236,1
D5_disentangled_strong,0,4,607,51081,2,0,0.08909224718809128,0
D5_disentangled_strong,0,4,616,51090,2,0,0.08507859706878662,0
D5_disentangled_strong,0,4,619,51094,2,0,0.08953533321619034,0
D5_disentangled_strong,0,4,631,51106,2,0,0.08724935352802277,0
D5_disentangled_strong,0,4,632,51107,2,0,0.9172435998916626,1
D5_disentangled_strong,0,4,657,51138,2,0,0.08585859090089798,0
D5_disentangled_strong,0,4,658,51139,2,0,0.08542338013648987,0
D5_disentangled_strong,0,4,664,51148,2,0,0.09076482802629471,0
D5_disentangled_strong,0,4,665,51149,2,0,0.08234719187021255,0
D5_disentangled_strong,0,4,693,51188,2,0,0.08905018121004105,0
D5_disentangled_strong,0,4,697,51197,2,0,0.08571472764015198,0
D5_disentangled_strong,0,4,698,51198,2,0,0.08334203064441681,0
D5_disentangled_strong,0,4,700,51202,1,1,0.9273900985717773,1
D5_disentangled_strong,0,4,701,51203,1,1,0.9299028515815735,1
D5_disentangled_strong,0,4,703,51205,1,1,0.9263034462928772,1
D5_disentangled_strong,0,4,730,51237,1,1,0.9273826479911804,1
D5_disentangled_strong,0,4,735,51249,1,1,0.9290902018547058,1
D5_disentangled_strong,0,4,767,51295,1,1,0.9298275113105774,1
D5_disentangled_strong,0,4,772,51301,1,1,0.44850677251815796,0
D5_disentangled_strong,0,4,776,51305,2,0,0.6349987387657166,1
D5_disentangled_strong,0,4,845,51558,2,0,0.0825093612074852,0
D5_disentangled_strong,0,4,851,51565,2,0,0.4015485346317291,0
D5_disentangled_strong,0,5,0,50003,1,1,0.12345445901155472,0
D5_disentangled_strong,0,5,6,50010,1,1,0.8195592761039734,1
D5_disentangled_strong,0,5,18,50026,1,1,0.6220125555992126,1
D5_disentangled_strong,0,5,19,50027,1,1,0.09571488201618195,0
D5_disentangled_strong,0,5,50,50102,2,0,0.0951673611998558,0
D5_disentangled_strong,0,5,64,50118,1,1,0.8187918663024902,1
D5_disentangled_strong,0,5,77,50135,1,1,0.7514540553092957,1
D5_disentangled_strong,0,5,78,50142,1,1,0.8211516737937927,1
D5_disentangled_strong,0,5,81,50145,1,1,0.21081425249576569,0
D5_disentangled_strong,0,5,98,50167,2,0,0.10277368873357773,0
D5_disentangled_strong,0,5,112,50194,2,0,0.09543542563915253,0
D5_disentangled_strong,0,5,125,50210,2,0,0.09649328142404556,0
D5_disentangled_strong,0,5,128,50215,2,0,0.09820576012134552,0
D5_disentangled_strong,0,5,142,50249,1,1,0.8195679783821106,1
D5_disentangled_strong,0,5,143,50250,1,1,0.09609894454479218,0
D5_disentangled_strong,0,5,157,50266,2,0,0.09487904608249664,0
D5_disentangled_strong,0,5,161,50270,2,0,0.09578531235456467,0
D5_disentangled_strong,0,5,167,50276,1,1,0.82344651222229,1
D5_disentangled_strong,0,5,198,50329,2,0,0.13887417316436768,0
D5_disentangled_strong,0,5,205,50336,2,0,0.09495153278112411,0
D5_disentangled_strong,0,5,220,50351,2,0,0.10264072567224503,0
D5_disentangled_strong,0,5,221,50352,2,0,0.11766762286424637,0
D5_disentangled_strong,0,5,226,50357,2,0,0.09927792102098465,0
D5_disentangled_strong,0,5,227,50358,2,0,0.12491121888160706,0
D5_disentangled_strong,0,5,249,50382,2,0,0.09895370155572891,0
D5_disentangled_strong,0,5,250,50383,2,0,0.10396616160869598,0
D5_disentangled_strong,0,5,267,50411,1,1,0.8192999362945557,1
D5_disentangled_strong,0,5,277,50422,2,0,0.2876318395137787,0
D5_disentangled_strong,0,5,305,50469,2,0,0.0992688313126564,0
D5_disentangled_strong,0,5,318,50492,1,1,0.6256214380264282,1
D5_disentangled_strong,0,5,321,50496,1,1,0.5702146887779236,1
D5_disentangled_strong,0,5,336,50518,1,1,0.7049001455307007,1
D5_disentangled_strong,0,5,367,50577,2,0,0.09495044499635696,0
D5_disentangled_strong,0,5,373,50606,1,1,0.7488459348678589,1
D5_disentangled_strong,0,5,383,50621,1,1,0.4631009101867676,0
D5_disentangled_strong,0,5,391,50642,1,1,0.6522985696792603,1
D5_disentangled_strong,0,5,433,50725,2,0,0.09612536430358887,0
D5_disentangled_strong,0,5,469,50786,2,0,0.19033586978912354,0
D5_disentangled_strong,0,5,471,50791,1,1,0.49224579334259033,0
D5_disentangled_strong,0,5,500,50962,1,1,0.0960550531744957,0
D5_disentangled_strong,0,5,504,50967,1,1,0.587447464466095,1
D5_disentangled_strong,0,5,529,50995,1,1,0.8167148232460022,1
D5_disentangled_strong,0,5,533,51000,1,1,0.8235498666763306,1
D5_disentangled_strong,0,5,556,51026,1,1,0.8225647211074829,1
D5_disentangled_strong,0,5,560,51030,1,1,0.8233747482299805,1
D5_disentangled_strong,0,5,567,51039,2,0,0.10171183198690414,0
D5_disentangled_strong,0,5,570,51042,2,0,0.09611514210700989,0
D5_disentangled_strong,0,5,574,51047,2,0,0.09581315517425537,0
D5_disentangled_strong,0,5,597,51070,2,0,0.09613572061061859,0
D5_disentangled_strong,0,5,601,51075,2,0,0.1026477962732315,0
D5_disentangled_strong,0,5,621,51096,2,0,0.10340547561645508,0
D5_disentangled_strong,0,5,624,51099,2,0,0.09894905239343643,0
D5_disentangled_strong,0,5,625,51100,2,0,0.09509788453578949,0
D5_disentangled_strong,0,5,628,51103,2,0,0.16457416117191315,0
D5_disentangled_strong,0,5,643,51123,2,0,0.09490196406841278,0
D5_disentangled_strong,0,5,647,51128,2,0,0.1003446951508522,0
D5_disentangled_strong,0,5,650,51131,2,0,0.10836309939622879,0
D5_disentangled_strong,0,5,654,51135,2,0,0.09601567685604095,0
D5_disentangled_strong,0,5,656,51137,2,0,0.09495633095502853,0
D5_disentangled_strong,0,5,659,51140,2,0,0.09477586299180984,0
D5_disentangled_strong,0,5,671,51155,2,0,0.0996645838022232,0
D5_disentangled_strong,0,5,674,51161,1,1,0.7021620273590088,1
D5_disentangled_strong,0,5,680,51170,1,1,0.09481527656316757,0
D5_disentangled_strong,0,5,702,51204,1,1,0.8160734176635742,1
D5_disentangled_strong,0,5,733,51241,1,1,0.09615300595760345,0
D5_disentangled_strong,0,5,734,51248,1,1,0.6645038723945618,1
D5_disentangled_strong,0,5,741,51255,2,0,0.09969007968902588,0
D5_disentangled_strong,0,5,748,51265,2,0,0.09721601009368896,0
D5_disentangled_strong,0,5,749,51266,2,0,0.7280251383781433,1
D5_disentangled_strong,0,5,757,51276,2,0,0.09862593561410904,0
D5_disentangled_strong,0,5,758,51277,2,0,0.09914959222078323,0
D5_disentangled_strong,0,5,761,51280,2,0,0.0989627093076706,0
D5_disentangled_strong,0,5,764,51292,1,1,0.8161234855651855,1
D5_disentangled_strong,0,5,768,51297,1,1,0.8197205066680908,1
D5_disentangled_strong,0,5,785,51319,1,1,0.8230677247047424,1
D5_disentangled_strong,0,5,789,51323,1,1,0.8140214085578918,1
D5_disentangled_strong,0,5,796,51331,1,1,0.5990482568740845,1
D5_disentangled_strong,0,5,797,51332,2,0,0.09837871044874191,0
D5_disentangled_strong,0,5,804,51340,2,0,0.1027141883969307,0
D5_disentangled_strong,0,5,807,51343,2,0,0.10269704461097717,0
D5_disentangled_strong,0,5,808,51344,2,0,0.09613601863384247,0
D5_disentangled_strong,0,5,814,51351,1,1,0.1064990982413292,0
D5_disentangled_strong,0,5,829,51463,1,1,0.48448076844215393,0
D5_disentangled_strong,0,5,846,51559,2,0,0.09488404542207718,0
D5_disentangled_strong,0,5,864,51580,1,1,0.16222938895225525,0
D5_disentangled_strong,0,5,867,51584,1,1,0.6219997406005859,1
D5_disentangled_strong,0,5,870,51607,1,1,0.0959290862083435,0
D5_disentangled_strong,0,6,7,50011,1,1,0.8140245676040649,1
D5_disentangled_strong,0,6,12,50016,1,1,0.7107431292533875,1
D5_disentangled_strong,0,6,22,50031,2,0,0.16519850492477417,0
D5_disentangled_strong,0,6,25,50034,2,0,0.1652834415435791,0
D5_disentangled_strong,0,6,28,50037,2,0,0.16539864242076874,0
D5_disentangled_strong,0,6,30,50039,2,0,0.7876725792884827,1
D5_disentangled_strong,0,6,31,50040,2,0,0.17313216626644135,0
D5_disentangled_strong,0,6,38,50047,2,0,0.5156122446060181,1
D5_disentangled_strong,0,6,51,50103,2,0,0.6100471019744873,1
D5_disentangled_strong,0,6,60,50114,2,0,0.1665763258934021,0
D5_disentangled_strong,0,6,68,50124,1,1,0.634116530418396,1
D5_disentangled_strong,0,6,71,50128,1,1,0.8153672218322754,1
D5_disentangled_strong,0,6,76,50134,1,1,0.7993519306182861,1
D5_disentangled_strong,0,6,102,50171,2,0,0.16850684583187103,0
D5_disentangled_strong,0,6,110,50190,1,1,0.5552715063095093,1
D5_disentangled_strong,0,6,129,50217,2,0,0.16990968585014343,0
D5_disentangled_strong,0,6,137,50241,1,1,0.7557188272476196,1
D5_disentangled_strong,0,6,150,50259,2,0,0.6131656169891357,1
D5_disentangled_strong,0,6,174,50290,1,1,0.681845486164093,1
D5_disentangled_strong,0,6,176,50292,1,1,0.8026814460754395,1
D5_disentangled_strong,0,6,179,50295,1,1,0.8066484928131104,1
D5_disentangled_strong,0,6,188,50312,1,1,0.788951575756073,1
D5_disentangled_strong,0,6,194,50321,1,1,0.8155586123466492,1
D5_disentangled_strong,0,6,209,50340,2,0,0.16642655432224274,0
D5_disentangled_strong,0,6,212,50343,2,0,0.577618420124054,1
D5_disentangled_strong,0,6,213,50344,2,0,0.17113351821899414,0
D5_disentangled_strong,0,6,215,50346,2,0,0.16472658514976501,0
D5_disentangled_strong,0,6,225,50356,2,0,0.16990448534488678,0
D5_disentangled_strong,0,6,240,50372,2,0,0.16822649538516998,0
D5_disentangled_strong,0,6,247,50380,2,0,0.27333971858024597,0
D5_disentangled_strong,0,6,252,50386,2,0,0.1646973341703415,0
D5_disentangled_strong,0,6,253,50387,2,0,0.16757096350193024,0
D5_disentangled_strong,0,6,255,50390,2,0,0.40006351470947266,0
D5_disentangled_strong,0,6,268,50412,1,1,0.7823992967605591,1
D5_disentangled_strong,0,6,279,50425,2,0,0.17018310725688934,0
D5_disentangled_strong,0,6,281,50427,2,0,0.16969457268714905,0
D5_disentangled_strong,0,6,308,50480,1,1,0.8140230178833008,1
D5_disentangled_strong,0,6,309,50481,1,1,0.8132842183113098,1
D5_disentangled_strong,0,6,315,50488,1,1,0.8099150061607361,1
D5_disentangled_strong,0,6,332,50510,1,1,0.8150334358215332,1
D5_disentangled_strong,0,6,338,50520,1,1,0.8094050288200378,1
D5_disentangled_strong,0,6,342,50525,1,1,0.6979878544807434,1
D5_disentangled_strong,0,6,355,50561,2,0,0.16753964126110077,0
D5_disentangled_strong,0,6,358,50568,2,0,0.19764065742492676,0
D5_disentangled_strong,0,6,361,50571,2,0,0.3051242232322693,0
D5_disentangled_strong,0,6,369,50601,1,1,0.18140909075737,0
D5_disentangled_strong,0,6,377,50613,1,1,0.8138597011566162,1
D5_disentangled_strong,0,6,389,50627,1,1,0.8084408640861511,1
D5_disentangled_strong,0,6,403,50683,2,0,0.16569936275482178,0
D5_disentangled_strong,0,6,409,50690,1,1,0.164788618683815,0
D5_disentangled_strong,0,6,413,50694,1,1,0.8136705160140991,1
D5_disentangled_strong,0,6,415,50696,1,1,0.7359741926193237,1
D5_disentangled_strong,0,6,419,50700,1,1,0.8160165548324585,1
D5_disentangled_strong,0,6,422,50703,2,0,0.16525505483150482,0
D5_disentangled_strong,0,6,437,50731,2,0,0.16467706859111786,0
D5_disentangled_strong,0,6,438,50733,2,0,0.23631373047828674,0
D5_disentangled_strong,0,6,443,50740,2,0,0.1679431051015854,0
D5_disentangled_strong,0,6,447,50744,1,1,0.6110897064208984,1
D5_disentangled_strong,0,6,449,50748,1,1,0.3229154944419861,0
D5_disentangled_strong,0,6,470,50790,2,0,0.1658553183078766,0
D5_disentangled_strong,0,6,488,50822,2,0,0.16474972665309906,0
D5_disentangled_strong,0,6,492,50954,1,1,0.16520656645298004,0
D5_disentangled_strong,0,6,495,50957,1,1,0.5898463129997253,1
D5_disentangled_strong,0,6,505,50968,1,1,0.8160107135772705,1
D5_disentangled_strong,0,6,517,50983,1,1,0.7936389446258545,1
D5_disentangled_strong,0,6,523,50989,1,1,0.8138625025749207,1
D5_disentangled_strong,0,6,547,51016,1,1,0.791438639163971,1
D5_disentangled_strong,0,6,552,51021,1,1,0.7307962775230408,1
D5_disentangled_strong,0,6,580,51053,2,0,0.17637519538402557,0
D5_disentangled_strong,0,6,581,51054,2,0,0.16612538695335388,0
D5_disentangled_strong,0,6,582,51055,2,0,0.16792336106300354,0
D5_disentangled_strong,0,6,600,51074,2,0,0.3016967475414276,0
D5_disentangled_strong,0,6,615,51089,2,0,0.1739426851272583,0
D5_disentangled_strong,0,6,634,51110,2,0,0.16614189743995667,0
D5_disentangled_strong,0,6,663,51147,2,0,0.16469010710716248,0
D5_disentangled_strong,0,6,684,51178,1,1,0.8135146498680115,1
D5_disentangled_strong,0,6,699,51201,1,1,0.6331460475921631,1
D5_disentangled_strong,0,6,708,51211,1,1,0.2100667953491211,0
D5_disentangled_strong,0,6,740,51254,2,0,0.16730785369873047,0
D5_disentangled_strong,0,6,752,51269,2,0,0.17108602821826935,0
D5_disentangled_strong,0,6,760,51279,2,0,0.16778108477592468,0
D5_disentangled_strong,0,6,811,51347,2,0,0.1677706390619278,0
D5_disentangled_strong,0,6,821,51362,2,0,0.16612198948860168,0
D5_disentangled_strong,0,6,833,51477,2,0,0.16469579935073853,0
D5_disentangled_strong,0,6,843,51556,2,0,0.16872628033161163,0
D5_disentangled_strong,0,6,859,51574,1,1,0.4466871917247772,0
D5_disentangled_strong,0,6,861,51577,1,1,0.34227582812309265,0
D5_disentangled_strong,0,7,16,50024,1,1,0.8795297741889954,1
D5_disentangled_strong,0,7,26,50035,2,0,0.13903851807117462,0
D5_disentangled_strong,0,7,40,50049,2,0,0.1327979564666748,0
D5_disentangled_strong,0,7,54,50106,2,0,0.8672208189964294,1
D5_disentangled_strong,0,7,80,50144,1,1,0.8756725192070007,1
D5_disentangled_strong,0,7,82,50146,1,1,0.13271234929561615,0
D5_disentangled_strong,0,7,90,50157,2,0,0.6376478672027588,1
D5_disentangled_strong,0,7,91,50158,2,0,0.13286560773849487,0
D5_disentangled_strong,0,7,95,50162,2,0,0.2799294888973236,0
D5_disentangled_strong,0,7,104,50183,1,1,0.8782008290290833,1
D5_disentangled_strong,0,7,153,50262,2,0,0.17282944917678833,0
D5_disentangled_strong,0,7,156,50265,2,0,0.15116386115550995,0
D5_disentangled_strong,0,7,165,50274,1,1,0.8785719871520996,1
D5_disentangled_strong,0,7,166,50275,1,1,0.8778562545776367,1
D5_disentangled_strong,0,7,169,50282,1,1,0.8705253601074219,1
D5_disentangled_strong,0,7,178,50294,1,1,0.8698365688323975,1
D5_disentangled_strong,0,7,189,50314,1,1,0.8781492710113525,1
D5_disentangled_strong,0,7,190,50315,1,1,0.8785921335220337,1
D5_disentangled_strong,0,7,191,50318,1,1,0.4530993700027466,0
D5_disentangled_strong,0,7,208,50339,2,0,0.1330895721912384,0
D5_disentangled_strong,0,7,214,50345,2,0,0.16593539714813232,0
D5_disentangled_strong,0,7,224,50355,2,0,0.1714315265417099,0
D5_disentangled_strong,0,7,233,50364,2,0,0.4158532917499542,0
D5_disentangled_strong,0,7,245,50377,2,0,0.13386985659599304,0
D5_disentangled_strong,0,7,246,50379,2,0,0.13984891772270203,0
D5_disentangled_strong,0,7,251,50385,2,0,0.815433144569397,1
D5_disentangled_strong,0,7,261,50404,1,1,0.8789422512054443,1
D5_disentangled_strong,0,7,276,50421,2,0,0.13266697525978088,0
D5_disentangled_strong,0,7,285,50435,2,0,0.1372772604227066,0
D5_disentangled_strong,0,7,289,50439,2,0,0.15112222731113434,0
D5_disentangled_strong,0,7,296,50446,2,0,0.1554541438817978,0
D5_disentangled_strong,0,7,298,50448,2,0,0.6286846399307251,1
D5_disentangled_strong,0,7,304,50468,2,0,0.2118789404630661,0
D5_disentangled_strong,0,7,314,50487,1,1,0.877983570098877,1
D5_disentangled_strong,0,7,325,50500,1,1,0.8792966604232788,1
D5_disentangled_strong,0,7,350,50551,2,0,0.14578421413898468,0
D5_disentangled_strong,0,7,398,50659,2,0,0.42044728994369507,0
D5_disentangled_strong,0,7,420,50701,2,0,0.1393543928861618,0
D5_disentangled_strong,0,7,423,50704,1,1,0.39382797479629517,0
D5_disentangled_strong,0,7,424,50705,1,1,0.6031883358955383,1
D5_disentangled_strong,0,7,428,50709,2,0,0.1631377786397934,0
D5_disentangled_strong,0,7,452,50751,1,1,0.8619738221168518,1
D5_disentangled_strong,0,7,459,50773,2,0,0.1404479742050171,0
D5_disentangled_strong,0,7,474,50797,1,1,0.8685545921325684,1
D5_disentangled_strong,0,7,479,50803,1,1,0.8650732040405273,1
D5_disentangled_strong,0,7,480,50807,1,1,0.8777955174446106,1
D5_disentangled_strong,0,7,484,50817,2,0,0.13449199497699738,0
D5_disentangled_strong,0,7,485,50818,2,0,0.14736418426036835,0
D5_disentangled_strong,0,7,487,50821,2,0,0.13359801471233368,0
D5_disentangled_strong,0,7,494,50956,1,1,0.874590277671814,1
D5_disentangled_strong,0,7,512,50977,1,1,0.8794425129890442,1
D5_disentangled_strong,0,7,515,50981,1,1,0.8627697825431824,1
D5_disentangled_strong,0,7,518,50984,1,1,0.8749635815620422,1
D5_disentangled_strong,0,7,520,50986,1,1,0.7024449706077576,1
D5_disentangled_strong,0,7,526,50992,1,1,0.8759515881538391,1
D5_disentangled_strong,0,7,536,51003,1,1,0.8794393539428711,1
D5_disentangled_strong,0,7,540,51009,1,1,0.8777846693992615,1
D5_disentangled_strong,0,7,545,51014,1,1,0.8785313367843628,1
D5_disentangled_strong,0,7,578,51051,2,0,0.1353348046541214,0
D5_disentangled_strong,0,7,590,51063,2,0,0.13446933031082153,0
D5_disentangled_strong,0,7,603,51077,2,0,0.6751125454902649,1
D5_disentangled_strong,0,7,617,51091,2,0,0.142622709274292,0
D5_disentangled_strong,0,7,630,51105,2,0,0.1325569897890091,0
D5_disentangled_strong,0,7,641,51118,2,0,0.6862561106681824,1
D5_disentangled_strong,0,7,644,51124,2,0,0.13256582617759705,0
D5_disentangled_strong,0,7,666,51150,2,0,0.13387027382850647,0
D5_disentangled_strong,0,7,667,51151,2,0,0.1529267132282257,0
D5_disentangled_strong,0,7,672,51156,2,0,0.13450177013874054,0
D5_disentangled_strong,0,7,675,51162,1,1,0.8796799182891846,1
D5_disentangled_strong,0,7,685,51179,1,1,0.8759558796882629,1
D5_disentangled_strong,0,7,706,51208,1,1,0.5496709942817688,1
D5_disentangled_strong,0,7,715,51219,1,1,0.8764587640762329,1
D5_disentangled_strong,0,7,720,51224,1,1,0.8394678235054016,1
D5_disentangled_strong,0,7,725,51230,1,1,0.8791784048080444,1
D5_disentangled_strong,0,7,746,51262,2,0,0.1724180430173874,0
D5_disentangled_strong,0,7,763,51291,1,1,0.8777592182159424,1
D5_disentangled_strong,0,7,775,51304,2,0,0.1457788050174713,0
D5_disentangled_strong,0,7,781,51311,2,0,0.13533245027065277,0
D5_disentangled_strong,0,7,790,51325,1,1,0.8756205439567566,1
D5_disentangled_strong,0,7,792,51327,1,1,0.8798040747642517,1
D5_disentangled_strong,0,7,799,51334,2,0,0.1344657987356186,0
D5_disentangled_strong,0,7,803,51339,2,0,0.13271468877792358,0
D5_disentangled_strong,0,7,837,51482,2,0,0.13670912384986877,0
D5_disentangled_strong,0,7,838,51484,2,0,0.40977537631988525,0
D5_disentangled_strong,0,7,841,51491,2,0,0.13260316848754883,0
D5_disentangled_strong,0,7,860,51576,1,1,0.753688633441925,1
D5_disentangled_strong,0,7,865,51582,1,1,0.8795716762542725,1
D5_disentangled_strong,0,8,5,50008,1,1,0.8760973811149597,1
D5_disentangled_strong,0,8,9,50013,1,1,0.8796557188034058,1
D5_disentangled_strong,0,8,23,50032,2,0,0.08878307044506073,0
D5_disentangled_strong,0,8,24,50033,2,0,0.0882020890712738,0
D5_disentangled_strong,0,8,73,50130,1,1,0.8883262872695923,1
D5_disentangled_strong,0,8,75,50132,1,1,0.8877940773963928,1
D5_disentangled_strong,0,8,85,50149,1,1,0.8879629969596863,1
D5_disentangled_strong,0,8,105,50184,1,1,0.8862831592559814,1
D5_disentangled_strong,0,8,120,50203,2,0,0.08842737972736359,0
D5_disentangled_strong,0,8,124,50208,2,0,0.09070981293916702,0
D5_disentangled_strong,0,8,134,50237,1,1,0.8803853988647461,1
D5_disentangled_strong,0,8,138,50243,1,1,0.8885183930397034,1
D5_disentangled_strong,0,8,139,50245,1,1,0.8890923857688904,1
D5_disentangled_strong,0,8,155,50264,2,0,0.08798407018184662,0
D5_disentangled_strong,0,8,173,50289,1,1,0.2598234713077545,0
D5_disentangled_strong,0,8,201,50332,2,0,0.0881899744272232,0
D5_disentangled_strong,0,8,216,50347,2,0,0.08866766840219498,0
D5_disentangled_strong,0,8,228,50359,2,0,0.1017635241150856,0
D5_disentangled_strong,0,8,229,50360,2,0,0.08796641230583191,0
D5_disentangled_strong,0,8,235,50366,2,0,0.09080164134502411,0
D5_disentangled_strong,0,8,239,50370,2,0,0.09750238060951233,0
D5_disentangled_strong,0,8,269,50413,1,1,0.8869247436523438,1
D5_disentangled_strong,0,8,272,50416,2,0,0.08921976387500763,0
D5_disentangled_strong,0,8,273,50417,2,0,0.08943092077970505,0
D5_disentangled_strong,0,8,290,50440,2,0,0.2337169498205185,0
D5_disentangled_strong,0,8,291,50441,2,0,0.08942000567913055,0
D5_disentangled_strong,0,8,299,50449,2,0,0.08827315270900726,0
D5_disentangled_strong,0,8,313,50486,1,1,0.889122724533081,1
D5_disentangled_strong,0,8,324,50499,1,1,0.8877643942832947,1
D5_disentangled_strong,0,8,330,50507,1,1,0.609054684638977,1
D5_disentangled_strong,0,8,343,50526,1,1,0.8299504518508911,1
D5_disentangled_strong,0,8,344,50527,1,1,0.885551393032074,1
D5_disentangled_strong,0,8,362,50572,2,0,0.08866261690855026,0
D5_disentangled_strong,0,8,380,50616,1,1,0.887456476688385,1
D5_disentangled_strong,0,8,388,50626,1,1,0.8879481554031372,1
D5_disentangled_strong,0,8,400,50665,2,0,0.3554229736328125,0
D5_disentangled_strong,0,8,402,50682,2,0,0.09023991227149963,0
D5_disentangled_strong,0,8,404,50685,2,0,0.10039576143026352,0
D5_disentangled_strong,0,8,421,50702,1,1,0.7421855926513672,1
D5_disentangled_strong,0,8,427,50708,1,1,0.8891157507896423,1
D5_disentangled_strong,0,8,431,50723,2,0,0.08812963217496872,0
D5_disentangled_strong,0,8,463,50777,2,0,0.09020495414733887,0
D5_disentangled_strong,0,8,472,50792,1,1,0.8882973194122314,1
D5_disentangled_strong,0,8,473,50796,1,1,0.8886933922767639,1
D5_disentangled_strong,0,8,477,50800,1,1,0.8890764713287354,1
D5_disentangled_strong,0,8,486,50820,2,0,0.08936689049005508,0
D5_disentangled_strong,0,8,519,50985,1,1,0.8879499435424805,1
D5_disentangled_strong,0,8,521,50987,1,1,0.8879386782646179,1
D5_disentangled_strong,0,8,524,50990,1,1,0.8883318305015564,1
D5_disentangled_strong,0,8,530,50996,1,1,0.8820977807044983,1
D5_disentangled_strong,0,8,538,51007,1,1,0.888035237789154,1
D5_disentangled_strong,0,8,548,51017,1,1,0.8386867642402649,1
D5_disentangled_strong,0,8,549,51018,1,1,0.8890942931175232,1
D5_disentangled_strong,0,8,554,51024,1,1,0.8883187770843506,1
D5_disentangled_strong,0,8,563,51034,1,1,0.8888947367668152,1
D5_disentangled_strong,0,8,565,51036,2,0,0.09021323919296265,0
D5_disentangled_strong,0,8,573,51046,2,0,0.19650185108184814,0
D5_disentangled_strong,0,8,593,51066,2,0,0.09054851531982422,0
D5_disentangled_strong,0,8,608,51082,2,0,0.08857645839452744,0
D5_disentangled_strong,0,8,613,51087,2,0,0.0879521518945694,0
D5_disentangled_strong,0,8,618,51093,2,0,0.08865325152873993,0
D5_disentangled_strong,0,8,620,51095,2,0,0.12566278874874115,0
D5_disentangled_strong,0,8,635,51111,2,0,0.08813630789518356,0
D5_disentangled_strong,0,8,652,51133,2,0,0.665858268737793,1
D5_disentangled_strong,0,8,653,51134,2,0,0.0881306380033493,0
D5_disentangled_strong,0,8,668,51152,2,0,0.08820725977420807,0
D5_disentangled_strong,0,8,682,51173,1,1,0.8890184164047241,1
D5_disentangled_strong,0,8,687,51181,2,0,0.09747923165559769,0
D5_disentangled_strong,0,8,717,51221,1,1,0.8859274983406067,1
D5_disentangled_strong,0,8,719,51223,1,1,0.8883009552955627,1
D5_disentangled_strong,0,8,731,51239,1,1,0.8851227164268494,1
D5_disentangled_strong,0,8,743,51257,2,0,0.7146967053413391,1
D5_disentangled_strong,0,8,751,51268,2,0,0.08798860758543015,0
D5_disentangled_strong,0,8,759,51278,2,0,0.09621600061655045,0
D5_disentangled_strong,0,8,770,51299,1,1,0.8891122937202454,1
D5_disentangled_strong,0,8,773,51302,1,1,0.8887421488761902,1
D5_disentangled_strong,0,8,782,51313,2,0,0.09021244198083878,0
D5_disentangled_strong,0,8,809,51345,2,0,0.0975029394030571,0
D5_disentangled_strong,0,8,810,51346,2,0,0.0893770158290863,0
D5_disentangled_strong,0,8,816,51356,2,0,0.8644272685050964,1
D5_disentangled_strong,0,8,826,51370,2,0,0.08844176679849625,0
D5_disentangled_strong,0,8,827,51373,2,0,0.08818719536066055,0
D5_disentangled_strong,0,8,830,51464,1,1,0.8890711665153503,1
D5_disentangled_strong,0,8,844,51557,2,0,0.08981472998857498,0
D5_disentangled_strong,0,8,849,51563,2,0,0.08867031335830688,0
D5_disentangled_strong,0,8,855,51569,2,0,0.09120846539735794,0
D5_disentangled_strong,0,8,858,51573,1,1,0.7157149910926819,1
D5_disentangled_strong,0,9,1,50004,1,1,0.9095165729522705,1
D5_disentangled_strong,0,9,15,50023,1,1,0.9095087051391602,1
D5_disentangled_strong,0,9,39,50048,2,0,0.8424054980278015,1
D5_disentangled_strong,0,9,47,50057,1,1,0.046207450330257416,0
D5_disentangled_strong,0,9,48,50059,2,0,0.04819280281662941,0
D5_disentangled_strong,0,9,62,50116,2,0,0.4620659649372101,0
D5_disentangled_strong,0,9,89,50156,1,1,0.9079062342643738,1
D5_disentangled_strong,0,9,101,50170,2,0,0.057345349341630936,0
D5_disentangled_strong,0,9,107,50187,1,1,0.04814912751317024,0
D5_disentangled_strong,0,9,121,50204,2,0,0.04714423790574074,0
D5_disentangled_strong,0,9,127,50214,2,0,0.04794028401374817,0
D5_disentangled_strong,0,9,168,50278,1,1,0.9100332260131836,1
D5_disentangled_strong,0,9,193,50320,1,1,0.9080808758735657,1
D5_disentangled_strong,0,9,196,50325,1,1,0.0464022234082222,0
D5_disentangled_strong,0,9,254,50388,2,0,0.04681118577718735,0
D5_disentangled_strong,0,9,259,50402,1,1,0.04618799686431885,0
D5_disentangled_strong,0,9,260,50403,1,1,0.047152016311883926,0
D5_disentangled_strong,0,9,265,50408,1,1,0.049808911979198456,0
D5_disentangled_strong,0,9,295,50445,2,0,0.04621036723256111,0
D5_disentangled_strong,0,9,300,50453,2,0,0.3965190649032593,0
D5_disentangled_strong,0,9,301,50463,2,0,0.04657796397805214,0
D5_disentangled_strong,0,9,311,50483,1,1,0.5390456914901733,1
D5_disentangled_strong,0,9,312,50485,1,1,0.046504128724336624,0
D5_disentangled_strong,0,9,322,50497,1,1,0.9036471843719482,1
D5_disentangled_strong,0,9,331,50509,1,1,0.9100059866905212,1
D5_disentangled_strong,0,9,365,50575,2,0,0.4552592933177948,0
D5_disentangled_strong,0,9,366,50576,2,0,0.046287983655929565,0
D5_disentangled_strong,0,9,375,50608,1,1,0.1607559323310852,0
D5_disentangled_strong,0,9,392,50644,1,1,0.9095705151557922,1
D5_disentangled_strong,0,9,393,50647,1,1,0.9042930603027344,1
D5_disentangled_strong,0,9,395,50649,1,1,0.046693041920661926,0
D5_disentangled_strong,0,9,396,50654,1,1,0.1821744441986084,0
D5_disentangled_strong,0,9,401,50669,2,0,0.9047038555145264,1
D5_disentangled_strong,0,9,418,50699,2,0,0.797207236289978,1
D5_disentangled_strong,0,9,440,50737,2,0,0.04628007113933563,0
D5_disentangled_strong,0,9,442,50739,2,0,0.057364095002412796,0
D5_disentangled_strong,0,9,448,50745,1,1,0.9068098664283752,1
D5_disentangled_strong,0,9,454,50754,1,1,0.9100542664527893,1
D5_disentangled_strong,0,9,458,50772,2,0,0.9042693972587585,1
D5_disentangled_strong,0,9,464,50778,2,0,0.3510705828666687,0
D5_disentangled_strong,0,9,483,50816,2,0,0.047653842717409134,0
D5_disentangled_strong,0,9,491,50952,1,1,0.9095293283462524,1
D5_disentangled_strong,0,9,503,50966,1,1,0.8548111319541931,1
D5_disentangled_strong,0,9,532,50999,1,1,0.9063955545425415,1
D5_disentangled_strong,0,9,550,51019,1,1,0.9085841774940491,1
D5_disentangled_strong,0,9,561,51032,1,1,0.9015825390815735,1
D5_disentangled_strong,0,9,569,51041,2,0,0.048982199281454086,0
D5_disentangled_strong,0,9,571,51044,2,0,0.049302950501441956,0
D5_disentangled_strong,0,9,575,51048,2,0,0.046320077031850815,0
D5_disentangled_strong,0,9,588,51061,2,0,0.04835166409611702,0
D5_disentangled_strong,0,9,591,51064,2,0,0.723659873008728,1
D5_disentangled_strong,0,9,594,51067,2,0,0.0502740815281868,0
D5_disentangled_strong,0,9,598,51072,2,0,0.774563193321228,1
D5_disentangled_strong,0,9,602,51076,2,0,0.050279416143894196,0
D5_disentangled_strong,0,9,604,51078,2,0,0.04926925152540207,0
D5_disentangled_strong,0,9,611,51085,2,0,0.909528911113739,1
D5_disentangled_strong,0,9,614,51088,2,0,0.048394519835710526,0
D5_disentangled_strong,0,9,627,51102,2,0,0.04619785398244858,0
D5_disentangled_strong,0,9,637,51113,2,0,0.04705676808953285,0
D5_disentangled_strong,0,9,638,51114,2,0,0.047229886054992676,0
D5_disentangled_strong,0,9,649,51130,2,0,0.7963591814041138,1
D5_disentangled_strong,0,9,660,51141,2,0,0.33700013160705566,0
D5_disentangled_strong,0,9,679,51169,1,1,0.8308449983596802,1
D5_disentangled_strong,0,9,689,51183,2,0,0.05228240787982941,0
D5_disentangled_strong,0,9,704,51206,1,1,0.7330142855644226,1
D5_disentangled_strong,0,9,707,51210,1,1,0.9010128378868103,1
D5_disentangled_strong,0,9,711,51215,1,1,0.04827745631337166,0
D5_disentangled_strong,0,9,721,51225,1,1,0.10914850234985352,0
D5_disentangled_strong,0,9,726,51231,1,1,0.049303360283374786,0
D5_disentangled_strong,0,9,729,51236,1,1,0.24106274545192719,0
D5_disentangled_strong,0,9,744,51260,2,0,0.04818025603890419,0
D5_disentangled_strong,0,9,750,51267,2,0,0.04717421159148216,0
D5_disentangled_strong,0,9,777,51306,2,0,0.7248612642288208,1
D5_disentangled_strong,0,9,787,51321,1,1,0.9018328189849854,1
D5_disentangled_strong,0,9,788,51322,1,1,0.504281759262085,1
D5_disentangled_strong,0,9,794,51329,1,1,0.04654630273580551,0
D5_disentangled_strong,0,9,802,51338,2,0,0.1748846024274826,0
D5_disentangled_strong,0,9,805,51341,2,0,0.13848374783992767,0
D5_disentangled_strong,0,9,812,51349,1,1,0.04699963331222534,0
D5_disentangled_strong,0,9,818,51359,2,0,0.9067082405090332,1
D5_disentangled_strong,0,9,822,51363,2,0,0.046643417328596115,0
D5_disentangled_strong,0,9,823,51364,2,0,0.2675977349281311,0
D5_disentangled_strong,0,9,847,51560,2,0,0.046726830303668976,0
D5_disentangled_strong,0,9,848,51562,2,0,0.047174785286188126,0
D5_disentangled_strong,0,9,850,51564,2,0,0.04622916877269745,0
D5_disentangled_strong,0,9,863,51579,1,1,0.04660880193114281,0
D5_disentangled_strong,0,9,866,51583,1,1,0.9065836668014526,1
D5_disentangled_strong,0,10,11,50015,1,1,0.9339821934700012,1
D5_disentangled_strong,0,10,41,50050,2,0,0.07289814203977585,0
D5_disentangled_strong,0,10,44,50053,1,1,0.8334681987762451,1
D5_disentangled_strong,0,10,52,50104,2,0,0.07577411830425262,0
D5_disentangled_strong,0,10,59,50113,2,0,0.07500709593296051,0
D5_disentangled_strong,0,10,65,50119,1,1,0.07330217957496643,0
D5_disentangled_strong,0,10,92,50159,2,0,0.9345888495445251,1
D5_disentangled_strong,0,10,93,50160,2,0,0.07353284955024719,0
D5_disentangled_strong,0,10,94,50161,2,0,0.9146336913108826,1
D5_disentangled_strong,0,10,108,50188,1,1,0.07403409481048584,0
D5_disentangled_strong,0,10,115,50198,2,0,0.07293174415826797,0
D5_disentangled_strong,0,10,117,50200,2,0,0.07381876558065414,0
D5_disentangled_strong,0,10,118,50201,2,0,0.0729508250951767,0
D5_disentangled_strong,0,10,140,50247,1,1,0.9355669617652893,1
D5_disentangled_strong,0,10,149,50257,2,0,0.07359692454338074,0
D5_disentangled_strong,0,10,177,50293,1,1,0.9351022839546204,1
D5_disentangled_strong,0,10,180,50297,1,1,0.5317479372024536,1
D5_disentangled_strong,0,10,182,50300,1,1,0.07528485357761383,0
D5_disentangled_strong,0,10,185,50304,1,1,0.9347556233406067,1
D5_disentangled_strong,0,10,186,50308,1,1,0.7064954042434692,1
D5_disentangled_strong,0,10,195,50324,1,1,0.9362173080444336,1
D5_disentangled_strong,0,10,199,50330,2,0,0.07594317197799683,0
D5_disentangled_strong,0,10,203,50334,2,0,0.3674948811531067,0
D5_disentangled_strong,0,10,206,50337,2,0,0.07260839641094208,0
D5_disentangled_strong,0,10,219,50350,2,0,0.07494188845157623,0
D5_disentangled_strong,0,10,237,50368,2,0,0.07353006303310394,0
D5_disentangled_strong,0,10,238,50369,2,0,0.07529310882091522,0
D5_disentangled_strong,0,10,242,50374,2,0,0.07345761358737946,0
D5_disentangled_strong,0,10,248,50381,2,0,0.07255369424819946,0
D5_disentangled_strong,0,10,256,50391,2,0,0.07304184138774872,0
D5_disentangled_strong,0,10,274,50418,2,0,0.07260291278362274,0
D5_disentangled_strong,0,10,293,50443,2,0,0.49752551317214966,0
D5_disentangled_strong,0,10,317,50491,1,1,0.9360918998718262,1
D5_disentangled_strong,0,10,320,50494,1,1,0.5317772626876831,1
D5_disentangled_strong,0,10,334,50515,1,1,0.936093807220459,1
D5_disentangled_strong,0,10,340,50523,1,1,0.9361626505851746,1
D5_disentangled_strong,0,10,347,50530,1,1,0.9343562126159668,1
D5_disentangled_strong,0,10,354,50558,2,0,0.07586737722158432,0
D5_disentangled_strong,0,10,356,50563,2,0,0.07325265556573868,0
D5_disentangled_strong,0,10,359,50569,2,0,0.15356051921844482,0
D5_disentangled_strong,0,10,374,50607,1,1,0.07322634011507034,0
D5_disentangled_strong,0,10,376,50612,1,1,0.07278525829315186,0
D5_disentangled_strong,0,10,378,50614,1,1,0.9353879690170288,1
D5_disentangled_strong,0,10,382,50620,1,1,0.07247736304998398,0
D5_disentangled_strong,0,10,384,50622,1,1,0.7675691246986389,1
D5_disentangled_strong,0,10,387,50625,1,1,0.07356646656990051,0
D5_disentangled_strong,0,10,406,50687,2,0,0.7593892812728882,1
D5_disentangled_strong,0,10,414,50695,1,1,0.10783951729536057,0
D5_disentangled_strong,0,10,429,50711,1,1,0.07290852069854736,0
D5_disentangled_strong,0,10,432,50724,2,0,0.07254800945520401,0
D5_disentangled_strong,0,10,466,50781,2,0,0.708437442779541,1
D5_disentangled_strong,0,10,468,50783,2,0,0.07289454340934753,0
D5_disentangled_strong,0,10,482,50814,2,0,0.0728880763053894,0
D5_disentangled_strong,0,10,493,50955,1,1,0.07293050736188889,0
D5_disentangled_strong,0,10,501,50964,1,1,0.08552655577659607,0
D5_disentangled_strong,0,10,506,50969,1,1,0.936318039894104,1
D5_disentangled_strong,0,10,531,50997,1,1,0.9361914396286011,1
D5_disentangled_strong,0,10,534,51001,1,1,0.9358048439025879,1
D5_disentangled_strong,0,10,542,51011,1,1,0.933969259262085,1
D5_disentangled_strong,0,10,564,51035,1,1,0.7929831743240356,1
D5_disentangled_strong,0,10,583,51056,2,0,0.07403925061225891,0
D5_disentangled_strong,0,10,587,51060,2,0,0.6989343166351318,1
D5_disentangled_strong,0,10,595,51068,2,0,0.8438876867294312,1
D5_disentangled_strong,0,10,609,51083,2,0,0.9346306324005127,1
D5_disentangled_strong,0,10,610,51084,2,0,0.9362772703170776,1
D5_disentangled_strong,0,10,623,51098,2,0,0.07554005831480026,0
D5_disentangled_strong,0,10,639,51116,2,0,0.07581324130296707,0
D5_disentangled_strong,0,10,673,51159,2,0,0.9362601041793823,1
D5_disentangled_strong,0,10,677,51164,1,1,0.9354718327522278,1
D5_disentangled_strong,0,10,694,51189,2,0,0.07292265444993973,0
D5_disentangled_strong,0,10,705,51207,1,1,0.9327549934387207,1
D5_disentangled_strong,0,10,712,51216,1,1,0.07251782715320587,0
D5_disentangled_strong,0,10,724,51229,1,1,0.9331930875778198,1
D5_disentangled_strong,0,10,736,51250,2,0,0.0729307159781456,0
D5_disentangled_strong,0,10,738,51252,2,0,0.933476984500885,1
D5_disentangled_strong,0,10,769,51298,1,1,0.9346246123313904,1
D5_disentangled_strong,0,10,771,51300,1,1,0.9354574680328369,1
D5_disentangled_strong,0,10,774,51303,2,0,0.09142819046974182,0
D5_disentangled_strong,0,10,778,51307,2,0,0.9361985921859741,1
D5_disentangled_strong,0,10,783,51315,2,0,0.7579898238182068,1
D5_disentangled_strong,0,10,784,51318,1,1,0.9344627261161804,1
D5_disentangled_strong,0,10,801,51336,2,0,0.07287351787090302,0
D5_disentangled_strong,0,10,813,51350,1,1,0.9343588352203369,1
D5_disentangled_strong,0,10,815,51354,1,1,0.8388042449951172,1
D5_disentangled_strong,0,10,817,51357,2,0,0.07458759099245071,0
D5_disentangled_strong,0,10,835,51480,2,0,0.07334773987531662,0
D5_disentangled_strong,0,10,856,51570,2,0,0.6991422772407532,1
D5_disentangled_strong,1,1,8,50012,1,1,0.8878391981124878,1
D5_disentangled_strong,1,1,17,50025,1,1,0.8291038870811462,1
D5_disentangled_strong,1,1,26,50035,2,0,0.16210806369781494,0
D5_disentangled_strong,1,1,30,50039,2,0,0.654612123966217,1
D5_disentangled_strong,1,1,31,50040,2,0,0.0901746153831482,0
D5_disentangled_strong,1,1,33,50042,2,0,0.1799597144126892,0
D5_disentangled_strong,1,1,40,50049,2,0,0.11111526191234589,0
D5_disentangled_strong,1,1,64,50118,1,1,0.8938392400741577,1
D5_disentangled_strong,1,1,71,50128,1,1,0.8775598406791687,1
D5_disentangled_strong,1,1,74,50131,1,1,0.7040894627571106,1
D5_disentangled_strong,1,1,90,50157,2,0,0.16875986754894257,0
D5_disentangled_strong,1,1,109,50189,1,1,0.8941898345947266,1
D5_disentangled_strong,1,1,115,50198,2,0,0.21999134123325348,0
D5_disentangled_strong,1,1,119,50202,2,0,0.19703932106494904,0
D5_disentangled_strong,1,1,148,50255,1,1,0.8941841721534729,1
D5_disentangled_strong,1,1,170,50284,1,1,0.5940867066383362,1
D5_disentangled_strong,1,1,172,50287,1,1,0.14192283153533936,0
D5_disentangled_strong,1,1,192,50319,1,1,0.8940550088882446,1
D5_disentangled_strong,1,1,204,50335,2,0,0.09078657627105713,0
D5_disentangled_strong,1,1,221,50352,2,0,0.3662830591201782,0
D5_disentangled_strong,1,1,230,50361,2,0,0.09086216986179352,0
D5_disentangled_strong,1,1,241,50373,2,0,0.2173985093832016,0
D5_disentangled_strong,1,1,269,50413,1,1,0.891409158706665,1
D5_disentangled_strong,1,1,273,50417,2,0,0.09436241537332535,0
D5_disentangled_strong,1,1,283,50433,2,0,0.0921587347984314,0
D5_disentangled_strong,1,1,288,50438,2,0,0.09355190396308899,0
D5_disentangled_strong,1,1,289,50439,2,0,0.19608962535858154,0
D5_disentangled_strong,1,1,303,50467,2,0,0.253286212682724,0
D5_disentangled_strong,1,1,313,50486,1,1,0.8916016221046448,1
D5_disentangled_strong,1,1,326,50501,1,1,0.894095242023468,1
D5_disentangled_strong,1,1,333,50514,1,1,0.8764735460281372,1
D5_disentangled_strong,1,1,335,50516,1,1,0.838918924331665,1
D5_disentangled_strong,1,1,337,50519,1,1,0.8928308486938477,1
D5_disentangled_strong,1,1,343,50526,1,1,0.5925469398498535,1
D5_disentangled_strong,1,1,383,50621,1,1,0.874897301197052,1
D5_disentangled_strong,1,1,390,50628,1,1,0.8891051411628723,1
D5_disentangled_strong,1,1,410,50691,2,0,0.09033624082803726,0
D5_disentangled_strong,1,1,416,50697,1,1,0.886803925037384,1
D5_disentangled_strong,1,1,422,50703,2,0,0.09349928051233292,0
D5_disentangled_strong,1,1,425,50706,2,0,0.15845507383346558,0
D5_disentangled_strong,1,1,429,50711,1,1,0.24141260981559753,0
D5_disentangled_strong,1,1,431,50723,2,0,0.09027077257633209,0
D5_disentangled_strong,1,1,435,50728,2,0,0.5462167859077454,1
D5_disentangled_strong,1,1,441,50738,2,0,0.09478205442428589,0
D5_disentangled_strong,1,1,446,50743,1,1,0.8868427276611328,1
D5_disentangled_strong,1,1,449,50748,1,1,0.8898079991340637,1
D5_disentangled_strong,1,1,455,50755,1,1,0.8902703523635864,1
D5_disentangled_strong,1,1,457,50757,1,1,0.2058756947517395,0
D5_disentangled_strong,1,1,501,50964,1,1,0.8868373036384583,1
D5_disentangled_strong,1,1,502,50965,1,1,0.8941986560821533,1
D5_disentangled_strong,1,1,511,50976,1,1,0.8942843079566956,1
D5_disentangled_strong,1,1,553,51023,1,1,0.8890841603279114,1
D5_disentangled_strong,1,1,560,51030,1,1,0.8892136812210083,1
D5_disentangled_strong,1,1,562,51033,1,1,0.8817886710166931,1
D5_disentangled_strong,1,1,566,51038,2,0,0.09296812862157822,0
D5_disentangled_strong,1,1,584,51057,2,0,0.09777532517910004,0
D5_disentangled_strong,1,1,597,51070,2,0,0.19618342816829681,0
D5_disentangled_strong,1,1,599,51073,2,0,0.09138815850019455,0
D5_disentangled_strong,1,1,610,51084,2,0,0.8789159059524536,1
D5_disentangled_strong,1,1,615,51089,2,0,0.10496281087398529,0
D5_disentangled_strong,1,1,630,51105,2,0,0.09038941562175751,0
D5_disentangled_strong,1,1,633,51109,2,0,0.09240050613880157,0
D5_disentangled_strong,1,1,636,51112,2,0,0.09646643698215485,0
D5_disentangled_strong,1,1,654,51135,2,0,0.10381989926099777,0
D5_disentangled_strong,1,1,680,51170,1,1,0.16486810147762299,0
D5_disentangled_strong,1,1,686,51180,2,0,0.6400830745697021,1
D5_disentangled_strong,1,1,691,51185,2,0,0.7861162424087524,1
D5_disentangled_strong,1,1,696,51194,2,0,0.7914639711380005,1
D5_disentangled_strong,1,1,697,51197,2,0,0.15464851260185242,0
D5_disentangled_strong,1,1,726,51231,1,1,0.2773978114128113,0
D5_disentangled_strong,1,1,729,51236,1,1,0.6490657925605774,1
D5_disentangled_strong,1,1,734,51248,1,1,0.8941905498504639,1
D5_disentangled_strong,1,1,744,51260,2,0,0.09043369442224503,0
D5_disentangled_strong,1,1,753,51271,2,0,0.09906509518623352,0
D5_disentangled_strong,1,1,754,51272,2,0,0.22010718286037445,0
D5_disentangled_strong,1,1,755,51273,2,0,0.45045945048332214,0
D5_disentangled_strong,1,1,757,51276,2,0,0.093874491751194,0
D5_disentangled_strong,1,1,765,51293,1,1,0.8891055583953857,1
D5_disentangled_strong,1,1,769,51298,1,1,0.8931586742401123,1
D5_disentangled_strong,1,1,787,51321,1,1,0.25739338994026184,0
D5_disentangled_strong,1,1,789,51323,1,1,0.8922141194343567,1
D5_disentangled_strong,1,1,792,51327,1,1,0.841162383556366,1
D5_disentangled_strong,1,1,804,51340,2,0,0.0938756987452507,0
D5_disentangled_strong,1,1,836,51481,2,0,0.16038940846920013,0
D5_disentangled_strong,1,1,841,51491,2,0,0.09297043085098267,0
D5_disentangled_strong,1,1,842,51493,2,0,0.20127713680267334,0
D5_disentangled_strong,1,1,856,51570,2,0,0.09020179510116577,0
D5_disentangled_strong,1,1,870,51607,1,1,0.4050953686237335,0
D5_disentangled_strong,1,2,1,50004,1,1,0.8891618251800537,1
D5_disentangled_strong,1,2,13,50020,1,1,0.8888579607009888,1
D5_disentangled_strong,1,2,23,50032,2,0,0.07353582978248596,0
D5_disentangled_strong,1,2,34,50043,2,0,0.08337999135255814,0
D5_disentangled_strong,1,2,41,50050,2,0,0.07308865338563919,0
D5_disentangled_strong,1,2,45,50054,2,0,0.7909302711486816,1
D5_disentangled_strong,1,2,53,50105,2,0,0.0732191950082779,0
D5_disentangled_strong,1,2,59,50113,2,0,0.0755082219839096,0
D5_disentangled_strong,1,2,69,50125,1,1,0.8561410903930664,1
D5_disentangled_strong,1,2,80,50144,1,1,0.8885537981987,1
D5_disentangled_strong,1,2,84,50148,1,1,0.8908995985984802,1
D5_disentangled_strong,1,2,105,50184,1,1,0.8874415755271912,1
D5_disentangled_strong,1,2,144,50251,1,1,0.2623509466648102,0
D5_disentangled_strong,1,2,160,50269,2,0,0.09550687670707703,0
D5_disentangled_strong,1,2,165,50274,1,1,0.8721214532852173,1
D5_disentangled_strong,1,2,174,50290,1,1,0.8899499773979187,1
D5_disentangled_strong,1,2,195,50324,1,1,0.8907136917114258,1
D5_disentangled_strong,1,2,201,50332,2,0,0.07359783351421356,0
D5_disentangled_strong,1,2,209,50340,2,0,0.07424182444810867,0
D5_disentangled_strong,1,2,213,50344,2,0,0.07337560504674911,0
D5_disentangled_strong,1,2,215,50346,2,0,0.07465309649705887,0
D5_disentangled_strong,1,2,217,50348,2,0,0.07539810985326767,0
D5_disentangled_strong,1,2,218,50349,2,0,0.07556064426898956,0
D5_disentangled_strong,1,2,222,50353,2,0,0.07307743281126022,0
D5_disentangled_strong,1,2,224,50355,2,0,0.07534967362880707,0
D5_disentangled_strong,1,2,242,50374,2,0,0.07400545477867126,0
D5_disentangled_strong,1,2,253,50387,2,0,0.07464758306741714,0
D5_disentangled_strong,1,2,256,50391,2,0,0.07536130398511887,0
D5_disentangled_strong,1,2,277,50422,2,0,0.27127906680107117,0
D5_disentangled_strong,1,2,284,50434,2,0,0.0731368288397789,0
D5_disentangled_strong,1,2,305,50469,2,0,0.0734843909740448,0
D5_disentangled_strong,1,2,311,50483,1,1,0.7918704152107239,1
D5_disentangled_strong,1,2,331,50509,1,1,0.8909488916397095,1
D5_disentangled_strong,1,2,342,50525,1,1,0.34425047039985657,0
D5_disentangled_strong,1,2,356,50563,2,0,0.07310689985752106,0
D5_disentangled_strong,1,2,370,50602,1,1,0.702495276927948,1
D5_disentangled_strong,1,2,394,50648,1,1,0.4895484745502472,0
D5_disentangled_strong,1,2,401,50669,2,0,0.8860344886779785,1
D5_disentangled_strong,1,2,413,50694,1,1,0.8869624137878418,1
D5_disentangled_strong,1,2,438,50733,2,0,0.07298262417316437,0
D5_disentangled_strong,1,2,445,50742,2,0,0.0738118514418602,0
D5_disentangled_strong,1,2,447,50744,1,1,0.8851818442344666,1
D5_disentangled_strong,1,2,451,50750,1,1,0.885420560836792,1
D5_disentangled_strong,1,2,460,50774,2,0,0.07359208166599274,0
D5_disentangled_strong,1,2,472,50792,1,1,0.8897165656089783,1
D5_disentangled_strong,1,2,475,50798,1,1,0.07532700896263123,0
D5_disentangled_strong,1,2,477,50800,1,1,0.8854117393493652,1
D5_disentangled_strong,1,2,492,50954,1,1,0.08703689277172089,0
D5_disentangled_strong,1,2,496,50958,1,1,0.8793398141860962,1
D5_disentangled_strong,1,2,505,50968,1,1,0.8907254934310913,1
D5_disentangled_strong,1,2,506,50969,1,1,0.6029471158981323,1
D5_disentangled_strong,1,2,524,50990,1,1,0.8900848031044006,1
D5_disentangled_strong,1,2,535,51002,1,1,0.8723206520080566,1
D5_disentangled_strong,1,2,545,51014,1,1,0.8906190395355225,1
D5_disentangled_strong,1,2,558,51028,1,1,0.8896698355674744,1
D5_disentangled_strong,1,2,564,51035,1,1,0.8489211201667786,1
D5_disentangled_strong,1,2,571,51044,2,0,0.07552825659513474,0
D5_disentangled_strong,1,2,574,51047,2,0,0.07309690862894058,0
D5_disentangled_strong,1,2,580,51053,2,0,0.07739756256341934,0
D5_disentangled_strong,1,2,585,51058,2,0,0.07653576880693436,0
D5_disentangled_strong,1,2,588,51061,2,0,0.07612056285142899,0
D5_disentangled_strong,1,2,600,51074,2,0,0.0782543197274208,0
D5_disentangled_strong,1,2,603,51077,2,0,0.07673908025026321,0
D5_disentangled_strong,1,2,617,51091,2,0,0.07424798607826233,0
D5_disentangled_strong,1,2,646,51127,2,0,0.07743139564990997,0
D5_disentangled_strong,1,2,648,51129,2,0,0.07580582797527313,0
D5_disentangled_strong,1,2,650,51131,2,0,0.0763787105679512,0
D5_disentangled_strong,1,2,651,51132,2,0,0.07346421480178833,0
D5_disentangled_strong,1,2,655,51136,2,0,0.13204649090766907,0
D5_disentangled_strong,1,2,662,51146,2,0,0.07596278190612793,0
D5_disentangled_strong,1,2,664,51148,2,0,0.07738711684942245,0
D5_disentangled_strong,1,2,668,51152,2,0,0.07356017082929611,0
D5_disentangled_strong,1,2,675,51162,1,1,0.8895968794822693,1
D5_disentangled_strong,1,2,681,51171,1,1,0.8903812170028687,1
D5_disentangled_strong,1,2,689,51183,2,0,0.07530538737773895,0
D5_disentangled_strong,1,2,703,51205,1,1,0.8895887136459351,1
D5_disentangled_strong,1,2,728,51235,1,1,0.8872008323669434,1
D5_disentangled_strong,1,2,735,51249,1,1,0.8883856534957886,1
D5_disentangled_strong,1,2,751,51268,2,0,0.07299062609672546,0
D5_disentangled_strong,1,2,763,51291,1,1,0.8906086087226868,1
D5_disentangled_strong,1,2,767,51295,1,1,0.890620768070221,1
D5_disentangled_strong,1,2,813,51350,1,1,0.8744992613792419,1
D5_disentangled_strong,1,2,814,51351,1,1,0.8708615303039551,1
D5_disentangled_strong,1,2,826,51370,2,0,0.07336574047803879,0
D5_disentangled_strong,1,2,835,51480,2,0,0.07550229877233505,0
D5_disentangled_strong,1,2,859,51574,1,1,0.8896129727363586,1
D5_disentangled_strong,1,2,867,51584,1,1,0.8754584789276123,1
D5_disentangled_strong,1,3,3,50006,1,1,0.7150986790657043,1
D5_disentangled_strong,1,3,15,50023,1,1,0.5399242639541626,1
D5_disentangled_strong,1,3,25,50034,2,0,0.20689629018306732,0
D5_disentangled_strong,1,3,39,50048,2,0,0.6968947649002075,1
D5_disentangled_strong,1,3,68,50124,1,1,0.6593377590179443,1
D5_disentangled_strong,1,3,75,50132,1,1,0.5769378542900085,1
D5_disentangled_strong,1,3,88,50153,1,1,0.2241266667842865,0
D5_disentangled_strong,1,3,100,50169,2,0,0.20434920489788055,0
D5_disentangled_strong,1,3,107,50187,1,1,0.21308599412441254,0
D5_disentangled_strong,1,3,111,50193,2,0,0.21001242101192474,0
D5_disentangled_strong,1,3,122,50205,2,0,0.2082667350769043,0
D5_disentangled_strong,1,3,138,50243,1,1,0.5592691898345947,1
D5_disentangled_strong,1,3,147,50254,1,1,0.6663549542427063,1
D5_disentangled_strong,1,3,159,50268,2,0,0.20552346110343933,0
D5_disentangled_strong,1,3,173,50289,1,1,0.28095605969429016,0
D5_disentangled_strong,1,3,186,50308,1,1,0.5378422737121582,1
D5_disentangled_strong,1,3,189,50314,1,1,0.717107355594635,1
D5_disentangled_strong,1,3,193,50320,1,1,0.7091041803359985,1
D5_disentangled_strong,1,3,199,50330,2,0,0.2215285450220108,0
D5_disentangled_strong,1,3,203,50334,2,0,0.6776459813117981,1
D5_disentangled_strong,1,3,206,50337,2,0,0.2662005126476288,0
D5_disentangled_strong,1,3,232,50363,2,0,0.2823481857776642,0
D5_disentangled_strong,1,3,233,50364,2,0,0.29137489199638367,0
D5_disentangled_strong,1,3,236,50367,2,0,0.20385119318962097,0
D5_disentangled_strong,1,3,248,50381,2,0,0.24397467076778412,0
D5_disentangled_strong,1,3,252,50386,2,0,0.20378220081329346,0
D5_disentangled_strong,1,3,255,50390,2,0,0.20583298802375793,0
D5_disentangled_strong,1,3,259,50402,1,1,0.20381540060043335,0
D5_disentangled_strong,1,3,261,50404,1,1,0.7130217552185059,1
D5_disentangled_strong,1,3,264,50407,1,1,0.714317262172699,1
D5_disentangled_strong,1,3,282,50428,2,0,0.2068222016096115,0
D5_disentangled_strong,1,3,291,50441,2,0,0.2045040875673294,0
D5_disentangled_strong,1,3,296,50446,2,0,0.20451286435127258,0
D5_disentangled_strong,1,3,301,50463,2,0,0.20412205159664154,0
D5_disentangled_strong,1,3,312,50485,1,1,0.20448878407478333,0
D5_disentangled_strong,1,3,322,50497,1,1,0.7121814489364624,1
D5_disentangled_strong,1,3,330,50507,1,1,0.3897709250450134,0
D5_disentangled_strong,1,3,332,50510,1,1,0.7170811295509338,1
D5_disentangled_strong,1,3,338,50520,1,1,0.6232120990753174,1
D5_disentangled_strong,1,3,362,50572,2,0,0.20409272611141205,0
D5_disentangled_strong,1,3,364,50574,2,0,0.33328166604042053,0
D5_disentangled_strong,1,3,368,50578,2,0,0.6936452984809875,1
D5_disentangled_strong,1,3,382,50620,1,1,0.21326875686645508,0
D5_disentangled_strong,1,3,384,50622,1,1,0.7029910087585449,1
D5_disentangled_strong,1,3,398,50659,2,0,0.4517890214920044,0
D5_disentangled_strong,1,3,403,50683,2,0,0.2045479118824005,0
D5_disentangled_strong,1,3,408,50689,1,1,0.7036249041557312,1
D5_disentangled_strong,1,3,415,50696,1,1,0.6978004574775696,1
D5_disentangled_strong,1,3,421,50702,1,1,0.24397440254688263,0
D5_disentangled_strong,1,3,433,50725,2,0,0.20484861731529236,0
D5_disentangled_strong,1,3,436,50730,2,0,0.20909303426742554,0
D5_disentangled_strong,1,3,439,50735,2,0,0.2070760726928711,0
D5_disentangled_strong,1,3,469,50786,2,0,0.20714214444160461,0
D5_disentangled_strong,1,3,497,50959,1,1,0.27195438742637634,0
D5_disentangled_strong,1,3,503,50966,1,1,0.20624279975891113,0
D5_disentangled_strong,1,3,517,50983,1,1,0.39119064807891846,0
D5_disentangled_strong,1,3,529,50995,1,1,0.7023069262504578,1
D5_disentangled_strong,1,3,530,50996,1,1,0.5762397646903992,1
D5_disentangled_strong,1,3,531,50997,1,1,0.5074430108070374,1
D5_disentangled_strong,1,3,541,51010,1,1,0.3428580164909363,0
D5_disentangled_strong,1,3,546,51015,1,1,0.20407657325267792,0
D5_disentangled_strong,1,3,555,51025,1,1,0.5224491953849792,1
D5_disentangled_strong,1,3,572,51045,2,0,0.2130420058965683,0
D5_disentangled_strong,1,3,577,51050,2,0,0.20381033420562744,0
D5_disentangled_strong,1,3,592,51065,2,0,0.20656956732273102,0
D5_disentangled_strong,1,3,607,51081,2,0,0.20429164171218872,0
D5_disentangled_strong,1,3,608,51082,2,0,0.23008088767528534,0
D5_disentangled_strong,1,3,613,51087,2,0,0.204075887799263,0
D5_disentangled_strong,1,3,637,51113,2,0,0.20642858743667603,0
D5_disentangled_strong,1,3,639,51116,2,0,0.2153778374195099,0
D5_disentangled_strong,1,3,645,51126,2,0,0.20963385701179504,0
D5_disentangled_strong,1,3,661,51142,2,0,0.22691337764263153,0
D5_disentangled_strong,1,3,706,51208,1,1,0.27526620030403137,0
D5_disentangled_strong,1,3,714,51218,1,1,0.713489830493927,1
D5_disentangled_strong,1,3,722,51226,1,1,0.20377518236637115,0
D5_disentangled_strong,1,3,731,51239,1,1,0.7122265100479126,1
D5_disentangled_strong,1,3,741,51255,2,0,0.20401403307914734,0
D5_disentangled_strong,1,3,752,51269,2,0,0.2076292783021927,0
D5_disentangled_strong,1,3,761,51280,2,0,0.2064407914876938,0
D5_disentangled_strong,1,3,770,51299,1,1,0.7143537998199463,1
D5_disentangled_strong,1,3,771,51300,1,1,0.6769417524337769,1
D5_disentangled_strong,1,3,776,51305,2,0,0.3507058918476105,0
D5_disentangled_strong,1,3,794,51329,1,1,0.3786487281322479,0
D5_disentangled_strong,1,3,803,51339,2,0,0.20385856926441193,0
D5_disentangled_strong,1,3,806,51342,2,0,0.20434805750846863,0
D5_disentangled_strong,1,3,838,51484,2,0,0.3068757653236389,0
D5_disentangled_strong,1,3,855,51569,2,0,0.5391296148300171,1
D5_disentangled_strong,1,4,4,50007,1,1,0.35431915521621704,0
D5_disentangled_strong,1,4,32,50041,2,0,0.10610172897577286,0
D5_disentangled_strong,1,4,46,50056,1,1,0.8530334830284119,1
D5_disentangled_strong,1,4,57,50111,2,0,0.10737965255975723,0
D5_disentangled_strong,1,4,60,50114,2,0,0.10673905909061432,0
D5_disentangled_strong,1,4,87,50152,1,1,0.8777478933334351,1
D5_disentangled_strong,1,4,94,50161,2,0,0.10536038130521774,0
D5_disentangled_strong,1,4,120,50203,2,0,0.10690756142139435,0
D5_disentangled_strong,1,4,135,50239,1,1,0.12707412242889404,0
D5_disentangled_strong,1,4,149,50257,2,0,0.10757548362016678,0
D5_disentangled_strong,1,4,153,50262,2,0,0.10537716001272202,0
D5_disentangled_strong,1,4,154,50263,2,0,0.10581986606121063,0
D5_disentangled_strong,1,4,166,50275,1,1,0.6730562448501587,1
D5_disentangled_strong,1,4,179,50295,1,1,0.8715124726295471,1
D5_disentangled_strong,1,4,210,50341,2,0,0.10567005723714828,0
D5_disentangled_strong,1,4,216,50347,2,0,0.10740413516759872,0
D5_disentangled_strong,1,4,226,50357,2,0,0.1069023609161377,0
D5_disentangled_strong,1,4,258,50399,1,1,0.3398425877094269,0
D5_disentangled_strong,1,4,272,50416,2,0,0.10703457146883011,0
D5_disentangled_strong,1,4,295,50445,2,0,0.10562711209058762,0
D5_disentangled_strong,1,4,316,50490,1,1,0.6830025911331177,1
D5_disentangled_strong,1,4,323,50498,1,1,0.8693466782569885,1
D5_disentangled_strong,1,4,324,50499,1,1,0.8123406767845154,1
D5_disentangled_strong,1,4,328,50503,1,1,0.8044575452804565,1
D5_disentangled_strong,1,4,329,50504,1,1,0.877238929271698,1
D5_disentangled_strong,1,4,344,50527,1,1,0.2753400504589081,0
D5_disentangled_strong,1,4,349,50532,1,1,0.8774136304855347,1
D5_disentangled_strong,1,4,350,50551,2,0,0.10991354286670685,0
D5_disentangled_strong,1,4,359,50569,2,0,0.11274421215057373,0
D5_disentangled_strong,1,4,360,50570,2,0,0.10527344793081284,0
D5_disentangled_strong,1,4,363,50573,2,0,0.10528966784477234,0
D5_disentangled_strong,1,4,371,50603,1,1,0.8767231702804565,1
D5_disentangled_strong,1,4,380,50616,1,1,0.8763428926467896,1
D5_disentangled_strong,1,4,387,50625,1,1,0.10527516156435013,0
D5_disentangled_strong,1,4,389,50627,1,1,0.833560585975647,1
D5_disentangled_strong,1,4,391,50642,1,1,0.8187381625175476,1
D5_disentangled_strong,1,4,392,50644,1,1,0.8733808994293213,1
D5_disentangled_strong,1,4,402,50682,2,0,0.10566774010658264,0
D5_disentangled_strong,1,4,430,50722,2,0,0.10707022994756699,0
D5_disentangled_strong,1,4,437,50731,2,0,0.10816925019025803,0
D5_disentangled_strong,1,4,458,50772,2,0,0.873436689376831,1
D5_disentangled_strong,1,4,473,50796,1,1,0.8442769646644592,1
D5_disentangled_strong,1,4,474,50797,1,1,0.7141919136047363,1
D5_disentangled_strong,1,4,481,50812,2,0,0.10646174848079681,0
D5_disentangled_strong,1,4,483,50816,2,0,0.10957302898168564,0
D5_disentangled_strong,1,4,485,50818,2,0,0.1072254404425621,0
D5_disentangled_strong,1,4,509,50973,1,1,0.37124890089035034,0
D5_disentangled_strong,1,4,516,50982,1,1,0.10633732378482819,0
D5_disentangled_strong,1,4,543,51012,1,1,0.6030361652374268,1
D5_disentangled_strong,1,4,548,51017,1,1,0.8413816094398499,1
D5_disentangled_strong,1,4,549,51018,1,1,0.8778330683708191,1
D5_disentangled_strong,1,4,551,51020,1,1,0.20161710679531097,0
D5_disentangled_strong,1,4,575,51048,2,0,0.10583384335041046,0
D5_disentangled_strong,1,4,590,51063,2,0,0.11228211969137192,0
D5_disentangled_strong,1,4,598,51072,2,0,0.10685626417398453,0
D5_disentangled_strong,1,4,605,51079,2,0,0.2714398503303528,0
D5_disentangled_strong,1,4,618,51093,2,0,0.11076023429632187,0
D5_disentangled_strong,1,4,626,51101,2,0,0.10535744577646255,0
D5_disentangled_strong,1,4,641,51118,2,0,0.16180512309074402,0
D5_disentangled_strong,1,4,649,51130,2,0,0.3398517072200775,0
D5_disentangled_strong,1,4,653,51134,2,0,0.10670527070760727,0
D5_disentangled_strong,1,4,658,51139,2,0,0.10634218901395798,0
D5_disentangled_strong,1,4,659,51140,2,0,0.10565630346536636,0
D5_disentangled_strong,1,4,666,51150,2,0,0.10628652572631836,0
D5_disentangled_strong,1,4,678,51168,1,1,0.5138781666755676,1
D5_disentangled_strong,1,4,687,51181,2,0,0.10814949125051498,0
D5_disentangled_strong,1,4,690,51184,2,0,0.15239384770393372,0
D5_disentangled_strong,1,4,699,51201,1,1,0.5415246486663818,1
D5_disentangled_strong,1,4,708,51211,1,1,0.11325220763683319,0
D5_disentangled_strong,1,4,712,51216,1,1,0.10582342743873596,0
D5_disentangled_strong,1,4,716,51220,1,1,0.8200682997703552,1
D5_disentangled_strong,1,4,718,51222,1,1,0.10562349110841751,0
D5_disentangled_strong,1,4,723,51228,1,1,0.8772956132888794,1
D5_disentangled_strong,1,4,742,51256,2,0,0.11000938713550568,0
D5_disentangled_strong,1,4,750,51267,2,0,0.10955391079187393,0
D5_disentangled_strong,1,4,778,51307,2,0,0.8772322535514832,1
D5_disentangled_strong,1,4,793,51328,1,1,0.8776233792304993,1
D5_disentangled_strong,1,4,808,51344,2,0,0.10713756084442139,0
D5_disentangled_strong,1,4,815,51354,1,1,0.6245256066322327,1
D5_disentangled_strong,1,4,817,51357,2,0,0.10978777706623077,0
D5_disentangled_strong,1,4,845,51558,2,0,0.10629813373088837,0
D5_disentangled_strong,1,4,846,51559,2,0,0.10528655350208282,0
D5_disentangled_strong,1,4,852,51566,2,0,0.1058245599269867,0
D5_disentangled_strong,1,4,854,51568,2,0,0.10813423246145248,0
D5_disentangled_strong,1,4,860,51576,1,1,0.10910775512456894,0
D5_disentangled_strong,1,4,861,51577,1,1,0.1670716553926468,0
D5_disentangled_strong,1,4,863,51579,1,1,0.10567917674779892,0
D5_disentangled_strong,1,5,9,50013,1,1,0.8671003580093384,1
D5_disentangled_strong,1,5,12,50016,1,1,0.7068692445755005,1
D5_disentangled_strong,1,5,21,50030,2,0,0.7594597339630127,1
D5_disentangled_strong,1,5,28,50037,2,0,0.1989811807870865,0
D5_disentangled_strong,1,5,37,50046,2,0,0.143759623169899,0
D5_disentangled_strong,1,5,48,50059,2,0,0.1390223205089569,0
D5_disentangled_strong,1,5,73,50130,1,1,0.36330878734588623,0
D5_disentangled_strong,1,5,77,50135,1,1,0.8713317513465881,1
D5_disentangled_strong,1,5,79,50143,1,1,0.8738943338394165,1
D5_disentangled_strong,1,5,81,50145,1,1,0.8706023693084717,1
D5_disentangled_strong,1,5,95,50162,2,0,0.17255057394504547,0
D5_disentangled_strong,1,5,97,50164,2,0,0.13871847093105316,0
D5_disentangled_strong,1,5,102,50171,2,0,0.26153257489204407,0
D5_disentangled_strong,1,5,128,50215,2,0,0.13457345962524414,0
D5_disentangled_strong,1,5,134,50237,1,1,0.8713212609291077,1
D5_disentangled_strong,1,5,142,50249,1,1,0.8763142824172974,1
D5_disentangled_strong,1,5,150,50259,2,0,0.1391095221042633,0
D5_disentangled_strong,1,5,167,50276,1,1,0.8748161792755127,1
D5_disentangled_strong,1,5,177,50293,1,1,0.861310601234436,1
D5_disentangled_strong,1,5,185,50304,1,1,0.8631750345230103,1
D5_disentangled_strong,1,5,191,50318,1,1,0.16493789851665497,0
D5_disentangled_strong,1,5,207,50338,2,0,0.13626231253147125,0
D5_disentangled_strong,1,5,243,50375,2,0,0.13577941060066223,0
D5_disentangled_strong,1,5,250,50383,2,0,0.17712002992630005,0
D5_disentangled_strong,1,5,271,50415,2,0,0.14074184000492096,0
D5_disentangled_strong,1,5,276,50421,2,0,0.13507163524627686,0
D5_disentangled_strong,1,5,280,50426,2,0,0.13544413447380066,0
D5_disentangled_strong,1,5,286,50436,2,0,0.8633036017417908,1
D5_disentangled_strong,1,5,293,50443,2,0,0.6439759135246277,1
D5_disentangled_strong,1,5,304,50468,2,0,0.530147910118103,1
D5_disentangled_strong,1,5,306,50470,2,0,0.2864043116569519,0
D5_disentangled_strong,1,5,327,50502,1,1,0.8766112923622131,1
D5_disentangled_strong,1,5,334,50515,1,1,0.8713876008987427,1
D5_disentangled_strong,1,5,336,50518,1,1,0.842362105846405,1
D5_disentangled_strong,1,5,339,50521,1,1,0.3700582683086395,0
D5_disentangled_strong,1,5,347,50530,1,1,0.869433581829071,1
D5_disentangled_strong,1,5,351,50552,2,0,0.16045787930488586,0
D5_disentangled_strong,1,5,355,50561,2,0,0.14370056986808777,0
D5_disentangled_strong,1,5,367,50577,2,0,0.13532409071922302,0
D5_disentangled_strong,1,5,385,50623,1,1,0.8449035882949829,1
D5_disentangled_strong,1,5,411,50692,2,0,0.13458466529846191,0
D5_disentangled_strong,1,5,412,50693,1,1,0.14522504806518555,0
D5_disentangled_strong,1,5,417,50698,2,0,0.15974897146224976,0
D5_disentangled_strong,1,5,443,50740,2,0,0.13622517883777618,0
D5_disentangled_strong,1,5,465,50780,2,0,0.31282320618629456,0
D5_disentangled_strong,1,5,484,50817,2,0,0.13566172122955322,0
D5_disentangled_strong,1,5,487,50821,2,0,0.13521063327789307,0
D5_disentangled_strong,1,5,494,50956,1,1,0.8648452758789062,1
D5_disentangled_strong,1,5,498,50960,1,1,0.30645278096199036,0
D5_disentangled_strong,1,5,504,50967,1,1,0.8709523677825928,1
D5_disentangled_strong,1,5,507,50970,1,1,0.8758429884910583,1
D5_disentangled_strong,1,5,513,50978,1,1,0.8766000866889954,1
D5_disentangled_strong,1,5,514,50979,1,1,0.7706890106201172,1
D5_disentangled_strong,1,5,528,50994,1,1,0.8732455372810364,1
D5_disentangled_strong,1,5,533,51000,1,1,0.8755170106887817,1
D5_disentangled_strong,1,5,536,51003,1,1,0.875733494758606,1
D5_disentangled_strong,1,5,537,51006,1,1,0.8757347464561462,1
D5_disentangled_strong,1,5,538,51007,1,1,0.870926558971405,1
D5_disentangled_strong,1,5,539,51008,1,1,0.2022268921136856,0
D5_disentangled_strong,1,5,547,51016,1,1,0.8670508861541748,1
D5_disentangled_strong,1,5,550,51019,1,1,0.8747896552085876,1
D5_disentangled_strong,1,5,594,51067,2,0,0.14153850078582764,0
D5_disentangled_strong,1,5,614,51088,2,0,0.13918066024780273,0
D5_disentangled_strong,1,5,616,51090,2,0,0.13714678585529327,0
D5_disentangled_strong,1,5,621,51096,2,0,0.13956381380558014,0
D5_disentangled_strong,1,5,623,51098,2,0,0.13912424445152283,0
D5_disentangled_strong,1,5,628,51103,2,0,0.8699312210083008,1
D5_disentangled_strong,1,5,647,51128,2,0,0.13643965125083923,0
D5_disentangled_strong,1,5,660,51141,2,0,0.16043417155742645,0
D5_disentangled_strong,1,5,669,51153,2,0,0.13590526580810547,0
D5_disentangled_strong,1,5,674,51161,1,1,0.84684818983078,1
D5_disentangled_strong,1,5,685,51179,1,1,0.7907662391662598,1
D5_disentangled_strong,1,5,698,51198,2,0,0.540363073348999,1
D5_disentangled_strong,1,5,702,51204,1,1,0.8675589561462402,1
D5_disentangled_strong,1,5,713,51217,1,1,0.21255137026309967,0
D5_disentangled_strong,1,5,719,51223,1,1,0.712712824344635,1
D5_disentangled_strong,1,5,727,51234,1,1,0.8611650466918945,1
D5_disentangled_strong,1,5,737,51251,2,0,0.7310870289802551,1
D5_disentangled_strong,1,5,738,51252,2,0,0.8763421177864075,1
D5_disentangled_strong,1,5,746,51262,2,0,0.8706216812133789,1
D5_disentangled_strong,1,5,805,51341,2,0,0.30362626910209656,0
D5_disentangled_strong,1,5,821,51362,2,0,0.21256180107593536,0
D5_disentangled_strong,1,5,823,51364,2,0,0.24854335188865662,0
D5_disentangled_strong,1,5,832,51473,1,1,0.7693005800247192,1
D5_disentangled_strong,1,5,847,51560,2,0,0.1347818225622177,0
D5_disentangled_strong,1,5,848,51562,2,0,0.13641473650932312,0
D5_disentangled_strong,1,5,849,51563,2,0,0.1371256411075592,0
D5_disentangled_strong,1,6,6,50010,1,1,0.9180808067321777,1
D5_disentangled_strong,1,6,47,50057,1,1,0.08422119170427322,0
D5_disentangled_strong,1,6,54,50106,2,0,0.14464958012104034,0
D5_disentangled_strong,1,6,61,50115,2,0,0.08260352909564972,0
D5_disentangled_strong,1,6,70,50127,1,1,0.7784841656684875,1
D5_disentangled_strong,1,6,76,50134,1,1,0.9180147647857666,1
D5_disentangled_strong,1,6,78,50142,1,1,0.9175490736961365,1
D5_disentangled_strong,1,6,82,50146,1,1,0.5638264417648315,1
D5_disentangled_strong,1,6,91,50158,2,0,0.08359116315841675,0
D5_disentangled_strong,1,6,92,50159,2,0,0.9179297685623169,1
D5_disentangled_strong,1,6,112,50194,2,0,0.0823994129896164,0
D5_disentangled_strong,1,6,123,50206,2,0,0.8697014451026917,1
D5_disentangled_strong,1,6,124,50208,2,0,0.08916763961315155,0
D5_disentangled_strong,1,6,130,50232,1,1,0.916121244430542,1
D5_disentangled_strong,1,6,131,50233,1,1,0.9179298877716064,1
D5_disentangled_strong,1,6,137,50241,1,1,0.9180953502655029,1
D5_disentangled_strong,1,6,139,50245,1,1,0.9180890321731567,1
D5_disentangled_strong,1,6,140,50247,1,1,0.9166755676269531,1
D5_disentangled_strong,1,6,151,50260,2,0,0.0824042484164238,0
D5_disentangled_strong,1,6,168,50278,1,1,0.917190432548523,1
D5_disentangled_strong,1,6,175,50291,1,1,0.9166306853294373,1
D5_disentangled_strong,1,6,196,50325,1,1,0.08363170921802521,0
D5_disentangled_strong,1,6,205,50336,2,0,0.1455455869436264,0
D5_disentangled_strong,1,6,219,50350,2,0,0.08644553273916245,0
D5_disentangled_strong,1,6,220,50351,2,0,0.08602025359869003,0
D5_disentangled_strong,1,6,223,50354,2,0,0.08562304079532623,0
D5_disentangled_strong,1,6,228,50359,2,0,0.13528892397880554,0
D5_disentangled_strong,1,6,229,50360,2,0,0.08339005708694458,0
D5_disentangled_strong,1,6,234,50365,2,0,0.08282921463251114,0
D5_disentangled_strong,1,6,239,50370,2,0,0.08250511437654495,0
D5_disentangled_strong,1,6,254,50388,2,0,0.08285556733608246,0
D5_disentangled_strong,1,6,260,50403,1,1,0.08269539475440979,0
D5_disentangled_strong,1,6,278,50424,2,0,0.0833975300192833,0
D5_disentangled_strong,1,6,290,50440,2,0,0.9157668352127075,1
D5_disentangled_strong,1,6,292,50442,2,0,0.08596412092447281,0
D5_disentangled_strong,1,6,299,50449,2,0,0.08529526740312576,0
D5_disentangled_strong,1,6,302,50466,2,0,0.08299656957387924,0
D5_disentangled_strong,1,6,321,50496,1,1,0.9180516004562378,1
D5_disentangled_strong,1,6,340,50523,1,1,0.9168031811714172,1
D5_disentangled_strong,1,6,345,50528,1,1,0.9175166487693787,1
D5_disentangled_strong,1,6,357,50565,2,0,0.14425767958164215,0
D5_disentangled_strong,1,6,365,50575,2,0,0.08481802046298981,0
D5_disentangled_strong,1,6,372,50604,1,1,0.9175071120262146,1
D5_disentangled_strong,1,6,374,50607,1,1,0.08239797502756119,0
D5_disentangled_strong,1,6,379,50615,1,1,0.917938768863678,1
D5_disentangled_strong,1,6,399,50664,2,0,0.08332210779190063,0
D5_disentangled_strong,1,6,426,50707,2,0,0.08240493386983871,0
D5_disentangled_strong,1,6,444,50741,2,0,0.08538202196359634,0
D5_disentangled_strong,1,6,467,50782,2,0,0.08731823414564133,0
D5_disentangled_strong,1,6,468,50783,2,0,0.08306755870580673,0
D5_disentangled_strong,1,6,470,50790,2,0,0.08297506719827652,0
D5_disentangled_strong,1,6,480,50807,1,1,0.9180290699005127,1
D5_disentangled_strong,1,6,493,50955,1,1,0.08237136155366898,0
D5_disentangled_strong,1,6,499,50961,1,1,0.9166722297668457,1
D5_disentangled_strong,1,6,515,50981,1,1,0.9105841517448425,1
D5_disentangled_strong,1,6,518,50984,1,1,0.9146201610565186,1
D5_disentangled_strong,1,6,522,50988,1,1,0.9140322804450989,1
D5_disentangled_strong,1,6,523,50989,1,1,0.9180307388305664,1
D5_disentangled_strong,1,6,542,51011,1,1,0.9175319075584412,1
D5_disentangled_strong,1,6,556,51026,1,1,0.9166514873504639,1
D5_disentangled_strong,1,6,557,51027,1,1,0.3357822299003601,0
D5_disentangled_strong,1,6,567,51039,2,0,0.08423271775245667,0
D5_disentangled_strong,1,6,569,51041,2,0,0.08335485309362411,0
D5_disentangled_strong,1,6,573,51046,2,0,0.11409150809049606,0
D5_disentangled_strong,1,6,581,51054,2,0,0.0833643302321434,0
D5_disentangled_strong,1,6,582,51055,2,0,0.08598878234624863,0
D5_disentangled_strong,1,6,583,51056,2,0,0.08587079495191574,0
D5_disentangled_strong,1,6,601,51075,2,0,0.08772499114274979,0
D5_disentangled_strong,1,6,604,51078,2,0,0.08647191524505615,0
D5_disentangled_strong,1,6,624,51099,2,0,0.08480295538902283,0
D5_disentangled_strong,1,6,672,51156,2,0,0.08596057444810867,0
D5_disentangled_strong,1,6,707,51210,1,1,0.9154032468795776,1
D5_disentangled_strong,1,6,725,51230,1,1,0.9175219535827637,1
D5_disentangled_strong,1,6,739,51253,2,0,0.08306203782558441,0
D5_disentangled_strong,1,6,762,51281,2,0,0.0859721377491951,0
D5_disentangled_strong,1,6,773,51302,1,1,0.8867021203041077,1
D5_disentangled_strong,1,6,775,51304,2,0,0.08240057528018951,0
D5_disentangled_strong,1,6,785,51319,1,1,0.9176930785179138,1
D5_disentangled_strong,1,6,796,51331,1,1,0.9179307222366333,1
D5_disentangled_strong,1,6,810,51346,2,0,0.08352350443601608,0
D5_disentangled_strong,1,6,811,51347,2,0,0.08303419500589371,0
D5_disentangled_strong,1,6,812,51349,1,1,0.08338712900876999,0
D5_disentangled_strong,1,6,819,51360,2,0,0.08914715051651001,0
D5_disentangled_strong,1,6,844,51557,2,0,0.08407820016145706,0
D5_disentangled_strong,1,6,858,51573,1,1,0.8279573321342468,1
D5_disentangled_strong,1,6,864,51580,1,1,0.8758107423782349,1
D5_disentangled_strong,1,6,869,51606,1,1,0.25763118267059326,0
D5_disentangled_strong,1,7,22,50031,2,0,0.04708775505423546,0
D5_disentangled_strong,1,7,24,50033,2,0,0.04667604714632034,0
D5_disentangled_strong,1,7,29,50038,2,0,0.046634476631879807,0
D5_disentangled_strong,1,7,43,50052,2,0,0.8566638827323914,1
D5_disentangled_strong,1,7,50,50102,2,0,0.04723891615867615,0
D5_disentangled_strong,1,7,58,50112,2,0,0.04666898027062416,0
D5_disentangled_strong,1,7,62,50116,2,0,0.9071870446205139,1
D5_disentangled_strong,1,7,86,50150,1,1,0.06475653499364853,0
D5_disentangled_strong,1,7,89,50156,1,1,0.9233719706535339,1
D5_disentangled_strong,1,7,93,50160,2,0,0.05038965493440628,0
D5_disentangled_strong,1,7,99,50168,2,0,0.049722641706466675,0
D5_disentangled_strong,1,7,121,50204,2,0,0.048277318477630615,0
D5_disentangled_strong,1,7,125,50210,2,0,0.046626608818769455,0
D5_disentangled_strong,1,7,127,50214,2,0,0.049117669463157654,0
D5_disentangled_strong,1,7,129,50217,2,0,0.0482618622481823,0
D5_disentangled_strong,1,7,133,50236,1,1,0.9238610863685608,1
D5_disentangled_strong,1,7,158,50267,2,0,0.04663471132516861,0
D5_disentangled_strong,1,7,162,50271,2,0,0.13482797145843506,0
D5_disentangled_strong,1,7,169,50282,1,1,0.9238367676734924,1
D5_disentangled_strong,1,7,183,50301,1,1,0.6557851433753967,1
D5_disentangled_strong,1,7,188,50312,1,1,0.9230998754501343,1
D5_disentangled_strong,1,7,211,50342,2,0,0.0508422888815403,0
D5_disentangled_strong,1,7,212,50343,2,0,0.9058653712272644,1
D5_disentangled_strong,1,7,238,50369,2,0,0.050326716154813766,0
D5_disentangled_strong,1,7,245,50377,2,0,0.046733662486076355,0
D5_disentangled_strong,1,7,251,50385,2,0,0.8759725093841553,1
D5_disentangled_strong,1,7,262,50405,1,1,0.9218149185180664,1
D5_disentangled_strong,1,7,266,50410,1,1,0.8952582478523254,1
D5_disentangled_strong,1,7,274,50418,2,0,0.047041356563568115,0
D5_disentangled_strong,1,7,300,50453,2,0,0.8977206349372864,1
D5_disentangled_strong,1,7,307,50477,1,1,0.923102080821991,1
D5_disentangled_strong,1,7,317,50491,1,1,0.9221091866493225,1
D5_disentangled_strong,1,7,318,50492,1,1,0.9238572120666504,1
D5_disentangled_strong,1,7,325,50500,1,1,0.8785743713378906,1
D5_disentangled_strong,1,7,346,50529,1,1,0.9200453162193298,1
D5_disentangled_strong,1,7,353,50557,2,0,0.046625904738903046,0
D5_disentangled_strong,1,7,354,50558,2,0,0.04822893068194389,0
D5_disentangled_strong,1,7,373,50606,1,1,0.3155940771102905,0
D5_disentangled_strong,1,7,375,50608,1,1,0.14700718224048615,0
D5_disentangled_strong,1,7,386,50624,1,1,0.9233476519584656,1
D5_disentangled_strong,1,7,395,50649,1,1,0.049841344356536865,0
D5_disentangled_strong,1,7,407,50688,2,0,0.04699653759598732,0
D5_disentangled_strong,1,7,418,50699,2,0,0.9232277274131775,1
D5_disentangled_strong,1,7,428,50709,2,0,0.04684552922844887,0
D5_disentangled_strong,1,7,450,50749,1,1,0.9234229922294617,1
D5_disentangled_strong,1,7,453,50752,1,1,0.9191604256629944,1
D5_disentangled_strong,1,7,456,50756,1,1,0.9237053990364075,1
D5_disentangled_strong,1,7,495,50957,1,1,0.583895206451416,1
D5_disentangled_strong,1,7,510,50974,1,1,0.9236514568328857,1
D5_disentangled_strong,1,7,521,50987,1,1,0.9236657023429871,1
D5_disentangled_strong,1,7,554,51024,1,1,0.9237127900123596,1
D5_disentangled_strong,1,7,587,51060,2,0,0.7993786931037903,1
D5_disentangled_strong,1,7,593,51066,2,0,0.04912183806300163,0
D5_disentangled_strong,1,7,619,51094,2,0,0.04916031286120415,0
D5_disentangled_strong,1,7,620,51095,2,0,0.3569648563861847,0
D5_disentangled_strong,1,7,629,51104,2,0,0.04802803322672844,0
D5_disentangled_strong,1,7,634,51110,2,0,0.04801513999700546,0
D5_disentangled_strong,1,7,663,51147,2,0,0.048036277294158936,0
D5_disentangled_strong,1,7,667,51151,2,0,0.04666241630911827,0
D5_disentangled_strong,1,7,671,51155,2,0,0.04731544107198715,0
D5_disentangled_strong,1,7,673,51159,2,0,0.9237112402915955,1
D5_disentangled_strong,1,7,676,51163,1,1,0.7143397927284241,1
D5_disentangled_strong,1,7,682,51173,1,1,0.9234907627105713,1
D5_disentangled_strong,1,7,683,51177,1,1,0.9197255373001099,1
D5_disentangled_strong,1,7,684,51178,1,1,0.9235202074050903,1
D5_disentangled_strong,1,7,695,51192,2,0,0.047182872891426086,0
D5_disentangled_strong,1,7,704,51206,1,1,0.8478493094444275,1
D5_disentangled_strong,1,7,710,51214,1,1,0.9216020703315735,1
D5_disentangled_strong,1,7,717,51221,1,1,0.9214155673980713,1
D5_disentangled_strong,1,7,720,51224,1,1,0.9191308617591858,1
D5_disentangled_strong,1,7,724,51229,1,1,0.9238042235374451,1
D5_disentangled_strong,1,7,736,51250,2,0,0.0488889217376709,0
D5_disentangled_strong,1,7,759,51278,2,0,0.05958281457424164,0
D5_disentangled_strong,1,7,760,51279,2,0,0.04700154811143875,0
D5_disentangled_strong,1,7,764,51292,1,1,0.9216209053993225,1
D5_disentangled_strong,1,7,774,51303,2,0,0.04732569679617882,0
D5_disentangled_strong,1,7,784,51318,1,1,0.3953498899936676,0
D5_disentangled_strong,1,7,799,51334,2,0,0.04661970213055611,0
D5_disentangled_strong,1,7,807,51343,2,0,0.05023737996816635,0
D5_disentangled_strong,1,7,820,51361,2,0,0.046680741012096405,0
D5_disentangled_strong,1,7,827,51373,2,0,0.0482591912150383,0
D5_disentangled_strong,1,7,828,51461,1,1,0.9238268136978149,1
D5_disentangled_strong,1,7,830,51464,1,1,0.9212031960487366,1
D5_disentangled_strong,1,7,831,51465,1,1,0.9237444996833801,1
D5_disentangled_strong,1,7,833,51477,2,0,0.04706786572933197,0
D5_disentangled_strong,1,7,857,51572,1,1,0.9219926595687866,1
D5_disentangled_strong,1,7,866,51583,1,1,0.9186316728591919,1
D5_disentangled_strong,1,8,5,50008,1,1,0.7593221068382263,1
D5_disentangled_strong,1,8,7,50011,1,1,0.8007458448410034,1
D5_disentangled_strong,1,8,10,50014,1,1,0.8002734780311584,1
D5_disentangled_strong,1,8,14,50022,1,1,0.21853244304656982,0
D5_disentangled_strong,1,8,16,50024,1,1,0.7966774702072144,1
D5_disentangled_strong,1,8,35,50044,2,0,0.20836743712425232,0
D5_disentangled_strong,1,8,42,50051,2,0,0.45729297399520874,0
D5_disentangled_strong,1,8,49,50060,2,0,0.21416674554347992,0
D5_disentangled_strong,1,8,52,50104,2,0,0.2146701216697693,0
D5_disentangled_strong,1,8,56,50109,2,0,0.4815749228000641,0
D5_disentangled_strong,1,8,65,50119,1,1,0.2720601558685303,0
D5_disentangled_strong,1,8,67,50123,1,1,0.8006186485290527,1
D5_disentangled_strong,1,8,101,50170,2,0,0.34394991397857666,0
D5_disentangled_strong,1,8,103,50182,1,1,0.7507374882698059,1
D5_disentangled_strong,1,8,104,50183,1,1,0.759397566318512,1
D5_disentangled_strong,1,8,106,50186,1,1,0.7980473041534424,1
D5_disentangled_strong,1,8,117,50200,2,0,0.2166043072938919,0
D5_disentangled_strong,1,8,118,50201,2,0,0.21034976840019226,0
D5_disentangled_strong,1,8,143,50250,1,1,0.35516950488090515,0
D5_disentangled_strong,1,8,146,50253,1,1,0.6933013200759888,1
D5_disentangled_strong,1,8,164,50273,1,1,0.7887359857559204,1
D5_disentangled_strong,1,8,171,50285,1,1,0.2971542179584503,0
D5_disentangled_strong,1,8,184,50302,1,1,0.8002039194107056,1
D5_disentangled_strong,1,8,187,50310,1,1,0.6823377013206482,1
D5_disentangled_strong,1,8,194,50321,1,1,0.7955158352851868,1
D5_disentangled_strong,1,8,198,50329,2,0,0.22177353501319885,0
D5_disentangled_strong,1,8,214,50345,2,0,0.20880678296089172,0
D5_disentangled_strong,1,8,227,50358,2,0,0.21034720540046692,0
D5_disentangled_strong,1,8,231,50362,2,0,0.2107732892036438,0
D5_disentangled_strong,1,8,244,50376,2,0,0.7430283427238464,1
D5_disentangled_strong,1,8,263,50406,1,1,0.7979620695114136,1
D5_disentangled_strong,1,8,268,50412,1,1,0.7980629801750183,1
D5_disentangled_strong,1,8,270,50414,2,0,0.231456458568573,0
D5_disentangled_strong,1,8,281,50427,2,0,0.21660342812538147,0
D5_disentangled_strong,1,8,298,50448,2,0,0.6285833120346069,1
D5_disentangled_strong,1,8,309,50481,1,1,0.7954761981964111,1
D5_disentangled_strong,1,8,314,50487,1,1,0.8003607392311096,1
D5_disentangled_strong,1,8,358,50568,2,0,0.6654629111289978,1
D5_disentangled_strong,1,8,366,50576,2,0,0.20901034772396088,0
D5_disentangled_strong,1,8,369,50601,1,1,0.6143996715545654,1
D5_disentangled_strong,1,8,381,50619,1,1,0.7953930497169495,1
D5_disentangled_strong,1,8,404,50685,2,0,0.5323420763015747,1
D5_disentangled_strong,1,8,419,50700,1,1,0.7910382151603699,1
D5_disentangled_strong,1,8,420,50701,2,0,0.4553642272949219,0
D5_disentangled_strong,1,8,432,50724,2,0,0.21031410992145538,0
D5_disentangled_strong,1,8,440,50737,2,0,0.2775961458683014,0
D5_disentangled_strong,1,8,454,50754,1,1,0.8007135987281799,1
D5_disentangled_strong,1,8,462,50776,2,0,0.20839552581310272,0
D5_disentangled_strong,1,8,471,50791,1,1,0.7600499391555786,1
D5_disentangled_strong,1,8,482,50814,2,0,0.23796206712722778,0
D5_disentangled_strong,1,8,508,50972,1,1,0.8005338907241821,1
D5_disentangled_strong,1,8,525,50991,1,1,0.24451616406440735,0
D5_disentangled_strong,1,8,527,50993,1,1,0.7813636660575867,1
D5_disentangled_strong,1,8,532,50999,1,1,0.7764089107513428,1
D5_disentangled_strong,1,8,544,51013,1,1,0.8007583618164062,1
D5_disentangled_strong,1,8,559,51029,1,1,0.34881123900413513,0
D5_disentangled_strong,1,8,576,51049,2,0,0.22152863442897797,0
D5_disentangled_strong,1,8,596,51069,2,0,0.21309378743171692,0
D5_disentangled_strong,1,8,627,51102,2,0,0.34272676706314087,0
D5_disentangled_strong,1,8,632,51107,2,0,0.7763401865959167,1
D5_disentangled_strong,1,8,635,51111,2,0,0.2726755738258362,0
D5_disentangled_strong,1,8,638,51114,2,0,0.6887528300285339,1
D5_disentangled_strong,1,8,642,51122,2,0,0.20837059617042542,0
D5_disentangled_strong,1,8,644,51124,2,0,0.20918801426887512,0
D5_disentangled_strong,1,8,656,51137,2,0,0.20835106074810028,0
D5_disentangled_strong,1,8,670,51154,2,0,0.2947938144207001,0
D5_disentangled_strong,1,8,694,51189,2,0,0.3076027035713196,0
D5_disentangled_strong,1,8,701,51203,1,1,0.7978506088256836,1
D5_disentangled_strong,1,8,711,51215,1,1,0.5249254703521729,1
D5_disentangled_strong,1,8,730,51237,1,1,0.7988312244415283,1
D5_disentangled_strong,1,8,733,51241,1,1,0.7046258449554443,1
D5_disentangled_strong,1,8,745,51261,2,0,0.3564758896827698,0
D5_disentangled_strong,1,8,747,51264,2,0,0.20879821479320526,0
D5_disentangled_strong,1,8,758,51277,2,0,0.21070170402526855,0
D5_disentangled_strong,1,8,777,51306,2,0,0.2855370044708252,0
D5_disentangled_strong,1,8,783,51315,2,0,0.2913292646408081,0
D5_disentangled_strong,1,8,786,51320,1,1,0.8005208373069763,1
D5_disentangled_strong,1,8,788,51322,1,1,0.5153250694274902,1
D5_disentangled_strong,1,8,790,51325,1,1,0.6003978848457336,1
D5_disentangled_strong,1,8,791,51326,1,1,0.5563632845878601,1
D5_disentangled_strong,1,8,797,51332,2,0,0.2101335972547531,0
D5_disentangled_strong,1,8,801,51336,2,0,0.271474152803421,0
D5_disentangled_strong,1,8,802,51338,2,0,0.7447238564491272,1
D5_disentangled_strong,1,8,816,51356,2,0,0.7947007417678833,1
D5_disentangled_strong,1,8,824,51365,2,0,0.2140028029680252,0
D5_disentangled_strong,1,8,825,51369,2,0,0.2327764481306076,0
D5_disentangled_strong,1,8,839,51487,2,0,0.2235567420721054,0
D5_disentangled_strong,1,9,0,50003,1,1,0.842782199382782,1
D5_disentangled_strong,1,9,44,50053,1,1,0.9009201526641846,1
D5_disentangled_strong,1,9,51,50103,2,0,0.8772414326667786,1
D5_disentangled_strong,1,9,83,50147,1,1,0.9052829146385193,1
D5_disentangled_strong,1,9,96,50163,2,0,0.1817469596862793,0
D5_disentangled_strong,1,9,110,50190,1,1,0.9153286218643188,1
D5_disentangled_strong,1,9,116,50199,2,0,0.13183283805847168,0
D5_disentangled_strong,1,9,136,50240,1,1,0.9155121445655823,1
D5_disentangled_strong,1,9,155,50264,2,0,0.5151758193969727,1
D5_disentangled_strong,1,9,157,50266,2,0,0.12739485502243042,0
D5_disentangled_strong,1,9,161,50270,2,0,0.13543002307415009,0
D5_disentangled_strong,1,9,178,50294,1,1,0.915136456489563,1
D5_disentangled_strong,1,9,180,50297,1,1,0.896576464176178,1
D5_disentangled_strong,1,9,181,50298,1,1,0.912076473236084,1
D5_disentangled_strong,1,9,182,50300,1,1,0.13898922502994537,0
D5_disentangled_strong,1,9,197,50327,2,0,0.14319683611392975,0
D5_disentangled_strong,1,9,202,50333,2,0,0.13136568665504456,0
D5_disentangled_strong,1,9,208,50339,2,0,0.12875913083553314,0
D5_disentangled_strong,1,9,237,50368,2,0,0.1275438666343689,0
D5_disentangled_strong,1,9,247,50380,2,0,0.39020782709121704,0
D5_disentangled_strong,1,9,249,50382,2,0,0.1300085037946701,0
D5_disentangled_strong,1,9,257,50397,1,1,0.9074429869651794,1
D5_disentangled_strong,1,9,267,50411,1,1,0.9154733419418335,1
D5_disentangled_strong,1,9,287,50437,2,0,0.9149169921875,1
D5_disentangled_strong,1,9,294,50444,2,0,0.17636960744857788,0
D5_disentangled_strong,1,9,297,50447,2,0,0.3279961943626404,0
D5_disentangled_strong,1,9,310,50482,1,1,0.9147195219993591,1
D5_disentangled_strong,1,9,320,50494,1,1,0.8728470206260681,1
D5_disentangled_strong,1,9,341,50524,1,1,0.9144848585128784,1
D5_disentangled_strong,1,9,352,50555,2,0,0.12754103541374207,0
D5_disentangled_strong,1,9,377,50613,1,1,0.9144958257675171,1
D5_disentangled_strong,1,9,378,50614,1,1,0.9154877662658691,1
D5_disentangled_strong,1,9,396,50654,1,1,0.5242173075675964,1
D5_disentangled_strong,1,9,400,50665,2,0,0.4236190617084503,0
D5_disentangled_strong,1,9,406,50687,2,0,0.9107645750045776,1
D5_disentangled_strong,1,9,409,50690,1,1,0.13066136837005615,0
D5_disentangled_strong,1,9,423,50704,1,1,0.9062640070915222,1
D5_disentangled_strong,1,9,424,50705,1,1,0.8891115784645081,1
D5_disentangled_strong,1,9,427,50708,1,1,0.9144735932350159,1
D5_disentangled_strong,1,9,434,50726,2,0,0.13783811032772064,0
D5_disentangled_strong,1,9,442,50739,2,0,0.9022430181503296,1
D5_disentangled_strong,1,9,452,50751,1,1,0.9117279052734375,1
D5_disentangled_strong,1,9,459,50773,2,0,0.34087637066841125,0
D5_disentangled_strong,1,9,463,50777,2,0,0.1498960703611374,0
D5_disentangled_strong,1,9,479,50803,1,1,0.9155941605567932,1
D5_disentangled_strong,1,9,488,50822,2,0,0.12953181564807892,0
D5_disentangled_strong,1,9,491,50952,1,1,0.9154932498931885,1
D5_disentangled_strong,1,9,500,50962,1,1,0.8143439888954163,1
D5_disentangled_strong,1,9,512,50977,1,1,0.9149026274681091,1
D5_disentangled_strong,1,9,520,50986,1,1,0.1764097660779953,0
D5_disentangled_strong,1,9,526,50992,1,1,0.8946640491485596,1
D5_disentangled_strong,1,9,534,51001,1,1,0.913672685623169,1
D5_disentangled_strong,1,9,540,51009,1,1,0.914756178855896,1
D5_disentangled_strong,1,9,552,51021,1,1,0.9155982136726379,1
D5_disentangled_strong,1,9,561,51032,1,1,0.9151337146759033,1
D5_disentangled_strong,1,9,563,51034,1,1,0.9155867099761963,1
D5_disentangled_strong,1,9,565,51036,2,0,0.12746986746788025,0
D5_disentangled_strong,1,9,578,51051,2,0,0.13124118745326996,0
D5_disentangled_strong,1,9,591,51064,2,0,0.9009717106819153,1
D5_disentangled_strong,1,9,595,51068,2,0,0.9021081328392029,1
D5_disentangled_strong,1,9,602,51076,2,0,0.1318141371011734,0
D5_disentangled_strong,1,9,612,51086,2,0,0.12779071927070618,0
D5_disentangled_strong,1,9,622,51097,2,0,0.13124346733093262,0
D5_disentangled_strong,1,9,625,51100,2,0,0.3653351068496704,0
D5_disentangled_strong,1,9,631,51106,2,0,0.1276191771030426,0
D5_disentangled_strong,1,9,640,51117,2,0,0.3279961347579956,0
D5_disentangled_strong,1,9,643,51123,2,0,0.19623737037181854,0
D5_disentangled_strong,1,9,657,51138,2,0,0.12916095554828644,0
D5_disentangled_strong,1,9,679,51169,1,1,0.904212474822998,1
D5_disentangled_strong,1,9,692,51187,2,0,0.28924068808555603,0
D5_disentangled_strong,1,9,693,51188,2,0,0.13123638927936554,0
D5_disentangled_strong,1,9,709,51212,1,1,0.9132663607597351,1
D5_disentangled_strong,1,9,715,51219,1,1,0.9133437871932983,1
D5_disentangled_strong,1,9,732,51240,1,1,0.9135633111000061,1
D5_disentangled_strong,1,9,743,51257,2,0,0.9145163297653198,1
D5_disentangled_strong,1,9,781,51311,2,0,0.1274082511663437,0
D5_disentangled_strong,1,9,795,51330,1,1,0.9155092835426331,1
D5_disentangled_strong,1,9,798,51333,2,0,0.12769082188606262,0
D5_disentangled_strong,1,9,809,51345,2,0,0.13855648040771484,0
D5_disentangled_strong,1,9,818,51359,2,0,0.9154859781265259,1
D5_disentangled_strong,1,9,822,51363,2,0,0.17206020653247833,0
D5_disentangled_strong,1,9,829,51463,1,1,0.915454626083374,1
D5_disentangled_strong,1,9,837,51482,2,0,0.1326734721660614,0
D5_disentangled_strong,1,9,840,51488,2,0,0.21721211075782776,0
D5_disentangled_strong,1,9,843,51556,2,0,0.1526329517364502,0
D5_disentangled_strong,1,9,851,51565,2,0,0.127450630068779,0
D5_disentangled_strong,1,9,862,51578,1,1,0.9144405722618103,1
D5_disentangled_strong,1,10,2,50005,1,1,0.9004450440406799,1
D5_disentangled_strong,1,10,11,50015,1,1,0.9003608226776123,1
D5_disentangled_strong,1,10,18,50026,1,1,0.8951747417449951,1
D5_disentangled_strong,1,10,19,50027,1,1,0.1905054897069931,0
D5_disentangled_strong,1,10,20,50028,1,1,0.9050887823104858,1
D5_disentangled_strong,1,10,27,50036,2,0,0.08915141969919205,0
D5_disentangled_strong,1,10,36,50045,2,0,0.8060482740402222,1
D5_disentangled_strong,1,10,38,50047,2,0,0.4462887942790985,0
D5_disentangled_strong,1,10,55,50107,2,0,0.23798875510692596,0
D5_disentangled_strong,1,10,63,50117,2,0,0.12642431259155273,0
D5_disentangled_strong,1,10,66,50121,1,1,0.9037513732910156,1
D5_disentangled_strong,1,10,72,50129,1,1,0.9051007628440857,1
D5_disentangled_strong,1,10,85,50149,1,1,0.9051879048347473,1
D5_disentangled_strong,1,10,98,50167,2,0,0.09568405896425247,0
D5_disentangled_strong,1,10,108,50188,1,1,0.094565249979496,0
D5_disentangled_strong,1,10,113,50195,2,0,0.08880381286144257,0
D5_disentangled_strong,1,10,114,50196,2,0,0.33125513792037964,0
D5_disentangled_strong,1,10,126,50213,2,0,0.08834258466959,0
D5_disentangled_strong,1,10,132,50234,1,1,0.7473583817481995,1
D5_disentangled_strong,1,10,141,50248,1,1,0.8939672708511353,1
D5_disentangled_strong,1,10,145,50252,1,1,0.5056318640708923,1
D5_disentangled_strong,1,10,152,50261,2,0,0.6336562633514404,1
D5_disentangled_strong,1,10,156,50265,2,0,0.08763698488473892,0
D5_disentangled_strong,1,10,163,50272,1,1,0.9032763242721558,1
D5_disentangled_strong,1,10,176,50292,1,1,0.9050946831703186,1
D5_disentangled_strong,1,10,190,50315,1,1,0.9030113816261292,1
D5_disentangled_strong,1,10,200,50331,2,0,0.3862876296043396,0
D5_disentangled_strong,1,10,225,50356,2,0,0.09868454933166504,0
D5_disentangled_strong,1,10,235,50366,2,0,0.130161315202713,0
D5_disentangled_strong,1,10,240,50372,2,0,0.08712776750326157,0
D5_disentangled_strong,1,10,246,50379,2,0,0.0893031656742096,0
D5_disentangled_strong,1,10,265,50408,1,1,0.09184727817773819,0
D5_disentangled_strong,1,10,275,50419,2,0,0.09320255368947983,0
D5_disentangled_strong,1,10,279,50425,2,0,0.08774592727422714,0
D5_disentangled_strong,1,10,285,50435,2,0,0.10980784893035889,0
D5_disentangled_strong,1,10,308,50480,1,1,0.9030411839485168,1
D5_disentangled_strong,1,10,315,50488,1,1,0.9049567580223083,1
D5_disentangled_strong,1,10,319,50493,1,1,0.9009280800819397,1
D5_disentangled_strong,1,10,348,50531,1,1,0.8929484486579895,1
D5_disentangled_strong,1,10,361,50571,2,0,0.6481310129165649,1
D5_disentangled_strong,1,10,376,50612,1,1,0.7387067079544067,1
D5_disentangled_strong,1,10,388,50626,1,1,0.9030598402023315,1
D5_disentangled_strong,1,10,393,50647,1,1,0.9045199751853943,1
D5_disentangled_strong,1,10,397,50656,2,0,0.16955189406871796,0
D5_disentangled_strong,1,10,405,50686,1,1,0.9044535756111145,1
D5_disentangled_strong,1,10,414,50695,1,1,0.38974153995513916,0
D5_disentangled_strong,1,10,448,50745,1,1,0.9047548174858093,1
D5_disentangled_strong,1,10,461,50775,2,0,0.08978316932916641,0
D5_disentangled_strong,1,10,464,50778,2,0,0.09116493910551071,0
D5_disentangled_strong,1,10,466,50781,2,0,0.4466792643070221,0
D5_disentangled_strong,1,10,476,50799,1,1,0.9038437604904175,1
D5_disentangled_strong,1,10,478,50801,1,1,0.6798149943351746,1
D5_disentangled_strong,1,10,486,50820,2,0,0.09342414140701294,0
D5_disentangled_strong,1,10,489,50823,1,1,0.9052695631980896,1
D5_disentangled_strong,1,10,490,50824,1,1,0.6184276938438416,1
D5_disentangled_strong,1,10,519,50985,1,1,0.9029866456985474,1
D5_disentangled_strong,1,10,568,51040,2,0,0.08931601047515869,0
D5_disentangled_strong,1,10,570,51042,2,0,0.09021501988172531,0
D5_disentangled_strong,1,10,579,51052,2,0,0.08915618807077408,0
D5_disentangled_strong,1,10,586,51059,2,0,0.09793033450841904,0
D5_disentangled_strong,1,10,589,51062,2,0,0.09201223403215408,0
D5_disentangled_strong,1,10,606,51080,2,0,0.7473592162132263,1
D5_disentangled_strong,1,10,609,51083,2,0,0.9047669172286987,1
D5_disentangled_strong,1,10,611,51085,2,0,0.9039522409439087,1
D5_disentangled_strong,1,10,652,51133,2,0,0.3770688772201538,0
D5_disentangled_strong,1,10,665,51149,2,0,0.08929690718650818,0
D5_disentangled_strong,1,10,677,51164,1,1,0.9049264788627625,1
D5_disentangled_strong,1,10,688,51182,2,0,0.13061296939849854,0
D5_disentangled_strong,1,10,700,51202,1,1,0.8989163637161255,1
D5_disentangled_strong,1,10,705,51207,1,1,0.9003728032112122,1
D5_disentangled_strong,1,10,721,51225,1,1,0.747395396232605,1
D5_disentangled_strong,1,10,740,51254,2,0,0.08843716979026794,0
D5_disentangled_strong,1,10,748,51265,2,0,0.09598301351070404,0
D5_disentangled_strong,1,10,749,51266,2,0,0.6554498672485352,1
D5_disentangled_strong,1,10,756,51275,2,0,0.09347933530807495,0
D5_disentangled_strong,1,10,766,51294,1,1,0.9005242586135864,1
D5_disentangled_strong,1,10,768,51297,1,1,0.9041534662246704,1
D5_disentangled_strong,1,10,772,51301,1,1,0.6572272181510925,1
D5_disentangled_strong,1,10,779,51308,2,0,0.1000356674194336,0
D5_disentangled_strong,1,10,780,51309,2,0,0.9034314751625061,1
D5_disentangled_strong,1,10,782,51313,2,0,0.09455237537622452,0
D5_disentangled_strong,1,10,800,51335,2,0,0.12373067438602448,0
D5_disentangled_strong,1,10,834,51479,2,0,0.09317687153816223,0
D5_disentangled_strong,1,10,850,51564,2,0,0.08727507293224335,0
D5_disentangled_strong,1,10,853,51567,2,0,0.0871785506606102,0
D5_disentangled_strong,1,10,865,51582,1,1,0.9052482843399048,1
D5_disentangled_strong,1,10,868,51585,1,1,0.9047324657440186,1
D5_disentangled_strong,2,1,0,50003,1,1,0.7868501543998718,1
D5_disentangled_strong,2,1,7,50011,1,1,0.7902352809906006,1
D5_disentangled_strong,2,1,35,50044,2,0,0.15455715358257294,0
D5_disentangled_strong,2,1,39,50048,2,0,0.7929362654685974,1
D5_disentangled_strong,2,1,45,50054,2,0,0.7955049872398376,1
D5_disentangled_strong,2,1,48,50059,2,0,0.6736525893211365,1
D5_disentangled_strong,2,1,53,50105,2,0,0.7054177522659302,1
D5_disentangled_strong,2,1,55,50107,2,0,0.6249471306800842,1
D5_disentangled_strong,2,1,72,50129,1,1,0.7937648296356201,1
D5_disentangled_strong,2,1,73,50130,1,1,0.7955008745193481,1
D5_disentangled_strong,2,1,78,50142,1,1,0.7946299314498901,1
D5_disentangled_strong,2,1,81,50145,1,1,0.7806350588798523,1
D5_disentangled_strong,2,1,86,50150,1,1,0.45454099774360657,0
D5_disentangled_strong,2,1,95,50162,2,0,0.2589355409145355,0
D5_disentangled_strong,2,1,127,50214,2,0,0.16458985209465027,0
D5_disentangled_strong,2,1,138,50243,1,1,0.7955164313316345,1
D5_disentangled_strong,2,1,144,50251,1,1,0.6346208453178406,1
D5_disentangled_strong,2,1,149,50257,2,0,0.28886574506759644,0
D5_disentangled_strong,2,1,176,50292,1,1,0.793605625629425,1
D5_disentangled_strong,2,1,182,50300,1,1,0.39092135429382324,0
D5_disentangled_strong,2,1,192,50319,1,1,0.7953789234161377,1
D5_disentangled_strong,2,1,193,50320,1,1,0.7946269512176514,1
D5_disentangled_strong,2,1,204,50335,2,0,0.15504957735538483,0
D5_disentangled_strong,2,1,205,50336,2,0,0.7200085520744324,1
D5_disentangled_strong,2,1,231,50362,2,0,0.15990568697452545,0
D5_disentangled_strong,2,1,234,50365,2,0,0.1563585102558136,0
D5_disentangled_strong,2,1,242,50374,2,0,0.3459845781326294,0
D5_disentangled_strong,2,1,247,50380,2,0,0.5977287292480469,1
D5_disentangled_strong,2,1,248,50381,2,0,0.5118993520736694,1
D5_disentangled_strong,2,1,253,50387,2,0,0.1673060953617096,0
D5_disentangled_strong,2,1,259,50402,1,1,0.47931841015815735,0
D5_disentangled_strong,2,1,285,50435,2,0,0.29545852541923523,0
D5_disentangled_strong,2,1,286,50436,2,0,0.7951676249504089,1
D5_disentangled_strong,2,1,295,50445,2,0,0.15660274028778076,0
D5_disentangled_strong,2,1,300,50453,2,0,0.795466959476471,1
D5_disentangled_strong,2,1,307,50477,1,1,0.7954731583595276,1
D5_disentangled_strong,2,1,329,50504,1,1,0.7860982418060303,1
D5_disentangled_strong,2,1,345,50528,1,1,0.7904785871505737,1
D5_disentangled_strong,2,1,348,50531,1,1,0.7947172522544861,1
D5_disentangled_strong,2,1,357,50565,2,0,0.746450662612915,1
D5_disentangled_strong,2,1,359,50569,2,0,0.6091471910476685,1
D5_disentangled_strong,2,1,360,50570,2,0,0.1554173231124878,0
D5_disentangled_strong,2,1,369,50601,1,1,0.38276544213294983,0
D5_disentangled_strong,2,1,374,50607,1,1,0.1545781046152115,0
D5_disentangled_strong,2,1,385,50623,1,1,0.7951328754425049,1
D5_disentangled_strong,2,1,405,50686,1,1,0.7902798056602478,1
D5_disentangled_strong,2,1,411,50692,2,0,0.15501731634140015,0
D5_disentangled_strong,2,1,412,50693,1,1,0.22322247922420502,0
D5_disentangled_strong,2,1,425,50706,2,0,0.24005988240242004,0
D5_disentangled_strong,2,1,432,50724,2,0,0.1813950538635254,0
D5_disentangled_strong,2,1,466,50781,2,0,0.793883204460144,1
D5_disentangled_strong,2,1,468,50783,2,0,0.15677766501903534,0
D5_disentangled_strong,2,1,471,50791,1,1,0.7917391061782837,1
D5_disentangled_strong,2,1,484,50817,2,0,0.17581529915332794,0
D5_disentangled_strong,2,1,495,50957,1,1,0.7955023050308228,1
D5_disentangled_strong,2,1,505,50968,1,1,0.7924224138259888,1
D5_disentangled_strong,2,1,506,50969,1,1,0.7944352030754089,1
D5_disentangled_strong,2,1,513,50978,1,1,0.7946188449859619,1
D5_disentangled_strong,2,1,526,50992,1,1,0.7883182764053345,1
D5_disentangled_strong,2,1,532,50999,1,1,0.7955113649368286,1
D5_disentangled_strong,2,1,555,51025,1,1,0.7953863739967346,1
D5_disentangled_strong,2,1,556,51026,1,1,0.7949945330619812,1
D5_disentangled_strong,2,1,566,51038,2,0,0.31776681542396545,0
D5_disentangled_strong,2,1,575,51048,2,0,0.16469602286815643,0
D5_disentangled_strong,2,1,585,51058,2,0,0.16132678091526031,0
D5_disentangled_strong,2,1,596,51069,2,0,0.1576690375804901,0
D5_disentangled_strong,2,1,603,51077,2,0,0.6122843623161316,1
D5_disentangled_strong,2,1,612,51086,2,0,0.15480931103229523,0
D5_disentangled_strong,2,1,653,51134,2,0,0.2597040832042694,0
D5_disentangled_strong,2,1,684,51178,1,1,0.7944236993789673,1
D5_disentangled_strong,2,1,686,51180,2,0,0.7152671217918396,1
D5_disentangled_strong,2,1,687,51181,2,0,0.7756142616271973,1
D5_disentangled_strong,2,1,695,51192,2,0,0.1551569253206253,0
D5_disentangled_strong,2,1,710,51214,1,1,0.7936049103736877,1
D5_disentangled_strong,2,1,716,51220,1,1,0.7955042123794556,1
D5_disentangled_strong,2,1,721,51225,1,1,0.7949236631393433,1
D5_disentangled_strong,2,1,749,51266,2,0,0.7915563583374023,1
D5_disentangled_strong,2,1,750,51267,2,0,0.2282058447599411,0
D5_disentangled_strong,2,1,771,51300,1,1,0.7907224893569946,1
D5_disentangled_strong,2,1,792,51327,1,1,0.7910690903663635,1
D5_disentangled_strong,2,1,793,51328,1,1,0.7883260846138,1
D5_disentangled_strong,2,1,806,51342,2,0,0.195458322763443,0
D5_disentangled_strong,2,1,808,51344,2,0,0.2988019287586212,0
D5_disentangled_strong,2,1,816,51356,2,0,0.795128583908081,1
D5_disentangled_strong,2,1,823,51364,2,0,0.5757927298545837,1
D5_disentangled_strong,2,1,837,51482,2,0,0.1732207089662552,0
D5_disentangled_strong,2,1,867,51584,1,1,0.7940542697906494,1
D5_disentangled_strong,2,1,869,51606,1,1,0.17050623893737793,0
D5_disentangled_strong,2,2,2,50005,1,1,0.8687624335289001,1
D5_disentangled_strong,2,2,6,50010,1,1,0.8756554126739502,1
D5_disentangled_strong,2,2,10,50014,1,1,0.8726514577865601,1
D5_disentangled_strong,2,2,24,50033,2,0,0.1090887188911438,0
D5_disentangled_strong,2,2,30,50039,2,0,0.7195621132850647,1
D5_disentangled_strong,2,2,67,50123,1,1,0.8746454119682312,1
D5_disentangled_strong,2,2,76,50134,1,1,0.8400675058364868,1
D5_disentangled_strong,2,2,79,50143,1,1,0.8715106248855591,1
D5_disentangled_strong,2,2,92,50159,2,0,0.8744697570800781,1
D5_disentangled_strong,2,2,98,50167,2,0,0.1113169714808464,0
D5_disentangled_strong,2,2,101,50170,2,0,0.11324404925107956,0
D5_disentangled_strong,2,2,115,50198,2,0,0.10936911404132843,0
D5_disentangled_strong,2,2,129,50217,2,0,0.10794578492641449,0
D5_disentangled_strong,2,2,140,50247,1,1,0.87552809715271,1
D5_disentangled_strong,2,2,153,50262,2,0,0.10889426618814468,0
D5_disentangled_strong,2,2,155,50264,2,0,0.11281134933233261,0
D5_disentangled_strong,2,2,164,50273,1,1,0.8677492141723633,1
D5_disentangled_strong,2,2,169,50282,1,1,0.7050734162330627,1
D5_disentangled_strong,2,2,180,50297,1,1,0.1899610459804535,0
D5_disentangled_strong,2,2,187,50310,1,1,0.8755970001220703,1
D5_disentangled_strong,2,2,202,50333,2,0,0.11132597178220749,0
D5_disentangled_strong,2,2,212,50343,2,0,0.25842607021331787,0
D5_disentangled_strong,2,2,217,50348,2,0,0.10761836916208267,0
D5_disentangled_strong,2,2,228,50359,2,0,0.1133880764245987,0
D5_disentangled_strong,2,2,246,50379,2,0,0.10816019773483276,0
D5_disentangled_strong,2,2,251,50385,2,0,0.8237828612327576,1
D5_disentangled_strong,2,2,277,50422,2,0,0.8117969036102295,1
D5_disentangled_strong,2,2,280,50426,2,0,0.10751363635063171,0
D5_disentangled_strong,2,2,281,50427,2,0,0.10956744104623795,0
D5_disentangled_strong,2,2,288,50438,2,0,0.10882553458213806,0
D5_disentangled_strong,2,2,293,50443,2,0,0.13631011545658112,0
D5_disentangled_strong,2,2,326,50501,1,1,0.8726898431777954,1
D5_disentangled_strong,2,2,336,50518,1,1,0.8744662404060364,1
D5_disentangled_strong,2,2,340,50523,1,1,0.8754668831825256,1
D5_disentangled_strong,2,2,352,50555,2,0,0.10803797841072083,0
D5_disentangled_strong,2,2,354,50558,2,0,0.10755476355552673,0
D5_disentangled_strong,2,2,373,50606,1,1,0.8722901940345764,1
D5_disentangled_strong,2,2,392,50644,1,1,0.6813534498214722,1
D5_disentangled_strong,2,2,396,50654,1,1,0.18213467299938202,0
D5_disentangled_strong,2,2,403,50683,2,0,0.10812121629714966,0
D5_disentangled_strong,2,2,404,50685,2,0,0.11549975723028183,0
D5_disentangled_strong,2,2,417,50698,2,0,0.10938817262649536,0
D5_disentangled_strong,2,2,422,50703,2,0,0.11410663276910782,0
D5_disentangled_strong,2,2,437,50731,2,0,0.10910169035196304,0
D5_disentangled_strong,2,2,450,50749,1,1,0.8132636547088623,1
D5_disentangled_strong,2,2,460,50774,2,0,0.10842763632535934,0
D5_disentangled_strong,2,2,462,50776,2,0,0.1080399602651596,0
D5_disentangled_strong,2,2,474,50797,1,1,0.6669847369194031,1
D5_disentangled_strong,2,2,508,50972,1,1,0.8756836652755737,1
D5_disentangled_strong,2,2,514,50979,1,1,0.571702778339386,1
D5_disentangled_strong,2,2,537,51006,1,1,0.8756696581840515,1
D5_disentangled_strong,2,2,538,51007,1,1,0.87370365858078,1
D5_disentangled_strong,2,2,550,51019,1,1,0.8674458265304565,1
D5_disentangled_strong,2,2,554,51024,1,1,0.8678507804870605,1
D5_disentangled_strong,2,2,571,51044,2,0,0.11274001747369766,0
D5_disentangled_strong,2,2,579,51052,2,0,0.10840721428394318,0
D5_disentangled_strong,2,2,583,51056,2,0,0.11304028332233429,0
D5_disentangled_strong,2,2,590,51063,2,0,0.11154111474752426,0
D5_disentangled_strong,2,2,599,51073,2,0,0.11032828688621521,0
D5_disentangled_strong,2,2,622,51097,2,0,0.11305249482393265,0
D5_disentangled_strong,2,2,628,51103,2,0,0.11441408097743988,0
D5_disentangled_strong,2,2,638,51114,2,0,0.20724333822727203,0
D5_disentangled_strong,2,2,661,51142,2,0,0.10771455615758896,0
D5_disentangled_strong,2,2,672,51156,2,0,0.11018577963113785,0
D5_disentangled_strong,2,2,677,51164,1,1,0.8756837248802185,1
D5_disentangled_strong,2,2,689,51183,2,0,0.1470460742712021,0
D5_disentangled_strong,2,2,705,51207,1,1,0.8663891553878784,1
D5_disentangled_strong,2,2,706,51208,1,1,0.3428805470466614,0
D5_disentangled_strong,2,2,709,51212,1,1,0.8631179928779602,1
D5_disentangled_strong,2,2,720,51224,1,1,0.868769109249115,1
D5_disentangled_strong,2,2,723,51228,1,1,0.8744702935218811,1
D5_disentangled_strong,2,2,728,51235,1,1,0.8742591738700867,1
D5_disentangled_strong,2,2,735,51249,1,1,0.8712956309318542,1
D5_disentangled_strong,2,2,737,51251,2,0,0.36730000376701355,0
D5_disentangled_strong,2,2,741,51255,2,0,0.10798294842243195,0
D5_disentangled_strong,2,2,767,51295,1,1,0.8753731846809387,1
D5_disentangled_strong,2,2,769,51298,1,1,0.875059962272644,1
D5_disentangled_strong,2,2,770,51299,1,1,0.8736981153488159,1
D5_disentangled_strong,2,2,791,51326,1,1,0.44449174404144287,0
D5_disentangled_strong,2,2,795,51330,1,1,0.8506785035133362,1
D5_disentangled_strong,2,2,805,51341,2,0,0.4326724708080292,0
D5_disentangled_strong,2,2,838,51484,2,0,0.11095333099365234,0
D5_disentangled_strong,2,2,853,51567,2,0,0.10826688259840012,0
D5_disentangled_strong,2,2,856,51570,2,0,0.11140987277030945,0
D5_disentangled_strong,2,2,858,51573,1,1,0.552895724773407,1
D5_disentangled_strong,2,2,865,51582,1,1,0.869925856590271,1
D5_disentangled_strong,2,2,868,51585,1,1,0.875516951084137,1
D5_disentangled_strong,2,3,1,50004,1,1,0.9008843302726746,1
D5_disentangled_strong,2,3,4,50007,1,1,0.4510308504104614,0
D5_disentangled_strong,2,3,25,50034,2,0,0.06615882366895676,0
D5_disentangled_strong,2,3,34,50043,2,0,0.07051675021648407,0
D5_disentangled_strong,2,3,62,50116,2,0,0.1379362791776657,0
D5_disentangled_strong,2,3,108,50188,1,1,0.06778472661972046,0
D5_disentangled_strong,2,3,117,50200,2,0,0.06701122224330902,0
D5_disentangled_strong,2,3,125,50210,2,0,0.06621206551790237,0
D5_disentangled_strong,2,3,141,50248,1,1,0.9009372591972351,1
D5_disentangled_strong,2,3,152,50261,2,0,0.8899062871932983,1
D5_disentangled_strong,2,3,162,50271,2,0,0.07541045546531677,0
D5_disentangled_strong,2,3,163,50272,1,1,0.8978593349456787,1
D5_disentangled_strong,2,3,177,50293,1,1,0.8759923577308655,1
D5_disentangled_strong,2,3,178,50294,1,1,0.8997711539268494,1
D5_disentangled_strong,2,3,200,50331,2,0,0.06677927821874619,0
D5_disentangled_strong,2,3,209,50340,2,0,0.07042952626943588,0
D5_disentangled_strong,2,3,218,50349,2,0,0.0726991817355156,0
D5_disentangled_strong,2,3,229,50360,2,0,0.06659667193889618,0
D5_disentangled_strong,2,3,243,50375,2,0,0.06881523877382278,0
D5_disentangled_strong,2,3,244,50376,2,0,0.473000705242157,0
D5_disentangled_strong,2,3,265,50408,1,1,0.07492554187774658,0
D5_disentangled_strong,2,3,274,50418,2,0,0.06674567610025406,0
D5_disentangled_strong,2,3,283,50433,2,0,0.07084903866052628,0
D5_disentangled_strong,2,3,302,50466,2,0,0.06991501897573471,0
D5_disentangled_strong,2,3,311,50483,1,1,0.8281391263008118,1
D5_disentangled_strong,2,3,313,50486,1,1,0.9005030989646912,1
D5_disentangled_strong,2,3,321,50496,1,1,0.8820695281028748,1
D5_disentangled_strong,2,3,322,50497,1,1,0.8941946029663086,1
D5_disentangled_strong,2,3,341,50524,1,1,0.8966650366783142,1
D5_disentangled_strong,2,3,342,50525,1,1,0.8990633487701416,1
D5_disentangled_strong,2,3,355,50561,2,0,0.0661521628499031,0
D5_disentangled_strong,2,3,368,50578,2,0,0.882286012172699,1
D5_disentangled_strong,2,3,370,50602,1,1,0.8992125391960144,1
D5_disentangled_strong,2,3,375,50608,1,1,0.3999192714691162,0
D5_disentangled_strong,2,3,378,50614,1,1,0.8924235105514526,1
D5_disentangled_strong,2,3,379,50615,1,1,0.9005756378173828,1
D5_disentangled_strong,2,3,390,50628,1,1,0.8944684863090515,1
D5_disentangled_strong,2,3,395,50649,1,1,0.10368426889181137,0
D5_disentangled_strong,2,3,399,50664,2,0,0.0705893486738205,0
D5_disentangled_strong,2,3,402,50682,2,0,0.06636837124824524,0
D5_disentangled_strong,2,3,421,50702,1,1,0.8999332189559937,1
D5_disentangled_strong,2,3,429,50711,1,1,0.1191604882478714,0
D5_disentangled_strong,2,3,431,50723,2,0,0.06646960973739624,0
D5_disentangled_strong,2,3,439,50735,2,0,0.0863053947687149,0
D5_disentangled_strong,2,3,440,50737,2,0,0.0724894106388092,0
D5_disentangled_strong,2,3,445,50742,2,0,0.06974129378795624,0
D5_disentangled_strong,2,3,451,50750,1,1,0.8795889019966125,1
D5_disentangled_strong,2,3,454,50754,1,1,0.899613082408905,1
D5_disentangled_strong,2,3,455,50755,1,1,0.899551510810852,1
D5_disentangled_strong,2,3,477,50800,1,1,0.8992999792098999,1
D5_disentangled_strong,2,3,480,50807,1,1,0.8993628025054932,1
D5_disentangled_strong,2,3,497,50959,1,1,0.7890363335609436,1
D5_disentangled_strong,2,3,516,50982,1,1,0.16259264945983887,0
D5_disentangled_strong,2,3,525,50991,1,1,0.33248940110206604,0
D5_disentangled_strong,2,3,548,51017,1,1,0.8036755323410034,1
D5_disentangled_strong,2,3,552,51021,1,1,0.9009292125701904,1
D5_disentangled_strong,2,3,587,51060,2,0,0.8216264843940735,1
D5_disentangled_strong,2,3,597,51070,2,0,0.0661080852150917,0
D5_disentangled_strong,2,3,614,51088,2,0,0.07135051488876343,0
D5_disentangled_strong,2,3,621,51096,2,0,0.07714789360761642,0
D5_disentangled_strong,2,3,631,51106,2,0,0.07309884577989578,0
D5_disentangled_strong,2,3,640,51117,2,0,0.07983557879924774,0
D5_disentangled_strong,2,3,644,51124,2,0,0.06619609147310257,0
D5_disentangled_strong,2,3,650,51131,2,0,0.07491584122180939,0
D5_disentangled_strong,2,3,655,51136,2,0,0.16277505457401276,0
D5_disentangled_strong,2,3,657,51138,2,0,0.0688137412071228,0
D5_disentangled_strong,2,3,663,51147,2,0,0.066484235227108,0
D5_disentangled_strong,2,3,669,51153,2,0,0.06665921211242676,0
D5_disentangled_strong,2,3,671,51155,2,0,0.07311282306909561,0
D5_disentangled_strong,2,3,691,51185,2,0,0.5313686728477478,1
D5_disentangled_strong,2,3,693,51188,2,0,0.07171843945980072,0
D5_disentangled_strong,2,3,703,51205,1,1,0.8968989253044128,1
D5_disentangled_strong,2,3,711,51215,1,1,0.1938665509223938,0
D5_disentangled_strong,2,3,724,51229,1,1,0.8971177339553833,1
D5_disentangled_strong,2,3,725,51230,1,1,0.9009301066398621,1
D5_disentangled_strong,2,3,754,51272,2,0,0.07575540244579315,0
D5_disentangled_strong,2,3,757,51276,2,0,0.0692303329706192,0
D5_disentangled_strong,2,3,762,51281,2,0,0.07071032375097275,0
D5_disentangled_strong,2,3,772,51301,1,1,0.8375105261802673,1
D5_disentangled_strong,2,3,783,51315,2,0,0.08305659145116806,0
D5_disentangled_strong,2,3,787,51321,1,1,0.8857240080833435,1
D5_disentangled_strong,2,3,813,51350,1,1,0.8749806880950928,1
D5_disentangled_strong,2,3,818,51359,2,0,0.8990703821182251,1
D5_disentangled_strong,2,3,821,51362,2,0,0.07007624208927155,0
D5_disentangled_strong,2,3,829,51463,1,1,0.898794412612915,1
D5_disentangled_strong,2,3,836,51481,2,0,0.06654335558414459,0
D5_disentangled_strong,2,3,861,51577,1,1,0.8995040059089661,1
D5_disentangled_strong,2,4,5,50008,1,1,0.4645112156867981,0
D5_disentangled_strong,2,4,17,50025,1,1,0.7440863847732544,1
D5_disentangled_strong,2,4,23,50032,2,0,0.20374740660190582,0
D5_disentangled_strong,2,4,26,50035,2,0,0.19944210350513458,0
D5_disentangled_strong,2,4,28,50037,2,0,0.19831515848636627,0
D5_disentangled_strong,2,4,51,50103,2,0,0.651616632938385,1
D5_disentangled_strong,2,4,52,50104,2,0,0.1994682401418686,0
D5_disentangled_strong,2,4,56,50109,2,0,0.22431133687496185,0
D5_disentangled_strong,2,4,58,50112,2,0,0.32661324739456177,0
D5_disentangled_strong,2,4,88,50153,1,1,0.6878769397735596,1
D5_disentangled_strong,2,4,90,50157,2,0,0.2037811279296875,0
D5_disentangled_strong,2,4,100,50169,2,0,0.20080052316188812,0
D5_disentangled_strong,2,4,120,50203,2,0,0.20550471544265747,0
D5_disentangled_strong,2,4,131,50233,1,1,0.778649091720581,1
D5_disentangled_strong,2,4,136,50240,1,1,0.7798919081687927,1
D5_disentangled_strong,2,4,161,50270,2,0,0.19904844462871552,0
D5_disentangled_strong,2,4,165,50274,1,1,0.7622131109237671,1
D5_disentangled_strong,2,4,172,50287,1,1,0.19781139492988586,0
D5_disentangled_strong,2,4,181,50298,1,1,0.314658522605896,0
D5_disentangled_strong,2,4,191,50318,1,1,0.19781258702278137,0
D5_disentangled_strong,2,4,211,50342,2,0,0.20361994206905365,0
D5_disentangled_strong,2,4,213,50344,2,0,0.20599526166915894,0
D5_disentangled_strong,2,4,214,50345,2,0,0.20037473738193512,0
D5_disentangled_strong,2,4,225,50356,2,0,0.2077319473028183,0
D5_disentangled_strong,2,4,254,50388,2,0,0.19870950281620026,0
D5_disentangled_strong,2,4,271,50415,2,0,0.1985040009021759,0
D5_disentangled_strong,2,4,306,50470,2,0,0.45310744643211365,0
D5_disentangled_strong,2,4,312,50485,1,1,0.19807344675064087,0
D5_disentangled_strong,2,4,314,50487,1,1,0.7803664207458496,1
D5_disentangled_strong,2,4,315,50488,1,1,0.776672899723053,1
D5_disentangled_strong,2,4,316,50490,1,1,0.6221595406532288,1
D5_disentangled_strong,2,4,334,50515,1,1,0.7759251594543457,1
D5_disentangled_strong,2,4,335,50516,1,1,0.7163940668106079,1
D5_disentangled_strong,2,4,356,50563,2,0,0.19861745834350586,0
D5_disentangled_strong,2,4,383,50621,1,1,0.7490978837013245,1
D5_disentangled_strong,2,4,388,50626,1,1,0.7751964330673218,1
D5_disentangled_strong,2,4,401,50669,2,0,0.7774617671966553,1
D5_disentangled_strong,2,4,416,50697,1,1,0.7801472544670105,1
D5_disentangled_strong,2,4,424,50705,1,1,0.24557432532310486,0
D5_disentangled_strong,2,4,442,50739,2,0,0.2611108422279358,0
D5_disentangled_strong,2,4,448,50745,1,1,0.7787142992019653,1
D5_disentangled_strong,2,4,452,50751,1,1,0.6625791788101196,1
D5_disentangled_strong,2,4,453,50752,1,1,0.26684829592704773,0
D5_disentangled_strong,2,4,457,50757,1,1,0.24412639439105988,0
D5_disentangled_strong,2,4,458,50772,2,0,0.7759681344032288,1
D5_disentangled_strong,2,4,464,50778,2,0,0.23191571235656738,0
D5_disentangled_strong,2,4,473,50796,1,1,0.7579439282417297,1
D5_disentangled_strong,2,4,476,50799,1,1,0.7681821584701538,1
D5_disentangled_strong,2,4,483,50816,2,0,0.204599067568779,0
D5_disentangled_strong,2,4,515,50981,1,1,0.690467357635498,1
D5_disentangled_strong,2,4,522,50988,1,1,0.7747552394866943,1
D5_disentangled_strong,2,4,545,51014,1,1,0.7728443741798401,1
D5_disentangled_strong,2,4,561,51032,1,1,0.7794296741485596,1
D5_disentangled_strong,2,4,572,51045,2,0,0.203963503241539,0
D5_disentangled_strong,2,4,580,51053,2,0,0.20884086191654205,0
D5_disentangled_strong,2,4,581,51054,2,0,0.19808772206306458,0
D5_disentangled_strong,2,4,606,51080,2,0,0.19795885682106018,0
D5_disentangled_strong,2,4,607,51081,2,0,0.19979026913642883,0
D5_disentangled_strong,2,4,609,51083,2,0,0.7781624794006348,1
D5_disentangled_strong,2,4,630,51105,2,0,0.20099152624607086,0
D5_disentangled_strong,2,4,637,51113,2,0,0.20355826616287231,0
D5_disentangled_strong,2,4,646,51127,2,0,0.7169876098632812,1
D5_disentangled_strong,2,4,647,51128,2,0,0.1989900767803192,0
D5_disentangled_strong,2,4,652,51133,2,0,0.7170284390449524,1
D5_disentangled_strong,2,4,658,51139,2,0,0.20035073161125183,0
D5_disentangled_strong,2,4,659,51140,2,0,0.20059385895729065,0
D5_disentangled_strong,2,4,664,51148,2,0,0.2080828994512558,0
D5_disentangled_strong,2,4,674,51161,1,1,0.7472356557846069,1
D5_disentangled_strong,2,4,675,51162,1,1,0.7804895639419556,1
D5_disentangled_strong,2,4,681,51171,1,1,0.46042400598526,0
D5_disentangled_strong,2,4,682,51173,1,1,0.7751674652099609,1
D5_disentangled_strong,2,4,697,51197,2,0,0.22080925107002258,0
D5_disentangled_strong,2,4,704,51206,1,1,0.775959849357605,1
D5_disentangled_strong,2,4,714,51218,1,1,0.7639710903167725,1
D5_disentangled_strong,2,4,718,51222,1,1,0.1981944590806961,0
D5_disentangled_strong,2,4,733,51241,1,1,0.19893401861190796,0
D5_disentangled_strong,2,4,759,51278,2,0,0.6238752007484436,1
D5_disentangled_strong,2,4,766,51294,1,1,0.7751176953315735,1
D5_disentangled_strong,2,4,775,51304,2,0,0.2286187708377838,0
D5_disentangled_strong,2,4,776,51305,2,0,0.2948625981807709,0
D5_disentangled_strong,2,4,799,51334,2,0,0.19805499911308289,0
D5_disentangled_strong,2,4,804,51340,2,0,0.19974640011787415,0
D5_disentangled_strong,2,4,811,51347,2,0,0.200852170586586,0
D5_disentangled_strong,2,4,830,51464,1,1,0.7690091133117676,1
D5_disentangled_strong,2,4,835,51480,2,0,0.20220209658145905,0
D5_disentangled_strong,2,4,855,51569,2,0,0.29732200503349304,0
D5_disentangled_strong,2,4,862,51578,1,1,0.7742888331413269,1
D5_disentangled_strong,2,5,3,50006,1,1,0.811195969581604,1
D5_disentangled_strong,2,5,8,50012,1,1,0.7837744355201721,1
D5_disentangled_strong,2,5,12,50016,1,1,0.8023393154144287,1
D5_disentangled_strong,2,5,14,50022,1,1,0.14276549220085144,0
D5_disentangled_strong,2,5,19,50027,1,1,0.15670311450958252,0
D5_disentangled_strong,2,5,21,50030,2,0,0.1429344117641449,0
D5_disentangled_strong,2,5,29,50038,2,0,0.1427673101425171,0
D5_disentangled_strong,2,5,31,50040,2,0,0.14809522032737732,0
D5_disentangled_strong,2,5,63,50117,2,0,0.20480576157569885,0
D5_disentangled_strong,2,5,80,50144,1,1,0.8013020157814026,1
D5_disentangled_strong,2,5,82,50146,1,1,0.15152661502361298,0
D5_disentangled_strong,2,5,103,50182,1,1,0.5940862894058228,1
D5_disentangled_strong,2,5,113,50195,2,0,0.1428452879190445,0
D5_disentangled_strong,2,5,119,50202,2,0,0.20867887139320374,0
D5_disentangled_strong,2,5,126,50213,2,0,0.14376603066921234,0
D5_disentangled_strong,2,5,135,50239,1,1,0.1808438003063202,0
D5_disentangled_strong,2,5,142,50249,1,1,0.8159564137458801,1
D5_disentangled_strong,2,5,156,50265,2,0,0.15946991741657257,0
D5_disentangled_strong,2,5,157,50266,2,0,0.14571288228034973,0
D5_disentangled_strong,2,5,170,50284,1,1,0.6637133359909058,1
D5_disentangled_strong,2,5,173,50289,1,1,0.5005672574043274,1
D5_disentangled_strong,2,5,175,50291,1,1,0.5200281739234924,1
D5_disentangled_strong,2,5,186,50308,1,1,0.665728747844696,1
D5_disentangled_strong,2,5,195,50324,1,1,0.6500032544136047,1
D5_disentangled_strong,2,5,197,50327,2,0,0.14282003045082092,0
D5_disentangled_strong,2,5,198,50329,2,0,0.1714600771665573,0
D5_disentangled_strong,2,5,199,50330,2,0,0.15662847459316254,0
D5_disentangled_strong,2,5,206,50337,2,0,0.296893835067749,0
D5_disentangled_strong,2,5,222,50353,2,0,0.17094996571540833,0
D5_disentangled_strong,2,5,236,50367,2,0,0.1433100402355194,0
D5_disentangled_strong,2,5,240,50372,2,0,0.14287063479423523,0
D5_disentangled_strong,2,5,264,50407,1,1,0.8107097148895264,1
D5_disentangled_strong,2,5,267,50411,1,1,0.8109277486801147,1
D5_disentangled_strong,2,5,272,50416,2,0,0.1427174061536789,0
D5_disentangled_strong,2,5,275,50419,2,0,0.14567771553993225,0
D5_disentangled_strong,2,5,279,50425,2,0,0.3287319242954254,0
D5_disentangled_strong,2,5,292,50442,2,0,0.14699405431747437,0
D5_disentangled_strong,2,5,297,50447,2,0,0.2902301251888275,0
D5_disentangled_strong,2,5,298,50448,2,0,0.2624357342720032,0
D5_disentangled_strong,2,5,305,50469,2,0,0.14675745368003845,0
D5_disentangled_strong,2,5,309,50481,1,1,0.8157749176025391,1
D5_disentangled_strong,2,5,319,50493,1,1,0.8146377205848694,1
D5_disentangled_strong,2,5,320,50494,1,1,0.5190130472183228,1
D5_disentangled_strong,2,5,325,50500,1,1,0.8155561089515686,1
D5_disentangled_strong,2,5,331,50509,1,1,0.7084839940071106,1
D5_disentangled_strong,2,5,332,50510,1,1,0.815712034702301,1
D5_disentangled_strong,2,5,338,50520,1,1,0.8086109757423401,1
D5_disentangled_strong,2,5,346,50529,1,1,0.816007137298584,1
D5_disentangled_strong,2,5,367,50577,2,0,0.14273613691329956,0
D5_disentangled_strong,2,5,381,50619,1,1,0.8156118392944336,1
D5_disentangled_strong,2,5,384,50622,1,1,0.7968417406082153,1
D5_disentangled_strong,2,5,398,50659,2,0,0.3849370777606964,0
D5_disentangled_strong,2,5,400,50665,2,0,0.32362425327301025,0
D5_disentangled_strong,2,5,433,50725,2,0,0.1435200721025467,0
D5_disentangled_strong,2,5,436,50730,2,0,0.17319020628929138,0
D5_disentangled_strong,2,5,487,50821,2,0,0.1428152471780777,0
D5_disentangled_strong,2,5,492,50954,1,1,0.24267804622650146,0
D5_disentangled_strong,2,5,503,50966,1,1,0.30273252725601196,0
D5_disentangled_strong,2,5,520,50986,1,1,0.35246288776397705,0
D5_disentangled_strong,2,5,530,50996,1,1,0.7503492832183838,1
D5_disentangled_strong,2,5,546,51015,1,1,0.14350594580173492,0
D5_disentangled_strong,2,5,559,51029,1,1,0.8050471544265747,1
D5_disentangled_strong,2,5,560,51030,1,1,0.8055694699287415,1
D5_disentangled_strong,2,5,589,51062,2,0,0.14747606217861176,0
D5_disentangled_strong,2,5,594,51067,2,0,0.15709149837493896,0
D5_disentangled_strong,2,5,602,51076,2,0,0.15515796840190887,0
D5_disentangled_strong,2,5,613,51087,2,0,0.1431962102651596,0
D5_disentangled_strong,2,5,625,51100,2,0,0.1473851203918457,0
D5_disentangled_strong,2,5,629,51104,2,0,0.14319078624248505,0
D5_disentangled_strong,2,5,635,51111,2,0,0.14273032546043396,0
D5_disentangled_strong,2,5,678,51168,1,1,0.5581198334693909,1
D5_disentangled_strong,2,5,690,51184,2,0,0.33223044872283936,0
D5_disentangled_strong,2,5,727,51234,1,1,0.8101006746292114,1
D5_disentangled_strong,2,5,743,51257,2,0,0.2194901555776596,0
D5_disentangled_strong,2,5,774,51303,2,0,0.14352911710739136,0
D5_disentangled_strong,2,5,780,51309,2,0,0.7968266010284424,1
D5_disentangled_strong,2,5,786,51320,1,1,0.8133351802825928,1
D5_disentangled_strong,2,5,810,51346,2,0,0.14293403923511505,0
D5_disentangled_strong,2,5,814,51351,1,1,0.2246386557817459,0
D5_disentangled_strong,2,5,815,51354,1,1,0.7281625866889954,1
D5_disentangled_strong,2,5,820,51361,2,0,0.15752114355564117,0
D5_disentangled_strong,2,5,834,51479,2,0,0.15159057080745697,0
D5_disentangled_strong,2,5,841,51491,2,0,0.14431148767471313,0
D5_disentangled_strong,2,5,844,51557,2,0,0.14364168047904968,0
D5_disentangled_strong,2,5,845,51558,2,0,0.14290031790733337,0
D5_disentangled_strong,2,5,846,51559,2,0,0.22384415566921234,0
D5_disentangled_strong,2,5,870,51607,1,1,0.22955909371376038,0
D5_disentangled_strong,2,6,13,50020,1,1,0.9221990704536438,1
D5_disentangled_strong,2,6,15,50023,1,1,0.9202624559402466,1
D5_disentangled_strong,2,6,22,50031,2,0,0.06033758819103241,0
D5_disentangled_strong,2,6,59,50113,2,0,0.06463997066020966,0
D5_disentangled_strong,2,6,60,50114,2,0,0.06387010961771011,0
D5_disentangled_strong,2,6,65,50119,1,1,0.060644619166851044,0
D5_disentangled_strong,2,6,71,50128,1,1,0.9196596741676331,1
D5_disentangled_strong,2,6,77,50135,1,1,0.9233385324478149,1
D5_disentangled_strong,2,6,89,50156,1,1,0.9187809824943542,1
D5_disentangled_strong,2,6,93,50160,2,0,0.06252849847078323,0
D5_disentangled_strong,2,6,94,50161,2,0,0.13776345551013947,0
D5_disentangled_strong,2,6,96,50163,2,0,0.06743250787258148,0
D5_disentangled_strong,2,6,128,50215,2,0,0.068964883685112,0
D5_disentangled_strong,2,6,143,50250,1,1,0.06396440416574478,0
D5_disentangled_strong,2,6,166,50275,1,1,0.9197065830230713,1
D5_disentangled_strong,2,6,167,50276,1,1,0.9209213256835938,1
D5_disentangled_strong,2,6,168,50278,1,1,0.922950029373169,1
D5_disentangled_strong,2,6,171,50285,1,1,0.7539436221122742,1
D5_disentangled_strong,2,6,174,50290,1,1,0.7825869917869568,1
D5_disentangled_strong,2,6,190,50315,1,1,0.9213840961456299,1
D5_disentangled_strong,2,6,219,50350,2,0,0.06372028589248657,0
D5_disentangled_strong,2,6,220,50351,2,0,0.06442456692457199,0
D5_disentangled_strong,2,6,227,50358,2,0,0.06142707169055939,0
D5_disentangled_strong,2,6,235,50366,2,0,0.06041233614087105,0
D5_disentangled_strong,2,6,276,50421,2,0,0.06087001785635948,0
D5_disentangled_strong,2,6,287,50437,2,0,0.9236055612564087,1
D5_disentangled_strong,2,6,290,50440,2,0,0.062184419482946396,0
D5_disentangled_strong,2,6,310,50482,1,1,0.9211642742156982,1
D5_disentangled_strong,2,6,327,50502,1,1,0.9236183166503906,1
D5_disentangled_strong,2,6,333,50514,1,1,0.5124118328094482,1
D5_disentangled_strong,2,6,337,50519,1,1,0.915108859539032,1
D5_disentangled_strong,2,6,350,50551,2,0,0.12091559171676636,0
D5_disentangled_strong,2,6,362,50572,2,0,0.06100396811962128,0
D5_disentangled_strong,2,6,382,50620,1,1,0.06475856155157089,0
D5_disentangled_strong,2,6,393,50647,1,1,0.309506893157959,0
D5_disentangled_strong,2,6,406,50687,2,0,0.33084636926651,0
D5_disentangled_strong,2,6,408,50689,1,1,0.9238619804382324,1
D5_disentangled_strong,2,6,409,50690,1,1,0.060397159308195114,0
D5_disentangled_strong,2,6,418,50699,2,0,0.8989232182502747,1
D5_disentangled_strong,2,6,423,50704,1,1,0.5201159715652466,1
D5_disentangled_strong,2,6,426,50707,2,0,0.060823842883110046,0
D5_disentangled_strong,2,6,435,50728,2,0,0.10592714697122574,0
D5_disentangled_strong,2,6,449,50748,1,1,0.9238613247871399,1
D5_disentangled_strong,2,6,456,50756,1,1,0.9197432994842529,1
D5_disentangled_strong,2,6,467,50782,2,0,0.0603381022810936,0
D5_disentangled_strong,2,6,486,50820,2,0,0.06253442913293839,0
D5_disentangled_strong,2,6,488,50822,2,0,0.06033545732498169,0
D5_disentangled_strong,2,6,489,50823,1,1,0.9237194657325745,1
D5_disentangled_strong,2,6,499,50961,1,1,0.8867531418800354,1
D5_disentangled_strong,2,6,500,50962,1,1,0.06887265294790268,0
D5_disentangled_strong,2,6,502,50965,1,1,0.9236945509910583,1
D5_disentangled_strong,2,6,531,50997,1,1,0.9236969947814941,1
D5_disentangled_strong,2,6,542,51011,1,1,0.9226040244102478,1
D5_disentangled_strong,2,6,562,51033,1,1,0.9164807796478271,1
D5_disentangled_strong,2,6,577,51050,2,0,0.060365185141563416,0
D5_disentangled_strong,2,6,610,51084,2,0,0.92290198802948,1
D5_disentangled_strong,2,6,615,51089,2,0,0.06252682954072952,0
D5_disentangled_strong,2,6,639,51116,2,0,0.06741558015346527,0
D5_disentangled_strong,2,6,648,51129,2,0,0.06545808166265488,0
D5_disentangled_strong,2,6,656,51137,2,0,0.062161561101675034,0
D5_disentangled_strong,2,6,679,51169,1,1,0.1805955022573471,0
D5_disentangled_strong,2,6,685,51179,1,1,0.9231287837028503,1
D5_disentangled_strong,2,6,688,51182,2,0,0.0607873797416687,0
D5_disentangled_strong,2,6,700,51202,1,1,0.9198666214942932,1
D5_disentangled_strong,2,6,731,51239,1,1,0.9128017425537109,1
D5_disentangled_strong,2,6,744,51260,2,0,0.060836631804704666,0
D5_disentangled_strong,2,6,746,51262,2,0,0.1127224937081337,0
D5_disentangled_strong,2,6,747,51264,2,0,0.06122278794646263,0
D5_disentangled_strong,2,6,751,51268,2,0,0.060336507856845856,0
D5_disentangled_strong,2,6,753,51271,2,0,0.06082047522068024,0
D5_disentangled_strong,2,6,755,51273,2,0,0.9219022393226624,1
D5_disentangled_strong,2,6,760,51279,2,0,0.06088368967175484,0
D5_disentangled_strong,2,6,763,51291,1,1,0.9223160147666931,1
D5_disentangled_strong,2,6,768,51297,1,1,0.9227198958396912,1
D5_disentangled_strong,2,6,773,51302,1,1,0.09170671552419662,0
D5_disentangled_strong,2,6,779,51308,2,0,0.0644807517528534,0
D5_disentangled_strong,2,6,781,51311,2,0,0.061383094638586044,0
D5_disentangled_strong,2,6,801,51336,2,0,0.06034945324063301,0
D5_disentangled_strong,2,6,809,51345,2,0,0.06042594835162163,0
D5_disentangled_strong,2,6,824,51365,2,0,0.06154334917664528,0
D5_disentangled_strong,2,6,831,51465,1,1,0.9234746098518372,1
D5_disentangled_strong,2,6,840,51488,2,0,0.06034838780760765,0
D5_disentangled_strong,2,6,843,51556,2,0,0.06313278526067734,0
D5_disentangled_strong,2,6,848,51562,2,0,0.06041461229324341,0
D5_disentangled_strong,2,6,849,51563,2,0,0.06050092354416847,0
D5_disentangled_strong,2,6,854,51568,2,0,0.08665978908538818,0
D5_disentangled_strong,2,6,859,51574,1,1,0.9238353371620178,1
D5_disentangled_strong,2,7,38,50047,2,0,0.1724817305803299,0
D5_disentangled_strong,2,7,44,50053,1,1,0.47852081060409546,0
D5_disentangled_strong,2,7,46,50056,1,1,0.8481550216674805,1
D5_disentangled_strong,2,7,47,50057,1,1,0.16872476041316986,0
D5_disentangled_strong,2,7,57,50111,2,0,0.17050406336784363,0
D5_disentangled_strong,2,7,68,50124,1,1,0.8485895991325378,1
D5_disentangled_strong,2,7,69,50125,1,1,0.8457373976707458,1
D5_disentangled_strong,2,7,85,50149,1,1,0.7985519170761108,1
D5_disentangled_strong,2,7,91,50158,2,0,0.16718359291553497,0
D5_disentangled_strong,2,7,97,50164,2,0,0.1666816622018814,0
D5_disentangled_strong,2,7,111,50193,2,0,0.1709507554769516,0
D5_disentangled_strong,2,7,116,50199,2,0,0.1704985648393631,0
D5_disentangled_strong,2,7,137,50241,1,1,0.839468240737915,1
D5_disentangled_strong,2,7,139,50245,1,1,0.47063779830932617,0
D5_disentangled_strong,2,7,145,50252,1,1,0.5077062845230103,1
D5_disentangled_strong,2,7,147,50254,1,1,0.5721504092216492,1
D5_disentangled_strong,2,7,148,50255,1,1,0.8427274823188782,1
D5_disentangled_strong,2,7,154,50263,2,0,0.1689855307340622,0
D5_disentangled_strong,2,7,159,50268,2,0,0.16760580241680145,0
D5_disentangled_strong,2,7,185,50304,1,1,0.34907540678977966,0
D5_disentangled_strong,2,7,189,50314,1,1,0.8465527892112732,1
D5_disentangled_strong,2,7,201,50332,2,0,0.16800947487354279,0
D5_disentangled_strong,2,7,207,50338,2,0,0.1676245927810669,0
D5_disentangled_strong,2,7,208,50339,2,0,0.16760502755641937,0
D5_disentangled_strong,2,7,230,50361,2,0,0.16802749037742615,0
D5_disentangled_strong,2,7,238,50369,2,0,0.1735243797302246,0
D5_disentangled_strong,2,7,241,50373,2,0,0.16635337471961975,0
D5_disentangled_strong,2,7,249,50382,2,0,0.16703835129737854,0
D5_disentangled_strong,2,7,269,50413,1,1,0.8428726196289062,1
D5_disentangled_strong,2,7,278,50424,2,0,0.1662038266658783,0
D5_disentangled_strong,2,7,308,50480,1,1,0.8478481769561768,1
D5_disentangled_strong,2,7,318,50492,1,1,0.830322802066803,1
D5_disentangled_strong,2,7,330,50507,1,1,0.24001610279083252,0
D5_disentangled_strong,2,7,351,50552,2,0,0.16692668199539185,0
D5_disentangled_strong,2,7,353,50557,2,0,0.16716599464416504,0
D5_disentangled_strong,2,7,364,50574,2,0,0.2856520116329193,0
D5_disentangled_strong,2,7,371,50603,1,1,0.8450397253036499,1
D5_disentangled_strong,2,7,376,50612,1,1,0.8275676965713501,1
D5_disentangled_strong,2,7,389,50627,1,1,0.6833080649375916,1
D5_disentangled_strong,2,7,410,50691,2,0,0.16626986861228943,0
D5_disentangled_strong,2,7,428,50709,2,0,0.1662316620349884,0
D5_disentangled_strong,2,7,438,50733,2,0,0.16760104894638062,0
D5_disentangled_strong,2,7,441,50738,2,0,0.17249643802642822,0
D5_disentangled_strong,2,7,444,50741,2,0,0.16791492700576782,0
D5_disentangled_strong,2,7,447,50744,1,1,0.8407724499702454,1
D5_disentangled_strong,2,7,463,50777,2,0,0.1663672775030136,0
D5_disentangled_strong,2,7,465,50780,2,0,0.1926884800195694,0
D5_disentangled_strong,2,7,469,50786,2,0,0.16716378927230835,0
D5_disentangled_strong,2,7,478,50801,1,1,0.6579210162162781,1
D5_disentangled_strong,2,7,479,50803,1,1,0.8478743433952332,1
D5_disentangled_strong,2,7,493,50955,1,1,0.1664780229330063,0
D5_disentangled_strong,2,7,510,50974,1,1,0.810525119304657,1
D5_disentangled_strong,2,7,521,50987,1,1,0.8465738296508789,1
D5_disentangled_strong,2,7,534,51001,1,1,0.8485830426216125,1
D5_disentangled_strong,2,7,544,51013,1,1,0.8427934646606445,1
D5_disentangled_strong,2,7,553,51023,1,1,0.8415409326553345,1
D5_disentangled_strong,2,7,558,51028,1,1,0.8486521244049072,1
D5_disentangled_strong,2,7,568,51040,2,0,0.17050933837890625,0
D5_disentangled_strong,2,7,582,51055,2,0,0.17090073227882385,0
D5_disentangled_strong,2,7,586,51059,2,0,0.17410093545913696,0
D5_disentangled_strong,2,7,595,51068,2,0,0.2832944691181183,0
D5_disentangled_strong,2,7,598,51072,2,0,0.16777434945106506,0
D5_disentangled_strong,2,7,600,51074,2,0,0.7809819579124451,1
D5_disentangled_strong,2,7,611,51085,2,0,0.7906319499015808,1
D5_disentangled_strong,2,7,616,51090,2,0,0.17089638113975525,0
D5_disentangled_strong,2,7,623,51098,2,0,0.1748158037662506,0
D5_disentangled_strong,2,7,627,51102,2,0,0.16621145606040955,0
D5_disentangled_strong,2,7,634,51110,2,0,0.16629478335380554,0
D5_disentangled_strong,2,7,651,51132,2,0,0.1720217913389206,0
D5_disentangled_strong,2,7,665,51149,2,0,0.16637837886810303,0
D5_disentangled_strong,2,7,668,51152,2,0,0.16875965893268585,0
D5_disentangled_strong,2,7,670,51154,2,0,0.16837742924690247,0
D5_disentangled_strong,2,7,676,51163,1,1,0.7269376516342163,1
D5_disentangled_strong,2,7,694,51189,2,0,0.16716456413269043,0
D5_disentangled_strong,2,7,713,51217,1,1,0.16644269227981567,0
D5_disentangled_strong,2,7,719,51223,1,1,0.18447072803974152,0
D5_disentangled_strong,2,7,726,51231,1,1,0.20877304673194885,0
D5_disentangled_strong,2,7,729,51236,1,1,0.25635918974876404,0
D5_disentangled_strong,2,7,730,51237,1,1,0.8449984192848206,1
D5_disentangled_strong,2,7,732,51240,1,1,0.8423009514808655,1
D5_disentangled_strong,2,7,745,51261,2,0,0.16622832417488098,0
D5_disentangled_strong,2,7,790,51325,1,1,0.7693290710449219,1
D5_disentangled_strong,2,7,798,51333,2,0,0.16718706488609314,0
D5_disentangled_strong,2,7,807,51343,2,0,0.1700943112373352,0
D5_disentangled_strong,2,7,812,51349,1,1,0.1691284328699112,0
D5_disentangled_strong,2,7,833,51477,2,0,0.1663213074207306,0
D5_disentangled_strong,2,7,863,51579,1,1,0.16615964472293854,0
D5_disentangled_strong,2,8,49,50060,2,0,0.14116743206977844,0
D5_disentangled_strong,2,8,61,50115,2,0,0.14622846245765686,0
D5_disentangled_strong,2,8,64,50118,1,1,0.9093413949012756,1
D5_disentangled_strong,2,8,70,50127,1,1,0.9053596258163452,1
D5_disentangled_strong,2,8,102,50171,2,0,0.34831616282463074,0
D5_disentangled_strong,2,8,105,50184,1,1,0.9090362191200256,1
D5_disentangled_strong,2,8,107,50187,1,1,0.15262506902217865,0
D5_disentangled_strong,2,8,112,50194,2,0,0.14270885288715363,0
D5_disentangled_strong,2,8,114,50196,2,0,0.5045691132545471,1
D5_disentangled_strong,2,8,118,50201,2,0,0.14115236699581146,0
D5_disentangled_strong,2,8,124,50208,2,0,0.1863081157207489,0
D5_disentangled_strong,2,8,133,50236,1,1,0.9100778698921204,1
D5_disentangled_strong,2,8,134,50237,1,1,0.910749614238739,1
D5_disentangled_strong,2,8,146,50253,1,1,0.9071556329727173,1
D5_disentangled_strong,2,8,151,50260,2,0,0.14652326703071594,0
D5_disentangled_strong,2,8,160,50269,2,0,0.4472709000110626,0
D5_disentangled_strong,2,8,179,50295,1,1,0.9108853936195374,1
D5_disentangled_strong,2,8,183,50301,1,1,0.9097444415092468,1
D5_disentangled_strong,2,8,184,50302,1,1,0.9097391366958618,1
D5_disentangled_strong,2,8,196,50325,1,1,0.188985675573349,0
D5_disentangled_strong,2,8,203,50334,2,0,0.9050783514976501,1
D5_disentangled_strong,2,8,210,50341,2,0,0.15337561070919037,0
D5_disentangled_strong,2,8,215,50346,2,0,0.1424272209405899,0
D5_disentangled_strong,2,8,216,50347,2,0,0.14103004336357117,0
D5_disentangled_strong,2,8,223,50354,2,0,0.1651839315891266,0
D5_disentangled_strong,2,8,224,50355,2,0,0.16330528259277344,0
D5_disentangled_strong,2,8,237,50368,2,0,0.1410961151123047,0
D5_disentangled_strong,2,8,255,50390,2,0,0.15236729383468628,0
D5_disentangled_strong,2,8,256,50391,2,0,0.14070814847946167,0
D5_disentangled_strong,2,8,260,50403,1,1,0.3924652934074402,0
D5_disentangled_strong,2,8,266,50410,1,1,0.9100026488304138,1
D5_disentangled_strong,2,8,296,50446,2,0,0.26496002078056335,0
D5_disentangled_strong,2,8,299,50449,2,0,0.14268523454666138,0
D5_disentangled_strong,2,8,328,50503,1,1,0.9107458591461182,1
D5_disentangled_strong,2,8,339,50521,1,1,0.7227104902267456,1
D5_disentangled_strong,2,8,343,50526,1,1,0.9053564071655273,1
D5_disentangled_strong,2,8,347,50530,1,1,0.9075952172279358,1
D5_disentangled_strong,2,8,349,50532,1,1,0.9083340167999268,1
D5_disentangled_strong,2,8,365,50575,2,0,0.2827818989753723,0
D5_disentangled_strong,2,8,377,50613,1,1,0.90973961353302,1
D5_disentangled_strong,2,8,386,50624,1,1,0.910633385181427,1
D5_disentangled_strong,2,8,387,50625,1,1,0.14079728722572327,0
D5_disentangled_strong,2,8,413,50694,1,1,0.9102663993835449,1
D5_disentangled_strong,2,8,414,50695,1,1,0.7047451138496399,1
D5_disentangled_strong,2,8,470,50790,2,0,0.14113201200962067,0
D5_disentangled_strong,2,8,485,50818,2,0,0.1477060467004776,0
D5_disentangled_strong,2,8,496,50958,1,1,0.9107866883277893,1
D5_disentangled_strong,2,8,504,50967,1,1,0.9051773548126221,1
D5_disentangled_strong,2,8,517,50983,1,1,0.9108646512031555,1
D5_disentangled_strong,2,8,536,51003,1,1,0.9106765985488892,1
D5_disentangled_strong,2,8,540,51009,1,1,0.9084070920944214,1
D5_disentangled_strong,2,8,551,51020,1,1,0.9024161696434021,1
D5_disentangled_strong,2,8,569,51041,2,0,0.1477002054452896,0
D5_disentangled_strong,2,8,570,51042,2,0,0.17286348342895508,0
D5_disentangled_strong,2,8,574,51047,2,0,0.33009475469589233,0
D5_disentangled_strong,2,8,576,51049,2,0,0.14386440813541412,0
D5_disentangled_strong,2,8,584,51057,2,0,0.14087560772895813,0
D5_disentangled_strong,2,8,588,51061,2,0,0.14122141897678375,0
D5_disentangled_strong,2,8,593,51066,2,0,0.14779610931873322,0
D5_disentangled_strong,2,8,601,51075,2,0,0.15045075118541718,0
D5_disentangled_strong,2,8,633,51109,2,0,0.14154638350009918,0
D5_disentangled_strong,2,8,642,51122,2,0,0.14079035818576813,0
D5_disentangled_strong,2,8,645,51126,2,0,0.14193874597549438,0
D5_disentangled_strong,2,8,660,51141,2,0,0.8631162047386169,1
D5_disentangled_strong,2,8,673,51159,2,0,0.910726010799408,1
D5_disentangled_strong,2,8,683,51177,1,1,0.907869815826416,1
D5_disentangled_strong,2,8,698,51198,2,0,0.6231659650802612,1
D5_disentangled_strong,2,8,701,51203,1,1,0.9089789986610413,1
D5_disentangled_strong,2,8,715,51219,1,1,0.9091030955314636,1
D5_disentangled_strong,2,8,717,51221,1,1,0.9089730978012085,1
D5_disentangled_strong,2,8,722,51226,1,1,0.16777892410755157,0
D5_disentangled_strong,2,8,734,51248,1,1,0.9108425974845886,1
D5_disentangled_strong,2,8,738,51252,2,0,0.9064587950706482,1
D5_disentangled_strong,2,8,748,51265,2,0,0.1407310962677002,0
D5_disentangled_strong,2,8,778,51307,2,0,0.9107018709182739,1
D5_disentangled_strong,2,8,785,51319,1,1,0.9102452397346497,1
D5_disentangled_strong,2,8,803,51339,2,0,0.15170758962631226,0
D5_disentangled_strong,2,8,817,51357,2,0,0.14457641541957855,0
D5_disentangled_strong,2,8,826,51370,2,0,0.14241312444210052,0
D5_disentangled_strong,2,8,828,51461,1,1,0.9094846844673157,1
D5_disentangled_strong,2,8,832,51473,1,1,0.9008352756500244,1
D5_disentangled_strong,2,8,839,51487,2,0,0.24972659349441528,0
D5_disentangled_strong,2,8,847,51560,2,0,0.14266973733901978,0
D5_disentangled_strong,2,8,851,51565,2,0,0.538007378578186,1
D5_disentangled_strong,2,8,852,51566,2,0,0.14060065150260925,0
D5_disentangled_strong,2,8,857,51572,1,1,0.9087671637535095,1
D5_disentangled_strong,2,8,866,51583,1,1,0.9096888303756714,1
D5_disentangled_strong,2,9,9,50013,1,1,0.9267591834068298,1
D5_disentangled_strong,2,9,20,50028,1,1,0.9262099862098694,1
D5_disentangled_strong,2,9,27,50036,2,0,0.13327741622924805,0
D5_disentangled_strong,2,9,32,50041,2,0,0.13309499621391296,0
D5_disentangled_strong,2,9,37,50046,2,0,0.13683955371379852,0
D5_disentangled_strong,2,9,40,50049,2,0,0.13879060745239258,0
D5_disentangled_strong,2,9,42,50051,2,0,0.8781665563583374,1
D5_disentangled_strong,2,9,50,50102,2,0,0.23515431582927704,0
D5_disentangled_strong,2,9,66,50121,1,1,0.9248476028442383,1
D5_disentangled_strong,2,9,75,50132,1,1,0.9265678524971008,1
D5_disentangled_strong,2,9,83,50147,1,1,0.9265735149383545,1
D5_disentangled_strong,2,9,84,50148,1,1,0.92254239320755,1
D5_disentangled_strong,2,9,87,50152,1,1,0.9265799522399902,1
D5_disentangled_strong,2,9,104,50183,1,1,0.9266973733901978,1
D5_disentangled_strong,2,9,121,50204,2,0,0.1345595121383667,0
D5_disentangled_strong,2,9,122,50205,2,0,0.13303744792938232,0
D5_disentangled_strong,2,9,123,50206,2,0,0.6664057970046997,1
D5_disentangled_strong,2,9,130,50232,1,1,0.9246634840965271,1
D5_disentangled_strong,2,9,132,50234,1,1,0.9203071594238281,1
D5_disentangled_strong,2,9,221,50352,2,0,0.5314735174179077,1
D5_disentangled_strong,2,9,226,50357,2,0,0.13634832203388214,0
D5_disentangled_strong,2,9,232,50363,2,0,0.9242362380027771,1
D5_disentangled_strong,2,9,250,50383,2,0,0.20850279927253723,0
D5_disentangled_strong,2,9,258,50399,1,1,0.9267901182174683,1
D5_disentangled_strong,2,9,261,50404,1,1,0.9267843961715698,1
D5_disentangled_strong,2,9,262,50405,1,1,0.9265695810317993,1
D5_disentangled_strong,2,9,282,50428,2,0,0.1342552751302719,0
D5_disentangled_strong,2,9,284,50434,2,0,0.14367611706256866,0
D5_disentangled_strong,2,9,289,50439,2,0,0.2665228247642517,0
D5_disentangled_strong,2,9,291,50441,2,0,0.1333625465631485,0
D5_disentangled_strong,2,9,301,50463,2,0,0.13579770922660828,0
D5_disentangled_strong,2,9,323,50498,1,1,0.9242837429046631,1
D5_disentangled_strong,2,9,344,50527,1,1,0.9259096384048462,1
D5_disentangled_strong,2,9,358,50568,2,0,0.9118322730064392,1
D5_disentangled_strong,2,9,361,50571,2,0,0.9197307229042053,1
D5_disentangled_strong,2,9,363,50573,2,0,0.139404758810997,0
D5_disentangled_strong,2,9,380,50616,1,1,0.9251390695571899,1
D5_disentangled_strong,2,9,391,50642,1,1,0.926512598991394,1
D5_disentangled_strong,2,9,397,50656,2,0,0.8107418417930603,1
D5_disentangled_strong,2,9,407,50688,2,0,0.13328126072883606,0
D5_disentangled_strong,2,9,415,50696,1,1,0.9266591668128967,1
D5_disentangled_strong,2,9,419,50700,1,1,0.9251400828361511,1
D5_disentangled_strong,2,9,420,50701,2,0,0.13533076643943787,0
D5_disentangled_strong,2,9,427,50708,1,1,0.9265825152397156,1
D5_disentangled_strong,2,9,446,50743,1,1,0.9267919063568115,1
D5_disentangled_strong,2,9,461,50775,2,0,0.1347065269947052,0
D5_disentangled_strong,2,9,472,50792,1,1,0.9264803528785706,1
D5_disentangled_strong,2,9,481,50812,2,0,0.13390372693538666,0
D5_disentangled_strong,2,9,491,50952,1,1,0.9263437986373901,1
D5_disentangled_strong,2,9,498,50960,1,1,0.3906043767929077,0
D5_disentangled_strong,2,9,511,50976,1,1,0.9265649914741516,1
D5_disentangled_strong,2,9,524,50990,1,1,0.9251344799995422,1
D5_disentangled_strong,2,9,539,51008,1,1,0.9153515100479126,1
D5_disentangled_strong,2,9,541,51010,1,1,0.9180572032928467,1
D5_disentangled_strong,2,9,543,51012,1,1,0.9266841411590576,1
D5_disentangled_strong,2,9,563,51034,1,1,0.9262255430221558,1
D5_disentangled_strong,2,9,564,51035,1,1,0.9265870451927185,1
D5_disentangled_strong,2,9,592,51065,2,0,0.13862267136573792,0
D5_disentangled_strong,2,9,604,51078,2,0,0.13947898149490356,0
D5_disentangled_strong,2,9,605,51079,2,0,0.9260708689689636,1
D5_disentangled_strong,2,9,608,51082,2,0,0.47554218769073486,0
D5_disentangled_strong,2,9,620,51095,2,0,0.9260707497596741,1
D5_disentangled_strong,2,9,624,51099,2,0,0.13771356642246246,0
D5_disentangled_strong,2,9,632,51107,2,0,0.9153449535369873,1
D5_disentangled_strong,2,9,643,51123,2,0,0.3169376254081726,0
D5_disentangled_strong,2,9,654,51135,2,0,0.7408754825592041,1
D5_disentangled_strong,2,9,667,51151,2,0,0.1568295806646347,0
D5_disentangled_strong,2,9,680,51170,1,1,0.9167115092277527,1
D5_disentangled_strong,2,9,699,51201,1,1,0.9267094135284424,1
D5_disentangled_strong,2,9,708,51211,1,1,0.9259326457977295,1
D5_disentangled_strong,2,9,712,51216,1,1,0.1338808685541153,0
D5_disentangled_strong,2,9,736,51250,2,0,0.13319537043571472,0
D5_disentangled_strong,2,9,739,51253,2,0,0.13328266143798828,0
D5_disentangled_strong,2,9,740,51254,2,0,0.13299939036369324,0
D5_disentangled_strong,2,9,742,51256,2,0,0.13571517169475555,0
D5_disentangled_strong,2,9,752,51269,2,0,0.13378450274467468,0
D5_disentangled_strong,2,9,756,51275,2,0,0.1333320587873459,0
D5_disentangled_strong,2,9,784,51318,1,1,0.9201940894126892,1
D5_disentangled_strong,2,9,788,51322,1,1,0.9265530109405518,1
D5_disentangled_strong,2,9,789,51323,1,1,0.9246508479118347,1
D5_disentangled_strong,2,9,794,51329,1,1,0.8704235553741455,1
D5_disentangled_strong,2,9,802,51338,2,0,0.9267961382865906,1
D5_disentangled_strong,2,9,822,51363,2,0,0.1343071311712265,0
D5_disentangled_strong,2,9,825,51369,2,0,0.1330098807811737,0
D5_disentangled_strong,2,9,827,51373,2,0,0.13440096378326416,0
D5_disentangled_strong,2,9,842,51493,2,0,0.1487276554107666,0
D5_disentangled_strong,2,9,864,51580,1,1,0.9266086220741272,1
D5_disentangled_strong,2,10,11,50015,1,1,0.9229234457015991,1
D5_disentangled_strong,2,10,16,50024,1,1,0.9234699606895447,1
D5_disentangled_strong,2,10,18,50026,1,1,0.924606204032898,1
D5_disentangled_strong,2,10,33,50042,2,0,0.06702885031700134,0
D5_disentangled_strong,2,10,36,50045,2,0,0.32253462076187134,0
D5_disentangled_strong,2,10,41,50050,2,0,0.06846528500318527,0
D5_disentangled_strong,2,10,43,50052,2,0,0.9103176593780518,1
D5_disentangled_strong,2,10,54,50106,2,0,0.8645313382148743,1
D5_disentangled_strong,2,10,74,50131,1,1,0.8533483147621155,1
D5_disentangled_strong,2,10,99,50168,2,0,0.0682026743888855,0
D5_disentangled_strong,2,10,106,50186,1,1,0.9245815277099609,1
D5_disentangled_strong,2,10,109,50189,1,1,0.9243826866149902,1
D5_disentangled_strong,2,10,110,50190,1,1,0.9246172904968262,1
D5_disentangled_strong,2,10,150,50259,2,0,0.07295094430446625,0
D5_disentangled_strong,2,10,158,50267,2,0,0.06767533719539642,0
D5_disentangled_strong,2,10,188,50312,1,1,0.9241915941238403,1
D5_disentangled_strong,2,10,194,50321,1,1,0.9232235550880432,1
D5_disentangled_strong,2,10,233,50364,2,0,0.3096585273742676,0
D5_disentangled_strong,2,10,239,50370,2,0,0.06713014841079712,0
D5_disentangled_strong,2,10,245,50377,2,0,0.07075366377830505,0
D5_disentangled_strong,2,10,252,50386,2,0,0.06791374832391739,0
D5_disentangled_strong,2,10,257,50397,1,1,0.9246241450309753,1
D5_disentangled_strong,2,10,263,50406,1,1,0.923216700553894,1
D5_disentangled_strong,2,10,268,50412,1,1,0.9232184886932373,1
D5_disentangled_strong,2,10,270,50414,2,0,0.08654163032770157,0
D5_disentangled_strong,2,10,273,50417,2,0,0.0703500434756279,0
D5_disentangled_strong,2,10,294,50444,2,0,0.3637031018733978,0
D5_disentangled_strong,2,10,303,50467,2,0,0.06735032051801682,0
D5_disentangled_strong,2,10,304,50468,2,0,0.06850700825452805,0
D5_disentangled_strong,2,10,317,50491,1,1,0.9214985966682434,1
D5_disentangled_strong,2,10,324,50499,1,1,0.9246214032173157,1
D5_disentangled_strong,2,10,366,50576,2,0,0.06745094805955887,0
D5_disentangled_strong,2,10,372,50604,1,1,0.9223135709762573,1
D5_disentangled_strong,2,10,394,50648,1,1,0.47890180349349976,0
D5_disentangled_strong,2,10,430,50722,2,0,0.06806938350200653,0
D5_disentangled_strong,2,10,434,50726,2,0,0.09660951048135757,0
D5_disentangled_strong,2,10,443,50740,2,0,0.06958507001399994,0
D5_disentangled_strong,2,10,459,50773,2,0,0.069752037525177,0
D5_disentangled_strong,2,10,475,50798,1,1,0.06998356431722641,0
D5_disentangled_strong,2,10,482,50814,2,0,0.3050521910190582,0
D5_disentangled_strong,2,10,490,50824,1,1,0.5870912075042725,1
D5_disentangled_strong,2,10,494,50956,1,1,0.9234572052955627,1
D5_disentangled_strong,2,10,501,50964,1,1,0.9245778322219849,1
D5_disentangled_strong,2,10,507,50970,1,1,0.9246148467063904,1
D5_disentangled_strong,2,10,509,50973,1,1,0.9219383597373962,1
D5_disentangled_strong,2,10,512,50977,1,1,0.9242153763771057,1
D5_disentangled_strong,2,10,518,50984,1,1,0.924456000328064,1
D5_disentangled_strong,2,10,519,50985,1,1,0.9234631657600403,1
D5_disentangled_strong,2,10,523,50989,1,1,0.9234773516654968,1
D5_disentangled_strong,2,10,527,50993,1,1,0.92347252368927,1
D5_disentangled_strong,2,10,528,50994,1,1,0.9245127439498901,1
D5_disentangled_strong,2,10,529,50995,1,1,0.9232710003852844,1
D5_disentangled_strong,2,10,533,51000,1,1,0.924610435962677,1
D5_disentangled_strong,2,10,535,51002,1,1,0.9143286943435669,1
D5_disentangled_strong,2,10,547,51016,1,1,0.921186625957489,1
D5_disentangled_strong,2,10,549,51018,1,1,0.9236494302749634,1
D5_disentangled_strong,2,10,557,51027,1,1,0.9192566871643066,1
D5_disentangled_strong,2,10,565,51036,2,0,0.06697336584329605,0
D5_disentangled_strong,2,10,567,51039,2,0,0.06842313706874847,0
D5_disentangled_strong,2,10,573,51046,2,0,0.6042879819869995,1
D5_disentangled_strong,2,10,578,51051,2,0,0.07168745994567871,0
D5_disentangled_strong,2,10,591,51064,2,0,0.06733833998441696,0
D5_disentangled_strong,2,10,617,51091,2,0,0.06792978197336197,0
D5_disentangled_strong,2,10,618,51093,2,0,0.06698932498693466,0
D5_disentangled_strong,2,10,619,51094,2,0,0.07163434475660324,0
D5_disentangled_strong,2,10,626,51101,2,0,0.07196483016014099,0
D5_disentangled_strong,2,10,636,51112,2,0,0.0716952234506607,0
D5_disentangled_strong,2,10,641,51118,2,0,0.5444449782371521,1
D5_disentangled_strong,2,10,649,51130,2,0,0.9200623631477356,1
D5_disentangled_strong,2,10,662,51146,2,0,0.06957365572452545,0
D5_disentangled_strong,2,10,666,51150,2,0,0.06823939830064774,0
D5_disentangled_strong,2,10,692,51187,2,0,0.06736862659454346,0
D5_disentangled_strong,2,10,696,51194,2,0,0.24411334097385406,0
D5_disentangled_strong,2,10,702,51204,1,1,0.9229179620742798,1
D5_disentangled_strong,2,10,707,51210,1,1,0.9214944243431091,1
D5_disentangled_strong,2,10,758,51277,2,0,0.06793447583913803,0
D5_disentangled_strong,2,10,761,51280,2,0,0.06843893229961395,0
D5_disentangled_strong,2,10,764,51292,1,1,0.9226739406585693,1
D5_disentangled_strong,2,10,765,51293,1,1,0.9231863021850586,1
D5_disentangled_strong,2,10,777,51306,2,0,0.6979793310165405,1
D5_disentangled_strong,2,10,782,51313,2,0,0.0719580352306366,0
D5_disentangled_strong,2,10,796,51331,1,1,0.9246145486831665,1
D5_disentangled_strong,2,10,797,51332,2,0,0.06846746057271957,0
D5_disentangled_strong,2,10,800,51335,2,0,0.09962628036737442,0
D5_disentangled_strong,2,10,819,51360,2,0,0.07089440524578094,0
D5_disentangled_strong,2,10,850,51564,2,0,0.06698106229305267,0
D5_disentangled_strong,2,10,860,51576,1,1,0.10024997591972351,0
