config,seed,fold,subject_index,subject_id,true_original_label,true_asd,p_asd,pred_asd
C0_baseline,0,1,10,50014,1,1,0.9397330284118652,1
C0_baseline,0,1,14,50022,1,1,0.1491946130990982,0
C0_baseline,0,1,36,50045,2,0,0.2542321979999542,0
C0_baseline,0,1,42,50051,2,0,0.8716591000556946,1
C0_baseline,0,1,49,50060,2,0,0.09670805186033249,0
C0_baseline,0,1,53,50105,2,0,0.8185510039329529,1
C0_baseline,0,1,63,50117,2,0,0.3264543116092682,0
C0_baseline,0,1,67,50123,1,1,0.940025806427002,1
C0_baseline,0,1,83,50147,1,1,0.8429031372070312,1
C0_baseline,0,1,84,50148,1,1,0.9401405453681946,1
C0_baseline,0,1,96,50163,2,0,0.12711191177368164,0
C0_baseline,0,1,97,50164,2,0,0.08261226862668991,0
C0_baseline,0,1,111,50193,2,0,0.07585135102272034,0
C0_baseline,0,1,114,50196,2,0,0.6169862747192383,1
C0_baseline,0,1,123,50206,2,0,0.8560184240341187,1
C0_baseline,0,1,131,50233,1,1,0.9399518370628357,1
C0_baseline,0,1,132,50234,1,1,0.7275282740592957,1
C0_baseline,0,1,136,50240,1,1,0.9384352564811707,1
C0_baseline,0,1,141,50248,1,1,0.9398277401924133,1
C0_baseline,0,1,145,50252,1,1,0.6109681129455566,1
C0_baseline,0,1,146,50253,1,1,0.9333292245864868,1
C0_baseline,0,1,148,50255,1,1,0.9409691095352173,1
C0_baseline,0,1,152,50261,2,0,0.44380584359169006,0
C0_baseline,0,1,154,50263,2,0,0.08013887703418732,0
C0_baseline,0,1,164,50273,1,1,0.9322866201400757,1
C0_baseline,0,1,184,50302,1,1,0.9388903379440308,1
C0_baseline,0,1,202,50333,2,0,0.11834033578634262,0
C0_baseline,0,1,204,50335,2,0,0.07767796516418457,0
C0_baseline,0,1,210,50341,2,0,0.10022204369306564,0
C0_baseline,0,1,223,50354,2,0,0.17599603533744812,0
C0_baseline,0,1,241,50373,2,0,0.41568896174430847,0
C0_baseline,0,1,266,50410,1,1,0.9374082684516907,1
C0_baseline,0,1,271,50415,2,0,0.0883001983165741,0
C0_baseline,0,1,275,50419,2,0,0.07720732688903809,0
C0_baseline,0,1,278,50424,2,0,0.10022947192192078,0
C0_baseline,0,1,286,50436,2,0,0.5257370471954346,1
C0_baseline,0,1,292,50442,2,0,0.08805011212825775,0
C0_baseline,0,1,302,50466,2,0,0.0767965167760849,0
C0_baseline,0,1,303,50467,2,0,0.5483130216598511,1
C0_baseline,0,1,323,50498,1,1,0.9335921406745911,1
C0_baseline,0,1,326,50501,1,1,0.9393912553787231,1
C0_baseline,0,1,346,50529,1,1,0.937807023525238,1
C0_baseline,0,1,349,50532,1,1,0.9353716969490051,1
C0_baseline,0,1,352,50555,2,0,0.07627709209918976,0
C0_baseline,0,1,353,50557,2,0,0.09277234971523285,0
C0_baseline,0,1,360,50570,2,0,0.08850274235010147,0
C0_baseline,0,1,390,50628,1,1,0.9383944869041443,1
C0_baseline,0,1,397,50656,2,0,0.17766064405441284,0
C0_baseline,0,1,405,50686,1,1,0.9399938583374023,1
C0_baseline,0,1,408,50689,1,1,0.9418343901634216,1
C0_baseline,0,1,430,50722,2,0,0.07972730696201324,0
C0_baseline,0,1,435,50728,2,0,0.8710654973983765,1
C0_baseline,0,1,446,50743,1,1,0.9417604804039001,1
C0_baseline,0,1,451,50750,1,1,0.9415438771247864,1
C0_baseline,0,1,475,50798,1,1,0.0762222483754158,0
C0_baseline,0,1,476,50799,1,1,0.9399700164794922,1
C0_baseline,0,1,481,50812,2,0,0.08209919184446335,0
C0_baseline,0,1,490,50824,1,1,0.11140503734350204,0
C0_baseline,0,1,511,50976,1,1,0.9418655633926392,1
C0_baseline,0,1,522,50988,1,1,0.8687673211097717,1
C0_baseline,0,1,525,50991,1,1,0.3743182122707367,0
C0_baseline,0,1,537,51006,1,1,0.9414308071136475,1
C0_baseline,0,1,541,51010,1,1,0.5440919995307922,1
C0_baseline,0,1,557,51027,1,1,0.909741997718811,1
C0_baseline,0,1,559,51029,1,1,0.5987975597381592,1
C0_baseline,0,1,579,51052,2,0,0.08158518373966217,0
C0_baseline,0,1,584,51057,2,0,0.08735909312963486,0
C0_baseline,0,1,633,51109,2,0,0.07856474071741104,0
C0_baseline,0,1,636,51112,2,0,0.08805239945650101,0
C0_baseline,0,1,648,51129,2,0,0.08050959557294846,0
C0_baseline,0,1,655,51136,2,0,0.5032801032066345,1
C0_baseline,0,1,670,51154,2,0,0.07643386721611023,0
C0_baseline,0,1,692,51187,2,0,0.08188669383525848,0
C0_baseline,0,1,695,51192,2,0,0.07648385316133499,0
C0_baseline,0,1,696,51194,2,0,0.9163021445274353,1
C0_baseline,0,1,727,51234,1,1,0.9338946342468262,1
C0_baseline,0,1,732,51240,1,1,0.9378491640090942,1
C0_baseline,0,1,762,51281,2,0,0.09635493159294128,0
C0_baseline,0,1,765,51293,1,1,0.9407578706741333,1
C0_baseline,0,1,766,51294,1,1,0.44030264019966125,0
C0_baseline,0,1,779,51308,2,0,0.09784285724163055,0
C0_baseline,0,1,795,51330,1,1,0.9415512681007385,1
C0_baseline,0,1,798,51333,2,0,0.09823950380086899,0
C0_baseline,0,1,825,51369,2,0,0.20442217588424683,0
C0_baseline,0,1,828,51461,1,1,0.9405433535575867,1
C0_baseline,0,1,839,51487,2,0,0.47474759817123413,0
C0_baseline,0,1,854,51568,2,0,0.36296749114990234,0
C0_baseline,0,1,862,51578,1,1,0.9418811202049255,1
C0_baseline,0,2,2,50005,1,1,0.4977579414844513,0
C0_baseline,0,2,3,50006,1,1,0.921759843826294,1
C0_baseline,0,2,4,50007,1,1,0.4370940625667572,0
C0_baseline,0,2,20,50028,1,1,0.9213351011276245,1
C0_baseline,0,2,27,50036,2,0,0.08043409883975983,0
C0_baseline,0,2,35,50044,2,0,0.07852239906787872,0
C0_baseline,0,2,45,50054,2,0,0.9129955768585205,1
C0_baseline,0,2,57,50111,2,0,0.08096060901880264,0
C0_baseline,0,2,61,50115,2,0,0.08098055422306061,0
C0_baseline,0,2,69,50125,1,1,0.9213146567344666,1
C0_baseline,0,2,79,50143,1,1,0.9212995767593384,1
C0_baseline,0,2,87,50152,1,1,0.92167067527771,1
C0_baseline,0,2,116,50199,2,0,0.07954543828964233,0
C0_baseline,0,2,122,50205,2,0,0.080403171479702,0
C0_baseline,0,2,130,50232,1,1,0.9190887808799744,1
C0_baseline,0,2,133,50236,1,1,0.92097008228302,1
C0_baseline,0,2,147,50254,1,1,0.9164588451385498,1
C0_baseline,0,2,162,50271,2,0,0.07852056622505188,0
C0_baseline,0,2,170,50284,1,1,0.13813254237174988,0
C0_baseline,0,2,171,50285,1,1,0.08008642494678497,0
C0_baseline,0,2,183,50301,1,1,0.8990004062652588,1
C0_baseline,0,2,192,50319,1,1,0.9217435121536255,1
C0_baseline,0,2,197,50327,2,0,0.07913623750209808,0
C0_baseline,0,2,217,50348,2,0,0.0785021036863327,0
C0_baseline,0,2,218,50349,2,0,0.0816788375377655,0
C0_baseline,0,2,222,50353,2,0,0.07853516936302185,0
C0_baseline,0,2,232,50363,2,0,0.08101102709770203,0
C0_baseline,0,2,234,50365,2,0,0.07926441729068756,0
C0_baseline,0,2,257,50397,1,1,0.9217596650123596,1
C0_baseline,0,2,270,50414,2,0,0.1383841633796692,0
C0_baseline,0,2,282,50428,2,0,0.07967201620340347,0
C0_baseline,0,2,283,50433,2,0,0.08039017766714096,0
C0_baseline,0,2,294,50444,2,0,0.08625701069831848,0
C0_baseline,0,2,307,50477,1,1,0.8540840148925781,1
C0_baseline,0,2,316,50490,1,1,0.8275043964385986,1
C0_baseline,0,2,357,50565,2,0,0.10245908796787262,0
C0_baseline,0,2,363,50573,2,0,0.07866902649402618,0
C0_baseline,0,2,364,50574,2,0,0.07893197983503342,0
C0_baseline,0,2,372,50604,1,1,0.9217569231987,1
C0_baseline,0,2,381,50619,1,1,0.9200510382652283,1
C0_baseline,0,2,385,50623,1,1,0.9214387536048889,1
C0_baseline,0,2,394,50648,1,1,0.07866613566875458,0
C0_baseline,0,2,399,50664,2,0,0.07908757776021957,0
C0_baseline,0,2,407,50688,2,0,0.08149684965610504,0
C0_baseline,0,2,410,50691,2,0,0.07843638211488724,0
C0_baseline,0,2,417,50698,2,0,0.08660045266151428,0
C0_baseline,0,2,426,50707,2,0,0.0785834863781929,0
C0_baseline,0,2,450,50749,1,1,0.9217239022254944,1
C0_baseline,0,2,453,50752,1,1,0.9112716317176819,1
C0_baseline,0,2,462,50776,2,0,0.07953521609306335,0
C0_baseline,0,2,465,50780,2,0,0.07917772233486176,0
C0_baseline,0,2,478,50801,1,1,0.9102810621261597,1
C0_baseline,0,2,489,50823,1,1,0.920408308506012,1
C0_baseline,0,2,513,50978,1,1,0.9204654693603516,1
C0_baseline,0,2,528,50994,1,1,0.920436441898346,1
C0_baseline,0,2,535,51002,1,1,0.631191074848175,1
C0_baseline,0,2,543,51012,1,1,0.9112628102302551,1
C0_baseline,0,2,544,51013,1,1,0.7026649713516235,1
C0_baseline,0,2,546,51015,1,1,0.07853721082210541,0
C0_baseline,0,2,553,51023,1,1,0.9190545678138733,1
C0_baseline,0,2,558,51028,1,1,0.9214282035827637,1
C0_baseline,0,2,568,51040,2,0,0.08361607789993286,0
C0_baseline,0,2,572,51045,2,0,0.08212125301361084,0
C0_baseline,0,2,585,51058,2,0,0.08167675882577896,0
C0_baseline,0,2,592,51065,2,0,0.08097948879003525,0
C0_baseline,0,2,596,51069,2,0,0.08192671090364456,0
C0_baseline,0,2,612,51086,2,0,0.08233337104320526,0
C0_baseline,0,2,629,51104,2,0,0.08044438064098358,0
C0_baseline,0,2,642,51122,2,0,0.08215072005987167,0
C0_baseline,0,2,645,51126,2,0,0.0827380120754242,0
C0_baseline,0,2,646,51127,2,0,0.15975672006607056,0
C0_baseline,0,2,651,51132,2,0,0.08088883757591248,0
C0_baseline,0,2,681,51171,1,1,0.41135233640670776,0
C0_baseline,0,2,683,51177,1,1,0.9205103516578674,1
C0_baseline,0,2,690,51184,2,0,0.0801100879907608,0
C0_baseline,0,2,691,51185,2,0,0.33949917554855347,0
C0_baseline,0,2,718,51222,1,1,0.0795086920261383,0
C0_baseline,0,2,722,51226,1,1,0.07949057221412659,0
C0_baseline,0,2,728,51235,1,1,0.9212969541549683,1
C0_baseline,0,2,742,51256,2,0,0.080893874168396,0
C0_baseline,0,2,753,51271,2,0,0.08190098404884338,0
C0_baseline,0,2,793,51328,1,1,0.9198432564735413,1
C0_baseline,0,2,820,51361,2,0,0.07926324009895325,0
C0_baseline,0,2,824,51365,2,0,0.08114392310380936,0
C0_baseline,0,2,832,51473,1,1,0.08062488585710526,0
C0_baseline,0,2,840,51488,2,0,0.07902243733406067,0
C0_baseline,0,2,869,51606,1,1,0.07848010212182999,0
C0_baseline,0,3,21,50030,2,0,0.48813682794570923,0
C0_baseline,0,3,32,50041,2,0,0.05942542478442192,0
C0_baseline,0,3,34,50043,2,0,0.12483193725347519,0
C0_baseline,0,3,37,50046,2,0,0.056228987872600555,0
C0_baseline,0,3,70,50127,1,1,0.05825375020503998,0
C0_baseline,0,3,74,50131,1,1,0.23749664425849915,0
C0_baseline,0,3,86,50150,1,1,0.6335004568099976,1
C0_baseline,0,3,100,50169,2,0,0.05593389272689819,0
C0_baseline,0,3,119,50202,2,0,0.056451216340065,0
C0_baseline,0,3,151,50260,2,0,0.05645521357655525,0
C0_baseline,0,3,159,50268,2,0,0.05682601034641266,0
C0_baseline,0,3,160,50269,2,0,0.1719343066215515,0
C0_baseline,0,3,163,50272,1,1,0.91878741979599,1
C0_baseline,0,3,181,50298,1,1,0.7165381908416748,1
C0_baseline,0,3,187,50310,1,1,0.7963048219680786,1
C0_baseline,0,3,207,50338,2,0,0.0568547397851944,0
C0_baseline,0,3,258,50399,1,1,0.5016918182373047,1
C0_baseline,0,3,262,50405,1,1,0.9195893406867981,1
C0_baseline,0,3,264,50407,1,1,0.9191862940788269,1
C0_baseline,0,3,284,50434,2,0,0.056249864399433136,0
C0_baseline,0,3,287,50437,2,0,0.9155524373054504,1
C0_baseline,0,3,297,50447,2,0,0.22026321291923523,0
C0_baseline,0,3,310,50482,1,1,0.9185388088226318,1
C0_baseline,0,3,319,50493,1,1,0.9126983880996704,1
C0_baseline,0,3,327,50502,1,1,0.9180878400802612,1
C0_baseline,0,3,329,50504,1,1,0.9140390753746033,1
C0_baseline,0,3,333,50514,1,1,0.8353767991065979,1
C0_baseline,0,3,335,50516,1,1,0.9134209752082825,1
C0_baseline,0,3,337,50519,1,1,0.9140689373016357,1
C0_baseline,0,3,368,50578,2,0,0.8499753475189209,1
C0_baseline,0,3,370,50602,1,1,0.9046319127082825,1
C0_baseline,0,3,371,50603,1,1,0.9185316562652588,1
C0_baseline,0,3,379,50615,1,1,0.9184973835945129,1
C0_baseline,0,3,411,50692,2,0,0.05630141496658325,0
C0_baseline,0,3,425,50706,2,0,0.05652152746915817,0
C0_baseline,0,3,434,50726,2,0,0.06642616540193558,0
C0_baseline,0,3,439,50735,2,0,0.05591217428445816,0
C0_baseline,0,3,444,50741,2,0,0.05799603462219238,0
C0_baseline,0,3,456,50756,1,1,0.9176824688911438,1
C0_baseline,0,3,457,50757,1,1,0.48583951592445374,0
C0_baseline,0,3,497,50959,1,1,0.666469931602478,1
C0_baseline,0,3,499,50961,1,1,0.283294141292572,0
C0_baseline,0,3,502,50965,1,1,0.9175021052360535,1
C0_baseline,0,3,507,50970,1,1,0.9194304943084717,1
C0_baseline,0,3,514,50979,1,1,0.617877721786499,1
C0_baseline,0,3,539,51008,1,1,0.06119917705655098,0
C0_baseline,0,3,562,51033,1,1,0.8508513569831848,1
C0_baseline,0,3,576,51049,2,0,0.061297640204429626,0
C0_baseline,0,3,589,51062,2,0,0.0625135600566864,0
C0_baseline,0,3,605,51079,2,0,0.7733873724937439,1
C0_baseline,0,3,622,51097,2,0,0.06498777866363525,0
C0_baseline,0,3,626,51101,2,0,0.05654033273458481,0
C0_baseline,0,3,640,51117,2,0,0.06283137947320938,0
C0_baseline,0,3,661,51142,2,0,0.05581454932689667,0
C0_baseline,0,3,662,51146,2,0,0.060174714773893356,0
C0_baseline,0,3,669,51153,2,0,0.055833712220191956,0
C0_baseline,0,3,676,51163,1,1,0.19999343156814575,0
C0_baseline,0,3,678,51168,1,1,0.40951207280158997,0
C0_baseline,0,3,686,51180,2,0,0.05605413764715195,0
C0_baseline,0,3,688,51182,2,0,0.05630895867943764,0
C0_baseline,0,3,709,51212,1,1,0.906218409538269,1
C0_baseline,0,3,710,51214,1,1,0.9180746674537659,1
C0_baseline,0,3,713,51217,1,1,0.05628533288836479,0
C0_baseline,0,3,714,51218,1,1,0.9056167006492615,1
C0_baseline,0,3,716,51220,1,1,0.9155329465866089,1
C0_baseline,0,3,723,51228,1,1,0.9150533676147461,1
C0_baseline,0,3,737,51251,2,0,0.5124421119689941,1
C0_baseline,0,3,739,51253,2,0,0.08226179331541061,0
C0_baseline,0,3,745,51261,2,0,0.0831286609172821,0
C0_baseline,0,3,747,51264,2,0,0.0747794508934021,0
C0_baseline,0,3,754,51272,2,0,0.14288277924060822,0
C0_baseline,0,3,755,51273,2,0,0.7748551368713379,1
C0_baseline,0,3,756,51275,2,0,0.05793912336230278,0
C0_baseline,0,3,780,51309,2,0,0.9197213053703308,1
C0_baseline,0,3,786,51320,1,1,0.9113680720329285,1
C0_baseline,0,3,791,51326,1,1,0.7732293009757996,1
C0_baseline,0,3,800,51335,2,0,0.1078469455242157,0
C0_baseline,0,3,806,51342,2,0,0.09849271923303604,0
C0_baseline,0,3,819,51360,2,0,0.05584094300866127,0
C0_baseline,0,3,831,51465,1,1,0.9196992516517639,1
C0_baseline,0,3,834,51479,2,0,0.0589631013572216,0
C0_baseline,0,3,836,51481,2,0,0.05632719397544861,0
C0_baseline,0,3,842,51493,2,0,0.2332640141248703,0
C0_baseline,0,3,852,51566,2,0,0.10186928510665894,0
C0_baseline,0,3,853,51567,2,0,0.05608731880784035,0
C0_baseline,0,3,857,51572,1,1,0.9194759130477905,1
C0_baseline,0,3,868,51585,1,1,0.8864151239395142,1
C0_baseline,0,4,8,50012,1,1,0.9038320779800415,1
C0_baseline,0,4,13,50020,1,1,0.9290808439254761,1
C0_baseline,0,4,17,50025,1,1,0.9283878803253174,1
C0_baseline,0,4,29,50038,2,0,0.07597632706165314,0
C0_baseline,0,4,33,50042,2,0,0.1479467749595642,0
C0_baseline,0,4,43,50052,2,0,0.2311939299106598,0
C0_baseline,0,4,46,50056,1,1,0.9298603534698486,1
C0_baseline,0,4,55,50107,2,0,0.20544596016407013,0
C0_baseline,0,4,56,50109,2,0,0.25936535000801086,0
C0_baseline,0,4,58,50112,2,0,0.08370435982942581,0
C0_baseline,0,4,66,50121,1,1,0.9300299286842346,1
C0_baseline,0,4,72,50129,1,1,0.9294576644897461,1
C0_baseline,0,4,88,50153,1,1,0.7456305623054504,1
C0_baseline,0,4,99,50168,2,0,0.08484234660863876,0
C0_baseline,0,4,103,50182,1,1,0.9299202561378479,1
C0_baseline,0,4,106,50186,1,1,0.9254463911056519,1
C0_baseline,0,4,109,50189,1,1,0.9299644231796265,1
C0_baseline,0,4,113,50195,2,0,0.0833655446767807,0
C0_baseline,0,4,126,50213,2,0,0.07873494923114777,0
C0_baseline,0,4,135,50239,1,1,0.9291324019432068,1
C0_baseline,0,4,144,50251,1,1,0.5350602865219116,1
C0_baseline,0,4,158,50267,2,0,0.07889833301305771,0
C0_baseline,0,4,172,50287,1,1,0.10207788646221161,0
C0_baseline,0,4,175,50291,1,1,0.6851186156272888,1
C0_baseline,0,4,200,50331,2,0,0.08596381545066833,0
C0_baseline,0,4,211,50342,2,0,0.18958720564842224,0
C0_baseline,0,4,230,50361,2,0,0.08036345988512039,0
C0_baseline,0,4,231,50362,2,0,0.0770798847079277,0
C0_baseline,0,4,236,50367,2,0,0.08595086634159088,0
C0_baseline,0,4,243,50375,2,0,0.07636120915412903,0
C0_baseline,0,4,244,50376,2,0,0.07677078992128372,0
C0_baseline,0,4,263,50406,1,1,0.926732063293457,1
C0_baseline,0,4,280,50426,2,0,0.07872714102268219,0
C0_baseline,0,4,288,50438,2,0,0.07716768234968185,0
C0_baseline,0,4,306,50470,2,0,0.25938957929611206,0
C0_baseline,0,4,328,50503,1,1,0.9296621084213257,1
C0_baseline,0,4,339,50521,1,1,0.9191734194755554,1
C0_baseline,0,4,341,50524,1,1,0.9267586469650269,1
C0_baseline,0,4,345,50528,1,1,0.9283096790313721,1
C0_baseline,0,4,348,50531,1,1,0.8421660661697388,1
C0_baseline,0,4,351,50552,2,0,0.11559849232435226,0
C0_baseline,0,4,386,50624,1,1,0.9296631813049316,1
C0_baseline,0,4,412,50693,1,1,0.4787372052669525,0
C0_baseline,0,4,416,50697,1,1,0.9255363345146179,1
C0_baseline,0,4,436,50730,2,0,0.13772784173488617,0
C0_baseline,0,4,441,50738,2,0,0.08036589622497559,0
C0_baseline,0,4,445,50742,2,0,0.08677687495946884,0
C0_baseline,0,4,455,50755,1,1,0.9275447726249695,1
C0_baseline,0,4,460,50774,2,0,0.087895467877388,0
C0_baseline,0,4,461,50775,2,0,0.08127616345882416,0
C0_baseline,0,4,467,50782,2,0,0.0760011151432991,0
C0_baseline,0,4,496,50958,1,1,0.9191445708274841,1
C0_baseline,0,4,498,50960,1,1,0.6149752140045166,1
C0_baseline,0,4,508,50972,1,1,0.929563581943512,1
C0_baseline,0,4,509,50973,1,1,0.9264202117919922,1
C0_baseline,0,4,510,50974,1,1,0.9299668669700623,1
C0_baseline,0,4,516,50982,1,1,0.1032942533493042,0
C0_baseline,0,4,527,50993,1,1,0.9281787872314453,1
C0_baseline,0,4,551,51020,1,1,0.7629560828208923,1
C0_baseline,0,4,555,51025,1,1,0.9300468564033508,1
C0_baseline,0,4,566,51038,2,0,0.07597917318344116,0
C0_baseline,0,4,577,51050,2,0,0.07956470549106598,0
C0_baseline,0,4,586,51059,2,0,0.08382256329059601,0
C0_baseline,0,4,599,51073,2,0,0.07874085754156113,0
C0_baseline,0,4,606,51080,2,0,0.903421938419342,1
C0_baseline,0,4,607,51081,2,0,0.08720420300960541,0
C0_baseline,0,4,616,51090,2,0,0.08789398521184921,0
C0_baseline,0,4,619,51094,2,0,0.09058763831853867,0
C0_baseline,0,4,631,51106,2,0,0.08375061303377151,0
C0_baseline,0,4,632,51107,2,0,0.8158835768699646,1
C0_baseline,0,4,657,51138,2,0,0.08401333540678024,0
C0_baseline,0,4,658,51139,2,0,0.08768120408058167,0
C0_baseline,0,4,664,51148,2,0,0.08665462583303452,0
C0_baseline,0,4,665,51149,2,0,0.07621079683303833,0
C0_baseline,0,4,693,51188,2,0,0.0844307392835617,0
C0_baseline,0,4,697,51197,2,0,0.0970294177532196,0
C0_baseline,0,4,698,51198,2,0,0.0954395979642868,0
C0_baseline,0,4,700,51202,1,1,0.9279989004135132,1
C0_baseline,0,4,701,51203,1,1,0.9299319982528687,1
C0_baseline,0,4,703,51205,1,1,0.9267728328704834,1
C0_baseline,0,4,730,51237,1,1,0.925375759601593,1
C0_baseline,0,4,735,51249,1,1,0.9282888770103455,1
C0_baseline,0,4,767,51295,1,1,0.9283146262168884,1
C0_baseline,0,4,772,51301,1,1,0.41696101427078247,0
C0_baseline,0,4,776,51305,2,0,0.8915555477142334,1
C0_baseline,0,4,845,51558,2,0,0.07609452307224274,0
C0_baseline,0,4,851,51565,2,0,0.5265166759490967,1
C0_baseline,0,5,0,50003,1,1,0.14744438230991364,0
C0_baseline,0,5,6,50010,1,1,0.745117723941803,1
C0_baseline,0,5,18,50026,1,1,0.6346047520637512,1
C0_baseline,0,5,19,50027,1,1,0.11338883638381958,0
C0_baseline,0,5,50,50102,2,0,0.12438268214464188,0
C0_baseline,0,5,64,50118,1,1,0.7742658257484436,1
C0_baseline,0,5,77,50135,1,1,0.7666956782341003,1
C0_baseline,0,5,78,50142,1,1,0.774057924747467,1
C0_baseline,0,5,81,50145,1,1,0.40030184388160706,0
C0_baseline,0,5,98,50167,2,0,0.1243307963013649,0
C0_baseline,0,5,112,50194,2,0,0.11340492218732834,0
C0_baseline,0,5,125,50210,2,0,0.11529368907213211,0
C0_baseline,0,5,128,50215,2,0,0.1172516718506813,0
C0_baseline,0,5,142,50249,1,1,0.7748561501502991,1
C0_baseline,0,5,143,50250,1,1,0.12111961096525192,0
C0_baseline,0,5,157,50266,2,0,0.118748739361763,0
C0_baseline,0,5,161,50270,2,0,0.11397308111190796,0
C0_baseline,0,5,167,50276,1,1,0.7709829807281494,1
C0_baseline,0,5,198,50329,2,0,0.1662929654121399,0
C0_baseline,0,5,205,50336,2,0,0.11526798456907272,0
C0_baseline,0,5,220,50351,2,0,0.12089639157056808,0
C0_baseline,0,5,221,50352,2,0,0.13833320140838623,0
C0_baseline,0,5,226,50357,2,0,0.11974086612462997,0
C0_baseline,0,5,227,50358,2,0,0.19628667831420898,0
C0_baseline,0,5,249,50382,2,0,0.11463473737239838,0
C0_baseline,0,5,250,50383,2,0,0.11395785957574844,0
C0_baseline,0,5,267,50411,1,1,0.7726664543151855,1
C0_baseline,0,5,277,50422,2,0,0.3571155071258545,0
C0_baseline,0,5,305,50469,2,0,0.11698051542043686,0
C0_baseline,0,5,318,50492,1,1,0.6313604116439819,1
C0_baseline,0,5,321,50496,1,1,0.6131160855293274,1
C0_baseline,0,5,336,50518,1,1,0.6639097929000854,1
C0_baseline,0,5,367,50577,2,0,0.11412325501441956,0
C0_baseline,0,5,373,50606,1,1,0.7009024024009705,1
C0_baseline,0,5,383,50621,1,1,0.49299347400665283,0
C0_baseline,0,5,391,50642,1,1,0.6595490574836731,1
C0_baseline,0,5,433,50725,2,0,0.11463727056980133,0
C0_baseline,0,5,469,50786,2,0,0.28093668818473816,0
C0_baseline,0,5,471,50791,1,1,0.4996315538883209,0
C0_baseline,0,5,500,50962,1,1,0.1267932802438736,0
C0_baseline,0,5,504,50967,1,1,0.6743173599243164,1
C0_baseline,0,5,529,50995,1,1,0.7726877927780151,1
C0_baseline,0,5,533,51000,1,1,0.7733398079872131,1
C0_baseline,0,5,556,51026,1,1,0.768322229385376,1
C0_baseline,0,5,560,51030,1,1,0.7722713947296143,1
C0_baseline,0,5,567,51039,2,0,0.11450733244419098,0
C0_baseline,0,5,570,51042,2,0,0.11350376158952713,0
C0_baseline,0,5,574,51047,2,0,0.1182982474565506,0
C0_baseline,0,5,597,51070,2,0,0.12059415131807327,0
C0_baseline,0,5,601,51075,2,0,0.1192668154835701,0
C0_baseline,0,5,621,51096,2,0,0.1152988001704216,0
C0_baseline,0,5,624,51099,2,0,0.11373293399810791,0
C0_baseline,0,5,625,51100,2,0,0.11750384420156479,0
C0_baseline,0,5,628,51103,2,0,0.42361629009246826,0
C0_baseline,0,5,643,51123,2,0,0.12557381391525269,0
C0_baseline,0,5,647,51128,2,0,0.11419494450092316,0
C0_baseline,0,5,650,51131,2,0,0.12484077364206314,0
C0_baseline,0,5,654,51135,2,0,0.1255321502685547,0
C0_baseline,0,5,656,51137,2,0,0.11338123679161072,0
C0_baseline,0,5,659,51140,2,0,0.11458268016576767,0
C0_baseline,0,5,671,51155,2,0,0.11336642503738403,0
C0_baseline,0,5,674,51161,1,1,0.7227824330329895,1
C0_baseline,0,5,680,51170,1,1,0.11597542464733124,0
C0_baseline,0,5,702,51204,1,1,0.7654088139533997,1
C0_baseline,0,5,733,51241,1,1,0.12204989045858383,0
C0_baseline,0,5,734,51248,1,1,0.7536672353744507,1
C0_baseline,0,5,741,51255,2,0,0.1135389432311058,0
C0_baseline,0,5,748,51265,2,0,0.11336801946163177,0
C0_baseline,0,5,749,51266,2,0,0.7403807044029236,1
C0_baseline,0,5,757,51276,2,0,0.1162293404340744,0
C0_baseline,0,5,758,51277,2,0,0.11397196352481842,0
C0_baseline,0,5,761,51280,2,0,0.11668235808610916,0
C0_baseline,0,5,764,51292,1,1,0.7677633166313171,1
C0_baseline,0,5,768,51297,1,1,0.7668240070343018,1
C0_baseline,0,5,785,51319,1,1,0.7734541296958923,1
C0_baseline,0,5,789,51323,1,1,0.7681074142456055,1
C0_baseline,0,5,796,51331,1,1,0.609462559223175,1
C0_baseline,0,5,797,51332,2,0,0.11622074991464615,0
C0_baseline,0,5,804,51340,2,0,0.11966110020875931,0
C0_baseline,0,5,807,51343,2,0,0.12064182758331299,0
C0_baseline,0,5,808,51344,2,0,0.11335699260234833,0
C0_baseline,0,5,814,51351,1,1,0.2189425230026245,0
C0_baseline,0,5,829,51463,1,1,0.5099924206733704,1
C0_baseline,0,5,846,51559,2,0,0.11342282593250275,0
C0_baseline,0,5,864,51580,1,1,0.26877036690711975,0
C0_baseline,0,5,867,51584,1,1,0.6200309991836548,1
C0_baseline,0,5,870,51607,1,1,0.26449981331825256,0
C0_baseline,0,6,7,50011,1,1,0.9129564762115479,1
C0_baseline,0,6,12,50016,1,1,0.9152373671531677,1
C0_baseline,0,6,22,50031,2,0,0.04040474817156792,0
C0_baseline,0,6,25,50034,2,0,0.04113045707345009,0
C0_baseline,0,6,28,50037,2,0,0.04028491675853729,0
C0_baseline,0,6,30,50039,2,0,0.830839991569519,1
C0_baseline,0,6,31,50040,2,0,0.04317830130457878,0
C0_baseline,0,6,38,50047,2,0,0.04024758189916611,0
C0_baseline,0,6,51,50103,2,0,0.2722698152065277,0
C0_baseline,0,6,60,50114,2,0,0.04017427936196327,0
C0_baseline,0,6,68,50124,1,1,0.797724187374115,1
C0_baseline,0,6,71,50128,1,1,0.9132474660873413,1
C0_baseline,0,6,76,50134,1,1,0.8274657726287842,1
C0_baseline,0,6,102,50171,2,0,0.04023571312427521,0
C0_baseline,0,6,110,50190,1,1,0.9032599925994873,1
C0_baseline,0,6,129,50217,2,0,0.04085972532629967,0
C0_baseline,0,6,137,50241,1,1,0.9143082499504089,1
C0_baseline,0,6,150,50259,2,0,0.0402962788939476,0
C0_baseline,0,6,174,50290,1,1,0.9097779989242554,1
C0_baseline,0,6,176,50292,1,1,0.9142782092094421,1
C0_baseline,0,6,179,50295,1,1,0.9149707555770874,1
C0_baseline,0,6,188,50312,1,1,0.8802571892738342,1
C0_baseline,0,6,194,50321,1,1,0.9133810997009277,1
C0_baseline,0,6,209,50340,2,0,0.04134941101074219,0
C0_baseline,0,6,212,50343,2,0,0.8386132717132568,1
C0_baseline,0,6,213,50344,2,0,0.041350189596414566,0
C0_baseline,0,6,215,50346,2,0,0.041496019810438156,0
C0_baseline,0,6,225,50356,2,0,0.0422029122710228,0
C0_baseline,0,6,240,50372,2,0,0.04301312193274498,0
C0_baseline,0,6,247,50380,2,0,0.07073874771595001,0
C0_baseline,0,6,252,50386,2,0,0.041127532720565796,0
C0_baseline,0,6,253,50387,2,0,0.04218195006251335,0
C0_baseline,0,6,255,50390,2,0,0.040755826979875565,0
C0_baseline,0,6,268,50412,1,1,0.9154674410820007,1
C0_baseline,0,6,279,50425,2,0,0.04061165079474449,0
C0_baseline,0,6,281,50427,2,0,0.043002717196941376,0
C0_baseline,0,6,308,50480,1,1,0.9150855541229248,1
C0_baseline,0,6,309,50481,1,1,0.9149654507637024,1
C0_baseline,0,6,315,50488,1,1,0.9142768383026123,1
C0_baseline,0,6,332,50510,1,1,0.9142552614212036,1
C0_baseline,0,6,338,50520,1,1,0.9146870970726013,1
C0_baseline,0,6,342,50525,1,1,0.6009564399719238,1
C0_baseline,0,6,355,50561,2,0,0.04113069176673889,0
C0_baseline,0,6,358,50568,2,0,0.04036097228527069,0
C0_baseline,0,6,361,50571,2,0,0.33395254611968994,0
C0_baseline,0,6,369,50601,1,1,0.1604204624891281,0
C0_baseline,0,6,377,50613,1,1,0.9130472540855408,1
C0_baseline,0,6,389,50627,1,1,0.9143048524856567,1
C0_baseline,0,6,403,50683,2,0,0.04220644384622574,0
C0_baseline,0,6,409,50690,1,1,0.040547486394643784,0
C0_baseline,0,6,413,50694,1,1,0.9115930795669556,1
C0_baseline,0,6,415,50696,1,1,0.915290892124176,1
C0_baseline,0,6,419,50700,1,1,0.9154596924781799,1
C0_baseline,0,6,422,50703,2,0,0.040780507028102875,0
C0_baseline,0,6,437,50731,2,0,0.04204641655087471,0
C0_baseline,0,6,438,50733,2,0,0.040423162281513214,0
C0_baseline,0,6,443,50740,2,0,0.040402043610811234,0
C0_baseline,0,6,447,50744,1,1,0.6194726824760437,1
C0_baseline,0,6,449,50748,1,1,0.9076452255249023,1
C0_baseline,0,6,470,50790,2,0,0.040403787046670914,0
C0_baseline,0,6,488,50822,2,0,0.04041426628828049,0
C0_baseline,0,6,492,50954,1,1,0.04085833206772804,0
C0_baseline,0,6,495,50957,1,1,0.9051019549369812,1
C0_baseline,0,6,505,50968,1,1,0.9133962988853455,1
C0_baseline,0,6,517,50983,1,1,0.9052441716194153,1
C0_baseline,0,6,523,50989,1,1,0.9129779934883118,1
C0_baseline,0,6,547,51016,1,1,0.9146530628204346,1
C0_baseline,0,6,552,51021,1,1,0.9152194857597351,1
C0_baseline,0,6,580,51053,2,0,0.04349218308925629,0
C0_baseline,0,6,581,51054,2,0,0.04219040647149086,0
C0_baseline,0,6,582,51055,2,0,0.04234765097498894,0
C0_baseline,0,6,600,51074,2,0,0.04065417870879173,0
C0_baseline,0,6,615,51089,2,0,0.04286611080169678,0
C0_baseline,0,6,634,51110,2,0,0.043192923069000244,0
C0_baseline,0,6,663,51147,2,0,0.041333090513944626,0
C0_baseline,0,6,684,51178,1,1,0.9069709777832031,1
C0_baseline,0,6,699,51201,1,1,0.6275336146354675,1
C0_baseline,0,6,708,51211,1,1,0.22186167538166046,0
C0_baseline,0,6,740,51254,2,0,0.04147350788116455,0
C0_baseline,0,6,752,51269,2,0,0.042734455317258835,0
C0_baseline,0,6,760,51279,2,0,0.04041333496570587,0
C0_baseline,0,6,811,51347,2,0,0.041483040899038315,0
C0_baseline,0,6,821,51362,2,0,0.043361447751522064,0
C0_baseline,0,6,833,51477,2,0,0.04035324603319168,0
C0_baseline,0,6,843,51556,2,0,0.04165482521057129,0
C0_baseline,0,6,859,51574,1,1,0.9143370985984802,1
C0_baseline,0,6,861,51577,1,1,0.9141778945922852,1
C0_baseline,0,7,16,50024,1,1,0.8742496371269226,1
C0_baseline,0,7,26,50035,2,0,0.1798548549413681,0
C0_baseline,0,7,40,50049,2,0,0.1760527342557907,0
C0_baseline,0,7,54,50106,2,0,0.8668575286865234,1
C0_baseline,0,7,80,50144,1,1,0.8722310662269592,1
C0_baseline,0,7,82,50146,1,1,0.17614828050136566,0
C0_baseline,0,7,90,50157,2,0,0.5592389702796936,1
C0_baseline,0,7,91,50158,2,0,0.17697560787200928,0
C0_baseline,0,7,95,50162,2,0,0.2990918457508087,0
C0_baseline,0,7,104,50183,1,1,0.8737308979034424,1
C0_baseline,0,7,153,50262,2,0,0.1869887113571167,0
C0_baseline,0,7,156,50265,2,0,0.18619592487812042,0
C0_baseline,0,7,165,50274,1,1,0.8705204129219055,1
C0_baseline,0,7,166,50275,1,1,0.8739521503448486,1
C0_baseline,0,7,169,50282,1,1,0.8676709532737732,1
C0_baseline,0,7,178,50294,1,1,0.8684806227684021,1
C0_baseline,0,7,189,50314,1,1,0.8704343438148499,1
C0_baseline,0,7,190,50315,1,1,0.8739564418792725,1
C0_baseline,0,7,191,50318,1,1,0.5114662051200867,1
C0_baseline,0,7,208,50339,2,0,0.17646324634552002,0
C0_baseline,0,7,214,50345,2,0,0.2168627232313156,0
C0_baseline,0,7,224,50355,2,0,0.23632657527923584,0
C0_baseline,0,7,233,50364,2,0,0.49539944529533386,0
C0_baseline,0,7,245,50377,2,0,0.1771569699048996,0
C0_baseline,0,7,246,50379,2,0,0.18336409330368042,0
C0_baseline,0,7,251,50385,2,0,0.7857672572135925,1
C0_baseline,0,7,261,50404,1,1,0.8740646839141846,1
C0_baseline,0,7,276,50421,2,0,0.1760018765926361,0
C0_baseline,0,7,285,50435,2,0,0.17717301845550537,0
C0_baseline,0,7,289,50439,2,0,0.18614481389522552,0
C0_baseline,0,7,296,50446,2,0,0.1849016398191452,0
C0_baseline,0,7,298,50448,2,0,0.6884254217147827,1
C0_baseline,0,7,304,50468,2,0,0.2884078323841095,0
C0_baseline,0,7,314,50487,1,1,0.8704842925071716,1
C0_baseline,0,7,325,50500,1,1,0.8729098439216614,1
C0_baseline,0,7,350,50551,2,0,0.1841464787721634,0
C0_baseline,0,7,398,50659,2,0,0.41145604848861694,0
C0_baseline,0,7,420,50701,2,0,0.18032748997211456,0
C0_baseline,0,7,423,50704,1,1,0.3938053846359253,0
C0_baseline,0,7,424,50705,1,1,0.5278172492980957,1
C0_baseline,0,7,428,50709,2,0,0.1836046725511551,0
C0_baseline,0,7,452,50751,1,1,0.8504621386528015,1
C0_baseline,0,7,459,50773,2,0,0.18048599362373352,0
C0_baseline,0,7,474,50797,1,1,0.8713741898536682,1
C0_baseline,0,7,479,50803,1,1,0.8698879480361938,1
C0_baseline,0,7,480,50807,1,1,0.8692899346351624,1
C0_baseline,0,7,484,50817,2,0,0.17890824377536774,0
C0_baseline,0,7,485,50818,2,0,0.18831083178520203,0
C0_baseline,0,7,487,50821,2,0,0.17795073986053467,0
C0_baseline,0,7,494,50956,1,1,0.8704203963279724,1
C0_baseline,0,7,512,50977,1,1,0.8741210103034973,1
C0_baseline,0,7,515,50981,1,1,0.8446674942970276,1
C0_baseline,0,7,518,50984,1,1,0.872867226600647,1
C0_baseline,0,7,520,50986,1,1,0.7616145610809326,1
C0_baseline,0,7,526,50992,1,1,0.8716058731079102,1
C0_baseline,0,7,536,51003,1,1,0.8742232918739319,1
C0_baseline,0,7,540,51009,1,1,0.8701015114784241,1
C0_baseline,0,7,545,51014,1,1,0.8730443120002747,1
C0_baseline,0,7,578,51051,2,0,0.18033228814601898,0
C0_baseline,0,7,590,51063,2,0,0.1767766922712326,0
C0_baseline,0,7,603,51077,2,0,0.6872050762176514,1
C0_baseline,0,7,617,51091,2,0,0.18288543820381165,0
C0_baseline,0,7,630,51105,2,0,0.17643426358699799,0
C0_baseline,0,7,641,51118,2,0,0.742266833782196,1
C0_baseline,0,7,644,51124,2,0,0.17644819617271423,0
C0_baseline,0,7,666,51150,2,0,0.17715418338775635,0
C0_baseline,0,7,667,51151,2,0,0.18488210439682007,0
C0_baseline,0,7,672,51156,2,0,0.1778009980916977,0
C0_baseline,0,7,675,51162,1,1,0.8739525079727173,1
C0_baseline,0,7,685,51179,1,1,0.8737098574638367,1
C0_baseline,0,7,706,51208,1,1,0.6099807620048523,1
C0_baseline,0,7,715,51219,1,1,0.8698471784591675,1
C0_baseline,0,7,720,51224,1,1,0.6915037035942078,1
C0_baseline,0,7,725,51230,1,1,0.8738523125648499,1
C0_baseline,0,7,746,51262,2,0,0.19751770794391632,0
C0_baseline,0,7,763,51291,1,1,0.8713555335998535,1
C0_baseline,0,7,775,51304,2,0,0.20232108235359192,0
C0_baseline,0,7,781,51311,2,0,0.17627686262130737,0
C0_baseline,0,7,790,51325,1,1,0.8735342621803284,1
C0_baseline,0,7,792,51327,1,1,0.873957097530365,1
C0_baseline,0,7,799,51334,2,0,0.17653752863407135,0
C0_baseline,0,7,803,51339,2,0,0.17629113793373108,0
C0_baseline,0,7,837,51482,2,0,0.18268568813800812,0
C0_baseline,0,7,838,51484,2,0,0.423105925321579,0
C0_baseline,0,7,841,51491,2,0,0.17595313489437103,0
C0_baseline,0,7,860,51576,1,1,0.5866014361381531,1
C0_baseline,0,7,865,51582,1,1,0.8741536736488342,1
C0_baseline,0,8,5,50008,1,1,0.8115410804748535,1
C0_baseline,0,8,9,50013,1,1,0.8144366145133972,1
C0_baseline,0,8,23,50032,2,0,0.14711983501911163,0
C0_baseline,0,8,24,50033,2,0,0.15324494242668152,0
C0_baseline,0,8,73,50130,1,1,0.8138189315795898,1
C0_baseline,0,8,75,50132,1,1,0.811082661151886,1
C0_baseline,0,8,85,50149,1,1,0.814423680305481,1
C0_baseline,0,8,105,50184,1,1,0.8126170039176941,1
C0_baseline,0,8,120,50203,2,0,0.14646153151988983,0
C0_baseline,0,8,124,50208,2,0,0.1515134572982788,0
C0_baseline,0,8,134,50237,1,1,0.8099498748779297,1
C0_baseline,0,8,138,50243,1,1,0.8138700127601624,1
C0_baseline,0,8,139,50245,1,1,0.8141325116157532,1
C0_baseline,0,8,155,50264,2,0,0.26281774044036865,0
C0_baseline,0,8,173,50289,1,1,0.502901554107666,1
C0_baseline,0,8,201,50332,2,0,0.14706957340240479,0
C0_baseline,0,8,216,50347,2,0,0.15287016332149506,0
C0_baseline,0,8,228,50359,2,0,0.30717143416404724,0
C0_baseline,0,8,229,50360,2,0,0.1502053439617157,0
C0_baseline,0,8,235,50366,2,0,0.3763717710971832,0
C0_baseline,0,8,239,50370,2,0,0.5916906595230103,1
C0_baseline,0,8,269,50413,1,1,0.8075345754623413,1
C0_baseline,0,8,272,50416,2,0,0.14720620214939117,0
C0_baseline,0,8,273,50417,2,0,0.14945581555366516,0
C0_baseline,0,8,290,50440,2,0,0.800934374332428,1
C0_baseline,0,8,291,50441,2,0,0.14655597507953644,0
C0_baseline,0,8,299,50449,2,0,0.14650963246822357,0
C0_baseline,0,8,313,50486,1,1,0.8129072785377502,1
C0_baseline,0,8,324,50499,1,1,0.814426839351654,1
C0_baseline,0,8,330,50507,1,1,0.7708508968353271,1
C0_baseline,0,8,343,50526,1,1,0.8100749254226685,1
C0_baseline,0,8,344,50527,1,1,0.8138582706451416,1
C0_baseline,0,8,362,50572,2,0,0.14647746086120605,0
C0_baseline,0,8,380,50616,1,1,0.81412672996521,1
C0_baseline,0,8,388,50626,1,1,0.8138027787208557,1
C0_baseline,0,8,400,50665,2,0,0.4338800609111786,0
C0_baseline,0,8,402,50682,2,0,0.14972665905952454,0
C0_baseline,0,8,404,50685,2,0,0.2428761124610901,0
C0_baseline,0,8,421,50702,1,1,0.8137449622154236,1
C0_baseline,0,8,427,50708,1,1,0.8144222497940063,1
C0_baseline,0,8,431,50723,2,0,0.15975913405418396,0
C0_baseline,0,8,463,50777,2,0,0.4629497230052948,0
C0_baseline,0,8,472,50792,1,1,0.8118457198143005,1
C0_baseline,0,8,473,50796,1,1,0.8140592575073242,1
C0_baseline,0,8,477,50800,1,1,0.8144111037254333,1
C0_baseline,0,8,486,50820,2,0,0.15153005719184875,0
C0_baseline,0,8,519,50985,1,1,0.81020587682724,1
C0_baseline,0,8,521,50987,1,1,0.8114532232284546,1
C0_baseline,0,8,524,50990,1,1,0.8110010623931885,1
C0_baseline,0,8,530,50996,1,1,0.8043793439865112,1
C0_baseline,0,8,538,51007,1,1,0.8134464621543884,1
C0_baseline,0,8,548,51017,1,1,0.8139525651931763,1
C0_baseline,0,8,549,51018,1,1,0.8138304948806763,1
C0_baseline,0,8,554,51024,1,1,0.8142343163490295,1
C0_baseline,0,8,563,51034,1,1,0.8120740056037903,1
C0_baseline,0,8,565,51036,2,0,0.1504105031490326,0
C0_baseline,0,8,573,51046,2,0,0.4000197649002075,0
C0_baseline,0,8,593,51066,2,0,0.14685244858264923,0
C0_baseline,0,8,608,51082,2,0,0.47800496220588684,0
C0_baseline,0,8,613,51087,2,0,0.2415134310722351,0
C0_baseline,0,8,618,51093,2,0,0.14713191986083984,0
C0_baseline,0,8,620,51095,2,0,0.6766834855079651,1
C0_baseline,0,8,635,51111,2,0,0.1474674493074417,0
C0_baseline,0,8,652,51133,2,0,0.814409077167511,1
C0_baseline,0,8,653,51134,2,0,0.14852872490882874,0
C0_baseline,0,8,668,51152,2,0,0.32364800572395325,0
C0_baseline,0,8,682,51173,1,1,0.8144086003303528,1
C0_baseline,0,8,687,51181,2,0,0.5946617126464844,1
C0_baseline,0,8,717,51221,1,1,0.808410108089447,1
C0_baseline,0,8,719,51223,1,1,0.8138622045516968,1
C0_baseline,0,8,731,51239,1,1,0.8058269023895264,1
C0_baseline,0,8,743,51257,2,0,0.8144015669822693,1
C0_baseline,0,8,751,51268,2,0,0.1465650200843811,0
C0_baseline,0,8,759,51278,2,0,0.6663678288459778,1
C0_baseline,0,8,770,51299,1,1,0.8098836541175842,1
C0_baseline,0,8,773,51302,1,1,0.8137997388839722,1
C0_baseline,0,8,782,51313,2,0,0.14767594635486603,0
C0_baseline,0,8,809,51345,2,0,0.6042954325675964,1
C0_baseline,0,8,810,51346,2,0,0.14659126102924347,0
C0_baseline,0,8,816,51356,2,0,0.8142352104187012,1
C0_baseline,0,8,826,51370,2,0,0.1471860259771347,0
C0_baseline,0,8,827,51373,2,0,0.1538839489221573,0
C0_baseline,0,8,830,51464,1,1,0.8122643828392029,1
C0_baseline,0,8,844,51557,2,0,0.14996959269046783,0
C0_baseline,0,8,849,51563,2,0,0.1464485079050064,0
C0_baseline,0,8,855,51569,2,0,0.40851011872291565,0
C0_baseline,0,8,858,51573,1,1,0.7242043018341064,1
C0_baseline,0,9,1,50004,1,1,0.9192105531692505,1
C0_baseline,0,9,15,50023,1,1,0.919834554195404,1
C0_baseline,0,9,39,50048,2,0,0.9187644720077515,1
C0_baseline,0,9,47,50057,1,1,0.1001877561211586,0
C0_baseline,0,9,48,50059,2,0,0.4541035592556,0
C0_baseline,0,9,62,50116,2,0,0.864287793636322,1
C0_baseline,0,9,89,50156,1,1,0.9158247709274292,1
C0_baseline,0,9,101,50170,2,0,0.2688339650630951,0
C0_baseline,0,9,107,50187,1,1,0.11548053473234177,0
C0_baseline,0,9,121,50204,2,0,0.10498077422380447,0
C0_baseline,0,9,127,50214,2,0,0.10556847602128983,0
C0_baseline,0,9,168,50278,1,1,0.9155691266059875,1
C0_baseline,0,9,193,50320,1,1,0.9198628067970276,1
C0_baseline,0,9,196,50325,1,1,0.09999703615903854,0
C0_baseline,0,9,254,50388,2,0,0.0984942689538002,0
C0_baseline,0,9,259,50402,1,1,0.09880310297012329,0
C0_baseline,0,9,260,50403,1,1,0.2808445394039154,0
C0_baseline,0,9,265,50408,1,1,0.11043539643287659,0
C0_baseline,0,9,295,50445,2,0,0.09853802621364594,0
C0_baseline,0,9,300,50453,2,0,0.8465882539749146,1
C0_baseline,0,9,301,50463,2,0,0.09858373552560806,0
C0_baseline,0,9,311,50483,1,1,0.899883508682251,1
C0_baseline,0,9,312,50485,1,1,0.09848617017269135,0
C0_baseline,0,9,322,50497,1,1,0.9117203950881958,1
C0_baseline,0,9,331,50509,1,1,0.9175044894218445,1
C0_baseline,0,9,365,50575,2,0,0.6236428618431091,1
C0_baseline,0,9,366,50576,2,0,0.09912789613008499,0
C0_baseline,0,9,375,50608,1,1,0.5936480760574341,1
C0_baseline,0,9,392,50644,1,1,0.9196324944496155,1
C0_baseline,0,9,393,50647,1,1,0.9185638427734375,1
C0_baseline,0,9,395,50649,1,1,0.1433594673871994,0
C0_baseline,0,9,396,50654,1,1,0.6233119368553162,1
C0_baseline,0,9,401,50669,2,0,0.9123612642288208,1
C0_baseline,0,9,418,50699,2,0,0.9115712642669678,1
C0_baseline,0,9,440,50737,2,0,0.10280996561050415,0
C0_baseline,0,9,442,50739,2,0,0.3160555362701416,0
C0_baseline,0,9,448,50745,1,1,0.9148340225219727,1
C0_baseline,0,9,454,50754,1,1,0.9192426800727844,1
C0_baseline,0,9,458,50772,2,0,0.9126423001289368,1
C0_baseline,0,9,464,50778,2,0,0.587828516960144,1
C0_baseline,0,9,483,50816,2,0,0.11136868596076965,0
C0_baseline,0,9,491,50952,1,1,0.9184969663619995,1
C0_baseline,0,9,503,50966,1,1,0.9180604219436646,1
C0_baseline,0,9,532,50999,1,1,0.919822096824646,1
C0_baseline,0,9,550,51019,1,1,0.9196174740791321,1
C0_baseline,0,9,561,51032,1,1,0.9198393821716309,1
C0_baseline,0,9,569,51041,2,0,0.09894237667322159,0
C0_baseline,0,9,571,51044,2,0,0.11163332313299179,0
C0_baseline,0,9,575,51048,2,0,0.2796759009361267,0
C0_baseline,0,9,588,51061,2,0,0.10311625152826309,0
C0_baseline,0,9,591,51064,2,0,0.9093371629714966,1
C0_baseline,0,9,594,51067,2,0,0.11116163432598114,0
C0_baseline,0,9,598,51072,2,0,0.9175409078598022,1
C0_baseline,0,9,602,51076,2,0,0.11379626393318176,0
C0_baseline,0,9,604,51078,2,0,0.10813471674919128,0
C0_baseline,0,9,611,51085,2,0,0.919865071773529,1
C0_baseline,0,9,614,51088,2,0,0.09982647746801376,0
C0_baseline,0,9,627,51102,2,0,0.269935667514801,0
C0_baseline,0,9,637,51113,2,0,0.1271466761827469,0
C0_baseline,0,9,638,51114,2,0,0.45810943841934204,0
C0_baseline,0,9,649,51130,2,0,0.9195079803466797,1
C0_baseline,0,9,660,51141,2,0,0.623568058013916,1
C0_baseline,0,9,679,51169,1,1,0.7890443801879883,1
C0_baseline,0,9,689,51183,2,0,0.14531028270721436,0
C0_baseline,0,9,704,51206,1,1,0.9185794591903687,1
C0_baseline,0,9,707,51210,1,1,0.9087069034576416,1
C0_baseline,0,9,711,51215,1,1,0.3245398700237274,0
C0_baseline,0,9,721,51225,1,1,0.7703896164894104,1
C0_baseline,0,9,726,51231,1,1,0.2794102728366852,0
C0_baseline,0,9,729,51236,1,1,0.7358522415161133,1
C0_baseline,0,9,744,51260,2,0,0.10534942895174026,0
C0_baseline,0,9,750,51267,2,0,0.09854094684123993,0
C0_baseline,0,9,777,51306,2,0,0.8166104555130005,1
C0_baseline,0,9,787,51321,1,1,0.9198561310768127,1
C0_baseline,0,9,788,51322,1,1,0.8989927172660828,1
C0_baseline,0,9,794,51329,1,1,0.1618340164422989,0
C0_baseline,0,9,802,51338,2,0,0.7237271666526794,1
C0_baseline,0,9,805,51341,2,0,0.7310935258865356,1
C0_baseline,0,9,812,51349,1,1,0.09871530532836914,0
C0_baseline,0,9,818,51359,2,0,0.9197124242782593,1
C0_baseline,0,9,822,51363,2,0,0.1267452836036682,0
C0_baseline,0,9,823,51364,2,0,0.7819137573242188,1
C0_baseline,0,9,847,51560,2,0,0.10070522874593735,0
C0_baseline,0,9,848,51562,2,0,0.10027218610048294,0
C0_baseline,0,9,850,51564,2,0,0.12953077256679535,0
C0_baseline,0,9,863,51579,1,1,0.4304986596107483,0
C0_baseline,0,9,866,51583,1,1,0.9158018231391907,1
C0_baseline,0,10,11,50015,1,1,0.9447347521781921,1
C0_baseline,0,10,41,50050,2,0,0.05052255839109421,0
C0_baseline,0,10,44,50053,1,1,0.9429787993431091,1
C0_baseline,0,10,52,50104,2,0,0.05742022395133972,0
C0_baseline,0,10,59,50113,2,0,0.054345935583114624,0
C0_baseline,0,10,65,50119,1,1,0.05219482630491257,0
C0_baseline,0,10,92,50159,2,0,0.9441584348678589,1
C0_baseline,0,10,93,50160,2,0,0.054158538579940796,0
C0_baseline,0,10,94,50161,2,0,0.9456331729888916,1
C0_baseline,0,10,108,50188,1,1,0.05157393589615822,0
C0_baseline,0,10,115,50198,2,0,0.05118050426244736,0
C0_baseline,0,10,117,50200,2,0,0.05192086845636368,0
C0_baseline,0,10,118,50201,2,0,0.05085023120045662,0
C0_baseline,0,10,140,50247,1,1,0.9447411298751831,1
C0_baseline,0,10,149,50257,2,0,0.050043802708387375,0
C0_baseline,0,10,177,50293,1,1,0.9458416700363159,1
C0_baseline,0,10,180,50297,1,1,0.8617886900901794,1
C0_baseline,0,10,182,50300,1,1,0.09318291395902634,0
C0_baseline,0,10,185,50304,1,1,0.9426154494285583,1
C0_baseline,0,10,186,50308,1,1,0.9290244579315186,1
C0_baseline,0,10,195,50324,1,1,0.9455938339233398,1
C0_baseline,0,10,199,50330,2,0,0.06626981496810913,0
C0_baseline,0,10,203,50334,2,0,0.37519571185112,0
C0_baseline,0,10,206,50337,2,0,0.05079241842031479,0
C0_baseline,0,10,219,50350,2,0,0.05347919836640358,0
C0_baseline,0,10,237,50368,2,0,0.052041541785001755,0
C0_baseline,0,10,238,50369,2,0,0.05380350351333618,0
C0_baseline,0,10,242,50374,2,0,0.05289102718234062,0
C0_baseline,0,10,248,50381,2,0,0.05047941580414772,0
C0_baseline,0,10,256,50391,2,0,0.1438148021697998,0
C0_baseline,0,10,274,50418,2,0,0.051375553011894226,0
C0_baseline,0,10,293,50443,2,0,0.9370138645172119,1
C0_baseline,0,10,317,50491,1,1,0.945686936378479,1
C0_baseline,0,10,320,50494,1,1,0.6939349174499512,1
C0_baseline,0,10,334,50515,1,1,0.9457055926322937,1
C0_baseline,0,10,340,50523,1,1,0.9458556175231934,1
C0_baseline,0,10,347,50530,1,1,0.9443297982215881,1
C0_baseline,0,10,354,50558,2,0,0.05113398656249046,0
C0_baseline,0,10,356,50563,2,0,0.052428025752305984,0
C0_baseline,0,10,359,50569,2,0,0.2878631055355072,0
C0_baseline,0,10,374,50607,1,1,0.050881724804639816,0
C0_baseline,0,10,376,50612,1,1,0.051258571445941925,0
C0_baseline,0,10,378,50614,1,1,0.9454677700996399,1
C0_baseline,0,10,382,50620,1,1,0.049914635717868805,0
C0_baseline,0,10,384,50622,1,1,0.9427236914634705,1
C0_baseline,0,10,387,50625,1,1,0.053972918540239334,0
C0_baseline,0,10,406,50687,2,0,0.9430046677589417,1
C0_baseline,0,10,414,50695,1,1,0.19077005982398987,0
C0_baseline,0,10,429,50711,1,1,0.05248846113681793,0
C0_baseline,0,10,432,50724,2,0,0.05083690956234932,0
C0_baseline,0,10,466,50781,2,0,0.938585102558136,1
C0_baseline,0,10,468,50783,2,0,0.05133187770843506,0
C0_baseline,0,10,482,50814,2,0,0.05035938695073128,0
C0_baseline,0,10,493,50955,1,1,0.052478138357400894,0
C0_baseline,0,10,501,50964,1,1,0.09344156086444855,0
C0_baseline,0,10,506,50969,1,1,0.9448736310005188,1
C0_baseline,0,10,531,50997,1,1,0.9457336068153381,1
C0_baseline,0,10,534,51001,1,1,0.9458622336387634,1
C0_baseline,0,10,542,51011,1,1,0.9458431601524353,1
C0_baseline,0,10,564,51035,1,1,0.7809394598007202,1
C0_baseline,0,10,583,51056,2,0,0.05348256602883339,0
C0_baseline,0,10,587,51060,2,0,0.9366520643234253,1
C0_baseline,0,10,595,51068,2,0,0.9449200630187988,1
C0_baseline,0,10,609,51083,2,0,0.9446586966514587,1
C0_baseline,0,10,610,51084,2,0,0.9457557797431946,1
C0_baseline,0,10,623,51098,2,0,0.0553143210709095,0
C0_baseline,0,10,639,51116,2,0,0.056221604347229004,0
C0_baseline,0,10,673,51159,2,0,0.945559024810791,1
C0_baseline,0,10,677,51164,1,1,0.9456611275672913,1
C0_baseline,0,10,694,51189,2,0,0.05014628916978836,0
C0_baseline,0,10,705,51207,1,1,0.9452636241912842,1
C0_baseline,0,10,712,51216,1,1,0.050119634717702866,0
C0_baseline,0,10,724,51229,1,1,0.9439743161201477,1
C0_baseline,0,10,736,51250,2,0,0.05321766808629036,0
C0_baseline,0,10,738,51252,2,0,0.9447457194328308,1
C0_baseline,0,10,769,51298,1,1,0.9458610415458679,1
C0_baseline,0,10,771,51300,1,1,0.9453002214431763,1
C0_baseline,0,10,774,51303,2,0,0.10949954390525818,0
C0_baseline,0,10,778,51307,2,0,0.9458549618721008,1
C0_baseline,0,10,783,51315,2,0,0.938576340675354,1
C0_baseline,0,10,784,51318,1,1,0.945556640625,1
C0_baseline,0,10,801,51336,2,0,0.05023398995399475,0
C0_baseline,0,10,813,51350,1,1,0.9445095658302307,1
C0_baseline,0,10,815,51354,1,1,0.9441909790039062,1
C0_baseline,0,10,817,51357,2,0,0.05329073593020439,0
C0_baseline,0,10,835,51480,2,0,0.050867605954408646,0
C0_baseline,0,10,856,51570,2,0,0.9392239451408386,1
C0_baseline,1,1,8,50012,1,1,0.7999528050422668,1
C0_baseline,1,1,17,50025,1,1,0.5396866798400879,1
C0_baseline,1,1,26,50035,2,0,0.1155552864074707,0
C0_baseline,1,1,30,50039,2,0,0.5026780366897583,1
C0_baseline,1,1,31,50040,2,0,0.11364413797855377,0
C0_baseline,1,1,33,50042,2,0,0.11518477648496628,0
C0_baseline,1,1,40,50049,2,0,0.11136730015277863,0
C0_baseline,1,1,64,50118,1,1,0.8378532528877258,1
C0_baseline,1,1,71,50128,1,1,0.8276883363723755,1
C0_baseline,1,1,74,50131,1,1,0.3701147735118866,0
C0_baseline,1,1,90,50157,2,0,0.1180877760052681,0
C0_baseline,1,1,109,50189,1,1,0.8425050377845764,1
C0_baseline,1,1,115,50198,2,0,0.1135561615228653,0
C0_baseline,1,1,119,50202,2,0,0.12438298016786575,0
C0_baseline,1,1,148,50255,1,1,0.8254466652870178,1
C0_baseline,1,1,170,50284,1,1,0.22014069557189941,0
C0_baseline,1,1,172,50287,1,1,0.11123276501893997,0
C0_baseline,1,1,192,50319,1,1,0.8394303321838379,1
C0_baseline,1,1,204,50335,2,0,0.11445388942956924,0
C0_baseline,1,1,221,50352,2,0,0.23950640857219696,0
C0_baseline,1,1,230,50361,2,0,0.11563931405544281,0
C0_baseline,1,1,241,50373,2,0,0.11545413732528687,0
C0_baseline,1,1,269,50413,1,1,0.8417235016822815,1
C0_baseline,1,1,273,50417,2,0,0.11651197820901871,0
C0_baseline,1,1,283,50433,2,0,0.11368884891271591,0
C0_baseline,1,1,288,50438,2,0,0.11149163544178009,0
C0_baseline,1,1,289,50439,2,0,0.11574951559305191,0
C0_baseline,1,1,303,50467,2,0,0.13591481745243073,0
C0_baseline,1,1,313,50486,1,1,0.834722101688385,1
C0_baseline,1,1,326,50501,1,1,0.8420203328132629,1
C0_baseline,1,1,333,50514,1,1,0.5299080014228821,1
C0_baseline,1,1,335,50516,1,1,0.5734660029411316,1
C0_baseline,1,1,337,50519,1,1,0.8373754620552063,1
C0_baseline,1,1,343,50526,1,1,0.26465466618537903,0
C0_baseline,1,1,383,50621,1,1,0.5270500779151917,1
C0_baseline,1,1,390,50628,1,1,0.8351739645004272,1
C0_baseline,1,1,410,50691,2,0,0.11341884732246399,0
C0_baseline,1,1,416,50697,1,1,0.5762328505516052,1
C0_baseline,1,1,422,50703,2,0,0.11160093545913696,0
C0_baseline,1,1,425,50706,2,0,0.11192616075277328,0
C0_baseline,1,1,429,50711,1,1,0.14132919907569885,0
C0_baseline,1,1,431,50723,2,0,0.11330897361040115,0
C0_baseline,1,1,435,50728,2,0,0.12747015058994293,0
C0_baseline,1,1,441,50738,2,0,0.11559540778398514,0
C0_baseline,1,1,446,50743,1,1,0.7040166854858398,1
C0_baseline,1,1,449,50748,1,1,0.7207902073860168,1
C0_baseline,1,1,455,50755,1,1,0.7583299875259399,1
C0_baseline,1,1,457,50757,1,1,0.11411569267511368,0
C0_baseline,1,1,501,50964,1,1,0.7427825331687927,1
C0_baseline,1,1,502,50965,1,1,0.8418601155281067,1
C0_baseline,1,1,511,50976,1,1,0.6875742673873901,1
C0_baseline,1,1,553,51023,1,1,0.8351309299468994,1
C0_baseline,1,1,560,51030,1,1,0.8254736661911011,1
C0_baseline,1,1,562,51033,1,1,0.8224453926086426,1
C0_baseline,1,1,566,51038,2,0,0.11317306756973267,0
C0_baseline,1,1,584,51057,2,0,0.11914429813623428,0
C0_baseline,1,1,597,51070,2,0,0.1135418713092804,0
C0_baseline,1,1,599,51073,2,0,0.11386636644601822,0
C0_baseline,1,1,610,51084,2,0,0.6208956241607666,1
C0_baseline,1,1,615,51089,2,0,0.11908207088708878,0
C0_baseline,1,1,630,51105,2,0,0.11344564706087112,0
C0_baseline,1,1,633,51109,2,0,0.11381544917821884,0
C0_baseline,1,1,636,51112,2,0,0.11509498208761215,0
C0_baseline,1,1,654,51135,2,0,0.1114608570933342,0
C0_baseline,1,1,680,51170,1,1,0.11357173323631287,0
C0_baseline,1,1,686,51180,2,0,0.3027077913284302,0
C0_baseline,1,1,691,51185,2,0,0.4382113218307495,0
C0_baseline,1,1,696,51194,2,0,0.1685084104537964,0
C0_baseline,1,1,697,51197,2,0,0.1130337342619896,0
C0_baseline,1,1,726,51231,1,1,0.20208926498889923,0
C0_baseline,1,1,729,51236,1,1,0.35165169835090637,0
C0_baseline,1,1,734,51248,1,1,0.840176522731781,1
C0_baseline,1,1,744,51260,2,0,0.1136721819639206,0
C0_baseline,1,1,753,51271,2,0,0.11910839378833771,0
C0_baseline,1,1,754,51272,2,0,0.12033167481422424,0
C0_baseline,1,1,755,51273,2,0,0.12752890586853027,0
C0_baseline,1,1,757,51276,2,0,0.11542286723852158,0
C0_baseline,1,1,765,51293,1,1,0.8408144116401672,1
C0_baseline,1,1,769,51298,1,1,0.8275977969169617,1
C0_baseline,1,1,787,51321,1,1,0.11132995039224625,0
C0_baseline,1,1,789,51323,1,1,0.8422978520393372,1
C0_baseline,1,1,792,51327,1,1,0.46208783984184265,0
C0_baseline,1,1,804,51340,2,0,0.11717948317527771,0
C0_baseline,1,1,836,51481,2,0,0.11519394814968109,0
C0_baseline,1,1,841,51491,2,0,0.113490991294384,0
C0_baseline,1,1,842,51493,2,0,0.11545328050851822,0
C0_baseline,1,1,856,51570,2,0,0.11330773681402206,0
C0_baseline,1,1,870,51607,1,1,0.11452002823352814,0
C0_baseline,1,2,1,50004,1,1,0.8762660622596741,1
C0_baseline,1,2,13,50020,1,1,0.8809618949890137,1
C0_baseline,1,2,23,50032,2,0,0.08948708325624466,0
C0_baseline,1,2,34,50043,2,0,0.09112641215324402,0
C0_baseline,1,2,41,50050,2,0,0.09085435420274734,0
C0_baseline,1,2,45,50054,2,0,0.8625800609588623,1
C0_baseline,1,2,53,50105,2,0,0.08817224949598312,0
C0_baseline,1,2,59,50113,2,0,0.09361710399389267,0
C0_baseline,1,2,69,50125,1,1,0.8689332604408264,1
C0_baseline,1,2,80,50144,1,1,0.8811078071594238,1
C0_baseline,1,2,84,50148,1,1,0.8812591433525085,1
C0_baseline,1,2,105,50184,1,1,0.8755635619163513,1
C0_baseline,1,2,144,50251,1,1,0.16325147449970245,0
C0_baseline,1,2,160,50269,2,0,0.16564470529556274,0
C0_baseline,1,2,165,50274,1,1,0.8756616711616516,1
C0_baseline,1,2,174,50290,1,1,0.8760682940483093,1
C0_baseline,1,2,195,50324,1,1,0.8814321160316467,1
C0_baseline,1,2,201,50332,2,0,0.08910709619522095,0
C0_baseline,1,2,209,50340,2,0,0.09107745438814163,0
C0_baseline,1,2,213,50344,2,0,0.09019048511981964,0
C0_baseline,1,2,215,50346,2,0,0.09260347485542297,0
C0_baseline,1,2,217,50348,2,0,0.09033249318599701,0
C0_baseline,1,2,218,50349,2,0,0.09294760227203369,0
C0_baseline,1,2,222,50353,2,0,0.08909286558628082,0
C0_baseline,1,2,224,50355,2,0,0.08907334506511688,0
C0_baseline,1,2,242,50374,2,0,0.08788507431745529,0
C0_baseline,1,2,253,50387,2,0,0.09082463383674622,0
C0_baseline,1,2,256,50391,2,0,0.08934520930051804,0
C0_baseline,1,2,277,50422,2,0,0.2887803912162781,0
C0_baseline,1,2,284,50434,2,0,0.08790113031864166,0
C0_baseline,1,2,305,50469,2,0,0.08989512920379639,0
C0_baseline,1,2,311,50483,1,1,0.8093355298042297,1
C0_baseline,1,2,331,50509,1,1,0.8789876103401184,1
C0_baseline,1,2,342,50525,1,1,0.432696133852005,0
C0_baseline,1,2,356,50563,2,0,0.08911865204572678,0
C0_baseline,1,2,370,50602,1,1,0.7832386493682861,1
C0_baseline,1,2,394,50648,1,1,0.6084492206573486,1
C0_baseline,1,2,401,50669,2,0,0.8748404383659363,1
C0_baseline,1,2,413,50694,1,1,0.8751968145370483,1
C0_baseline,1,2,438,50733,2,0,0.08863259106874466,0
C0_baseline,1,2,445,50742,2,0,0.0879129096865654,0
C0_baseline,1,2,447,50744,1,1,0.8804457187652588,1
C0_baseline,1,2,451,50750,1,1,0.881440281867981,1
C0_baseline,1,2,460,50774,2,0,0.09284160286188126,0
C0_baseline,1,2,472,50792,1,1,0.8758969306945801,1
C0_baseline,1,2,475,50798,1,1,0.08812179416418076,0
C0_baseline,1,2,477,50800,1,1,0.8786044716835022,1
C0_baseline,1,2,492,50954,1,1,0.26315537095069885,0
C0_baseline,1,2,496,50958,1,1,0.8740105628967285,1
C0_baseline,1,2,505,50968,1,1,0.8792171478271484,1
C0_baseline,1,2,506,50969,1,1,0.8439555168151855,1
C0_baseline,1,2,524,50990,1,1,0.879209578037262,1
C0_baseline,1,2,535,51002,1,1,0.8793745636940002,1
C0_baseline,1,2,545,51014,1,1,0.8814557194709778,1
C0_baseline,1,2,558,51028,1,1,0.8788065910339355,1
C0_baseline,1,2,564,51035,1,1,0.8482397794723511,1
C0_baseline,1,2,571,51044,2,0,0.09202886372804642,0
C0_baseline,1,2,574,51047,2,0,0.08805359899997711,0
C0_baseline,1,2,580,51053,2,0,0.09389436990022659,0
C0_baseline,1,2,585,51058,2,0,0.09281208366155624,0
C0_baseline,1,2,588,51061,2,0,0.09124676883220673,0
C0_baseline,1,2,600,51074,2,0,0.11041247099637985,0
C0_baseline,1,2,603,51077,2,0,0.09249870479106903,0
C0_baseline,1,2,617,51091,2,0,0.08828270435333252,0
C0_baseline,1,2,646,51127,2,0,0.1457437425851822,0
C0_baseline,1,2,648,51129,2,0,0.0918412134051323,0
C0_baseline,1,2,650,51131,2,0,0.09142673015594482,0
C0_baseline,1,2,651,51132,2,0,0.09126672148704529,0
C0_baseline,1,2,655,51136,2,0,0.1367139369249344,0
C0_baseline,1,2,662,51146,2,0,0.09091851115226746,0
C0_baseline,1,2,664,51148,2,0,0.09290768206119537,0
C0_baseline,1,2,668,51152,2,0,0.0880734995007515,0
C0_baseline,1,2,675,51162,1,1,0.8811258673667908,1
C0_baseline,1,2,681,51171,1,1,0.8804552555084229,1
C0_baseline,1,2,689,51183,2,0,0.09310263395309448,0
C0_baseline,1,2,703,51205,1,1,0.8814690709114075,1
C0_baseline,1,2,728,51235,1,1,0.8785042762756348,1
C0_baseline,1,2,735,51249,1,1,0.8799668550491333,1
C0_baseline,1,2,751,51268,2,0,0.08863465487957001,0
C0_baseline,1,2,763,51291,1,1,0.8814569115638733,1
C0_baseline,1,2,767,51295,1,1,0.8802505135536194,1
C0_baseline,1,2,813,51350,1,1,0.8793522119522095,1
C0_baseline,1,2,814,51351,1,1,0.6480357646942139,1
C0_baseline,1,2,826,51370,2,0,0.08808694034814835,0
C0_baseline,1,2,835,51480,2,0,0.09288167953491211,0
C0_baseline,1,2,859,51574,1,1,0.8805542588233948,1
C0_baseline,1,2,867,51584,1,1,0.8321346640586853,1
C0_baseline,1,3,3,50006,1,1,0.735353410243988,1
C0_baseline,1,3,15,50023,1,1,0.5221341848373413,1
C0_baseline,1,3,25,50034,2,0,0.20239603519439697,0
C0_baseline,1,3,39,50048,2,0,0.7306458950042725,1
C0_baseline,1,3,68,50124,1,1,0.7086021304130554,1
C0_baseline,1,3,75,50132,1,1,0.6118124723434448,1
C0_baseline,1,3,88,50153,1,1,0.42985081672668457,0
C0_baseline,1,3,100,50169,2,0,0.2012130320072174,0
C0_baseline,1,3,107,50187,1,1,0.21162639558315277,0
C0_baseline,1,3,111,50193,2,0,0.21218958497047424,0
C0_baseline,1,3,122,50205,2,0,0.20894348621368408,0
C0_baseline,1,3,138,50243,1,1,0.641305685043335,1
C0_baseline,1,3,147,50254,1,1,0.7170534729957581,1
C0_baseline,1,3,159,50268,2,0,0.2012152522802353,0
C0_baseline,1,3,173,50289,1,1,0.21223184466362,0
C0_baseline,1,3,186,50308,1,1,0.7142024636268616,1
C0_baseline,1,3,189,50314,1,1,0.735072135925293,1
C0_baseline,1,3,193,50320,1,1,0.7358037233352661,1
C0_baseline,1,3,199,50330,2,0,0.2053462564945221,0
C0_baseline,1,3,203,50334,2,0,0.7308713793754578,1
C0_baseline,1,3,206,50337,2,0,0.345544695854187,0
C0_baseline,1,3,232,50363,2,0,0.29268544912338257,0
C0_baseline,1,3,233,50364,2,0,0.4048624336719513,0
C0_baseline,1,3,236,50367,2,0,0.2018226981163025,0
C0_baseline,1,3,248,50381,2,0,0.25279223918914795,0
C0_baseline,1,3,252,50386,2,0,0.20242074131965637,0
C0_baseline,1,3,255,50390,2,0,0.2014465630054474,0
C0_baseline,1,3,259,50402,1,1,0.2011430710554123,0
C0_baseline,1,3,261,50404,1,1,0.7328912019729614,1
C0_baseline,1,3,264,50407,1,1,0.7336567640304565,1
C0_baseline,1,3,282,50428,2,0,0.20551010966300964,0
C0_baseline,1,3,291,50441,2,0,0.20326757431030273,0
C0_baseline,1,3,296,50446,2,0,0.2016488015651703,0
C0_baseline,1,3,301,50463,2,0,0.2017235904932022,0
C0_baseline,1,3,312,50485,1,1,0.20425178110599518,0
C0_baseline,1,3,322,50497,1,1,0.7269014120101929,1
C0_baseline,1,3,330,50507,1,1,0.2697366774082184,0
C0_baseline,1,3,332,50510,1,1,0.7291158437728882,1
C0_baseline,1,3,338,50520,1,1,0.7248870134353638,1
C0_baseline,1,3,362,50572,2,0,0.20113062858581543,0
C0_baseline,1,3,364,50574,2,0,0.5631377100944519,1
C0_baseline,1,3,368,50578,2,0,0.7354477047920227,1
C0_baseline,1,3,382,50620,1,1,0.30756720900535583,0
C0_baseline,1,3,384,50622,1,1,0.7353551387786865,1
C0_baseline,1,3,398,50659,2,0,0.31508880853652954,0
C0_baseline,1,3,403,50683,2,0,0.20614823698997498,0
C0_baseline,1,3,408,50689,1,1,0.7304403781890869,1
C0_baseline,1,3,415,50696,1,1,0.7224733233451843,1
C0_baseline,1,3,421,50702,1,1,0.4175076484680176,0
C0_baseline,1,3,433,50725,2,0,0.20395803451538086,0
C0_baseline,1,3,436,50730,2,0,0.20125426352024078,0
C0_baseline,1,3,439,50735,2,0,0.20109811425209045,0
C0_baseline,1,3,469,50786,2,0,0.2619573473930359,0
C0_baseline,1,3,497,50959,1,1,0.4327234923839569,0
C0_baseline,1,3,503,50966,1,1,0.20215067267417908,0
C0_baseline,1,3,517,50983,1,1,0.591835618019104,1
C0_baseline,1,3,529,50995,1,1,0.7357966303825378,1
C0_baseline,1,3,530,50996,1,1,0.6747680902481079,1
C0_baseline,1,3,531,50997,1,1,0.5649541020393372,1
C0_baseline,1,3,541,51010,1,1,0.4552886486053467,0
C0_baseline,1,3,546,51015,1,1,0.20112816989421844,0
C0_baseline,1,3,555,51025,1,1,0.6438469886779785,1
C0_baseline,1,3,572,51045,2,0,0.20871390402317047,0
C0_baseline,1,3,577,51050,2,0,0.20201514661312103,0
C0_baseline,1,3,592,51065,2,0,0.20242126286029816,0
C0_baseline,1,3,607,51081,2,0,0.2011088877916336,0
C0_baseline,1,3,608,51082,2,0,0.2126864343881607,0
C0_baseline,1,3,613,51087,2,0,0.20263756811618805,0
C0_baseline,1,3,637,51113,2,0,0.20485572516918182,0
C0_baseline,1,3,639,51116,2,0,0.20792311429977417,0
C0_baseline,1,3,645,51126,2,0,0.20823270082473755,0
C0_baseline,1,3,661,51142,2,0,0.20834726095199585,0
C0_baseline,1,3,706,51208,1,1,0.20211294293403625,0
C0_baseline,1,3,714,51218,1,1,0.7313553690910339,1
C0_baseline,1,3,722,51226,1,1,0.2010921984910965,0
C0_baseline,1,3,731,51239,1,1,0.7280696034431458,1
C0_baseline,1,3,741,51255,2,0,0.20367836952209473,0
C0_baseline,1,3,752,51269,2,0,0.20790985226631165,0
C0_baseline,1,3,761,51280,2,0,0.20353034138679504,0
C0_baseline,1,3,770,51299,1,1,0.7338964939117432,1
C0_baseline,1,3,771,51300,1,1,0.7346160411834717,1
C0_baseline,1,3,776,51305,2,0,0.4732072055339813,0
C0_baseline,1,3,794,51329,1,1,0.32692211866378784,0
C0_baseline,1,3,803,51339,2,0,0.20224717259407043,0
C0_baseline,1,3,806,51342,2,0,0.20241813361644745,0
C0_baseline,1,3,838,51484,2,0,0.2615683376789093,0
C0_baseline,1,3,855,51569,2,0,0.5995927453041077,1
C0_baseline,1,4,4,50007,1,1,0.5781806707382202,1
C0_baseline,1,4,32,50041,2,0,0.20605148375034332,0
C0_baseline,1,4,46,50056,1,1,0.8555192947387695,1
C0_baseline,1,4,57,50111,2,0,0.23563064634799957,0
C0_baseline,1,4,60,50114,2,0,0.23287121951580048,0
C0_baseline,1,4,87,50152,1,1,0.8628690838813782,1
C0_baseline,1,4,94,50161,2,0,0.23158444464206696,0
C0_baseline,1,4,120,50203,2,0,0.21239762008190155,0
C0_baseline,1,4,135,50239,1,1,0.35635140538215637,0
C0_baseline,1,4,149,50257,2,0,0.2839810252189636,0
C0_baseline,1,4,153,50262,2,0,0.25189515948295593,0
C0_baseline,1,4,154,50263,2,0,0.2098257839679718,0
C0_baseline,1,4,166,50275,1,1,0.8237764239311218,1
C0_baseline,1,4,179,50295,1,1,0.860026478767395,1
C0_baseline,1,4,210,50341,2,0,0.24688014388084412,0
C0_baseline,1,4,216,50347,2,0,0.20587794482707977,0
C0_baseline,1,4,226,50357,2,0,0.20563997328281403,0
C0_baseline,1,4,258,50399,1,1,0.8482900857925415,1
C0_baseline,1,4,272,50416,2,0,0.20588319003582,0
C0_baseline,1,4,295,50445,2,0,0.2178684026002884,0
C0_baseline,1,4,316,50490,1,1,0.8324148058891296,1
C0_baseline,1,4,323,50498,1,1,0.8564234375953674,1
C0_baseline,1,4,324,50499,1,1,0.8037325143814087,1
C0_baseline,1,4,328,50503,1,1,0.7735724449157715,1
C0_baseline,1,4,329,50504,1,1,0.8619150519371033,1
C0_baseline,1,4,344,50527,1,1,0.6975420713424683,1
C0_baseline,1,4,349,50532,1,1,0.8630058169364929,1
C0_baseline,1,4,350,50551,2,0,0.36675041913986206,0
C0_baseline,1,4,359,50569,2,0,0.681235134601593,1
C0_baseline,1,4,360,50570,2,0,0.21548637747764587,0
C0_baseline,1,4,363,50573,2,0,0.24945604801177979,0
C0_baseline,1,4,371,50603,1,1,0.8638847470283508,1
C0_baseline,1,4,380,50616,1,1,0.8640722036361694,1
C0_baseline,1,4,387,50625,1,1,0.20676279067993164,0
C0_baseline,1,4,389,50627,1,1,0.8640047311782837,1
C0_baseline,1,4,391,50642,1,1,0.8069971799850464,1
C0_baseline,1,4,392,50644,1,1,0.8429381847381592,1
C0_baseline,1,4,402,50682,2,0,0.21478968858718872,0
C0_baseline,1,4,430,50722,2,0,0.20981734991073608,0
C0_baseline,1,4,437,50731,2,0,0.2064364105463028,0
C0_baseline,1,4,458,50772,2,0,0.8540799021720886,1
C0_baseline,1,4,473,50796,1,1,0.8603107333183289,1
C0_baseline,1,4,474,50797,1,1,0.8593548536300659,1
C0_baseline,1,4,481,50812,2,0,0.21487148106098175,0
C0_baseline,1,4,483,50816,2,0,0.2048007994890213,0
C0_baseline,1,4,485,50818,2,0,0.20484550297260284,0
C0_baseline,1,4,509,50973,1,1,0.7781001925468445,1
C0_baseline,1,4,516,50982,1,1,0.2795008420944214,0
C0_baseline,1,4,543,51012,1,1,0.8037011027336121,1
C0_baseline,1,4,548,51017,1,1,0.8600542545318604,1
C0_baseline,1,4,549,51018,1,1,0.864223062992096,1
C0_baseline,1,4,551,51020,1,1,0.5828505754470825,1
C0_baseline,1,4,575,51048,2,0,0.2969836890697479,0
C0_baseline,1,4,590,51063,2,0,0.20640648901462555,0
C0_baseline,1,4,598,51072,2,0,0.5106164813041687,1
C0_baseline,1,4,605,51079,2,0,0.5867559313774109,1
C0_baseline,1,4,618,51093,2,0,0.2059241086244583,0
C0_baseline,1,4,626,51101,2,0,0.22047759592533112,0
C0_baseline,1,4,641,51118,2,0,0.4767739176750183,0
C0_baseline,1,4,649,51130,2,0,0.7690537571907043,1
C0_baseline,1,4,653,51134,2,0,0.23473194241523743,0
C0_baseline,1,4,658,51139,2,0,0.2139648050069809,0
C0_baseline,1,4,659,51140,2,0,0.21276091039180756,0
C0_baseline,1,4,666,51150,2,0,0.21935591101646423,0
C0_baseline,1,4,678,51168,1,1,0.6941827535629272,1
C0_baseline,1,4,687,51181,2,0,0.2895560562610626,0
C0_baseline,1,4,690,51184,2,0,0.43238574266433716,0
C0_baseline,1,4,699,51201,1,1,0.854961097240448,1
C0_baseline,1,4,708,51211,1,1,0.8391932249069214,1
C0_baseline,1,4,712,51216,1,1,0.23985686898231506,0
C0_baseline,1,4,716,51220,1,1,0.8463748693466187,1
C0_baseline,1,4,718,51222,1,1,0.3620680570602417,0
C0_baseline,1,4,723,51228,1,1,0.864202618598938,1
C0_baseline,1,4,742,51256,2,0,0.20957769453525543,0
C0_baseline,1,4,750,51267,2,0,0.20622478425502777,0
C0_baseline,1,4,778,51307,2,0,0.8640538454055786,1
C0_baseline,1,4,793,51328,1,1,0.8640514612197876,1
C0_baseline,1,4,808,51344,2,0,0.4215376377105713,0
C0_baseline,1,4,815,51354,1,1,0.7929540872573853,1
C0_baseline,1,4,817,51357,2,0,0.2051282376050949,0
C0_baseline,1,4,845,51558,2,0,0.21060913801193237,0
C0_baseline,1,4,846,51559,2,0,0.23483870923519135,0
C0_baseline,1,4,852,51566,2,0,0.24843084812164307,0
C0_baseline,1,4,854,51568,2,0,0.3347568213939667,0
C0_baseline,1,4,860,51576,1,1,0.5956446528434753,1
C0_baseline,1,4,861,51577,1,1,0.8213518261909485,1
C0_baseline,1,4,863,51579,1,1,0.3656010925769806,0
C0_baseline,1,5,9,50013,1,1,0.8583382368087769,1
C0_baseline,1,5,12,50016,1,1,0.7846584320068359,1
C0_baseline,1,5,21,50030,2,0,0.8859275579452515,1
C0_baseline,1,5,28,50037,2,0,0.6045054793357849,1
C0_baseline,1,5,37,50046,2,0,0.17775578796863556,0
C0_baseline,1,5,48,50059,2,0,0.18509554862976074,0
C0_baseline,1,5,73,50130,1,1,0.46883243322372437,0
C0_baseline,1,5,77,50135,1,1,0.8885265588760376,1
C0_baseline,1,5,79,50143,1,1,0.8823997974395752,1
C0_baseline,1,5,81,50145,1,1,0.8523952960968018,1
C0_baseline,1,5,95,50162,2,0,0.1851012110710144,0
C0_baseline,1,5,97,50164,2,0,0.1486453413963318,0
C0_baseline,1,5,102,50171,2,0,0.3859948515892029,0
C0_baseline,1,5,128,50215,2,0,0.15193025767803192,0
C0_baseline,1,5,134,50237,1,1,0.888765811920166,1
C0_baseline,1,5,142,50249,1,1,0.8891729712486267,1
C0_baseline,1,5,150,50259,2,0,0.14896993339061737,0
C0_baseline,1,5,167,50276,1,1,0.8892326354980469,1
C0_baseline,1,5,177,50293,1,1,0.8873878717422485,1
C0_baseline,1,5,185,50304,1,1,0.8783004283905029,1
C0_baseline,1,5,191,50318,1,1,0.1715231090784073,0
C0_baseline,1,5,207,50338,2,0,0.14452363550662994,0
C0_baseline,1,5,243,50375,2,0,0.14605139195919037,0
C0_baseline,1,5,250,50383,2,0,0.18147900700569153,0
C0_baseline,1,5,271,50415,2,0,0.1736965924501419,0
C0_baseline,1,5,276,50421,2,0,0.14482815563678741,0
C0_baseline,1,5,280,50426,2,0,0.15886059403419495,0
C0_baseline,1,5,286,50436,2,0,0.8357483148574829,1
C0_baseline,1,5,293,50443,2,0,0.8094531893730164,1
C0_baseline,1,5,304,50468,2,0,0.5469034314155579,1
C0_baseline,1,5,306,50470,2,0,0.28761857748031616,0
C0_baseline,1,5,327,50502,1,1,0.8892300724983215,1
C0_baseline,1,5,334,50515,1,1,0.8877477049827576,1
C0_baseline,1,5,336,50518,1,1,0.8780551552772522,1
C0_baseline,1,5,339,50521,1,1,0.6198045611381531,1
C0_baseline,1,5,347,50530,1,1,0.8864356279373169,1
C0_baseline,1,5,351,50552,2,0,0.17165210843086243,0
C0_baseline,1,5,355,50561,2,0,0.15171265602111816,0
C0_baseline,1,5,367,50577,2,0,0.14666259288787842,0
C0_baseline,1,5,385,50623,1,1,0.8866492509841919,1
C0_baseline,1,5,411,50692,2,0,0.14788506925106049,0
C0_baseline,1,5,412,50693,1,1,0.19605094194412231,0
C0_baseline,1,5,417,50698,2,0,0.18344856798648834,0
C0_baseline,1,5,443,50740,2,0,0.14743494987487793,0
C0_baseline,1,5,465,50780,2,0,0.30088815093040466,0
C0_baseline,1,5,484,50817,2,0,0.14543302357196808,0
C0_baseline,1,5,487,50821,2,0,0.14552302658557892,0
C0_baseline,1,5,494,50956,1,1,0.8782041668891907,1
C0_baseline,1,5,498,50960,1,1,0.3524559736251831,0
C0_baseline,1,5,504,50967,1,1,0.8734221458435059,1
C0_baseline,1,5,507,50970,1,1,0.8886770009994507,1
C0_baseline,1,5,513,50978,1,1,0.8889838457107544,1
C0_baseline,1,5,514,50979,1,1,0.6304882168769836,1
C0_baseline,1,5,528,50994,1,1,0.8843362927436829,1
C0_baseline,1,5,533,51000,1,1,0.8884287476539612,1
C0_baseline,1,5,536,51003,1,1,0.8834515810012817,1
C0_baseline,1,5,537,51006,1,1,0.8868629932403564,1
C0_baseline,1,5,538,51007,1,1,0.8877191543579102,1
C0_baseline,1,5,539,51008,1,1,0.22914829850196838,0
C0_baseline,1,5,547,51016,1,1,0.8747233152389526,1
C0_baseline,1,5,550,51019,1,1,0.8889800310134888,1
C0_baseline,1,5,594,51067,2,0,0.15136271715164185,0
C0_baseline,1,5,614,51088,2,0,0.14662425220012665,0
C0_baseline,1,5,616,51090,2,0,0.1481471061706543,0
C0_baseline,1,5,621,51096,2,0,0.14627611637115479,0
C0_baseline,1,5,623,51098,2,0,0.14700421690940857,0
C0_baseline,1,5,628,51103,2,0,0.6996771097183228,1
C0_baseline,1,5,647,51128,2,0,0.1450413465499878,0
C0_baseline,1,5,660,51141,2,0,0.16962844133377075,0
C0_baseline,1,5,669,51153,2,0,0.15399618446826935,0
C0_baseline,1,5,674,51161,1,1,0.829566478729248,1
C0_baseline,1,5,685,51179,1,1,0.8733655214309692,1
C0_baseline,1,5,698,51198,2,0,0.2708580493927002,0
C0_baseline,1,5,702,51204,1,1,0.8806113600730896,1
C0_baseline,1,5,713,51217,1,1,0.16403070092201233,0
C0_baseline,1,5,719,51223,1,1,0.820585310459137,1
C0_baseline,1,5,727,51234,1,1,0.8708269596099854,1
C0_baseline,1,5,737,51251,2,0,0.7757589221000671,1
C0_baseline,1,5,738,51252,2,0,0.8888576030731201,1
C0_baseline,1,5,746,51262,2,0,0.8844434022903442,1
C0_baseline,1,5,805,51341,2,0,0.56011962890625,1
C0_baseline,1,5,821,51362,2,0,0.2868734896183014,0
C0_baseline,1,5,823,51364,2,0,0.30310434103012085,0
C0_baseline,1,5,832,51473,1,1,0.6651409864425659,1
C0_baseline,1,5,847,51560,2,0,0.14485010504722595,0
C0_baseline,1,5,848,51562,2,0,0.14444418251514435,0
C0_baseline,1,5,849,51563,2,0,0.1561562418937683,0
C0_baseline,1,6,6,50010,1,1,0.9350913166999817,1
C0_baseline,1,6,47,50057,1,1,0.05870256572961807,0
C0_baseline,1,6,54,50106,2,0,0.058947425335645676,0
C0_baseline,1,6,61,50115,2,0,0.05802813544869423,0
C0_baseline,1,6,70,50127,1,1,0.20153853297233582,0
C0_baseline,1,6,76,50134,1,1,0.9346528053283691,1
C0_baseline,1,6,78,50142,1,1,0.9358772039413452,1
C0_baseline,1,6,82,50146,1,1,0.4152246415615082,0
C0_baseline,1,6,91,50158,2,0,0.05780787393450737,0
C0_baseline,1,6,92,50159,2,0,0.9354925155639648,1
C0_baseline,1,6,112,50194,2,0,0.058389369398355484,0
C0_baseline,1,6,123,50206,2,0,0.6059214472770691,1
C0_baseline,1,6,124,50208,2,0,0.058609988540410995,0
C0_baseline,1,6,130,50232,1,1,0.9309366345405579,1
C0_baseline,1,6,131,50233,1,1,0.9340906739234924,1
C0_baseline,1,6,137,50241,1,1,0.9343323707580566,1
C0_baseline,1,6,139,50245,1,1,0.934102475643158,1
C0_baseline,1,6,140,50247,1,1,0.9359433054924011,1
C0_baseline,1,6,151,50260,2,0,0.058391373604536057,0
C0_baseline,1,6,168,50278,1,1,0.93306565284729,1
C0_baseline,1,6,175,50291,1,1,0.928368330001831,1
C0_baseline,1,6,196,50325,1,1,0.05802863463759422,0
C0_baseline,1,6,205,50336,2,0,0.1405184268951416,0
C0_baseline,1,6,219,50350,2,0,0.059011660516262054,0
C0_baseline,1,6,220,50351,2,0,0.058945052325725555,0
C0_baseline,1,6,223,50354,2,0,0.05945592373609543,0
C0_baseline,1,6,228,50359,2,0,0.06122197210788727,0
C0_baseline,1,6,229,50360,2,0,0.058258071541786194,0
C0_baseline,1,6,234,50365,2,0,0.05843598023056984,0
C0_baseline,1,6,239,50370,2,0,0.05764071270823479,0
C0_baseline,1,6,254,50388,2,0,0.05836706981062889,0
C0_baseline,1,6,260,50403,1,1,0.06033030524849892,0
C0_baseline,1,6,278,50424,2,0,0.05850580707192421,0
C0_baseline,1,6,290,50440,2,0,0.9356189370155334,1
C0_baseline,1,6,292,50442,2,0,0.058913130313158035,0
C0_baseline,1,6,299,50449,2,0,0.05764850601553917,0
C0_baseline,1,6,302,50466,2,0,0.05837377533316612,0
C0_baseline,1,6,321,50496,1,1,0.9353441596031189,1
C0_baseline,1,6,340,50523,1,1,0.932302713394165,1
C0_baseline,1,6,345,50528,1,1,0.9337341785430908,1
C0_baseline,1,6,357,50565,2,0,0.18252399563789368,0
C0_baseline,1,6,365,50575,2,0,0.05761057138442993,0
C0_baseline,1,6,372,50604,1,1,0.932297945022583,1
C0_baseline,1,6,374,50607,1,1,0.057610832154750824,0
C0_baseline,1,6,379,50615,1,1,0.9334805607795715,1
C0_baseline,1,6,399,50664,2,0,0.05771571397781372,0
C0_baseline,1,6,426,50707,2,0,0.05844173580408096,0
C0_baseline,1,6,444,50741,2,0,0.05746426805853844,0
C0_baseline,1,6,467,50782,2,0,0.05930816009640694,0
C0_baseline,1,6,468,50783,2,0,0.058915477246046066,0
C0_baseline,1,6,470,50790,2,0,0.05840161815285683,0
C0_baseline,1,6,480,50807,1,1,0.9348031878471375,1
C0_baseline,1,6,493,50955,1,1,0.05826080963015556,0
C0_baseline,1,6,499,50961,1,1,0.9351309537887573,1
C0_baseline,1,6,515,50981,1,1,0.9317368865013123,1
C0_baseline,1,6,518,50984,1,1,0.865458071231842,1
C0_baseline,1,6,522,50988,1,1,0.8578445315361023,1
C0_baseline,1,6,523,50989,1,1,0.931651771068573,1
C0_baseline,1,6,542,51011,1,1,0.9331180453300476,1
C0_baseline,1,6,556,51026,1,1,0.9361278414726257,1
C0_baseline,1,6,557,51027,1,1,0.2025393694639206,0
C0_baseline,1,6,567,51039,2,0,0.05896620824933052,0
C0_baseline,1,6,569,51041,2,0,0.05870389565825462,0
C0_baseline,1,6,573,51046,2,0,0.057941485196352005,0
C0_baseline,1,6,581,51054,2,0,0.05838843435049057,0
C0_baseline,1,6,582,51055,2,0,0.058915067464113235,0
C0_baseline,1,6,583,51056,2,0,0.05899698659777641,0
C0_baseline,1,6,601,51075,2,0,0.05967875197529793,0
C0_baseline,1,6,604,51078,2,0,0.05896312743425369,0
C0_baseline,1,6,624,51099,2,0,0.05744076147675514,0
C0_baseline,1,6,672,51156,2,0,0.058511652052402496,0
C0_baseline,1,6,707,51210,1,1,0.9303913116455078,1
C0_baseline,1,6,725,51230,1,1,0.9352310299873352,1
C0_baseline,1,6,739,51253,2,0,0.05746613070368767,0
C0_baseline,1,6,762,51281,2,0,0.05873449891805649,0
C0_baseline,1,6,773,51302,1,1,0.8017076253890991,1
C0_baseline,1,6,775,51304,2,0,0.057588379830121994,0
C0_baseline,1,6,785,51319,1,1,0.933134138584137,1
C0_baseline,1,6,796,51331,1,1,0.9360560774803162,1
C0_baseline,1,6,810,51346,2,0,0.05873340740799904,0
C0_baseline,1,6,811,51347,2,0,0.05814363434910774,0
C0_baseline,1,6,812,51349,1,1,0.058487605303525925,0
C0_baseline,1,6,819,51360,2,0,0.057557836174964905,0
C0_baseline,1,6,844,51557,2,0,0.05868658423423767,0
C0_baseline,1,6,858,51573,1,1,0.123171366751194,0
C0_baseline,1,6,864,51580,1,1,0.6503973603248596,1
C0_baseline,1,6,869,51606,1,1,0.057617440819740295,0
C0_baseline,1,7,22,50031,2,0,0.06170686334371567,0
C0_baseline,1,7,24,50033,2,0,0.06142280995845795,0
C0_baseline,1,7,29,50038,2,0,0.06158362701535225,0
C0_baseline,1,7,43,50052,2,0,0.08314719796180725,0
C0_baseline,1,7,50,50102,2,0,0.061432406306266785,0
C0_baseline,1,7,58,50112,2,0,0.06267688423395157,0
C0_baseline,1,7,62,50116,2,0,0.08263736963272095,0
C0_baseline,1,7,86,50150,1,1,0.06279914081096649,0
C0_baseline,1,7,89,50156,1,1,0.816123366355896,1
C0_baseline,1,7,93,50160,2,0,0.06670626997947693,0
C0_baseline,1,7,99,50168,2,0,0.06674863398075104,0
C0_baseline,1,7,121,50204,2,0,0.06368838995695114,0
C0_baseline,1,7,125,50210,2,0,0.06187162548303604,0
C0_baseline,1,7,127,50214,2,0,0.06449159234762192,0
C0_baseline,1,7,129,50217,2,0,0.0642249807715416,0
C0_baseline,1,7,133,50236,1,1,0.8161290287971497,1
C0_baseline,1,7,158,50267,2,0,0.06153657287359238,0
C0_baseline,1,7,162,50271,2,0,0.07130954414606094,0
C0_baseline,1,7,169,50282,1,1,0.5545079112052917,1
C0_baseline,1,7,183,50301,1,1,0.0667203962802887,0
C0_baseline,1,7,188,50312,1,1,0.78504478931427,1
C0_baseline,1,7,211,50342,2,0,0.06209328770637512,0
C0_baseline,1,7,212,50343,2,0,0.43872326612472534,0
C0_baseline,1,7,238,50369,2,0,0.06672198325395584,0
C0_baseline,1,7,245,50377,2,0,0.0625235065817833,0
C0_baseline,1,7,251,50385,2,0,0.09090515971183777,0
C0_baseline,1,7,262,50405,1,1,0.8082919120788574,1
C0_baseline,1,7,266,50410,1,1,0.20981262624263763,0
C0_baseline,1,7,274,50418,2,0,0.061386942863464355,0
C0_baseline,1,7,300,50453,2,0,0.7593972086906433,1
C0_baseline,1,7,307,50477,1,1,0.5905047655105591,1
C0_baseline,1,7,317,50491,1,1,0.7363813519477844,1
C0_baseline,1,7,318,50492,1,1,0.6830666661262512,1
C0_baseline,1,7,325,50500,1,1,0.47006189823150635,0
C0_baseline,1,7,346,50529,1,1,0.8162893652915955,1
C0_baseline,1,7,353,50557,2,0,0.06140691041946411,0
C0_baseline,1,7,354,50558,2,0,0.06166194751858711,0
C0_baseline,1,7,373,50606,1,1,0.07621774077415466,0
C0_baseline,1,7,375,50608,1,1,0.153118297457695,0
C0_baseline,1,7,386,50624,1,1,0.8166281580924988,1
C0_baseline,1,7,395,50649,1,1,0.0625142753124237,0
C0_baseline,1,7,407,50688,2,0,0.061388686299324036,0
C0_baseline,1,7,418,50699,2,0,0.8133940696716309,1
C0_baseline,1,7,428,50709,2,0,0.061459243297576904,0
C0_baseline,1,7,450,50749,1,1,0.7958406805992126,1
C0_baseline,1,7,453,50752,1,1,0.22394588589668274,0
C0_baseline,1,7,456,50756,1,1,0.7750961184501648,1
C0_baseline,1,7,495,50957,1,1,0.15155203640460968,0
C0_baseline,1,7,510,50974,1,1,0.7949078679084778,1
C0_baseline,1,7,521,50987,1,1,0.8153274655342102,1
C0_baseline,1,7,554,51024,1,1,0.7244824767112732,1
C0_baseline,1,7,587,51060,2,0,0.39702510833740234,0
C0_baseline,1,7,593,51066,2,0,0.06228918954730034,0
C0_baseline,1,7,619,51094,2,0,0.06253132969141006,0
C0_baseline,1,7,620,51095,2,0,0.1652124971151352,0
C0_baseline,1,7,629,51104,2,0,0.062113381922245026,0
C0_baseline,1,7,634,51110,2,0,0.06163887307047844,0
C0_baseline,1,7,663,51147,2,0,0.061648618429899216,0
C0_baseline,1,7,667,51151,2,0,0.0619111992418766,0
C0_baseline,1,7,671,51155,2,0,0.06157465651631355,0
C0_baseline,1,7,673,51159,2,0,0.8164557814598083,1
C0_baseline,1,7,676,51163,1,1,0.08314404636621475,0
C0_baseline,1,7,682,51173,1,1,0.803186297416687,1
C0_baseline,1,7,683,51177,1,1,0.5361634492874146,1
C0_baseline,1,7,684,51178,1,1,0.8100312948226929,1
C0_baseline,1,7,695,51192,2,0,0.062496304512023926,0
C0_baseline,1,7,704,51206,1,1,0.593828022480011,1
C0_baseline,1,7,710,51214,1,1,0.7965202927589417,1
C0_baseline,1,7,717,51221,1,1,0.8100740313529968,1
C0_baseline,1,7,720,51224,1,1,0.8099818825721741,1
C0_baseline,1,7,724,51229,1,1,0.8156301379203796,1
C0_baseline,1,7,736,51250,2,0,0.06369707733392715,0
C0_baseline,1,7,759,51278,2,0,0.13141730427742004,0
C0_baseline,1,7,760,51279,2,0,0.061451710760593414,0
C0_baseline,1,7,764,51292,1,1,0.8074736595153809,1
C0_baseline,1,7,774,51303,2,0,0.06165233626961708,0
C0_baseline,1,7,784,51318,1,1,0.06154448166489601,0
C0_baseline,1,7,799,51334,2,0,0.062110185623168945,0
C0_baseline,1,7,807,51343,2,0,0.06679476797580719,0
C0_baseline,1,7,820,51361,2,0,0.06172015145421028,0
C0_baseline,1,7,827,51373,2,0,0.06670956313610077,0
C0_baseline,1,7,828,51461,1,1,0.5509340763092041,1
C0_baseline,1,7,830,51464,1,1,0.8134718537330627,1
C0_baseline,1,7,831,51465,1,1,0.8116875290870667,1
C0_baseline,1,7,833,51477,2,0,0.061574965715408325,0
C0_baseline,1,7,857,51572,1,1,0.8153355121612549,1
C0_baseline,1,7,866,51583,1,1,0.8166147470474243,1
C0_baseline,1,8,5,50008,1,1,0.8777581453323364,1
C0_baseline,1,8,7,50011,1,1,0.8759701251983643,1
C0_baseline,1,8,10,50014,1,1,0.8778485059738159,1
C0_baseline,1,8,14,50022,1,1,0.1333124190568924,0
C0_baseline,1,8,16,50024,1,1,0.8779119253158569,1
C0_baseline,1,8,35,50044,2,0,0.14046071469783783,0
C0_baseline,1,8,42,50051,2,0,0.44189029932022095,0
C0_baseline,1,8,49,50060,2,0,0.13174687325954437,0
C0_baseline,1,8,52,50104,2,0,0.14021022617816925,0
C0_baseline,1,8,56,50109,2,0,0.14854159951210022,0
C0_baseline,1,8,65,50119,1,1,0.131596177816391,0
C0_baseline,1,8,67,50123,1,1,0.8751451373100281,1
C0_baseline,1,8,101,50170,2,0,0.13848890364170074,0
C0_baseline,1,8,103,50182,1,1,0.8775256872177124,1
C0_baseline,1,8,104,50183,1,1,0.8778303265571594,1
C0_baseline,1,8,106,50186,1,1,0.8749248385429382,1
C0_baseline,1,8,117,50200,2,0,0.14056840538978577,0
C0_baseline,1,8,118,50201,2,0,0.1339835673570633,0
C0_baseline,1,8,143,50250,1,1,0.18681468069553375,0
C0_baseline,1,8,146,50253,1,1,0.8502376675605774,1
C0_baseline,1,8,164,50273,1,1,0.872779130935669,1
C0_baseline,1,8,171,50285,1,1,0.25653964281082153,0
C0_baseline,1,8,184,50302,1,1,0.874869704246521,1
C0_baseline,1,8,187,50310,1,1,0.8739796876907349,1
C0_baseline,1,8,194,50321,1,1,0.875408411026001,1
C0_baseline,1,8,198,50329,2,0,0.13082337379455566,0
C0_baseline,1,8,214,50345,2,0,0.1326807737350464,0
C0_baseline,1,8,227,50358,2,0,0.1308521330356598,0
C0_baseline,1,8,231,50362,2,0,0.1307973563671112,0
C0_baseline,1,8,244,50376,2,0,0.7653558850288391,1
C0_baseline,1,8,263,50406,1,1,0.8748230338096619,1
C0_baseline,1,8,268,50412,1,1,0.875641405582428,1
C0_baseline,1,8,270,50414,2,0,0.30958205461502075,0
C0_baseline,1,8,281,50427,2,0,0.13505929708480835,0
C0_baseline,1,8,298,50448,2,0,0.20156392455101013,0
C0_baseline,1,8,309,50481,1,1,0.8754056692123413,1
C0_baseline,1,8,314,50487,1,1,0.8728126287460327,1
C0_baseline,1,8,358,50568,2,0,0.46495887637138367,0
C0_baseline,1,8,366,50576,2,0,0.13253463804721832,0
C0_baseline,1,8,369,50601,1,1,0.538417398929596,1
C0_baseline,1,8,381,50619,1,1,0.8749053478240967,1
C0_baseline,1,8,404,50685,2,0,0.37024426460266113,0
C0_baseline,1,8,419,50700,1,1,0.8764157295227051,1
C0_baseline,1,8,420,50701,2,0,0.3438604176044464,0
C0_baseline,1,8,432,50724,2,0,0.13401781022548676,0
C0_baseline,1,8,440,50737,2,0,0.1551317274570465,0
C0_baseline,1,8,454,50754,1,1,0.8748727440834045,1
C0_baseline,1,8,462,50776,2,0,0.13485054671764374,0
C0_baseline,1,8,471,50791,1,1,0.8773301243782043,1
C0_baseline,1,8,482,50814,2,0,0.26324403285980225,0
C0_baseline,1,8,508,50972,1,1,0.87540602684021,1
C0_baseline,1,8,525,50991,1,1,0.24403508007526398,0
C0_baseline,1,8,527,50993,1,1,0.8707247972488403,1
C0_baseline,1,8,532,50999,1,1,0.8776196837425232,1
C0_baseline,1,8,544,51013,1,1,0.8769059181213379,1
C0_baseline,1,8,559,51029,1,1,0.3439237177371979,0
C0_baseline,1,8,576,51049,2,0,0.1416495144367218,0
C0_baseline,1,8,596,51069,2,0,0.13974881172180176,0
C0_baseline,1,8,627,51102,2,0,0.15837359428405762,0
C0_baseline,1,8,632,51107,2,0,0.87652188539505,1
C0_baseline,1,8,635,51111,2,0,0.13093312084674835,0
C0_baseline,1,8,638,51114,2,0,0.5432226061820984,1
C0_baseline,1,8,642,51122,2,0,0.1339890956878662,0
C0_baseline,1,8,644,51124,2,0,0.13235339522361755,0
C0_baseline,1,8,656,51137,2,0,0.1405762881040573,0
C0_baseline,1,8,670,51154,2,0,0.1495470255613327,0
C0_baseline,1,8,694,51189,2,0,0.22492040693759918,0
C0_baseline,1,8,701,51203,1,1,0.8740140199661255,1
C0_baseline,1,8,711,51215,1,1,0.43292027711868286,0
C0_baseline,1,8,730,51237,1,1,0.8742673397064209,1
C0_baseline,1,8,733,51241,1,1,0.877692699432373,1
C0_baseline,1,8,745,51261,2,0,0.25652095675468445,0
C0_baseline,1,8,747,51264,2,0,0.1365135908126831,0
C0_baseline,1,8,758,51277,2,0,0.13084140419960022,0
C0_baseline,1,8,777,51306,2,0,0.26865285634994507,0
C0_baseline,1,8,783,51315,2,0,0.21346239745616913,0
C0_baseline,1,8,786,51320,1,1,0.8737137913703918,1
C0_baseline,1,8,788,51322,1,1,0.2940479516983032,0
C0_baseline,1,8,790,51325,1,1,0.8776712417602539,1
C0_baseline,1,8,791,51326,1,1,0.8327421545982361,1
C0_baseline,1,8,797,51332,2,0,0.1334742307662964,0
C0_baseline,1,8,801,51336,2,0,0.1311430037021637,0
C0_baseline,1,8,802,51338,2,0,0.8655011653900146,1
C0_baseline,1,8,816,51356,2,0,0.6285867691040039,1
C0_baseline,1,8,824,51365,2,0,0.1376379281282425,0
C0_baseline,1,8,825,51369,2,0,0.2506523132324219,0
C0_baseline,1,8,839,51487,2,0,0.13196317851543427,0
C0_baseline,1,9,0,50003,1,1,0.45400914549827576,0
C0_baseline,1,9,44,50053,1,1,0.6375242471694946,1
C0_baseline,1,9,51,50103,2,0,0.6962827444076538,1
C0_baseline,1,9,83,50147,1,1,0.6876634955406189,1
C0_baseline,1,9,96,50163,2,0,0.6658340096473694,1
C0_baseline,1,9,110,50190,1,1,0.485675573348999,0
C0_baseline,1,9,116,50199,2,0,0.2885504364967346,0
C0_baseline,1,9,136,50240,1,1,0.6844661235809326,1
C0_baseline,1,9,155,50264,2,0,0.6358053088188171,1
C0_baseline,1,9,157,50266,2,0,0.35778194665908813,0
C0_baseline,1,9,161,50270,2,0,0.3202625513076782,0
C0_baseline,1,9,178,50294,1,1,0.6826485991477966,1
C0_baseline,1,9,180,50297,1,1,0.2893531918525696,0
C0_baseline,1,9,181,50298,1,1,0.3374570906162262,0
C0_baseline,1,9,182,50300,1,1,0.2779369056224823,0
C0_baseline,1,9,197,50327,2,0,0.276789128780365,0
C0_baseline,1,9,202,50333,2,0,0.29762664437294006,0
C0_baseline,1,9,208,50339,2,0,0.2765759825706482,0
C0_baseline,1,9,237,50368,2,0,0.27871018648147583,0
C0_baseline,1,9,247,50380,2,0,0.5692191123962402,1
C0_baseline,1,9,249,50382,2,0,0.27817970514297485,0
C0_baseline,1,9,257,50397,1,1,0.6952818036079407,1
C0_baseline,1,9,267,50411,1,1,0.7056453227996826,1
C0_baseline,1,9,287,50437,2,0,0.7029308676719666,1
C0_baseline,1,9,294,50444,2,0,0.350669264793396,0
C0_baseline,1,9,297,50447,2,0,0.4706191122531891,0
C0_baseline,1,9,310,50482,1,1,0.7059963345527649,1
C0_baseline,1,9,320,50494,1,1,0.6900230050086975,1
C0_baseline,1,9,341,50524,1,1,0.70196932554245,1
C0_baseline,1,9,352,50555,2,0,0.27677208185195923,0
C0_baseline,1,9,377,50613,1,1,0.6993407011032104,1
C0_baseline,1,9,378,50614,1,1,0.7059214115142822,1
C0_baseline,1,9,396,50654,1,1,0.28211843967437744,0
C0_baseline,1,9,400,50665,2,0,0.35117363929748535,0
C0_baseline,1,9,406,50687,2,0,0.5205073952674866,1
C0_baseline,1,9,409,50690,1,1,0.2765966057777405,0
C0_baseline,1,9,423,50704,1,1,0.3199158310890198,0
C0_baseline,1,9,424,50705,1,1,0.2787356972694397,0
C0_baseline,1,9,427,50708,1,1,0.694210410118103,1
C0_baseline,1,9,434,50726,2,0,0.2779274880886078,0
C0_baseline,1,9,442,50739,2,0,0.5410590171813965,1
C0_baseline,1,9,452,50751,1,1,0.6536868810653687,1
C0_baseline,1,9,459,50773,2,0,0.3595271706581116,0
C0_baseline,1,9,463,50777,2,0,0.2778172791004181,0
C0_baseline,1,9,479,50803,1,1,0.7010440230369568,1
C0_baseline,1,9,488,50822,2,0,0.28198546171188354,0
C0_baseline,1,9,491,50952,1,1,0.7054358720779419,1
C0_baseline,1,9,500,50962,1,1,0.3682316839694977,0
C0_baseline,1,9,512,50977,1,1,0.31910276412963867,0
C0_baseline,1,9,520,50986,1,1,0.28334206342697144,0
C0_baseline,1,9,526,50992,1,1,0.4944678246974945,0
C0_baseline,1,9,534,51001,1,1,0.7054087519645691,1
C0_baseline,1,9,540,51009,1,1,0.6986498236656189,1
C0_baseline,1,9,552,51021,1,1,0.7060957551002502,1
C0_baseline,1,9,561,51032,1,1,0.6986116766929626,1
C0_baseline,1,9,563,51034,1,1,0.6001280546188354,1
C0_baseline,1,9,565,51036,2,0,0.27673953771591187,0
C0_baseline,1,9,578,51051,2,0,0.2852475643157959,0
C0_baseline,1,9,591,51064,2,0,0.2936490774154663,0
C0_baseline,1,9,595,51068,2,0,0.5523852109909058,1
C0_baseline,1,9,602,51076,2,0,0.2845349609851837,0
C0_baseline,1,9,612,51086,2,0,0.2767249643802643,0
C0_baseline,1,9,622,51097,2,0,0.277356892824173,0
C0_baseline,1,9,625,51100,2,0,0.5995482206344604,1
C0_baseline,1,9,631,51106,2,0,0.27677589654922485,0
C0_baseline,1,9,640,51117,2,0,0.4658450484275818,0
C0_baseline,1,9,643,51123,2,0,0.4081081449985504,0
C0_baseline,1,9,657,51138,2,0,0.27785566449165344,0
C0_baseline,1,9,679,51169,1,1,0.7049345374107361,1
C0_baseline,1,9,692,51187,2,0,0.3247305750846863,0
C0_baseline,1,9,693,51188,2,0,0.28064897656440735,0
C0_baseline,1,9,709,51212,1,1,0.7040563225746155,1
C0_baseline,1,9,715,51219,1,1,0.7044172883033752,1
C0_baseline,1,9,732,51240,1,1,0.6993018984794617,1
C0_baseline,1,9,743,51257,2,0,0.5454785227775574,1
C0_baseline,1,9,781,51311,2,0,0.2768016755580902,0
C0_baseline,1,9,795,51330,1,1,0.7049328088760376,1
C0_baseline,1,9,798,51333,2,0,0.276635080575943,0
C0_baseline,1,9,809,51345,2,0,0.3795899450778961,0
C0_baseline,1,9,818,51359,2,0,0.7051672339439392,1
C0_baseline,1,9,822,51363,2,0,0.27663248777389526,0
C0_baseline,1,9,829,51463,1,1,0.7060397863388062,1
C0_baseline,1,9,837,51482,2,0,0.28960293531417847,0
C0_baseline,1,9,840,51488,2,0,0.27942144870758057,0
C0_baseline,1,9,843,51556,2,0,0.34050410985946655,0
C0_baseline,1,9,851,51565,2,0,0.2833263874053955,0
C0_baseline,1,9,862,51578,1,1,0.7021768689155579,1
C0_baseline,1,10,2,50005,1,1,0.9478854537010193,1
C0_baseline,1,10,11,50015,1,1,0.950424075126648,1
C0_baseline,1,10,18,50026,1,1,0.9475308060646057,1
C0_baseline,1,10,19,50027,1,1,0.16509607434272766,0
C0_baseline,1,10,20,50028,1,1,0.9504671096801758,1
C0_baseline,1,10,27,50036,2,0,0.05219617113471031,0
C0_baseline,1,10,36,50045,2,0,0.9446066617965698,1
C0_baseline,1,10,38,50047,2,0,0.2430533766746521,0
C0_baseline,1,10,55,50107,2,0,0.1704460233449936,0
C0_baseline,1,10,63,50117,2,0,0.07272655516862869,0
C0_baseline,1,10,66,50121,1,1,0.9502906203269958,1
C0_baseline,1,10,72,50129,1,1,0.9499646425247192,1
C0_baseline,1,10,85,50149,1,1,0.9504789710044861,1
C0_baseline,1,10,98,50167,2,0,0.055473558604717255,0
C0_baseline,1,10,108,50188,1,1,0.0547458790242672,0
C0_baseline,1,10,113,50195,2,0,0.05230896547436714,0
C0_baseline,1,10,114,50196,2,0,0.0504617877304554,0
C0_baseline,1,10,126,50213,2,0,0.05121276527643204,0
C0_baseline,1,10,132,50234,1,1,0.9482443928718567,1
C0_baseline,1,10,141,50248,1,1,0.9503259658813477,1
C0_baseline,1,10,145,50252,1,1,0.27047401666641235,0
C0_baseline,1,10,152,50261,2,0,0.9495779871940613,1
C0_baseline,1,10,156,50265,2,0,0.05013130232691765,0
C0_baseline,1,10,163,50272,1,1,0.9494800567626953,1
C0_baseline,1,10,176,50292,1,1,0.950143039226532,1
C0_baseline,1,10,190,50315,1,1,0.9495378136634827,1
C0_baseline,1,10,200,50331,2,0,0.3811865746974945,0
C0_baseline,1,10,225,50356,2,0,0.055843885987997055,0
C0_baseline,1,10,235,50366,2,0,0.050012730062007904,0
C0_baseline,1,10,240,50372,2,0,0.05151047930121422,0
C0_baseline,1,10,246,50379,2,0,0.05348238721489906,0
C0_baseline,1,10,265,50408,1,1,0.054754599928855896,0
C0_baseline,1,10,275,50419,2,0,0.054741717875003815,0
C0_baseline,1,10,279,50425,2,0,0.051092877984046936,0
C0_baseline,1,10,285,50435,2,0,0.05037146806716919,0
C0_baseline,1,10,308,50480,1,1,0.9499643445014954,1
C0_baseline,1,10,315,50488,1,1,0.9502748250961304,1
C0_baseline,1,10,319,50493,1,1,0.9495422840118408,1
C0_baseline,1,10,348,50531,1,1,0.948095977306366,1
C0_baseline,1,10,361,50571,2,0,0.37212392687797546,0
C0_baseline,1,10,376,50612,1,1,0.9457934498786926,1
C0_baseline,1,10,388,50626,1,1,0.9497624635696411,1
C0_baseline,1,10,393,50647,1,1,0.9499543309211731,1
C0_baseline,1,10,397,50656,2,0,0.1689271628856659,0
C0_baseline,1,10,405,50686,1,1,0.9497776031494141,1
C0_baseline,1,10,414,50695,1,1,0.1670129895210266,0
C0_baseline,1,10,448,50745,1,1,0.9495995044708252,1
C0_baseline,1,10,461,50775,2,0,0.051634371280670166,0
C0_baseline,1,10,464,50778,2,0,0.051862865686416626,0
C0_baseline,1,10,466,50781,2,0,0.37712663412094116,0
C0_baseline,1,10,476,50799,1,1,0.9505295157432556,1
C0_baseline,1,10,478,50801,1,1,0.9394584894180298,1
C0_baseline,1,10,486,50820,2,0,0.05671780928969383,0
C0_baseline,1,10,489,50823,1,1,0.9490376114845276,1
C0_baseline,1,10,490,50824,1,1,0.7924259901046753,1
C0_baseline,1,10,519,50985,1,1,0.9494962692260742,1
C0_baseline,1,10,568,51040,2,0,0.05471213907003403,0
C0_baseline,1,10,570,51042,2,0,0.05364613234996796,0
C0_baseline,1,10,579,51052,2,0,0.052724458277225494,0
C0_baseline,1,10,586,51059,2,0,0.05475834757089615,0
C0_baseline,1,10,589,51062,2,0,0.05364478752017021,0
C0_baseline,1,10,606,51080,2,0,0.9504684209823608,1
C0_baseline,1,10,609,51083,2,0,0.9496008157730103,1
C0_baseline,1,10,611,51085,2,0,0.9504662752151489,1
C0_baseline,1,10,652,51133,2,0,0.07078740745782852,0
C0_baseline,1,10,665,51149,2,0,0.05103069543838501,0
C0_baseline,1,10,677,51164,1,1,0.9504235982894897,1
C0_baseline,1,10,688,51182,2,0,0.050565119832754135,0
C0_baseline,1,10,700,51202,1,1,0.949271559715271,1
C0_baseline,1,10,705,51207,1,1,0.9495744109153748,1
C0_baseline,1,10,721,51225,1,1,0.5439053773880005,1
C0_baseline,1,10,740,51254,2,0,0.05219731479883194,0
C0_baseline,1,10,748,51265,2,0,0.05548694357275963,0
C0_baseline,1,10,749,51266,2,0,0.6670404672622681,1
C0_baseline,1,10,756,51275,2,0,0.05411159247159958,0
C0_baseline,1,10,766,51294,1,1,0.9483823776245117,1
C0_baseline,1,10,768,51297,1,1,0.950504720211029,1
C0_baseline,1,10,772,51301,1,1,0.41221675276756287,0
C0_baseline,1,10,779,51308,2,0,0.056712113320827484,0
C0_baseline,1,10,780,51309,2,0,0.9504691958427429,1
C0_baseline,1,10,782,51313,2,0,0.054754599928855896,0
C0_baseline,1,10,800,51335,2,0,0.1296742707490921,0
C0_baseline,1,10,834,51479,2,0,0.05131440609693527,0
C0_baseline,1,10,850,51564,2,0,0.07430946826934814,0
C0_baseline,1,10,853,51567,2,0,0.05012274533510208,0
C0_baseline,1,10,865,51582,1,1,0.9501305818557739,1
C0_baseline,1,10,868,51585,1,1,0.9504222273826599,1
C0_baseline,2,1,0,50003,1,1,0.727977991104126,1
C0_baseline,2,1,7,50011,1,1,0.8955358862876892,1
C0_baseline,2,1,35,50044,2,0,0.0909191370010376,0
C0_baseline,2,1,39,50048,2,0,0.7794865965843201,1
C0_baseline,2,1,45,50054,2,0,0.8848851919174194,1
C0_baseline,2,1,48,50059,2,0,0.5964481234550476,1
C0_baseline,2,1,53,50105,2,0,0.5516617298126221,1
C0_baseline,2,1,55,50107,2,0,0.3748617172241211,0
C0_baseline,2,1,72,50129,1,1,0.8978114724159241,1
C0_baseline,2,1,73,50130,1,1,0.8964710831642151,1
C0_baseline,2,1,78,50142,1,1,0.8974840044975281,1
C0_baseline,2,1,81,50145,1,1,0.18831486999988556,0
C0_baseline,2,1,86,50150,1,1,0.09131074696779251,0
C0_baseline,2,1,95,50162,2,0,0.08678480237722397,0
C0_baseline,2,1,127,50214,2,0,0.09592743963003159,0
C0_baseline,2,1,138,50243,1,1,0.883726179599762,1
C0_baseline,2,1,144,50251,1,1,0.48480650782585144,0
C0_baseline,2,1,149,50257,2,0,0.08603590726852417,0
C0_baseline,2,1,176,50292,1,1,0.897230327129364,1
C0_baseline,2,1,182,50300,1,1,0.12479744851589203,0
C0_baseline,2,1,192,50319,1,1,0.8972691297531128,1
C0_baseline,2,1,193,50320,1,1,0.8975017666816711,1
C0_baseline,2,1,204,50335,2,0,0.0860808864235878,0
C0_baseline,2,1,205,50336,2,0,0.7790857553482056,1
C0_baseline,2,1,231,50362,2,0,0.08605615794658661,0
C0_baseline,2,1,234,50365,2,0,0.08871222287416458,0
C0_baseline,2,1,242,50374,2,0,0.18169544637203217,0
C0_baseline,2,1,247,50380,2,0,0.614631175994873,1
C0_baseline,2,1,248,50381,2,0,0.11502870172262192,0
C0_baseline,2,1,253,50387,2,0,0.09322000294923782,0
C0_baseline,2,1,259,50402,1,1,0.15152175724506378,0
C0_baseline,2,1,285,50435,2,0,0.08835790306329727,0
C0_baseline,2,1,286,50436,2,0,0.6800984740257263,1
C0_baseline,2,1,295,50445,2,0,0.11347935348749161,0
C0_baseline,2,1,300,50453,2,0,0.8281767964363098,1
C0_baseline,2,1,307,50477,1,1,0.8960928916931152,1
C0_baseline,2,1,329,50504,1,1,0.8942693471908569,1
C0_baseline,2,1,345,50528,1,1,0.8958102464675903,1
C0_baseline,2,1,348,50531,1,1,0.882825493812561,1
C0_baseline,2,1,357,50565,2,0,0.6552706956863403,1
C0_baseline,2,1,359,50569,2,0,0.8119547367095947,1
C0_baseline,2,1,360,50570,2,0,0.08614680916070938,0
C0_baseline,2,1,369,50601,1,1,0.36352989077568054,0
C0_baseline,2,1,374,50607,1,1,0.08743444085121155,0
C0_baseline,2,1,385,50623,1,1,0.8965656757354736,1
C0_baseline,2,1,405,50686,1,1,0.8957916498184204,1
C0_baseline,2,1,411,50692,2,0,0.09025867283344269,0
C0_baseline,2,1,412,50693,1,1,0.27032846212387085,0
C0_baseline,2,1,425,50706,2,0,0.22067168354988098,0
C0_baseline,2,1,432,50724,2,0,0.08833321183919907,0
C0_baseline,2,1,466,50781,2,0,0.8928705453872681,1
C0_baseline,2,1,468,50783,2,0,0.09078038483858109,0
C0_baseline,2,1,471,50791,1,1,0.8970386385917664,1
C0_baseline,2,1,484,50817,2,0,0.08665989339351654,0
C0_baseline,2,1,495,50957,1,1,0.895031750202179,1
C0_baseline,2,1,505,50968,1,1,0.8959251642227173,1
C0_baseline,2,1,506,50969,1,1,0.89753258228302,1
C0_baseline,2,1,513,50978,1,1,0.896497905254364,1
C0_baseline,2,1,526,50992,1,1,0.7883623838424683,1
C0_baseline,2,1,532,50999,1,1,0.8915602564811707,1
C0_baseline,2,1,555,51025,1,1,0.8976483345031738,1
C0_baseline,2,1,556,51026,1,1,0.8970835208892822,1
C0_baseline,2,1,566,51038,2,0,0.08651955425739288,0
C0_baseline,2,1,575,51048,2,0,0.10849287360906601,0
C0_baseline,2,1,585,51058,2,0,0.09215658158063889,0
C0_baseline,2,1,596,51069,2,0,0.09341485053300858,0
C0_baseline,2,1,603,51077,2,0,0.2699161469936371,0
C0_baseline,2,1,612,51086,2,0,0.09047673642635345,0
C0_baseline,2,1,653,51134,2,0,0.08609617501497269,0
C0_baseline,2,1,684,51178,1,1,0.8978140950202942,1
C0_baseline,2,1,686,51180,2,0,0.1316254585981369,0
C0_baseline,2,1,687,51181,2,0,0.23435693979263306,0
C0_baseline,2,1,695,51192,2,0,0.08660350739955902,0
C0_baseline,2,1,710,51214,1,1,0.8957690000534058,1
C0_baseline,2,1,716,51220,1,1,0.8953436613082886,1
C0_baseline,2,1,721,51225,1,1,0.879943311214447,1
C0_baseline,2,1,749,51266,2,0,0.8975100517272949,1
C0_baseline,2,1,750,51267,2,0,0.165254607796669,0
C0_baseline,2,1,771,51300,1,1,0.897676944732666,1
C0_baseline,2,1,792,51327,1,1,0.8914370536804199,1
C0_baseline,2,1,793,51328,1,1,0.8939879536628723,1
C0_baseline,2,1,806,51342,2,0,0.11945674568414688,0
C0_baseline,2,1,808,51344,2,0,0.2621600925922394,0
C0_baseline,2,1,816,51356,2,0,0.8972358703613281,1
C0_baseline,2,1,823,51364,2,0,0.4287867248058319,0
C0_baseline,2,1,837,51482,2,0,0.09018547832965851,0
C0_baseline,2,1,867,51584,1,1,0.8954960107803345,1
C0_baseline,2,1,869,51606,1,1,0.2502490282058716,0
C0_baseline,2,2,2,50005,1,1,0.9217286109924316,1
C0_baseline,2,2,6,50010,1,1,0.9188992977142334,1
C0_baseline,2,2,10,50014,1,1,0.9198848009109497,1
C0_baseline,2,2,24,50033,2,0,0.09982433915138245,0
C0_baseline,2,2,30,50039,2,0,0.8978251814842224,1
C0_baseline,2,2,67,50123,1,1,0.9158939123153687,1
C0_baseline,2,2,76,50134,1,1,0.9116964936256409,1
C0_baseline,2,2,79,50143,1,1,0.9134426712989807,1
C0_baseline,2,2,92,50159,2,0,0.9212227463722229,1
C0_baseline,2,2,98,50167,2,0,0.10616248100996017,0
C0_baseline,2,2,101,50170,2,0,0.10817881673574448,0
C0_baseline,2,2,115,50198,2,0,0.15749050676822662,0
C0_baseline,2,2,129,50217,2,0,0.09731438010931015,0
C0_baseline,2,2,140,50247,1,1,0.9159411787986755,1
C0_baseline,2,2,153,50262,2,0,0.09863611310720444,0
C0_baseline,2,2,155,50264,2,0,0.1093599870800972,0
C0_baseline,2,2,164,50273,1,1,0.9126650094985962,1
C0_baseline,2,2,169,50282,1,1,0.8982868790626526,1
C0_baseline,2,2,180,50297,1,1,0.2741756737232208,0
C0_baseline,2,2,187,50310,1,1,0.9217455983161926,1
C0_baseline,2,2,202,50333,2,0,0.12551948428153992,0
C0_baseline,2,2,212,50343,2,0,0.36897173523902893,0
C0_baseline,2,2,217,50348,2,0,0.09756872057914734,0
C0_baseline,2,2,228,50359,2,0,0.1229247897863388,0
C0_baseline,2,2,246,50379,2,0,0.09731537848711014,0
C0_baseline,2,2,251,50385,2,0,0.9206804633140564,1
C0_baseline,2,2,277,50422,2,0,0.9206562042236328,1
C0_baseline,2,2,280,50426,2,0,0.10011089593172073,0
C0_baseline,2,2,281,50427,2,0,0.09913498163223267,0
C0_baseline,2,2,288,50438,2,0,0.09830543398857117,0
C0_baseline,2,2,293,50443,2,0,0.6171740889549255,1
C0_baseline,2,2,326,50501,1,1,0.9134611487388611,1
C0_baseline,2,2,336,50518,1,1,0.919078528881073,1
C0_baseline,2,2,340,50523,1,1,0.9144025444984436,1
C0_baseline,2,2,352,50555,2,0,0.09745961427688599,0
C0_baseline,2,2,354,50558,2,0,0.09766251593828201,0
C0_baseline,2,2,373,50606,1,1,0.921789824962616,1
C0_baseline,2,2,392,50644,1,1,0.8808299899101257,1
C0_baseline,2,2,396,50654,1,1,0.27962246537208557,0
C0_baseline,2,2,403,50683,2,0,0.09784537553787231,0
C0_baseline,2,2,404,50685,2,0,0.35342711210250854,0
C0_baseline,2,2,417,50698,2,0,0.3135811984539032,0
C0_baseline,2,2,422,50703,2,0,0.22421038150787354,0
C0_baseline,2,2,437,50731,2,0,0.0987306758761406,0
C0_baseline,2,2,450,50749,1,1,0.921368420124054,1
C0_baseline,2,2,460,50774,2,0,0.09929127246141434,0
C0_baseline,2,2,462,50776,2,0,0.0973149836063385,0
C0_baseline,2,2,474,50797,1,1,0.8612508177757263,1
C0_baseline,2,2,508,50972,1,1,0.9165208339691162,1
C0_baseline,2,2,514,50979,1,1,0.738008975982666,1
C0_baseline,2,2,537,51006,1,1,0.9190738797187805,1
C0_baseline,2,2,538,51007,1,1,0.9217900037765503,1
C0_baseline,2,2,550,51019,1,1,0.917771577835083,1
C0_baseline,2,2,554,51024,1,1,0.8208855986595154,1
C0_baseline,2,2,571,51044,2,0,0.10781461000442505,0
C0_baseline,2,2,579,51052,2,0,0.09731791168451309,0
C0_baseline,2,2,583,51056,2,0,0.10667985677719116,0
C0_baseline,2,2,590,51063,2,0,0.10418539494276047,0
C0_baseline,2,2,599,51073,2,0,0.098746657371521,0
C0_baseline,2,2,622,51097,2,0,0.10419917851686478,0
C0_baseline,2,2,628,51103,2,0,0.10344601422548294,0
C0_baseline,2,2,638,51114,2,0,0.2694030702114105,0
C0_baseline,2,2,661,51142,2,0,0.1001032143831253,0
C0_baseline,2,2,672,51156,2,0,0.10197725892066956,0
C0_baseline,2,2,677,51164,1,1,0.9187029600143433,1
C0_baseline,2,2,689,51183,2,0,0.21383264660835266,0
C0_baseline,2,2,705,51207,1,1,0.910636842250824,1
C0_baseline,2,2,706,51208,1,1,0.4616529643535614,0
C0_baseline,2,2,709,51212,1,1,0.91031414270401,1
C0_baseline,2,2,720,51224,1,1,0.9159530997276306,1
C0_baseline,2,2,723,51228,1,1,0.9204532504081726,1
C0_baseline,2,2,728,51235,1,1,0.9186713099479675,1
C0_baseline,2,2,735,51249,1,1,0.9113604426383972,1
C0_baseline,2,2,737,51251,2,0,0.7834547162055969,1
C0_baseline,2,2,741,51255,2,0,0.09776204079389572,0
C0_baseline,2,2,767,51295,1,1,0.9216583371162415,1
C0_baseline,2,2,769,51298,1,1,0.9216445088386536,1
C0_baseline,2,2,770,51299,1,1,0.9215821623802185,1
C0_baseline,2,2,791,51326,1,1,0.6953533887863159,1
C0_baseline,2,2,795,51330,1,1,0.9217357039451599,1
C0_baseline,2,2,805,51341,2,0,0.4188319444656372,0
C0_baseline,2,2,838,51484,2,0,0.09827982634305954,0
C0_baseline,2,2,853,51567,2,0,0.10010283440351486,0
C0_baseline,2,2,856,51570,2,0,0.13106510043144226,0
C0_baseline,2,2,858,51573,1,1,0.5821843147277832,1
C0_baseline,2,2,865,51582,1,1,0.9207362532615662,1
C0_baseline,2,2,868,51585,1,1,0.9214945435523987,1
C0_baseline,2,3,1,50004,1,1,0.8509467840194702,1
C0_baseline,2,3,4,50007,1,1,0.2707582116127014,0
C0_baseline,2,3,25,50034,2,0,0.07042443752288818,0
C0_baseline,2,3,34,50043,2,0,0.08586487919092178,0
C0_baseline,2,3,62,50116,2,0,0.13219258189201355,0
C0_baseline,2,3,108,50188,1,1,0.07305075973272324,0
C0_baseline,2,3,117,50200,2,0,0.07277720421552658,0
C0_baseline,2,3,125,50210,2,0,0.07253953069448471,0
C0_baseline,2,3,141,50248,1,1,0.8494764566421509,1
C0_baseline,2,3,152,50261,2,0,0.7305797934532166,1
C0_baseline,2,3,162,50271,2,0,0.08056078851222992,0
C0_baseline,2,3,163,50272,1,1,0.8507601022720337,1
C0_baseline,2,3,177,50293,1,1,0.5578889846801758,1
C0_baseline,2,3,178,50294,1,1,0.847136914730072,1
C0_baseline,2,3,200,50331,2,0,0.07201261818408966,0
C0_baseline,2,3,209,50340,2,0,0.07475005835294724,0
C0_baseline,2,3,218,50349,2,0,0.08135650306940079,0
C0_baseline,2,3,229,50360,2,0,0.07096713781356812,0
C0_baseline,2,3,243,50375,2,0,0.07467549294233322,0
C0_baseline,2,3,244,50376,2,0,0.23966547846794128,0
C0_baseline,2,3,265,50408,1,1,0.07854054123163223,0
C0_baseline,2,3,274,50418,2,0,0.10345195978879929,0
C0_baseline,2,3,283,50433,2,0,0.08002601563930511,0
C0_baseline,2,3,302,50466,2,0,0.07141708582639694,0
C0_baseline,2,3,311,50483,1,1,0.6638639569282532,1
C0_baseline,2,3,313,50486,1,1,0.8498030304908752,1
C0_baseline,2,3,321,50496,1,1,0.7637999653816223,1
C0_baseline,2,3,322,50497,1,1,0.8418506383895874,1
C0_baseline,2,3,341,50524,1,1,0.8504685759544373,1
C0_baseline,2,3,342,50525,1,1,0.7872035503387451,1
C0_baseline,2,3,355,50561,2,0,0.07194172590970993,0
C0_baseline,2,3,368,50578,2,0,0.8255083560943604,1
C0_baseline,2,3,370,50602,1,1,0.8431394696235657,1
C0_baseline,2,3,375,50608,1,1,0.5334876775741577,1
C0_baseline,2,3,378,50614,1,1,0.8415369987487793,1
C0_baseline,2,3,379,50615,1,1,0.8495333790779114,1
C0_baseline,2,3,390,50628,1,1,0.8392772078514099,1
C0_baseline,2,3,395,50649,1,1,0.1289583295583725,0
C0_baseline,2,3,399,50664,2,0,0.11447744071483612,0
C0_baseline,2,3,402,50682,2,0,0.07048704475164413,0
C0_baseline,2,3,421,50702,1,1,0.8259119987487793,1
C0_baseline,2,3,429,50711,1,1,0.5233900547027588,1
C0_baseline,2,3,431,50723,2,0,0.0703652948141098,0
C0_baseline,2,3,439,50735,2,0,0.10511279106140137,0
C0_baseline,2,3,440,50737,2,0,0.11450351029634476,0
C0_baseline,2,3,445,50742,2,0,0.09503256529569626,0
C0_baseline,2,3,451,50750,1,1,0.6746861934661865,1
C0_baseline,2,3,454,50754,1,1,0.8507542610168457,1
C0_baseline,2,3,455,50755,1,1,0.846588134765625,1
C0_baseline,2,3,477,50800,1,1,0.8421298861503601,1
C0_baseline,2,3,480,50807,1,1,0.8513854146003723,1
C0_baseline,2,3,497,50959,1,1,0.1635635495185852,0
C0_baseline,2,3,516,50982,1,1,0.07241976261138916,0
C0_baseline,2,3,525,50991,1,1,0.08304055035114288,0
C0_baseline,2,3,548,51017,1,1,0.4265504479408264,0
C0_baseline,2,3,552,51021,1,1,0.8388960361480713,1
C0_baseline,2,3,587,51060,2,0,0.6728501915931702,1
C0_baseline,2,3,597,51070,2,0,0.07113194465637207,0
C0_baseline,2,3,614,51088,2,0,0.07890623807907104,0
C0_baseline,2,3,621,51096,2,0,0.08567693084478378,0
C0_baseline,2,3,631,51106,2,0,0.08040090650320053,0
C0_baseline,2,3,640,51117,2,0,0.10364974290132523,0
C0_baseline,2,3,644,51124,2,0,0.07053261995315552,0
C0_baseline,2,3,650,51131,2,0,0.08774350583553314,0
C0_baseline,2,3,655,51136,2,0,0.1928824484348297,0
C0_baseline,2,3,657,51138,2,0,0.07487592846155167,0
C0_baseline,2,3,663,51147,2,0,0.07075541466474533,0
C0_baseline,2,3,669,51153,2,0,0.07053954899311066,0
C0_baseline,2,3,671,51155,2,0,0.07889555394649506,0
C0_baseline,2,3,691,51185,2,0,0.4157458245754242,0
C0_baseline,2,3,693,51188,2,0,0.07983704656362534,0
C0_baseline,2,3,703,51205,1,1,0.8501724004745483,1
C0_baseline,2,3,711,51215,1,1,0.27552035450935364,0
C0_baseline,2,3,724,51229,1,1,0.8453558087348938,1
C0_baseline,2,3,725,51230,1,1,0.850293755531311,1
C0_baseline,2,3,754,51272,2,0,0.16973534226417542,0
C0_baseline,2,3,757,51276,2,0,0.07468820363283157,0
C0_baseline,2,3,762,51281,2,0,0.08643291890621185,0
C0_baseline,2,3,772,51301,1,1,0.5773897171020508,1
C0_baseline,2,3,783,51315,2,0,0.08847607672214508,0
C0_baseline,2,3,787,51321,1,1,0.8313935995101929,1
C0_baseline,2,3,813,51350,1,1,0.7495146989822388,1
C0_baseline,2,3,818,51359,2,0,0.84269118309021,1
C0_baseline,2,3,821,51362,2,0,0.07726211100816727,0
C0_baseline,2,3,829,51463,1,1,0.8501315116882324,1
C0_baseline,2,3,836,51481,2,0,0.07041899859905243,0
C0_baseline,2,3,861,51577,1,1,0.8480362296104431,1
C0_baseline,2,4,5,50008,1,1,0.7387595176696777,1
C0_baseline,2,4,17,50025,1,1,0.7573531270027161,1
C0_baseline,2,4,23,50032,2,0,0.1279313713312149,0
C0_baseline,2,4,26,50035,2,0,0.3651939034461975,0
C0_baseline,2,4,28,50037,2,0,0.3481823205947876,0
C0_baseline,2,4,51,50103,2,0,0.6749085187911987,1
C0_baseline,2,4,52,50104,2,0,0.13536614179611206,0
C0_baseline,2,4,56,50109,2,0,0.355814129114151,0
C0_baseline,2,4,58,50112,2,0,0.5511468052864075,1
C0_baseline,2,4,88,50153,1,1,0.6259215474128723,1
C0_baseline,2,4,90,50157,2,0,0.19774222373962402,0
C0_baseline,2,4,100,50169,2,0,0.16065502166748047,0
C0_baseline,2,4,120,50203,2,0,0.12641967833042145,0
C0_baseline,2,4,131,50233,1,1,0.811771035194397,1
C0_baseline,2,4,136,50240,1,1,0.8117443323135376,1
C0_baseline,2,4,161,50270,2,0,0.1641198992729187,0
C0_baseline,2,4,165,50274,1,1,0.7978361248970032,1
C0_baseline,2,4,172,50287,1,1,0.17892320454120636,0
C0_baseline,2,4,181,50298,1,1,0.5802000761032104,1
C0_baseline,2,4,191,50318,1,1,0.18548467755317688,0
C0_baseline,2,4,211,50342,2,0,0.2702200412750244,0
C0_baseline,2,4,213,50344,2,0,0.1297207474708557,0
C0_baseline,2,4,214,50345,2,0,0.1198393702507019,0
C0_baseline,2,4,225,50356,2,0,0.12483277171850204,0
C0_baseline,2,4,254,50388,2,0,0.16803951561450958,0
C0_baseline,2,4,271,50415,2,0,0.22411386668682098,0
C0_baseline,2,4,306,50470,2,0,0.418657511472702,0
C0_baseline,2,4,312,50485,1,1,0.12549395859241486,0
C0_baseline,2,4,314,50487,1,1,0.8065704107284546,1
C0_baseline,2,4,315,50488,1,1,0.7916525602340698,1
C0_baseline,2,4,316,50490,1,1,0.7182824611663818,1
C0_baseline,2,4,334,50515,1,1,0.8104652762413025,1
C0_baseline,2,4,335,50516,1,1,0.6442062854766846,1
C0_baseline,2,4,356,50563,2,0,0.15035468339920044,0
C0_baseline,2,4,383,50621,1,1,0.7917057275772095,1
C0_baseline,2,4,388,50626,1,1,0.8083187937736511,1
C0_baseline,2,4,401,50669,2,0,0.8097376227378845,1
C0_baseline,2,4,416,50697,1,1,0.8107956051826477,1
C0_baseline,2,4,424,50705,1,1,0.5619509816169739,1
C0_baseline,2,4,442,50739,2,0,0.22779838740825653,0
C0_baseline,2,4,448,50745,1,1,0.8089819550514221,1
C0_baseline,2,4,452,50751,1,1,0.6975187063217163,1
C0_baseline,2,4,453,50752,1,1,0.32815271615982056,0
C0_baseline,2,4,457,50757,1,1,0.37118470668792725,0
C0_baseline,2,4,458,50772,2,0,0.8056790828704834,1
C0_baseline,2,4,464,50778,2,0,0.2223205715417862,0
C0_baseline,2,4,473,50796,1,1,0.8086357712745667,1
C0_baseline,2,4,476,50799,1,1,0.7954512238502502,1
C0_baseline,2,4,483,50816,2,0,0.1468033343553543,0
C0_baseline,2,4,515,50981,1,1,0.7673518657684326,1
C0_baseline,2,4,522,50988,1,1,0.809451699256897,1
C0_baseline,2,4,545,51014,1,1,0.805557370185852,1
C0_baseline,2,4,561,51032,1,1,0.8079180121421814,1
C0_baseline,2,4,572,51045,2,0,0.1438928097486496,0
C0_baseline,2,4,580,51053,2,0,0.1540762335062027,0
C0_baseline,2,4,581,51054,2,0,0.12205439805984497,0
C0_baseline,2,4,606,51080,2,0,0.4318341910839081,0
C0_baseline,2,4,607,51081,2,0,0.13591724634170532,0
C0_baseline,2,4,609,51083,2,0,0.798133909702301,1
C0_baseline,2,4,630,51105,2,0,0.12321853637695312,0
C0_baseline,2,4,637,51113,2,0,0.13178081810474396,0
C0_baseline,2,4,646,51127,2,0,0.7285545468330383,1
C0_baseline,2,4,647,51128,2,0,0.17421869933605194,0
C0_baseline,2,4,652,51133,2,0,0.4727136492729187,0
C0_baseline,2,4,658,51139,2,0,0.13823916018009186,0
C0_baseline,2,4,659,51140,2,0,0.13985033333301544,0
C0_baseline,2,4,664,51148,2,0,0.14569102227687836,0
C0_baseline,2,4,674,51161,1,1,0.7272220253944397,1
C0_baseline,2,4,675,51162,1,1,0.811750590801239,1
C0_baseline,2,4,681,51171,1,1,0.5463616847991943,1
C0_baseline,2,4,682,51173,1,1,0.7535473108291626,1
C0_baseline,2,4,697,51197,2,0,0.2825935482978821,0
C0_baseline,2,4,704,51206,1,1,0.8109608292579651,1
C0_baseline,2,4,714,51218,1,1,0.798674464225769,1
C0_baseline,2,4,718,51222,1,1,0.1497567892074585,0
C0_baseline,2,4,733,51241,1,1,0.531634509563446,1
C0_baseline,2,4,759,51278,2,0,0.483810693025589,0
C0_baseline,2,4,766,51294,1,1,0.6204126477241516,1
C0_baseline,2,4,775,51304,2,0,0.21833978593349457,0
C0_baseline,2,4,776,51305,2,0,0.12338156998157501,0
C0_baseline,2,4,799,51334,2,0,0.13086140155792236,0
C0_baseline,2,4,804,51340,2,0,0.13397356867790222,0
C0_baseline,2,4,811,51347,2,0,0.12553346157073975,0
C0_baseline,2,4,830,51464,1,1,0.7923045754432678,1
C0_baseline,2,4,835,51480,2,0,0.12638194859027863,0
C0_baseline,2,4,855,51569,2,0,0.38015732169151306,0
C0_baseline,2,4,862,51578,1,1,0.8076863288879395,1
C0_baseline,2,5,3,50006,1,1,0.9004098176956177,1
C0_baseline,2,5,8,50012,1,1,0.8926883339881897,1
C0_baseline,2,5,12,50016,1,1,0.9002643823623657,1
C0_baseline,2,5,14,50022,1,1,0.07080776244401932,0
C0_baseline,2,5,19,50027,1,1,0.06955800205469131,0
C0_baseline,2,5,21,50030,2,0,0.06908033788204193,0
C0_baseline,2,5,29,50038,2,0,0.07015424221754074,0
C0_baseline,2,5,31,50040,2,0,0.07374546676874161,0
C0_baseline,2,5,63,50117,2,0,0.07214254885911942,0
C0_baseline,2,5,80,50144,1,1,0.9006494879722595,1
C0_baseline,2,5,82,50146,1,1,0.06907103210687637,0
C0_baseline,2,5,103,50182,1,1,0.8340347409248352,1
C0_baseline,2,5,113,50195,2,0,0.07110488414764404,0
C0_baseline,2,5,119,50202,2,0,0.08179032802581787,0
C0_baseline,2,5,126,50213,2,0,0.06901054084300995,0
C0_baseline,2,5,135,50239,1,1,0.06967757642269135,0
C0_baseline,2,5,142,50249,1,1,0.9008108973503113,1
C0_baseline,2,5,156,50265,2,0,0.07057548314332962,0
C0_baseline,2,5,157,50266,2,0,0.06899532675743103,0
C0_baseline,2,5,170,50284,1,1,0.6915666460990906,1
C0_baseline,2,5,173,50289,1,1,0.7013987898826599,1
C0_baseline,2,5,175,50291,1,1,0.39926695823669434,0
C0_baseline,2,5,186,50308,1,1,0.7605773210525513,1
C0_baseline,2,5,195,50324,1,1,0.7516145706176758,1
C0_baseline,2,5,197,50327,2,0,0.07097632437944412,0
C0_baseline,2,5,198,50329,2,0,0.06923871487379074,0
C0_baseline,2,5,199,50330,2,0,0.06899746507406235,0
C0_baseline,2,5,206,50337,2,0,0.07675489038228989,0
C0_baseline,2,5,222,50353,2,0,0.06974488496780396,0
C0_baseline,2,5,236,50367,2,0,0.06991461664438248,0
C0_baseline,2,5,240,50372,2,0,0.071664959192276,0
C0_baseline,2,5,264,50407,1,1,0.8954117298126221,1
C0_baseline,2,5,267,50411,1,1,0.8996123671531677,1
C0_baseline,2,5,272,50416,2,0,0.06982465088367462,0
C0_baseline,2,5,275,50419,2,0,0.06916157156229019,0
C0_baseline,2,5,279,50425,2,0,0.08319301903247833,0
C0_baseline,2,5,292,50442,2,0,0.07297702133655548,0
C0_baseline,2,5,297,50447,2,0,0.10615863651037216,0
C0_baseline,2,5,298,50448,2,0,0.100112184882164,0
C0_baseline,2,5,305,50469,2,0,0.0720265731215477,0
C0_baseline,2,5,309,50481,1,1,0.8985525369644165,1
C0_baseline,2,5,319,50493,1,1,0.8974303603172302,1
C0_baseline,2,5,320,50494,1,1,0.19152429699897766,0
C0_baseline,2,5,325,50500,1,1,0.8994561433792114,1
C0_baseline,2,5,331,50509,1,1,0.8902327418327332,1
C0_baseline,2,5,332,50510,1,1,0.8985175490379333,1
C0_baseline,2,5,338,50520,1,1,0.9011425375938416,1
C0_baseline,2,5,346,50529,1,1,0.8985943794250488,1
C0_baseline,2,5,367,50577,2,0,0.0690685287117958,0
C0_baseline,2,5,381,50619,1,1,0.8982506990432739,1
C0_baseline,2,5,384,50622,1,1,0.896659255027771,1
C0_baseline,2,5,398,50659,2,0,0.1849302500486374,0
C0_baseline,2,5,400,50665,2,0,0.2173551321029663,0
C0_baseline,2,5,433,50725,2,0,0.06915941089391708,0
C0_baseline,2,5,436,50730,2,0,0.07048118114471436,0
C0_baseline,2,5,487,50821,2,0,0.06928227841854095,0
C0_baseline,2,5,492,50954,1,1,0.14428754150867462,0
C0_baseline,2,5,503,50966,1,1,0.3225211799144745,0
C0_baseline,2,5,520,50986,1,1,0.1158847063779831,0
C0_baseline,2,5,530,50996,1,1,0.8952972292900085,1
C0_baseline,2,5,546,51015,1,1,0.06933259218931198,0
C0_baseline,2,5,559,51029,1,1,0.9001091718673706,1
C0_baseline,2,5,560,51030,1,1,0.9011790752410889,1
C0_baseline,2,5,589,51062,2,0,0.07258734852075577,0
C0_baseline,2,5,594,51067,2,0,0.07602296769618988,0
C0_baseline,2,5,602,51076,2,0,0.07699533551931381,0
C0_baseline,2,5,613,51087,2,0,0.06966667622327805,0
C0_baseline,2,5,625,51100,2,0,0.07002921402454376,0
C0_baseline,2,5,629,51104,2,0,0.07061656564474106,0
C0_baseline,2,5,635,51111,2,0,0.07097692042589188,0
C0_baseline,2,5,678,51168,1,1,0.6729315519332886,1
C0_baseline,2,5,690,51184,2,0,0.2313612699508667,0
C0_baseline,2,5,727,51234,1,1,0.8957204818725586,1
C0_baseline,2,5,743,51257,2,0,0.07046590745449066,0
C0_baseline,2,5,774,51303,2,0,0.07296156883239746,0
C0_baseline,2,5,780,51309,2,0,0.8944482803344727,1
C0_baseline,2,5,786,51320,1,1,0.9012115001678467,1
C0_baseline,2,5,810,51346,2,0,0.07201891392469406,0
C0_baseline,2,5,814,51351,1,1,0.07352825999259949,0
C0_baseline,2,5,815,51354,1,1,0.8537126779556274,1
C0_baseline,2,5,820,51361,2,0,0.06933201849460602,0
C0_baseline,2,5,834,51479,2,0,0.0729847252368927,0
C0_baseline,2,5,841,51491,2,0,0.07201496511697769,0
C0_baseline,2,5,844,51557,2,0,0.07026876509189606,0
C0_baseline,2,5,845,51558,2,0,0.06900478154420853,0
C0_baseline,2,5,846,51559,2,0,0.07191158086061478,0
C0_baseline,2,5,870,51607,1,1,0.07347698509693146,0
C0_baseline,2,6,13,50020,1,1,0.8350473046302795,1
C0_baseline,2,6,15,50023,1,1,0.8078600764274597,1
C0_baseline,2,6,22,50031,2,0,0.14815554022789001,0
C0_baseline,2,6,59,50113,2,0,0.14990870654582977,0
C0_baseline,2,6,60,50114,2,0,0.14989779889583588,0
C0_baseline,2,6,65,50119,1,1,0.14645487070083618,0
C0_baseline,2,6,71,50128,1,1,0.8217363953590393,1
C0_baseline,2,6,77,50135,1,1,0.8325393199920654,1
C0_baseline,2,6,89,50156,1,1,0.8345882892608643,1
C0_baseline,2,6,93,50160,2,0,0.14826367795467377,0
C0_baseline,2,6,94,50161,2,0,0.37753602862358093,0
C0_baseline,2,6,96,50163,2,0,0.15103764832019806,0
C0_baseline,2,6,128,50215,2,0,0.1470419019460678,0
C0_baseline,2,6,143,50250,1,1,0.14727884531021118,0
C0_baseline,2,6,166,50275,1,1,0.8286755681037903,1
C0_baseline,2,6,167,50276,1,1,0.8348255753517151,1
C0_baseline,2,6,168,50278,1,1,0.8352363705635071,1
C0_baseline,2,6,171,50285,1,1,0.5109102129936218,1
C0_baseline,2,6,174,50290,1,1,0.8093968033790588,1
C0_baseline,2,6,190,50315,1,1,0.8353199362754822,1
C0_baseline,2,6,219,50350,2,0,0.14904198050498962,0
C0_baseline,2,6,220,50351,2,0,0.14988239109516144,0
C0_baseline,2,6,227,50358,2,0,0.15154610574245453,0
C0_baseline,2,6,235,50366,2,0,0.14648878574371338,0
C0_baseline,2,6,276,50421,2,0,0.14979849755764008,0
C0_baseline,2,6,287,50437,2,0,0.8348972797393799,1
C0_baseline,2,6,290,50440,2,0,0.15218643844127655,0
C0_baseline,2,6,310,50482,1,1,0.8287937045097351,1
C0_baseline,2,6,327,50502,1,1,0.8353367447853088,1
C0_baseline,2,6,333,50514,1,1,0.33579593896865845,0
C0_baseline,2,6,337,50519,1,1,0.82638019323349,1
C0_baseline,2,6,350,50551,2,0,0.3094729781150818,0
C0_baseline,2,6,362,50572,2,0,0.14832645654678345,0
C0_baseline,2,6,382,50620,1,1,0.21532590687274933,0
C0_baseline,2,6,393,50647,1,1,0.39529603719711304,0
C0_baseline,2,6,406,50687,2,0,0.8085111975669861,1
C0_baseline,2,6,408,50689,1,1,0.8346169590950012,1
C0_baseline,2,6,409,50690,1,1,0.1475917547941208,0
C0_baseline,2,6,418,50699,2,0,0.8337279558181763,1
C0_baseline,2,6,423,50704,1,1,0.6465432643890381,1
C0_baseline,2,6,426,50707,2,0,0.15179720520973206,0
C0_baseline,2,6,435,50728,2,0,0.16913163661956787,0
C0_baseline,2,6,449,50748,1,1,0.8337918519973755,1
C0_baseline,2,6,456,50756,1,1,0.8014586567878723,1
C0_baseline,2,6,467,50782,2,0,0.1470280885696411,0
C0_baseline,2,6,486,50820,2,0,0.14906032383441925,0
C0_baseline,2,6,488,50822,2,0,0.14648295938968658,0
C0_baseline,2,6,489,50823,1,1,0.8335661292076111,1
C0_baseline,2,6,499,50961,1,1,0.30406951904296875,0
C0_baseline,2,6,500,50962,1,1,0.1502290666103363,0
C0_baseline,2,6,502,50965,1,1,0.8334419131278992,1
C0_baseline,2,6,531,50997,1,1,0.8319029211997986,1
C0_baseline,2,6,542,51011,1,1,0.8332026600837708,1
C0_baseline,2,6,562,51033,1,1,0.8279350399971008,1
C0_baseline,2,6,577,51050,2,0,0.1465901881456375,0
C0_baseline,2,6,610,51084,2,0,0.8343985676765442,1
C0_baseline,2,6,615,51089,2,0,0.150648295879364,0
C0_baseline,2,6,639,51116,2,0,0.15262608230113983,0
C0_baseline,2,6,648,51129,2,0,0.1520976573228836,0
C0_baseline,2,6,656,51137,2,0,0.1482739895582199,0
C0_baseline,2,6,679,51169,1,1,0.4053914546966553,0
C0_baseline,2,6,685,51179,1,1,0.8336166739463806,1
C0_baseline,2,6,688,51182,2,0,0.15062864124774933,0
C0_baseline,2,6,700,51202,1,1,0.8314623236656189,1
C0_baseline,2,6,731,51239,1,1,0.8254310488700867,1
C0_baseline,2,6,744,51260,2,0,0.14770834147930145,0
C0_baseline,2,6,746,51262,2,0,0.3821215331554413,0
C0_baseline,2,6,747,51264,2,0,0.14902499318122864,0
C0_baseline,2,6,751,51268,2,0,0.14941762387752533,0
C0_baseline,2,6,753,51271,2,0,0.14998798072338104,0
C0_baseline,2,6,755,51273,2,0,0.8250342011451721,1
C0_baseline,2,6,760,51279,2,0,0.14770931005477905,0
C0_baseline,2,6,763,51291,1,1,0.8352614641189575,1
C0_baseline,2,6,768,51297,1,1,0.8314894437789917,1
C0_baseline,2,6,773,51302,1,1,0.41300392150878906,0
C0_baseline,2,6,779,51308,2,0,0.150395005941391,0
C0_baseline,2,6,781,51311,2,0,0.14941883087158203,0
C0_baseline,2,6,801,51336,2,0,0.14649610221385956,0
C0_baseline,2,6,809,51345,2,0,0.14650048315525055,0
C0_baseline,2,6,824,51365,2,0,0.15260683000087738,0
C0_baseline,2,6,831,51465,1,1,0.8351346850395203,1
C0_baseline,2,6,840,51488,2,0,0.14647945761680603,0
C0_baseline,2,6,843,51556,2,0,0.1486291140317917,0
C0_baseline,2,6,848,51562,2,0,0.14992287755012512,0
C0_baseline,2,6,849,51563,2,0,0.14996711909770966,0
C0_baseline,2,6,854,51568,2,0,0.2373078465461731,0
C0_baseline,2,6,859,51574,1,1,0.8345565795898438,1
C0_baseline,2,7,38,50047,2,0,0.23499734699726105,0
C0_baseline,2,7,44,50053,1,1,0.6303523182868958,1
C0_baseline,2,7,46,50056,1,1,0.8389319181442261,1
C0_baseline,2,7,47,50057,1,1,0.15767569839954376,0
C0_baseline,2,7,57,50111,2,0,0.15703171491622925,0
C0_baseline,2,7,68,50124,1,1,0.8370797634124756,1
C0_baseline,2,7,69,50125,1,1,0.7909178733825684,1
C0_baseline,2,7,85,50149,1,1,0.8050611615180969,1
C0_baseline,2,7,91,50158,2,0,0.15699630975723267,0
C0_baseline,2,7,97,50164,2,0,0.16068385541439056,0
C0_baseline,2,7,111,50193,2,0,0.15835972130298615,0
C0_baseline,2,7,116,50199,2,0,0.15838173031806946,0
C0_baseline,2,7,137,50241,1,1,0.7809153199195862,1
C0_baseline,2,7,139,50245,1,1,0.5803583860397339,1
C0_baseline,2,7,145,50252,1,1,0.4367622435092926,0
C0_baseline,2,7,147,50254,1,1,0.42124491930007935,0
C0_baseline,2,7,148,50255,1,1,0.8224202990531921,1
C0_baseline,2,7,154,50263,2,0,0.16186705231666565,0
C0_baseline,2,7,159,50268,2,0,0.15723241865634918,0
C0_baseline,2,7,185,50304,1,1,0.4751247763633728,0
C0_baseline,2,7,189,50314,1,1,0.8381743431091309,1
C0_baseline,2,7,201,50332,2,0,0.15708491206169128,0
C0_baseline,2,7,207,50338,2,0,0.15700513124465942,0
C0_baseline,2,7,208,50339,2,0,0.1579190343618393,0
C0_baseline,2,7,230,50361,2,0,0.15821804106235504,0
C0_baseline,2,7,238,50369,2,0,0.16142240166664124,0
C0_baseline,2,7,241,50373,2,0,0.16063141822814941,0
C0_baseline,2,7,249,50382,2,0,0.15767645835876465,0
C0_baseline,2,7,269,50413,1,1,0.8325414061546326,1
C0_baseline,2,7,278,50424,2,0,0.15808157622814178,0
C0_baseline,2,7,308,50480,1,1,0.8380641341209412,1
C0_baseline,2,7,318,50492,1,1,0.7866867780685425,1
C0_baseline,2,7,330,50507,1,1,0.20073078572750092,0
C0_baseline,2,7,351,50552,2,0,0.15704719722270966,0
C0_baseline,2,7,353,50557,2,0,0.15718507766723633,0
C0_baseline,2,7,364,50574,2,0,0.19393163919448853,0
C0_baseline,2,7,371,50603,1,1,0.8372318744659424,1
C0_baseline,2,7,376,50612,1,1,0.8261944055557251,1
C0_baseline,2,7,389,50627,1,1,0.7507588267326355,1
C0_baseline,2,7,410,50691,2,0,0.1725580394268036,0
C0_baseline,2,7,428,50709,2,0,0.15993130207061768,0
C0_baseline,2,7,438,50733,2,0,0.1570475995540619,0
C0_baseline,2,7,441,50738,2,0,0.16002097725868225,0
C0_baseline,2,7,444,50741,2,0,0.16759806871414185,0
C0_baseline,2,7,447,50744,1,1,0.8196471333503723,1
C0_baseline,2,7,463,50777,2,0,0.16165724396705627,0
C0_baseline,2,7,465,50780,2,0,0.18919406831264496,0
C0_baseline,2,7,469,50786,2,0,0.16316722333431244,0
C0_baseline,2,7,478,50801,1,1,0.6854026913642883,1
C0_baseline,2,7,479,50803,1,1,0.8271886706352234,1
C0_baseline,2,7,493,50955,1,1,0.1570136547088623,0
C0_baseline,2,7,510,50974,1,1,0.8218117356300354,1
C0_baseline,2,7,521,50987,1,1,0.8389165997505188,1
C0_baseline,2,7,534,51001,1,1,0.838890016078949,1
C0_baseline,2,7,544,51013,1,1,0.817209005355835,1
C0_baseline,2,7,553,51023,1,1,0.8280439972877502,1
C0_baseline,2,7,558,51028,1,1,0.8378592133522034,1
C0_baseline,2,7,568,51040,2,0,0.1606924831867218,0
C0_baseline,2,7,582,51055,2,0,0.15836353600025177,0
C0_baseline,2,7,586,51059,2,0,0.16201482713222504,0
C0_baseline,2,7,595,51068,2,0,0.6254628896713257,1
C0_baseline,2,7,598,51072,2,0,0.17112760245800018,0
C0_baseline,2,7,600,51074,2,0,0.7489640712738037,1
C0_baseline,2,7,611,51085,2,0,0.7775114178657532,1
C0_baseline,2,7,616,51090,2,0,0.16084043681621552,0
C0_baseline,2,7,623,51098,2,0,0.1657840460538864,0
C0_baseline,2,7,627,51102,2,0,0.16061857342720032,0
C0_baseline,2,7,634,51110,2,0,0.16268372535705566,0
C0_baseline,2,7,651,51132,2,0,0.15914314985275269,0
C0_baseline,2,7,665,51149,2,0,0.18038606643676758,0
C0_baseline,2,7,668,51152,2,0,0.15805470943450928,0
C0_baseline,2,7,670,51154,2,0,0.15724267065525055,0
C0_baseline,2,7,676,51163,1,1,0.6002063751220703,1
C0_baseline,2,7,694,51189,2,0,0.1618693470954895,0
C0_baseline,2,7,713,51217,1,1,0.16346938908100128,0
C0_baseline,2,7,719,51223,1,1,0.3797492980957031,0
C0_baseline,2,7,726,51231,1,1,0.22767047584056854,0
C0_baseline,2,7,729,51236,1,1,0.5747913122177124,1
C0_baseline,2,7,730,51237,1,1,0.8377256989479065,1
C0_baseline,2,7,732,51240,1,1,0.8325445055961609,1
C0_baseline,2,7,745,51261,2,0,0.16059760749340057,0
C0_baseline,2,7,790,51325,1,1,0.8297184705734253,1
C0_baseline,2,7,798,51333,2,0,0.1580664962530136,0
C0_baseline,2,7,807,51343,2,0,0.16122697293758392,0
C0_baseline,2,7,812,51349,1,1,0.15921150147914886,0
C0_baseline,2,7,833,51477,2,0,0.1582682579755783,0
C0_baseline,2,7,863,51579,1,1,0.17514599859714508,0
C0_baseline,2,8,49,50060,2,0,0.15716274082660675,0
C0_baseline,2,8,61,50115,2,0,0.15953923761844635,0
C0_baseline,2,8,64,50118,1,1,0.8668217658996582,1
C0_baseline,2,8,70,50127,1,1,0.846367597579956,1
C0_baseline,2,8,102,50171,2,0,0.5208439230918884,1
C0_baseline,2,8,105,50184,1,1,0.8657956123352051,1
C0_baseline,2,8,107,50187,1,1,0.16209979355335236,0
C0_baseline,2,8,112,50194,2,0,0.15715757012367249,0
C0_baseline,2,8,114,50196,2,0,0.2898462116718292,0
C0_baseline,2,8,118,50201,2,0,0.15543870627880096,0
C0_baseline,2,8,124,50208,2,0,0.16669611632823944,0
C0_baseline,2,8,133,50236,1,1,0.8668899536132812,1
C0_baseline,2,8,134,50237,1,1,0.8669209480285645,1
C0_baseline,2,8,146,50253,1,1,0.8623377680778503,1
C0_baseline,2,8,151,50260,2,0,0.1666066199541092,0
C0_baseline,2,8,160,50269,2,0,0.4025704264640808,0
C0_baseline,2,8,179,50295,1,1,0.8659635782241821,1
C0_baseline,2,8,183,50301,1,1,0.8660110235214233,1
C0_baseline,2,8,184,50302,1,1,0.8669062852859497,1
C0_baseline,2,8,196,50325,1,1,0.16923211514949799,0
C0_baseline,2,8,203,50334,2,0,0.8666540384292603,1
C0_baseline,2,8,210,50341,2,0,0.15723085403442383,0
C0_baseline,2,8,215,50346,2,0,0.15553081035614014,0
C0_baseline,2,8,216,50347,2,0,0.1553022563457489,0
C0_baseline,2,8,223,50354,2,0,0.1651236116886139,0
C0_baseline,2,8,224,50355,2,0,0.16499778628349304,0
C0_baseline,2,8,237,50368,2,0,0.1558811515569687,0
C0_baseline,2,8,255,50390,2,0,0.2802391052246094,0
C0_baseline,2,8,256,50391,2,0,0.15677207708358765,0
C0_baseline,2,8,260,50403,1,1,0.4752200245857239,0
C0_baseline,2,8,266,50410,1,1,0.8629719614982605,1
C0_baseline,2,8,296,50446,2,0,0.37108418345451355,0
C0_baseline,2,8,299,50449,2,0,0.15791380405426025,0
C0_baseline,2,8,328,50503,1,1,0.8665130734443665,1
C0_baseline,2,8,339,50521,1,1,0.7945525050163269,1
C0_baseline,2,8,343,50526,1,1,0.8588704466819763,1
C0_baseline,2,8,347,50530,1,1,0.8641521334648132,1
C0_baseline,2,8,349,50532,1,1,0.8632896542549133,1
C0_baseline,2,8,365,50575,2,0,0.29706573486328125,0
C0_baseline,2,8,377,50613,1,1,0.8660861253738403,1
C0_baseline,2,8,386,50624,1,1,0.8667097687721252,1
C0_baseline,2,8,387,50625,1,1,0.1579224020242691,0
C0_baseline,2,8,413,50694,1,1,0.8662988543510437,1
C0_baseline,2,8,414,50695,1,1,0.8301377892494202,1
C0_baseline,2,8,470,50790,2,0,0.1570274829864502,0
C0_baseline,2,8,485,50818,2,0,0.1551966369152069,0
C0_baseline,2,8,496,50958,1,1,0.8570461869239807,1
C0_baseline,2,8,504,50967,1,1,0.853316068649292,1
C0_baseline,2,8,517,50983,1,1,0.8660288453102112,1
C0_baseline,2,8,536,51003,1,1,0.8666559457778931,1
C0_baseline,2,8,540,51009,1,1,0.8658010363578796,1
C0_baseline,2,8,551,51020,1,1,0.8422846794128418,1
C0_baseline,2,8,569,51041,2,0,0.1631329208612442,0
C0_baseline,2,8,570,51042,2,0,0.15591785311698914,0
C0_baseline,2,8,574,51047,2,0,0.19465692341327667,0
C0_baseline,2,8,576,51049,2,0,0.16324175894260406,0
C0_baseline,2,8,584,51057,2,0,0.1593383103609085,0
C0_baseline,2,8,588,51061,2,0,0.15522180497646332,0
C0_baseline,2,8,593,51066,2,0,0.15779663622379303,0
C0_baseline,2,8,601,51075,2,0,0.16319572925567627,0
C0_baseline,2,8,633,51109,2,0,0.15672211349010468,0
C0_baseline,2,8,642,51122,2,0,0.16091857850551605,0
C0_baseline,2,8,645,51126,2,0,0.1625688374042511,0
C0_baseline,2,8,660,51141,2,0,0.7374317646026611,1
C0_baseline,2,8,673,51159,2,0,0.8660039901733398,1
C0_baseline,2,8,683,51177,1,1,0.8589162230491638,1
C0_baseline,2,8,698,51198,2,0,0.856991171836853,1
C0_baseline,2,8,701,51203,1,1,0.866489052772522,1
C0_baseline,2,8,715,51219,1,1,0.8664838671684265,1
C0_baseline,2,8,717,51221,1,1,0.8656584024429321,1
C0_baseline,2,8,722,51226,1,1,0.15582852065563202,0
C0_baseline,2,8,734,51248,1,1,0.8668721318244934,1
C0_baseline,2,8,738,51252,2,0,0.859567403793335,1
C0_baseline,2,8,748,51265,2,0,0.15526507794857025,0
C0_baseline,2,8,778,51307,2,0,0.8669358491897583,1
C0_baseline,2,8,785,51319,1,1,0.8668251633644104,1
C0_baseline,2,8,803,51339,2,0,0.1591205894947052,0
C0_baseline,2,8,817,51357,2,0,0.16138143837451935,0
C0_baseline,2,8,826,51370,2,0,0.1566953808069229,0
C0_baseline,2,8,828,51461,1,1,0.8589524030685425,1
C0_baseline,2,8,832,51473,1,1,0.8570024371147156,1
C0_baseline,2,8,839,51487,2,0,0.3185383081436157,0
C0_baseline,2,8,847,51560,2,0,0.1582052856683731,0
C0_baseline,2,8,851,51565,2,0,0.6827322244644165,1
C0_baseline,2,8,852,51566,2,0,0.15579666197299957,0
C0_baseline,2,8,857,51572,1,1,0.8661265969276428,1
C0_baseline,2,8,866,51583,1,1,0.8669319748878479,1
C0_baseline,2,9,9,50013,1,1,0.917921245098114,1
C0_baseline,2,9,20,50028,1,1,0.9179663062095642,1
C0_baseline,2,9,27,50036,2,0,0.11493352055549622,0
C0_baseline,2,9,32,50041,2,0,0.11658508330583572,0
C0_baseline,2,9,37,50046,2,0,0.111306332051754,0
C0_baseline,2,9,40,50049,2,0,0.11523575335741043,0
C0_baseline,2,9,42,50051,2,0,0.4088907539844513,0
C0_baseline,2,9,50,50102,2,0,0.14856082201004028,0
C0_baseline,2,9,66,50121,1,1,0.9175763726234436,1
C0_baseline,2,9,75,50132,1,1,0.9166256785392761,1
C0_baseline,2,9,83,50147,1,1,0.9108341932296753,1
C0_baseline,2,9,84,50148,1,1,0.8398938775062561,1
C0_baseline,2,9,87,50152,1,1,0.9164860844612122,1
C0_baseline,2,9,104,50183,1,1,0.9179837703704834,1
C0_baseline,2,9,121,50204,2,0,0.11546149104833603,0
C0_baseline,2,9,122,50205,2,0,0.11276759952306747,0
C0_baseline,2,9,123,50206,2,0,0.2432459592819214,0
C0_baseline,2,9,130,50232,1,1,0.9149876832962036,1
C0_baseline,2,9,132,50234,1,1,0.8921533823013306,1
C0_baseline,2,9,221,50352,2,0,0.6558704376220703,1
C0_baseline,2,9,226,50357,2,0,0.11464612931013107,0
C0_baseline,2,9,232,50363,2,0,0.8147010803222656,1
C0_baseline,2,9,250,50383,2,0,0.12969383597373962,0
C0_baseline,2,9,258,50399,1,1,0.9179720878601074,1
C0_baseline,2,9,261,50404,1,1,0.9174609780311584,1
C0_baseline,2,9,262,50405,1,1,0.9153497815132141,1
C0_baseline,2,9,282,50428,2,0,0.11063850671052933,0
C0_baseline,2,9,284,50434,2,0,0.115079365670681,0
C0_baseline,2,9,289,50439,2,0,0.23639516532421112,0
C0_baseline,2,9,291,50441,2,0,0.11278849095106125,0
C0_baseline,2,9,301,50463,2,0,0.11051923781633377,0
C0_baseline,2,9,323,50498,1,1,0.9132806658744812,1
C0_baseline,2,9,344,50527,1,1,0.9166778922080994,1
C0_baseline,2,9,358,50568,2,0,0.6494953036308289,1
C0_baseline,2,9,361,50571,2,0,0.8333576321601868,1
C0_baseline,2,9,363,50573,2,0,0.11031632125377655,0
C0_baseline,2,9,380,50616,1,1,0.9162836670875549,1
C0_baseline,2,9,391,50642,1,1,0.9117164015769958,1
C0_baseline,2,9,397,50656,2,0,0.6064566969871521,1
C0_baseline,2,9,407,50688,2,0,0.11031163483858109,0
C0_baseline,2,9,415,50696,1,1,0.9162749648094177,1
C0_baseline,2,9,419,50700,1,1,0.9168329834938049,1
C0_baseline,2,9,420,50701,2,0,0.11315415054559708,0
C0_baseline,2,9,427,50708,1,1,0.9172343611717224,1
C0_baseline,2,9,446,50743,1,1,0.9176201224327087,1
C0_baseline,2,9,461,50775,2,0,0.11495402455329895,0
C0_baseline,2,9,472,50792,1,1,0.9145922064781189,1
C0_baseline,2,9,481,50812,2,0,0.11046544462442398,0
C0_baseline,2,9,491,50952,1,1,0.9181458950042725,1
C0_baseline,2,9,498,50960,1,1,0.1398715078830719,0
C0_baseline,2,9,511,50976,1,1,0.9154912829399109,1
C0_baseline,2,9,524,50990,1,1,0.9138238430023193,1
C0_baseline,2,9,539,51008,1,1,0.6234562993049622,1
C0_baseline,2,9,541,51010,1,1,0.7733569741249084,1
C0_baseline,2,9,543,51012,1,1,0.9073140025138855,1
C0_baseline,2,9,563,51034,1,1,0.9182063937187195,1
C0_baseline,2,9,564,51035,1,1,0.8876429796218872,1
C0_baseline,2,9,592,51065,2,0,0.11222928762435913,0
C0_baseline,2,9,604,51078,2,0,0.11779031157493591,0
C0_baseline,2,9,605,51079,2,0,0.9163616299629211,1
C0_baseline,2,9,608,51082,2,0,0.1972806453704834,0
C0_baseline,2,9,620,51095,2,0,0.9054082036018372,1
C0_baseline,2,9,624,51099,2,0,0.11056151241064072,0
C0_baseline,2,9,632,51107,2,0,0.7724342346191406,1
C0_baseline,2,9,643,51123,2,0,0.12499141693115234,0
C0_baseline,2,9,654,51135,2,0,0.2642004191875458,0
C0_baseline,2,9,667,51151,2,0,0.11041036248207092,0
C0_baseline,2,9,680,51170,1,1,0.7558624148368835,1
C0_baseline,2,9,699,51201,1,1,0.9180689454078674,1
C0_baseline,2,9,708,51211,1,1,0.9173582196235657,1
C0_baseline,2,9,712,51216,1,1,0.1530037522315979,0
C0_baseline,2,9,736,51250,2,0,0.11033017933368683,0
C0_baseline,2,9,739,51253,2,0,0.11059506982564926,0
C0_baseline,2,9,740,51254,2,0,0.11042370647192001,0
C0_baseline,2,9,742,51256,2,0,0.11181440204381943,0
C0_baseline,2,9,752,51269,2,0,0.11276037245988846,0
C0_baseline,2,9,756,51275,2,0,0.11081477999687195,0
C0_baseline,2,9,784,51318,1,1,0.8433278203010559,1
C0_baseline,2,9,788,51322,1,1,0.9182050824165344,1
C0_baseline,2,9,789,51323,1,1,0.9136593341827393,1
C0_baseline,2,9,794,51329,1,1,0.5224422216415405,1
C0_baseline,2,9,802,51338,2,0,0.9174739122390747,1
C0_baseline,2,9,822,51363,2,0,0.17360706627368927,0
C0_baseline,2,9,825,51369,2,0,0.11214495450258255,0
C0_baseline,2,9,827,51373,2,0,0.11292442679405212,0
C0_baseline,2,9,842,51493,2,0,0.5789556503295898,1
C0_baseline,2,9,864,51580,1,1,0.9162328839302063,1
C0_baseline,2,10,11,50015,1,1,0.8672899007797241,1
C0_baseline,2,10,16,50024,1,1,0.8729047179222107,1
C0_baseline,2,10,18,50026,1,1,0.867281973361969,1
C0_baseline,2,10,33,50042,2,0,0.0848039835691452,0
C0_baseline,2,10,36,50045,2,0,0.1265655755996704,0
C0_baseline,2,10,41,50050,2,0,0.07970666885375977,0
C0_baseline,2,10,43,50052,2,0,0.24079616367816925,0
C0_baseline,2,10,54,50106,2,0,0.23784613609313965,0
C0_baseline,2,10,74,50131,1,1,0.07931719720363617,0
C0_baseline,2,10,99,50168,2,0,0.08151398599147797,0
C0_baseline,2,10,106,50186,1,1,0.8710120320320129,1
C0_baseline,2,10,109,50189,1,1,0.8733459711074829,1
C0_baseline,2,10,110,50190,1,1,0.8608059287071228,1
C0_baseline,2,10,150,50259,2,0,0.2389954775571823,0
C0_baseline,2,10,158,50267,2,0,0.08201924711465836,0
C0_baseline,2,10,188,50312,1,1,0.8616175651550293,1
C0_baseline,2,10,194,50321,1,1,0.8720901608467102,1
C0_baseline,2,10,233,50364,2,0,0.3373602330684662,0
C0_baseline,2,10,239,50370,2,0,0.07933603227138519,0
C0_baseline,2,10,245,50377,2,0,0.08057882636785507,0
C0_baseline,2,10,252,50386,2,0,0.07977214455604553,0
C0_baseline,2,10,257,50397,1,1,0.808409571647644,1
C0_baseline,2,10,263,50406,1,1,0.8731099367141724,1
C0_baseline,2,10,268,50412,1,1,0.8726697564125061,1
C0_baseline,2,10,270,50414,2,0,0.08080007880926132,0
C0_baseline,2,10,273,50417,2,0,0.08497419953346252,0
C0_baseline,2,10,294,50444,2,0,0.07967357337474823,0
C0_baseline,2,10,303,50467,2,0,0.07948528230190277,0
C0_baseline,2,10,304,50468,2,0,0.07926424592733383,0
C0_baseline,2,10,317,50491,1,1,0.6143791079521179,1
C0_baseline,2,10,324,50499,1,1,0.7165305614471436,1
C0_baseline,2,10,366,50576,2,0,0.08146118372678757,0
C0_baseline,2,10,372,50604,1,1,0.25147032737731934,0
C0_baseline,2,10,394,50648,1,1,0.1128598302602768,0
C0_baseline,2,10,430,50722,2,0,0.08253321051597595,0
C0_baseline,2,10,434,50726,2,0,0.079474538564682,0
C0_baseline,2,10,443,50740,2,0,0.07952531427145004,0
C0_baseline,2,10,459,50773,2,0,0.0805758610367775,0
C0_baseline,2,10,475,50798,1,1,0.08037009090185165,0
C0_baseline,2,10,482,50814,2,0,0.07942625135183334,0
C0_baseline,2,10,490,50824,1,1,0.08009066432714462,0
C0_baseline,2,10,494,50956,1,1,0.8714249134063721,1
C0_baseline,2,10,501,50964,1,1,0.8657981753349304,1
C0_baseline,2,10,507,50970,1,1,0.8693886995315552,1
C0_baseline,2,10,509,50973,1,1,0.8546451330184937,1
C0_baseline,2,10,512,50977,1,1,0.873241126537323,1
C0_baseline,2,10,518,50984,1,1,0.5973864197731018,1
C0_baseline,2,10,519,50985,1,1,0.8717414140701294,1
C0_baseline,2,10,523,50989,1,1,0.8691272735595703,1
C0_baseline,2,10,527,50993,1,1,0.8663157224655151,1
C0_baseline,2,10,528,50994,1,1,0.8702331781387329,1
C0_baseline,2,10,529,50995,1,1,0.8728213906288147,1
C0_baseline,2,10,533,51000,1,1,0.867748498916626,1
C0_baseline,2,10,535,51002,1,1,0.10209307074546814,0
C0_baseline,2,10,547,51016,1,1,0.8585916757583618,1
C0_baseline,2,10,549,51018,1,1,0.8720580339431763,1
C0_baseline,2,10,557,51027,1,1,0.7966413497924805,1
C0_baseline,2,10,565,51036,2,0,0.08057636022567749,0
C0_baseline,2,10,567,51039,2,0,0.08336341381072998,0
C0_baseline,2,10,573,51046,2,0,0.15660519897937775,0
C0_baseline,2,10,578,51051,2,0,0.08766797184944153,0
C0_baseline,2,10,591,51064,2,0,0.08536089211702347,0
C0_baseline,2,10,617,51091,2,0,0.07957474142313004,0
C0_baseline,2,10,618,51093,2,0,0.07992208003997803,0
C0_baseline,2,10,619,51094,2,0,0.08337406814098358,0
C0_baseline,2,10,626,51101,2,0,0.08317647874355316,0
C0_baseline,2,10,636,51112,2,0,0.08541850745677948,0
C0_baseline,2,10,641,51118,2,0,0.09657291322946548,0
C0_baseline,2,10,649,51130,2,0,0.3653590977191925,0
C0_baseline,2,10,662,51146,2,0,0.08406200259923935,0
C0_baseline,2,10,666,51150,2,0,0.08139505237340927,0
C0_baseline,2,10,692,51187,2,0,0.08037164062261581,0
C0_baseline,2,10,696,51194,2,0,0.08730212599039078,0
C0_baseline,2,10,702,51204,1,1,0.8648431301116943,1
C0_baseline,2,10,707,51210,1,1,0.8615113496780396,1
C0_baseline,2,10,758,51277,2,0,0.081475630402565,0
C0_baseline,2,10,761,51280,2,0,0.0828680470585823,0
C0_baseline,2,10,764,51292,1,1,0.867387592792511,1
C0_baseline,2,10,765,51293,1,1,0.8720846176147461,1
C0_baseline,2,10,777,51306,2,0,0.07963773608207703,0
C0_baseline,2,10,782,51313,2,0,0.08773446828126907,0
C0_baseline,2,10,796,51331,1,1,0.6476551294326782,1
C0_baseline,2,10,797,51332,2,0,0.0814381092786789,0
C0_baseline,2,10,800,51335,2,0,0.08018193393945694,0
C0_baseline,2,10,819,51360,2,0,0.07912974804639816,0
C0_baseline,2,10,850,51564,2,0,0.07921595871448517,0
C0_baseline,2,10,860,51576,1,1,0.08571071922779083,0
C1_global_pair,0,1,10,50014,1,1,0.9369511604309082,1
C1_global_pair,0,1,14,50022,1,1,0.1364370882511139,0
C1_global_pair,0,1,36,50045,2,0,0.311786949634552,0
C1_global_pair,0,1,42,50051,2,0,0.9233768582344055,1
C1_global_pair,0,1,49,50060,2,0,0.10526057332754135,0
C1_global_pair,0,1,53,50105,2,0,0.7110288143157959,1
C1_global_pair,0,1,63,50117,2,0,0.28043878078460693,0
C1_global_pair,0,1,67,50123,1,1,0.9374778270721436,1
C1_global_pair,0,1,83,50147,1,1,0.7878999710083008,1
C1_global_pair,0,1,84,50148,1,1,0.9377326965332031,1
C1_global_pair,0,1,96,50163,2,0,0.17043763399124146,0
C1_global_pair,0,1,97,50164,2,0,0.08807652443647385,0
C1_global_pair,0,1,111,50193,2,0,0.08436542749404907,0
C1_global_pair,0,1,114,50196,2,0,0.6338880062103271,1
C1_global_pair,0,1,123,50206,2,0,0.7837663292884827,1
C1_global_pair,0,1,131,50233,1,1,0.9369548559188843,1
C1_global_pair,0,1,132,50234,1,1,0.9273314476013184,1
C1_global_pair,0,1,136,50240,1,1,0.9351941347122192,1
C1_global_pair,0,1,141,50248,1,1,0.9378694295883179,1
C1_global_pair,0,1,145,50252,1,1,0.8960064649581909,1
C1_global_pair,0,1,146,50253,1,1,0.932986319065094,1
C1_global_pair,0,1,148,50255,1,1,0.9379287958145142,1
C1_global_pair,0,1,152,50261,2,0,0.9070984721183777,1
C1_global_pair,0,1,154,50263,2,0,0.0910981073975563,0
C1_global_pair,0,1,164,50273,1,1,0.9342957139015198,1
C1_global_pair,0,1,184,50302,1,1,0.9364628195762634,1
C1_global_pair,0,1,202,50333,2,0,0.09894143044948578,0
C1_global_pair,0,1,204,50335,2,0,0.08474836498498917,0
C1_global_pair,0,1,210,50341,2,0,0.08901721239089966,0
C1_global_pair,0,1,223,50354,2,0,0.09176130592823029,0
C1_global_pair,0,1,241,50373,2,0,0.35316792130470276,0
C1_global_pair,0,1,266,50410,1,1,0.9375812411308289,1
C1_global_pair,0,1,271,50415,2,0,0.09226611256599426,0
C1_global_pair,0,1,275,50419,2,0,0.08402135223150253,0
C1_global_pair,0,1,278,50424,2,0,0.08416303992271423,0
C1_global_pair,0,1,286,50436,2,0,0.7935603857040405,1
C1_global_pair,0,1,292,50442,2,0,0.09243045002222061,0
C1_global_pair,0,1,302,50466,2,0,0.08455824106931686,0
C1_global_pair,0,1,303,50467,2,0,0.5077614188194275,1
C1_global_pair,0,1,323,50498,1,1,0.9331673383712769,1
C1_global_pair,0,1,326,50501,1,1,0.9351795315742493,1
C1_global_pair,0,1,346,50529,1,1,0.9349570274353027,1
C1_global_pair,0,1,349,50532,1,1,0.9343962669372559,1
C1_global_pair,0,1,352,50555,2,0,0.08416885882616043,0
C1_global_pair,0,1,353,50557,2,0,0.08806663751602173,0
C1_global_pair,0,1,360,50570,2,0,0.09300737082958221,0
C1_global_pair,0,1,390,50628,1,1,0.9366240501403809,1
C1_global_pair,0,1,397,50656,2,0,0.2869645357131958,0
C1_global_pair,0,1,405,50686,1,1,0.9369445443153381,1
C1_global_pair,0,1,408,50689,1,1,0.9379404187202454,1
C1_global_pair,0,1,430,50722,2,0,0.08527485281229019,0
C1_global_pair,0,1,435,50728,2,0,0.8939096331596375,1
C1_global_pair,0,1,446,50743,1,1,0.9377937912940979,1
C1_global_pair,0,1,451,50750,1,1,0.9379248023033142,1
C1_global_pair,0,1,475,50798,1,1,0.09106442332267761,0
C1_global_pair,0,1,476,50799,1,1,0.9377912282943726,1
C1_global_pair,0,1,481,50812,2,0,0.08741426467895508,0
C1_global_pair,0,1,490,50824,1,1,0.4401938021183014,0
C1_global_pair,0,1,511,50976,1,1,0.9378344416618347,1
C1_global_pair,0,1,522,50988,1,1,0.9370716214179993,1
C1_global_pair,0,1,525,50991,1,1,0.8083375096321106,1
C1_global_pair,0,1,537,51006,1,1,0.9378775954246521,1
C1_global_pair,0,1,541,51010,1,1,0.8927597403526306,1
C1_global_pair,0,1,557,51027,1,1,0.9262189865112305,1
C1_global_pair,0,1,559,51029,1,1,0.9227025508880615,1
C1_global_pair,0,1,579,51052,2,0,0.0902765616774559,0
C1_global_pair,0,1,584,51057,2,0,0.09072773903608322,0
C1_global_pair,0,1,633,51109,2,0,0.08608250319957733,0
C1_global_pair,0,1,636,51112,2,0,0.09499217569828033,0
C1_global_pair,0,1,648,51129,2,0,0.08901182562112808,0
C1_global_pair,0,1,655,51136,2,0,0.3861946165561676,0
C1_global_pair,0,1,670,51154,2,0,0.08482135832309723,0
C1_global_pair,0,1,692,51187,2,0,0.08706153184175491,0
C1_global_pair,0,1,695,51192,2,0,0.0840206891298294,0
C1_global_pair,0,1,696,51194,2,0,0.9154610633850098,1
C1_global_pair,0,1,727,51234,1,1,0.934299886226654,1
C1_global_pair,0,1,732,51240,1,1,0.9369705319404602,1
C1_global_pair,0,1,762,51281,2,0,0.09504348784685135,0
C1_global_pair,0,1,765,51293,1,1,0.937504768371582,1
C1_global_pair,0,1,766,51294,1,1,0.9195453524589539,1
C1_global_pair,0,1,779,51308,2,0,0.0979037657380104,0
C1_global_pair,0,1,795,51330,1,1,0.9377260804176331,1
C1_global_pair,0,1,798,51333,2,0,0.08417409658432007,0
C1_global_pair,0,1,825,51369,2,0,0.1024412289261818,0
C1_global_pair,0,1,828,51461,1,1,0.9379499554634094,1
C1_global_pair,0,1,839,51487,2,0,0.34204888343811035,0
C1_global_pair,0,1,854,51568,2,0,0.1453954130411148,0
C1_global_pair,0,1,862,51578,1,1,0.937894344329834,1
C1_global_pair,0,2,2,50005,1,1,0.6682441234588623,1
C1_global_pair,0,2,3,50006,1,1,0.754045307636261,1
C1_global_pair,0,2,4,50007,1,1,0.7144636511802673,1
C1_global_pair,0,2,20,50028,1,1,0.7578836679458618,1
C1_global_pair,0,2,27,50036,2,0,0.19415287673473358,0
C1_global_pair,0,2,35,50044,2,0,0.194200798869133,0
C1_global_pair,0,2,45,50054,2,0,0.7524250149726868,1
C1_global_pair,0,2,57,50111,2,0,0.20414842665195465,0
C1_global_pair,0,2,61,50115,2,0,0.2008337378501892,0
C1_global_pair,0,2,69,50125,1,1,0.746629536151886,1
C1_global_pair,0,2,79,50143,1,1,0.7580848932266235,1
C1_global_pair,0,2,87,50152,1,1,0.7583028078079224,1
C1_global_pair,0,2,116,50199,2,0,0.19773989915847778,0
C1_global_pair,0,2,122,50205,2,0,0.19504135847091675,0
C1_global_pair,0,2,130,50232,1,1,0.7563869953155518,1
C1_global_pair,0,2,133,50236,1,1,0.7579944729804993,1
C1_global_pair,0,2,147,50254,1,1,0.7038658261299133,1
C1_global_pair,0,2,162,50271,2,0,0.20095539093017578,0
C1_global_pair,0,2,170,50284,1,1,0.5291983485221863,1
C1_global_pair,0,2,171,50285,1,1,0.20521895587444305,0
C1_global_pair,0,2,183,50301,1,1,0.627043604850769,1
C1_global_pair,0,2,192,50319,1,1,0.7420920729637146,1
C1_global_pair,0,2,197,50327,2,0,0.20906473696231842,0
C1_global_pair,0,2,217,50348,2,0,0.2091372013092041,0
C1_global_pair,0,2,218,50349,2,0,0.19440199434757233,0
C1_global_pair,0,2,222,50353,2,0,0.2464076429605484,0
C1_global_pair,0,2,232,50363,2,0,0.2593139111995697,0
C1_global_pair,0,2,234,50365,2,0,0.1981460154056549,0
C1_global_pair,0,2,257,50397,1,1,0.7398197650909424,1
C1_global_pair,0,2,270,50414,2,0,0.6777425408363342,1
C1_global_pair,0,2,282,50428,2,0,0.19424080848693848,0
C1_global_pair,0,2,283,50433,2,0,0.19409602880477905,0
C1_global_pair,0,2,294,50444,2,0,0.2575775682926178,0
C1_global_pair,0,2,307,50477,1,1,0.7022538781166077,1
C1_global_pair,0,2,316,50490,1,1,0.7380220890045166,1
C1_global_pair,0,2,357,50565,2,0,0.27934548258781433,0
C1_global_pair,0,2,363,50573,2,0,0.20314429700374603,0
C1_global_pair,0,2,364,50574,2,0,0.24502870440483093,0
C1_global_pair,0,2,372,50604,1,1,0.7540343403816223,1
C1_global_pair,0,2,381,50619,1,1,0.7582524418830872,1
C1_global_pair,0,2,385,50623,1,1,0.7235416769981384,1
C1_global_pair,0,2,394,50648,1,1,0.21625761687755585,0
C1_global_pair,0,2,399,50664,2,0,0.1950744241476059,0
C1_global_pair,0,2,407,50688,2,0,0.2570968270301819,0
C1_global_pair,0,2,410,50691,2,0,0.19524306058883667,0
C1_global_pair,0,2,417,50698,2,0,0.35460230708122253,0
C1_global_pair,0,2,426,50707,2,0,0.1944003403186798,0
C1_global_pair,0,2,450,50749,1,1,0.7420729994773865,1
C1_global_pair,0,2,453,50752,1,1,0.7030997276306152,1
C1_global_pair,0,2,462,50776,2,0,0.19575569033622742,0
C1_global_pair,0,2,465,50780,2,0,0.23338913917541504,0
C1_global_pair,0,2,478,50801,1,1,0.750005841255188,1
C1_global_pair,0,2,489,50823,1,1,0.7512430548667908,1
C1_global_pair,0,2,513,50978,1,1,0.7576068043708801,1
C1_global_pair,0,2,528,50994,1,1,0.758292555809021,1
C1_global_pair,0,2,535,51002,1,1,0.7234199047088623,1
C1_global_pair,0,2,543,51012,1,1,0.7346396446228027,1
C1_global_pair,0,2,544,51013,1,1,0.3755406439304352,0
C1_global_pair,0,2,546,51015,1,1,0.27517157793045044,0
C1_global_pair,0,2,553,51023,1,1,0.7572908401489258,1
C1_global_pair,0,2,558,51028,1,1,0.75836580991745,1
C1_global_pair,0,2,568,51040,2,0,0.19419759511947632,0
C1_global_pair,0,2,572,51045,2,0,0.20301927626132965,0
C1_global_pair,0,2,585,51058,2,0,0.19604645669460297,0
C1_global_pair,0,2,592,51065,2,0,0.19658683240413666,0
C1_global_pair,0,2,596,51069,2,0,0.19562411308288574,0
C1_global_pair,0,2,612,51086,2,0,0.19463734328746796,0
C1_global_pair,0,2,629,51104,2,0,0.19500872492790222,0
C1_global_pair,0,2,642,51122,2,0,0.19523759186267853,0
C1_global_pair,0,2,645,51126,2,0,0.19983656704425812,0
C1_global_pair,0,2,646,51127,2,0,0.6173346638679504,1
C1_global_pair,0,2,651,51132,2,0,0.1941683441400528,0
C1_global_pair,0,2,681,51171,1,1,0.7116010785102844,1
C1_global_pair,0,2,683,51177,1,1,0.7397589683532715,1
C1_global_pair,0,2,690,51184,2,0,0.4264262318611145,0
C1_global_pair,0,2,691,51185,2,0,0.688290536403656,1
C1_global_pair,0,2,718,51222,1,1,0.20925691723823547,0
C1_global_pair,0,2,722,51226,1,1,0.2021261304616928,0
C1_global_pair,0,2,728,51235,1,1,0.758396327495575,1
C1_global_pair,0,2,742,51256,2,0,0.19437751173973083,0
C1_global_pair,0,2,753,51271,2,0,0.20656020939350128,0
C1_global_pair,0,2,793,51328,1,1,0.7578784227371216,1
C1_global_pair,0,2,820,51361,2,0,0.19737984240055084,0
C1_global_pair,0,2,824,51365,2,0,0.20485398173332214,0
C1_global_pair,0,2,832,51473,1,1,0.452382892370224,0
C1_global_pair,0,2,840,51488,2,0,0.21219906210899353,0
C1_global_pair,0,2,869,51606,1,1,0.20700596272945404,0
C1_global_pair,0,3,21,50030,2,0,0.7272916436195374,1
C1_global_pair,0,3,32,50041,2,0,0.10184313356876373,0
C1_global_pair,0,3,34,50043,2,0,0.15472255647182465,0
C1_global_pair,0,3,37,50046,2,0,0.1044793352484703,0
C1_global_pair,0,3,70,50127,1,1,0.1856643110513687,0
C1_global_pair,0,3,74,50131,1,1,0.5575067400932312,1
C1_global_pair,0,3,86,50150,1,1,0.7707265615463257,1
C1_global_pair,0,3,100,50169,2,0,0.16542935371398926,0
C1_global_pair,0,3,119,50202,2,0,0.10453836619853973,0
C1_global_pair,0,3,151,50260,2,0,0.10126006603240967,0
C1_global_pair,0,3,159,50268,2,0,0.12054771929979324,0
C1_global_pair,0,3,160,50269,2,0,0.32664522528648376,0
C1_global_pair,0,3,163,50272,1,1,0.8776107430458069,1
C1_global_pair,0,3,181,50298,1,1,0.4565044939517975,0
C1_global_pair,0,3,187,50310,1,1,0.7195512056350708,1
C1_global_pair,0,3,207,50338,2,0,0.1016126498579979,0
C1_global_pair,0,3,258,50399,1,1,0.29001450538635254,0
C1_global_pair,0,3,262,50405,1,1,0.8757436275482178,1
C1_global_pair,0,3,264,50407,1,1,0.8771362900733948,1
C1_global_pair,0,3,284,50434,2,0,0.10126692056655884,0
C1_global_pair,0,3,287,50437,2,0,0.8770591020584106,1
C1_global_pair,0,3,297,50447,2,0,0.6249407529830933,1
C1_global_pair,0,3,310,50482,1,1,0.8777515888214111,1
C1_global_pair,0,3,319,50493,1,1,0.8730170726776123,1
C1_global_pair,0,3,327,50502,1,1,0.8773768544197083,1
C1_global_pair,0,3,329,50504,1,1,0.8716400265693665,1
C1_global_pair,0,3,333,50514,1,1,0.743791937828064,1
C1_global_pair,0,3,335,50516,1,1,0.8657123446464539,1
C1_global_pair,0,3,337,50519,1,1,0.8740004301071167,1
C1_global_pair,0,3,368,50578,2,0,0.7580448985099792,1
C1_global_pair,0,3,370,50602,1,1,0.8710144758224487,1
C1_global_pair,0,3,371,50603,1,1,0.8778318762779236,1
C1_global_pair,0,3,379,50615,1,1,0.8777242302894592,1
C1_global_pair,0,3,411,50692,2,0,0.10194375365972519,0
C1_global_pair,0,3,425,50706,2,0,0.10405595600605011,0
C1_global_pair,0,3,434,50726,2,0,0.10483238101005554,0
C1_global_pair,0,3,439,50735,2,0,0.10391593724489212,0
C1_global_pair,0,3,444,50741,2,0,0.1451364904642105,0
C1_global_pair,0,3,456,50756,1,1,0.8724820613861084,1
C1_global_pair,0,3,457,50757,1,1,0.5401704907417297,1
C1_global_pair,0,3,497,50959,1,1,0.4365873336791992,0
C1_global_pair,0,3,499,50961,1,1,0.6194507479667664,1
C1_global_pair,0,3,502,50965,1,1,0.8768641948699951,1
C1_global_pair,0,3,507,50970,1,1,0.8763424754142761,1
C1_global_pair,0,3,514,50979,1,1,0.7428932785987854,1
C1_global_pair,0,3,539,51008,1,1,0.11153438687324524,0
C1_global_pair,0,3,562,51033,1,1,0.8567838668823242,1
C1_global_pair,0,3,576,51049,2,0,0.10407382249832153,0
C1_global_pair,0,3,589,51062,2,0,0.10642492771148682,0
C1_global_pair,0,3,605,51079,2,0,0.8660703897476196,1
C1_global_pair,0,3,622,51097,2,0,0.10838408023118973,0
C1_global_pair,0,3,626,51101,2,0,0.1013900563120842,0
C1_global_pair,0,3,640,51117,2,0,0.22407464683055878,0
C1_global_pair,0,3,661,51142,2,0,0.1020873561501503,0
C1_global_pair,0,3,662,51146,2,0,0.10233601927757263,0
C1_global_pair,0,3,669,51153,2,0,0.10186860710382462,0
C1_global_pair,0,3,676,51163,1,1,0.3956884443759918,0
C1_global_pair,0,3,678,51168,1,1,0.3532867729663849,0
C1_global_pair,0,3,686,51180,2,0,0.10334078222513199,0
C1_global_pair,0,3,688,51182,2,0,0.10117314755916595,0
C1_global_pair,0,3,709,51212,1,1,0.8661302924156189,1
C1_global_pair,0,3,710,51214,1,1,0.8778314590454102,1
C1_global_pair,0,3,713,51217,1,1,0.10225004702806473,0
C1_global_pair,0,3,714,51218,1,1,0.8636088967323303,1
C1_global_pair,0,3,716,51220,1,1,0.8711027503013611,1
C1_global_pair,0,3,723,51228,1,1,0.8758845329284668,1
C1_global_pair,0,3,737,51251,2,0,0.42591434717178345,0
C1_global_pair,0,3,739,51253,2,0,0.10453604906797409,0
C1_global_pair,0,3,745,51261,2,0,0.10267038643360138,0
C1_global_pair,0,3,747,51264,2,0,0.10842737555503845,0
C1_global_pair,0,3,754,51272,2,0,0.18278919160366058,0
C1_global_pair,0,3,755,51273,2,0,0.6156219840049744,1
C1_global_pair,0,3,756,51275,2,0,0.10232672095298767,0
C1_global_pair,0,3,780,51309,2,0,0.8778344392776489,1
C1_global_pair,0,3,786,51320,1,1,0.8742889165878296,1
C1_global_pair,0,3,791,51326,1,1,0.5575075149536133,1
C1_global_pair,0,3,800,51335,2,0,0.14057856798171997,0
C1_global_pair,0,3,806,51342,2,0,0.17124778032302856,0
C1_global_pair,0,3,819,51360,2,0,0.10516124218702316,0
C1_global_pair,0,3,831,51465,1,1,0.8778287768363953,1
C1_global_pair,0,3,834,51479,2,0,0.10216527432203293,0
C1_global_pair,0,3,836,51481,2,0,0.12141980975866318,0
C1_global_pair,0,3,842,51493,2,0,0.2601315379142761,0
C1_global_pair,0,3,852,51566,2,0,0.1040530800819397,0
C1_global_pair,0,3,853,51567,2,0,0.10848640650510788,0
C1_global_pair,0,3,857,51572,1,1,0.8768988251686096,1
C1_global_pair,0,3,868,51585,1,1,0.8735347390174866,1
C1_global_pair,0,4,8,50012,1,1,0.4470214247703552,0
C1_global_pair,0,4,13,50020,1,1,0.8834521770477295,1
C1_global_pair,0,4,17,50025,1,1,0.8024370670318604,1
C1_global_pair,0,4,29,50038,2,0,0.09869690239429474,0
C1_global_pair,0,4,33,50042,2,0,0.10281135886907578,0
C1_global_pair,0,4,43,50052,2,0,0.10295941680669785,0
C1_global_pair,0,4,46,50056,1,1,0.8850820660591125,1
C1_global_pair,0,4,55,50107,2,0,0.110101617872715,0
C1_global_pair,0,4,56,50109,2,0,0.10634703189134598,0
C1_global_pair,0,4,58,50112,2,0,0.09951957315206528,0
C1_global_pair,0,4,66,50121,1,1,0.8829361796379089,1
C1_global_pair,0,4,72,50129,1,1,0.8846836090087891,1
C1_global_pair,0,4,88,50153,1,1,0.4169459640979767,0
C1_global_pair,0,4,99,50168,2,0,0.10288349539041519,0
C1_global_pair,0,4,103,50182,1,1,0.8763845562934875,1
C1_global_pair,0,4,106,50186,1,1,0.7439768314361572,1
C1_global_pair,0,4,109,50189,1,1,0.878859281539917,1
C1_global_pair,0,4,113,50195,2,0,0.09880567342042923,0
C1_global_pair,0,4,126,50213,2,0,0.09882023930549622,0
C1_global_pair,0,4,135,50239,1,1,0.8765530586242676,1
C1_global_pair,0,4,144,50251,1,1,0.15704157948493958,0
C1_global_pair,0,4,158,50267,2,0,0.09882230311632156,0
C1_global_pair,0,4,172,50287,1,1,0.10254538059234619,0
C1_global_pair,0,4,175,50291,1,1,0.2574005424976349,0
C1_global_pair,0,4,200,50331,2,0,0.09905994683504105,0
C1_global_pair,0,4,211,50342,2,0,0.10438870638608932,0
C1_global_pair,0,4,230,50361,2,0,0.10164036601781845,0
C1_global_pair,0,4,231,50362,2,0,0.09812910854816437,0
C1_global_pair,0,4,236,50367,2,0,0.09821667522192001,0
C1_global_pair,0,4,243,50375,2,0,0.09969490021467209,0
C1_global_pair,0,4,244,50376,2,0,0.10236693918704987,0
C1_global_pair,0,4,263,50406,1,1,0.8816192746162415,1
C1_global_pair,0,4,280,50426,2,0,0.09868497401475906,0
C1_global_pair,0,4,288,50438,2,0,0.09806231409311295,0
C1_global_pair,0,4,306,50470,2,0,0.12105687707662582,0
C1_global_pair,0,4,328,50503,1,1,0.8709307312965393,1
C1_global_pair,0,4,339,50521,1,1,0.7041702270507812,1
C1_global_pair,0,4,341,50524,1,1,0.87735515832901,1
C1_global_pair,0,4,345,50528,1,1,0.8808910250663757,1
C1_global_pair,0,4,348,50531,1,1,0.5105647444725037,1
C1_global_pair,0,4,351,50552,2,0,0.1924169510602951,0
C1_global_pair,0,4,386,50624,1,1,0.8849349021911621,1
C1_global_pair,0,4,412,50693,1,1,0.17337751388549805,0
C1_global_pair,0,4,416,50697,1,1,0.7713016867637634,1
C1_global_pair,0,4,436,50730,2,0,0.10060201585292816,0
C1_global_pair,0,4,441,50738,2,0,0.10098288208246231,0
C1_global_pair,0,4,445,50742,2,0,0.09879540652036667,0
C1_global_pair,0,4,455,50755,1,1,0.8830904960632324,1
C1_global_pair,0,4,460,50774,2,0,0.09951238334178925,0
C1_global_pair,0,4,461,50775,2,0,0.09963759034872055,0
C1_global_pair,0,4,467,50782,2,0,0.09862179309129715,0
C1_global_pair,0,4,496,50958,1,1,0.8218883275985718,1
C1_global_pair,0,4,498,50960,1,1,0.2688039243221283,0
C1_global_pair,0,4,508,50972,1,1,0.8850304484367371,1
C1_global_pair,0,4,509,50973,1,1,0.8289616703987122,1
C1_global_pair,0,4,510,50974,1,1,0.8805410265922546,1
C1_global_pair,0,4,516,50982,1,1,0.10252484679222107,0
C1_global_pair,0,4,527,50993,1,1,0.877387285232544,1
C1_global_pair,0,4,551,51020,1,1,0.5988934636116028,1
C1_global_pair,0,4,555,51025,1,1,0.8847689628601074,1
C1_global_pair,0,4,566,51038,2,0,0.09808043390512466,0
C1_global_pair,0,4,577,51050,2,0,0.0992337092757225,0
C1_global_pair,0,4,586,51059,2,0,0.10431841760873795,0
C1_global_pair,0,4,599,51073,2,0,0.09895902872085571,0
C1_global_pair,0,4,606,51080,2,0,0.8476750254631042,1
C1_global_pair,0,4,607,51081,2,0,0.10429156571626663,0
C1_global_pair,0,4,616,51090,2,0,0.10065808892250061,0
C1_global_pair,0,4,619,51094,2,0,0.1057298332452774,0
C1_global_pair,0,4,631,51106,2,0,0.10182198882102966,0
C1_global_pair,0,4,632,51107,2,0,0.5286516547203064,1
C1_global_pair,0,4,657,51138,2,0,0.10395689308643341,0
C1_global_pair,0,4,658,51139,2,0,0.09920813888311386,0
C1_global_pair,0,4,664,51148,2,0,0.10432618111371994,0
C1_global_pair,0,4,665,51149,2,0,0.09817200154066086,0
C1_global_pair,0,4,693,51188,2,0,0.10377810150384903,0
C1_global_pair,0,4,697,51197,2,0,0.09832610934972763,0
C1_global_pair,0,4,698,51198,2,0,0.10268483310937881,0
C1_global_pair,0,4,700,51202,1,1,0.8791486620903015,1
C1_global_pair,0,4,701,51203,1,1,0.8843663930892944,1
C1_global_pair,0,4,703,51205,1,1,0.8830373883247375,1
C1_global_pair,0,4,730,51237,1,1,0.8788899183273315,1
C1_global_pair,0,4,735,51249,1,1,0.8834460377693176,1
C1_global_pair,0,4,767,51295,1,1,0.8769345879554749,1
C1_global_pair,0,4,772,51301,1,1,0.12082783877849579,0
C1_global_pair,0,4,776,51305,2,0,0.34267598390579224,0
C1_global_pair,0,4,845,51558,2,0,0.09818808734416962,0
C1_global_pair,0,4,851,51565,2,0,0.14287902414798737,0
C1_global_pair,0,5,0,50003,1,1,0.07304736226797104,0
C1_global_pair,0,5,6,50010,1,1,0.9359195828437805,1
C1_global_pair,0,5,18,50026,1,1,0.8478877544403076,1
C1_global_pair,0,5,19,50027,1,1,0.053869299590587616,0
C1_global_pair,0,5,50,50102,2,0,0.053502243012189865,0
C1_global_pair,0,5,64,50118,1,1,0.9319406151771545,1
C1_global_pair,0,5,77,50135,1,1,0.9359012842178345,1
C1_global_pair,0,5,78,50142,1,1,0.9351295828819275,1
C1_global_pair,0,5,81,50145,1,1,0.05372099205851555,0
C1_global_pair,0,5,98,50167,2,0,0.054913900792598724,0
C1_global_pair,0,5,112,50194,2,0,0.053480103611946106,0
C1_global_pair,0,5,125,50210,2,0,0.07956994324922562,0
C1_global_pair,0,5,128,50215,2,0,0.09519065916538239,0
C1_global_pair,0,5,142,50249,1,1,0.934895932674408,1
C1_global_pair,0,5,143,50250,1,1,0.053732484579086304,0
C1_global_pair,0,5,157,50266,2,0,0.054200854152441025,0
C1_global_pair,0,5,161,50270,2,0,0.05427086353302002,0
C1_global_pair,0,5,167,50276,1,1,0.9339156746864319,1
C1_global_pair,0,5,198,50329,2,0,0.05531901866197586,0
C1_global_pair,0,5,205,50336,2,0,0.05441008508205414,0
C1_global_pair,0,5,220,50351,2,0,0.055252715945243835,0
C1_global_pair,0,5,221,50352,2,0,0.056208107620477676,0
C1_global_pair,0,5,226,50357,2,0,0.05457058176398277,0
C1_global_pair,0,5,227,50358,2,0,0.3347316384315491,0
C1_global_pair,0,5,249,50382,2,0,0.05456466227769852,0
C1_global_pair,0,5,250,50383,2,0,0.053411662578582764,0
C1_global_pair,0,5,267,50411,1,1,0.9339232444763184,1
C1_global_pair,0,5,277,50422,2,0,0.17141254246234894,0
C1_global_pair,0,5,305,50469,2,0,0.05449232831597328,0
C1_global_pair,0,5,318,50492,1,1,0.9358286261558533,1
C1_global_pair,0,5,321,50496,1,1,0.9357513189315796,1
C1_global_pair,0,5,336,50518,1,1,0.9359273314476013,1
C1_global_pair,0,5,367,50577,2,0,0.0537455677986145,0
C1_global_pair,0,5,373,50606,1,1,0.9359725117683411,1
C1_global_pair,0,5,383,50621,1,1,0.9304766654968262,1
C1_global_pair,0,5,391,50642,1,1,0.8705266714096069,1
C1_global_pair,0,5,433,50725,2,0,0.05386577919125557,0
C1_global_pair,0,5,469,50786,2,0,0.055511847138404846,0
C1_global_pair,0,5,471,50791,1,1,0.6985634565353394,1
C1_global_pair,0,5,500,50962,1,1,0.8126775622367859,1
C1_global_pair,0,5,504,50967,1,1,0.935404896736145,1
C1_global_pair,0,5,529,50995,1,1,0.9331152439117432,1
C1_global_pair,0,5,533,51000,1,1,0.935725748538971,1
C1_global_pair,0,5,556,51026,1,1,0.9353071451187134,1
C1_global_pair,0,5,560,51030,1,1,0.9358962178230286,1
C1_global_pair,0,5,567,51039,2,0,0.05446301028132439,0
C1_global_pair,0,5,570,51042,2,0,0.05445597320795059,0
C1_global_pair,0,5,574,51047,2,0,0.0539691336452961,0
C1_global_pair,0,5,597,51070,2,0,0.05585034191608429,0
C1_global_pair,0,5,601,51075,2,0,0.05680789798498154,0
C1_global_pair,0,5,621,51096,2,0,0.055668905377388,0
C1_global_pair,0,5,624,51099,2,0,0.054843585938215256,0
C1_global_pair,0,5,625,51100,2,0,0.054513443261384964,0
C1_global_pair,0,5,628,51103,2,0,0.053984832018613815,0
C1_global_pair,0,5,643,51123,2,0,0.05386633053421974,0
C1_global_pair,0,5,647,51128,2,0,0.054436877369880676,0
C1_global_pair,0,5,650,51131,2,0,0.055906910449266434,0
C1_global_pair,0,5,654,51135,2,0,0.05350566282868385,0
C1_global_pair,0,5,656,51137,2,0,0.05441921576857567,0
C1_global_pair,0,5,659,51140,2,0,0.05408608168363571,0
C1_global_pair,0,5,671,51155,2,0,0.05486467108130455,0
C1_global_pair,0,5,674,51161,1,1,0.9353424906730652,1
C1_global_pair,0,5,680,51170,1,1,0.06005086004734039,0
C1_global_pair,0,5,702,51204,1,1,0.9318636059761047,1
C1_global_pair,0,5,733,51241,1,1,0.9359003901481628,1
C1_global_pair,0,5,734,51248,1,1,0.9349668025970459,1
C1_global_pair,0,5,741,51255,2,0,0.05357278138399124,0
C1_global_pair,0,5,748,51265,2,0,0.053511276841163635,0
C1_global_pair,0,5,749,51266,2,0,0.933070182800293,1
C1_global_pair,0,5,757,51276,2,0,0.053867653012275696,0
C1_global_pair,0,5,758,51277,2,0,0.05397779494524002,0
C1_global_pair,0,5,761,51280,2,0,0.05421702191233635,0
C1_global_pair,0,5,764,51292,1,1,0.9326017498970032,1
C1_global_pair,0,5,768,51297,1,1,0.9356825351715088,1
C1_global_pair,0,5,785,51319,1,1,0.9342886805534363,1
C1_global_pair,0,5,789,51323,1,1,0.932278573513031,1
C1_global_pair,0,5,796,51331,1,1,0.9359884262084961,1
C1_global_pair,0,5,797,51332,2,0,0.05426904931664467,0
C1_global_pair,0,5,804,51340,2,0,0.05565636232495308,0
C1_global_pair,0,5,807,51343,2,0,0.05528928339481354,0
C1_global_pair,0,5,808,51344,2,0,0.05532943829894066,0
C1_global_pair,0,5,814,51351,1,1,0.19239746034145355,0
C1_global_pair,0,5,829,51463,1,1,0.7745345830917358,1
C1_global_pair,0,5,846,51559,2,0,0.053407054394483566,0
C1_global_pair,0,5,864,51580,1,1,0.6017147898674011,1
C1_global_pair,0,5,867,51584,1,1,0.9357759356498718,1
C1_global_pair,0,5,870,51607,1,1,0.2624785602092743,0
C1_global_pair,0,6,7,50011,1,1,0.8997355699539185,1
C1_global_pair,0,6,12,50016,1,1,0.903511106967926,1
C1_global_pair,0,6,22,50031,2,0,0.06786476820707321,0
C1_global_pair,0,6,25,50034,2,0,0.0673341229557991,0
C1_global_pair,0,6,28,50037,2,0,0.0670197382569313,0
C1_global_pair,0,6,30,50039,2,0,0.5416505336761475,1
C1_global_pair,0,6,31,50040,2,0,0.073619544506073,0
C1_global_pair,0,6,38,50047,2,0,0.1684548705816269,0
C1_global_pair,0,6,51,50103,2,0,0.1938711255788803,0
C1_global_pair,0,6,60,50114,2,0,0.06962089985609055,0
C1_global_pair,0,6,68,50124,1,1,0.6728898286819458,1
C1_global_pair,0,6,71,50128,1,1,0.903648316860199,1
C1_global_pair,0,6,76,50134,1,1,0.8105451464653015,1
C1_global_pair,0,6,102,50171,2,0,0.06743289530277252,0
C1_global_pair,0,6,110,50190,1,1,0.7799871563911438,1
C1_global_pair,0,6,129,50217,2,0,0.06961875408887863,0
C1_global_pair,0,6,137,50241,1,1,0.9034186601638794,1
C1_global_pair,0,6,150,50259,2,0,0.09966588765382767,0
C1_global_pair,0,6,174,50290,1,1,0.9012323021888733,1
C1_global_pair,0,6,176,50292,1,1,0.903727650642395,1
C1_global_pair,0,6,179,50295,1,1,0.9052215814590454,1
C1_global_pair,0,6,188,50312,1,1,0.8371986746788025,1
C1_global_pair,0,6,194,50321,1,1,0.9024360775947571,1
C1_global_pair,0,6,209,50340,2,0,0.06781399995088577,0
C1_global_pair,0,6,212,50343,2,0,0.532486617565155,1
C1_global_pair,0,6,213,50344,2,0,0.06977229565382004,0
C1_global_pair,0,6,215,50346,2,0,0.06759553402662277,0
C1_global_pair,0,6,225,50356,2,0,0.07138186693191528,0
C1_global_pair,0,6,240,50372,2,0,0.06960561126470566,0
C1_global_pair,0,6,247,50380,2,0,0.09869231283664703,0
C1_global_pair,0,6,252,50386,2,0,0.06805304437875748,0
C1_global_pair,0,6,253,50387,2,0,0.07022307813167572,0
C1_global_pair,0,6,255,50390,2,0,0.1461760401725769,0
C1_global_pair,0,6,268,50412,1,1,0.9048780798912048,1
C1_global_pair,0,6,279,50425,2,0,0.06863463670015335,0
C1_global_pair,0,6,281,50427,2,0,0.06977460533380508,0
C1_global_pair,0,6,308,50480,1,1,0.9051637649536133,1
C1_global_pair,0,6,309,50481,1,1,0.9037284255027771,1
C1_global_pair,0,6,315,50488,1,1,0.9042544364929199,1
C1_global_pair,0,6,332,50510,1,1,0.9023926854133606,1
C1_global_pair,0,6,338,50520,1,1,0.9039954543113708,1
C1_global_pair,0,6,342,50525,1,1,0.7633832693099976,1
C1_global_pair,0,6,355,50561,2,0,0.0677836611866951,0
C1_global_pair,0,6,358,50568,2,0,0.09318458288908005,0
C1_global_pair,0,6,361,50571,2,0,0.3198826014995575,0
C1_global_pair,0,6,369,50601,1,1,0.21007749438285828,0
C1_global_pair,0,6,377,50613,1,1,0.9019805192947388,1
C1_global_pair,0,6,389,50627,1,1,0.9050781726837158,1
C1_global_pair,0,6,403,50683,2,0,0.06860116869211197,0
C1_global_pair,0,6,409,50690,1,1,0.06749416142702103,0
C1_global_pair,0,6,413,50694,1,1,0.9000935554504395,1
C1_global_pair,0,6,415,50696,1,1,0.905196487903595,1
C1_global_pair,0,6,419,50700,1,1,0.9036105275154114,1
C1_global_pair,0,6,422,50703,2,0,0.06778309494256973,0
C1_global_pair,0,6,437,50731,2,0,0.06760655343532562,0
C1_global_pair,0,6,438,50733,2,0,0.07765992730855942,0
C1_global_pair,0,6,443,50740,2,0,0.0689949169754982,0
C1_global_pair,0,6,447,50744,1,1,0.5184427499771118,1
C1_global_pair,0,6,449,50748,1,1,0.7868537902832031,1
C1_global_pair,0,6,470,50790,2,0,0.06752469390630722,0
C1_global_pair,0,6,488,50822,2,0,0.06707576662302017,0
C1_global_pair,0,6,492,50954,1,1,0.06732625514268875,0
C1_global_pair,0,6,495,50957,1,1,0.803928554058075,1
C1_global_pair,0,6,505,50968,1,1,0.9006452560424805,1
C1_global_pair,0,6,517,50983,1,1,0.8960444927215576,1
C1_global_pair,0,6,523,50989,1,1,0.9015824794769287,1
C1_global_pair,0,6,547,51016,1,1,0.9007509350776672,1
C1_global_pair,0,6,552,51021,1,1,0.9017989039421082,1
C1_global_pair,0,6,580,51053,2,0,0.0742642879486084,0
C1_global_pair,0,6,581,51054,2,0,0.0696118026971817,0
C1_global_pair,0,6,582,51055,2,0,0.06862202286720276,0
C1_global_pair,0,6,600,51074,2,0,0.2462874799966812,0
C1_global_pair,0,6,615,51089,2,0,0.07235586643218994,0
C1_global_pair,0,6,634,51110,2,0,0.07068507373332977,0
C1_global_pair,0,6,663,51147,2,0,0.06773848831653595,0
C1_global_pair,0,6,684,51178,1,1,0.903397262096405,1
C1_global_pair,0,6,699,51201,1,1,0.567817747592926,1
C1_global_pair,0,6,708,51211,1,1,0.07111561298370361,0
C1_global_pair,0,6,740,51254,2,0,0.06741562485694885,0
C1_global_pair,0,6,752,51269,2,0,0.06976860016584396,0
C1_global_pair,0,6,760,51279,2,0,0.06703691929578781,0
C1_global_pair,0,6,811,51347,2,0,0.06803101301193237,0
C1_global_pair,0,6,821,51362,2,0,0.0692916288971901,0
C1_global_pair,0,6,833,51477,2,0,0.06863588094711304,0
C1_global_pair,0,6,843,51556,2,0,0.06751959025859833,0
C1_global_pair,0,6,859,51574,1,1,0.9034538865089417,1
C1_global_pair,0,6,861,51577,1,1,0.8243255615234375,1
C1_global_pair,0,7,16,50024,1,1,0.8780802488327026,1
C1_global_pair,0,7,26,50035,2,0,0.20492002367973328,0
C1_global_pair,0,7,40,50049,2,0,0.17971429228782654,0
C1_global_pair,0,7,54,50106,2,0,0.8620836138725281,1
C1_global_pair,0,7,80,50144,1,1,0.8742455244064331,1
C1_global_pair,0,7,82,50146,1,1,0.179416686296463,0
C1_global_pair,0,7,90,50157,2,0,0.5924851894378662,1
C1_global_pair,0,7,91,50158,2,0,0.17876289784908295,0
C1_global_pair,0,7,95,50162,2,0,0.3217804729938507,0
C1_global_pair,0,7,104,50183,1,1,0.8783484697341919,1
C1_global_pair,0,7,153,50262,2,0,0.23963814973831177,0
C1_global_pair,0,7,156,50265,2,0,0.2177119106054306,0
C1_global_pair,0,7,165,50274,1,1,0.8785287737846375,1
C1_global_pair,0,7,166,50275,1,1,0.8780756592750549,1
C1_global_pair,0,7,169,50282,1,1,0.8518868088722229,1
C1_global_pair,0,7,178,50294,1,1,0.8762691020965576,1
C1_global_pair,0,7,189,50314,1,1,0.8779667019844055,1
C1_global_pair,0,7,190,50315,1,1,0.8795769214630127,1
C1_global_pair,0,7,191,50318,1,1,0.5755469799041748,1
C1_global_pair,0,7,208,50339,2,0,0.17885348200798035,0
C1_global_pair,0,7,214,50345,2,0,0.2542770504951477,0
C1_global_pair,0,7,224,50355,2,0,0.2690674960613251,0
C1_global_pair,0,7,233,50364,2,0,0.37721097469329834,0
C1_global_pair,0,7,245,50377,2,0,0.18585309386253357,0
C1_global_pair,0,7,246,50379,2,0,0.19181756675243378,0
C1_global_pair,0,7,251,50385,2,0,0.8473798632621765,1
C1_global_pair,0,7,261,50404,1,1,0.8794661164283752,1
C1_global_pair,0,7,276,50421,2,0,0.1813155859708786,0
C1_global_pair,0,7,285,50435,2,0,0.19041256606578827,0
C1_global_pair,0,7,289,50439,2,0,0.21865203976631165,0
C1_global_pair,0,7,296,50446,2,0,0.2187468409538269,0
C1_global_pair,0,7,298,50448,2,0,0.6971340775489807,1
C1_global_pair,0,7,304,50468,2,0,0.2756515145301819,0
C1_global_pair,0,7,314,50487,1,1,0.8791807293891907,1
C1_global_pair,0,7,325,50500,1,1,0.8794795274734497,1
C1_global_pair,0,7,350,50551,2,0,0.19574019312858582,0
C1_global_pair,0,7,398,50659,2,0,0.4206887483596802,0
C1_global_pair,0,7,420,50701,2,0,0.20880436897277832,0
C1_global_pair,0,7,423,50704,1,1,0.6848351359367371,1
C1_global_pair,0,7,424,50705,1,1,0.7800368666648865,1
C1_global_pair,0,7,428,50709,2,0,0.22459746897220612,0
C1_global_pair,0,7,452,50751,1,1,0.8476110100746155,1
C1_global_pair,0,7,459,50773,2,0,0.20640943944454193,0
C1_global_pair,0,7,474,50797,1,1,0.8714811205863953,1
C1_global_pair,0,7,479,50803,1,1,0.8694579005241394,1
C1_global_pair,0,7,480,50807,1,1,0.8776538968086243,1
C1_global_pair,0,7,484,50817,2,0,0.17923809587955475,0
C1_global_pair,0,7,485,50818,2,0,0.1886211633682251,0
C1_global_pair,0,7,487,50821,2,0,0.1787961721420288,0
C1_global_pair,0,7,494,50956,1,1,0.8753747940063477,1
C1_global_pair,0,7,512,50977,1,1,0.8794609904289246,1
C1_global_pair,0,7,515,50981,1,1,0.8677209615707397,1
C1_global_pair,0,7,518,50984,1,1,0.875805675983429,1
C1_global_pair,0,7,520,50986,1,1,0.8385593295097351,1
C1_global_pair,0,7,526,50992,1,1,0.8764995336532593,1
C1_global_pair,0,7,536,51003,1,1,0.8792237639427185,1
C1_global_pair,0,7,540,51009,1,1,0.8766094446182251,1
C1_global_pair,0,7,545,51014,1,1,0.8783528804779053,1
C1_global_pair,0,7,578,51051,2,0,0.1807553768157959,0
C1_global_pair,0,7,590,51063,2,0,0.18260416388511658,0
C1_global_pair,0,7,603,51077,2,0,0.6759628653526306,1
C1_global_pair,0,7,617,51091,2,0,0.20812954008579254,0
C1_global_pair,0,7,630,51105,2,0,0.18212412297725677,0
C1_global_pair,0,7,641,51118,2,0,0.7111872434616089,1
C1_global_pair,0,7,644,51124,2,0,0.1792057305574417,0
C1_global_pair,0,7,666,51150,2,0,0.18738482892513275,0
C1_global_pair,0,7,667,51151,2,0,0.2212306559085846,0
C1_global_pair,0,7,672,51156,2,0,0.1788318008184433,0
C1_global_pair,0,7,675,51162,1,1,0.879561722278595,1
C1_global_pair,0,7,685,51179,1,1,0.8778800964355469,1
C1_global_pair,0,7,706,51208,1,1,0.7759382128715515,1
C1_global_pair,0,7,715,51219,1,1,0.8776036500930786,1
C1_global_pair,0,7,720,51224,1,1,0.8452515006065369,1
C1_global_pair,0,7,725,51230,1,1,0.8789441585540771,1
C1_global_pair,0,7,746,51262,2,0,0.22852998971939087,0
C1_global_pair,0,7,763,51291,1,1,0.8766725659370422,1
C1_global_pair,0,7,775,51304,2,0,0.2450777292251587,0
C1_global_pair,0,7,781,51311,2,0,0.19568203389644623,0
C1_global_pair,0,7,790,51325,1,1,0.8769787549972534,1
C1_global_pair,0,7,792,51327,1,1,0.8795786499977112,1
C1_global_pair,0,7,799,51334,2,0,0.18864677846431732,0
C1_global_pair,0,7,803,51339,2,0,0.17951008677482605,0
C1_global_pair,0,7,837,51482,2,0,0.1807449460029602,0
C1_global_pair,0,7,838,51484,2,0,0.40340885519981384,0
C1_global_pair,0,7,841,51491,2,0,0.17950160801410675,0
C1_global_pair,0,7,860,51576,1,1,0.7504827976226807,1
C1_global_pair,0,7,865,51582,1,1,0.8792240619659424,1
C1_global_pair,0,8,5,50008,1,1,0.7411983013153076,1
C1_global_pair,0,8,9,50013,1,1,0.7560871243476868,1
C1_global_pair,0,8,23,50032,2,0,0.12939581274986267,0
C1_global_pair,0,8,24,50033,2,0,0.12980112433433533,0
C1_global_pair,0,8,73,50130,1,1,0.7849222421646118,1
C1_global_pair,0,8,75,50132,1,1,0.7767559289932251,1
C1_global_pair,0,8,85,50149,1,1,0.784911572933197,1
C1_global_pair,0,8,105,50184,1,1,0.7847781181335449,1
C1_global_pair,0,8,120,50203,2,0,0.13008573651313782,0
C1_global_pair,0,8,124,50208,2,0,0.12950140237808228,0
C1_global_pair,0,8,134,50237,1,1,0.7668112516403198,1
C1_global_pair,0,8,138,50243,1,1,0.7775046229362488,1
C1_global_pair,0,8,139,50245,1,1,0.7679068446159363,1
C1_global_pair,0,8,155,50264,2,0,0.12975792586803436,0
C1_global_pair,0,8,173,50289,1,1,0.2747317850589752,0
C1_global_pair,0,8,201,50332,2,0,0.12983320653438568,0
C1_global_pair,0,8,216,50347,2,0,0.12937790155410767,0
C1_global_pair,0,8,228,50359,2,0,0.14616787433624268,0
C1_global_pair,0,8,229,50360,2,0,0.13069255650043488,0
C1_global_pair,0,8,235,50366,2,0,0.14227654039859772,0
C1_global_pair,0,8,239,50370,2,0,0.15188191831111908,0
C1_global_pair,0,8,269,50413,1,1,0.7837538123130798,1
C1_global_pair,0,8,272,50416,2,0,0.12990033626556396,0
C1_global_pair,0,8,273,50417,2,0,0.12981000542640686,0
C1_global_pair,0,8,290,50440,2,0,0.2423240840435028,0
C1_global_pair,0,8,291,50441,2,0,0.13063959777355194,0
C1_global_pair,0,8,299,50449,2,0,0.1313336193561554,0
C1_global_pair,0,8,313,50486,1,1,0.7818698287010193,1
C1_global_pair,0,8,324,50499,1,1,0.7774713635444641,1
C1_global_pair,0,8,330,50507,1,1,0.25373417139053345,0
C1_global_pair,0,8,343,50526,1,1,0.6215060949325562,1
C1_global_pair,0,8,344,50527,1,1,0.7629888653755188,1
C1_global_pair,0,8,362,50572,2,0,0.12938326597213745,0
C1_global_pair,0,8,380,50616,1,1,0.7646512389183044,1
C1_global_pair,0,8,388,50626,1,1,0.7834510207176208,1
C1_global_pair,0,8,400,50665,2,0,0.18853719532489777,0
C1_global_pair,0,8,402,50682,2,0,0.13133499026298523,0
C1_global_pair,0,8,404,50685,2,0,0.14534783363342285,0
C1_global_pair,0,8,421,50702,1,1,0.576511025428772,1
C1_global_pair,0,8,427,50708,1,1,0.7831412553787231,1
C1_global_pair,0,8,431,50723,2,0,0.12938407063484192,0
C1_global_pair,0,8,463,50777,2,0,0.13901692628860474,0
C1_global_pair,0,8,472,50792,1,1,0.7838847637176514,1
C1_global_pair,0,8,473,50796,1,1,0.7766218781471252,1
C1_global_pair,0,8,477,50800,1,1,0.7818692326545715,1
C1_global_pair,0,8,486,50820,2,0,0.13078339397907257,0
C1_global_pair,0,8,519,50985,1,1,0.7812795639038086,1
C1_global_pair,0,8,521,50987,1,1,0.7838948965072632,1
C1_global_pair,0,8,524,50990,1,1,0.7838876247406006,1
C1_global_pair,0,8,530,50996,1,1,0.7432015538215637,1
C1_global_pair,0,8,538,51007,1,1,0.7803608179092407,1
C1_global_pair,0,8,548,51017,1,1,0.7599416375160217,1
C1_global_pair,0,8,549,51018,1,1,0.7844255566596985,1
C1_global_pair,0,8,554,51024,1,1,0.7680222988128662,1
C1_global_pair,0,8,563,51034,1,1,0.7838188409805298,1
C1_global_pair,0,8,565,51036,2,0,0.13044044375419617,0
C1_global_pair,0,8,573,51046,2,0,0.158443421125412,0
C1_global_pair,0,8,593,51066,2,0,0.1305311918258667,0
C1_global_pair,0,8,608,51082,2,0,0.14962495863437653,0
C1_global_pair,0,8,613,51087,2,0,0.12935639917850494,0
C1_global_pair,0,8,618,51093,2,0,0.12936487793922424,0
C1_global_pair,0,8,620,51095,2,0,0.1907070279121399,0
C1_global_pair,0,8,635,51111,2,0,0.13071539998054504,0
C1_global_pair,0,8,652,51133,2,0,0.538834810256958,1
C1_global_pair,0,8,653,51134,2,0,0.12939929962158203,0
C1_global_pair,0,8,668,51152,2,0,0.12997153401374817,0
C1_global_pair,0,8,682,51173,1,1,0.7818488478660583,1
C1_global_pair,0,8,687,51181,2,0,0.14625397324562073,0
C1_global_pair,0,8,717,51221,1,1,0.7813141942024231,1
C1_global_pair,0,8,719,51223,1,1,0.7775292992591858,1
C1_global_pair,0,8,731,51239,1,1,0.7787883281707764,1
C1_global_pair,0,8,743,51257,2,0,0.6228480935096741,1
C1_global_pair,0,8,751,51268,2,0,0.1327023208141327,0
C1_global_pair,0,8,759,51278,2,0,0.1454174816608429,0
C1_global_pair,0,8,770,51299,1,1,0.7794272899627686,1
C1_global_pair,0,8,773,51302,1,1,0.7589080333709717,1
C1_global_pair,0,8,782,51313,2,0,0.13013967871665955,0
C1_global_pair,0,8,809,51345,2,0,0.13975881040096283,0
C1_global_pair,0,8,810,51346,2,0,0.12970367074012756,0
C1_global_pair,0,8,816,51356,2,0,0.6744084358215332,1
C1_global_pair,0,8,826,51370,2,0,0.131031334400177,0
C1_global_pair,0,8,827,51373,2,0,0.1293592005968094,0
C1_global_pair,0,8,830,51464,1,1,0.7844500541687012,1
C1_global_pair,0,8,844,51557,2,0,0.13079994916915894,0
C1_global_pair,0,8,849,51563,2,0,0.12979498505592346,0
C1_global_pair,0,8,855,51569,2,0,0.14015409350395203,0
C1_global_pair,0,8,858,51573,1,1,0.4140596091747284,0
C1_global_pair,0,9,1,50004,1,1,0.8740444779396057,1
C1_global_pair,0,9,15,50023,1,1,0.8759931921958923,1
C1_global_pair,0,9,39,50048,2,0,0.8745243549346924,1
C1_global_pair,0,9,47,50057,1,1,0.09177390486001968,0
C1_global_pair,0,9,48,50059,2,0,0.2318834811449051,0
C1_global_pair,0,9,62,50116,2,0,0.66588294506073,1
C1_global_pair,0,9,89,50156,1,1,0.872892439365387,1
C1_global_pair,0,9,101,50170,2,0,0.1593581587076187,0
C1_global_pair,0,9,107,50187,1,1,0.09798619151115417,0
C1_global_pair,0,9,121,50204,2,0,0.0944424569606781,0
C1_global_pair,0,9,127,50214,2,0,0.0951889157295227,0
C1_global_pair,0,9,168,50278,1,1,0.8740825057029724,1
C1_global_pair,0,9,193,50320,1,1,0.8760350942611694,1
C1_global_pair,0,9,196,50325,1,1,0.090439572930336,0
C1_global_pair,0,9,254,50388,2,0,0.0913827046751976,0
C1_global_pair,0,9,259,50402,1,1,0.09050089865922928,0
C1_global_pair,0,9,260,50403,1,1,0.13257120549678802,0
C1_global_pair,0,9,265,50408,1,1,0.09697069972753525,0
C1_global_pair,0,9,295,50445,2,0,0.09052901715040207,0
C1_global_pair,0,9,300,50453,2,0,0.7992779016494751,1
C1_global_pair,0,9,301,50463,2,0,0.0907687395811081,0
C1_global_pair,0,9,311,50483,1,1,0.8031058311462402,1
C1_global_pair,0,9,312,50485,1,1,0.09043795615434647,0
C1_global_pair,0,9,322,50497,1,1,0.870399534702301,1
C1_global_pair,0,9,331,50509,1,1,0.8749809861183167,1
C1_global_pair,0,9,365,50575,2,0,0.7759959697723389,1
C1_global_pair,0,9,366,50576,2,0,0.09046495705842972,0
C1_global_pair,0,9,375,50608,1,1,0.8325538039207458,1
C1_global_pair,0,9,392,50644,1,1,0.8745846152305603,1
C1_global_pair,0,9,393,50647,1,1,0.874718427658081,1
C1_global_pair,0,9,395,50649,1,1,0.13174715638160706,0
C1_global_pair,0,9,396,50654,1,1,0.44777944684028625,0
C1_global_pair,0,9,401,50669,2,0,0.8703914880752563,1
C1_global_pair,0,9,418,50699,2,0,0.8725056648254395,1
C1_global_pair,0,9,440,50737,2,0,0.09115023165941238,0
C1_global_pair,0,9,442,50739,2,0,0.323343425989151,0
C1_global_pair,0,9,448,50745,1,1,0.8731831908226013,1
C1_global_pair,0,9,454,50754,1,1,0.8760240077972412,1
C1_global_pair,0,9,458,50772,2,0,0.8712688088417053,1
C1_global_pair,0,9,464,50778,2,0,0.6752785444259644,1
C1_global_pair,0,9,483,50816,2,0,0.09696515649557114,0
C1_global_pair,0,9,491,50952,1,1,0.8754528164863586,1
C1_global_pair,0,9,503,50966,1,1,0.8192795515060425,1
C1_global_pair,0,9,532,50999,1,1,0.8732590079307556,1
C1_global_pair,0,9,550,51019,1,1,0.8760037422180176,1
C1_global_pair,0,9,561,51032,1,1,0.8724742531776428,1
C1_global_pair,0,9,569,51041,2,0,0.09352763742208481,0
C1_global_pair,0,9,571,51044,2,0,0.09864465147256851,0
C1_global_pair,0,9,575,51048,2,0,0.09810829162597656,0
C1_global_pair,0,9,588,51061,2,0,0.09444862604141235,0
C1_global_pair,0,9,591,51064,2,0,0.660576581954956,1
C1_global_pair,0,9,594,51067,2,0,0.10037410259246826,0
C1_global_pair,0,9,598,51072,2,0,0.5984834432601929,1
C1_global_pair,0,9,602,51076,2,0,0.10083360224962234,0
C1_global_pair,0,9,604,51078,2,0,0.09841924905776978,0
C1_global_pair,0,9,611,51085,2,0,0.8732215762138367,1
C1_global_pair,0,9,614,51088,2,0,0.09518955647945404,0
C1_global_pair,0,9,627,51102,2,0,0.11306443065404892,0
C1_global_pair,0,9,637,51113,2,0,0.09050855785608292,0
C1_global_pair,0,9,638,51114,2,0,0.2827845811843872,0
C1_global_pair,0,9,649,51130,2,0,0.8662813901901245,1
C1_global_pair,0,9,660,51141,2,0,0.5541549921035767,1
C1_global_pair,0,9,679,51169,1,1,0.8651263117790222,1
C1_global_pair,0,9,689,51183,2,0,0.13581277430057526,0
C1_global_pair,0,9,704,51206,1,1,0.8686206340789795,1
C1_global_pair,0,9,707,51210,1,1,0.8682289123535156,1
C1_global_pair,0,9,711,51215,1,1,0.2124473750591278,0
C1_global_pair,0,9,721,51225,1,1,0.7566502690315247,1
C1_global_pair,0,9,726,51231,1,1,0.2590612769126892,0
C1_global_pair,0,9,729,51236,1,1,0.7567238807678223,1
C1_global_pair,0,9,744,51260,2,0,0.09665189683437347,0
C1_global_pair,0,9,750,51267,2,0,0.09106134623289108,0
C1_global_pair,0,9,777,51306,2,0,0.7031351923942566,1
C1_global_pair,0,9,787,51321,1,1,0.8695082068443298,1
C1_global_pair,0,9,788,51322,1,1,0.8293447494506836,1
C1_global_pair,0,9,794,51329,1,1,0.11865583062171936,0
C1_global_pair,0,9,802,51338,2,0,0.6991881132125854,1
C1_global_pair,0,9,805,51341,2,0,0.40043550729751587,0
C1_global_pair,0,9,812,51349,1,1,0.09298840910196304,0
C1_global_pair,0,9,818,51359,2,0,0.8760020732879639,1
C1_global_pair,0,9,822,51363,2,0,0.0905299037694931,0
C1_global_pair,0,9,823,51364,2,0,0.6314448714256287,1
C1_global_pair,0,9,847,51560,2,0,0.09419891238212585,0
C1_global_pair,0,9,848,51562,2,0,0.09500404447317123,0
C1_global_pair,0,9,850,51564,2,0,0.09080486744642258,0
C1_global_pair,0,9,863,51579,1,1,0.21015511453151703,0
C1_global_pair,0,9,866,51583,1,1,0.8736259341239929,1
C1_global_pair,0,10,11,50015,1,1,0.9335967898368835,1
C1_global_pair,0,10,41,50050,2,0,0.06920062750577927,0
C1_global_pair,0,10,44,50053,1,1,0.9286050796508789,1
C1_global_pair,0,10,52,50104,2,0,0.07370491325855255,0
C1_global_pair,0,10,59,50113,2,0,0.07363439351320267,0
C1_global_pair,0,10,65,50119,1,1,0.07134241610765457,0
C1_global_pair,0,10,92,50159,2,0,0.9345754384994507,1
C1_global_pair,0,10,93,50160,2,0,0.0709647536277771,0
C1_global_pair,0,10,94,50161,2,0,0.9330999851226807,1
C1_global_pair,0,10,108,50188,1,1,0.0709153339266777,0
C1_global_pair,0,10,115,50198,2,0,0.06852291524410248,0
C1_global_pair,0,10,117,50200,2,0,0.07074110954999924,0
C1_global_pair,0,10,118,50201,2,0,0.06921273469924927,0
C1_global_pair,0,10,140,50247,1,1,0.9348580241203308,1
C1_global_pair,0,10,149,50257,2,0,0.0701901987195015,0
C1_global_pair,0,10,177,50293,1,1,0.9345954656600952,1
C1_global_pair,0,10,180,50297,1,1,0.8028085827827454,1
C1_global_pair,0,10,182,50300,1,1,0.07152587175369263,0
C1_global_pair,0,10,185,50304,1,1,0.9341590404510498,1
C1_global_pair,0,10,186,50308,1,1,0.9302338361740112,1
C1_global_pair,0,10,195,50324,1,1,0.9349204897880554,1
C1_global_pair,0,10,199,50330,2,0,0.11600650101900101,0
C1_global_pair,0,10,203,50334,2,0,0.7171938419342041,1
C1_global_pair,0,10,206,50337,2,0,0.06856669485569,0
C1_global_pair,0,10,219,50350,2,0,0.07075642794370651,0
C1_global_pair,0,10,237,50368,2,0,0.06922753900289536,0
C1_global_pair,0,10,238,50369,2,0,0.07194674760103226,0
C1_global_pair,0,10,242,50374,2,0,0.11602644622325897,0
C1_global_pair,0,10,248,50381,2,0,0.06840731203556061,0
C1_global_pair,0,10,256,50391,2,0,0.07084160298109055,0
C1_global_pair,0,10,274,50418,2,0,0.06842558085918427,0
C1_global_pair,0,10,293,50443,2,0,0.8002132773399353,1
C1_global_pair,0,10,317,50491,1,1,0.9337628483772278,1
C1_global_pair,0,10,320,50494,1,1,0.8020925521850586,1
C1_global_pair,0,10,334,50515,1,1,0.9343971014022827,1
C1_global_pair,0,10,340,50523,1,1,0.9344092011451721,1
C1_global_pair,0,10,347,50530,1,1,0.932270884513855,1
C1_global_pair,0,10,354,50558,2,0,0.06942515820264816,0
C1_global_pair,0,10,356,50563,2,0,0.0694100484251976,0
C1_global_pair,0,10,359,50569,2,0,0.1818486452102661,0
C1_global_pair,0,10,374,50607,1,1,0.06895316392183304,0
C1_global_pair,0,10,376,50612,1,1,0.06884119659662247,0
C1_global_pair,0,10,378,50614,1,1,0.9348190426826477,1
C1_global_pair,0,10,382,50620,1,1,0.0685451552271843,0
C1_global_pair,0,10,384,50622,1,1,0.9187768697738647,1
C1_global_pair,0,10,387,50625,1,1,0.06999962031841278,0
C1_global_pair,0,10,406,50687,2,0,0.922010064125061,1
C1_global_pair,0,10,414,50695,1,1,0.3098178505897522,0
C1_global_pair,0,10,429,50711,1,1,0.06882558763027191,0
C1_global_pair,0,10,432,50724,2,0,0.06872497498989105,0
C1_global_pair,0,10,466,50781,2,0,0.9239058494567871,1
C1_global_pair,0,10,468,50783,2,0,0.0691947191953659,0
C1_global_pair,0,10,482,50814,2,0,0.06882189959287643,0
C1_global_pair,0,10,493,50955,1,1,0.06939816474914551,0
C1_global_pair,0,10,501,50964,1,1,0.14986734092235565,0
C1_global_pair,0,10,506,50969,1,1,0.9349585771560669,1
C1_global_pair,0,10,531,50997,1,1,0.9343679547309875,1
C1_global_pair,0,10,534,51001,1,1,0.9343749284744263,1
C1_global_pair,0,10,542,51011,1,1,0.9337807297706604,1
C1_global_pair,0,10,564,51035,1,1,0.8119388222694397,1
C1_global_pair,0,10,583,51056,2,0,0.07193627208471298,0
C1_global_pair,0,10,587,51060,2,0,0.6120210886001587,1
C1_global_pair,0,10,595,51068,2,0,0.9316573143005371,1
C1_global_pair,0,10,609,51083,2,0,0.9341602921485901,1
C1_global_pair,0,10,610,51084,2,0,0.9345953464508057,1
C1_global_pair,0,10,623,51098,2,0,0.07363028824329376,0
C1_global_pair,0,10,639,51116,2,0,0.07472758740186691,0
C1_global_pair,0,10,673,51159,2,0,0.9349058270454407,1
C1_global_pair,0,10,677,51164,1,1,0.9345953464508057,1
C1_global_pair,0,10,694,51189,2,0,0.06872978061437607,0
C1_global_pair,0,10,705,51207,1,1,0.9329825043678284,1
C1_global_pair,0,10,712,51216,1,1,0.06839270144701004,0
C1_global_pair,0,10,724,51229,1,1,0.9313543438911438,1
C1_global_pair,0,10,736,51250,2,0,0.06924916803836823,0
C1_global_pair,0,10,738,51252,2,0,0.9330161809921265,1
C1_global_pair,0,10,769,51298,1,1,0.9335848689079285,1
C1_global_pair,0,10,771,51300,1,1,0.9343509078025818,1
C1_global_pair,0,10,774,51303,2,0,0.20006325840950012,0
C1_global_pair,0,10,778,51307,2,0,0.9349047541618347,1
C1_global_pair,0,10,783,51315,2,0,0.9055247902870178,1
C1_global_pair,0,10,784,51318,1,1,0.9343375563621521,1
C1_global_pair,0,10,801,51336,2,0,0.06838051974773407,0
C1_global_pair,0,10,813,51350,1,1,0.9343422055244446,1
C1_global_pair,0,10,815,51354,1,1,0.9326724410057068,1
C1_global_pair,0,10,817,51357,2,0,0.07172314077615738,0
C1_global_pair,0,10,835,51480,2,0,0.0700119212269783,0
C1_global_pair,0,10,856,51570,2,0,0.5943871140480042,1
C1_global_pair,1,1,8,50012,1,1,0.8772016167640686,1
C1_global_pair,1,1,17,50025,1,1,0.856927752494812,1
C1_global_pair,1,1,26,50035,2,0,0.0882289856672287,0
C1_global_pair,1,1,30,50039,2,0,0.686208963394165,1
C1_global_pair,1,1,31,50040,2,0,0.09362520277500153,0
C1_global_pair,1,1,33,50042,2,0,0.08845367282629013,0
C1_global_pair,1,1,40,50049,2,0,0.08782540261745453,0
C1_global_pair,1,1,64,50118,1,1,0.8847590684890747,1
C1_global_pair,1,1,71,50128,1,1,0.8838450312614441,1
C1_global_pair,1,1,74,50131,1,1,0.8773425221443176,1
C1_global_pair,1,1,90,50157,2,0,0.08923525363206863,0
C1_global_pair,1,1,109,50189,1,1,0.884120523929596,1
C1_global_pair,1,1,115,50198,2,0,0.1493554711341858,0
C1_global_pair,1,1,119,50202,2,0,0.09750049561262131,0
C1_global_pair,1,1,148,50255,1,1,0.8814930319786072,1
C1_global_pair,1,1,170,50284,1,1,0.38613808155059814,0
C1_global_pair,1,1,172,50287,1,1,0.6021088361740112,1
C1_global_pair,1,1,192,50319,1,1,0.8841687440872192,1
C1_global_pair,1,1,204,50335,2,0,0.08730905503034592,0
C1_global_pair,1,1,221,50352,2,0,0.2753433287143707,0
C1_global_pair,1,1,230,50361,2,0,0.09085814654827118,0
C1_global_pair,1,1,241,50373,2,0,0.16647277772426605,0
C1_global_pair,1,1,269,50413,1,1,0.8826457858085632,1
C1_global_pair,1,1,273,50417,2,0,0.09086515754461288,0
C1_global_pair,1,1,283,50433,2,0,0.09426430612802505,0
C1_global_pair,1,1,288,50438,2,0,0.09245365858078003,0
C1_global_pair,1,1,289,50439,2,0,0.0883391946554184,0
C1_global_pair,1,1,303,50467,2,0,0.13679756224155426,0
C1_global_pair,1,1,313,50486,1,1,0.8846679329872131,1
C1_global_pair,1,1,326,50501,1,1,0.882615864276886,1
C1_global_pair,1,1,333,50514,1,1,0.8459205031394958,1
C1_global_pair,1,1,335,50516,1,1,0.8792784810066223,1
C1_global_pair,1,1,337,50519,1,1,0.8834280371665955,1
C1_global_pair,1,1,343,50526,1,1,0.7777911424636841,1
C1_global_pair,1,1,383,50621,1,1,0.8801339864730835,1
C1_global_pair,1,1,390,50628,1,1,0.8808934092521667,1
C1_global_pair,1,1,410,50691,2,0,0.08916207402944565,0
C1_global_pair,1,1,416,50697,1,1,0.871349036693573,1
C1_global_pair,1,1,422,50703,2,0,0.08737961202859879,0
C1_global_pair,1,1,425,50706,2,0,0.14334948360919952,0
C1_global_pair,1,1,429,50711,1,1,0.15898416936397552,0
C1_global_pair,1,1,431,50723,2,0,0.08731042593717575,0
C1_global_pair,1,1,435,50728,2,0,0.16706028580665588,0
C1_global_pair,1,1,441,50738,2,0,0.09451211988925934,0
C1_global_pair,1,1,446,50743,1,1,0.8739445209503174,1
C1_global_pair,1,1,449,50748,1,1,0.8842923641204834,1
C1_global_pair,1,1,455,50755,1,1,0.8742426037788391,1
C1_global_pair,1,1,457,50757,1,1,0.22477957606315613,0
C1_global_pair,1,1,501,50964,1,1,0.8676614165306091,1
C1_global_pair,1,1,502,50965,1,1,0.8842042088508606,1
C1_global_pair,1,1,511,50976,1,1,0.883396327495575,1
C1_global_pair,1,1,553,51023,1,1,0.8828316330909729,1
C1_global_pair,1,1,560,51030,1,1,0.8790099024772644,1
C1_global_pair,1,1,562,51033,1,1,0.8782832622528076,1
C1_global_pair,1,1,566,51038,2,0,0.08996592462062836,0
C1_global_pair,1,1,584,51057,2,0,0.09660831093788147,0
C1_global_pair,1,1,597,51070,2,0,0.18963252007961273,0
C1_global_pair,1,1,599,51073,2,0,0.08916951715946198,0
C1_global_pair,1,1,610,51084,2,0,0.8749656677246094,1
C1_global_pair,1,1,615,51089,2,0,0.09230461716651917,0
C1_global_pair,1,1,630,51105,2,0,0.08728894591331482,0
C1_global_pair,1,1,633,51109,2,0,0.09119772166013718,0
C1_global_pair,1,1,636,51112,2,0,0.09118833392858505,0
C1_global_pair,1,1,654,51135,2,0,0.08825469762086868,0
C1_global_pair,1,1,680,51170,1,1,0.6452313661575317,1
C1_global_pair,1,1,686,51180,2,0,0.14019381999969482,0
C1_global_pair,1,1,691,51185,2,0,0.36318615078926086,0
C1_global_pair,1,1,696,51194,2,0,0.6752746105194092,1
C1_global_pair,1,1,697,51197,2,0,0.13449124991893768,0
C1_global_pair,1,1,726,51231,1,1,0.2860736846923828,0
C1_global_pair,1,1,729,51236,1,1,0.5380793809890747,1
C1_global_pair,1,1,734,51248,1,1,0.8845241665840149,1
C1_global_pair,1,1,744,51260,2,0,0.08731961250305176,0
C1_global_pair,1,1,753,51271,2,0,0.09449457377195358,0
C1_global_pair,1,1,754,51272,2,0,0.1364252269268036,0
C1_global_pair,1,1,755,51273,2,0,0.628441333770752,1
C1_global_pair,1,1,757,51276,2,0,0.08930380642414093,0
C1_global_pair,1,1,765,51293,1,1,0.8820905685424805,1
C1_global_pair,1,1,769,51298,1,1,0.8837263584136963,1
C1_global_pair,1,1,787,51321,1,1,0.2912956178188324,0
C1_global_pair,1,1,789,51323,1,1,0.883927047252655,1
C1_global_pair,1,1,792,51327,1,1,0.8772885799407959,1
C1_global_pair,1,1,804,51340,2,0,0.09520331025123596,0
C1_global_pair,1,1,836,51481,2,0,0.09005112200975418,0
C1_global_pair,1,1,841,51491,2,0,0.09115781635046005,0
C1_global_pair,1,1,842,51493,2,0,0.087368905544281,0
C1_global_pair,1,1,856,51570,2,0,0.08845348656177521,0
C1_global_pair,1,1,870,51607,1,1,0.7221714854240417,1
C1_global_pair,1,2,1,50004,1,1,0.8456363081932068,1
C1_global_pair,1,2,13,50020,1,1,0.8464967608451843,1
C1_global_pair,1,2,23,50032,2,0,0.1268020123243332,0
C1_global_pair,1,2,34,50043,2,0,0.1464361697435379,0
C1_global_pair,1,2,41,50050,2,0,0.12656238675117493,0
C1_global_pair,1,2,45,50054,2,0,0.8106252551078796,1
C1_global_pair,1,2,53,50105,2,0,0.1264437884092331,0
C1_global_pair,1,2,59,50113,2,0,0.1287083625793457,0
C1_global_pair,1,2,69,50125,1,1,0.8208625316619873,1
C1_global_pair,1,2,80,50144,1,1,0.830721378326416,1
C1_global_pair,1,2,84,50148,1,1,0.8455062508583069,1
C1_global_pair,1,2,105,50184,1,1,0.841953456401825,1
C1_global_pair,1,2,144,50251,1,1,0.6191924214363098,1
C1_global_pair,1,2,160,50269,2,0,0.4926385283470154,0
C1_global_pair,1,2,165,50274,1,1,0.8383961915969849,1
C1_global_pair,1,2,174,50290,1,1,0.8443624973297119,1
C1_global_pair,1,2,195,50324,1,1,0.8443605303764343,1
C1_global_pair,1,2,201,50332,2,0,0.12682215869426727,0
C1_global_pair,1,2,209,50340,2,0,0.12644322216510773,0
C1_global_pair,1,2,213,50344,2,0,0.12783755362033844,0
C1_global_pair,1,2,215,50346,2,0,0.12748394906520844,0
C1_global_pair,1,2,217,50348,2,0,0.23738034069538116,0
C1_global_pair,1,2,218,50349,2,0,0.12835034728050232,0
C1_global_pair,1,2,222,50353,2,0,0.12928825616836548,0
C1_global_pair,1,2,224,50355,2,0,0.16940487921237946,0
C1_global_pair,1,2,242,50374,2,0,0.20067772269248962,0
C1_global_pair,1,2,253,50387,2,0,0.12761364877223969,0
C1_global_pair,1,2,256,50391,2,0,0.15036605298519135,0
C1_global_pair,1,2,277,50422,2,0,0.29864880442619324,0
C1_global_pair,1,2,284,50434,2,0,0.12958519160747528,0
C1_global_pair,1,2,305,50469,2,0,0.1264314353466034,0
C1_global_pair,1,2,311,50483,1,1,0.7530226707458496,1
C1_global_pair,1,2,331,50509,1,1,0.8464071750640869,1
C1_global_pair,1,2,342,50525,1,1,0.7592728734016418,1
C1_global_pair,1,2,356,50563,2,0,0.1267109364271164,0
C1_global_pair,1,2,370,50602,1,1,0.7919619083404541,1
C1_global_pair,1,2,394,50648,1,1,0.6394433975219727,1
C1_global_pair,1,2,401,50669,2,0,0.8411480784416199,1
C1_global_pair,1,2,413,50694,1,1,0.8452746868133545,1
C1_global_pair,1,2,438,50733,2,0,0.12642595171928406,0
C1_global_pair,1,2,445,50742,2,0,0.12644828855991364,0
C1_global_pair,1,2,447,50744,1,1,0.8307704925537109,1
C1_global_pair,1,2,451,50750,1,1,0.8443397879600525,1
C1_global_pair,1,2,460,50774,2,0,0.1286686360836029,0
C1_global_pair,1,2,472,50792,1,1,0.8423189520835876,1
C1_global_pair,1,2,475,50798,1,1,0.1350095272064209,0
C1_global_pair,1,2,477,50800,1,1,0.8414754867553711,1
C1_global_pair,1,2,492,50954,1,1,0.47088196873664856,0
C1_global_pair,1,2,496,50958,1,1,0.8383631706237793,1
C1_global_pair,1,2,505,50968,1,1,0.8433393836021423,1
C1_global_pair,1,2,506,50969,1,1,0.7838690876960754,1
C1_global_pair,1,2,524,50990,1,1,0.8466136455535889,1
C1_global_pair,1,2,535,51002,1,1,0.8270140886306763,1
C1_global_pair,1,2,545,51014,1,1,0.8466090559959412,1
C1_global_pair,1,2,558,51028,1,1,0.8454268574714661,1
C1_global_pair,1,2,564,51035,1,1,0.744717538356781,1
C1_global_pair,1,2,571,51044,2,0,0.12864670157432556,0
C1_global_pair,1,2,574,51047,2,0,0.12667015194892883,0
C1_global_pair,1,2,580,51053,2,0,0.12968190014362335,0
C1_global_pair,1,2,585,51058,2,0,0.12968534231185913,0
C1_global_pair,1,2,588,51061,2,0,0.1282588243484497,0
C1_global_pair,1,2,600,51074,2,0,0.24363349378108978,0
C1_global_pair,1,2,603,51077,2,0,0.1326037049293518,0
C1_global_pair,1,2,617,51091,2,0,0.12646102905273438,0
C1_global_pair,1,2,646,51127,2,0,0.1349380612373352,0
C1_global_pair,1,2,648,51129,2,0,0.1274012327194214,0
C1_global_pair,1,2,650,51131,2,0,0.12672050297260284,0
C1_global_pair,1,2,651,51132,2,0,0.12652437388896942,0
C1_global_pair,1,2,655,51136,2,0,0.1572609394788742,0
C1_global_pair,1,2,662,51146,2,0,0.1276441067457199,0
C1_global_pair,1,2,664,51148,2,0,0.12878289818763733,0
C1_global_pair,1,2,668,51152,2,0,0.12747831642627716,0
C1_global_pair,1,2,675,51162,1,1,0.8464083671569824,1
C1_global_pair,1,2,681,51171,1,1,0.8458038568496704,1
C1_global_pair,1,2,689,51183,2,0,0.15432359278202057,0
C1_global_pair,1,2,703,51205,1,1,0.844885528087616,1
C1_global_pair,1,2,728,51235,1,1,0.8439213037490845,1
C1_global_pair,1,2,735,51249,1,1,0.8439128398895264,1
C1_global_pair,1,2,751,51268,2,0,0.12644053995609283,0
C1_global_pair,1,2,763,51291,1,1,0.8458042144775391,1
C1_global_pair,1,2,767,51295,1,1,0.8447974324226379,1
C1_global_pair,1,2,813,51350,1,1,0.8260992169380188,1
C1_global_pair,1,2,814,51351,1,1,0.7811051607131958,1
C1_global_pair,1,2,826,51370,2,0,0.12691685557365417,0
C1_global_pair,1,2,835,51480,2,0,0.1286138892173767,0
C1_global_pair,1,2,859,51574,1,1,0.8460105657577515,1
C1_global_pair,1,2,867,51584,1,1,0.8280178308486938,1
C1_global_pair,1,3,3,50006,1,1,0.9083096385002136,1
C1_global_pair,1,3,15,50023,1,1,0.9065245985984802,1
C1_global_pair,1,3,25,50034,2,0,0.08183963596820831,0
C1_global_pair,1,3,39,50048,2,0,0.9076972007751465,1
C1_global_pair,1,3,68,50124,1,1,0.907780110836029,1
C1_global_pair,1,3,75,50132,1,1,0.9085980653762817,1
C1_global_pair,1,3,88,50153,1,1,0.48801806569099426,0
C1_global_pair,1,3,100,50169,2,0,0.08147318661212921,0
C1_global_pair,1,3,107,50187,1,1,0.08576533943414688,0
C1_global_pair,1,3,111,50193,2,0,0.08594787120819092,0
C1_global_pair,1,3,122,50205,2,0,0.08423446118831635,0
C1_global_pair,1,3,138,50243,1,1,0.8722912669181824,1
C1_global_pair,1,3,147,50254,1,1,0.9086264967918396,1
C1_global_pair,1,3,159,50268,2,0,0.08077677339315414,0
C1_global_pair,1,3,173,50289,1,1,0.7629852890968323,1
C1_global_pair,1,3,186,50308,1,1,0.13185541331768036,0
C1_global_pair,1,3,189,50314,1,1,0.9073812365531921,1
C1_global_pair,1,3,193,50320,1,1,0.9087591767311096,1
C1_global_pair,1,3,199,50330,2,0,0.0831378623843193,0
C1_global_pair,1,3,203,50334,2,0,0.8921443819999695,1
C1_global_pair,1,3,206,50337,2,0,0.15713535249233246,0
C1_global_pair,1,3,232,50363,2,0,0.20751580595970154,0
C1_global_pair,1,3,233,50364,2,0,0.2682746648788452,0
C1_global_pair,1,3,236,50367,2,0,0.08084836602210999,0
C1_global_pair,1,3,248,50381,2,0,0.08200323581695557,0
C1_global_pair,1,3,252,50386,2,0,0.08337602019309998,0
C1_global_pair,1,3,255,50390,2,0,0.082161083817482,0
C1_global_pair,1,3,259,50402,1,1,0.08173118531703949,0
C1_global_pair,1,3,261,50404,1,1,0.905441164970398,1
C1_global_pair,1,3,264,50407,1,1,0.9043302536010742,1
C1_global_pair,1,3,282,50428,2,0,0.08341389894485474,0
C1_global_pair,1,3,291,50441,2,0,0.08498799800872803,0
C1_global_pair,1,3,296,50446,2,0,0.08341462910175323,0
C1_global_pair,1,3,301,50463,2,0,0.08123338967561722,0
C1_global_pair,1,3,312,50485,1,1,0.08475659042596817,0
C1_global_pair,1,3,322,50497,1,1,0.9006897211074829,1
C1_global_pair,1,3,330,50507,1,1,0.8380138874053955,1
C1_global_pair,1,3,332,50510,1,1,0.9058400392532349,1
C1_global_pair,1,3,338,50520,1,1,0.908507227897644,1
C1_global_pair,1,3,362,50572,2,0,0.08100252598524094,0
C1_global_pair,1,3,364,50574,2,0,0.11306475847959518,0
C1_global_pair,1,3,368,50578,2,0,0.9076656103134155,1
C1_global_pair,1,3,382,50620,1,1,0.08176289498806,0
C1_global_pair,1,3,384,50622,1,1,0.9085106253623962,1
C1_global_pair,1,3,398,50659,2,0,0.2506195604801178,0
C1_global_pair,1,3,403,50683,2,0,0.08174170553684235,0
C1_global_pair,1,3,408,50689,1,1,0.9037212133407593,1
C1_global_pair,1,3,415,50696,1,1,0.905860424041748,1
C1_global_pair,1,3,421,50702,1,1,0.4880305826663971,0
C1_global_pair,1,3,433,50725,2,0,0.08083400875329971,0
C1_global_pair,1,3,436,50730,2,0,0.08390622586011887,0
C1_global_pair,1,3,439,50735,2,0,0.08169101178646088,0
C1_global_pair,1,3,469,50786,2,0,0.08515902608633041,0
C1_global_pair,1,3,497,50959,1,1,0.9088233709335327,1
C1_global_pair,1,3,503,50966,1,1,0.8951612710952759,1
C1_global_pair,1,3,517,50983,1,1,0.8914493918418884,1
C1_global_pair,1,3,529,50995,1,1,0.9052383899688721,1
C1_global_pair,1,3,530,50996,1,1,0.9087135791778564,1
C1_global_pair,1,3,531,50997,1,1,0.9086679816246033,1
C1_global_pair,1,3,541,51010,1,1,0.8535642027854919,1
C1_global_pair,1,3,546,51015,1,1,0.09078758955001831,0
C1_global_pair,1,3,555,51025,1,1,0.908786952495575,1
C1_global_pair,1,3,572,51045,2,0,0.08574172854423523,0
C1_global_pair,1,3,577,51050,2,0,0.08100663870573044,0
C1_global_pair,1,3,592,51065,2,0,0.08203790336847305,0
C1_global_pair,1,3,607,51081,2,0,0.08314915746450424,0
C1_global_pair,1,3,608,51082,2,0,0.2833368480205536,0
C1_global_pair,1,3,613,51087,2,0,0.08131419122219086,0
C1_global_pair,1,3,637,51113,2,0,0.08279719203710556,0
C1_global_pair,1,3,639,51116,2,0,0.08915401995182037,0
C1_global_pair,1,3,645,51126,2,0,0.08789308369159698,0
C1_global_pair,1,3,661,51142,2,0,0.17710912227630615,0
C1_global_pair,1,3,706,51208,1,1,0.8698253631591797,1
C1_global_pair,1,3,714,51218,1,1,0.9017994403839111,1
C1_global_pair,1,3,722,51226,1,1,0.08131956309080124,0
C1_global_pair,1,3,731,51239,1,1,0.9015558362007141,1
C1_global_pair,1,3,741,51255,2,0,0.08099404722452164,0
C1_global_pair,1,3,752,51269,2,0,0.08340496569871902,0
C1_global_pair,1,3,761,51280,2,0,0.08183690160512924,0
C1_global_pair,1,3,770,51299,1,1,0.9086772799491882,1
C1_global_pair,1,3,771,51300,1,1,0.9055284261703491,1
C1_global_pair,1,3,776,51305,2,0,0.08254533261060715,0
C1_global_pair,1,3,794,51329,1,1,0.2135186344385147,0
C1_global_pair,1,3,803,51339,2,0,0.08530040830373764,0
C1_global_pair,1,3,806,51342,2,0,0.0833977684378624,0
C1_global_pair,1,3,838,51484,2,0,0.3920288681983948,0
C1_global_pair,1,3,855,51569,2,0,0.18157176673412323,0
C1_global_pair,1,4,4,50007,1,1,0.3369636535644531,0
C1_global_pair,1,4,32,50041,2,0,0.2546127736568451,0
C1_global_pair,1,4,46,50056,1,1,0.7321454286575317,1
C1_global_pair,1,4,57,50111,2,0,0.26417556405067444,0
C1_global_pair,1,4,60,50114,2,0,0.2547735273838043,0
C1_global_pair,1,4,87,50152,1,1,0.7377455234527588,1
C1_global_pair,1,4,94,50161,2,0,0.2718304395675659,0
C1_global_pair,1,4,120,50203,2,0,0.255547434091568,0
C1_global_pair,1,4,135,50239,1,1,0.3803538680076599,0
C1_global_pair,1,4,149,50257,2,0,0.31923356652259827,0
C1_global_pair,1,4,153,50262,2,0,0.2575342357158661,0
C1_global_pair,1,4,154,50263,2,0,0.2641771137714386,0
C1_global_pair,1,4,166,50275,1,1,0.5506394505500793,1
C1_global_pair,1,4,179,50295,1,1,0.7226818799972534,1
C1_global_pair,1,4,210,50341,2,0,0.26483863592147827,0
C1_global_pair,1,4,216,50347,2,0,0.2546365261077881,0
C1_global_pair,1,4,226,50357,2,0,0.2548273205757141,0
C1_global_pair,1,4,258,50399,1,1,0.3107820153236389,0
C1_global_pair,1,4,272,50416,2,0,0.25507721304893494,0
C1_global_pair,1,4,295,50445,2,0,0.26167362928390503,0
C1_global_pair,1,4,316,50490,1,1,0.6235504746437073,1
C1_global_pair,1,4,323,50498,1,1,0.7419095039367676,1
C1_global_pair,1,4,324,50499,1,1,0.6455389857292175,1
C1_global_pair,1,4,328,50503,1,1,0.646253764629364,1
C1_global_pair,1,4,329,50504,1,1,0.7437146306037903,1
C1_global_pair,1,4,344,50527,1,1,0.5837976932525635,1
C1_global_pair,1,4,349,50532,1,1,0.7437070608139038,1
C1_global_pair,1,4,350,50551,2,0,0.2789953052997589,0
C1_global_pair,1,4,359,50569,2,0,0.2632139027118683,0
C1_global_pair,1,4,360,50570,2,0,0.2545519769191742,0
C1_global_pair,1,4,363,50573,2,0,0.2562258243560791,0
C1_global_pair,1,4,371,50603,1,1,0.7398202419281006,1
C1_global_pair,1,4,380,50616,1,1,0.7374720573425293,1
C1_global_pair,1,4,387,50625,1,1,0.2546446621417999,0
C1_global_pair,1,4,389,50627,1,1,0.7172701954841614,1
C1_global_pair,1,4,391,50642,1,1,0.7025366425514221,1
C1_global_pair,1,4,392,50644,1,1,0.7249531745910645,1
C1_global_pair,1,4,402,50682,2,0,0.2545635998249054,0
C1_global_pair,1,4,430,50722,2,0,0.2544666528701782,0
C1_global_pair,1,4,437,50731,2,0,0.2547716200351715,0
C1_global_pair,1,4,458,50772,2,0,0.7436214685440063,1
C1_global_pair,1,4,473,50796,1,1,0.7220380306243896,1
C1_global_pair,1,4,474,50797,1,1,0.626944363117218,1
C1_global_pair,1,4,481,50812,2,0,0.25662100315093994,0
C1_global_pair,1,4,483,50816,2,0,0.2575831413269043,0
C1_global_pair,1,4,485,50818,2,0,0.2545104920864105,0
C1_global_pair,1,4,509,50973,1,1,0.644834578037262,1
C1_global_pair,1,4,516,50982,1,1,0.2697601020336151,0
C1_global_pair,1,4,543,51012,1,1,0.6911760568618774,1
C1_global_pair,1,4,548,51017,1,1,0.7026641368865967,1
C1_global_pair,1,4,549,51018,1,1,0.7384913563728333,1
C1_global_pair,1,4,551,51020,1,1,0.3386969566345215,0
C1_global_pair,1,4,575,51048,2,0,0.2836245894432068,0
C1_global_pair,1,4,590,51063,2,0,0.2550770342350006,0
C1_global_pair,1,4,598,51072,2,0,0.28359150886535645,0
C1_global_pair,1,4,605,51079,2,0,0.6728302240371704,1
C1_global_pair,1,4,618,51093,2,0,0.2557249963283539,0
C1_global_pair,1,4,626,51101,2,0,0.2705358862876892,0
C1_global_pair,1,4,641,51118,2,0,0.4699637293815613,0
C1_global_pair,1,4,649,51130,2,0,0.47138944268226624,0
C1_global_pair,1,4,653,51134,2,0,0.2616555690765381,0
C1_global_pair,1,4,658,51139,2,0,0.25950077176094055,0
C1_global_pair,1,4,659,51140,2,0,0.26319974660873413,0
C1_global_pair,1,4,666,51150,2,0,0.257510781288147,0
C1_global_pair,1,4,678,51168,1,1,0.546515166759491,1
C1_global_pair,1,4,687,51181,2,0,0.2830246388912201,0
C1_global_pair,1,4,690,51184,2,0,0.298642098903656,0
C1_global_pair,1,4,699,51201,1,1,0.608722984790802,1
C1_global_pair,1,4,708,51211,1,1,0.37207046151161194,0
C1_global_pair,1,4,712,51216,1,1,0.26581835746765137,0
C1_global_pair,1,4,716,51220,1,1,0.6793203353881836,1
C1_global_pair,1,4,718,51222,1,1,0.28542596101760864,0
C1_global_pair,1,4,723,51228,1,1,0.741956353187561,1
C1_global_pair,1,4,742,51256,2,0,0.25695785880088806,0
C1_global_pair,1,4,750,51267,2,0,0.2549177408218384,0
C1_global_pair,1,4,778,51307,2,0,0.736875593662262,1
C1_global_pair,1,4,793,51328,1,1,0.7406149506568909,1
C1_global_pair,1,4,808,51344,2,0,0.26256436109542847,0
C1_global_pair,1,4,815,51354,1,1,0.6779816746711731,1
C1_global_pair,1,4,817,51357,2,0,0.2569620609283447,0
C1_global_pair,1,4,845,51558,2,0,0.2569469213485718,0
C1_global_pair,1,4,846,51559,2,0,0.2610882520675659,0
C1_global_pair,1,4,852,51566,2,0,0.2613779306411743,0
C1_global_pair,1,4,854,51568,2,0,0.28205716609954834,0
C1_global_pair,1,4,860,51576,1,1,0.3267822563648224,0
C1_global_pair,1,4,861,51577,1,1,0.4499731957912445,0
C1_global_pair,1,4,863,51579,1,1,0.2814170718193054,0
C1_global_pair,1,5,9,50013,1,1,0.8389382362365723,1
C1_global_pair,1,5,12,50016,1,1,0.7180620431900024,1
C1_global_pair,1,5,21,50030,2,0,0.7767401337623596,1
C1_global_pair,1,5,28,50037,2,0,0.4246056377887726,0
C1_global_pair,1,5,37,50046,2,0,0.09873171150684357,0
C1_global_pair,1,5,48,50059,2,0,0.09243148565292358,0
C1_global_pair,1,5,73,50130,1,1,0.1932974010705948,0
C1_global_pair,1,5,77,50135,1,1,0.8700238466262817,1
C1_global_pair,1,5,79,50143,1,1,0.8637557029724121,1
C1_global_pair,1,5,81,50145,1,1,0.5774456858634949,1
C1_global_pair,1,5,95,50162,2,0,0.09821360558271408,0
C1_global_pair,1,5,97,50164,2,0,0.09205664694309235,0
C1_global_pair,1,5,102,50171,2,0,0.12401961535215378,0
C1_global_pair,1,5,128,50215,2,0,0.09233015030622482,0
C1_global_pair,1,5,134,50237,1,1,0.8698247671127319,1
C1_global_pair,1,5,142,50249,1,1,0.8698720932006836,1
C1_global_pair,1,5,150,50259,2,0,0.09175749868154526,0
C1_global_pair,1,5,167,50276,1,1,0.8683866262435913,1
C1_global_pair,1,5,177,50293,1,1,0.8647564649581909,1
C1_global_pair,1,5,185,50304,1,1,0.7642893195152283,1
C1_global_pair,1,5,191,50318,1,1,0.09698305279016495,0
C1_global_pair,1,5,207,50338,2,0,0.09471055865287781,0
C1_global_pair,1,5,243,50375,2,0,0.09640376269817352,0
C1_global_pair,1,5,250,50383,2,0,0.10405012965202332,0
C1_global_pair,1,5,271,50415,2,0,0.09186429530382156,0
C1_global_pair,1,5,276,50421,2,0,0.09347302466630936,0
C1_global_pair,1,5,280,50426,2,0,0.09181748330593109,0
C1_global_pair,1,5,286,50436,2,0,0.5859212875366211,1
C1_global_pair,1,5,293,50443,2,0,0.5211111307144165,1
C1_global_pair,1,5,304,50468,2,0,0.09703539311885834,0
C1_global_pair,1,5,306,50470,2,0,0.2055356651544571,0
C1_global_pair,1,5,327,50502,1,1,0.8700292706489563,1
C1_global_pair,1,5,334,50515,1,1,0.8699209690093994,1
C1_global_pair,1,5,336,50518,1,1,0.813624382019043,1
C1_global_pair,1,5,339,50521,1,1,0.49903327226638794,0
C1_global_pair,1,5,347,50530,1,1,0.8599302172660828,1
C1_global_pair,1,5,351,50552,2,0,0.09379648417234421,0
C1_global_pair,1,5,355,50561,2,0,0.09167097508907318,0
C1_global_pair,1,5,367,50577,2,0,0.09189831465482712,0
C1_global_pair,1,5,385,50623,1,1,0.8653918504714966,1
C1_global_pair,1,5,411,50692,2,0,0.09202348440885544,0
C1_global_pair,1,5,412,50693,1,1,0.09448414295911789,0
C1_global_pair,1,5,417,50698,2,0,0.09173531830310822,0
C1_global_pair,1,5,443,50740,2,0,0.0921904519200325,0
C1_global_pair,1,5,465,50780,2,0,0.21770130097866058,0
C1_global_pair,1,5,484,50817,2,0,0.09508766233921051,0
C1_global_pair,1,5,487,50821,2,0,0.09182847291231155,0
C1_global_pair,1,5,494,50956,1,1,0.8663139343261719,1
C1_global_pair,1,5,498,50960,1,1,0.21285445988178253,0
C1_global_pair,1,5,504,50967,1,1,0.8563595414161682,1
C1_global_pair,1,5,507,50970,1,1,0.8698842525482178,1
C1_global_pair,1,5,513,50978,1,1,0.8700666427612305,1
C1_global_pair,1,5,514,50979,1,1,0.6305457353591919,1
C1_global_pair,1,5,528,50994,1,1,0.8691998720169067,1
C1_global_pair,1,5,533,51000,1,1,0.87009197473526,1
C1_global_pair,1,5,536,51003,1,1,0.86656254529953,1
C1_global_pair,1,5,537,51006,1,1,0.8699831366539001,1
C1_global_pair,1,5,538,51007,1,1,0.8674536943435669,1
C1_global_pair,1,5,539,51008,1,1,0.09606698900461197,0
C1_global_pair,1,5,547,51016,1,1,0.8053796291351318,1
C1_global_pair,1,5,550,51019,1,1,0.8476709127426147,1
C1_global_pair,1,5,594,51067,2,0,0.09703776985406876,0
C1_global_pair,1,5,614,51088,2,0,0.09636610001325607,0
C1_global_pair,1,5,616,51090,2,0,0.0961059108376503,0
C1_global_pair,1,5,621,51096,2,0,0.09610256552696228,0
C1_global_pair,1,5,623,51098,2,0,0.09748127311468124,0
C1_global_pair,1,5,628,51103,2,0,0.24916060268878937,0
C1_global_pair,1,5,647,51128,2,0,0.095085509121418,0
C1_global_pair,1,5,660,51141,2,0,0.09651484340429306,0
C1_global_pair,1,5,669,51153,2,0,0.09262469410896301,0
C1_global_pair,1,5,674,51161,1,1,0.8454774022102356,1
C1_global_pair,1,5,685,51179,1,1,0.8671323657035828,1
C1_global_pair,1,5,698,51198,2,0,0.09270962327718735,0
C1_global_pair,1,5,702,51204,1,1,0.8564767241477966,1
C1_global_pair,1,5,713,51217,1,1,0.09331061691045761,0
C1_global_pair,1,5,719,51223,1,1,0.6164575219154358,1
C1_global_pair,1,5,727,51234,1,1,0.8539425134658813,1
C1_global_pair,1,5,737,51251,2,0,0.6445645689964294,1
C1_global_pair,1,5,738,51252,2,0,0.8699735403060913,1
C1_global_pair,1,5,746,51262,2,0,0.6051302552223206,1
C1_global_pair,1,5,805,51341,2,0,0.4340217411518097,0
C1_global_pair,1,5,821,51362,2,0,0.0919138491153717,0
C1_global_pair,1,5,823,51364,2,0,0.09431064128875732,0
C1_global_pair,1,5,832,51473,1,1,0.41796475648880005,0
C1_global_pair,1,5,847,51560,2,0,0.09281352162361145,0
C1_global_pair,1,5,848,51562,2,0,0.09304565191268921,0
C1_global_pair,1,5,849,51563,2,0,0.0916888490319252,0
C1_global_pair,1,6,6,50010,1,1,0.9308450222015381,1
C1_global_pair,1,6,47,50057,1,1,0.08889193832874298,0
C1_global_pair,1,6,54,50106,2,0,0.13479429483413696,0
C1_global_pair,1,6,61,50115,2,0,0.08732336014509201,0
C1_global_pair,1,6,70,50127,1,1,0.7515240907669067,1
C1_global_pair,1,6,76,50134,1,1,0.9314644932746887,1
C1_global_pair,1,6,78,50142,1,1,0.9316819310188293,1
C1_global_pair,1,6,82,50146,1,1,0.8553341031074524,1
C1_global_pair,1,6,91,50158,2,0,0.0887250006198883,0
C1_global_pair,1,6,92,50159,2,0,0.9316103458404541,1
C1_global_pair,1,6,112,50194,2,0,0.08760015666484833,0
C1_global_pair,1,6,123,50206,2,0,0.570216953754425,1
C1_global_pair,1,6,124,50208,2,0,0.08984295278787613,0
C1_global_pair,1,6,130,50232,1,1,0.9294148087501526,1
C1_global_pair,1,6,131,50233,1,1,0.931302547454834,1
C1_global_pair,1,6,137,50241,1,1,0.9314092397689819,1
C1_global_pair,1,6,139,50245,1,1,0.9316140413284302,1
C1_global_pair,1,6,140,50247,1,1,0.930902898311615,1
C1_global_pair,1,6,151,50260,2,0,0.08739014714956284,0
C1_global_pair,1,6,168,50278,1,1,0.9306375980377197,1
C1_global_pair,1,6,175,50291,1,1,0.9286642074584961,1
C1_global_pair,1,6,196,50325,1,1,0.08795171231031418,0
C1_global_pair,1,6,205,50336,2,0,0.39569318294525146,0
C1_global_pair,1,6,219,50350,2,0,0.09202533215284348,0
C1_global_pair,1,6,220,50351,2,0,0.09054242074489594,0
C1_global_pair,1,6,223,50354,2,0,0.09071216732263565,0
C1_global_pair,1,6,228,50359,2,0,0.13583582639694214,0
C1_global_pair,1,6,229,50360,2,0,0.0880531594157219,0
C1_global_pair,1,6,234,50365,2,0,0.08756674081087112,0
C1_global_pair,1,6,239,50370,2,0,0.08735259622335434,0
C1_global_pair,1,6,254,50388,2,0,0.08732029795646667,0
C1_global_pair,1,6,260,50403,1,1,0.09034864604473114,0
C1_global_pair,1,6,278,50424,2,0,0.08756809681653976,0
C1_global_pair,1,6,290,50440,2,0,0.9284346699714661,1
C1_global_pair,1,6,292,50442,2,0,0.09060265123844147,0
C1_global_pair,1,6,299,50449,2,0,0.0902957171201706,0
C1_global_pair,1,6,302,50466,2,0,0.08739954978227615,0
C1_global_pair,1,6,321,50496,1,1,0.9316549301147461,1
C1_global_pair,1,6,340,50523,1,1,0.9300961494445801,1
C1_global_pair,1,6,345,50528,1,1,0.9310556054115295,1
C1_global_pair,1,6,357,50565,2,0,0.16938291490077972,0
C1_global_pair,1,6,365,50575,2,0,0.08743608742952347,0
C1_global_pair,1,6,372,50604,1,1,0.9300641417503357,1
C1_global_pair,1,6,374,50607,1,1,0.08743377029895782,0
C1_global_pair,1,6,379,50615,1,1,0.9316787123680115,1
C1_global_pair,1,6,399,50664,2,0,0.08936557173728943,0
C1_global_pair,1,6,426,50707,2,0,0.0874791219830513,0
C1_global_pair,1,6,444,50741,2,0,0.08799785375595093,0
C1_global_pair,1,6,467,50782,2,0,0.10099521279335022,0
C1_global_pair,1,6,468,50783,2,0,0.08876435458660126,0
C1_global_pair,1,6,470,50790,2,0,0.08843423426151276,0
C1_global_pair,1,6,480,50807,1,1,0.9316737055778503,1
C1_global_pair,1,6,493,50955,1,1,0.08997345715761185,0
C1_global_pair,1,6,499,50961,1,1,0.9311273097991943,1
C1_global_pair,1,6,515,50981,1,1,0.9287997484207153,1
C1_global_pair,1,6,518,50984,1,1,0.9286683201789856,1
C1_global_pair,1,6,522,50988,1,1,0.9249303936958313,1
C1_global_pair,1,6,523,50989,1,1,0.9308762550354004,1
C1_global_pair,1,6,542,51011,1,1,0.9306473135948181,1
C1_global_pair,1,6,556,51026,1,1,0.9315928816795349,1
C1_global_pair,1,6,557,51027,1,1,0.5096410512924194,1
C1_global_pair,1,6,567,51039,2,0,0.09223388880491257,0
C1_global_pair,1,6,569,51041,2,0,0.09196437895298004,0
C1_global_pair,1,6,573,51046,2,0,0.09293151646852493,0
C1_global_pair,1,6,581,51054,2,0,0.0895078182220459,0
C1_global_pair,1,6,582,51055,2,0,0.09243613481521606,0
C1_global_pair,1,6,583,51056,2,0,0.09135384857654572,0
C1_global_pair,1,6,601,51075,2,0,0.09350418299436569,0
C1_global_pair,1,6,604,51078,2,0,0.09192923456430435,0
C1_global_pair,1,6,624,51099,2,0,0.08854570984840393,0
C1_global_pair,1,6,672,51156,2,0,0.09220605343580246,0
C1_global_pair,1,6,707,51210,1,1,0.9283744692802429,1
C1_global_pair,1,6,725,51230,1,1,0.9316692352294922,1
C1_global_pair,1,6,739,51253,2,0,0.08732331544160843,0
C1_global_pair,1,6,762,51281,2,0,0.09098779410123825,0
C1_global_pair,1,6,773,51302,1,1,0.9124524593353271,1
C1_global_pair,1,6,775,51304,2,0,0.08733272552490234,0
C1_global_pair,1,6,785,51319,1,1,0.9302066564559937,1
C1_global_pair,1,6,796,51331,1,1,0.9316612482070923,1
C1_global_pair,1,6,810,51346,2,0,0.08859272301197052,0
C1_global_pair,1,6,811,51347,2,0,0.0886504203081131,0
C1_global_pair,1,6,812,51349,1,1,0.08946540951728821,0
C1_global_pair,1,6,819,51360,2,0,0.15982568264007568,0
C1_global_pair,1,6,844,51557,2,0,0.08876865357160568,0
C1_global_pair,1,6,858,51573,1,1,0.46681612730026245,0
C1_global_pair,1,6,864,51580,1,1,0.9212580919265747,1
C1_global_pair,1,6,869,51606,1,1,0.09165512770414352,0
C1_global_pair,1,7,22,50031,2,0,0.09191060811281204,0
C1_global_pair,1,7,24,50033,2,0,0.09139567613601685,0
C1_global_pair,1,7,29,50038,2,0,0.09024957567453384,0
C1_global_pair,1,7,43,50052,2,0,0.5397758483886719,1
C1_global_pair,1,7,50,50102,2,0,0.09037715196609497,0
C1_global_pair,1,7,58,50112,2,0,0.09120574593544006,0
C1_global_pair,1,7,62,50116,2,0,0.7181704044342041,1
C1_global_pair,1,7,86,50150,1,1,0.2683945596218109,0
C1_global_pair,1,7,89,50156,1,1,0.8791469931602478,1
C1_global_pair,1,7,93,50160,2,0,0.10234631597995758,0
C1_global_pair,1,7,99,50168,2,0,0.09653951227664948,0
C1_global_pair,1,7,121,50204,2,0,0.09390471130609512,0
C1_global_pair,1,7,125,50210,2,0,0.09031064063310623,0
C1_global_pair,1,7,127,50214,2,0,0.09455318748950958,0
C1_global_pair,1,7,129,50217,2,0,0.0941280797123909,0
C1_global_pair,1,7,133,50236,1,1,0.879069447517395,1
C1_global_pair,1,7,158,50267,2,0,0.08995983749628067,0
C1_global_pair,1,7,162,50271,2,0,0.2573589086532593,0
C1_global_pair,1,7,169,50282,1,1,0.8166195154190063,1
C1_global_pair,1,7,183,50301,1,1,0.5156934261322021,1
C1_global_pair,1,7,188,50312,1,1,0.8656211495399475,1
C1_global_pair,1,7,211,50342,2,0,0.17798754572868347,0
C1_global_pair,1,7,212,50343,2,0,0.8196828365325928,1
C1_global_pair,1,7,238,50369,2,0,0.10180936753749847,0
C1_global_pair,1,7,245,50377,2,0,0.08997577428817749,0
C1_global_pair,1,7,251,50385,2,0,0.6741663217544556,1
C1_global_pair,1,7,262,50405,1,1,0.8790642023086548,1
C1_global_pair,1,7,266,50410,1,1,0.7381090521812439,1
C1_global_pair,1,7,274,50418,2,0,0.11467280983924866,0
C1_global_pair,1,7,300,50453,2,0,0.8522782921791077,1
C1_global_pair,1,7,307,50477,1,1,0.8643469214439392,1
C1_global_pair,1,7,317,50491,1,1,0.8651898503303528,1
C1_global_pair,1,7,318,50492,1,1,0.8721411824226379,1
C1_global_pair,1,7,325,50500,1,1,0.8003555536270142,1
C1_global_pair,1,7,346,50529,1,1,0.8785886764526367,1
C1_global_pair,1,7,353,50557,2,0,0.09152554720640182,0
C1_global_pair,1,7,354,50558,2,0,0.11537348479032516,0
C1_global_pair,1,7,373,50606,1,1,0.5721467137336731,1
C1_global_pair,1,7,375,50608,1,1,0.457311749458313,0
C1_global_pair,1,7,386,50624,1,1,0.8791420459747314,1
C1_global_pair,1,7,395,50649,1,1,0.13874012231826782,0
C1_global_pair,1,7,407,50688,2,0,0.09005589038133621,0
C1_global_pair,1,7,418,50699,2,0,0.8791171312332153,1
C1_global_pair,1,7,428,50709,2,0,0.09031683951616287,0
C1_global_pair,1,7,450,50749,1,1,0.8678408861160278,1
C1_global_pair,1,7,453,50752,1,1,0.7847234606742859,1
C1_global_pair,1,7,456,50756,1,1,0.8716387748718262,1
C1_global_pair,1,7,495,50957,1,1,0.5589131116867065,1
C1_global_pair,1,7,510,50974,1,1,0.8784798979759216,1
C1_global_pair,1,7,521,50987,1,1,0.8746068477630615,1
C1_global_pair,1,7,554,51024,1,1,0.8732743859291077,1
C1_global_pair,1,7,587,51060,2,0,0.6363428235054016,1
C1_global_pair,1,7,593,51066,2,0,0.09029801934957504,0
C1_global_pair,1,7,619,51094,2,0,0.09249232709407806,0
C1_global_pair,1,7,620,51095,2,0,0.5998825430870056,1
C1_global_pair,1,7,629,51104,2,0,0.0910082757472992,0
C1_global_pair,1,7,634,51110,2,0,0.09029840677976608,0
C1_global_pair,1,7,663,51147,2,0,0.08988042920827866,0
C1_global_pair,1,7,667,51151,2,0,0.11502749472856522,0
C1_global_pair,1,7,671,51155,2,0,0.09062047302722931,0
C1_global_pair,1,7,673,51159,2,0,0.8778938055038452,1
C1_global_pair,1,7,676,51163,1,1,0.732736349105835,1
C1_global_pair,1,7,682,51173,1,1,0.8789874315261841,1
C1_global_pair,1,7,683,51177,1,1,0.860483705997467,1
C1_global_pair,1,7,684,51178,1,1,0.8784713745117188,1
C1_global_pair,1,7,695,51192,2,0,0.08996035158634186,0
C1_global_pair,1,7,704,51206,1,1,0.7465162873268127,1
C1_global_pair,1,7,710,51214,1,1,0.8768205046653748,1
C1_global_pair,1,7,717,51221,1,1,0.8783540725708008,1
C1_global_pair,1,7,720,51224,1,1,0.875591516494751,1
C1_global_pair,1,7,724,51229,1,1,0.8789553046226501,1
C1_global_pair,1,7,736,51250,2,0,0.0936555415391922,0
C1_global_pair,1,7,759,51278,2,0,0.41890376806259155,0
C1_global_pair,1,7,760,51279,2,0,0.09118348360061646,0
C1_global_pair,1,7,764,51292,1,1,0.8700091242790222,1
C1_global_pair,1,7,774,51303,2,0,0.09011433273553848,0
C1_global_pair,1,7,784,51318,1,1,0.3039974868297577,0
C1_global_pair,1,7,799,51334,2,0,0.08997264504432678,0
C1_global_pair,1,7,807,51343,2,0,0.09918402135372162,0
C1_global_pair,1,7,820,51361,2,0,0.09921455383300781,0
C1_global_pair,1,7,827,51373,2,0,0.09630422294139862,0
C1_global_pair,1,7,828,51461,1,1,0.8716153502464294,1
C1_global_pair,1,7,830,51464,1,1,0.8764095902442932,1
C1_global_pair,1,7,831,51465,1,1,0.8789395689964294,1
C1_global_pair,1,7,833,51477,2,0,0.08996669948101044,0
C1_global_pair,1,7,857,51572,1,1,0.8789706230163574,1
C1_global_pair,1,7,866,51583,1,1,0.8751022815704346,1
C1_global_pair,1,8,5,50008,1,1,0.8289673924446106,1
C1_global_pair,1,8,7,50011,1,1,0.8516664505004883,1
C1_global_pair,1,8,10,50014,1,1,0.8515090942382812,1
C1_global_pair,1,8,14,50022,1,1,0.10737814754247665,0
C1_global_pair,1,8,16,50024,1,1,0.8532425165176392,1
C1_global_pair,1,8,35,50044,2,0,0.10880385339260101,0
C1_global_pair,1,8,42,50051,2,0,0.3880002796649933,0
C1_global_pair,1,8,49,50060,2,0,0.10722991824150085,0
C1_global_pair,1,8,52,50104,2,0,0.11259348690509796,0
C1_global_pair,1,8,56,50109,2,0,0.11264627426862717,0
C1_global_pair,1,8,65,50119,1,1,0.10766839236021042,0
C1_global_pair,1,8,67,50123,1,1,0.8506306409835815,1
C1_global_pair,1,8,101,50170,2,0,0.17641344666481018,0
C1_global_pair,1,8,103,50182,1,1,0.849393367767334,1
C1_global_pair,1,8,104,50183,1,1,0.8531596064567566,1
C1_global_pair,1,8,106,50186,1,1,0.8530341386795044,1
C1_global_pair,1,8,117,50200,2,0,0.1111561730504036,0
C1_global_pair,1,8,118,50201,2,0,0.10767226666212082,0
C1_global_pair,1,8,143,50250,1,1,0.11293584108352661,0
C1_global_pair,1,8,146,50253,1,1,0.45384687185287476,0
C1_global_pair,1,8,164,50273,1,1,0.8486624360084534,1
C1_global_pair,1,8,171,50285,1,1,0.12210274487733841,0
C1_global_pair,1,8,184,50302,1,1,0.8521592617034912,1
C1_global_pair,1,8,187,50310,1,1,0.8506279587745667,1
C1_global_pair,1,8,194,50321,1,1,0.8501566648483276,1
C1_global_pair,1,8,198,50329,2,0,0.10785780102014542,0
C1_global_pair,1,8,214,50345,2,0,0.10704248398542404,0
C1_global_pair,1,8,227,50358,2,0,0.1070541962981224,0
C1_global_pair,1,8,231,50362,2,0,0.10704395920038223,0
C1_global_pair,1,8,244,50376,2,0,0.6150838136672974,1
C1_global_pair,1,8,263,50406,1,1,0.8506584167480469,1
C1_global_pair,1,8,268,50412,1,1,0.8521474599838257,1
C1_global_pair,1,8,270,50414,2,0,0.760614275932312,1
C1_global_pair,1,8,281,50427,2,0,0.11002058535814285,0
C1_global_pair,1,8,298,50448,2,0,0.11452680081129074,0
C1_global_pair,1,8,309,50481,1,1,0.8516532778739929,1
C1_global_pair,1,8,314,50487,1,1,0.8525927662849426,1
C1_global_pair,1,8,358,50568,2,0,0.6722597479820251,1
C1_global_pair,1,8,366,50576,2,0,0.10945122689008713,0
C1_global_pair,1,8,369,50601,1,1,0.2403331995010376,0
C1_global_pair,1,8,381,50619,1,1,0.8498892188072205,1
C1_global_pair,1,8,404,50685,2,0,0.11125891655683517,0
C1_global_pair,1,8,419,50700,1,1,0.850679874420166,1
C1_global_pair,1,8,420,50701,2,0,0.10706236213445663,0
C1_global_pair,1,8,432,50724,2,0,0.10784926265478134,0
C1_global_pair,1,8,440,50737,2,0,0.10717397183179855,0
C1_global_pair,1,8,454,50754,1,1,0.8503981828689575,1
C1_global_pair,1,8,462,50776,2,0,0.10767517238855362,0
C1_global_pair,1,8,471,50791,1,1,0.8531959652900696,1
C1_global_pair,1,8,482,50814,2,0,0.25858405232429504,0
C1_global_pair,1,8,508,50972,1,1,0.8524965643882751,1
C1_global_pair,1,8,525,50991,1,1,0.1445951759815216,0
C1_global_pair,1,8,527,50993,1,1,0.8478909134864807,1
C1_global_pair,1,8,532,50999,1,1,0.84908127784729,1
C1_global_pair,1,8,544,51013,1,1,0.8530041575431824,1
C1_global_pair,1,8,559,51029,1,1,0.25864988565444946,0
C1_global_pair,1,8,576,51049,2,0,0.11204440891742706,0
C1_global_pair,1,8,596,51069,2,0,0.11324027180671692,0
C1_global_pair,1,8,627,51102,2,0,0.1094273254275322,0
C1_global_pair,1,8,632,51107,2,0,0.837712824344635,1
C1_global_pair,1,8,635,51111,2,0,0.10990012437105179,0
C1_global_pair,1,8,638,51114,2,0,0.10744621604681015,0
C1_global_pair,1,8,642,51122,2,0,0.10984652489423752,0
C1_global_pair,1,8,644,51124,2,0,0.10747765004634857,0
C1_global_pair,1,8,656,51137,2,0,0.11096663773059845,0
C1_global_pair,1,8,670,51154,2,0,0.2250777930021286,0
C1_global_pair,1,8,694,51189,2,0,0.10955242067575455,0
C1_global_pair,1,8,701,51203,1,1,0.8531913757324219,1
C1_global_pair,1,8,711,51215,1,1,0.11529429256916046,0
C1_global_pair,1,8,730,51237,1,1,0.8516608476638794,1
C1_global_pair,1,8,733,51241,1,1,0.8508460521697998,1
C1_global_pair,1,8,745,51261,2,0,0.10769111663103104,0
C1_global_pair,1,8,747,51264,2,0,0.11045370250940323,0
C1_global_pair,1,8,758,51277,2,0,0.10709074884653091,0
C1_global_pair,1,8,777,51306,2,0,0.5009474158287048,1
C1_global_pair,1,8,783,51315,2,0,0.10732938349246979,0
C1_global_pair,1,8,786,51320,1,1,0.850662350654602,1
C1_global_pair,1,8,788,51322,1,1,0.10710527747869492,0
C1_global_pair,1,8,790,51325,1,1,0.8368019461631775,1
C1_global_pair,1,8,791,51326,1,1,0.3338615596294403,0
C1_global_pair,1,8,797,51332,2,0,0.10943460464477539,0
C1_global_pair,1,8,801,51336,2,0,0.10723812133073807,0
C1_global_pair,1,8,802,51338,2,0,0.8376091122627258,1
C1_global_pair,1,8,816,51356,2,0,0.8379806876182556,1
C1_global_pair,1,8,824,51365,2,0,0.1096561849117279,0
C1_global_pair,1,8,825,51369,2,0,0.10756145417690277,0
C1_global_pair,1,8,839,51487,2,0,0.1070432960987091,0
C1_global_pair,1,9,0,50003,1,1,0.5988999605178833,1
C1_global_pair,1,9,44,50053,1,1,0.913887619972229,1
C1_global_pair,1,9,51,50103,2,0,0.9134688973426819,1
C1_global_pair,1,9,83,50147,1,1,0.917523205280304,1
C1_global_pair,1,9,96,50163,2,0,0.5187482237815857,1
C1_global_pair,1,9,110,50190,1,1,0.9159236550331116,1
C1_global_pair,1,9,116,50199,2,0,0.152298241853714,0
C1_global_pair,1,9,136,50240,1,1,0.917242705821991,1
C1_global_pair,1,9,155,50264,2,0,0.6104572415351868,1
C1_global_pair,1,9,157,50266,2,0,0.1457565426826477,0
C1_global_pair,1,9,161,50270,2,0,0.1507088840007782,0
C1_global_pair,1,9,178,50294,1,1,0.9172677397727966,1
C1_global_pair,1,9,180,50297,1,1,0.9079431891441345,1
C1_global_pair,1,9,181,50298,1,1,0.9170823097229004,1
C1_global_pair,1,9,182,50300,1,1,0.2092246115207672,0
C1_global_pair,1,9,197,50327,2,0,0.21254117786884308,0
C1_global_pair,1,9,202,50333,2,0,0.15020518004894257,0
C1_global_pair,1,9,208,50339,2,0,0.1480116993188858,0
C1_global_pair,1,9,237,50368,2,0,0.14579610526561737,0
C1_global_pair,1,9,247,50380,2,0,0.7203065156936646,1
C1_global_pair,1,9,249,50382,2,0,0.14901958405971527,0
C1_global_pair,1,9,257,50397,1,1,0.9134482741355896,1
C1_global_pair,1,9,267,50411,1,1,0.9171952605247498,1
C1_global_pair,1,9,287,50437,2,0,0.9174213409423828,1
C1_global_pair,1,9,294,50444,2,0,0.30652645230293274,0
C1_global_pair,1,9,297,50447,2,0,0.46642327308654785,0
C1_global_pair,1,9,310,50482,1,1,0.9165339469909668,1
C1_global_pair,1,9,320,50494,1,1,0.9155927896499634,1
C1_global_pair,1,9,341,50524,1,1,0.9168882966041565,1
C1_global_pair,1,9,352,50555,2,0,0.14578133821487427,0
C1_global_pair,1,9,377,50613,1,1,0.9171781539916992,1
C1_global_pair,1,9,378,50614,1,1,0.9174672961235046,1
C1_global_pair,1,9,396,50654,1,1,0.30185240507125854,0
C1_global_pair,1,9,400,50665,2,0,0.4169994592666626,0
C1_global_pair,1,9,406,50687,2,0,0.9168453812599182,1
C1_global_pair,1,9,409,50690,1,1,0.14645087718963623,0
C1_global_pair,1,9,423,50704,1,1,0.9136188626289368,1
C1_global_pair,1,9,424,50705,1,1,0.9061574935913086,1
C1_global_pair,1,9,427,50708,1,1,0.9168877601623535,1
C1_global_pair,1,9,434,50726,2,0,0.4593569040298462,0
C1_global_pair,1,9,442,50739,2,0,0.9155610203742981,1
C1_global_pair,1,9,452,50751,1,1,0.9110134243965149,1
C1_global_pair,1,9,459,50773,2,0,0.4120786488056183,0
C1_global_pair,1,9,463,50777,2,0,0.28671663999557495,0
C1_global_pair,1,9,479,50803,1,1,0.9172449707984924,1
C1_global_pair,1,9,488,50822,2,0,0.14700613915920258,0
C1_global_pair,1,9,491,50952,1,1,0.9172593355178833,1
C1_global_pair,1,9,500,50962,1,1,0.9115872383117676,1
C1_global_pair,1,9,512,50977,1,1,0.9165161848068237,1
C1_global_pair,1,9,520,50986,1,1,0.2406996488571167,0
C1_global_pair,1,9,526,50992,1,1,0.9056616425514221,1
C1_global_pair,1,9,534,51001,1,1,0.915962278842926,1
C1_global_pair,1,9,540,51009,1,1,0.9161174297332764,1
C1_global_pair,1,9,552,51021,1,1,0.9174755215644836,1
C1_global_pair,1,9,561,51032,1,1,0.9161735773086548,1
C1_global_pair,1,9,563,51034,1,1,0.917517364025116,1
C1_global_pair,1,9,565,51036,2,0,0.1481911689043045,0
C1_global_pair,1,9,578,51051,2,0,0.15419168770313263,0
C1_global_pair,1,9,591,51064,2,0,0.907607913017273,1
C1_global_pair,1,9,595,51068,2,0,0.9163756370544434,1
C1_global_pair,1,9,602,51076,2,0,0.15455912053585052,0
C1_global_pair,1,9,612,51086,2,0,0.14652042090892792,0
C1_global_pair,1,9,622,51097,2,0,0.15364158153533936,0
C1_global_pair,1,9,625,51100,2,0,0.7117814421653748,1
C1_global_pair,1,9,631,51106,2,0,0.14590944349765778,0
C1_global_pair,1,9,640,51117,2,0,0.7439849376678467,1
C1_global_pair,1,9,643,51123,2,0,0.36360839009284973,0
C1_global_pair,1,9,657,51138,2,0,0.15129750967025757,0
C1_global_pair,1,9,679,51169,1,1,0.9129965901374817,1
C1_global_pair,1,9,692,51187,2,0,0.5374406576156616,1
C1_global_pair,1,9,693,51188,2,0,0.15011504292488098,0
C1_global_pair,1,9,709,51212,1,1,0.9157227277755737,1
C1_global_pair,1,9,715,51219,1,1,0.916155993938446,1
C1_global_pair,1,9,732,51240,1,1,0.9165167808532715,1
C1_global_pair,1,9,743,51257,2,0,0.9156779646873474,1
C1_global_pair,1,9,781,51311,2,0,0.14758950471878052,0
C1_global_pair,1,9,795,51330,1,1,0.9171831607818604,1
C1_global_pair,1,9,798,51333,2,0,0.14587144553661346,0
C1_global_pair,1,9,809,51345,2,0,0.21378852427005768,0
C1_global_pair,1,9,818,51359,2,0,0.917004406452179,1
C1_global_pair,1,9,822,51363,2,0,0.5323158502578735,1
C1_global_pair,1,9,829,51463,1,1,0.9173808693885803,1
C1_global_pair,1,9,837,51482,2,0,0.15234047174453735,0
C1_global_pair,1,9,840,51488,2,0,0.38050633668899536,0
C1_global_pair,1,9,843,51556,2,0,0.439750611782074,0
C1_global_pair,1,9,851,51565,2,0,0.1480262577533722,0
C1_global_pair,1,9,862,51578,1,1,0.9165822267532349,1
C1_global_pair,1,10,2,50005,1,1,0.9479440450668335,1
C1_global_pair,1,10,11,50015,1,1,0.9482942223548889,1
C1_global_pair,1,10,18,50026,1,1,0.9519127011299133,1
C1_global_pair,1,10,19,50027,1,1,0.301499605178833,0
C1_global_pair,1,10,20,50028,1,1,0.951635479927063,1
C1_global_pair,1,10,27,50036,2,0,0.06446605175733566,0
C1_global_pair,1,10,36,50045,2,0,0.9120875597000122,1
C1_global_pair,1,10,38,50047,2,0,0.32674986124038696,0
C1_global_pair,1,10,55,50107,2,0,0.13526064157485962,0
C1_global_pair,1,10,63,50117,2,0,0.06367143243551254,0
C1_global_pair,1,10,66,50121,1,1,0.9516371488571167,1
C1_global_pair,1,10,72,50129,1,1,0.950988233089447,1
C1_global_pair,1,10,85,50149,1,1,0.9512348175048828,1
C1_global_pair,1,10,98,50167,2,0,0.07283523678779602,0
C1_global_pair,1,10,108,50188,1,1,0.06826058775186539,0
C1_global_pair,1,10,113,50195,2,0,0.06529495120048523,0
C1_global_pair,1,10,114,50196,2,0,0.28122422099113464,0
C1_global_pair,1,10,126,50213,2,0,0.06401081383228302,0
C1_global_pair,1,10,132,50234,1,1,0.9515454769134521,1
C1_global_pair,1,10,141,50248,1,1,0.9517772793769836,1
C1_global_pair,1,10,145,50252,1,1,0.9173242449760437,1
C1_global_pair,1,10,152,50261,2,0,0.9509586691856384,1
C1_global_pair,1,10,156,50265,2,0,0.06380342692136765,0
C1_global_pair,1,10,163,50272,1,1,0.9503077268600464,1
C1_global_pair,1,10,176,50292,1,1,0.9514490962028503,1
C1_global_pair,1,10,190,50315,1,1,0.9506142139434814,1
C1_global_pair,1,10,200,50331,2,0,0.6791049242019653,1
C1_global_pair,1,10,225,50356,2,0,0.06873870640993118,0
C1_global_pair,1,10,235,50366,2,0,0.23217348754405975,0
C1_global_pair,1,10,240,50372,2,0,0.06388483196496964,0
C1_global_pair,1,10,246,50379,2,0,0.0647679939866066,0
C1_global_pair,1,10,265,50408,1,1,0.07282606512308121,0
C1_global_pair,1,10,275,50419,2,0,0.06768617779016495,0
C1_global_pair,1,10,279,50425,2,0,0.06411698460578918,0
C1_global_pair,1,10,285,50435,2,0,0.13902315497398376,0
C1_global_pair,1,10,308,50480,1,1,0.9510180950164795,1
C1_global_pair,1,10,315,50488,1,1,0.9516386389732361,1
C1_global_pair,1,10,319,50493,1,1,0.9506118893623352,1
C1_global_pair,1,10,348,50531,1,1,0.9482634663581848,1
C1_global_pair,1,10,361,50571,2,0,0.4662560224533081,0
C1_global_pair,1,10,376,50612,1,1,0.6945816278457642,1
C1_global_pair,1,10,388,50626,1,1,0.9509893655776978,1
C1_global_pair,1,10,393,50647,1,1,0.9517236948013306,1
C1_global_pair,1,10,397,50656,2,0,0.264008104801178,0
C1_global_pair,1,10,405,50686,1,1,0.9506164193153381,1
C1_global_pair,1,10,414,50695,1,1,0.18466536700725555,0
C1_global_pair,1,10,448,50745,1,1,0.9496431350708008,1
C1_global_pair,1,10,461,50775,2,0,0.06692033261060715,0
C1_global_pair,1,10,464,50778,2,0,0.06447047740221024,0
C1_global_pair,1,10,466,50781,2,0,0.4363723695278168,0
C1_global_pair,1,10,476,50799,1,1,0.9516114592552185,1
C1_global_pair,1,10,478,50801,1,1,0.9480205178260803,1
C1_global_pair,1,10,486,50820,2,0,0.07040686160326004,0
C1_global_pair,1,10,489,50823,1,1,0.9493966698646545,1
C1_global_pair,1,10,490,50824,1,1,0.5257368087768555,1
C1_global_pair,1,10,519,50985,1,1,0.9490622282028198,1
C1_global_pair,1,10,568,51040,2,0,0.06764951348304749,0
C1_global_pair,1,10,570,51042,2,0,0.06798138469457626,0
C1_global_pair,1,10,579,51052,2,0,0.06521760672330856,0
C1_global_pair,1,10,586,51059,2,0,0.07002462446689606,0
C1_global_pair,1,10,589,51062,2,0,0.06677892804145813,0
C1_global_pair,1,10,606,51080,2,0,0.949955940246582,1
C1_global_pair,1,10,609,51083,2,0,0.9518402218818665,1
C1_global_pair,1,10,611,51085,2,0,0.9517605304718018,1
C1_global_pair,1,10,652,51133,2,0,0.6853958368301392,1
C1_global_pair,1,10,665,51149,2,0,0.06585350632667542,0
C1_global_pair,1,10,677,51164,1,1,0.950864315032959,1
C1_global_pair,1,10,688,51182,2,0,0.06491628289222717,0
C1_global_pair,1,10,700,51202,1,1,0.9477351903915405,1
C1_global_pair,1,10,705,51207,1,1,0.9490584135055542,1
C1_global_pair,1,10,721,51225,1,1,0.563662588596344,1
C1_global_pair,1,10,740,51254,2,0,0.06765086203813553,0
C1_global_pair,1,10,748,51265,2,0,0.07587240636348724,0
C1_global_pair,1,10,749,51266,2,0,0.8311790227890015,1
C1_global_pair,1,10,756,51275,2,0,0.07762664556503296,0
C1_global_pair,1,10,766,51294,1,1,0.9508558511734009,1
C1_global_pair,1,10,768,51297,1,1,0.9515425562858582,1
C1_global_pair,1,10,772,51301,1,1,0.7534827589988708,1
C1_global_pair,1,10,779,51308,2,0,0.07847180962562561,0
C1_global_pair,1,10,780,51309,2,0,0.9516305327415466,1
C1_global_pair,1,10,782,51313,2,0,0.07787054777145386,0
C1_global_pair,1,10,800,51335,2,0,0.12945769727230072,0
C1_global_pair,1,10,834,51479,2,0,0.06840527802705765,0
C1_global_pair,1,10,850,51564,2,0,0.06404844671487808,0
C1_global_pair,1,10,853,51567,2,0,0.06469346582889557,0
C1_global_pair,1,10,865,51582,1,1,0.9516296982765198,1
C1_global_pair,1,10,868,51585,1,1,0.9510030746459961,1
C1_global_pair,2,1,0,50003,1,1,0.7525937557220459,1
C1_global_pair,2,1,7,50011,1,1,0.8405095338821411,1
C1_global_pair,2,1,35,50044,2,0,0.17938271164894104,0
C1_global_pair,2,1,39,50048,2,0,0.7174802422523499,1
C1_global_pair,2,1,45,50054,2,0,0.8410081267356873,1
C1_global_pair,2,1,48,50059,2,0,0.798886775970459,1
C1_global_pair,2,1,53,50105,2,0,0.4374552071094513,0
C1_global_pair,2,1,55,50107,2,0,0.52949059009552,1
C1_global_pair,2,1,72,50129,1,1,0.8421282768249512,1
C1_global_pair,2,1,73,50130,1,1,0.8423928618431091,1
C1_global_pair,2,1,78,50142,1,1,0.8418174982070923,1
C1_global_pair,2,1,81,50145,1,1,0.248618945479393,0
C1_global_pair,2,1,86,50150,1,1,0.26389506459236145,0
C1_global_pair,2,1,95,50162,2,0,0.18463434278964996,0
C1_global_pair,2,1,127,50214,2,0,0.18288186192512512,0
C1_global_pair,2,1,138,50243,1,1,0.7893992066383362,1
C1_global_pair,2,1,144,50251,1,1,0.7353985905647278,1
C1_global_pair,2,1,149,50257,2,0,0.17827600240707397,0
C1_global_pair,2,1,176,50292,1,1,0.84211266040802,1
C1_global_pair,2,1,182,50300,1,1,0.2789916694164276,0
C1_global_pair,2,1,192,50319,1,1,0.8398978114128113,1
C1_global_pair,2,1,193,50320,1,1,0.8390291929244995,1
C1_global_pair,2,1,204,50335,2,0,0.18406590819358826,0
C1_global_pair,2,1,205,50336,2,0,0.3697319030761719,0
C1_global_pair,2,1,231,50362,2,0,0.17868739366531372,0
C1_global_pair,2,1,234,50365,2,0,0.175042986869812,0
C1_global_pair,2,1,242,50374,2,0,0.4850423336029053,0
C1_global_pair,2,1,247,50380,2,0,0.4737361669540405,0
C1_global_pair,2,1,248,50381,2,0,0.18635310232639313,0
C1_global_pair,2,1,253,50387,2,0,0.18025216460227966,0
C1_global_pair,2,1,259,50402,1,1,0.18640585243701935,0
C1_global_pair,2,1,285,50435,2,0,0.24802778661251068,0
C1_global_pair,2,1,286,50436,2,0,0.6620330214500427,1
C1_global_pair,2,1,295,50445,2,0,0.17688396573066711,0
C1_global_pair,2,1,300,50453,2,0,0.8231906294822693,1
C1_global_pair,2,1,307,50477,1,1,0.8405100703239441,1
C1_global_pair,2,1,329,50504,1,1,0.8292786478996277,1
C1_global_pair,2,1,345,50528,1,1,0.838167130947113,1
C1_global_pair,2,1,348,50531,1,1,0.8223654627799988,1
C1_global_pair,2,1,357,50565,2,0,0.37977901101112366,0
C1_global_pair,2,1,359,50569,2,0,0.6263123154640198,1
C1_global_pair,2,1,360,50570,2,0,0.17503273487091064,0
C1_global_pair,2,1,369,50601,1,1,0.7382205128669739,1
C1_global_pair,2,1,374,50607,1,1,0.1869293749332428,0
C1_global_pair,2,1,385,50623,1,1,0.8291019201278687,1
C1_global_pair,2,1,405,50686,1,1,0.8371042013168335,1
C1_global_pair,2,1,411,50692,2,0,0.17851300537586212,0
C1_global_pair,2,1,412,50693,1,1,0.6293302774429321,1
C1_global_pair,2,1,425,50706,2,0,0.37817516922950745,0
C1_global_pair,2,1,432,50724,2,0,0.17537713050842285,0
C1_global_pair,2,1,466,50781,2,0,0.7761286497116089,1
C1_global_pair,2,1,468,50783,2,0,0.17732134461402893,0
C1_global_pair,2,1,471,50791,1,1,0.8369134068489075,1
C1_global_pair,2,1,484,50817,2,0,0.1749841868877411,0
C1_global_pair,2,1,495,50957,1,1,0.8339820504188538,1
C1_global_pair,2,1,505,50968,1,1,0.8320599794387817,1
C1_global_pair,2,1,506,50969,1,1,0.8411571979522705,1
C1_global_pair,2,1,513,50978,1,1,0.8387554883956909,1
C1_global_pair,2,1,526,50992,1,1,0.5643337368965149,1
C1_global_pair,2,1,532,50999,1,1,0.8329141736030579,1
C1_global_pair,2,1,555,51025,1,1,0.841982364654541,1
C1_global_pair,2,1,556,51026,1,1,0.8364560604095459,1
C1_global_pair,2,1,566,51038,2,0,0.20610642433166504,0
C1_global_pair,2,1,575,51048,2,0,0.31817054748535156,0
C1_global_pair,2,1,585,51058,2,0,0.18392589688301086,0
C1_global_pair,2,1,596,51069,2,0,0.17531925439834595,0
C1_global_pair,2,1,603,51077,2,0,0.2902042865753174,0
C1_global_pair,2,1,612,51086,2,0,0.1769053339958191,0
C1_global_pair,2,1,653,51134,2,0,0.18792621791362762,0
C1_global_pair,2,1,684,51178,1,1,0.8410609364509583,1
C1_global_pair,2,1,686,51180,2,0,0.18984650075435638,0
C1_global_pair,2,1,687,51181,2,0,0.48992404341697693,0
C1_global_pair,2,1,695,51192,2,0,0.1782752126455307,0
C1_global_pair,2,1,710,51214,1,1,0.8382197022438049,1
C1_global_pair,2,1,716,51220,1,1,0.8324602842330933,1
C1_global_pair,2,1,721,51225,1,1,0.6504735350608826,1
C1_global_pair,2,1,749,51266,2,0,0.8364017605781555,1
C1_global_pair,2,1,750,51267,2,0,0.19210593402385712,0
C1_global_pair,2,1,771,51300,1,1,0.8414052128791809,1
C1_global_pair,2,1,792,51327,1,1,0.8329131603240967,1
C1_global_pair,2,1,793,51328,1,1,0.8391900062561035,1
C1_global_pair,2,1,806,51342,2,0,0.21890684962272644,0
C1_global_pair,2,1,808,51344,2,0,0.48063281178474426,0
C1_global_pair,2,1,816,51356,2,0,0.8405455946922302,1
C1_global_pair,2,1,823,51364,2,0,0.342213898897171,0
C1_global_pair,2,1,837,51482,2,0,0.19060823321342468,0
C1_global_pair,2,1,867,51584,1,1,0.8423289060592651,1
C1_global_pair,2,1,869,51606,1,1,0.36575016379356384,0
C1_global_pair,2,2,2,50005,1,1,0.8907631635665894,1
C1_global_pair,2,2,6,50010,1,1,0.8989227414131165,1
C1_global_pair,2,2,10,50014,1,1,0.8972257971763611,1
C1_global_pair,2,2,24,50033,2,0,0.0800226554274559,0
C1_global_pair,2,2,30,50039,2,0,0.5846205353736877,1
C1_global_pair,2,2,67,50123,1,1,0.9012162089347839,1
C1_global_pair,2,2,76,50134,1,1,0.8586925864219666,1
C1_global_pair,2,2,79,50143,1,1,0.893913984298706,1
C1_global_pair,2,2,92,50159,2,0,0.9008347988128662,1
C1_global_pair,2,2,98,50167,2,0,0.08131515979766846,0
C1_global_pair,2,2,101,50170,2,0,0.0828254222869873,0
C1_global_pair,2,2,115,50198,2,0,0.16907592117786407,0
C1_global_pair,2,2,129,50217,2,0,0.07766233384609222,0
C1_global_pair,2,2,140,50247,1,1,0.8995364904403687,1
C1_global_pair,2,2,153,50262,2,0,0.07759209722280502,0
C1_global_pair,2,2,155,50264,2,0,0.08280427753925323,0
C1_global_pair,2,2,164,50273,1,1,0.8963662981987,1
C1_global_pair,2,2,169,50282,1,1,0.7956215143203735,1
C1_global_pair,2,2,180,50297,1,1,0.18287314474582672,0
C1_global_pair,2,2,187,50310,1,1,0.9003713726997375,1
C1_global_pair,2,2,202,50333,2,0,0.0816730335354805,0
C1_global_pair,2,2,212,50343,2,0,0.16257767379283905,0
C1_global_pair,2,2,217,50348,2,0,0.07772188633680344,0
C1_global_pair,2,2,228,50359,2,0,0.08550282567739487,0
C1_global_pair,2,2,246,50379,2,0,0.07792981714010239,0
C1_global_pair,2,2,251,50385,2,0,0.8961653709411621,1
C1_global_pair,2,2,277,50422,2,0,0.7743985056877136,1
C1_global_pair,2,2,280,50426,2,0,0.07761679589748383,0
C1_global_pair,2,2,281,50427,2,0,0.0776270180940628,0
C1_global_pair,2,2,288,50438,2,0,0.07758181542158127,0
C1_global_pair,2,2,293,50443,2,0,0.17380091547966003,0
C1_global_pair,2,2,326,50501,1,1,0.8972132802009583,1
C1_global_pair,2,2,336,50518,1,1,0.8998573422431946,1
C1_global_pair,2,2,340,50523,1,1,0.8979501128196716,1
C1_global_pair,2,2,352,50555,2,0,0.07790204137563705,0
C1_global_pair,2,2,354,50558,2,0,0.07756886631250381,0
C1_global_pair,2,2,373,50606,1,1,0.9012171030044556,1
C1_global_pair,2,2,392,50644,1,1,0.7559430599212646,1
C1_global_pair,2,2,396,50654,1,1,0.15353482961654663,0
C1_global_pair,2,2,403,50683,2,0,0.07758168131113052,0
C1_global_pair,2,2,404,50685,2,0,0.08350920677185059,0
C1_global_pair,2,2,417,50698,2,0,0.07892006635665894,0
C1_global_pair,2,2,422,50703,2,0,0.07894118130207062,0
C1_global_pair,2,2,437,50731,2,0,0.0784333124756813,0
C1_global_pair,2,2,450,50749,1,1,0.8681433200836182,1
C1_global_pair,2,2,460,50774,2,0,0.07833320647478104,0
C1_global_pair,2,2,462,50776,2,0,0.07774772495031357,0
C1_global_pair,2,2,474,50797,1,1,0.6118202209472656,1
C1_global_pair,2,2,508,50972,1,1,0.9013736844062805,1
C1_global_pair,2,2,514,50979,1,1,0.22709736227989197,0
C1_global_pair,2,2,537,51006,1,1,0.899837851524353,1
C1_global_pair,2,2,538,51007,1,1,0.9013695120811462,1
C1_global_pair,2,2,550,51019,1,1,0.8953371644020081,1
C1_global_pair,2,2,554,51024,1,1,0.9002657532691956,1
C1_global_pair,2,2,571,51044,2,0,0.08278898149728775,0
C1_global_pair,2,2,579,51052,2,0,0.07914618402719498,0
C1_global_pair,2,2,583,51056,2,0,0.08341111242771149,0
C1_global_pair,2,2,590,51063,2,0,0.08161604404449463,0
C1_global_pair,2,2,599,51073,2,0,0.08138087391853333,0
C1_global_pair,2,2,622,51097,2,0,0.08593825995922089,0
C1_global_pair,2,2,628,51103,2,0,0.07842129468917847,0
C1_global_pair,2,2,638,51114,2,0,0.09061038494110107,0
C1_global_pair,2,2,661,51142,2,0,0.07807919383049011,0
C1_global_pair,2,2,672,51156,2,0,0.0805172324180603,0
C1_global_pair,2,2,677,51164,1,1,0.9010459184646606,1
C1_global_pair,2,2,689,51183,2,0,0.11654920876026154,0
C1_global_pair,2,2,705,51207,1,1,0.8907871842384338,1
C1_global_pair,2,2,706,51208,1,1,0.32350003719329834,0
C1_global_pair,2,2,709,51212,1,1,0.8920078873634338,1
C1_global_pair,2,2,720,51224,1,1,0.8988925218582153,1
C1_global_pair,2,2,723,51228,1,1,0.9010734558105469,1
C1_global_pair,2,2,728,51235,1,1,0.8989371657371521,1
C1_global_pair,2,2,735,51249,1,1,0.8943707346916199,1
C1_global_pair,2,2,737,51251,2,0,0.14517615735530853,0
C1_global_pair,2,2,741,51255,2,0,0.07782674580812454,0
C1_global_pair,2,2,767,51295,1,1,0.9012663960456848,1
C1_global_pair,2,2,769,51298,1,1,0.9009789824485779,1
C1_global_pair,2,2,770,51299,1,1,0.8990501761436462,1
C1_global_pair,2,2,791,51326,1,1,0.5373110771179199,1
C1_global_pair,2,2,795,51330,1,1,0.8510397672653198,1
C1_global_pair,2,2,805,51341,2,0,0.15216095745563507,0
C1_global_pair,2,2,838,51484,2,0,0.07762185484170914,0
C1_global_pair,2,2,853,51567,2,0,0.07838904857635498,0
C1_global_pair,2,2,856,51570,2,0,0.10654599964618683,0
C1_global_pair,2,2,858,51573,1,1,0.5374929904937744,1
C1_global_pair,2,2,865,51582,1,1,0.8980268836021423,1
C1_global_pair,2,2,868,51585,1,1,0.8989569544792175,1
C1_global_pair,2,3,1,50004,1,1,0.7830618619918823,1
C1_global_pair,2,3,4,50007,1,1,0.45105814933776855,0
C1_global_pair,2,3,25,50034,2,0,0.22039364278316498,0
C1_global_pair,2,3,34,50043,2,0,0.22096259891986847,0
C1_global_pair,2,3,62,50116,2,0,0.24941816926002502,0
C1_global_pair,2,3,108,50188,1,1,0.22695773839950562,0
C1_global_pair,2,3,117,50200,2,0,0.2284698784351349,0
C1_global_pair,2,3,125,50210,2,0,0.22386741638183594,0
C1_global_pair,2,3,141,50248,1,1,0.7764467597007751,1
C1_global_pair,2,3,152,50261,2,0,0.7299433350563049,1
C1_global_pair,2,3,162,50271,2,0,0.2269875556230545,0
C1_global_pair,2,3,163,50272,1,1,0.7814350128173828,1
C1_global_pair,2,3,177,50293,1,1,0.7646123766899109,1
C1_global_pair,2,3,178,50294,1,1,0.7835094332695007,1
C1_global_pair,2,3,200,50331,2,0,0.21932558715343475,0
C1_global_pair,2,3,209,50340,2,0,0.22385211288928986,0
C1_global_pair,2,3,218,50349,2,0,0.2245941311120987,0
C1_global_pair,2,3,229,50360,2,0,0.21932943165302277,0
C1_global_pair,2,3,243,50375,2,0,0.22158142924308777,0
C1_global_pair,2,3,244,50376,2,0,0.5633190274238586,1
C1_global_pair,2,3,265,50408,1,1,0.2238275110721588,0
C1_global_pair,2,3,274,50418,2,0,0.2493671476840973,0
C1_global_pair,2,3,283,50433,2,0,0.21946515142917633,0
C1_global_pair,2,3,302,50466,2,0,0.2210867553949356,0
C1_global_pair,2,3,311,50483,1,1,0.6582262516021729,1
C1_global_pair,2,3,313,50486,1,1,0.7825751304626465,1
C1_global_pair,2,3,321,50496,1,1,0.5486374497413635,1
C1_global_pair,2,3,322,50497,1,1,0.7745656967163086,1
C1_global_pair,2,3,341,50524,1,1,0.7800794243812561,1
C1_global_pair,2,3,342,50525,1,1,0.7812872529029846,1
C1_global_pair,2,3,355,50561,2,0,0.22305940091609955,0
C1_global_pair,2,3,368,50578,2,0,0.7499871253967285,1
C1_global_pair,2,3,370,50602,1,1,0.782920241355896,1
C1_global_pair,2,3,375,50608,1,1,0.39255449175834656,0
C1_global_pair,2,3,378,50614,1,1,0.7407814860343933,1
C1_global_pair,2,3,379,50615,1,1,0.7825791239738464,1
C1_global_pair,2,3,390,50628,1,1,0.78082674741745,1
C1_global_pair,2,3,395,50649,1,1,0.2594527006149292,0
C1_global_pair,2,3,399,50664,2,0,0.21953152120113373,0
C1_global_pair,2,3,402,50682,2,0,0.2245941311120987,0
C1_global_pair,2,3,421,50702,1,1,0.7835443615913391,1
C1_global_pair,2,3,429,50711,1,1,0.3124616742134094,0
C1_global_pair,2,3,431,50723,2,0,0.21953575313091278,0
C1_global_pair,2,3,439,50735,2,0,0.23686499893665314,0
C1_global_pair,2,3,440,50737,2,0,0.22216938436031342,0
C1_global_pair,2,3,445,50742,2,0,0.21936078369617462,0
C1_global_pair,2,3,451,50750,1,1,0.7781004309654236,1
C1_global_pair,2,3,454,50754,1,1,0.7830970287322998,1
C1_global_pair,2,3,455,50755,1,1,0.7827214002609253,1
C1_global_pair,2,3,477,50800,1,1,0.7823125123977661,1
C1_global_pair,2,3,480,50807,1,1,0.7796634435653687,1
C1_global_pair,2,3,497,50959,1,1,0.5990896821022034,1
C1_global_pair,2,3,516,50982,1,1,0.6716644763946533,1
C1_global_pair,2,3,525,50991,1,1,0.49991777539253235,0
C1_global_pair,2,3,548,51017,1,1,0.7832471132278442,1
C1_global_pair,2,3,552,51021,1,1,0.7812597155570984,1
C1_global_pair,2,3,587,51060,2,0,0.4134284555912018,0
C1_global_pair,2,3,597,51070,2,0,0.2210579812526703,0
C1_global_pair,2,3,614,51088,2,0,0.22028450667858124,0
C1_global_pair,2,3,621,51096,2,0,0.22651900351047516,0
C1_global_pair,2,3,631,51106,2,0,0.22327129542827606,0
C1_global_pair,2,3,640,51117,2,0,0.3540631830692291,0
C1_global_pair,2,3,644,51124,2,0,0.2218615710735321,0
C1_global_pair,2,3,650,51131,2,0,0.2250051349401474,0
C1_global_pair,2,3,655,51136,2,0,0.26372936367988586,0
C1_global_pair,2,3,657,51138,2,0,0.22499176859855652,0
C1_global_pair,2,3,663,51147,2,0,0.22215266525745392,0
C1_global_pair,2,3,669,51153,2,0,0.23209479451179504,0
C1_global_pair,2,3,671,51155,2,0,0.21932503581047058,0
C1_global_pair,2,3,691,51185,2,0,0.7275453209877014,1
C1_global_pair,2,3,693,51188,2,0,0.22871316969394684,0
C1_global_pair,2,3,703,51205,1,1,0.7829513549804688,1
C1_global_pair,2,3,711,51215,1,1,0.31289803981781006,0
C1_global_pair,2,3,724,51229,1,1,0.7810495495796204,1
C1_global_pair,2,3,725,51230,1,1,0.7835127711296082,1
C1_global_pair,2,3,754,51272,2,0,0.35403963923454285,0
C1_global_pair,2,3,757,51276,2,0,0.21952800452709198,0
C1_global_pair,2,3,762,51281,2,0,0.22323188185691833,0
C1_global_pair,2,3,772,51301,1,1,0.6490393877029419,1
C1_global_pair,2,3,783,51315,2,0,0.26626816391944885,0
C1_global_pair,2,3,787,51321,1,1,0.33615779876708984,0
C1_global_pair,2,3,813,51350,1,1,0.7753693461418152,1
C1_global_pair,2,3,818,51359,2,0,0.7834451794624329,1
C1_global_pair,2,3,821,51362,2,0,0.21961045265197754,0
C1_global_pair,2,3,829,51463,1,1,0.7834668755531311,1
C1_global_pair,2,3,836,51481,2,0,0.21960170567035675,0
C1_global_pair,2,3,861,51577,1,1,0.779663622379303,1
C1_global_pair,2,4,5,50008,1,1,0.9250121712684631,1
C1_global_pair,2,4,17,50025,1,1,0.9252932667732239,1
C1_global_pair,2,4,23,50032,2,0,0.13216529786586761,0
C1_global_pair,2,4,26,50035,2,0,0.20535005629062653,0
C1_global_pair,2,4,28,50037,2,0,0.9035298824310303,1
C1_global_pair,2,4,51,50103,2,0,0.9209622740745544,1
C1_global_pair,2,4,52,50104,2,0,0.13393035531044006,0
C1_global_pair,2,4,56,50109,2,0,0.31249168515205383,0
C1_global_pair,2,4,58,50112,2,0,0.5244817733764648,1
C1_global_pair,2,4,88,50153,1,1,0.9250615835189819,1
C1_global_pair,2,4,90,50157,2,0,0.19229915738105774,0
C1_global_pair,2,4,100,50169,2,0,0.13256782293319702,0
C1_global_pair,2,4,120,50203,2,0,0.1326427161693573,0
C1_global_pair,2,4,131,50233,1,1,0.9242666959762573,1
C1_global_pair,2,4,136,50240,1,1,0.9253563284873962,1
C1_global_pair,2,4,161,50270,2,0,0.2731347382068634,0
C1_global_pair,2,4,165,50274,1,1,0.9253897070884705,1
C1_global_pair,2,4,172,50287,1,1,0.8118915557861328,1
C1_global_pair,2,4,181,50298,1,1,0.9233568906784058,1
C1_global_pair,2,4,191,50318,1,1,0.7943564653396606,1
C1_global_pair,2,4,211,50342,2,0,0.5055044889450073,1
C1_global_pair,2,4,213,50344,2,0,0.13515439629554749,0
C1_global_pair,2,4,214,50345,2,0,0.12922720611095428,0
C1_global_pair,2,4,225,50356,2,0,0.13463199138641357,0
C1_global_pair,2,4,254,50388,2,0,0.14743180572986603,0
C1_global_pair,2,4,271,50415,2,0,0.18422265350818634,0
C1_global_pair,2,4,306,50470,2,0,0.9103612899780273,1
C1_global_pair,2,4,312,50485,1,1,0.1319366693496704,0
C1_global_pair,2,4,314,50487,1,1,0.9253624677658081,1
C1_global_pair,2,4,315,50488,1,1,0.9254897832870483,1
C1_global_pair,2,4,316,50490,1,1,0.9242381453514099,1
C1_global_pair,2,4,334,50515,1,1,0.924716055393219,1
C1_global_pair,2,4,335,50516,1,1,0.9192404747009277,1
C1_global_pair,2,4,356,50563,2,0,0.12939637899398804,0
C1_global_pair,2,4,383,50621,1,1,0.925374448299408,1
C1_global_pair,2,4,388,50626,1,1,0.9242712259292603,1
C1_global_pair,2,4,401,50669,2,0,0.9239857792854309,1
C1_global_pair,2,4,416,50697,1,1,0.9247222542762756,1
C1_global_pair,2,4,424,50705,1,1,0.916647732257843,1
C1_global_pair,2,4,442,50739,2,0,0.9000292420387268,1
C1_global_pair,2,4,448,50745,1,1,0.9244654178619385,1
C1_global_pair,2,4,452,50751,1,1,0.9248650074005127,1
C1_global_pair,2,4,453,50752,1,1,0.921107828617096,1
C1_global_pair,2,4,457,50757,1,1,0.9113147854804993,1
C1_global_pair,2,4,458,50772,2,0,0.9239795207977295,1
C1_global_pair,2,4,464,50778,2,0,0.32092419266700745,0
C1_global_pair,2,4,473,50796,1,1,0.9254961609840393,1
C1_global_pair,2,4,476,50799,1,1,0.9239805936813354,1
C1_global_pair,2,4,483,50816,2,0,0.14100132882595062,0
C1_global_pair,2,4,515,50981,1,1,0.9253697395324707,1
C1_global_pair,2,4,522,50988,1,1,0.9250193238258362,1
C1_global_pair,2,4,545,51014,1,1,0.9237250089645386,1
C1_global_pair,2,4,561,51032,1,1,0.925519585609436,1
C1_global_pair,2,4,572,51045,2,0,0.1377769112586975,0
C1_global_pair,2,4,580,51053,2,0,0.1431368589401245,0
C1_global_pair,2,4,581,51054,2,0,0.1298803985118866,0
C1_global_pair,2,4,606,51080,2,0,0.9203919768333435,1
C1_global_pair,2,4,607,51081,2,0,0.13097907602787018,0
C1_global_pair,2,4,609,51083,2,0,0.9255213141441345,1
C1_global_pair,2,4,630,51105,2,0,0.21256975829601288,0
C1_global_pair,2,4,637,51113,2,0,0.13226424157619476,0
C1_global_pair,2,4,646,51127,2,0,0.9225188493728638,1
C1_global_pair,2,4,647,51128,2,0,0.20166099071502686,0
C1_global_pair,2,4,652,51133,2,0,0.9193960428237915,1
C1_global_pair,2,4,658,51139,2,0,0.1331442892551422,0
C1_global_pair,2,4,659,51140,2,0,0.13653279840946198,0
C1_global_pair,2,4,664,51148,2,0,0.1382855921983719,0
C1_global_pair,2,4,674,51161,1,1,0.9246940612792969,1
C1_global_pair,2,4,675,51162,1,1,0.9250184893608093,1
C1_global_pair,2,4,681,51171,1,1,0.9250624775886536,1
C1_global_pair,2,4,682,51173,1,1,0.9246939420700073,1
C1_global_pair,2,4,697,51197,2,0,0.8421158194541931,1
C1_global_pair,2,4,704,51206,1,1,0.9250237941741943,1
C1_global_pair,2,4,714,51218,1,1,0.9233801960945129,1
C1_global_pair,2,4,718,51222,1,1,0.1822013407945633,0
C1_global_pair,2,4,733,51241,1,1,0.9224444031715393,1
C1_global_pair,2,4,759,51278,2,0,0.8429960012435913,1
C1_global_pair,2,4,766,51294,1,1,0.9244370460510254,1
C1_global_pair,2,4,775,51304,2,0,0.25362899899482727,0
C1_global_pair,2,4,776,51305,2,0,0.13301485776901245,0
C1_global_pair,2,4,799,51334,2,0,0.14672726392745972,0
C1_global_pair,2,4,804,51340,2,0,0.13206861913204193,0
C1_global_pair,2,4,811,51347,2,0,0.13663817942142487,0
C1_global_pair,2,4,830,51464,1,1,0.9236987233161926,1
C1_global_pair,2,4,835,51480,2,0,0.13593994081020355,0
C1_global_pair,2,4,855,51569,2,0,0.17293371260166168,0
C1_global_pair,2,4,862,51578,1,1,0.9241523146629333,1
C1_global_pair,2,5,3,50006,1,1,0.8188366293907166,1
C1_global_pair,2,5,8,50012,1,1,0.7858763933181763,1
C1_global_pair,2,5,12,50016,1,1,0.7718974947929382,1
C1_global_pair,2,5,14,50022,1,1,0.12335357069969177,0
C1_global_pair,2,5,19,50027,1,1,0.12296966463327408,0
C1_global_pair,2,5,21,50030,2,0,0.1236071065068245,0
C1_global_pair,2,5,29,50038,2,0,0.1234736442565918,0
C1_global_pair,2,5,31,50040,2,0,0.12912625074386597,0
C1_global_pair,2,5,63,50117,2,0,0.12795668840408325,0
C1_global_pair,2,5,80,50144,1,1,0.8168920278549194,1
C1_global_pair,2,5,82,50146,1,1,0.12194991856813431,0
C1_global_pair,2,5,103,50182,1,1,0.3739963173866272,0
C1_global_pair,2,5,113,50195,2,0,0.12347633391618729,0
C1_global_pair,2,5,119,50202,2,0,0.1567949503660202,0
C1_global_pair,2,5,126,50213,2,0,0.1219676285982132,0
C1_global_pair,2,5,135,50239,1,1,0.12849348783493042,0
C1_global_pair,2,5,142,50249,1,1,0.8194504976272583,1
C1_global_pair,2,5,156,50265,2,0,0.12658272683620453,0
C1_global_pair,2,5,157,50266,2,0,0.12355062365531921,0
C1_global_pair,2,5,170,50284,1,1,0.5184826254844666,1
C1_global_pair,2,5,173,50289,1,1,0.3238915205001831,0
C1_global_pair,2,5,175,50291,1,1,0.3319239914417267,0
C1_global_pair,2,5,186,50308,1,1,0.6854244470596313,1
C1_global_pair,2,5,195,50324,1,1,0.7382702827453613,1
C1_global_pair,2,5,197,50327,2,0,0.1252845823764801,0
C1_global_pair,2,5,198,50329,2,0,0.12800048291683197,0
C1_global_pair,2,5,199,50330,2,0,0.12248216569423676,0
C1_global_pair,2,5,206,50337,2,0,0.27357229590415955,0
C1_global_pair,2,5,222,50353,2,0,0.1280866265296936,0
C1_global_pair,2,5,236,50367,2,0,0.12362225353717804,0
C1_global_pair,2,5,240,50372,2,0,0.12499493360519409,0
C1_global_pair,2,5,264,50407,1,1,0.8039003014564514,1
C1_global_pair,2,5,267,50411,1,1,0.817450225353241,1
C1_global_pair,2,5,272,50416,2,0,0.12214574962854385,0
C1_global_pair,2,5,275,50419,2,0,0.12213963270187378,0
C1_global_pair,2,5,279,50425,2,0,0.17278064787387848,0
C1_global_pair,2,5,292,50442,2,0,0.12688088417053223,0
C1_global_pair,2,5,297,50447,2,0,0.17274659872055054,0
C1_global_pair,2,5,298,50448,2,0,0.20787423849105835,0
C1_global_pair,2,5,305,50469,2,0,0.12631188333034515,0
C1_global_pair,2,5,309,50481,1,1,0.8195266127586365,1
C1_global_pair,2,5,319,50493,1,1,0.8153482675552368,1
C1_global_pair,2,5,320,50494,1,1,0.41963645815849304,0
C1_global_pair,2,5,325,50500,1,1,0.8196855783462524,1
C1_global_pair,2,5,331,50509,1,1,0.6466473340988159,1
C1_global_pair,2,5,332,50510,1,1,0.8196102976799011,1
C1_global_pair,2,5,338,50520,1,1,0.8192668557167053,1
C1_global_pair,2,5,346,50529,1,1,0.8190528154373169,1
C1_global_pair,2,5,367,50577,2,0,0.12200409919023514,0
C1_global_pair,2,5,381,50619,1,1,0.8174005746841431,1
C1_global_pair,2,5,384,50622,1,1,0.8097810745239258,1
C1_global_pair,2,5,398,50659,2,0,0.3162294328212738,0
C1_global_pair,2,5,400,50665,2,0,0.25848203897476196,0
C1_global_pair,2,5,433,50725,2,0,0.12189213186502457,0
C1_global_pair,2,5,436,50730,2,0,0.12520831823349,0
C1_global_pair,2,5,487,50821,2,0,0.122415691614151,0
C1_global_pair,2,5,492,50954,1,1,0.12304741144180298,0
C1_global_pair,2,5,503,50966,1,1,0.1268540918827057,0
C1_global_pair,2,5,520,50986,1,1,0.21275237202644348,0
C1_global_pair,2,5,530,50996,1,1,0.659358561038971,1
C1_global_pair,2,5,546,51015,1,1,0.12661457061767578,0
C1_global_pair,2,5,559,51029,1,1,0.8155844807624817,1
C1_global_pair,2,5,560,51030,1,1,0.8165761828422546,1
C1_global_pair,2,5,589,51062,2,0,0.12767605483531952,0
C1_global_pair,2,5,594,51067,2,0,0.13226641714572906,0
C1_global_pair,2,5,602,51076,2,0,0.13279159367084503,0
C1_global_pair,2,5,613,51087,2,0,0.12279745191335678,0
C1_global_pair,2,5,625,51100,2,0,0.12195852398872375,0
C1_global_pair,2,5,629,51104,2,0,0.12232428044080734,0
C1_global_pair,2,5,635,51111,2,0,0.1260826736688614,0
C1_global_pair,2,5,678,51168,1,1,0.5705682039260864,1
C1_global_pair,2,5,690,51184,2,0,0.40359437465667725,0
C1_global_pair,2,5,727,51234,1,1,0.8022547960281372,1
C1_global_pair,2,5,743,51257,2,0,0.13919195532798767,0
C1_global_pair,2,5,774,51303,2,0,0.12689556181430817,0
C1_global_pair,2,5,780,51309,2,0,0.8101763725280762,1
C1_global_pair,2,5,786,51320,1,1,0.8146324753761292,1
C1_global_pair,2,5,810,51346,2,0,0.12290746718645096,0
C1_global_pair,2,5,814,51351,1,1,0.17635947465896606,0
C1_global_pair,2,5,815,51354,1,1,0.7642813324928284,1
C1_global_pair,2,5,820,51361,2,0,0.12421779334545135,0
C1_global_pair,2,5,834,51479,2,0,0.13059285283088684,0
C1_global_pair,2,5,841,51491,2,0,0.12612123787403107,0
C1_global_pair,2,5,844,51557,2,0,0.12606674432754517,0
C1_global_pair,2,5,845,51558,2,0,0.1219567209482193,0
C1_global_pair,2,5,846,51559,2,0,0.1340266317129135,0
C1_global_pair,2,5,870,51607,1,1,0.13318012654781342,0
C1_global_pair,2,6,13,50020,1,1,0.9206923842430115,1
C1_global_pair,2,6,15,50023,1,1,0.9192032217979431,1
C1_global_pair,2,6,22,50031,2,0,0.056513041257858276,0
C1_global_pair,2,6,59,50113,2,0,0.05965442582964897,0
C1_global_pair,2,6,60,50114,2,0,0.06024159491062164,0
C1_global_pair,2,6,65,50119,1,1,0.05725676566362381,0
C1_global_pair,2,6,71,50128,1,1,0.9129704236984253,1
C1_global_pair,2,6,77,50135,1,1,0.9213171005249023,1
C1_global_pair,2,6,89,50156,1,1,0.9200212359428406,1
C1_global_pair,2,6,93,50160,2,0,0.05855388194322586,0
C1_global_pair,2,6,94,50161,2,0,0.15289297699928284,0
C1_global_pair,2,6,96,50163,2,0,0.05840853974223137,0
C1_global_pair,2,6,128,50215,2,0,0.10975047945976257,0
C1_global_pair,2,6,143,50250,1,1,0.05728893727064133,0
C1_global_pair,2,6,166,50275,1,1,0.9205327033996582,1
C1_global_pair,2,6,167,50276,1,1,0.9187138080596924,1
C1_global_pair,2,6,168,50278,1,1,0.9210115671157837,1
C1_global_pair,2,6,171,50285,1,1,0.9117396473884583,1
C1_global_pair,2,6,174,50290,1,1,0.9112071990966797,1
C1_global_pair,2,6,190,50315,1,1,0.9207969903945923,1
C1_global_pair,2,6,219,50350,2,0,0.058715809136629105,0
C1_global_pair,2,6,220,50351,2,0,0.05839844420552254,0
C1_global_pair,2,6,227,50358,2,0,0.05933753401041031,0
C1_global_pair,2,6,235,50366,2,0,0.05642363056540489,0
C1_global_pair,2,6,276,50421,2,0,0.057247593998909,0
C1_global_pair,2,6,287,50437,2,0,0.9214258193969727,1
C1_global_pair,2,6,290,50440,2,0,0.059828054159879684,0
C1_global_pair,2,6,310,50482,1,1,0.9181485176086426,1
C1_global_pair,2,6,327,50502,1,1,0.9210100173950195,1
C1_global_pair,2,6,333,50514,1,1,0.8077718615531921,1
C1_global_pair,2,6,337,50519,1,1,0.9167331457138062,1
C1_global_pair,2,6,350,50551,2,0,0.08021286875009537,0
C1_global_pair,2,6,362,50572,2,0,0.057147007435560226,0
C1_global_pair,2,6,382,50620,1,1,0.06077735126018524,0
C1_global_pair,2,6,393,50647,1,1,0.47379305958747864,0
C1_global_pair,2,6,406,50687,2,0,0.31025782227516174,0
C1_global_pair,2,6,408,50689,1,1,0.921383798122406,1
C1_global_pair,2,6,409,50690,1,1,0.0563792958855629,0
C1_global_pair,2,6,418,50699,2,0,0.9159966111183167,1
C1_global_pair,2,6,423,50704,1,1,0.7799554467201233,1
C1_global_pair,2,6,426,50707,2,0,0.05795353278517723,0
C1_global_pair,2,6,435,50728,2,0,0.07161173969507217,0
C1_global_pair,2,6,449,50748,1,1,0.9214138984680176,1
C1_global_pair,2,6,456,50756,1,1,0.9207313060760498,1
C1_global_pair,2,6,467,50782,2,0,0.05638386681675911,0
C1_global_pair,2,6,486,50820,2,0,0.05835414305329323,0
C1_global_pair,2,6,488,50822,2,0,0.056381285190582275,0
C1_global_pair,2,6,489,50823,1,1,0.9213797450065613,1
C1_global_pair,2,6,499,50961,1,1,0.9159504771232605,1
C1_global_pair,2,6,500,50962,1,1,0.06010847166180611,0
C1_global_pair,2,6,502,50965,1,1,0.9210197925567627,1
C1_global_pair,2,6,531,50997,1,1,0.9214443564414978,1
C1_global_pair,2,6,542,51011,1,1,0.9209704995155334,1
C1_global_pair,2,6,562,51033,1,1,0.9188490509986877,1
C1_global_pair,2,6,577,51050,2,0,0.057788264006376266,0
C1_global_pair,2,6,610,51084,2,0,0.9212596416473389,1
C1_global_pair,2,6,615,51089,2,0,0.05900711566209793,0
C1_global_pair,2,6,639,51116,2,0,0.06178426742553711,0
C1_global_pair,2,6,648,51129,2,0,0.06026594713330269,0
C1_global_pair,2,6,656,51137,2,0,0.058698620647192,0
C1_global_pair,2,6,679,51169,1,1,0.4552677571773529,0
C1_global_pair,2,6,685,51179,1,1,0.9212227463722229,1
C1_global_pair,2,6,688,51182,2,0,0.05649644136428833,0
C1_global_pair,2,6,700,51202,1,1,0.9198039174079895,1
C1_global_pair,2,6,731,51239,1,1,0.9160300493240356,1
C1_global_pair,2,6,744,51260,2,0,0.05651557445526123,0
C1_global_pair,2,6,746,51262,2,0,0.08337456732988358,0
C1_global_pair,2,6,747,51264,2,0,0.057374175637960434,0
C1_global_pair,2,6,751,51268,2,0,0.05649814009666443,0
C1_global_pair,2,6,753,51271,2,0,0.056525424122810364,0
C1_global_pair,2,6,755,51273,2,0,0.9188497066497803,1
C1_global_pair,2,6,760,51279,2,0,0.05660993233323097,0
C1_global_pair,2,6,763,51291,1,1,0.9212046265602112,1
C1_global_pair,2,6,768,51297,1,1,0.921276330947876,1
C1_global_pair,2,6,773,51302,1,1,0.10338977724313736,0
C1_global_pair,2,6,779,51308,2,0,0.05966808274388313,0
C1_global_pair,2,6,781,51311,2,0,0.057948239147663116,0
C1_global_pair,2,6,801,51336,2,0,0.056382130831480026,0
C1_global_pair,2,6,809,51345,2,0,0.056526947766542435,0
C1_global_pair,2,6,824,51365,2,0,0.057823121547698975,0
C1_global_pair,2,6,831,51465,1,1,0.9214344024658203,1
C1_global_pair,2,6,840,51488,2,0,0.0564921610057354,0
C1_global_pair,2,6,843,51556,2,0,0.05696064978837967,0
C1_global_pair,2,6,848,51562,2,0,0.056405648589134216,0
C1_global_pair,2,6,849,51563,2,0,0.05641055852174759,0
C1_global_pair,2,6,854,51568,2,0,0.09294222295284271,0
C1_global_pair,2,6,859,51574,1,1,0.9208463430404663,1
C1_global_pair,2,7,38,50047,2,0,0.19387371838092804,0
C1_global_pair,2,7,44,50053,1,1,0.42656514048576355,0
C1_global_pair,2,7,46,50056,1,1,0.8156706094741821,1
C1_global_pair,2,7,47,50057,1,1,0.1881917417049408,0
C1_global_pair,2,7,57,50111,2,0,0.18818579614162445,0
C1_global_pair,2,7,68,50124,1,1,0.811861515045166,1
C1_global_pair,2,7,69,50125,1,1,0.7871907949447632,1
C1_global_pair,2,7,85,50149,1,1,0.7655121684074402,1
C1_global_pair,2,7,91,50158,2,0,0.1860356479883194,0
C1_global_pair,2,7,97,50164,2,0,0.18766513466835022,0
C1_global_pair,2,7,111,50193,2,0,0.18556679785251617,0
C1_global_pair,2,7,116,50199,2,0,0.18557825684547424,0
C1_global_pair,2,7,137,50241,1,1,0.6658110618591309,1
C1_global_pair,2,7,139,50245,1,1,0.3717069923877716,0
C1_global_pair,2,7,145,50252,1,1,0.3337831199169159,0
C1_global_pair,2,7,147,50254,1,1,0.31435078382492065,0
C1_global_pair,2,7,148,50255,1,1,0.8014498353004456,1
C1_global_pair,2,7,154,50263,2,0,0.1853712797164917,0
C1_global_pair,2,7,159,50268,2,0,0.1868932545185089,0
C1_global_pair,2,7,185,50304,1,1,0.2929474711418152,0
C1_global_pair,2,7,189,50314,1,1,0.8156437873840332,1
C1_global_pair,2,7,201,50332,2,0,0.1853002905845642,0
C1_global_pair,2,7,207,50338,2,0,0.185573011636734,0
C1_global_pair,2,7,208,50339,2,0,0.18670256435871124,0
C1_global_pair,2,7,230,50361,2,0,0.1884147822856903,0
C1_global_pair,2,7,238,50369,2,0,0.18759548664093018,0
C1_global_pair,2,7,241,50373,2,0,0.18728432059288025,0
C1_global_pair,2,7,249,50382,2,0,0.1861567199230194,0
C1_global_pair,2,7,269,50413,1,1,0.8130512237548828,1
C1_global_pair,2,7,278,50424,2,0,0.18528291583061218,0
C1_global_pair,2,7,308,50480,1,1,0.8123764395713806,1
C1_global_pair,2,7,318,50492,1,1,0.7079547047615051,1
C1_global_pair,2,7,330,50507,1,1,0.1908188760280609,0
C1_global_pair,2,7,351,50552,2,0,0.1876012533903122,0
C1_global_pair,2,7,353,50557,2,0,0.1853157877922058,0
C1_global_pair,2,7,364,50574,2,0,0.31728723645210266,0
C1_global_pair,2,7,371,50603,1,1,0.8148180246353149,1
C1_global_pair,2,7,376,50612,1,1,0.7925531268119812,1
C1_global_pair,2,7,389,50627,1,1,0.7745980620384216,1
C1_global_pair,2,7,410,50691,2,0,0.19650599360466003,0
C1_global_pair,2,7,428,50709,2,0,0.1867711842060089,0
C1_global_pair,2,7,438,50733,2,0,0.1853235810995102,0
C1_global_pair,2,7,441,50738,2,0,0.18821273744106293,0
C1_global_pair,2,7,444,50741,2,0,0.18552075326442719,0
C1_global_pair,2,7,447,50744,1,1,0.773891806602478,1
C1_global_pair,2,7,463,50777,2,0,0.18622258305549622,0
C1_global_pair,2,7,465,50780,2,0,0.20640507340431213,0
C1_global_pair,2,7,469,50786,2,0,0.19019807875156403,0
C1_global_pair,2,7,478,50801,1,1,0.5789817571640015,1
C1_global_pair,2,7,479,50803,1,1,0.8059289455413818,1
C1_global_pair,2,7,493,50955,1,1,0.1854010969400406,0
C1_global_pair,2,7,510,50974,1,1,0.7816057205200195,1
C1_global_pair,2,7,521,50987,1,1,0.8156747221946716,1
C1_global_pair,2,7,534,51001,1,1,0.8150538206100464,1
C1_global_pair,2,7,544,51013,1,1,0.7857128977775574,1
C1_global_pair,2,7,553,51023,1,1,0.8091466426849365,1
C1_global_pair,2,7,558,51028,1,1,0.8154438734054565,1
C1_global_pair,2,7,568,51040,2,0,0.1905122697353363,0
C1_global_pair,2,7,582,51055,2,0,0.18691645562648773,0
C1_global_pair,2,7,586,51059,2,0,0.19188541173934937,0
C1_global_pair,2,7,595,51068,2,0,0.3148462474346161,0
C1_global_pair,2,7,598,51072,2,0,0.18543106317520142,0
C1_global_pair,2,7,600,51074,2,0,0.7470030784606934,1
C1_global_pair,2,7,611,51085,2,0,0.7724176645278931,1
C1_global_pair,2,7,616,51090,2,0,0.19030551612377167,0
C1_global_pair,2,7,623,51098,2,0,0.19184401631355286,0
C1_global_pair,2,7,627,51102,2,0,0.18531297147274017,0
C1_global_pair,2,7,634,51110,2,0,0.1852458268404007,0
C1_global_pair,2,7,651,51132,2,0,0.19051194190979004,0
C1_global_pair,2,7,665,51149,2,0,0.18673287332057953,0
C1_global_pair,2,7,668,51152,2,0,0.18746958673000336,0
C1_global_pair,2,7,670,51154,2,0,0.1854332685470581,0
C1_global_pair,2,7,676,51163,1,1,0.6911690831184387,1
C1_global_pair,2,7,694,51189,2,0,0.19053199887275696,0
C1_global_pair,2,7,713,51217,1,1,0.18578599393367767,0
C1_global_pair,2,7,719,51223,1,1,0.19350756704807281,0
C1_global_pair,2,7,726,51231,1,1,0.20339754223823547,0
C1_global_pair,2,7,729,51236,1,1,0.32206809520721436,0
C1_global_pair,2,7,730,51237,1,1,0.8123974204063416,1
C1_global_pair,2,7,732,51240,1,1,0.8128377795219421,1
C1_global_pair,2,7,745,51261,2,0,0.18675395846366882,0
C1_global_pair,2,7,790,51325,1,1,0.7153066396713257,1
C1_global_pair,2,7,798,51333,2,0,0.18585586547851562,0
C1_global_pair,2,7,807,51343,2,0,0.18613003194332123,0
C1_global_pair,2,7,812,51349,1,1,0.18658338487148285,0
C1_global_pair,2,7,833,51477,2,0,0.18572472035884857,0
C1_global_pair,2,7,863,51579,1,1,0.185541033744812,0
C1_global_pair,2,8,49,50060,2,0,0.14819033443927765,0
C1_global_pair,2,8,61,50115,2,0,0.1529817134141922,0
C1_global_pair,2,8,64,50118,1,1,0.9164142608642578,1
C1_global_pair,2,8,70,50127,1,1,0.8883482813835144,1
C1_global_pair,2,8,102,50171,2,0,0.45449721813201904,0
C1_global_pair,2,8,105,50184,1,1,0.9156044721603394,1
C1_global_pair,2,8,107,50187,1,1,0.15080058574676514,0
C1_global_pair,2,8,112,50194,2,0,0.14895780384540558,0
C1_global_pair,2,8,114,50196,2,0,0.5537570118904114,1
C1_global_pair,2,8,118,50201,2,0,0.157270610332489,0
C1_global_pair,2,8,124,50208,2,0,0.26816320419311523,0
C1_global_pair,2,8,133,50236,1,1,0.9159817099571228,1
C1_global_pair,2,8,134,50237,1,1,0.9162788391113281,1
C1_global_pair,2,8,146,50253,1,1,0.916139543056488,1
C1_global_pair,2,8,151,50260,2,0,0.1704019457101822,0
C1_global_pair,2,8,160,50269,2,0,0.5793429017066956,1
C1_global_pair,2,8,179,50295,1,1,0.9161461591720581,1
C1_global_pair,2,8,183,50301,1,1,0.9163775444030762,1
C1_global_pair,2,8,184,50302,1,1,0.9164600968360901,1
C1_global_pair,2,8,196,50325,1,1,0.23547735810279846,0
C1_global_pair,2,8,203,50334,2,0,0.9140365719795227,1
C1_global_pair,2,8,210,50341,2,0,0.16498173773288727,0
C1_global_pair,2,8,215,50346,2,0,0.1480424851179123,0
C1_global_pair,2,8,216,50347,2,0,0.15151941776275635,0
C1_global_pair,2,8,223,50354,2,0,0.21705619990825653,0
C1_global_pair,2,8,224,50355,2,0,0.20974130928516388,0
C1_global_pair,2,8,237,50368,2,0,0.14976570010185242,0
C1_global_pair,2,8,255,50390,2,0,0.16442210972309113,0
C1_global_pair,2,8,256,50391,2,0,0.18447169661521912,0
C1_global_pair,2,8,260,50403,1,1,0.4655586779117584,0
C1_global_pair,2,8,266,50410,1,1,0.9159510731697083,1
C1_global_pair,2,8,296,50446,2,0,0.31767264008522034,0
C1_global_pair,2,8,299,50449,2,0,0.2622569501399994,0
C1_global_pair,2,8,328,50503,1,1,0.9161357879638672,1
C1_global_pair,2,8,339,50521,1,1,0.8384330868721008,1
C1_global_pair,2,8,343,50526,1,1,0.9088191390037537,1
C1_global_pair,2,8,347,50530,1,1,0.9148217439651489,1
C1_global_pair,2,8,349,50532,1,1,0.9140262007713318,1
C1_global_pair,2,8,365,50575,2,0,0.3371025621891022,0
C1_global_pair,2,8,377,50613,1,1,0.9155591130256653,1
C1_global_pair,2,8,386,50624,1,1,0.916126012802124,1
C1_global_pair,2,8,387,50625,1,1,0.14960411190986633,0
C1_global_pair,2,8,413,50694,1,1,0.9141358733177185,1
C1_global_pair,2,8,414,50695,1,1,0.8801971673965454,1
C1_global_pair,2,8,470,50790,2,0,0.1480928212404251,0
C1_global_pair,2,8,485,50818,2,0,0.14861762523651123,0
C1_global_pair,2,8,496,50958,1,1,0.911941409111023,1
C1_global_pair,2,8,504,50967,1,1,0.8898455500602722,1
C1_global_pair,2,8,517,50983,1,1,0.9148929715156555,1
C1_global_pair,2,8,536,51003,1,1,0.9150378704071045,1
C1_global_pair,2,8,540,51009,1,1,0.9148316979408264,1
C1_global_pair,2,8,551,51020,1,1,0.880700409412384,1
C1_global_pair,2,8,569,51041,2,0,0.1538075953722,0
C1_global_pair,2,8,570,51042,2,0,0.14851906895637512,0
C1_global_pair,2,8,574,51047,2,0,0.2331112027168274,0
C1_global_pair,2,8,576,51049,2,0,0.1526166796684265,0
C1_global_pair,2,8,584,51057,2,0,0.14963485300540924,0
C1_global_pair,2,8,588,51061,2,0,0.14843712747097015,0
C1_global_pair,2,8,593,51066,2,0,0.1518157422542572,0
C1_global_pair,2,8,601,51075,2,0,0.1596691757440567,0
C1_global_pair,2,8,633,51109,2,0,0.1482274830341339,0
C1_global_pair,2,8,642,51122,2,0,0.14896944165229797,0
C1_global_pair,2,8,645,51126,2,0,0.1564696878194809,0
C1_global_pair,2,8,660,51141,2,0,0.8868259191513062,1
C1_global_pair,2,8,673,51159,2,0,0.9148613214492798,1
C1_global_pair,2,8,683,51177,1,1,0.9138490557670593,1
C1_global_pair,2,8,698,51198,2,0,0.5894231200218201,1
C1_global_pair,2,8,701,51203,1,1,0.9160107970237732,1
C1_global_pair,2,8,715,51219,1,1,0.9155965447425842,1
C1_global_pair,2,8,717,51221,1,1,0.9136499166488647,1
C1_global_pair,2,8,722,51226,1,1,0.15940973162651062,0
C1_global_pair,2,8,734,51248,1,1,0.9159932136535645,1
C1_global_pair,2,8,738,51252,2,0,0.9132975935935974,1
C1_global_pair,2,8,748,51265,2,0,0.14871716499328613,0
C1_global_pair,2,8,778,51307,2,0,0.9164614677429199,1
C1_global_pair,2,8,785,51319,1,1,0.9162348508834839,1
C1_global_pair,2,8,803,51339,2,0,0.1480369120836258,0
C1_global_pair,2,8,817,51357,2,0,0.14860890805721283,0
C1_global_pair,2,8,826,51370,2,0,0.14848609268665314,0
C1_global_pair,2,8,828,51461,1,1,0.9151830673217773,1
C1_global_pair,2,8,832,51473,1,1,0.8745839595794678,1
C1_global_pair,2,8,839,51487,2,0,0.2864309549331665,0
C1_global_pair,2,8,847,51560,2,0,0.14805810153484344,0
C1_global_pair,2,8,851,51565,2,0,0.6858846545219421,1
C1_global_pair,2,8,852,51566,2,0,0.1621975600719452,0
C1_global_pair,2,8,857,51572,1,1,0.9118402600288391,1
C1_global_pair,2,8,866,51583,1,1,0.9136532545089722,1
C1_global_pair,2,9,9,50013,1,1,0.9207049608230591,1
C1_global_pair,2,9,20,50028,1,1,0.9219627380371094,1
C1_global_pair,2,9,27,50036,2,0,0.12366635352373123,0
C1_global_pair,2,9,32,50041,2,0,0.12344171106815338,0
C1_global_pair,2,9,37,50046,2,0,0.123277448117733,0
C1_global_pair,2,9,40,50049,2,0,0.121337890625,0
C1_global_pair,2,9,42,50051,2,0,0.37373247742652893,0
C1_global_pair,2,9,50,50102,2,0,0.16765496134757996,0
C1_global_pair,2,9,66,50121,1,1,0.9219784736633301,1
C1_global_pair,2,9,75,50132,1,1,0.9201658368110657,1
C1_global_pair,2,9,83,50147,1,1,0.918929398059845,1
C1_global_pair,2,9,84,50148,1,1,0.9161978960037231,1
C1_global_pair,2,9,87,50152,1,1,0.9219301342964172,1
C1_global_pair,2,9,104,50183,1,1,0.9219938516616821,1
C1_global_pair,2,9,121,50204,2,0,0.1228783130645752,0
C1_global_pair,2,9,122,50205,2,0,0.12112752348184586,0
C1_global_pair,2,9,123,50206,2,0,0.5915085077285767,1
C1_global_pair,2,9,130,50232,1,1,0.920692503452301,1
C1_global_pair,2,9,132,50234,1,1,0.9157727360725403,1
C1_global_pair,2,9,221,50352,2,0,0.6672902703285217,1
C1_global_pair,2,9,226,50357,2,0,0.12344689667224884,0
C1_global_pair,2,9,232,50363,2,0,0.9142478108406067,1
C1_global_pair,2,9,250,50383,2,0,0.1410266011953354,0
C1_global_pair,2,9,258,50399,1,1,0.9218823313713074,1
C1_global_pair,2,9,261,50404,1,1,0.9218696355819702,1
C1_global_pair,2,9,262,50405,1,1,0.9213923811912537,1
C1_global_pair,2,9,282,50428,2,0,0.12287160754203796,0
C1_global_pair,2,9,284,50434,2,0,0.1227780431509018,0
C1_global_pair,2,9,289,50439,2,0,0.15786977112293243,0
C1_global_pair,2,9,291,50441,2,0,0.12115906178951263,0
C1_global_pair,2,9,301,50463,2,0,0.1210455596446991,0
C1_global_pair,2,9,323,50498,1,1,0.9204289317131042,1
C1_global_pair,2,9,344,50527,1,1,0.9204241633415222,1
C1_global_pair,2,9,358,50568,2,0,0.8591610193252563,1
C1_global_pair,2,9,361,50571,2,0,0.8892670273780823,1
C1_global_pair,2,9,363,50573,2,0,0.12323930859565735,0
C1_global_pair,2,9,380,50616,1,1,0.9215619564056396,1
C1_global_pair,2,9,391,50642,1,1,0.9170880317687988,1
C1_global_pair,2,9,397,50656,2,0,0.5624504685401917,1
C1_global_pair,2,9,407,50688,2,0,0.12118497490882874,0
C1_global_pair,2,9,415,50696,1,1,0.9214352369308472,1
C1_global_pair,2,9,419,50700,1,1,0.9214439392089844,1
C1_global_pair,2,9,420,50701,2,0,0.12570184469223022,0
C1_global_pair,2,9,427,50708,1,1,0.921978235244751,1
C1_global_pair,2,9,446,50743,1,1,0.9219312071800232,1
C1_global_pair,2,9,461,50775,2,0,0.12370117753744125,0
C1_global_pair,2,9,472,50792,1,1,0.9219067096710205,1
C1_global_pair,2,9,481,50812,2,0,0.12276329100131989,0
C1_global_pair,2,9,491,50952,1,1,0.9219658970832825,1
C1_global_pair,2,9,498,50960,1,1,0.33825749158859253,0
C1_global_pair,2,9,511,50976,1,1,0.9212498068809509,1
C1_global_pair,2,9,524,50990,1,1,0.9213473796844482,1
C1_global_pair,2,9,539,51008,1,1,0.9010078310966492,1
C1_global_pair,2,9,541,51010,1,1,0.9051374793052673,1
C1_global_pair,2,9,543,51012,1,1,0.9150887727737427,1
C1_global_pair,2,9,563,51034,1,1,0.921561062335968,1
C1_global_pair,2,9,564,51035,1,1,0.9190125465393066,1
C1_global_pair,2,9,592,51065,2,0,0.12112249433994293,0
C1_global_pair,2,9,604,51078,2,0,0.12584932148456573,0
C1_global_pair,2,9,605,51079,2,0,0.9203956723213196,1
C1_global_pair,2,9,608,51082,2,0,0.3983564078807831,0
C1_global_pair,2,9,620,51095,2,0,0.9160857200622559,1
C1_global_pair,2,9,624,51099,2,0,0.12602530419826508,0
C1_global_pair,2,9,632,51107,2,0,0.8985026478767395,1
C1_global_pair,2,9,643,51123,2,0,0.18255098164081573,0
C1_global_pair,2,9,654,51135,2,0,0.7788751721382141,1
C1_global_pair,2,9,667,51151,2,0,0.1312544196844101,0
C1_global_pair,2,9,680,51170,1,1,0.897348940372467,1
C1_global_pair,2,9,699,51201,1,1,0.9214128255844116,1
C1_global_pair,2,9,708,51211,1,1,0.9201400876045227,1
C1_global_pair,2,9,712,51216,1,1,0.12394606322050095,0
C1_global_pair,2,9,736,51250,2,0,0.12104076892137527,0
C1_global_pair,2,9,739,51253,2,0,0.1213717982172966,0
C1_global_pair,2,9,740,51254,2,0,0.12107919156551361,0
C1_global_pair,2,9,742,51256,2,0,0.12257006019353867,0
C1_global_pair,2,9,752,51269,2,0,0.12205471843481064,0
C1_global_pair,2,9,756,51275,2,0,0.12109547108411789,0
C1_global_pair,2,9,784,51318,1,1,0.9148291349411011,1
C1_global_pair,2,9,788,51322,1,1,0.9199368357658386,1
C1_global_pair,2,9,789,51323,1,1,0.9206939339637756,1
C1_global_pair,2,9,794,51329,1,1,0.4799143671989441,0
C1_global_pair,2,9,802,51338,2,0,0.9219652414321899,1
C1_global_pair,2,9,822,51363,2,0,0.12962858378887177,0
C1_global_pair,2,9,825,51369,2,0,0.12104512751102448,0
C1_global_pair,2,9,827,51373,2,0,0.12323948740959167,0
C1_global_pair,2,9,842,51493,2,0,0.12428486347198486,0
C1_global_pair,2,9,864,51580,1,1,0.9194214344024658,1
C1_global_pair,2,10,11,50015,1,1,0.932853102684021,1
C1_global_pair,2,10,16,50024,1,1,0.9340997338294983,1
C1_global_pair,2,10,18,50026,1,1,0.9350811243057251,1
C1_global_pair,2,10,33,50042,2,0,0.07250069826841354,0
C1_global_pair,2,10,36,50045,2,0,0.34030136466026306,0
C1_global_pair,2,10,41,50050,2,0,0.07288005203008652,0
C1_global_pair,2,10,43,50052,2,0,0.9251277446746826,1
C1_global_pair,2,10,54,50106,2,0,0.6804026365280151,1
C1_global_pair,2,10,74,50131,1,1,0.9246451258659363,1
C1_global_pair,2,10,99,50168,2,0,0.0737222284078598,0
C1_global_pair,2,10,106,50186,1,1,0.9348748922348022,1
C1_global_pair,2,10,109,50189,1,1,0.9349506497383118,1
C1_global_pair,2,10,110,50190,1,1,0.9349499940872192,1
C1_global_pair,2,10,150,50259,2,0,0.20723111927509308,0
C1_global_pair,2,10,158,50267,2,0,0.07224792242050171,0
C1_global_pair,2,10,188,50312,1,1,0.9342628717422485,1
C1_global_pair,2,10,194,50321,1,1,0.934088945388794,1
C1_global_pair,2,10,233,50364,2,0,0.3639841675758362,0
C1_global_pair,2,10,239,50370,2,0,0.07339742034673691,0
C1_global_pair,2,10,245,50377,2,0,0.07454069703817368,0
C1_global_pair,2,10,252,50386,2,0,0.07245848327875137,0
C1_global_pair,2,10,257,50397,1,1,0.9349449872970581,1
C1_global_pair,2,10,263,50406,1,1,0.9328497052192688,1
C1_global_pair,2,10,268,50412,1,1,0.9333475828170776,1
C1_global_pair,2,10,270,50414,2,0,0.07670412212610245,0
C1_global_pair,2,10,273,50417,2,0,0.0766640305519104,0
C1_global_pair,2,10,294,50444,2,0,0.3551224172115326,0
C1_global_pair,2,10,303,50467,2,0,0.07559410482645035,0
C1_global_pair,2,10,304,50468,2,0,0.07240952551364899,0
C1_global_pair,2,10,317,50491,1,1,0.9325047731399536,1
C1_global_pair,2,10,324,50499,1,1,0.9349322319030762,1
C1_global_pair,2,10,366,50576,2,0,0.07247591763734818,0
C1_global_pair,2,10,372,50604,1,1,0.9341331124305725,1
C1_global_pair,2,10,394,50648,1,1,0.4899390637874603,0
C1_global_pair,2,10,430,50722,2,0,0.07421939820051193,0
C1_global_pair,2,10,434,50726,2,0,0.21493901312351227,0
C1_global_pair,2,10,443,50740,2,0,0.07453081756830215,0
C1_global_pair,2,10,459,50773,2,0,0.07239053398370743,0
C1_global_pair,2,10,475,50798,1,1,0.07263968884944916,0
C1_global_pair,2,10,482,50814,2,0,0.1652381718158722,0
C1_global_pair,2,10,490,50824,1,1,0.33532431721687317,0
C1_global_pair,2,10,494,50956,1,1,0.9340161085128784,1
C1_global_pair,2,10,501,50964,1,1,0.9345411658287048,1
C1_global_pair,2,10,507,50970,1,1,0.9350355863571167,1
C1_global_pair,2,10,509,50973,1,1,0.9349268674850464,1
C1_global_pair,2,10,512,50977,1,1,0.9340153932571411,1
C1_global_pair,2,10,518,50984,1,1,0.9350447058677673,1
C1_global_pair,2,10,519,50985,1,1,0.933682918548584,1
C1_global_pair,2,10,523,50989,1,1,0.9345003962516785,1
C1_global_pair,2,10,527,50993,1,1,0.9337365627288818,1
C1_global_pair,2,10,528,50994,1,1,0.9346115589141846,1
C1_global_pair,2,10,529,50995,1,1,0.9328411221504211,1
C1_global_pair,2,10,533,51000,1,1,0.9350528717041016,1
C1_global_pair,2,10,535,51002,1,1,0.9292399883270264,1
C1_global_pair,2,10,547,51016,1,1,0.9346731901168823,1
C1_global_pair,2,10,549,51018,1,1,0.9336510300636292,1
C1_global_pair,2,10,557,51027,1,1,0.9347525835037231,1
C1_global_pair,2,10,565,51036,2,0,0.07211831957101822,0
C1_global_pair,2,10,567,51039,2,0,0.07578369230031967,0
C1_global_pair,2,10,573,51046,2,0,0.7317789196968079,1
C1_global_pair,2,10,578,51051,2,0,0.07964422553777695,0
C1_global_pair,2,10,591,51064,2,0,0.0720965713262558,0
C1_global_pair,2,10,617,51091,2,0,0.07322005182504654,0
C1_global_pair,2,10,618,51093,2,0,0.07255641371011734,0
C1_global_pair,2,10,619,51094,2,0,0.07850991189479828,0
C1_global_pair,2,10,626,51101,2,0,0.07934083789587021,0
C1_global_pair,2,10,636,51112,2,0,0.07729298621416092,0
C1_global_pair,2,10,641,51118,2,0,0.7859923243522644,1
C1_global_pair,2,10,649,51130,2,0,0.9345437288284302,1
C1_global_pair,2,10,662,51146,2,0,0.07666364312171936,0
C1_global_pair,2,10,666,51150,2,0,0.07320551574230194,0
C1_global_pair,2,10,692,51187,2,0,0.07253052294254303,0
C1_global_pair,2,10,696,51194,2,0,0.30696165561676025,0
C1_global_pair,2,10,702,51204,1,1,0.932582676410675,1
C1_global_pair,2,10,707,51210,1,1,0.9310286045074463,1
C1_global_pair,2,10,758,51277,2,0,0.07248836010694504,0
C1_global_pair,2,10,761,51280,2,0,0.07421109825372696,0
C1_global_pair,2,10,764,51292,1,1,0.9323416948318481,1
C1_global_pair,2,10,765,51293,1,1,0.9325513243675232,1
C1_global_pair,2,10,777,51306,2,0,0.36505791544914246,0
C1_global_pair,2,10,782,51313,2,0,0.07934282720088959,0
C1_global_pair,2,10,796,51331,1,1,0.9348938465118408,1
C1_global_pair,2,10,797,51332,2,0,0.07477159053087234,0
C1_global_pair,2,10,800,51335,2,0,0.1329818218946457,0
C1_global_pair,2,10,819,51360,2,0,0.20648184418678284,0
C1_global_pair,2,10,850,51564,2,0,0.07226091623306274,0
C1_global_pair,2,10,860,51576,1,1,0.23974129557609558,0
C2_global_hybrid_medium,0,1,10,50014,1,1,0.924232542514801,1
C2_global_hybrid_medium,0,1,14,50022,1,1,0.16356278955936432,0
C2_global_hybrid_medium,0,1,36,50045,2,0,0.3005825877189636,0
C2_global_hybrid_medium,0,1,42,50051,2,0,0.9174866676330566,1
C2_global_hybrid_medium,0,1,49,50060,2,0,0.10437758266925812,0
C2_global_hybrid_medium,0,1,53,50105,2,0,0.8170364499092102,1
C2_global_hybrid_medium,0,1,63,50117,2,0,0.4699859023094177,0
C2_global_hybrid_medium,0,1,67,50123,1,1,0.9244864583015442,1
C2_global_hybrid_medium,0,1,83,50147,1,1,0.6086901426315308,1
C2_global_hybrid_medium,0,1,84,50148,1,1,0.9246190190315247,1
C2_global_hybrid_medium,0,1,96,50163,2,0,0.22487156093120575,0
C2_global_hybrid_medium,0,1,97,50164,2,0,0.10206786543130875,0
C2_global_hybrid_medium,0,1,111,50193,2,0,0.10157129913568497,0
C2_global_hybrid_medium,0,1,114,50196,2,0,0.6131487488746643,1
C2_global_hybrid_medium,0,1,123,50206,2,0,0.8005813956260681,1
C2_global_hybrid_medium,0,1,131,50233,1,1,0.9237280488014221,1
C2_global_hybrid_medium,0,1,132,50234,1,1,0.8020094037055969,1
C2_global_hybrid_medium,0,1,136,50240,1,1,0.9231749176979065,1
C2_global_hybrid_medium,0,1,141,50248,1,1,0.925109326839447,1
C2_global_hybrid_medium,0,1,145,50252,1,1,0.5724923610687256,1
C2_global_hybrid_medium,0,1,146,50253,1,1,0.9224786758422852,1
C2_global_hybrid_medium,0,1,148,50255,1,1,0.9233555793762207,1
C2_global_hybrid_medium,0,1,152,50261,2,0,0.8360506296157837,1
C2_global_hybrid_medium,0,1,154,50263,2,0,0.2067156434059143,0
C2_global_hybrid_medium,0,1,164,50273,1,1,0.9204019904136658,1
C2_global_hybrid_medium,0,1,184,50302,1,1,0.923719048500061,1
C2_global_hybrid_medium,0,1,202,50333,2,0,0.1291687786579132,0
C2_global_hybrid_medium,0,1,204,50335,2,0,0.10153767466545105,0
C2_global_hybrid_medium,0,1,210,50341,2,0,0.11527128517627716,0
C2_global_hybrid_medium,0,1,223,50354,2,0,0.1713273674249649,0
C2_global_hybrid_medium,0,1,241,50373,2,0,0.4344135820865631,0
C2_global_hybrid_medium,0,1,266,50410,1,1,0.9204059839248657,1
C2_global_hybrid_medium,0,1,271,50415,2,0,0.13077977299690247,0
C2_global_hybrid_medium,0,1,275,50419,2,0,0.10223737359046936,0
C2_global_hybrid_medium,0,1,278,50424,2,0,0.12515634298324585,0
C2_global_hybrid_medium,0,1,286,50436,2,0,0.8374794721603394,1
C2_global_hybrid_medium,0,1,292,50442,2,0,0.11124196648597717,0
C2_global_hybrid_medium,0,1,302,50466,2,0,0.10166484117507935,0
C2_global_hybrid_medium,0,1,303,50467,2,0,0.488376647233963,0
C2_global_hybrid_medium,0,1,323,50498,1,1,0.9212728142738342,1
C2_global_hybrid_medium,0,1,326,50501,1,1,0.923349916934967,1
C2_global_hybrid_medium,0,1,346,50529,1,1,0.9238241910934448,1
C2_global_hybrid_medium,0,1,349,50532,1,1,0.9220671057701111,1
C2_global_hybrid_medium,0,1,352,50555,2,0,0.10717141628265381,0
C2_global_hybrid_medium,0,1,353,50557,2,0,0.14038409292697906,0
C2_global_hybrid_medium,0,1,360,50570,2,0,0.10669120401144028,0
C2_global_hybrid_medium,0,1,390,50628,1,1,0.9235358238220215,1
C2_global_hybrid_medium,0,1,397,50656,2,0,0.34034109115600586,0
C2_global_hybrid_medium,0,1,405,50686,1,1,0.9252189993858337,1
C2_global_hybrid_medium,0,1,408,50689,1,1,0.9236629605293274,1
C2_global_hybrid_medium,0,1,430,50722,2,0,0.10175973176956177,0
C2_global_hybrid_medium,0,1,435,50728,2,0,0.8536211848258972,1
C2_global_hybrid_medium,0,1,446,50743,1,1,0.9252382516860962,1
C2_global_hybrid_medium,0,1,451,50750,1,1,0.9253084659576416,1
C2_global_hybrid_medium,0,1,475,50798,1,1,0.10969389230012894,0
C2_global_hybrid_medium,0,1,476,50799,1,1,0.9249743223190308,1
C2_global_hybrid_medium,0,1,481,50812,2,0,0.10688571631908417,0
C2_global_hybrid_medium,0,1,490,50824,1,1,0.16628804802894592,0
C2_global_hybrid_medium,0,1,511,50976,1,1,0.9249166250228882,1
C2_global_hybrid_medium,0,1,522,50988,1,1,0.9206708073616028,1
C2_global_hybrid_medium,0,1,525,50991,1,1,0.34574684500694275,0
C2_global_hybrid_medium,0,1,537,51006,1,1,0.9253034591674805,1
C2_global_hybrid_medium,0,1,541,51010,1,1,0.7370014786720276,1
C2_global_hybrid_medium,0,1,557,51027,1,1,0.9065009951591492,1
C2_global_hybrid_medium,0,1,559,51029,1,1,0.7764001488685608,1
C2_global_hybrid_medium,0,1,579,51052,2,0,0.10971510410308838,0
C2_global_hybrid_medium,0,1,584,51057,2,0,0.11237724870443344,0
C2_global_hybrid_medium,0,1,633,51109,2,0,0.10669827461242676,0
C2_global_hybrid_medium,0,1,636,51112,2,0,0.11759049445390701,0
C2_global_hybrid_medium,0,1,648,51129,2,0,0.10966458171606064,0
C2_global_hybrid_medium,0,1,655,51136,2,0,0.548002302646637,1
C2_global_hybrid_medium,0,1,670,51154,2,0,0.10167510062456131,0
C2_global_hybrid_medium,0,1,692,51187,2,0,0.10206931829452515,0
C2_global_hybrid_medium,0,1,695,51192,2,0,0.10156338661909103,0
C2_global_hybrid_medium,0,1,696,51194,2,0,0.8531986474990845,1
C2_global_hybrid_medium,0,1,727,51234,1,1,0.9213337302207947,1
C2_global_hybrid_medium,0,1,732,51240,1,1,0.9238241910934448,1
C2_global_hybrid_medium,0,1,762,51281,2,0,0.11905153095722198,0
C2_global_hybrid_medium,0,1,765,51293,1,1,0.9244433045387268,1
C2_global_hybrid_medium,0,1,766,51294,1,1,0.6458360552787781,1
C2_global_hybrid_medium,0,1,779,51308,2,0,0.1215367391705513,0
C2_global_hybrid_medium,0,1,795,51330,1,1,0.925171971321106,1
C2_global_hybrid_medium,0,1,798,51333,2,0,0.11358727514743805,0
C2_global_hybrid_medium,0,1,825,51369,2,0,0.22888565063476562,0
C2_global_hybrid_medium,0,1,828,51461,1,1,0.9251747131347656,1
C2_global_hybrid_medium,0,1,839,51487,2,0,0.463701456785202,0
C2_global_hybrid_medium,0,1,854,51568,2,0,0.21305784583091736,0
C2_global_hybrid_medium,0,1,862,51578,1,1,0.9253816604614258,1
C2_global_hybrid_medium,0,2,2,50005,1,1,0.4702607989311218,0
C2_global_hybrid_medium,0,2,3,50006,1,1,0.8625755310058594,1
C2_global_hybrid_medium,0,2,4,50007,1,1,0.7087892889976501,1
C2_global_hybrid_medium,0,2,20,50028,1,1,0.8570577502250671,1
C2_global_hybrid_medium,0,2,27,50036,2,0,0.1128566563129425,0
C2_global_hybrid_medium,0,2,35,50044,2,0,0.11608998477458954,0
C2_global_hybrid_medium,0,2,45,50054,2,0,0.8186768889427185,1
C2_global_hybrid_medium,0,2,57,50111,2,0,0.11460582166910172,0
C2_global_hybrid_medium,0,2,61,50115,2,0,0.11292959749698639,0
C2_global_hybrid_medium,0,2,69,50125,1,1,0.8467864990234375,1
C2_global_hybrid_medium,0,2,79,50143,1,1,0.8643908500671387,1
C2_global_hybrid_medium,0,2,87,50152,1,1,0.8610374927520752,1
C2_global_hybrid_medium,0,2,116,50199,2,0,0.11176954954862595,0
C2_global_hybrid_medium,0,2,122,50205,2,0,0.11016970872879028,0
C2_global_hybrid_medium,0,2,130,50232,1,1,0.8638483881950378,1
C2_global_hybrid_medium,0,2,133,50236,1,1,0.865365743637085,1
C2_global_hybrid_medium,0,2,147,50254,1,1,0.8163723945617676,1
C2_global_hybrid_medium,0,2,162,50271,2,0,0.11301743239164352,0
C2_global_hybrid_medium,0,2,170,50284,1,1,0.3380318582057953,0
C2_global_hybrid_medium,0,2,171,50285,1,1,0.11010222136974335,0
C2_global_hybrid_medium,0,2,183,50301,1,1,0.6598793268203735,1
C2_global_hybrid_medium,0,2,192,50319,1,1,0.8603079915046692,1
C2_global_hybrid_medium,0,2,197,50327,2,0,0.1102217510342598,0
C2_global_hybrid_medium,0,2,217,50348,2,0,0.1134902834892273,0
C2_global_hybrid_medium,0,2,218,50349,2,0,0.11669871211051941,0
C2_global_hybrid_medium,0,2,222,50353,2,0,0.1175893172621727,0
C2_global_hybrid_medium,0,2,232,50363,2,0,0.17942440509796143,0
C2_global_hybrid_medium,0,2,234,50365,2,0,0.11002956330776215,0
C2_global_hybrid_medium,0,2,257,50397,1,1,0.8523294925689697,1
C2_global_hybrid_medium,0,2,270,50414,2,0,0.16569171845912933,0
C2_global_hybrid_medium,0,2,282,50428,2,0,0.11175092309713364,0
C2_global_hybrid_medium,0,2,283,50433,2,0,0.11247801035642624,0
C2_global_hybrid_medium,0,2,294,50444,2,0,0.2461637556552887,0
C2_global_hybrid_medium,0,2,307,50477,1,1,0.7390953302383423,1
C2_global_hybrid_medium,0,2,316,50490,1,1,0.783286452293396,1
C2_global_hybrid_medium,0,2,357,50565,2,0,0.2981557548046112,0
C2_global_hybrid_medium,0,2,363,50573,2,0,0.1239047572016716,0
C2_global_hybrid_medium,0,2,364,50574,2,0,0.12055068463087082,0
C2_global_hybrid_medium,0,2,372,50604,1,1,0.8620070815086365,1
C2_global_hybrid_medium,0,2,381,50619,1,1,0.8648563027381897,1
C2_global_hybrid_medium,0,2,385,50623,1,1,0.8562954068183899,1
C2_global_hybrid_medium,0,2,394,50648,1,1,0.11968187242746353,0
C2_global_hybrid_medium,0,2,399,50664,2,0,0.17593717575073242,0
C2_global_hybrid_medium,0,2,407,50688,2,0,0.27135708928108215,0
C2_global_hybrid_medium,0,2,410,50691,2,0,0.11747941374778748,0
C2_global_hybrid_medium,0,2,417,50698,2,0,0.21450161933898926,0
C2_global_hybrid_medium,0,2,426,50707,2,0,0.11460983753204346,0
C2_global_hybrid_medium,0,2,450,50749,1,1,0.8599390387535095,1
C2_global_hybrid_medium,0,2,453,50752,1,1,0.7662502527236938,1
C2_global_hybrid_medium,0,2,462,50776,2,0,0.11009125411510468,0
C2_global_hybrid_medium,0,2,465,50780,2,0,0.15255674719810486,0
C2_global_hybrid_medium,0,2,478,50801,1,1,0.7110888957977295,1
C2_global_hybrid_medium,0,2,489,50823,1,1,0.8189181685447693,1
C2_global_hybrid_medium,0,2,513,50978,1,1,0.8638139367103577,1
C2_global_hybrid_medium,0,2,528,50994,1,1,0.8634385466575623,1
C2_global_hybrid_medium,0,2,535,51002,1,1,0.46127849817276,0
C2_global_hybrid_medium,0,2,543,51012,1,1,0.7689704298973083,1
C2_global_hybrid_medium,0,2,544,51013,1,1,0.5557652115821838,1
C2_global_hybrid_medium,0,2,546,51015,1,1,0.11055673658847809,0
C2_global_hybrid_medium,0,2,553,51023,1,1,0.8608566522598267,1
C2_global_hybrid_medium,0,2,558,51028,1,1,0.8648754954338074,1
C2_global_hybrid_medium,0,2,568,51040,2,0,0.12193465232849121,0
C2_global_hybrid_medium,0,2,572,51045,2,0,0.11560885608196259,0
C2_global_hybrid_medium,0,2,585,51058,2,0,0.11446060240268707,0
C2_global_hybrid_medium,0,2,592,51065,2,0,0.11722676455974579,0
C2_global_hybrid_medium,0,2,596,51069,2,0,0.11847122013568878,0
C2_global_hybrid_medium,0,2,612,51086,2,0,0.11559188365936279,0
C2_global_hybrid_medium,0,2,629,51104,2,0,0.11053462326526642,0
C2_global_hybrid_medium,0,2,642,51122,2,0,0.11933684349060059,0
C2_global_hybrid_medium,0,2,645,51126,2,0,0.12093539535999298,0
C2_global_hybrid_medium,0,2,646,51127,2,0,0.37097224593162537,0
C2_global_hybrid_medium,0,2,651,51132,2,0,0.11034812033176422,0
C2_global_hybrid_medium,0,2,681,51171,1,1,0.4416409432888031,0
C2_global_hybrid_medium,0,2,683,51177,1,1,0.8443780541419983,1
C2_global_hybrid_medium,0,2,690,51184,2,0,0.16174151003360748,0
C2_global_hybrid_medium,0,2,691,51185,2,0,0.5507534742355347,1
C2_global_hybrid_medium,0,2,718,51222,1,1,0.110122911632061,0
C2_global_hybrid_medium,0,2,722,51226,1,1,0.11002478003501892,0
C2_global_hybrid_medium,0,2,728,51235,1,1,0.8649172186851501,1
C2_global_hybrid_medium,0,2,742,51256,2,0,0.11294830590486526,0
C2_global_hybrid_medium,0,2,753,51271,2,0,0.11795766651630402,0
C2_global_hybrid_medium,0,2,793,51328,1,1,0.8645999431610107,1
C2_global_hybrid_medium,0,2,820,51361,2,0,0.11238697171211243,0
C2_global_hybrid_medium,0,2,824,51365,2,0,0.11109711974859238,0
C2_global_hybrid_medium,0,2,832,51473,1,1,0.29506775736808777,0
C2_global_hybrid_medium,0,2,840,51488,2,0,0.12191381305456161,0
C2_global_hybrid_medium,0,2,869,51606,1,1,0.11031558364629745,0
C2_global_hybrid_medium,0,3,21,50030,2,0,0.6146087050437927,1
C2_global_hybrid_medium,0,3,32,50041,2,0,0.06086508184671402,0
C2_global_hybrid_medium,0,3,34,50043,2,0,0.39755281805992126,0
C2_global_hybrid_medium,0,3,37,50046,2,0,0.06300000101327896,0
C2_global_hybrid_medium,0,3,70,50127,1,1,0.060930825769901276,0
C2_global_hybrid_medium,0,3,74,50131,1,1,0.662600040435791,1
C2_global_hybrid_medium,0,3,86,50150,1,1,0.644320547580719,1
C2_global_hybrid_medium,0,3,100,50169,2,0,0.05965648964047432,0
C2_global_hybrid_medium,0,3,119,50202,2,0,0.06551308929920197,0
C2_global_hybrid_medium,0,3,151,50260,2,0,0.060049913823604584,0
C2_global_hybrid_medium,0,3,159,50268,2,0,0.05966242030262947,0
C2_global_hybrid_medium,0,3,160,50269,2,0,0.1032438799738884,0
C2_global_hybrid_medium,0,3,163,50272,1,1,0.9054679870605469,1
C2_global_hybrid_medium,0,3,181,50298,1,1,0.590660035610199,1
C2_global_hybrid_medium,0,3,187,50310,1,1,0.8686065077781677,1
C2_global_hybrid_medium,0,3,207,50338,2,0,0.060189638286828995,0
C2_global_hybrid_medium,0,3,258,50399,1,1,0.6906208992004395,1
C2_global_hybrid_medium,0,3,262,50405,1,1,0.905204713344574,1
C2_global_hybrid_medium,0,3,264,50407,1,1,0.9050784111022949,1
C2_global_hybrid_medium,0,3,284,50434,2,0,0.059676606208086014,0
C2_global_hybrid_medium,0,3,287,50437,2,0,0.8913028240203857,1
C2_global_hybrid_medium,0,3,297,50447,2,0,0.08859328925609589,0
C2_global_hybrid_medium,0,3,310,50482,1,1,0.9055032134056091,1
C2_global_hybrid_medium,0,3,319,50493,1,1,0.900103747844696,1
C2_global_hybrid_medium,0,3,327,50502,1,1,0.9051283001899719,1
C2_global_hybrid_medium,0,3,329,50504,1,1,0.8998051285743713,1
C2_global_hybrid_medium,0,3,333,50514,1,1,0.714374840259552,1
C2_global_hybrid_medium,0,3,335,50516,1,1,0.9004929065704346,1
C2_global_hybrid_medium,0,3,337,50519,1,1,0.9011890292167664,1
C2_global_hybrid_medium,0,3,368,50578,2,0,0.8178603053092957,1
C2_global_hybrid_medium,0,3,370,50602,1,1,0.8990821242332458,1
C2_global_hybrid_medium,0,3,371,50603,1,1,0.9046638011932373,1
C2_global_hybrid_medium,0,3,379,50615,1,1,0.9049018025398254,1
C2_global_hybrid_medium,0,3,411,50692,2,0,0.05966712906956673,0
C2_global_hybrid_medium,0,3,425,50706,2,0,0.06109202653169632,0
C2_global_hybrid_medium,0,3,434,50726,2,0,0.12489543110132217,0
C2_global_hybrid_medium,0,3,439,50735,2,0,0.059624820947647095,0
C2_global_hybrid_medium,0,3,444,50741,2,0,0.059898119419813156,0
C2_global_hybrid_medium,0,3,456,50756,1,1,0.8931814432144165,1
C2_global_hybrid_medium,0,3,457,50757,1,1,0.22198821604251862,0
C2_global_hybrid_medium,0,3,497,50959,1,1,0.5981138944625854,1
C2_global_hybrid_medium,0,3,499,50961,1,1,0.11282052099704742,0
C2_global_hybrid_medium,0,3,502,50965,1,1,0.8990947604179382,1
C2_global_hybrid_medium,0,3,507,50970,1,1,0.9032193422317505,1
C2_global_hybrid_medium,0,3,514,50979,1,1,0.44500279426574707,0
C2_global_hybrid_medium,0,3,539,51008,1,1,0.06088961288332939,0
C2_global_hybrid_medium,0,3,562,51033,1,1,0.7954691052436829,1
C2_global_hybrid_medium,0,3,576,51049,2,0,0.062275230884552,0
C2_global_hybrid_medium,0,3,589,51062,2,0,0.06329495459794998,0
C2_global_hybrid_medium,0,3,605,51079,2,0,0.4249609112739563,0
C2_global_hybrid_medium,0,3,622,51097,2,0,0.0639515370130539,0
C2_global_hybrid_medium,0,3,626,51101,2,0,0.059789109975099564,0
C2_global_hybrid_medium,0,3,640,51117,2,0,0.05987124517560005,0
C2_global_hybrid_medium,0,3,661,51142,2,0,0.059609513729810715,0
C2_global_hybrid_medium,0,3,662,51146,2,0,0.06149813160300255,0
C2_global_hybrid_medium,0,3,669,51153,2,0,0.059895459562540054,0
C2_global_hybrid_medium,0,3,676,51163,1,1,0.2201719731092453,0
C2_global_hybrid_medium,0,3,678,51168,1,1,0.21173200011253357,0
C2_global_hybrid_medium,0,3,686,51180,2,0,0.05967980623245239,0
C2_global_hybrid_medium,0,3,688,51182,2,0,0.05964752659201622,0
C2_global_hybrid_medium,0,3,709,51212,1,1,0.8959977626800537,1
C2_global_hybrid_medium,0,3,710,51214,1,1,0.9047468304634094,1
C2_global_hybrid_medium,0,3,713,51217,1,1,0.06174464151263237,0
C2_global_hybrid_medium,0,3,714,51218,1,1,0.8927159309387207,1
C2_global_hybrid_medium,0,3,716,51220,1,1,0.8848321437835693,1
C2_global_hybrid_medium,0,3,723,51228,1,1,0.9054204225540161,1
C2_global_hybrid_medium,0,3,737,51251,2,0,0.5400785803794861,1
C2_global_hybrid_medium,0,3,739,51253,2,0,0.08515679091215134,0
C2_global_hybrid_medium,0,3,745,51261,2,0,0.0676809549331665,0
C2_global_hybrid_medium,0,3,747,51264,2,0,0.06451097875833511,0
C2_global_hybrid_medium,0,3,754,51272,2,0,0.07777343690395355,0
C2_global_hybrid_medium,0,3,755,51273,2,0,0.7355802059173584,1
C2_global_hybrid_medium,0,3,756,51275,2,0,0.06072630733251572,0
C2_global_hybrid_medium,0,3,780,51309,2,0,0.905497133731842,1
C2_global_hybrid_medium,0,3,786,51320,1,1,0.8990897536277771,1
C2_global_hybrid_medium,0,3,791,51326,1,1,0.8321936726570129,1
C2_global_hybrid_medium,0,3,800,51335,2,0,0.08173293620347977,0
C2_global_hybrid_medium,0,3,806,51342,2,0,0.13016146421432495,0
C2_global_hybrid_medium,0,3,819,51360,2,0,0.06339026242494583,0
C2_global_hybrid_medium,0,3,831,51465,1,1,0.9055173993110657,1
C2_global_hybrid_medium,0,3,834,51479,2,0,0.06010536104440689,0
C2_global_hybrid_medium,0,3,836,51481,2,0,0.05982336029410362,0
C2_global_hybrid_medium,0,3,842,51493,2,0,0.06582135707139969,0
C2_global_hybrid_medium,0,3,852,51566,2,0,0.06332322210073471,0
C2_global_hybrid_medium,0,3,853,51567,2,0,0.059657640755176544,0
C2_global_hybrid_medium,0,3,857,51572,1,1,0.9050644636154175,1
C2_global_hybrid_medium,0,3,868,51585,1,1,0.896613359451294,1
C2_global_hybrid_medium,0,4,8,50012,1,1,0.8015724420547485,1
C2_global_hybrid_medium,0,4,13,50020,1,1,0.9284416437149048,1
C2_global_hybrid_medium,0,4,17,50025,1,1,0.9314958453178406,1
C2_global_hybrid_medium,0,4,29,50038,2,0,0.04984385147690773,0
C2_global_hybrid_medium,0,4,33,50042,2,0,0.048521675169467926,0
C2_global_hybrid_medium,0,4,43,50052,2,0,0.050553835928440094,0
C2_global_hybrid_medium,0,4,46,50056,1,1,0.9293839931488037,1
C2_global_hybrid_medium,0,4,55,50107,2,0,0.07584093511104584,0
C2_global_hybrid_medium,0,4,56,50109,2,0,0.04816874861717224,0
C2_global_hybrid_medium,0,4,58,50112,2,0,0.04938001558184624,0
C2_global_hybrid_medium,0,4,66,50121,1,1,0.9306855797767639,1
C2_global_hybrid_medium,0,4,72,50129,1,1,0.9303249716758728,1
C2_global_hybrid_medium,0,4,88,50153,1,1,0.7004919052124023,1
C2_global_hybrid_medium,0,4,99,50168,2,0,0.051612917333841324,0
C2_global_hybrid_medium,0,4,103,50182,1,1,0.9314849972724915,1
C2_global_hybrid_medium,0,4,106,50186,1,1,0.8883703947067261,1
C2_global_hybrid_medium,0,4,109,50189,1,1,0.931514322757721,1
C2_global_hybrid_medium,0,4,113,50195,2,0,0.04952048137784004,0
C2_global_hybrid_medium,0,4,126,50213,2,0,0.05022710561752319,0
C2_global_hybrid_medium,0,4,135,50239,1,1,0.9315391778945923,1
C2_global_hybrid_medium,0,4,144,50251,1,1,0.2762540578842163,0
C2_global_hybrid_medium,0,4,158,50267,2,0,0.050766684114933014,0
C2_global_hybrid_medium,0,4,172,50287,1,1,0.04931890219449997,0
C2_global_hybrid_medium,0,4,175,50291,1,1,0.5133994817733765,1
C2_global_hybrid_medium,0,4,200,50331,2,0,0.0482759028673172,0
C2_global_hybrid_medium,0,4,211,50342,2,0,0.049067478626966476,0
C2_global_hybrid_medium,0,4,230,50361,2,0,0.049386221915483475,0
C2_global_hybrid_medium,0,4,231,50362,2,0,0.048305388540029526,0
C2_global_hybrid_medium,0,4,236,50367,2,0,0.04836665093898773,0
C2_global_hybrid_medium,0,4,243,50375,2,0,0.04843580722808838,0
C2_global_hybrid_medium,0,4,244,50376,2,0,0.04815024137496948,0
C2_global_hybrid_medium,0,4,263,50406,1,1,0.929462194442749,1
C2_global_hybrid_medium,0,4,280,50426,2,0,0.048957157880067825,0
C2_global_hybrid_medium,0,4,288,50438,2,0,0.05080994591116905,0
C2_global_hybrid_medium,0,4,306,50470,2,0,0.0488901324570179,0
C2_global_hybrid_medium,0,4,328,50503,1,1,0.9314546585083008,1
C2_global_hybrid_medium,0,4,339,50521,1,1,0.7986133694648743,1
C2_global_hybrid_medium,0,4,341,50524,1,1,0.9269265532493591,1
C2_global_hybrid_medium,0,4,345,50528,1,1,0.9285027980804443,1
C2_global_hybrid_medium,0,4,348,50531,1,1,0.4699006676673889,0
C2_global_hybrid_medium,0,4,351,50552,2,0,0.3042219579219818,0
C2_global_hybrid_medium,0,4,386,50624,1,1,0.9303057789802551,1
C2_global_hybrid_medium,0,4,412,50693,1,1,0.3493397533893585,0
C2_global_hybrid_medium,0,4,416,50697,1,1,0.9235278964042664,1
C2_global_hybrid_medium,0,4,436,50730,2,0,0.048179879784584045,0
C2_global_hybrid_medium,0,4,441,50738,2,0,0.05159065127372742,0
C2_global_hybrid_medium,0,4,445,50742,2,0,0.048795413225889206,0
C2_global_hybrid_medium,0,4,455,50755,1,1,0.9303209185600281,1
C2_global_hybrid_medium,0,4,460,50774,2,0,0.049398209899663925,0
C2_global_hybrid_medium,0,4,461,50775,2,0,0.04829750955104828,0
C2_global_hybrid_medium,0,4,467,50782,2,0,0.04861581698060036,0
C2_global_hybrid_medium,0,4,496,50958,1,1,0.9245955944061279,1
C2_global_hybrid_medium,0,4,498,50960,1,1,0.5922495722770691,1
C2_global_hybrid_medium,0,4,508,50972,1,1,0.9301508665084839,1
C2_global_hybrid_medium,0,4,509,50973,1,1,0.9290288686752319,1
C2_global_hybrid_medium,0,4,510,50974,1,1,0.9315138459205627,1
C2_global_hybrid_medium,0,4,516,50982,1,1,0.04818690940737724,0
C2_global_hybrid_medium,0,4,527,50993,1,1,0.9284851551055908,1
C2_global_hybrid_medium,0,4,551,51020,1,1,0.7270615696907043,1
C2_global_hybrid_medium,0,4,555,51025,1,1,0.9309821128845215,1
C2_global_hybrid_medium,0,4,566,51038,2,0,0.04938158020377159,0
C2_global_hybrid_medium,0,4,577,51050,2,0,0.048773013055324554,0
C2_global_hybrid_medium,0,4,586,51059,2,0,0.053212832659482956,0
C2_global_hybrid_medium,0,4,599,51073,2,0,0.049813807010650635,0
C2_global_hybrid_medium,0,4,606,51080,2,0,0.7238346338272095,1
C2_global_hybrid_medium,0,4,607,51081,2,0,0.0532010979950428,0
C2_global_hybrid_medium,0,4,616,51090,2,0,0.05157802999019623,0
C2_global_hybrid_medium,0,4,619,51094,2,0,0.053216561675071716,0
C2_global_hybrid_medium,0,4,631,51106,2,0,0.053222883492708206,0
C2_global_hybrid_medium,0,4,632,51107,2,0,0.8486610054969788,1
C2_global_hybrid_medium,0,4,657,51138,2,0,0.05193999409675598,0
C2_global_hybrid_medium,0,4,658,51139,2,0,0.050223931670188904,0
C2_global_hybrid_medium,0,4,664,51148,2,0,0.053798872977495193,0
C2_global_hybrid_medium,0,4,665,51149,2,0,0.04844928905367851,0
C2_global_hybrid_medium,0,4,693,51188,2,0,0.05197977274656296,0
C2_global_hybrid_medium,0,4,697,51197,2,0,0.048278044909238815,0
C2_global_hybrid_medium,0,4,698,51198,2,0,0.21070553362369537,0
C2_global_hybrid_medium,0,4,700,51202,1,1,0.928699254989624,1
C2_global_hybrid_medium,0,4,701,51203,1,1,0.9309777617454529,1
C2_global_hybrid_medium,0,4,703,51205,1,1,0.9284874200820923,1
C2_global_hybrid_medium,0,4,730,51237,1,1,0.928938090801239,1
C2_global_hybrid_medium,0,4,735,51249,1,1,0.930544376373291,1
C2_global_hybrid_medium,0,4,767,51295,1,1,0.929667055606842,1
C2_global_hybrid_medium,0,4,772,51301,1,1,0.17687121033668518,0
C2_global_hybrid_medium,0,4,776,51305,2,0,0.6367713212966919,1
C2_global_hybrid_medium,0,4,845,51558,2,0,0.049399495124816895,0
C2_global_hybrid_medium,0,4,851,51565,2,0,0.08637847006320953,0
C2_global_hybrid_medium,0,5,0,50003,1,1,0.31224462389945984,0
C2_global_hybrid_medium,0,5,6,50010,1,1,0.8255577087402344,1
C2_global_hybrid_medium,0,5,18,50026,1,1,0.7003183364868164,1
C2_global_hybrid_medium,0,5,19,50027,1,1,0.08514174818992615,0
C2_global_hybrid_medium,0,5,50,50102,2,0,0.1248614639043808,0
C2_global_hybrid_medium,0,5,64,50118,1,1,0.835934579372406,1
C2_global_hybrid_medium,0,5,77,50135,1,1,0.7994256019592285,1
C2_global_hybrid_medium,0,5,78,50142,1,1,0.8372937440872192,1
C2_global_hybrid_medium,0,5,81,50145,1,1,0.2211684286594391,0
C2_global_hybrid_medium,0,5,98,50167,2,0,0.10240050405263901,0
C2_global_hybrid_medium,0,5,112,50194,2,0,0.09693441540002823,0
C2_global_hybrid_medium,0,5,125,50210,2,0,0.08507139980792999,0
C2_global_hybrid_medium,0,5,128,50215,2,0,0.08549966663122177,0
C2_global_hybrid_medium,0,5,142,50249,1,1,0.8373258709907532,1
C2_global_hybrid_medium,0,5,143,50250,1,1,0.15631301701068878,0
C2_global_hybrid_medium,0,5,157,50266,2,0,0.08881045877933502,0
C2_global_hybrid_medium,0,5,161,50270,2,0,0.08511946350336075,0
C2_global_hybrid_medium,0,5,167,50276,1,1,0.8377345204353333,1
C2_global_hybrid_medium,0,5,198,50329,2,0,0.12448782473802567,0
C2_global_hybrid_medium,0,5,205,50336,2,0,0.09051287174224854,0
C2_global_hybrid_medium,0,5,220,50351,2,0,0.09806544333696365,0
C2_global_hybrid_medium,0,5,221,50352,2,0,0.20664933323860168,0
C2_global_hybrid_medium,0,5,226,50357,2,0,0.0938960462808609,0
C2_global_hybrid_medium,0,5,227,50358,2,0,0.17654019594192505,0
C2_global_hybrid_medium,0,5,249,50382,2,0,0.08812349289655685,0
C2_global_hybrid_medium,0,5,250,50383,2,0,0.11815832555294037,0
C2_global_hybrid_medium,0,5,267,50411,1,1,0.8377441167831421,1
C2_global_hybrid_medium,0,5,277,50422,2,0,0.577481746673584,1
C2_global_hybrid_medium,0,5,305,50469,2,0,0.0886378288269043,0
C2_global_hybrid_medium,0,5,318,50492,1,1,0.766328752040863,1
C2_global_hybrid_medium,0,5,321,50496,1,1,0.707327663898468,1
C2_global_hybrid_medium,0,5,336,50518,1,1,0.7384798526763916,1
C2_global_hybrid_medium,0,5,367,50577,2,0,0.08566848933696747,0
C2_global_hybrid_medium,0,5,373,50606,1,1,0.7188791632652283,1
C2_global_hybrid_medium,0,5,383,50621,1,1,0.6001256108283997,1
C2_global_hybrid_medium,0,5,391,50642,1,1,0.7243546843528748,1
C2_global_hybrid_medium,0,5,433,50725,2,0,0.08538062125444412,0
C2_global_hybrid_medium,0,5,469,50786,2,0,0.20584121346473694,0
C2_global_hybrid_medium,0,5,471,50791,1,1,0.6009930372238159,1
C2_global_hybrid_medium,0,5,500,50962,1,1,0.23681284487247467,0
C2_global_hybrid_medium,0,5,504,50967,1,1,0.722235381603241,1
C2_global_hybrid_medium,0,5,529,50995,1,1,0.8353283405303955,1
C2_global_hybrid_medium,0,5,533,51000,1,1,0.8354466557502747,1
C2_global_hybrid_medium,0,5,556,51026,1,1,0.8329078555107117,1
C2_global_hybrid_medium,0,5,560,51030,1,1,0.8319988250732422,1
C2_global_hybrid_medium,0,5,567,51039,2,0,0.0925775095820427,0
C2_global_hybrid_medium,0,5,570,51042,2,0,0.08674841374158859,0
C2_global_hybrid_medium,0,5,574,51047,2,0,0.08518290519714355,0
C2_global_hybrid_medium,0,5,597,51070,2,0,0.11174120008945465,0
C2_global_hybrid_medium,0,5,601,51075,2,0,0.0989777222275734,0
C2_global_hybrid_medium,0,5,621,51096,2,0,0.09529712051153183,0
C2_global_hybrid_medium,0,5,624,51099,2,0,0.0854136198759079,0
C2_global_hybrid_medium,0,5,625,51100,2,0,0.09355221688747406,0
C2_global_hybrid_medium,0,5,628,51103,2,0,0.19279907643795013,0
C2_global_hybrid_medium,0,5,643,51123,2,0,0.11137237399816513,0
C2_global_hybrid_medium,0,5,647,51128,2,0,0.08721256256103516,0
C2_global_hybrid_medium,0,5,650,51131,2,0,0.11169823259115219,0
C2_global_hybrid_medium,0,5,654,51135,2,0,0.13575118780136108,0
C2_global_hybrid_medium,0,5,656,51137,2,0,0.08514523506164551,0
C2_global_hybrid_medium,0,5,659,51140,2,0,0.08517896384000778,0
C2_global_hybrid_medium,0,5,671,51155,2,0,0.08567535877227783,0
C2_global_hybrid_medium,0,5,674,51161,1,1,0.7502912282943726,1
C2_global_hybrid_medium,0,5,680,51170,1,1,0.09295990318059921,0
C2_global_hybrid_medium,0,5,702,51204,1,1,0.8254343867301941,1
C2_global_hybrid_medium,0,5,733,51241,1,1,0.11937939375638962,0
C2_global_hybrid_medium,0,5,734,51248,1,1,0.8271858096122742,1
C2_global_hybrid_medium,0,5,741,51255,2,0,0.08607082813978195,0
C2_global_hybrid_medium,0,5,748,51265,2,0,0.08698897063732147,0
C2_global_hybrid_medium,0,5,749,51266,2,0,0.8165742754936218,1
C2_global_hybrid_medium,0,5,757,51276,2,0,0.08697766810655594,0
C2_global_hybrid_medium,0,5,758,51277,2,0,0.09008312225341797,0
C2_global_hybrid_medium,0,5,761,51280,2,0,0.09209650754928589,0
C2_global_hybrid_medium,0,5,764,51292,1,1,0.8348408341407776,1
C2_global_hybrid_medium,0,5,768,51297,1,1,0.8320136666297913,1
C2_global_hybrid_medium,0,5,785,51319,1,1,0.8373270630836487,1
C2_global_hybrid_medium,0,5,789,51323,1,1,0.8180453181266785,1
C2_global_hybrid_medium,0,5,796,51331,1,1,0.6453929543495178,1
C2_global_hybrid_medium,0,5,797,51332,2,0,0.08709947764873505,0
C2_global_hybrid_medium,0,5,804,51340,2,0,0.10186918824911118,0
C2_global_hybrid_medium,0,5,807,51343,2,0,0.097821444272995,0
C2_global_hybrid_medium,0,5,808,51344,2,0,0.08511174470186234,0
C2_global_hybrid_medium,0,5,814,51351,1,1,0.1455691009759903,0
C2_global_hybrid_medium,0,5,829,51463,1,1,0.5061230659484863,1
C2_global_hybrid_medium,0,5,846,51559,2,0,0.08553891628980637,0
C2_global_hybrid_medium,0,5,864,51580,1,1,0.5135971903800964,1
C2_global_hybrid_medium,0,5,867,51584,1,1,0.77883380651474,1
C2_global_hybrid_medium,0,5,870,51607,1,1,0.27519094944000244,0
C2_global_hybrid_medium,0,6,7,50011,1,1,0.8739147782325745,1
C2_global_hybrid_medium,0,6,12,50016,1,1,0.8754150867462158,1
C2_global_hybrid_medium,0,6,22,50031,2,0,0.09031468629837036,0
C2_global_hybrid_medium,0,6,25,50034,2,0,0.08935491740703583,0
C2_global_hybrid_medium,0,6,28,50037,2,0,0.09348604083061218,0
C2_global_hybrid_medium,0,6,30,50039,2,0,0.8643137216567993,1
C2_global_hybrid_medium,0,6,31,50040,2,0,0.09214592725038528,0
C2_global_hybrid_medium,0,6,38,50047,2,0,0.10512537509202957,0
C2_global_hybrid_medium,0,6,51,50103,2,0,0.3232443034648895,0
C2_global_hybrid_medium,0,6,60,50114,2,0,0.09032008796930313,0
C2_global_hybrid_medium,0,6,68,50124,1,1,0.8700704574584961,1
C2_global_hybrid_medium,0,6,71,50128,1,1,0.8762760162353516,1
C2_global_hybrid_medium,0,6,76,50134,1,1,0.8595887422561646,1
C2_global_hybrid_medium,0,6,102,50171,2,0,0.09605908393859863,0
C2_global_hybrid_medium,0,6,110,50190,1,1,0.8607030510902405,1
C2_global_hybrid_medium,0,6,129,50217,2,0,0.09066472947597504,0
C2_global_hybrid_medium,0,6,137,50241,1,1,0.8541295528411865,1
C2_global_hybrid_medium,0,6,150,50259,2,0,0.0922050029039383,0
C2_global_hybrid_medium,0,6,174,50290,1,1,0.8694693446159363,1
C2_global_hybrid_medium,0,6,176,50292,1,1,0.8753924369812012,1
C2_global_hybrid_medium,0,6,179,50295,1,1,0.8755538463592529,1
C2_global_hybrid_medium,0,6,188,50312,1,1,0.8665074110031128,1
C2_global_hybrid_medium,0,6,194,50321,1,1,0.8761633634567261,1
C2_global_hybrid_medium,0,6,209,50340,2,0,0.08928170800209045,0
C2_global_hybrid_medium,0,6,212,50343,2,0,0.8508733510971069,1
C2_global_hybrid_medium,0,6,213,50344,2,0,0.09082166850566864,0
C2_global_hybrid_medium,0,6,215,50346,2,0,0.0893881618976593,0
C2_global_hybrid_medium,0,6,225,50356,2,0,0.09095803648233414,0
C2_global_hybrid_medium,0,6,240,50372,2,0,0.08991671353578568,0
C2_global_hybrid_medium,0,6,247,50380,2,0,0.10070475190877914,0
C2_global_hybrid_medium,0,6,252,50386,2,0,0.08924180269241333,0
C2_global_hybrid_medium,0,6,253,50387,2,0,0.08970224857330322,0
C2_global_hybrid_medium,0,6,255,50390,2,0,0.10630697757005692,0
C2_global_hybrid_medium,0,6,268,50412,1,1,0.8754013776779175,1
C2_global_hybrid_medium,0,6,279,50425,2,0,0.0921616405248642,0
C2_global_hybrid_medium,0,6,281,50427,2,0,0.0902954563498497,0
C2_global_hybrid_medium,0,6,308,50480,1,1,0.8760654926300049,1
C2_global_hybrid_medium,0,6,309,50481,1,1,0.8741250038146973,1
C2_global_hybrid_medium,0,6,315,50488,1,1,0.8747341632843018,1
C2_global_hybrid_medium,0,6,332,50510,1,1,0.8741526007652283,1
C2_global_hybrid_medium,0,6,338,50520,1,1,0.8764522075653076,1
C2_global_hybrid_medium,0,6,342,50525,1,1,0.8451908826828003,1
C2_global_hybrid_medium,0,6,355,50561,2,0,0.089597687125206,0
C2_global_hybrid_medium,0,6,358,50568,2,0,0.1006336584687233,0
C2_global_hybrid_medium,0,6,361,50571,2,0,0.4242636263370514,0
C2_global_hybrid_medium,0,6,369,50601,1,1,0.1485823392868042,0
C2_global_hybrid_medium,0,6,377,50613,1,1,0.8741520643234253,1
C2_global_hybrid_medium,0,6,389,50627,1,1,0.8763579726219177,1
C2_global_hybrid_medium,0,6,403,50683,2,0,0.09046784788370132,0
C2_global_hybrid_medium,0,6,409,50690,1,1,0.09033988416194916,0
C2_global_hybrid_medium,0,6,413,50694,1,1,0.8733451962471008,1
C2_global_hybrid_medium,0,6,415,50696,1,1,0.8761885166168213,1
C2_global_hybrid_medium,0,6,419,50700,1,1,0.8754866123199463,1
C2_global_hybrid_medium,0,6,422,50703,2,0,0.08943292498588562,0
C2_global_hybrid_medium,0,6,437,50731,2,0,0.08991324156522751,0
C2_global_hybrid_medium,0,6,438,50733,2,0,0.09038271009922028,0
C2_global_hybrid_medium,0,6,443,50740,2,0,0.0917646512389183,0
C2_global_hybrid_medium,0,6,447,50744,1,1,0.8427816033363342,1
C2_global_hybrid_medium,0,6,449,50748,1,1,0.8519946932792664,1
C2_global_hybrid_medium,0,6,470,50790,2,0,0.08991631120443344,0
C2_global_hybrid_medium,0,6,488,50822,2,0,0.08923856914043427,0
C2_global_hybrid_medium,0,6,492,50954,1,1,0.09346522390842438,0
C2_global_hybrid_medium,0,6,495,50957,1,1,0.8521170020103455,1
C2_global_hybrid_medium,0,6,505,50968,1,1,0.8754584789276123,1
C2_global_hybrid_medium,0,6,517,50983,1,1,0.8747212290763855,1
C2_global_hybrid_medium,0,6,523,50989,1,1,0.8751001954078674,1
C2_global_hybrid_medium,0,6,547,51016,1,1,0.868942379951477,1
C2_global_hybrid_medium,0,6,552,51021,1,1,0.873556911945343,1
C2_global_hybrid_medium,0,6,580,51053,2,0,0.0915403887629509,0
C2_global_hybrid_medium,0,6,581,51054,2,0,0.0901835635304451,0
C2_global_hybrid_medium,0,6,582,51055,2,0,0.08994463086128235,0
C2_global_hybrid_medium,0,6,600,51074,2,0,0.09352298080921173,0
C2_global_hybrid_medium,0,6,615,51089,2,0,0.0913209617137909,0
C2_global_hybrid_medium,0,6,634,51110,2,0,0.0903349295258522,0
C2_global_hybrid_medium,0,6,663,51147,2,0,0.08920813351869583,0
C2_global_hybrid_medium,0,6,684,51178,1,1,0.8754072785377502,1
C2_global_hybrid_medium,0,6,699,51201,1,1,0.7317065000534058,1
C2_global_hybrid_medium,0,6,708,51211,1,1,0.45724332332611084,0
C2_global_hybrid_medium,0,6,740,51254,2,0,0.08923954516649246,0
C2_global_hybrid_medium,0,6,752,51269,2,0,0.09067448228597641,0
C2_global_hybrid_medium,0,6,760,51279,2,0,0.09179743379354477,0
C2_global_hybrid_medium,0,6,811,51347,2,0,0.08926302194595337,0
C2_global_hybrid_medium,0,6,821,51362,2,0,0.09091903269290924,0
C2_global_hybrid_medium,0,6,833,51477,2,0,0.09039359539747238,0
C2_global_hybrid_medium,0,6,843,51556,2,0,0.09988302737474442,0
C2_global_hybrid_medium,0,6,859,51574,1,1,0.8755015134811401,1
C2_global_hybrid_medium,0,6,861,51577,1,1,0.8644132018089294,1
C2_global_hybrid_medium,0,7,16,50024,1,1,0.9203941822052002,1
C2_global_hybrid_medium,0,7,26,50035,2,0,0.08655185997486115,0
C2_global_hybrid_medium,0,7,40,50049,2,0,0.0739097073674202,0
C2_global_hybrid_medium,0,7,54,50106,2,0,0.9082245230674744,1
C2_global_hybrid_medium,0,7,80,50144,1,1,0.9175761938095093,1
C2_global_hybrid_medium,0,7,82,50146,1,1,0.0770583525300026,0
C2_global_hybrid_medium,0,7,90,50157,2,0,0.4275025427341461,0
C2_global_hybrid_medium,0,7,91,50158,2,0,0.07893015444278717,0
C2_global_hybrid_medium,0,7,95,50162,2,0,0.11634223163127899,0
C2_global_hybrid_medium,0,7,104,50183,1,1,0.9197123646736145,1
C2_global_hybrid_medium,0,7,153,50262,2,0,0.10509860515594482,0
C2_global_hybrid_medium,0,7,156,50265,2,0,0.10449381172657013,0
C2_global_hybrid_medium,0,7,165,50274,1,1,0.9201672077178955,1
C2_global_hybrid_medium,0,7,166,50275,1,1,0.9204292297363281,1
C2_global_hybrid_medium,0,7,169,50282,1,1,0.9149540662765503,1
C2_global_hybrid_medium,0,7,178,50294,1,1,0.9202747344970703,1
C2_global_hybrid_medium,0,7,189,50314,1,1,0.920046329498291,1
C2_global_hybrid_medium,0,7,190,50315,1,1,0.9203890562057495,1
C2_global_hybrid_medium,0,7,191,50318,1,1,0.4457792043685913,0
C2_global_hybrid_medium,0,7,208,50339,2,0,0.07754098623991013,0
C2_global_hybrid_medium,0,7,214,50345,2,0,0.12520475685596466,0
C2_global_hybrid_medium,0,7,224,50355,2,0,0.11461035907268524,0
C2_global_hybrid_medium,0,7,233,50364,2,0,0.20592360198497772,0
C2_global_hybrid_medium,0,7,245,50377,2,0,0.07527139037847519,0
C2_global_hybrid_medium,0,7,246,50379,2,0,0.07381125539541245,0
C2_global_hybrid_medium,0,7,251,50385,2,0,0.9194488525390625,1
C2_global_hybrid_medium,0,7,261,50404,1,1,0.9200722575187683,1
C2_global_hybrid_medium,0,7,276,50421,2,0,0.07405390590429306,0
C2_global_hybrid_medium,0,7,285,50435,2,0,0.0735490545630455,0
C2_global_hybrid_medium,0,7,289,50439,2,0,0.0755772739648819,0
C2_global_hybrid_medium,0,7,296,50446,2,0,0.07428189367055893,0
C2_global_hybrid_medium,0,7,298,50448,2,0,0.5173164010047913,1
C2_global_hybrid_medium,0,7,304,50468,2,0,0.09833982586860657,0
C2_global_hybrid_medium,0,7,314,50487,1,1,0.918363630771637,1
C2_global_hybrid_medium,0,7,325,50500,1,1,0.9181898236274719,1
C2_global_hybrid_medium,0,7,350,50551,2,0,0.07389430701732635,0
C2_global_hybrid_medium,0,7,398,50659,2,0,0.45947176218032837,0
C2_global_hybrid_medium,0,7,420,50701,2,0,0.10672307759523392,0
C2_global_hybrid_medium,0,7,423,50704,1,1,0.8533179759979248,1
C2_global_hybrid_medium,0,7,424,50705,1,1,0.8475986123085022,1
C2_global_hybrid_medium,0,7,428,50709,2,0,0.07528528571128845,0
C2_global_hybrid_medium,0,7,452,50751,1,1,0.9111254215240479,1
C2_global_hybrid_medium,0,7,459,50773,2,0,0.07404264062643051,0
C2_global_hybrid_medium,0,7,474,50797,1,1,0.9152348041534424,1
C2_global_hybrid_medium,0,7,479,50803,1,1,0.915161669254303,1
C2_global_hybrid_medium,0,7,480,50807,1,1,0.9192553758621216,1
C2_global_hybrid_medium,0,7,484,50817,2,0,0.08022747933864594,0
C2_global_hybrid_medium,0,7,485,50818,2,0,0.07346398383378983,0
C2_global_hybrid_medium,0,7,487,50821,2,0,0.07373266667127609,0
C2_global_hybrid_medium,0,7,494,50956,1,1,0.9171197414398193,1
C2_global_hybrid_medium,0,7,512,50977,1,1,0.9204071164131165,1
C2_global_hybrid_medium,0,7,515,50981,1,1,0.9166474342346191,1
C2_global_hybrid_medium,0,7,518,50984,1,1,0.9198746085166931,1
C2_global_hybrid_medium,0,7,520,50986,1,1,0.8703111410140991,1
C2_global_hybrid_medium,0,7,526,50992,1,1,0.9203855395317078,1
C2_global_hybrid_medium,0,7,536,51003,1,1,0.9203956127166748,1
C2_global_hybrid_medium,0,7,540,51009,1,1,0.9178970456123352,1
C2_global_hybrid_medium,0,7,545,51014,1,1,0.9185464382171631,1
C2_global_hybrid_medium,0,7,578,51051,2,0,0.08198433369398117,0
C2_global_hybrid_medium,0,7,590,51063,2,0,0.07443490624427795,0
C2_global_hybrid_medium,0,7,603,51077,2,0,0.6249558329582214,1
C2_global_hybrid_medium,0,7,617,51091,2,0,0.07388881593942642,0
C2_global_hybrid_medium,0,7,630,51105,2,0,0.075798399746418,0
C2_global_hybrid_medium,0,7,641,51118,2,0,0.6825731992721558,1
C2_global_hybrid_medium,0,7,644,51124,2,0,0.08171048760414124,0
C2_global_hybrid_medium,0,7,666,51150,2,0,0.07342211902141571,0
C2_global_hybrid_medium,0,7,667,51151,2,0,0.07349789887666702,0
C2_global_hybrid_medium,0,7,672,51156,2,0,0.07556403428316116,0
C2_global_hybrid_medium,0,7,675,51162,1,1,0.9203923940658569,1
C2_global_hybrid_medium,0,7,685,51179,1,1,0.9204070568084717,1
C2_global_hybrid_medium,0,7,706,51208,1,1,0.8703896403312683,1
C2_global_hybrid_medium,0,7,715,51219,1,1,0.9173226952552795,1
C2_global_hybrid_medium,0,7,720,51224,1,1,0.9114344716072083,1
C2_global_hybrid_medium,0,7,725,51230,1,1,0.9202800989151001,1
C2_global_hybrid_medium,0,7,746,51262,2,0,0.07533559203147888,0
C2_global_hybrid_medium,0,7,763,51291,1,1,0.917305052280426,1
C2_global_hybrid_medium,0,7,775,51304,2,0,0.10489965975284576,0
C2_global_hybrid_medium,0,7,781,51311,2,0,0.07413849234580994,0
C2_global_hybrid_medium,0,7,790,51325,1,1,0.9204003214836121,1
C2_global_hybrid_medium,0,7,792,51327,1,1,0.919093132019043,1
C2_global_hybrid_medium,0,7,799,51334,2,0,0.07344765961170197,0
C2_global_hybrid_medium,0,7,803,51339,2,0,0.07384731620550156,0
C2_global_hybrid_medium,0,7,837,51482,2,0,0.08194927126169205,0
C2_global_hybrid_medium,0,7,838,51484,2,0,0.5583574175834656,1
C2_global_hybrid_medium,0,7,841,51491,2,0,0.08164418488740921,0
C2_global_hybrid_medium,0,7,860,51576,1,1,0.8961868286132812,1
C2_global_hybrid_medium,0,7,865,51582,1,1,0.9200429916381836,1
C2_global_hybrid_medium,0,8,5,50008,1,1,0.9226134419441223,1
C2_global_hybrid_medium,0,8,9,50013,1,1,0.9223524928092957,1
C2_global_hybrid_medium,0,8,23,50032,2,0,0.0663900226354599,0
C2_global_hybrid_medium,0,8,24,50033,2,0,0.06449081748723984,0
C2_global_hybrid_medium,0,8,73,50130,1,1,0.9213656783103943,1
C2_global_hybrid_medium,0,8,75,50132,1,1,0.9186157584190369,1
C2_global_hybrid_medium,0,8,85,50149,1,1,0.9218664765357971,1
C2_global_hybrid_medium,0,8,105,50184,1,1,0.9210023880004883,1
C2_global_hybrid_medium,0,8,120,50203,2,0,0.06347445398569107,0
C2_global_hybrid_medium,0,8,124,50208,2,0,0.06501812487840652,0
C2_global_hybrid_medium,0,8,134,50237,1,1,0.9206282496452332,1
C2_global_hybrid_medium,0,8,138,50243,1,1,0.9224339723587036,1
C2_global_hybrid_medium,0,8,139,50245,1,1,0.9226154685020447,1
C2_global_hybrid_medium,0,8,155,50264,2,0,0.06341998279094696,0
C2_global_hybrid_medium,0,8,173,50289,1,1,0.4993121922016144,0
C2_global_hybrid_medium,0,8,201,50332,2,0,0.06376656889915466,0
C2_global_hybrid_medium,0,8,216,50347,2,0,0.06423328071832657,0
C2_global_hybrid_medium,0,8,228,50359,2,0,0.0960371270775795,0
C2_global_hybrid_medium,0,8,229,50360,2,0,0.06358420848846436,0
C2_global_hybrid_medium,0,8,235,50366,2,0,0.065970279276371,0
C2_global_hybrid_medium,0,8,239,50370,2,0,0.1080908551812172,0
C2_global_hybrid_medium,0,8,269,50413,1,1,0.9186451435089111,1
C2_global_hybrid_medium,0,8,272,50416,2,0,0.06479687988758087,0
C2_global_hybrid_medium,0,8,273,50417,2,0,0.06607289612293243,0
C2_global_hybrid_medium,0,8,290,50440,2,0,0.45299893617630005,0
C2_global_hybrid_medium,0,8,291,50441,2,0,0.06734592467546463,0
C2_global_hybrid_medium,0,8,299,50449,2,0,0.06386382132768631,0
C2_global_hybrid_medium,0,8,313,50486,1,1,0.920772135257721,1
C2_global_hybrid_medium,0,8,324,50499,1,1,0.9226153492927551,1
C2_global_hybrid_medium,0,8,330,50507,1,1,0.670661449432373,1
C2_global_hybrid_medium,0,8,343,50526,1,1,0.9136887192726135,1
C2_global_hybrid_medium,0,8,344,50527,1,1,0.9222845435142517,1
C2_global_hybrid_medium,0,8,362,50572,2,0,0.06397392600774765,0
C2_global_hybrid_medium,0,8,380,50616,1,1,0.9226065278053284,1
C2_global_hybrid_medium,0,8,388,50626,1,1,0.9197859764099121,1
C2_global_hybrid_medium,0,8,400,50665,2,0,0.39259883761405945,0
C2_global_hybrid_medium,0,8,402,50682,2,0,0.06338880956172943,0
C2_global_hybrid_medium,0,8,404,50685,2,0,0.099686399102211,0
C2_global_hybrid_medium,0,8,421,50702,1,1,0.9171932339668274,1
C2_global_hybrid_medium,0,8,427,50708,1,1,0.9210400581359863,1
C2_global_hybrid_medium,0,8,431,50723,2,0,0.06422223895788193,0
C2_global_hybrid_medium,0,8,463,50777,2,0,0.06469709426164627,0
C2_global_hybrid_medium,0,8,472,50792,1,1,0.9199985861778259,1
C2_global_hybrid_medium,0,8,473,50796,1,1,0.9224987030029297,1
C2_global_hybrid_medium,0,8,477,50800,1,1,0.9221788048744202,1
C2_global_hybrid_medium,0,8,486,50820,2,0,0.06671471148729324,0
C2_global_hybrid_medium,0,8,519,50985,1,1,0.9199710488319397,1
C2_global_hybrid_medium,0,8,521,50987,1,1,0.9217281341552734,1
C2_global_hybrid_medium,0,8,524,50990,1,1,0.920989453792572,1
C2_global_hybrid_medium,0,8,530,50996,1,1,0.9192038178443909,1
C2_global_hybrid_medium,0,8,538,51007,1,1,0.9224409461021423,1
C2_global_hybrid_medium,0,8,548,51017,1,1,0.8201344013214111,1
C2_global_hybrid_medium,0,8,549,51018,1,1,0.9223338961601257,1
C2_global_hybrid_medium,0,8,554,51024,1,1,0.9224739074707031,1
C2_global_hybrid_medium,0,8,563,51034,1,1,0.9226250052452087,1
C2_global_hybrid_medium,0,8,565,51036,2,0,0.06636825948953629,0
C2_global_hybrid_medium,0,8,573,51046,2,0,0.23858608305454254,0
C2_global_hybrid_medium,0,8,593,51066,2,0,0.06763514131307602,0
C2_global_hybrid_medium,0,8,608,51082,2,0,0.06356747448444366,0
C2_global_hybrid_medium,0,8,613,51087,2,0,0.06420387327671051,0
C2_global_hybrid_medium,0,8,618,51093,2,0,0.06525630503892899,0
C2_global_hybrid_medium,0,8,620,51095,2,0,0.21344837546348572,0
C2_global_hybrid_medium,0,8,635,51111,2,0,0.06462722271680832,0
C2_global_hybrid_medium,0,8,652,51133,2,0,0.6501050591468811,1
C2_global_hybrid_medium,0,8,653,51134,2,0,0.06423129141330719,0
C2_global_hybrid_medium,0,8,668,51152,2,0,0.06424394249916077,0
C2_global_hybrid_medium,0,8,682,51173,1,1,0.9210423827171326,1
C2_global_hybrid_medium,0,8,687,51181,2,0,0.14737780392169952,0
C2_global_hybrid_medium,0,8,717,51221,1,1,0.9178248643875122,1
C2_global_hybrid_medium,0,8,719,51223,1,1,0.9226152300834656,1
C2_global_hybrid_medium,0,8,731,51239,1,1,0.9178100824356079,1
C2_global_hybrid_medium,0,8,743,51257,2,0,0.8693061470985413,1
C2_global_hybrid_medium,0,8,751,51268,2,0,0.06353962421417236,0
C2_global_hybrid_medium,0,8,759,51278,2,0,0.08455130457878113,0
C2_global_hybrid_medium,0,8,770,51299,1,1,0.9225299954414368,1
C2_global_hybrid_medium,0,8,773,51302,1,1,0.9203483462333679,1
C2_global_hybrid_medium,0,8,782,51313,2,0,0.06708894670009613,0
C2_global_hybrid_medium,0,8,809,51345,2,0,0.14139631390571594,0
C2_global_hybrid_medium,0,8,810,51346,2,0,0.06716064363718033,0
C2_global_hybrid_medium,0,8,816,51356,2,0,0.6948997974395752,1
C2_global_hybrid_medium,0,8,826,51370,2,0,0.06715036183595657,0
C2_global_hybrid_medium,0,8,827,51373,2,0,0.06478820741176605,0
C2_global_hybrid_medium,0,8,830,51464,1,1,0.9224076271057129,1
C2_global_hybrid_medium,0,8,844,51557,2,0,0.06618161499500275,0
C2_global_hybrid_medium,0,8,849,51563,2,0,0.06604664027690887,0
C2_global_hybrid_medium,0,8,855,51569,2,0,0.0650482028722763,0
C2_global_hybrid_medium,0,8,858,51573,1,1,0.6187188625335693,1
C2_global_hybrid_medium,0,9,1,50004,1,1,0.9103911519050598,1
C2_global_hybrid_medium,0,9,15,50023,1,1,0.9116544127464294,1
C2_global_hybrid_medium,0,9,39,50048,2,0,0.9115790128707886,1
C2_global_hybrid_medium,0,9,47,50057,1,1,0.06315839290618896,0
C2_global_hybrid_medium,0,9,48,50059,2,0,0.06395206600427628,0
C2_global_hybrid_medium,0,9,62,50116,2,0,0.433890163898468,0
C2_global_hybrid_medium,0,9,89,50156,1,1,0.9101333022117615,1
C2_global_hybrid_medium,0,9,101,50170,2,0,0.06374291330575943,0
C2_global_hybrid_medium,0,9,107,50187,1,1,0.06379140913486481,0
C2_global_hybrid_medium,0,9,121,50204,2,0,0.06343424320220947,0
C2_global_hybrid_medium,0,9,127,50214,2,0,0.06358596682548523,0
C2_global_hybrid_medium,0,9,168,50278,1,1,0.9104112386703491,1
C2_global_hybrid_medium,0,9,193,50320,1,1,0.9118338823318481,1
C2_global_hybrid_medium,0,9,196,50325,1,1,0.06340385228395462,0
C2_global_hybrid_medium,0,9,254,50388,2,0,0.06328123807907104,0
C2_global_hybrid_medium,0,9,259,50402,1,1,0.06341022998094559,0
C2_global_hybrid_medium,0,9,260,50403,1,1,0.06282435357570648,0
C2_global_hybrid_medium,0,9,265,50408,1,1,0.06384752690792084,0
C2_global_hybrid_medium,0,9,295,50445,2,0,0.06340797990560532,0
C2_global_hybrid_medium,0,9,300,50453,2,0,0.14353835582733154,0
C2_global_hybrid_medium,0,9,301,50463,2,0,0.06342101097106934,0
C2_global_hybrid_medium,0,9,311,50483,1,1,0.5036805868148804,1
C2_global_hybrid_medium,0,9,312,50485,1,1,0.06315913051366806,0
C2_global_hybrid_medium,0,9,322,50497,1,1,0.909934937953949,1
C2_global_hybrid_medium,0,9,331,50509,1,1,0.9100973010063171,1
C2_global_hybrid_medium,0,9,365,50575,2,0,0.13805969059467316,0
C2_global_hybrid_medium,0,9,366,50576,2,0,0.06283771991729736,0
C2_global_hybrid_medium,0,9,375,50608,1,1,0.0644339993596077,0
C2_global_hybrid_medium,0,9,392,50644,1,1,0.9106349349021912,1
C2_global_hybrid_medium,0,9,393,50647,1,1,0.9090105891227722,1
C2_global_hybrid_medium,0,9,395,50649,1,1,0.06289178133010864,0
C2_global_hybrid_medium,0,9,396,50654,1,1,0.33652541041374207,0
C2_global_hybrid_medium,0,9,401,50669,2,0,0.9096168875694275,1
C2_global_hybrid_medium,0,9,418,50699,2,0,0.6443973183631897,1
C2_global_hybrid_medium,0,9,440,50737,2,0,0.06296415627002716,0
C2_global_hybrid_medium,0,9,442,50739,2,0,0.06309285014867783,0
C2_global_hybrid_medium,0,9,448,50745,1,1,0.9112994074821472,1
C2_global_hybrid_medium,0,9,454,50754,1,1,0.9116395711898804,1
C2_global_hybrid_medium,0,9,458,50772,2,0,0.9100366830825806,1
C2_global_hybrid_medium,0,9,464,50778,2,0,0.06451287120580673,0
C2_global_hybrid_medium,0,9,483,50816,2,0,0.06363431364297867,0
C2_global_hybrid_medium,0,9,491,50952,1,1,0.9113274812698364,1
C2_global_hybrid_medium,0,9,503,50966,1,1,0.9112972021102905,1
C2_global_hybrid_medium,0,9,532,50999,1,1,0.9116998910903931,1
C2_global_hybrid_medium,0,9,550,51019,1,1,0.9111387133598328,1
C2_global_hybrid_medium,0,9,561,51032,1,1,0.911665678024292,1
C2_global_hybrid_medium,0,9,569,51041,2,0,0.06359633803367615,0
C2_global_hybrid_medium,0,9,571,51044,2,0,0.06362293660640717,0
C2_global_hybrid_medium,0,9,575,51048,2,0,0.06493926793336868,0
C2_global_hybrid_medium,0,9,588,51061,2,0,0.06360278278589249,0
C2_global_hybrid_medium,0,9,591,51064,2,0,0.5934258699417114,1
C2_global_hybrid_medium,0,9,594,51067,2,0,0.06382893025875092,0
C2_global_hybrid_medium,0,9,598,51072,2,0,0.758914589881897,1
C2_global_hybrid_medium,0,9,602,51076,2,0,0.06384368985891342,0
C2_global_hybrid_medium,0,9,604,51078,2,0,0.06381246447563171,0
C2_global_hybrid_medium,0,9,611,51085,2,0,0.9116652607917786,1
C2_global_hybrid_medium,0,9,614,51088,2,0,0.06359054148197174,0
C2_global_hybrid_medium,0,9,627,51102,2,0,0.06283589452505112,0
C2_global_hybrid_medium,0,9,637,51113,2,0,0.06284230202436447,0
C2_global_hybrid_medium,0,9,638,51114,2,0,0.06285565346479416,0
C2_global_hybrid_medium,0,9,649,51130,2,0,0.9104692935943604,1
C2_global_hybrid_medium,0,9,660,51141,2,0,0.10686428844928741,0
C2_global_hybrid_medium,0,9,679,51169,1,1,0.4609876871109009,0
C2_global_hybrid_medium,0,9,689,51183,2,0,0.06287939846515656,0
C2_global_hybrid_medium,0,9,704,51206,1,1,0.4638746380805969,0
C2_global_hybrid_medium,0,9,707,51210,1,1,0.9092448949813843,1
C2_global_hybrid_medium,0,9,711,51215,1,1,0.06470383703708649,0
C2_global_hybrid_medium,0,9,721,51225,1,1,0.1957632303237915,0
C2_global_hybrid_medium,0,9,726,51231,1,1,0.0628306046128273,0
C2_global_hybrid_medium,0,9,729,51236,1,1,0.34379953145980835,0
C2_global_hybrid_medium,0,9,744,51260,2,0,0.06380700320005417,0
C2_global_hybrid_medium,0,9,750,51267,2,0,0.06289315968751907,0
C2_global_hybrid_medium,0,9,777,51306,2,0,0.44181734323501587,0
C2_global_hybrid_medium,0,9,787,51321,1,1,0.9095191359519958,1
C2_global_hybrid_medium,0,9,788,51322,1,1,0.3745575249195099,0
C2_global_hybrid_medium,0,9,794,51329,1,1,0.0630604699254036,0
C2_global_hybrid_medium,0,9,802,51338,2,0,0.1714964359998703,0
C2_global_hybrid_medium,0,9,805,51341,2,0,0.3944067358970642,0
C2_global_hybrid_medium,0,9,812,51349,1,1,0.06357572972774506,0
C2_global_hybrid_medium,0,9,818,51359,2,0,0.9116716384887695,1
C2_global_hybrid_medium,0,9,822,51363,2,0,0.06289791315793991,0
C2_global_hybrid_medium,0,9,823,51364,2,0,0.06546423584222794,0
C2_global_hybrid_medium,0,9,847,51560,2,0,0.06359168142080307,0
C2_global_hybrid_medium,0,9,848,51562,2,0,0.06381608545780182,0
C2_global_hybrid_medium,0,9,850,51564,2,0,0.06315914541482925,0
C2_global_hybrid_medium,0,9,863,51579,1,1,0.08316928148269653,0
C2_global_hybrid_medium,0,9,866,51583,1,1,0.9101061224937439,1
C2_global_hybrid_medium,0,10,11,50015,1,1,0.939849317073822,1
C2_global_hybrid_medium,0,10,41,50050,2,0,0.06214708089828491,0
C2_global_hybrid_medium,0,10,44,50053,1,1,0.9064152836799622,1
C2_global_hybrid_medium,0,10,52,50104,2,0,0.06630727648735046,0
C2_global_hybrid_medium,0,10,59,50113,2,0,0.06362248212099075,0
C2_global_hybrid_medium,0,10,65,50119,1,1,0.06247284263372421,0
C2_global_hybrid_medium,0,10,92,50159,2,0,0.9415427446365356,1
C2_global_hybrid_medium,0,10,93,50160,2,0,0.0634557232260704,0
C2_global_hybrid_medium,0,10,94,50161,2,0,0.9404062628746033,1
C2_global_hybrid_medium,0,10,108,50188,1,1,0.061990220099687576,0
C2_global_hybrid_medium,0,10,115,50198,2,0,0.0631762444972992,0
C2_global_hybrid_medium,0,10,117,50200,2,0,0.06209975853562355,0
C2_global_hybrid_medium,0,10,118,50201,2,0,0.06169389188289642,0
C2_global_hybrid_medium,0,10,140,50247,1,1,0.9423284530639648,1
C2_global_hybrid_medium,0,10,149,50257,2,0,0.06270413845777512,0
C2_global_hybrid_medium,0,10,177,50293,1,1,0.9415640830993652,1
C2_global_hybrid_medium,0,10,180,50297,1,1,0.5174971222877502,1
C2_global_hybrid_medium,0,10,182,50300,1,1,0.0651668906211853,0
C2_global_hybrid_medium,0,10,185,50304,1,1,0.9407202005386353,1
C2_global_hybrid_medium,0,10,186,50308,1,1,0.9260614514350891,1
C2_global_hybrid_medium,0,10,195,50324,1,1,0.9424216151237488,1
C2_global_hybrid_medium,0,10,199,50330,2,0,0.06367835402488708,0
C2_global_hybrid_medium,0,10,203,50334,2,0,0.4375227689743042,0
C2_global_hybrid_medium,0,10,206,50337,2,0,0.061891570687294006,0
C2_global_hybrid_medium,0,10,219,50350,2,0,0.06438183784484863,0
C2_global_hybrid_medium,0,10,237,50368,2,0,0.06234150379896164,0
C2_global_hybrid_medium,0,10,238,50369,2,0,0.06382947415113449,0
C2_global_hybrid_medium,0,10,242,50374,2,0,0.06507913768291473,0
C2_global_hybrid_medium,0,10,248,50381,2,0,0.061732277274131775,0
C2_global_hybrid_medium,0,10,256,50391,2,0,0.08359271287918091,0
C2_global_hybrid_medium,0,10,274,50418,2,0,0.06306484341621399,0
C2_global_hybrid_medium,0,10,293,50443,2,0,0.6193132400512695,1
C2_global_hybrid_medium,0,10,317,50491,1,1,0.9410955905914307,1
C2_global_hybrid_medium,0,10,320,50494,1,1,0.3998732566833496,0
C2_global_hybrid_medium,0,10,334,50515,1,1,0.9420000910758972,1
C2_global_hybrid_medium,0,10,340,50523,1,1,0.9423978328704834,1
C2_global_hybrid_medium,0,10,347,50530,1,1,0.940230131149292,1
C2_global_hybrid_medium,0,10,354,50558,2,0,0.06272844970226288,0
C2_global_hybrid_medium,0,10,356,50563,2,0,0.062162213027477264,0
C2_global_hybrid_medium,0,10,359,50569,2,0,0.21963739395141602,0
C2_global_hybrid_medium,0,10,374,50607,1,1,0.061992645263671875,0
C2_global_hybrid_medium,0,10,376,50612,1,1,0.06209644302725792,0
C2_global_hybrid_medium,0,10,378,50614,1,1,0.9423030614852905,1
C2_global_hybrid_medium,0,10,382,50620,1,1,0.06172977387905121,0
C2_global_hybrid_medium,0,10,384,50622,1,1,0.8903587460517883,1
C2_global_hybrid_medium,0,10,387,50625,1,1,0.06252963095903397,0
C2_global_hybrid_medium,0,10,406,50687,2,0,0.7815463542938232,1
C2_global_hybrid_medium,0,10,414,50695,1,1,0.07540842890739441,0
C2_global_hybrid_medium,0,10,429,50711,1,1,0.06219998747110367,0
C2_global_hybrid_medium,0,10,432,50724,2,0,0.06215822696685791,0
C2_global_hybrid_medium,0,10,466,50781,2,0,0.7989103198051453,1
C2_global_hybrid_medium,0,10,468,50783,2,0,0.06200681999325752,0
C2_global_hybrid_medium,0,10,482,50814,2,0,0.06211690604686737,0
C2_global_hybrid_medium,0,10,493,50955,1,1,0.062098678201436996,0
C2_global_hybrid_medium,0,10,501,50964,1,1,0.08281069248914719,0
C2_global_hybrid_medium,0,10,506,50969,1,1,0.942260205745697,1
C2_global_hybrid_medium,0,10,531,50997,1,1,0.9423427581787109,1
C2_global_hybrid_medium,0,10,534,51001,1,1,0.9416065812110901,1
C2_global_hybrid_medium,0,10,542,51011,1,1,0.9394978284835815,1
C2_global_hybrid_medium,0,10,564,51035,1,1,0.8404479026794434,1
C2_global_hybrid_medium,0,10,583,51056,2,0,0.06275992095470428,0
C2_global_hybrid_medium,0,10,587,51060,2,0,0.6179913282394409,1
C2_global_hybrid_medium,0,10,595,51068,2,0,0.9128122925758362,1
C2_global_hybrid_medium,0,10,609,51083,2,0,0.9415448307991028,1
C2_global_hybrid_medium,0,10,610,51084,2,0,0.9424515962600708,1
C2_global_hybrid_medium,0,10,623,51098,2,0,0.06503165513277054,0
C2_global_hybrid_medium,0,10,639,51116,2,0,0.06631486117839813,0
C2_global_hybrid_medium,0,10,673,51159,2,0,0.9423447847366333,1
C2_global_hybrid_medium,0,10,677,51164,1,1,0.9415537118911743,1
C2_global_hybrid_medium,0,10,694,51189,2,0,0.061776284128427505,0
C2_global_hybrid_medium,0,10,705,51207,1,1,0.9400385618209839,1
C2_global_hybrid_medium,0,10,712,51216,1,1,0.06178855523467064,0
C2_global_hybrid_medium,0,10,724,51229,1,1,0.9386118650436401,1
C2_global_hybrid_medium,0,10,736,51250,2,0,0.062154848128557205,0
C2_global_hybrid_medium,0,10,738,51252,2,0,0.9394931197166443,1
C2_global_hybrid_medium,0,10,769,51298,1,1,0.9410709738731384,1
C2_global_hybrid_medium,0,10,771,51300,1,1,0.9415698051452637,1
C2_global_hybrid_medium,0,10,774,51303,2,0,0.08440475910902023,0
C2_global_hybrid_medium,0,10,778,51307,2,0,0.9424476623535156,1
C2_global_hybrid_medium,0,10,783,51315,2,0,0.654211699962616,1
C2_global_hybrid_medium,0,10,784,51318,1,1,0.9408566355705261,1
C2_global_hybrid_medium,0,10,801,51336,2,0,0.06166144832968712,0
C2_global_hybrid_medium,0,10,813,51350,1,1,0.9402222037315369,1
C2_global_hybrid_medium,0,10,815,51354,1,1,0.9191156029701233,1
C2_global_hybrid_medium,0,10,817,51357,2,0,0.062466349452733994,0
C2_global_hybrid_medium,0,10,835,51480,2,0,0.06253073364496231,0
C2_global_hybrid_medium,0,10,856,51570,2,0,0.5951194763183594,1
C2_global_hybrid_medium,1,1,8,50012,1,1,0.9077115058898926,1
C2_global_hybrid_medium,1,1,17,50025,1,1,0.8920735120773315,1
C2_global_hybrid_medium,1,1,26,50035,2,0,0.10643771290779114,0
C2_global_hybrid_medium,1,1,30,50039,2,0,0.8595035076141357,1
C2_global_hybrid_medium,1,1,31,50040,2,0,0.08809702098369598,0
C2_global_hybrid_medium,1,1,33,50042,2,0,0.11477699875831604,0
C2_global_hybrid_medium,1,1,40,50049,2,0,0.0877414345741272,0
C2_global_hybrid_medium,1,1,64,50118,1,1,0.9092544913291931,1
C2_global_hybrid_medium,1,1,71,50128,1,1,0.9065654873847961,1
C2_global_hybrid_medium,1,1,74,50131,1,1,0.8034433722496033,1
C2_global_hybrid_medium,1,1,90,50157,2,0,0.14253543317317963,0
C2_global_hybrid_medium,1,1,109,50189,1,1,0.9091756343841553,1
C2_global_hybrid_medium,1,1,115,50198,2,0,0.20542606711387634,0
C2_global_hybrid_medium,1,1,119,50202,2,0,0.18415462970733643,0
C2_global_hybrid_medium,1,1,148,50255,1,1,0.9084674119949341,1
C2_global_hybrid_medium,1,1,170,50284,1,1,0.6609054207801819,1
C2_global_hybrid_medium,1,1,172,50287,1,1,0.19354145228862762,0
C2_global_hybrid_medium,1,1,192,50319,1,1,0.9094366431236267,1
C2_global_hybrid_medium,1,1,204,50335,2,0,0.08622526377439499,0
C2_global_hybrid_medium,1,1,221,50352,2,0,0.40744662284851074,0
C2_global_hybrid_medium,1,1,230,50361,2,0,0.08702234923839569,0
C2_global_hybrid_medium,1,1,241,50373,2,0,0.18967396020889282,0
C2_global_hybrid_medium,1,1,269,50413,1,1,0.9066854119300842,1
C2_global_hybrid_medium,1,1,273,50417,2,0,0.08887284249067307,0
C2_global_hybrid_medium,1,1,283,50433,2,0,0.0943225547671318,0
C2_global_hybrid_medium,1,1,288,50438,2,0,0.08714243769645691,0
C2_global_hybrid_medium,1,1,289,50439,2,0,0.09421253949403763,0
C2_global_hybrid_medium,1,1,303,50467,2,0,0.12870891392230988,0
C2_global_hybrid_medium,1,1,313,50486,1,1,0.9094639420509338,1
C2_global_hybrid_medium,1,1,326,50501,1,1,0.9078864455223083,1
C2_global_hybrid_medium,1,1,333,50514,1,1,0.8969996571540833,1
C2_global_hybrid_medium,1,1,335,50516,1,1,0.8567253351211548,1
C2_global_hybrid_medium,1,1,337,50519,1,1,0.9070957899093628,1
C2_global_hybrid_medium,1,1,343,50526,1,1,0.6817032694816589,1
C2_global_hybrid_medium,1,1,383,50621,1,1,0.902237057685852,1
C2_global_hybrid_medium,1,1,390,50628,1,1,0.9070948362350464,1
C2_global_hybrid_medium,1,1,410,50691,2,0,0.08637459576129913,0
C2_global_hybrid_medium,1,1,416,50697,1,1,0.9031785726547241,1
C2_global_hybrid_medium,1,1,422,50703,2,0,0.09066501259803772,0
C2_global_hybrid_medium,1,1,425,50706,2,0,0.1310211718082428,0
C2_global_hybrid_medium,1,1,429,50711,1,1,0.23952782154083252,0
C2_global_hybrid_medium,1,1,431,50723,2,0,0.0862213745713234,0
C2_global_hybrid_medium,1,1,435,50728,2,0,0.3283235430717468,0
C2_global_hybrid_medium,1,1,441,50738,2,0,0.08997412025928497,0
C2_global_hybrid_medium,1,1,446,50743,1,1,0.9019420146942139,1
C2_global_hybrid_medium,1,1,449,50748,1,1,0.9073384404182434,1
C2_global_hybrid_medium,1,1,455,50755,1,1,0.9062013626098633,1
C2_global_hybrid_medium,1,1,457,50757,1,1,0.20730029046535492,0
C2_global_hybrid_medium,1,1,501,50964,1,1,0.9027978181838989,1
C2_global_hybrid_medium,1,1,502,50965,1,1,0.9094496369361877,1
C2_global_hybrid_medium,1,1,511,50976,1,1,0.9084540009498596,1
C2_global_hybrid_medium,1,1,553,51023,1,1,0.9070625901222229,1
C2_global_hybrid_medium,1,1,560,51030,1,1,0.9085812568664551,1
C2_global_hybrid_medium,1,1,562,51033,1,1,0.9027629494667053,1
C2_global_hybrid_medium,1,1,566,51038,2,0,0.08759386837482452,0
C2_global_hybrid_medium,1,1,584,51057,2,0,0.09627112001180649,0
C2_global_hybrid_medium,1,1,597,51070,2,0,0.19833537936210632,0
C2_global_hybrid_medium,1,1,599,51073,2,0,0.08811082690954208,0
C2_global_hybrid_medium,1,1,610,51084,2,0,0.887876570224762,1
C2_global_hybrid_medium,1,1,615,51089,2,0,0.09239330142736435,0
C2_global_hybrid_medium,1,1,630,51105,2,0,0.0872238352894783,0
C2_global_hybrid_medium,1,1,633,51109,2,0,0.08963024616241455,0
C2_global_hybrid_medium,1,1,636,51112,2,0,0.08993234485387802,0
C2_global_hybrid_medium,1,1,654,51135,2,0,0.08868898451328278,0
C2_global_hybrid_medium,1,1,680,51170,1,1,0.3073347806930542,0
C2_global_hybrid_medium,1,1,686,51180,2,0,0.5713181495666504,1
C2_global_hybrid_medium,1,1,691,51185,2,0,0.8305823802947998,1
C2_global_hybrid_medium,1,1,696,51194,2,0,0.8168345093727112,1
C2_global_hybrid_medium,1,1,697,51197,2,0,0.1550230085849762,0
C2_global_hybrid_medium,1,1,726,51231,1,1,0.28345245122909546,0
C2_global_hybrid_medium,1,1,729,51236,1,1,0.7003893852233887,1
C2_global_hybrid_medium,1,1,734,51248,1,1,0.9088467359542847,1
C2_global_hybrid_medium,1,1,744,51260,2,0,0.08659675717353821,0
C2_global_hybrid_medium,1,1,753,51271,2,0,0.09589257091283798,0
C2_global_hybrid_medium,1,1,754,51272,2,0,0.1201147735118866,0
C2_global_hybrid_medium,1,1,755,51273,2,0,0.409114271402359,0
C2_global_hybrid_medium,1,1,757,51276,2,0,0.08942825347185135,0
C2_global_hybrid_medium,1,1,765,51293,1,1,0.907000720500946,1
C2_global_hybrid_medium,1,1,769,51298,1,1,0.9093361496925354,1
C2_global_hybrid_medium,1,1,787,51321,1,1,0.13714352250099182,0
C2_global_hybrid_medium,1,1,789,51323,1,1,0.9084610939025879,1
C2_global_hybrid_medium,1,1,792,51327,1,1,0.89195716381073,1
C2_global_hybrid_medium,1,1,804,51340,2,0,0.09427035599946976,0
C2_global_hybrid_medium,1,1,836,51481,2,0,0.12584012746810913,0
C2_global_hybrid_medium,1,1,841,51491,2,0,0.08771102130413055,0
C2_global_hybrid_medium,1,1,842,51493,2,0,0.11921459436416626,0
C2_global_hybrid_medium,1,1,856,51570,2,0,0.0871393159031868,0
C2_global_hybrid_medium,1,1,870,51607,1,1,0.5096067190170288,1
C2_global_hybrid_medium,1,2,1,50004,1,1,0.9145792722702026,1
C2_global_hybrid_medium,1,2,13,50020,1,1,0.9087406992912292,1
C2_global_hybrid_medium,1,2,23,50032,2,0,0.09352431446313858,0
C2_global_hybrid_medium,1,2,34,50043,2,0,0.1252259612083435,0
C2_global_hybrid_medium,1,2,41,50050,2,0,0.09097621589899063,0
C2_global_hybrid_medium,1,2,45,50054,2,0,0.8262518048286438,1
C2_global_hybrid_medium,1,2,53,50105,2,0,0.09774556010961533,0
C2_global_hybrid_medium,1,2,59,50113,2,0,0.09673325717449188,0
C2_global_hybrid_medium,1,2,69,50125,1,1,0.9149746298789978,1
C2_global_hybrid_medium,1,2,80,50144,1,1,0.9152605533599854,1
C2_global_hybrid_medium,1,2,84,50148,1,1,0.9147225022315979,1
C2_global_hybrid_medium,1,2,105,50184,1,1,0.9066601395606995,1
C2_global_hybrid_medium,1,2,144,50251,1,1,0.11150865256786346,0
C2_global_hybrid_medium,1,2,160,50269,2,0,0.16570889949798584,0
C2_global_hybrid_medium,1,2,165,50274,1,1,0.8255040049552917,1
C2_global_hybrid_medium,1,2,174,50290,1,1,0.9148073196411133,1
C2_global_hybrid_medium,1,2,195,50324,1,1,0.9130777716636658,1
C2_global_hybrid_medium,1,2,201,50332,2,0,0.09123332798480988,0
C2_global_hybrid_medium,1,2,209,50340,2,0,0.0930817499756813,0
C2_global_hybrid_medium,1,2,213,50344,2,0,0.0947212353348732,0
C2_global_hybrid_medium,1,2,215,50346,2,0,0.09590212255716324,0
C2_global_hybrid_medium,1,2,217,50348,2,0,0.2392093986272812,0
C2_global_hybrid_medium,1,2,218,50349,2,0,0.10247352719306946,0
C2_global_hybrid_medium,1,2,222,50353,2,0,0.13243722915649414,0
C2_global_hybrid_medium,1,2,224,50355,2,0,0.13564355671405792,0
C2_global_hybrid_medium,1,2,242,50374,2,0,0.11784876883029938,0
C2_global_hybrid_medium,1,2,253,50387,2,0,0.09504156559705734,0
C2_global_hybrid_medium,1,2,256,50391,2,0,0.10634518414735794,0
C2_global_hybrid_medium,1,2,277,50422,2,0,0.6721959114074707,1
C2_global_hybrid_medium,1,2,284,50434,2,0,0.09109975397586823,0
C2_global_hybrid_medium,1,2,305,50469,2,0,0.09322035312652588,0
C2_global_hybrid_medium,1,2,311,50483,1,1,0.9050149321556091,1
C2_global_hybrid_medium,1,2,331,50509,1,1,0.915265679359436,1
C2_global_hybrid_medium,1,2,342,50525,1,1,0.7846044898033142,1
C2_global_hybrid_medium,1,2,356,50563,2,0,0.09112869203090668,0
C2_global_hybrid_medium,1,2,370,50602,1,1,0.8718405961990356,1
C2_global_hybrid_medium,1,2,394,50648,1,1,0.4798101484775543,0
C2_global_hybrid_medium,1,2,401,50669,2,0,0.9007406830787659,1
C2_global_hybrid_medium,1,2,413,50694,1,1,0.9014361500740051,1
C2_global_hybrid_medium,1,2,438,50733,2,0,0.0912274718284607,0
C2_global_hybrid_medium,1,2,445,50742,2,0,0.09100265800952911,0
C2_global_hybrid_medium,1,2,447,50744,1,1,0.915285587310791,1
C2_global_hybrid_medium,1,2,451,50750,1,1,0.9151447415351868,1
C2_global_hybrid_medium,1,2,460,50774,2,0,0.09547577798366547,0
C2_global_hybrid_medium,1,2,472,50792,1,1,0.9090074896812439,1
C2_global_hybrid_medium,1,2,475,50798,1,1,0.0907440111041069,0
C2_global_hybrid_medium,1,2,477,50800,1,1,0.9129801988601685,1
C2_global_hybrid_medium,1,2,492,50954,1,1,0.7356639504432678,1
C2_global_hybrid_medium,1,2,496,50958,1,1,0.908583402633667,1
C2_global_hybrid_medium,1,2,505,50968,1,1,0.9148093461990356,1
C2_global_hybrid_medium,1,2,506,50969,1,1,0.8765746355056763,1
C2_global_hybrid_medium,1,2,524,50990,1,1,0.9090001583099365,1
C2_global_hybrid_medium,1,2,535,51002,1,1,0.9060490727424622,1
C2_global_hybrid_medium,1,2,545,51014,1,1,0.9139938950538635,1
C2_global_hybrid_medium,1,2,558,51028,1,1,0.9077433943748474,1
C2_global_hybrid_medium,1,2,564,51035,1,1,0.8604856729507446,1
C2_global_hybrid_medium,1,2,571,51044,2,0,0.09508149325847626,0
C2_global_hybrid_medium,1,2,574,51047,2,0,0.09093786776065826,0
C2_global_hybrid_medium,1,2,580,51053,2,0,0.10750830173492432,0
C2_global_hybrid_medium,1,2,585,51058,2,0,0.0984768271446228,0
C2_global_hybrid_medium,1,2,588,51061,2,0,0.09506288915872574,0
C2_global_hybrid_medium,1,2,600,51074,2,0,0.38702207803726196,0
C2_global_hybrid_medium,1,2,603,51077,2,0,0.19962216913700104,0
C2_global_hybrid_medium,1,2,617,51091,2,0,0.09095866978168488,0
C2_global_hybrid_medium,1,2,646,51127,2,0,0.2707274556159973,0
C2_global_hybrid_medium,1,2,648,51129,2,0,0.09612394124269485,0
C2_global_hybrid_medium,1,2,650,51131,2,0,0.10439559817314148,0
C2_global_hybrid_medium,1,2,651,51132,2,0,0.09322073310613632,0
C2_global_hybrid_medium,1,2,655,51136,2,0,0.38597190380096436,0
C2_global_hybrid_medium,1,2,662,51146,2,0,0.09505198150873184,0
C2_global_hybrid_medium,1,2,664,51148,2,0,0.10192392021417618,0
C2_global_hybrid_medium,1,2,668,51152,2,0,0.10461658239364624,0
C2_global_hybrid_medium,1,2,675,51162,1,1,0.9152258038520813,1
C2_global_hybrid_medium,1,2,681,51171,1,1,0.9148313999176025,1
C2_global_hybrid_medium,1,2,689,51183,2,0,0.22253067791461945,0
C2_global_hybrid_medium,1,2,703,51205,1,1,0.907733142375946,1
C2_global_hybrid_medium,1,2,728,51235,1,1,0.9146958589553833,1
C2_global_hybrid_medium,1,2,735,51249,1,1,0.914289116859436,1
C2_global_hybrid_medium,1,2,751,51268,2,0,0.09108281880617142,0
C2_global_hybrid_medium,1,2,763,51291,1,1,0.9060489535331726,1
C2_global_hybrid_medium,1,2,767,51295,1,1,0.9152469635009766,1
C2_global_hybrid_medium,1,2,813,51350,1,1,0.8327144384384155,1
C2_global_hybrid_medium,1,2,814,51351,1,1,0.7430963516235352,1
C2_global_hybrid_medium,1,2,826,51370,2,0,0.09094058722257614,0
C2_global_hybrid_medium,1,2,835,51480,2,0,0.10249050706624985,0
C2_global_hybrid_medium,1,2,859,51574,1,1,0.9152358770370483,1
C2_global_hybrid_medium,1,2,867,51584,1,1,0.8787305355072021,1
C2_global_hybrid_medium,1,3,3,50006,1,1,0.682140052318573,1
C2_global_hybrid_medium,1,3,15,50023,1,1,0.45667019486427307,0
C2_global_hybrid_medium,1,3,25,50034,2,0,0.20515678822994232,0
C2_global_hybrid_medium,1,3,39,50048,2,0,0.6469204425811768,1
C2_global_hybrid_medium,1,3,68,50124,1,1,0.6562685370445251,1
C2_global_hybrid_medium,1,3,75,50132,1,1,0.5752907395362854,1
C2_global_hybrid_medium,1,3,88,50153,1,1,0.2729637622833252,0
C2_global_hybrid_medium,1,3,100,50169,2,0,0.1925283670425415,0
C2_global_hybrid_medium,1,3,107,50187,1,1,0.19096840918064117,0
C2_global_hybrid_medium,1,3,111,50193,2,0,0.18848378956317902,0
C2_global_hybrid_medium,1,3,122,50205,2,0,0.18642902374267578,0
C2_global_hybrid_medium,1,3,138,50243,1,1,0.4626971185207367,0
C2_global_hybrid_medium,1,3,147,50254,1,1,0.6501098871231079,1
C2_global_hybrid_medium,1,3,159,50268,2,0,0.18568475544452667,0
C2_global_hybrid_medium,1,3,173,50289,1,1,0.26700687408447266,0
C2_global_hybrid_medium,1,3,186,50308,1,1,0.6179187893867493,1
C2_global_hybrid_medium,1,3,189,50314,1,1,0.6988120675086975,1
C2_global_hybrid_medium,1,3,193,50320,1,1,0.6893181800842285,1
C2_global_hybrid_medium,1,3,199,50330,2,0,0.2075129598379135,0
C2_global_hybrid_medium,1,3,203,50334,2,0,0.6637280583381653,1
C2_global_hybrid_medium,1,3,206,50337,2,0,0.2839449644088745,0
C2_global_hybrid_medium,1,3,232,50363,2,0,0.2867829501628876,0
C2_global_hybrid_medium,1,3,233,50364,2,0,0.36858314275741577,0
C2_global_hybrid_medium,1,3,236,50367,2,0,0.18529602885246277,0
C2_global_hybrid_medium,1,3,248,50381,2,0,0.25323203206062317,0
C2_global_hybrid_medium,1,3,252,50386,2,0,0.18457715213298798,0
C2_global_hybrid_medium,1,3,255,50390,2,0,0.19223612546920776,0
C2_global_hybrid_medium,1,3,259,50402,1,1,0.1836586892604828,0
C2_global_hybrid_medium,1,3,261,50404,1,1,0.6927987933158875,1
C2_global_hybrid_medium,1,3,264,50407,1,1,0.6999666094779968,1
C2_global_hybrid_medium,1,3,282,50428,2,0,0.1844138503074646,0
C2_global_hybrid_medium,1,3,291,50441,2,0,0.18510806560516357,0
C2_global_hybrid_medium,1,3,296,50446,2,0,0.18394587934017181,0
C2_global_hybrid_medium,1,3,301,50463,2,0,0.18433518707752228,0
C2_global_hybrid_medium,1,3,312,50485,1,1,0.18666942417621613,0
C2_global_hybrid_medium,1,3,322,50497,1,1,0.6999992728233337,1
C2_global_hybrid_medium,1,3,330,50507,1,1,0.35539528727531433,0
C2_global_hybrid_medium,1,3,332,50510,1,1,0.6982086896896362,1
C2_global_hybrid_medium,1,3,338,50520,1,1,0.6157506704330444,1
C2_global_hybrid_medium,1,3,362,50572,2,0,0.18608073890209198,0
C2_global_hybrid_medium,1,3,364,50574,2,0,0.4187687337398529,0
C2_global_hybrid_medium,1,3,368,50578,2,0,0.666519820690155,1
C2_global_hybrid_medium,1,3,382,50620,1,1,0.23512355983257294,0
C2_global_hybrid_medium,1,3,384,50622,1,1,0.6792531609535217,1
C2_global_hybrid_medium,1,3,398,50659,2,0,0.4788883924484253,0
C2_global_hybrid_medium,1,3,403,50683,2,0,0.18527957797050476,0
C2_global_hybrid_medium,1,3,408,50689,1,1,0.6807004809379578,1
C2_global_hybrid_medium,1,3,415,50696,1,1,0.6592289805412292,1
C2_global_hybrid_medium,1,3,421,50702,1,1,0.2506096065044403,0
C2_global_hybrid_medium,1,3,433,50725,2,0,0.18499864637851715,0
C2_global_hybrid_medium,1,3,436,50730,2,0,0.20146651566028595,0
C2_global_hybrid_medium,1,3,439,50735,2,0,0.18754209578037262,0
C2_global_hybrid_medium,1,3,469,50786,2,0,0.2045501321554184,0
C2_global_hybrid_medium,1,3,497,50959,1,1,0.2591540515422821,0
C2_global_hybrid_medium,1,3,503,50966,1,1,0.18537448346614838,0
C2_global_hybrid_medium,1,3,517,50983,1,1,0.3693050444126129,0
C2_global_hybrid_medium,1,3,529,50995,1,1,0.6857143044471741,1
C2_global_hybrid_medium,1,3,530,50996,1,1,0.6087754368782043,1
C2_global_hybrid_medium,1,3,531,50997,1,1,0.5025001168251038,1
C2_global_hybrid_medium,1,3,541,51010,1,1,0.30841949582099915,0
C2_global_hybrid_medium,1,3,546,51015,1,1,0.18531054258346558,0
C2_global_hybrid_medium,1,3,555,51025,1,1,0.6234518885612488,1
C2_global_hybrid_medium,1,3,572,51045,2,0,0.19412334263324738,0
C2_global_hybrid_medium,1,3,577,51050,2,0,0.18416482210159302,0
C2_global_hybrid_medium,1,3,592,51065,2,0,0.18736760318279266,0
C2_global_hybrid_medium,1,3,607,51081,2,0,0.1864103078842163,0
C2_global_hybrid_medium,1,3,608,51082,2,0,0.19880807399749756,0
C2_global_hybrid_medium,1,3,613,51087,2,0,0.18401461839675903,0
C2_global_hybrid_medium,1,3,637,51113,2,0,0.18682783842086792,0
C2_global_hybrid_medium,1,3,639,51116,2,0,0.2000890076160431,0
C2_global_hybrid_medium,1,3,645,51126,2,0,0.1949276626110077,0
C2_global_hybrid_medium,1,3,661,51142,2,0,0.21947693824768066,0
C2_global_hybrid_medium,1,3,706,51208,1,1,0.2848905324935913,0
C2_global_hybrid_medium,1,3,714,51218,1,1,0.7004091143608093,1
C2_global_hybrid_medium,1,3,722,51226,1,1,0.1855899840593338,0
C2_global_hybrid_medium,1,3,731,51239,1,1,0.7004135847091675,1
C2_global_hybrid_medium,1,3,741,51255,2,0,0.184734046459198,0
C2_global_hybrid_medium,1,3,752,51269,2,0,0.18628253042697906,0
C2_global_hybrid_medium,1,3,761,51280,2,0,0.18522557616233826,0
C2_global_hybrid_medium,1,3,770,51299,1,1,0.6899550557136536,1
C2_global_hybrid_medium,1,3,771,51300,1,1,0.672690212726593,1
C2_global_hybrid_medium,1,3,776,51305,2,0,0.3323286771774292,0
C2_global_hybrid_medium,1,3,794,51329,1,1,0.38560357689857483,0
C2_global_hybrid_medium,1,3,803,51339,2,0,0.18414409458637238,0
C2_global_hybrid_medium,1,3,806,51342,2,0,0.18365804851055145,0
C2_global_hybrid_medium,1,3,838,51484,2,0,0.2738097012042999,0
C2_global_hybrid_medium,1,3,855,51569,2,0,0.5410887598991394,1
C2_global_hybrid_medium,1,4,4,50007,1,1,0.8116351962089539,1
C2_global_hybrid_medium,1,4,32,50041,2,0,0.06481865048408508,0
C2_global_hybrid_medium,1,4,46,50056,1,1,0.9282233119010925,1
C2_global_hybrid_medium,1,4,57,50111,2,0,0.06449627876281738,0
C2_global_hybrid_medium,1,4,60,50114,2,0,0.061997078359127045,0
C2_global_hybrid_medium,1,4,87,50152,1,1,0.9277728796005249,1
C2_global_hybrid_medium,1,4,94,50161,2,0,0.06218309700489044,0
C2_global_hybrid_medium,1,4,120,50203,2,0,0.062069062143564224,0
C2_global_hybrid_medium,1,4,135,50239,1,1,0.11015323549509048,0
C2_global_hybrid_medium,1,4,149,50257,2,0,0.06233445927500725,0
C2_global_hybrid_medium,1,4,153,50262,2,0,0.0619625449180603,0
C2_global_hybrid_medium,1,4,154,50263,2,0,0.06386697292327881,0
C2_global_hybrid_medium,1,4,166,50275,1,1,0.9266846179962158,1
C2_global_hybrid_medium,1,4,179,50295,1,1,0.9279010891914368,1
C2_global_hybrid_medium,1,4,210,50341,2,0,0.06258248537778854,0
C2_global_hybrid_medium,1,4,216,50347,2,0,0.06415662169456482,0
C2_global_hybrid_medium,1,4,226,50357,2,0,0.06479489803314209,0
C2_global_hybrid_medium,1,4,258,50399,1,1,0.9275009632110596,1
C2_global_hybrid_medium,1,4,272,50416,2,0,0.06347141414880753,0
C2_global_hybrid_medium,1,4,295,50445,2,0,0.0625220537185669,0
C2_global_hybrid_medium,1,4,316,50490,1,1,0.9222245216369629,1
C2_global_hybrid_medium,1,4,323,50498,1,1,0.9235790371894836,1
C2_global_hybrid_medium,1,4,324,50499,1,1,0.9281357526779175,1
C2_global_hybrid_medium,1,4,328,50503,1,1,0.9278662800788879,1
C2_global_hybrid_medium,1,4,329,50504,1,1,0.9270265102386475,1
C2_global_hybrid_medium,1,4,344,50527,1,1,0.20641174912452698,0
C2_global_hybrid_medium,1,4,349,50532,1,1,0.9281393885612488,1
C2_global_hybrid_medium,1,4,350,50551,2,0,0.06464066356420517,0
C2_global_hybrid_medium,1,4,359,50569,2,0,0.19962145388126373,0
C2_global_hybrid_medium,1,4,360,50570,2,0,0.0864873006939888,0
C2_global_hybrid_medium,1,4,363,50573,2,0,0.061957523226737976,0
C2_global_hybrid_medium,1,4,371,50603,1,1,0.9281925559043884,1
C2_global_hybrid_medium,1,4,380,50616,1,1,0.9281827807426453,1
C2_global_hybrid_medium,1,4,387,50625,1,1,0.06411124020814896,0
C2_global_hybrid_medium,1,4,389,50627,1,1,0.9272513389587402,1
C2_global_hybrid_medium,1,4,391,50642,1,1,0.9236361980438232,1
C2_global_hybrid_medium,1,4,392,50644,1,1,0.9214667677879333,1
C2_global_hybrid_medium,1,4,402,50682,2,0,0.062393322587013245,0
C2_global_hybrid_medium,1,4,430,50722,2,0,0.0648232251405716,0
C2_global_hybrid_medium,1,4,437,50731,2,0,0.0653761550784111,0
C2_global_hybrid_medium,1,4,458,50772,2,0,0.9242354035377502,1
C2_global_hybrid_medium,1,4,473,50796,1,1,0.9278481006622314,1
C2_global_hybrid_medium,1,4,474,50797,1,1,0.9276424050331116,1
C2_global_hybrid_medium,1,4,481,50812,2,0,0.06285920739173889,0
C2_global_hybrid_medium,1,4,483,50816,2,0,0.06370396167039871,0
C2_global_hybrid_medium,1,4,485,50818,2,0,0.06267277896404266,0
C2_global_hybrid_medium,1,4,509,50973,1,1,0.9080565571784973,1
C2_global_hybrid_medium,1,4,516,50982,1,1,0.0633000060915947,0
C2_global_hybrid_medium,1,4,543,51012,1,1,0.9163983464241028,1
C2_global_hybrid_medium,1,4,548,51017,1,1,0.9280256628990173,1
C2_global_hybrid_medium,1,4,549,51018,1,1,0.9264713525772095,1
C2_global_hybrid_medium,1,4,551,51020,1,1,0.47744131088256836,0
C2_global_hybrid_medium,1,4,575,51048,2,0,0.06933044642210007,0
C2_global_hybrid_medium,1,4,590,51063,2,0,0.06759872287511826,0
C2_global_hybrid_medium,1,4,598,51072,2,0,0.13120220601558685,0
C2_global_hybrid_medium,1,4,605,51079,2,0,0.7360560297966003,1
C2_global_hybrid_medium,1,4,618,51093,2,0,0.06751717627048492,0
C2_global_hybrid_medium,1,4,626,51101,2,0,0.06240919604897499,0
C2_global_hybrid_medium,1,4,641,51118,2,0,0.7081157565116882,1
C2_global_hybrid_medium,1,4,649,51130,2,0,0.9144392013549805,1
C2_global_hybrid_medium,1,4,653,51134,2,0,0.062230899930000305,0
C2_global_hybrid_medium,1,4,658,51139,2,0,0.06267549842596054,0
C2_global_hybrid_medium,1,4,659,51140,2,0,0.06332974880933762,0
C2_global_hybrid_medium,1,4,666,51150,2,0,0.06299518048763275,0
C2_global_hybrid_medium,1,4,678,51168,1,1,0.9216142296791077,1
C2_global_hybrid_medium,1,4,687,51181,2,0,0.08166417479515076,0
C2_global_hybrid_medium,1,4,690,51184,2,0,0.20214612782001495,0
C2_global_hybrid_medium,1,4,699,51201,1,1,0.9249434471130371,1
C2_global_hybrid_medium,1,4,708,51211,1,1,0.9210586547851562,1
C2_global_hybrid_medium,1,4,712,51216,1,1,0.06197062507271767,0
C2_global_hybrid_medium,1,4,716,51220,1,1,0.9272735714912415,1
C2_global_hybrid_medium,1,4,718,51222,1,1,0.06463078409433365,0
C2_global_hybrid_medium,1,4,723,51228,1,1,0.9282219409942627,1
C2_global_hybrid_medium,1,4,742,51256,2,0,0.0651247575879097,0
C2_global_hybrid_medium,1,4,750,51267,2,0,0.06256590038537979,0
C2_global_hybrid_medium,1,4,778,51307,2,0,0.9263556599617004,1
C2_global_hybrid_medium,1,4,793,51328,1,1,0.9270798563957214,1
C2_global_hybrid_medium,1,4,808,51344,2,0,0.18145641684532166,0
C2_global_hybrid_medium,1,4,815,51354,1,1,0.9105445146560669,1
C2_global_hybrid_medium,1,4,817,51357,2,0,0.06240035966038704,0
C2_global_hybrid_medium,1,4,845,51558,2,0,0.062375832349061966,0
C2_global_hybrid_medium,1,4,846,51559,2,0,0.062074240297079086,0
C2_global_hybrid_medium,1,4,852,51566,2,0,0.0619848258793354,0
C2_global_hybrid_medium,1,4,854,51568,2,0,0.06413496285676956,0
C2_global_hybrid_medium,1,4,860,51576,1,1,0.14413084089756012,0
C2_global_hybrid_medium,1,4,861,51577,1,1,0.918035089969635,1
C2_global_hybrid_medium,1,4,863,51579,1,1,0.06257766485214233,0
C2_global_hybrid_medium,1,5,9,50013,1,1,0.7466373443603516,1
C2_global_hybrid_medium,1,5,12,50016,1,1,0.620784342288971,1
C2_global_hybrid_medium,1,5,21,50030,2,0,0.7973659634590149,1
C2_global_hybrid_medium,1,5,28,50037,2,0,0.38039207458496094,0
C2_global_hybrid_medium,1,5,37,50046,2,0,0.13592401146888733,0
C2_global_hybrid_medium,1,5,48,50059,2,0,0.13510380685329437,0
C2_global_hybrid_medium,1,5,73,50130,1,1,0.48777344822883606,0
C2_global_hybrid_medium,1,5,77,50135,1,1,0.8268726468086243,1
C2_global_hybrid_medium,1,5,79,50143,1,1,0.8256931304931641,1
C2_global_hybrid_medium,1,5,81,50145,1,1,0.5697379112243652,1
C2_global_hybrid_medium,1,5,95,50162,2,0,0.19764727354049683,0
C2_global_hybrid_medium,1,5,97,50164,2,0,0.12920376658439636,0
C2_global_hybrid_medium,1,5,102,50171,2,0,0.2476126253604889,0
C2_global_hybrid_medium,1,5,128,50215,2,0,0.1287337988615036,0
C2_global_hybrid_medium,1,5,134,50237,1,1,0.8288754224777222,1
C2_global_hybrid_medium,1,5,142,50249,1,1,0.8288756012916565,1
C2_global_hybrid_medium,1,5,150,50259,2,0,0.12674684822559357,0
C2_global_hybrid_medium,1,5,167,50276,1,1,0.8283820748329163,1
C2_global_hybrid_medium,1,5,177,50293,1,1,0.814548671245575,1
C2_global_hybrid_medium,1,5,185,50304,1,1,0.6447598338127136,1
C2_global_hybrid_medium,1,5,191,50318,1,1,0.20241810381412506,0
C2_global_hybrid_medium,1,5,207,50338,2,0,0.12796373665332794,0
C2_global_hybrid_medium,1,5,243,50375,2,0,0.13617053627967834,0
C2_global_hybrid_medium,1,5,250,50383,2,0,0.13476386666297913,0
C2_global_hybrid_medium,1,5,271,50415,2,0,0.13189473748207092,0
C2_global_hybrid_medium,1,5,276,50421,2,0,0.1278499960899353,0
C2_global_hybrid_medium,1,5,280,50426,2,0,0.12836498022079468,0
C2_global_hybrid_medium,1,5,286,50436,2,0,0.48269328474998474,0
C2_global_hybrid_medium,1,5,293,50443,2,0,0.40920117497444153,0
C2_global_hybrid_medium,1,5,304,50468,2,0,0.1722295880317688,0
C2_global_hybrid_medium,1,5,306,50470,2,0,0.3212745189666748,0
C2_global_hybrid_medium,1,5,327,50502,1,1,0.8230326175689697,1
C2_global_hybrid_medium,1,5,334,50515,1,1,0.8293094038963318,1
C2_global_hybrid_medium,1,5,336,50518,1,1,0.6399480104446411,1
C2_global_hybrid_medium,1,5,339,50521,1,1,0.45898884534835815,0
C2_global_hybrid_medium,1,5,347,50530,1,1,0.8249377012252808,1
C2_global_hybrid_medium,1,5,351,50552,2,0,0.12844978272914886,0
C2_global_hybrid_medium,1,5,355,50561,2,0,0.12721778452396393,0
C2_global_hybrid_medium,1,5,367,50577,2,0,0.12873220443725586,0
C2_global_hybrid_medium,1,5,385,50623,1,1,0.7818804383277893,1
C2_global_hybrid_medium,1,5,411,50692,2,0,0.1265810877084732,0
C2_global_hybrid_medium,1,5,412,50693,1,1,0.14023174345493317,0
C2_global_hybrid_medium,1,5,417,50698,2,0,0.1271534115076065,0
C2_global_hybrid_medium,1,5,443,50740,2,0,0.1263955682516098,0
C2_global_hybrid_medium,1,5,465,50780,2,0,0.27769291400909424,0
C2_global_hybrid_medium,1,5,484,50817,2,0,0.1320033073425293,0
C2_global_hybrid_medium,1,5,487,50821,2,0,0.12661094963550568,0
C2_global_hybrid_medium,1,5,494,50956,1,1,0.8263295888900757,1
C2_global_hybrid_medium,1,5,498,50960,1,1,0.2792947292327881,0
C2_global_hybrid_medium,1,5,504,50967,1,1,0.8074609041213989,1
C2_global_hybrid_medium,1,5,507,50970,1,1,0.8275792598724365,1
C2_global_hybrid_medium,1,5,513,50978,1,1,0.8288666605949402,1
C2_global_hybrid_medium,1,5,514,50979,1,1,0.5466729402542114,1
C2_global_hybrid_medium,1,5,528,50994,1,1,0.8294900059700012,1
C2_global_hybrid_medium,1,5,533,51000,1,1,0.8292860984802246,1
C2_global_hybrid_medium,1,5,536,51003,1,1,0.8230012059211731,1
C2_global_hybrid_medium,1,5,537,51006,1,1,0.8296592235565186,1
C2_global_hybrid_medium,1,5,538,51007,1,1,0.7908264994621277,1
C2_global_hybrid_medium,1,5,539,51008,1,1,0.14830118417739868,0
C2_global_hybrid_medium,1,5,547,51016,1,1,0.7229015827178955,1
C2_global_hybrid_medium,1,5,550,51019,1,1,0.7698777914047241,1
C2_global_hybrid_medium,1,5,594,51067,2,0,0.13676723837852478,0
C2_global_hybrid_medium,1,5,614,51088,2,0,0.1324005126953125,0
C2_global_hybrid_medium,1,5,616,51090,2,0,0.13334406912326813,0
C2_global_hybrid_medium,1,5,621,51096,2,0,0.1338103860616684,0
C2_global_hybrid_medium,1,5,623,51098,2,0,0.13671228289604187,0
C2_global_hybrid_medium,1,5,628,51103,2,0,0.4757128953933716,0
C2_global_hybrid_medium,1,5,647,51128,2,0,0.1307591050863266,0
C2_global_hybrid_medium,1,5,660,51141,2,0,0.16212677955627441,0
C2_global_hybrid_medium,1,5,669,51153,2,0,0.13606375455856323,0
C2_global_hybrid_medium,1,5,674,51161,1,1,0.7618095278739929,1
C2_global_hybrid_medium,1,5,685,51179,1,1,0.8260527849197388,1
C2_global_hybrid_medium,1,5,698,51198,2,0,0.32447385787963867,0
C2_global_hybrid_medium,1,5,702,51204,1,1,0.8277180790901184,1
C2_global_hybrid_medium,1,5,713,51217,1,1,0.21935641765594482,0
C2_global_hybrid_medium,1,5,719,51223,1,1,0.5855836868286133,1
C2_global_hybrid_medium,1,5,727,51234,1,1,0.8175272345542908,1
C2_global_hybrid_medium,1,5,737,51251,2,0,0.47577953338623047,0
C2_global_hybrid_medium,1,5,738,51252,2,0,0.8218212723731995,1
C2_global_hybrid_medium,1,5,746,51262,2,0,0.5073885917663574,1
C2_global_hybrid_medium,1,5,805,51341,2,0,0.4009591042995453,0
C2_global_hybrid_medium,1,5,821,51362,2,0,0.1308176964521408,0
C2_global_hybrid_medium,1,5,823,51364,2,0,0.1617514193058014,0
C2_global_hybrid_medium,1,5,832,51473,1,1,0.6888076663017273,1
C2_global_hybrid_medium,1,5,847,51560,2,0,0.1286059468984604,0
C2_global_hybrid_medium,1,5,848,51562,2,0,0.12783579528331757,0
C2_global_hybrid_medium,1,5,849,51563,2,0,0.12966375052928925,0
C2_global_hybrid_medium,1,6,6,50010,1,1,0.9455116391181946,1
C2_global_hybrid_medium,1,6,47,50057,1,1,0.06016818806529045,0
C2_global_hybrid_medium,1,6,54,50106,2,0,0.058369822800159454,0
C2_global_hybrid_medium,1,6,61,50115,2,0,0.05824246257543564,0
C2_global_hybrid_medium,1,6,70,50127,1,1,0.5952887535095215,1
C2_global_hybrid_medium,1,6,76,50134,1,1,0.9454731345176697,1
C2_global_hybrid_medium,1,6,78,50142,1,1,0.9458621144294739,1
C2_global_hybrid_medium,1,6,82,50146,1,1,0.5909594297409058,1
C2_global_hybrid_medium,1,6,91,50158,2,0,0.05732322856783867,0
C2_global_hybrid_medium,1,6,92,50159,2,0,0.9454834461212158,1
C2_global_hybrid_medium,1,6,112,50194,2,0,0.05797383189201355,0
C2_global_hybrid_medium,1,6,123,50206,2,0,0.49496132135391235,0
C2_global_hybrid_medium,1,6,124,50208,2,0,0.057847924530506134,0
C2_global_hybrid_medium,1,6,130,50232,1,1,0.9436479210853577,1
C2_global_hybrid_medium,1,6,131,50233,1,1,0.9454865455627441,1
C2_global_hybrid_medium,1,6,137,50241,1,1,0.9453795552253723,1
C2_global_hybrid_medium,1,6,139,50245,1,1,0.9457919597625732,1
C2_global_hybrid_medium,1,6,140,50247,1,1,0.9459354877471924,1
C2_global_hybrid_medium,1,6,151,50260,2,0,0.05934985727071762,0
C2_global_hybrid_medium,1,6,168,50278,1,1,0.9454052448272705,1
C2_global_hybrid_medium,1,6,175,50291,1,1,0.9447934031486511,1
C2_global_hybrid_medium,1,6,196,50325,1,1,0.05736257880926132,0
C2_global_hybrid_medium,1,6,205,50336,2,0,0.255026638507843,0
C2_global_hybrid_medium,1,6,219,50350,2,0,0.060597240924835205,0
C2_global_hybrid_medium,1,6,220,50351,2,0,0.05996464565396309,0
C2_global_hybrid_medium,1,6,223,50354,2,0,0.05751653388142586,0
C2_global_hybrid_medium,1,6,228,50359,2,0,0.0957920029759407,0
C2_global_hybrid_medium,1,6,229,50360,2,0,0.05873062089085579,0
C2_global_hybrid_medium,1,6,234,50365,2,0,0.05762595683336258,0
C2_global_hybrid_medium,1,6,239,50370,2,0,0.05784471333026886,0
C2_global_hybrid_medium,1,6,254,50388,2,0,0.057511650025844574,0
C2_global_hybrid_medium,1,6,260,50403,1,1,0.05736244097352028,0
C2_global_hybrid_medium,1,6,278,50424,2,0,0.057422127574682236,0
C2_global_hybrid_medium,1,6,290,50440,2,0,0.9455159902572632,1
C2_global_hybrid_medium,1,6,292,50442,2,0,0.06022180616855621,0
C2_global_hybrid_medium,1,6,299,50449,2,0,0.0593096986413002,0
C2_global_hybrid_medium,1,6,302,50466,2,0,0.05842822045087814,0
C2_global_hybrid_medium,1,6,321,50496,1,1,0.945492148399353,1
C2_global_hybrid_medium,1,6,340,50523,1,1,0.9443264603614807,1
C2_global_hybrid_medium,1,6,345,50528,1,1,0.9453991651535034,1
C2_global_hybrid_medium,1,6,357,50565,2,0,0.1433505266904831,0
C2_global_hybrid_medium,1,6,365,50575,2,0,0.05751056969165802,0
C2_global_hybrid_medium,1,6,372,50604,1,1,0.9443614482879639,1
C2_global_hybrid_medium,1,6,374,50607,1,1,0.05781932920217514,0
C2_global_hybrid_medium,1,6,379,50615,1,1,0.9455558061599731,1
C2_global_hybrid_medium,1,6,399,50664,2,0,0.057430315762758255,0
C2_global_hybrid_medium,1,6,426,50707,2,0,0.05837956815958023,0
C2_global_hybrid_medium,1,6,444,50741,2,0,0.05843154713511467,0
C2_global_hybrid_medium,1,6,467,50782,2,0,0.05743514746427536,0
C2_global_hybrid_medium,1,6,468,50783,2,0,0.05843844637274742,0
C2_global_hybrid_medium,1,6,470,50790,2,0,0.057853180915117264,0
C2_global_hybrid_medium,1,6,480,50807,1,1,0.945786714553833,1
C2_global_hybrid_medium,1,6,493,50955,1,1,0.05875532701611519,0
C2_global_hybrid_medium,1,6,499,50961,1,1,0.9459112882614136,1
C2_global_hybrid_medium,1,6,515,50981,1,1,0.9457242488861084,1
C2_global_hybrid_medium,1,6,518,50984,1,1,0.9452443718910217,1
C2_global_hybrid_medium,1,6,522,50988,1,1,0.9440818428993225,1
C2_global_hybrid_medium,1,6,523,50989,1,1,0.9453356862068176,1
C2_global_hybrid_medium,1,6,542,51011,1,1,0.9453288316726685,1
C2_global_hybrid_medium,1,6,556,51026,1,1,0.9456855654716492,1
C2_global_hybrid_medium,1,6,557,51027,1,1,0.20764878392219543,0
C2_global_hybrid_medium,1,6,567,51039,2,0,0.060236524790525436,0
C2_global_hybrid_medium,1,6,569,51041,2,0,0.060135215520858765,0
C2_global_hybrid_medium,1,6,573,51046,2,0,0.0700269415974617,0
C2_global_hybrid_medium,1,6,581,51054,2,0,0.05982167646288872,0
C2_global_hybrid_medium,1,6,582,51055,2,0,0.05952370539307594,0
C2_global_hybrid_medium,1,6,583,51056,2,0,0.06014410778880119,0
C2_global_hybrid_medium,1,6,601,51075,2,0,0.061213359236717224,0
C2_global_hybrid_medium,1,6,604,51078,2,0,0.060579631477594376,0
C2_global_hybrid_medium,1,6,624,51099,2,0,0.0579008013010025,0
C2_global_hybrid_medium,1,6,672,51156,2,0,0.0607709176838398,0
C2_global_hybrid_medium,1,6,707,51210,1,1,0.9434014558792114,1
C2_global_hybrid_medium,1,6,725,51230,1,1,0.9456837177276611,1
C2_global_hybrid_medium,1,6,739,51253,2,0,0.05734870955348015,0
C2_global_hybrid_medium,1,6,762,51281,2,0,0.06021805852651596,0
C2_global_hybrid_medium,1,6,773,51302,1,1,0.7281374931335449,1
C2_global_hybrid_medium,1,6,775,51304,2,0,0.05823836475610733,0
C2_global_hybrid_medium,1,6,785,51319,1,1,0.9449578523635864,1
C2_global_hybrid_medium,1,6,796,51331,1,1,0.9454309940338135,1
C2_global_hybrid_medium,1,6,810,51346,2,0,0.06056654825806618,0
C2_global_hybrid_medium,1,6,811,51347,2,0,0.05821572244167328,0
C2_global_hybrid_medium,1,6,812,51349,1,1,0.06059471145272255,0
C2_global_hybrid_medium,1,6,819,51360,2,0,0.09771771728992462,0
C2_global_hybrid_medium,1,6,844,51557,2,0,0.05996932089328766,0
C2_global_hybrid_medium,1,6,858,51573,1,1,0.31298789381980896,0
C2_global_hybrid_medium,1,6,864,51580,1,1,0.7469341158866882,1
C2_global_hybrid_medium,1,6,869,51606,1,1,0.17027410864830017,0
C2_global_hybrid_medium,1,7,22,50031,2,0,0.049895595759153366,0
C2_global_hybrid_medium,1,7,24,50033,2,0,0.05022323876619339,0
C2_global_hybrid_medium,1,7,29,50038,2,0,0.049507010728120804,0
C2_global_hybrid_medium,1,7,43,50052,2,0,0.2814459800720215,0
C2_global_hybrid_medium,1,7,50,50102,2,0,0.04939292371273041,0
C2_global_hybrid_medium,1,7,58,50112,2,0,0.049355145543813705,0
C2_global_hybrid_medium,1,7,62,50116,2,0,0.7573056221008301,1
C2_global_hybrid_medium,1,7,86,50150,1,1,0.050522580742836,0
C2_global_hybrid_medium,1,7,89,50156,1,1,0.9038301706314087,1
C2_global_hybrid_medium,1,7,93,50160,2,0,0.055762965232133865,0
C2_global_hybrid_medium,1,7,99,50168,2,0,0.05559086427092552,0
C2_global_hybrid_medium,1,7,121,50204,2,0,0.052017584443092346,0
C2_global_hybrid_medium,1,7,125,50210,2,0,0.05426613613963127,0
C2_global_hybrid_medium,1,7,127,50214,2,0,0.0533580407500267,0
C2_global_hybrid_medium,1,7,129,50217,2,0,0.04944369196891785,0
C2_global_hybrid_medium,1,7,133,50236,1,1,0.9063742756843567,1
C2_global_hybrid_medium,1,7,158,50267,2,0,0.05041874945163727,0
C2_global_hybrid_medium,1,7,162,50271,2,0,0.0641568973660469,0
C2_global_hybrid_medium,1,7,169,50282,1,1,0.8995152115821838,1
C2_global_hybrid_medium,1,7,183,50301,1,1,0.3710291087627411,0
C2_global_hybrid_medium,1,7,188,50312,1,1,0.8984813094139099,1
C2_global_hybrid_medium,1,7,211,50342,2,0,0.05246401205658913,0
C2_global_hybrid_medium,1,7,212,50343,2,0,0.8618696928024292,1
C2_global_hybrid_medium,1,7,238,50369,2,0,0.056302811950445175,0
C2_global_hybrid_medium,1,7,245,50377,2,0,0.050413280725479126,0
C2_global_hybrid_medium,1,7,251,50385,2,0,0.6130722165107727,1
C2_global_hybrid_medium,1,7,262,50405,1,1,0.9048627614974976,1
C2_global_hybrid_medium,1,7,266,50410,1,1,0.8157255053520203,1
C2_global_hybrid_medium,1,7,274,50418,2,0,0.05010247975587845,0
C2_global_hybrid_medium,1,7,300,50453,2,0,0.8219555020332336,1
C2_global_hybrid_medium,1,7,307,50477,1,1,0.8984178304672241,1
C2_global_hybrid_medium,1,7,317,50491,1,1,0.9037389755249023,1
C2_global_hybrid_medium,1,7,318,50492,1,1,0.903521716594696,1
C2_global_hybrid_medium,1,7,325,50500,1,1,0.7214708924293518,1
C2_global_hybrid_medium,1,7,346,50529,1,1,0.9053314924240112,1
C2_global_hybrid_medium,1,7,353,50557,2,0,0.05155189335346222,0
C2_global_hybrid_medium,1,7,354,50558,2,0,0.0821257159113884,0
C2_global_hybrid_medium,1,7,373,50606,1,1,0.39289653301239014,0
C2_global_hybrid_medium,1,7,375,50608,1,1,0.3763904571533203,0
C2_global_hybrid_medium,1,7,386,50624,1,1,0.9056603312492371,1
C2_global_hybrid_medium,1,7,395,50649,1,1,0.07240831106901169,0
C2_global_hybrid_medium,1,7,407,50688,2,0,0.05039776489138603,0
C2_global_hybrid_medium,1,7,418,50699,2,0,0.9063034653663635,1
C2_global_hybrid_medium,1,7,428,50709,2,0,0.04947151988744736,0
C2_global_hybrid_medium,1,7,450,50749,1,1,0.8921611905097961,1
C2_global_hybrid_medium,1,7,453,50752,1,1,0.6074361801147461,1
C2_global_hybrid_medium,1,7,456,50756,1,1,0.9007036685943604,1
C2_global_hybrid_medium,1,7,495,50957,1,1,0.4336632192134857,0
C2_global_hybrid_medium,1,7,510,50974,1,1,0.9057783484458923,1
C2_global_hybrid_medium,1,7,521,50987,1,1,0.9055579304695129,1
C2_global_hybrid_medium,1,7,554,51024,1,1,0.9046260118484497,1
C2_global_hybrid_medium,1,7,587,51060,2,0,0.6236476302146912,1
C2_global_hybrid_medium,1,7,593,51066,2,0,0.052029941231012344,0
C2_global_hybrid_medium,1,7,619,51094,2,0,0.05115467682480812,0
C2_global_hybrid_medium,1,7,620,51095,2,0,0.23607119917869568,0
C2_global_hybrid_medium,1,7,629,51104,2,0,0.05080127343535423,0
C2_global_hybrid_medium,1,7,634,51110,2,0,0.05180033668875694,0
C2_global_hybrid_medium,1,7,663,51147,2,0,0.04991757124662399,0
C2_global_hybrid_medium,1,7,667,51151,2,0,0.04967372864484787,0
C2_global_hybrid_medium,1,7,671,51155,2,0,0.04944458603858948,0
C2_global_hybrid_medium,1,7,673,51159,2,0,0.9049981832504272,1
C2_global_hybrid_medium,1,7,676,51163,1,1,0.5224463939666748,1
C2_global_hybrid_medium,1,7,682,51173,1,1,0.9041183590888977,1
C2_global_hybrid_medium,1,7,683,51177,1,1,0.8509131073951721,1
C2_global_hybrid_medium,1,7,684,51178,1,1,0.9054799675941467,1
C2_global_hybrid_medium,1,7,695,51192,2,0,0.05016111955046654,0
C2_global_hybrid_medium,1,7,704,51206,1,1,0.5946187376976013,1
C2_global_hybrid_medium,1,7,710,51214,1,1,0.9037579298019409,1
C2_global_hybrid_medium,1,7,717,51221,1,1,0.9030846953392029,1
C2_global_hybrid_medium,1,7,720,51224,1,1,0.9018968343734741,1
C2_global_hybrid_medium,1,7,724,51229,1,1,0.9058830738067627,1
C2_global_hybrid_medium,1,7,736,51250,2,0,0.0518123060464859,0
C2_global_hybrid_medium,1,7,759,51278,2,0,0.20804792642593384,0
C2_global_hybrid_medium,1,7,760,51279,2,0,0.050582822412252426,0
C2_global_hybrid_medium,1,7,764,51292,1,1,0.9021216630935669,1
C2_global_hybrid_medium,1,7,774,51303,2,0,0.05043119192123413,0
C2_global_hybrid_medium,1,7,784,51318,1,1,0.1726846694946289,0
C2_global_hybrid_medium,1,7,799,51334,2,0,0.04936673864722252,0
C2_global_hybrid_medium,1,7,807,51343,2,0,0.050927210599184036,0
C2_global_hybrid_medium,1,7,820,51361,2,0,0.05055571720004082,0
C2_global_hybrid_medium,1,7,827,51373,2,0,0.04942954704165459,0
C2_global_hybrid_medium,1,7,828,51461,1,1,0.9047117829322815,1
C2_global_hybrid_medium,1,7,830,51464,1,1,0.9041035175323486,1
C2_global_hybrid_medium,1,7,831,51465,1,1,0.90636146068573,1
C2_global_hybrid_medium,1,7,833,51477,2,0,0.04992245137691498,0
C2_global_hybrid_medium,1,7,857,51572,1,1,0.9030908942222595,1
C2_global_hybrid_medium,1,7,866,51583,1,1,0.9013931155204773,1
C2_global_hybrid_medium,1,8,5,50008,1,1,0.6851074695587158,1
C2_global_hybrid_medium,1,8,7,50011,1,1,0.6945753693580627,1
C2_global_hybrid_medium,1,8,10,50014,1,1,0.6945046782493591,1
C2_global_hybrid_medium,1,8,14,50022,1,1,0.2897774875164032,0
C2_global_hybrid_medium,1,8,16,50024,1,1,0.691565752029419,1
C2_global_hybrid_medium,1,8,35,50044,2,0,0.2927655577659607,0
C2_global_hybrid_medium,1,8,42,50051,2,0,0.5741185545921326,1
C2_global_hybrid_medium,1,8,49,50060,2,0,0.3395216464996338,0
C2_global_hybrid_medium,1,8,52,50104,2,0,0.286885142326355,0
C2_global_hybrid_medium,1,8,56,50109,2,0,0.4108612835407257,0
C2_global_hybrid_medium,1,8,65,50119,1,1,0.286972314119339,0
C2_global_hybrid_medium,1,8,67,50123,1,1,0.6938914656639099,1
C2_global_hybrid_medium,1,8,101,50170,2,0,0.4351206421852112,0
C2_global_hybrid_medium,1,8,103,50182,1,1,0.6881682872772217,1
C2_global_hybrid_medium,1,8,104,50183,1,1,0.6709848642349243,1
C2_global_hybrid_medium,1,8,106,50186,1,1,0.6922734975814819,1
C2_global_hybrid_medium,1,8,117,50200,2,0,0.2960056662559509,0
C2_global_hybrid_medium,1,8,118,50201,2,0,0.28659123182296753,0
C2_global_hybrid_medium,1,8,143,50250,1,1,0.3365688920021057,0
C2_global_hybrid_medium,1,8,146,50253,1,1,0.6643472909927368,1
C2_global_hybrid_medium,1,8,164,50273,1,1,0.6935874819755554,1
C2_global_hybrid_medium,1,8,171,50285,1,1,0.442253440618515,0
C2_global_hybrid_medium,1,8,184,50302,1,1,0.6945427060127258,1
C2_global_hybrid_medium,1,8,187,50310,1,1,0.6842103004455566,1
C2_global_hybrid_medium,1,8,194,50321,1,1,0.6947431564331055,1
C2_global_hybrid_medium,1,8,198,50329,2,0,0.3315563201904297,0
C2_global_hybrid_medium,1,8,214,50345,2,0,0.28716397285461426,0
C2_global_hybrid_medium,1,8,227,50358,2,0,0.31586843729019165,0
C2_global_hybrid_medium,1,8,231,50362,2,0,0.33470475673675537,0
C2_global_hybrid_medium,1,8,244,50376,2,0,0.6256703734397888,1
C2_global_hybrid_medium,1,8,263,50406,1,1,0.6947072744369507,1
C2_global_hybrid_medium,1,8,268,50412,1,1,0.6939828395843506,1
C2_global_hybrid_medium,1,8,270,50414,2,0,0.506541907787323,1
C2_global_hybrid_medium,1,8,281,50427,2,0,0.2888735234737396,0
C2_global_hybrid_medium,1,8,298,50448,2,0,0.5417799949645996,1
C2_global_hybrid_medium,1,8,309,50481,1,1,0.6946936249732971,1
C2_global_hybrid_medium,1,8,314,50487,1,1,0.6916666030883789,1
C2_global_hybrid_medium,1,8,358,50568,2,0,0.5848597884178162,1
C2_global_hybrid_medium,1,8,366,50576,2,0,0.2866441011428833,0
C2_global_hybrid_medium,1,8,369,50601,1,1,0.4677802324295044,0
C2_global_hybrid_medium,1,8,381,50619,1,1,0.694674551486969,1
C2_global_hybrid_medium,1,8,404,50685,2,0,0.38261109590530396,0
C2_global_hybrid_medium,1,8,419,50700,1,1,0.694467306137085,1
C2_global_hybrid_medium,1,8,420,50701,2,0,0.3631172180175781,0
C2_global_hybrid_medium,1,8,432,50724,2,0,0.2865650951862335,0
C2_global_hybrid_medium,1,8,440,50737,2,0,0.33788082003593445,0
C2_global_hybrid_medium,1,8,454,50754,1,1,0.694517195224762,1
C2_global_hybrid_medium,1,8,462,50776,2,0,0.2869722545146942,0
C2_global_hybrid_medium,1,8,471,50791,1,1,0.678933322429657,1
C2_global_hybrid_medium,1,8,482,50814,2,0,0.3725505471229553,0
C2_global_hybrid_medium,1,8,508,50972,1,1,0.6945282220840454,1
C2_global_hybrid_medium,1,8,525,50991,1,1,0.30914294719696045,0
C2_global_hybrid_medium,1,8,527,50993,1,1,0.6926027536392212,1
C2_global_hybrid_medium,1,8,532,50999,1,1,0.68580162525177,1
C2_global_hybrid_medium,1,8,544,51013,1,1,0.6942436695098877,1
C2_global_hybrid_medium,1,8,559,51029,1,1,0.4919540584087372,0
C2_global_hybrid_medium,1,8,576,51049,2,0,0.29696905612945557,0
C2_global_hybrid_medium,1,8,596,51069,2,0,0.2880110740661621,0
C2_global_hybrid_medium,1,8,627,51102,2,0,0.3496909737586975,0
C2_global_hybrid_medium,1,8,632,51107,2,0,0.6890684962272644,1
C2_global_hybrid_medium,1,8,635,51111,2,0,0.4213331937789917,0
C2_global_hybrid_medium,1,8,638,51114,2,0,0.5235912799835205,1
C2_global_hybrid_medium,1,8,642,51122,2,0,0.28798672556877136,0
C2_global_hybrid_medium,1,8,644,51124,2,0,0.2886944115161896,0
C2_global_hybrid_medium,1,8,656,51137,2,0,0.28954988718032837,0
C2_global_hybrid_medium,1,8,670,51154,2,0,0.437992125749588,0
C2_global_hybrid_medium,1,8,694,51189,2,0,0.37569382786750793,0
C2_global_hybrid_medium,1,8,701,51203,1,1,0.6934769749641418,1
C2_global_hybrid_medium,1,8,711,51215,1,1,0.40705782175064087,0
C2_global_hybrid_medium,1,8,730,51237,1,1,0.6946889758110046,1
C2_global_hybrid_medium,1,8,733,51241,1,1,0.6881968379020691,1
C2_global_hybrid_medium,1,8,745,51261,2,0,0.32648128271102905,0
C2_global_hybrid_medium,1,8,747,51264,2,0,0.28835994005203247,0
C2_global_hybrid_medium,1,8,758,51277,2,0,0.36551815271377563,0
C2_global_hybrid_medium,1,8,777,51306,2,0,0.6639814972877502,1
C2_global_hybrid_medium,1,8,783,51315,2,0,0.4849724769592285,0
C2_global_hybrid_medium,1,8,786,51320,1,1,0.694687008857727,1
C2_global_hybrid_medium,1,8,788,51322,1,1,0.45426082611083984,0
C2_global_hybrid_medium,1,8,790,51325,1,1,0.6326476335525513,1
C2_global_hybrid_medium,1,8,791,51326,1,1,0.4901876747608185,0
C2_global_hybrid_medium,1,8,797,51332,2,0,0.28713154792785645,0
C2_global_hybrid_medium,1,8,801,51336,2,0,0.2866343855857849,0
C2_global_hybrid_medium,1,8,802,51338,2,0,0.6732915639877319,1
C2_global_hybrid_medium,1,8,816,51356,2,0,0.6522766351699829,1
C2_global_hybrid_medium,1,8,824,51365,2,0,0.2944859564304352,0
C2_global_hybrid_medium,1,8,825,51369,2,0,0.33299580216407776,0
C2_global_hybrid_medium,1,8,839,51487,2,0,0.328836590051651,0
C2_global_hybrid_medium,1,9,0,50003,1,1,0.7397400736808777,1
C2_global_hybrid_medium,1,9,44,50053,1,1,0.7980629205703735,1
C2_global_hybrid_medium,1,9,51,50103,2,0,0.8119066953659058,1
C2_global_hybrid_medium,1,9,83,50147,1,1,0.8551757335662842,1
C2_global_hybrid_medium,1,9,96,50163,2,0,0.16341088712215424,0
C2_global_hybrid_medium,1,9,110,50190,1,1,0.9106335639953613,1
C2_global_hybrid_medium,1,9,116,50199,2,0,0.15199077129364014,0
C2_global_hybrid_medium,1,9,136,50240,1,1,0.9121919274330139,1
C2_global_hybrid_medium,1,9,155,50264,2,0,0.26699039340019226,0
C2_global_hybrid_medium,1,9,157,50266,2,0,0.15203019976615906,0
C2_global_hybrid_medium,1,9,161,50270,2,0,0.15802815556526184,0
C2_global_hybrid_medium,1,9,178,50294,1,1,0.9118161201477051,1
C2_global_hybrid_medium,1,9,180,50297,1,1,0.6790386438369751,1
C2_global_hybrid_medium,1,9,181,50298,1,1,0.896786093711853,1
C2_global_hybrid_medium,1,9,182,50300,1,1,0.1585063487291336,0
C2_global_hybrid_medium,1,9,197,50327,2,0,0.15850549936294556,0
C2_global_hybrid_medium,1,9,202,50333,2,0,0.1539236307144165,0
C2_global_hybrid_medium,1,9,208,50339,2,0,0.15284626185894012,0
C2_global_hybrid_medium,1,9,237,50368,2,0,0.15159006416797638,0
C2_global_hybrid_medium,1,9,247,50380,2,0,0.3794499635696411,0
C2_global_hybrid_medium,1,9,249,50382,2,0,0.15388533473014832,0
C2_global_hybrid_medium,1,9,257,50397,1,1,0.8524545431137085,1
C2_global_hybrid_medium,1,9,267,50411,1,1,0.91209876537323,1
C2_global_hybrid_medium,1,9,287,50437,2,0,0.9120801687240601,1
C2_global_hybrid_medium,1,9,294,50444,2,0,0.2128274291753769,0
C2_global_hybrid_medium,1,9,297,50447,2,0,0.29715216159820557,0
C2_global_hybrid_medium,1,9,310,50482,1,1,0.9103778600692749,1
C2_global_hybrid_medium,1,9,320,50494,1,1,0.739255964756012,1
C2_global_hybrid_medium,1,9,341,50524,1,1,0.9087181687355042,1
C2_global_hybrid_medium,1,9,352,50555,2,0,0.15336719155311584,0
C2_global_hybrid_medium,1,9,377,50613,1,1,0.9094941020011902,1
C2_global_hybrid_medium,1,9,378,50614,1,1,0.9111292958259583,1
C2_global_hybrid_medium,1,9,396,50654,1,1,0.35232627391815186,0
C2_global_hybrid_medium,1,9,400,50665,2,0,0.2819090187549591,0
C2_global_hybrid_medium,1,9,406,50687,2,0,0.8846819996833801,1
C2_global_hybrid_medium,1,9,409,50690,1,1,0.16208383440971375,0
C2_global_hybrid_medium,1,9,423,50704,1,1,0.8744537830352783,1
C2_global_hybrid_medium,1,9,424,50705,1,1,0.8187429904937744,1
C2_global_hybrid_medium,1,9,427,50708,1,1,0.9091319441795349,1
C2_global_hybrid_medium,1,9,434,50726,2,0,0.17451147735118866,0
C2_global_hybrid_medium,1,9,442,50739,2,0,0.7588537931442261,1
C2_global_hybrid_medium,1,9,452,50751,1,1,0.8973187804222107,1
C2_global_hybrid_medium,1,9,459,50773,2,0,0.33895009756088257,0
C2_global_hybrid_medium,1,9,463,50777,2,0,0.18108868598937988,0
C2_global_hybrid_medium,1,9,479,50803,1,1,0.9117594957351685,1
C2_global_hybrid_medium,1,9,488,50822,2,0,0.1561906486749649,0
C2_global_hybrid_medium,1,9,491,50952,1,1,0.9118883013725281,1
C2_global_hybrid_medium,1,9,500,50962,1,1,0.5989490747451782,1
C2_global_hybrid_medium,1,9,512,50977,1,1,0.9111689925193787,1
C2_global_hybrid_medium,1,9,520,50986,1,1,0.15491077303886414,0
C2_global_hybrid_medium,1,9,526,50992,1,1,0.8193226456642151,1
C2_global_hybrid_medium,1,9,534,51001,1,1,0.9099924564361572,1
C2_global_hybrid_medium,1,9,540,51009,1,1,0.9081607460975647,1
C2_global_hybrid_medium,1,9,552,51021,1,1,0.9120655655860901,1
C2_global_hybrid_medium,1,9,561,51032,1,1,0.9093522429466248,1
C2_global_hybrid_medium,1,9,563,51034,1,1,0.9117454886436462,1
C2_global_hybrid_medium,1,9,565,51036,2,0,0.15150730311870575,0
C2_global_hybrid_medium,1,9,578,51051,2,0,0.1547996550798416,0
C2_global_hybrid_medium,1,9,591,51064,2,0,0.7175187468528748,1
C2_global_hybrid_medium,1,9,595,51068,2,0,0.893750786781311,1
C2_global_hybrid_medium,1,9,602,51076,2,0,0.15773910284042358,0
C2_global_hybrid_medium,1,9,612,51086,2,0,0.1520710438489914,0
C2_global_hybrid_medium,1,9,622,51097,2,0,0.15458446741104126,0
C2_global_hybrid_medium,1,9,625,51100,2,0,0.36355823278427124,0
C2_global_hybrid_medium,1,9,631,51106,2,0,0.15155623853206635,0
C2_global_hybrid_medium,1,9,640,51117,2,0,0.20737449824810028,0
C2_global_hybrid_medium,1,9,643,51123,2,0,0.1831430196762085,0
C2_global_hybrid_medium,1,9,657,51138,2,0,0.15240588784217834,0
C2_global_hybrid_medium,1,9,679,51169,1,1,0.7972633838653564,1
C2_global_hybrid_medium,1,9,692,51187,2,0,0.19800348579883575,0
C2_global_hybrid_medium,1,9,693,51188,2,0,0.15666425228118896,0
C2_global_hybrid_medium,1,9,709,51212,1,1,0.9058972597122192,1
C2_global_hybrid_medium,1,9,715,51219,1,1,0.9058213829994202,1
C2_global_hybrid_medium,1,9,732,51240,1,1,0.908146858215332,1
C2_global_hybrid_medium,1,9,743,51257,2,0,0.906178891658783,1
C2_global_hybrid_medium,1,9,781,51311,2,0,0.1516565978527069,0
C2_global_hybrid_medium,1,9,795,51330,1,1,0.9118601679801941,1
C2_global_hybrid_medium,1,9,798,51333,2,0,0.15152117609977722,0
C2_global_hybrid_medium,1,9,809,51345,2,0,0.1596369445323944,0
C2_global_hybrid_medium,1,9,818,51359,2,0,0.9120715856552124,1
C2_global_hybrid_medium,1,9,822,51363,2,0,0.21294155716896057,0
C2_global_hybrid_medium,1,9,829,51463,1,1,0.9109086990356445,1
C2_global_hybrid_medium,1,9,837,51482,2,0,0.15866902470588684,0
C2_global_hybrid_medium,1,9,840,51488,2,0,0.24153634905815125,0
C2_global_hybrid_medium,1,9,843,51556,2,0,0.30813002586364746,0
C2_global_hybrid_medium,1,9,851,51565,2,0,0.15242807567119598,0
C2_global_hybrid_medium,1,9,862,51578,1,1,0.9035257697105408,1
C2_global_hybrid_medium,1,10,2,50005,1,1,0.9148154258728027,1
C2_global_hybrid_medium,1,10,11,50015,1,1,0.9459871053695679,1
C2_global_hybrid_medium,1,10,18,50026,1,1,0.9347238540649414,1
C2_global_hybrid_medium,1,10,19,50027,1,1,0.10757932811975479,0
C2_global_hybrid_medium,1,10,20,50028,1,1,0.9470880627632141,1
C2_global_hybrid_medium,1,10,27,50036,2,0,0.05766643211245537,0
C2_global_hybrid_medium,1,10,36,50045,2,0,0.8045470118522644,1
C2_global_hybrid_medium,1,10,38,50047,2,0,0.1509747952222824,0
C2_global_hybrid_medium,1,10,55,50107,2,0,0.09469825774431229,0
C2_global_hybrid_medium,1,10,63,50117,2,0,0.05749722942709923,0
C2_global_hybrid_medium,1,10,66,50121,1,1,0.9474375247955322,1
C2_global_hybrid_medium,1,10,72,50129,1,1,0.9472057819366455,1
C2_global_hybrid_medium,1,10,85,50149,1,1,0.9476791024208069,1
C2_global_hybrid_medium,1,10,98,50167,2,0,0.06002267450094223,0
C2_global_hybrid_medium,1,10,108,50188,1,1,0.056247908622026443,0
C2_global_hybrid_medium,1,10,113,50195,2,0,0.054724689573049545,0
C2_global_hybrid_medium,1,10,114,50196,2,0,0.1204889640212059,0
C2_global_hybrid_medium,1,10,126,50213,2,0,0.06284618377685547,0
C2_global_hybrid_medium,1,10,132,50234,1,1,0.9420163035392761,1
C2_global_hybrid_medium,1,10,141,50248,1,1,0.9476757645606995,1
C2_global_hybrid_medium,1,10,145,50252,1,1,0.8368042707443237,1
C2_global_hybrid_medium,1,10,152,50261,2,0,0.9437628984451294,1
C2_global_hybrid_medium,1,10,156,50265,2,0,0.055634498596191406,0
C2_global_hybrid_medium,1,10,163,50272,1,1,0.9440416693687439,1
C2_global_hybrid_medium,1,10,176,50292,1,1,0.9464341998100281,1
C2_global_hybrid_medium,1,10,190,50315,1,1,0.9465621709823608,1
C2_global_hybrid_medium,1,10,200,50331,2,0,0.36271947622299194,0
C2_global_hybrid_medium,1,10,225,50356,2,0,0.05688308924436569,0
C2_global_hybrid_medium,1,10,235,50366,2,0,0.05751224234700203,0
C2_global_hybrid_medium,1,10,240,50372,2,0,0.05463702976703644,0
C2_global_hybrid_medium,1,10,246,50379,2,0,0.05674879625439644,0
C2_global_hybrid_medium,1,10,265,50408,1,1,0.0614389069378376,0
C2_global_hybrid_medium,1,10,275,50419,2,0,0.05789501592516899,0
C2_global_hybrid_medium,1,10,279,50425,2,0,0.05451957881450653,0
C2_global_hybrid_medium,1,10,285,50435,2,0,0.05725783109664917,0
C2_global_hybrid_medium,1,10,308,50480,1,1,0.9462899565696716,1
C2_global_hybrid_medium,1,10,315,50488,1,1,0.945563793182373,1
C2_global_hybrid_medium,1,10,319,50493,1,1,0.9439584612846375,1
C2_global_hybrid_medium,1,10,348,50531,1,1,0.9446945786476135,1
C2_global_hybrid_medium,1,10,361,50571,2,0,0.45385146141052246,0
C2_global_hybrid_medium,1,10,376,50612,1,1,0.4709896147251129,0
C2_global_hybrid_medium,1,10,388,50626,1,1,0.9473633766174316,1
C2_global_hybrid_medium,1,10,393,50647,1,1,0.9458149671554565,1
C2_global_hybrid_medium,1,10,397,50656,2,0,0.45185884833335876,0
C2_global_hybrid_medium,1,10,405,50686,1,1,0.9467248320579529,1
C2_global_hybrid_medium,1,10,414,50695,1,1,0.26223060488700867,0
C2_global_hybrid_medium,1,10,448,50745,1,1,0.9465529918670654,1
C2_global_hybrid_medium,1,10,461,50775,2,0,0.05458410084247589,0
C2_global_hybrid_medium,1,10,464,50778,2,0,0.05460751801729202,0
C2_global_hybrid_medium,1,10,466,50781,2,0,0.20812004804611206,0
C2_global_hybrid_medium,1,10,476,50799,1,1,0.9391998052597046,1
C2_global_hybrid_medium,1,10,478,50801,1,1,0.8212909698486328,1
C2_global_hybrid_medium,1,10,486,50820,2,0,0.0600212886929512,0
C2_global_hybrid_medium,1,10,489,50823,1,1,0.9116562604904175,1
C2_global_hybrid_medium,1,10,490,50824,1,1,0.6011683344841003,1
C2_global_hybrid_medium,1,10,519,50985,1,1,0.944559633731842,1
C2_global_hybrid_medium,1,10,568,51040,2,0,0.0582553893327713,0
C2_global_hybrid_medium,1,10,570,51042,2,0,0.05810323730111122,0
C2_global_hybrid_medium,1,10,579,51052,2,0,0.05613325908780098,0
C2_global_hybrid_medium,1,10,586,51059,2,0,0.05890766903758049,0
C2_global_hybrid_medium,1,10,589,51062,2,0,0.05859985575079918,0
C2_global_hybrid_medium,1,10,606,51080,2,0,0.9471330046653748,1
C2_global_hybrid_medium,1,10,609,51083,2,0,0.9474501609802246,1
C2_global_hybrid_medium,1,10,611,51085,2,0,0.9474119544029236,1
C2_global_hybrid_medium,1,10,652,51133,2,0,0.290487140417099,0
C2_global_hybrid_medium,1,10,665,51149,2,0,0.05773411691188812,0
C2_global_hybrid_medium,1,10,677,51164,1,1,0.9474286437034607,1
C2_global_hybrid_medium,1,10,688,51182,2,0,0.05456607788801193,0
C2_global_hybrid_medium,1,10,700,51202,1,1,0.9443787932395935,1
C2_global_hybrid_medium,1,10,705,51207,1,1,0.9464166760444641,1
C2_global_hybrid_medium,1,10,721,51225,1,1,0.4736461937427521,0
C2_global_hybrid_medium,1,10,740,51254,2,0,0.056002575904130936,0
C2_global_hybrid_medium,1,10,748,51265,2,0,0.06238672137260437,0
C2_global_hybrid_medium,1,10,749,51266,2,0,0.4263179302215576,0
C2_global_hybrid_medium,1,10,756,51275,2,0,0.05859401822090149,0
C2_global_hybrid_medium,1,10,766,51294,1,1,0.6538169980049133,1
C2_global_hybrid_medium,1,10,768,51297,1,1,0.9470475316047668,1
C2_global_hybrid_medium,1,10,772,51301,1,1,0.4446024000644684,0
C2_global_hybrid_medium,1,10,779,51308,2,0,0.062350720167160034,0
C2_global_hybrid_medium,1,10,780,51309,2,0,0.9443899393081665,1
C2_global_hybrid_medium,1,10,782,51313,2,0,0.06000332906842232,0
C2_global_hybrid_medium,1,10,800,51335,2,0,0.11761270463466644,0
C2_global_hybrid_medium,1,10,834,51479,2,0,0.05463637411594391,0
C2_global_hybrid_medium,1,10,850,51564,2,0,0.057595763355493546,0
C2_global_hybrid_medium,1,10,853,51567,2,0,0.05461697280406952,0
C2_global_hybrid_medium,1,10,865,51582,1,1,0.9475440979003906,1
C2_global_hybrid_medium,1,10,868,51585,1,1,0.9472736120223999,1
C2_global_hybrid_medium,2,1,0,50003,1,1,0.7949948310852051,1
C2_global_hybrid_medium,2,1,7,50011,1,1,0.8627294898033142,1
C2_global_hybrid_medium,2,1,35,50044,2,0,0.11724571883678436,0
C2_global_hybrid_medium,2,1,39,50048,2,0,0.8353695869445801,1
C2_global_hybrid_medium,2,1,45,50054,2,0,0.8655487895011902,1
C2_global_hybrid_medium,2,1,48,50059,2,0,0.8452437520027161,1
C2_global_hybrid_medium,2,1,53,50105,2,0,0.8189347982406616,1
C2_global_hybrid_medium,2,1,55,50107,2,0,0.8159912824630737,1
C2_global_hybrid_medium,2,1,72,50129,1,1,0.8649235963821411,1
C2_global_hybrid_medium,2,1,73,50130,1,1,0.8649176359176636,1
C2_global_hybrid_medium,2,1,78,50142,1,1,0.8656317591667175,1
C2_global_hybrid_medium,2,1,81,50145,1,1,0.6431358456611633,1
C2_global_hybrid_medium,2,1,86,50150,1,1,0.160769984126091,0
C2_global_hybrid_medium,2,1,95,50162,2,0,0.12535816431045532,0
C2_global_hybrid_medium,2,1,127,50214,2,0,0.12102960795164108,0
C2_global_hybrid_medium,2,1,138,50243,1,1,0.8643330335617065,1
C2_global_hybrid_medium,2,1,144,50251,1,1,0.8148161172866821,1
C2_global_hybrid_medium,2,1,149,50257,2,0,0.12291543930768967,0
C2_global_hybrid_medium,2,1,176,50292,1,1,0.8651509284973145,1
C2_global_hybrid_medium,2,1,182,50300,1,1,0.2996307611465454,0
C2_global_hybrid_medium,2,1,192,50319,1,1,0.8656870126724243,1
C2_global_hybrid_medium,2,1,193,50320,1,1,0.8656095862388611,1
C2_global_hybrid_medium,2,1,204,50335,2,0,0.12231241166591644,0
C2_global_hybrid_medium,2,1,205,50336,2,0,0.8524830341339111,1
C2_global_hybrid_medium,2,1,231,50362,2,0,0.12016856670379639,0
C2_global_hybrid_medium,2,1,234,50365,2,0,0.11588730663061142,0
C2_global_hybrid_medium,2,1,242,50374,2,0,0.5139148235321045,1
C2_global_hybrid_medium,2,1,247,50380,2,0,0.6385214328765869,1
C2_global_hybrid_medium,2,1,248,50381,2,0,0.2645905017852783,0
C2_global_hybrid_medium,2,1,253,50387,2,0,0.1210777759552002,0
C2_global_hybrid_medium,2,1,259,50402,1,1,0.4671918749809265,0
C2_global_hybrid_medium,2,1,285,50435,2,0,0.2146892100572586,0
C2_global_hybrid_medium,2,1,286,50436,2,0,0.8615512847900391,1
C2_global_hybrid_medium,2,1,295,50445,2,0,0.1185440793633461,0
C2_global_hybrid_medium,2,1,300,50453,2,0,0.8640114068984985,1
C2_global_hybrid_medium,2,1,307,50477,1,1,0.8656032681465149,1
C2_global_hybrid_medium,2,1,329,50504,1,1,0.8611620664596558,1
C2_global_hybrid_medium,2,1,345,50528,1,1,0.8627302050590515,1
C2_global_hybrid_medium,2,1,348,50531,1,1,0.8623641729354858,1
C2_global_hybrid_medium,2,1,357,50565,2,0,0.4335535168647766,0
C2_global_hybrid_medium,2,1,359,50569,2,0,0.6766465306282043,1
C2_global_hybrid_medium,2,1,360,50570,2,0,0.1158815249800682,0
C2_global_hybrid_medium,2,1,369,50601,1,1,0.39643168449401855,0
C2_global_hybrid_medium,2,1,374,50607,1,1,0.1171855479478836,0
C2_global_hybrid_medium,2,1,385,50623,1,1,0.8531226515769958,1
C2_global_hybrid_medium,2,1,405,50686,1,1,0.8609606027603149,1
C2_global_hybrid_medium,2,1,411,50692,2,0,0.11782929301261902,0
C2_global_hybrid_medium,2,1,412,50693,1,1,0.40918171405792236,0
C2_global_hybrid_medium,2,1,425,50706,2,0,0.4571157395839691,0
C2_global_hybrid_medium,2,1,432,50724,2,0,0.11704317480325699,0
C2_global_hybrid_medium,2,1,466,50781,2,0,0.8575501441955566,1
C2_global_hybrid_medium,2,1,468,50783,2,0,0.11607910692691803,0
C2_global_hybrid_medium,2,1,471,50791,1,1,0.8575693368911743,1
C2_global_hybrid_medium,2,1,484,50817,2,0,0.11622778326272964,0
C2_global_hybrid_medium,2,1,495,50957,1,1,0.8644897937774658,1
C2_global_hybrid_medium,2,1,505,50968,1,1,0.861790120601654,1
C2_global_hybrid_medium,2,1,506,50969,1,1,0.8649076223373413,1
C2_global_hybrid_medium,2,1,513,50978,1,1,0.8639614582061768,1
C2_global_hybrid_medium,2,1,526,50992,1,1,0.8540087938308716,1
C2_global_hybrid_medium,2,1,532,50999,1,1,0.8631772994995117,1
C2_global_hybrid_medium,2,1,555,51025,1,1,0.8656630516052246,1
C2_global_hybrid_medium,2,1,556,51026,1,1,0.8649634718894958,1
C2_global_hybrid_medium,2,1,566,51038,2,0,0.23302887380123138,0
C2_global_hybrid_medium,2,1,575,51048,2,0,0.1347450613975525,0
C2_global_hybrid_medium,2,1,585,51058,2,0,0.1176886335015297,0
C2_global_hybrid_medium,2,1,596,51069,2,0,0.11607124656438828,0
C2_global_hybrid_medium,2,1,603,51077,2,0,0.6384279727935791,1
C2_global_hybrid_medium,2,1,612,51086,2,0,0.11676175147294998,0
C2_global_hybrid_medium,2,1,653,51134,2,0,0.12824803590774536,0
C2_global_hybrid_medium,2,1,684,51178,1,1,0.864913284778595,1
C2_global_hybrid_medium,2,1,686,51180,2,0,0.5595955848693848,1
C2_global_hybrid_medium,2,1,687,51181,2,0,0.7894262671470642,1
C2_global_hybrid_medium,2,1,695,51192,2,0,0.11587653309106827,0
C2_global_hybrid_medium,2,1,710,51214,1,1,0.8634684085845947,1
C2_global_hybrid_medium,2,1,716,51220,1,1,0.865617573261261,1
C2_global_hybrid_medium,2,1,721,51225,1,1,0.8634232878684998,1
C2_global_hybrid_medium,2,1,749,51266,2,0,0.8649370670318604,1
C2_global_hybrid_medium,2,1,750,51267,2,0,0.19288787245750427,0
C2_global_hybrid_medium,2,1,771,51300,1,1,0.8651331067085266,1
C2_global_hybrid_medium,2,1,792,51327,1,1,0.8631727695465088,1
C2_global_hybrid_medium,2,1,793,51328,1,1,0.8608934879302979,1
C2_global_hybrid_medium,2,1,806,51342,2,0,0.13473744690418243,0
C2_global_hybrid_medium,2,1,808,51344,2,0,0.5272271633148193,1
C2_global_hybrid_medium,2,1,816,51356,2,0,0.8652600049972534,1
C2_global_hybrid_medium,2,1,823,51364,2,0,0.5037005543708801,1
C2_global_hybrid_medium,2,1,837,51482,2,0,0.12187065929174423,0
C2_global_hybrid_medium,2,1,867,51584,1,1,0.865598201751709,1
C2_global_hybrid_medium,2,1,869,51606,1,1,0.13169589638710022,0
C2_global_hybrid_medium,2,2,2,50005,1,1,0.7981834411621094,1
C2_global_hybrid_medium,2,2,6,50010,1,1,0.8086996078491211,1
C2_global_hybrid_medium,2,2,10,50014,1,1,0.8109373450279236,1
C2_global_hybrid_medium,2,2,24,50033,2,0,0.11851652711629868,0
C2_global_hybrid_medium,2,2,30,50039,2,0,0.6835153698921204,1
C2_global_hybrid_medium,2,2,67,50123,1,1,0.8110767006874084,1
C2_global_hybrid_medium,2,2,76,50134,1,1,0.747151792049408,1
C2_global_hybrid_medium,2,2,79,50143,1,1,0.8114274144172668,1
C2_global_hybrid_medium,2,2,92,50159,2,0,0.8079838752746582,1
C2_global_hybrid_medium,2,2,98,50167,2,0,0.1224517673254013,0
C2_global_hybrid_medium,2,2,101,50170,2,0,0.13520099222660065,0
C2_global_hybrid_medium,2,2,115,50198,2,0,0.1494131088256836,0
C2_global_hybrid_medium,2,2,129,50217,2,0,0.11837363988161087,0
C2_global_hybrid_medium,2,2,140,50247,1,1,0.8097156286239624,1
C2_global_hybrid_medium,2,2,153,50262,2,0,0.11919404566287994,0
C2_global_hybrid_medium,2,2,155,50264,2,0,0.13868296146392822,0
C2_global_hybrid_medium,2,2,164,50273,1,1,0.8113911151885986,1
C2_global_hybrid_medium,2,2,169,50282,1,1,0.6127493977546692,1
C2_global_hybrid_medium,2,2,180,50297,1,1,0.21231387555599213,0
C2_global_hybrid_medium,2,2,187,50310,1,1,0.8047385811805725,1
C2_global_hybrid_medium,2,2,202,50333,2,0,0.15295098721981049,0
C2_global_hybrid_medium,2,2,212,50343,2,0,0.3542618453502655,0
C2_global_hybrid_medium,2,2,217,50348,2,0,0.122412770986557,0
C2_global_hybrid_medium,2,2,228,50359,2,0,0.1528707593679428,0
C2_global_hybrid_medium,2,2,246,50379,2,0,0.11875084042549133,0
C2_global_hybrid_medium,2,2,251,50385,2,0,0.7532532811164856,1
C2_global_hybrid_medium,2,2,277,50422,2,0,0.7432135343551636,1
C2_global_hybrid_medium,2,2,280,50426,2,0,0.11920993030071259,0
C2_global_hybrid_medium,2,2,281,50427,2,0,0.11841005086898804,0
C2_global_hybrid_medium,2,2,288,50438,2,0,0.11867942661046982,0
C2_global_hybrid_medium,2,2,293,50443,2,0,0.1797550916671753,0
C2_global_hybrid_medium,2,2,326,50501,1,1,0.8114317655563354,1
C2_global_hybrid_medium,2,2,336,50518,1,1,0.8095160126686096,1
C2_global_hybrid_medium,2,2,340,50523,1,1,0.8111487030982971,1
C2_global_hybrid_medium,2,2,352,50555,2,0,0.11868830770254135,0
C2_global_hybrid_medium,2,2,354,50558,2,0,0.11865846067667007,0
C2_global_hybrid_medium,2,2,373,50606,1,1,0.7936281561851501,1
C2_global_hybrid_medium,2,2,392,50644,1,1,0.6975188851356506,1
C2_global_hybrid_medium,2,2,396,50654,1,1,0.21333901584148407,0
C2_global_hybrid_medium,2,2,403,50683,2,0,0.1188478171825409,0
C2_global_hybrid_medium,2,2,404,50685,2,0,0.13193047046661377,0
C2_global_hybrid_medium,2,2,417,50698,2,0,0.12653303146362305,0
C2_global_hybrid_medium,2,2,422,50703,2,0,0.12899379432201385,0
C2_global_hybrid_medium,2,2,437,50731,2,0,0.11871720850467682,0
C2_global_hybrid_medium,2,2,450,50749,1,1,0.7606035470962524,1
C2_global_hybrid_medium,2,2,460,50774,2,0,0.11846048384904861,0
C2_global_hybrid_medium,2,2,462,50776,2,0,0.11919509619474411,0
C2_global_hybrid_medium,2,2,474,50797,1,1,0.5430387258529663,1
C2_global_hybrid_medium,2,2,508,50972,1,1,0.8047573566436768,1
C2_global_hybrid_medium,2,2,514,50979,1,1,0.48543083667755127,0
C2_global_hybrid_medium,2,2,537,51006,1,1,0.8101291060447693,1
C2_global_hybrid_medium,2,2,538,51007,1,1,0.8030524253845215,1
C2_global_hybrid_medium,2,2,550,51019,1,1,0.7885850071907043,1
C2_global_hybrid_medium,2,2,554,51024,1,1,0.7656498551368713,1
C2_global_hybrid_medium,2,2,571,51044,2,0,0.12087152153253555,0
C2_global_hybrid_medium,2,2,579,51052,2,0,0.11865469813346863,0
C2_global_hybrid_medium,2,2,583,51056,2,0,0.12167375534772873,0
C2_global_hybrid_medium,2,2,590,51063,2,0,0.11991504579782486,0
C2_global_hybrid_medium,2,2,599,51073,2,0,0.11940893530845642,0
C2_global_hybrid_medium,2,2,622,51097,2,0,0.12185295671224594,0
C2_global_hybrid_medium,2,2,628,51103,2,0,0.16165854036808014,0
C2_global_hybrid_medium,2,2,638,51114,2,0,0.24377694725990295,0
C2_global_hybrid_medium,2,2,661,51142,2,0,0.12001733481884003,0
C2_global_hybrid_medium,2,2,672,51156,2,0,0.11879339814186096,0
C2_global_hybrid_medium,2,2,677,51164,1,1,0.8084120750427246,1
C2_global_hybrid_medium,2,2,689,51183,2,0,0.1575012505054474,0
C2_global_hybrid_medium,2,2,705,51207,1,1,0.8094687461853027,1
C2_global_hybrid_medium,2,2,706,51208,1,1,0.2102852612733841,0
C2_global_hybrid_medium,2,2,709,51212,1,1,0.8080429434776306,1
C2_global_hybrid_medium,2,2,720,51224,1,1,0.8112258315086365,1
C2_global_hybrid_medium,2,2,723,51228,1,1,0.8094566464424133,1
C2_global_hybrid_medium,2,2,728,51235,1,1,0.8112898468971252,1
C2_global_hybrid_medium,2,2,735,51249,1,1,0.8100424408912659,1
C2_global_hybrid_medium,2,2,737,51251,2,0,0.3371965289115906,0
C2_global_hybrid_medium,2,2,741,51255,2,0,0.11866878718137741,0
C2_global_hybrid_medium,2,2,767,51295,1,1,0.8062520027160645,1
C2_global_hybrid_medium,2,2,769,51298,1,1,0.800393283367157,1
C2_global_hybrid_medium,2,2,770,51299,1,1,0.7829698324203491,1
C2_global_hybrid_medium,2,2,791,51326,1,1,0.42196351289749146,0
C2_global_hybrid_medium,2,2,795,51330,1,1,0.7468547224998474,1
C2_global_hybrid_medium,2,2,805,51341,2,0,0.1807369440793991,0
C2_global_hybrid_medium,2,2,838,51484,2,0,0.11866061389446259,0
C2_global_hybrid_medium,2,2,853,51567,2,0,0.12320349365472794,0
C2_global_hybrid_medium,2,2,856,51570,2,0,0.13758988678455353,0
C2_global_hybrid_medium,2,2,858,51573,1,1,0.40450507402420044,0
C2_global_hybrid_medium,2,2,865,51582,1,1,0.7952137589454651,1
C2_global_hybrid_medium,2,2,868,51585,1,1,0.8083868622779846,1
C2_global_hybrid_medium,2,3,1,50004,1,1,0.8175264596939087,1
C2_global_hybrid_medium,2,3,4,50007,1,1,0.281287282705307,0
C2_global_hybrid_medium,2,3,25,50034,2,0,0.06745404005050659,0
C2_global_hybrid_medium,2,3,34,50043,2,0,0.09382182359695435,0
C2_global_hybrid_medium,2,3,62,50116,2,0,0.10110560059547424,0
C2_global_hybrid_medium,2,3,108,50188,1,1,0.07213310897350311,0
C2_global_hybrid_medium,2,3,117,50200,2,0,0.06903780996799469,0
C2_global_hybrid_medium,2,3,125,50210,2,0,0.06883472949266434,0
C2_global_hybrid_medium,2,3,141,50248,1,1,0.8196002840995789,1
C2_global_hybrid_medium,2,3,152,50261,2,0,0.7463811039924622,1
C2_global_hybrid_medium,2,3,162,50271,2,0,0.1006021648645401,0
C2_global_hybrid_medium,2,3,163,50272,1,1,0.818130612373352,1
C2_global_hybrid_medium,2,3,177,50293,1,1,0.45063915848731995,0
C2_global_hybrid_medium,2,3,178,50294,1,1,0.8184067606925964,1
C2_global_hybrid_medium,2,3,200,50331,2,0,0.06971868872642517,0
C2_global_hybrid_medium,2,3,209,50340,2,0,0.07801175862550735,0
C2_global_hybrid_medium,2,3,218,50349,2,0,0.0768701359629631,0
C2_global_hybrid_medium,2,3,229,50360,2,0,0.07020365446805954,0
C2_global_hybrid_medium,2,3,243,50375,2,0,0.07063057273626328,0
C2_global_hybrid_medium,2,3,244,50376,2,0,0.34296178817749023,0
C2_global_hybrid_medium,2,3,265,50408,1,1,0.08086837828159332,0
C2_global_hybrid_medium,2,3,274,50418,2,0,0.06725011765956879,0
C2_global_hybrid_medium,2,3,283,50433,2,0,0.07441611588001251,0
C2_global_hybrid_medium,2,3,302,50466,2,0,0.06938429921865463,0
C2_global_hybrid_medium,2,3,311,50483,1,1,0.6193035840988159,1
C2_global_hybrid_medium,2,3,313,50486,1,1,0.819124162197113,1
C2_global_hybrid_medium,2,3,321,50496,1,1,0.692785918712616,1
C2_global_hybrid_medium,2,3,322,50497,1,1,0.8092412948608398,1
C2_global_hybrid_medium,2,3,341,50524,1,1,0.8160179257392883,1
C2_global_hybrid_medium,2,3,342,50525,1,1,0.8017271161079407,1
C2_global_hybrid_medium,2,3,355,50561,2,0,0.06770619750022888,0
C2_global_hybrid_medium,2,3,368,50578,2,0,0.8094348907470703,1
C2_global_hybrid_medium,2,3,370,50602,1,1,0.8170561790466309,1
C2_global_hybrid_medium,2,3,375,50608,1,1,0.6096888780593872,1
C2_global_hybrid_medium,2,3,378,50614,1,1,0.7725042104721069,1
C2_global_hybrid_medium,2,3,379,50615,1,1,0.8194575905799866,1
C2_global_hybrid_medium,2,3,390,50628,1,1,0.815774142742157,1
C2_global_hybrid_medium,2,3,395,50649,1,1,0.1325206458568573,0
C2_global_hybrid_medium,2,3,399,50664,2,0,0.16653072834014893,0
C2_global_hybrid_medium,2,3,402,50682,2,0,0.06737174838781357,0
C2_global_hybrid_medium,2,3,421,50702,1,1,0.5832943320274353,1
C2_global_hybrid_medium,2,3,429,50711,1,1,0.23353102803230286,0
C2_global_hybrid_medium,2,3,431,50723,2,0,0.0672251433134079,0
C2_global_hybrid_medium,2,3,439,50735,2,0,0.08302728831768036,0
C2_global_hybrid_medium,2,3,440,50737,2,0,0.0968596562743187,0
C2_global_hybrid_medium,2,3,445,50742,2,0,0.06786926835775375,0
C2_global_hybrid_medium,2,3,451,50750,1,1,0.7333768606185913,1
C2_global_hybrid_medium,2,3,454,50754,1,1,0.8170654773712158,1
C2_global_hybrid_medium,2,3,455,50755,1,1,0.8143577575683594,1
C2_global_hybrid_medium,2,3,477,50800,1,1,0.7638440132141113,1
C2_global_hybrid_medium,2,3,480,50807,1,1,0.8136188983917236,1
C2_global_hybrid_medium,2,3,497,50959,1,1,0.08968721330165863,0
C2_global_hybrid_medium,2,3,516,50982,1,1,0.06752383708953857,0
C2_global_hybrid_medium,2,3,525,50991,1,1,0.06937672942876816,0
C2_global_hybrid_medium,2,3,548,51017,1,1,0.2815590500831604,0
C2_global_hybrid_medium,2,3,552,51021,1,1,0.8012222647666931,1
C2_global_hybrid_medium,2,3,587,51060,2,0,0.6642477512359619,1
C2_global_hybrid_medium,2,3,597,51070,2,0,0.06762378662824631,0
C2_global_hybrid_medium,2,3,614,51088,2,0,0.08083716779947281,0
C2_global_hybrid_medium,2,3,621,51096,2,0,0.09120327234268188,0
C2_global_hybrid_medium,2,3,631,51106,2,0,0.08440276980400085,0
C2_global_hybrid_medium,2,3,640,51117,2,0,0.08962178975343704,0
C2_global_hybrid_medium,2,3,644,51124,2,0,0.06723061949014664,0
C2_global_hybrid_medium,2,3,650,51131,2,0,0.08894224464893341,0
C2_global_hybrid_medium,2,3,655,51136,2,0,0.18487372994422913,0
C2_global_hybrid_medium,2,3,657,51138,2,0,0.07364306598901749,0
C2_global_hybrid_medium,2,3,663,51147,2,0,0.06963977217674255,0
C2_global_hybrid_medium,2,3,669,51153,2,0,0.07020144909620285,0
C2_global_hybrid_medium,2,3,671,51155,2,0,0.07625045627355576,0
C2_global_hybrid_medium,2,3,691,51185,2,0,0.6197807192802429,1
C2_global_hybrid_medium,2,3,693,51188,2,0,0.0782371386885643,0
C2_global_hybrid_medium,2,3,703,51205,1,1,0.81775963306427,1
C2_global_hybrid_medium,2,3,711,51215,1,1,0.119288370013237,0
C2_global_hybrid_medium,2,3,724,51229,1,1,0.8148654103279114,1
C2_global_hybrid_medium,2,3,725,51230,1,1,0.8194134831428528,1
C2_global_hybrid_medium,2,3,754,51272,2,0,0.07286369800567627,0
C2_global_hybrid_medium,2,3,757,51276,2,0,0.069496750831604,0
C2_global_hybrid_medium,2,3,762,51281,2,0,0.07819615304470062,0
C2_global_hybrid_medium,2,3,772,51301,1,1,0.6565606594085693,1
C2_global_hybrid_medium,2,3,783,51315,2,0,0.14201229810714722,0
C2_global_hybrid_medium,2,3,787,51321,1,1,0.39764541387557983,0
C2_global_hybrid_medium,2,3,813,51350,1,1,0.7698214054107666,1
C2_global_hybrid_medium,2,3,818,51359,2,0,0.8135707974433899,1
C2_global_hybrid_medium,2,3,821,51362,2,0,0.07723667472600937,0
C2_global_hybrid_medium,2,3,829,51463,1,1,0.8194786310195923,1
C2_global_hybrid_medium,2,3,836,51481,2,0,0.06744401901960373,0
C2_global_hybrid_medium,2,3,861,51577,1,1,0.8129568099975586,1
C2_global_hybrid_medium,2,4,5,50008,1,1,0.9281400442123413,1
C2_global_hybrid_medium,2,4,17,50025,1,1,0.9291524887084961,1
C2_global_hybrid_medium,2,4,23,50032,2,0,0.13030686974525452,0
C2_global_hybrid_medium,2,4,26,50035,2,0,0.2574126422405243,0
C2_global_hybrid_medium,2,4,28,50037,2,0,0.5813939571380615,1
C2_global_hybrid_medium,2,4,51,50103,2,0,0.9268881678581238,1
C2_global_hybrid_medium,2,4,52,50104,2,0,0.1409325748682022,0
C2_global_hybrid_medium,2,4,56,50109,2,0,0.3397527039051056,0
C2_global_hybrid_medium,2,4,58,50112,2,0,0.6557577848434448,1
C2_global_hybrid_medium,2,4,88,50153,1,1,0.9270433187484741,1
C2_global_hybrid_medium,2,4,90,50157,2,0,0.1935722976922989,0
C2_global_hybrid_medium,2,4,100,50169,2,0,0.13107725977897644,0
C2_global_hybrid_medium,2,4,120,50203,2,0,0.13073569536209106,0
C2_global_hybrid_medium,2,4,131,50233,1,1,0.926000714302063,1
C2_global_hybrid_medium,2,4,136,50240,1,1,0.9283008575439453,1
C2_global_hybrid_medium,2,4,161,50270,2,0,0.2946383059024811,0
C2_global_hybrid_medium,2,4,165,50274,1,1,0.9287480115890503,1
C2_global_hybrid_medium,2,4,172,50287,1,1,0.45990103483200073,0
C2_global_hybrid_medium,2,4,181,50298,1,1,0.9267253279685974,1
C2_global_hybrid_medium,2,4,191,50318,1,1,0.4842073917388916,0
C2_global_hybrid_medium,2,4,211,50342,2,0,0.4355732202529907,0
C2_global_hybrid_medium,2,4,213,50344,2,0,0.13436023890972137,0
C2_global_hybrid_medium,2,4,214,50345,2,0,0.129481241106987,0
C2_global_hybrid_medium,2,4,225,50356,2,0,0.13611772656440735,0
C2_global_hybrid_medium,2,4,254,50388,2,0,0.1385333389043808,0
C2_global_hybrid_medium,2,4,271,50415,2,0,0.2903589904308319,0
C2_global_hybrid_medium,2,4,306,50470,2,0,0.8154085874557495,1
C2_global_hybrid_medium,2,4,312,50485,1,1,0.12992127239704132,0
C2_global_hybrid_medium,2,4,314,50487,1,1,0.928320050239563,1
C2_global_hybrid_medium,2,4,315,50488,1,1,0.9291406869888306,1
C2_global_hybrid_medium,2,4,316,50490,1,1,0.9277539253234863,1
C2_global_hybrid_medium,2,4,334,50515,1,1,0.9271597862243652,1
C2_global_hybrid_medium,2,4,335,50516,1,1,0.9195119738578796,1
C2_global_hybrid_medium,2,4,356,50563,2,0,0.12941306829452515,0
C2_global_hybrid_medium,2,4,383,50621,1,1,0.9285762906074524,1
C2_global_hybrid_medium,2,4,388,50626,1,1,0.926582396030426,1
C2_global_hybrid_medium,2,4,401,50669,2,0,0.9244170188903809,1
C2_global_hybrid_medium,2,4,416,50697,1,1,0.9271160364151001,1
C2_global_hybrid_medium,2,4,424,50705,1,1,0.9198446869850159,1
C2_global_hybrid_medium,2,4,442,50739,2,0,0.6284080743789673,1
C2_global_hybrid_medium,2,4,448,50745,1,1,0.9268872737884521,1
C2_global_hybrid_medium,2,4,452,50751,1,1,0.9277661442756653,1
C2_global_hybrid_medium,2,4,453,50752,1,1,0.8046152591705322,1
C2_global_hybrid_medium,2,4,457,50757,1,1,0.7868665456771851,1
C2_global_hybrid_medium,2,4,458,50772,2,0,0.9241762757301331,1
C2_global_hybrid_medium,2,4,464,50778,2,0,0.3825490176677704,0
C2_global_hybrid_medium,2,4,473,50796,1,1,0.9291248917579651,1
C2_global_hybrid_medium,2,4,476,50799,1,1,0.9241927862167358,1
C2_global_hybrid_medium,2,4,483,50816,2,0,0.14090456068515778,0
C2_global_hybrid_medium,2,4,515,50981,1,1,0.9286467432975769,1
C2_global_hybrid_medium,2,4,522,50988,1,1,0.927796483039856,1
C2_global_hybrid_medium,2,4,545,51014,1,1,0.9236847758293152,1
C2_global_hybrid_medium,2,4,561,51032,1,1,0.928947925567627,1
C2_global_hybrid_medium,2,4,572,51045,2,0,0.1419936865568161,0
C2_global_hybrid_medium,2,4,580,51053,2,0,0.14444714784622192,0
C2_global_hybrid_medium,2,4,581,51054,2,0,0.12896764278411865,0
C2_global_hybrid_medium,2,4,606,51080,2,0,0.6646619439125061,1
C2_global_hybrid_medium,2,4,607,51081,2,0,0.13237683475017548,0
C2_global_hybrid_medium,2,4,609,51083,2,0,0.9291964769363403,1
C2_global_hybrid_medium,2,4,630,51105,2,0,0.13965335488319397,0
C2_global_hybrid_medium,2,4,637,51113,2,0,0.13477417826652527,0
C2_global_hybrid_medium,2,4,646,51127,2,0,0.927487313747406,1
C2_global_hybrid_medium,2,4,647,51128,2,0,0.18548943102359772,0
C2_global_hybrid_medium,2,4,652,51133,2,0,0.9253670573234558,1
C2_global_hybrid_medium,2,4,658,51139,2,0,0.13057610392570496,0
C2_global_hybrid_medium,2,4,659,51140,2,0,0.13345366716384888,0
C2_global_hybrid_medium,2,4,664,51148,2,0,0.14223825931549072,0
C2_global_hybrid_medium,2,4,674,51161,1,1,0.9259283542633057,1
C2_global_hybrid_medium,2,4,675,51162,1,1,0.9291279911994934,1
C2_global_hybrid_medium,2,4,681,51171,1,1,0.9274027943611145,1
C2_global_hybrid_medium,2,4,682,51173,1,1,0.926308274269104,1
C2_global_hybrid_medium,2,4,697,51197,2,0,0.5266624093055725,1
C2_global_hybrid_medium,2,4,704,51206,1,1,0.9271385073661804,1
C2_global_hybrid_medium,2,4,714,51218,1,1,0.9218133091926575,1
C2_global_hybrid_medium,2,4,718,51222,1,1,0.15529558062553406,0
C2_global_hybrid_medium,2,4,733,51241,1,1,0.8907512426376343,1
C2_global_hybrid_medium,2,4,759,51278,2,0,0.7344970107078552,1
C2_global_hybrid_medium,2,4,766,51294,1,1,0.917246401309967,1
C2_global_hybrid_medium,2,4,775,51304,2,0,0.2565467655658722,0
C2_global_hybrid_medium,2,4,776,51305,2,0,0.1553240269422531,0
C2_global_hybrid_medium,2,4,799,51334,2,0,0.1737903505563736,0
C2_global_hybrid_medium,2,4,804,51340,2,0,0.13493293523788452,0
C2_global_hybrid_medium,2,4,811,51347,2,0,0.1323142945766449,0
C2_global_hybrid_medium,2,4,830,51464,1,1,0.9227855801582336,1
C2_global_hybrid_medium,2,4,835,51480,2,0,0.13630492985248566,0
C2_global_hybrid_medium,2,4,855,51569,2,0,0.2485695779323578,0
C2_global_hybrid_medium,2,4,862,51578,1,1,0.9241859912872314,1
C2_global_hybrid_medium,2,5,3,50006,1,1,0.8756287097930908,1
C2_global_hybrid_medium,2,5,8,50012,1,1,0.8393667340278625,1
C2_global_hybrid_medium,2,5,12,50016,1,1,0.8736825585365295,1
C2_global_hybrid_medium,2,5,14,50022,1,1,0.09666024148464203,0
C2_global_hybrid_medium,2,5,19,50027,1,1,0.09620936959981918,0
C2_global_hybrid_medium,2,5,21,50030,2,0,0.09531159698963165,0
C2_global_hybrid_medium,2,5,29,50038,2,0,0.09597376734018326,0
C2_global_hybrid_medium,2,5,31,50040,2,0,0.10095438361167908,0
C2_global_hybrid_medium,2,5,63,50117,2,0,0.1161564514040947,0
C2_global_hybrid_medium,2,5,80,50144,1,1,0.875562846660614,1
C2_global_hybrid_medium,2,5,82,50146,1,1,0.09566054493188858,0
C2_global_hybrid_medium,2,5,103,50182,1,1,0.733454704284668,1
C2_global_hybrid_medium,2,5,113,50195,2,0,0.10036106407642365,0
C2_global_hybrid_medium,2,5,119,50202,2,0,0.1346088945865631,0
C2_global_hybrid_medium,2,5,126,50213,2,0,0.09535493701696396,0
C2_global_hybrid_medium,2,5,135,50239,1,1,0.09702497720718384,0
C2_global_hybrid_medium,2,5,142,50249,1,1,0.8749841451644897,1
C2_global_hybrid_medium,2,5,156,50265,2,0,0.09788637608289719,0
C2_global_hybrid_medium,2,5,157,50266,2,0,0.09517750144004822,0
C2_global_hybrid_medium,2,5,170,50284,1,1,0.5121369957923889,1
C2_global_hybrid_medium,2,5,173,50289,1,1,0.5680426359176636,1
C2_global_hybrid_medium,2,5,175,50291,1,1,0.42906439304351807,0
C2_global_hybrid_medium,2,5,186,50308,1,1,0.5779018998146057,1
C2_global_hybrid_medium,2,5,195,50324,1,1,0.6946893334388733,1
C2_global_hybrid_medium,2,5,197,50327,2,0,0.09664715081453323,0
C2_global_hybrid_medium,2,5,198,50329,2,0,0.0957183763384819,0
C2_global_hybrid_medium,2,5,199,50330,2,0,0.09546630829572678,0
C2_global_hybrid_medium,2,5,206,50337,2,0,0.13694140315055847,0
C2_global_hybrid_medium,2,5,222,50353,2,0,0.09977228194475174,0
C2_global_hybrid_medium,2,5,236,50367,2,0,0.09666185826063156,0
C2_global_hybrid_medium,2,5,240,50372,2,0,0.0980038121342659,0
C2_global_hybrid_medium,2,5,264,50407,1,1,0.8533969521522522,1
C2_global_hybrid_medium,2,5,267,50411,1,1,0.8741572499275208,1
C2_global_hybrid_medium,2,5,272,50416,2,0,0.09535418450832367,0
C2_global_hybrid_medium,2,5,275,50419,2,0,0.0953863114118576,0
C2_global_hybrid_medium,2,5,279,50425,2,0,0.2182525396347046,0
C2_global_hybrid_medium,2,5,292,50442,2,0,0.10176626592874527,0
C2_global_hybrid_medium,2,5,297,50447,2,0,0.20518869161605835,0
C2_global_hybrid_medium,2,5,298,50448,2,0,0.14645519852638245,0
C2_global_hybrid_medium,2,5,305,50469,2,0,0.09799820184707642,0
C2_global_hybrid_medium,2,5,309,50481,1,1,0.875048041343689,1
C2_global_hybrid_medium,2,5,319,50493,1,1,0.8635547161102295,1
C2_global_hybrid_medium,2,5,320,50494,1,1,0.34695225954055786,0
C2_global_hybrid_medium,2,5,325,50500,1,1,0.8740105628967285,1
C2_global_hybrid_medium,2,5,331,50509,1,1,0.7198416590690613,1
C2_global_hybrid_medium,2,5,332,50510,1,1,0.8745856285095215,1
C2_global_hybrid_medium,2,5,338,50520,1,1,0.8756012916564941,1
C2_global_hybrid_medium,2,5,346,50529,1,1,0.8733133673667908,1
C2_global_hybrid_medium,2,5,367,50577,2,0,0.09525424987077713,0
C2_global_hybrid_medium,2,5,381,50619,1,1,0.8723543882369995,1
C2_global_hybrid_medium,2,5,384,50622,1,1,0.7912135720252991,1
C2_global_hybrid_medium,2,5,398,50659,2,0,0.29947200417518616,0
C2_global_hybrid_medium,2,5,400,50665,2,0,0.3428369164466858,0
C2_global_hybrid_medium,2,5,433,50725,2,0,0.09534662216901779,0
C2_global_hybrid_medium,2,5,436,50730,2,0,0.09769411385059357,0
C2_global_hybrid_medium,2,5,487,50821,2,0,0.09599266946315765,0
C2_global_hybrid_medium,2,5,492,50954,1,1,0.1539739966392517,0
C2_global_hybrid_medium,2,5,503,50966,1,1,0.24555626511573792,0
C2_global_hybrid_medium,2,5,520,50986,1,1,0.12483499944210052,0
C2_global_hybrid_medium,2,5,530,50996,1,1,0.7737427353858948,1
C2_global_hybrid_medium,2,5,546,51015,1,1,0.0972006693482399,0
C2_global_hybrid_medium,2,5,559,51029,1,1,0.8747866153717041,1
C2_global_hybrid_medium,2,5,560,51030,1,1,0.8668572306632996,1
C2_global_hybrid_medium,2,5,589,51062,2,0,0.10372509062290192,0
C2_global_hybrid_medium,2,5,594,51067,2,0,0.10629567503929138,0
C2_global_hybrid_medium,2,5,602,51076,2,0,0.10575766861438751,0
C2_global_hybrid_medium,2,5,613,51087,2,0,0.09598314762115479,0
C2_global_hybrid_medium,2,5,625,51100,2,0,0.09595514088869095,0
C2_global_hybrid_medium,2,5,629,51104,2,0,0.09594699740409851,0
C2_global_hybrid_medium,2,5,635,51111,2,0,0.09996309876441956,0
C2_global_hybrid_medium,2,5,678,51168,1,1,0.508894681930542,1
C2_global_hybrid_medium,2,5,690,51184,2,0,0.2945963740348816,0
C2_global_hybrid_medium,2,5,727,51234,1,1,0.8543667197227478,1
C2_global_hybrid_medium,2,5,743,51257,2,0,0.09998008608818054,0
C2_global_hybrid_medium,2,5,774,51303,2,0,0.10098685324192047,0
C2_global_hybrid_medium,2,5,780,51309,2,0,0.8652492761611938,1
C2_global_hybrid_medium,2,5,786,51320,1,1,0.8756144642829895,1
C2_global_hybrid_medium,2,5,810,51346,2,0,0.09787417203187943,0
C2_global_hybrid_medium,2,5,814,51351,1,1,0.14086627960205078,0
C2_global_hybrid_medium,2,5,815,51354,1,1,0.6619965434074402,1
C2_global_hybrid_medium,2,5,820,51361,2,0,0.09722720831632614,0
C2_global_hybrid_medium,2,5,834,51479,2,0,0.10295559465885162,0
C2_global_hybrid_medium,2,5,841,51491,2,0,0.10098733752965927,0
C2_global_hybrid_medium,2,5,844,51557,2,0,0.09646423161029816,0
C2_global_hybrid_medium,2,5,845,51558,2,0,0.09537014365196228,0
C2_global_hybrid_medium,2,5,846,51559,2,0,0.1435544788837433,0
C2_global_hybrid_medium,2,5,870,51607,1,1,0.12340916693210602,0
C2_global_hybrid_medium,2,6,13,50020,1,1,0.8936368227005005,1
C2_global_hybrid_medium,2,6,15,50023,1,1,0.8944017291069031,1
C2_global_hybrid_medium,2,6,22,50031,2,0,0.11733321100473404,0
C2_global_hybrid_medium,2,6,59,50113,2,0,0.12701423466205597,0
C2_global_hybrid_medium,2,6,60,50114,2,0,0.12238457798957825,0
C2_global_hybrid_medium,2,6,65,50119,1,1,0.11733951419591904,0
C2_global_hybrid_medium,2,6,71,50128,1,1,0.8886335492134094,1
C2_global_hybrid_medium,2,6,77,50135,1,1,0.8942937850952148,1
C2_global_hybrid_medium,2,6,89,50156,1,1,0.8944228887557983,1
C2_global_hybrid_medium,2,6,93,50160,2,0,0.12108952552080154,0
C2_global_hybrid_medium,2,6,94,50161,2,0,0.4033987522125244,0
C2_global_hybrid_medium,2,6,96,50163,2,0,0.12256594002246857,0
C2_global_hybrid_medium,2,6,128,50215,2,0,0.12327484041452408,0
C2_global_hybrid_medium,2,6,143,50250,1,1,0.4775494337081909,0
C2_global_hybrid_medium,2,6,166,50275,1,1,0.8880992531776428,1
C2_global_hybrid_medium,2,6,167,50276,1,1,0.8919811248779297,1
C2_global_hybrid_medium,2,6,168,50278,1,1,0.8942018747329712,1
C2_global_hybrid_medium,2,6,171,50285,1,1,0.8885541558265686,1
C2_global_hybrid_medium,2,6,174,50290,1,1,0.8851324319839478,1
C2_global_hybrid_medium,2,6,190,50315,1,1,0.8943929672241211,1
C2_global_hybrid_medium,2,6,219,50350,2,0,0.12707267701625824,0
C2_global_hybrid_medium,2,6,220,50351,2,0,0.12705370783805847,0
C2_global_hybrid_medium,2,6,227,50358,2,0,0.18820089101791382,0
C2_global_hybrid_medium,2,6,235,50366,2,0,0.11839509010314941,0
C2_global_hybrid_medium,2,6,276,50421,2,0,0.12258768826723099,0
C2_global_hybrid_medium,2,6,287,50437,2,0,0.8943226933479309,1
C2_global_hybrid_medium,2,6,290,50440,2,0,0.2270781695842743,0
C2_global_hybrid_medium,2,6,310,50482,1,1,0.8900939226150513,1
C2_global_hybrid_medium,2,6,327,50502,1,1,0.8938390612602234,1
C2_global_hybrid_medium,2,6,333,50514,1,1,0.8928470015525818,1
C2_global_hybrid_medium,2,6,337,50519,1,1,0.8877765536308289,1
C2_global_hybrid_medium,2,6,350,50551,2,0,0.3777702748775482,0
C2_global_hybrid_medium,2,6,362,50572,2,0,0.11758974194526672,0
C2_global_hybrid_medium,2,6,382,50620,1,1,0.16963127255439758,0
C2_global_hybrid_medium,2,6,393,50647,1,1,0.5012732744216919,1
C2_global_hybrid_medium,2,6,406,50687,2,0,0.8925355672836304,1
C2_global_hybrid_medium,2,6,408,50689,1,1,0.8943712115287781,1
C2_global_hybrid_medium,2,6,409,50690,1,1,0.12366779893636703,0
C2_global_hybrid_medium,2,6,418,50699,2,0,0.8943189382553101,1
C2_global_hybrid_medium,2,6,423,50704,1,1,0.8726073503494263,1
C2_global_hybrid_medium,2,6,426,50707,2,0,0.11736180633306503,0
C2_global_hybrid_medium,2,6,435,50728,2,0,0.3965725302696228,0
C2_global_hybrid_medium,2,6,449,50748,1,1,0.8943890333175659,1
C2_global_hybrid_medium,2,6,456,50756,1,1,0.8919564485549927,1
C2_global_hybrid_medium,2,6,467,50782,2,0,0.11755091696977615,0
C2_global_hybrid_medium,2,6,486,50820,2,0,0.12667323648929596,0
C2_global_hybrid_medium,2,6,488,50822,2,0,0.11786309629678726,0
C2_global_hybrid_medium,2,6,489,50823,1,1,0.8937037587165833,1
C2_global_hybrid_medium,2,6,499,50961,1,1,0.8773265480995178,1
C2_global_hybrid_medium,2,6,500,50962,1,1,0.8256335854530334,1
C2_global_hybrid_medium,2,6,502,50965,1,1,0.8944217562675476,1
C2_global_hybrid_medium,2,6,531,50997,1,1,0.8894598484039307,1
C2_global_hybrid_medium,2,6,542,51011,1,1,0.8943271636962891,1
C2_global_hybrid_medium,2,6,562,51033,1,1,0.8872779607772827,1
C2_global_hybrid_medium,2,6,577,51050,2,0,0.11757569015026093,0
C2_global_hybrid_medium,2,6,610,51084,2,0,0.893319845199585,1
C2_global_hybrid_medium,2,6,615,51089,2,0,0.12148041278123856,0
C2_global_hybrid_medium,2,6,639,51116,2,0,0.1331043541431427,0
C2_global_hybrid_medium,2,6,648,51129,2,0,0.12639306485652924,0
C2_global_hybrid_medium,2,6,656,51137,2,0,0.12400317192077637,0
C2_global_hybrid_medium,2,6,679,51169,1,1,0.48040226101875305,0
C2_global_hybrid_medium,2,6,685,51179,1,1,0.8919737339019775,1
C2_global_hybrid_medium,2,6,688,51182,2,0,0.12121453881263733,0
C2_global_hybrid_medium,2,6,700,51202,1,1,0.8915554881095886,1
C2_global_hybrid_medium,2,6,731,51239,1,1,0.8871701955795288,1
C2_global_hybrid_medium,2,6,744,51260,2,0,0.11719691753387451,0
C2_global_hybrid_medium,2,6,746,51262,2,0,0.7196090817451477,1
C2_global_hybrid_medium,2,6,747,51264,2,0,0.11823086440563202,0
C2_global_hybrid_medium,2,6,751,51268,2,0,0.11804930120706558,0
C2_global_hybrid_medium,2,6,753,51271,2,0,0.11719465255737305,0
C2_global_hybrid_medium,2,6,755,51273,2,0,0.8932873606681824,1
C2_global_hybrid_medium,2,6,760,51279,2,0,0.11755414307117462,0
C2_global_hybrid_medium,2,6,763,51291,1,1,0.8943260312080383,1
C2_global_hybrid_medium,2,6,768,51297,1,1,0.8942578434944153,1
C2_global_hybrid_medium,2,6,773,51302,1,1,0.43049558997154236,0
C2_global_hybrid_medium,2,6,779,51308,2,0,0.12667417526245117,0
C2_global_hybrid_medium,2,6,781,51311,2,0,0.11794020235538483,0
C2_global_hybrid_medium,2,6,801,51336,2,0,0.1172127053141594,0
C2_global_hybrid_medium,2,6,809,51345,2,0,0.11811418831348419,0
C2_global_hybrid_medium,2,6,824,51365,2,0,0.11865063011646271,0
C2_global_hybrid_medium,2,6,831,51465,1,1,0.8943853378295898,1
C2_global_hybrid_medium,2,6,840,51488,2,0,0.15487037599086761,0
C2_global_hybrid_medium,2,6,843,51556,2,0,0.19578856229782104,0
C2_global_hybrid_medium,2,6,848,51562,2,0,0.12140704691410065,0
C2_global_hybrid_medium,2,6,849,51563,2,0,0.13885436952114105,0
C2_global_hybrid_medium,2,6,854,51568,2,0,0.18262606859207153,0
C2_global_hybrid_medium,2,6,859,51574,1,1,0.894076943397522,1
C2_global_hybrid_medium,2,7,38,50047,2,0,0.07212455570697784,0
C2_global_hybrid_medium,2,7,44,50053,1,1,0.38441601395606995,0
C2_global_hybrid_medium,2,7,46,50056,1,1,0.9107792377471924,1
C2_global_hybrid_medium,2,7,47,50057,1,1,0.07386864721775055,0
C2_global_hybrid_medium,2,7,57,50111,2,0,0.07502493262290955,0
C2_global_hybrid_medium,2,7,68,50124,1,1,0.9132205843925476,1
C2_global_hybrid_medium,2,7,69,50125,1,1,0.9095656275749207,1
C2_global_hybrid_medium,2,7,85,50149,1,1,0.9121122360229492,1
C2_global_hybrid_medium,2,7,91,50158,2,0,0.07279322296380997,0
C2_global_hybrid_medium,2,7,97,50164,2,0,0.0723731592297554,0
C2_global_hybrid_medium,2,7,111,50193,2,0,0.07230938971042633,0
C2_global_hybrid_medium,2,7,116,50199,2,0,0.07224508374929428,0
C2_global_hybrid_medium,2,7,137,50241,1,1,0.9079696536064148,1
C2_global_hybrid_medium,2,7,139,50245,1,1,0.2631967067718506,0
C2_global_hybrid_medium,2,7,145,50252,1,1,0.2136601209640503,0
C2_global_hybrid_medium,2,7,147,50254,1,1,0.5109337568283081,1
C2_global_hybrid_medium,2,7,148,50255,1,1,0.9111844301223755,1
C2_global_hybrid_medium,2,7,154,50263,2,0,0.07350803166627884,0
C2_global_hybrid_medium,2,7,159,50268,2,0,0.07352013885974884,0
C2_global_hybrid_medium,2,7,185,50304,1,1,0.36960166692733765,0
C2_global_hybrid_medium,2,7,189,50314,1,1,0.9124870896339417,1
C2_global_hybrid_medium,2,7,201,50332,2,0,0.07193321734666824,0
C2_global_hybrid_medium,2,7,207,50338,2,0,0.0723729357123375,0
C2_global_hybrid_medium,2,7,208,50339,2,0,0.07386535406112671,0
C2_global_hybrid_medium,2,7,230,50361,2,0,0.07279292494058609,0
C2_global_hybrid_medium,2,7,238,50369,2,0,0.07351662218570709,0
C2_global_hybrid_medium,2,7,241,50373,2,0,0.07302697002887726,0
C2_global_hybrid_medium,2,7,249,50382,2,0,0.07261426746845245,0
C2_global_hybrid_medium,2,7,269,50413,1,1,0.909502387046814,1
C2_global_hybrid_medium,2,7,278,50424,2,0,0.0723029300570488,0
C2_global_hybrid_medium,2,7,308,50480,1,1,0.9105658531188965,1
C2_global_hybrid_medium,2,7,318,50492,1,1,0.9024039506912231,1
C2_global_hybrid_medium,2,7,330,50507,1,1,0.21879923343658447,0
C2_global_hybrid_medium,2,7,351,50552,2,0,0.08955062180757523,0
C2_global_hybrid_medium,2,7,353,50557,2,0,0.07189290970563889,0
C2_global_hybrid_medium,2,7,364,50574,2,0,0.12949436902999878,0
C2_global_hybrid_medium,2,7,371,50603,1,1,0.9127691984176636,1
C2_global_hybrid_medium,2,7,376,50612,1,1,0.6256154179573059,1
C2_global_hybrid_medium,2,7,389,50627,1,1,0.6492676138877869,1
C2_global_hybrid_medium,2,7,410,50691,2,0,0.0730886161327362,0
C2_global_hybrid_medium,2,7,428,50709,2,0,0.0719602033495903,0
C2_global_hybrid_medium,2,7,438,50733,2,0,0.0731624886393547,0
C2_global_hybrid_medium,2,7,441,50738,2,0,0.07583426684141159,0
C2_global_hybrid_medium,2,7,444,50741,2,0,0.07319090515375137,0
C2_global_hybrid_medium,2,7,447,50744,1,1,0.9105197787284851,1
C2_global_hybrid_medium,2,7,463,50777,2,0,0.07236728817224503,0
C2_global_hybrid_medium,2,7,465,50780,2,0,0.07586091756820679,0
C2_global_hybrid_medium,2,7,469,50786,2,0,0.07206334918737411,0
C2_global_hybrid_medium,2,7,478,50801,1,1,0.9132282733917236,1
C2_global_hybrid_medium,2,7,479,50803,1,1,0.9131438732147217,1
C2_global_hybrid_medium,2,7,493,50955,1,1,0.07237274199724197,0
C2_global_hybrid_medium,2,7,510,50974,1,1,0.9131165146827698,1
C2_global_hybrid_medium,2,7,521,50987,1,1,0.911888599395752,1
C2_global_hybrid_medium,2,7,534,51001,1,1,0.9106241464614868,1
C2_global_hybrid_medium,2,7,544,51013,1,1,0.8835095763206482,1
C2_global_hybrid_medium,2,7,553,51023,1,1,0.9060865044593811,1
C2_global_hybrid_medium,2,7,558,51028,1,1,0.9131024479866028,1
C2_global_hybrid_medium,2,7,568,51040,2,0,0.07491182535886765,0
C2_global_hybrid_medium,2,7,582,51055,2,0,0.07350503653287888,0
C2_global_hybrid_medium,2,7,586,51059,2,0,0.0750245675444603,0
C2_global_hybrid_medium,2,7,595,51068,2,0,0.5133211612701416,1
C2_global_hybrid_medium,2,7,598,51072,2,0,0.4381847679615021,0
C2_global_hybrid_medium,2,7,600,51074,2,0,0.4567298889160156,0
C2_global_hybrid_medium,2,7,611,51085,2,0,0.9085031747817993,1
C2_global_hybrid_medium,2,7,616,51090,2,0,0.0750439241528511,0
C2_global_hybrid_medium,2,7,623,51098,2,0,0.07613009214401245,0
C2_global_hybrid_medium,2,7,627,51102,2,0,0.07230399549007416,0
C2_global_hybrid_medium,2,7,634,51110,2,0,0.07365428656339645,0
C2_global_hybrid_medium,2,7,651,51132,2,0,0.07500820606946945,0
C2_global_hybrid_medium,2,7,665,51149,2,0,0.07237312197685242,0
C2_global_hybrid_medium,2,7,668,51152,2,0,0.07324299216270447,0
C2_global_hybrid_medium,2,7,670,51154,2,0,0.07223892956972122,0
C2_global_hybrid_medium,2,7,676,51163,1,1,0.8824900388717651,1
C2_global_hybrid_medium,2,7,694,51189,2,0,0.07188408076763153,0
C2_global_hybrid_medium,2,7,713,51217,1,1,0.10717159509658813,0
C2_global_hybrid_medium,2,7,719,51223,1,1,0.15796689689159393,0
C2_global_hybrid_medium,2,7,726,51231,1,1,0.07390348613262177,0
C2_global_hybrid_medium,2,7,729,51236,1,1,0.23555630445480347,0
C2_global_hybrid_medium,2,7,730,51237,1,1,0.9132504463195801,1
C2_global_hybrid_medium,2,7,732,51240,1,1,0.9116594195365906,1
C2_global_hybrid_medium,2,7,745,51261,2,0,0.0720515102148056,0
C2_global_hybrid_medium,2,7,790,51325,1,1,0.9131224751472473,1
C2_global_hybrid_medium,2,7,798,51333,2,0,0.07204735279083252,0
C2_global_hybrid_medium,2,7,807,51343,2,0,0.07496168464422226,0
C2_global_hybrid_medium,2,7,812,51349,1,1,0.07494594156742096,0
C2_global_hybrid_medium,2,7,833,51477,2,0,0.07230246067047119,0
C2_global_hybrid_medium,2,7,863,51579,1,1,0.07194814085960388,0
C2_global_hybrid_medium,2,8,49,50060,2,0,0.10854547470808029,0
C2_global_hybrid_medium,2,8,61,50115,2,0,0.11094111204147339,0
C2_global_hybrid_medium,2,8,64,50118,1,1,0.9349438548088074,1
C2_global_hybrid_medium,2,8,70,50127,1,1,0.9288957715034485,1
C2_global_hybrid_medium,2,8,102,50171,2,0,0.40429794788360596,0
C2_global_hybrid_medium,2,8,105,50184,1,1,0.9345224499702454,1
C2_global_hybrid_medium,2,8,107,50187,1,1,0.11341828107833862,0
C2_global_hybrid_medium,2,8,112,50194,2,0,0.10856010019779205,0
C2_global_hybrid_medium,2,8,114,50196,2,0,0.49331170320510864,0
C2_global_hybrid_medium,2,8,118,50201,2,0,0.10835292190313339,0
C2_global_hybrid_medium,2,8,124,50208,2,0,0.17111922800540924,0
C2_global_hybrid_medium,2,8,133,50236,1,1,0.9360212683677673,1
C2_global_hybrid_medium,2,8,134,50237,1,1,0.9366040825843811,1
C2_global_hybrid_medium,2,8,146,50253,1,1,0.9367049932479858,1
C2_global_hybrid_medium,2,8,151,50260,2,0,0.12699156999588013,0
C2_global_hybrid_medium,2,8,160,50269,2,0,0.4280891418457031,0
C2_global_hybrid_medium,2,8,179,50295,1,1,0.936363935470581,1
C2_global_hybrid_medium,2,8,183,50301,1,1,0.9366937875747681,1
C2_global_hybrid_medium,2,8,184,50302,1,1,0.9364531636238098,1
C2_global_hybrid_medium,2,8,196,50325,1,1,0.14899012446403503,0
C2_global_hybrid_medium,2,8,203,50334,2,0,0.9355043768882751,1
C2_global_hybrid_medium,2,8,210,50341,2,0,0.11399729549884796,0
C2_global_hybrid_medium,2,8,215,50346,2,0,0.10983128845691681,0
C2_global_hybrid_medium,2,8,216,50347,2,0,0.1080363541841507,0
C2_global_hybrid_medium,2,8,223,50354,2,0,0.16588236391544342,0
C2_global_hybrid_medium,2,8,224,50355,2,0,0.11458443105220795,0
C2_global_hybrid_medium,2,8,237,50368,2,0,0.10853859037160873,0
C2_global_hybrid_medium,2,8,255,50390,2,0,0.12669697403907776,0
C2_global_hybrid_medium,2,8,256,50391,2,0,0.11116325110197067,0
C2_global_hybrid_medium,2,8,260,50403,1,1,0.3346366286277771,0
C2_global_hybrid_medium,2,8,266,50410,1,1,0.9364541172981262,1
C2_global_hybrid_medium,2,8,296,50446,2,0,0.21824461221694946,0
C2_global_hybrid_medium,2,8,299,50449,2,0,0.11801755428314209,0
C2_global_hybrid_medium,2,8,328,50503,1,1,0.9366605281829834,1
C2_global_hybrid_medium,2,8,339,50521,1,1,0.778276801109314,1
C2_global_hybrid_medium,2,8,343,50526,1,1,0.9338149428367615,1
C2_global_hybrid_medium,2,8,347,50530,1,1,0.9345036149024963,1
C2_global_hybrid_medium,2,8,349,50532,1,1,0.9336844682693481,1
C2_global_hybrid_medium,2,8,365,50575,2,0,0.3428036868572235,0
C2_global_hybrid_medium,2,8,377,50613,1,1,0.9353630542755127,1
C2_global_hybrid_medium,2,8,386,50624,1,1,0.9367063641548157,1
C2_global_hybrid_medium,2,8,387,50625,1,1,0.10873017460107803,0
C2_global_hybrid_medium,2,8,413,50694,1,1,0.9336799383163452,1
C2_global_hybrid_medium,2,8,414,50695,1,1,0.9203981161117554,1
C2_global_hybrid_medium,2,8,470,50790,2,0,0.10889984667301178,0
C2_global_hybrid_medium,2,8,485,50818,2,0,0.10816247016191483,0
C2_global_hybrid_medium,2,8,496,50958,1,1,0.9360628724098206,1
C2_global_hybrid_medium,2,8,504,50967,1,1,0.9307876229286194,1
C2_global_hybrid_medium,2,8,517,50983,1,1,0.9367080330848694,1
C2_global_hybrid_medium,2,8,536,51003,1,1,0.9367132186889648,1
C2_global_hybrid_medium,2,8,540,51009,1,1,0.9343245625495911,1
C2_global_hybrid_medium,2,8,551,51020,1,1,0.9064350724220276,1
C2_global_hybrid_medium,2,8,569,51041,2,0,0.11801313608884811,0
C2_global_hybrid_medium,2,8,570,51042,2,0,0.10817690938711166,0
C2_global_hybrid_medium,2,8,574,51047,2,0,0.18701793253421783,0
C2_global_hybrid_medium,2,8,576,51049,2,0,0.11574865877628326,0
C2_global_hybrid_medium,2,8,584,51057,2,0,0.11108387261629105,0
C2_global_hybrid_medium,2,8,588,51061,2,0,0.10803157091140747,0
C2_global_hybrid_medium,2,8,593,51066,2,0,0.11687279492616653,0
C2_global_hybrid_medium,2,8,601,51075,2,0,0.12390372902154922,0
C2_global_hybrid_medium,2,8,633,51109,2,0,0.11143035441637039,0
C2_global_hybrid_medium,2,8,642,51122,2,0,0.11275474727153778,0
C2_global_hybrid_medium,2,8,645,51126,2,0,0.12101618945598602,0
C2_global_hybrid_medium,2,8,660,51141,2,0,0.8939909934997559,1
C2_global_hybrid_medium,2,8,673,51159,2,0,0.9366730451583862,1
C2_global_hybrid_medium,2,8,683,51177,1,1,0.9366939663887024,1
C2_global_hybrid_medium,2,8,698,51198,2,0,0.8377640247344971,1
C2_global_hybrid_medium,2,8,701,51203,1,1,0.9358779788017273,1
C2_global_hybrid_medium,2,8,715,51219,1,1,0.935364305973053,1
C2_global_hybrid_medium,2,8,717,51221,1,1,0.933092474937439,1
C2_global_hybrid_medium,2,8,722,51226,1,1,0.11217474192380905,0
C2_global_hybrid_medium,2,8,734,51248,1,1,0.935991108417511,1
C2_global_hybrid_medium,2,8,738,51252,2,0,0.9362457990646362,1
C2_global_hybrid_medium,2,8,748,51265,2,0,0.1103665679693222,0
C2_global_hybrid_medium,2,8,778,51307,2,0,0.9365466237068176,1
C2_global_hybrid_medium,2,8,785,51319,1,1,0.9365588426589966,1
C2_global_hybrid_medium,2,8,803,51339,2,0,0.10828205943107605,0
C2_global_hybrid_medium,2,8,817,51357,2,0,0.11143781989812851,0
C2_global_hybrid_medium,2,8,826,51370,2,0,0.1088997945189476,0
C2_global_hybrid_medium,2,8,828,51461,1,1,0.9345840811729431,1
C2_global_hybrid_medium,2,8,832,51473,1,1,0.7916111946105957,1
C2_global_hybrid_medium,2,8,839,51487,2,0,0.15101031959056854,0
C2_global_hybrid_medium,2,8,847,51560,2,0,0.11178386211395264,0
C2_global_hybrid_medium,2,8,851,51565,2,0,0.5117402672767639,1
C2_global_hybrid_medium,2,8,852,51566,2,0,0.10965817421674728,0
C2_global_hybrid_medium,2,8,857,51572,1,1,0.9331271648406982,1
C2_global_hybrid_medium,2,8,866,51583,1,1,0.9335063099861145,1
C2_global_hybrid_medium,2,9,9,50013,1,1,0.9545379281044006,1
C2_global_hybrid_medium,2,9,20,50028,1,1,0.9538352489471436,1
C2_global_hybrid_medium,2,9,27,50036,2,0,0.06835991889238358,0
C2_global_hybrid_medium,2,9,32,50041,2,0,0.06808275729417801,0
C2_global_hybrid_medium,2,9,37,50046,2,0,0.06560012698173523,0
C2_global_hybrid_medium,2,9,40,50049,2,0,0.06501472741365433,0
C2_global_hybrid_medium,2,9,42,50051,2,0,0.07182946056127548,0
C2_global_hybrid_medium,2,9,50,50102,2,0,0.06697456538677216,0
C2_global_hybrid_medium,2,9,66,50121,1,1,0.9543500542640686,1
C2_global_hybrid_medium,2,9,75,50132,1,1,0.9545478224754333,1
C2_global_hybrid_medium,2,9,83,50147,1,1,0.9543169140815735,1
C2_global_hybrid_medium,2,9,84,50148,1,1,0.9540870189666748,1
C2_global_hybrid_medium,2,9,87,50152,1,1,0.9531034231185913,1
C2_global_hybrid_medium,2,9,104,50183,1,1,0.9538010954856873,1
C2_global_hybrid_medium,2,9,121,50204,2,0,0.06502462178468704,0
C2_global_hybrid_medium,2,9,122,50205,2,0,0.06537788361310959,0
C2_global_hybrid_medium,2,9,123,50206,2,0,0.3970845639705658,0
C2_global_hybrid_medium,2,9,130,50232,1,1,0.9526559710502625,1
C2_global_hybrid_medium,2,9,132,50234,1,1,0.9540048837661743,1
C2_global_hybrid_medium,2,9,221,50352,2,0,0.5040476322174072,1
C2_global_hybrid_medium,2,9,226,50357,2,0,0.0676722377538681,0
C2_global_hybrid_medium,2,9,232,50363,2,0,0.949066698551178,1
C2_global_hybrid_medium,2,9,250,50383,2,0,0.06961993873119354,0
C2_global_hybrid_medium,2,9,258,50399,1,1,0.9540697932243347,1
C2_global_hybrid_medium,2,9,261,50404,1,1,0.9541687369346619,1
C2_global_hybrid_medium,2,9,262,50405,1,1,0.9539482593536377,1
C2_global_hybrid_medium,2,9,282,50428,2,0,0.06597407162189484,0
C2_global_hybrid_medium,2,9,284,50434,2,0,0.06573741137981415,0
C2_global_hybrid_medium,2,9,289,50439,2,0,0.06622283160686493,0
C2_global_hybrid_medium,2,9,291,50441,2,0,0.06804084777832031,0
C2_global_hybrid_medium,2,9,301,50463,2,0,0.06725820153951645,0
C2_global_hybrid_medium,2,9,323,50498,1,1,0.9524511694908142,1
C2_global_hybrid_medium,2,9,344,50527,1,1,0.9522488713264465,1
C2_global_hybrid_medium,2,9,358,50568,2,0,0.6718599200248718,1
C2_global_hybrid_medium,2,9,361,50571,2,0,0.4832383394241333,0
C2_global_hybrid_medium,2,9,363,50573,2,0,0.065495565533638,0
C2_global_hybrid_medium,2,9,380,50616,1,1,0.9539449214935303,1
C2_global_hybrid_medium,2,9,391,50642,1,1,0.9538220167160034,1
C2_global_hybrid_medium,2,9,397,50656,2,0,0.7398568391799927,1
C2_global_hybrid_medium,2,9,407,50688,2,0,0.06504412740468979,0
C2_global_hybrid_medium,2,9,415,50696,1,1,0.9528784155845642,1
C2_global_hybrid_medium,2,9,419,50700,1,1,0.9536460041999817,1
C2_global_hybrid_medium,2,9,420,50701,2,0,0.0650094598531723,0
C2_global_hybrid_medium,2,9,427,50708,1,1,0.9534544944763184,1
C2_global_hybrid_medium,2,9,446,50743,1,1,0.9536042809486389,1
C2_global_hybrid_medium,2,9,461,50775,2,0,0.0651635229587555,0
C2_global_hybrid_medium,2,9,472,50792,1,1,0.9544944763183594,1
C2_global_hybrid_medium,2,9,481,50812,2,0,0.06597886979579926,0
C2_global_hybrid_medium,2,9,491,50952,1,1,0.9540627002716064,1
C2_global_hybrid_medium,2,9,498,50960,1,1,0.9319320917129517,1
C2_global_hybrid_medium,2,9,511,50976,1,1,0.954554557800293,1
C2_global_hybrid_medium,2,9,524,50990,1,1,0.952736496925354,1
C2_global_hybrid_medium,2,9,539,51008,1,1,0.9494093656539917,1
C2_global_hybrid_medium,2,9,541,51010,1,1,0.9542686343193054,1
C2_global_hybrid_medium,2,9,543,51012,1,1,0.7264028787612915,1
C2_global_hybrid_medium,2,9,563,51034,1,1,0.9531046152114868,1
C2_global_hybrid_medium,2,9,564,51035,1,1,0.9534779787063599,1
C2_global_hybrid_medium,2,9,592,51065,2,0,0.06766346096992493,0
C2_global_hybrid_medium,2,9,604,51078,2,0,0.06868638098239899,0
C2_global_hybrid_medium,2,9,605,51079,2,0,0.9537678956985474,1
C2_global_hybrid_medium,2,9,608,51082,2,0,0.23895803093910217,0
C2_global_hybrid_medium,2,9,620,51095,2,0,0.9544802308082581,1
C2_global_hybrid_medium,2,9,624,51099,2,0,0.06503169238567352,0
C2_global_hybrid_medium,2,9,632,51107,2,0,0.9532460570335388,1
C2_global_hybrid_medium,2,9,643,51123,2,0,0.06513048708438873,0
C2_global_hybrid_medium,2,9,654,51135,2,0,0.2898136377334595,0
C2_global_hybrid_medium,2,9,667,51151,2,0,0.06563267111778259,0
C2_global_hybrid_medium,2,9,680,51170,1,1,0.9543547034263611,1
C2_global_hybrid_medium,2,9,699,51201,1,1,0.9544903635978699,1
C2_global_hybrid_medium,2,9,708,51211,1,1,0.9544463753700256,1
C2_global_hybrid_medium,2,9,712,51216,1,1,0.06549441069364548,0
C2_global_hybrid_medium,2,9,736,51250,2,0,0.06746593862771988,0
C2_global_hybrid_medium,2,9,739,51253,2,0,0.06522329896688461,0
C2_global_hybrid_medium,2,9,740,51254,2,0,0.06799469143152237,0
C2_global_hybrid_medium,2,9,742,51256,2,0,0.0680169016122818,0
C2_global_hybrid_medium,2,9,752,51269,2,0,0.06620732694864273,0
C2_global_hybrid_medium,2,9,756,51275,2,0,0.06763891130685806,0
C2_global_hybrid_medium,2,9,784,51318,1,1,0.9528871774673462,1
C2_global_hybrid_medium,2,9,788,51322,1,1,0.9528944492340088,1
C2_global_hybrid_medium,2,9,789,51323,1,1,0.95440274477005,1
C2_global_hybrid_medium,2,9,794,51329,1,1,0.09926430881023407,0
C2_global_hybrid_medium,2,9,802,51338,2,0,0.9541304707527161,1
C2_global_hybrid_medium,2,9,822,51363,2,0,0.10587102174758911,0
C2_global_hybrid_medium,2,9,825,51369,2,0,0.0663374736905098,0
C2_global_hybrid_medium,2,9,827,51373,2,0,0.06562399864196777,0
C2_global_hybrid_medium,2,9,842,51493,2,0,0.06533224135637283,0
C2_global_hybrid_medium,2,9,864,51580,1,1,0.9544638395309448,1
C2_global_hybrid_medium,2,10,11,50015,1,1,0.9387252926826477,1
C2_global_hybrid_medium,2,10,16,50024,1,1,0.939764678478241,1
C2_global_hybrid_medium,2,10,18,50026,1,1,0.9397537708282471,1
C2_global_hybrid_medium,2,10,33,50042,2,0,0.056894849985837936,0
C2_global_hybrid_medium,2,10,36,50045,2,0,0.25109800696372986,0
C2_global_hybrid_medium,2,10,41,50050,2,0,0.05887702852487564,0
C2_global_hybrid_medium,2,10,43,50052,2,0,0.9070129990577698,1
C2_global_hybrid_medium,2,10,54,50106,2,0,0.8798708915710449,1
C2_global_hybrid_medium,2,10,74,50131,1,1,0.9337968230247498,1
C2_global_hybrid_medium,2,10,99,50168,2,0,0.059509359300136566,0
C2_global_hybrid_medium,2,10,106,50186,1,1,0.9394638538360596,1
C2_global_hybrid_medium,2,10,109,50189,1,1,0.9394773244857788,1
C2_global_hybrid_medium,2,10,110,50190,1,1,0.9385877251625061,1
C2_global_hybrid_medium,2,10,150,50259,2,0,0.10453463345766068,0
C2_global_hybrid_medium,2,10,158,50267,2,0,0.05689319595694542,0
C2_global_hybrid_medium,2,10,188,50312,1,1,0.9392170906066895,1
C2_global_hybrid_medium,2,10,194,50321,1,1,0.9391511678695679,1
C2_global_hybrid_medium,2,10,233,50364,2,0,0.3856499493122101,0
C2_global_hybrid_medium,2,10,239,50370,2,0,0.056966666132211685,0
C2_global_hybrid_medium,2,10,245,50377,2,0,0.057622067630290985,0
C2_global_hybrid_medium,2,10,252,50386,2,0,0.05726630985736847,0
C2_global_hybrid_medium,2,10,257,50397,1,1,0.9392477869987488,1
C2_global_hybrid_medium,2,10,263,50406,1,1,0.9385208487510681,1
C2_global_hybrid_medium,2,10,268,50412,1,1,0.9384939670562744,1
C2_global_hybrid_medium,2,10,270,50414,2,0,0.11376094818115234,0
C2_global_hybrid_medium,2,10,273,50417,2,0,0.06106055900454521,0
C2_global_hybrid_medium,2,10,294,50444,2,0,0.29310736060142517,0
C2_global_hybrid_medium,2,10,303,50467,2,0,0.05955355986952782,0
C2_global_hybrid_medium,2,10,304,50468,2,0,0.05674203112721443,0
C2_global_hybrid_medium,2,10,317,50491,1,1,0.9371867775917053,1
C2_global_hybrid_medium,2,10,324,50499,1,1,0.9397653937339783,1
C2_global_hybrid_medium,2,10,366,50576,2,0,0.05736282467842102,0
C2_global_hybrid_medium,2,10,372,50604,1,1,0.9387751221656799,1
C2_global_hybrid_medium,2,10,394,50648,1,1,0.6293830871582031,1
C2_global_hybrid_medium,2,10,430,50722,2,0,0.06140190362930298,0
C2_global_hybrid_medium,2,10,434,50726,2,0,0.13824163377285004,0
C2_global_hybrid_medium,2,10,443,50740,2,0,0.056904807686805725,0
C2_global_hybrid_medium,2,10,459,50773,2,0,0.056889694184064865,0
C2_global_hybrid_medium,2,10,475,50798,1,1,0.057471420615911484,0
C2_global_hybrid_medium,2,10,482,50814,2,0,0.241676926612854,0
C2_global_hybrid_medium,2,10,490,50824,1,1,0.5462347269058228,1
C2_global_hybrid_medium,2,10,494,50956,1,1,0.9387465119361877,1
C2_global_hybrid_medium,2,10,501,50964,1,1,0.9396913051605225,1
C2_global_hybrid_medium,2,10,507,50970,1,1,0.939794659614563,1
C2_global_hybrid_medium,2,10,509,50973,1,1,0.9397566914558411,1
C2_global_hybrid_medium,2,10,512,50977,1,1,0.9388673305511475,1
C2_global_hybrid_medium,2,10,518,50984,1,1,0.9397289156913757,1
C2_global_hybrid_medium,2,10,519,50985,1,1,0.9384899735450745,1
C2_global_hybrid_medium,2,10,523,50989,1,1,0.9385778307914734,1
C2_global_hybrid_medium,2,10,527,50993,1,1,0.938025712966919,1
C2_global_hybrid_medium,2,10,528,50994,1,1,0.9395388960838318,1
C2_global_hybrid_medium,2,10,529,50995,1,1,0.9380208253860474,1
C2_global_hybrid_medium,2,10,533,51000,1,1,0.9397789239883423,1
C2_global_hybrid_medium,2,10,535,51002,1,1,0.9348598718643188,1
C2_global_hybrid_medium,2,10,547,51016,1,1,0.9383580088615417,1
C2_global_hybrid_medium,2,10,549,51018,1,1,0.9385372996330261,1
C2_global_hybrid_medium,2,10,557,51027,1,1,0.9380331635475159,1
C2_global_hybrid_medium,2,10,565,51036,2,0,0.056782253086566925,0
C2_global_hybrid_medium,2,10,567,51039,2,0,0.058330051600933075,0
C2_global_hybrid_medium,2,10,573,51046,2,0,0.7481812238693237,1
C2_global_hybrid_medium,2,10,578,51051,2,0,0.06266902387142181,0
C2_global_hybrid_medium,2,10,591,51064,2,0,0.056901756674051285,0
C2_global_hybrid_medium,2,10,617,51091,2,0,0.058274589478969574,0
C2_global_hybrid_medium,2,10,618,51093,2,0,0.057365477085113525,0
C2_global_hybrid_medium,2,10,619,51094,2,0,0.06366264820098877,0
C2_global_hybrid_medium,2,10,626,51101,2,0,0.06405502557754517,0
C2_global_hybrid_medium,2,10,636,51112,2,0,0.06055898219347,0
C2_global_hybrid_medium,2,10,641,51118,2,0,0.8738909959793091,1
C2_global_hybrid_medium,2,10,649,51130,2,0,0.938795268535614,1
C2_global_hybrid_medium,2,10,662,51146,2,0,0.05919693782925606,0
C2_global_hybrid_medium,2,10,666,51150,2,0,0.058266378939151764,0
C2_global_hybrid_medium,2,10,692,51187,2,0,0.05670194700360298,0
C2_global_hybrid_medium,2,10,696,51194,2,0,0.14695560932159424,0
C2_global_hybrid_medium,2,10,702,51204,1,1,0.9380722641944885,1
C2_global_hybrid_medium,2,10,707,51210,1,1,0.9372259378433228,1
C2_global_hybrid_medium,2,10,758,51277,2,0,0.0568930059671402,0
C2_global_hybrid_medium,2,10,761,51280,2,0,0.05888080596923828,0
C2_global_hybrid_medium,2,10,764,51292,1,1,0.9375271797180176,1
C2_global_hybrid_medium,2,10,765,51293,1,1,0.9385297298431396,1
C2_global_hybrid_medium,2,10,777,51306,2,0,0.4378463327884674,0
C2_global_hybrid_medium,2,10,782,51313,2,0,0.06345248222351074,0
C2_global_hybrid_medium,2,10,796,51331,1,1,0.9398004412651062,1
C2_global_hybrid_medium,2,10,797,51332,2,0,0.05921126529574394,0
C2_global_hybrid_medium,2,10,800,51335,2,0,0.07364553958177567,0
C2_global_hybrid_medium,2,10,819,51360,2,0,0.08721857517957687,0
C2_global_hybrid_medium,2,10,850,51564,2,0,0.0569058395922184,0
C2_global_hybrid_medium,2,10,860,51576,1,1,0.2282501608133316,0
C3_global_hybrid_strong,0,1,10,50014,1,1,0.9274271130561829,1
C3_global_hybrid_strong,0,1,14,50022,1,1,0.09159085899591446,0
C3_global_hybrid_strong,0,1,36,50045,2,0,0.42551976442337036,0
C3_global_hybrid_strong,0,1,42,50051,2,0,0.8985742330551147,1
C3_global_hybrid_strong,0,1,49,50060,2,0,0.11610274016857147,0
C3_global_hybrid_strong,0,1,53,50105,2,0,0.2194497138261795,0
C3_global_hybrid_strong,0,1,63,50117,2,0,0.14433278143405914,0
C3_global_hybrid_strong,0,1,67,50123,1,1,0.9310230612754822,1
C3_global_hybrid_strong,0,1,83,50147,1,1,0.7336570620536804,1
C3_global_hybrid_strong,0,1,84,50148,1,1,0.9287173748016357,1
C3_global_hybrid_strong,0,1,96,50163,2,0,0.19676385819911957,0
C3_global_hybrid_strong,0,1,97,50164,2,0,0.07853864878416061,0
C3_global_hybrid_strong,0,1,111,50193,2,0,0.07814881205558777,0
C3_global_hybrid_strong,0,1,114,50196,2,0,0.33888009190559387,0
C3_global_hybrid_strong,0,1,123,50206,2,0,0.5196409225463867,1
C3_global_hybrid_strong,0,1,131,50233,1,1,0.9288358688354492,1
C3_global_hybrid_strong,0,1,132,50234,1,1,0.8422935605049133,1
C3_global_hybrid_strong,0,1,136,50240,1,1,0.928868293762207,1
C3_global_hybrid_strong,0,1,141,50248,1,1,0.9296494126319885,1
C3_global_hybrid_strong,0,1,145,50252,1,1,0.3484756052494049,0
C3_global_hybrid_strong,0,1,146,50253,1,1,0.8155019283294678,1
C3_global_hybrid_strong,0,1,148,50255,1,1,0.9296702742576599,1
C3_global_hybrid_strong,0,1,152,50261,2,0,0.8322817087173462,1
C3_global_hybrid_strong,0,1,154,50263,2,0,0.07711216062307358,0
C3_global_hybrid_strong,0,1,164,50273,1,1,0.9285141229629517,1
C3_global_hybrid_strong,0,1,184,50302,1,1,0.9309649467468262,1
C3_global_hybrid_strong,0,1,202,50333,2,0,0.07987401634454727,0
C3_global_hybrid_strong,0,1,204,50335,2,0,0.07914090156555176,0
C3_global_hybrid_strong,0,1,210,50341,2,0,0.0794140174984932,0
C3_global_hybrid_strong,0,1,223,50354,2,0,0.08118171244859695,0
C3_global_hybrid_strong,0,1,241,50373,2,0,0.10189158469438553,0
C3_global_hybrid_strong,0,1,266,50410,1,1,0.9245402812957764,1
C3_global_hybrid_strong,0,1,271,50415,2,0,0.08876042068004608,0
C3_global_hybrid_strong,0,1,275,50419,2,0,0.07722266018390656,0
C3_global_hybrid_strong,0,1,278,50424,2,0,0.07699475437402725,0
C3_global_hybrid_strong,0,1,286,50436,2,0,0.20552368462085724,0
C3_global_hybrid_strong,0,1,292,50442,2,0,0.08693703263998032,0
C3_global_hybrid_strong,0,1,302,50466,2,0,0.07882959395647049,0
C3_global_hybrid_strong,0,1,303,50467,2,0,0.18680599331855774,0
C3_global_hybrid_strong,0,1,323,50498,1,1,0.9267482161521912,1
C3_global_hybrid_strong,0,1,326,50501,1,1,0.928836464881897,1
C3_global_hybrid_strong,0,1,346,50529,1,1,0.9278429746627808,1
C3_global_hybrid_strong,0,1,349,50532,1,1,0.9289950728416443,1
C3_global_hybrid_strong,0,1,352,50555,2,0,0.07749231904745102,0
C3_global_hybrid_strong,0,1,353,50557,2,0,0.07895991206169128,0
C3_global_hybrid_strong,0,1,360,50570,2,0,0.07903791964054108,0
C3_global_hybrid_strong,0,1,390,50628,1,1,0.9305226802825928,1
C3_global_hybrid_strong,0,1,397,50656,2,0,0.18139959871768951,0
C3_global_hybrid_strong,0,1,405,50686,1,1,0.9287779927253723,1
C3_global_hybrid_strong,0,1,408,50689,1,1,0.9308606386184692,1
C3_global_hybrid_strong,0,1,430,50722,2,0,0.07902126759290695,0
C3_global_hybrid_strong,0,1,435,50728,2,0,0.5211042761802673,1
C3_global_hybrid_strong,0,1,446,50743,1,1,0.9310413599014282,1
C3_global_hybrid_strong,0,1,451,50750,1,1,0.9299134612083435,1
C3_global_hybrid_strong,0,1,475,50798,1,1,0.08564276248216629,0
C3_global_hybrid_strong,0,1,476,50799,1,1,0.9308427572250366,1
C3_global_hybrid_strong,0,1,481,50812,2,0,0.07905775308609009,0
C3_global_hybrid_strong,0,1,490,50824,1,1,0.5307583808898926,1
C3_global_hybrid_strong,0,1,511,50976,1,1,0.9308549761772156,1
C3_global_hybrid_strong,0,1,522,50988,1,1,0.9307389855384827,1
C3_global_hybrid_strong,0,1,525,50991,1,1,0.8370113372802734,1
C3_global_hybrid_strong,0,1,537,51006,1,1,0.9309442043304443,1
C3_global_hybrid_strong,0,1,541,51010,1,1,0.7288574576377869,1
C3_global_hybrid_strong,0,1,557,51027,1,1,0.8690376281738281,1
C3_global_hybrid_strong,0,1,559,51029,1,1,0.8431296348571777,1
C3_global_hybrid_strong,0,1,579,51052,2,0,0.08330335468053818,0
C3_global_hybrid_strong,0,1,584,51057,2,0,0.08303789794445038,0
C3_global_hybrid_strong,0,1,633,51109,2,0,0.08124691247940063,0
C3_global_hybrid_strong,0,1,636,51112,2,0,0.0859311893582344,0
C3_global_hybrid_strong,0,1,648,51129,2,0,0.08327561616897583,0
C3_global_hybrid_strong,0,1,655,51136,2,0,0.10589843988418579,0
C3_global_hybrid_strong,0,1,670,51154,2,0,0.08831853419542313,0
C3_global_hybrid_strong,0,1,692,51187,2,0,0.07697010040283203,0
C3_global_hybrid_strong,0,1,695,51192,2,0,0.0782545655965805,0
C3_global_hybrid_strong,0,1,696,51194,2,0,0.8087291717529297,1
C3_global_hybrid_strong,0,1,727,51234,1,1,0.9272314310073853,1
C3_global_hybrid_strong,0,1,732,51240,1,1,0.9293860793113708,1
C3_global_hybrid_strong,0,1,762,51281,2,0,0.08847864717245102,0
C3_global_hybrid_strong,0,1,765,51293,1,1,0.9308562278747559,1
C3_global_hybrid_strong,0,1,766,51294,1,1,0.5774514675140381,1
C3_global_hybrid_strong,0,1,779,51308,2,0,0.09705144912004471,0
C3_global_hybrid_strong,0,1,795,51330,1,1,0.9288313984870911,1
C3_global_hybrid_strong,0,1,798,51333,2,0,0.07847531139850616,0
C3_global_hybrid_strong,0,1,825,51369,2,0,0.08686026930809021,0
C3_global_hybrid_strong,0,1,828,51461,1,1,0.9310170412063599,1
C3_global_hybrid_strong,0,1,839,51487,2,0,0.2554701566696167,0
C3_global_hybrid_strong,0,1,854,51568,2,0,0.08738166838884354,0
C3_global_hybrid_strong,0,1,862,51578,1,1,0.9254319071769714,1
C3_global_hybrid_strong,0,2,2,50005,1,1,0.9228790402412415,1
C3_global_hybrid_strong,0,2,3,50006,1,1,0.9229193925857544,1
C3_global_hybrid_strong,0,2,4,50007,1,1,0.9218971729278564,1
C3_global_hybrid_strong,0,2,20,50028,1,1,0.9240617752075195,1
C3_global_hybrid_strong,0,2,27,50036,2,0,0.09618868678808212,0
C3_global_hybrid_strong,0,2,35,50044,2,0,0.09333433210849762,0
C3_global_hybrid_strong,0,2,45,50054,2,0,0.922231912612915,1
C3_global_hybrid_strong,0,2,57,50111,2,0,0.09334472566843033,0
C3_global_hybrid_strong,0,2,61,50115,2,0,0.1008293479681015,0
C3_global_hybrid_strong,0,2,69,50125,1,1,0.9230406284332275,1
C3_global_hybrid_strong,0,2,79,50143,1,1,0.9199733734130859,1
C3_global_hybrid_strong,0,2,87,50152,1,1,0.9231852889060974,1
C3_global_hybrid_strong,0,2,116,50199,2,0,0.09434512257575989,0
C3_global_hybrid_strong,0,2,122,50205,2,0,0.09422317147254944,0
C3_global_hybrid_strong,0,2,130,50232,1,1,0.9205622673034668,1
C3_global_hybrid_strong,0,2,133,50236,1,1,0.9226653575897217,1
C3_global_hybrid_strong,0,2,147,50254,1,1,0.9240841269493103,1
C3_global_hybrid_strong,0,2,162,50271,2,0,0.0960320383310318,0
C3_global_hybrid_strong,0,2,170,50284,1,1,0.7253673672676086,1
C3_global_hybrid_strong,0,2,171,50285,1,1,0.11477289348840714,0
C3_global_hybrid_strong,0,2,183,50301,1,1,0.920900821685791,1
C3_global_hybrid_strong,0,2,192,50319,1,1,0.923684298992157,1
C3_global_hybrid_strong,0,2,197,50327,2,0,0.13109736144542694,0
C3_global_hybrid_strong,0,2,217,50348,2,0,0.16560350358486176,0
C3_global_hybrid_strong,0,2,218,50349,2,0,0.10102329403162003,0
C3_global_hybrid_strong,0,2,222,50353,2,0,0.23477287590503693,0
C3_global_hybrid_strong,0,2,232,50363,2,0,0.22692380845546722,0
C3_global_hybrid_strong,0,2,234,50365,2,0,0.09463672339916229,0
C3_global_hybrid_strong,0,2,257,50397,1,1,0.923011064529419,1
C3_global_hybrid_strong,0,2,270,50414,2,0,0.8361687660217285,1
C3_global_hybrid_strong,0,2,282,50428,2,0,0.09327974170446396,0
C3_global_hybrid_strong,0,2,283,50433,2,0,0.09777557849884033,0
C3_global_hybrid_strong,0,2,294,50444,2,0,0.36146625876426697,0
C3_global_hybrid_strong,0,2,307,50477,1,1,0.9233290553092957,1
C3_global_hybrid_strong,0,2,316,50490,1,1,0.9239863753318787,1
C3_global_hybrid_strong,0,2,357,50565,2,0,0.3059360086917877,0
C3_global_hybrid_strong,0,2,363,50573,2,0,0.1239214539527893,0
C3_global_hybrid_strong,0,2,364,50574,2,0,0.11267396807670593,0
C3_global_hybrid_strong,0,2,372,50604,1,1,0.9211339950561523,1
C3_global_hybrid_strong,0,2,381,50619,1,1,0.9236992597579956,1
C3_global_hybrid_strong,0,2,385,50623,1,1,0.9241161942481995,1
C3_global_hybrid_strong,0,2,394,50648,1,1,0.19290907680988312,0
C3_global_hybrid_strong,0,2,399,50664,2,0,0.16079887747764587,0
C3_global_hybrid_strong,0,2,407,50688,2,0,0.36709922552108765,0
C3_global_hybrid_strong,0,2,410,50691,2,0,0.09326101839542389,0
C3_global_hybrid_strong,0,2,417,50698,2,0,0.5746053457260132,1
C3_global_hybrid_strong,0,2,426,50707,2,0,0.09312812238931656,0
C3_global_hybrid_strong,0,2,450,50749,1,1,0.9240164756774902,1
C3_global_hybrid_strong,0,2,453,50752,1,1,0.9192984104156494,1
C3_global_hybrid_strong,0,2,462,50776,2,0,0.0940731093287468,0
C3_global_hybrid_strong,0,2,465,50780,2,0,0.2500157654285431,0
C3_global_hybrid_strong,0,2,478,50801,1,1,0.9203541278839111,1
C3_global_hybrid_strong,0,2,489,50823,1,1,0.8849884271621704,1
C3_global_hybrid_strong,0,2,513,50978,1,1,0.9192274808883667,1
C3_global_hybrid_strong,0,2,528,50994,1,1,0.9219876527786255,1
C3_global_hybrid_strong,0,2,535,51002,1,1,0.9233519434928894,1
C3_global_hybrid_strong,0,2,543,51012,1,1,0.9222845435142517,1
C3_global_hybrid_strong,0,2,544,51013,1,1,0.8003365993499756,1
C3_global_hybrid_strong,0,2,546,51015,1,1,0.17509812116622925,0
C3_global_hybrid_strong,0,2,553,51023,1,1,0.9184406399726868,1
C3_global_hybrid_strong,0,2,558,51028,1,1,0.9220055937767029,1
C3_global_hybrid_strong,0,2,568,51040,2,0,0.10904212296009064,0
C3_global_hybrid_strong,0,2,572,51045,2,0,0.10627053678035736,0
C3_global_hybrid_strong,0,2,585,51058,2,0,0.09775427728891373,0
C3_global_hybrid_strong,0,2,592,51065,2,0,0.10197421163320541,0
C3_global_hybrid_strong,0,2,596,51069,2,0,0.10903860628604889,0
C3_global_hybrid_strong,0,2,612,51086,2,0,0.09755046665668488,0
C3_global_hybrid_strong,0,2,629,51104,2,0,0.09431936591863632,0
C3_global_hybrid_strong,0,2,642,51122,2,0,0.10302849113941193,0
C3_global_hybrid_strong,0,2,645,51126,2,0,0.11431014537811279,0
C3_global_hybrid_strong,0,2,646,51127,2,0,0.8720462918281555,1
C3_global_hybrid_strong,0,2,651,51132,2,0,0.09591685235500336,0
C3_global_hybrid_strong,0,2,681,51171,1,1,0.9165984392166138,1
C3_global_hybrid_strong,0,2,683,51177,1,1,0.9240148663520813,1
C3_global_hybrid_strong,0,2,690,51184,2,0,0.6115556955337524,1
C3_global_hybrid_strong,0,2,691,51185,2,0,0.7461751699447632,1
C3_global_hybrid_strong,0,2,718,51222,1,1,0.11076947301626205,0
C3_global_hybrid_strong,0,2,722,51226,1,1,0.13238172233104706,0
C3_global_hybrid_strong,0,2,728,51235,1,1,0.9226561784744263,1
C3_global_hybrid_strong,0,2,742,51256,2,0,0.09771858155727386,0
C3_global_hybrid_strong,0,2,753,51271,2,0,0.10299750417470932,0
C3_global_hybrid_strong,0,2,793,51328,1,1,0.9229406118392944,1
C3_global_hybrid_strong,0,2,820,51361,2,0,0.09351566433906555,0
C3_global_hybrid_strong,0,2,824,51365,2,0,0.10189720243215561,0
C3_global_hybrid_strong,0,2,832,51473,1,1,0.5365065932273865,1
C3_global_hybrid_strong,0,2,840,51488,2,0,0.16313914954662323,0
C3_global_hybrid_strong,0,2,869,51606,1,1,0.09968192875385284,0
C3_global_hybrid_strong,0,3,21,50030,2,0,0.8459374308586121,1
C3_global_hybrid_strong,0,3,32,50041,2,0,0.05275078862905502,0
C3_global_hybrid_strong,0,3,34,50043,2,0,0.27420806884765625,0
C3_global_hybrid_strong,0,3,37,50046,2,0,0.051324278116226196,0
C3_global_hybrid_strong,0,3,70,50127,1,1,0.09772100299596786,0
C3_global_hybrid_strong,0,3,74,50131,1,1,0.9037458896636963,1
C3_global_hybrid_strong,0,3,86,50150,1,1,0.8517422080039978,1
C3_global_hybrid_strong,0,3,100,50169,2,0,0.05134474113583565,0
C3_global_hybrid_strong,0,3,119,50202,2,0,0.05178237333893776,0
C3_global_hybrid_strong,0,3,151,50260,2,0,0.051558125764131546,0
C3_global_hybrid_strong,0,3,159,50268,2,0,0.0515776127576828,0
C3_global_hybrid_strong,0,3,160,50269,2,0,0.10798333585262299,0
C3_global_hybrid_strong,0,3,163,50272,1,1,0.9199090003967285,1
C3_global_hybrid_strong,0,3,181,50298,1,1,0.8599308133125305,1
C3_global_hybrid_strong,0,3,187,50310,1,1,0.9156949520111084,1
C3_global_hybrid_strong,0,3,207,50338,2,0,0.05249951407313347,0
C3_global_hybrid_strong,0,3,258,50399,1,1,0.8984488248825073,1
C3_global_hybrid_strong,0,3,262,50405,1,1,0.9201107025146484,1
C3_global_hybrid_strong,0,3,264,50407,1,1,0.9199801087379456,1
C3_global_hybrid_strong,0,3,284,50434,2,0,0.05133791267871857,0
C3_global_hybrid_strong,0,3,287,50437,2,0,0.9114131927490234,1
C3_global_hybrid_strong,0,3,297,50447,2,0,0.1743428111076355,0
C3_global_hybrid_strong,0,3,310,50482,1,1,0.9166614413261414,1
C3_global_hybrid_strong,0,3,319,50493,1,1,0.9155884981155396,1
C3_global_hybrid_strong,0,3,327,50502,1,1,0.9197918772697449,1
C3_global_hybrid_strong,0,3,329,50504,1,1,0.9153044819831848,1
C3_global_hybrid_strong,0,3,333,50514,1,1,0.8531308770179749,1
C3_global_hybrid_strong,0,3,335,50516,1,1,0.917014479637146,1
C3_global_hybrid_strong,0,3,337,50519,1,1,0.916688859462738,1
C3_global_hybrid_strong,0,3,368,50578,2,0,0.7133553624153137,1
C3_global_hybrid_strong,0,3,370,50602,1,1,0.9195408821105957,1
C3_global_hybrid_strong,0,3,371,50603,1,1,0.91888028383255,1
C3_global_hybrid_strong,0,3,379,50615,1,1,0.9180700778961182,1
C3_global_hybrid_strong,0,3,411,50692,2,0,0.05134531855583191,0
C3_global_hybrid_strong,0,3,425,50706,2,0,0.05459846928715706,0
C3_global_hybrid_strong,0,3,434,50726,2,0,0.10828260332345963,0
C3_global_hybrid_strong,0,3,439,50735,2,0,0.05128573626279831,0
C3_global_hybrid_strong,0,3,444,50741,2,0,0.05130345746874809,0
C3_global_hybrid_strong,0,3,456,50756,1,1,0.9200921654701233,1
C3_global_hybrid_strong,0,3,457,50757,1,1,0.2567400634288788,0
C3_global_hybrid_strong,0,3,497,50959,1,1,0.8678959012031555,1
C3_global_hybrid_strong,0,3,499,50961,1,1,0.5834953188896179,1
C3_global_hybrid_strong,0,3,502,50965,1,1,0.9193811416625977,1
C3_global_hybrid_strong,0,3,507,50970,1,1,0.9203422665596008,1
C3_global_hybrid_strong,0,3,514,50979,1,1,0.7813773155212402,1
C3_global_hybrid_strong,0,3,539,51008,1,1,0.0532398484647274,0
C3_global_hybrid_strong,0,3,562,51033,1,1,0.872653067111969,1
C3_global_hybrid_strong,0,3,576,51049,2,0,0.054084185510873795,0
C3_global_hybrid_strong,0,3,589,51062,2,0,0.055709850043058395,0
C3_global_hybrid_strong,0,3,605,51079,2,0,0.6576987504959106,1
C3_global_hybrid_strong,0,3,622,51097,2,0,0.05701762065291405,0
C3_global_hybrid_strong,0,3,626,51101,2,0,0.05147617310285568,0
C3_global_hybrid_strong,0,3,640,51117,2,0,0.05293547362089157,0
C3_global_hybrid_strong,0,3,661,51142,2,0,0.05130738019943237,0
C3_global_hybrid_strong,0,3,662,51146,2,0,0.05357922986149788,0
C3_global_hybrid_strong,0,3,669,51153,2,0,0.052942290902137756,0
C3_global_hybrid_strong,0,3,676,51163,1,1,0.4067908227443695,0
C3_global_hybrid_strong,0,3,678,51168,1,1,0.18978863954544067,0
C3_global_hybrid_strong,0,3,686,51180,2,0,0.05135728046298027,0
C3_global_hybrid_strong,0,3,688,51182,2,0,0.05129089578986168,0
C3_global_hybrid_strong,0,3,709,51212,1,1,0.9074482917785645,1
C3_global_hybrid_strong,0,3,710,51214,1,1,0.9171176552772522,1
C3_global_hybrid_strong,0,3,713,51217,1,1,0.05526084452867508,0
C3_global_hybrid_strong,0,3,714,51218,1,1,0.9074441194534302,1
C3_global_hybrid_strong,0,3,716,51220,1,1,0.8953693509101868,1
C3_global_hybrid_strong,0,3,723,51228,1,1,0.9185275435447693,1
C3_global_hybrid_strong,0,3,737,51251,2,0,0.24295301735401154,0
C3_global_hybrid_strong,0,3,739,51253,2,0,0.08214987814426422,0
C3_global_hybrid_strong,0,3,745,51261,2,0,0.053017571568489075,0
C3_global_hybrid_strong,0,3,747,51264,2,0,0.05319792777299881,0
C3_global_hybrid_strong,0,3,754,51272,2,0,0.055390533059835434,0
C3_global_hybrid_strong,0,3,755,51273,2,0,0.9016381502151489,1
C3_global_hybrid_strong,0,3,756,51275,2,0,0.05272355303168297,0
C3_global_hybrid_strong,0,3,780,51309,2,0,0.920375645160675,1
C3_global_hybrid_strong,0,3,786,51320,1,1,0.9166586399078369,1
C3_global_hybrid_strong,0,3,791,51326,1,1,0.8983940482139587,1
C3_global_hybrid_strong,0,3,800,51335,2,0,0.09298965334892273,0
C3_global_hybrid_strong,0,3,806,51342,2,0,0.12503588199615479,0
C3_global_hybrid_strong,0,3,819,51360,2,0,0.05682055279612541,0
C3_global_hybrid_strong,0,3,831,51465,1,1,0.9201855659484863,1
C3_global_hybrid_strong,0,3,834,51479,2,0,0.05128561332821846,0
C3_global_hybrid_strong,0,3,836,51481,2,0,0.052081670612096786,0
C3_global_hybrid_strong,0,3,842,51493,2,0,0.05422095209360123,0
C3_global_hybrid_strong,0,3,852,51566,2,0,0.05220896378159523,0
C3_global_hybrid_strong,0,3,853,51567,2,0,0.05133858695626259,0
C3_global_hybrid_strong,0,3,857,51572,1,1,0.9137627482414246,1
C3_global_hybrid_strong,0,3,868,51585,1,1,0.9198306798934937,1
C3_global_hybrid_strong,0,4,8,50012,1,1,0.6201306581497192,1
C3_global_hybrid_strong,0,4,13,50020,1,1,0.8664067387580872,1
C3_global_hybrid_strong,0,4,17,50025,1,1,0.8496232628822327,1
C3_global_hybrid_strong,0,4,29,50038,2,0,0.1295209527015686,0
C3_global_hybrid_strong,0,4,33,50042,2,0,0.1521575003862381,0
C3_global_hybrid_strong,0,4,43,50052,2,0,0.15288124978542328,0
C3_global_hybrid_strong,0,4,46,50056,1,1,0.8662147521972656,1
C3_global_hybrid_strong,0,4,55,50107,2,0,0.17082583904266357,0
C3_global_hybrid_strong,0,4,56,50109,2,0,0.15565930306911469,0
C3_global_hybrid_strong,0,4,58,50112,2,0,0.12946337461471558,0
C3_global_hybrid_strong,0,4,66,50121,1,1,0.8659623861312866,1
C3_global_hybrid_strong,0,4,72,50129,1,1,0.8659815788269043,1
C3_global_hybrid_strong,0,4,88,50153,1,1,0.6752861738204956,1
C3_global_hybrid_strong,0,4,99,50168,2,0,0.12795013189315796,0
C3_global_hybrid_strong,0,4,103,50182,1,1,0.8395135402679443,1
C3_global_hybrid_strong,0,4,106,50186,1,1,0.7510260343551636,1
C3_global_hybrid_strong,0,4,109,50189,1,1,0.8441656231880188,1
C3_global_hybrid_strong,0,4,113,50195,2,0,0.1252305805683136,0
C3_global_hybrid_strong,0,4,126,50213,2,0,0.12509608268737793,0
C3_global_hybrid_strong,0,4,135,50239,1,1,0.8534073829650879,1
C3_global_hybrid_strong,0,4,144,50251,1,1,0.28884080052375793,0
C3_global_hybrid_strong,0,4,158,50267,2,0,0.125309556722641,0
C3_global_hybrid_strong,0,4,172,50287,1,1,0.13009144365787506,0
C3_global_hybrid_strong,0,4,175,50291,1,1,0.25118061900138855,0
C3_global_hybrid_strong,0,4,200,50331,2,0,0.13107241690158844,0
C3_global_hybrid_strong,0,4,211,50342,2,0,0.1416933536529541,0
C3_global_hybrid_strong,0,4,230,50361,2,0,0.1300792545080185,0
C3_global_hybrid_strong,0,4,231,50362,2,0,0.12518848478794098,0
C3_global_hybrid_strong,0,4,236,50367,2,0,0.12534445524215698,0
C3_global_hybrid_strong,0,4,243,50375,2,0,0.13092078268527985,0
C3_global_hybrid_strong,0,4,244,50376,2,0,0.14169783890247345,0
C3_global_hybrid_strong,0,4,263,50406,1,1,0.8654157519340515,1
C3_global_hybrid_strong,0,4,280,50426,2,0,0.1256507784128189,0
C3_global_hybrid_strong,0,4,288,50438,2,0,0.12579253315925598,0
C3_global_hybrid_strong,0,4,306,50470,2,0,0.32299572229385376,0
C3_global_hybrid_strong,0,4,328,50503,1,1,0.8561965227127075,1
C3_global_hybrid_strong,0,4,339,50521,1,1,0.7826682925224304,1
C3_global_hybrid_strong,0,4,341,50524,1,1,0.864352285861969,1
C3_global_hybrid_strong,0,4,345,50528,1,1,0.864136278629303,1
C3_global_hybrid_strong,0,4,348,50531,1,1,0.7133556008338928,1
C3_global_hybrid_strong,0,4,351,50552,2,0,0.42995506525039673,0
C3_global_hybrid_strong,0,4,386,50624,1,1,0.8659024834632874,1
C3_global_hybrid_strong,0,4,412,50693,1,1,0.2348642200231552,0
C3_global_hybrid_strong,0,4,416,50697,1,1,0.8088927865028381,1
C3_global_hybrid_strong,0,4,436,50730,2,0,0.14238056540489197,0
C3_global_hybrid_strong,0,4,441,50738,2,0,0.1255752444267273,0
C3_global_hybrid_strong,0,4,445,50742,2,0,0.13568982481956482,0
C3_global_hybrid_strong,0,4,455,50755,1,1,0.8648458123207092,1
C3_global_hybrid_strong,0,4,460,50774,2,0,0.1269628405570984,0
C3_global_hybrid_strong,0,4,461,50775,2,0,0.1310236155986786,0
C3_global_hybrid_strong,0,4,467,50782,2,0,0.12592540681362152,0
C3_global_hybrid_strong,0,4,496,50958,1,1,0.8359933495521545,1
C3_global_hybrid_strong,0,4,498,50960,1,1,0.70754075050354,1
C3_global_hybrid_strong,0,4,508,50972,1,1,0.866471529006958,1
C3_global_hybrid_strong,0,4,509,50973,1,1,0.8500350117683411,1
C3_global_hybrid_strong,0,4,510,50974,1,1,0.8659979104995728,1
C3_global_hybrid_strong,0,4,516,50982,1,1,0.1389111429452896,0
C3_global_hybrid_strong,0,4,527,50993,1,1,0.8591439723968506,1
C3_global_hybrid_strong,0,4,551,51020,1,1,0.745162308216095,1
C3_global_hybrid_strong,0,4,555,51025,1,1,0.8648598790168762,1
C3_global_hybrid_strong,0,4,566,51038,2,0,0.1254139542579651,0
C3_global_hybrid_strong,0,4,577,51050,2,0,0.12598323822021484,0
C3_global_hybrid_strong,0,4,586,51059,2,0,0.13178730010986328,0
C3_global_hybrid_strong,0,4,599,51073,2,0,0.12531057000160217,0
C3_global_hybrid_strong,0,4,606,51080,2,0,0.6196762323379517,1
C3_global_hybrid_strong,0,4,607,51081,2,0,0.13218609988689423,0
C3_global_hybrid_strong,0,4,616,51090,2,0,0.12522947788238525,0
C3_global_hybrid_strong,0,4,619,51094,2,0,0.13007555902004242,0
C3_global_hybrid_strong,0,4,631,51106,2,0,0.1285495012998581,0
C3_global_hybrid_strong,0,4,632,51107,2,0,0.818672776222229,1
C3_global_hybrid_strong,0,4,657,51138,2,0,0.13089688122272491,0
C3_global_hybrid_strong,0,4,658,51139,2,0,0.12599654495716095,0
C3_global_hybrid_strong,0,4,664,51148,2,0,0.12892721593379974,0
C3_global_hybrid_strong,0,4,665,51149,2,0,0.12507538497447968,0
C3_global_hybrid_strong,0,4,693,51188,2,0,0.13468484580516815,0
C3_global_hybrid_strong,0,4,697,51197,2,0,0.13113155961036682,0
C3_global_hybrid_strong,0,4,698,51198,2,0,0.13391652703285217,0
C3_global_hybrid_strong,0,4,700,51202,1,1,0.8640668988227844,1
C3_global_hybrid_strong,0,4,701,51203,1,1,0.8659948706626892,1
C3_global_hybrid_strong,0,4,703,51205,1,1,0.8648064732551575,1
C3_global_hybrid_strong,0,4,730,51237,1,1,0.861378014087677,1
C3_global_hybrid_strong,0,4,735,51249,1,1,0.8664053678512573,1
C3_global_hybrid_strong,0,4,767,51295,1,1,0.8575449585914612,1
C3_global_hybrid_strong,0,4,772,51301,1,1,0.22009000182151794,0
C3_global_hybrid_strong,0,4,776,51305,2,0,0.482362300157547,0
C3_global_hybrid_strong,0,4,845,51558,2,0,0.12518112361431122,0
C3_global_hybrid_strong,0,4,851,51565,2,0,0.29063889384269714,0
C3_global_hybrid_strong,0,5,0,50003,1,1,0.12452154606580734,0
C3_global_hybrid_strong,0,5,6,50010,1,1,0.9055616855621338,1
C3_global_hybrid_strong,0,5,18,50026,1,1,0.724298357963562,1
C3_global_hybrid_strong,0,5,19,50027,1,1,0.06285133957862854,0
C3_global_hybrid_strong,0,5,50,50102,2,0,0.06294955313205719,0
C3_global_hybrid_strong,0,5,64,50118,1,1,0.9014136791229248,1
C3_global_hybrid_strong,0,5,77,50135,1,1,0.9051387906074524,1
C3_global_hybrid_strong,0,5,78,50142,1,1,0.9039446711540222,1
C3_global_hybrid_strong,0,5,81,50145,1,1,0.06614596396684647,0
C3_global_hybrid_strong,0,5,98,50167,2,0,0.06704465299844742,0
C3_global_hybrid_strong,0,5,112,50194,2,0,0.0631752610206604,0
C3_global_hybrid_strong,0,5,125,50210,2,0,0.07357325404882431,0
C3_global_hybrid_strong,0,5,128,50215,2,0,0.06658590584993362,0
C3_global_hybrid_strong,0,5,142,50249,1,1,0.9024786949157715,1
C3_global_hybrid_strong,0,5,143,50250,1,1,0.06332491338253021,0
C3_global_hybrid_strong,0,5,157,50266,2,0,0.06485693901777267,0
C3_global_hybrid_strong,0,5,161,50270,2,0,0.06458594650030136,0
C3_global_hybrid_strong,0,5,167,50276,1,1,0.9049223065376282,1
C3_global_hybrid_strong,0,5,198,50329,2,0,0.06667085736989975,0
C3_global_hybrid_strong,0,5,205,50336,2,0,0.06712964922189713,0
C3_global_hybrid_strong,0,5,220,50351,2,0,0.06673511117696762,0
C3_global_hybrid_strong,0,5,221,50352,2,0,0.0659024640917778,0
C3_global_hybrid_strong,0,5,226,50357,2,0,0.06529676914215088,0
C3_global_hybrid_strong,0,5,227,50358,2,0,0.18515151739120483,0
C3_global_hybrid_strong,0,5,249,50382,2,0,0.0641125962138176,0
C3_global_hybrid_strong,0,5,250,50383,2,0,0.06579272449016571,0
C3_global_hybrid_strong,0,5,267,50411,1,1,0.9049108028411865,1
C3_global_hybrid_strong,0,5,277,50422,2,0,0.19827276468276978,0
C3_global_hybrid_strong,0,5,305,50469,2,0,0.06359704583883286,0
C3_global_hybrid_strong,0,5,318,50492,1,1,0.8906922340393066,1
C3_global_hybrid_strong,0,5,321,50496,1,1,0.8867826461791992,1
C3_global_hybrid_strong,0,5,336,50518,1,1,0.9051559567451477,1
C3_global_hybrid_strong,0,5,367,50577,2,0,0.06299363076686859,0
C3_global_hybrid_strong,0,5,373,50606,1,1,0.9051955342292786,1
C3_global_hybrid_strong,0,5,383,50621,1,1,0.8977080583572388,1
C3_global_hybrid_strong,0,5,391,50642,1,1,0.7874118685722351,1
C3_global_hybrid_strong,0,5,433,50725,2,0,0.06410054117441177,0
C3_global_hybrid_strong,0,5,469,50786,2,0,0.06411672383546829,0
C3_global_hybrid_strong,0,5,471,50791,1,1,0.7277705669403076,1
C3_global_hybrid_strong,0,5,500,50962,1,1,0.32451388239860535,0
C3_global_hybrid_strong,0,5,504,50967,1,1,0.8999898433685303,1
C3_global_hybrid_strong,0,5,529,50995,1,1,0.9022024273872375,1
C3_global_hybrid_strong,0,5,533,51000,1,1,0.9057397842407227,1
C3_global_hybrid_strong,0,5,556,51026,1,1,0.9052081108093262,1
C3_global_hybrid_strong,0,5,560,51030,1,1,0.8952736854553223,1
C3_global_hybrid_strong,0,5,567,51039,2,0,0.06414911150932312,0
C3_global_hybrid_strong,0,5,570,51042,2,0,0.06396345794200897,0
C3_global_hybrid_strong,0,5,574,51047,2,0,0.06407566368579865,0
C3_global_hybrid_strong,0,5,597,51070,2,0,0.06908579170703888,0
C3_global_hybrid_strong,0,5,601,51075,2,0,0.07127024233341217,0
C3_global_hybrid_strong,0,5,621,51096,2,0,0.0670463815331459,0
C3_global_hybrid_strong,0,5,624,51099,2,0,0.0659484714269638,0
C3_global_hybrid_strong,0,5,625,51100,2,0,0.06446728110313416,0
C3_global_hybrid_strong,0,5,628,51103,2,0,0.06290355324745178,0
C3_global_hybrid_strong,0,5,643,51123,2,0,0.0636102557182312,0
C3_global_hybrid_strong,0,5,647,51128,2,0,0.06386920809745789,0
C3_global_hybrid_strong,0,5,650,51131,2,0,0.06749044358730316,0
C3_global_hybrid_strong,0,5,654,51135,2,0,0.06397467106580734,0
C3_global_hybrid_strong,0,5,656,51137,2,0,0.06609118729829788,0
C3_global_hybrid_strong,0,5,659,51140,2,0,0.06453853100538254,0
C3_global_hybrid_strong,0,5,671,51155,2,0,0.0641324445605278,0
C3_global_hybrid_strong,0,5,674,51161,1,1,0.8952693939208984,1
C3_global_hybrid_strong,0,5,680,51170,1,1,0.06889216601848602,0
C3_global_hybrid_strong,0,5,702,51204,1,1,0.8996461033821106,1
C3_global_hybrid_strong,0,5,733,51241,1,1,0.901060163974762,1
C3_global_hybrid_strong,0,5,734,51248,1,1,0.9054087996482849,1
C3_global_hybrid_strong,0,5,741,51255,2,0,0.06330029666423798,0
C3_global_hybrid_strong,0,5,748,51265,2,0,0.0629260390996933,0
C3_global_hybrid_strong,0,5,749,51266,2,0,0.8740326762199402,1
C3_global_hybrid_strong,0,5,757,51276,2,0,0.06292102485895157,0
C3_global_hybrid_strong,0,5,758,51277,2,0,0.06298983097076416,0
C3_global_hybrid_strong,0,5,761,51280,2,0,0.06318642199039459,0
C3_global_hybrid_strong,0,5,764,51292,1,1,0.9013511538505554,1
C3_global_hybrid_strong,0,5,768,51297,1,1,0.9054606556892395,1
C3_global_hybrid_strong,0,5,785,51319,1,1,0.904910147190094,1
C3_global_hybrid_strong,0,5,789,51323,1,1,0.9032092094421387,1
C3_global_hybrid_strong,0,5,796,51331,1,1,0.9025440812110901,1
C3_global_hybrid_strong,0,5,797,51332,2,0,0.06378178298473358,0
C3_global_hybrid_strong,0,5,804,51340,2,0,0.06456921994686127,0
C3_global_hybrid_strong,0,5,807,51343,2,0,0.06455158442258835,0
C3_global_hybrid_strong,0,5,808,51344,2,0,0.06656395643949509,0
C3_global_hybrid_strong,0,5,814,51351,1,1,0.2067537158727646,0
C3_global_hybrid_strong,0,5,829,51463,1,1,0.4338245987892151,0
C3_global_hybrid_strong,0,5,846,51559,2,0,0.06359483301639557,0
C3_global_hybrid_strong,0,5,864,51580,1,1,0.6128421425819397,1
C3_global_hybrid_strong,0,5,867,51584,1,1,0.9052141904830933,1
C3_global_hybrid_strong,0,5,870,51607,1,1,0.25458621978759766,0
C3_global_hybrid_strong,0,6,7,50011,1,1,0.8821447491645813,1
C3_global_hybrid_strong,0,6,12,50016,1,1,0.8855326175689697,1
C3_global_hybrid_strong,0,6,22,50031,2,0,0.06974927335977554,0
C3_global_hybrid_strong,0,6,25,50034,2,0,0.06929557770490646,0
C3_global_hybrid_strong,0,6,28,50037,2,0,0.07326100021600723,0
C3_global_hybrid_strong,0,6,30,50039,2,0,0.6538411378860474,1
C3_global_hybrid_strong,0,6,31,50040,2,0,0.07343053817749023,0
C3_global_hybrid_strong,0,6,38,50047,2,0,0.07317773252725601,0
C3_global_hybrid_strong,0,6,51,50103,2,0,0.16818037629127502,0
C3_global_hybrid_strong,0,6,60,50114,2,0,0.0700448751449585,0
C3_global_hybrid_strong,0,6,68,50124,1,1,0.8388832807540894,1
C3_global_hybrid_strong,0,6,71,50128,1,1,0.8865602016448975,1
C3_global_hybrid_strong,0,6,76,50134,1,1,0.8057875037193298,1
C3_global_hybrid_strong,0,6,102,50171,2,0,0.06929828226566315,0
C3_global_hybrid_strong,0,6,110,50190,1,1,0.8550844192504883,1
C3_global_hybrid_strong,0,6,129,50217,2,0,0.07163644582033157,0
C3_global_hybrid_strong,0,6,137,50241,1,1,0.8816540837287903,1
C3_global_hybrid_strong,0,6,150,50259,2,0,0.06929468363523483,0
C3_global_hybrid_strong,0,6,174,50290,1,1,0.8781173825263977,1
C3_global_hybrid_strong,0,6,176,50292,1,1,0.8853371143341064,1
C3_global_hybrid_strong,0,6,179,50295,1,1,0.8867299556732178,1
C3_global_hybrid_strong,0,6,188,50312,1,1,0.767799973487854,1
C3_global_hybrid_strong,0,6,194,50321,1,1,0.8824222087860107,1
C3_global_hybrid_strong,0,6,209,50340,2,0,0.07065626233816147,0
C3_global_hybrid_strong,0,6,212,50343,2,0,0.561643123626709,1
C3_global_hybrid_strong,0,6,213,50344,2,0,0.07067517936229706,0
C3_global_hybrid_strong,0,6,215,50346,2,0,0.07028384506702423,0
C3_global_hybrid_strong,0,6,225,50356,2,0,0.07289327681064606,0
C3_global_hybrid_strong,0,6,240,50372,2,0,0.07042165100574493,0
C3_global_hybrid_strong,0,6,247,50380,2,0,0.07217288017272949,0
C3_global_hybrid_strong,0,6,252,50386,2,0,0.07003485411405563,0
C3_global_hybrid_strong,0,6,253,50387,2,0,0.07119850814342499,0
C3_global_hybrid_strong,0,6,255,50390,2,0,0.07068362087011337,0
C3_global_hybrid_strong,0,6,268,50412,1,1,0.8851746320724487,1
C3_global_hybrid_strong,0,6,279,50425,2,0,0.07032172381877899,0
C3_global_hybrid_strong,0,6,281,50427,2,0,0.07029946148395538,0
C3_global_hybrid_strong,0,6,308,50480,1,1,0.8867231011390686,1
C3_global_hybrid_strong,0,6,309,50481,1,1,0.8866222500801086,1
C3_global_hybrid_strong,0,6,315,50488,1,1,0.8868116140365601,1
C3_global_hybrid_strong,0,6,332,50510,1,1,0.8861411213874817,1
C3_global_hybrid_strong,0,6,338,50520,1,1,0.8867967128753662,1
C3_global_hybrid_strong,0,6,342,50525,1,1,0.7618342638015747,1
C3_global_hybrid_strong,0,6,355,50561,2,0,0.06934219598770142,0
C3_global_hybrid_strong,0,6,358,50568,2,0,0.2042970508337021,0
C3_global_hybrid_strong,0,6,361,50571,2,0,0.40511927008628845,0
C3_global_hybrid_strong,0,6,369,50601,1,1,0.2227945476770401,0
C3_global_hybrid_strong,0,6,377,50613,1,1,0.8855712413787842,1
C3_global_hybrid_strong,0,6,389,50627,1,1,0.8826524019241333,1
C3_global_hybrid_strong,0,6,403,50683,2,0,0.06987401098012924,0
C3_global_hybrid_strong,0,6,409,50690,1,1,0.06928815692663193,0
C3_global_hybrid_strong,0,6,413,50694,1,1,0.8745598196983337,1
C3_global_hybrid_strong,0,6,415,50696,1,1,0.8866732120513916,1
C3_global_hybrid_strong,0,6,419,50700,1,1,0.886539101600647,1
C3_global_hybrid_strong,0,6,422,50703,2,0,0.06928437203168869,0
C3_global_hybrid_strong,0,6,437,50731,2,0,0.07072602212429047,0
C3_global_hybrid_strong,0,6,438,50733,2,0,0.06935504078865051,0
C3_global_hybrid_strong,0,6,443,50740,2,0,0.06934786587953568,0
C3_global_hybrid_strong,0,6,447,50744,1,1,0.44228294491767883,0
C3_global_hybrid_strong,0,6,449,50748,1,1,0.784969687461853,1
C3_global_hybrid_strong,0,6,470,50790,2,0,0.07019086927175522,0
C3_global_hybrid_strong,0,6,488,50822,2,0,0.06974334269762039,0
C3_global_hybrid_strong,0,6,492,50954,1,1,0.06933039426803589,0
C3_global_hybrid_strong,0,6,495,50957,1,1,0.7380596995353699,1
C3_global_hybrid_strong,0,6,505,50968,1,1,0.8836641907691956,1
C3_global_hybrid_strong,0,6,517,50983,1,1,0.8791430592536926,1
C3_global_hybrid_strong,0,6,523,50989,1,1,0.8856160640716553,1
C3_global_hybrid_strong,0,6,547,51016,1,1,0.8817359209060669,1
C3_global_hybrid_strong,0,6,552,51021,1,1,0.8785542249679565,1
C3_global_hybrid_strong,0,6,580,51053,2,0,0.07455649971961975,0
C3_global_hybrid_strong,0,6,581,51054,2,0,0.07164910435676575,0
C3_global_hybrid_strong,0,6,582,51055,2,0,0.07068734616041183,0
C3_global_hybrid_strong,0,6,600,51074,2,0,0.06971923261880875,0
C3_global_hybrid_strong,0,6,615,51089,2,0,0.07409971952438354,0
C3_global_hybrid_strong,0,6,634,51110,2,0,0.07294847071170807,0
C3_global_hybrid_strong,0,6,663,51147,2,0,0.06974036246538162,0
C3_global_hybrid_strong,0,6,684,51178,1,1,0.8851543664932251,1
C3_global_hybrid_strong,0,6,699,51201,1,1,0.625612735748291,1
C3_global_hybrid_strong,0,6,708,51211,1,1,0.09454311430454254,0
C3_global_hybrid_strong,0,6,740,51254,2,0,0.06929638236761093,0
C3_global_hybrid_strong,0,6,752,51269,2,0,0.06974036246538162,0
C3_global_hybrid_strong,0,6,760,51279,2,0,0.07577057927846909,0
C3_global_hybrid_strong,0,6,811,51347,2,0,0.0693385899066925,0
C3_global_hybrid_strong,0,6,821,51362,2,0,0.07162220776081085,0
C3_global_hybrid_strong,0,6,833,51477,2,0,0.06933493912220001,0
C3_global_hybrid_strong,0,6,843,51556,2,0,0.07260209321975708,0
C3_global_hybrid_strong,0,6,859,51574,1,1,0.8834747672080994,1
C3_global_hybrid_strong,0,6,861,51577,1,1,0.8468472361564636,1
C3_global_hybrid_strong,0,7,16,50024,1,1,0.9028794765472412,1
C3_global_hybrid_strong,0,7,26,50035,2,0,0.20381781458854675,0
C3_global_hybrid_strong,0,7,40,50049,2,0,0.13358721137046814,0
C3_global_hybrid_strong,0,7,54,50106,2,0,0.8582249283790588,1
C3_global_hybrid_strong,0,7,80,50144,1,1,0.8990139365196228,1
C3_global_hybrid_strong,0,7,82,50146,1,1,0.1284797638654709,0
C3_global_hybrid_strong,0,7,90,50157,2,0,0.47430774569511414,0
C3_global_hybrid_strong,0,7,91,50158,2,0,0.12927988171577454,0
C3_global_hybrid_strong,0,7,95,50162,2,0,0.2952790856361389,0
C3_global_hybrid_strong,0,7,104,50183,1,1,0.901696503162384,1
C3_global_hybrid_strong,0,7,153,50262,2,0,0.2401302605867386,0
C3_global_hybrid_strong,0,7,156,50265,2,0,0.20249614119529724,0
C3_global_hybrid_strong,0,7,165,50274,1,1,0.9014960527420044,1
C3_global_hybrid_strong,0,7,166,50275,1,1,0.8999213576316833,1
C3_global_hybrid_strong,0,7,169,50282,1,1,0.8658448457717896,1
C3_global_hybrid_strong,0,7,178,50294,1,1,0.9030361175537109,1
C3_global_hybrid_strong,0,7,189,50314,1,1,0.9008176922798157,1
C3_global_hybrid_strong,0,7,190,50315,1,1,0.9030986428260803,1
C3_global_hybrid_strong,0,7,191,50318,1,1,0.46377068758010864,0
C3_global_hybrid_strong,0,7,208,50339,2,0,0.12935812771320343,0
C3_global_hybrid_strong,0,7,214,50345,2,0,0.23471447825431824,0
C3_global_hybrid_strong,0,7,224,50355,2,0,0.17953385412693024,0
C3_global_hybrid_strong,0,7,233,50364,2,0,0.37597402930259705,0
C3_global_hybrid_strong,0,7,245,50377,2,0,0.12840716540813446,0
C3_global_hybrid_strong,0,7,246,50379,2,0,0.1370442658662796,0
C3_global_hybrid_strong,0,7,251,50385,2,0,0.8892757892608643,1
C3_global_hybrid_strong,0,7,261,50404,1,1,0.9028953909873962,1
C3_global_hybrid_strong,0,7,276,50421,2,0,0.1284559667110443,0
C3_global_hybrid_strong,0,7,285,50435,2,0,0.14002443850040436,0
C3_global_hybrid_strong,0,7,289,50439,2,0,0.19638794660568237,0
C3_global_hybrid_strong,0,7,296,50446,2,0,0.19171364605426788,0
C3_global_hybrid_strong,0,7,298,50448,2,0,0.6354318857192993,1
C3_global_hybrid_strong,0,7,304,50468,2,0,0.20625312626361847,0
C3_global_hybrid_strong,0,7,314,50487,1,1,0.9012605547904968,1
C3_global_hybrid_strong,0,7,325,50500,1,1,0.9010089635848999,1
C3_global_hybrid_strong,0,7,350,50551,2,0,0.13328489661216736,0
C3_global_hybrid_strong,0,7,398,50659,2,0,0.5460464358329773,1
C3_global_hybrid_strong,0,7,420,50701,2,0,0.1744929850101471,0
C3_global_hybrid_strong,0,7,423,50704,1,1,0.6159488558769226,1
C3_global_hybrid_strong,0,7,424,50705,1,1,0.7845677137374878,1
C3_global_hybrid_strong,0,7,428,50709,2,0,0.2037014216184616,0
C3_global_hybrid_strong,0,7,452,50751,1,1,0.8111383318901062,1
C3_global_hybrid_strong,0,7,459,50773,2,0,0.13007555902004242,0
C3_global_hybrid_strong,0,7,474,50797,1,1,0.8675756454467773,1
C3_global_hybrid_strong,0,7,479,50803,1,1,0.8823553919792175,1
C3_global_hybrid_strong,0,7,480,50807,1,1,0.9028742909431458,1
C3_global_hybrid_strong,0,7,484,50817,2,0,0.13186879456043243,0
C3_global_hybrid_strong,0,7,485,50818,2,0,0.13423562049865723,0
C3_global_hybrid_strong,0,7,487,50821,2,0,0.12842819094657898,0
C3_global_hybrid_strong,0,7,494,50956,1,1,0.8950200080871582,1
C3_global_hybrid_strong,0,7,512,50977,1,1,0.9030235409736633,1
C3_global_hybrid_strong,0,7,515,50981,1,1,0.8852126598358154,1
C3_global_hybrid_strong,0,7,518,50984,1,1,0.8940880298614502,1
C3_global_hybrid_strong,0,7,520,50986,1,1,0.7041380405426025,1
C3_global_hybrid_strong,0,7,526,50992,1,1,0.8998001217842102,1
C3_global_hybrid_strong,0,7,536,51003,1,1,0.9031014442443848,1
C3_global_hybrid_strong,0,7,540,51009,1,1,0.8987719416618347,1
C3_global_hybrid_strong,0,7,545,51014,1,1,0.9007319211959839,1
C3_global_hybrid_strong,0,7,578,51051,2,0,0.13786548376083374,0
C3_global_hybrid_strong,0,7,590,51063,2,0,0.12830513715744019,0
C3_global_hybrid_strong,0,7,603,51077,2,0,0.6397151350975037,1
C3_global_hybrid_strong,0,7,617,51091,2,0,0.12830011546611786,0
C3_global_hybrid_strong,0,7,630,51105,2,0,0.12946848571300507,0
C3_global_hybrid_strong,0,7,641,51118,2,0,0.623634397983551,1
C3_global_hybrid_strong,0,7,644,51124,2,0,0.1292940229177475,0
C3_global_hybrid_strong,0,7,666,51150,2,0,0.13054808974266052,0
C3_global_hybrid_strong,0,7,667,51151,2,0,0.14225107431411743,0
C3_global_hybrid_strong,0,7,672,51156,2,0,0.12931551039218903,0
C3_global_hybrid_strong,0,7,675,51162,1,1,0.9012544751167297,1
C3_global_hybrid_strong,0,7,685,51179,1,1,0.9030420780181885,1
C3_global_hybrid_strong,0,7,706,51208,1,1,0.8016145825386047,1
C3_global_hybrid_strong,0,7,715,51219,1,1,0.8973689079284668,1
C3_global_hybrid_strong,0,7,720,51224,1,1,0.812040388584137,1
C3_global_hybrid_strong,0,7,725,51230,1,1,0.9028959274291992,1
C3_global_hybrid_strong,0,7,746,51262,2,0,0.1870838850736618,0
C3_global_hybrid_strong,0,7,763,51291,1,1,0.8957705497741699,1
C3_global_hybrid_strong,0,7,775,51304,2,0,0.20465117692947388,0
C3_global_hybrid_strong,0,7,781,51311,2,0,0.13048429787158966,0
C3_global_hybrid_strong,0,7,790,51325,1,1,0.9029890298843384,1
C3_global_hybrid_strong,0,7,792,51327,1,1,0.9015060067176819,1
C3_global_hybrid_strong,0,7,799,51334,2,0,0.14516407251358032,0
C3_global_hybrid_strong,0,7,803,51339,2,0,0.1285986751317978,0
C3_global_hybrid_strong,0,7,837,51482,2,0,0.13102704286575317,0
C3_global_hybrid_strong,0,7,838,51484,2,0,0.42704129219055176,0
C3_global_hybrid_strong,0,7,841,51491,2,0,0.13113076984882355,0
C3_global_hybrid_strong,0,7,860,51576,1,1,0.7272316217422485,1
C3_global_hybrid_strong,0,7,865,51582,1,1,0.9030684232711792,1
C3_global_hybrid_strong,0,8,5,50008,1,1,0.8992179036140442,1
C3_global_hybrid_strong,0,8,9,50013,1,1,0.8916336297988892,1
C3_global_hybrid_strong,0,8,23,50032,2,0,0.10183846950531006,0
C3_global_hybrid_strong,0,8,24,50033,2,0,0.09985430538654327,0
C3_global_hybrid_strong,0,8,73,50130,1,1,0.8991760015487671,1
C3_global_hybrid_strong,0,8,75,50132,1,1,0.9000824093818665,1
C3_global_hybrid_strong,0,8,85,50149,1,1,0.8988352417945862,1
C3_global_hybrid_strong,0,8,105,50184,1,1,0.900141716003418,1
C3_global_hybrid_strong,0,8,120,50203,2,0,0.10109603404998779,0
C3_global_hybrid_strong,0,8,124,50208,2,0,0.13672587275505066,0
C3_global_hybrid_strong,0,8,134,50237,1,1,0.9001222252845764,1
C3_global_hybrid_strong,0,8,138,50243,1,1,0.9000303149223328,1
C3_global_hybrid_strong,0,8,139,50245,1,1,0.9000759720802307,1
C3_global_hybrid_strong,0,8,155,50264,2,0,0.09934573620557785,0
C3_global_hybrid_strong,0,8,173,50289,1,1,0.39296257495880127,0
C3_global_hybrid_strong,0,8,201,50332,2,0,0.09936724603176117,0
C3_global_hybrid_strong,0,8,216,50347,2,0,0.10020294785499573,0
C3_global_hybrid_strong,0,8,228,50359,2,0,0.13744083046913147,0
C3_global_hybrid_strong,0,8,229,50360,2,0,0.09934945404529572,0
C3_global_hybrid_strong,0,8,235,50366,2,0,0.12241928279399872,0
C3_global_hybrid_strong,0,8,239,50370,2,0,0.14194051921367645,0
C3_global_hybrid_strong,0,8,269,50413,1,1,0.8985024690628052,1
C3_global_hybrid_strong,0,8,272,50416,2,0,0.10035908222198486,0
C3_global_hybrid_strong,0,8,273,50417,2,0,0.10197927057743073,0
C3_global_hybrid_strong,0,8,290,50440,2,0,0.438264936208725,0
C3_global_hybrid_strong,0,8,291,50441,2,0,0.10192237049341202,0
C3_global_hybrid_strong,0,8,299,50449,2,0,0.10100426524877548,0
C3_global_hybrid_strong,0,8,313,50486,1,1,0.9003254771232605,1
C3_global_hybrid_strong,0,8,324,50499,1,1,0.8986366987228394,1
C3_global_hybrid_strong,0,8,330,50507,1,1,0.817848265171051,1
C3_global_hybrid_strong,0,8,343,50526,1,1,0.8786895871162415,1
C3_global_hybrid_strong,0,8,344,50527,1,1,0.8991958498954773,1
C3_global_hybrid_strong,0,8,362,50572,2,0,0.09942243248224258,0
C3_global_hybrid_strong,0,8,380,50616,1,1,0.8982067704200745,1
C3_global_hybrid_strong,0,8,388,50626,1,1,0.8999817967414856,1
C3_global_hybrid_strong,0,8,400,50665,2,0,0.530008852481842,1
C3_global_hybrid_strong,0,8,402,50682,2,0,0.105487160384655,0
C3_global_hybrid_strong,0,8,404,50685,2,0,0.247187077999115,0
C3_global_hybrid_strong,0,8,421,50702,1,1,0.8899462223052979,1
C3_global_hybrid_strong,0,8,427,50708,1,1,0.900336503982544,1
C3_global_hybrid_strong,0,8,431,50723,2,0,0.09977206587791443,0
C3_global_hybrid_strong,0,8,463,50777,2,0,0.12652620673179626,0
C3_global_hybrid_strong,0,8,472,50792,1,1,0.8988519906997681,1
C3_global_hybrid_strong,0,8,473,50796,1,1,0.8974248766899109,1
C3_global_hybrid_strong,0,8,477,50800,1,1,0.9000057578086853,1
C3_global_hybrid_strong,0,8,486,50820,2,0,0.10421162843704224,0
C3_global_hybrid_strong,0,8,519,50985,1,1,0.8962081074714661,1
C3_global_hybrid_strong,0,8,521,50987,1,1,0.8988185524940491,1
C3_global_hybrid_strong,0,8,524,50990,1,1,0.8988985419273376,1
C3_global_hybrid_strong,0,8,530,50996,1,1,0.8986780643463135,1
C3_global_hybrid_strong,0,8,538,51007,1,1,0.8988871574401855,1
C3_global_hybrid_strong,0,8,548,51017,1,1,0.8806509375572205,1
C3_global_hybrid_strong,0,8,549,51018,1,1,0.900002658367157,1
C3_global_hybrid_strong,0,8,554,51024,1,1,0.9001654982566833,1
C3_global_hybrid_strong,0,8,563,51034,1,1,0.900360643863678,1
C3_global_hybrid_strong,0,8,565,51036,2,0,0.10294540226459503,0
C3_global_hybrid_strong,0,8,573,51046,2,0,0.24268420040607452,0
C3_global_hybrid_strong,0,8,593,51066,2,0,0.10554713755846024,0
C3_global_hybrid_strong,0,8,608,51082,2,0,0.11122502386569977,0
C3_global_hybrid_strong,0,8,613,51087,2,0,0.09957420825958252,0
C3_global_hybrid_strong,0,8,618,51093,2,0,0.09968406707048416,0
C3_global_hybrid_strong,0,8,620,51095,2,0,0.4551871418952942,0
C3_global_hybrid_strong,0,8,635,51111,2,0,0.09943196177482605,0
C3_global_hybrid_strong,0,8,652,51133,2,0,0.8690593242645264,1
C3_global_hybrid_strong,0,8,653,51134,2,0,0.09977970272302628,0
C3_global_hybrid_strong,0,8,668,51152,2,0,0.09967596083879471,0
C3_global_hybrid_strong,0,8,682,51173,1,1,0.9003304243087769,1
C3_global_hybrid_strong,0,8,687,51181,2,0,0.1578732132911682,0
C3_global_hybrid_strong,0,8,717,51221,1,1,0.8973780870437622,1
C3_global_hybrid_strong,0,8,719,51223,1,1,0.9000744819641113,1
C3_global_hybrid_strong,0,8,731,51239,1,1,0.8973921537399292,1
C3_global_hybrid_strong,0,8,743,51257,2,0,0.8875687122344971,1
C3_global_hybrid_strong,0,8,751,51268,2,0,0.09941171854734421,0
C3_global_hybrid_strong,0,8,759,51278,2,0,0.2434629201889038,0
C3_global_hybrid_strong,0,8,770,51299,1,1,0.8999771475791931,1
C3_global_hybrid_strong,0,8,773,51302,1,1,0.8916544914245605,1
C3_global_hybrid_strong,0,8,782,51313,2,0,0.10513900965452194,0
C3_global_hybrid_strong,0,8,809,51345,2,0,0.14010818302631378,0
C3_global_hybrid_strong,0,8,810,51346,2,0,0.10405171662569046,0
C3_global_hybrid_strong,0,8,816,51356,2,0,0.8345539569854736,1
C3_global_hybrid_strong,0,8,826,51370,2,0,0.10189921408891678,0
C3_global_hybrid_strong,0,8,827,51373,2,0,0.09955165535211563,0
C3_global_hybrid_strong,0,8,830,51464,1,1,0.8999314904212952,1
C3_global_hybrid_strong,0,8,844,51557,2,0,0.10198204219341278,0
C3_global_hybrid_strong,0,8,849,51563,2,0,0.09971465915441513,0
C3_global_hybrid_strong,0,8,855,51569,2,0,0.1279892772436142,0
C3_global_hybrid_strong,0,8,858,51573,1,1,0.7191073894500732,1
C3_global_hybrid_strong,0,9,1,50004,1,1,0.887999415397644,1
C3_global_hybrid_strong,0,9,15,50023,1,1,0.888046383857727,1
C3_global_hybrid_strong,0,9,39,50048,2,0,0.8743473887443542,1
C3_global_hybrid_strong,0,9,47,50057,1,1,0.05969352275133133,0
C3_global_hybrid_strong,0,9,48,50059,2,0,0.09991029649972916,0
C3_global_hybrid_strong,0,9,62,50116,2,0,0.30943673849105835,0
C3_global_hybrid_strong,0,9,89,50156,1,1,0.8878593444824219,1
C3_global_hybrid_strong,0,9,101,50170,2,0,0.10913783311843872,0
C3_global_hybrid_strong,0,9,107,50187,1,1,0.06042691320180893,0
C3_global_hybrid_strong,0,9,121,50204,2,0,0.057913944125175476,0
C3_global_hybrid_strong,0,9,127,50214,2,0,0.05955345928668976,0
C3_global_hybrid_strong,0,9,168,50278,1,1,0.8880494236946106,1
C3_global_hybrid_strong,0,9,193,50320,1,1,0.8852415084838867,1
C3_global_hybrid_strong,0,9,196,50325,1,1,0.05746998265385628,0
C3_global_hybrid_strong,0,9,254,50388,2,0,0.0588560476899147,0
C3_global_hybrid_strong,0,9,259,50402,1,1,0.058036450296640396,0
C3_global_hybrid_strong,0,9,260,50403,1,1,0.05718837305903435,0
C3_global_hybrid_strong,0,9,265,50408,1,1,0.06625427305698395,0
C3_global_hybrid_strong,0,9,295,50445,2,0,0.05726291984319687,0
C3_global_hybrid_strong,0,9,300,50453,2,0,0.4880751967430115,0
C3_global_hybrid_strong,0,9,301,50463,2,0,0.05748164281249046,0
C3_global_hybrid_strong,0,9,311,50483,1,1,0.5389848947525024,1
C3_global_hybrid_strong,0,9,312,50485,1,1,0.05861195549368858,0
C3_global_hybrid_strong,0,9,322,50497,1,1,0.8782153129577637,1
C3_global_hybrid_strong,0,9,331,50509,1,1,0.8884108662605286,1
C3_global_hybrid_strong,0,9,365,50575,2,0,0.2463015913963318,0
C3_global_hybrid_strong,0,9,366,50576,2,0,0.06196894124150276,0
C3_global_hybrid_strong,0,9,375,50608,1,1,0.3434223532676697,0
C3_global_hybrid_strong,0,9,392,50644,1,1,0.8883779048919678,1
C3_global_hybrid_strong,0,9,393,50647,1,1,0.8846560120582581,1
C3_global_hybrid_strong,0,9,395,50649,1,1,0.05719131603837013,0
C3_global_hybrid_strong,0,9,396,50654,1,1,0.2105029821395874,0
C3_global_hybrid_strong,0,9,401,50669,2,0,0.8824072480201721,1
C3_global_hybrid_strong,0,9,418,50699,2,0,0.6468949317932129,1
C3_global_hybrid_strong,0,9,440,50737,2,0,0.05712267756462097,0
C3_global_hybrid_strong,0,9,442,50739,2,0,0.09734833240509033,0
C3_global_hybrid_strong,0,9,448,50745,1,1,0.8869441747665405,1
C3_global_hybrid_strong,0,9,454,50754,1,1,0.8884168863296509,1
C3_global_hybrid_strong,0,9,458,50772,2,0,0.8849188685417175,1
C3_global_hybrid_strong,0,9,464,50778,2,0,0.4184328317642212,0
C3_global_hybrid_strong,0,9,483,50816,2,0,0.05930568277835846,0
C3_global_hybrid_strong,0,9,491,50952,1,1,0.8882353901863098,1
C3_global_hybrid_strong,0,9,503,50966,1,1,0.8288957476615906,1
C3_global_hybrid_strong,0,9,532,50999,1,1,0.8873207569122314,1
C3_global_hybrid_strong,0,9,550,51019,1,1,0.8873506188392639,1
C3_global_hybrid_strong,0,9,561,51032,1,1,0.8734026551246643,1
C3_global_hybrid_strong,0,9,569,51041,2,0,0.05986108258366585,0
C3_global_hybrid_strong,0,9,571,51044,2,0,0.06151013821363449,0
C3_global_hybrid_strong,0,9,575,51048,2,0,0.07894658297300339,0
C3_global_hybrid_strong,0,9,588,51061,2,0,0.06043308228254318,0
C3_global_hybrid_strong,0,9,591,51064,2,0,0.5888688564300537,1
C3_global_hybrid_strong,0,9,594,51067,2,0,0.06458135694265366,0
C3_global_hybrid_strong,0,9,598,51072,2,0,0.5750499963760376,1
C3_global_hybrid_strong,0,9,602,51076,2,0,0.06385539472103119,0
C3_global_hybrid_strong,0,9,604,51078,2,0,0.06148646026849747,0
C3_global_hybrid_strong,0,9,611,51085,2,0,0.8883996605873108,1
C3_global_hybrid_strong,0,9,614,51088,2,0,0.061115480959415436,0
C3_global_hybrid_strong,0,9,627,51102,2,0,0.057231489568948746,0
C3_global_hybrid_strong,0,9,637,51113,2,0,0.05763587728142738,0
C3_global_hybrid_strong,0,9,638,51114,2,0,0.07602208107709885,0
C3_global_hybrid_strong,0,9,649,51130,2,0,0.7702791094779968,1
C3_global_hybrid_strong,0,9,660,51141,2,0,0.28170785307884216,0
C3_global_hybrid_strong,0,9,679,51169,1,1,0.7265771627426147,1
C3_global_hybrid_strong,0,9,689,51183,2,0,0.06664709746837616,0
C3_global_hybrid_strong,0,9,704,51206,1,1,0.5179034471511841,1
C3_global_hybrid_strong,0,9,707,51210,1,1,0.8754289746284485,1
C3_global_hybrid_strong,0,9,711,51215,1,1,0.05844317004084587,0
C3_global_hybrid_strong,0,9,721,51225,1,1,0.37045231461524963,0
C3_global_hybrid_strong,0,9,726,51231,1,1,0.08366367965936661,0
C3_global_hybrid_strong,0,9,729,51236,1,1,0.36602872610092163,0
C3_global_hybrid_strong,0,9,744,51260,2,0,0.061752546578645706,0
C3_global_hybrid_strong,0,9,750,51267,2,0,0.05803849920630455,0
C3_global_hybrid_strong,0,9,777,51306,2,0,0.43952062726020813,0
C3_global_hybrid_strong,0,9,787,51321,1,1,0.8789352178573608,1
C3_global_hybrid_strong,0,9,788,51322,1,1,0.5708350539207458,1
C3_global_hybrid_strong,0,9,794,51329,1,1,0.057253096252679825,0
C3_global_hybrid_strong,0,9,802,51338,2,0,0.2323792278766632,0
C3_global_hybrid_strong,0,9,805,51341,2,0,0.10028191655874252,0
C3_global_hybrid_strong,0,9,812,51349,1,1,0.059684429317712784,0
C3_global_hybrid_strong,0,9,818,51359,2,0,0.8855385780334473,1
C3_global_hybrid_strong,0,9,822,51363,2,0,0.05802871659398079,0
C3_global_hybrid_strong,0,9,823,51364,2,0,0.2448502629995346,0
C3_global_hybrid_strong,0,9,847,51560,2,0,0.058865759521722794,0
C3_global_hybrid_strong,0,9,848,51562,2,0,0.05916452780365944,0
C3_global_hybrid_strong,0,9,850,51564,2,0,0.057123780250549316,0
C3_global_hybrid_strong,0,9,863,51579,1,1,0.06442473828792572,0
C3_global_hybrid_strong,0,9,866,51583,1,1,0.8868774175643921,1
C3_global_hybrid_strong,0,10,11,50015,1,1,0.8859881162643433,1
C3_global_hybrid_strong,0,10,41,50050,2,0,0.10240530967712402,0
C3_global_hybrid_strong,0,10,44,50053,1,1,0.7265774011611938,1
C3_global_hybrid_strong,0,10,52,50104,2,0,0.10659626126289368,0
C3_global_hybrid_strong,0,10,59,50113,2,0,0.1073259562253952,0
C3_global_hybrid_strong,0,10,65,50119,1,1,0.10342761874198914,0
C3_global_hybrid_strong,0,10,92,50159,2,0,0.8898216485977173,1
C3_global_hybrid_strong,0,10,93,50160,2,0,0.10279746353626251,0
C3_global_hybrid_strong,0,10,94,50161,2,0,0.7849034070968628,1
C3_global_hybrid_strong,0,10,108,50188,1,1,0.10621273517608643,0
C3_global_hybrid_strong,0,10,115,50198,2,0,0.10295708477497101,0
C3_global_hybrid_strong,0,10,117,50200,2,0,0.10615086555480957,0
C3_global_hybrid_strong,0,10,118,50201,2,0,0.10371178388595581,0
C3_global_hybrid_strong,0,10,140,50247,1,1,0.8849010467529297,1
C3_global_hybrid_strong,0,10,149,50257,2,0,0.10590578615665436,0
C3_global_hybrid_strong,0,10,177,50293,1,1,0.8879052996635437,1
C3_global_hybrid_strong,0,10,180,50297,1,1,0.23830382525920868,0
C3_global_hybrid_strong,0,10,182,50300,1,1,0.10475290566682816,0
C3_global_hybrid_strong,0,10,185,50304,1,1,0.8350051641464233,1
C3_global_hybrid_strong,0,10,186,50308,1,1,0.7954441905021667,1
C3_global_hybrid_strong,0,10,195,50324,1,1,0.8819592595100403,1
C3_global_hybrid_strong,0,10,199,50330,2,0,0.10379284620285034,0
C3_global_hybrid_strong,0,10,203,50334,2,0,0.18508577346801758,0
C3_global_hybrid_strong,0,10,206,50337,2,0,0.10260145366191864,0
C3_global_hybrid_strong,0,10,219,50350,2,0,0.10656172782182693,0
C3_global_hybrid_strong,0,10,237,50368,2,0,0.10379759967327118,0
C3_global_hybrid_strong,0,10,238,50369,2,0,0.10748959332704544,0
C3_global_hybrid_strong,0,10,242,50374,2,0,0.10250255465507507,0
C3_global_hybrid_strong,0,10,248,50381,2,0,0.10316991060972214,0
C3_global_hybrid_strong,0,10,256,50391,2,0,0.10397282987833023,0
C3_global_hybrid_strong,0,10,274,50418,2,0,0.10247816890478134,0
C3_global_hybrid_strong,0,10,293,50443,2,0,0.3225308060646057,0
C3_global_hybrid_strong,0,10,317,50491,1,1,0.8903065323829651,1
C3_global_hybrid_strong,0,10,320,50494,1,1,0.48267853260040283,0
C3_global_hybrid_strong,0,10,334,50515,1,1,0.8893773555755615,1
C3_global_hybrid_strong,0,10,340,50523,1,1,0.8901363611221313,1
C3_global_hybrid_strong,0,10,347,50530,1,1,0.8844812512397766,1
C3_global_hybrid_strong,0,10,354,50558,2,0,0.10666833817958832,0
C3_global_hybrid_strong,0,10,356,50563,2,0,0.10586622357368469,0
C3_global_hybrid_strong,0,10,359,50569,2,0,0.11162502318620682,0
C3_global_hybrid_strong,0,10,374,50607,1,1,0.10344096273183823,0
C3_global_hybrid_strong,0,10,376,50612,1,1,0.10586496442556381,0
C3_global_hybrid_strong,0,10,378,50614,1,1,0.8819853067398071,1
C3_global_hybrid_strong,0,10,382,50620,1,1,0.10468863695859909,0
C3_global_hybrid_strong,0,10,384,50622,1,1,0.7651081681251526,1
C3_global_hybrid_strong,0,10,387,50625,1,1,0.10569339245557785,0
C3_global_hybrid_strong,0,10,406,50687,2,0,0.6663486361503601,1
C3_global_hybrid_strong,0,10,414,50695,1,1,0.12046917527914047,0
C3_global_hybrid_strong,0,10,429,50711,1,1,0.10320993512868881,0
C3_global_hybrid_strong,0,10,432,50724,2,0,0.10244987905025482,0
C3_global_hybrid_strong,0,10,466,50781,2,0,0.5668268799781799,1
C3_global_hybrid_strong,0,10,468,50783,2,0,0.1023823618888855,0
C3_global_hybrid_strong,0,10,482,50814,2,0,0.10278782993555069,0
C3_global_hybrid_strong,0,10,493,50955,1,1,0.10249180346727371,0
C3_global_hybrid_strong,0,10,501,50964,1,1,0.15437857806682587,0
C3_global_hybrid_strong,0,10,506,50969,1,1,0.8901908993721008,1
C3_global_hybrid_strong,0,10,531,50997,1,1,0.8897075057029724,1
C3_global_hybrid_strong,0,10,534,51001,1,1,0.8893980383872986,1
C3_global_hybrid_strong,0,10,542,51011,1,1,0.8867017030715942,1
C3_global_hybrid_strong,0,10,564,51035,1,1,0.8048166632652283,1
C3_global_hybrid_strong,0,10,583,51056,2,0,0.1050524115562439,0
C3_global_hybrid_strong,0,10,587,51060,2,0,0.1948150247335434,0
C3_global_hybrid_strong,0,10,595,51068,2,0,0.728534460067749,1
C3_global_hybrid_strong,0,10,609,51083,2,0,0.8894943594932556,1
C3_global_hybrid_strong,0,10,610,51084,2,0,0.8870856761932373,1
C3_global_hybrid_strong,0,10,623,51098,2,0,0.10826034843921661,0
C3_global_hybrid_strong,0,10,639,51116,2,0,0.10843564569950104,0
C3_global_hybrid_strong,0,10,673,51159,2,0,0.8886722922325134,1
C3_global_hybrid_strong,0,10,677,51164,1,1,0.8903161883354187,1
C3_global_hybrid_strong,0,10,694,51189,2,0,0.10240250080823898,0
C3_global_hybrid_strong,0,10,705,51207,1,1,0.8871241807937622,1
C3_global_hybrid_strong,0,10,712,51216,1,1,0.102515310049057,0
C3_global_hybrid_strong,0,10,724,51229,1,1,0.8867592811584473,1
C3_global_hybrid_strong,0,10,736,51250,2,0,0.10302024334669113,0
C3_global_hybrid_strong,0,10,738,51252,2,0,0.8903641104698181,1
C3_global_hybrid_strong,0,10,769,51298,1,1,0.8902572393417358,1
C3_global_hybrid_strong,0,10,771,51300,1,1,0.8891742825508118,1
C3_global_hybrid_strong,0,10,774,51303,2,0,0.12515796720981598,0
C3_global_hybrid_strong,0,10,778,51307,2,0,0.8902918100357056,1
C3_global_hybrid_strong,0,10,783,51315,2,0,0.5520673394203186,1
C3_global_hybrid_strong,0,10,784,51318,1,1,0.7071141600608826,1
C3_global_hybrid_strong,0,10,801,51336,2,0,0.1025262400507927,0
C3_global_hybrid_strong,0,10,813,51350,1,1,0.8830757141113281,1
C3_global_hybrid_strong,0,10,815,51354,1,1,0.8430745005607605,1
C3_global_hybrid_strong,0,10,817,51357,2,0,0.10614003241062164,0
C3_global_hybrid_strong,0,10,835,51480,2,0,0.10470496118068695,0
C3_global_hybrid_strong,0,10,856,51570,2,0,0.11844523251056671,0
C3_global_hybrid_strong,1,1,8,50012,1,1,0.9162959456443787,1
C3_global_hybrid_strong,1,1,17,50025,1,1,0.9051483273506165,1
C3_global_hybrid_strong,1,1,26,50035,2,0,0.057613153010606766,0
C3_global_hybrid_strong,1,1,30,50039,2,0,0.6279342770576477,1
C3_global_hybrid_strong,1,1,31,50040,2,0,0.062088388949632645,0
C3_global_hybrid_strong,1,1,33,50042,2,0,0.05759251117706299,0
C3_global_hybrid_strong,1,1,40,50049,2,0,0.05765075981616974,0
C3_global_hybrid_strong,1,1,64,50118,1,1,0.9127587676048279,1
C3_global_hybrid_strong,1,1,71,50128,1,1,0.9172448515892029,1
C3_global_hybrid_strong,1,1,74,50131,1,1,0.8920769691467285,1
C3_global_hybrid_strong,1,1,90,50157,2,0,0.05771389603614807,0
C3_global_hybrid_strong,1,1,109,50189,1,1,0.9170703887939453,1
C3_global_hybrid_strong,1,1,115,50198,2,0,0.09501976519823074,0
C3_global_hybrid_strong,1,1,119,50202,2,0,0.05903852730989456,0
C3_global_hybrid_strong,1,1,148,50255,1,1,0.9166948795318604,1
C3_global_hybrid_strong,1,1,170,50284,1,1,0.1641451120376587,0
C3_global_hybrid_strong,1,1,172,50287,1,1,0.48646777868270874,0
C3_global_hybrid_strong,1,1,192,50319,1,1,0.9166795611381531,1
C3_global_hybrid_strong,1,1,204,50335,2,0,0.05775274336338043,0
C3_global_hybrid_strong,1,1,221,50352,2,0,0.07218469679355621,0
C3_global_hybrid_strong,1,1,230,50361,2,0,0.057825297117233276,0
C3_global_hybrid_strong,1,1,241,50373,2,0,0.057906102389097214,0
C3_global_hybrid_strong,1,1,269,50413,1,1,0.9139963984489441,1
C3_global_hybrid_strong,1,1,273,50417,2,0,0.06025461107492447,0
C3_global_hybrid_strong,1,1,283,50433,2,0,0.05783660337328911,0
C3_global_hybrid_strong,1,1,288,50438,2,0,0.06133664771914482,0
C3_global_hybrid_strong,1,1,289,50439,2,0,0.05764952301979065,0
C3_global_hybrid_strong,1,1,303,50467,2,0,0.06335188448429108,0
C3_global_hybrid_strong,1,1,313,50486,1,1,0.9169389009475708,1
C3_global_hybrid_strong,1,1,326,50501,1,1,0.9133508205413818,1
C3_global_hybrid_strong,1,1,333,50514,1,1,0.7764996886253357,1
C3_global_hybrid_strong,1,1,335,50516,1,1,0.9107028841972351,1
C3_global_hybrid_strong,1,1,337,50519,1,1,0.9133792519569397,1
C3_global_hybrid_strong,1,1,343,50526,1,1,0.5418919920921326,1
C3_global_hybrid_strong,1,1,383,50621,1,1,0.9144505858421326,1
C3_global_hybrid_strong,1,1,390,50628,1,1,0.913795530796051,1
C3_global_hybrid_strong,1,1,410,50691,2,0,0.05939837172627449,0
C3_global_hybrid_strong,1,1,416,50697,1,1,0.9140125513076782,1
C3_global_hybrid_strong,1,1,422,50703,2,0,0.057685986161231995,0
C3_global_hybrid_strong,1,1,425,50706,2,0,0.057940032333135605,0
C3_global_hybrid_strong,1,1,429,50711,1,1,0.0880526527762413,0
C3_global_hybrid_strong,1,1,431,50723,2,0,0.060978155583143234,0
C3_global_hybrid_strong,1,1,435,50728,2,0,0.05766229331493378,0
C3_global_hybrid_strong,1,1,441,50738,2,0,0.06513692438602448,0
C3_global_hybrid_strong,1,1,446,50743,1,1,0.9170256853103638,1
C3_global_hybrid_strong,1,1,449,50748,1,1,0.9156356453895569,1
C3_global_hybrid_strong,1,1,455,50755,1,1,0.9128767848014832,1
C3_global_hybrid_strong,1,1,457,50757,1,1,0.06334676593542099,0
C3_global_hybrid_strong,1,1,501,50964,1,1,0.9147525429725647,1
C3_global_hybrid_strong,1,1,502,50965,1,1,0.9160656332969666,1
C3_global_hybrid_strong,1,1,511,50976,1,1,0.9169006943702698,1
C3_global_hybrid_strong,1,1,553,51023,1,1,0.9111472368240356,1
C3_global_hybrid_strong,1,1,560,51030,1,1,0.9136187434196472,1
C3_global_hybrid_strong,1,1,562,51033,1,1,0.9152915477752686,1
C3_global_hybrid_strong,1,1,566,51038,2,0,0.06171694025397301,0
C3_global_hybrid_strong,1,1,584,51057,2,0,0.06455596536397934,0
C3_global_hybrid_strong,1,1,597,51070,2,0,0.05781909450888634,0
C3_global_hybrid_strong,1,1,599,51073,2,0,0.06155884638428688,0
C3_global_hybrid_strong,1,1,610,51084,2,0,0.8727795481681824,1
C3_global_hybrid_strong,1,1,615,51089,2,0,0.06138109043240547,0
C3_global_hybrid_strong,1,1,630,51105,2,0,0.0619460754096508,0
C3_global_hybrid_strong,1,1,633,51109,2,0,0.06327979266643524,0
C3_global_hybrid_strong,1,1,636,51112,2,0,0.06374400854110718,0
C3_global_hybrid_strong,1,1,654,51135,2,0,0.05781719088554382,0
C3_global_hybrid_strong,1,1,680,51170,1,1,0.5900130271911621,1
C3_global_hybrid_strong,1,1,686,51180,2,0,0.16749006509780884,0
C3_global_hybrid_strong,1,1,691,51185,2,0,0.3840550482273102,0
C3_global_hybrid_strong,1,1,696,51194,2,0,0.5334418416023254,1
C3_global_hybrid_strong,1,1,697,51197,2,0,0.08283223956823349,0
C3_global_hybrid_strong,1,1,726,51231,1,1,0.058244142681360245,0
C3_global_hybrid_strong,1,1,729,51236,1,1,0.14166949689388275,0
C3_global_hybrid_strong,1,1,734,51248,1,1,0.9140751361846924,1
C3_global_hybrid_strong,1,1,744,51260,2,0,0.0576806366443634,0
C3_global_hybrid_strong,1,1,753,51271,2,0,0.05987809970974922,0
C3_global_hybrid_strong,1,1,754,51272,2,0,0.09525452554225922,0
C3_global_hybrid_strong,1,1,755,51273,2,0,0.4339292049407959,0
C3_global_hybrid_strong,1,1,757,51276,2,0,0.05851534754037857,0
C3_global_hybrid_strong,1,1,765,51293,1,1,0.9140577912330627,1
C3_global_hybrid_strong,1,1,769,51298,1,1,0.9127963781356812,1
C3_global_hybrid_strong,1,1,787,51321,1,1,0.05768381431698799,0
C3_global_hybrid_strong,1,1,789,51323,1,1,0.9131351113319397,1
C3_global_hybrid_strong,1,1,792,51327,1,1,0.8434849381446838,1
C3_global_hybrid_strong,1,1,804,51340,2,0,0.061539389193058014,0
C3_global_hybrid_strong,1,1,836,51481,2,0,0.057722292840480804,0
C3_global_hybrid_strong,1,1,841,51491,2,0,0.057990435510873795,0
C3_global_hybrid_strong,1,1,842,51493,2,0,0.058908749371767044,0
C3_global_hybrid_strong,1,1,856,51570,2,0,0.05768550559878349,0
C3_global_hybrid_strong,1,1,870,51607,1,1,0.21132031083106995,0
C3_global_hybrid_strong,1,2,1,50004,1,1,0.8695539236068726,1
C3_global_hybrid_strong,1,2,13,50020,1,1,0.8670621514320374,1
C3_global_hybrid_strong,1,2,23,50032,2,0,0.0912482887506485,0
C3_global_hybrid_strong,1,2,34,50043,2,0,0.0968327522277832,0
C3_global_hybrid_strong,1,2,41,50050,2,0,0.09130939841270447,0
C3_global_hybrid_strong,1,2,45,50054,2,0,0.7768247723579407,1
C3_global_hybrid_strong,1,2,53,50105,2,0,0.09097848832607269,0
C3_global_hybrid_strong,1,2,59,50113,2,0,0.0922885537147522,0
C3_global_hybrid_strong,1,2,69,50125,1,1,0.8541805148124695,1
C3_global_hybrid_strong,1,2,80,50144,1,1,0.8651946187019348,1
C3_global_hybrid_strong,1,2,84,50148,1,1,0.8720961213111877,1
C3_global_hybrid_strong,1,2,105,50184,1,1,0.8644840717315674,1
C3_global_hybrid_strong,1,2,144,50251,1,1,0.28154227137565613,0
C3_global_hybrid_strong,1,2,160,50269,2,0,0.3514001965522766,0
C3_global_hybrid_strong,1,2,165,50274,1,1,0.8295082449913025,1
C3_global_hybrid_strong,1,2,174,50290,1,1,0.8721691966056824,1
C3_global_hybrid_strong,1,2,195,50324,1,1,0.8722192645072937,1
C3_global_hybrid_strong,1,2,201,50332,2,0,0.09120974689722061,0
C3_global_hybrid_strong,1,2,209,50340,2,0,0.09121982008218765,0
C3_global_hybrid_strong,1,2,213,50344,2,0,0.09095986187458038,0
C3_global_hybrid_strong,1,2,215,50346,2,0,0.09185437113046646,0
C3_global_hybrid_strong,1,2,217,50348,2,0,0.10696181654930115,0
C3_global_hybrid_strong,1,2,218,50349,2,0,0.09249383211135864,0
C3_global_hybrid_strong,1,2,222,50353,2,0,0.09238632023334503,0
C3_global_hybrid_strong,1,2,224,50355,2,0,0.1011572927236557,0
C3_global_hybrid_strong,1,2,242,50374,2,0,0.09602979570627213,0
C3_global_hybrid_strong,1,2,253,50387,2,0,0.09181470423936844,0
C3_global_hybrid_strong,1,2,256,50391,2,0,0.09310836344957352,0
C3_global_hybrid_strong,1,2,277,50422,2,0,0.12474711239337921,0
C3_global_hybrid_strong,1,2,284,50434,2,0,0.0910106897354126,0
C3_global_hybrid_strong,1,2,305,50469,2,0,0.09071158617734909,0
C3_global_hybrid_strong,1,2,311,50483,1,1,0.7169948220252991,1
C3_global_hybrid_strong,1,2,331,50509,1,1,0.8718587160110474,1
C3_global_hybrid_strong,1,2,342,50525,1,1,0.6354537010192871,1
C3_global_hybrid_strong,1,2,356,50563,2,0,0.09130235016345978,0
C3_global_hybrid_strong,1,2,370,50602,1,1,0.7506124973297119,1
C3_global_hybrid_strong,1,2,394,50648,1,1,0.3473830223083496,0
C3_global_hybrid_strong,1,2,401,50669,2,0,0.8634958267211914,1
C3_global_hybrid_strong,1,2,413,50694,1,1,0.8695018887519836,1
C3_global_hybrid_strong,1,2,438,50733,2,0,0.09071273356676102,0
C3_global_hybrid_strong,1,2,445,50742,2,0,0.09076385200023651,0
C3_global_hybrid_strong,1,2,447,50744,1,1,0.8528160452842712,1
C3_global_hybrid_strong,1,2,451,50750,1,1,0.8687017560005188,1
C3_global_hybrid_strong,1,2,460,50774,2,0,0.09122391045093536,0
C3_global_hybrid_strong,1,2,472,50792,1,1,0.8678279519081116,1
C3_global_hybrid_strong,1,2,475,50798,1,1,0.09388458728790283,0
C3_global_hybrid_strong,1,2,477,50800,1,1,0.8582881689071655,1
C3_global_hybrid_strong,1,2,492,50954,1,1,0.1344258189201355,0
C3_global_hybrid_strong,1,2,496,50958,1,1,0.8515353202819824,1
C3_global_hybrid_strong,1,2,505,50968,1,1,0.8713675141334534,1
C3_global_hybrid_strong,1,2,506,50969,1,1,0.6063781380653381,1
C3_global_hybrid_strong,1,2,524,50990,1,1,0.8707989454269409,1
C3_global_hybrid_strong,1,2,535,51002,1,1,0.7848566174507141,1
C3_global_hybrid_strong,1,2,545,51014,1,1,0.8718608021736145,1
C3_global_hybrid_strong,1,2,558,51028,1,1,0.8694823980331421,1
C3_global_hybrid_strong,1,2,564,51035,1,1,0.6696596741676331,1
C3_global_hybrid_strong,1,2,571,51044,2,0,0.09284937381744385,0
C3_global_hybrid_strong,1,2,574,51047,2,0,0.09075117111206055,0
C3_global_hybrid_strong,1,2,580,51053,2,0,0.09292363375425339,0
C3_global_hybrid_strong,1,2,585,51058,2,0,0.09312117099761963,0
C3_global_hybrid_strong,1,2,588,51061,2,0,0.09160573035478592,0
C3_global_hybrid_strong,1,2,600,51074,2,0,0.10109562426805496,0
C3_global_hybrid_strong,1,2,603,51077,2,0,0.09183026850223541,0
C3_global_hybrid_strong,1,2,617,51091,2,0,0.09095215797424316,0
C3_global_hybrid_strong,1,2,646,51127,2,0,0.09383025765419006,0
C3_global_hybrid_strong,1,2,648,51129,2,0,0.09295213222503662,0
C3_global_hybrid_strong,1,2,650,51131,2,0,0.09125129133462906,0
C3_global_hybrid_strong,1,2,651,51132,2,0,0.09078136086463928,0
C3_global_hybrid_strong,1,2,655,51136,2,0,0.11988995224237442,0
C3_global_hybrid_strong,1,2,662,51146,2,0,0.09202215075492859,0
C3_global_hybrid_strong,1,2,664,51148,2,0,0.09314926713705063,0
C3_global_hybrid_strong,1,2,668,51152,2,0,0.09117322415113449,0
C3_global_hybrid_strong,1,2,675,51162,1,1,0.8722522854804993,1
C3_global_hybrid_strong,1,2,681,51171,1,1,0.8721897602081299,1
C3_global_hybrid_strong,1,2,689,51183,2,0,0.09721749275922775,0
C3_global_hybrid_strong,1,2,703,51205,1,1,0.8718696236610413,1
C3_global_hybrid_strong,1,2,728,51235,1,1,0.8718678951263428,1
C3_global_hybrid_strong,1,2,735,51249,1,1,0.8714271783828735,1
C3_global_hybrid_strong,1,2,751,51268,2,0,0.09070596098899841,0
C3_global_hybrid_strong,1,2,763,51291,1,1,0.8719600439071655,1
C3_global_hybrid_strong,1,2,767,51295,1,1,0.8713493943214417,1
C3_global_hybrid_strong,1,2,813,51350,1,1,0.8392326235771179,1
C3_global_hybrid_strong,1,2,814,51351,1,1,0.751427412033081,1
C3_global_hybrid_strong,1,2,826,51370,2,0,0.09071525931358337,0
C3_global_hybrid_strong,1,2,835,51480,2,0,0.09105610847473145,0
C3_global_hybrid_strong,1,2,859,51574,1,1,0.8704685568809509,1
C3_global_hybrid_strong,1,2,867,51584,1,1,0.8468107581138611,1
C3_global_hybrid_strong,1,3,3,50006,1,1,0.8949233889579773,1
C3_global_hybrid_strong,1,3,15,50023,1,1,0.8866994976997375,1
C3_global_hybrid_strong,1,3,25,50034,2,0,0.08501515537500381,0
C3_global_hybrid_strong,1,3,39,50048,2,0,0.8954387307167053,1
C3_global_hybrid_strong,1,3,68,50124,1,1,0.8960343599319458,1
C3_global_hybrid_strong,1,3,75,50132,1,1,0.8955422639846802,1
C3_global_hybrid_strong,1,3,88,50153,1,1,0.3522544205188751,0
C3_global_hybrid_strong,1,3,100,50169,2,0,0.08514119684696198,0
C3_global_hybrid_strong,1,3,107,50187,1,1,0.09016627818346024,0
C3_global_hybrid_strong,1,3,111,50193,2,0,0.08769801259040833,0
C3_global_hybrid_strong,1,3,122,50205,2,0,0.0881141871213913,0
C3_global_hybrid_strong,1,3,138,50243,1,1,0.7569430470466614,1
C3_global_hybrid_strong,1,3,147,50254,1,1,0.8958694934844971,1
C3_global_hybrid_strong,1,3,159,50268,2,0,0.08503810316324234,0
C3_global_hybrid_strong,1,3,173,50289,1,1,0.43295398354530334,0
C3_global_hybrid_strong,1,3,186,50308,1,1,0.5715063214302063,1
C3_global_hybrid_strong,1,3,189,50314,1,1,0.8944697976112366,1
C3_global_hybrid_strong,1,3,193,50320,1,1,0.8956072926521301,1
C3_global_hybrid_strong,1,3,199,50330,2,0,0.08566649258136749,0
C3_global_hybrid_strong,1,3,203,50334,2,0,0.8859424591064453,1
C3_global_hybrid_strong,1,3,206,50337,2,0,0.08747586607933044,0
C3_global_hybrid_strong,1,3,232,50363,2,0,0.11744970083236694,0
C3_global_hybrid_strong,1,3,233,50364,2,0,0.2335885465145111,0
C3_global_hybrid_strong,1,3,236,50367,2,0,0.08529337495565414,0
C3_global_hybrid_strong,1,3,248,50381,2,0,0.08630489557981491,0
C3_global_hybrid_strong,1,3,252,50386,2,0,0.08513469994068146,0
C3_global_hybrid_strong,1,3,255,50390,2,0,0.08626408129930496,0
C3_global_hybrid_strong,1,3,259,50402,1,1,0.08507346361875534,0
C3_global_hybrid_strong,1,3,261,50404,1,1,0.8951982855796814,1
C3_global_hybrid_strong,1,3,264,50407,1,1,0.8907914757728577,1
C3_global_hybrid_strong,1,3,282,50428,2,0,0.08508513122797012,0
C3_global_hybrid_strong,1,3,291,50441,2,0,0.08792436867952347,0
C3_global_hybrid_strong,1,3,296,50446,2,0,0.08613399416208267,0
C3_global_hybrid_strong,1,3,301,50463,2,0,0.08529124408960342,0
C3_global_hybrid_strong,1,3,312,50485,1,1,0.08699826151132584,0
C3_global_hybrid_strong,1,3,322,50497,1,1,0.8916558027267456,1
C3_global_hybrid_strong,1,3,330,50507,1,1,0.4716719686985016,0
C3_global_hybrid_strong,1,3,332,50510,1,1,0.8956709504127502,1
C3_global_hybrid_strong,1,3,338,50520,1,1,0.892119288444519,1
C3_global_hybrid_strong,1,3,362,50572,2,0,0.08630602806806564,0
C3_global_hybrid_strong,1,3,364,50574,2,0,0.13414603471755981,0
C3_global_hybrid_strong,1,3,368,50578,2,0,0.8920117616653442,1
C3_global_hybrid_strong,1,3,382,50620,1,1,0.08861099183559418,0
C3_global_hybrid_strong,1,3,384,50622,1,1,0.8956982493400574,1
C3_global_hybrid_strong,1,3,398,50659,2,0,0.41390424966812134,0
C3_global_hybrid_strong,1,3,403,50683,2,0,0.08505401760339737,0
C3_global_hybrid_strong,1,3,408,50689,1,1,0.8944702744483948,1
C3_global_hybrid_strong,1,3,415,50696,1,1,0.8944214582443237,1
C3_global_hybrid_strong,1,3,421,50702,1,1,0.2008756846189499,0
C3_global_hybrid_strong,1,3,433,50725,2,0,0.08506206423044205,0
C3_global_hybrid_strong,1,3,436,50730,2,0,0.08595532923936844,0
C3_global_hybrid_strong,1,3,439,50735,2,0,0.08512682467699051,0
C3_global_hybrid_strong,1,3,469,50786,2,0,0.08636308461427689,0
C3_global_hybrid_strong,1,3,497,50959,1,1,0.88169264793396,1
C3_global_hybrid_strong,1,3,503,50966,1,1,0.5059174299240112,1
C3_global_hybrid_strong,1,3,517,50983,1,1,0.7607769966125488,1
C3_global_hybrid_strong,1,3,529,50995,1,1,0.894435465335846,1
C3_global_hybrid_strong,1,3,530,50996,1,1,0.8955152630805969,1
C3_global_hybrid_strong,1,3,531,50997,1,1,0.8904693722724915,1
C3_global_hybrid_strong,1,3,541,51010,1,1,0.50367671251297,1
C3_global_hybrid_strong,1,3,546,51015,1,1,0.08506084978580475,0
C3_global_hybrid_strong,1,3,555,51025,1,1,0.8955498933792114,1
C3_global_hybrid_strong,1,3,572,51045,2,0,0.08905253559350967,0
C3_global_hybrid_strong,1,3,577,51050,2,0,0.08529192954301834,0
C3_global_hybrid_strong,1,3,592,51065,2,0,0.08521877974271774,0
C3_global_hybrid_strong,1,3,607,51081,2,0,0.087132029235363,0
C3_global_hybrid_strong,1,3,608,51082,2,0,0.09144146740436554,0
C3_global_hybrid_strong,1,3,613,51087,2,0,0.08713917434215546,0
C3_global_hybrid_strong,1,3,637,51113,2,0,0.08586584031581879,0
C3_global_hybrid_strong,1,3,639,51116,2,0,0.0940195694565773,0
C3_global_hybrid_strong,1,3,645,51126,2,0,0.08911659568548203,0
C3_global_hybrid_strong,1,3,661,51142,2,0,0.10371337085962296,0
C3_global_hybrid_strong,1,3,706,51208,1,1,0.33343973755836487,0
C3_global_hybrid_strong,1,3,714,51218,1,1,0.8897191286087036,1
C3_global_hybrid_strong,1,3,722,51226,1,1,0.08512315154075623,0
C3_global_hybrid_strong,1,3,731,51239,1,1,0.8921724557876587,1
C3_global_hybrid_strong,1,3,741,51255,2,0,0.08538906276226044,0
C3_global_hybrid_strong,1,3,752,51269,2,0,0.08715878427028656,0
C3_global_hybrid_strong,1,3,761,51280,2,0,0.08611463010311127,0
C3_global_hybrid_strong,1,3,770,51299,1,1,0.8957216739654541,1
C3_global_hybrid_strong,1,3,771,51300,1,1,0.8928750157356262,1
C3_global_hybrid_strong,1,3,776,51305,2,0,0.09362192451953888,0
C3_global_hybrid_strong,1,3,794,51329,1,1,0.11520251631736755,0
C3_global_hybrid_strong,1,3,803,51339,2,0,0.08651501685380936,0
C3_global_hybrid_strong,1,3,806,51342,2,0,0.08776076138019562,0
C3_global_hybrid_strong,1,3,838,51484,2,0,0.48012393712997437,0
C3_global_hybrid_strong,1,3,855,51569,2,0,0.30796822905540466,0
C3_global_hybrid_strong,1,4,4,50007,1,1,0.5871703028678894,1
C3_global_hybrid_strong,1,4,32,50041,2,0,0.13069283962249756,0
C3_global_hybrid_strong,1,4,46,50056,1,1,0.8459764719009399,1
C3_global_hybrid_strong,1,4,57,50111,2,0,0.12376528233289719,0
C3_global_hybrid_strong,1,4,60,50114,2,0,0.11892111599445343,0
C3_global_hybrid_strong,1,4,87,50152,1,1,0.8536709547042847,1
C3_global_hybrid_strong,1,4,94,50161,2,0,0.2148759961128235,0
C3_global_hybrid_strong,1,4,120,50203,2,0,0.11843986809253693,0
C3_global_hybrid_strong,1,4,135,50239,1,1,0.36561447381973267,0
C3_global_hybrid_strong,1,4,149,50257,2,0,0.25766289234161377,0
C3_global_hybrid_strong,1,4,153,50262,2,0,0.14096540212631226,0
C3_global_hybrid_strong,1,4,154,50263,2,0,0.1207309439778328,0
C3_global_hybrid_strong,1,4,166,50275,1,1,0.7933099865913391,1
C3_global_hybrid_strong,1,4,179,50295,1,1,0.8542314767837524,1
C3_global_hybrid_strong,1,4,210,50341,2,0,0.11974166333675385,0
C3_global_hybrid_strong,1,4,216,50347,2,0,0.13874222338199615,0
C3_global_hybrid_strong,1,4,226,50357,2,0,0.1324995756149292,0
C3_global_hybrid_strong,1,4,258,50399,1,1,0.8118671774864197,1
C3_global_hybrid_strong,1,4,272,50416,2,0,0.12275779247283936,0
C3_global_hybrid_strong,1,4,295,50445,2,0,0.1623746007680893,0
C3_global_hybrid_strong,1,4,316,50490,1,1,0.7747845649719238,1
C3_global_hybrid_strong,1,4,323,50498,1,1,0.8326368927955627,1
C3_global_hybrid_strong,1,4,324,50499,1,1,0.8385496735572815,1
C3_global_hybrid_strong,1,4,328,50503,1,1,0.8251904845237732,1
C3_global_hybrid_strong,1,4,329,50504,1,1,0.8441516160964966,1
C3_global_hybrid_strong,1,4,344,50527,1,1,0.46036627888679504,0
C3_global_hybrid_strong,1,4,349,50532,1,1,0.8473421931266785,1
C3_global_hybrid_strong,1,4,350,50551,2,0,0.1452845335006714,0
C3_global_hybrid_strong,1,4,359,50569,2,0,0.3484296500682831,0
C3_global_hybrid_strong,1,4,360,50570,2,0,0.1183391883969307,0
C3_global_hybrid_strong,1,4,363,50573,2,0,0.14556336402893066,0
C3_global_hybrid_strong,1,4,371,50603,1,1,0.8435177206993103,1
C3_global_hybrid_strong,1,4,380,50616,1,1,0.8542406558990479,1
C3_global_hybrid_strong,1,4,387,50625,1,1,0.12662075459957123,0
C3_global_hybrid_strong,1,4,389,50627,1,1,0.8541032671928406,1
C3_global_hybrid_strong,1,4,391,50642,1,1,0.5899386405944824,1
C3_global_hybrid_strong,1,4,392,50644,1,1,0.8089362978935242,1
C3_global_hybrid_strong,1,4,402,50682,2,0,0.11951372027397156,0
C3_global_hybrid_strong,1,4,430,50722,2,0,0.12664563953876495,0
C3_global_hybrid_strong,1,4,437,50731,2,0,0.12753811478614807,0
C3_global_hybrid_strong,1,4,458,50772,2,0,0.8422930836677551,1
C3_global_hybrid_strong,1,4,473,50796,1,1,0.8419196605682373,1
C3_global_hybrid_strong,1,4,474,50797,1,1,0.8013156652450562,1
C3_global_hybrid_strong,1,4,481,50812,2,0,0.11855275928974152,0
C3_global_hybrid_strong,1,4,483,50816,2,0,0.12709373235702515,0
C3_global_hybrid_strong,1,4,485,50818,2,0,0.12266981601715088,0
C3_global_hybrid_strong,1,4,509,50973,1,1,0.790681779384613,1
C3_global_hybrid_strong,1,4,516,50982,1,1,0.195648193359375,0
C3_global_hybrid_strong,1,4,543,51012,1,1,0.7747728228569031,1
C3_global_hybrid_strong,1,4,548,51017,1,1,0.8490273952484131,1
C3_global_hybrid_strong,1,4,549,51018,1,1,0.8444352149963379,1
C3_global_hybrid_strong,1,4,551,51020,1,1,0.49285539984703064,0
C3_global_hybrid_strong,1,4,575,51048,2,0,0.34492436051368713,0
C3_global_hybrid_strong,1,4,590,51063,2,0,0.14480794966220856,0
C3_global_hybrid_strong,1,4,598,51072,2,0,0.48316898941993713,0
C3_global_hybrid_strong,1,4,605,51079,2,0,0.5180290937423706,1
C3_global_hybrid_strong,1,4,618,51093,2,0,0.1270892173051834,0
C3_global_hybrid_strong,1,4,626,51101,2,0,0.12135987728834152,0
C3_global_hybrid_strong,1,4,641,51118,2,0,0.6342604160308838,1
C3_global_hybrid_strong,1,4,649,51130,2,0,0.6981804966926575,1
C3_global_hybrid_strong,1,4,653,51134,2,0,0.12408891320228577,0
C3_global_hybrid_strong,1,4,658,51139,2,0,0.12073687463998795,0
C3_global_hybrid_strong,1,4,659,51140,2,0,0.11845782399177551,0
C3_global_hybrid_strong,1,4,666,51150,2,0,0.11829379200935364,0
C3_global_hybrid_strong,1,4,678,51168,1,1,0.6120176911354065,1
C3_global_hybrid_strong,1,4,687,51181,2,0,0.19417384266853333,0
C3_global_hybrid_strong,1,4,690,51184,2,0,0.2944420576095581,0
C3_global_hybrid_strong,1,4,699,51201,1,1,0.8401045799255371,1
C3_global_hybrid_strong,1,4,708,51211,1,1,0.8493380546569824,1
C3_global_hybrid_strong,1,4,712,51216,1,1,0.17669621109962463,0
C3_global_hybrid_strong,1,4,716,51220,1,1,0.8493166565895081,1
C3_global_hybrid_strong,1,4,718,51222,1,1,0.3311147093772888,0
C3_global_hybrid_strong,1,4,723,51228,1,1,0.854206383228302,1
C3_global_hybrid_strong,1,4,742,51256,2,0,0.12269587814807892,0
C3_global_hybrid_strong,1,4,750,51267,2,0,0.12347397208213806,0
C3_global_hybrid_strong,1,4,778,51307,2,0,0.8530080914497375,1
C3_global_hybrid_strong,1,4,793,51328,1,1,0.8515936732292175,1
C3_global_hybrid_strong,1,4,808,51344,2,0,0.3800691068172455,0
C3_global_hybrid_strong,1,4,815,51354,1,1,0.5991062521934509,1
C3_global_hybrid_strong,1,4,817,51357,2,0,0.11810413748025894,0
C3_global_hybrid_strong,1,4,845,51558,2,0,0.12145617604255676,0
C3_global_hybrid_strong,1,4,846,51559,2,0,0.12081050127744675,0
C3_global_hybrid_strong,1,4,852,51566,2,0,0.12104310840368271,0
C3_global_hybrid_strong,1,4,854,51568,2,0,0.3484448194503784,0
C3_global_hybrid_strong,1,4,860,51576,1,1,0.45149120688438416,0
C3_global_hybrid_strong,1,4,861,51577,1,1,0.8107380270957947,1
C3_global_hybrid_strong,1,4,863,51579,1,1,0.18996497988700867,0
C3_global_hybrid_strong,1,5,9,50013,1,1,0.6799035668373108,1
C3_global_hybrid_strong,1,5,12,50016,1,1,0.627276599407196,1
C3_global_hybrid_strong,1,5,21,50030,2,0,0.5863536596298218,1
C3_global_hybrid_strong,1,5,28,50037,2,0,0.6242326498031616,1
C3_global_hybrid_strong,1,5,37,50046,2,0,0.35342729091644287,0
C3_global_hybrid_strong,1,5,48,50059,2,0,0.37635374069213867,0
C3_global_hybrid_strong,1,5,73,50130,1,1,0.4747709035873413,0
C3_global_hybrid_strong,1,5,77,50135,1,1,0.6870768666267395,1
C3_global_hybrid_strong,1,5,79,50143,1,1,0.6841485500335693,1
C3_global_hybrid_strong,1,5,81,50145,1,1,0.6382795572280884,1
C3_global_hybrid_strong,1,5,95,50162,2,0,0.47430136799812317,0
C3_global_hybrid_strong,1,5,97,50164,2,0,0.35801008343696594,0
C3_global_hybrid_strong,1,5,102,50171,2,0,0.5851130485534668,1
C3_global_hybrid_strong,1,5,128,50215,2,0,0.3213992118835449,0
C3_global_hybrid_strong,1,5,134,50237,1,1,0.6688733696937561,1
C3_global_hybrid_strong,1,5,142,50249,1,1,0.6875420808792114,1
C3_global_hybrid_strong,1,5,150,50259,2,0,0.4329262375831604,0
C3_global_hybrid_strong,1,5,167,50276,1,1,0.6734378933906555,1
C3_global_hybrid_strong,1,5,177,50293,1,1,0.6609267592430115,1
C3_global_hybrid_strong,1,5,185,50304,1,1,0.5382398962974548,1
C3_global_hybrid_strong,1,5,191,50318,1,1,0.5108785033226013,1
C3_global_hybrid_strong,1,5,207,50338,2,0,0.33982983231544495,0
C3_global_hybrid_strong,1,5,243,50375,2,0,0.31993839144706726,0
C3_global_hybrid_strong,1,5,250,50383,2,0,0.3987131118774414,0
C3_global_hybrid_strong,1,5,271,50415,2,0,0.5179635882377625,1
C3_global_hybrid_strong,1,5,276,50421,2,0,0.3325108587741852,0
C3_global_hybrid_strong,1,5,280,50426,2,0,0.46861833333969116,0
C3_global_hybrid_strong,1,5,286,50436,2,0,0.670886218547821,1
C3_global_hybrid_strong,1,5,293,50443,2,0,0.6387786269187927,1
C3_global_hybrid_strong,1,5,304,50468,2,0,0.48590585589408875,0
C3_global_hybrid_strong,1,5,306,50470,2,0,0.6256318092346191,1
C3_global_hybrid_strong,1,5,327,50502,1,1,0.6906903386116028,1
C3_global_hybrid_strong,1,5,334,50515,1,1,0.6909080743789673,1
C3_global_hybrid_strong,1,5,336,50518,1,1,0.6366177201271057,1
C3_global_hybrid_strong,1,5,339,50521,1,1,0.6418812870979309,1
C3_global_hybrid_strong,1,5,347,50530,1,1,0.6900016665458679,1
C3_global_hybrid_strong,1,5,351,50552,2,0,0.3689594864845276,0
C3_global_hybrid_strong,1,5,355,50561,2,0,0.3431012034416199,0
C3_global_hybrid_strong,1,5,367,50577,2,0,0.3215411603450775,0
C3_global_hybrid_strong,1,5,385,50623,1,1,0.5063725709915161,1
C3_global_hybrid_strong,1,5,411,50692,2,0,0.3456214964389801,0
C3_global_hybrid_strong,1,5,412,50693,1,1,0.35801687836647034,0
C3_global_hybrid_strong,1,5,417,50698,2,0,0.3512525260448456,0
C3_global_hybrid_strong,1,5,443,50740,2,0,0.3486875593662262,0
C3_global_hybrid_strong,1,5,465,50780,2,0,0.557579517364502,1
C3_global_hybrid_strong,1,5,484,50817,2,0,0.3312544822692871,0
C3_global_hybrid_strong,1,5,487,50821,2,0,0.3428325951099396,0
C3_global_hybrid_strong,1,5,494,50956,1,1,0.6906452775001526,1
C3_global_hybrid_strong,1,5,498,50960,1,1,0.5141105651855469,1
C3_global_hybrid_strong,1,5,504,50967,1,1,0.6609904170036316,1
C3_global_hybrid_strong,1,5,507,50970,1,1,0.6799493432044983,1
C3_global_hybrid_strong,1,5,513,50978,1,1,0.6867567896842957,1
C3_global_hybrid_strong,1,5,514,50979,1,1,0.6630653142929077,1
C3_global_hybrid_strong,1,5,528,50994,1,1,0.6679834127426147,1
C3_global_hybrid_strong,1,5,533,51000,1,1,0.6910579800605774,1
C3_global_hybrid_strong,1,5,536,51003,1,1,0.6811023950576782,1
C3_global_hybrid_strong,1,5,537,51006,1,1,0.68458092212677,1
C3_global_hybrid_strong,1,5,538,51007,1,1,0.6783818602561951,1
C3_global_hybrid_strong,1,5,539,51008,1,1,0.6089701056480408,1
C3_global_hybrid_strong,1,5,547,51016,1,1,0.6315215229988098,1
C3_global_hybrid_strong,1,5,550,51019,1,1,0.5635929107666016,1
C3_global_hybrid_strong,1,5,594,51067,2,0,0.31965869665145874,0
C3_global_hybrid_strong,1,5,614,51088,2,0,0.34220796823501587,0
C3_global_hybrid_strong,1,5,616,51090,2,0,0.3274584710597992,0
C3_global_hybrid_strong,1,5,621,51096,2,0,0.334158331155777,0
C3_global_hybrid_strong,1,5,623,51098,2,0,0.32118043303489685,0
C3_global_hybrid_strong,1,5,628,51103,2,0,0.5841155648231506,1
C3_global_hybrid_strong,1,5,647,51128,2,0,0.3334537446498871,0
C3_global_hybrid_strong,1,5,660,51141,2,0,0.5247460007667542,1
C3_global_hybrid_strong,1,5,669,51153,2,0,0.5099753737449646,1
C3_global_hybrid_strong,1,5,674,51161,1,1,0.6375991702079773,1
C3_global_hybrid_strong,1,5,685,51179,1,1,0.6547136902809143,1
C3_global_hybrid_strong,1,5,698,51198,2,0,0.3919426500797272,0
C3_global_hybrid_strong,1,5,702,51204,1,1,0.6899237036705017,1
C3_global_hybrid_strong,1,5,713,51217,1,1,0.43190109729766846,0
C3_global_hybrid_strong,1,5,719,51223,1,1,0.6789937019348145,1
C3_global_hybrid_strong,1,5,727,51234,1,1,0.6897025108337402,1
C3_global_hybrid_strong,1,5,737,51251,2,0,0.6490656733512878,1
C3_global_hybrid_strong,1,5,738,51252,2,0,0.6862392425537109,1
C3_global_hybrid_strong,1,5,746,51262,2,0,0.6596767902374268,1
C3_global_hybrid_strong,1,5,805,51341,2,0,0.6159999966621399,1
C3_global_hybrid_strong,1,5,821,51362,2,0,0.5546391606330872,1
C3_global_hybrid_strong,1,5,823,51364,2,0,0.5524987578392029,1
C3_global_hybrid_strong,1,5,832,51473,1,1,0.6440533399581909,1
C3_global_hybrid_strong,1,5,847,51560,2,0,0.31977134943008423,0
C3_global_hybrid_strong,1,5,848,51562,2,0,0.3192720115184784,0
C3_global_hybrid_strong,1,5,849,51563,2,0,0.33451318740844727,0
C3_global_hybrid_strong,1,6,6,50010,1,1,0.8578505516052246,1
C3_global_hybrid_strong,1,6,47,50057,1,1,0.09586293995380402,0
C3_global_hybrid_strong,1,6,54,50106,2,0,0.0947861447930336,0
C3_global_hybrid_strong,1,6,61,50115,2,0,0.09423664957284927,0
C3_global_hybrid_strong,1,6,70,50127,1,1,0.21563392877578735,0
C3_global_hybrid_strong,1,6,76,50134,1,1,0.8594356775283813,1
C3_global_hybrid_strong,1,6,78,50142,1,1,0.855290412902832,1
C3_global_hybrid_strong,1,6,82,50146,1,1,0.1775965541601181,0
C3_global_hybrid_strong,1,6,91,50158,2,0,0.09304194897413254,0
C3_global_hybrid_strong,1,6,92,50159,2,0,0.7953829765319824,1
C3_global_hybrid_strong,1,6,112,50194,2,0,0.09470877796411514,0
C3_global_hybrid_strong,1,6,123,50206,2,0,0.15276406705379486,0
C3_global_hybrid_strong,1,6,124,50208,2,0,0.09302952140569687,0
C3_global_hybrid_strong,1,6,130,50232,1,1,0.8490462899208069,1
C3_global_hybrid_strong,1,6,131,50233,1,1,0.8594784140586853,1
C3_global_hybrid_strong,1,6,137,50241,1,1,0.85964435338974,1
C3_global_hybrid_strong,1,6,139,50245,1,1,0.8590632081031799,1
C3_global_hybrid_strong,1,6,140,50247,1,1,0.7593629360198975,1
C3_global_hybrid_strong,1,6,151,50260,2,0,0.09416574239730835,0
C3_global_hybrid_strong,1,6,168,50278,1,1,0.8595625758171082,1
C3_global_hybrid_strong,1,6,175,50291,1,1,0.7860069870948792,1
C3_global_hybrid_strong,1,6,196,50325,1,1,0.09482093155384064,0
C3_global_hybrid_strong,1,6,205,50336,2,0,0.13274066150188446,0
C3_global_hybrid_strong,1,6,219,50350,2,0,0.09786929190158844,0
C3_global_hybrid_strong,1,6,220,50351,2,0,0.09721504151821136,0
C3_global_hybrid_strong,1,6,223,50354,2,0,0.10002436488866806,0
C3_global_hybrid_strong,1,6,228,50359,2,0,0.14812567830085754,0
C3_global_hybrid_strong,1,6,229,50360,2,0,0.09508553147315979,0
C3_global_hybrid_strong,1,6,234,50365,2,0,0.09315632283687592,0
C3_global_hybrid_strong,1,6,239,50370,2,0,0.09295443445444107,0
C3_global_hybrid_strong,1,6,254,50388,2,0,0.09419246017932892,0
C3_global_hybrid_strong,1,6,260,50403,1,1,0.09301541745662689,0
C3_global_hybrid_strong,1,6,278,50424,2,0,0.09487615525722504,0
C3_global_hybrid_strong,1,6,290,50440,2,0,0.7620911002159119,1
C3_global_hybrid_strong,1,6,292,50442,2,0,0.09664472937583923,0
C3_global_hybrid_strong,1,6,299,50449,2,0,0.09287195652723312,0
C3_global_hybrid_strong,1,6,302,50466,2,0,0.09415258467197418,0
C3_global_hybrid_strong,1,6,321,50496,1,1,0.8574545383453369,1
C3_global_hybrid_strong,1,6,340,50523,1,1,0.8549922704696655,1
C3_global_hybrid_strong,1,6,345,50528,1,1,0.8587535619735718,1
C3_global_hybrid_strong,1,6,357,50565,2,0,0.0969615951180458,0
C3_global_hybrid_strong,1,6,365,50575,2,0,0.09325350075960159,0
C3_global_hybrid_strong,1,6,372,50604,1,1,0.859432578086853,1
C3_global_hybrid_strong,1,6,374,50607,1,1,0.09325873106718063,0
C3_global_hybrid_strong,1,6,379,50615,1,1,0.8591170907020569,1
C3_global_hybrid_strong,1,6,399,50664,2,0,0.09353134036064148,0
C3_global_hybrid_strong,1,6,426,50707,2,0,0.09612536430358887,0
C3_global_hybrid_strong,1,6,444,50741,2,0,0.0928284153342247,0
C3_global_hybrid_strong,1,6,467,50782,2,0,0.0935945138335228,0
C3_global_hybrid_strong,1,6,468,50783,2,0,0.09589385241270065,0
C3_global_hybrid_strong,1,6,470,50790,2,0,0.09423936903476715,0
C3_global_hybrid_strong,1,6,480,50807,1,1,0.8576523065567017,1
C3_global_hybrid_strong,1,6,493,50955,1,1,0.09299286454916,0
C3_global_hybrid_strong,1,6,499,50961,1,1,0.8555997014045715,1
C3_global_hybrid_strong,1,6,515,50981,1,1,0.7077897787094116,1
C3_global_hybrid_strong,1,6,518,50984,1,1,0.4569108784198761,0
C3_global_hybrid_strong,1,6,522,50988,1,1,0.6855795383453369,1
C3_global_hybrid_strong,1,6,523,50989,1,1,0.8556028008460999,1
C3_global_hybrid_strong,1,6,542,51011,1,1,0.8576473593711853,1
C3_global_hybrid_strong,1,6,556,51026,1,1,0.8570301532745361,1
C3_global_hybrid_strong,1,6,557,51027,1,1,0.1174468994140625,0
C3_global_hybrid_strong,1,6,567,51039,2,0,0.09733892977237701,0
C3_global_hybrid_strong,1,6,569,51041,2,0,0.0978308692574501,0
C3_global_hybrid_strong,1,6,573,51046,2,0,0.18282702565193176,0
C3_global_hybrid_strong,1,6,581,51054,2,0,0.09635991603136063,0
C3_global_hybrid_strong,1,6,582,51055,2,0,0.09634841233491898,0
C3_global_hybrid_strong,1,6,583,51056,2,0,0.0978354886174202,0
C3_global_hybrid_strong,1,6,601,51075,2,0,0.09852442890405655,0
C3_global_hybrid_strong,1,6,604,51078,2,0,0.09865239262580872,0
C3_global_hybrid_strong,1,6,624,51099,2,0,0.0933065190911293,0
C3_global_hybrid_strong,1,6,672,51156,2,0,0.09788955003023148,0
C3_global_hybrid_strong,1,6,707,51210,1,1,0.841693103313446,1
C3_global_hybrid_strong,1,6,725,51230,1,1,0.8584725260734558,1
C3_global_hybrid_strong,1,6,739,51253,2,0,0.09437425434589386,0
C3_global_hybrid_strong,1,6,762,51281,2,0,0.09787829965353012,0
C3_global_hybrid_strong,1,6,773,51302,1,1,0.4669957756996155,0
C3_global_hybrid_strong,1,6,775,51304,2,0,0.09414105117321014,0
C3_global_hybrid_strong,1,6,785,51319,1,1,0.8570608496665955,1
C3_global_hybrid_strong,1,6,796,51331,1,1,0.8415756225585938,1
C3_global_hybrid_strong,1,6,810,51346,2,0,0.09509146958589554,0
C3_global_hybrid_strong,1,6,811,51347,2,0,0.0961509421467781,0
C3_global_hybrid_strong,1,6,812,51349,1,1,0.09725528210401535,0
C3_global_hybrid_strong,1,6,819,51360,2,0,0.09310920536518097,0
C3_global_hybrid_strong,1,6,844,51557,2,0,0.09759832173585892,0
C3_global_hybrid_strong,1,6,858,51573,1,1,0.13768485188484192,0
C3_global_hybrid_strong,1,6,864,51580,1,1,0.4210207760334015,0
C3_global_hybrid_strong,1,6,869,51606,1,1,0.09451140463352203,0
C3_global_hybrid_strong,1,7,22,50031,2,0,0.04397369548678398,0
C3_global_hybrid_strong,1,7,24,50033,2,0,0.0440874807536602,0
C3_global_hybrid_strong,1,7,29,50038,2,0,0.04389827698469162,0
C3_global_hybrid_strong,1,7,43,50052,2,0,0.44281455874443054,0
C3_global_hybrid_strong,1,7,50,50102,2,0,0.04621367156505585,0
C3_global_hybrid_strong,1,7,58,50112,2,0,0.04388304799795151,0
C3_global_hybrid_strong,1,7,62,50116,2,0,0.7461360692977905,1
C3_global_hybrid_strong,1,7,86,50150,1,1,0.04981129989027977,0
C3_global_hybrid_strong,1,7,89,50156,1,1,0.9116593599319458,1
C3_global_hybrid_strong,1,7,93,50160,2,0,0.050544772297143936,0
C3_global_hybrid_strong,1,7,99,50168,2,0,0.04906015843153,0
C3_global_hybrid_strong,1,7,121,50204,2,0,0.04442568123340607,0
C3_global_hybrid_strong,1,7,125,50210,2,0,0.045737795531749725,0
C3_global_hybrid_strong,1,7,127,50214,2,0,0.046106625348329544,0
C3_global_hybrid_strong,1,7,129,50217,2,0,0.04482646286487579,0
C3_global_hybrid_strong,1,7,133,50236,1,1,0.9150739908218384,1
C3_global_hybrid_strong,1,7,158,50267,2,0,0.044690947979688644,0
C3_global_hybrid_strong,1,7,162,50271,2,0,0.13027115166187286,0
C3_global_hybrid_strong,1,7,169,50282,1,1,0.9073271751403809,1
C3_global_hybrid_strong,1,7,183,50301,1,1,0.32427117228507996,0
C3_global_hybrid_strong,1,7,188,50312,1,1,0.8859463930130005,1
C3_global_hybrid_strong,1,7,211,50342,2,0,0.047297168523073196,0
C3_global_hybrid_strong,1,7,212,50343,2,0,0.7247232794761658,1
C3_global_hybrid_strong,1,7,238,50369,2,0,0.04903921112418175,0
C3_global_hybrid_strong,1,7,245,50377,2,0,0.04617122560739517,0
C3_global_hybrid_strong,1,7,251,50385,2,0,0.7028183341026306,1
C3_global_hybrid_strong,1,7,262,50405,1,1,0.9147146344184875,1
C3_global_hybrid_strong,1,7,266,50410,1,1,0.7235209345817566,1
C3_global_hybrid_strong,1,7,274,50418,2,0,0.045301906764507294,0
C3_global_hybrid_strong,1,7,300,50453,2,0,0.7529668211936951,1
C3_global_hybrid_strong,1,7,307,50477,1,1,0.9037022590637207,1
C3_global_hybrid_strong,1,7,317,50491,1,1,0.9143683314323425,1
C3_global_hybrid_strong,1,7,318,50492,1,1,0.9138509035110474,1
C3_global_hybrid_strong,1,7,325,50500,1,1,0.7354374527931213,1
C3_global_hybrid_strong,1,7,346,50529,1,1,0.9097943902015686,1
C3_global_hybrid_strong,1,7,353,50557,2,0,0.04414598271250725,0
C3_global_hybrid_strong,1,7,354,50558,2,0,0.058567240834236145,0
C3_global_hybrid_strong,1,7,373,50606,1,1,0.41298776865005493,0
C3_global_hybrid_strong,1,7,375,50608,1,1,0.24268069863319397,0
C3_global_hybrid_strong,1,7,386,50624,1,1,0.9129739999771118,1
C3_global_hybrid_strong,1,7,395,50649,1,1,0.12959171831607819,0
C3_global_hybrid_strong,1,7,407,50688,2,0,0.044683150947093964,0
C3_global_hybrid_strong,1,7,418,50699,2,0,0.9142513275146484,1
C3_global_hybrid_strong,1,7,428,50709,2,0,0.04384477436542511,0
C3_global_hybrid_strong,1,7,450,50749,1,1,0.9109283685684204,1
C3_global_hybrid_strong,1,7,453,50752,1,1,0.7377132177352905,1
C3_global_hybrid_strong,1,7,456,50756,1,1,0.9148207306861877,1
C3_global_hybrid_strong,1,7,495,50957,1,1,0.4006446301937103,0
C3_global_hybrid_strong,1,7,510,50974,1,1,0.9152078032493591,1
C3_global_hybrid_strong,1,7,521,50987,1,1,0.915215790271759,1
C3_global_hybrid_strong,1,7,554,51024,1,1,0.9144157767295837,1
C3_global_hybrid_strong,1,7,587,51060,2,0,0.7028093338012695,1
C3_global_hybrid_strong,1,7,593,51066,2,0,0.0470694936811924,0
C3_global_hybrid_strong,1,7,619,51094,2,0,0.04704207554459572,0
C3_global_hybrid_strong,1,7,620,51095,2,0,0.2906898260116577,0
C3_global_hybrid_strong,1,7,629,51104,2,0,0.04554523155093193,0
C3_global_hybrid_strong,1,7,634,51110,2,0,0.046077270060777664,0
C3_global_hybrid_strong,1,7,663,51147,2,0,0.045167431235313416,0
C3_global_hybrid_strong,1,7,667,51151,2,0,0.04384368658065796,0
C3_global_hybrid_strong,1,7,671,51155,2,0,0.04396577179431915,0
C3_global_hybrid_strong,1,7,673,51159,2,0,0.9133407473564148,1
C3_global_hybrid_strong,1,7,676,51163,1,1,0.4947643578052521,0
C3_global_hybrid_strong,1,7,682,51173,1,1,0.9084110260009766,1
C3_global_hybrid_strong,1,7,683,51177,1,1,0.8435783982276917,1
C3_global_hybrid_strong,1,7,684,51178,1,1,0.912947416305542,1
C3_global_hybrid_strong,1,7,695,51192,2,0,0.04461991414427757,0
C3_global_hybrid_strong,1,7,704,51206,1,1,0.7354072332382202,1
C3_global_hybrid_strong,1,7,710,51214,1,1,0.9121032953262329,1
C3_global_hybrid_strong,1,7,717,51221,1,1,0.9104428887367249,1
C3_global_hybrid_strong,1,7,720,51224,1,1,0.9123443961143494,1
C3_global_hybrid_strong,1,7,724,51229,1,1,0.9151104688644409,1
C3_global_hybrid_strong,1,7,736,51250,2,0,0.0470801442861557,0
C3_global_hybrid_strong,1,7,759,51278,2,0,0.08651520311832428,0
C3_global_hybrid_strong,1,7,760,51279,2,0,0.04473339766263962,0
C3_global_hybrid_strong,1,7,764,51292,1,1,0.9123697876930237,1
C3_global_hybrid_strong,1,7,774,51303,2,0,0.044145457446575165,0
C3_global_hybrid_strong,1,7,784,51318,1,1,0.0725596472620964,0
C3_global_hybrid_strong,1,7,799,51334,2,0,0.04378080368041992,0
C3_global_hybrid_strong,1,7,807,51343,2,0,0.04749361798167229,0
C3_global_hybrid_strong,1,7,820,51361,2,0,0.05154702812433243,0
C3_global_hybrid_strong,1,7,827,51373,2,0,0.044554706662893295,0
C3_global_hybrid_strong,1,7,828,51461,1,1,0.9144707322120667,1
C3_global_hybrid_strong,1,7,830,51464,1,1,0.9078112244606018,1
C3_global_hybrid_strong,1,7,831,51465,1,1,0.9152055382728577,1
C3_global_hybrid_strong,1,7,833,51477,2,0,0.0441923514008522,0
C3_global_hybrid_strong,1,7,857,51572,1,1,0.909792423248291,1
C3_global_hybrid_strong,1,7,866,51583,1,1,0.9069597125053406,1
C3_global_hybrid_strong,1,8,5,50008,1,1,0.7477830648422241,1
C3_global_hybrid_strong,1,8,7,50011,1,1,0.7740604281425476,1
C3_global_hybrid_strong,1,8,10,50014,1,1,0.777858555316925,1
C3_global_hybrid_strong,1,8,14,50022,1,1,0.2421523928642273,0
C3_global_hybrid_strong,1,8,16,50024,1,1,0.7784864902496338,1
C3_global_hybrid_strong,1,8,35,50044,2,0,0.24720364809036255,0
C3_global_hybrid_strong,1,8,42,50051,2,0,0.42561569809913635,0
C3_global_hybrid_strong,1,8,49,50060,2,0,0.24950794875621796,0
C3_global_hybrid_strong,1,8,52,50104,2,0,0.2463311403989792,0
C3_global_hybrid_strong,1,8,56,50109,2,0,0.3053595721721649,0
C3_global_hybrid_strong,1,8,65,50119,1,1,0.2433168590068817,0
C3_global_hybrid_strong,1,8,67,50123,1,1,0.7747930288314819,1
C3_global_hybrid_strong,1,8,101,50170,2,0,0.36025774478912354,0
C3_global_hybrid_strong,1,8,103,50182,1,1,0.7768896818161011,1
C3_global_hybrid_strong,1,8,104,50183,1,1,0.7423532009124756,1
C3_global_hybrid_strong,1,8,106,50186,1,1,0.778246283531189,1
C3_global_hybrid_strong,1,8,117,50200,2,0,0.2502903640270233,0
C3_global_hybrid_strong,1,8,118,50201,2,0,0.2435763031244278,0
C3_global_hybrid_strong,1,8,143,50250,1,1,0.3161509037017822,0
C3_global_hybrid_strong,1,8,146,50253,1,1,0.6555547118186951,1
C3_global_hybrid_strong,1,8,164,50273,1,1,0.7707307934761047,1
C3_global_hybrid_strong,1,8,171,50285,1,1,0.4150429964065552,0
C3_global_hybrid_strong,1,8,184,50302,1,1,0.7783364653587341,1
C3_global_hybrid_strong,1,8,187,50310,1,1,0.7762719392776489,1
C3_global_hybrid_strong,1,8,194,50321,1,1,0.7778496146202087,1
C3_global_hybrid_strong,1,8,198,50329,2,0,0.27712544798851013,0
C3_global_hybrid_strong,1,8,214,50345,2,0,0.2418709695339203,0
C3_global_hybrid_strong,1,8,227,50358,2,0,0.2520529627799988,0
C3_global_hybrid_strong,1,8,231,50362,2,0,0.2732980251312256,0
C3_global_hybrid_strong,1,8,244,50376,2,0,0.7362509965896606,1
C3_global_hybrid_strong,1,8,263,50406,1,1,0.7747644782066345,1
C3_global_hybrid_strong,1,8,268,50412,1,1,0.7778729200363159,1
C3_global_hybrid_strong,1,8,270,50414,2,0,0.4696072041988373,0
C3_global_hybrid_strong,1,8,281,50427,2,0,0.24384507536888123,0
C3_global_hybrid_strong,1,8,298,50448,2,0,0.4437941610813141,0
C3_global_hybrid_strong,1,8,309,50481,1,1,0.7763017416000366,1
C3_global_hybrid_strong,1,8,314,50487,1,1,0.7731176614761353,1
C3_global_hybrid_strong,1,8,358,50568,2,0,0.5250483155250549,1
C3_global_hybrid_strong,1,8,366,50576,2,0,0.24308712780475616,0
C3_global_hybrid_strong,1,8,369,50601,1,1,0.3460926413536072,0
C3_global_hybrid_strong,1,8,381,50619,1,1,0.7775638699531555,1
C3_global_hybrid_strong,1,8,404,50685,2,0,0.28068000078201294,0
C3_global_hybrid_strong,1,8,419,50700,1,1,0.7782536149024963,1
C3_global_hybrid_strong,1,8,420,50701,2,0,0.2468249350786209,0
C3_global_hybrid_strong,1,8,432,50724,2,0,0.24410881102085114,0
C3_global_hybrid_strong,1,8,440,50737,2,0,0.24245665967464447,0
C3_global_hybrid_strong,1,8,454,50754,1,1,0.773145318031311,1
C3_global_hybrid_strong,1,8,462,50776,2,0,0.24258007109165192,0
C3_global_hybrid_strong,1,8,471,50791,1,1,0.7759333848953247,1
C3_global_hybrid_strong,1,8,482,50814,2,0,0.30348846316337585,0
C3_global_hybrid_strong,1,8,508,50972,1,1,0.7725872993469238,1
C3_global_hybrid_strong,1,8,525,50991,1,1,0.24765434861183167,0
C3_global_hybrid_strong,1,8,527,50993,1,1,0.7718330025672913,1
C3_global_hybrid_strong,1,8,532,50999,1,1,0.7755672335624695,1
C3_global_hybrid_strong,1,8,544,51013,1,1,0.7760139107704163,1
C3_global_hybrid_strong,1,8,559,51029,1,1,0.4686800539493561,0
C3_global_hybrid_strong,1,8,576,51049,2,0,0.25400516390800476,0
C3_global_hybrid_strong,1,8,596,51069,2,0,0.2474331110715866,0
C3_global_hybrid_strong,1,8,627,51102,2,0,0.2673946022987366,0
C3_global_hybrid_strong,1,8,632,51107,2,0,0.7753013968467712,1
C3_global_hybrid_strong,1,8,635,51111,2,0,0.3059578537940979,0
C3_global_hybrid_strong,1,8,638,51114,2,0,0.6080766320228577,1
C3_global_hybrid_strong,1,8,642,51122,2,0,0.2421656847000122,0
C3_global_hybrid_strong,1,8,644,51124,2,0,0.24389344453811646,0
C3_global_hybrid_strong,1,8,656,51137,2,0,0.24561244249343872,0
C3_global_hybrid_strong,1,8,670,51154,2,0,0.39093729853630066,0
C3_global_hybrid_strong,1,8,694,51189,2,0,0.336655855178833,0
C3_global_hybrid_strong,1,8,701,51203,1,1,0.7735379934310913,1
C3_global_hybrid_strong,1,8,711,51215,1,1,0.3034435510635376,0
C3_global_hybrid_strong,1,8,730,51237,1,1,0.7773209810256958,1
C3_global_hybrid_strong,1,8,733,51241,1,1,0.7618252635002136,1
C3_global_hybrid_strong,1,8,745,51261,2,0,0.2419930249452591,0
C3_global_hybrid_strong,1,8,747,51264,2,0,0.25435829162597656,0
C3_global_hybrid_strong,1,8,758,51277,2,0,0.25252553820610046,0
C3_global_hybrid_strong,1,8,777,51306,2,0,0.4580327868461609,0
C3_global_hybrid_strong,1,8,783,51315,2,0,0.35296764969825745,0
C3_global_hybrid_strong,1,8,786,51320,1,1,0.7783569097518921,1
C3_global_hybrid_strong,1,8,788,51322,1,1,0.44829148054122925,0
C3_global_hybrid_strong,1,8,790,51325,1,1,0.5897681713104248,1
C3_global_hybrid_strong,1,8,791,51326,1,1,0.5104643702507019,1
C3_global_hybrid_strong,1,8,797,51332,2,0,0.24329215288162231,0
C3_global_hybrid_strong,1,8,801,51336,2,0,0.2418760061264038,0
C3_global_hybrid_strong,1,8,802,51338,2,0,0.7603470087051392,1
C3_global_hybrid_strong,1,8,816,51356,2,0,0.6925067901611328,1
C3_global_hybrid_strong,1,8,824,51365,2,0,0.25031712651252747,0
C3_global_hybrid_strong,1,8,825,51369,2,0,0.2419821321964264,0
C3_global_hybrid_strong,1,8,839,51487,2,0,0.2606188654899597,0
C3_global_hybrid_strong,1,9,0,50003,1,1,0.3166840672492981,0
C3_global_hybrid_strong,1,9,44,50053,1,1,0.3938872218132019,0
C3_global_hybrid_strong,1,9,51,50103,2,0,0.5137805938720703,1
C3_global_hybrid_strong,1,9,83,50147,1,1,0.7704803347587585,1
C3_global_hybrid_strong,1,9,96,50163,2,0,0.3639676868915558,0
C3_global_hybrid_strong,1,9,110,50190,1,1,0.8588153719902039,1
C3_global_hybrid_strong,1,9,116,50199,2,0,0.10007627308368683,0
C3_global_hybrid_strong,1,9,136,50240,1,1,0.8634986281394958,1
C3_global_hybrid_strong,1,9,155,50264,2,0,0.3491206169128418,0
C3_global_hybrid_strong,1,9,157,50266,2,0,0.09651146084070206,0
C3_global_hybrid_strong,1,9,161,50270,2,0,0.09627993404865265,0
C3_global_hybrid_strong,1,9,178,50294,1,1,0.7689464688301086,1
C3_global_hybrid_strong,1,9,180,50297,1,1,0.14234037697315216,0
C3_global_hybrid_strong,1,9,181,50298,1,1,0.13995476067066193,0
C3_global_hybrid_strong,1,9,182,50300,1,1,0.09539220482110977,0
C3_global_hybrid_strong,1,9,197,50327,2,0,0.09596976637840271,0
C3_global_hybrid_strong,1,9,202,50333,2,0,0.09621549397706985,0
C3_global_hybrid_strong,1,9,208,50339,2,0,0.09768270701169968,0
C3_global_hybrid_strong,1,9,237,50368,2,0,0.09677842259407043,0
C3_global_hybrid_strong,1,9,247,50380,2,0,0.2712012827396393,0
C3_global_hybrid_strong,1,9,249,50382,2,0,0.09908805787563324,0
C3_global_hybrid_strong,1,9,257,50397,1,1,0.8622336983680725,1
C3_global_hybrid_strong,1,9,267,50411,1,1,0.8646844029426575,1
C3_global_hybrid_strong,1,9,287,50437,2,0,0.8665868639945984,1
C3_global_hybrid_strong,1,9,294,50444,2,0,0.09558480978012085,0
C3_global_hybrid_strong,1,9,297,50447,2,0,0.10279520601034164,0
C3_global_hybrid_strong,1,9,310,50482,1,1,0.8653157949447632,1
C3_global_hybrid_strong,1,9,320,50494,1,1,0.39253678917884827,0
C3_global_hybrid_strong,1,9,341,50524,1,1,0.865868091583252,1
C3_global_hybrid_strong,1,9,352,50555,2,0,0.09613092988729477,0
C3_global_hybrid_strong,1,9,377,50613,1,1,0.8672794103622437,1
C3_global_hybrid_strong,1,9,378,50614,1,1,0.8685913681983948,1
C3_global_hybrid_strong,1,9,396,50654,1,1,0.09549999982118607,0
C3_global_hybrid_strong,1,9,400,50665,2,0,0.1617402881383896,0
C3_global_hybrid_strong,1,9,406,50687,2,0,0.1939140111207962,0
C3_global_hybrid_strong,1,9,409,50690,1,1,0.10027311742305756,0
C3_global_hybrid_strong,1,9,423,50704,1,1,0.09552241116762161,0
C3_global_hybrid_strong,1,9,424,50705,1,1,0.09597301483154297,0
C3_global_hybrid_strong,1,9,427,50708,1,1,0.8642750978469849,1
C3_global_hybrid_strong,1,9,434,50726,2,0,0.09764821827411652,0
C3_global_hybrid_strong,1,9,442,50739,2,0,0.17512015998363495,0
C3_global_hybrid_strong,1,9,452,50751,1,1,0.7336217164993286,1
C3_global_hybrid_strong,1,9,459,50773,2,0,0.23811276257038116,0
C3_global_hybrid_strong,1,9,463,50777,2,0,0.09678751230239868,0
C3_global_hybrid_strong,1,9,479,50803,1,1,0.8637654781341553,1
C3_global_hybrid_strong,1,9,488,50822,2,0,0.09550917893648148,0
C3_global_hybrid_strong,1,9,491,50952,1,1,0.8687305450439453,1
C3_global_hybrid_strong,1,9,500,50962,1,1,0.1019725352525711,0
C3_global_hybrid_strong,1,9,512,50977,1,1,0.7023587822914124,1
C3_global_hybrid_strong,1,9,520,50986,1,1,0.09597509354352951,0
C3_global_hybrid_strong,1,9,526,50992,1,1,0.31813904643058777,0
C3_global_hybrid_strong,1,9,534,51001,1,1,0.8686192035675049,1
C3_global_hybrid_strong,1,9,540,51009,1,1,0.8665707111358643,1
C3_global_hybrid_strong,1,9,552,51021,1,1,0.8685939908027649,1
C3_global_hybrid_strong,1,9,561,51032,1,1,0.824479341506958,1
C3_global_hybrid_strong,1,9,563,51034,1,1,0.6920212507247925,1
C3_global_hybrid_strong,1,9,565,51036,2,0,0.09683390706777573,0
C3_global_hybrid_strong,1,9,578,51051,2,0,0.10295316576957703,0
C3_global_hybrid_strong,1,9,591,51064,2,0,0.09596537053585052,0
C3_global_hybrid_strong,1,9,595,51068,2,0,0.49073129892349243,0
C3_global_hybrid_strong,1,9,602,51076,2,0,0.10455740988254547,0
C3_global_hybrid_strong,1,9,612,51086,2,0,0.1023939847946167,0
C3_global_hybrid_strong,1,9,622,51097,2,0,0.10385800153017044,0
C3_global_hybrid_strong,1,9,625,51100,2,0,0.2629970908164978,0
C3_global_hybrid_strong,1,9,631,51106,2,0,0.10155662894248962,0
C3_global_hybrid_strong,1,9,640,51117,2,0,0.09572342038154602,0
C3_global_hybrid_strong,1,9,643,51123,2,0,0.09625296294689178,0
C3_global_hybrid_strong,1,9,657,51138,2,0,0.1015404760837555,0
C3_global_hybrid_strong,1,9,679,51169,1,1,0.8634777665138245,1
C3_global_hybrid_strong,1,9,692,51187,2,0,0.09550405293703079,0
C3_global_hybrid_strong,1,9,693,51188,2,0,0.09816526621580124,0
C3_global_hybrid_strong,1,9,709,51212,1,1,0.8641299605369568,1
C3_global_hybrid_strong,1,9,715,51219,1,1,0.8653421401977539,1
C3_global_hybrid_strong,1,9,732,51240,1,1,0.8666203022003174,1
C3_global_hybrid_strong,1,9,743,51257,2,0,0.44362112879753113,0
C3_global_hybrid_strong,1,9,781,51311,2,0,0.10085177421569824,0
C3_global_hybrid_strong,1,9,795,51330,1,1,0.8637588024139404,1
C3_global_hybrid_strong,1,9,798,51333,2,0,0.09800299257040024,0
C3_global_hybrid_strong,1,9,809,51345,2,0,0.09559440612792969,0
C3_global_hybrid_strong,1,9,818,51359,2,0,0.8686556816101074,1
C3_global_hybrid_strong,1,9,822,51363,2,0,0.09907777607440948,0
C3_global_hybrid_strong,1,9,829,51463,1,1,0.8687384724617004,1
C3_global_hybrid_strong,1,9,837,51482,2,0,0.1050964742898941,0
C3_global_hybrid_strong,1,9,840,51488,2,0,0.09549353271722794,0
C3_global_hybrid_strong,1,9,843,51556,2,0,0.09599264711141586,0
C3_global_hybrid_strong,1,9,851,51565,2,0,0.09637581557035446,0
C3_global_hybrid_strong,1,9,862,51578,1,1,0.8640469908714294,1
C3_global_hybrid_strong,1,10,2,50005,1,1,0.9262142181396484,1
C3_global_hybrid_strong,1,10,11,50015,1,1,0.9250586032867432,1
C3_global_hybrid_strong,1,10,18,50026,1,1,0.9228827357292175,1
C3_global_hybrid_strong,1,10,19,50027,1,1,0.21262939274311066,0
C3_global_hybrid_strong,1,10,20,50028,1,1,0.9261502623558044,1
C3_global_hybrid_strong,1,10,27,50036,2,0,0.08491408824920654,0
C3_global_hybrid_strong,1,10,36,50045,2,0,0.9207697510719299,1
C3_global_hybrid_strong,1,10,38,50047,2,0,0.3219374716281891,0
C3_global_hybrid_strong,1,10,55,50107,2,0,0.16467991471290588,0
C3_global_hybrid_strong,1,10,63,50117,2,0,0.08859822899103165,0
C3_global_hybrid_strong,1,10,66,50121,1,1,0.9255645275115967,1
C3_global_hybrid_strong,1,10,72,50129,1,1,0.9255861043930054,1
C3_global_hybrid_strong,1,10,85,50149,1,1,0.9262128472328186,1
C3_global_hybrid_strong,1,10,98,50167,2,0,0.08947168290615082,0
C3_global_hybrid_strong,1,10,108,50188,1,1,0.08959467709064484,0
C3_global_hybrid_strong,1,10,113,50195,2,0,0.08680017292499542,0
C3_global_hybrid_strong,1,10,114,50196,2,0,0.2395227700471878,0
C3_global_hybrid_strong,1,10,126,50213,2,0,0.08631362020969391,0
C3_global_hybrid_strong,1,10,132,50234,1,1,0.924242377281189,1
C3_global_hybrid_strong,1,10,141,50248,1,1,0.9239282608032227,1
C3_global_hybrid_strong,1,10,145,50252,1,1,0.8082643747329712,1
C3_global_hybrid_strong,1,10,152,50261,2,0,0.9171927571296692,1
C3_global_hybrid_strong,1,10,156,50265,2,0,0.08828963339328766,0
C3_global_hybrid_strong,1,10,163,50272,1,1,0.9255585074424744,1
C3_global_hybrid_strong,1,10,176,50292,1,1,0.9261825084686279,1
C3_global_hybrid_strong,1,10,190,50315,1,1,0.9257239699363708,1
C3_global_hybrid_strong,1,10,200,50331,2,0,0.2576226592063904,0
C3_global_hybrid_strong,1,10,225,50356,2,0,0.0921618789434433,0
C3_global_hybrid_strong,1,10,235,50366,2,0,0.09150244295597076,0
C3_global_hybrid_strong,1,10,240,50372,2,0,0.0897023156285286,0
C3_global_hybrid_strong,1,10,246,50379,2,0,0.08756051957607269,0
C3_global_hybrid_strong,1,10,265,50408,1,1,0.0904146283864975,0
C3_global_hybrid_strong,1,10,275,50419,2,0,0.08898655325174332,0
C3_global_hybrid_strong,1,10,279,50425,2,0,0.08516700565814972,0
C3_global_hybrid_strong,1,10,285,50435,2,0,0.08929859101772308,0
C3_global_hybrid_strong,1,10,308,50480,1,1,0.9253774881362915,1
C3_global_hybrid_strong,1,10,315,50488,1,1,0.9260454773902893,1
C3_global_hybrid_strong,1,10,319,50493,1,1,0.9252554774284363,1
C3_global_hybrid_strong,1,10,348,50531,1,1,0.9156765341758728,1
C3_global_hybrid_strong,1,10,361,50571,2,0,0.2606232166290283,0
C3_global_hybrid_strong,1,10,376,50612,1,1,0.40190067887306213,0
C3_global_hybrid_strong,1,10,388,50626,1,1,0.9255715012550354,1
C3_global_hybrid_strong,1,10,393,50647,1,1,0.9227990508079529,1
C3_global_hybrid_strong,1,10,397,50656,2,0,0.14368321001529694,0
C3_global_hybrid_strong,1,10,405,50686,1,1,0.9252362251281738,1
C3_global_hybrid_strong,1,10,414,50695,1,1,0.20741432905197144,0
C3_global_hybrid_strong,1,10,448,50745,1,1,0.9261881113052368,1
C3_global_hybrid_strong,1,10,461,50775,2,0,0.0861910805106163,0
C3_global_hybrid_strong,1,10,464,50778,2,0,0.08660802990198135,0
C3_global_hybrid_strong,1,10,466,50781,2,0,0.4012651741504669,0
C3_global_hybrid_strong,1,10,476,50799,1,1,0.9248324036598206,1
C3_global_hybrid_strong,1,10,478,50801,1,1,0.8934268355369568,1
C3_global_hybrid_strong,1,10,486,50820,2,0,0.0894365981221199,0
C3_global_hybrid_strong,1,10,489,50823,1,1,0.9179069995880127,1
C3_global_hybrid_strong,1,10,490,50824,1,1,0.7883957028388977,1
C3_global_hybrid_strong,1,10,519,50985,1,1,0.9244042634963989,1
C3_global_hybrid_strong,1,10,568,51040,2,0,0.08487296104431152,0
C3_global_hybrid_strong,1,10,570,51042,2,0,0.08583129197359085,0
C3_global_hybrid_strong,1,10,579,51052,2,0,0.08806995302438736,0
C3_global_hybrid_strong,1,10,586,51059,2,0,0.09222584217786789,0
C3_global_hybrid_strong,1,10,589,51062,2,0,0.08947355300188065,0
C3_global_hybrid_strong,1,10,606,51080,2,0,0.9253532886505127,1
C3_global_hybrid_strong,1,10,609,51083,2,0,0.9261898398399353,1
C3_global_hybrid_strong,1,10,611,51085,2,0,0.9261159300804138,1
C3_global_hybrid_strong,1,10,652,51133,2,0,0.30816230177879333,0
C3_global_hybrid_strong,1,10,665,51149,2,0,0.08843959122896194,0
C3_global_hybrid_strong,1,10,677,51164,1,1,0.926191508769989,1
C3_global_hybrid_strong,1,10,688,51182,2,0,0.08624392747879028,0
C3_global_hybrid_strong,1,10,700,51202,1,1,0.9247807264328003,1
C3_global_hybrid_strong,1,10,705,51207,1,1,0.9252545833587646,1
C3_global_hybrid_strong,1,10,721,51225,1,1,0.5960549116134644,1
C3_global_hybrid_strong,1,10,740,51254,2,0,0.08845432847738266,0
C3_global_hybrid_strong,1,10,748,51265,2,0,0.09143511950969696,0
C3_global_hybrid_strong,1,10,749,51266,2,0,0.32158252596855164,0
C3_global_hybrid_strong,1,10,756,51275,2,0,0.09045068174600601,0
C3_global_hybrid_strong,1,10,766,51294,1,1,0.914141058921814,1
C3_global_hybrid_strong,1,10,768,51297,1,1,0.9261688590049744,1
C3_global_hybrid_strong,1,10,772,51301,1,1,0.683527410030365,1
C3_global_hybrid_strong,1,10,779,51308,2,0,0.09167125821113586,0
C3_global_hybrid_strong,1,10,780,51309,2,0,0.9230851531028748,1
C3_global_hybrid_strong,1,10,782,51313,2,0,0.09021224826574326,0
C3_global_hybrid_strong,1,10,800,51335,2,0,0.090964674949646,0
C3_global_hybrid_strong,1,10,834,51479,2,0,0.08502332121133804,0
C3_global_hybrid_strong,1,10,850,51564,2,0,0.08516192436218262,0
C3_global_hybrid_strong,1,10,853,51567,2,0,0.08539330214262009,0
C3_global_hybrid_strong,1,10,865,51582,1,1,0.9262065291404724,1
C3_global_hybrid_strong,1,10,868,51585,1,1,0.9253522753715515,1
C3_global_hybrid_strong,2,1,0,50003,1,1,0.7872738838195801,1
C3_global_hybrid_strong,2,1,7,50011,1,1,0.9098603129386902,1
C3_global_hybrid_strong,2,1,35,50044,2,0,0.07179388403892517,0
C3_global_hybrid_strong,2,1,39,50048,2,0,0.7898052334785461,1
C3_global_hybrid_strong,2,1,45,50054,2,0,0.912026047706604,1
C3_global_hybrid_strong,2,1,48,50059,2,0,0.6698203682899475,1
C3_global_hybrid_strong,2,1,53,50105,2,0,0.26081225275993347,0
C3_global_hybrid_strong,2,1,55,50107,2,0,0.2659165561199188,0
C3_global_hybrid_strong,2,1,72,50129,1,1,0.911185085773468,1
C3_global_hybrid_strong,2,1,73,50130,1,1,0.9115574955940247,1
C3_global_hybrid_strong,2,1,78,50142,1,1,0.9117134809494019,1
C3_global_hybrid_strong,2,1,81,50145,1,1,0.3129214346408844,0
C3_global_hybrid_strong,2,1,86,50150,1,1,0.08404697477817535,0
C3_global_hybrid_strong,2,1,95,50162,2,0,0.07187803089618683,0
C3_global_hybrid_strong,2,1,127,50214,2,0,0.07696779072284698,0
C3_global_hybrid_strong,2,1,138,50243,1,1,0.9119277000427246,1
C3_global_hybrid_strong,2,1,144,50251,1,1,0.5964931845664978,1
C3_global_hybrid_strong,2,1,149,50257,2,0,0.07191541790962219,0
C3_global_hybrid_strong,2,1,176,50292,1,1,0.91117924451828,1
C3_global_hybrid_strong,2,1,182,50300,1,1,0.14051248133182526,0
C3_global_hybrid_strong,2,1,192,50319,1,1,0.9125436544418335,1
C3_global_hybrid_strong,2,1,193,50320,1,1,0.9120402932167053,1
C3_global_hybrid_strong,2,1,204,50335,2,0,0.07268417626619339,0
C3_global_hybrid_strong,2,1,205,50336,2,0,0.7745925784111023,1
C3_global_hybrid_strong,2,1,231,50362,2,0,0.07227566093206406,0
C3_global_hybrid_strong,2,1,234,50365,2,0,0.07320602238178253,0
C3_global_hybrid_strong,2,1,242,50374,2,0,0.19040365517139435,0
C3_global_hybrid_strong,2,1,247,50380,2,0,0.3664146959781647,0
C3_global_hybrid_strong,2,1,248,50381,2,0,0.08204993605613708,0
C3_global_hybrid_strong,2,1,253,50387,2,0,0.07534179091453552,0
C3_global_hybrid_strong,2,1,259,50402,1,1,0.1878628134727478,0
C3_global_hybrid_strong,2,1,285,50435,2,0,0.10115662217140198,0
C3_global_hybrid_strong,2,1,286,50436,2,0,0.8359290361404419,1
C3_global_hybrid_strong,2,1,295,50445,2,0,0.07225415855646133,0
C3_global_hybrid_strong,2,1,300,50453,2,0,0.9066274166107178,1
C3_global_hybrid_strong,2,1,307,50477,1,1,0.9123635292053223,1
C3_global_hybrid_strong,2,1,329,50504,1,1,0.9101542234420776,1
C3_global_hybrid_strong,2,1,345,50528,1,1,0.9107745289802551,1
C3_global_hybrid_strong,2,1,348,50531,1,1,0.9101216793060303,1
C3_global_hybrid_strong,2,1,357,50565,2,0,0.3987824022769928,0
C3_global_hybrid_strong,2,1,359,50569,2,0,0.5573272705078125,1
C3_global_hybrid_strong,2,1,360,50570,2,0,0.0722789540886879,0
C3_global_hybrid_strong,2,1,369,50601,1,1,0.44899171590805054,0
C3_global_hybrid_strong,2,1,374,50607,1,1,0.07180564850568771,0
C3_global_hybrid_strong,2,1,385,50623,1,1,0.9095262289047241,1
C3_global_hybrid_strong,2,1,405,50686,1,1,0.9106854796409607,1
C3_global_hybrid_strong,2,1,411,50692,2,0,0.07178204506635666,0
C3_global_hybrid_strong,2,1,412,50693,1,1,0.2970733046531677,0
C3_global_hybrid_strong,2,1,425,50706,2,0,0.17190676927566528,0
C3_global_hybrid_strong,2,1,432,50724,2,0,0.07244345545768738,0
C3_global_hybrid_strong,2,1,466,50781,2,0,0.7644761800765991,1
C3_global_hybrid_strong,2,1,468,50783,2,0,0.07178223133087158,0
C3_global_hybrid_strong,2,1,471,50791,1,1,0.9073101878166199,1
C3_global_hybrid_strong,2,1,484,50817,2,0,0.0728638768196106,0
C3_global_hybrid_strong,2,1,495,50957,1,1,0.9126039147377014,1
C3_global_hybrid_strong,2,1,505,50968,1,1,0.9104124903678894,1
C3_global_hybrid_strong,2,1,506,50969,1,1,0.9124624133110046,1
C3_global_hybrid_strong,2,1,513,50978,1,1,0.910449743270874,1
C3_global_hybrid_strong,2,1,526,50992,1,1,0.8518093824386597,1
C3_global_hybrid_strong,2,1,532,50999,1,1,0.912566602230072,1
C3_global_hybrid_strong,2,1,555,51025,1,1,0.9113598465919495,1
C3_global_hybrid_strong,2,1,556,51026,1,1,0.9126002788543701,1
C3_global_hybrid_strong,2,1,566,51038,2,0,0.07177333533763885,0
C3_global_hybrid_strong,2,1,575,51048,2,0,0.14699071645736694,0
C3_global_hybrid_strong,2,1,585,51058,2,0,0.07559257000684738,0
C3_global_hybrid_strong,2,1,596,51069,2,0,0.07577534765005112,0
C3_global_hybrid_strong,2,1,603,51077,2,0,0.2986792325973511,0
C3_global_hybrid_strong,2,1,612,51086,2,0,0.07451022416353226,0
C3_global_hybrid_strong,2,1,653,51134,2,0,0.07191506028175354,0
C3_global_hybrid_strong,2,1,684,51178,1,1,0.9120431542396545,1
C3_global_hybrid_strong,2,1,686,51180,2,0,0.0836285948753357,0
C3_global_hybrid_strong,2,1,687,51181,2,0,0.32451003789901733,0
C3_global_hybrid_strong,2,1,695,51192,2,0,0.07292316854000092,0
C3_global_hybrid_strong,2,1,710,51214,1,1,0.9098805785179138,1
C3_global_hybrid_strong,2,1,716,51220,1,1,0.9125292897224426,1
C3_global_hybrid_strong,2,1,721,51225,1,1,0.8913474082946777,1
C3_global_hybrid_strong,2,1,749,51266,2,0,0.9125481843948364,1
C3_global_hybrid_strong,2,1,750,51267,2,0,0.07371155917644501,0
C3_global_hybrid_strong,2,1,771,51300,1,1,0.9117274284362793,1
C3_global_hybrid_strong,2,1,792,51327,1,1,0.910321831703186,1
C3_global_hybrid_strong,2,1,793,51328,1,1,0.9097963571548462,1
C3_global_hybrid_strong,2,1,806,51342,2,0,0.07405798137187958,0
C3_global_hybrid_strong,2,1,808,51344,2,0,0.25209635496139526,0
C3_global_hybrid_strong,2,1,816,51356,2,0,0.9126913547515869,1
C3_global_hybrid_strong,2,1,823,51364,2,0,0.25202080607414246,0
C3_global_hybrid_strong,2,1,837,51482,2,0,0.07653989642858505,0
C3_global_hybrid_strong,2,1,867,51584,1,1,0.9123446941375732,1
C3_global_hybrid_strong,2,1,869,51606,1,1,0.1911942958831787,0
C3_global_hybrid_strong,2,2,2,50005,1,1,0.8918299674987793,1
C3_global_hybrid_strong,2,2,6,50010,1,1,0.8953539133071899,1
C3_global_hybrid_strong,2,2,10,50014,1,1,0.8983296155929565,1
C3_global_hybrid_strong,2,2,24,50033,2,0,0.07955344021320343,0
C3_global_hybrid_strong,2,2,30,50039,2,0,0.741714358329773,1
C3_global_hybrid_strong,2,2,67,50123,1,1,0.9008004069328308,1
C3_global_hybrid_strong,2,2,76,50134,1,1,0.8923743367195129,1
C3_global_hybrid_strong,2,2,79,50143,1,1,0.895391047000885,1
C3_global_hybrid_strong,2,2,92,50159,2,0,0.9013267159461975,1
C3_global_hybrid_strong,2,2,98,50167,2,0,0.07976016402244568,0
C3_global_hybrid_strong,2,2,101,50170,2,0,0.08204954117536545,0
C3_global_hybrid_strong,2,2,115,50198,2,0,0.11766133457422256,0
C3_global_hybrid_strong,2,2,129,50217,2,0,0.07651764899492264,0
C3_global_hybrid_strong,2,2,140,50247,1,1,0.9003968834877014,1
C3_global_hybrid_strong,2,2,153,50262,2,0,0.07632080465555191,0
C3_global_hybrid_strong,2,2,155,50264,2,0,0.08270115405321121,0
C3_global_hybrid_strong,2,2,164,50273,1,1,0.8989421725273132,1
C3_global_hybrid_strong,2,2,169,50282,1,1,0.8418048620223999,1
C3_global_hybrid_strong,2,2,180,50297,1,1,0.17882142961025238,0
C3_global_hybrid_strong,2,2,187,50310,1,1,0.9008100628852844,1
C3_global_hybrid_strong,2,2,202,50333,2,0,0.10330764949321747,0
C3_global_hybrid_strong,2,2,212,50343,2,0,0.1884559541940689,0
C3_global_hybrid_strong,2,2,217,50348,2,0,0.0775003433227539,0
C3_global_hybrid_strong,2,2,228,50359,2,0,0.10430633276700974,0
C3_global_hybrid_strong,2,2,246,50379,2,0,0.0768585354089737,0
C3_global_hybrid_strong,2,2,251,50385,2,0,0.8909391164779663,1
C3_global_hybrid_strong,2,2,277,50422,2,0,0.7886879444122314,1
C3_global_hybrid_strong,2,2,280,50426,2,0,0.07633745670318604,0
C3_global_hybrid_strong,2,2,281,50427,2,0,0.07635791599750519,0
C3_global_hybrid_strong,2,2,288,50438,2,0,0.07630401104688644,0
C3_global_hybrid_strong,2,2,293,50443,2,0,0.4901697039604187,0
C3_global_hybrid_strong,2,2,326,50501,1,1,0.8985539674758911,1
C3_global_hybrid_strong,2,2,336,50518,1,1,0.9012876749038696,1
C3_global_hybrid_strong,2,2,340,50523,1,1,0.9006811380386353,1
C3_global_hybrid_strong,2,2,352,50555,2,0,0.07638499140739441,0
C3_global_hybrid_strong,2,2,354,50558,2,0,0.07642053067684174,0
C3_global_hybrid_strong,2,2,373,50606,1,1,0.894170880317688,1
C3_global_hybrid_strong,2,2,392,50644,1,1,0.833154559135437,1
C3_global_hybrid_strong,2,2,396,50654,1,1,0.3000306189060211,0
C3_global_hybrid_strong,2,2,403,50683,2,0,0.07633878290653229,0
C3_global_hybrid_strong,2,2,404,50685,2,0,0.09891985356807709,0
C3_global_hybrid_strong,2,2,417,50698,2,0,0.0980154499411583,0
C3_global_hybrid_strong,2,2,422,50703,2,0,0.09299129992723465,0
C3_global_hybrid_strong,2,2,437,50731,2,0,0.07889756560325623,0
C3_global_hybrid_strong,2,2,450,50749,1,1,0.895110547542572,1
C3_global_hybrid_strong,2,2,460,50774,2,0,0.07710118591785431,0
C3_global_hybrid_strong,2,2,462,50776,2,0,0.07630948722362518,0
C3_global_hybrid_strong,2,2,474,50797,1,1,0.566546618938446,1
C3_global_hybrid_strong,2,2,508,50972,1,1,0.9013285636901855,1
C3_global_hybrid_strong,2,2,514,50979,1,1,0.4775024652481079,0
C3_global_hybrid_strong,2,2,537,51006,1,1,0.9004002809524536,1
C3_global_hybrid_strong,2,2,538,51007,1,1,0.9013321399688721,1
C3_global_hybrid_strong,2,2,550,51019,1,1,0.9003467559814453,1
C3_global_hybrid_strong,2,2,554,51024,1,1,0.8991939425468445,1
C3_global_hybrid_strong,2,2,571,51044,2,0,0.08158431202173233,0
C3_global_hybrid_strong,2,2,579,51052,2,0,0.07784105837345123,0
C3_global_hybrid_strong,2,2,583,51056,2,0,0.08796800673007965,0
C3_global_hybrid_strong,2,2,590,51063,2,0,0.0810089185833931,0
C3_global_hybrid_strong,2,2,599,51073,2,0,0.08239778131246567,0
C3_global_hybrid_strong,2,2,622,51097,2,0,0.09154929220676422,0
C3_global_hybrid_strong,2,2,628,51103,2,0,0.08779653161764145,0
C3_global_hybrid_strong,2,2,638,51114,2,0,0.4757702350616455,0
C3_global_hybrid_strong,2,2,661,51142,2,0,0.07710161060094833,0
C3_global_hybrid_strong,2,2,672,51156,2,0,0.08264605700969696,0
C3_global_hybrid_strong,2,2,677,51164,1,1,0.9011789560317993,1
C3_global_hybrid_strong,2,2,689,51183,2,0,0.09268341213464737,0
C3_global_hybrid_strong,2,2,705,51207,1,1,0.8943189382553101,1
C3_global_hybrid_strong,2,2,706,51208,1,1,0.3869887590408325,0
C3_global_hybrid_strong,2,2,709,51212,1,1,0.892967700958252,1
C3_global_hybrid_strong,2,2,720,51224,1,1,0.8996695876121521,1
C3_global_hybrid_strong,2,2,723,51228,1,1,0.901091992855072,1
C3_global_hybrid_strong,2,2,728,51235,1,1,0.9010420441627502,1
C3_global_hybrid_strong,2,2,735,51249,1,1,0.8980697393417358,1
C3_global_hybrid_strong,2,2,737,51251,2,0,0.2675061821937561,0
C3_global_hybrid_strong,2,2,741,51255,2,0,0.07629935443401337,0
C3_global_hybrid_strong,2,2,767,51295,1,1,0.9007779955863953,1
C3_global_hybrid_strong,2,2,769,51298,1,1,0.9010767340660095,1
C3_global_hybrid_strong,2,2,770,51299,1,1,0.8959476947784424,1
C3_global_hybrid_strong,2,2,791,51326,1,1,0.7906569838523865,1
C3_global_hybrid_strong,2,2,795,51330,1,1,0.891063392162323,1
C3_global_hybrid_strong,2,2,805,51341,2,0,0.21131698787212372,0
C3_global_hybrid_strong,2,2,838,51484,2,0,0.07835473865270615,0
C3_global_hybrid_strong,2,2,853,51567,2,0,0.07634155452251434,0
C3_global_hybrid_strong,2,2,856,51570,2,0,0.1659945845603943,0
C3_global_hybrid_strong,2,2,858,51573,1,1,0.7266157269477844,1
C3_global_hybrid_strong,2,2,865,51582,1,1,0.8972010016441345,1
C3_global_hybrid_strong,2,2,868,51585,1,1,0.8989296555519104,1
C3_global_hybrid_strong,2,3,1,50004,1,1,0.8961400985717773,1
C3_global_hybrid_strong,2,3,4,50007,1,1,0.20129673182964325,0
C3_global_hybrid_strong,2,3,25,50034,2,0,0.052850451320409775,0
C3_global_hybrid_strong,2,3,34,50043,2,0,0.05921892821788788,0
C3_global_hybrid_strong,2,3,62,50116,2,0,0.08364217728376389,0
C3_global_hybrid_strong,2,3,108,50188,1,1,0.053302183747291565,0
C3_global_hybrid_strong,2,3,117,50200,2,0,0.053154416382312775,0
C3_global_hybrid_strong,2,3,125,50210,2,0,0.053157683461904526,0
C3_global_hybrid_strong,2,3,141,50248,1,1,0.896533191204071,1
C3_global_hybrid_strong,2,3,152,50261,2,0,0.8798497319221497,1
C3_global_hybrid_strong,2,3,162,50271,2,0,0.05741756781935692,0
C3_global_hybrid_strong,2,3,163,50272,1,1,0.8926747441291809,1
C3_global_hybrid_strong,2,3,177,50293,1,1,0.8830405473709106,1
C3_global_hybrid_strong,2,3,178,50294,1,1,0.8963282704353333,1
C3_global_hybrid_strong,2,3,200,50331,2,0,0.05420554429292679,0
C3_global_hybrid_strong,2,3,209,50340,2,0,0.05785625800490379,0
C3_global_hybrid_strong,2,3,218,50349,2,0,0.05633017420768738,0
C3_global_hybrid_strong,2,3,229,50360,2,0,0.056021738797426224,0
C3_global_hybrid_strong,2,3,243,50375,2,0,0.0539223812520504,0
C3_global_hybrid_strong,2,3,244,50376,2,0,0.3808080554008484,0
C3_global_hybrid_strong,2,3,265,50408,1,1,0.05921049043536186,0
C3_global_hybrid_strong,2,3,274,50418,2,0,0.05268683657050133,0
C3_global_hybrid_strong,2,3,283,50433,2,0,0.05421940237283707,0
C3_global_hybrid_strong,2,3,302,50466,2,0,0.05424376204609871,0
C3_global_hybrid_strong,2,3,311,50483,1,1,0.3186045289039612,0
C3_global_hybrid_strong,2,3,313,50486,1,1,0.8961212038993835,1
C3_global_hybrid_strong,2,3,321,50496,1,1,0.7395452857017517,1
C3_global_hybrid_strong,2,3,322,50497,1,1,0.8916435241699219,1
C3_global_hybrid_strong,2,3,341,50524,1,1,0.8957055807113647,1
C3_global_hybrid_strong,2,3,342,50525,1,1,0.8842223882675171,1
C3_global_hybrid_strong,2,3,355,50561,2,0,0.0532832145690918,0
C3_global_hybrid_strong,2,3,368,50578,2,0,0.8512274622917175,1
C3_global_hybrid_strong,2,3,370,50602,1,1,0.8910697102546692,1
C3_global_hybrid_strong,2,3,375,50608,1,1,0.3217181861400604,0
C3_global_hybrid_strong,2,3,378,50614,1,1,0.8840972185134888,1
C3_global_hybrid_strong,2,3,379,50615,1,1,0.8965179324150085,1
C3_global_hybrid_strong,2,3,390,50628,1,1,0.8929103016853333,1
C3_global_hybrid_strong,2,3,395,50649,1,1,0.20090556144714355,0
C3_global_hybrid_strong,2,3,399,50664,2,0,0.22159886360168457,0
C3_global_hybrid_strong,2,3,402,50682,2,0,0.052682578563690186,0
C3_global_hybrid_strong,2,3,421,50702,1,1,0.896150529384613,1
C3_global_hybrid_strong,2,3,429,50711,1,1,0.09011606872081757,0
C3_global_hybrid_strong,2,3,431,50723,2,0,0.05281909927725792,0
C3_global_hybrid_strong,2,3,439,50735,2,0,0.05361703038215637,0
C3_global_hybrid_strong,2,3,440,50737,2,0,0.054150260984897614,0
C3_global_hybrid_strong,2,3,445,50742,2,0,0.055078744888305664,0
C3_global_hybrid_strong,2,3,451,50750,1,1,0.871304452419281,1
C3_global_hybrid_strong,2,3,454,50754,1,1,0.8951161503791809,1
C3_global_hybrid_strong,2,3,455,50755,1,1,0.8946290612220764,1
C3_global_hybrid_strong,2,3,477,50800,1,1,0.8875439167022705,1
C3_global_hybrid_strong,2,3,480,50807,1,1,0.8962476253509521,1
C3_global_hybrid_strong,2,3,497,50959,1,1,0.4890935719013214,0
C3_global_hybrid_strong,2,3,516,50982,1,1,0.08089007437229156,0
C3_global_hybrid_strong,2,3,525,50991,1,1,0.08862759917974472,0
C3_global_hybrid_strong,2,3,548,51017,1,1,0.5638058185577393,1
C3_global_hybrid_strong,2,3,552,51021,1,1,0.8962394595146179,1
C3_global_hybrid_strong,2,3,587,51060,2,0,0.5926763415336609,1
C3_global_hybrid_strong,2,3,597,51070,2,0,0.052673984318971634,0
C3_global_hybrid_strong,2,3,614,51088,2,0,0.05740226432681084,0
C3_global_hybrid_strong,2,3,621,51096,2,0,0.0637257918715477,0
C3_global_hybrid_strong,2,3,631,51106,2,0,0.05917936936020851,0
C3_global_hybrid_strong,2,3,640,51117,2,0,0.052874889224767685,0
C3_global_hybrid_strong,2,3,644,51124,2,0,0.05429882928729057,0
C3_global_hybrid_strong,2,3,650,51131,2,0,0.0590028278529644,0
C3_global_hybrid_strong,2,3,655,51136,2,0,0.06943737715482712,0
C3_global_hybrid_strong,2,3,657,51138,2,0,0.05350157991051674,0
C3_global_hybrid_strong,2,3,663,51147,2,0,0.052836477756500244,0
C3_global_hybrid_strong,2,3,669,51153,2,0,0.05382842198014259,0
C3_global_hybrid_strong,2,3,671,51155,2,0,0.05806204304099083,0
C3_global_hybrid_strong,2,3,691,51185,2,0,0.32423409819602966,0
C3_global_hybrid_strong,2,3,693,51188,2,0,0.059244606643915176,0
C3_global_hybrid_strong,2,3,703,51205,1,1,0.8940602540969849,1
C3_global_hybrid_strong,2,3,711,51215,1,1,0.14353318512439728,0
C3_global_hybrid_strong,2,3,724,51229,1,1,0.8926721215248108,1
C3_global_hybrid_strong,2,3,725,51230,1,1,0.8960874676704407,1
C3_global_hybrid_strong,2,3,754,51272,2,0,0.055745434015989304,0
C3_global_hybrid_strong,2,3,757,51276,2,0,0.05299945920705795,0
C3_global_hybrid_strong,2,3,762,51281,2,0,0.05455322936177254,0
C3_global_hybrid_strong,2,3,772,51301,1,1,0.41803812980651855,0
C3_global_hybrid_strong,2,3,783,51315,2,0,0.053821299225091934,0
C3_global_hybrid_strong,2,3,787,51321,1,1,0.8007679581642151,1
C3_global_hybrid_strong,2,3,813,51350,1,1,0.8757696747779846,1
C3_global_hybrid_strong,2,3,818,51359,2,0,0.8946192264556885,1
C3_global_hybrid_strong,2,3,821,51362,2,0,0.05920257046818733,0
C3_global_hybrid_strong,2,3,829,51463,1,1,0.8963456749916077,1
C3_global_hybrid_strong,2,3,836,51481,2,0,0.053942836821079254,0
C3_global_hybrid_strong,2,3,861,51577,1,1,0.8964042067527771,1
C3_global_hybrid_strong,2,4,5,50008,1,1,0.672461986541748,1
C3_global_hybrid_strong,2,4,17,50025,1,1,0.6517019271850586,1
C3_global_hybrid_strong,2,4,23,50032,2,0,0.20222632586956024,0
C3_global_hybrid_strong,2,4,26,50035,2,0,0.3451237678527832,0
C3_global_hybrid_strong,2,4,28,50037,2,0,0.3297579288482666,0
C3_global_hybrid_strong,2,4,51,50103,2,0,0.597058892250061,1
C3_global_hybrid_strong,2,4,52,50104,2,0,0.20411278307437897,0
C3_global_hybrid_strong,2,4,56,50109,2,0,0.4193772077560425,0
C3_global_hybrid_strong,2,4,58,50112,2,0,0.5226583480834961,1
C3_global_hybrid_strong,2,4,88,50153,1,1,0.6441304683685303,1
C3_global_hybrid_strong,2,4,90,50157,2,0,0.27140161395072937,0
C3_global_hybrid_strong,2,4,100,50169,2,0,0.23322811722755432,0
C3_global_hybrid_strong,2,4,120,50203,2,0,0.20215445756912231,0
C3_global_hybrid_strong,2,4,131,50233,1,1,0.8108937740325928,1
C3_global_hybrid_strong,2,4,136,50240,1,1,0.8003299832344055,1
C3_global_hybrid_strong,2,4,161,50270,2,0,0.23276129364967346,0
C3_global_hybrid_strong,2,4,165,50274,1,1,0.7753639221191406,1
C3_global_hybrid_strong,2,4,172,50287,1,1,0.23449434340000153,0
C3_global_hybrid_strong,2,4,181,50298,1,1,0.5552869439125061,1
C3_global_hybrid_strong,2,4,191,50318,1,1,0.25434252619743347,0
C3_global_hybrid_strong,2,4,211,50342,2,0,0.2860259413719177,0
C3_global_hybrid_strong,2,4,213,50344,2,0,0.20411713421344757,0
C3_global_hybrid_strong,2,4,214,50345,2,0,0.20667821168899536,0
C3_global_hybrid_strong,2,4,225,50356,2,0,0.20285069942474365,0
C3_global_hybrid_strong,2,4,254,50388,2,0,0.21299304068088531,0
C3_global_hybrid_strong,2,4,271,50415,2,0,0.2404029369354248,0
C3_global_hybrid_strong,2,4,306,50470,2,0,0.4969485104084015,0
C3_global_hybrid_strong,2,4,312,50485,1,1,0.20377382636070251,0
C3_global_hybrid_strong,2,4,314,50487,1,1,0.7832233905792236,1
C3_global_hybrid_strong,2,4,315,50488,1,1,0.7598441243171692,1
C3_global_hybrid_strong,2,4,316,50490,1,1,0.6602182984352112,1
C3_global_hybrid_strong,2,4,334,50515,1,1,0.7972400784492493,1
C3_global_hybrid_strong,2,4,335,50516,1,1,0.5254276394844055,1
C3_global_hybrid_strong,2,4,356,50563,2,0,0.20568284392356873,0
C3_global_hybrid_strong,2,4,383,50621,1,1,0.7637182474136353,1
C3_global_hybrid_strong,2,4,388,50626,1,1,0.8106817007064819,1
C3_global_hybrid_strong,2,4,401,50669,2,0,0.7977184653282166,1
C3_global_hybrid_strong,2,4,416,50697,1,1,0.7928224205970764,1
C3_global_hybrid_strong,2,4,424,50705,1,1,0.48944956064224243,0
C3_global_hybrid_strong,2,4,442,50739,2,0,0.2345520555973053,0
C3_global_hybrid_strong,2,4,448,50745,1,1,0.8062025904655457,1
C3_global_hybrid_strong,2,4,452,50751,1,1,0.6251633167266846,1
C3_global_hybrid_strong,2,4,453,50752,1,1,0.31238603591918945,0
C3_global_hybrid_strong,2,4,457,50757,1,1,0.34583765268325806,0
C3_global_hybrid_strong,2,4,458,50772,2,0,0.8001155257225037,1
C3_global_hybrid_strong,2,4,464,50778,2,0,0.25485485792160034,0
C3_global_hybrid_strong,2,4,473,50796,1,1,0.7329467535018921,1
C3_global_hybrid_strong,2,4,476,50799,1,1,0.7800521850585938,1
C3_global_hybrid_strong,2,4,483,50816,2,0,0.2135804295539856,0
C3_global_hybrid_strong,2,4,515,50981,1,1,0.7382474541664124,1
C3_global_hybrid_strong,2,4,522,50988,1,1,0.7980724573135376,1
C3_global_hybrid_strong,2,4,545,51014,1,1,0.8012053370475769,1
C3_global_hybrid_strong,2,4,561,51032,1,1,0.7946317791938782,1
C3_global_hybrid_strong,2,4,572,51045,2,0,0.20260898768901825,0
C3_global_hybrid_strong,2,4,580,51053,2,0,0.22075137495994568,0
C3_global_hybrid_strong,2,4,581,51054,2,0,0.20235446095466614,0
C3_global_hybrid_strong,2,4,606,51080,2,0,0.4603820741176605,0
C3_global_hybrid_strong,2,4,607,51081,2,0,0.20678013563156128,0
C3_global_hybrid_strong,2,4,609,51083,2,0,0.7457886934280396,1
C3_global_hybrid_strong,2,4,630,51105,2,0,0.2066742479801178,0
C3_global_hybrid_strong,2,4,637,51113,2,0,0.2085687220096588,0
C3_global_hybrid_strong,2,4,646,51127,2,0,0.6562608480453491,1
C3_global_hybrid_strong,2,4,647,51128,2,0,0.21330079436302185,0
C3_global_hybrid_strong,2,4,652,51133,2,0,0.5031925439834595,1
C3_global_hybrid_strong,2,4,658,51139,2,0,0.21066518127918243,0
C3_global_hybrid_strong,2,4,659,51140,2,0,0.2090006321668625,0
C3_global_hybrid_strong,2,4,664,51148,2,0,0.20737120509147644,0
C3_global_hybrid_strong,2,4,674,51161,1,1,0.656903088092804,1
C3_global_hybrid_strong,2,4,675,51162,1,1,0.8100215196609497,1
C3_global_hybrid_strong,2,4,681,51171,1,1,0.5560715198516846,1
C3_global_hybrid_strong,2,4,682,51173,1,1,0.691140353679657,1
C3_global_hybrid_strong,2,4,697,51197,2,0,0.347829133272171,0
C3_global_hybrid_strong,2,4,704,51206,1,1,0.792512059211731,1
C3_global_hybrid_strong,2,4,714,51218,1,1,0.7679218649864197,1
C3_global_hybrid_strong,2,4,718,51222,1,1,0.2354673147201538,0
C3_global_hybrid_strong,2,4,733,51241,1,1,0.4800204038619995,0
C3_global_hybrid_strong,2,4,759,51278,2,0,0.5499632954597473,1
C3_global_hybrid_strong,2,4,766,51294,1,1,0.6045650243759155,1
C3_global_hybrid_strong,2,4,775,51304,2,0,0.36689871549606323,0
C3_global_hybrid_strong,2,4,776,51305,2,0,0.20927180349826813,0
C3_global_hybrid_strong,2,4,799,51334,2,0,0.22476543486118317,0
C3_global_hybrid_strong,2,4,804,51340,2,0,0.20216593146324158,0
C3_global_hybrid_strong,2,4,811,51347,2,0,0.21024362742900848,0
C3_global_hybrid_strong,2,4,830,51464,1,1,0.7709479331970215,1
C3_global_hybrid_strong,2,4,835,51480,2,0,0.20854789018630981,0
C3_global_hybrid_strong,2,4,855,51569,2,0,0.38385868072509766,0
C3_global_hybrid_strong,2,4,862,51578,1,1,0.7801010608673096,1
C3_global_hybrid_strong,2,5,3,50006,1,1,0.8195047378540039,1
C3_global_hybrid_strong,2,5,8,50012,1,1,0.8192057013511658,1
C3_global_hybrid_strong,2,5,12,50016,1,1,0.812602162361145,1
C3_global_hybrid_strong,2,5,14,50022,1,1,0.12978848814964294,0
C3_global_hybrid_strong,2,5,19,50027,1,1,0.1291564255952835,0
C3_global_hybrid_strong,2,5,21,50030,2,0,0.128651425242424,0
C3_global_hybrid_strong,2,5,29,50038,2,0,0.1299002468585968,0
C3_global_hybrid_strong,2,5,31,50040,2,0,0.1339697390794754,0
C3_global_hybrid_strong,2,5,63,50117,2,0,0.1365598738193512,0
C3_global_hybrid_strong,2,5,80,50144,1,1,0.8261865377426147,1
C3_global_hybrid_strong,2,5,82,50146,1,1,0.1289660483598709,0
C3_global_hybrid_strong,2,5,103,50182,1,1,0.5397952198982239,1
C3_global_hybrid_strong,2,5,113,50195,2,0,0.1285889893770218,0
C3_global_hybrid_strong,2,5,119,50202,2,0,0.17110846936702728,0
C3_global_hybrid_strong,2,5,126,50213,2,0,0.12843768298625946,0
C3_global_hybrid_strong,2,5,135,50239,1,1,0.15787740051746368,0
C3_global_hybrid_strong,2,5,142,50249,1,1,0.817986011505127,1
C3_global_hybrid_strong,2,5,156,50265,2,0,0.1402224600315094,0
C3_global_hybrid_strong,2,5,157,50266,2,0,0.13197362422943115,0
C3_global_hybrid_strong,2,5,170,50284,1,1,0.5439007878303528,1
C3_global_hybrid_strong,2,5,173,50289,1,1,0.3703807294368744,0
C3_global_hybrid_strong,2,5,175,50291,1,1,0.37716642022132874,0
C3_global_hybrid_strong,2,5,186,50308,1,1,0.6440438628196716,1
C3_global_hybrid_strong,2,5,195,50324,1,1,0.6594346761703491,1
C3_global_hybrid_strong,2,5,197,50327,2,0,0.12860380113124847,0
C3_global_hybrid_strong,2,5,198,50329,2,0,0.1531154364347458,0
C3_global_hybrid_strong,2,5,199,50330,2,0,0.13095510005950928,0
C3_global_hybrid_strong,2,5,206,50337,2,0,0.3271816670894623,0
C3_global_hybrid_strong,2,5,222,50353,2,0,0.1434522122144699,0
C3_global_hybrid_strong,2,5,236,50367,2,0,0.1284751147031784,0
C3_global_hybrid_strong,2,5,240,50372,2,0,0.128440260887146,0
C3_global_hybrid_strong,2,5,264,50407,1,1,0.8032498955726624,1
C3_global_hybrid_strong,2,5,267,50411,1,1,0.8260267376899719,1
C3_global_hybrid_strong,2,5,272,50416,2,0,0.12841224670410156,0
C3_global_hybrid_strong,2,5,275,50419,2,0,0.12843100726604462,0
C3_global_hybrid_strong,2,5,279,50425,2,0,0.16517378389835358,0
C3_global_hybrid_strong,2,5,292,50442,2,0,0.13279995322227478,0
C3_global_hybrid_strong,2,5,297,50447,2,0,0.17948377132415771,0
C3_global_hybrid_strong,2,5,298,50448,2,0,0.19673870503902435,0
C3_global_hybrid_strong,2,5,305,50469,2,0,0.13110026717185974,0
C3_global_hybrid_strong,2,5,309,50481,1,1,0.8259009122848511,1
C3_global_hybrid_strong,2,5,319,50493,1,1,0.8141967058181763,1
C3_global_hybrid_strong,2,5,320,50494,1,1,0.5263992547988892,1
C3_global_hybrid_strong,2,5,325,50500,1,1,0.825680136680603,1
C3_global_hybrid_strong,2,5,331,50509,1,1,0.682327389717102,1
C3_global_hybrid_strong,2,5,332,50510,1,1,0.8262171149253845,1
C3_global_hybrid_strong,2,5,338,50520,1,1,0.8256928324699402,1
C3_global_hybrid_strong,2,5,346,50529,1,1,0.8212382793426514,1
C3_global_hybrid_strong,2,5,367,50577,2,0,0.12853386998176575,0
C3_global_hybrid_strong,2,5,381,50619,1,1,0.824299693107605,1
C3_global_hybrid_strong,2,5,384,50622,1,1,0.8216120600700378,1
C3_global_hybrid_strong,2,5,398,50659,2,0,0.46714669466018677,0
C3_global_hybrid_strong,2,5,400,50665,2,0,0.38257327675819397,0
C3_global_hybrid_strong,2,5,433,50725,2,0,0.1284390687942505,0
C3_global_hybrid_strong,2,5,436,50730,2,0,0.1344475895166397,0
C3_global_hybrid_strong,2,5,487,50821,2,0,0.12848176062107086,0
C3_global_hybrid_strong,2,5,492,50954,1,1,0.13816243410110474,0
C3_global_hybrid_strong,2,5,503,50966,1,1,0.14338980615139008,0
C3_global_hybrid_strong,2,5,520,50986,1,1,0.28283819556236267,0
C3_global_hybrid_strong,2,5,530,50996,1,1,0.684887707233429,1
C3_global_hybrid_strong,2,5,546,51015,1,1,0.1299123913049698,0
C3_global_hybrid_strong,2,5,559,51029,1,1,0.8159462213516235,1
C3_global_hybrid_strong,2,5,560,51030,1,1,0.8162147402763367,1
C3_global_hybrid_strong,2,5,589,51062,2,0,0.12978285551071167,0
C3_global_hybrid_strong,2,5,594,51067,2,0,0.13567136228084564,0
C3_global_hybrid_strong,2,5,602,51076,2,0,0.1356668770313263,0
C3_global_hybrid_strong,2,5,613,51087,2,0,0.12923496961593628,0
C3_global_hybrid_strong,2,5,625,51100,2,0,0.1288188248872757,0
C3_global_hybrid_strong,2,5,629,51104,2,0,0.128463014960289,0
C3_global_hybrid_strong,2,5,635,51111,2,0,0.12848365306854248,0
C3_global_hybrid_strong,2,5,678,51168,1,1,0.5680427551269531,1
C3_global_hybrid_strong,2,5,690,51184,2,0,0.41078463196754456,0
C3_global_hybrid_strong,2,5,727,51234,1,1,0.8017192482948303,1
C3_global_hybrid_strong,2,5,743,51257,2,0,0.1952228844165802,0
C3_global_hybrid_strong,2,5,774,51303,2,0,0.12983503937721252,0
C3_global_hybrid_strong,2,5,780,51309,2,0,0.8262107968330383,1
C3_global_hybrid_strong,2,5,786,51320,1,1,0.8254152536392212,1
C3_global_hybrid_strong,2,5,810,51346,2,0,0.1290750652551651,0
C3_global_hybrid_strong,2,5,814,51351,1,1,0.15210393071174622,0
C3_global_hybrid_strong,2,5,815,51354,1,1,0.7566515207290649,1
C3_global_hybrid_strong,2,5,820,51361,2,0,0.1330718994140625,0
C3_global_hybrid_strong,2,5,834,51479,2,0,0.13659177720546722,0
C3_global_hybrid_strong,2,5,841,51491,2,0,0.12883862853050232,0
C3_global_hybrid_strong,2,5,844,51557,2,0,0.12966245412826538,0
C3_global_hybrid_strong,2,5,845,51558,2,0,0.12841607630252838,0
C3_global_hybrid_strong,2,5,846,51559,2,0,0.14755015075206757,0
C3_global_hybrid_strong,2,5,870,51607,1,1,0.14330585300922394,0
C3_global_hybrid_strong,2,6,13,50020,1,1,0.8760308027267456,1
C3_global_hybrid_strong,2,6,15,50023,1,1,0.7833873629570007,1
C3_global_hybrid_strong,2,6,22,50031,2,0,0.09319013357162476,0
C3_global_hybrid_strong,2,6,59,50113,2,0,0.09540475904941559,0
C3_global_hybrid_strong,2,6,60,50114,2,0,0.09452341496944427,0
C3_global_hybrid_strong,2,6,65,50119,1,1,0.09333695471286774,0
C3_global_hybrid_strong,2,6,71,50128,1,1,0.8641394972801208,1
C3_global_hybrid_strong,2,6,77,50135,1,1,0.8741563558578491,1
C3_global_hybrid_strong,2,6,89,50156,1,1,0.873441219329834,1
C3_global_hybrid_strong,2,6,93,50160,2,0,0.09422937035560608,0
C3_global_hybrid_strong,2,6,94,50161,2,0,0.10312837362289429,0
C3_global_hybrid_strong,2,6,96,50163,2,0,0.10246411710977554,0
C3_global_hybrid_strong,2,6,128,50215,2,0,0.09319037944078445,0
C3_global_hybrid_strong,2,6,143,50250,1,1,0.09768244624137878,0
C3_global_hybrid_strong,2,6,166,50275,1,1,0.7850818037986755,1
C3_global_hybrid_strong,2,6,167,50276,1,1,0.869464099407196,1
C3_global_hybrid_strong,2,6,168,50278,1,1,0.8760429620742798,1
C3_global_hybrid_strong,2,6,171,50285,1,1,0.6476280093193054,1
C3_global_hybrid_strong,2,6,174,50290,1,1,0.4873964488506317,0
C3_global_hybrid_strong,2,6,190,50315,1,1,0.8731092810630798,1
C3_global_hybrid_strong,2,6,219,50350,2,0,0.0950285792350769,0
C3_global_hybrid_strong,2,6,220,50351,2,0,0.09505347907543182,0
C3_global_hybrid_strong,2,6,227,50358,2,0,0.09458067268133163,0
C3_global_hybrid_strong,2,6,235,50366,2,0,0.09321662783622742,0
C3_global_hybrid_strong,2,6,276,50421,2,0,0.09381745755672455,0
C3_global_hybrid_strong,2,6,287,50437,2,0,0.8660628795623779,1
C3_global_hybrid_strong,2,6,290,50440,2,0,0.09374324977397919,0
C3_global_hybrid_strong,2,6,310,50482,1,1,0.8740644454956055,1
C3_global_hybrid_strong,2,6,327,50502,1,1,0.87608802318573,1
C3_global_hybrid_strong,2,6,333,50514,1,1,0.5387813448905945,1
C3_global_hybrid_strong,2,6,337,50519,1,1,0.8639855980873108,1
C3_global_hybrid_strong,2,6,350,50551,2,0,0.09904950857162476,0
C3_global_hybrid_strong,2,6,362,50572,2,0,0.09345472604036331,0
C3_global_hybrid_strong,2,6,382,50620,1,1,0.09620983153581619,0
C3_global_hybrid_strong,2,6,393,50647,1,1,0.2094220370054245,0
C3_global_hybrid_strong,2,6,406,50687,2,0,0.5189286470413208,1
C3_global_hybrid_strong,2,6,408,50689,1,1,0.875649631023407,1
C3_global_hybrid_strong,2,6,409,50690,1,1,0.09412603825330734,0
C3_global_hybrid_strong,2,6,418,50699,2,0,0.811962902545929,1
C3_global_hybrid_strong,2,6,423,50704,1,1,0.4191153049468994,0
C3_global_hybrid_strong,2,6,426,50707,2,0,0.09335712343454361,0
C3_global_hybrid_strong,2,6,435,50728,2,0,0.09633694589138031,0
C3_global_hybrid_strong,2,6,449,50748,1,1,0.8749173879623413,1
C3_global_hybrid_strong,2,6,456,50756,1,1,0.7057995796203613,1
C3_global_hybrid_strong,2,6,467,50782,2,0,0.09315557032823563,0
C3_global_hybrid_strong,2,6,486,50820,2,0,0.09502318501472473,0
C3_global_hybrid_strong,2,6,488,50822,2,0,0.09334941953420639,0
C3_global_hybrid_strong,2,6,489,50823,1,1,0.8729690909385681,1
C3_global_hybrid_strong,2,6,499,50961,1,1,0.6313056945800781,1
C3_global_hybrid_strong,2,6,500,50962,1,1,0.10073023289442062,0
C3_global_hybrid_strong,2,6,502,50965,1,1,0.8731227517127991,1
C3_global_hybrid_strong,2,6,531,50997,1,1,0.8757333755493164,1
C3_global_hybrid_strong,2,6,542,51011,1,1,0.871349036693573,1
C3_global_hybrid_strong,2,6,562,51033,1,1,0.6962079405784607,1
C3_global_hybrid_strong,2,6,577,51050,2,0,0.09336871653795242,0
C3_global_hybrid_strong,2,6,610,51084,2,0,0.8742915391921997,1
C3_global_hybrid_strong,2,6,615,51089,2,0,0.09462469816207886,0
C3_global_hybrid_strong,2,6,639,51116,2,0,0.09614642709493637,0
C3_global_hybrid_strong,2,6,648,51129,2,0,0.09462963789701462,0
C3_global_hybrid_strong,2,6,656,51137,2,0,0.09334546327590942,0
C3_global_hybrid_strong,2,6,679,51169,1,1,0.31499359011650085,0
C3_global_hybrid_strong,2,6,685,51179,1,1,0.871432363986969,1
C3_global_hybrid_strong,2,6,688,51182,2,0,0.09392732381820679,0
C3_global_hybrid_strong,2,6,700,51202,1,1,0.8688462376594543,1
C3_global_hybrid_strong,2,6,731,51239,1,1,0.8631730079650879,1
C3_global_hybrid_strong,2,6,744,51260,2,0,0.09334628283977509,0
C3_global_hybrid_strong,2,6,746,51262,2,0,0.33146345615386963,0
C3_global_hybrid_strong,2,6,747,51264,2,0,0.09326615184545517,0
C3_global_hybrid_strong,2,6,751,51268,2,0,0.09317996352910995,0
C3_global_hybrid_strong,2,6,753,51271,2,0,0.09369943290948868,0
C3_global_hybrid_strong,2,6,755,51273,2,0,0.7924483418464661,1
C3_global_hybrid_strong,2,6,760,51279,2,0,0.09370095282793045,0
C3_global_hybrid_strong,2,6,763,51291,1,1,0.8749097585678101,1
C3_global_hybrid_strong,2,6,768,51297,1,1,0.7924426794052124,1
C3_global_hybrid_strong,2,6,773,51302,1,1,0.1022103950381279,0
C3_global_hybrid_strong,2,6,779,51308,2,0,0.09463843703269958,0
C3_global_hybrid_strong,2,6,781,51311,2,0,0.09336226433515549,0
C3_global_hybrid_strong,2,6,801,51336,2,0,0.09317316114902496,0
C3_global_hybrid_strong,2,6,809,51345,2,0,0.09322398155927658,0
C3_global_hybrid_strong,2,6,824,51365,2,0,0.09409776329994202,0
C3_global_hybrid_strong,2,6,831,51465,1,1,0.8757938742637634,1
C3_global_hybrid_strong,2,6,840,51488,2,0,0.09314779937267303,0
C3_global_hybrid_strong,2,6,843,51556,2,0,0.09646857529878616,0
C3_global_hybrid_strong,2,6,848,51562,2,0,0.09318435937166214,0
C3_global_hybrid_strong,2,6,849,51563,2,0,0.09509385377168655,0
C3_global_hybrid_strong,2,6,854,51568,2,0,0.09906939417123795,0
C3_global_hybrid_strong,2,6,859,51574,1,1,0.7614725232124329,1
C3_global_hybrid_strong,2,7,38,50047,2,0,0.28280502557754517,0
C3_global_hybrid_strong,2,7,44,50053,1,1,0.5074068903923035,1
C3_global_hybrid_strong,2,7,46,50056,1,1,0.7931146621704102,1
C3_global_hybrid_strong,2,7,47,50057,1,1,0.22888953983783722,0
C3_global_hybrid_strong,2,7,57,50111,2,0,0.22370809316635132,0
C3_global_hybrid_strong,2,7,68,50124,1,1,0.7882537841796875,1
C3_global_hybrid_strong,2,7,69,50125,1,1,0.7280017137527466,1
C3_global_hybrid_strong,2,7,85,50149,1,1,0.6081203818321228,1
C3_global_hybrid_strong,2,7,91,50158,2,0,0.2290412038564682,0
C3_global_hybrid_strong,2,7,97,50164,2,0,0.2649601101875305,0
C3_global_hybrid_strong,2,7,111,50193,2,0,0.22499798238277435,0
C3_global_hybrid_strong,2,7,116,50199,2,0,0.22488483786582947,0
C3_global_hybrid_strong,2,7,137,50241,1,1,0.4990767240524292,0
C3_global_hybrid_strong,2,7,139,50245,1,1,0.5798713564872742,1
C3_global_hybrid_strong,2,7,145,50252,1,1,0.3207395076751709,0
C3_global_hybrid_strong,2,7,147,50254,1,1,0.43726620078086853,0
C3_global_hybrid_strong,2,7,148,50255,1,1,0.7003116607666016,1
C3_global_hybrid_strong,2,7,154,50263,2,0,0.232095405459404,0
C3_global_hybrid_strong,2,7,159,50268,2,0,0.22542177140712738,0
C3_global_hybrid_strong,2,7,185,50304,1,1,0.5220966339111328,1
C3_global_hybrid_strong,2,7,189,50314,1,1,0.7941802740097046,1
C3_global_hybrid_strong,2,7,201,50332,2,0,0.2274620234966278,0
C3_global_hybrid_strong,2,7,207,50338,2,0,0.22413001954555511,0
C3_global_hybrid_strong,2,7,208,50339,2,0,0.22393891215324402,0
C3_global_hybrid_strong,2,7,230,50361,2,0,0.2290356606245041,0
C3_global_hybrid_strong,2,7,238,50369,2,0,0.2302110493183136,0
C3_global_hybrid_strong,2,7,241,50373,2,0,0.24031265079975128,0
C3_global_hybrid_strong,2,7,249,50382,2,0,0.225500226020813,0
C3_global_hybrid_strong,2,7,269,50413,1,1,0.7902912497520447,1
C3_global_hybrid_strong,2,7,278,50424,2,0,0.22543135285377502,0
C3_global_hybrid_strong,2,7,308,50480,1,1,0.7584623098373413,1
C3_global_hybrid_strong,2,7,318,50492,1,1,0.7410237789154053,1
C3_global_hybrid_strong,2,7,330,50507,1,1,0.323687881231308,0
C3_global_hybrid_strong,2,7,351,50552,2,0,0.23547938466072083,0
C3_global_hybrid_strong,2,7,353,50557,2,0,0.22389020025730133,0
C3_global_hybrid_strong,2,7,364,50574,2,0,0.2876969873905182,0
C3_global_hybrid_strong,2,7,371,50603,1,1,0.7941757440567017,1
C3_global_hybrid_strong,2,7,376,50612,1,1,0.6053861379623413,1
C3_global_hybrid_strong,2,7,389,50627,1,1,0.6098341941833496,1
C3_global_hybrid_strong,2,7,410,50691,2,0,0.23366981744766235,0
C3_global_hybrid_strong,2,7,428,50709,2,0,0.24326561391353607,0
C3_global_hybrid_strong,2,7,438,50733,2,0,0.22362656891345978,0
C3_global_hybrid_strong,2,7,441,50738,2,0,0.22498144209384918,0
C3_global_hybrid_strong,2,7,444,50741,2,0,0.23166997730731964,0
C3_global_hybrid_strong,2,7,447,50744,1,1,0.6754723787307739,1
C3_global_hybrid_strong,2,7,463,50777,2,0,0.23162353038787842,0
C3_global_hybrid_strong,2,7,465,50780,2,0,0.261587917804718,0
C3_global_hybrid_strong,2,7,469,50786,2,0,0.23361216485500336,0
C3_global_hybrid_strong,2,7,478,50801,1,1,0.6133577823638916,1
C3_global_hybrid_strong,2,7,479,50803,1,1,0.7518265843391418,1
C3_global_hybrid_strong,2,7,493,50955,1,1,0.22543427348136902,0
C3_global_hybrid_strong,2,7,510,50974,1,1,0.6690624356269836,1
C3_global_hybrid_strong,2,7,521,50987,1,1,0.7929270267486572,1
C3_global_hybrid_strong,2,7,534,51001,1,1,0.7932030558586121,1
C3_global_hybrid_strong,2,7,544,51013,1,1,0.7251132726669312,1
C3_global_hybrid_strong,2,7,553,51023,1,1,0.7654780149459839,1
C3_global_hybrid_strong,2,7,558,51028,1,1,0.7938570380210876,1
C3_global_hybrid_strong,2,7,568,51040,2,0,0.22579644620418549,0
C3_global_hybrid_strong,2,7,582,51055,2,0,0.22500574588775635,0
C3_global_hybrid_strong,2,7,586,51059,2,0,0.23353712260723114,0
C3_global_hybrid_strong,2,7,595,51068,2,0,0.398246169090271,0
C3_global_hybrid_strong,2,7,598,51072,2,0,0.249153733253479,0
C3_global_hybrid_strong,2,7,600,51074,2,0,0.5779182314872742,1
C3_global_hybrid_strong,2,7,611,51085,2,0,0.7481244206428528,1
C3_global_hybrid_strong,2,7,616,51090,2,0,0.22500258684158325,0
C3_global_hybrid_strong,2,7,623,51098,2,0,0.2294824868440628,0
C3_global_hybrid_strong,2,7,627,51102,2,0,0.2288176715373993,0
C3_global_hybrid_strong,2,7,634,51110,2,0,0.23583965003490448,0
C3_global_hybrid_strong,2,7,651,51132,2,0,0.2253355085849762,0
C3_global_hybrid_strong,2,7,665,51149,2,0,0.22791381180286407,0
C3_global_hybrid_strong,2,7,668,51152,2,0,0.224043071269989,0
C3_global_hybrid_strong,2,7,670,51154,2,0,0.2273794710636139,0
C3_global_hybrid_strong,2,7,676,51163,1,1,0.6253265738487244,1
C3_global_hybrid_strong,2,7,694,51189,2,0,0.2429250180721283,0
C3_global_hybrid_strong,2,7,713,51217,1,1,0.23546281456947327,0
C3_global_hybrid_strong,2,7,719,51223,1,1,0.2979068458080292,0
C3_global_hybrid_strong,2,7,726,51231,1,1,0.4359670877456665,0
C3_global_hybrid_strong,2,7,729,51236,1,1,0.46757686138153076,0
C3_global_hybrid_strong,2,7,730,51237,1,1,0.7689381241798401,1
C3_global_hybrid_strong,2,7,732,51240,1,1,0.7931224703788757,1
C3_global_hybrid_strong,2,7,745,51261,2,0,0.25231727957725525,0
C3_global_hybrid_strong,2,7,790,51325,1,1,0.6296413540840149,1
C3_global_hybrid_strong,2,7,798,51333,2,0,0.22412852942943573,0
C3_global_hybrid_strong,2,7,807,51343,2,0,0.22365669906139374,0
C3_global_hybrid_strong,2,7,812,51349,1,1,0.2237570583820343,0
C3_global_hybrid_strong,2,7,833,51477,2,0,0.22360429167747498,0
C3_global_hybrid_strong,2,7,863,51579,1,1,0.2285289168357849,0
C3_global_hybrid_strong,2,8,49,50060,2,0,0.11010849475860596,0
C3_global_hybrid_strong,2,8,61,50115,2,0,0.11118721216917038,0
C3_global_hybrid_strong,2,8,64,50118,1,1,0.9450104236602783,1
C3_global_hybrid_strong,2,8,70,50127,1,1,0.9398908019065857,1
C3_global_hybrid_strong,2,8,102,50171,2,0,0.26476383209228516,0
C3_global_hybrid_strong,2,8,105,50184,1,1,0.945233941078186,1
C3_global_hybrid_strong,2,8,107,50187,1,1,0.11042696982622147,0
C3_global_hybrid_strong,2,8,112,50194,2,0,0.11042894423007965,0
C3_global_hybrid_strong,2,8,114,50196,2,0,0.5456700325012207,1
C3_global_hybrid_strong,2,8,118,50201,2,0,0.11105257272720337,0
C3_global_hybrid_strong,2,8,124,50208,2,0,0.14346188306808472,0
C3_global_hybrid_strong,2,8,133,50236,1,1,0.9455587267875671,1
C3_global_hybrid_strong,2,8,134,50237,1,1,0.9451537728309631,1
C3_global_hybrid_strong,2,8,146,50253,1,1,0.9457841515541077,1
C3_global_hybrid_strong,2,8,151,50260,2,0,0.11150553822517395,0
C3_global_hybrid_strong,2,8,160,50269,2,0,0.5272710919380188,1
C3_global_hybrid_strong,2,8,179,50295,1,1,0.9451459646224976,1
C3_global_hybrid_strong,2,8,183,50301,1,1,0.9455608129501343,1
C3_global_hybrid_strong,2,8,184,50302,1,1,0.9452349543571472,1
C3_global_hybrid_strong,2,8,196,50325,1,1,0.1153673529624939,0
C3_global_hybrid_strong,2,8,203,50334,2,0,0.9444873332977295,1
C3_global_hybrid_strong,2,8,210,50341,2,0,0.1122530996799469,0
C3_global_hybrid_strong,2,8,215,50346,2,0,0.10990963131189346,0
C3_global_hybrid_strong,2,8,216,50347,2,0,0.10969473421573639,0
C3_global_hybrid_strong,2,8,223,50354,2,0,0.14176695048809052,0
C3_global_hybrid_strong,2,8,224,50355,2,0,0.1128077507019043,0
C3_global_hybrid_strong,2,8,237,50368,2,0,0.10999121516942978,0
C3_global_hybrid_strong,2,8,255,50390,2,0,0.11303580552339554,0
C3_global_hybrid_strong,2,8,256,50391,2,0,0.11253855377435684,0
C3_global_hybrid_strong,2,8,260,50403,1,1,0.23964457213878632,0
C3_global_hybrid_strong,2,8,266,50410,1,1,0.9456954598426819,1
C3_global_hybrid_strong,2,8,296,50446,2,0,0.12677574157714844,0
C3_global_hybrid_strong,2,8,299,50449,2,0,0.12707245349884033,0
C3_global_hybrid_strong,2,8,328,50503,1,1,0.9455587267875671,1
C3_global_hybrid_strong,2,8,339,50521,1,1,0.7935314178466797,1
C3_global_hybrid_strong,2,8,343,50526,1,1,0.9452182054519653,1
C3_global_hybrid_strong,2,8,347,50530,1,1,0.9440895915031433,1
C3_global_hybrid_strong,2,8,349,50532,1,1,0.9440184831619263,1
C3_global_hybrid_strong,2,8,365,50575,2,0,0.3914880156517029,0
C3_global_hybrid_strong,2,8,377,50613,1,1,0.94498610496521,1
C3_global_hybrid_strong,2,8,386,50624,1,1,0.9456161260604858,1
C3_global_hybrid_strong,2,8,387,50625,1,1,0.11056680977344513,0
C3_global_hybrid_strong,2,8,413,50694,1,1,0.9446594715118408,1
C3_global_hybrid_strong,2,8,414,50695,1,1,0.8971010446548462,1
C3_global_hybrid_strong,2,8,470,50790,2,0,0.11093677580356598,0
C3_global_hybrid_strong,2,8,485,50818,2,0,0.11163700371980667,0
C3_global_hybrid_strong,2,8,496,50958,1,1,0.9436710476875305,1
C3_global_hybrid_strong,2,8,504,50967,1,1,0.9352962970733643,1
C3_global_hybrid_strong,2,8,517,50983,1,1,0.9455832839012146,1
C3_global_hybrid_strong,2,8,536,51003,1,1,0.9457700848579407,1
C3_global_hybrid_strong,2,8,540,51009,1,1,0.9449455142021179,1
C3_global_hybrid_strong,2,8,551,51020,1,1,0.9312993288040161,1
C3_global_hybrid_strong,2,8,569,51041,2,0,0.11738540232181549,0
C3_global_hybrid_strong,2,8,570,51042,2,0,0.1099872812628746,0
C3_global_hybrid_strong,2,8,574,51047,2,0,0.12054556608200073,0
C3_global_hybrid_strong,2,8,576,51049,2,0,0.11374668031930923,0
C3_global_hybrid_strong,2,8,584,51057,2,0,0.11246798187494278,0
C3_global_hybrid_strong,2,8,588,51061,2,0,0.10988248884677887,0
C3_global_hybrid_strong,2,8,593,51066,2,0,0.12064404040575027,0
C3_global_hybrid_strong,2,8,601,51075,2,0,0.12123413383960724,0
C3_global_hybrid_strong,2,8,633,51109,2,0,0.11310530453920364,0
C3_global_hybrid_strong,2,8,642,51122,2,0,0.1126284971833229,0
C3_global_hybrid_strong,2,8,645,51126,2,0,0.11949730664491653,0
C3_global_hybrid_strong,2,8,660,51141,2,0,0.9294213056564331,1
C3_global_hybrid_strong,2,8,673,51159,2,0,0.9457584619522095,1
C3_global_hybrid_strong,2,8,683,51177,1,1,0.9457023739814758,1
C3_global_hybrid_strong,2,8,698,51198,2,0,0.6545307636260986,1
C3_global_hybrid_strong,2,8,701,51203,1,1,0.9451770782470703,1
C3_global_hybrid_strong,2,8,715,51219,1,1,0.9449734687805176,1
C3_global_hybrid_strong,2,8,717,51221,1,1,0.9431148171424866,1
C3_global_hybrid_strong,2,8,722,51226,1,1,0.11457153409719467,0
C3_global_hybrid_strong,2,8,734,51248,1,1,0.9449619054794312,1
C3_global_hybrid_strong,2,8,738,51252,2,0,0.9457745552062988,1
C3_global_hybrid_strong,2,8,748,51265,2,0,0.10989634692668915,0
C3_global_hybrid_strong,2,8,778,51307,2,0,0.9451695084571838,1
C3_global_hybrid_strong,2,8,785,51319,1,1,0.9451293349266052,1
C3_global_hybrid_strong,2,8,803,51339,2,0,0.11024940013885498,0
C3_global_hybrid_strong,2,8,817,51357,2,0,0.10990329086780548,0
C3_global_hybrid_strong,2,8,826,51370,2,0,0.11000238358974457,0
C3_global_hybrid_strong,2,8,828,51461,1,1,0.9457561373710632,1
C3_global_hybrid_strong,2,8,832,51473,1,1,0.9073309898376465,1
C3_global_hybrid_strong,2,8,839,51487,2,0,0.18627841770648956,0
C3_global_hybrid_strong,2,8,847,51560,2,0,0.11161158233880997,0
C3_global_hybrid_strong,2,8,851,51565,2,0,0.6874855160713196,1
C3_global_hybrid_strong,2,8,852,51566,2,0,0.11057382076978683,0
C3_global_hybrid_strong,2,8,857,51572,1,1,0.9425556063652039,1
C3_global_hybrid_strong,2,8,866,51583,1,1,0.9428998827934265,1
C3_global_hybrid_strong,2,9,9,50013,1,1,0.9302137494087219,1
C3_global_hybrid_strong,2,9,20,50028,1,1,0.9315900802612305,1
C3_global_hybrid_strong,2,9,27,50036,2,0,0.10274390131235123,0
C3_global_hybrid_strong,2,9,32,50041,2,0,0.1062568873167038,0
C3_global_hybrid_strong,2,9,37,50046,2,0,0.10036204010248184,0
C3_global_hybrid_strong,2,9,40,50049,2,0,0.10183019191026688,0
C3_global_hybrid_strong,2,9,42,50051,2,0,0.35983267426490784,0
C3_global_hybrid_strong,2,9,50,50102,2,0,0.10235558450222015,0
C3_global_hybrid_strong,2,9,66,50121,1,1,0.931685745716095,1
C3_global_hybrid_strong,2,9,75,50132,1,1,0.9310627579689026,1
C3_global_hybrid_strong,2,9,83,50147,1,1,0.9311527609825134,1
C3_global_hybrid_strong,2,9,84,50148,1,1,0.9308589696884155,1
C3_global_hybrid_strong,2,9,87,50152,1,1,0.9315905570983887,1
C3_global_hybrid_strong,2,9,104,50183,1,1,0.9309175610542297,1
C3_global_hybrid_strong,2,9,121,50204,2,0,0.10523683577775955,0
C3_global_hybrid_strong,2,9,122,50205,2,0,0.10458962619304657,0
C3_global_hybrid_strong,2,9,123,50206,2,0,0.47109541296958923,0
C3_global_hybrid_strong,2,9,130,50232,1,1,0.9297044277191162,1
C3_global_hybrid_strong,2,9,132,50234,1,1,0.9283000826835632,1
C3_global_hybrid_strong,2,9,221,50352,2,0,0.2748994529247284,0
C3_global_hybrid_strong,2,9,226,50357,2,0,0.10418256372213364,0
C3_global_hybrid_strong,2,9,232,50363,2,0,0.9226099848747253,1
C3_global_hybrid_strong,2,9,250,50383,2,0,0.2155327945947647,0
C3_global_hybrid_strong,2,9,258,50399,1,1,0.9316494464874268,1
C3_global_hybrid_strong,2,9,261,50404,1,1,0.9315766096115112,1
C3_global_hybrid_strong,2,9,262,50405,1,1,0.9308862686157227,1
C3_global_hybrid_strong,2,9,282,50428,2,0,0.10052026063203812,0
C3_global_hybrid_strong,2,9,284,50434,2,0,0.10036838799715042,0
C3_global_hybrid_strong,2,9,289,50439,2,0,0.10646388679742813,0
C3_global_hybrid_strong,2,9,291,50441,2,0,0.10418256372213364,0
C3_global_hybrid_strong,2,9,301,50463,2,0,0.10295227915048599,0
C3_global_hybrid_strong,2,9,323,50498,1,1,0.9291837811470032,1
C3_global_hybrid_strong,2,9,344,50527,1,1,0.931580126285553,1
C3_global_hybrid_strong,2,9,358,50568,2,0,0.8355423212051392,1
C3_global_hybrid_strong,2,9,361,50571,2,0,0.7970467209815979,1
C3_global_hybrid_strong,2,9,363,50573,2,0,0.10061806440353394,0
C3_global_hybrid_strong,2,9,380,50616,1,1,0.9315829277038574,1
C3_global_hybrid_strong,2,9,391,50642,1,1,0.9228214621543884,1
C3_global_hybrid_strong,2,9,397,50656,2,0,0.5538861751556396,1
C3_global_hybrid_strong,2,9,407,50688,2,0,0.10125574469566345,0
C3_global_hybrid_strong,2,9,415,50696,1,1,0.9307464361190796,1
C3_global_hybrid_strong,2,9,419,50700,1,1,0.9316551089286804,1
C3_global_hybrid_strong,2,9,420,50701,2,0,0.10063481330871582,0
C3_global_hybrid_strong,2,9,427,50708,1,1,0.9314509034156799,1
C3_global_hybrid_strong,2,9,446,50743,1,1,0.9314882755279541,1
C3_global_hybrid_strong,2,9,461,50775,2,0,0.10073111951351166,0
C3_global_hybrid_strong,2,9,472,50792,1,1,0.9316523671150208,1
C3_global_hybrid_strong,2,9,481,50812,2,0,0.10094677656888962,0
C3_global_hybrid_strong,2,9,491,50952,1,1,0.931075930595398,1
C3_global_hybrid_strong,2,9,498,50960,1,1,0.4152127206325531,0
C3_global_hybrid_strong,2,9,511,50976,1,1,0.9316009283065796,1
C3_global_hybrid_strong,2,9,524,50990,1,1,0.9307268857955933,1
C3_global_hybrid_strong,2,9,539,51008,1,1,0.898266077041626,1
C3_global_hybrid_strong,2,9,541,51010,1,1,0.9101366996765137,1
C3_global_hybrid_strong,2,9,543,51012,1,1,0.9126275181770325,1
C3_global_hybrid_strong,2,9,563,51034,1,1,0.9311063289642334,1
C3_global_hybrid_strong,2,9,564,51035,1,1,0.9267229437828064,1
C3_global_hybrid_strong,2,9,592,51065,2,0,0.10037427395582199,0
C3_global_hybrid_strong,2,9,604,51078,2,0,0.10719560831785202,0
C3_global_hybrid_strong,2,9,605,51079,2,0,0.9287217855453491,1
C3_global_hybrid_strong,2,9,608,51082,2,0,0.25348445773124695,0
C3_global_hybrid_strong,2,9,620,51095,2,0,0.9287504553794861,1
C3_global_hybrid_strong,2,9,624,51099,2,0,0.10106990486383438,0
C3_global_hybrid_strong,2,9,632,51107,2,0,0.913934051990509,1
C3_global_hybrid_strong,2,9,643,51123,2,0,0.10164005309343338,0
C3_global_hybrid_strong,2,9,654,51135,2,0,0.723307728767395,1
C3_global_hybrid_strong,2,9,667,51151,2,0,0.10043778270483017,0
C3_global_hybrid_strong,2,9,680,51170,1,1,0.9258255362510681,1
C3_global_hybrid_strong,2,9,699,51201,1,1,0.9315691590309143,1
C3_global_hybrid_strong,2,9,708,51211,1,1,0.9315851926803589,1
C3_global_hybrid_strong,2,9,712,51216,1,1,0.10054173320531845,0
C3_global_hybrid_strong,2,9,736,51250,2,0,0.10368016362190247,0
C3_global_hybrid_strong,2,9,739,51253,2,0,0.10182196646928787,0
C3_global_hybrid_strong,2,9,740,51254,2,0,0.10523483157157898,0
C3_global_hybrid_strong,2,9,742,51256,2,0,0.10425760596990585,0
C3_global_hybrid_strong,2,9,752,51269,2,0,0.10222955048084259,0
C3_global_hybrid_strong,2,9,756,51275,2,0,0.10418029874563217,0
C3_global_hybrid_strong,2,9,784,51318,1,1,0.9197537899017334,1
C3_global_hybrid_strong,2,9,788,51322,1,1,0.9160572290420532,1
C3_global_hybrid_strong,2,9,789,51323,1,1,0.931354284286499,1
C3_global_hybrid_strong,2,9,794,51329,1,1,0.34026846289634705,0
C3_global_hybrid_strong,2,9,802,51338,2,0,0.9303543567657471,1
C3_global_hybrid_strong,2,9,822,51363,2,0,0.10123822093009949,0
C3_global_hybrid_strong,2,9,825,51369,2,0,0.10126141458749771,0
C3_global_hybrid_strong,2,9,827,51373,2,0,0.10276330262422562,0
C3_global_hybrid_strong,2,9,842,51493,2,0,0.10065791755914688,0
C3_global_hybrid_strong,2,9,864,51580,1,1,0.9303641319274902,1
C3_global_hybrid_strong,2,10,11,50015,1,1,0.9113743901252747,1
C3_global_hybrid_strong,2,10,16,50024,1,1,0.9135690331459045,1
C3_global_hybrid_strong,2,10,18,50026,1,1,0.9149197936058044,1
C3_global_hybrid_strong,2,10,33,50042,2,0,0.11707185953855515,0
C3_global_hybrid_strong,2,10,36,50045,2,0,0.30241960287094116,0
C3_global_hybrid_strong,2,10,41,50050,2,0,0.11613211780786514,0
C3_global_hybrid_strong,2,10,43,50052,2,0,0.8934742212295532,1
C3_global_hybrid_strong,2,10,54,50106,2,0,0.5722606778144836,1
C3_global_hybrid_strong,2,10,74,50131,1,1,0.7605006098747253,1
C3_global_hybrid_strong,2,10,99,50168,2,0,0.11679062247276306,0
C3_global_hybrid_strong,2,10,106,50186,1,1,0.9029362201690674,1
C3_global_hybrid_strong,2,10,109,50189,1,1,0.9131922125816345,1
C3_global_hybrid_strong,2,10,110,50190,1,1,0.9034132957458496,1
C3_global_hybrid_strong,2,10,150,50259,2,0,0.31995725631713867,0
C3_global_hybrid_strong,2,10,158,50267,2,0,0.116062693297863,0
C3_global_hybrid_strong,2,10,188,50312,1,1,0.9058687090873718,1
C3_global_hybrid_strong,2,10,194,50321,1,1,0.9135856032371521,1
C3_global_hybrid_strong,2,10,233,50364,2,0,0.3894895315170288,0
C3_global_hybrid_strong,2,10,239,50370,2,0,0.12833631038665771,0
C3_global_hybrid_strong,2,10,245,50377,2,0,0.11968757957220078,0
C3_global_hybrid_strong,2,10,252,50386,2,0,0.1164415255188942,0
C3_global_hybrid_strong,2,10,257,50397,1,1,0.9125626683235168,1
C3_global_hybrid_strong,2,10,263,50406,1,1,0.9121880531311035,1
C3_global_hybrid_strong,2,10,268,50412,1,1,0.9135782718658447,1
C3_global_hybrid_strong,2,10,270,50414,2,0,0.18068596720695496,0
C3_global_hybrid_strong,2,10,273,50417,2,0,0.11802374571561813,0
C3_global_hybrid_strong,2,10,294,50444,2,0,0.18567928671836853,0
C3_global_hybrid_strong,2,10,303,50467,2,0,0.12271453440189362,0
C3_global_hybrid_strong,2,10,304,50468,2,0,0.119304358959198,0
C3_global_hybrid_strong,2,10,317,50491,1,1,0.9045675992965698,1
C3_global_hybrid_strong,2,10,324,50499,1,1,0.9147293567657471,1
C3_global_hybrid_strong,2,10,366,50576,2,0,0.11611298471689224,0
C3_global_hybrid_strong,2,10,372,50604,1,1,0.9137033224105835,1
C3_global_hybrid_strong,2,10,394,50648,1,1,0.33204999566078186,0
C3_global_hybrid_strong,2,10,430,50722,2,0,0.11707521229982376,0
C3_global_hybrid_strong,2,10,434,50726,2,0,0.14976559579372406,0
C3_global_hybrid_strong,2,10,443,50740,2,0,0.13015855848789215,0
C3_global_hybrid_strong,2,10,459,50773,2,0,0.12442147731781006,0
C3_global_hybrid_strong,2,10,475,50798,1,1,0.12195974588394165,0
C3_global_hybrid_strong,2,10,482,50814,2,0,0.23101681470870972,0
C3_global_hybrid_strong,2,10,490,50824,1,1,0.2182474583387375,0
C3_global_hybrid_strong,2,10,494,50956,1,1,0.9123072028160095,1
C3_global_hybrid_strong,2,10,501,50964,1,1,0.9148639440536499,1
C3_global_hybrid_strong,2,10,507,50970,1,1,0.9152048826217651,1
C3_global_hybrid_strong,2,10,509,50973,1,1,0.9110879302024841,1
C3_global_hybrid_strong,2,10,512,50977,1,1,0.9144240617752075,1
C3_global_hybrid_strong,2,10,518,50984,1,1,0.9125659465789795,1
C3_global_hybrid_strong,2,10,519,50985,1,1,0.9130253195762634,1
C3_global_hybrid_strong,2,10,523,50989,1,1,0.9140081405639648,1
C3_global_hybrid_strong,2,10,527,50993,1,1,0.9124699234962463,1
C3_global_hybrid_strong,2,10,528,50994,1,1,0.9147890210151672,1
C3_global_hybrid_strong,2,10,529,50995,1,1,0.9122375249862671,1
C3_global_hybrid_strong,2,10,533,51000,1,1,0.9152082204818726,1
C3_global_hybrid_strong,2,10,535,51002,1,1,0.8647176623344421,1
C3_global_hybrid_strong,2,10,547,51016,1,1,0.9142762422561646,1
C3_global_hybrid_strong,2,10,549,51018,1,1,0.9139917492866516,1
C3_global_hybrid_strong,2,10,557,51027,1,1,0.9110962748527527,1
C3_global_hybrid_strong,2,10,565,51036,2,0,0.12158600240945816,0
C3_global_hybrid_strong,2,10,567,51039,2,0,0.11599922925233841,0
C3_global_hybrid_strong,2,10,573,51046,2,0,0.7308246493339539,1
C3_global_hybrid_strong,2,10,578,51051,2,0,0.12039988487958908,0
C3_global_hybrid_strong,2,10,591,51064,2,0,0.11854490637779236,0
C3_global_hybrid_strong,2,10,617,51091,2,0,0.1189066544175148,0
C3_global_hybrid_strong,2,10,618,51093,2,0,0.11713208258152008,0
C3_global_hybrid_strong,2,10,619,51094,2,0,0.11996827274560928,0
C3_global_hybrid_strong,2,10,626,51101,2,0,0.1198662593960762,0
C3_global_hybrid_strong,2,10,636,51112,2,0,0.117257259786129,0
C3_global_hybrid_strong,2,10,641,51118,2,0,0.8255069255828857,1
C3_global_hybrid_strong,2,10,649,51130,2,0,0.9082710146903992,1
C3_global_hybrid_strong,2,10,662,51146,2,0,0.11690977960824966,0
C3_global_hybrid_strong,2,10,666,51150,2,0,0.11606922745704651,0
C3_global_hybrid_strong,2,10,692,51187,2,0,0.11800266802310944,0
C3_global_hybrid_strong,2,10,696,51194,2,0,0.2509540915489197,0
C3_global_hybrid_strong,2,10,702,51204,1,1,0.9122542142868042,1
C3_global_hybrid_strong,2,10,707,51210,1,1,0.9077579379081726,1
C3_global_hybrid_strong,2,10,758,51277,2,0,0.11682353913784027,0
C3_global_hybrid_strong,2,10,761,51280,2,0,0.11638462543487549,0
C3_global_hybrid_strong,2,10,764,51292,1,1,0.9107997417449951,1
C3_global_hybrid_strong,2,10,765,51293,1,1,0.9140157699584961,1
C3_global_hybrid_strong,2,10,777,51306,2,0,0.2662448287010193,0
C3_global_hybrid_strong,2,10,782,51313,2,0,0.12240771949291229,0
C3_global_hybrid_strong,2,10,796,51331,1,1,0.9147889018058777,1
C3_global_hybrid_strong,2,10,797,51332,2,0,0.11675991117954254,0
C3_global_hybrid_strong,2,10,800,51335,2,0,0.12772800028324127,0
C3_global_hybrid_strong,2,10,819,51360,2,0,0.14662247896194458,0
C3_global_hybrid_strong,2,10,850,51564,2,0,0.11639833450317383,0
C3_global_hybrid_strong,2,10,860,51576,1,1,0.1614239662885666,0
C4_selective_hybrid_medium,0,1,10,50014,1,1,0.9103837013244629,1
C4_selective_hybrid_medium,0,1,14,50022,1,1,0.2358582615852356,0
C4_selective_hybrid_medium,0,1,36,50045,2,0,0.3633449375629425,0
C4_selective_hybrid_medium,0,1,42,50051,2,0,0.9005038142204285,1
C4_selective_hybrid_medium,0,1,49,50060,2,0,0.15733757615089417,0
C4_selective_hybrid_medium,0,1,53,50105,2,0,0.722942590713501,1
C4_selective_hybrid_medium,0,1,63,50117,2,0,0.4663448929786682,0
C4_selective_hybrid_medium,0,1,67,50123,1,1,0.9118614196777344,1
C4_selective_hybrid_medium,0,1,83,50147,1,1,0.6090660095214844,1
C4_selective_hybrid_medium,0,1,84,50148,1,1,0.9117142558097839,1
C4_selective_hybrid_medium,0,1,96,50163,2,0,0.18962159752845764,0
C4_selective_hybrid_medium,0,1,97,50164,2,0,0.0952063500881195,0
C4_selective_hybrid_medium,0,1,111,50193,2,0,0.09551546722650528,0
C4_selective_hybrid_medium,0,1,114,50196,2,0,0.586391031742096,1
C4_selective_hybrid_medium,0,1,123,50206,2,0,0.7040299773216248,1
C4_selective_hybrid_medium,0,1,131,50233,1,1,0.9093917608261108,1
C4_selective_hybrid_medium,0,1,132,50234,1,1,0.4897782504558563,0
C4_selective_hybrid_medium,0,1,136,50240,1,1,0.9107326865196228,1
C4_selective_hybrid_medium,0,1,141,50248,1,1,0.9106763005256653,1
C4_selective_hybrid_medium,0,1,145,50252,1,1,0.356259286403656,0
C4_selective_hybrid_medium,0,1,146,50253,1,1,0.9079595804214478,1
C4_selective_hybrid_medium,0,1,148,50255,1,1,0.9082728028297424,1
C4_selective_hybrid_medium,0,1,152,50261,2,0,0.6801273226737976,1
C4_selective_hybrid_medium,0,1,154,50263,2,0,0.17268158495426178,0
C4_selective_hybrid_medium,0,1,164,50273,1,1,0.9047241806983948,1
C4_selective_hybrid_medium,0,1,184,50302,1,1,0.9114046096801758,1
C4_selective_hybrid_medium,0,1,202,50333,2,0,0.1147519052028656,0
C4_selective_hybrid_medium,0,1,204,50335,2,0,0.0970553532242775,0
C4_selective_hybrid_medium,0,1,210,50341,2,0,0.09726300835609436,0
C4_selective_hybrid_medium,0,1,223,50354,2,0,0.1463179588317871,0
C4_selective_hybrid_medium,0,1,241,50373,2,0,0.26140448451042175,0
C4_selective_hybrid_medium,0,1,266,50410,1,1,0.8846646547317505,1
C4_selective_hybrid_medium,0,1,271,50415,2,0,0.12144181877374649,0
C4_selective_hybrid_medium,0,1,275,50419,2,0,0.09727928787469864,0
C4_selective_hybrid_medium,0,1,278,50424,2,0,0.10558992624282837,0
C4_selective_hybrid_medium,0,1,286,50436,2,0,0.807460606098175,1
C4_selective_hybrid_medium,0,1,292,50442,2,0,0.10801330953836441,0
C4_selective_hybrid_medium,0,1,302,50466,2,0,0.095134437084198,0
C4_selective_hybrid_medium,0,1,303,50467,2,0,0.5458340048789978,1
C4_selective_hybrid_medium,0,1,323,50498,1,1,0.9058218002319336,1
C4_selective_hybrid_medium,0,1,326,50501,1,1,0.9097939729690552,1
C4_selective_hybrid_medium,0,1,346,50529,1,1,0.9115639925003052,1
C4_selective_hybrid_medium,0,1,349,50532,1,1,0.9083322286605835,1
C4_selective_hybrid_medium,0,1,352,50555,2,0,0.09524696320295334,0
C4_selective_hybrid_medium,0,1,353,50557,2,0,0.12096607685089111,0
C4_selective_hybrid_medium,0,1,360,50570,2,0,0.10302694886922836,0
C4_selective_hybrid_medium,0,1,390,50628,1,1,0.9093171954154968,1
C4_selective_hybrid_medium,0,1,397,50656,2,0,0.3305169641971588,0
C4_selective_hybrid_medium,0,1,405,50686,1,1,0.9124561548233032,1
C4_selective_hybrid_medium,0,1,408,50689,1,1,0.9111624956130981,1
C4_selective_hybrid_medium,0,1,430,50722,2,0,0.09941593557596207,0
C4_selective_hybrid_medium,0,1,435,50728,2,0,0.5230011343955994,1
C4_selective_hybrid_medium,0,1,446,50743,1,1,0.9123321771621704,1
C4_selective_hybrid_medium,0,1,451,50750,1,1,0.9124142527580261,1
C4_selective_hybrid_medium,0,1,475,50798,1,1,0.10446466505527496,0
C4_selective_hybrid_medium,0,1,476,50799,1,1,0.9107347130775452,1
C4_selective_hybrid_medium,0,1,481,50812,2,0,0.1034015566110611,0
C4_selective_hybrid_medium,0,1,490,50824,1,1,0.17442384362220764,0
C4_selective_hybrid_medium,0,1,511,50976,1,1,0.9123225212097168,1
C4_selective_hybrid_medium,0,1,522,50988,1,1,0.9093211889266968,1
C4_selective_hybrid_medium,0,1,525,50991,1,1,0.4521353244781494,0
C4_selective_hybrid_medium,0,1,537,51006,1,1,0.9121935963630676,1
C4_selective_hybrid_medium,0,1,541,51010,1,1,0.6499897837638855,1
C4_selective_hybrid_medium,0,1,557,51027,1,1,0.9067287445068359,1
C4_selective_hybrid_medium,0,1,559,51029,1,1,0.7881935834884644,1
C4_selective_hybrid_medium,0,1,579,51052,2,0,0.1063058152794838,0
C4_selective_hybrid_medium,0,1,584,51057,2,0,0.10728364437818527,0
C4_selective_hybrid_medium,0,1,633,51109,2,0,0.10076352208852768,0
C4_selective_hybrid_medium,0,1,636,51112,2,0,0.11243945360183716,0
C4_selective_hybrid_medium,0,1,648,51129,2,0,0.10278871655464172,0
C4_selective_hybrid_medium,0,1,655,51136,2,0,0.43432140350341797,0
C4_selective_hybrid_medium,0,1,670,51154,2,0,0.09511253237724304,0
C4_selective_hybrid_medium,0,1,692,51187,2,0,0.09513138234615326,0
C4_selective_hybrid_medium,0,1,695,51192,2,0,0.09663332998752594,0
C4_selective_hybrid_medium,0,1,696,51194,2,0,0.8564087152481079,1
C4_selective_hybrid_medium,0,1,727,51234,1,1,0.9063334465026855,1
C4_selective_hybrid_medium,0,1,732,51240,1,1,0.9107345342636108,1
C4_selective_hybrid_medium,0,1,762,51281,2,0,0.11136191338300705,0
C4_selective_hybrid_medium,0,1,765,51293,1,1,0.9117079377174377,1
C4_selective_hybrid_medium,0,1,766,51294,1,1,0.46311378479003906,0
C4_selective_hybrid_medium,0,1,779,51308,2,0,0.12416810542345047,0
C4_selective_hybrid_medium,0,1,795,51330,1,1,0.9114802479743958,1
C4_selective_hybrid_medium,0,1,798,51333,2,0,0.1335829794406891,0
C4_selective_hybrid_medium,0,1,825,51369,2,0,0.2815786302089691,0
C4_selective_hybrid_medium,0,1,828,51461,1,1,0.9123244285583496,1
C4_selective_hybrid_medium,0,1,839,51487,2,0,0.5338758826255798,1
C4_selective_hybrid_medium,0,1,854,51568,2,0,0.2815946936607361,0
C4_selective_hybrid_medium,0,1,862,51578,1,1,0.9123099446296692,1
C4_selective_hybrid_medium,0,2,2,50005,1,1,0.2566775679588318,0
C4_selective_hybrid_medium,0,2,3,50006,1,1,0.8505458235740662,1
C4_selective_hybrid_medium,0,2,4,50007,1,1,0.4240604043006897,0
C4_selective_hybrid_medium,0,2,20,50028,1,1,0.8339192271232605,1
C4_selective_hybrid_medium,0,2,27,50036,2,0,0.16788753867149353,0
C4_selective_hybrid_medium,0,2,35,50044,2,0,0.1649467796087265,0
C4_selective_hybrid_medium,0,2,45,50054,2,0,0.7775838971138,1
C4_selective_hybrid_medium,0,2,57,50111,2,0,0.16488692164421082,0
C4_selective_hybrid_medium,0,2,61,50115,2,0,0.1664695292711258,0
C4_selective_hybrid_medium,0,2,69,50125,1,1,0.8260905146598816,1
C4_selective_hybrid_medium,0,2,79,50143,1,1,0.8505308628082275,1
C4_selective_hybrid_medium,0,2,87,50152,1,1,0.848029613494873,1
C4_selective_hybrid_medium,0,2,116,50199,2,0,0.16741064190864563,0
C4_selective_hybrid_medium,0,2,122,50205,2,0,0.16596552729606628,0
C4_selective_hybrid_medium,0,2,130,50232,1,1,0.848767876625061,1
C4_selective_hybrid_medium,0,2,133,50236,1,1,0.8534213304519653,1
C4_selective_hybrid_medium,0,2,147,50254,1,1,0.5571750998497009,1
C4_selective_hybrid_medium,0,2,162,50271,2,0,0.16630659997463226,0
C4_selective_hybrid_medium,0,2,170,50284,1,1,0.19389909505844116,0
C4_selective_hybrid_medium,0,2,171,50285,1,1,0.16488303244113922,0
C4_selective_hybrid_medium,0,2,183,50301,1,1,0.4313632845878601,0
C4_selective_hybrid_medium,0,2,192,50319,1,1,0.8444045782089233,1
C4_selective_hybrid_medium,0,2,197,50327,2,0,0.1648261547088623,0
C4_selective_hybrid_medium,0,2,217,50348,2,0,0.16487717628479004,0
C4_selective_hybrid_medium,0,2,218,50349,2,0,0.16901351511478424,0
C4_selective_hybrid_medium,0,2,222,50353,2,0,0.16562628746032715,0
C4_selective_hybrid_medium,0,2,232,50363,2,0,0.1816566288471222,0
C4_selective_hybrid_medium,0,2,234,50365,2,0,0.16491727530956268,0
C4_selective_hybrid_medium,0,2,257,50397,1,1,0.8228139877319336,1
C4_selective_hybrid_medium,0,2,270,50414,2,0,0.1699909120798111,0
C4_selective_hybrid_medium,0,2,282,50428,2,0,0.1665060818195343,0
C4_selective_hybrid_medium,0,2,283,50433,2,0,0.16619478166103363,0
C4_selective_hybrid_medium,0,2,294,50444,2,0,0.18373224139213562,0
C4_selective_hybrid_medium,0,2,307,50477,1,1,0.5393883585929871,1
C4_selective_hybrid_medium,0,2,316,50490,1,1,0.6385169625282288,1
C4_selective_hybrid_medium,0,2,357,50565,2,0,0.3074238896369934,0
C4_selective_hybrid_medium,0,2,363,50573,2,0,0.16764430701732635,0
C4_selective_hybrid_medium,0,2,364,50574,2,0,0.17429542541503906,0
C4_selective_hybrid_medium,0,2,372,50604,1,1,0.7782803773880005,1
C4_selective_hybrid_medium,0,2,381,50619,1,1,0.8501002788543701,1
C4_selective_hybrid_medium,0,2,385,50623,1,1,0.7648125290870667,1
C4_selective_hybrid_medium,0,2,394,50648,1,1,0.1654868870973587,0
C4_selective_hybrid_medium,0,2,399,50664,2,0,0.17164058983325958,0
C4_selective_hybrid_medium,0,2,407,50688,2,0,0.17397825419902802,0
C4_selective_hybrid_medium,0,2,410,50691,2,0,0.16512402892112732,0
C4_selective_hybrid_medium,0,2,417,50698,2,0,0.19258612394332886,0
C4_selective_hybrid_medium,0,2,426,50707,2,0,0.16488727927207947,0
C4_selective_hybrid_medium,0,2,450,50749,1,1,0.8488353490829468,1
C4_selective_hybrid_medium,0,2,453,50752,1,1,0.49614831805229187,0
C4_selective_hybrid_medium,0,2,462,50776,2,0,0.16554489731788635,0
C4_selective_hybrid_medium,0,2,465,50780,2,0,0.1731405109167099,0
C4_selective_hybrid_medium,0,2,478,50801,1,1,0.3543044924736023,0
C4_selective_hybrid_medium,0,2,489,50823,1,1,0.7318776249885559,1
C4_selective_hybrid_medium,0,2,513,50978,1,1,0.8484418392181396,1
C4_selective_hybrid_medium,0,2,528,50994,1,1,0.8451142311096191,1
C4_selective_hybrid_medium,0,2,535,51002,1,1,0.36107081174850464,0
C4_selective_hybrid_medium,0,2,543,51012,1,1,0.7858685255050659,1
C4_selective_hybrid_medium,0,2,544,51013,1,1,0.6046830415725708,1
C4_selective_hybrid_medium,0,2,546,51015,1,1,0.16522489488124847,0
C4_selective_hybrid_medium,0,2,553,51023,1,1,0.8404416441917419,1
C4_selective_hybrid_medium,0,2,558,51028,1,1,0.8523035049438477,1
C4_selective_hybrid_medium,0,2,568,51040,2,0,0.16995325684547424,0
C4_selective_hybrid_medium,0,2,572,51045,2,0,0.1679072231054306,0
C4_selective_hybrid_medium,0,2,585,51058,2,0,0.16772818565368652,0
C4_selective_hybrid_medium,0,2,592,51065,2,0,0.1682523787021637,0
C4_selective_hybrid_medium,0,2,596,51069,2,0,0.1682603657245636,0
C4_selective_hybrid_medium,0,2,612,51086,2,0,0.16650010645389557,0
C4_selective_hybrid_medium,0,2,629,51104,2,0,0.16511526703834534,0
C4_selective_hybrid_medium,0,2,642,51122,2,0,0.16826406121253967,0
C4_selective_hybrid_medium,0,2,645,51126,2,0,0.16952204704284668,0
C4_selective_hybrid_medium,0,2,646,51127,2,0,0.45228323340415955,0
C4_selective_hybrid_medium,0,2,651,51132,2,0,0.16532106697559357,0
C4_selective_hybrid_medium,0,2,681,51171,1,1,0.26240265369415283,0
C4_selective_hybrid_medium,0,2,683,51177,1,1,0.8327292799949646,1
C4_selective_hybrid_medium,0,2,690,51184,2,0,0.18054147064685822,0
C4_selective_hybrid_medium,0,2,691,51185,2,0,0.5950276255607605,1
C4_selective_hybrid_medium,0,2,718,51222,1,1,0.1648917943239212,0
C4_selective_hybrid_medium,0,2,722,51226,1,1,0.16481713950634003,0
C4_selective_hybrid_medium,0,2,728,51235,1,1,0.8462108373641968,1
C4_selective_hybrid_medium,0,2,742,51256,2,0,0.1655249148607254,0
C4_selective_hybrid_medium,0,2,753,51271,2,0,0.16942539811134338,0
C4_selective_hybrid_medium,0,2,793,51328,1,1,0.8523203730583191,1
C4_selective_hybrid_medium,0,2,820,51361,2,0,0.16547876596450806,0
C4_selective_hybrid_medium,0,2,824,51365,2,0,0.16568100452423096,0
C4_selective_hybrid_medium,0,2,832,51473,1,1,0.17395226657390594,0
C4_selective_hybrid_medium,0,2,840,51488,2,0,0.1719859093427658,0
C4_selective_hybrid_medium,0,2,869,51606,1,1,0.1650674045085907,0
C4_selective_hybrid_medium,0,3,21,50030,2,0,0.6209743618965149,1
C4_selective_hybrid_medium,0,3,32,50041,2,0,0.09795781224966049,0
C4_selective_hybrid_medium,0,3,34,50043,2,0,0.16562047600746155,0
C4_selective_hybrid_medium,0,3,37,50046,2,0,0.10008877515792847,0
C4_selective_hybrid_medium,0,3,70,50127,1,1,0.11477973312139511,0
C4_selective_hybrid_medium,0,3,74,50131,1,1,0.548273503780365,1
C4_selective_hybrid_medium,0,3,86,50150,1,1,0.715315043926239,1
C4_selective_hybrid_medium,0,3,100,50169,2,0,0.09870374947786331,0
C4_selective_hybrid_medium,0,3,119,50202,2,0,0.09967947751283646,0
C4_selective_hybrid_medium,0,3,151,50260,2,0,0.09758147597312927,0
C4_selective_hybrid_medium,0,3,159,50268,2,0,0.10258695483207703,0
C4_selective_hybrid_medium,0,3,160,50269,2,0,0.3886873126029968,0
C4_selective_hybrid_medium,0,3,163,50272,1,1,0.8928419351577759,1
C4_selective_hybrid_medium,0,3,181,50298,1,1,0.6390104293823242,1
C4_selective_hybrid_medium,0,3,187,50310,1,1,0.8239501118659973,1
C4_selective_hybrid_medium,0,3,207,50338,2,0,0.09761472791433334,0
C4_selective_hybrid_medium,0,3,258,50399,1,1,0.38041454553604126,0
C4_selective_hybrid_medium,0,3,262,50405,1,1,0.8906571269035339,1
C4_selective_hybrid_medium,0,3,264,50407,1,1,0.8901768326759338,1
C4_selective_hybrid_medium,0,3,284,50434,2,0,0.09796398133039474,0
C4_selective_hybrid_medium,0,3,287,50437,2,0,0.8919774889945984,1
C4_selective_hybrid_medium,0,3,297,50447,2,0,0.450909823179245,0
C4_selective_hybrid_medium,0,3,310,50482,1,1,0.8927622437477112,1
C4_selective_hybrid_medium,0,3,319,50493,1,1,0.8887476325035095,1
C4_selective_hybrid_medium,0,3,327,50502,1,1,0.8920332193374634,1
C4_selective_hybrid_medium,0,3,329,50504,1,1,0.8878999352455139,1
C4_selective_hybrid_medium,0,3,333,50514,1,1,0.7521297335624695,1
C4_selective_hybrid_medium,0,3,335,50516,1,1,0.8803282380104065,1
C4_selective_hybrid_medium,0,3,337,50519,1,1,0.8882554769515991,1
C4_selective_hybrid_medium,0,3,368,50578,2,0,0.8741388320922852,1
C4_selective_hybrid_medium,0,3,370,50602,1,1,0.8918256163597107,1
C4_selective_hybrid_medium,0,3,371,50603,1,1,0.892416775226593,1
C4_selective_hybrid_medium,0,3,379,50615,1,1,0.892842710018158,1
C4_selective_hybrid_medium,0,3,411,50692,2,0,0.09762278199195862,0
C4_selective_hybrid_medium,0,3,425,50706,2,0,0.10070264339447021,0
C4_selective_hybrid_medium,0,3,434,50726,2,0,0.1078597754240036,0
C4_selective_hybrid_medium,0,3,439,50735,2,0,0.0996042937040329,0
C4_selective_hybrid_medium,0,3,444,50741,2,0,0.11331694573163986,0
C4_selective_hybrid_medium,0,3,456,50756,1,1,0.8861244320869446,1
C4_selective_hybrid_medium,0,3,457,50757,1,1,0.5108662843704224,1
C4_selective_hybrid_medium,0,3,497,50959,1,1,0.6307485699653625,1
C4_selective_hybrid_medium,0,3,499,50961,1,1,0.24806025624275208,0
C4_selective_hybrid_medium,0,3,502,50965,1,1,0.8893566131591797,1
C4_selective_hybrid_medium,0,3,507,50970,1,1,0.8877338171005249,1
C4_selective_hybrid_medium,0,3,514,50979,1,1,0.7409989237785339,1
C4_selective_hybrid_medium,0,3,539,51008,1,1,0.11544667929410934,0
C4_selective_hybrid_medium,0,3,562,51033,1,1,0.8794323801994324,1
C4_selective_hybrid_medium,0,3,576,51049,2,0,0.09918056428432465,0
C4_selective_hybrid_medium,0,3,589,51062,2,0,0.10030058771371841,0
C4_selective_hybrid_medium,0,3,605,51079,2,0,0.8040739297866821,1
C4_selective_hybrid_medium,0,3,622,51097,2,0,0.10093459486961365,0
C4_selective_hybrid_medium,0,3,626,51101,2,0,0.1016187071800232,0
C4_selective_hybrid_medium,0,3,640,51117,2,0,0.11743466556072235,0
C4_selective_hybrid_medium,0,3,661,51142,2,0,0.09758187085390091,0
C4_selective_hybrid_medium,0,3,662,51146,2,0,0.09851974993944168,0
C4_selective_hybrid_medium,0,3,669,51153,2,0,0.09993144869804382,0
C4_selective_hybrid_medium,0,3,676,51163,1,1,0.4051355719566345,0
C4_selective_hybrid_medium,0,3,678,51168,1,1,0.675319254398346,1
C4_selective_hybrid_medium,0,3,686,51180,2,0,0.09790453314781189,0
C4_selective_hybrid_medium,0,3,688,51182,2,0,0.09862560033798218,0
C4_selective_hybrid_medium,0,3,709,51212,1,1,0.8878910541534424,1
C4_selective_hybrid_medium,0,3,710,51214,1,1,0.8924148678779602,1
C4_selective_hybrid_medium,0,3,713,51217,1,1,0.1394977569580078,0
C4_selective_hybrid_medium,0,3,714,51218,1,1,0.8870594501495361,1
C4_selective_hybrid_medium,0,3,716,51220,1,1,0.885004997253418,1
C4_selective_hybrid_medium,0,3,723,51228,1,1,0.8887555599212646,1
C4_selective_hybrid_medium,0,3,737,51251,2,0,0.4279745817184448,0
C4_selective_hybrid_medium,0,3,739,51253,2,0,0.12512832880020142,0
C4_selective_hybrid_medium,0,3,745,51261,2,0,0.0986565500497818,0
C4_selective_hybrid_medium,0,3,747,51264,2,0,0.10380148142576218,0
C4_selective_hybrid_medium,0,3,754,51272,2,0,0.11276614665985107,0
C4_selective_hybrid_medium,0,3,755,51273,2,0,0.8108991384506226,1
C4_selective_hybrid_medium,0,3,756,51275,2,0,0.09816062450408936,0
C4_selective_hybrid_medium,0,3,780,51309,2,0,0.892841637134552,1
C4_selective_hybrid_medium,0,3,786,51320,1,1,0.8880276083946228,1
C4_selective_hybrid_medium,0,3,791,51326,1,1,0.6902826428413391,1
C4_selective_hybrid_medium,0,3,800,51335,2,0,0.12204040586948395,0
C4_selective_hybrid_medium,0,3,806,51342,2,0,0.12282603234052658,0
C4_selective_hybrid_medium,0,3,819,51360,2,0,0.10469485819339752,0
C4_selective_hybrid_medium,0,3,831,51465,1,1,0.8917031288146973,1
C4_selective_hybrid_medium,0,3,834,51479,2,0,0.09852518141269684,0
C4_selective_hybrid_medium,0,3,836,51481,2,0,0.10539449751377106,0
C4_selective_hybrid_medium,0,3,842,51493,2,0,0.1216733530163765,0
C4_selective_hybrid_medium,0,3,852,51566,2,0,0.10185860097408295,0
C4_selective_hybrid_medium,0,3,853,51567,2,0,0.09880603104829788,0
C4_selective_hybrid_medium,0,3,857,51572,1,1,0.8929290771484375,1
C4_selective_hybrid_medium,0,3,868,51585,1,1,0.8859890699386597,1
C4_selective_hybrid_medium,0,4,8,50012,1,1,0.5352452993392944,1
C4_selective_hybrid_medium,0,4,13,50020,1,1,0.8906261324882507,1
C4_selective_hybrid_medium,0,4,17,50025,1,1,0.8741986751556396,1
C4_selective_hybrid_medium,0,4,29,50038,2,0,0.10865795612335205,0
C4_selective_hybrid_medium,0,4,33,50042,2,0,0.12050467729568481,0
C4_selective_hybrid_medium,0,4,43,50052,2,0,0.12463777512311935,0
C4_selective_hybrid_medium,0,4,46,50056,1,1,0.8906264305114746,1
C4_selective_hybrid_medium,0,4,55,50107,2,0,0.1417001187801361,0
C4_selective_hybrid_medium,0,4,56,50109,2,0,0.11500720679759979,0
C4_selective_hybrid_medium,0,4,58,50112,2,0,0.10969020426273346,0
C4_selective_hybrid_medium,0,4,66,50121,1,1,0.889685332775116,1
C4_selective_hybrid_medium,0,4,72,50129,1,1,0.8898186683654785,1
C4_selective_hybrid_medium,0,4,88,50153,1,1,0.8755084276199341,1
C4_selective_hybrid_medium,0,4,99,50168,2,0,0.11017388105392456,0
C4_selective_hybrid_medium,0,4,103,50182,1,1,0.8678834438323975,1
C4_selective_hybrid_medium,0,4,106,50186,1,1,0.8589451909065247,1
C4_selective_hybrid_medium,0,4,109,50189,1,1,0.8867455720901489,1
C4_selective_hybrid_medium,0,4,113,50195,2,0,0.10959184169769287,0
C4_selective_hybrid_medium,0,4,126,50213,2,0,0.10858059674501419,0
C4_selective_hybrid_medium,0,4,135,50239,1,1,0.8826228976249695,1
C4_selective_hybrid_medium,0,4,144,50251,1,1,0.18105724453926086,0
C4_selective_hybrid_medium,0,4,158,50267,2,0,0.10857676714658737,0
C4_selective_hybrid_medium,0,4,172,50287,1,1,0.1185249537229538,0
C4_selective_hybrid_medium,0,4,175,50291,1,1,0.37269964814186096,0
C4_selective_hybrid_medium,0,4,200,50331,2,0,0.1131778135895729,0
C4_selective_hybrid_medium,0,4,211,50342,2,0,0.1218496784567833,0
C4_selective_hybrid_medium,0,4,230,50361,2,0,0.11033999174833298,0
C4_selective_hybrid_medium,0,4,231,50362,2,0,0.10919738560914993,0
C4_selective_hybrid_medium,0,4,236,50367,2,0,0.1085585206747055,0
C4_selective_hybrid_medium,0,4,243,50375,2,0,0.10925108194351196,0
C4_selective_hybrid_medium,0,4,244,50376,2,0,0.11124753952026367,0
C4_selective_hybrid_medium,0,4,263,50406,1,1,0.8871287703514099,1
C4_selective_hybrid_medium,0,4,280,50426,2,0,0.10890372097492218,0
C4_selective_hybrid_medium,0,4,288,50438,2,0,0.10863342136144638,0
C4_selective_hybrid_medium,0,4,306,50470,2,0,0.2180083990097046,0
C4_selective_hybrid_medium,0,4,328,50503,1,1,0.8779881000518799,1
C4_selective_hybrid_medium,0,4,339,50521,1,1,0.757794976234436,1
C4_selective_hybrid_medium,0,4,341,50524,1,1,0.8865459561347961,1
C4_selective_hybrid_medium,0,4,345,50528,1,1,0.8890842795372009,1
C4_selective_hybrid_medium,0,4,348,50531,1,1,0.7068426012992859,1
C4_selective_hybrid_medium,0,4,351,50552,2,0,0.12323912978172302,0
C4_selective_hybrid_medium,0,4,386,50624,1,1,0.8904823064804077,1
C4_selective_hybrid_medium,0,4,412,50693,1,1,0.14737264811992645,0
C4_selective_hybrid_medium,0,4,416,50697,1,1,0.8397037982940674,1
C4_selective_hybrid_medium,0,4,436,50730,2,0,0.11845613270998001,0
C4_selective_hybrid_medium,0,4,441,50738,2,0,0.10862357914447784,0
C4_selective_hybrid_medium,0,4,445,50742,2,0,0.10985810309648514,0
C4_selective_hybrid_medium,0,4,455,50755,1,1,0.8882531523704529,1
C4_selective_hybrid_medium,0,4,460,50774,2,0,0.10991786420345306,0
C4_selective_hybrid_medium,0,4,461,50775,2,0,0.11006681621074677,0
C4_selective_hybrid_medium,0,4,467,50782,2,0,0.11003958433866501,0
C4_selective_hybrid_medium,0,4,496,50958,1,1,0.8091883659362793,1
C4_selective_hybrid_medium,0,4,498,50960,1,1,0.2976563572883606,0
C4_selective_hybrid_medium,0,4,508,50972,1,1,0.8904202580451965,1
C4_selective_hybrid_medium,0,4,509,50973,1,1,0.8811823129653931,1
C4_selective_hybrid_medium,0,4,510,50974,1,1,0.884987473487854,1
C4_selective_hybrid_medium,0,4,516,50982,1,1,0.11949389427900314,0
C4_selective_hybrid_medium,0,4,527,50993,1,1,0.885040283203125,1
C4_selective_hybrid_medium,0,4,551,51020,1,1,0.4582325220108032,0
C4_selective_hybrid_medium,0,4,555,51025,1,1,0.8899736404418945,1
C4_selective_hybrid_medium,0,4,566,51038,2,0,0.11223650723695755,0
C4_selective_hybrid_medium,0,4,577,51050,2,0,0.10874352604150772,0
C4_selective_hybrid_medium,0,4,586,51059,2,0,0.11095330864191055,0
C4_selective_hybrid_medium,0,4,599,51073,2,0,0.10860306769609451,0
C4_selective_hybrid_medium,0,4,606,51080,2,0,0.8149496912956238,1
C4_selective_hybrid_medium,0,4,607,51081,2,0,0.11019369214773178,0
C4_selective_hybrid_medium,0,4,616,51090,2,0,0.10897672921419144,0
C4_selective_hybrid_medium,0,4,619,51094,2,0,0.10989970713853836,0
C4_selective_hybrid_medium,0,4,631,51106,2,0,0.10884811729192734,0
C4_selective_hybrid_medium,0,4,632,51107,2,0,0.6703411936759949,1
C4_selective_hybrid_medium,0,4,657,51138,2,0,0.1109137088060379,0
C4_selective_hybrid_medium,0,4,658,51139,2,0,0.10959973186254501,0
C4_selective_hybrid_medium,0,4,664,51148,2,0,0.10988424718379974,0
C4_selective_hybrid_medium,0,4,665,51149,2,0,0.1125018522143364,0
C4_selective_hybrid_medium,0,4,693,51188,2,0,0.11092055588960648,0
C4_selective_hybrid_medium,0,4,697,51197,2,0,0.11935309320688248,0
C4_selective_hybrid_medium,0,4,698,51198,2,0,0.1524641215801239,0
C4_selective_hybrid_medium,0,4,700,51202,1,1,0.886501133441925,1
C4_selective_hybrid_medium,0,4,701,51203,1,1,0.88995760679245,1
C4_selective_hybrid_medium,0,4,703,51205,1,1,0.8898621797561646,1
C4_selective_hybrid_medium,0,4,730,51237,1,1,0.8826788067817688,1
C4_selective_hybrid_medium,0,4,735,51249,1,1,0.890553891658783,1
C4_selective_hybrid_medium,0,4,767,51295,1,1,0.8845909237861633,1
C4_selective_hybrid_medium,0,4,772,51301,1,1,0.18903082609176636,0
C4_selective_hybrid_medium,0,4,776,51305,2,0,0.8066808581352234,1
C4_selective_hybrid_medium,0,4,845,51558,2,0,0.10859379917383194,0
C4_selective_hybrid_medium,0,4,851,51565,2,0,0.14706885814666748,0
C4_selective_hybrid_medium,0,5,0,50003,1,1,0.04957956075668335,0
C4_selective_hybrid_medium,0,5,6,50010,1,1,0.9384056329727173,1
C4_selective_hybrid_medium,0,5,18,50026,1,1,0.5171613097190857,1
C4_selective_hybrid_medium,0,5,19,50027,1,1,0.04900115728378296,0
C4_selective_hybrid_medium,0,5,50,50102,2,0,0.04900294542312622,0
C4_selective_hybrid_medium,0,5,64,50118,1,1,0.9344716668128967,1
C4_selective_hybrid_medium,0,5,77,50135,1,1,0.9367933869361877,1
C4_selective_hybrid_medium,0,5,78,50142,1,1,0.9354349970817566,1
C4_selective_hybrid_medium,0,5,81,50145,1,1,0.048734210431575775,0
C4_selective_hybrid_medium,0,5,98,50167,2,0,0.05012547969818115,0
C4_selective_hybrid_medium,0,5,112,50194,2,0,0.04878966882824898,0
C4_selective_hybrid_medium,0,5,125,50210,2,0,0.050513897091150284,0
C4_selective_hybrid_medium,0,5,128,50215,2,0,0.06114253029227257,0
C4_selective_hybrid_medium,0,5,142,50249,1,1,0.9352529644966125,1
C4_selective_hybrid_medium,0,5,143,50250,1,1,0.049775805324316025,0
C4_selective_hybrid_medium,0,5,157,50266,2,0,0.05011645704507828,0
C4_selective_hybrid_medium,0,5,161,50270,2,0,0.04973568394780159,0
C4_selective_hybrid_medium,0,5,167,50276,1,1,0.9376019835472107,1
C4_selective_hybrid_medium,0,5,198,50329,2,0,0.089253269135952,0
C4_selective_hybrid_medium,0,5,205,50336,2,0,0.04876197874546051,0
C4_selective_hybrid_medium,0,5,220,50351,2,0,0.05030388757586479,0
C4_selective_hybrid_medium,0,5,221,50352,2,0,0.049011100083589554,0
C4_selective_hybrid_medium,0,5,226,50357,2,0,0.05008578300476074,0
C4_selective_hybrid_medium,0,5,227,50358,2,0,0.18607297539710999,0
C4_selective_hybrid_medium,0,5,249,50382,2,0,0.04994876682758331,0
C4_selective_hybrid_medium,0,5,250,50383,2,0,0.048703383654356,0
C4_selective_hybrid_medium,0,5,267,50411,1,1,0.9350204467773438,1
C4_selective_hybrid_medium,0,5,277,50422,2,0,0.08922133594751358,0
C4_selective_hybrid_medium,0,5,305,50469,2,0,0.049206044524908066,0
C4_selective_hybrid_medium,0,5,318,50492,1,1,0.9384030699729919,1
C4_selective_hybrid_medium,0,5,321,50496,1,1,0.9383745789527893,1
C4_selective_hybrid_medium,0,5,336,50518,1,1,0.9383687973022461,1
C4_selective_hybrid_medium,0,5,367,50577,2,0,0.0489998385310173,0
C4_selective_hybrid_medium,0,5,373,50606,1,1,0.9375622868537903,1
C4_selective_hybrid_medium,0,5,383,50621,1,1,0.9379972219467163,1
C4_selective_hybrid_medium,0,5,391,50642,1,1,0.8855864405632019,1
C4_selective_hybrid_medium,0,5,433,50725,2,0,0.04991420358419418,0
C4_selective_hybrid_medium,0,5,469,50786,2,0,0.049944549798965454,0
C4_selective_hybrid_medium,0,5,471,50791,1,1,0.8486314415931702,1
C4_selective_hybrid_medium,0,5,500,50962,1,1,0.8439273834228516,1
C4_selective_hybrid_medium,0,5,504,50967,1,1,0.9365095496177673,1
C4_selective_hybrid_medium,0,5,529,50995,1,1,0.9344721436500549,1
C4_selective_hybrid_medium,0,5,533,51000,1,1,0.9356067776679993,1
C4_selective_hybrid_medium,0,5,556,51026,1,1,0.9375894069671631,1
C4_selective_hybrid_medium,0,5,560,51030,1,1,0.9384192228317261,1
C4_selective_hybrid_medium,0,5,567,51039,2,0,0.04910111427307129,0
C4_selective_hybrid_medium,0,5,570,51042,2,0,0.04933818057179451,0
C4_selective_hybrid_medium,0,5,574,51047,2,0,0.04900028184056282,0
C4_selective_hybrid_medium,0,5,597,51070,2,0,0.05502381920814514,0
C4_selective_hybrid_medium,0,5,601,51075,2,0,0.05096270516514778,0
C4_selective_hybrid_medium,0,5,621,51096,2,0,0.049797456711530685,0
C4_selective_hybrid_medium,0,5,624,51099,2,0,0.0500996857881546,0
C4_selective_hybrid_medium,0,5,625,51100,2,0,0.04933875799179077,0
C4_selective_hybrid_medium,0,5,628,51103,2,0,0.04935811087489128,0
C4_selective_hybrid_medium,0,5,643,51123,2,0,0.04920382797718048,0
C4_selective_hybrid_medium,0,5,647,51128,2,0,0.04932566359639168,0
C4_selective_hybrid_medium,0,5,650,51131,2,0,0.05012684315443039,0
C4_selective_hybrid_medium,0,5,654,51135,2,0,0.04935077950358391,0
C4_selective_hybrid_medium,0,5,656,51137,2,0,0.05015457794070244,0
C4_selective_hybrid_medium,0,5,659,51140,2,0,0.04900774732232094,0
C4_selective_hybrid_medium,0,5,671,51155,2,0,0.04948597028851509,0
C4_selective_hybrid_medium,0,5,674,51161,1,1,0.93839430809021,1
C4_selective_hybrid_medium,0,5,680,51170,1,1,0.24336236715316772,0
C4_selective_hybrid_medium,0,5,702,51204,1,1,0.9344877004623413,1
C4_selective_hybrid_medium,0,5,733,51241,1,1,0.9382193684577942,1
C4_selective_hybrid_medium,0,5,734,51248,1,1,0.9377160668373108,1
C4_selective_hybrid_medium,0,5,741,51255,2,0,0.04884539544582367,0
C4_selective_hybrid_medium,0,5,748,51265,2,0,0.04867257550358772,0
C4_selective_hybrid_medium,0,5,749,51266,2,0,0.9309316277503967,1
C4_selective_hybrid_medium,0,5,757,51276,2,0,0.04878673702478409,0
C4_selective_hybrid_medium,0,5,758,51277,2,0,0.04909927397966385,0
C4_selective_hybrid_medium,0,5,761,51280,2,0,0.04946938529610634,0
C4_selective_hybrid_medium,0,5,764,51292,1,1,0.9354387521743774,1
C4_selective_hybrid_medium,0,5,768,51297,1,1,0.9382109642028809,1
C4_selective_hybrid_medium,0,5,785,51319,1,1,0.936948835849762,1
C4_selective_hybrid_medium,0,5,789,51323,1,1,0.9360112547874451,1
C4_selective_hybrid_medium,0,5,796,51331,1,1,0.938254177570343,1
C4_selective_hybrid_medium,0,5,797,51332,2,0,0.049920618534088135,0
C4_selective_hybrid_medium,0,5,804,51340,2,0,0.050152793526649475,0
C4_selective_hybrid_medium,0,5,807,51343,2,0,0.05012347176671028,0
C4_selective_hybrid_medium,0,5,808,51344,2,0,0.05042228102684021,0
C4_selective_hybrid_medium,0,5,814,51351,1,1,0.054478712379932404,0
C4_selective_hybrid_medium,0,5,829,51463,1,1,0.8830813765525818,1
C4_selective_hybrid_medium,0,5,846,51559,2,0,0.049201272428035736,0
C4_selective_hybrid_medium,0,5,864,51580,1,1,0.44493046402931213,0
C4_selective_hybrid_medium,0,5,867,51584,1,1,0.9375816583633423,1
C4_selective_hybrid_medium,0,5,870,51607,1,1,0.25292056798934937,0
C4_selective_hybrid_medium,0,6,7,50011,1,1,0.846962571144104,1
C4_selective_hybrid_medium,0,6,12,50016,1,1,0.8515508770942688,1
C4_selective_hybrid_medium,0,6,22,50031,2,0,0.08612436056137085,0
C4_selective_hybrid_medium,0,6,25,50034,2,0,0.08636067807674408,0
C4_selective_hybrid_medium,0,6,28,50037,2,0,0.08483157306909561,0
C4_selective_hybrid_medium,0,6,30,50039,2,0,0.8310065269470215,1
C4_selective_hybrid_medium,0,6,31,50040,2,0,0.09034708142280579,0
C4_selective_hybrid_medium,0,6,38,50047,2,0,0.09011110663414001,0
C4_selective_hybrid_medium,0,6,51,50103,2,0,0.27519360184669495,0
C4_selective_hybrid_medium,0,6,60,50114,2,0,0.08758827298879623,0
C4_selective_hybrid_medium,0,6,68,50124,1,1,0.8199121356010437,1
C4_selective_hybrid_medium,0,6,71,50128,1,1,0.8500918745994568,1
C4_selective_hybrid_medium,0,6,76,50134,1,1,0.8286317586898804,1
C4_selective_hybrid_medium,0,6,102,50171,2,0,0.08835375308990479,0
C4_selective_hybrid_medium,0,6,110,50190,1,1,0.5273759961128235,1
C4_selective_hybrid_medium,0,6,129,50217,2,0,0.08897817134857178,0
C4_selective_hybrid_medium,0,6,137,50241,1,1,0.8446720838546753,1
C4_selective_hybrid_medium,0,6,150,50259,2,0,0.12354225665330887,0
C4_selective_hybrid_medium,0,6,174,50290,1,1,0.8464672565460205,1
C4_selective_hybrid_medium,0,6,176,50292,1,1,0.845457136631012,1
C4_selective_hybrid_medium,0,6,179,50295,1,1,0.8516131639480591,1
C4_selective_hybrid_medium,0,6,188,50312,1,1,0.8446446657180786,1
C4_selective_hybrid_medium,0,6,194,50321,1,1,0.8520340919494629,1
C4_selective_hybrid_medium,0,6,209,50340,2,0,0.0851995199918747,0
C4_selective_hybrid_medium,0,6,212,50343,2,0,0.8251802325248718,1
C4_selective_hybrid_medium,0,6,213,50344,2,0,0.08710329979658127,0
C4_selective_hybrid_medium,0,6,215,50346,2,0,0.08579544723033905,0
C4_selective_hybrid_medium,0,6,225,50356,2,0,0.08841250091791153,0
C4_selective_hybrid_medium,0,6,240,50372,2,0,0.08690646290779114,0
C4_selective_hybrid_medium,0,6,247,50380,2,0,0.24319884181022644,0
C4_selective_hybrid_medium,0,6,252,50386,2,0,0.08710812032222748,0
C4_selective_hybrid_medium,0,6,253,50387,2,0,0.08901474624872208,0
C4_selective_hybrid_medium,0,6,255,50390,2,0,0.1344948410987854,0
C4_selective_hybrid_medium,0,6,268,50412,1,1,0.8522397875785828,1
C4_selective_hybrid_medium,0,6,279,50425,2,0,0.08690300583839417,0
C4_selective_hybrid_medium,0,6,281,50427,2,0,0.08677815645933151,0
C4_selective_hybrid_medium,0,6,308,50480,1,1,0.8520365357398987,1
C4_selective_hybrid_medium,0,6,309,50481,1,1,0.8508685827255249,1
C4_selective_hybrid_medium,0,6,315,50488,1,1,0.852205753326416,1
C4_selective_hybrid_medium,0,6,332,50510,1,1,0.8498020172119141,1
C4_selective_hybrid_medium,0,6,338,50520,1,1,0.8524699807167053,1
C4_selective_hybrid_medium,0,6,342,50525,1,1,0.7769263982772827,1
C4_selective_hybrid_medium,0,6,355,50561,2,0,0.08600451052188873,0
C4_selective_hybrid_medium,0,6,358,50568,2,0,0.12092720717191696,0
C4_selective_hybrid_medium,0,6,361,50571,2,0,0.23507598042488098,0
C4_selective_hybrid_medium,0,6,369,50601,1,1,0.1841617077589035,0
C4_selective_hybrid_medium,0,6,377,50613,1,1,0.850367546081543,1
C4_selective_hybrid_medium,0,6,389,50627,1,1,0.8515660166740417,1
C4_selective_hybrid_medium,0,6,403,50683,2,0,0.08806279301643372,0
C4_selective_hybrid_medium,0,6,409,50690,1,1,0.08497478812932968,0
C4_selective_hybrid_medium,0,6,413,50694,1,1,0.8446689248085022,1
C4_selective_hybrid_medium,0,6,415,50696,1,1,0.8525044322013855,1
C4_selective_hybrid_medium,0,6,419,50700,1,1,0.8520051836967468,1
C4_selective_hybrid_medium,0,6,422,50703,2,0,0.08560985326766968,0
C4_selective_hybrid_medium,0,6,437,50731,2,0,0.0867711678147316,0
C4_selective_hybrid_medium,0,6,438,50733,2,0,0.08810311555862427,0
C4_selective_hybrid_medium,0,6,443,50740,2,0,0.08576421439647675,0
C4_selective_hybrid_medium,0,6,447,50744,1,1,0.7639058828353882,1
C4_selective_hybrid_medium,0,6,449,50748,1,1,0.8390263319015503,1
C4_selective_hybrid_medium,0,6,470,50790,2,0,0.08519686013460159,0
C4_selective_hybrid_medium,0,6,488,50822,2,0,0.08489305526018143,0
C4_selective_hybrid_medium,0,6,492,50954,1,1,0.08534339815378189,0
C4_selective_hybrid_medium,0,6,495,50957,1,1,0.8101286888122559,1
C4_selective_hybrid_medium,0,6,505,50968,1,1,0.8498020172119141,1
C4_selective_hybrid_medium,0,6,517,50983,1,1,0.8419605493545532,1
C4_selective_hybrid_medium,0,6,523,50989,1,1,0.8492860794067383,1
C4_selective_hybrid_medium,0,6,547,51016,1,1,0.8347609043121338,1
C4_selective_hybrid_medium,0,6,552,51021,1,1,0.8441591262817383,1
C4_selective_hybrid_medium,0,6,580,51053,2,0,0.09003996104001999,0
C4_selective_hybrid_medium,0,6,581,51054,2,0,0.08651778101921082,0
C4_selective_hybrid_medium,0,6,582,51055,2,0,0.08691516518592834,0
C4_selective_hybrid_medium,0,6,600,51074,2,0,0.09246567636728287,0
C4_selective_hybrid_medium,0,6,615,51089,2,0,0.0900922492146492,0
C4_selective_hybrid_medium,0,6,634,51110,2,0,0.0875590592622757,0
C4_selective_hybrid_medium,0,6,663,51147,2,0,0.084784597158432,0
C4_selective_hybrid_medium,0,6,684,51178,1,1,0.8484590649604797,1
C4_selective_hybrid_medium,0,6,699,51201,1,1,0.770389199256897,1
C4_selective_hybrid_medium,0,6,708,51211,1,1,0.4178944230079651,0
C4_selective_hybrid_medium,0,6,740,51254,2,0,0.08480313420295715,0
C4_selective_hybrid_medium,0,6,752,51269,2,0,0.08758526295423508,0
C4_selective_hybrid_medium,0,6,760,51279,2,0,0.09013193100690842,0
C4_selective_hybrid_medium,0,6,811,51347,2,0,0.08705754578113556,0
C4_selective_hybrid_medium,0,6,821,51362,2,0,0.08843336999416351,0
C4_selective_hybrid_medium,0,6,833,51477,2,0,0.08556916564702988,0
C4_selective_hybrid_medium,0,6,843,51556,2,0,0.0877915471792221,0
C4_selective_hybrid_medium,0,6,859,51574,1,1,0.8524117469787598,1
C4_selective_hybrid_medium,0,6,861,51577,1,1,0.8465471267700195,1
C4_selective_hybrid_medium,0,7,16,50024,1,1,0.9011048078536987,1
C4_selective_hybrid_medium,0,7,26,50035,2,0,0.14531463384628296,0
C4_selective_hybrid_medium,0,7,40,50049,2,0,0.09786196798086166,0
C4_selective_hybrid_medium,0,7,54,50106,2,0,0.8736783862113953,1
C4_selective_hybrid_medium,0,7,80,50144,1,1,0.8890804052352905,1
C4_selective_hybrid_medium,0,7,82,50146,1,1,0.09492595493793488,0
C4_selective_hybrid_medium,0,7,90,50157,2,0,0.36100733280181885,0
C4_selective_hybrid_medium,0,7,91,50158,2,0,0.09709396213293076,0
C4_selective_hybrid_medium,0,7,95,50162,2,0,0.1322234719991684,0
C4_selective_hybrid_medium,0,7,104,50183,1,1,0.8984014391899109,1
C4_selective_hybrid_medium,0,7,153,50262,2,0,0.1123083084821701,0
C4_selective_hybrid_medium,0,7,156,50265,2,0,0.12419483810663223,0
C4_selective_hybrid_medium,0,7,165,50274,1,1,0.9016168713569641,1
C4_selective_hybrid_medium,0,7,166,50275,1,1,0.9012325406074524,1
C4_selective_hybrid_medium,0,7,169,50282,1,1,0.8873723745346069,1
C4_selective_hybrid_medium,0,7,178,50294,1,1,0.8976982235908508,1
C4_selective_hybrid_medium,0,7,189,50314,1,1,0.9018048048019409,1
C4_selective_hybrid_medium,0,7,190,50315,1,1,0.9009371399879456,1
C4_selective_hybrid_medium,0,7,191,50318,1,1,0.44792941212654114,0
C4_selective_hybrid_medium,0,7,208,50339,2,0,0.09675074368715286,0
C4_selective_hybrid_medium,0,7,214,50345,2,0,0.13490833342075348,0
C4_selective_hybrid_medium,0,7,224,50355,2,0,0.1687382161617279,0
C4_selective_hybrid_medium,0,7,233,50364,2,0,0.20928746461868286,0
C4_selective_hybrid_medium,0,7,245,50377,2,0,0.09417679160833359,0
C4_selective_hybrid_medium,0,7,246,50379,2,0,0.09569069743156433,0
C4_selective_hybrid_medium,0,7,251,50385,2,0,0.8936542272567749,1
C4_selective_hybrid_medium,0,7,261,50404,1,1,0.9016231894493103,1
C4_selective_hybrid_medium,0,7,276,50421,2,0,0.09427694231271744,0
C4_selective_hybrid_medium,0,7,285,50435,2,0,0.0948316901922226,0
C4_selective_hybrid_medium,0,7,289,50439,2,0,0.11081065982580185,0
C4_selective_hybrid_medium,0,7,296,50446,2,0,0.09614697843790054,0
C4_selective_hybrid_medium,0,7,298,50448,2,0,0.6925743818283081,1
C4_selective_hybrid_medium,0,7,304,50468,2,0,0.13745161890983582,0
C4_selective_hybrid_medium,0,7,314,50487,1,1,0.9005693197250366,1
C4_selective_hybrid_medium,0,7,325,50500,1,1,0.9014086127281189,1
C4_selective_hybrid_medium,0,7,350,50551,2,0,0.09759476035833359,0
C4_selective_hybrid_medium,0,7,398,50659,2,0,0.5702219605445862,1
C4_selective_hybrid_medium,0,7,420,50701,2,0,0.18953247368335724,0
C4_selective_hybrid_medium,0,7,423,50704,1,1,0.8680479526519775,1
C4_selective_hybrid_medium,0,7,424,50705,1,1,0.8643182516098022,1
C4_selective_hybrid_medium,0,7,428,50709,2,0,0.0977097675204277,0
C4_selective_hybrid_medium,0,7,452,50751,1,1,0.887004554271698,1
C4_selective_hybrid_medium,0,7,459,50773,2,0,0.09416617453098297,0
C4_selective_hybrid_medium,0,7,474,50797,1,1,0.8911883234977722,1
C4_selective_hybrid_medium,0,7,479,50803,1,1,0.8759211897850037,1
C4_selective_hybrid_medium,0,7,480,50807,1,1,0.9012233018875122,1
C4_selective_hybrid_medium,0,7,484,50817,2,0,0.10139721632003784,0
C4_selective_hybrid_medium,0,7,485,50818,2,0,0.09578871726989746,0
C4_selective_hybrid_medium,0,7,487,50821,2,0,0.0940902978181839,0
C4_selective_hybrid_medium,0,7,494,50956,1,1,0.9002401232719421,1
C4_selective_hybrid_medium,0,7,512,50977,1,1,0.900397539138794,1
C4_selective_hybrid_medium,0,7,515,50981,1,1,0.8891282081604004,1
C4_selective_hybrid_medium,0,7,518,50984,1,1,0.9006171226501465,1
C4_selective_hybrid_medium,0,7,520,50986,1,1,0.8473585247993469,1
C4_selective_hybrid_medium,0,7,526,50992,1,1,0.9001533389091492,1
C4_selective_hybrid_medium,0,7,536,51003,1,1,0.9001849889755249,1
C4_selective_hybrid_medium,0,7,540,51009,1,1,0.9002060890197754,1
C4_selective_hybrid_medium,0,7,545,51014,1,1,0.9013489484786987,1
C4_selective_hybrid_medium,0,7,578,51051,2,0,0.10376657545566559,0
C4_selective_hybrid_medium,0,7,590,51063,2,0,0.0941133126616478,0
C4_selective_hybrid_medium,0,7,603,51077,2,0,0.7217262983322144,1
C4_selective_hybrid_medium,0,7,617,51091,2,0,0.09489384293556213,0
C4_selective_hybrid_medium,0,7,630,51105,2,0,0.09648185223340988,0
C4_selective_hybrid_medium,0,7,641,51118,2,0,0.6638083457946777,1
C4_selective_hybrid_medium,0,7,644,51124,2,0,0.10448967665433884,0
C4_selective_hybrid_medium,0,7,666,51150,2,0,0.09410146623849869,0
C4_selective_hybrid_medium,0,7,667,51151,2,0,0.09460040926933289,0
C4_selective_hybrid_medium,0,7,672,51156,2,0,0.09710148721933365,0
C4_selective_hybrid_medium,0,7,675,51162,1,1,0.9018157124519348,1
C4_selective_hybrid_medium,0,7,685,51179,1,1,0.9015461802482605,1
C4_selective_hybrid_medium,0,7,706,51208,1,1,0.855866014957428,1
C4_selective_hybrid_medium,0,7,715,51219,1,1,0.9005759358406067,1
C4_selective_hybrid_medium,0,7,720,51224,1,1,0.8755323886871338,1
C4_selective_hybrid_medium,0,7,725,51230,1,1,0.9018149375915527,1
C4_selective_hybrid_medium,0,7,746,51262,2,0,0.11424458771944046,0
C4_selective_hybrid_medium,0,7,763,51291,1,1,0.9009332060813904,1
C4_selective_hybrid_medium,0,7,775,51304,2,0,0.11495459824800491,0
C4_selective_hybrid_medium,0,7,781,51311,2,0,0.09405715018510818,0
C4_selective_hybrid_medium,0,7,790,51325,1,1,0.9014535546302795,1
C4_selective_hybrid_medium,0,7,792,51327,1,1,0.9017195105552673,1
C4_selective_hybrid_medium,0,7,799,51334,2,0,0.09417838603258133,0
C4_selective_hybrid_medium,0,7,803,51339,2,0,0.09427040070295334,0
C4_selective_hybrid_medium,0,7,837,51482,2,0,0.1056068167090416,0
C4_selective_hybrid_medium,0,7,838,51484,2,0,0.3516465127468109,0
C4_selective_hybrid_medium,0,7,841,51491,2,0,0.10161425173282623,0
C4_selective_hybrid_medium,0,7,860,51576,1,1,0.8819823861122131,1
C4_selective_hybrid_medium,0,7,865,51582,1,1,0.90179044008255,1
C4_selective_hybrid_medium,0,8,5,50008,1,1,0.891424834728241,1
C4_selective_hybrid_medium,0,8,9,50013,1,1,0.8884647488594055,1
C4_selective_hybrid_medium,0,8,23,50032,2,0,0.11460716277360916,0
C4_selective_hybrid_medium,0,8,24,50033,2,0,0.11473347246646881,0
C4_selective_hybrid_medium,0,8,73,50130,1,1,0.8974799513816833,1
C4_selective_hybrid_medium,0,8,75,50132,1,1,0.8959062695503235,1
C4_selective_hybrid_medium,0,8,85,50149,1,1,0.8970629572868347,1
C4_selective_hybrid_medium,0,8,105,50184,1,1,0.897058367729187,1
C4_selective_hybrid_medium,0,8,120,50203,2,0,0.11388889700174332,0
C4_selective_hybrid_medium,0,8,124,50208,2,0,0.11884558200836182,0
C4_selective_hybrid_medium,0,8,134,50237,1,1,0.8939017057418823,1
C4_selective_hybrid_medium,0,8,138,50243,1,1,0.8974301218986511,1
C4_selective_hybrid_medium,0,8,139,50245,1,1,0.8972358703613281,1
C4_selective_hybrid_medium,0,8,155,50264,2,0,0.11475005000829697,0
C4_selective_hybrid_medium,0,8,173,50289,1,1,0.3841858506202698,0
C4_selective_hybrid_medium,0,8,201,50332,2,0,0.11457817256450653,0
C4_selective_hybrid_medium,0,8,216,50347,2,0,0.11408060044050217,0
C4_selective_hybrid_medium,0,8,228,50359,2,0,0.13234524428844452,0
C4_selective_hybrid_medium,0,8,229,50360,2,0,0.1159772202372551,0
C4_selective_hybrid_medium,0,8,235,50366,2,0,0.12578293681144714,0
C4_selective_hybrid_medium,0,8,239,50370,2,0,0.1399240642786026,0
C4_selective_hybrid_medium,0,8,269,50413,1,1,0.8972216844558716,1
C4_selective_hybrid_medium,0,8,272,50416,2,0,0.1141834631562233,0
C4_selective_hybrid_medium,0,8,273,50417,2,0,0.11420311778783798,0
C4_selective_hybrid_medium,0,8,290,50440,2,0,0.38140299916267395,0
C4_selective_hybrid_medium,0,8,291,50441,2,0,0.11445735394954681,0
C4_selective_hybrid_medium,0,8,299,50449,2,0,0.11633651703596115,0
C4_selective_hybrid_medium,0,8,313,50486,1,1,0.8973664045333862,1
C4_selective_hybrid_medium,0,8,324,50499,1,1,0.8953219652175903,1
C4_selective_hybrid_medium,0,8,330,50507,1,1,0.833306074142456,1
C4_selective_hybrid_medium,0,8,343,50526,1,1,0.8831921219825745,1
C4_selective_hybrid_medium,0,8,344,50527,1,1,0.894029438495636,1
C4_selective_hybrid_medium,0,8,362,50572,2,0,0.11461921036243439,0
C4_selective_hybrid_medium,0,8,380,50616,1,1,0.8955908417701721,1
C4_selective_hybrid_medium,0,8,388,50626,1,1,0.8970633149147034,1
C4_selective_hybrid_medium,0,8,400,50665,2,0,0.4136250615119934,0
C4_selective_hybrid_medium,0,8,402,50682,2,0,0.12350992113351822,0
C4_selective_hybrid_medium,0,8,404,50685,2,0,0.14508934319019318,0
C4_selective_hybrid_medium,0,8,421,50702,1,1,0.8826367855072021,1
C4_selective_hybrid_medium,0,8,427,50708,1,1,0.8974421620368958,1
C4_selective_hybrid_medium,0,8,431,50723,2,0,0.11456658691167831,0
C4_selective_hybrid_medium,0,8,463,50777,2,0,0.12346965074539185,0
C4_selective_hybrid_medium,0,8,472,50792,1,1,0.8972994089126587,1
C4_selective_hybrid_medium,0,8,473,50796,1,1,0.8962125778198242,1
C4_selective_hybrid_medium,0,8,477,50800,1,1,0.8974788188934326,1
C4_selective_hybrid_medium,0,8,486,50820,2,0,0.11466515809297562,0
C4_selective_hybrid_medium,0,8,519,50985,1,1,0.8960155844688416,1
C4_selective_hybrid_medium,0,8,521,50987,1,1,0.8970229625701904,1
C4_selective_hybrid_medium,0,8,524,50990,1,1,0.896467924118042,1
C4_selective_hybrid_medium,0,8,530,50996,1,1,0.891637921333313,1
C4_selective_hybrid_medium,0,8,538,51007,1,1,0.8959819078445435,1
C4_selective_hybrid_medium,0,8,548,51017,1,1,0.8859511017799377,1
C4_selective_hybrid_medium,0,8,549,51018,1,1,0.89740389585495,1
C4_selective_hybrid_medium,0,8,554,51024,1,1,0.896967351436615,1
C4_selective_hybrid_medium,0,8,563,51034,1,1,0.8974595069885254,1
C4_selective_hybrid_medium,0,8,565,51036,2,0,0.1145734190940857,0
C4_selective_hybrid_medium,0,8,573,51046,2,0,0.5917896032333374,1
C4_selective_hybrid_medium,0,8,593,51066,2,0,0.11464230716228485,0
C4_selective_hybrid_medium,0,8,608,51082,2,0,0.12742085754871368,0
C4_selective_hybrid_medium,0,8,613,51087,2,0,0.11599024385213852,0
C4_selective_hybrid_medium,0,8,618,51093,2,0,0.11474104225635529,0
C4_selective_hybrid_medium,0,8,620,51095,2,0,0.21616202592849731,0
C4_selective_hybrid_medium,0,8,635,51111,2,0,0.11816351115703583,0
C4_selective_hybrid_medium,0,8,652,51133,2,0,0.8725350499153137,1
C4_selective_hybrid_medium,0,8,653,51134,2,0,0.11379992961883545,0
C4_selective_hybrid_medium,0,8,668,51152,2,0,0.11476927995681763,0
C4_selective_hybrid_medium,0,8,682,51173,1,1,0.896487295627594,1
C4_selective_hybrid_medium,0,8,687,51181,2,0,0.13379761576652527,0
C4_selective_hybrid_medium,0,8,717,51221,1,1,0.8952440023422241,1
C4_selective_hybrid_medium,0,8,719,51223,1,1,0.8973102569580078,1
C4_selective_hybrid_medium,0,8,731,51239,1,1,0.8951663970947266,1
C4_selective_hybrid_medium,0,8,743,51257,2,0,0.8865407705307007,1
C4_selective_hybrid_medium,0,8,751,51268,2,0,0.11559055745601654,0
C4_selective_hybrid_medium,0,8,759,51278,2,0,0.14025400578975677,0
C4_selective_hybrid_medium,0,8,770,51299,1,1,0.894036054611206,1
C4_selective_hybrid_medium,0,8,773,51302,1,1,0.8937320113182068,1
C4_selective_hybrid_medium,0,8,782,51313,2,0,0.11466176807880402,0
C4_selective_hybrid_medium,0,8,809,51345,2,0,0.17158500850200653,0
C4_selective_hybrid_medium,0,8,810,51346,2,0,0.11476260423660278,0
C4_selective_hybrid_medium,0,8,816,51356,2,0,0.8646385073661804,1
C4_selective_hybrid_medium,0,8,826,51370,2,0,0.1138070598244667,0
C4_selective_hybrid_medium,0,8,827,51373,2,0,0.11397022753953934,0
C4_selective_hybrid_medium,0,8,830,51464,1,1,0.8971557021141052,1
C4_selective_hybrid_medium,0,8,844,51557,2,0,0.11529984325170517,0
C4_selective_hybrid_medium,0,8,849,51563,2,0,0.11395381391048431,0
C4_selective_hybrid_medium,0,8,855,51569,2,0,0.12671855092048645,0
C4_selective_hybrid_medium,0,8,858,51573,1,1,0.7450991272926331,1
C4_selective_hybrid_medium,0,9,1,50004,1,1,0.8325232267379761,1
C4_selective_hybrid_medium,0,9,15,50023,1,1,0.8317826390266418,1
C4_selective_hybrid_medium,0,9,39,50048,2,0,0.7941856384277344,1
C4_selective_hybrid_medium,0,9,47,50057,1,1,0.2053815871477127,0
C4_selective_hybrid_medium,0,9,48,50059,2,0,0.39269453287124634,0
C4_selective_hybrid_medium,0,9,62,50116,2,0,0.5150434970855713,1
C4_selective_hybrid_medium,0,9,89,50156,1,1,0.829870343208313,1
C4_selective_hybrid_medium,0,9,101,50170,2,0,0.29826048016548157,0
C4_selective_hybrid_medium,0,9,107,50187,1,1,0.20161595940589905,0
C4_selective_hybrid_medium,0,9,121,50204,2,0,0.1994360387325287,0
C4_selective_hybrid_medium,0,9,127,50214,2,0,0.19962678849697113,0
C4_selective_hybrid_medium,0,9,168,50278,1,1,0.8325774073600769,1
C4_selective_hybrid_medium,0,9,193,50320,1,1,0.7864484190940857,1
C4_selective_hybrid_medium,0,9,196,50325,1,1,0.2093844711780548,0
C4_selective_hybrid_medium,0,9,254,50388,2,0,0.2060771882534027,0
C4_selective_hybrid_medium,0,9,259,50402,1,1,0.20930923521518707,0
C4_selective_hybrid_medium,0,9,260,50403,1,1,0.31309542059898376,0
C4_selective_hybrid_medium,0,9,265,50408,1,1,0.20024874806404114,0
C4_selective_hybrid_medium,0,9,295,50445,2,0,0.21493153274059296,0
C4_selective_hybrid_medium,0,9,300,50453,2,0,0.7444418668746948,1
C4_selective_hybrid_medium,0,9,301,50463,2,0,0.210565447807312,0
C4_selective_hybrid_medium,0,9,311,50483,1,1,0.7595930695533752,1
C4_selective_hybrid_medium,0,9,312,50485,1,1,0.21020039916038513,0
C4_selective_hybrid_medium,0,9,322,50497,1,1,0.7941548228263855,1
C4_selective_hybrid_medium,0,9,331,50509,1,1,0.8295368552207947,1
C4_selective_hybrid_medium,0,9,365,50575,2,0,0.4661252498626709,0
C4_selective_hybrid_medium,0,9,366,50576,2,0,0.2009183019399643,0
C4_selective_hybrid_medium,0,9,375,50608,1,1,0.6117528676986694,1
C4_selective_hybrid_medium,0,9,392,50644,1,1,0.8240233063697815,1
C4_selective_hybrid_medium,0,9,393,50647,1,1,0.7697551250457764,1
C4_selective_hybrid_medium,0,9,395,50649,1,1,0.2514916956424713,0
C4_selective_hybrid_medium,0,9,396,50654,1,1,0.44011831283569336,0
C4_selective_hybrid_medium,0,9,401,50669,2,0,0.8047359585762024,1
C4_selective_hybrid_medium,0,9,418,50699,2,0,0.7928673624992371,1
C4_selective_hybrid_medium,0,9,440,50737,2,0,0.22350147366523743,0
C4_selective_hybrid_medium,0,9,442,50739,2,0,0.34052443504333496,0
C4_selective_hybrid_medium,0,9,448,50745,1,1,0.8308608531951904,1
C4_selective_hybrid_medium,0,9,454,50754,1,1,0.8252806663513184,1
C4_selective_hybrid_medium,0,9,458,50772,2,0,0.8193270564079285,1
C4_selective_hybrid_medium,0,9,464,50778,2,0,0.49970075488090515,0
C4_selective_hybrid_medium,0,9,483,50816,2,0,0.20065397024154663,0
C4_selective_hybrid_medium,0,9,491,50952,1,1,0.8227933645248413,1
C4_selective_hybrid_medium,0,9,503,50966,1,1,0.6055527329444885,1
C4_selective_hybrid_medium,0,9,532,50999,1,1,0.7832158207893372,1
C4_selective_hybrid_medium,0,9,550,51019,1,1,0.8264725208282471,1
C4_selective_hybrid_medium,0,9,561,51032,1,1,0.7564733028411865,1
C4_selective_hybrid_medium,0,9,569,51041,2,0,0.1998816877603531,0
C4_selective_hybrid_medium,0,9,571,51044,2,0,0.2012723982334137,0
C4_selective_hybrid_medium,0,9,575,51048,2,0,0.23629389703273773,0
C4_selective_hybrid_medium,0,9,588,51061,2,0,0.1994161456823349,0
C4_selective_hybrid_medium,0,9,591,51064,2,0,0.4578760862350464,0
C4_selective_hybrid_medium,0,9,594,51067,2,0,0.20361895859241486,0
C4_selective_hybrid_medium,0,9,598,51072,2,0,0.6036902666091919,1
C4_selective_hybrid_medium,0,9,602,51076,2,0,0.20301216840744019,0
C4_selective_hybrid_medium,0,9,604,51078,2,0,0.20001257956027985,0
C4_selective_hybrid_medium,0,9,611,51085,2,0,0.7987484931945801,1
C4_selective_hybrid_medium,0,9,614,51088,2,0,0.19958245754241943,0
C4_selective_hybrid_medium,0,9,627,51102,2,0,0.23953109979629517,0
C4_selective_hybrid_medium,0,9,637,51113,2,0,0.21206560730934143,0
C4_selective_hybrid_medium,0,9,638,51114,2,0,0.4138496518135071,0
C4_selective_hybrid_medium,0,9,649,51130,2,0,0.757228672504425,1
C4_selective_hybrid_medium,0,9,660,51141,2,0,0.3695428967475891,0
C4_selective_hybrid_medium,0,9,679,51169,1,1,0.5999597311019897,1
C4_selective_hybrid_medium,0,9,689,51183,2,0,0.261549174785614,0
C4_selective_hybrid_medium,0,9,704,51206,1,1,0.7709009647369385,1
C4_selective_hybrid_medium,0,9,707,51210,1,1,0.7570337653160095,1
C4_selective_hybrid_medium,0,9,711,51215,1,1,0.3645138144493103,0
C4_selective_hybrid_medium,0,9,721,51225,1,1,0.7229182124137878,1
C4_selective_hybrid_medium,0,9,726,51231,1,1,0.38289210200309753,0
C4_selective_hybrid_medium,0,9,729,51236,1,1,0.7176772952079773,1
C4_selective_hybrid_medium,0,9,744,51260,2,0,0.20024853944778442,0
C4_selective_hybrid_medium,0,9,750,51267,2,0,0.20922522246837616,0
C4_selective_hybrid_medium,0,9,777,51306,2,0,0.6702598929405212,1
C4_selective_hybrid_medium,0,9,787,51321,1,1,0.7789069414138794,1
C4_selective_hybrid_medium,0,9,788,51322,1,1,0.7938328385353088,1
C4_selective_hybrid_medium,0,9,794,51329,1,1,0.34111249446868896,0
C4_selective_hybrid_medium,0,9,802,51338,2,0,0.6548216342926025,1
C4_selective_hybrid_medium,0,9,805,51341,2,0,0.46628278493881226,0
C4_selective_hybrid_medium,0,9,812,51349,1,1,0.20140205323696136,0
C4_selective_hybrid_medium,0,9,818,51359,2,0,0.8225436806678772,1
C4_selective_hybrid_medium,0,9,822,51363,2,0,0.21205736696720123,0
C4_selective_hybrid_medium,0,9,823,51364,2,0,0.6073495745658875,1
C4_selective_hybrid_medium,0,9,847,51560,2,0,0.19946472346782684,0
C4_selective_hybrid_medium,0,9,848,51562,2,0,0.19942717254161835,0
C4_selective_hybrid_medium,0,9,850,51564,2,0,0.222243070602417,0
C4_selective_hybrid_medium,0,9,863,51579,1,1,0.35141971707344055,0
C4_selective_hybrid_medium,0,9,866,51583,1,1,0.8310366868972778,1
C4_selective_hybrid_medium,0,10,11,50015,1,1,0.9488345980644226,1
C4_selective_hybrid_medium,0,10,41,50050,2,0,0.0589137077331543,0
C4_selective_hybrid_medium,0,10,44,50053,1,1,0.9489131569862366,1
C4_selective_hybrid_medium,0,10,52,50104,2,0,0.06215294823050499,0
C4_selective_hybrid_medium,0,10,59,50113,2,0,0.06099285930395126,0
C4_selective_hybrid_medium,0,10,65,50119,1,1,0.06174850091338158,0
C4_selective_hybrid_medium,0,10,92,50159,2,0,0.9495042562484741,1
C4_selective_hybrid_medium,0,10,93,50160,2,0,0.06025555729866028,0
C4_selective_hybrid_medium,0,10,94,50161,2,0,0.9496250748634338,1
C4_selective_hybrid_medium,0,10,108,50188,1,1,0.05871324613690376,0
C4_selective_hybrid_medium,0,10,115,50198,2,0,0.059370774775743484,0
C4_selective_hybrid_medium,0,10,117,50200,2,0,0.05873412266373634,0
C4_selective_hybrid_medium,0,10,118,50201,2,0,0.05858559533953667,0
C4_selective_hybrid_medium,0,10,140,50247,1,1,0.9496877193450928,1
C4_selective_hybrid_medium,0,10,149,50257,2,0,0.0596819669008255,0
C4_selective_hybrid_medium,0,10,177,50293,1,1,0.9495315551757812,1
C4_selective_hybrid_medium,0,10,180,50297,1,1,0.909041166305542,1
C4_selective_hybrid_medium,0,10,182,50300,1,1,0.060010913759469986,0
C4_selective_hybrid_medium,0,10,185,50304,1,1,0.9496302008628845,1
C4_selective_hybrid_medium,0,10,186,50308,1,1,0.9467095732688904,1
C4_selective_hybrid_medium,0,10,195,50324,1,1,0.9496153593063354,1
C4_selective_hybrid_medium,0,10,199,50330,2,0,0.06194666400551796,0
C4_selective_hybrid_medium,0,10,203,50334,2,0,0.7406705617904663,1
C4_selective_hybrid_medium,0,10,206,50337,2,0,0.058488696813583374,0
C4_selective_hybrid_medium,0,10,219,50350,2,0,0.060619842261075974,0
C4_selective_hybrid_medium,0,10,237,50368,2,0,0.0598067045211792,0
C4_selective_hybrid_medium,0,10,238,50369,2,0,0.06023165583610535,0
C4_selective_hybrid_medium,0,10,242,50374,2,0,0.18857403099536896,0
C4_selective_hybrid_medium,0,10,248,50381,2,0,0.0585128515958786,0
C4_selective_hybrid_medium,0,10,256,50391,2,0,0.21528564393520355,0
C4_selective_hybrid_medium,0,10,274,50418,2,0,0.05899043381214142,0
C4_selective_hybrid_medium,0,10,293,50443,2,0,0.9358373284339905,1
C4_selective_hybrid_medium,0,10,317,50491,1,1,0.9490256905555725,1
C4_selective_hybrid_medium,0,10,320,50494,1,1,0.7138947248458862,1
C4_selective_hybrid_medium,0,10,334,50515,1,1,0.949722170829773,1
C4_selective_hybrid_medium,0,10,340,50523,1,1,0.9490109086036682,1
C4_selective_hybrid_medium,0,10,347,50530,1,1,0.9475364089012146,1
C4_selective_hybrid_medium,0,10,354,50558,2,0,0.05893389508128166,0
C4_selective_hybrid_medium,0,10,356,50563,2,0,0.05918319150805473,0
C4_selective_hybrid_medium,0,10,359,50569,2,0,0.5115196704864502,1
C4_selective_hybrid_medium,0,10,374,50607,1,1,0.058582913130521774,0
C4_selective_hybrid_medium,0,10,376,50612,1,1,0.05977226421236992,0
C4_selective_hybrid_medium,0,10,378,50614,1,1,0.9496355652809143,1
C4_selective_hybrid_medium,0,10,382,50620,1,1,0.05864522606134415,0
C4_selective_hybrid_medium,0,10,384,50622,1,1,0.9477646350860596,1
C4_selective_hybrid_medium,0,10,387,50625,1,1,0.05888250470161438,0
C4_selective_hybrid_medium,0,10,406,50687,2,0,0.9488269090652466,1
C4_selective_hybrid_medium,0,10,414,50695,1,1,0.3711463510990143,0
C4_selective_hybrid_medium,0,10,429,50711,1,1,0.059637390077114105,0
C4_selective_hybrid_medium,0,10,432,50724,2,0,0.05871120095252991,0
C4_selective_hybrid_medium,0,10,466,50781,2,0,0.9310871362686157,1
C4_selective_hybrid_medium,0,10,468,50783,2,0,0.05872643366456032,0
C4_selective_hybrid_medium,0,10,482,50814,2,0,0.05870024114847183,0
C4_selective_hybrid_medium,0,10,493,50955,1,1,0.05888113006949425,0
C4_selective_hybrid_medium,0,10,501,50964,1,1,0.0591331347823143,0
C4_selective_hybrid_medium,0,10,506,50969,1,1,0.9497249126434326,1
C4_selective_hybrid_medium,0,10,531,50997,1,1,0.949571967124939,1
C4_selective_hybrid_medium,0,10,534,51001,1,1,0.9495415687561035,1
C4_selective_hybrid_medium,0,10,542,51011,1,1,0.9486594200134277,1
C4_selective_hybrid_medium,0,10,564,51035,1,1,0.7137295007705688,1
C4_selective_hybrid_medium,0,10,583,51056,2,0,0.059846799820661545,0
C4_selective_hybrid_medium,0,10,587,51060,2,0,0.5976102352142334,1
C4_selective_hybrid_medium,0,10,595,51068,2,0,0.9479495882987976,1
C4_selective_hybrid_medium,0,10,609,51083,2,0,0.9491921663284302,1
C4_selective_hybrid_medium,0,10,610,51084,2,0,0.9497302174568176,1
C4_selective_hybrid_medium,0,10,623,51098,2,0,0.06156498193740845,0
C4_selective_hybrid_medium,0,10,639,51116,2,0,0.06206633895635605,0
C4_selective_hybrid_medium,0,10,673,51159,2,0,0.9497151374816895,1
C4_selective_hybrid_medium,0,10,677,51164,1,1,0.9494851231575012,1
C4_selective_hybrid_medium,0,10,694,51189,2,0,0.05871499702334404,0
C4_selective_hybrid_medium,0,10,705,51207,1,1,0.9477571845054626,1
C4_selective_hybrid_medium,0,10,712,51216,1,1,0.05869944393634796,0
C4_selective_hybrid_medium,0,10,724,51229,1,1,0.9477795362472534,1
C4_selective_hybrid_medium,0,10,736,51250,2,0,0.05933081731200218,0
C4_selective_hybrid_medium,0,10,738,51252,2,0,0.9488692879676819,1
C4_selective_hybrid_medium,0,10,769,51298,1,1,0.9490429759025574,1
C4_selective_hybrid_medium,0,10,771,51300,1,1,0.9497166275978088,1
C4_selective_hybrid_medium,0,10,774,51303,2,0,0.31778421998023987,0
C4_selective_hybrid_medium,0,10,778,51307,2,0,0.9495754241943359,1
C4_selective_hybrid_medium,0,10,783,51315,2,0,0.9458461999893188,1
C4_selective_hybrid_medium,0,10,784,51318,1,1,0.9495474696159363,1
C4_selective_hybrid_medium,0,10,801,51336,2,0,0.058454498648643494,0
C4_selective_hybrid_medium,0,10,813,51350,1,1,0.9495511054992676,1
C4_selective_hybrid_medium,0,10,815,51354,1,1,0.9493773579597473,1
C4_selective_hybrid_medium,0,10,817,51357,2,0,0.058860763907432556,0
C4_selective_hybrid_medium,0,10,835,51480,2,0,0.05871973931789398,0
C4_selective_hybrid_medium,0,10,856,51570,2,0,0.9291415810585022,1
C4_selective_hybrid_medium,1,1,8,50012,1,1,0.6778193116188049,1
C4_selective_hybrid_medium,1,1,17,50025,1,1,0.5372143983840942,1
C4_selective_hybrid_medium,1,1,26,50035,2,0,0.2272343784570694,0
C4_selective_hybrid_medium,1,1,30,50039,2,0,0.5694478750228882,1
C4_selective_hybrid_medium,1,1,31,50040,2,0,0.12922702729701996,0
C4_selective_hybrid_medium,1,1,33,50042,2,0,0.22832897305488586,0
C4_selective_hybrid_medium,1,1,40,50049,2,0,0.1485152244567871,0
C4_selective_hybrid_medium,1,1,64,50118,1,1,0.7454210519790649,1
C4_selective_hybrid_medium,1,1,71,50128,1,1,0.7297537326812744,1
C4_selective_hybrid_medium,1,1,74,50131,1,1,0.4439568519592285,0
C4_selective_hybrid_medium,1,1,90,50157,2,0,0.21451523900032043,0
C4_selective_hybrid_medium,1,1,109,50189,1,1,0.7506030201911926,1
C4_selective_hybrid_medium,1,1,115,50198,2,0,0.28556594252586365,0
C4_selective_hybrid_medium,1,1,119,50202,2,0,0.29746928811073303,0
C4_selective_hybrid_medium,1,1,148,50255,1,1,0.7057413458824158,1
C4_selective_hybrid_medium,1,1,170,50284,1,1,0.4390262961387634,0
C4_selective_hybrid_medium,1,1,172,50287,1,1,0.18024103343486786,0
C4_selective_hybrid_medium,1,1,192,50319,1,1,0.7545043230056763,1
C4_selective_hybrid_medium,1,1,204,50335,2,0,0.12670408189296722,0
C4_selective_hybrid_medium,1,1,221,50352,2,0,0.39204272627830505,0
C4_selective_hybrid_medium,1,1,230,50361,2,0,0.12669283151626587,0
C4_selective_hybrid_medium,1,1,241,50373,2,0,0.2566656470298767,0
C4_selective_hybrid_medium,1,1,269,50413,1,1,0.7665926814079285,1
C4_selective_hybrid_medium,1,1,273,50417,2,0,0.1304560899734497,0
C4_selective_hybrid_medium,1,1,283,50433,2,0,0.14852556586265564,0
C4_selective_hybrid_medium,1,1,288,50438,2,0,0.13157843053340912,0
C4_selective_hybrid_medium,1,1,289,50439,2,0,0.2001844197511673,0
C4_selective_hybrid_medium,1,1,303,50467,2,0,0.22938945889472961,0
C4_selective_hybrid_medium,1,1,313,50486,1,1,0.7409929037094116,1
C4_selective_hybrid_medium,1,1,326,50501,1,1,0.7648463249206543,1
C4_selective_hybrid_medium,1,1,333,50514,1,1,0.6026536226272583,1
C4_selective_hybrid_medium,1,1,335,50516,1,1,0.587048351764679,1
C4_selective_hybrid_medium,1,1,337,50519,1,1,0.7666123509407043,1
C4_selective_hybrid_medium,1,1,343,50526,1,1,0.41210243105888367,0
C4_selective_hybrid_medium,1,1,383,50621,1,1,0.6593570709228516,1
C4_selective_hybrid_medium,1,1,390,50628,1,1,0.759734570980072,1
C4_selective_hybrid_medium,1,1,410,50691,2,0,0.13279178738594055,0
C4_selective_hybrid_medium,1,1,416,50697,1,1,0.6695813536643982,1
C4_selective_hybrid_medium,1,1,422,50703,2,0,0.19868288934230804,0
C4_selective_hybrid_medium,1,1,425,50706,2,0,0.24379095435142517,0
C4_selective_hybrid_medium,1,1,429,50711,1,1,0.3883746266365051,0
C4_selective_hybrid_medium,1,1,431,50723,2,0,0.1272515207529068,0
C4_selective_hybrid_medium,1,1,435,50728,2,0,0.3012475073337555,0
C4_selective_hybrid_medium,1,1,441,50738,2,0,0.13031454384326935,0
C4_selective_hybrid_medium,1,1,446,50743,1,1,0.6250183582305908,1
C4_selective_hybrid_medium,1,1,449,50748,1,1,0.7032091021537781,1
C4_selective_hybrid_medium,1,1,455,50755,1,1,0.7049249410629272,1
C4_selective_hybrid_medium,1,1,457,50757,1,1,0.22829416394233704,0
C4_selective_hybrid_medium,1,1,501,50964,1,1,0.6392949223518372,1
C4_selective_hybrid_medium,1,1,502,50965,1,1,0.7651031017303467,1
C4_selective_hybrid_medium,1,1,511,50976,1,1,0.742014467716217,1
C4_selective_hybrid_medium,1,1,553,51023,1,1,0.7647099494934082,1
C4_selective_hybrid_medium,1,1,560,51030,1,1,0.7326927781105042,1
C4_selective_hybrid_medium,1,1,562,51033,1,1,0.6628813147544861,1
C4_selective_hybrid_medium,1,1,566,51038,2,0,0.1266612708568573,0
C4_selective_hybrid_medium,1,1,584,51057,2,0,0.1436776965856552,0
C4_selective_hybrid_medium,1,1,597,51070,2,0,0.24259288609027863,0
C4_selective_hybrid_medium,1,1,599,51073,2,0,0.12653256952762604,0
C4_selective_hybrid_medium,1,1,610,51084,2,0,0.6152434349060059,1
C4_selective_hybrid_medium,1,1,615,51089,2,0,0.13543862104415894,0
C4_selective_hybrid_medium,1,1,630,51105,2,0,0.12625904381275177,0
C4_selective_hybrid_medium,1,1,633,51109,2,0,0.12920613586902618,0
C4_selective_hybrid_medium,1,1,636,51112,2,0,0.12890823185443878,0
C4_selective_hybrid_medium,1,1,654,51135,2,0,0.15445935726165771,0
C4_selective_hybrid_medium,1,1,680,51170,1,1,0.2022240161895752,0
C4_selective_hybrid_medium,1,1,686,51180,2,0,0.3706877827644348,0
C4_selective_hybrid_medium,1,1,691,51185,2,0,0.5442347526550293,1
C4_selective_hybrid_medium,1,1,696,51194,2,0,0.5006238222122192,1
C4_selective_hybrid_medium,1,1,697,51197,2,0,0.21298690140247345,0
C4_selective_hybrid_medium,1,1,726,51231,1,1,0.36288148164749146,0
C4_selective_hybrid_medium,1,1,729,51236,1,1,0.5772374868392944,1
C4_selective_hybrid_medium,1,1,734,51248,1,1,0.7596812844276428,1
C4_selective_hybrid_medium,1,1,744,51260,2,0,0.1271178424358368,0
C4_selective_hybrid_medium,1,1,753,51271,2,0,0.16462701559066772,0
C4_selective_hybrid_medium,1,1,754,51272,2,0,0.30050164461135864,0
C4_selective_hybrid_medium,1,1,755,51273,2,0,0.4028525650501251,0
C4_selective_hybrid_medium,1,1,757,51276,2,0,0.134678453207016,0
C4_selective_hybrid_medium,1,1,765,51293,1,1,0.7664065361022949,1
C4_selective_hybrid_medium,1,1,769,51298,1,1,0.7444542050361633,1
C4_selective_hybrid_medium,1,1,787,51321,1,1,0.16647197306156158,0
C4_selective_hybrid_medium,1,1,789,51323,1,1,0.7628456950187683,1
C4_selective_hybrid_medium,1,1,792,51327,1,1,0.4459786117076874,0
C4_selective_hybrid_medium,1,1,804,51340,2,0,0.14457713067531586,0
C4_selective_hybrid_medium,1,1,836,51481,2,0,0.22767335176467896,0
C4_selective_hybrid_medium,1,1,841,51491,2,0,0.1265343874692917,0
C4_selective_hybrid_medium,1,1,842,51493,2,0,0.38141465187072754,0
C4_selective_hybrid_medium,1,1,856,51570,2,0,0.13381226360797882,0
C4_selective_hybrid_medium,1,1,870,51607,1,1,0.30512553453445435,0
C4_selective_hybrid_medium,1,2,1,50004,1,1,0.9145481586456299,1
C4_selective_hybrid_medium,1,2,13,50020,1,1,0.9124801754951477,1
C4_selective_hybrid_medium,1,2,23,50032,2,0,0.08425081521272659,0
C4_selective_hybrid_medium,1,2,34,50043,2,0,0.08802912384271622,0
C4_selective_hybrid_medium,1,2,41,50050,2,0,0.08311814069747925,0
C4_selective_hybrid_medium,1,2,45,50054,2,0,0.8483120203018188,1
C4_selective_hybrid_medium,1,2,53,50105,2,0,0.0844290480017662,0
C4_selective_hybrid_medium,1,2,59,50113,2,0,0.08795580267906189,0
C4_selective_hybrid_medium,1,2,69,50125,1,1,0.9120664596557617,1
C4_selective_hybrid_medium,1,2,80,50144,1,1,0.9144608378410339,1
C4_selective_hybrid_medium,1,2,84,50148,1,1,0.9149477481842041,1
C4_selective_hybrid_medium,1,2,105,50184,1,1,0.9131105542182922,1
C4_selective_hybrid_medium,1,2,144,50251,1,1,0.08509507030248642,0
C4_selective_hybrid_medium,1,2,160,50269,2,0,0.10992258042097092,0
C4_selective_hybrid_medium,1,2,165,50274,1,1,0.7831212878227234,1
C4_selective_hybrid_medium,1,2,174,50290,1,1,0.9151181578636169,1
C4_selective_hybrid_medium,1,2,195,50324,1,1,0.9141613841056824,1
C4_selective_hybrid_medium,1,2,201,50332,2,0,0.08354774862527847,0
C4_selective_hybrid_medium,1,2,209,50340,2,0,0.08421241492033005,0
C4_selective_hybrid_medium,1,2,213,50344,2,0,0.08431511372327805,0
C4_selective_hybrid_medium,1,2,215,50346,2,0,0.08475739508867264,0
C4_selective_hybrid_medium,1,2,217,50348,2,0,0.21975752711296082,0
C4_selective_hybrid_medium,1,2,218,50349,2,0,0.08720307797193527,0
C4_selective_hybrid_medium,1,2,222,50353,2,0,0.10811376571655273,0
C4_selective_hybrid_medium,1,2,224,50355,2,0,0.09294895827770233,0
C4_selective_hybrid_medium,1,2,242,50374,2,0,0.08699363470077515,0
C4_selective_hybrid_medium,1,2,253,50387,2,0,0.08491256833076477,0
C4_selective_hybrid_medium,1,2,256,50391,2,0,0.08511921763420105,0
C4_selective_hybrid_medium,1,2,277,50422,2,0,0.6704527735710144,1
C4_selective_hybrid_medium,1,2,284,50434,2,0,0.08311968296766281,0
C4_selective_hybrid_medium,1,2,305,50469,2,0,0.08598049730062485,0
C4_selective_hybrid_medium,1,2,311,50483,1,1,0.9107239246368408,1
C4_selective_hybrid_medium,1,2,331,50509,1,1,0.9149320125579834,1
C4_selective_hybrid_medium,1,2,342,50525,1,1,0.8942039012908936,1
C4_selective_hybrid_medium,1,2,356,50563,2,0,0.08326800912618637,0
C4_selective_hybrid_medium,1,2,370,50602,1,1,0.8968130350112915,1
C4_selective_hybrid_medium,1,2,394,50648,1,1,0.33489176630973816,0
C4_selective_hybrid_medium,1,2,401,50669,2,0,0.9103536009788513,1
C4_selective_hybrid_medium,1,2,413,50694,1,1,0.9103567600250244,1
C4_selective_hybrid_medium,1,2,438,50733,2,0,0.08354746550321579,0
C4_selective_hybrid_medium,1,2,445,50742,2,0,0.08302328735589981,0
C4_selective_hybrid_medium,1,2,447,50744,1,1,0.9143993258476257,1
C4_selective_hybrid_medium,1,2,451,50750,1,1,0.914800763130188,1
C4_selective_hybrid_medium,1,2,460,50774,2,0,0.08429362624883652,0
C4_selective_hybrid_medium,1,2,472,50792,1,1,0.9139223098754883,1
C4_selective_hybrid_medium,1,2,475,50798,1,1,0.0832461565732956,0
C4_selective_hybrid_medium,1,2,477,50800,1,1,0.9109955430030823,1
C4_selective_hybrid_medium,1,2,492,50954,1,1,0.7506412267684937,1
C4_selective_hybrid_medium,1,2,496,50958,1,1,0.9111883044242859,1
C4_selective_hybrid_medium,1,2,505,50968,1,1,0.9150510430335999,1
C4_selective_hybrid_medium,1,2,506,50969,1,1,0.9086751341819763,1
C4_selective_hybrid_medium,1,2,524,50990,1,1,0.912895143032074,1
C4_selective_hybrid_medium,1,2,535,51002,1,1,0.9104114174842834,1
C4_selective_hybrid_medium,1,2,545,51014,1,1,0.9145023226737976,1
C4_selective_hybrid_medium,1,2,558,51028,1,1,0.9129158854484558,1
C4_selective_hybrid_medium,1,2,564,51035,1,1,0.9026756286621094,1
C4_selective_hybrid_medium,1,2,571,51044,2,0,0.08601416647434235,0
C4_selective_hybrid_medium,1,2,574,51047,2,0,0.08324535936117172,0
C4_selective_hybrid_medium,1,2,580,51053,2,0,0.09237436205148697,0
C4_selective_hybrid_medium,1,2,585,51058,2,0,0.08792950958013535,0
C4_selective_hybrid_medium,1,2,588,51061,2,0,0.08654798567295074,0
C4_selective_hybrid_medium,1,2,600,51074,2,0,0.21049678325653076,0
C4_selective_hybrid_medium,1,2,603,51077,2,0,0.10208438336849213,0
C4_selective_hybrid_medium,1,2,617,51091,2,0,0.08312567323446274,0
C4_selective_hybrid_medium,1,2,646,51127,2,0,0.15561257302761078,0
C4_selective_hybrid_medium,1,2,648,51129,2,0,0.08724754303693771,0
C4_selective_hybrid_medium,1,2,650,51131,2,0,0.09020525962114334,0
C4_selective_hybrid_medium,1,2,651,51132,2,0,0.08618109673261642,0
C4_selective_hybrid_medium,1,2,655,51136,2,0,0.31179723143577576,0
C4_selective_hybrid_medium,1,2,662,51146,2,0,0.08599462360143661,0
C4_selective_hybrid_medium,1,2,664,51148,2,0,0.0886458158493042,0
C4_selective_hybrid_medium,1,2,668,51152,2,0,0.08396810293197632,0
C4_selective_hybrid_medium,1,2,675,51162,1,1,0.9144926071166992,1
C4_selective_hybrid_medium,1,2,681,51171,1,1,0.915054440498352,1
C4_selective_hybrid_medium,1,2,689,51183,2,0,0.15070796012878418,0
C4_selective_hybrid_medium,1,2,703,51205,1,1,0.9118496775627136,1
C4_selective_hybrid_medium,1,2,728,51235,1,1,0.9141663312911987,1
C4_selective_hybrid_medium,1,2,735,51249,1,1,0.9144800901412964,1
C4_selective_hybrid_medium,1,2,751,51268,2,0,0.08362967520952225,0
C4_selective_hybrid_medium,1,2,763,51291,1,1,0.9116107225418091,1
C4_selective_hybrid_medium,1,2,767,51295,1,1,0.9145490527153015,1
C4_selective_hybrid_medium,1,2,813,51350,1,1,0.9054257273674011,1
C4_selective_hybrid_medium,1,2,814,51351,1,1,0.865670382976532,1
C4_selective_hybrid_medium,1,2,826,51370,2,0,0.08332840353250504,0
C4_selective_hybrid_medium,1,2,835,51480,2,0,0.08742290735244751,0
C4_selective_hybrid_medium,1,2,859,51574,1,1,0.9151261448860168,1
C4_selective_hybrid_medium,1,2,867,51584,1,1,0.9050794839859009,1
C4_selective_hybrid_medium,1,3,3,50006,1,1,0.891461193561554,1
C4_selective_hybrid_medium,1,3,15,50023,1,1,0.8910747766494751,1
C4_selective_hybrid_medium,1,3,25,50034,2,0,0.13513627648353577,0
C4_selective_hybrid_medium,1,3,39,50048,2,0,0.8914808630943298,1
C4_selective_hybrid_medium,1,3,68,50124,1,1,0.8898966312408447,1
C4_selective_hybrid_medium,1,3,75,50132,1,1,0.8871991634368896,1
C4_selective_hybrid_medium,1,3,88,50153,1,1,0.681650698184967,1
C4_selective_hybrid_medium,1,3,100,50169,2,0,0.11660276353359222,0
C4_selective_hybrid_medium,1,3,107,50187,1,1,0.12592174112796783,0
C4_selective_hybrid_medium,1,3,111,50193,2,0,0.12118344008922577,0
C4_selective_hybrid_medium,1,3,122,50205,2,0,0.12114022672176361,0
C4_selective_hybrid_medium,1,3,138,50243,1,1,0.8851719498634338,1
C4_selective_hybrid_medium,1,3,147,50254,1,1,0.8914961814880371,1
C4_selective_hybrid_medium,1,3,159,50268,2,0,0.11873750388622284,0
C4_selective_hybrid_medium,1,3,173,50289,1,1,0.8730886578559875,1
C4_selective_hybrid_medium,1,3,186,50308,1,1,0.3733709156513214,0
C4_selective_hybrid_medium,1,3,189,50314,1,1,0.8906673789024353,1
C4_selective_hybrid_medium,1,3,193,50320,1,1,0.8906960487365723,1
C4_selective_hybrid_medium,1,3,199,50330,2,0,0.19888654351234436,0
C4_selective_hybrid_medium,1,3,203,50334,2,0,0.8910746574401855,1
C4_selective_hybrid_medium,1,3,206,50337,2,0,0.21475394070148468,0
C4_selective_hybrid_medium,1,3,232,50363,2,0,0.4853781759738922,0
C4_selective_hybrid_medium,1,3,233,50364,2,0,0.5180668830871582,1
C4_selective_hybrid_medium,1,3,236,50367,2,0,0.1169845312833786,0
C4_selective_hybrid_medium,1,3,248,50381,2,0,0.12363572418689728,0
C4_selective_hybrid_medium,1,3,252,50386,2,0,0.11661388725042343,0
C4_selective_hybrid_medium,1,3,255,50390,2,0,0.1171184554696083,0
C4_selective_hybrid_medium,1,3,259,50402,1,1,0.11650405824184418,0
C4_selective_hybrid_medium,1,3,261,50404,1,1,0.8895054459571838,1
C4_selective_hybrid_medium,1,3,264,50407,1,1,0.8843591213226318,1
C4_selective_hybrid_medium,1,3,282,50428,2,0,0.11655206233263016,0
C4_selective_hybrid_medium,1,3,291,50441,2,0,0.11824264377355576,0
C4_selective_hybrid_medium,1,3,296,50446,2,0,0.1165066733956337,0
C4_selective_hybrid_medium,1,3,301,50463,2,0,0.11652836948633194,0
C4_selective_hybrid_medium,1,3,312,50485,1,1,0.11821755766868591,0
C4_selective_hybrid_medium,1,3,322,50497,1,1,0.8850038647651672,1
C4_selective_hybrid_medium,1,3,330,50507,1,1,0.885032057762146,1
C4_selective_hybrid_medium,1,3,332,50510,1,1,0.8912631273269653,1
C4_selective_hybrid_medium,1,3,338,50520,1,1,0.8915076851844788,1
C4_selective_hybrid_medium,1,3,362,50572,2,0,0.11842526495456696,0
C4_selective_hybrid_medium,1,3,364,50574,2,0,0.19006408751010895,0
C4_selective_hybrid_medium,1,3,368,50578,2,0,0.890697717666626,1
C4_selective_hybrid_medium,1,3,382,50620,1,1,0.12968410551548004,0
C4_selective_hybrid_medium,1,3,384,50622,1,1,0.8914738893508911,1
C4_selective_hybrid_medium,1,3,398,50659,2,0,0.40251630544662476,0
C4_selective_hybrid_medium,1,3,403,50683,2,0,0.11689188331365585,0
C4_selective_hybrid_medium,1,3,408,50689,1,1,0.8898959159851074,1
C4_selective_hybrid_medium,1,3,415,50696,1,1,0.8880256414413452,1
C4_selective_hybrid_medium,1,3,421,50702,1,1,0.7716845870018005,1
C4_selective_hybrid_medium,1,3,433,50725,2,0,0.11704961955547333,0
C4_selective_hybrid_medium,1,3,436,50730,2,0,0.33095547556877136,0
C4_selective_hybrid_medium,1,3,439,50735,2,0,0.13233795762062073,0
C4_selective_hybrid_medium,1,3,469,50786,2,0,0.17943501472473145,0
C4_selective_hybrid_medium,1,3,497,50959,1,1,0.8914819359779358,1
C4_selective_hybrid_medium,1,3,503,50966,1,1,0.8577433228492737,1
C4_selective_hybrid_medium,1,3,517,50983,1,1,0.889402449131012,1
C4_selective_hybrid_medium,1,3,529,50995,1,1,0.8880323171615601,1
C4_selective_hybrid_medium,1,3,530,50996,1,1,0.8915117979049683,1
C4_selective_hybrid_medium,1,3,531,50997,1,1,0.8892263174057007,1
C4_selective_hybrid_medium,1,3,541,51010,1,1,0.8829185962677002,1
C4_selective_hybrid_medium,1,3,546,51015,1,1,0.2072991579771042,0
C4_selective_hybrid_medium,1,3,555,51025,1,1,0.891372561454773,1
C4_selective_hybrid_medium,1,3,572,51045,2,0,0.12069188803434372,0
C4_selective_hybrid_medium,1,3,577,51050,2,0,0.11691775172948837,0
C4_selective_hybrid_medium,1,3,592,51065,2,0,0.1172647774219513,0
C4_selective_hybrid_medium,1,3,607,51081,2,0,0.1170823872089386,0
C4_selective_hybrid_medium,1,3,608,51082,2,0,0.5314637422561646,1
C4_selective_hybrid_medium,1,3,613,51087,2,0,0.11677934229373932,0
C4_selective_hybrid_medium,1,3,637,51113,2,0,0.11727191507816315,0
C4_selective_hybrid_medium,1,3,639,51116,2,0,0.13096556067466736,0
C4_selective_hybrid_medium,1,3,645,51126,2,0,0.12326055020093918,0
C4_selective_hybrid_medium,1,3,661,51142,2,0,0.41065388917922974,0
C4_selective_hybrid_medium,1,3,706,51208,1,1,0.8892890810966492,1
C4_selective_hybrid_medium,1,3,714,51218,1,1,0.8801114559173584,1
C4_selective_hybrid_medium,1,3,722,51226,1,1,0.11950331926345825,0
C4_selective_hybrid_medium,1,3,731,51239,1,1,0.8876196146011353,1
C4_selective_hybrid_medium,1,3,741,51255,2,0,0.11677806824445724,0
C4_selective_hybrid_medium,1,3,752,51269,2,0,0.11919790506362915,0
C4_selective_hybrid_medium,1,3,761,51280,2,0,0.11819261312484741,0
C4_selective_hybrid_medium,1,3,770,51299,1,1,0.8907903432846069,1
C4_selective_hybrid_medium,1,3,771,51300,1,1,0.8885524868965149,1
C4_selective_hybrid_medium,1,3,776,51305,2,0,0.17142312228679657,0
C4_selective_hybrid_medium,1,3,794,51329,1,1,0.3417171835899353,0
C4_selective_hybrid_medium,1,3,803,51339,2,0,0.12000127881765366,0
C4_selective_hybrid_medium,1,3,806,51342,2,0,0.11774532496929169,0
C4_selective_hybrid_medium,1,3,838,51484,2,0,0.4060104489326477,0
C4_selective_hybrid_medium,1,3,855,51569,2,0,0.4207074046134949,0
C4_selective_hybrid_medium,1,4,4,50007,1,1,0.48543399572372437,0
C4_selective_hybrid_medium,1,4,32,50041,2,0,0.061951231211423874,0
C4_selective_hybrid_medium,1,4,46,50056,1,1,0.9466546773910522,1
C4_selective_hybrid_medium,1,4,57,50111,2,0,0.06187041476368904,0
C4_selective_hybrid_medium,1,4,60,50114,2,0,0.061248909682035446,0
C4_selective_hybrid_medium,1,4,87,50152,1,1,0.9441437721252441,1
C4_selective_hybrid_medium,1,4,94,50161,2,0,0.06042582169175148,0
C4_selective_hybrid_medium,1,4,120,50203,2,0,0.061585888266563416,0
C4_selective_hybrid_medium,1,4,135,50239,1,1,0.06380289793014526,0
C4_selective_hybrid_medium,1,4,149,50257,2,0,0.060856521129608154,0
C4_selective_hybrid_medium,1,4,153,50262,2,0,0.0606757290661335,0
C4_selective_hybrid_medium,1,4,154,50263,2,0,0.06226806342601776,0
C4_selective_hybrid_medium,1,4,166,50275,1,1,0.944814145565033,1
C4_selective_hybrid_medium,1,4,179,50295,1,1,0.9454430937767029,1
C4_selective_hybrid_medium,1,4,210,50341,2,0,0.06040525063872337,0
C4_selective_hybrid_medium,1,4,216,50347,2,0,0.0619264654815197,0
C4_selective_hybrid_medium,1,4,226,50357,2,0,0.06183326616883278,0
C4_selective_hybrid_medium,1,4,258,50399,1,1,0.9395512938499451,1
C4_selective_hybrid_medium,1,4,272,50416,2,0,0.06256486475467682,0
C4_selective_hybrid_medium,1,4,295,50445,2,0,0.06049268692731857,0
C4_selective_hybrid_medium,1,4,316,50490,1,1,0.8965368866920471,1
C4_selective_hybrid_medium,1,4,323,50498,1,1,0.9399827122688293,1
C4_selective_hybrid_medium,1,4,324,50499,1,1,0.9466432332992554,1
C4_selective_hybrid_medium,1,4,328,50503,1,1,0.9469300508499146,1
C4_selective_hybrid_medium,1,4,329,50504,1,1,0.9437845349311829,1
C4_selective_hybrid_medium,1,4,344,50527,1,1,0.19090360403060913,0
C4_selective_hybrid_medium,1,4,349,50532,1,1,0.9446147084236145,1
C4_selective_hybrid_medium,1,4,350,50551,2,0,0.06234428286552429,0
C4_selective_hybrid_medium,1,4,359,50569,2,0,0.15237882733345032,0
C4_selective_hybrid_medium,1,4,360,50570,2,0,0.06149125471711159,0
C4_selective_hybrid_medium,1,4,363,50573,2,0,0.060399070382118225,0
C4_selective_hybrid_medium,1,4,371,50603,1,1,0.9447681903839111,1
C4_selective_hybrid_medium,1,4,380,50616,1,1,0.9451703429222107,1
C4_selective_hybrid_medium,1,4,387,50625,1,1,0.06194603070616722,0
C4_selective_hybrid_medium,1,4,389,50627,1,1,0.946599006652832,1
C4_selective_hybrid_medium,1,4,391,50642,1,1,0.8639228343963623,1
C4_selective_hybrid_medium,1,4,392,50644,1,1,0.9465941190719604,1
C4_selective_hybrid_medium,1,4,402,50682,2,0,0.06182468682527542,0
C4_selective_hybrid_medium,1,4,430,50722,2,0,0.06273716688156128,0
C4_selective_hybrid_medium,1,4,437,50731,2,0,0.06385000795125961,0
C4_selective_hybrid_medium,1,4,458,50772,2,0,0.9398924708366394,1
C4_selective_hybrid_medium,1,4,473,50796,1,1,0.9468569755554199,1
C4_selective_hybrid_medium,1,4,474,50797,1,1,0.9446088075637817,1
C4_selective_hybrid_medium,1,4,481,50812,2,0,0.061912305653095245,0
C4_selective_hybrid_medium,1,4,483,50816,2,0,0.06289595365524292,0
C4_selective_hybrid_medium,1,4,485,50818,2,0,0.061857182532548904,0
C4_selective_hybrid_medium,1,4,509,50973,1,1,0.891600489616394,1
C4_selective_hybrid_medium,1,4,516,50982,1,1,0.06528665125370026,0
C4_selective_hybrid_medium,1,4,543,51012,1,1,0.9060617685317993,1
C4_selective_hybrid_medium,1,4,548,51017,1,1,0.9464410543441772,1
C4_selective_hybrid_medium,1,4,549,51018,1,1,0.9431127905845642,1
C4_selective_hybrid_medium,1,4,551,51020,1,1,0.3820550739765167,0
C4_selective_hybrid_medium,1,4,575,51048,2,0,0.06497210264205933,0
C4_selective_hybrid_medium,1,4,590,51063,2,0,0.06388568878173828,0
C4_selective_hybrid_medium,1,4,598,51072,2,0,0.13880570232868195,0
C4_selective_hybrid_medium,1,4,605,51079,2,0,0.9033385515213013,1
C4_selective_hybrid_medium,1,4,618,51093,2,0,0.06385502964258194,0
C4_selective_hybrid_medium,1,4,626,51101,2,0,0.06061416491866112,0
C4_selective_hybrid_medium,1,4,641,51118,2,0,0.6819753646850586,1
C4_selective_hybrid_medium,1,4,649,51130,2,0,0.778596818447113,1
C4_selective_hybrid_medium,1,4,653,51134,2,0,0.06146460771560669,0
C4_selective_hybrid_medium,1,4,658,51139,2,0,0.061361029744148254,0
C4_selective_hybrid_medium,1,4,659,51140,2,0,0.06160245090723038,0
C4_selective_hybrid_medium,1,4,666,51150,2,0,0.0614624097943306,0
C4_selective_hybrid_medium,1,4,678,51168,1,1,0.832370400428772,1
C4_selective_hybrid_medium,1,4,687,51181,2,0,0.07575854659080505,0
C4_selective_hybrid_medium,1,4,690,51184,2,0,0.3721960186958313,0
C4_selective_hybrid_medium,1,4,699,51201,1,1,0.8930319547653198,1
C4_selective_hybrid_medium,1,4,708,51211,1,1,0.9456385374069214,1
C4_selective_hybrid_medium,1,4,712,51216,1,1,0.06048436835408211,0
C4_selective_hybrid_medium,1,4,716,51220,1,1,0.9390870928764343,1
C4_selective_hybrid_medium,1,4,718,51222,1,1,0.06313294917345047,0
C4_selective_hybrid_medium,1,4,723,51228,1,1,0.9469165802001953,1
C4_selective_hybrid_medium,1,4,742,51256,2,0,0.06275935471057892,0
C4_selective_hybrid_medium,1,4,750,51267,2,0,0.06193625181913376,0
C4_selective_hybrid_medium,1,4,778,51307,2,0,0.9437470436096191,1
C4_selective_hybrid_medium,1,4,793,51328,1,1,0.944287121295929,1
C4_selective_hybrid_medium,1,4,808,51344,2,0,0.06762785464525223,0
C4_selective_hybrid_medium,1,4,815,51354,1,1,0.831389844417572,1
C4_selective_hybrid_medium,1,4,817,51357,2,0,0.0619891993701458,0
C4_selective_hybrid_medium,1,4,845,51558,2,0,0.06159992888569832,0
C4_selective_hybrid_medium,1,4,846,51559,2,0,0.060446597635746,0
C4_selective_hybrid_medium,1,4,852,51566,2,0,0.06059533357620239,0
C4_selective_hybrid_medium,1,4,854,51568,2,0,0.060845162719488144,0
C4_selective_hybrid_medium,1,4,860,51576,1,1,0.1301787793636322,0
C4_selective_hybrid_medium,1,4,861,51577,1,1,0.9454067349433899,1
C4_selective_hybrid_medium,1,4,863,51579,1,1,0.060433194041252136,0
C4_selective_hybrid_medium,1,5,9,50013,1,1,0.9384250640869141,1
C4_selective_hybrid_medium,1,5,12,50016,1,1,0.9390934705734253,1
C4_selective_hybrid_medium,1,5,21,50030,2,0,0.9349082112312317,1
C4_selective_hybrid_medium,1,5,28,50037,2,0,0.9326948523521423,1
C4_selective_hybrid_medium,1,5,37,50046,2,0,0.09059413522481918,0
C4_selective_hybrid_medium,1,5,48,50059,2,0,0.12997087836265564,0
C4_selective_hybrid_medium,1,5,73,50130,1,1,0.769589364528656,1
C4_selective_hybrid_medium,1,5,77,50135,1,1,0.9396697878837585,1
C4_selective_hybrid_medium,1,5,79,50143,1,1,0.939313530921936,1
C4_selective_hybrid_medium,1,5,81,50145,1,1,0.9036386609077454,1
C4_selective_hybrid_medium,1,5,95,50162,2,0,0.22949892282485962,0
C4_selective_hybrid_medium,1,5,97,50164,2,0,0.08226510882377625,0
C4_selective_hybrid_medium,1,5,102,50171,2,0,0.9230706691741943,1
C4_selective_hybrid_medium,1,5,128,50215,2,0,0.11412549018859863,0
C4_selective_hybrid_medium,1,5,134,50237,1,1,0.9392879009246826,1
C4_selective_hybrid_medium,1,5,142,50249,1,1,0.9390817880630493,1
C4_selective_hybrid_medium,1,5,150,50259,2,0,0.08139288425445557,0
C4_selective_hybrid_medium,1,5,167,50276,1,1,0.9392721056938171,1
C4_selective_hybrid_medium,1,5,177,50293,1,1,0.9396589398384094,1
C4_selective_hybrid_medium,1,5,185,50304,1,1,0.9378535151481628,1
C4_selective_hybrid_medium,1,5,191,50318,1,1,0.4435732066631317,0
C4_selective_hybrid_medium,1,5,207,50338,2,0,0.08339643478393555,0
C4_selective_hybrid_medium,1,5,243,50375,2,0,0.08567504584789276,0
C4_selective_hybrid_medium,1,5,250,50383,2,0,0.0923244059085846,0
C4_selective_hybrid_medium,1,5,271,50415,2,0,0.20905804634094238,0
C4_selective_hybrid_medium,1,5,276,50421,2,0,0.08400680869817734,0
C4_selective_hybrid_medium,1,5,280,50426,2,0,0.08986611664295197,0
C4_selective_hybrid_medium,1,5,286,50436,2,0,0.9334288835525513,1
C4_selective_hybrid_medium,1,5,293,50443,2,0,0.9372210502624512,1
C4_selective_hybrid_medium,1,5,304,50468,2,0,0.7458770871162415,1
C4_selective_hybrid_medium,1,5,306,50470,2,0,0.1726163774728775,0
C4_selective_hybrid_medium,1,5,327,50502,1,1,0.939318060874939,1
C4_selective_hybrid_medium,1,5,334,50515,1,1,0.9394201636314392,1
C4_selective_hybrid_medium,1,5,336,50518,1,1,0.9393649697303772,1
C4_selective_hybrid_medium,1,5,339,50521,1,1,0.9335250854492188,1
C4_selective_hybrid_medium,1,5,347,50530,1,1,0.938548743724823,1
C4_selective_hybrid_medium,1,5,351,50552,2,0,0.3647749125957489,0
C4_selective_hybrid_medium,1,5,355,50561,2,0,0.08141176402568817,0
C4_selective_hybrid_medium,1,5,367,50577,2,0,0.08151114732027054,0
C4_selective_hybrid_medium,1,5,385,50623,1,1,0.9395533800125122,1
C4_selective_hybrid_medium,1,5,411,50692,2,0,0.08165911585092545,0
C4_selective_hybrid_medium,1,5,412,50693,1,1,0.5586703419685364,1
C4_selective_hybrid_medium,1,5,417,50698,2,0,0.10421078652143478,0
C4_selective_hybrid_medium,1,5,443,50740,2,0,0.08137163519859314,0
C4_selective_hybrid_medium,1,5,465,50780,2,0,0.909023642539978,1
C4_selective_hybrid_medium,1,5,484,50817,2,0,0.0874103456735611,0
C4_selective_hybrid_medium,1,5,487,50821,2,0,0.08198708295822144,0
C4_selective_hybrid_medium,1,5,494,50956,1,1,0.9380297064781189,1
C4_selective_hybrid_medium,1,5,498,50960,1,1,0.9326473474502563,1
C4_selective_hybrid_medium,1,5,504,50967,1,1,0.9393615126609802,1
C4_selective_hybrid_medium,1,5,507,50970,1,1,0.9397590756416321,1
C4_selective_hybrid_medium,1,5,513,50978,1,1,0.9396395087242126,1
C4_selective_hybrid_medium,1,5,514,50979,1,1,0.9376952052116394,1
C4_selective_hybrid_medium,1,5,528,50994,1,1,0.9397158026695251,1
C4_selective_hybrid_medium,1,5,533,51000,1,1,0.93906170129776,1
C4_selective_hybrid_medium,1,5,536,51003,1,1,0.9394344091415405,1
C4_selective_hybrid_medium,1,5,537,51006,1,1,0.9390899538993835,1
C4_selective_hybrid_medium,1,5,538,51007,1,1,0.9391287565231323,1
C4_selective_hybrid_medium,1,5,539,51008,1,1,0.408364474773407,0
C4_selective_hybrid_medium,1,5,547,51016,1,1,0.9396781325340271,1
C4_selective_hybrid_medium,1,5,550,51019,1,1,0.9393652081489563,1
C4_selective_hybrid_medium,1,5,594,51067,2,0,0.08929940313100815,0
C4_selective_hybrid_medium,1,5,614,51088,2,0,0.08764813840389252,0
C4_selective_hybrid_medium,1,5,616,51090,2,0,0.08761506527662277,0
C4_selective_hybrid_medium,1,5,621,51096,2,0,0.08907976001501083,0
C4_selective_hybrid_medium,1,5,623,51098,2,0,0.08811815828084946,0
C4_selective_hybrid_medium,1,5,628,51103,2,0,0.750602662563324,1
C4_selective_hybrid_medium,1,5,647,51128,2,0,0.08312699943780899,0
C4_selective_hybrid_medium,1,5,660,51141,2,0,0.3792911469936371,0
C4_selective_hybrid_medium,1,5,669,51153,2,0,0.4990353286266327,0
C4_selective_hybrid_medium,1,5,674,51161,1,1,0.9374129772186279,1
C4_selective_hybrid_medium,1,5,685,51179,1,1,0.9395818114280701,1
C4_selective_hybrid_medium,1,5,698,51198,2,0,0.1459880918264389,0
C4_selective_hybrid_medium,1,5,702,51204,1,1,0.9387317299842834,1
C4_selective_hybrid_medium,1,5,713,51217,1,1,0.133245050907135,0
C4_selective_hybrid_medium,1,5,719,51223,1,1,0.9390833377838135,1
C4_selective_hybrid_medium,1,5,727,51234,1,1,0.9379967451095581,1
C4_selective_hybrid_medium,1,5,737,51251,2,0,0.9290500283241272,1
C4_selective_hybrid_medium,1,5,738,51252,2,0,0.9391465187072754,1
C4_selective_hybrid_medium,1,5,746,51262,2,0,0.9320428967475891,1
C4_selective_hybrid_medium,1,5,805,51341,2,0,0.9289171695709229,1
C4_selective_hybrid_medium,1,5,821,51362,2,0,0.11974554508924484,0
C4_selective_hybrid_medium,1,5,823,51364,2,0,0.21390259265899658,0
C4_selective_hybrid_medium,1,5,832,51473,1,1,0.9338722229003906,1
C4_selective_hybrid_medium,1,5,847,51560,2,0,0.08219985663890839,0
C4_selective_hybrid_medium,1,5,848,51562,2,0,0.08340182155370712,0
C4_selective_hybrid_medium,1,5,849,51563,2,0,0.08575767278671265,0
C4_selective_hybrid_medium,1,6,6,50010,1,1,0.9025487899780273,1
C4_selective_hybrid_medium,1,6,47,50057,1,1,0.09400094300508499,0
C4_selective_hybrid_medium,1,6,54,50106,2,0,0.23643985390663147,0
C4_selective_hybrid_medium,1,6,61,50115,2,0,0.09381318837404251,0
C4_selective_hybrid_medium,1,6,70,50127,1,1,0.6093866229057312,1
C4_selective_hybrid_medium,1,6,76,50134,1,1,0.9030600786209106,1
C4_selective_hybrid_medium,1,6,78,50142,1,1,0.9032034873962402,1
C4_selective_hybrid_medium,1,6,82,50146,1,1,0.565600574016571,1
C4_selective_hybrid_medium,1,6,91,50158,2,0,0.09250196814537048,0
C4_selective_hybrid_medium,1,6,92,50159,2,0,0.9038087725639343,1
C4_selective_hybrid_medium,1,6,112,50194,2,0,0.09466294944286346,0
C4_selective_hybrid_medium,1,6,123,50206,2,0,0.37006038427352905,0
C4_selective_hybrid_medium,1,6,124,50208,2,0,0.0921921655535698,0
C4_selective_hybrid_medium,1,6,130,50232,1,1,0.8971162438392639,1
C4_selective_hybrid_medium,1,6,131,50233,1,1,0.9030909538269043,1
C4_selective_hybrid_medium,1,6,137,50241,1,1,0.9033967852592468,1
C4_selective_hybrid_medium,1,6,139,50245,1,1,0.9033372402191162,1
C4_selective_hybrid_medium,1,6,140,50247,1,1,0.9037742018699646,1
C4_selective_hybrid_medium,1,6,151,50260,2,0,0.09313103556632996,0
C4_selective_hybrid_medium,1,6,168,50278,1,1,0.8999948501586914,1
C4_selective_hybrid_medium,1,6,175,50291,1,1,0.8944278359413147,1
C4_selective_hybrid_medium,1,6,196,50325,1,1,0.0930558294057846,0
C4_selective_hybrid_medium,1,6,205,50336,2,0,0.5256924629211426,1
C4_selective_hybrid_medium,1,6,219,50350,2,0,0.09855370223522186,0
C4_selective_hybrid_medium,1,6,220,50351,2,0,0.09663514792919159,0
C4_selective_hybrid_medium,1,6,223,50354,2,0,0.1989084780216217,0
C4_selective_hybrid_medium,1,6,228,50359,2,0,0.2551041543483734,0
C4_selective_hybrid_medium,1,6,229,50360,2,0,0.09313926845788956,0
C4_selective_hybrid_medium,1,6,234,50365,2,0,0.09317900240421295,0
C4_selective_hybrid_medium,1,6,239,50370,2,0,0.09281805902719498,0
C4_selective_hybrid_medium,1,6,254,50388,2,0,0.09317682683467865,0
C4_selective_hybrid_medium,1,6,260,50403,1,1,0.13642540574073792,0
C4_selective_hybrid_medium,1,6,278,50424,2,0,0.09282500296831131,0
C4_selective_hybrid_medium,1,6,290,50440,2,0,0.900387167930603,1
C4_selective_hybrid_medium,1,6,292,50442,2,0,0.09860797226428986,0
C4_selective_hybrid_medium,1,6,299,50449,2,0,0.09198540449142456,0
C4_selective_hybrid_medium,1,6,302,50466,2,0,0.09271470457315445,0
C4_selective_hybrid_medium,1,6,321,50496,1,1,0.9037075042724609,1
C4_selective_hybrid_medium,1,6,340,50523,1,1,0.8996395468711853,1
C4_selective_hybrid_medium,1,6,345,50528,1,1,0.9020794034004211,1
C4_selective_hybrid_medium,1,6,357,50565,2,0,0.3090357482433319,0
C4_selective_hybrid_medium,1,6,365,50575,2,0,0.0924697071313858,0
C4_selective_hybrid_medium,1,6,372,50604,1,1,0.9008976817131042,1
C4_selective_hybrid_medium,1,6,374,50607,1,1,0.094023697078228,0
C4_selective_hybrid_medium,1,6,379,50615,1,1,0.8999227285385132,1
C4_selective_hybrid_medium,1,6,399,50664,2,0,0.09293123334646225,0
C4_selective_hybrid_medium,1,6,426,50707,2,0,0.09397481381893158,0
C4_selective_hybrid_medium,1,6,444,50741,2,0,0.09285006672143936,0
C4_selective_hybrid_medium,1,6,467,50782,2,0,0.19082336127758026,0
C4_selective_hybrid_medium,1,6,468,50783,2,0,0.09571618586778641,0
C4_selective_hybrid_medium,1,6,470,50790,2,0,0.09626109153032303,0
C4_selective_hybrid_medium,1,6,480,50807,1,1,0.9016918540000916,1
C4_selective_hybrid_medium,1,6,493,50955,1,1,0.09246446192264557,0
C4_selective_hybrid_medium,1,6,499,50961,1,1,0.9034849405288696,1
C4_selective_hybrid_medium,1,6,515,50981,1,1,0.8924629092216492,1
C4_selective_hybrid_medium,1,6,518,50984,1,1,0.8981093764305115,1
C4_selective_hybrid_medium,1,6,522,50988,1,1,0.7773131132125854,1
C4_selective_hybrid_medium,1,6,523,50989,1,1,0.9015018343925476,1
C4_selective_hybrid_medium,1,6,542,51011,1,1,0.8996325731277466,1
C4_selective_hybrid_medium,1,6,556,51026,1,1,0.903275728225708,1
C4_selective_hybrid_medium,1,6,557,51027,1,1,0.7497037649154663,1
C4_selective_hybrid_medium,1,6,567,51039,2,0,0.09707153588533401,0
C4_selective_hybrid_medium,1,6,569,51041,2,0,0.09644606709480286,0
C4_selective_hybrid_medium,1,6,573,51046,2,0,0.3247755765914917,0
C4_selective_hybrid_medium,1,6,581,51054,2,0,0.09247048199176788,0
C4_selective_hybrid_medium,1,6,582,51055,2,0,0.09812936931848526,0
C4_selective_hybrid_medium,1,6,583,51056,2,0,0.09792276471853256,0
C4_selective_hybrid_medium,1,6,601,51075,2,0,0.10031714290380478,0
C4_selective_hybrid_medium,1,6,604,51078,2,0,0.09994857758283615,0
C4_selective_hybrid_medium,1,6,624,51099,2,0,0.11032852530479431,0
C4_selective_hybrid_medium,1,6,672,51156,2,0,0.09707264602184296,0
C4_selective_hybrid_medium,1,6,707,51210,1,1,0.8937450647354126,1
C4_selective_hybrid_medium,1,6,725,51230,1,1,0.9033364653587341,1
C4_selective_hybrid_medium,1,6,739,51253,2,0,0.09250739216804504,0
C4_selective_hybrid_medium,1,6,762,51281,2,0,0.09892890602350235,0
C4_selective_hybrid_medium,1,6,773,51302,1,1,0.8671523332595825,1
C4_selective_hybrid_medium,1,6,775,51304,2,0,0.09225020557641983,0
C4_selective_hybrid_medium,1,6,785,51319,1,1,0.9008508920669556,1
C4_selective_hybrid_medium,1,6,796,51331,1,1,0.9035540223121643,1
C4_selective_hybrid_medium,1,6,810,51346,2,0,0.09364263713359833,0
C4_selective_hybrid_medium,1,6,811,51347,2,0,0.09567803889513016,0
C4_selective_hybrid_medium,1,6,812,51349,1,1,0.09434250742197037,0
C4_selective_hybrid_medium,1,6,819,51360,2,0,0.11161097139120102,0
C4_selective_hybrid_medium,1,6,844,51557,2,0,0.09725553542375565,0
C4_selective_hybrid_medium,1,6,858,51573,1,1,0.331663578748703,0
C4_selective_hybrid_medium,1,6,864,51580,1,1,0.7655479311943054,1
C4_selective_hybrid_medium,1,6,869,51606,1,1,0.09623859822750092,0
C4_selective_hybrid_medium,1,7,22,50031,2,0,0.04935469850897789,0
C4_selective_hybrid_medium,1,7,24,50033,2,0,0.04978398233652115,0
C4_selective_hybrid_medium,1,7,29,50038,2,0,0.04934000223875046,0
C4_selective_hybrid_medium,1,7,43,50052,2,0,0.846507728099823,1
C4_selective_hybrid_medium,1,7,50,50102,2,0,0.049304619431495667,0
C4_selective_hybrid_medium,1,7,58,50112,2,0,0.049296192824840546,0
C4_selective_hybrid_medium,1,7,62,50116,2,0,0.9322531819343567,1
C4_selective_hybrid_medium,1,7,86,50150,1,1,0.11527491360902786,0
C4_selective_hybrid_medium,1,7,89,50156,1,1,0.9431225061416626,1
C4_selective_hybrid_medium,1,7,93,50160,2,0,0.05496758222579956,0
C4_selective_hybrid_medium,1,7,99,50168,2,0,0.05349535495042801,0
C4_selective_hybrid_medium,1,7,121,50204,2,0,0.05113832280039787,0
C4_selective_hybrid_medium,1,7,125,50210,2,0,0.05018707737326622,0
C4_selective_hybrid_medium,1,7,127,50214,2,0,0.0524950809776783,0
C4_selective_hybrid_medium,1,7,129,50217,2,0,0.05013206601142883,0
C4_selective_hybrid_medium,1,7,133,50236,1,1,0.9423053860664368,1
C4_selective_hybrid_medium,1,7,158,50267,2,0,0.04926760494709015,0
C4_selective_hybrid_medium,1,7,162,50271,2,0,0.34678611159324646,0
C4_selective_hybrid_medium,1,7,169,50282,1,1,0.9431177377700806,1
C4_selective_hybrid_medium,1,7,183,50301,1,1,0.7301927208900452,1
C4_selective_hybrid_medium,1,7,188,50312,1,1,0.9432046413421631,1
C4_selective_hybrid_medium,1,7,211,50342,2,0,0.06228604540228844,0
C4_selective_hybrid_medium,1,7,212,50343,2,0,0.9404693841934204,1
C4_selective_hybrid_medium,1,7,238,50369,2,0,0.05528373271226883,0
C4_selective_hybrid_medium,1,7,245,50377,2,0,0.05046549439430237,0
C4_selective_hybrid_medium,1,7,251,50385,2,0,0.8100619316101074,1
C4_selective_hybrid_medium,1,7,262,50405,1,1,0.9399139881134033,1
C4_selective_hybrid_medium,1,7,266,50410,1,1,0.9016671776771545,1
C4_selective_hybrid_medium,1,7,274,50418,2,0,0.049480270594358444,0
C4_selective_hybrid_medium,1,7,300,50453,2,0,0.9333804249763489,1
C4_selective_hybrid_medium,1,7,307,50477,1,1,0.9432550668716431,1
C4_selective_hybrid_medium,1,7,317,50491,1,1,0.9431830048561096,1
C4_selective_hybrid_medium,1,7,318,50492,1,1,0.943325400352478,1
C4_selective_hybrid_medium,1,7,325,50500,1,1,0.8790695071220398,1
C4_selective_hybrid_medium,1,7,346,50529,1,1,0.9416307806968689,1
C4_selective_hybrid_medium,1,7,353,50557,2,0,0.05006144195795059,0
C4_selective_hybrid_medium,1,7,354,50558,2,0,0.07029391080141068,0
C4_selective_hybrid_medium,1,7,373,50606,1,1,0.7768246531486511,1
C4_selective_hybrid_medium,1,7,375,50608,1,1,0.22471635043621063,0
C4_selective_hybrid_medium,1,7,386,50624,1,1,0.9432530403137207,1
C4_selective_hybrid_medium,1,7,395,50649,1,1,0.13710443675518036,0
C4_selective_hybrid_medium,1,7,407,50688,2,0,0.05012189596891403,0
C4_selective_hybrid_medium,1,7,418,50699,2,0,0.9427047967910767,1
C4_selective_hybrid_medium,1,7,428,50709,2,0,0.05003335326910019,0
C4_selective_hybrid_medium,1,7,450,50749,1,1,0.9428228735923767,1
C4_selective_hybrid_medium,1,7,453,50752,1,1,0.9137595891952515,1
C4_selective_hybrid_medium,1,7,456,50756,1,1,0.9432070255279541,1
C4_selective_hybrid_medium,1,7,495,50957,1,1,0.7321614623069763,1
C4_selective_hybrid_medium,1,7,510,50974,1,1,0.9413188099861145,1
C4_selective_hybrid_medium,1,7,521,50987,1,1,0.9413294196128845,1
C4_selective_hybrid_medium,1,7,554,51024,1,1,0.9430006146430969,1
C4_selective_hybrid_medium,1,7,587,51060,2,0,0.8669669032096863,1
C4_selective_hybrid_medium,1,7,593,51066,2,0,0.05080964416265488,0
C4_selective_hybrid_medium,1,7,619,51094,2,0,0.051156457513570786,0
C4_selective_hybrid_medium,1,7,620,51095,2,0,0.6620577573776245,1
C4_selective_hybrid_medium,1,7,629,51104,2,0,0.05002272501587868,0
C4_selective_hybrid_medium,1,7,634,51110,2,0,0.04975743591785431,0
C4_selective_hybrid_medium,1,7,663,51147,2,0,0.049522195011377335,0
C4_selective_hybrid_medium,1,7,667,51151,2,0,0.05115043371915817,0
C4_selective_hybrid_medium,1,7,671,51155,2,0,0.049341265112161636,0
C4_selective_hybrid_medium,1,7,673,51159,2,0,0.9406574368476868,1
C4_selective_hybrid_medium,1,7,676,51163,1,1,0.74196857213974,1
C4_selective_hybrid_medium,1,7,682,51173,1,1,0.9429205656051636,1
C4_selective_hybrid_medium,1,7,683,51177,1,1,0.9417852163314819,1
C4_selective_hybrid_medium,1,7,684,51178,1,1,0.9432916641235352,1
C4_selective_hybrid_medium,1,7,695,51192,2,0,0.05023977532982826,0
C4_selective_hybrid_medium,1,7,704,51206,1,1,0.9219983220100403,1
C4_selective_hybrid_medium,1,7,710,51214,1,1,0.9396253824234009,1
C4_selective_hybrid_medium,1,7,717,51221,1,1,0.939935028553009,1
C4_selective_hybrid_medium,1,7,720,51224,1,1,0.9396716952323914,1
C4_selective_hybrid_medium,1,7,724,51229,1,1,0.9424228668212891,1
C4_selective_hybrid_medium,1,7,736,51250,2,0,0.052661895751953125,0
C4_selective_hybrid_medium,1,7,759,51278,2,0,0.253340482711792,0
C4_selective_hybrid_medium,1,7,760,51279,2,0,0.05000976100564003,0
C4_selective_hybrid_medium,1,7,764,51292,1,1,0.9391653537750244,1
C4_selective_hybrid_medium,1,7,774,51303,2,0,0.04949759319424629,0
C4_selective_hybrid_medium,1,7,784,51318,1,1,0.44224390387535095,0
C4_selective_hybrid_medium,1,7,799,51334,2,0,0.04934600368142128,0
C4_selective_hybrid_medium,1,7,807,51343,2,0,0.0511394701898098,0
C4_selective_hybrid_medium,1,7,820,51361,2,0,0.05034801736474037,0
C4_selective_hybrid_medium,1,7,827,51373,2,0,0.050437070429325104,0
C4_selective_hybrid_medium,1,7,828,51461,1,1,0.9433223605155945,1
C4_selective_hybrid_medium,1,7,830,51464,1,1,0.9399645924568176,1
C4_selective_hybrid_medium,1,7,831,51465,1,1,0.9424378275871277,1
C4_selective_hybrid_medium,1,7,833,51477,2,0,0.049405843019485474,0
C4_selective_hybrid_medium,1,7,857,51572,1,1,0.9401572942733765,1
C4_selective_hybrid_medium,1,7,866,51583,1,1,0.9395806193351746,1
C4_selective_hybrid_medium,1,8,5,50008,1,1,0.798367440700531,1
C4_selective_hybrid_medium,1,8,7,50011,1,1,0.8101706504821777,1
C4_selective_hybrid_medium,1,8,10,50014,1,1,0.8102026581764221,1
C4_selective_hybrid_medium,1,8,14,50022,1,1,0.20568017661571503,0
C4_selective_hybrid_medium,1,8,16,50024,1,1,0.8110941052436829,1
C4_selective_hybrid_medium,1,8,35,50044,2,0,0.20858889818191528,0
C4_selective_hybrid_medium,1,8,42,50051,2,0,0.557631254196167,1
C4_selective_hybrid_medium,1,8,49,50060,2,0,0.21272431313991547,0
C4_selective_hybrid_medium,1,8,52,50104,2,0,0.20920833945274353,0
C4_selective_hybrid_medium,1,8,56,50109,2,0,0.2101549655199051,0
C4_selective_hybrid_medium,1,8,65,50119,1,1,0.2060394436120987,0
C4_selective_hybrid_medium,1,8,67,50123,1,1,0.8035810589790344,1
C4_selective_hybrid_medium,1,8,101,50170,2,0,0.26285991072654724,0
C4_selective_hybrid_medium,1,8,103,50182,1,1,0.8089523911476135,1
C4_selective_hybrid_medium,1,8,104,50183,1,1,0.810555100440979,1
C4_selective_hybrid_medium,1,8,106,50186,1,1,0.8110644817352295,1
C4_selective_hybrid_medium,1,8,117,50200,2,0,0.21183277666568756,0
C4_selective_hybrid_medium,1,8,118,50201,2,0,0.2066108137369156,0
C4_selective_hybrid_medium,1,8,143,50250,1,1,0.2152807116508484,0
C4_selective_hybrid_medium,1,8,146,50253,1,1,0.7378745675086975,1
C4_selective_hybrid_medium,1,8,164,50273,1,1,0.8048908114433289,1
C4_selective_hybrid_medium,1,8,171,50285,1,1,0.2572163939476013,0
C4_selective_hybrid_medium,1,8,184,50302,1,1,0.8082093000411987,1
C4_selective_hybrid_medium,1,8,187,50310,1,1,0.8057504892349243,1
C4_selective_hybrid_medium,1,8,194,50321,1,1,0.8076363801956177,1
C4_selective_hybrid_medium,1,8,198,50329,2,0,0.21769283711910248,0
C4_selective_hybrid_medium,1,8,214,50345,2,0,0.20603293180465698,0
C4_selective_hybrid_medium,1,8,227,50358,2,0,0.20646269619464874,0
C4_selective_hybrid_medium,1,8,231,50362,2,0,0.20853158831596375,0
C4_selective_hybrid_medium,1,8,244,50376,2,0,0.6470392942428589,1
C4_selective_hybrid_medium,1,8,263,50406,1,1,0.8083660006523132,1
C4_selective_hybrid_medium,1,8,268,50412,1,1,0.8099507689476013,1
C4_selective_hybrid_medium,1,8,270,50414,2,0,0.6723150610923767,1
C4_selective_hybrid_medium,1,8,281,50427,2,0,0.20576679706573486,0
C4_selective_hybrid_medium,1,8,298,50448,2,0,0.22085466980934143,0
C4_selective_hybrid_medium,1,8,309,50481,1,1,0.8100183010101318,1
C4_selective_hybrid_medium,1,8,314,50487,1,1,0.8083840608596802,1
C4_selective_hybrid_medium,1,8,358,50568,2,0,0.6000123023986816,1
C4_selective_hybrid_medium,1,8,366,50576,2,0,0.20751753449440002,0
C4_selective_hybrid_medium,1,8,369,50601,1,1,0.31391507387161255,0
C4_selective_hybrid_medium,1,8,381,50619,1,1,0.8079953193664551,1
C4_selective_hybrid_medium,1,8,404,50685,2,0,0.21031677722930908,0
C4_selective_hybrid_medium,1,8,419,50700,1,1,0.8087868690490723,1
C4_selective_hybrid_medium,1,8,420,50701,2,0,0.2073322981595993,0
C4_selective_hybrid_medium,1,8,432,50724,2,0,0.20751868188381195,0
C4_selective_hybrid_medium,1,8,440,50737,2,0,0.20812870562076569,0
C4_selective_hybrid_medium,1,8,454,50754,1,1,0.8071918487548828,1
C4_selective_hybrid_medium,1,8,462,50776,2,0,0.20544253289699554,0
C4_selective_hybrid_medium,1,8,471,50791,1,1,0.8086725473403931,1
C4_selective_hybrid_medium,1,8,482,50814,2,0,0.3188013732433319,0
C4_selective_hybrid_medium,1,8,508,50972,1,1,0.8094764947891235,1
C4_selective_hybrid_medium,1,8,525,50991,1,1,0.21585369110107422,0
C4_selective_hybrid_medium,1,8,527,50993,1,1,0.803120493888855,1
C4_selective_hybrid_medium,1,8,532,50999,1,1,0.8078500032424927,1
C4_selective_hybrid_medium,1,8,544,51013,1,1,0.8075728416442871,1
C4_selective_hybrid_medium,1,8,559,51029,1,1,0.2912268042564392,0
C4_selective_hybrid_medium,1,8,576,51049,2,0,0.21189939975738525,0
C4_selective_hybrid_medium,1,8,596,51069,2,0,0.20856699347496033,0
C4_selective_hybrid_medium,1,8,627,51102,2,0,0.21012671291828156,0
C4_selective_hybrid_medium,1,8,632,51107,2,0,0.7966681122779846,1
C4_selective_hybrid_medium,1,8,635,51111,2,0,0.27640557289123535,0
C4_selective_hybrid_medium,1,8,638,51114,2,0,0.23378761112689972,0
C4_selective_hybrid_medium,1,8,642,51122,2,0,0.20623043179512024,0
C4_selective_hybrid_medium,1,8,644,51124,2,0,0.2055741399526596,0
C4_selective_hybrid_medium,1,8,656,51137,2,0,0.20839528739452362,0
C4_selective_hybrid_medium,1,8,670,51154,2,0,0.2616349756717682,0
C4_selective_hybrid_medium,1,8,694,51189,2,0,0.20856744050979614,0
C4_selective_hybrid_medium,1,8,701,51203,1,1,0.809736967086792,1
C4_selective_hybrid_medium,1,8,711,51215,1,1,0.23873849213123322,0
C4_selective_hybrid_medium,1,8,730,51237,1,1,0.8085460662841797,1
C4_selective_hybrid_medium,1,8,733,51241,1,1,0.8096703886985779,1
C4_selective_hybrid_medium,1,8,745,51261,2,0,0.20761239528656006,0
C4_selective_hybrid_medium,1,8,747,51264,2,0,0.2096509337425232,0
C4_selective_hybrid_medium,1,8,758,51277,2,0,0.26060810685157776,0
C4_selective_hybrid_medium,1,8,777,51306,2,0,0.6195627450942993,1
C4_selective_hybrid_medium,1,8,783,51315,2,0,0.23829729855060577,0
C4_selective_hybrid_medium,1,8,786,51320,1,1,0.8081983923912048,1
C4_selective_hybrid_medium,1,8,788,51322,1,1,0.20784993469715118,0
C4_selective_hybrid_medium,1,8,790,51325,1,1,0.7881536483764648,1
C4_selective_hybrid_medium,1,8,791,51326,1,1,0.4074048697948456,0
C4_selective_hybrid_medium,1,8,797,51332,2,0,0.20727892220020294,0
C4_selective_hybrid_medium,1,8,801,51336,2,0,0.20548367500305176,0
C4_selective_hybrid_medium,1,8,802,51338,2,0,0.7110443115234375,1
C4_selective_hybrid_medium,1,8,816,51356,2,0,0.696442186832428,1
C4_selective_hybrid_medium,1,8,824,51365,2,0,0.20689131319522858,0
C4_selective_hybrid_medium,1,8,825,51369,2,0,0.2112894207239151,0
C4_selective_hybrid_medium,1,8,839,51487,2,0,0.20547623932361603,0
C4_selective_hybrid_medium,1,9,0,50003,1,1,0.2650204598903656,0
C4_selective_hybrid_medium,1,9,44,50053,1,1,0.4830266535282135,0
C4_selective_hybrid_medium,1,9,51,50103,2,0,0.5937151312828064,1
C4_selective_hybrid_medium,1,9,83,50147,1,1,0.7033528089523315,1
C4_selective_hybrid_medium,1,9,96,50163,2,0,0.17841702699661255,0
C4_selective_hybrid_medium,1,9,110,50190,1,1,0.8301339745521545,1
C4_selective_hybrid_medium,1,9,116,50199,2,0,0.1137579083442688,0
C4_selective_hybrid_medium,1,9,136,50240,1,1,0.8434245586395264,1
C4_selective_hybrid_medium,1,9,155,50264,2,0,0.2209618240594864,0
C4_selective_hybrid_medium,1,9,157,50266,2,0,0.11025868356227875,0
C4_selective_hybrid_medium,1,9,161,50270,2,0,0.11048579961061478,0
C4_selective_hybrid_medium,1,9,178,50294,1,1,0.8070393204689026,1
C4_selective_hybrid_medium,1,9,180,50297,1,1,0.11698413640260696,0
C4_selective_hybrid_medium,1,9,181,50298,1,1,0.1698598861694336,0
C4_selective_hybrid_medium,1,9,182,50300,1,1,0.11158965528011322,0
C4_selective_hybrid_medium,1,9,197,50327,2,0,0.10992294549942017,0
C4_selective_hybrid_medium,1,9,202,50333,2,0,0.11095581948757172,0
C4_selective_hybrid_medium,1,9,208,50339,2,0,0.11119704693555832,0
C4_selective_hybrid_medium,1,9,237,50368,2,0,0.10958760976791382,0
C4_selective_hybrid_medium,1,9,247,50380,2,0,0.25364813208580017,0
C4_selective_hybrid_medium,1,9,249,50382,2,0,0.11160610616207123,0
C4_selective_hybrid_medium,1,9,257,50397,1,1,0.8406725525856018,1
C4_selective_hybrid_medium,1,9,267,50411,1,1,0.8548637628555298,1
C4_selective_hybrid_medium,1,9,287,50437,2,0,0.859874427318573,1
C4_selective_hybrid_medium,1,9,294,50444,2,0,0.11548127979040146,0
C4_selective_hybrid_medium,1,9,297,50447,2,0,0.140794038772583,0
C4_selective_hybrid_medium,1,9,310,50482,1,1,0.8595589995384216,1
C4_selective_hybrid_medium,1,9,320,50494,1,1,0.5242893695831299,1
C4_selective_hybrid_medium,1,9,341,50524,1,1,0.8581770658493042,1
C4_selective_hybrid_medium,1,9,352,50555,2,0,0.10935492813587189,0
C4_selective_hybrid_medium,1,9,377,50613,1,1,0.8548078536987305,1
C4_selective_hybrid_medium,1,9,378,50614,1,1,0.8568747043609619,1
C4_selective_hybrid_medium,1,9,396,50654,1,1,0.11416562646627426,0
C4_selective_hybrid_medium,1,9,400,50665,2,0,0.16469478607177734,0
C4_selective_hybrid_medium,1,9,406,50687,2,0,0.2588968575000763,0
C4_selective_hybrid_medium,1,9,409,50690,1,1,0.10977999866008759,0
C4_selective_hybrid_medium,1,9,423,50704,1,1,0.11369611322879791,0
C4_selective_hybrid_medium,1,9,424,50705,1,1,0.11156544834375381,0
C4_selective_hybrid_medium,1,9,427,50708,1,1,0.8416922688484192,1
C4_selective_hybrid_medium,1,9,434,50726,2,0,0.10954591631889343,0
C4_selective_hybrid_medium,1,9,442,50739,2,0,0.26496437191963196,0
C4_selective_hybrid_medium,1,9,452,50751,1,1,0.7388368844985962,1
C4_selective_hybrid_medium,1,9,459,50773,2,0,0.1531354784965515,0
C4_selective_hybrid_medium,1,9,463,50777,2,0,0.10946623235940933,0
C4_selective_hybrid_medium,1,9,479,50803,1,1,0.8532476425170898,1
C4_selective_hybrid_medium,1,9,488,50822,2,0,0.10968761891126633,0
C4_selective_hybrid_medium,1,9,491,50952,1,1,0.8585817217826843,1
C4_selective_hybrid_medium,1,9,500,50962,1,1,0.15205201506614685,0
C4_selective_hybrid_medium,1,9,512,50977,1,1,0.5885226130485535,1
C4_selective_hybrid_medium,1,9,520,50986,1,1,0.10958873480558395,0
C4_selective_hybrid_medium,1,9,526,50992,1,1,0.4238022267818451,0
C4_selective_hybrid_medium,1,9,534,51001,1,1,0.8598117232322693,1
C4_selective_hybrid_medium,1,9,540,51009,1,1,0.8558060526847839,1
C4_selective_hybrid_medium,1,9,552,51021,1,1,0.8597615957260132,1
C4_selective_hybrid_medium,1,9,561,51032,1,1,0.8399329781532288,1
C4_selective_hybrid_medium,1,9,563,51034,1,1,0.7328384518623352,1
C4_selective_hybrid_medium,1,9,565,51036,2,0,0.10990840196609497,0
C4_selective_hybrid_medium,1,9,578,51051,2,0,0.11730866134166718,0
C4_selective_hybrid_medium,1,9,591,51064,2,0,0.1184864416718483,0
C4_selective_hybrid_medium,1,9,595,51068,2,0,0.5871577858924866,1
C4_selective_hybrid_medium,1,9,602,51076,2,0,0.11600672453641891,0
C4_selective_hybrid_medium,1,9,612,51086,2,0,0.11068219691514969,0
C4_selective_hybrid_medium,1,9,622,51097,2,0,0.11396919935941696,0
C4_selective_hybrid_medium,1,9,625,51100,2,0,0.32287469506263733,0
C4_selective_hybrid_medium,1,9,631,51106,2,0,0.1120322048664093,0
C4_selective_hybrid_medium,1,9,640,51117,2,0,0.1298680156469345,0
C4_selective_hybrid_medium,1,9,643,51123,2,0,0.11811013519763947,0
C4_selective_hybrid_medium,1,9,657,51138,2,0,0.11495900899171829,0
C4_selective_hybrid_medium,1,9,679,51169,1,1,0.8414549827575684,1
C4_selective_hybrid_medium,1,9,692,51187,2,0,0.11457369476556778,0
C4_selective_hybrid_medium,1,9,693,51188,2,0,0.11146397143602371,0
C4_selective_hybrid_medium,1,9,709,51212,1,1,0.8522281050682068,1
C4_selective_hybrid_medium,1,9,715,51219,1,1,0.8576430678367615,1
C4_selective_hybrid_medium,1,9,732,51240,1,1,0.8536701798439026,1
C4_selective_hybrid_medium,1,9,743,51257,2,0,0.42215991020202637,0
C4_selective_hybrid_medium,1,9,781,51311,2,0,0.11201073229312897,0
C4_selective_hybrid_medium,1,9,795,51330,1,1,0.8399401307106018,1
C4_selective_hybrid_medium,1,9,798,51333,2,0,0.11062848567962646,0
C4_selective_hybrid_medium,1,9,809,51345,2,0,0.109998919069767,0
C4_selective_hybrid_medium,1,9,818,51359,2,0,0.8583994507789612,1
C4_selective_hybrid_medium,1,9,822,51363,2,0,0.10934851318597794,0
C4_selective_hybrid_medium,1,9,829,51463,1,1,0.8598851561546326,1
C4_selective_hybrid_medium,1,9,837,51482,2,0,0.1172507181763649,0
C4_selective_hybrid_medium,1,9,840,51488,2,0,0.1137133538722992,0
C4_selective_hybrid_medium,1,9,843,51556,2,0,0.1156231090426445,0
C4_selective_hybrid_medium,1,9,851,51565,2,0,0.10978517681360245,0
C4_selective_hybrid_medium,1,9,862,51578,1,1,0.8510180115699768,1
C4_selective_hybrid_medium,1,10,2,50005,1,1,0.9254651069641113,1
C4_selective_hybrid_medium,1,10,11,50015,1,1,0.9430875182151794,1
C4_selective_hybrid_medium,1,10,18,50026,1,1,0.923676073551178,1
C4_selective_hybrid_medium,1,10,19,50027,1,1,0.29350635409355164,0
C4_selective_hybrid_medium,1,10,20,50028,1,1,0.9440845251083374,1
C4_selective_hybrid_medium,1,10,27,50036,2,0,0.09055247902870178,0
C4_selective_hybrid_medium,1,10,36,50045,2,0,0.8975588083267212,1
C4_selective_hybrid_medium,1,10,38,50047,2,0,0.3223991394042969,0
C4_selective_hybrid_medium,1,10,55,50107,2,0,0.31454142928123474,0
C4_selective_hybrid_medium,1,10,63,50117,2,0,0.13202142715454102,0
C4_selective_hybrid_medium,1,10,66,50121,1,1,0.9428149461746216,1
C4_selective_hybrid_medium,1,10,72,50129,1,1,0.9424688816070557,1
C4_selective_hybrid_medium,1,10,85,50149,1,1,0.9442617297172546,1
C4_selective_hybrid_medium,1,10,98,50167,2,0,0.09893044084310532,0
C4_selective_hybrid_medium,1,10,108,50188,1,1,0.09277442842721939,0
C4_selective_hybrid_medium,1,10,113,50195,2,0,0.09884839504957199,0
C4_selective_hybrid_medium,1,10,114,50196,2,0,0.4342556297779083,0
C4_selective_hybrid_medium,1,10,126,50213,2,0,0.09560547769069672,0
C4_selective_hybrid_medium,1,10,132,50234,1,1,0.9398205280303955,1
C4_selective_hybrid_medium,1,10,141,50248,1,1,0.943732738494873,1
C4_selective_hybrid_medium,1,10,145,50252,1,1,0.7638570666313171,1
C4_selective_hybrid_medium,1,10,152,50261,2,0,0.9427387714385986,1
C4_selective_hybrid_medium,1,10,156,50265,2,0,0.09516477584838867,0
C4_selective_hybrid_medium,1,10,163,50272,1,1,0.9417203664779663,1
C4_selective_hybrid_medium,1,10,176,50292,1,1,0.9431430697441101,1
C4_selective_hybrid_medium,1,10,190,50315,1,1,0.943108320236206,1
C4_selective_hybrid_medium,1,10,200,50331,2,0,0.765404224395752,1
C4_selective_hybrid_medium,1,10,225,50356,2,0,0.0921112671494484,0
C4_selective_hybrid_medium,1,10,235,50366,2,0,0.16071408987045288,0
C4_selective_hybrid_medium,1,10,240,50372,2,0,0.0896974429488182,0
C4_selective_hybrid_medium,1,10,246,50379,2,0,0.09065571427345276,0
C4_selective_hybrid_medium,1,10,265,50408,1,1,0.0989600419998169,0
C4_selective_hybrid_medium,1,10,275,50419,2,0,0.09613467007875443,0
C4_selective_hybrid_medium,1,10,279,50425,2,0,0.10036264359951019,0
C4_selective_hybrid_medium,1,10,285,50435,2,0,0.10456222295761108,0
C4_selective_hybrid_medium,1,10,308,50480,1,1,0.9437504410743713,1
C4_selective_hybrid_medium,1,10,315,50488,1,1,0.943370521068573,1
C4_selective_hybrid_medium,1,10,319,50493,1,1,0.939313530921936,1
C4_selective_hybrid_medium,1,10,348,50531,1,1,0.9363505244255066,1
C4_selective_hybrid_medium,1,10,361,50571,2,0,0.6890460252761841,1
C4_selective_hybrid_medium,1,10,376,50612,1,1,0.8139315247535706,1
C4_selective_hybrid_medium,1,10,388,50626,1,1,0.9443362951278687,1
C4_selective_hybrid_medium,1,10,393,50647,1,1,0.9399985671043396,1
C4_selective_hybrid_medium,1,10,397,50656,2,0,0.39565837383270264,0
C4_selective_hybrid_medium,1,10,405,50686,1,1,0.9440911412239075,1
C4_selective_hybrid_medium,1,10,414,50695,1,1,0.4115050137042999,0
C4_selective_hybrid_medium,1,10,448,50745,1,1,0.9417252540588379,1
C4_selective_hybrid_medium,1,10,461,50775,2,0,0.08984600007534027,0
C4_selective_hybrid_medium,1,10,464,50778,2,0,0.09138265997171402,0
C4_selective_hybrid_medium,1,10,466,50781,2,0,0.3755476772785187,0
C4_selective_hybrid_medium,1,10,476,50799,1,1,0.9416159391403198,1
C4_selective_hybrid_medium,1,10,478,50801,1,1,0.8781512379646301,1
C4_selective_hybrid_medium,1,10,486,50820,2,0,0.0983433648943901,0
C4_selective_hybrid_medium,1,10,489,50823,1,1,0.9309266805648804,1
C4_selective_hybrid_medium,1,10,490,50824,1,1,0.7120190262794495,1
C4_selective_hybrid_medium,1,10,519,50985,1,1,0.9398998618125916,1
C4_selective_hybrid_medium,1,10,568,51040,2,0,0.09114929288625717,0
C4_selective_hybrid_medium,1,10,570,51042,2,0,0.09444112330675125,0
C4_selective_hybrid_medium,1,10,579,51052,2,0,0.08968157321214676,0
C4_selective_hybrid_medium,1,10,586,51059,2,0,0.09446089714765549,0
C4_selective_hybrid_medium,1,10,589,51062,2,0,0.09333053231239319,0
C4_selective_hybrid_medium,1,10,606,51080,2,0,0.9443538784980774,1
C4_selective_hybrid_medium,1,10,609,51083,2,0,0.9443588256835938,1
C4_selective_hybrid_medium,1,10,611,51085,2,0,0.9443548917770386,1
C4_selective_hybrid_medium,1,10,652,51133,2,0,0.8367443084716797,1
C4_selective_hybrid_medium,1,10,665,51149,2,0,0.09075357764959335,0
C4_selective_hybrid_medium,1,10,677,51164,1,1,0.9440829157829285,1
C4_selective_hybrid_medium,1,10,688,51182,2,0,0.09807505458593369,0
C4_selective_hybrid_medium,1,10,700,51202,1,1,0.9403014779090881,1
C4_selective_hybrid_medium,1,10,705,51207,1,1,0.9417744278907776,1
C4_selective_hybrid_medium,1,10,721,51225,1,1,0.8461807370185852,1
C4_selective_hybrid_medium,1,10,740,51254,2,0,0.08968035131692886,0
C4_selective_hybrid_medium,1,10,748,51265,2,0,0.10359036922454834,0
C4_selective_hybrid_medium,1,10,749,51266,2,0,0.9026960730552673,1
C4_selective_hybrid_medium,1,10,756,51275,2,0,0.09663915634155273,0
C4_selective_hybrid_medium,1,10,766,51294,1,1,0.8761731386184692,1
C4_selective_hybrid_medium,1,10,768,51297,1,1,0.9444110989570618,1
C4_selective_hybrid_medium,1,10,772,51301,1,1,0.6819131970405579,1
C4_selective_hybrid_medium,1,10,779,51308,2,0,0.10537585616111755,0
C4_selective_hybrid_medium,1,10,780,51309,2,0,0.9427313208580017,1
C4_selective_hybrid_medium,1,10,782,51313,2,0,0.10052395612001419,0
C4_selective_hybrid_medium,1,10,800,51335,2,0,0.20503175258636475,0
C4_selective_hybrid_medium,1,10,834,51479,2,0,0.0910162627696991,0
C4_selective_hybrid_medium,1,10,850,51564,2,0,0.09419727325439453,0
C4_selective_hybrid_medium,1,10,853,51567,2,0,0.08979443460702896,0
C4_selective_hybrid_medium,1,10,865,51582,1,1,0.9442667365074158,1
C4_selective_hybrid_medium,1,10,868,51585,1,1,0.9437323212623596,1
C4_selective_hybrid_medium,2,1,0,50003,1,1,0.5889832377433777,1
C4_selective_hybrid_medium,2,1,7,50011,1,1,0.8650702238082886,1
C4_selective_hybrid_medium,2,1,35,50044,2,0,0.1332595944404602,0
C4_selective_hybrid_medium,2,1,39,50048,2,0,0.6734442710876465,1
C4_selective_hybrid_medium,2,1,45,50054,2,0,0.8603368997573853,1
C4_selective_hybrid_medium,2,1,48,50059,2,0,0.804902195930481,1
C4_selective_hybrid_medium,2,1,53,50105,2,0,0.48252424597740173,0
C4_selective_hybrid_medium,2,1,55,50107,2,0,0.5646375417709351,1
C4_selective_hybrid_medium,2,1,72,50129,1,1,0.8673538565635681,1
C4_selective_hybrid_medium,2,1,73,50130,1,1,0.8666236996650696,1
C4_selective_hybrid_medium,2,1,78,50142,1,1,0.8666093945503235,1
C4_selective_hybrid_medium,2,1,81,50145,1,1,0.4055602252483368,0
C4_selective_hybrid_medium,2,1,86,50150,1,1,0.2300971895456314,0
C4_selective_hybrid_medium,2,1,95,50162,2,0,0.130937859416008,0
C4_selective_hybrid_medium,2,1,127,50214,2,0,0.1350308358669281,0
C4_selective_hybrid_medium,2,1,138,50243,1,1,0.860109269618988,1
C4_selective_hybrid_medium,2,1,144,50251,1,1,0.6171889901161194,1
C4_selective_hybrid_medium,2,1,149,50257,2,0,0.1299131065607071,0
C4_selective_hybrid_medium,2,1,176,50292,1,1,0.8673610687255859,1
C4_selective_hybrid_medium,2,1,182,50300,1,1,0.2217497080564499,0
C4_selective_hybrid_medium,2,1,192,50319,1,1,0.8675481677055359,1
C4_selective_hybrid_medium,2,1,193,50320,1,1,0.86735999584198,1
C4_selective_hybrid_medium,2,1,204,50335,2,0,0.13092456758022308,0
C4_selective_hybrid_medium,2,1,205,50336,2,0,0.7153573632240295,1
C4_selective_hybrid_medium,2,1,231,50362,2,0,0.12891757488250732,0
C4_selective_hybrid_medium,2,1,234,50365,2,0,0.1266840696334839,0
C4_selective_hybrid_medium,2,1,242,50374,2,0,0.2902403175830841,0
C4_selective_hybrid_medium,2,1,247,50380,2,0,0.4440446197986603,0
C4_selective_hybrid_medium,2,1,248,50381,2,0,0.21001692116260529,0
C4_selective_hybrid_medium,2,1,253,50387,2,0,0.13282272219657898,0
C4_selective_hybrid_medium,2,1,259,50402,1,1,0.21204504370689392,0
C4_selective_hybrid_medium,2,1,285,50435,2,0,0.1951027512550354,0
C4_selective_hybrid_medium,2,1,286,50436,2,0,0.8236281275749207,1
C4_selective_hybrid_medium,2,1,295,50445,2,0,0.13866999745368958,0
C4_selective_hybrid_medium,2,1,300,50453,2,0,0.8259356617927551,1
C4_selective_hybrid_medium,2,1,307,50477,1,1,0.8662691116333008,1
C4_selective_hybrid_medium,2,1,329,50504,1,1,0.8596745729446411,1
C4_selective_hybrid_medium,2,1,345,50528,1,1,0.8634552955627441,1
C4_selective_hybrid_medium,2,1,348,50531,1,1,0.8208993673324585,1
C4_selective_hybrid_medium,2,1,357,50565,2,0,0.493293434381485,0
C4_selective_hybrid_medium,2,1,359,50569,2,0,0.7411696314811707,1
C4_selective_hybrid_medium,2,1,360,50570,2,0,0.1261918693780899,0
C4_selective_hybrid_medium,2,1,369,50601,1,1,0.5098662972450256,1
C4_selective_hybrid_medium,2,1,374,50607,1,1,0.13047027587890625,0
C4_selective_hybrid_medium,2,1,385,50623,1,1,0.8662942051887512,1
C4_selective_hybrid_medium,2,1,405,50686,1,1,0.8590996861457825,1
C4_selective_hybrid_medium,2,1,411,50692,2,0,0.12714719772338867,0
C4_selective_hybrid_medium,2,1,412,50693,1,1,0.3140929639339447,0
C4_selective_hybrid_medium,2,1,425,50706,2,0,0.27921465039253235,0
C4_selective_hybrid_medium,2,1,432,50724,2,0,0.12665106356143951,0
C4_selective_hybrid_medium,2,1,466,50781,2,0,0.8112040162086487,1
C4_selective_hybrid_medium,2,1,468,50783,2,0,0.12731005251407623,0
C4_selective_hybrid_medium,2,1,471,50791,1,1,0.8624234795570374,1
C4_selective_hybrid_medium,2,1,484,50817,2,0,0.12618738412857056,0
C4_selective_hybrid_medium,2,1,495,50957,1,1,0.8670180439949036,1
C4_selective_hybrid_medium,2,1,505,50968,1,1,0.8556618094444275,1
C4_selective_hybrid_medium,2,1,506,50969,1,1,0.8668897747993469,1
C4_selective_hybrid_medium,2,1,513,50978,1,1,0.8587343096733093,1
C4_selective_hybrid_medium,2,1,526,50992,1,1,0.7643573880195618,1
C4_selective_hybrid_medium,2,1,532,50999,1,1,0.8673067092895508,1
C4_selective_hybrid_medium,2,1,555,51025,1,1,0.8673558831214905,1
C4_selective_hybrid_medium,2,1,556,51026,1,1,0.8664060235023499,1
C4_selective_hybrid_medium,2,1,566,51038,2,0,0.17620186507701874,0
C4_selective_hybrid_medium,2,1,575,51048,2,0,0.244354709982872,0
C4_selective_hybrid_medium,2,1,585,51058,2,0,0.1342773586511612,0
C4_selective_hybrid_medium,2,1,596,51069,2,0,0.12618762254714966,0
C4_selective_hybrid_medium,2,1,603,51077,2,0,0.4166033864021301,0
C4_selective_hybrid_medium,2,1,612,51086,2,0,0.12623676657676697,0
C4_selective_hybrid_medium,2,1,653,51134,2,0,0.15399746596813202,0
C4_selective_hybrid_medium,2,1,684,51178,1,1,0.8674872517585754,1
C4_selective_hybrid_medium,2,1,686,51180,2,0,0.1973922848701477,0
C4_selective_hybrid_medium,2,1,687,51181,2,0,0.435506671667099,0
C4_selective_hybrid_medium,2,1,695,51192,2,0,0.12619420886039734,0
C4_selective_hybrid_medium,2,1,710,51214,1,1,0.8646694421768188,1
C4_selective_hybrid_medium,2,1,716,51220,1,1,0.8672550916671753,1
C4_selective_hybrid_medium,2,1,721,51225,1,1,0.8383488655090332,1
C4_selective_hybrid_medium,2,1,749,51266,2,0,0.867525577545166,1
C4_selective_hybrid_medium,2,1,750,51267,2,0,0.20732048153877258,0
C4_selective_hybrid_medium,2,1,771,51300,1,1,0.8673557043075562,1
C4_selective_hybrid_medium,2,1,792,51327,1,1,0.8591797351837158,1
C4_selective_hybrid_medium,2,1,793,51328,1,1,0.8596147298812866,1
C4_selective_hybrid_medium,2,1,806,51342,2,0,0.14038893580436707,0
C4_selective_hybrid_medium,2,1,808,51344,2,0,0.2883790135383606,0
C4_selective_hybrid_medium,2,1,816,51356,2,0,0.8675119876861572,1
C4_selective_hybrid_medium,2,1,823,51364,2,0,0.27920645475387573,0
C4_selective_hybrid_medium,2,1,837,51482,2,0,0.1410769820213318,0
C4_selective_hybrid_medium,2,1,867,51584,1,1,0.8669888973236084,1
C4_selective_hybrid_medium,2,1,869,51606,1,1,0.22102224826812744,0
C4_selective_hybrid_medium,2,2,2,50005,1,1,0.8807913064956665,1
C4_selective_hybrid_medium,2,2,6,50010,1,1,0.8865739703178406,1
C4_selective_hybrid_medium,2,2,10,50014,1,1,0.8878487348556519,1
C4_selective_hybrid_medium,2,2,24,50033,2,0,0.09418301284313202,0
C4_selective_hybrid_medium,2,2,30,50039,2,0,0.7099738717079163,1
C4_selective_hybrid_medium,2,2,67,50123,1,1,0.8886888027191162,1
C4_selective_hybrid_medium,2,2,76,50134,1,1,0.8840286135673523,1
C4_selective_hybrid_medium,2,2,79,50143,1,1,0.885428249835968,1
C4_selective_hybrid_medium,2,2,92,50159,2,0,0.8887206315994263,1
C4_selective_hybrid_medium,2,2,98,50167,2,0,0.1003071665763855,0
C4_selective_hybrid_medium,2,2,101,50170,2,0,0.0967918261885643,0
C4_selective_hybrid_medium,2,2,115,50198,2,0,0.12539251148700714,0
C4_selective_hybrid_medium,2,2,129,50217,2,0,0.09150071442127228,0
C4_selective_hybrid_medium,2,2,140,50247,1,1,0.8890094757080078,1
C4_selective_hybrid_medium,2,2,153,50262,2,0,0.09243448823690414,0
C4_selective_hybrid_medium,2,2,155,50264,2,0,0.10526622086763382,0
C4_selective_hybrid_medium,2,2,164,50273,1,1,0.8857749700546265,1
C4_selective_hybrid_medium,2,2,169,50282,1,1,0.7456623315811157,1
C4_selective_hybrid_medium,2,2,180,50297,1,1,0.11489513516426086,0
C4_selective_hybrid_medium,2,2,187,50310,1,1,0.888123631477356,1
C4_selective_hybrid_medium,2,2,202,50333,2,0,0.1177782341837883,0
C4_selective_hybrid_medium,2,2,212,50343,2,0,0.17140398919582367,0
C4_selective_hybrid_medium,2,2,217,50348,2,0,0.09169046580791473,0
C4_selective_hybrid_medium,2,2,228,50359,2,0,0.10790890455245972,0
C4_selective_hybrid_medium,2,2,246,50379,2,0,0.09150324761867523,0
C4_selective_hybrid_medium,2,2,251,50385,2,0,0.8741496801376343,1
C4_selective_hybrid_medium,2,2,277,50422,2,0,0.7489687204360962,1
C4_selective_hybrid_medium,2,2,280,50426,2,0,0.09155075997114182,0
C4_selective_hybrid_medium,2,2,281,50427,2,0,0.09471642971038818,0
C4_selective_hybrid_medium,2,2,288,50438,2,0,0.09193158149719238,0
C4_selective_hybrid_medium,2,2,293,50443,2,0,0.5286139249801636,1
C4_selective_hybrid_medium,2,2,326,50501,1,1,0.887569010257721,1
C4_selective_hybrid_medium,2,2,336,50518,1,1,0.8880246877670288,1
C4_selective_hybrid_medium,2,2,340,50523,1,1,0.8884633779525757,1
C4_selective_hybrid_medium,2,2,352,50555,2,0,0.09295959770679474,0
C4_selective_hybrid_medium,2,2,354,50558,2,0,0.09676487743854523,0
C4_selective_hybrid_medium,2,2,373,50606,1,1,0.8864519000053406,1
C4_selective_hybrid_medium,2,2,392,50644,1,1,0.8102582693099976,1
C4_selective_hybrid_medium,2,2,396,50654,1,1,0.20884260535240173,0
C4_selective_hybrid_medium,2,2,403,50683,2,0,0.09573358297348022,0
C4_selective_hybrid_medium,2,2,404,50685,2,0,0.15550647675991058,0
C4_selective_hybrid_medium,2,2,417,50698,2,0,0.15260344743728638,0
C4_selective_hybrid_medium,2,2,422,50703,2,0,0.1819416731595993,0
C4_selective_hybrid_medium,2,2,437,50731,2,0,0.09430454671382904,0
C4_selective_hybrid_medium,2,2,450,50749,1,1,0.8858538269996643,1
C4_selective_hybrid_medium,2,2,460,50774,2,0,0.09191503375768661,0
C4_selective_hybrid_medium,2,2,462,50776,2,0,0.09150030463933945,0
C4_selective_hybrid_medium,2,2,474,50797,1,1,0.7088616490364075,1
C4_selective_hybrid_medium,2,2,508,50972,1,1,0.8879085183143616,1
C4_selective_hybrid_medium,2,2,514,50979,1,1,0.45588448643684387,0
C4_selective_hybrid_medium,2,2,537,51006,1,1,0.8889479637145996,1
C4_selective_hybrid_medium,2,2,538,51007,1,1,0.8864905834197998,1
C4_selective_hybrid_medium,2,2,550,51019,1,1,0.8884095549583435,1
C4_selective_hybrid_medium,2,2,554,51024,1,1,0.8775667548179626,1
C4_selective_hybrid_medium,2,2,571,51044,2,0,0.09643730521202087,0
C4_selective_hybrid_medium,2,2,579,51052,2,0,0.09213918447494507,0
C4_selective_hybrid_medium,2,2,583,51056,2,0,0.0978965014219284,0
C4_selective_hybrid_medium,2,2,590,51063,2,0,0.09400197863578796,0
C4_selective_hybrid_medium,2,2,599,51073,2,0,0.09824828803539276,0
C4_selective_hybrid_medium,2,2,622,51097,2,0,0.10992328822612762,0
C4_selective_hybrid_medium,2,2,628,51103,2,0,0.10697196424007416,0
C4_selective_hybrid_medium,2,2,638,51114,2,0,0.6534883975982666,1
C4_selective_hybrid_medium,2,2,661,51142,2,0,0.09228400141000748,0
C4_selective_hybrid_medium,2,2,672,51156,2,0,0.0982750877737999,0
C4_selective_hybrid_medium,2,2,677,51164,1,1,0.8890364170074463,1
C4_selective_hybrid_medium,2,2,689,51183,2,0,0.15600553154945374,0
C4_selective_hybrid_medium,2,2,705,51207,1,1,0.8846668004989624,1
C4_selective_hybrid_medium,2,2,706,51208,1,1,0.4287709593772888,0
C4_selective_hybrid_medium,2,2,709,51212,1,1,0.8805388808250427,1
C4_selective_hybrid_medium,2,2,720,51224,1,1,0.8869532346725464,1
C4_selective_hybrid_medium,2,2,723,51228,1,1,0.8889306783676147,1
C4_selective_hybrid_medium,2,2,728,51235,1,1,0.8882800936698914,1
C4_selective_hybrid_medium,2,2,735,51249,1,1,0.8867525458335876,1
C4_selective_hybrid_medium,2,2,737,51251,2,0,0.5210612416267395,1
C4_selective_hybrid_medium,2,2,741,51255,2,0,0.09258493036031723,0
C4_selective_hybrid_medium,2,2,767,51295,1,1,0.885399341583252,1
C4_selective_hybrid_medium,2,2,769,51298,1,1,0.8802689909934998,1
C4_selective_hybrid_medium,2,2,770,51299,1,1,0.8802295923233032,1
C4_selective_hybrid_medium,2,2,791,51326,1,1,0.7695161700248718,1
C4_selective_hybrid_medium,2,2,795,51330,1,1,0.8797788023948669,1
C4_selective_hybrid_medium,2,2,805,51341,2,0,0.20098893344402313,0
C4_selective_hybrid_medium,2,2,838,51484,2,0,0.0917554646730423,0
C4_selective_hybrid_medium,2,2,853,51567,2,0,0.09191972762346268,0
C4_selective_hybrid_medium,2,2,856,51570,2,0,0.1186956986784935,0
C4_selective_hybrid_medium,2,2,858,51573,1,1,0.5802031755447388,1
C4_selective_hybrid_medium,2,2,865,51582,1,1,0.8832311630249023,1
C4_selective_hybrid_medium,2,2,868,51585,1,1,0.8890256881713867,1
C4_selective_hybrid_medium,2,3,1,50004,1,1,0.6967974305152893,1
C4_selective_hybrid_medium,2,3,4,50007,1,1,0.47421467304229736,0
C4_selective_hybrid_medium,2,3,25,50034,2,0,0.3012525737285614,0
C4_selective_hybrid_medium,2,3,34,50043,2,0,0.34195592999458313,0
C4_selective_hybrid_medium,2,3,62,50116,2,0,0.42392629384994507,0
C4_selective_hybrid_medium,2,3,108,50188,1,1,0.3004043996334076,0
C4_selective_hybrid_medium,2,3,117,50200,2,0,0.29958850145339966,0
C4_selective_hybrid_medium,2,3,125,50210,2,0,0.30070340633392334,0
C4_selective_hybrid_medium,2,3,141,50248,1,1,0.5713332891464233,1
C4_selective_hybrid_medium,2,3,152,50261,2,0,0.5551102757453918,1
C4_selective_hybrid_medium,2,3,162,50271,2,0,0.41895943880081177,0
C4_selective_hybrid_medium,2,3,163,50272,1,1,0.6933794617652893,1
C4_selective_hybrid_medium,2,3,177,50293,1,1,0.6037442684173584,1
C4_selective_hybrid_medium,2,3,178,50294,1,1,0.6838546395301819,1
C4_selective_hybrid_medium,2,3,200,50331,2,0,0.30780163407325745,0
C4_selective_hybrid_medium,2,3,209,50340,2,0,0.30070003867149353,0
C4_selective_hybrid_medium,2,3,218,50349,2,0,0.29983657598495483,0
C4_selective_hybrid_medium,2,3,229,50360,2,0,0.31996217370033264,0
C4_selective_hybrid_medium,2,3,243,50375,2,0,0.30575770139694214,0
C4_selective_hybrid_medium,2,3,244,50376,2,0,0.3884733319282532,0
C4_selective_hybrid_medium,2,3,265,50408,1,1,0.29985809326171875,0
C4_selective_hybrid_medium,2,3,274,50418,2,0,0.38117069005966187,0
C4_selective_hybrid_medium,2,3,283,50433,2,0,0.33395111560821533,0
C4_selective_hybrid_medium,2,3,302,50466,2,0,0.33981776237487793,0
C4_selective_hybrid_medium,2,3,311,50483,1,1,0.5893247127532959,1
C4_selective_hybrid_medium,2,3,313,50486,1,1,0.6863583922386169,1
C4_selective_hybrid_medium,2,3,321,50496,1,1,0.5537006258964539,1
C4_selective_hybrid_medium,2,3,322,50497,1,1,0.700017511844635,1
C4_selective_hybrid_medium,2,3,341,50524,1,1,0.6882902383804321,1
C4_selective_hybrid_medium,2,3,342,50525,1,1,0.6692583560943604,1
C4_selective_hybrid_medium,2,3,355,50561,2,0,0.31029602885246277,0
C4_selective_hybrid_medium,2,3,368,50578,2,0,0.6409415006637573,1
C4_selective_hybrid_medium,2,3,370,50602,1,1,0.6882832646369934,1
C4_selective_hybrid_medium,2,3,375,50608,1,1,0.560721755027771,1
C4_selective_hybrid_medium,2,3,378,50614,1,1,0.6664743423461914,1
C4_selective_hybrid_medium,2,3,379,50615,1,1,0.6927103400230408,1
C4_selective_hybrid_medium,2,3,390,50628,1,1,0.6992214918136597,1
C4_selective_hybrid_medium,2,3,395,50649,1,1,0.325774222612381,0
C4_selective_hybrid_medium,2,3,399,50664,2,0,0.32274436950683594,0
C4_selective_hybrid_medium,2,3,402,50682,2,0,0.29986801743507385,0
C4_selective_hybrid_medium,2,3,421,50702,1,1,0.7000720500946045,1
C4_selective_hybrid_medium,2,3,429,50711,1,1,0.5844430923461914,1
C4_selective_hybrid_medium,2,3,431,50723,2,0,0.31736546754837036,0
C4_selective_hybrid_medium,2,3,439,50735,2,0,0.40224045515060425,0
C4_selective_hybrid_medium,2,3,440,50737,2,0,0.3714255690574646,0
C4_selective_hybrid_medium,2,3,445,50742,2,0,0.32556718587875366,0
C4_selective_hybrid_medium,2,3,451,50750,1,1,0.6342798471450806,1
C4_selective_hybrid_medium,2,3,454,50754,1,1,0.697499692440033,1
C4_selective_hybrid_medium,2,3,455,50755,1,1,0.6898564696311951,1
C4_selective_hybrid_medium,2,3,477,50800,1,1,0.6714627146720886,1
C4_selective_hybrid_medium,2,3,480,50807,1,1,0.6983351111412048,1
C4_selective_hybrid_medium,2,3,497,50959,1,1,0.45719993114471436,0
C4_selective_hybrid_medium,2,3,516,50982,1,1,0.5869183540344238,1
C4_selective_hybrid_medium,2,3,525,50991,1,1,0.5079904794692993,1
C4_selective_hybrid_medium,2,3,548,51017,1,1,0.6824584007263184,1
C4_selective_hybrid_medium,2,3,552,51021,1,1,0.5904492139816284,1
C4_selective_hybrid_medium,2,3,587,51060,2,0,0.4259580373764038,0
C4_selective_hybrid_medium,2,3,597,51070,2,0,0.41752946376800537,0
C4_selective_hybrid_medium,2,3,614,51088,2,0,0.3222348392009735,0
C4_selective_hybrid_medium,2,3,621,51096,2,0,0.2998783588409424,0
C4_selective_hybrid_medium,2,3,631,51106,2,0,0.3149277865886688,0
C4_selective_hybrid_medium,2,3,640,51117,2,0,0.46251192688941956,0
C4_selective_hybrid_medium,2,3,644,51124,2,0,0.4255341589450836,0
C4_selective_hybrid_medium,2,3,650,51131,2,0,0.3026556968688965,0
C4_selective_hybrid_medium,2,3,655,51136,2,0,0.42841464281082153,0
C4_selective_hybrid_medium,2,3,657,51138,2,0,0.2996075451374054,0
C4_selective_hybrid_medium,2,3,663,51147,2,0,0.58542799949646,1
C4_selective_hybrid_medium,2,3,669,51153,2,0,0.3738781809806824,0
C4_selective_hybrid_medium,2,3,671,51155,2,0,0.3723982274532318,0
C4_selective_hybrid_medium,2,3,691,51185,2,0,0.6321898102760315,1
C4_selective_hybrid_medium,2,3,693,51188,2,0,0.3018821179866791,0
C4_selective_hybrid_medium,2,3,703,51205,1,1,0.6996872425079346,1
C4_selective_hybrid_medium,2,3,711,51215,1,1,0.5337702631950378,1
C4_selective_hybrid_medium,2,3,724,51229,1,1,0.699228048324585,1
C4_selective_hybrid_medium,2,3,725,51230,1,1,0.6898589134216309,1
C4_selective_hybrid_medium,2,3,754,51272,2,0,0.4595922827720642,0
C4_selective_hybrid_medium,2,3,757,51276,2,0,0.3204876780509949,0
C4_selective_hybrid_medium,2,3,762,51281,2,0,0.2997640073299408,0
C4_selective_hybrid_medium,2,3,772,51301,1,1,0.6238657832145691,1
C4_selective_hybrid_medium,2,3,783,51315,2,0,0.40856024622917175,0
C4_selective_hybrid_medium,2,3,787,51321,1,1,0.465919554233551,0
C4_selective_hybrid_medium,2,3,813,51350,1,1,0.6737064123153687,1
C4_selective_hybrid_medium,2,3,818,51359,2,0,0.687968373298645,1
C4_selective_hybrid_medium,2,3,821,51362,2,0,0.30642634630203247,0
C4_selective_hybrid_medium,2,3,829,51463,1,1,0.6882757544517517,1
C4_selective_hybrid_medium,2,3,836,51481,2,0,0.32333850860595703,0
C4_selective_hybrid_medium,2,3,861,51577,1,1,0.6873482465744019,1
C4_selective_hybrid_medium,2,4,5,50008,1,1,0.9240860342979431,1
C4_selective_hybrid_medium,2,4,17,50025,1,1,0.9247795939445496,1
C4_selective_hybrid_medium,2,4,23,50032,2,0,0.1086680069565773,0
C4_selective_hybrid_medium,2,4,26,50035,2,0,0.16747397184371948,0
C4_selective_hybrid_medium,2,4,28,50037,2,0,0.6697826981544495,1
C4_selective_hybrid_medium,2,4,51,50103,2,0,0.917870283126831,1
C4_selective_hybrid_medium,2,4,52,50104,2,0,0.1128942221403122,0
C4_selective_hybrid_medium,2,4,56,50109,2,0,0.26779940724372864,0
C4_selective_hybrid_medium,2,4,58,50112,2,0,0.5763645172119141,1
C4_selective_hybrid_medium,2,4,88,50153,1,1,0.9226588010787964,1
C4_selective_hybrid_medium,2,4,90,50157,2,0,0.12231731414794922,0
C4_selective_hybrid_medium,2,4,100,50169,2,0,0.10460645705461502,0
C4_selective_hybrid_medium,2,4,120,50203,2,0,0.10638456791639328,0
C4_selective_hybrid_medium,2,4,131,50233,1,1,0.9255416989326477,1
C4_selective_hybrid_medium,2,4,136,50240,1,1,0.9265928268432617,1
C4_selective_hybrid_medium,2,4,161,50270,2,0,0.186421737074852,0
C4_selective_hybrid_medium,2,4,165,50274,1,1,0.9263940453529358,1
C4_selective_hybrid_medium,2,4,172,50287,1,1,0.5872631072998047,1
C4_selective_hybrid_medium,2,4,181,50298,1,1,0.9220777750015259,1
C4_selective_hybrid_medium,2,4,191,50318,1,1,0.5390095710754395,1
C4_selective_hybrid_medium,2,4,211,50342,2,0,0.4349576234817505,0
C4_selective_hybrid_medium,2,4,213,50344,2,0,0.10955677926540375,0
C4_selective_hybrid_medium,2,4,214,50345,2,0,0.1043088436126709,0
C4_selective_hybrid_medium,2,4,225,50356,2,0,0.11046865582466125,0
C4_selective_hybrid_medium,2,4,254,50388,2,0,0.10885340720415115,0
C4_selective_hybrid_medium,2,4,271,50415,2,0,0.13359950482845306,0
C4_selective_hybrid_medium,2,4,306,50470,2,0,0.7723449468612671,1
C4_selective_hybrid_medium,2,4,312,50485,1,1,0.1043005883693695,0
C4_selective_hybrid_medium,2,4,314,50487,1,1,0.926580548286438,1
C4_selective_hybrid_medium,2,4,315,50488,1,1,0.9266505837440491,1
C4_selective_hybrid_medium,2,4,316,50490,1,1,0.9182993769645691,1
C4_selective_hybrid_medium,2,4,334,50515,1,1,0.9266000986099243,1
C4_selective_hybrid_medium,2,4,335,50516,1,1,0.7550387978553772,1
C4_selective_hybrid_medium,2,4,356,50563,2,0,0.10432411730289459,0
C4_selective_hybrid_medium,2,4,383,50621,1,1,0.9261675477027893,1
C4_selective_hybrid_medium,2,4,388,50626,1,1,0.9259358048439026,1
C4_selective_hybrid_medium,2,4,401,50669,2,0,0.9247051477432251,1
C4_selective_hybrid_medium,2,4,416,50697,1,1,0.9264410734176636,1
C4_selective_hybrid_medium,2,4,424,50705,1,1,0.9115798473358154,1
C4_selective_hybrid_medium,2,4,442,50739,2,0,0.4552280902862549,0
C4_selective_hybrid_medium,2,4,448,50745,1,1,0.925911009311676,1
C4_selective_hybrid_medium,2,4,452,50751,1,1,0.9219421744346619,1
C4_selective_hybrid_medium,2,4,453,50752,1,1,0.9081450700759888,1
C4_selective_hybrid_medium,2,4,457,50757,1,1,0.851499617099762,1
C4_selective_hybrid_medium,2,4,458,50772,2,0,0.9246610999107361,1
C4_selective_hybrid_medium,2,4,464,50778,2,0,0.21656304597854614,0
C4_selective_hybrid_medium,2,4,473,50796,1,1,0.9266822934150696,1
C4_selective_hybrid_medium,2,4,476,50799,1,1,0.9244247078895569,1
C4_selective_hybrid_medium,2,4,483,50816,2,0,0.1116630882024765,0
C4_selective_hybrid_medium,2,4,515,50981,1,1,0.9264192581176758,1
C4_selective_hybrid_medium,2,4,522,50988,1,1,0.9266214966773987,1
C4_selective_hybrid_medium,2,4,545,51014,1,1,0.9248557090759277,1
C4_selective_hybrid_medium,2,4,561,51032,1,1,0.9266570210456848,1
C4_selective_hybrid_medium,2,4,572,51045,2,0,0.11329028755426407,0
C4_selective_hybrid_medium,2,4,580,51053,2,0,0.11927130818367004,0
C4_selective_hybrid_medium,2,4,581,51054,2,0,0.10530892759561539,0
C4_selective_hybrid_medium,2,4,606,51080,2,0,0.8443135619163513,1
C4_selective_hybrid_medium,2,4,607,51081,2,0,0.10866785049438477,0
C4_selective_hybrid_medium,2,4,609,51083,2,0,0.9258744716644287,1
C4_selective_hybrid_medium,2,4,630,51105,2,0,0.11540022492408752,0
C4_selective_hybrid_medium,2,4,637,51113,2,0,0.11268500983715057,0
C4_selective_hybrid_medium,2,4,646,51127,2,0,0.915350615978241,1
C4_selective_hybrid_medium,2,4,647,51128,2,0,0.10786152631044388,0
C4_selective_hybrid_medium,2,4,652,51133,2,0,0.8630317449569702,1
C4_selective_hybrid_medium,2,4,658,51139,2,0,0.11229732632637024,0
C4_selective_hybrid_medium,2,4,659,51140,2,0,0.10553093254566193,0
C4_selective_hybrid_medium,2,4,664,51148,2,0,0.11148052662611008,0
C4_selective_hybrid_medium,2,4,674,51161,1,1,0.9247159957885742,1
C4_selective_hybrid_medium,2,4,675,51162,1,1,0.9265917539596558,1
C4_selective_hybrid_medium,2,4,681,51171,1,1,0.9246083498001099,1
C4_selective_hybrid_medium,2,4,682,51173,1,1,0.9262682795524597,1
C4_selective_hybrid_medium,2,4,697,51197,2,0,0.7297348380088806,1
C4_selective_hybrid_medium,2,4,704,51206,1,1,0.9263902902603149,1
C4_selective_hybrid_medium,2,4,714,51218,1,1,0.9215866327285767,1
C4_selective_hybrid_medium,2,4,718,51222,1,1,0.10791610926389694,0
C4_selective_hybrid_medium,2,4,733,51241,1,1,0.9126349091529846,1
C4_selective_hybrid_medium,2,4,759,51278,2,0,0.7527480721473694,1
C4_selective_hybrid_medium,2,4,766,51294,1,1,0.9023028016090393,1
C4_selective_hybrid_medium,2,4,775,51304,2,0,0.17350129783153534,0
C4_selective_hybrid_medium,2,4,776,51305,2,0,0.10430260747671127,0
C4_selective_hybrid_medium,2,4,799,51334,2,0,0.10732905566692352,0
C4_selective_hybrid_medium,2,4,804,51340,2,0,0.11414339393377304,0
C4_selective_hybrid_medium,2,4,811,51347,2,0,0.10492800176143646,0
C4_selective_hybrid_medium,2,4,830,51464,1,1,0.922514796257019,1
C4_selective_hybrid_medium,2,4,835,51480,2,0,0.1135387271642685,0
C4_selective_hybrid_medium,2,4,855,51569,2,0,0.1828126460313797,0
C4_selective_hybrid_medium,2,4,862,51578,1,1,0.9237236380577087,1
C4_selective_hybrid_medium,2,5,3,50006,1,1,0.8937600255012512,1
C4_selective_hybrid_medium,2,5,8,50012,1,1,0.8879261016845703,1
C4_selective_hybrid_medium,2,5,12,50016,1,1,0.8938102126121521,1
C4_selective_hybrid_medium,2,5,14,50022,1,1,0.07561485469341278,0
C4_selective_hybrid_medium,2,5,19,50027,1,1,0.07266388088464737,0
C4_selective_hybrid_medium,2,5,21,50030,2,0,0.07282935082912445,0
C4_selective_hybrid_medium,2,5,29,50038,2,0,0.07404881715774536,0
C4_selective_hybrid_medium,2,5,31,50040,2,0,0.07790526002645493,0
C4_selective_hybrid_medium,2,5,63,50117,2,0,0.07370145618915558,0
C4_selective_hybrid_medium,2,5,80,50144,1,1,0.8936676979064941,1
C4_selective_hybrid_medium,2,5,82,50146,1,1,0.0732836052775383,0
C4_selective_hybrid_medium,2,5,103,50182,1,1,0.8370081782341003,1
C4_selective_hybrid_medium,2,5,113,50195,2,0,0.07471999526023865,0
C4_selective_hybrid_medium,2,5,119,50202,2,0,0.07927832007408142,0
C4_selective_hybrid_medium,2,5,126,50213,2,0,0.07264543324708939,0
C4_selective_hybrid_medium,2,5,135,50239,1,1,0.07578692585229874,0
C4_selective_hybrid_medium,2,5,142,50249,1,1,0.893803060054779,1
C4_selective_hybrid_medium,2,5,156,50265,2,0,0.0737602710723877,0
C4_selective_hybrid_medium,2,5,157,50266,2,0,0.07266169786453247,0
C4_selective_hybrid_medium,2,5,170,50284,1,1,0.7012023329734802,1
C4_selective_hybrid_medium,2,5,173,50289,1,1,0.7506341338157654,1
C4_selective_hybrid_medium,2,5,175,50291,1,1,0.5033828020095825,1
C4_selective_hybrid_medium,2,5,186,50308,1,1,0.6766343116760254,1
C4_selective_hybrid_medium,2,5,195,50324,1,1,0.8255550861358643,1
C4_selective_hybrid_medium,2,5,197,50327,2,0,0.07314150780439377,0
C4_selective_hybrid_medium,2,5,198,50329,2,0,0.0742557942867279,0
C4_selective_hybrid_medium,2,5,199,50330,2,0,0.0726647824048996,0
C4_selective_hybrid_medium,2,5,206,50337,2,0,0.07480613142251968,0
C4_selective_hybrid_medium,2,5,222,50353,2,0,0.07318124175071716,0
C4_selective_hybrid_medium,2,5,236,50367,2,0,0.07420261204242706,0
C4_selective_hybrid_medium,2,5,240,50372,2,0,0.07323398441076279,0
C4_selective_hybrid_medium,2,5,264,50407,1,1,0.884131908416748,1
C4_selective_hybrid_medium,2,5,267,50411,1,1,0.8902150988578796,1
C4_selective_hybrid_medium,2,5,272,50416,2,0,0.07325878739356995,0
C4_selective_hybrid_medium,2,5,275,50419,2,0,0.07260498404502869,0
C4_selective_hybrid_medium,2,5,279,50425,2,0,0.0754300057888031,0
C4_selective_hybrid_medium,2,5,292,50442,2,0,0.07733681797981262,0
C4_selective_hybrid_medium,2,5,297,50447,2,0,0.15868127346038818,0
C4_selective_hybrid_medium,2,5,298,50448,2,0,0.08952487260103226,0
C4_selective_hybrid_medium,2,5,305,50469,2,0,0.07431051880121231,0
C4_selective_hybrid_medium,2,5,309,50481,1,1,0.8924513459205627,1
C4_selective_hybrid_medium,2,5,319,50493,1,1,0.8848990797996521,1
C4_selective_hybrid_medium,2,5,320,50494,1,1,0.11623568832874298,0
C4_selective_hybrid_medium,2,5,325,50500,1,1,0.890207052230835,1
C4_selective_hybrid_medium,2,5,331,50509,1,1,0.8882431387901306,1
C4_selective_hybrid_medium,2,5,332,50510,1,1,0.8894957900047302,1
C4_selective_hybrid_medium,2,5,338,50520,1,1,0.8903773427009583,1
C4_selective_hybrid_medium,2,5,346,50529,1,1,0.8869989514350891,1
C4_selective_hybrid_medium,2,5,367,50577,2,0,0.0726587250828743,0
C4_selective_hybrid_medium,2,5,381,50619,1,1,0.8882735967636108,1
C4_selective_hybrid_medium,2,5,384,50622,1,1,0.8897637128829956,1
C4_selective_hybrid_medium,2,5,398,50659,2,0,0.17367352545261383,0
C4_selective_hybrid_medium,2,5,400,50665,2,0,0.1852196305990219,0
C4_selective_hybrid_medium,2,5,433,50725,2,0,0.07363048195838928,0
C4_selective_hybrid_medium,2,5,436,50730,2,0,0.07291854918003082,0
C4_selective_hybrid_medium,2,5,487,50821,2,0,0.07264174520969391,0
C4_selective_hybrid_medium,2,5,492,50954,1,1,0.09878047555685043,0
C4_selective_hybrid_medium,2,5,503,50966,1,1,0.27714619040489197,0
C4_selective_hybrid_medium,2,5,520,50986,1,1,0.07997585088014603,0
C4_selective_hybrid_medium,2,5,530,50996,1,1,0.8911319375038147,1
C4_selective_hybrid_medium,2,5,546,51015,1,1,0.07289343327283859,0
C4_selective_hybrid_medium,2,5,559,51029,1,1,0.8927907943725586,1
C4_selective_hybrid_medium,2,5,560,51030,1,1,0.8936169147491455,1
C4_selective_hybrid_medium,2,5,589,51062,2,0,0.0775245875120163,0
C4_selective_hybrid_medium,2,5,594,51067,2,0,0.08041076362133026,0
C4_selective_hybrid_medium,2,5,602,51076,2,0,0.08078964054584503,0
C4_selective_hybrid_medium,2,5,613,51087,2,0,0.07406365126371384,0
C4_selective_hybrid_medium,2,5,625,51100,2,0,0.07486070692539215,0
C4_selective_hybrid_medium,2,5,629,51104,2,0,0.07428915053606033,0
C4_selective_hybrid_medium,2,5,635,51111,2,0,0.07374010235071182,0
C4_selective_hybrid_medium,2,5,678,51168,1,1,0.6706138849258423,1
C4_selective_hybrid_medium,2,5,690,51184,2,0,0.23231297731399536,0
C4_selective_hybrid_medium,2,5,727,51234,1,1,0.882392942905426,1
C4_selective_hybrid_medium,2,5,743,51257,2,0,0.13601288199424744,0
C4_selective_hybrid_medium,2,5,774,51303,2,0,0.07520989328622818,0
C4_selective_hybrid_medium,2,5,780,51309,2,0,0.8919958472251892,1
C4_selective_hybrid_medium,2,5,786,51320,1,1,0.8908370733261108,1
C4_selective_hybrid_medium,2,5,810,51346,2,0,0.07563712447881699,0
C4_selective_hybrid_medium,2,5,814,51351,1,1,0.09452120959758759,0
C4_selective_hybrid_medium,2,5,815,51354,1,1,0.8415068984031677,1
C4_selective_hybrid_medium,2,5,820,51361,2,0,0.0733233168721199,0
C4_selective_hybrid_medium,2,5,834,51479,2,0,0.07811486721038818,0
C4_selective_hybrid_medium,2,5,841,51491,2,0,0.0764780342578888,0
C4_selective_hybrid_medium,2,5,844,51557,2,0,0.07520794123411179,0
C4_selective_hybrid_medium,2,5,845,51558,2,0,0.07266411185264587,0
C4_selective_hybrid_medium,2,5,846,51559,2,0,0.07308748364448547,0
C4_selective_hybrid_medium,2,5,870,51607,1,1,0.08459123224020004,0
C4_selective_hybrid_medium,2,6,13,50020,1,1,0.8823089599609375,1
C4_selective_hybrid_medium,2,6,15,50023,1,1,0.8562084436416626,1
C4_selective_hybrid_medium,2,6,22,50031,2,0,0.0847771167755127,0
C4_selective_hybrid_medium,2,6,59,50113,2,0,0.08710949122905731,0
C4_selective_hybrid_medium,2,6,60,50114,2,0,0.08562155067920685,0
C4_selective_hybrid_medium,2,6,65,50119,1,1,0.08462810516357422,0
C4_selective_hybrid_medium,2,6,71,50128,1,1,0.8507941961288452,1
C4_selective_hybrid_medium,2,6,77,50135,1,1,0.8826964497566223,1
C4_selective_hybrid_medium,2,6,89,50156,1,1,0.8821992874145508,1
C4_selective_hybrid_medium,2,6,93,50160,2,0,0.08580483496189117,0
C4_selective_hybrid_medium,2,6,94,50161,2,0,0.137082040309906,0
C4_selective_hybrid_medium,2,6,96,50163,2,0,0.15332625806331635,0
C4_selective_hybrid_medium,2,6,128,50215,2,0,0.08538646250963211,0
C4_selective_hybrid_medium,2,6,143,50250,1,1,0.0956922322511673,0
C4_selective_hybrid_medium,2,6,166,50275,1,1,0.8644555807113647,1
C4_selective_hybrid_medium,2,6,167,50276,1,1,0.8807534575462341,1
C4_selective_hybrid_medium,2,6,168,50278,1,1,0.8836191296577454,1
C4_selective_hybrid_medium,2,6,171,50285,1,1,0.7505235075950623,1
C4_selective_hybrid_medium,2,6,174,50290,1,1,0.5794599056243896,1
C4_selective_hybrid_medium,2,6,190,50315,1,1,0.8827050924301147,1
C4_selective_hybrid_medium,2,6,219,50350,2,0,0.08649618178606033,0
C4_selective_hybrid_medium,2,6,220,50351,2,0,0.08675169944763184,0
C4_selective_hybrid_medium,2,6,227,50358,2,0,0.08921327441930771,0
C4_selective_hybrid_medium,2,6,235,50366,2,0,0.0846128910779953,0
C4_selective_hybrid_medium,2,6,276,50421,2,0,0.08563147485256195,0
C4_selective_hybrid_medium,2,6,287,50437,2,0,0.8825219869613647,1
C4_selective_hybrid_medium,2,6,290,50440,2,0,0.09221449494361877,0
C4_selective_hybrid_medium,2,6,310,50482,1,1,0.8836463093757629,1
C4_selective_hybrid_medium,2,6,327,50502,1,1,0.8835047483444214,1
C4_selective_hybrid_medium,2,6,333,50514,1,1,0.5617080926895142,1
C4_selective_hybrid_medium,2,6,337,50519,1,1,0.8745723962783813,1
C4_selective_hybrid_medium,2,6,350,50551,2,0,0.11093613505363464,0
C4_selective_hybrid_medium,2,6,362,50572,2,0,0.08457386493682861,0
C4_selective_hybrid_medium,2,6,382,50620,1,1,0.11425132304430008,0
C4_selective_hybrid_medium,2,6,393,50647,1,1,0.6076019406318665,1
C4_selective_hybrid_medium,2,6,406,50687,2,0,0.3509864807128906,0
C4_selective_hybrid_medium,2,6,408,50689,1,1,0.8787713050842285,1
C4_selective_hybrid_medium,2,6,409,50690,1,1,0.08541319519281387,0
C4_selective_hybrid_medium,2,6,418,50699,2,0,0.858971118927002,1
C4_selective_hybrid_medium,2,6,423,50704,1,1,0.5239907503128052,1
C4_selective_hybrid_medium,2,6,426,50707,2,0,0.08520668745040894,0
C4_selective_hybrid_medium,2,6,435,50728,2,0,0.09761116653680801,0
C4_selective_hybrid_medium,2,6,449,50748,1,1,0.8679185509681702,1
C4_selective_hybrid_medium,2,6,456,50756,1,1,0.649543046951294,1
C4_selective_hybrid_medium,2,6,467,50782,2,0,0.08510909229516983,0
C4_selective_hybrid_medium,2,6,486,50820,2,0,0.0864650309085846,0
C4_selective_hybrid_medium,2,6,488,50822,2,0,0.08463095128536224,0
C4_selective_hybrid_medium,2,6,489,50823,1,1,0.8824992179870605,1
C4_selective_hybrid_medium,2,6,499,50961,1,1,0.4670601189136505,0
C4_selective_hybrid_medium,2,6,500,50962,1,1,0.09277219325304031,0
C4_selective_hybrid_medium,2,6,502,50965,1,1,0.8823346495628357,1
C4_selective_hybrid_medium,2,6,531,50997,1,1,0.8622060418128967,1
C4_selective_hybrid_medium,2,6,542,51011,1,1,0.8809897303581238,1
C4_selective_hybrid_medium,2,6,562,51033,1,1,0.7786415219306946,1
C4_selective_hybrid_medium,2,6,577,51050,2,0,0.08449790626764297,0
C4_selective_hybrid_medium,2,6,610,51084,2,0,0.8773622512817383,1
C4_selective_hybrid_medium,2,6,615,51089,2,0,0.08563165366649628,0
C4_selective_hybrid_medium,2,6,639,51116,2,0,0.08765480667352676,0
C4_selective_hybrid_medium,2,6,648,51129,2,0,0.08601105213165283,0
C4_selective_hybrid_medium,2,6,656,51137,2,0,0.08480936288833618,0
C4_selective_hybrid_medium,2,6,679,51169,1,1,0.5901221036911011,1
C4_selective_hybrid_medium,2,6,685,51179,1,1,0.8779745101928711,1
C4_selective_hybrid_medium,2,6,688,51182,2,0,0.08912815153598785,0
C4_selective_hybrid_medium,2,6,700,51202,1,1,0.8793724179267883,1
C4_selective_hybrid_medium,2,6,731,51239,1,1,0.8749126195907593,1
C4_selective_hybrid_medium,2,6,744,51260,2,0,0.08467355370521545,0
C4_selective_hybrid_medium,2,6,746,51262,2,0,0.6651026010513306,1
C4_selective_hybrid_medium,2,6,747,51264,2,0,0.0845654159784317,0
C4_selective_hybrid_medium,2,6,751,51268,2,0,0.08491580933332443,0
C4_selective_hybrid_medium,2,6,753,51271,2,0,0.08520274609327316,0
C4_selective_hybrid_medium,2,6,755,51273,2,0,0.7834149599075317,1
C4_selective_hybrid_medium,2,6,760,51279,2,0,0.08462923020124435,0
C4_selective_hybrid_medium,2,6,763,51291,1,1,0.8826057314872742,1
C4_selective_hybrid_medium,2,6,768,51297,1,1,0.8739084601402283,1
C4_selective_hybrid_medium,2,6,773,51302,1,1,0.22683672606945038,0
C4_selective_hybrid_medium,2,6,779,51308,2,0,0.08657797425985336,0
C4_selective_hybrid_medium,2,6,781,51311,2,0,0.08516673743724823,0
C4_selective_hybrid_medium,2,6,801,51336,2,0,0.0847632959485054,0
C4_selective_hybrid_medium,2,6,809,51345,2,0,0.08636658638715744,0
C4_selective_hybrid_medium,2,6,824,51365,2,0,0.08483517169952393,0
C4_selective_hybrid_medium,2,6,831,51465,1,1,0.8779759407043457,1
C4_selective_hybrid_medium,2,6,840,51488,2,0,0.08447936922311783,0
C4_selective_hybrid_medium,2,6,843,51556,2,0,0.08921121805906296,0
C4_selective_hybrid_medium,2,6,848,51562,2,0,0.08471904695034027,0
C4_selective_hybrid_medium,2,6,849,51563,2,0,0.08502062410116196,0
C4_selective_hybrid_medium,2,6,854,51568,2,0,0.10500212758779526,0
C4_selective_hybrid_medium,2,6,859,51574,1,1,0.8709782958030701,1
C4_selective_hybrid_medium,2,7,38,50047,2,0,0.0738966166973114,0
C4_selective_hybrid_medium,2,7,44,50053,1,1,0.6447885632514954,1
C4_selective_hybrid_medium,2,7,46,50056,1,1,0.9350037574768066,1
C4_selective_hybrid_medium,2,7,47,50057,1,1,0.0753728523850441,0
C4_selective_hybrid_medium,2,7,57,50111,2,0,0.07567929476499557,0
C4_selective_hybrid_medium,2,7,68,50124,1,1,0.9374035596847534,1
C4_selective_hybrid_medium,2,7,69,50125,1,1,0.9379515051841736,1
C4_selective_hybrid_medium,2,7,85,50149,1,1,0.9378687739372253,1
C4_selective_hybrid_medium,2,7,91,50158,2,0,0.08068803697824478,0
C4_selective_hybrid_medium,2,7,97,50164,2,0,0.07344955205917358,0
C4_selective_hybrid_medium,2,7,111,50193,2,0,0.07444688677787781,0
C4_selective_hybrid_medium,2,7,116,50199,2,0,0.07506042718887329,0
C4_selective_hybrid_medium,2,7,137,50241,1,1,0.9380213022232056,1
C4_selective_hybrid_medium,2,7,139,50245,1,1,0.7479007840156555,1
C4_selective_hybrid_medium,2,7,145,50252,1,1,0.3342253565788269,0
C4_selective_hybrid_medium,2,7,147,50254,1,1,0.7524828314781189,1
C4_selective_hybrid_medium,2,7,148,50255,1,1,0.9380552768707275,1
C4_selective_hybrid_medium,2,7,154,50263,2,0,0.07411404699087143,0
C4_selective_hybrid_medium,2,7,159,50268,2,0,0.07514967024326324,0
C4_selective_hybrid_medium,2,7,185,50304,1,1,0.5736472010612488,1
C4_selective_hybrid_medium,2,7,189,50314,1,1,0.9350167512893677,1
C4_selective_hybrid_medium,2,7,201,50332,2,0,0.0734454020857811,0
C4_selective_hybrid_medium,2,7,207,50338,2,0,0.07369832694530487,0
C4_selective_hybrid_medium,2,7,208,50339,2,0,0.07483802735805511,0
C4_selective_hybrid_medium,2,7,230,50361,2,0,0.07452256977558136,0
C4_selective_hybrid_medium,2,7,238,50369,2,0,0.07499388605356216,0
C4_selective_hybrid_medium,2,7,241,50373,2,0,0.07454352080821991,0
C4_selective_hybrid_medium,2,7,249,50382,2,0,0.07344720512628555,0
C4_selective_hybrid_medium,2,7,269,50413,1,1,0.9335394501686096,1
C4_selective_hybrid_medium,2,7,278,50424,2,0,0.07344358414411545,0
C4_selective_hybrid_medium,2,7,308,50480,1,1,0.9379692673683167,1
C4_selective_hybrid_medium,2,7,318,50492,1,1,0.9379791021347046,1
C4_selective_hybrid_medium,2,7,330,50507,1,1,0.5320524573326111,1
C4_selective_hybrid_medium,2,7,351,50552,2,0,0.07700451463460922,0
C4_selective_hybrid_medium,2,7,353,50557,2,0,0.07335708290338516,0
C4_selective_hybrid_medium,2,7,364,50574,2,0,0.08488445729017258,0
C4_selective_hybrid_medium,2,7,371,50603,1,1,0.9363521933555603,1
C4_selective_hybrid_medium,2,7,376,50612,1,1,0.7199134230613708,1
C4_selective_hybrid_medium,2,7,389,50627,1,1,0.7556980848312378,1
C4_selective_hybrid_medium,2,7,410,50691,2,0,0.07345779985189438,0
C4_selective_hybrid_medium,2,7,428,50709,2,0,0.07344339042901993,0
C4_selective_hybrid_medium,2,7,438,50733,2,0,0.07382041960954666,0
C4_selective_hybrid_medium,2,7,441,50738,2,0,0.07680178433656693,0
C4_selective_hybrid_medium,2,7,444,50741,2,0,0.07358107715845108,0
C4_selective_hybrid_medium,2,7,447,50744,1,1,0.9379894733428955,1
C4_selective_hybrid_medium,2,7,463,50777,2,0,0.07381407171487808,0
C4_selective_hybrid_medium,2,7,465,50780,2,0,0.07517058402299881,0
C4_selective_hybrid_medium,2,7,469,50786,2,0,0.07384705543518066,0
C4_selective_hybrid_medium,2,7,478,50801,1,1,0.9376865029335022,1
C4_selective_hybrid_medium,2,7,479,50803,1,1,0.9379405379295349,1
C4_selective_hybrid_medium,2,7,493,50955,1,1,0.07383917272090912,0
C4_selective_hybrid_medium,2,7,510,50974,1,1,0.9379463791847229,1
C4_selective_hybrid_medium,2,7,521,50987,1,1,0.937580406665802,1
C4_selective_hybrid_medium,2,7,534,51001,1,1,0.9376828074455261,1
C4_selective_hybrid_medium,2,7,544,51013,1,1,0.9357054829597473,1
C4_selective_hybrid_medium,2,7,553,51023,1,1,0.9328327178955078,1
C4_selective_hybrid_medium,2,7,558,51028,1,1,0.9379430413246155,1
C4_selective_hybrid_medium,2,7,568,51040,2,0,0.07588756829500198,0
C4_selective_hybrid_medium,2,7,582,51055,2,0,0.07452255487442017,0
C4_selective_hybrid_medium,2,7,586,51059,2,0,0.07656305283308029,0
C4_selective_hybrid_medium,2,7,595,51068,2,0,0.6317092776298523,1
C4_selective_hybrid_medium,2,7,598,51072,2,0,0.6820094585418701,1
C4_selective_hybrid_medium,2,7,600,51074,2,0,0.38010871410369873,0
C4_selective_hybrid_medium,2,7,611,51085,2,0,0.9375128149986267,1
C4_selective_hybrid_medium,2,7,616,51090,2,0,0.07635512948036194,0
C4_selective_hybrid_medium,2,7,623,51098,2,0,0.07704747468233109,0
C4_selective_hybrid_medium,2,7,627,51102,2,0,0.07346808165311813,0
C4_selective_hybrid_medium,2,7,634,51110,2,0,0.07534872740507126,0
C4_selective_hybrid_medium,2,7,651,51132,2,0,0.0755070298910141,0
C4_selective_hybrid_medium,2,7,665,51149,2,0,0.07355096191167831,0
C4_selective_hybrid_medium,2,7,668,51152,2,0,0.0755191519856453,0
C4_selective_hybrid_medium,2,7,670,51154,2,0,0.07343174517154694,0
C4_selective_hybrid_medium,2,7,676,51163,1,1,0.937812328338623,1
C4_selective_hybrid_medium,2,7,694,51189,2,0,0.07336988300085068,0
C4_selective_hybrid_medium,2,7,713,51217,1,1,0.1178809106349945,0
C4_selective_hybrid_medium,2,7,719,51223,1,1,0.2215418666601181,0
C4_selective_hybrid_medium,2,7,726,51231,1,1,0.07518582046031952,0
C4_selective_hybrid_medium,2,7,729,51236,1,1,0.31981438398361206,0
C4_selective_hybrid_medium,2,7,730,51237,1,1,0.9379575252532959,1
C4_selective_hybrid_medium,2,7,732,51240,1,1,0.9355983138084412,1
C4_selective_hybrid_medium,2,7,745,51261,2,0,0.07406669110059738,0
C4_selective_hybrid_medium,2,7,790,51325,1,1,0.93723464012146,1
C4_selective_hybrid_medium,2,7,798,51333,2,0,0.07345502078533173,0
C4_selective_hybrid_medium,2,7,807,51343,2,0,0.07569221407175064,0
C4_selective_hybrid_medium,2,7,812,51349,1,1,0.07513459026813507,0
C4_selective_hybrid_medium,2,7,833,51477,2,0,0.07334674149751663,0
C4_selective_hybrid_medium,2,7,863,51579,1,1,0.07345470041036606,0
C4_selective_hybrid_medium,2,8,49,50060,2,0,0.10986514389514923,0
C4_selective_hybrid_medium,2,8,61,50115,2,0,0.11571165919303894,0
C4_selective_hybrid_medium,2,8,64,50118,1,1,0.9177186489105225,1
C4_selective_hybrid_medium,2,8,70,50127,1,1,0.9186517596244812,1
C4_selective_hybrid_medium,2,8,102,50171,2,0,0.5528289079666138,1
C4_selective_hybrid_medium,2,8,105,50184,1,1,0.9184122681617737,1
C4_selective_hybrid_medium,2,8,107,50187,1,1,0.11457115411758423,0
C4_selective_hybrid_medium,2,8,112,50194,2,0,0.11457476019859314,0
C4_selective_hybrid_medium,2,8,114,50196,2,0,0.471381813287735,0
C4_selective_hybrid_medium,2,8,118,50201,2,0,0.10998812317848206,0
C4_selective_hybrid_medium,2,8,124,50208,2,0,0.13856849074363708,0
C4_selective_hybrid_medium,2,8,133,50236,1,1,0.9194177985191345,1
C4_selective_hybrid_medium,2,8,134,50237,1,1,0.9190216064453125,1
C4_selective_hybrid_medium,2,8,146,50253,1,1,0.9195331931114197,1
C4_selective_hybrid_medium,2,8,151,50260,2,0,0.11607218533754349,0
C4_selective_hybrid_medium,2,8,160,50269,2,0,0.5353402495384216,1
C4_selective_hybrid_medium,2,8,179,50295,1,1,0.9186835885047913,1
C4_selective_hybrid_medium,2,8,183,50301,1,1,0.9194192290306091,1
C4_selective_hybrid_medium,2,8,184,50302,1,1,0.9189123511314392,1
C4_selective_hybrid_medium,2,8,196,50325,1,1,0.11444783210754395,0
C4_selective_hybrid_medium,2,8,203,50334,2,0,0.9195259213447571,1
C4_selective_hybrid_medium,2,8,210,50341,2,0,0.11772245168685913,0
C4_selective_hybrid_medium,2,8,215,50346,2,0,0.11286088079214096,0
C4_selective_hybrid_medium,2,8,216,50347,2,0,0.10984209924936295,0
C4_selective_hybrid_medium,2,8,223,50354,2,0,0.12304465472698212,0
C4_selective_hybrid_medium,2,8,224,50355,2,0,0.11013548821210861,0
C4_selective_hybrid_medium,2,8,237,50368,2,0,0.11093362420797348,0
C4_selective_hybrid_medium,2,8,255,50390,2,0,0.19844286143779755,0
C4_selective_hybrid_medium,2,8,256,50391,2,0,0.11034030467271805,0
C4_selective_hybrid_medium,2,8,260,50403,1,1,0.3157411515712738,0
C4_selective_hybrid_medium,2,8,266,50410,1,1,0.9195771217346191,1
C4_selective_hybrid_medium,2,8,296,50446,2,0,0.2540699243545532,0
C4_selective_hybrid_medium,2,8,299,50449,2,0,0.11116672307252884,0
C4_selective_hybrid_medium,2,8,328,50503,1,1,0.9194326400756836,1
C4_selective_hybrid_medium,2,8,339,50521,1,1,0.8030561208724976,1
C4_selective_hybrid_medium,2,8,343,50526,1,1,0.9194539785385132,1
C4_selective_hybrid_medium,2,8,347,50530,1,1,0.9178705811500549,1
C4_selective_hybrid_medium,2,8,349,50532,1,1,0.9177412986755371,1
C4_selective_hybrid_medium,2,8,365,50575,2,0,0.3685321509838104,0
C4_selective_hybrid_medium,2,8,377,50613,1,1,0.9182513356208801,1
C4_selective_hybrid_medium,2,8,386,50624,1,1,0.919486403465271,1
C4_selective_hybrid_medium,2,8,387,50625,1,1,0.11005531996488571,0
C4_selective_hybrid_medium,2,8,413,50694,1,1,0.9178351759910583,1
C4_selective_hybrid_medium,2,8,414,50695,1,1,0.9124986529350281,1
C4_selective_hybrid_medium,2,8,470,50790,2,0,0.1100471094250679,0
C4_selective_hybrid_medium,2,8,485,50818,2,0,0.11068607866764069,0
C4_selective_hybrid_medium,2,8,496,50958,1,1,0.9195014834403992,1
C4_selective_hybrid_medium,2,8,504,50967,1,1,0.9182369709014893,1
C4_selective_hybrid_medium,2,8,517,50983,1,1,0.919411838054657,1
C4_selective_hybrid_medium,2,8,536,51003,1,1,0.9194396734237671,1
C4_selective_hybrid_medium,2,8,540,51009,1,1,0.9178295731544495,1
C4_selective_hybrid_medium,2,8,551,51020,1,1,0.91546630859375,1
C4_selective_hybrid_medium,2,8,569,51041,2,0,0.12123491615056992,0
C4_selective_hybrid_medium,2,8,570,51042,2,0,0.10984767973423004,0
C4_selective_hybrid_medium,2,8,574,51047,2,0,0.1690085530281067,0
C4_selective_hybrid_medium,2,8,576,51049,2,0,0.11995348334312439,0
C4_selective_hybrid_medium,2,8,584,51057,2,0,0.11568456888198853,0
C4_selective_hybrid_medium,2,8,588,51061,2,0,0.11004388332366943,0
C4_selective_hybrid_medium,2,8,593,51066,2,0,0.12062571942806244,0
C4_selective_hybrid_medium,2,8,601,51075,2,0,0.12226494401693344,0
C4_selective_hybrid_medium,2,8,633,51109,2,0,0.11771509796380997,0
C4_selective_hybrid_medium,2,8,642,51122,2,0,0.11630695313215256,0
C4_selective_hybrid_medium,2,8,645,51126,2,0,0.12120580673217773,0
C4_selective_hybrid_medium,2,8,660,51141,2,0,0.9071667790412903,1
C4_selective_hybrid_medium,2,8,673,51159,2,0,0.919439971446991,1
C4_selective_hybrid_medium,2,8,683,51177,1,1,0.9195060729980469,1
C4_selective_hybrid_medium,2,8,698,51198,2,0,0.8399094939231873,1
C4_selective_hybrid_medium,2,8,701,51203,1,1,0.9179163575172424,1
C4_selective_hybrid_medium,2,8,715,51219,1,1,0.9181057214736938,1
C4_selective_hybrid_medium,2,8,717,51221,1,1,0.916877269744873,1
C4_selective_hybrid_medium,2,8,722,51226,1,1,0.1100371703505516,0
C4_selective_hybrid_medium,2,8,734,51248,1,1,0.9182380437850952,1
C4_selective_hybrid_medium,2,8,738,51252,2,0,0.9194961190223694,1
C4_selective_hybrid_medium,2,8,748,51265,2,0,0.11251695454120636,0
C4_selective_hybrid_medium,2,8,778,51307,2,0,0.9184092879295349,1
C4_selective_hybrid_medium,2,8,785,51319,1,1,0.9179279208183289,1
C4_selective_hybrid_medium,2,8,803,51339,2,0,0.11112532764673233,0
C4_selective_hybrid_medium,2,8,817,51357,2,0,0.11460071057081223,0
C4_selective_hybrid_medium,2,8,826,51370,2,0,0.11025802046060562,0
C4_selective_hybrid_medium,2,8,828,51461,1,1,0.9193364977836609,1
C4_selective_hybrid_medium,2,8,832,51473,1,1,0.9170593619346619,1
C4_selective_hybrid_medium,2,8,839,51487,2,0,0.31587788462638855,0
C4_selective_hybrid_medium,2,8,847,51560,2,0,0.11375200003385544,0
C4_selective_hybrid_medium,2,8,851,51565,2,0,0.4548088610172272,0
C4_selective_hybrid_medium,2,8,852,51566,2,0,0.10990229994058609,0
C4_selective_hybrid_medium,2,8,857,51572,1,1,0.9178168773651123,1
C4_selective_hybrid_medium,2,8,866,51583,1,1,0.9179165363311768,1
C4_selective_hybrid_medium,2,9,9,50013,1,1,0.9345429539680481,1
C4_selective_hybrid_medium,2,9,20,50028,1,1,0.9352728128433228,1
C4_selective_hybrid_medium,2,9,27,50036,2,0,0.10688439756631851,0
C4_selective_hybrid_medium,2,9,32,50041,2,0,0.11265862733125687,0
C4_selective_hybrid_medium,2,9,37,50046,2,0,0.10958930850028992,0
C4_selective_hybrid_medium,2,9,40,50049,2,0,0.11070515960454941,0
C4_selective_hybrid_medium,2,9,42,50051,2,0,0.8302478194236755,1
C4_selective_hybrid_medium,2,9,50,50102,2,0,0.14517183601856232,0
C4_selective_hybrid_medium,2,9,66,50121,1,1,0.9353501200675964,1
C4_selective_hybrid_medium,2,9,75,50132,1,1,0.934955358505249,1
C4_selective_hybrid_medium,2,9,83,50147,1,1,0.9355233907699585,1
C4_selective_hybrid_medium,2,9,84,50148,1,1,0.9351170659065247,1
C4_selective_hybrid_medium,2,9,87,50152,1,1,0.9352622032165527,1
C4_selective_hybrid_medium,2,9,104,50183,1,1,0.9354528188705444,1
C4_selective_hybrid_medium,2,9,121,50204,2,0,0.10630622506141663,0
C4_selective_hybrid_medium,2,9,122,50205,2,0,0.10698078572750092,0
C4_selective_hybrid_medium,2,9,123,50206,2,0,0.43931448459625244,0
C4_selective_hybrid_medium,2,9,130,50232,1,1,0.9343215823173523,1
C4_selective_hybrid_medium,2,9,132,50234,1,1,0.9318360686302185,1
C4_selective_hybrid_medium,2,9,221,50352,2,0,0.6406607627868652,1
C4_selective_hybrid_medium,2,9,226,50357,2,0,0.11262025684118271,0
C4_selective_hybrid_medium,2,9,232,50363,2,0,0.9318659901618958,1
C4_selective_hybrid_medium,2,9,250,50383,2,0,0.19132918119430542,0
C4_selective_hybrid_medium,2,9,258,50399,1,1,0.9352537393569946,1
C4_selective_hybrid_medium,2,9,261,50404,1,1,0.935267448425293,1
C4_selective_hybrid_medium,2,9,262,50405,1,1,0.933735728263855,1
C4_selective_hybrid_medium,2,9,282,50428,2,0,0.10874897241592407,0
C4_selective_hybrid_medium,2,9,284,50434,2,0,0.12251175194978714,0
C4_selective_hybrid_medium,2,9,289,50439,2,0,0.3382677137851715,0
C4_selective_hybrid_medium,2,9,291,50441,2,0,0.10901885479688644,0
C4_selective_hybrid_medium,2,9,301,50463,2,0,0.10634153336286545,0
C4_selective_hybrid_medium,2,9,323,50498,1,1,0.9332210421562195,1
C4_selective_hybrid_medium,2,9,344,50527,1,1,0.9351581335067749,1
C4_selective_hybrid_medium,2,9,358,50568,2,0,0.6577631235122681,1
C4_selective_hybrid_medium,2,9,361,50571,2,0,0.864564836025238,1
C4_selective_hybrid_medium,2,9,363,50573,2,0,0.10807932913303375,0
C4_selective_hybrid_medium,2,9,380,50616,1,1,0.9350131750106812,1
C4_selective_hybrid_medium,2,9,391,50642,1,1,0.9319764375686646,1
C4_selective_hybrid_medium,2,9,397,50656,2,0,0.7118881344795227,1
C4_selective_hybrid_medium,2,9,407,50688,2,0,0.10785610228776932,0
C4_selective_hybrid_medium,2,9,415,50696,1,1,0.9337252378463745,1
C4_selective_hybrid_medium,2,9,419,50700,1,1,0.9355219006538391,1
C4_selective_hybrid_medium,2,9,420,50701,2,0,0.1397101879119873,0
C4_selective_hybrid_medium,2,9,427,50708,1,1,0.9345870018005371,1
C4_selective_hybrid_medium,2,9,446,50743,1,1,0.934887707233429,1
C4_selective_hybrid_medium,2,9,461,50775,2,0,0.10744457691907883,0
C4_selective_hybrid_medium,2,9,472,50792,1,1,0.935452938079834,1
C4_selective_hybrid_medium,2,9,481,50812,2,0,0.10865634679794312,0
C4_selective_hybrid_medium,2,9,491,50952,1,1,0.9355218410491943,1
C4_selective_hybrid_medium,2,9,498,50960,1,1,0.5575054883956909,1
C4_selective_hybrid_medium,2,9,511,50976,1,1,0.9354972839355469,1
C4_selective_hybrid_medium,2,9,524,50990,1,1,0.9336869716644287,1
C4_selective_hybrid_medium,2,9,539,51008,1,1,0.9318615198135376,1
C4_selective_hybrid_medium,2,9,541,51010,1,1,0.9273609519004822,1
C4_selective_hybrid_medium,2,9,543,51012,1,1,0.9343864917755127,1
C4_selective_hybrid_medium,2,9,563,51034,1,1,0.9345949292182922,1
C4_selective_hybrid_medium,2,9,564,51035,1,1,0.934048056602478,1
C4_selective_hybrid_medium,2,9,592,51065,2,0,0.10655423253774643,0
C4_selective_hybrid_medium,2,9,604,51078,2,0,0.11937347054481506,0
C4_selective_hybrid_medium,2,9,605,51079,2,0,0.9355467557907104,1
C4_selective_hybrid_medium,2,9,608,51082,2,0,0.4940597414970398,0
C4_selective_hybrid_medium,2,9,620,51095,2,0,0.9349846243858337,1
C4_selective_hybrid_medium,2,9,624,51099,2,0,0.10859913378953934,0
C4_selective_hybrid_medium,2,9,632,51107,2,0,0.9264989495277405,1
C4_selective_hybrid_medium,2,9,643,51123,2,0,0.21963375806808472,0
C4_selective_hybrid_medium,2,9,654,51135,2,0,0.9209312796592712,1
C4_selective_hybrid_medium,2,9,667,51151,2,0,0.1292596310377121,0
C4_selective_hybrid_medium,2,9,680,51170,1,1,0.9309875965118408,1
C4_selective_hybrid_medium,2,9,699,51201,1,1,0.9354187250137329,1
C4_selective_hybrid_medium,2,9,708,51211,1,1,0.935494601726532,1
C4_selective_hybrid_medium,2,9,712,51216,1,1,0.10831291228532791,0
C4_selective_hybrid_medium,2,9,736,51250,2,0,0.1070169135928154,0
C4_selective_hybrid_medium,2,9,739,51253,2,0,0.10648901760578156,0
C4_selective_hybrid_medium,2,9,740,51254,2,0,0.10846380144357681,0
C4_selective_hybrid_medium,2,9,742,51256,2,0,0.11414913833141327,0
C4_selective_hybrid_medium,2,9,752,51269,2,0,0.10951228439807892,0
C4_selective_hybrid_medium,2,9,756,51275,2,0,0.11086250096559525,0
C4_selective_hybrid_medium,2,9,784,51318,1,1,0.9349782466888428,1
C4_selective_hybrid_medium,2,9,788,51322,1,1,0.9353529214859009,1
C4_selective_hybrid_medium,2,9,789,51323,1,1,0.9336904287338257,1
C4_selective_hybrid_medium,2,9,794,51329,1,1,0.5668028593063354,1
C4_selective_hybrid_medium,2,9,802,51338,2,0,0.9347667694091797,1
C4_selective_hybrid_medium,2,9,822,51363,2,0,0.1436280608177185,0
C4_selective_hybrid_medium,2,9,825,51369,2,0,0.10633666068315506,0
C4_selective_hybrid_medium,2,9,827,51373,2,0,0.11109118908643723,0
C4_selective_hybrid_medium,2,9,842,51493,2,0,0.11058001965284348,0
C4_selective_hybrid_medium,2,9,864,51580,1,1,0.9352900385856628,1
C4_selective_hybrid_medium,2,10,11,50015,1,1,0.9355283975601196,1
C4_selective_hybrid_medium,2,10,16,50024,1,1,0.9353752136230469,1
C4_selective_hybrid_medium,2,10,18,50026,1,1,0.9355767965316772,1
C4_selective_hybrid_medium,2,10,33,50042,2,0,0.06475035846233368,0
C4_selective_hybrid_medium,2,10,36,50045,2,0,0.3061690628528595,0
C4_selective_hybrid_medium,2,10,41,50050,2,0,0.06558264791965485,0
C4_selective_hybrid_medium,2,10,43,50052,2,0,0.8878752589225769,1
C4_selective_hybrid_medium,2,10,54,50106,2,0,0.5027362108230591,1
C4_selective_hybrid_medium,2,10,74,50131,1,1,0.9317460060119629,1
C4_selective_hybrid_medium,2,10,99,50168,2,0,0.06561832129955292,0
C4_selective_hybrid_medium,2,10,106,50186,1,1,0.9355592727661133,1
C4_selective_hybrid_medium,2,10,109,50189,1,1,0.9355762004852295,1
C4_selective_hybrid_medium,2,10,110,50190,1,1,0.935560941696167,1
C4_selective_hybrid_medium,2,10,150,50259,2,0,0.0662565603852272,0
C4_selective_hybrid_medium,2,10,158,50267,2,0,0.06544637680053711,0
C4_selective_hybrid_medium,2,10,188,50312,1,1,0.934650182723999,1
C4_selective_hybrid_medium,2,10,194,50321,1,1,0.934723436832428,1
C4_selective_hybrid_medium,2,10,233,50364,2,0,0.06554452329874039,0
C4_selective_hybrid_medium,2,10,239,50370,2,0,0.06510705500841141,0
C4_selective_hybrid_medium,2,10,245,50377,2,0,0.06492453068494797,0
C4_selective_hybrid_medium,2,10,252,50386,2,0,0.06559762358665466,0
C4_selective_hybrid_medium,2,10,257,50397,1,1,0.9355916976928711,1
C4_selective_hybrid_medium,2,10,263,50406,1,1,0.9352278113365173,1
C4_selective_hybrid_medium,2,10,268,50412,1,1,0.9346880912780762,1
C4_selective_hybrid_medium,2,10,270,50414,2,0,0.12292130291461945,0
C4_selective_hybrid_medium,2,10,273,50417,2,0,0.06618101894855499,0
C4_selective_hybrid_medium,2,10,294,50444,2,0,0.06805666536092758,0
C4_selective_hybrid_medium,2,10,303,50467,2,0,0.0644146129488945,0
C4_selective_hybrid_medium,2,10,304,50468,2,0,0.06440617144107819,0
C4_selective_hybrid_medium,2,10,317,50491,1,1,0.9350810050964355,1
C4_selective_hybrid_medium,2,10,324,50499,1,1,0.9355300664901733,1
C4_selective_hybrid_medium,2,10,366,50576,2,0,0.06514683365821838,0
C4_selective_hybrid_medium,2,10,372,50604,1,1,0.9353175759315491,1
C4_selective_hybrid_medium,2,10,394,50648,1,1,0.3918002247810364,0
C4_selective_hybrid_medium,2,10,430,50722,2,0,0.06614907085895538,0
C4_selective_hybrid_medium,2,10,434,50726,2,0,0.2789921760559082,0
C4_selective_hybrid_medium,2,10,443,50740,2,0,0.06498288363218307,0
C4_selective_hybrid_medium,2,10,459,50773,2,0,0.06441845744848251,0
C4_selective_hybrid_medium,2,10,475,50798,1,1,0.06484907120466232,0
C4_selective_hybrid_medium,2,10,482,50814,2,0,0.2656898498535156,0
C4_selective_hybrid_medium,2,10,490,50824,1,1,0.4156680703163147,0
C4_selective_hybrid_medium,2,10,494,50956,1,1,0.9346876740455627,1
C4_selective_hybrid_medium,2,10,501,50964,1,1,0.9355973601341248,1
C4_selective_hybrid_medium,2,10,507,50970,1,1,0.9355663657188416,1
C4_selective_hybrid_medium,2,10,509,50973,1,1,0.9356143474578857,1
C4_selective_hybrid_medium,2,10,512,50977,1,1,0.9347030520439148,1
C4_selective_hybrid_medium,2,10,518,50984,1,1,0.9354864954948425,1
C4_selective_hybrid_medium,2,10,519,50985,1,1,0.9347298741340637,1
C4_selective_hybrid_medium,2,10,523,50989,1,1,0.9350601434707642,1
C4_selective_hybrid_medium,2,10,527,50993,1,1,0.9346626996994019,1
C4_selective_hybrid_medium,2,10,528,50994,1,1,0.9353940486907959,1
C4_selective_hybrid_medium,2,10,529,50995,1,1,0.9346514344215393,1
C4_selective_hybrid_medium,2,10,533,51000,1,1,0.9355758428573608,1
C4_selective_hybrid_medium,2,10,535,51002,1,1,0.9279847145080566,1
C4_selective_hybrid_medium,2,10,547,51016,1,1,0.9349893927574158,1
C4_selective_hybrid_medium,2,10,549,51018,1,1,0.9347370862960815,1
C4_selective_hybrid_medium,2,10,557,51027,1,1,0.935375452041626,1
C4_selective_hybrid_medium,2,10,565,51036,2,0,0.06498433649539948,0
C4_selective_hybrid_medium,2,10,567,51039,2,0,0.06612512469291687,0
C4_selective_hybrid_medium,2,10,573,51046,2,0,0.5374846458435059,1
C4_selective_hybrid_medium,2,10,578,51051,2,0,0.06720198690891266,0
C4_selective_hybrid_medium,2,10,591,51064,2,0,0.06513770669698715,0
C4_selective_hybrid_medium,2,10,617,51091,2,0,0.0653030276298523,0
C4_selective_hybrid_medium,2,10,618,51093,2,0,0.06513205170631409,0
C4_selective_hybrid_medium,2,10,619,51094,2,0,0.06715225428342819,0
C4_selective_hybrid_medium,2,10,626,51101,2,0,0.06724006682634354,0
C4_selective_hybrid_medium,2,10,636,51112,2,0,0.06640670448541641,0
C4_selective_hybrid_medium,2,10,641,51118,2,0,0.37051066756248474,0
C4_selective_hybrid_medium,2,10,649,51130,2,0,0.93279629945755,1
C4_selective_hybrid_medium,2,10,662,51146,2,0,0.06595753878355026,0
C4_selective_hybrid_medium,2,10,666,51150,2,0,0.06617569923400879,0
C4_selective_hybrid_medium,2,10,692,51187,2,0,0.06442058831453323,0
C4_selective_hybrid_medium,2,10,696,51194,2,0,0.18908128142356873,0
C4_selective_hybrid_medium,2,10,702,51204,1,1,0.9347074031829834,1
C4_selective_hybrid_medium,2,10,707,51210,1,1,0.9344366788864136,1
C4_selective_hybrid_medium,2,10,758,51277,2,0,0.06485095620155334,0
C4_selective_hybrid_medium,2,10,761,51280,2,0,0.06497141718864441,0
C4_selective_hybrid_medium,2,10,764,51292,1,1,0.9344269037246704,1
C4_selective_hybrid_medium,2,10,765,51293,1,1,0.9344256520271301,1
C4_selective_hybrid_medium,2,10,777,51306,2,0,0.521796464920044,1
C4_selective_hybrid_medium,2,10,782,51313,2,0,0.06723248213529587,0
C4_selective_hybrid_medium,2,10,796,51331,1,1,0.9355672001838684,1
C4_selective_hybrid_medium,2,10,797,51332,2,0,0.06562072783708572,0
C4_selective_hybrid_medium,2,10,800,51335,2,0,0.0687418207526207,0
C4_selective_hybrid_medium,2,10,819,51360,2,0,0.06520728766918182,0
C4_selective_hybrid_medium,2,10,850,51564,2,0,0.06485019624233246,0
C4_selective_hybrid_medium,2,10,860,51576,1,1,0.10308592021465302,0
C5_selective_hybrid_strong,0,1,10,50014,1,1,0.7811964750289917,1
C5_selective_hybrid_strong,0,1,14,50022,1,1,0.31147608160972595,0
C5_selective_hybrid_strong,0,1,36,50045,2,0,0.5834321975708008,1
C5_selective_hybrid_strong,0,1,42,50051,2,0,0.6202383637428284,1
C5_selective_hybrid_strong,0,1,49,50060,2,0,0.32032155990600586,0
C5_selective_hybrid_strong,0,1,53,50105,2,0,0.4258188307285309,0
C5_selective_hybrid_strong,0,1,63,50117,2,0,0.37658920884132385,0
C5_selective_hybrid_strong,0,1,67,50123,1,1,0.7815493941307068,1
C5_selective_hybrid_strong,0,1,83,50147,1,1,0.6164085865020752,1
C5_selective_hybrid_strong,0,1,84,50148,1,1,0.781670868396759,1
C5_selective_hybrid_strong,0,1,96,50163,2,0,0.41042062640190125,0
C5_selective_hybrid_strong,0,1,97,50164,2,0,0.3411265015602112,0
C5_selective_hybrid_strong,0,1,111,50193,2,0,0.2958914339542389,0
C5_selective_hybrid_strong,0,1,114,50196,2,0,0.3648219108581543,0
C5_selective_hybrid_strong,0,1,123,50206,2,0,0.5954486131668091,1
C5_selective_hybrid_strong,0,1,131,50233,1,1,0.7818804979324341,1
C5_selective_hybrid_strong,0,1,132,50234,1,1,0.5312190055847168,1
C5_selective_hybrid_strong,0,1,136,50240,1,1,0.7814909815788269,1
C5_selective_hybrid_strong,0,1,141,50248,1,1,0.6201073527336121,1
C5_selective_hybrid_strong,0,1,145,50252,1,1,0.4476860761642456,0
C5_selective_hybrid_strong,0,1,146,50253,1,1,0.5393121838569641,1
C5_selective_hybrid_strong,0,1,148,50255,1,1,0.6857788562774658,1
C5_selective_hybrid_strong,0,1,152,50261,2,0,0.5119386911392212,1
C5_selective_hybrid_strong,0,1,154,50263,2,0,0.29982292652130127,0
C5_selective_hybrid_strong,0,1,164,50273,1,1,0.7764988541603088,1
C5_selective_hybrid_strong,0,1,184,50302,1,1,0.7807446122169495,1
C5_selective_hybrid_strong,0,1,202,50333,2,0,0.3497444987297058,0
C5_selective_hybrid_strong,0,1,204,50335,2,0,0.29951032996177673,0
C5_selective_hybrid_strong,0,1,210,50341,2,0,0.2944285273551941,0
C5_selective_hybrid_strong,0,1,223,50354,2,0,0.30518844723701477,0
C5_selective_hybrid_strong,0,1,241,50373,2,0,0.3747372627258301,0
C5_selective_hybrid_strong,0,1,266,50410,1,1,0.7573566436767578,1
C5_selective_hybrid_strong,0,1,271,50415,2,0,0.3082950711250305,0
C5_selective_hybrid_strong,0,1,275,50419,2,0,0.2984597980976105,0
C5_selective_hybrid_strong,0,1,278,50424,2,0,0.29590150713920593,0
C5_selective_hybrid_strong,0,1,286,50436,2,0,0.5210240483283997,1
C5_selective_hybrid_strong,0,1,292,50442,2,0,0.29145094752311707,0
C5_selective_hybrid_strong,0,1,302,50466,2,0,0.29947519302368164,0
C5_selective_hybrid_strong,0,1,303,50467,2,0,0.46910005807876587,0
C5_selective_hybrid_strong,0,1,323,50498,1,1,0.7650169134140015,1
C5_selective_hybrid_strong,0,1,326,50501,1,1,0.7694025039672852,1
C5_selective_hybrid_strong,0,1,346,50529,1,1,0.7817716598510742,1
C5_selective_hybrid_strong,0,1,349,50532,1,1,0.7749881148338318,1
C5_selective_hybrid_strong,0,1,352,50555,2,0,0.29469260573387146,0
C5_selective_hybrid_strong,0,1,353,50557,2,0,0.31341567635536194,0
C5_selective_hybrid_strong,0,1,360,50570,2,0,0.30041640996932983,0
C5_selective_hybrid_strong,0,1,390,50628,1,1,0.7813519239425659,1
C5_selective_hybrid_strong,0,1,397,50656,2,0,0.3559502065181732,0
C5_selective_hybrid_strong,0,1,405,50686,1,1,0.7812806367874146,1
C5_selective_hybrid_strong,0,1,408,50689,1,1,0.7355817556381226,1
C5_selective_hybrid_strong,0,1,430,50722,2,0,0.291065514087677,0
C5_selective_hybrid_strong,0,1,435,50728,2,0,0.45893487334251404,0
C5_selective_hybrid_strong,0,1,446,50743,1,1,0.7493523359298706,1
C5_selective_hybrid_strong,0,1,451,50750,1,1,0.7799990773200989,1
C5_selective_hybrid_strong,0,1,475,50798,1,1,0.3274604082107544,0
C5_selective_hybrid_strong,0,1,476,50799,1,1,0.7815409302711487,1
C5_selective_hybrid_strong,0,1,481,50812,2,0,0.29148226976394653,0
C5_selective_hybrid_strong,0,1,490,50824,1,1,0.5018145442008972,1
C5_selective_hybrid_strong,0,1,511,50976,1,1,0.7763630151748657,1
C5_selective_hybrid_strong,0,1,522,50988,1,1,0.7143946886062622,1
C5_selective_hybrid_strong,0,1,525,50991,1,1,0.4596310555934906,0
C5_selective_hybrid_strong,0,1,537,51006,1,1,0.7798120379447937,1
C5_selective_hybrid_strong,0,1,541,51010,1,1,0.6276514530181885,1
C5_selective_hybrid_strong,0,1,557,51027,1,1,0.4966919720172882,0
C5_selective_hybrid_strong,0,1,559,51029,1,1,0.466481477022171,0
C5_selective_hybrid_strong,0,1,579,51052,2,0,0.2911856174468994,0
C5_selective_hybrid_strong,0,1,584,51057,2,0,0.29167431592941284,0
C5_selective_hybrid_strong,0,1,633,51109,2,0,0.29137954115867615,0
C5_selective_hybrid_strong,0,1,636,51112,2,0,0.2912880778312683,0
C5_selective_hybrid_strong,0,1,648,51129,2,0,0.29316622018814087,0
C5_selective_hybrid_strong,0,1,655,51136,2,0,0.5198333263397217,1
C5_selective_hybrid_strong,0,1,670,51154,2,0,0.320319265127182,0
C5_selective_hybrid_strong,0,1,692,51187,2,0,0.3180420994758606,0
C5_selective_hybrid_strong,0,1,695,51192,2,0,0.29985925555229187,0
C5_selective_hybrid_strong,0,1,696,51194,2,0,0.6163740158081055,1
C5_selective_hybrid_strong,0,1,727,51234,1,1,0.7781872749328613,1
C5_selective_hybrid_strong,0,1,732,51240,1,1,0.7802325487136841,1
C5_selective_hybrid_strong,0,1,762,51281,2,0,0.2927003502845764,0
C5_selective_hybrid_strong,0,1,765,51293,1,1,0.7606111764907837,1
C5_selective_hybrid_strong,0,1,766,51294,1,1,0.6455994248390198,1
C5_selective_hybrid_strong,0,1,779,51308,2,0,0.2965623140335083,0
C5_selective_hybrid_strong,0,1,795,51330,1,1,0.7564870715141296,1
C5_selective_hybrid_strong,0,1,798,51333,2,0,0.2913939356803894,0
C5_selective_hybrid_strong,0,1,825,51369,2,0,0.31104621291160583,0
C5_selective_hybrid_strong,0,1,828,51461,1,1,0.7598832249641418,1
C5_selective_hybrid_strong,0,1,839,51487,2,0,0.33263489603996277,0
C5_selective_hybrid_strong,0,1,854,51568,2,0,0.35665544867515564,0
C5_selective_hybrid_strong,0,1,862,51578,1,1,0.7579914927482605,1
C5_selective_hybrid_strong,0,2,2,50005,1,1,0.34233975410461426,0
C5_selective_hybrid_strong,0,2,3,50006,1,1,0.8753363490104675,1
C5_selective_hybrid_strong,0,2,4,50007,1,1,0.4600019156932831,0
C5_selective_hybrid_strong,0,2,20,50028,1,1,0.8744415044784546,1
C5_selective_hybrid_strong,0,2,27,50036,2,0,0.10392732918262482,0
C5_selective_hybrid_strong,0,2,35,50044,2,0,0.10140164196491241,0
C5_selective_hybrid_strong,0,2,45,50054,2,0,0.8387451171875,1
C5_selective_hybrid_strong,0,2,57,50111,2,0,0.10725688934326172,0
C5_selective_hybrid_strong,0,2,61,50115,2,0,0.10725323855876923,0
C5_selective_hybrid_strong,0,2,69,50125,1,1,0.8745865225791931,1
C5_selective_hybrid_strong,0,2,79,50143,1,1,0.8795443177223206,1
C5_selective_hybrid_strong,0,2,87,50152,1,1,0.877864420413971,1
C5_selective_hybrid_strong,0,2,116,50199,2,0,0.10210631787776947,0
C5_selective_hybrid_strong,0,2,122,50205,2,0,0.1016513928771019,0
C5_selective_hybrid_strong,0,2,130,50232,1,1,0.8762507438659668,1
C5_selective_hybrid_strong,0,2,133,50236,1,1,0.8796384334564209,1
C5_selective_hybrid_strong,0,2,147,50254,1,1,0.7873526811599731,1
C5_selective_hybrid_strong,0,2,162,50271,2,0,0.10151094943284988,0
C5_selective_hybrid_strong,0,2,170,50284,1,1,0.17123283445835114,0
C5_selective_hybrid_strong,0,2,171,50285,1,1,0.1048315092921257,0
C5_selective_hybrid_strong,0,2,183,50301,1,1,0.6906955242156982,1
C5_selective_hybrid_strong,0,2,192,50319,1,1,0.8783600926399231,1
C5_selective_hybrid_strong,0,2,197,50327,2,0,0.1019408106803894,0
C5_selective_hybrid_strong,0,2,217,50348,2,0,0.10284288227558136,0
C5_selective_hybrid_strong,0,2,218,50349,2,0,0.10839927941560745,0
C5_selective_hybrid_strong,0,2,222,50353,2,0,0.10285939276218414,0
C5_selective_hybrid_strong,0,2,232,50363,2,0,0.11470163613557816,0
C5_selective_hybrid_strong,0,2,234,50365,2,0,0.10142894089221954,0
C5_selective_hybrid_strong,0,2,257,50397,1,1,0.8753476738929749,1
C5_selective_hybrid_strong,0,2,270,50414,2,0,0.12891055643558502,0
C5_selective_hybrid_strong,0,2,282,50428,2,0,0.10316137224435806,0
C5_selective_hybrid_strong,0,2,283,50433,2,0,0.10520954430103302,0
C5_selective_hybrid_strong,0,2,294,50444,2,0,0.10647421330213547,0
C5_selective_hybrid_strong,0,2,307,50477,1,1,0.6569217443466187,1
C5_selective_hybrid_strong,0,2,316,50490,1,1,0.7051116824150085,1
C5_selective_hybrid_strong,0,2,357,50565,2,0,0.18991829454898834,0
C5_selective_hybrid_strong,0,2,363,50573,2,0,0.10460740327835083,0
C5_selective_hybrid_strong,0,2,364,50574,2,0,0.1483064591884613,0
C5_selective_hybrid_strong,0,2,372,50604,1,1,0.8740107417106628,1
C5_selective_hybrid_strong,0,2,381,50619,1,1,0.8789446353912354,1
C5_selective_hybrid_strong,0,2,385,50623,1,1,0.8499177098274231,1
C5_selective_hybrid_strong,0,2,394,50648,1,1,0.10285867750644684,0
C5_selective_hybrid_strong,0,2,399,50664,2,0,0.1057964339852333,0
C5_selective_hybrid_strong,0,2,407,50688,2,0,0.1186823695898056,0
C5_selective_hybrid_strong,0,2,410,50691,2,0,0.10155127942562103,0
C5_selective_hybrid_strong,0,2,417,50698,2,0,0.13586318492889404,0
C5_selective_hybrid_strong,0,2,426,50707,2,0,0.10164456069469452,0
C5_selective_hybrid_strong,0,2,450,50749,1,1,0.8778836727142334,1
C5_selective_hybrid_strong,0,2,453,50752,1,1,0.5288354158401489,1
C5_selective_hybrid_strong,0,2,462,50776,2,0,0.10140359401702881,0
C5_selective_hybrid_strong,0,2,465,50780,2,0,0.10658129304647446,0
C5_selective_hybrid_strong,0,2,478,50801,1,1,0.550675630569458,1
C5_selective_hybrid_strong,0,2,489,50823,1,1,0.7838671803474426,1
C5_selective_hybrid_strong,0,2,513,50978,1,1,0.8788053393363953,1
C5_selective_hybrid_strong,0,2,528,50994,1,1,0.8785867094993591,1
C5_selective_hybrid_strong,0,2,535,51002,1,1,0.5289413928985596,1
C5_selective_hybrid_strong,0,2,543,51012,1,1,0.8050152063369751,1
C5_selective_hybrid_strong,0,2,544,51013,1,1,0.5415277481079102,1
C5_selective_hybrid_strong,0,2,546,51015,1,1,0.10158447921276093,0
C5_selective_hybrid_strong,0,2,553,51023,1,1,0.8731468319892883,1
C5_selective_hybrid_strong,0,2,558,51028,1,1,0.8796889185905457,1
C5_selective_hybrid_strong,0,2,568,51040,2,0,0.11202076822519302,0
C5_selective_hybrid_strong,0,2,572,51045,2,0,0.10921475291252136,0
C5_selective_hybrid_strong,0,2,585,51058,2,0,0.10520761460065842,0
C5_selective_hybrid_strong,0,2,592,51065,2,0,0.10539284348487854,0
C5_selective_hybrid_strong,0,2,596,51069,2,0,0.10706279426813126,0
C5_selective_hybrid_strong,0,2,612,51086,2,0,0.11066430807113647,0
C5_selective_hybrid_strong,0,2,629,51104,2,0,0.10706596076488495,0
C5_selective_hybrid_strong,0,2,642,51122,2,0,0.10951606929302216,0
C5_selective_hybrid_strong,0,2,645,51126,2,0,0.11278179287910461,0
C5_selective_hybrid_strong,0,2,646,51127,2,0,0.24639421701431274,0
C5_selective_hybrid_strong,0,2,651,51132,2,0,0.10378973186016083,0
C5_selective_hybrid_strong,0,2,681,51171,1,1,0.4169323146343231,0
C5_selective_hybrid_strong,0,2,683,51177,1,1,0.8752590417861938,1
C5_selective_hybrid_strong,0,2,690,51184,2,0,0.11439236998558044,0
C5_selective_hybrid_strong,0,2,691,51185,2,0,0.6177049279212952,1
C5_selective_hybrid_strong,0,2,718,51222,1,1,0.1021074652671814,0
C5_selective_hybrid_strong,0,2,722,51226,1,1,0.101483553647995,0
C5_selective_hybrid_strong,0,2,728,51235,1,1,0.8705727458000183,1
C5_selective_hybrid_strong,0,2,742,51256,2,0,0.10483890771865845,0
C5_selective_hybrid_strong,0,2,753,51271,2,0,0.10921771824359894,0
C5_selective_hybrid_strong,0,2,793,51328,1,1,0.8797526955604553,1
C5_selective_hybrid_strong,0,2,820,51361,2,0,0.10177677124738693,0
C5_selective_hybrid_strong,0,2,824,51365,2,0,0.10605645924806595,0
C5_selective_hybrid_strong,0,2,832,51473,1,1,0.1336926519870758,0
C5_selective_hybrid_strong,0,2,840,51488,2,0,0.12398933619260788,0
C5_selective_hybrid_strong,0,2,869,51606,1,1,0.10172548145055771,0
C5_selective_hybrid_strong,0,3,21,50030,2,0,0.43832993507385254,0
C5_selective_hybrid_strong,0,3,32,50041,2,0,0.0769728347659111,0
C5_selective_hybrid_strong,0,3,34,50043,2,0,0.22011716663837433,0
C5_selective_hybrid_strong,0,3,37,50046,2,0,0.07641872763633728,0
C5_selective_hybrid_strong,0,3,70,50127,1,1,0.09159258753061295,0
C5_selective_hybrid_strong,0,3,74,50131,1,1,0.5739240646362305,1
C5_selective_hybrid_strong,0,3,86,50150,1,1,0.6664010882377625,1
C5_selective_hybrid_strong,0,3,100,50169,2,0,0.07563465088605881,0
C5_selective_hybrid_strong,0,3,119,50202,2,0,0.07742707431316376,0
C5_selective_hybrid_strong,0,3,151,50260,2,0,0.07555495202541351,0
C5_selective_hybrid_strong,0,3,159,50268,2,0,0.07874756306409836,0
C5_selective_hybrid_strong,0,3,160,50269,2,0,0.11841320991516113,0
C5_selective_hybrid_strong,0,3,163,50272,1,1,0.8662557601928711,1
C5_selective_hybrid_strong,0,3,181,50298,1,1,0.6647794842720032,1
C5_selective_hybrid_strong,0,3,187,50310,1,1,0.8064237236976624,1
C5_selective_hybrid_strong,0,3,207,50338,2,0,0.07564336061477661,0
C5_selective_hybrid_strong,0,3,258,50399,1,1,0.418705016374588,0
C5_selective_hybrid_strong,0,3,262,50405,1,1,0.866017758846283,1
C5_selective_hybrid_strong,0,3,264,50407,1,1,0.8663578033447266,1
C5_selective_hybrid_strong,0,3,284,50434,2,0,0.07565470784902573,0
C5_selective_hybrid_strong,0,3,287,50437,2,0,0.8639554381370544,1
C5_selective_hybrid_strong,0,3,297,50447,2,0,0.31953510642051697,0
C5_selective_hybrid_strong,0,3,310,50482,1,1,0.8662474155426025,1
C5_selective_hybrid_strong,0,3,319,50493,1,1,0.8607065081596375,1
C5_selective_hybrid_strong,0,3,327,50502,1,1,0.866091251373291,1
C5_selective_hybrid_strong,0,3,329,50504,1,1,0.8593406677246094,1
C5_selective_hybrid_strong,0,3,333,50514,1,1,0.5721911787986755,1
C5_selective_hybrid_strong,0,3,335,50516,1,1,0.8475692868232727,1
C5_selective_hybrid_strong,0,3,337,50519,1,1,0.8617264628410339,1
C5_selective_hybrid_strong,0,3,368,50578,2,0,0.802819013595581,1
C5_selective_hybrid_strong,0,3,370,50602,1,1,0.8589187860488892,1
C5_selective_hybrid_strong,0,3,371,50603,1,1,0.8661329746246338,1
C5_selective_hybrid_strong,0,3,379,50615,1,1,0.8662860989570618,1
C5_selective_hybrid_strong,0,3,411,50692,2,0,0.07553625851869583,0
C5_selective_hybrid_strong,0,3,425,50706,2,0,0.07807282358407974,0
C5_selective_hybrid_strong,0,3,434,50726,2,0,0.07723613828420639,0
C5_selective_hybrid_strong,0,3,439,50735,2,0,0.07590090483427048,0
C5_selective_hybrid_strong,0,3,444,50741,2,0,0.08005412667989731,0
C5_selective_hybrid_strong,0,3,456,50756,1,1,0.844280481338501,1
C5_selective_hybrid_strong,0,3,457,50757,1,1,0.42029640078544617,0
C5_selective_hybrid_strong,0,3,497,50959,1,1,0.7579969763755798,1
C5_selective_hybrid_strong,0,3,499,50961,1,1,0.241085022687912,0
C5_selective_hybrid_strong,0,3,502,50965,1,1,0.861983597278595,1
C5_selective_hybrid_strong,0,3,507,50970,1,1,0.8633679151535034,1
C5_selective_hybrid_strong,0,3,514,50979,1,1,0.6495525240898132,1
C5_selective_hybrid_strong,0,3,539,51008,1,1,0.08382400125265121,0
C5_selective_hybrid_strong,0,3,562,51033,1,1,0.8027887344360352,1
C5_selective_hybrid_strong,0,3,576,51049,2,0,0.07701979577541351,0
C5_selective_hybrid_strong,0,3,589,51062,2,0,0.07829499989748001,0
C5_selective_hybrid_strong,0,3,605,51079,2,0,0.7254773378372192,1
C5_selective_hybrid_strong,0,3,622,51097,2,0,0.07917430251836777,0
C5_selective_hybrid_strong,0,3,626,51101,2,0,0.07602421939373016,0
C5_selective_hybrid_strong,0,3,640,51117,2,0,0.08185985684394836,0
C5_selective_hybrid_strong,0,3,661,51142,2,0,0.07564853876829147,0
C5_selective_hybrid_strong,0,3,662,51146,2,0,0.07691525667905807,0
C5_selective_hybrid_strong,0,3,669,51153,2,0,0.07810243219137192,0
C5_selective_hybrid_strong,0,3,676,51163,1,1,0.2434503436088562,0
C5_selective_hybrid_strong,0,3,678,51168,1,1,0.3299044966697693,0
C5_selective_hybrid_strong,0,3,686,51180,2,0,0.07553935050964355,0
C5_selective_hybrid_strong,0,3,688,51182,2,0,0.0756102055311203,0
C5_selective_hybrid_strong,0,3,709,51212,1,1,0.8577522039413452,1
C5_selective_hybrid_strong,0,3,710,51214,1,1,0.86496901512146,1
C5_selective_hybrid_strong,0,3,713,51217,1,1,0.08652161806821823,0
C5_selective_hybrid_strong,0,3,714,51218,1,1,0.8541073799133301,1
C5_selective_hybrid_strong,0,3,716,51220,1,1,0.8556686043739319,1
C5_selective_hybrid_strong,0,3,723,51228,1,1,0.8658097982406616,1
C5_selective_hybrid_strong,0,3,737,51251,2,0,0.3624862730503082,0
C5_selective_hybrid_strong,0,3,739,51253,2,0,0.085135817527771,0
C5_selective_hybrid_strong,0,3,745,51261,2,0,0.07772298157215118,0
C5_selective_hybrid_strong,0,3,747,51264,2,0,0.07875940948724747,0
C5_selective_hybrid_strong,0,3,754,51272,2,0,0.08100654184818268,0
C5_selective_hybrid_strong,0,3,755,51273,2,0,0.635376513004303,1
C5_selective_hybrid_strong,0,3,756,51275,2,0,0.0760979875922203,0
C5_selective_hybrid_strong,0,3,780,51309,2,0,0.8601139783859253,1
C5_selective_hybrid_strong,0,3,786,51320,1,1,0.8596633076667786,1
C5_selective_hybrid_strong,0,3,791,51326,1,1,0.6468362212181091,1
C5_selective_hybrid_strong,0,3,800,51335,2,0,0.07879015058279037,0
C5_selective_hybrid_strong,0,3,806,51342,2,0,0.08371968567371368,0
C5_selective_hybrid_strong,0,3,819,51360,2,0,0.07651190459728241,0
C5_selective_hybrid_strong,0,3,831,51465,1,1,0.8663037419319153,1
C5_selective_hybrid_strong,0,3,834,51479,2,0,0.07622037082910538,0
C5_selective_hybrid_strong,0,3,836,51481,2,0,0.07850512117147446,0
C5_selective_hybrid_strong,0,3,842,51493,2,0,0.08472695201635361,0
C5_selective_hybrid_strong,0,3,852,51566,2,0,0.07651840150356293,0
C5_selective_hybrid_strong,0,3,853,51567,2,0,0.07558790594339371,0
C5_selective_hybrid_strong,0,3,857,51572,1,1,0.8661928176879883,1
C5_selective_hybrid_strong,0,3,868,51585,1,1,0.8639349341392517,1
C5_selective_hybrid_strong,0,4,8,50012,1,1,0.6545859575271606,1
C5_selective_hybrid_strong,0,4,13,50020,1,1,0.9051163792610168,1
C5_selective_hybrid_strong,0,4,17,50025,1,1,0.8976539969444275,1
C5_selective_hybrid_strong,0,4,29,50038,2,0,0.10728037357330322,0
C5_selective_hybrid_strong,0,4,33,50042,2,0,0.12359803169965744,0
C5_selective_hybrid_strong,0,4,43,50052,2,0,0.1594119518995285,0
C5_selective_hybrid_strong,0,4,46,50056,1,1,0.9060153961181641,1
C5_selective_hybrid_strong,0,4,55,50107,2,0,0.13806267082691193,0
C5_selective_hybrid_strong,0,4,56,50109,2,0,0.12329958379268646,0
C5_selective_hybrid_strong,0,4,58,50112,2,0,0.11478627473115921,0
C5_selective_hybrid_strong,0,4,66,50121,1,1,0.9024304151535034,1
C5_selective_hybrid_strong,0,4,72,50129,1,1,0.9058921337127686,1
C5_selective_hybrid_strong,0,4,88,50153,1,1,0.8173948526382446,1
C5_selective_hybrid_strong,0,4,99,50168,2,0,0.11197807639837265,0
C5_selective_hybrid_strong,0,4,103,50182,1,1,0.8779956102371216,1
C5_selective_hybrid_strong,0,4,106,50186,1,1,0.8161676526069641,1
C5_selective_hybrid_strong,0,4,109,50189,1,1,0.8886355757713318,1
C5_selective_hybrid_strong,0,4,113,50195,2,0,0.10734020918607712,0
C5_selective_hybrid_strong,0,4,126,50213,2,0,0.10789023339748383,0
C5_selective_hybrid_strong,0,4,135,50239,1,1,0.777748167514801,1
C5_selective_hybrid_strong,0,4,144,50251,1,1,0.11380033195018768,0
C5_selective_hybrid_strong,0,4,158,50267,2,0,0.10835878551006317,0
C5_selective_hybrid_strong,0,4,172,50287,1,1,0.10730776935815811,0
C5_selective_hybrid_strong,0,4,175,50291,1,1,0.43272218108177185,0
C5_selective_hybrid_strong,0,4,200,50331,2,0,0.10858150571584702,0
C5_selective_hybrid_strong,0,4,211,50342,2,0,0.12992006540298462,0
C5_selective_hybrid_strong,0,4,230,50361,2,0,0.11052867025136948,0
C5_selective_hybrid_strong,0,4,231,50362,2,0,0.10744959861040115,0
C5_selective_hybrid_strong,0,4,236,50367,2,0,0.10775126516819,0
C5_selective_hybrid_strong,0,4,243,50375,2,0,0.10727093368768692,0
C5_selective_hybrid_strong,0,4,244,50376,2,0,0.21245309710502625,0
C5_selective_hybrid_strong,0,4,263,50406,1,1,0.8992965221405029,1
C5_selective_hybrid_strong,0,4,280,50426,2,0,0.10835385322570801,0
C5_selective_hybrid_strong,0,4,288,50438,2,0,0.10855036228895187,0
C5_selective_hybrid_strong,0,4,306,50470,2,0,0.3008761703968048,0
C5_selective_hybrid_strong,0,4,328,50503,1,1,0.904705822467804,1
C5_selective_hybrid_strong,0,4,339,50521,1,1,0.5745711326599121,1
C5_selective_hybrid_strong,0,4,341,50524,1,1,0.9009667634963989,1
C5_selective_hybrid_strong,0,4,345,50528,1,1,0.9035561680793762,1
C5_selective_hybrid_strong,0,4,348,50531,1,1,0.7703781127929688,1
C5_selective_hybrid_strong,0,4,351,50552,2,0,0.11856836080551147,0
C5_selective_hybrid_strong,0,4,386,50624,1,1,0.9063172936439514,1
C5_selective_hybrid_strong,0,4,412,50693,1,1,0.12310782819986343,0
C5_selective_hybrid_strong,0,4,416,50697,1,1,0.9000887870788574,1
C5_selective_hybrid_strong,0,4,436,50730,2,0,0.10946245491504669,0
C5_selective_hybrid_strong,0,4,441,50738,2,0,0.10938392579555511,0
C5_selective_hybrid_strong,0,4,445,50742,2,0,0.10748567432165146,0
C5_selective_hybrid_strong,0,4,455,50755,1,1,0.9041011929512024,1
C5_selective_hybrid_strong,0,4,460,50774,2,0,0.10779224336147308,0
C5_selective_hybrid_strong,0,4,461,50775,2,0,0.10915159434080124,0
C5_selective_hybrid_strong,0,4,467,50782,2,0,0.10837555676698685,0
C5_selective_hybrid_strong,0,4,496,50958,1,1,0.7679857015609741,1
C5_selective_hybrid_strong,0,4,498,50960,1,1,0.4348847270011902,0
C5_selective_hybrid_strong,0,4,508,50972,1,1,0.9041063785552979,1
C5_selective_hybrid_strong,0,4,509,50973,1,1,0.8992254734039307,1
C5_selective_hybrid_strong,0,4,510,50974,1,1,0.9045582413673401,1
C5_selective_hybrid_strong,0,4,516,50982,1,1,0.10745848715305328,0
C5_selective_hybrid_strong,0,4,527,50993,1,1,0.9010605812072754,1
C5_selective_hybrid_strong,0,4,551,51020,1,1,0.5783141851425171,1
C5_selective_hybrid_strong,0,4,555,51025,1,1,0.9050843715667725,1
C5_selective_hybrid_strong,0,4,566,51038,2,0,0.10922165215015411,0
C5_selective_hybrid_strong,0,4,577,51050,2,0,0.1079096794128418,0
C5_selective_hybrid_strong,0,4,586,51059,2,0,0.11504905670881271,0
C5_selective_hybrid_strong,0,4,599,51073,2,0,0.1089630052447319,0
C5_selective_hybrid_strong,0,4,606,51080,2,0,0.18698200583457947,0
C5_selective_hybrid_strong,0,4,607,51081,2,0,0.11321891844272614,0
C5_selective_hybrid_strong,0,4,616,51090,2,0,0.10945954918861389,0
C5_selective_hybrid_strong,0,4,619,51094,2,0,0.11221077293157578,0
C5_selective_hybrid_strong,0,4,631,51106,2,0,0.11290638893842697,0
C5_selective_hybrid_strong,0,4,632,51107,2,0,0.703913152217865,1
C5_selective_hybrid_strong,0,4,657,51138,2,0,0.11227864027023315,0
C5_selective_hybrid_strong,0,4,658,51139,2,0,0.10834961384534836,0
C5_selective_hybrid_strong,0,4,664,51148,2,0,0.1124783307313919,0
C5_selective_hybrid_strong,0,4,665,51149,2,0,0.10749966651201248,0
C5_selective_hybrid_strong,0,4,693,51188,2,0,0.1139947921037674,0
C5_selective_hybrid_strong,0,4,697,51197,2,0,0.11134584993124008,0
C5_selective_hybrid_strong,0,4,698,51198,2,0,0.18289679288864136,0
C5_selective_hybrid_strong,0,4,700,51202,1,1,0.9010750651359558,1
C5_selective_hybrid_strong,0,4,701,51203,1,1,0.906043291091919,1
C5_selective_hybrid_strong,0,4,703,51205,1,1,0.899245023727417,1
C5_selective_hybrid_strong,0,4,730,51237,1,1,0.900152325630188,1
C5_selective_hybrid_strong,0,4,735,51249,1,1,0.9063389301300049,1
C5_selective_hybrid_strong,0,4,767,51295,1,1,0.9062772989273071,1
C5_selective_hybrid_strong,0,4,772,51301,1,1,0.45484861731529236,0
C5_selective_hybrid_strong,0,4,776,51305,2,0,0.7321260571479797,1
C5_selective_hybrid_strong,0,4,845,51558,2,0,0.10769861191511154,0
C5_selective_hybrid_strong,0,4,851,51565,2,0,0.2691645622253418,0
C5_selective_hybrid_strong,0,5,0,50003,1,1,0.19967612624168396,0
C5_selective_hybrid_strong,0,5,6,50010,1,1,0.9120820164680481,1
C5_selective_hybrid_strong,0,5,18,50026,1,1,0.9007918834686279,1
C5_selective_hybrid_strong,0,5,19,50027,1,1,0.05795673653483391,0
C5_selective_hybrid_strong,0,5,50,50102,2,0,0.057784296572208405,0
C5_selective_hybrid_strong,0,5,64,50118,1,1,0.9098994731903076,1
C5_selective_hybrid_strong,0,5,77,50135,1,1,0.9115423560142517,1
C5_selective_hybrid_strong,0,5,78,50142,1,1,0.9119710326194763,1
C5_selective_hybrid_strong,0,5,81,50145,1,1,0.10914462059736252,0
C5_selective_hybrid_strong,0,5,98,50167,2,0,0.06248234212398529,0
C5_selective_hybrid_strong,0,5,112,50194,2,0,0.059580300003290176,0
C5_selective_hybrid_strong,0,5,125,50210,2,0,0.07982569932937622,0
C5_selective_hybrid_strong,0,5,128,50215,2,0,0.06466551125049591,0
C5_selective_hybrid_strong,0,5,142,50249,1,1,0.9113847613334656,1
C5_selective_hybrid_strong,0,5,143,50250,1,1,0.057684801518917084,0
C5_selective_hybrid_strong,0,5,157,50266,2,0,0.059122562408447266,0
C5_selective_hybrid_strong,0,5,161,50270,2,0,0.058673154562711716,0
C5_selective_hybrid_strong,0,5,167,50276,1,1,0.9107051491737366,1
C5_selective_hybrid_strong,0,5,198,50329,2,0,0.10670290142297745,0
C5_selective_hybrid_strong,0,5,205,50336,2,0,0.09432312101125717,0
C5_selective_hybrid_strong,0,5,220,50351,2,0,0.06344524025917053,0
C5_selective_hybrid_strong,0,5,221,50352,2,0,0.0844995379447937,0
C5_selective_hybrid_strong,0,5,226,50357,2,0,0.06093713268637657,0
C5_selective_hybrid_strong,0,5,227,50358,2,0,0.465290367603302,0
C5_selective_hybrid_strong,0,5,249,50382,2,0,0.05856838822364807,0
C5_selective_hybrid_strong,0,5,250,50383,2,0,0.058694254606962204,0
C5_selective_hybrid_strong,0,5,267,50411,1,1,0.9116381406784058,1
C5_selective_hybrid_strong,0,5,277,50422,2,0,0.3594694435596466,0
C5_selective_hybrid_strong,0,5,305,50469,2,0,0.05776815116405487,0
C5_selective_hybrid_strong,0,5,318,50492,1,1,0.9084137082099915,1
C5_selective_hybrid_strong,0,5,321,50496,1,1,0.9049472212791443,1
C5_selective_hybrid_strong,0,5,336,50518,1,1,0.9107600450515747,1
C5_selective_hybrid_strong,0,5,367,50577,2,0,0.05789616331458092,0
C5_selective_hybrid_strong,0,5,373,50606,1,1,0.9106868505477905,1
C5_selective_hybrid_strong,0,5,383,50621,1,1,0.9053307175636292,1
C5_selective_hybrid_strong,0,5,391,50642,1,1,0.8826296329498291,1
C5_selective_hybrid_strong,0,5,433,50725,2,0,0.05890480428934097,0
C5_selective_hybrid_strong,0,5,469,50786,2,0,0.11321935057640076,0
C5_selective_hybrid_strong,0,5,471,50791,1,1,0.6557908654212952,1
C5_selective_hybrid_strong,0,5,500,50962,1,1,0.4552854597568512,0
C5_selective_hybrid_strong,0,5,504,50967,1,1,0.909769594669342,1
C5_selective_hybrid_strong,0,5,529,50995,1,1,0.9096542000770569,1
C5_selective_hybrid_strong,0,5,533,51000,1,1,0.9118344187736511,1
C5_selective_hybrid_strong,0,5,556,51026,1,1,0.9121161103248596,1
C5_selective_hybrid_strong,0,5,560,51030,1,1,0.9119462370872498,1
C5_selective_hybrid_strong,0,5,567,51039,2,0,0.05925096198916435,0
C5_selective_hybrid_strong,0,5,570,51042,2,0,0.0584513358771801,0
C5_selective_hybrid_strong,0,5,574,51047,2,0,0.057809844613075256,0
C5_selective_hybrid_strong,0,5,597,51070,2,0,0.0666055753827095,0
C5_selective_hybrid_strong,0,5,601,51075,2,0,0.06717877089977264,0
C5_selective_hybrid_strong,0,5,621,51096,2,0,0.06432493031024933,0
C5_selective_hybrid_strong,0,5,624,51099,2,0,0.062459301203489304,0
C5_selective_hybrid_strong,0,5,625,51100,2,0,0.05846255272626877,0
C5_selective_hybrid_strong,0,5,628,51103,2,0,0.05828696861863136,0
C5_selective_hybrid_strong,0,5,643,51123,2,0,0.05768219009041786,0
C5_selective_hybrid_strong,0,5,647,51128,2,0,0.058012545108795166,0
C5_selective_hybrid_strong,0,5,650,51131,2,0,0.06556716561317444,0
C5_selective_hybrid_strong,0,5,654,51135,2,0,0.057861361652612686,0
C5_selective_hybrid_strong,0,5,656,51137,2,0,0.060479406267404556,0
C5_selective_hybrid_strong,0,5,659,51140,2,0,0.05828331410884857,0
C5_selective_hybrid_strong,0,5,671,51155,2,0,0.05936483293771744,0
C5_selective_hybrid_strong,0,5,674,51161,1,1,0.9105538725852966,1
C5_selective_hybrid_strong,0,5,680,51170,1,1,0.11121319234371185,0
C5_selective_hybrid_strong,0,5,702,51204,1,1,0.9095997214317322,1
C5_selective_hybrid_strong,0,5,733,51241,1,1,0.9079213738441467,1
C5_selective_hybrid_strong,0,5,734,51248,1,1,0.9120555520057678,1
C5_selective_hybrid_strong,0,5,741,51255,2,0,0.057992082089185715,0
C5_selective_hybrid_strong,0,5,748,51265,2,0,0.05794275552034378,0
C5_selective_hybrid_strong,0,5,749,51266,2,0,0.905316174030304,1
C5_selective_hybrid_strong,0,5,757,51276,2,0,0.057707320898771286,0
C5_selective_hybrid_strong,0,5,758,51277,2,0,0.05819327011704445,0
C5_selective_hybrid_strong,0,5,761,51280,2,0,0.05818736180663109,0
C5_selective_hybrid_strong,0,5,764,51292,1,1,0.910274863243103,1
C5_selective_hybrid_strong,0,5,768,51297,1,1,0.9121106863021851,1
C5_selective_hybrid_strong,0,5,785,51319,1,1,0.9114055633544922,1
C5_selective_hybrid_strong,0,5,789,51323,1,1,0.9093843698501587,1
C5_selective_hybrid_strong,0,5,796,51331,1,1,0.9119758009910583,1
C5_selective_hybrid_strong,0,5,797,51332,2,0,0.05846880003809929,0
C5_selective_hybrid_strong,0,5,804,51340,2,0,0.06212849169969559,0
C5_selective_hybrid_strong,0,5,807,51343,2,0,0.061454758048057556,0
C5_selective_hybrid_strong,0,5,808,51344,2,0,0.058622438460588455,0
C5_selective_hybrid_strong,0,5,814,51351,1,1,0.49494069814682007,0
C5_selective_hybrid_strong,0,5,829,51463,1,1,0.8663187623023987,1
C5_selective_hybrid_strong,0,5,846,51559,2,0,0.05779523402452469,0
C5_selective_hybrid_strong,0,5,864,51580,1,1,0.7247897386550903,1
C5_selective_hybrid_strong,0,5,867,51584,1,1,0.9119220972061157,1
C5_selective_hybrid_strong,0,5,870,51607,1,1,0.6397202610969543,1
C5_selective_hybrid_strong,0,6,7,50011,1,1,0.7794654965400696,1
C5_selective_hybrid_strong,0,6,12,50016,1,1,0.7511460781097412,1
C5_selective_hybrid_strong,0,6,22,50031,2,0,0.10293494910001755,0
C5_selective_hybrid_strong,0,6,25,50034,2,0,0.10156277567148209,0
C5_selective_hybrid_strong,0,6,28,50037,2,0,0.11177612841129303,0
C5_selective_hybrid_strong,0,6,30,50039,2,0,0.6441890001296997,1
C5_selective_hybrid_strong,0,6,31,50040,2,0,0.10711876302957535,0
C5_selective_hybrid_strong,0,6,38,50047,2,0,0.11805717647075653,0
C5_selective_hybrid_strong,0,6,51,50103,2,0,0.3242495656013489,0
C5_selective_hybrid_strong,0,6,60,50114,2,0,0.10250280052423477,0
C5_selective_hybrid_strong,0,6,68,50124,1,1,0.7115532755851746,1
C5_selective_hybrid_strong,0,6,71,50128,1,1,0.7725962400436401,1
C5_selective_hybrid_strong,0,6,76,50134,1,1,0.717178225517273,1
C5_selective_hybrid_strong,0,6,102,50171,2,0,0.10183840245008469,0
C5_selective_hybrid_strong,0,6,110,50190,1,1,0.6930043697357178,1
C5_selective_hybrid_strong,0,6,129,50217,2,0,0.1018262580037117,0
C5_selective_hybrid_strong,0,6,137,50241,1,1,0.6825975179672241,1
C5_selective_hybrid_strong,0,6,150,50259,2,0,0.1101875975728035,0
C5_selective_hybrid_strong,0,6,174,50290,1,1,0.4741511940956116,0
C5_selective_hybrid_strong,0,6,176,50292,1,1,0.7482523918151855,1
C5_selective_hybrid_strong,0,6,179,50295,1,1,0.7332291007041931,1
C5_selective_hybrid_strong,0,6,188,50312,1,1,0.6854307055473328,1
C5_selective_hybrid_strong,0,6,194,50321,1,1,0.7712664008140564,1
C5_selective_hybrid_strong,0,6,209,50340,2,0,0.10319489985704422,0
C5_selective_hybrid_strong,0,6,212,50343,2,0,0.32508614659309387,0
C5_selective_hybrid_strong,0,6,213,50344,2,0,0.10460849851369858,0
C5_selective_hybrid_strong,0,6,215,50346,2,0,0.10140615701675415,0
C5_selective_hybrid_strong,0,6,225,50356,2,0,0.10335729271173477,0
C5_selective_hybrid_strong,0,6,240,50372,2,0,0.10124314576387405,0
C5_selective_hybrid_strong,0,6,247,50380,2,0,0.1843094378709793,0
C5_selective_hybrid_strong,0,6,252,50386,2,0,0.10497064143419266,0
C5_selective_hybrid_strong,0,6,253,50387,2,0,0.1012570932507515,0
C5_selective_hybrid_strong,0,6,255,50390,2,0,0.11693570017814636,0
C5_selective_hybrid_strong,0,6,268,50412,1,1,0.720424473285675,1
C5_selective_hybrid_strong,0,6,279,50425,2,0,0.10551123321056366,0
C5_selective_hybrid_strong,0,6,281,50427,2,0,0.10249637067317963,0
C5_selective_hybrid_strong,0,6,308,50480,1,1,0.7751175761222839,1
C5_selective_hybrid_strong,0,6,309,50481,1,1,0.7782672047615051,1
C5_selective_hybrid_strong,0,6,315,50488,1,1,0.7657275795936584,1
C5_selective_hybrid_strong,0,6,332,50510,1,1,0.7739286422729492,1
C5_selective_hybrid_strong,0,6,338,50520,1,1,0.7657207250595093,1
C5_selective_hybrid_strong,0,6,342,50525,1,1,0.6017993092536926,1
C5_selective_hybrid_strong,0,6,355,50561,2,0,0.10495452582836151,0
C5_selective_hybrid_strong,0,6,358,50568,2,0,0.23967525362968445,0
C5_selective_hybrid_strong,0,6,361,50571,2,0,0.37459540367126465,0
C5_selective_hybrid_strong,0,6,369,50601,1,1,0.1725975126028061,0
C5_selective_hybrid_strong,0,6,377,50613,1,1,0.7789707183837891,1
C5_selective_hybrid_strong,0,6,389,50627,1,1,0.7490941882133484,1
C5_selective_hybrid_strong,0,6,403,50683,2,0,0.1020360141992569,0
C5_selective_hybrid_strong,0,6,409,50690,1,1,0.10156391561031342,0
C5_selective_hybrid_strong,0,6,413,50694,1,1,0.7785906195640564,1
C5_selective_hybrid_strong,0,6,415,50696,1,1,0.7302049994468689,1
C5_selective_hybrid_strong,0,6,419,50700,1,1,0.770084023475647,1
C5_selective_hybrid_strong,0,6,422,50703,2,0,0.10551437735557556,0
C5_selective_hybrid_strong,0,6,437,50731,2,0,0.10139939188957214,0
C5_selective_hybrid_strong,0,6,438,50733,2,0,0.10549101233482361,0
C5_selective_hybrid_strong,0,6,443,50740,2,0,0.1012483611702919,0
C5_selective_hybrid_strong,0,6,447,50744,1,1,0.5305976271629333,1
C5_selective_hybrid_strong,0,6,449,50748,1,1,0.3015214800834656,0
C5_selective_hybrid_strong,0,6,470,50790,2,0,0.10154176503419876,0
C5_selective_hybrid_strong,0,6,488,50822,2,0,0.10278616100549698,0
C5_selective_hybrid_strong,0,6,492,50954,1,1,0.10530123859643936,0
C5_selective_hybrid_strong,0,6,495,50957,1,1,0.5326592922210693,1
C5_selective_hybrid_strong,0,6,505,50968,1,1,0.773963987827301,1
C5_selective_hybrid_strong,0,6,517,50983,1,1,0.6975707411766052,1
C5_selective_hybrid_strong,0,6,523,50989,1,1,0.7788795828819275,1
C5_selective_hybrid_strong,0,6,547,51016,1,1,0.7267845869064331,1
C5_selective_hybrid_strong,0,6,552,51021,1,1,0.6853700876235962,1
C5_selective_hybrid_strong,0,6,580,51053,2,0,0.1124761551618576,0
C5_selective_hybrid_strong,0,6,581,51054,2,0,0.1042366474866867,0
C5_selective_hybrid_strong,0,6,582,51055,2,0,0.10201849788427353,0
C5_selective_hybrid_strong,0,6,600,51074,2,0,0.10125690698623657,0
C5_selective_hybrid_strong,0,6,615,51089,2,0,0.10733020305633545,0
C5_selective_hybrid_strong,0,6,634,51110,2,0,0.10878048092126846,0
C5_selective_hybrid_strong,0,6,663,51147,2,0,0.10181012004613876,0
C5_selective_hybrid_strong,0,6,684,51178,1,1,0.7534193992614746,1
C5_selective_hybrid_strong,0,6,699,51201,1,1,0.5338015556335449,1
C5_selective_hybrid_strong,0,6,708,51211,1,1,0.2241283804178238,0
C5_selective_hybrid_strong,0,6,740,51254,2,0,0.10571753233671188,0
C5_selective_hybrid_strong,0,6,752,51269,2,0,0.10123561322689056,0
C5_selective_hybrid_strong,0,6,760,51279,2,0,0.10668595880270004,0
C5_selective_hybrid_strong,0,6,811,51347,2,0,0.1034434512257576,0
C5_selective_hybrid_strong,0,6,821,51362,2,0,0.10411857068538666,0
C5_selective_hybrid_strong,0,6,833,51477,2,0,0.10282359272241592,0
C5_selective_hybrid_strong,0,6,843,51556,2,0,0.11452655494213104,0
C5_selective_hybrid_strong,0,6,859,51574,1,1,0.7007682919502258,1
C5_selective_hybrid_strong,0,6,861,51577,1,1,0.545724630355835,1
C5_selective_hybrid_strong,0,7,16,50024,1,1,0.9305699467658997,1
C5_selective_hybrid_strong,0,7,26,50035,2,0,0.16097834706306458,0
C5_selective_hybrid_strong,0,7,40,50049,2,0,0.11759960651397705,0
C5_selective_hybrid_strong,0,7,54,50106,2,0,0.9001401662826538,1
C5_selective_hybrid_strong,0,7,80,50144,1,1,0.9289068579673767,1
C5_selective_hybrid_strong,0,7,82,50146,1,1,0.10048302263021469,0
C5_selective_hybrid_strong,0,7,90,50157,2,0,0.5295612812042236,1
C5_selective_hybrid_strong,0,7,91,50158,2,0,0.10242042690515518,0
C5_selective_hybrid_strong,0,7,95,50162,2,0,0.22950783371925354,0
C5_selective_hybrid_strong,0,7,104,50183,1,1,0.9297376275062561,1
C5_selective_hybrid_strong,0,7,153,50262,2,0,0.16062264144420624,0
C5_selective_hybrid_strong,0,7,156,50265,2,0,0.16619989275932312,0
C5_selective_hybrid_strong,0,7,165,50274,1,1,0.9304344654083252,1
C5_selective_hybrid_strong,0,7,166,50275,1,1,0.93001389503479,1
C5_selective_hybrid_strong,0,7,169,50282,1,1,0.9262299537658691,1
C5_selective_hybrid_strong,0,7,178,50294,1,1,0.9306381940841675,1
C5_selective_hybrid_strong,0,7,189,50314,1,1,0.9304174780845642,1
C5_selective_hybrid_strong,0,7,190,50315,1,1,0.9304210543632507,1
C5_selective_hybrid_strong,0,7,191,50318,1,1,0.7098163962364197,1
C5_selective_hybrid_strong,0,7,208,50339,2,0,0.10099701583385468,0
C5_selective_hybrid_strong,0,7,214,50345,2,0,0.21701721847057343,0
C5_selective_hybrid_strong,0,7,224,50355,2,0,0.19701091945171356,0
C5_selective_hybrid_strong,0,7,233,50364,2,0,0.34642353653907776,0
C5_selective_hybrid_strong,0,7,245,50377,2,0,0.10008318722248077,0
C5_selective_hybrid_strong,0,7,246,50379,2,0,0.1026075929403305,0
C5_selective_hybrid_strong,0,7,251,50385,2,0,0.9285982847213745,1
C5_selective_hybrid_strong,0,7,261,50404,1,1,0.9285637736320496,1
C5_selective_hybrid_strong,0,7,276,50421,2,0,0.10009292513132095,0
C5_selective_hybrid_strong,0,7,285,50435,2,0,0.10262056440114975,0
C5_selective_hybrid_strong,0,7,289,50439,2,0,0.10888702422380447,0
C5_selective_hybrid_strong,0,7,296,50446,2,0,0.10424306243658066,0
C5_selective_hybrid_strong,0,7,298,50448,2,0,0.515483021736145,1
C5_selective_hybrid_strong,0,7,304,50468,2,0,0.14118081331253052,0
C5_selective_hybrid_strong,0,7,314,50487,1,1,0.9292008876800537,1
C5_selective_hybrid_strong,0,7,325,50500,1,1,0.9290343523025513,1
C5_selective_hybrid_strong,0,7,350,50551,2,0,0.10557524859905243,0
C5_selective_hybrid_strong,0,7,398,50659,2,0,0.5439658761024475,1
C5_selective_hybrid_strong,0,7,420,50701,2,0,0.18239179253578186,0
C5_selective_hybrid_strong,0,7,423,50704,1,1,0.8813477754592896,1
C5_selective_hybrid_strong,0,7,424,50705,1,1,0.9175887107849121,1
C5_selective_hybrid_strong,0,7,428,50709,2,0,0.12780927121639252,0
C5_selective_hybrid_strong,0,7,452,50751,1,1,0.8923699855804443,1
C5_selective_hybrid_strong,0,7,459,50773,2,0,0.10340079665184021,0
C5_selective_hybrid_strong,0,7,474,50797,1,1,0.9248533844947815,1
C5_selective_hybrid_strong,0,7,479,50803,1,1,0.9121913313865662,1
C5_selective_hybrid_strong,0,7,480,50807,1,1,0.9305074214935303,1
C5_selective_hybrid_strong,0,7,484,50817,2,0,0.10241866856813431,0
C5_selective_hybrid_strong,0,7,485,50818,2,0,0.1130218505859375,0
C5_selective_hybrid_strong,0,7,487,50821,2,0,0.10107740014791489,0
C5_selective_hybrid_strong,0,7,494,50956,1,1,0.9244844317436218,1
C5_selective_hybrid_strong,0,7,512,50977,1,1,0.9306387305259705,1
C5_selective_hybrid_strong,0,7,515,50981,1,1,0.9299294352531433,1
C5_selective_hybrid_strong,0,7,518,50984,1,1,0.9300455451011658,1
C5_selective_hybrid_strong,0,7,520,50986,1,1,0.8443242907524109,1
C5_selective_hybrid_strong,0,7,526,50992,1,1,0.9305722117424011,1
C5_selective_hybrid_strong,0,7,536,51003,1,1,0.9306159615516663,1
C5_selective_hybrid_strong,0,7,540,51009,1,1,0.9282082915306091,1
C5_selective_hybrid_strong,0,7,545,51014,1,1,0.9279731512069702,1
C5_selective_hybrid_strong,0,7,578,51051,2,0,0.1087135374546051,0
C5_selective_hybrid_strong,0,7,590,51063,2,0,0.10065475106239319,0
C5_selective_hybrid_strong,0,7,603,51077,2,0,0.6509051322937012,1
C5_selective_hybrid_strong,0,7,617,51091,2,0,0.10020555555820465,0
C5_selective_hybrid_strong,0,7,630,51105,2,0,0.1000867709517479,0
C5_selective_hybrid_strong,0,7,641,51118,2,0,0.5836685299873352,1
C5_selective_hybrid_strong,0,7,644,51124,2,0,0.11102430522441864,0
C5_selective_hybrid_strong,0,7,666,51150,2,0,0.09999727457761765,0
C5_selective_hybrid_strong,0,7,667,51151,2,0,0.10219954699277878,0
C5_selective_hybrid_strong,0,7,672,51156,2,0,0.10388672351837158,0
C5_selective_hybrid_strong,0,7,675,51162,1,1,0.9305957555770874,1
C5_selective_hybrid_strong,0,7,685,51179,1,1,0.9305999875068665,1
C5_selective_hybrid_strong,0,7,706,51208,1,1,0.8818985223770142,1
C5_selective_hybrid_strong,0,7,715,51219,1,1,0.9260752201080322,1
C5_selective_hybrid_strong,0,7,720,51224,1,1,0.9114465713500977,1
C5_selective_hybrid_strong,0,7,725,51230,1,1,0.9304400086402893,1
C5_selective_hybrid_strong,0,7,746,51262,2,0,0.11266878247261047,0
C5_selective_hybrid_strong,0,7,763,51291,1,1,0.9258914589881897,1
C5_selective_hybrid_strong,0,7,775,51304,2,0,0.12354426085948944,0
C5_selective_hybrid_strong,0,7,781,51311,2,0,0.10023611783981323,0
C5_selective_hybrid_strong,0,7,790,51325,1,1,0.9305950403213501,1
C5_selective_hybrid_strong,0,7,792,51327,1,1,0.9294885396957397,1
C5_selective_hybrid_strong,0,7,799,51334,2,0,0.10104338079690933,0
C5_selective_hybrid_strong,0,7,803,51339,2,0,0.09995006024837494,0
C5_selective_hybrid_strong,0,7,837,51482,2,0,0.10168341547250748,0
C5_selective_hybrid_strong,0,7,838,51484,2,0,0.35653743147850037,0
C5_selective_hybrid_strong,0,7,841,51491,2,0,0.10965197533369064,0
C5_selective_hybrid_strong,0,7,860,51576,1,1,0.9088479280471802,1
C5_selective_hybrid_strong,0,7,865,51582,1,1,0.9300448298454285,1
C5_selective_hybrid_strong,0,8,5,50008,1,1,0.8598882555961609,1
C5_selective_hybrid_strong,0,8,9,50013,1,1,0.8593851923942566,1
C5_selective_hybrid_strong,0,8,23,50032,2,0,0.12640608847141266,0
C5_selective_hybrid_strong,0,8,24,50033,2,0,0.1254466325044632,0
C5_selective_hybrid_strong,0,8,73,50130,1,1,0.8583971858024597,1
C5_selective_hybrid_strong,0,8,75,50132,1,1,0.8596327304840088,1
C5_selective_hybrid_strong,0,8,85,50149,1,1,0.8556913733482361,1
C5_selective_hybrid_strong,0,8,105,50184,1,1,0.8550567030906677,1
C5_selective_hybrid_strong,0,8,120,50203,2,0,0.12639524042606354,0
C5_selective_hybrid_strong,0,8,124,50208,2,0,0.12771426141262054,0
C5_selective_hybrid_strong,0,8,134,50237,1,1,0.8423964381217957,1
C5_selective_hybrid_strong,0,8,138,50243,1,1,0.8580387234687805,1
C5_selective_hybrid_strong,0,8,139,50245,1,1,0.8598368763923645,1
C5_selective_hybrid_strong,0,8,155,50264,2,0,0.12526041269302368,0
C5_selective_hybrid_strong,0,8,173,50289,1,1,0.49777117371559143,0
C5_selective_hybrid_strong,0,8,201,50332,2,0,0.12556453049182892,0
C5_selective_hybrid_strong,0,8,216,50347,2,0,0.12655004858970642,0
C5_selective_hybrid_strong,0,8,228,50359,2,0,0.23023393750190735,0
C5_selective_hybrid_strong,0,8,229,50360,2,0,0.1254263073205948,0
C5_selective_hybrid_strong,0,8,235,50366,2,0,0.12783370912075043,0
C5_selective_hybrid_strong,0,8,239,50370,2,0,0.12833456695079803,0
C5_selective_hybrid_strong,0,8,269,50413,1,1,0.8564525246620178,1
C5_selective_hybrid_strong,0,8,272,50416,2,0,0.1272004395723343,0
C5_selective_hybrid_strong,0,8,273,50417,2,0,0.12736740708351135,0
C5_selective_hybrid_strong,0,8,290,50440,2,0,0.5221806764602661,1
C5_selective_hybrid_strong,0,8,291,50441,2,0,0.12793885171413422,0
C5_selective_hybrid_strong,0,8,299,50449,2,0,0.12520936131477356,0
C5_selective_hybrid_strong,0,8,313,50486,1,1,0.8566790223121643,1
C5_selective_hybrid_strong,0,8,324,50499,1,1,0.8598800897598267,1
C5_selective_hybrid_strong,0,8,330,50507,1,1,0.7286537289619446,1
C5_selective_hybrid_strong,0,8,343,50526,1,1,0.8013901114463806,1
C5_selective_hybrid_strong,0,8,344,50527,1,1,0.8596053719520569,1
C5_selective_hybrid_strong,0,8,362,50572,2,0,0.12566639482975006,0
C5_selective_hybrid_strong,0,8,380,50616,1,1,0.8537406325340271,1
C5_selective_hybrid_strong,0,8,388,50626,1,1,0.8509082198143005,1
C5_selective_hybrid_strong,0,8,400,50665,2,0,0.5158040523529053,1
C5_selective_hybrid_strong,0,8,402,50682,2,0,0.12578260898590088,0
C5_selective_hybrid_strong,0,8,404,50685,2,0,0.13561485707759857,0
C5_selective_hybrid_strong,0,8,421,50702,1,1,0.8261041045188904,1
C5_selective_hybrid_strong,0,8,427,50708,1,1,0.8561955690383911,1
C5_selective_hybrid_strong,0,8,431,50723,2,0,0.12579114735126495,0
C5_selective_hybrid_strong,0,8,463,50777,2,0,0.12627270817756653,0
C5_selective_hybrid_strong,0,8,472,50792,1,1,0.8569537401199341,1
C5_selective_hybrid_strong,0,8,473,50796,1,1,0.8591268062591553,1
C5_selective_hybrid_strong,0,8,477,50800,1,1,0.8548300266265869,1
C5_selective_hybrid_strong,0,8,486,50820,2,0,0.12760071456432343,0
C5_selective_hybrid_strong,0,8,519,50985,1,1,0.846830427646637,1
C5_selective_hybrid_strong,0,8,521,50987,1,1,0.8551099300384521,1
C5_selective_hybrid_strong,0,8,524,50990,1,1,0.8500831127166748,1
C5_selective_hybrid_strong,0,8,530,50996,1,1,0.859814465045929,1
C5_selective_hybrid_strong,0,8,538,51007,1,1,0.8593336939811707,1
C5_selective_hybrid_strong,0,8,548,51017,1,1,0.7829644083976746,1
C5_selective_hybrid_strong,0,8,549,51018,1,1,0.8561404347419739,1
C5_selective_hybrid_strong,0,8,554,51024,1,1,0.8577713966369629,1
C5_selective_hybrid_strong,0,8,563,51034,1,1,0.8599234223365784,1
C5_selective_hybrid_strong,0,8,565,51036,2,0,0.12871278822422028,0
C5_selective_hybrid_strong,0,8,573,51046,2,0,0.1503358781337738,0
C5_selective_hybrid_strong,0,8,593,51066,2,0,0.12937986850738525,0
C5_selective_hybrid_strong,0,8,608,51082,2,0,0.12579286098480225,0
C5_selective_hybrid_strong,0,8,613,51087,2,0,0.12541060149669647,0
C5_selective_hybrid_strong,0,8,618,51093,2,0,0.12578347325325012,0
C5_selective_hybrid_strong,0,8,620,51095,2,0,0.4151667058467865,0
C5_selective_hybrid_strong,0,8,635,51111,2,0,0.12582162022590637,0
C5_selective_hybrid_strong,0,8,652,51133,2,0,0.625477135181427,1
C5_selective_hybrid_strong,0,8,653,51134,2,0,0.12542079389095306,0
C5_selective_hybrid_strong,0,8,668,51152,2,0,0.1276603788137436,0
C5_selective_hybrid_strong,0,8,682,51173,1,1,0.8578392267227173,1
C5_selective_hybrid_strong,0,8,687,51181,2,0,0.13320152461528778,0
C5_selective_hybrid_strong,0,8,717,51221,1,1,0.850477397441864,1
C5_selective_hybrid_strong,0,8,719,51223,1,1,0.8580305576324463,1
C5_selective_hybrid_strong,0,8,731,51239,1,1,0.8478549718856812,1
C5_selective_hybrid_strong,0,8,743,51257,2,0,0.7673424482345581,1
C5_selective_hybrid_strong,0,8,751,51268,2,0,0.12540878355503082,0
C5_selective_hybrid_strong,0,8,759,51278,2,0,0.3175543546676636,0
C5_selective_hybrid_strong,0,8,770,51299,1,1,0.8569798469543457,1
C5_selective_hybrid_strong,0,8,773,51302,1,1,0.6762349009513855,1
C5_selective_hybrid_strong,0,8,782,51313,2,0,0.12846405804157257,0
C5_selective_hybrid_strong,0,8,809,51345,2,0,0.302388995885849,0
C5_selective_hybrid_strong,0,8,810,51346,2,0,0.1273772120475769,0
C5_selective_hybrid_strong,0,8,816,51356,2,0,0.5920387506484985,1
C5_selective_hybrid_strong,0,8,826,51370,2,0,0.1261633187532425,0
C5_selective_hybrid_strong,0,8,827,51373,2,0,0.12616509199142456,0
C5_selective_hybrid_strong,0,8,830,51464,1,1,0.8590410351753235,1
C5_selective_hybrid_strong,0,8,844,51557,2,0,0.12912696599960327,0
C5_selective_hybrid_strong,0,8,849,51563,2,0,0.12680521607398987,0
C5_selective_hybrid_strong,0,8,855,51569,2,0,0.2825496792793274,0
C5_selective_hybrid_strong,0,8,858,51573,1,1,0.5771336555480957,1
C5_selective_hybrid_strong,0,9,1,50004,1,1,0.8782915472984314,1
C5_selective_hybrid_strong,0,9,15,50023,1,1,0.885415256023407,1
C5_selective_hybrid_strong,0,9,39,50048,2,0,0.8316733837127686,1
C5_selective_hybrid_strong,0,9,47,50057,1,1,0.03492150828242302,0
C5_selective_hybrid_strong,0,9,48,50059,2,0,0.03647441044449806,0
C5_selective_hybrid_strong,0,9,62,50116,2,0,0.5879755020141602,1
C5_selective_hybrid_strong,0,9,89,50156,1,1,0.882328987121582,1
C5_selective_hybrid_strong,0,9,101,50170,2,0,0.1082763522863388,0
C5_selective_hybrid_strong,0,9,107,50187,1,1,0.040743544697761536,0
C5_selective_hybrid_strong,0,9,121,50204,2,0,0.038374654948711395,0
C5_selective_hybrid_strong,0,9,127,50214,2,0,0.039233241230249405,0
C5_selective_hybrid_strong,0,9,168,50278,1,1,0.8871392607688904,1
C5_selective_hybrid_strong,0,9,193,50320,1,1,0.8316136002540588,1
C5_selective_hybrid_strong,0,9,196,50325,1,1,0.034923020750284195,0
C5_selective_hybrid_strong,0,9,254,50388,2,0,0.03684168681502342,0
C5_selective_hybrid_strong,0,9,259,50402,1,1,0.03649837523698807,0
C5_selective_hybrid_strong,0,9,260,50403,1,1,0.04102883115410805,0
C5_selective_hybrid_strong,0,9,265,50408,1,1,0.04152897000312805,0
C5_selective_hybrid_strong,0,9,295,50445,2,0,0.03613107651472092,0
C5_selective_hybrid_strong,0,9,300,50453,2,0,0.31704655289649963,0
C5_selective_hybrid_strong,0,9,301,50463,2,0,0.03632713481783867,0
C5_selective_hybrid_strong,0,9,311,50483,1,1,0.7057037353515625,1
C5_selective_hybrid_strong,0,9,312,50485,1,1,0.03519878163933754,0
C5_selective_hybrid_strong,0,9,322,50497,1,1,0.8776648640632629,1
C5_selective_hybrid_strong,0,9,331,50509,1,1,0.8854126930236816,1
C5_selective_hybrid_strong,0,9,365,50575,2,0,0.22814831137657166,0
C5_selective_hybrid_strong,0,9,366,50576,2,0,0.03747297450900078,0
C5_selective_hybrid_strong,0,9,375,50608,1,1,0.20521831512451172,0
C5_selective_hybrid_strong,0,9,392,50644,1,1,0.8837711215019226,1
C5_selective_hybrid_strong,0,9,393,50647,1,1,0.8873660564422607,1
C5_selective_hybrid_strong,0,9,395,50649,1,1,0.034885473549366,0
C5_selective_hybrid_strong,0,9,396,50654,1,1,0.22994115948677063,0
C5_selective_hybrid_strong,0,9,401,50669,2,0,0.874903678894043,1
C5_selective_hybrid_strong,0,9,418,50699,2,0,0.8647862076759338,1
C5_selective_hybrid_strong,0,9,440,50737,2,0,0.035671819001436234,0
C5_selective_hybrid_strong,0,9,442,50739,2,0,0.08555059880018234,0
C5_selective_hybrid_strong,0,9,448,50745,1,1,0.8875263333320618,1
C5_selective_hybrid_strong,0,9,454,50754,1,1,0.8864465951919556,1
C5_selective_hybrid_strong,0,9,458,50772,2,0,0.8775247931480408,1
C5_selective_hybrid_strong,0,9,464,50778,2,0,0.24375753104686737,0
C5_selective_hybrid_strong,0,9,483,50816,2,0,0.03898528590798378,0
C5_selective_hybrid_strong,0,9,491,50952,1,1,0.8867826461791992,1
C5_selective_hybrid_strong,0,9,503,50966,1,1,0.8811060786247253,1
C5_selective_hybrid_strong,0,9,532,50999,1,1,0.8635038137435913,1
C5_selective_hybrid_strong,0,9,550,51019,1,1,0.8853618502616882,1
C5_selective_hybrid_strong,0,9,561,51032,1,1,0.8874711394309998,1
C5_selective_hybrid_strong,0,9,569,51041,2,0,0.038397204130887985,0
C5_selective_hybrid_strong,0,9,571,51044,2,0,0.04217805713415146,0
C5_selective_hybrid_strong,0,9,575,51048,2,0,0.11956861615180969,0
C5_selective_hybrid_strong,0,9,588,51061,2,0,0.037206992506980896,0
C5_selective_hybrid_strong,0,9,591,51064,2,0,0.49155229330062866,0
C5_selective_hybrid_strong,0,9,594,51067,2,0,0.041198451071977615,0
C5_selective_hybrid_strong,0,9,598,51072,2,0,0.5925489664077759,1
C5_selective_hybrid_strong,0,9,602,51076,2,0,0.042872317135334015,0
C5_selective_hybrid_strong,0,9,604,51078,2,0,0.042255084961652756,0
C5_selective_hybrid_strong,0,9,611,51085,2,0,0.8869072794914246,1
C5_selective_hybrid_strong,0,9,614,51088,2,0,0.03836054727435112,0
C5_selective_hybrid_strong,0,9,627,51102,2,0,0.03488802909851074,0
C5_selective_hybrid_strong,0,9,637,51113,2,0,0.03498244658112526,0
C5_selective_hybrid_strong,0,9,638,51114,2,0,0.035517457872629166,0
C5_selective_hybrid_strong,0,9,649,51130,2,0,0.8857172727584839,1
C5_selective_hybrid_strong,0,9,660,51141,2,0,0.2809933125972748,0
C5_selective_hybrid_strong,0,9,679,51169,1,1,0.6784136295318604,1
C5_selective_hybrid_strong,0,9,689,51183,2,0,0.06396132707595825,0
C5_selective_hybrid_strong,0,9,704,51206,1,1,0.6767176389694214,1
C5_selective_hybrid_strong,0,9,707,51210,1,1,0.8748666644096375,1
C5_selective_hybrid_strong,0,9,711,51215,1,1,0.05506816506385803,0
C5_selective_hybrid_strong,0,9,721,51225,1,1,0.15743643045425415,0
C5_selective_hybrid_strong,0,9,726,51231,1,1,0.04485888034105301,0
C5_selective_hybrid_strong,0,9,729,51236,1,1,0.22021736204624176,0
C5_selective_hybrid_strong,0,9,744,51260,2,0,0.04090626910328865,0
C5_selective_hybrid_strong,0,9,750,51267,2,0,0.03661159798502922,0
C5_selective_hybrid_strong,0,9,777,51306,2,0,0.7247927188873291,1
C5_selective_hybrid_strong,0,9,787,51321,1,1,0.7751506567001343,1
C5_selective_hybrid_strong,0,9,788,51322,1,1,0.617554783821106,1
C5_selective_hybrid_strong,0,9,794,51329,1,1,0.0356060191988945,0
C5_selective_hybrid_strong,0,9,802,51338,2,0,0.22132959961891174,0
C5_selective_hybrid_strong,0,9,805,51341,2,0,0.3166744112968445,0
C5_selective_hybrid_strong,0,9,812,51349,1,1,0.04117355868220329,0
C5_selective_hybrid_strong,0,9,818,51359,2,0,0.8867850303649902,1
C5_selective_hybrid_strong,0,9,822,51363,2,0,0.03489942476153374,0
C5_selective_hybrid_strong,0,9,823,51364,2,0,0.22052964568138123,0
C5_selective_hybrid_strong,0,9,847,51560,2,0,0.03835323452949524,0
C5_selective_hybrid_strong,0,9,848,51562,2,0,0.038218773901462555,0
C5_selective_hybrid_strong,0,9,850,51564,2,0,0.035232994705438614,0
C5_selective_hybrid_strong,0,9,863,51579,1,1,0.10197395086288452,0
C5_selective_hybrid_strong,0,9,866,51583,1,1,0.8805173635482788,1
C5_selective_hybrid_strong,0,10,11,50015,1,1,0.9245223999023438,1
C5_selective_hybrid_strong,0,10,41,50050,2,0,0.07508784532546997,0
C5_selective_hybrid_strong,0,10,44,50053,1,1,0.8562201857566833,1
C5_selective_hybrid_strong,0,10,52,50104,2,0,0.07939836382865906,0
C5_selective_hybrid_strong,0,10,59,50113,2,0,0.07747936993837357,0
C5_selective_hybrid_strong,0,10,65,50119,1,1,0.07573144137859344,0
C5_selective_hybrid_strong,0,10,92,50159,2,0,0.9263378381729126,1
C5_selective_hybrid_strong,0,10,93,50160,2,0,0.0767582580447197,0
C5_selective_hybrid_strong,0,10,94,50161,2,0,0.8686831593513489,1
C5_selective_hybrid_strong,0,10,108,50188,1,1,0.07479508966207504,0
C5_selective_hybrid_strong,0,10,115,50198,2,0,0.07480142265558243,0
C5_selective_hybrid_strong,0,10,117,50200,2,0,0.07484254240989685,0
C5_selective_hybrid_strong,0,10,118,50201,2,0,0.07434404641389847,0
C5_selective_hybrid_strong,0,10,140,50247,1,1,0.9274475574493408,1
C5_selective_hybrid_strong,0,10,149,50257,2,0,0.07646407186985016,0
C5_selective_hybrid_strong,0,10,177,50293,1,1,0.9264849424362183,1
C5_selective_hybrid_strong,0,10,180,50297,1,1,0.5242123603820801,1
C5_selective_hybrid_strong,0,10,182,50300,1,1,0.07571443170309067,0
C5_selective_hybrid_strong,0,10,185,50304,1,1,0.9231218099594116,1
C5_selective_hybrid_strong,0,10,186,50308,1,1,0.8773948550224304,1
C5_selective_hybrid_strong,0,10,195,50324,1,1,0.9279628396034241,1
C5_selective_hybrid_strong,0,10,199,50330,2,0,0.07776229828596115,0
C5_selective_hybrid_strong,0,10,203,50334,2,0,0.4519793689250946,0
C5_selective_hybrid_strong,0,10,206,50337,2,0,0.07428024709224701,0
C5_selective_hybrid_strong,0,10,219,50350,2,0,0.07907184958457947,0
C5_selective_hybrid_strong,0,10,237,50368,2,0,0.07665648311376572,0
C5_selective_hybrid_strong,0,10,238,50369,2,0,0.07902247458696365,0
C5_selective_hybrid_strong,0,10,242,50374,2,0,0.07433867454528809,0
C5_selective_hybrid_strong,0,10,248,50381,2,0,0.07428624480962753,0
C5_selective_hybrid_strong,0,10,256,50391,2,0,0.07674824446439743,0
C5_selective_hybrid_strong,0,10,274,50418,2,0,0.07419507205486298,0
C5_selective_hybrid_strong,0,10,293,50443,2,0,0.5360895395278931,1
C5_selective_hybrid_strong,0,10,317,50491,1,1,0.9263376593589783,1
C5_selective_hybrid_strong,0,10,320,50494,1,1,0.4518851339817047,0
C5_selective_hybrid_strong,0,10,334,50515,1,1,0.9279260039329529,1
C5_selective_hybrid_strong,0,10,340,50523,1,1,0.9274260997772217,1
C5_selective_hybrid_strong,0,10,347,50530,1,1,0.9245536923408508,1
C5_selective_hybrid_strong,0,10,354,50558,2,0,0.07665956765413284,0
C5_selective_hybrid_strong,0,10,356,50563,2,0,0.0757165253162384,0
C5_selective_hybrid_strong,0,10,359,50569,2,0,0.2365623265504837,0
C5_selective_hybrid_strong,0,10,374,50607,1,1,0.0747792199254036,0
C5_selective_hybrid_strong,0,10,376,50612,1,1,0.07477950304746628,0
C5_selective_hybrid_strong,0,10,378,50614,1,1,0.9269434213638306,1
C5_selective_hybrid_strong,0,10,382,50620,1,1,0.07473410665988922,0
C5_selective_hybrid_strong,0,10,384,50622,1,1,0.8367315530776978,1
C5_selective_hybrid_strong,0,10,387,50625,1,1,0.07586678117513657,0
C5_selective_hybrid_strong,0,10,406,50687,2,0,0.5391786098480225,1
C5_selective_hybrid_strong,0,10,414,50695,1,1,0.11594530940055847,0
C5_selective_hybrid_strong,0,10,429,50711,1,1,0.07477636635303497,0
C5_selective_hybrid_strong,0,10,432,50724,2,0,0.07478149980306625,0
C5_selective_hybrid_strong,0,10,466,50781,2,0,0.6722492575645447,1
C5_selective_hybrid_strong,0,10,468,50783,2,0,0.07406651228666306,0
C5_selective_hybrid_strong,0,10,482,50814,2,0,0.07443337887525558,0
C5_selective_hybrid_strong,0,10,493,50955,1,1,0.07411668449640274,0
C5_selective_hybrid_strong,0,10,501,50964,1,1,0.19402113556861877,0
C5_selective_hybrid_strong,0,10,506,50969,1,1,0.9280185103416443,1
C5_selective_hybrid_strong,0,10,531,50997,1,1,0.9278926849365234,1
C5_selective_hybrid_strong,0,10,534,51001,1,1,0.926993191242218,1
C5_selective_hybrid_strong,0,10,542,51011,1,1,0.9250988960266113,1
C5_selective_hybrid_strong,0,10,564,51035,1,1,0.7804743051528931,1
C5_selective_hybrid_strong,0,10,583,51056,2,0,0.07665158063173294,0
C5_selective_hybrid_strong,0,10,587,51060,2,0,0.5732234120368958,1
C5_selective_hybrid_strong,0,10,595,51068,2,0,0.8998889327049255,1
C5_selective_hybrid_strong,0,10,609,51083,2,0,0.9267551898956299,1
C5_selective_hybrid_strong,0,10,610,51084,2,0,0.927944004535675,1
C5_selective_hybrid_strong,0,10,623,51098,2,0,0.07907809317111969,0
C5_selective_hybrid_strong,0,10,639,51116,2,0,0.08125393837690353,0
C5_selective_hybrid_strong,0,10,673,51159,2,0,0.9277644157409668,1
C5_selective_hybrid_strong,0,10,677,51164,1,1,0.9264832139015198,1
C5_selective_hybrid_strong,0,10,694,51189,2,0,0.07467472553253174,0
C5_selective_hybrid_strong,0,10,705,51207,1,1,0.9246055483818054,1
C5_selective_hybrid_strong,0,10,712,51216,1,1,0.07438664883375168,0
C5_selective_hybrid_strong,0,10,724,51229,1,1,0.9237561821937561,1
C5_selective_hybrid_strong,0,10,736,51250,2,0,0.07482799887657166,0
C5_selective_hybrid_strong,0,10,738,51252,2,0,0.9251405000686646,1
C5_selective_hybrid_strong,0,10,769,51298,1,1,0.9259064793586731,1
C5_selective_hybrid_strong,0,10,771,51300,1,1,0.9262982606887817,1
C5_selective_hybrid_strong,0,10,774,51303,2,0,0.07806470990180969,0
C5_selective_hybrid_strong,0,10,778,51307,2,0,0.9280054569244385,1
C5_selective_hybrid_strong,0,10,783,51315,2,0,0.8090132474899292,1
C5_selective_hybrid_strong,0,10,784,51318,1,1,0.9126973152160645,1
C5_selective_hybrid_strong,0,10,801,51336,2,0,0.07454000413417816,0
C5_selective_hybrid_strong,0,10,813,51350,1,1,0.9257708787918091,1
C5_selective_hybrid_strong,0,10,815,51354,1,1,0.8277557492256165,1
C5_selective_hybrid_strong,0,10,817,51357,2,0,0.07676593959331512,0
C5_selective_hybrid_strong,0,10,835,51480,2,0,0.0760410949587822,0
C5_selective_hybrid_strong,0,10,856,51570,2,0,0.5331811904907227,1
C5_selective_hybrid_strong,1,1,8,50012,1,1,0.9025700688362122,1
C5_selective_hybrid_strong,1,1,17,50025,1,1,0.7991353273391724,1
C5_selective_hybrid_strong,1,1,26,50035,2,0,0.06115986779332161,0
C5_selective_hybrid_strong,1,1,30,50039,2,0,0.7311685681343079,1
C5_selective_hybrid_strong,1,1,31,50040,2,0,0.06162595748901367,0
C5_selective_hybrid_strong,1,1,33,50042,2,0,0.05685917288064957,0
C5_selective_hybrid_strong,1,1,40,50049,2,0,0.05720585584640503,0
C5_selective_hybrid_strong,1,1,64,50118,1,1,0.9072005748748779,1
C5_selective_hybrid_strong,1,1,71,50128,1,1,0.9059072732925415,1
C5_selective_hybrid_strong,1,1,74,50131,1,1,0.8956907391548157,1
C5_selective_hybrid_strong,1,1,90,50157,2,0,0.05706360191106796,0
C5_selective_hybrid_strong,1,1,109,50189,1,1,0.9065259099006653,1
C5_selective_hybrid_strong,1,1,115,50198,2,0,0.2251051813364029,0
C5_selective_hybrid_strong,1,1,119,50202,2,0,0.06266157329082489,0
C5_selective_hybrid_strong,1,1,148,50255,1,1,0.9075780510902405,1
C5_selective_hybrid_strong,1,1,170,50284,1,1,0.19867905974388123,0
C5_selective_hybrid_strong,1,1,172,50287,1,1,0.30665501952171326,0
C5_selective_hybrid_strong,1,1,192,50319,1,1,0.9085699319839478,1
C5_selective_hybrid_strong,1,1,204,50335,2,0,0.05623752623796463,0
C5_selective_hybrid_strong,1,1,221,50352,2,0,0.10288477689027786,0
C5_selective_hybrid_strong,1,1,230,50361,2,0,0.056945767253637314,0
C5_selective_hybrid_strong,1,1,241,50373,2,0,0.08050666004419327,0
C5_selective_hybrid_strong,1,1,269,50413,1,1,0.907501757144928,1
C5_selective_hybrid_strong,1,1,273,50417,2,0,0.05655987933278084,0
C5_selective_hybrid_strong,1,1,283,50433,2,0,0.06012779101729393,0
C5_selective_hybrid_strong,1,1,288,50438,2,0,0.05821998417377472,0
C5_selective_hybrid_strong,1,1,289,50439,2,0,0.05626765266060829,0
C5_selective_hybrid_strong,1,1,303,50467,2,0,0.056945402175188065,0
C5_selective_hybrid_strong,1,1,313,50486,1,1,0.9085533022880554,1
C5_selective_hybrid_strong,1,1,326,50501,1,1,0.9068436026573181,1
C5_selective_hybrid_strong,1,1,333,50514,1,1,0.8942717909812927,1
C5_selective_hybrid_strong,1,1,335,50516,1,1,0.8920658230781555,1
C5_selective_hybrid_strong,1,1,337,50519,1,1,0.9063696265220642,1
C5_selective_hybrid_strong,1,1,343,50526,1,1,0.5487671494483948,1
C5_selective_hybrid_strong,1,1,383,50621,1,1,0.8979302644729614,1
C5_selective_hybrid_strong,1,1,390,50628,1,1,0.9059634208679199,1
C5_selective_hybrid_strong,1,1,410,50691,2,0,0.056971993297338486,0
C5_selective_hybrid_strong,1,1,416,50697,1,1,0.8974108695983887,1
C5_selective_hybrid_strong,1,1,422,50703,2,0,0.0582880824804306,0
C5_selective_hybrid_strong,1,1,425,50706,2,0,0.05761217698454857,0
C5_selective_hybrid_strong,1,1,429,50711,1,1,0.07670507580041885,0
C5_selective_hybrid_strong,1,1,431,50723,2,0,0.05743158981204033,0
C5_selective_hybrid_strong,1,1,435,50728,2,0,0.06865959614515305,0
C5_selective_hybrid_strong,1,1,441,50738,2,0,0.06200084835290909,0
C5_selective_hybrid_strong,1,1,446,50743,1,1,0.9041320085525513,1
C5_selective_hybrid_strong,1,1,449,50748,1,1,0.9086087942123413,1
C5_selective_hybrid_strong,1,1,455,50755,1,1,0.8909928798675537,1
C5_selective_hybrid_strong,1,1,457,50757,1,1,0.10080444812774658,0
C5_selective_hybrid_strong,1,1,501,50964,1,1,0.8832381367683411,1
C5_selective_hybrid_strong,1,1,502,50965,1,1,0.9084429144859314,1
C5_selective_hybrid_strong,1,1,511,50976,1,1,0.9070019721984863,1
C5_selective_hybrid_strong,1,1,553,51023,1,1,0.9033277630805969,1
C5_selective_hybrid_strong,1,1,560,51030,1,1,0.8941958546638489,1
C5_selective_hybrid_strong,1,1,562,51033,1,1,0.8961640000343323,1
C5_selective_hybrid_strong,1,1,566,51038,2,0,0.06185199320316315,0
C5_selective_hybrid_strong,1,1,584,51057,2,0,0.06448188424110413,0
C5_selective_hybrid_strong,1,1,597,51070,2,0,0.06116572767496109,0
C5_selective_hybrid_strong,1,1,599,51073,2,0,0.05997781455516815,0
C5_selective_hybrid_strong,1,1,610,51084,2,0,0.8845791220664978,1
C5_selective_hybrid_strong,1,1,615,51089,2,0,0.06283953040838242,0
C5_selective_hybrid_strong,1,1,630,51105,2,0,0.05845232680439949,0
C5_selective_hybrid_strong,1,1,633,51109,2,0,0.05968838557600975,0
C5_selective_hybrid_strong,1,1,636,51112,2,0,0.06268172711133957,0
C5_selective_hybrid_strong,1,1,654,51135,2,0,0.05645794793963432,0
C5_selective_hybrid_strong,1,1,680,51170,1,1,0.3673977255821228,0
C5_selective_hybrid_strong,1,1,686,51180,2,0,0.1191059798002243,0
C5_selective_hybrid_strong,1,1,691,51185,2,0,0.4809490740299225,0
C5_selective_hybrid_strong,1,1,696,51194,2,0,0.683332085609436,1
C5_selective_hybrid_strong,1,1,697,51197,2,0,0.0693388432264328,0
C5_selective_hybrid_strong,1,1,726,51231,1,1,0.07664169371128082,0
C5_selective_hybrid_strong,1,1,729,51236,1,1,0.40017110109329224,0
C5_selective_hybrid_strong,1,1,734,51248,1,1,0.9070639610290527,1
C5_selective_hybrid_strong,1,1,744,51260,2,0,0.05628208816051483,0
C5_selective_hybrid_strong,1,1,753,51271,2,0,0.05742192268371582,0
C5_selective_hybrid_strong,1,1,754,51272,2,0,0.06288173794746399,0
C5_selective_hybrid_strong,1,1,755,51273,2,0,0.3186648190021515,0
C5_selective_hybrid_strong,1,1,757,51276,2,0,0.0566246323287487,0
C5_selective_hybrid_strong,1,1,765,51293,1,1,0.9059659838676453,1
C5_selective_hybrid_strong,1,1,769,51298,1,1,0.907019853591919,1
C5_selective_hybrid_strong,1,1,787,51321,1,1,0.06093771010637283,0
C5_selective_hybrid_strong,1,1,789,51323,1,1,0.908098578453064,1
C5_selective_hybrid_strong,1,1,792,51327,1,1,0.8944011330604553,1
C5_selective_hybrid_strong,1,1,804,51340,2,0,0.056644994765520096,0
C5_selective_hybrid_strong,1,1,836,51481,2,0,0.05626138672232628,0
C5_selective_hybrid_strong,1,1,841,51491,2,0,0.05843949317932129,0
C5_selective_hybrid_strong,1,1,842,51493,2,0,0.05671864375472069,0
C5_selective_hybrid_strong,1,1,856,51570,2,0,0.061212893575429916,0
C5_selective_hybrid_strong,1,1,870,51607,1,1,0.4422443211078644,0
C5_selective_hybrid_strong,1,2,1,50004,1,1,0.9442495703697205,1
C5_selective_hybrid_strong,1,2,13,50020,1,1,0.9424787759780884,1
C5_selective_hybrid_strong,1,2,23,50032,2,0,0.07767739146947861,0
C5_selective_hybrid_strong,1,2,34,50043,2,0,0.16103577613830566,0
C5_selective_hybrid_strong,1,2,41,50050,2,0,0.07772320508956909,0
C5_selective_hybrid_strong,1,2,45,50054,2,0,0.9380292892456055,1
C5_selective_hybrid_strong,1,2,53,50105,2,0,0.07442828267812729,0
C5_selective_hybrid_strong,1,2,59,50113,2,0,0.08492526412010193,0
C5_selective_hybrid_strong,1,2,69,50125,1,1,0.9451800584793091,1
C5_selective_hybrid_strong,1,2,80,50144,1,1,0.9450526833534241,1
C5_selective_hybrid_strong,1,2,84,50148,1,1,0.9452990889549255,1
C5_selective_hybrid_strong,1,2,105,50184,1,1,0.9439027309417725,1
C5_selective_hybrid_strong,1,2,144,50251,1,1,0.8154302835464478,1
C5_selective_hybrid_strong,1,2,160,50269,2,0,0.9187375903129578,1
C5_selective_hybrid_strong,1,2,165,50274,1,1,0.9410052299499512,1
C5_selective_hybrid_strong,1,2,174,50290,1,1,0.9444074034690857,1
C5_selective_hybrid_strong,1,2,195,50324,1,1,0.9450005292892456,1
C5_selective_hybrid_strong,1,2,201,50332,2,0,0.07419353723526001,0
C5_selective_hybrid_strong,1,2,209,50340,2,0,0.07662751525640488,0
C5_selective_hybrid_strong,1,2,213,50344,2,0,0.07623803615570068,0
C5_selective_hybrid_strong,1,2,215,50346,2,0,0.07880499213933945,0
C5_selective_hybrid_strong,1,2,217,50348,2,0,0.8574866056442261,1
C5_selective_hybrid_strong,1,2,218,50349,2,0,0.080841563642025,0
C5_selective_hybrid_strong,1,2,222,50353,2,0,0.221001997590065,0
C5_selective_hybrid_strong,1,2,224,50355,2,0,0.3930492103099823,0
C5_selective_hybrid_strong,1,2,242,50374,2,0,0.9187361001968384,1
C5_selective_hybrid_strong,1,2,253,50387,2,0,0.07521479576826096,0
C5_selective_hybrid_strong,1,2,256,50391,2,0,0.19907031953334808,0
C5_selective_hybrid_strong,1,2,277,50422,2,0,0.7539376020431519,1
C5_selective_hybrid_strong,1,2,284,50434,2,0,0.07692091912031174,0
C5_selective_hybrid_strong,1,2,305,50469,2,0,0.07661356031894684,0
C5_selective_hybrid_strong,1,2,311,50483,1,1,0.9418767094612122,1
C5_selective_hybrid_strong,1,2,331,50509,1,1,0.9453340768814087,1
C5_selective_hybrid_strong,1,2,342,50525,1,1,0.9417462944984436,1
C5_selective_hybrid_strong,1,2,356,50563,2,0,0.07625981420278549,0
C5_selective_hybrid_strong,1,2,370,50602,1,1,0.9406559467315674,1
C5_selective_hybrid_strong,1,2,394,50648,1,1,0.9337962865829468,1
C5_selective_hybrid_strong,1,2,401,50669,2,0,0.9418821930885315,1
C5_selective_hybrid_strong,1,2,413,50694,1,1,0.9435973763465881,1
C5_selective_hybrid_strong,1,2,438,50733,2,0,0.07418102771043777,0
C5_selective_hybrid_strong,1,2,445,50742,2,0,0.07425117492675781,0
C5_selective_hybrid_strong,1,2,447,50744,1,1,0.9447399973869324,1
C5_selective_hybrid_strong,1,2,451,50750,1,1,0.9445711970329285,1
C5_selective_hybrid_strong,1,2,460,50774,2,0,0.07813431322574615,0
C5_selective_hybrid_strong,1,2,472,50792,1,1,0.9445530772209167,1
C5_selective_hybrid_strong,1,2,475,50798,1,1,0.10289451479911804,0
C5_selective_hybrid_strong,1,2,477,50800,1,1,0.9431343674659729,1
C5_selective_hybrid_strong,1,2,492,50954,1,1,0.9018665552139282,1
C5_selective_hybrid_strong,1,2,496,50958,1,1,0.9453818798065186,1
C5_selective_hybrid_strong,1,2,505,50968,1,1,0.945361316204071,1
C5_selective_hybrid_strong,1,2,506,50969,1,1,0.9373654127120972,1
C5_selective_hybrid_strong,1,2,524,50990,1,1,0.9442265033721924,1
C5_selective_hybrid_strong,1,2,535,51002,1,1,0.9454315304756165,1
C5_selective_hybrid_strong,1,2,545,51014,1,1,0.9453926682472229,1
C5_selective_hybrid_strong,1,2,558,51028,1,1,0.9429541826248169,1
C5_selective_hybrid_strong,1,2,564,51035,1,1,0.9411183595657349,1
C5_selective_hybrid_strong,1,2,571,51044,2,0,0.08379340916872025,0
C5_selective_hybrid_strong,1,2,574,51047,2,0,0.07450908422470093,0
C5_selective_hybrid_strong,1,2,580,51053,2,0,0.08741740882396698,0
C5_selective_hybrid_strong,1,2,585,51058,2,0,0.08469588309526443,0
C5_selective_hybrid_strong,1,2,588,51061,2,0,0.0760849118232727,0
C5_selective_hybrid_strong,1,2,600,51074,2,0,0.42213451862335205,0
C5_selective_hybrid_strong,1,2,603,51077,2,0,0.1018790528178215,0
C5_selective_hybrid_strong,1,2,617,51091,2,0,0.07428856939077377,0
C5_selective_hybrid_strong,1,2,646,51127,2,0,0.1018594279885292,0
C5_selective_hybrid_strong,1,2,648,51129,2,0,0.0777362659573555,0
C5_selective_hybrid_strong,1,2,650,51131,2,0,0.07816800475120544,0
C5_selective_hybrid_strong,1,2,651,51132,2,0,0.07431724667549133,0
C5_selective_hybrid_strong,1,2,655,51136,2,0,0.5911622643470764,1
C5_selective_hybrid_strong,1,2,662,51146,2,0,0.07860635221004486,0
C5_selective_hybrid_strong,1,2,664,51148,2,0,0.08519941568374634,0
C5_selective_hybrid_strong,1,2,668,51152,2,0,0.07861201465129852,0
C5_selective_hybrid_strong,1,2,675,51162,1,1,0.9453780651092529,1
C5_selective_hybrid_strong,1,2,681,51171,1,1,0.943703830242157,1
C5_selective_hybrid_strong,1,2,689,51183,2,0,0.19076654314994812,0
C5_selective_hybrid_strong,1,2,703,51205,1,1,0.9446906447410583,1
C5_selective_hybrid_strong,1,2,728,51235,1,1,0.9453652501106262,1
C5_selective_hybrid_strong,1,2,735,51249,1,1,0.9450833797454834,1
C5_selective_hybrid_strong,1,2,751,51268,2,0,0.07467686384916306,0
C5_selective_hybrid_strong,1,2,763,51291,1,1,0.944561779499054,1
C5_selective_hybrid_strong,1,2,767,51295,1,1,0.9454193115234375,1
C5_selective_hybrid_strong,1,2,813,51350,1,1,0.9378684759140015,1
C5_selective_hybrid_strong,1,2,814,51351,1,1,0.9352414608001709,1
C5_selective_hybrid_strong,1,2,826,51370,2,0,0.07642597705125809,0
C5_selective_hybrid_strong,1,2,835,51480,2,0,0.07466098666191101,0
C5_selective_hybrid_strong,1,2,859,51574,1,1,0.9452399015426636,1
C5_selective_hybrid_strong,1,2,867,51584,1,1,0.9454089999198914,1
C5_selective_hybrid_strong,1,3,3,50006,1,1,0.7772117257118225,1
C5_selective_hybrid_strong,1,3,15,50023,1,1,0.5687282085418701,1
C5_selective_hybrid_strong,1,3,25,50034,2,0,0.19717659056186676,0
C5_selective_hybrid_strong,1,3,39,50048,2,0,0.7726505398750305,1
C5_selective_hybrid_strong,1,3,68,50124,1,1,0.7746081948280334,1
C5_selective_hybrid_strong,1,3,75,50132,1,1,0.7526910305023193,1
C5_selective_hybrid_strong,1,3,88,50153,1,1,0.26956048607826233,0
C5_selective_hybrid_strong,1,3,100,50169,2,0,0.19709494709968567,0
C5_selective_hybrid_strong,1,3,107,50187,1,1,0.20136940479278564,0
C5_selective_hybrid_strong,1,3,111,50193,2,0,0.19979242980480194,0
C5_selective_hybrid_strong,1,3,122,50205,2,0,0.19975046813488007,0
C5_selective_hybrid_strong,1,3,138,50243,1,1,0.5929467082023621,1
C5_selective_hybrid_strong,1,3,147,50254,1,1,0.7735234498977661,1
C5_selective_hybrid_strong,1,3,159,50268,2,0,0.19773787260055542,0
C5_selective_hybrid_strong,1,3,173,50289,1,1,0.20258602499961853,0
C5_selective_hybrid_strong,1,3,186,50308,1,1,0.6848005652427673,1
C5_selective_hybrid_strong,1,3,189,50314,1,1,0.773756206035614,1
C5_selective_hybrid_strong,1,3,193,50320,1,1,0.7765369415283203,1
C5_selective_hybrid_strong,1,3,199,50330,2,0,0.197179913520813,0
C5_selective_hybrid_strong,1,3,203,50334,2,0,0.7727020382881165,1
C5_selective_hybrid_strong,1,3,206,50337,2,0,0.20562584698200226,0
C5_selective_hybrid_strong,1,3,232,50363,2,0,0.20451396703720093,0
C5_selective_hybrid_strong,1,3,233,50364,2,0,0.2567099928855896,0
C5_selective_hybrid_strong,1,3,236,50367,2,0,0.1975390911102295,0
C5_selective_hybrid_strong,1,3,248,50381,2,0,0.2055952101945877,0
C5_selective_hybrid_strong,1,3,252,50386,2,0,0.19711776077747345,0
C5_selective_hybrid_strong,1,3,255,50390,2,0,0.19757533073425293,0
C5_selective_hybrid_strong,1,3,259,50402,1,1,0.1971941739320755,0
C5_selective_hybrid_strong,1,3,261,50404,1,1,0.7750953435897827,1
C5_selective_hybrid_strong,1,3,264,50407,1,1,0.7698268294334412,1
C5_selective_hybrid_strong,1,3,282,50428,2,0,0.19934146106243134,0
C5_selective_hybrid_strong,1,3,291,50441,2,0,0.19754956662654877,0
C5_selective_hybrid_strong,1,3,296,50446,2,0,0.19703300297260284,0
C5_selective_hybrid_strong,1,3,301,50463,2,0,0.19715213775634766,0
C5_selective_hybrid_strong,1,3,312,50485,1,1,0.19737426936626434,0
C5_selective_hybrid_strong,1,3,322,50497,1,1,0.7645384073257446,1
C5_selective_hybrid_strong,1,3,330,50507,1,1,0.229913592338562,0
C5_selective_hybrid_strong,1,3,332,50510,1,1,0.7750684022903442,1
C5_selective_hybrid_strong,1,3,338,50520,1,1,0.7692725658416748,1
C5_selective_hybrid_strong,1,3,362,50572,2,0,0.197099968791008,0
C5_selective_hybrid_strong,1,3,364,50574,2,0,0.27866330742836,0
C5_selective_hybrid_strong,1,3,368,50578,2,0,0.7725313901901245,1
C5_selective_hybrid_strong,1,3,382,50620,1,1,0.20152650773525238,0
C5_selective_hybrid_strong,1,3,384,50622,1,1,0.7768632769584656,1
C5_selective_hybrid_strong,1,3,398,50659,2,0,0.41808629035949707,0
C5_selective_hybrid_strong,1,3,403,50683,2,0,0.19716615974903107,0
C5_selective_hybrid_strong,1,3,408,50689,1,1,0.7756720781326294,1
C5_selective_hybrid_strong,1,3,415,50696,1,1,0.7666034698486328,1
C5_selective_hybrid_strong,1,3,421,50702,1,1,0.22102868556976318,0
C5_selective_hybrid_strong,1,3,433,50725,2,0,0.19708798825740814,0
C5_selective_hybrid_strong,1,3,436,50730,2,0,0.19830331206321716,0
C5_selective_hybrid_strong,1,3,439,50735,2,0,0.19726619124412537,0
C5_selective_hybrid_strong,1,3,469,50786,2,0,0.20030908286571503,0
C5_selective_hybrid_strong,1,3,497,50959,1,1,0.25281813740730286,0
C5_selective_hybrid_strong,1,3,503,50966,1,1,0.1979297697544098,0
C5_selective_hybrid_strong,1,3,517,50983,1,1,0.423850953578949,0
C5_selective_hybrid_strong,1,3,529,50995,1,1,0.7761585116386414,1
C5_selective_hybrid_strong,1,3,530,50996,1,1,0.7424015998840332,1
C5_selective_hybrid_strong,1,3,531,50997,1,1,0.6645737886428833,1
C5_selective_hybrid_strong,1,3,541,51010,1,1,0.30810052156448364,0
C5_selective_hybrid_strong,1,3,546,51015,1,1,0.19747959077358246,0
C5_selective_hybrid_strong,1,3,555,51025,1,1,0.7461898326873779,1
C5_selective_hybrid_strong,1,3,572,51045,2,0,0.20040026307106018,0
C5_selective_hybrid_strong,1,3,577,51050,2,0,0.19716963171958923,0
C5_selective_hybrid_strong,1,3,592,51065,2,0,0.19724798202514648,0
C5_selective_hybrid_strong,1,3,607,51081,2,0,0.19784797728061676,0
C5_selective_hybrid_strong,1,3,608,51082,2,0,0.19903628528118134,0
C5_selective_hybrid_strong,1,3,613,51087,2,0,0.1987832635641098,0
C5_selective_hybrid_strong,1,3,637,51113,2,0,0.19805721938610077,0
C5_selective_hybrid_strong,1,3,639,51116,2,0,0.20251938700675964,0
C5_selective_hybrid_strong,1,3,645,51126,2,0,0.19974571466445923,0
C5_selective_hybrid_strong,1,3,661,51142,2,0,0.19956092536449432,0
C5_selective_hybrid_strong,1,3,706,51208,1,1,0.20360925793647766,0
C5_selective_hybrid_strong,1,3,714,51218,1,1,0.7673448324203491,1
C5_selective_hybrid_strong,1,3,722,51226,1,1,0.19706223905086517,0
C5_selective_hybrid_strong,1,3,731,51239,1,1,0.7669870257377625,1
C5_selective_hybrid_strong,1,3,741,51255,2,0,0.19709686934947968,0
C5_selective_hybrid_strong,1,3,752,51269,2,0,0.1989212930202484,0
C5_selective_hybrid_strong,1,3,761,51280,2,0,0.19716164469718933,0
C5_selective_hybrid_strong,1,3,770,51299,1,1,0.7770941257476807,1
C5_selective_hybrid_strong,1,3,771,51300,1,1,0.772600531578064,1
C5_selective_hybrid_strong,1,3,776,51305,2,0,0.3931800425052643,0
C5_selective_hybrid_strong,1,3,794,51329,1,1,0.2948589324951172,0
C5_selective_hybrid_strong,1,3,803,51339,2,0,0.19727933406829834,0
C5_selective_hybrid_strong,1,3,806,51342,2,0,0.19719421863555908,0
C5_selective_hybrid_strong,1,3,838,51484,2,0,0.20508036017417908,0
C5_selective_hybrid_strong,1,3,855,51569,2,0,0.6836957335472107,1
C5_selective_hybrid_strong,1,4,4,50007,1,1,0.40270787477493286,0
C5_selective_hybrid_strong,1,4,32,50041,2,0,0.1048140898346901,0
C5_selective_hybrid_strong,1,4,46,50056,1,1,0.846248209476471,1
C5_selective_hybrid_strong,1,4,57,50111,2,0,0.1038181409239769,0
C5_selective_hybrid_strong,1,4,60,50114,2,0,0.1046690046787262,0
C5_selective_hybrid_strong,1,4,87,50152,1,1,0.8425111770629883,1
C5_selective_hybrid_strong,1,4,94,50161,2,0,0.10894186794757843,0
C5_selective_hybrid_strong,1,4,120,50203,2,0,0.1043817400932312,0
C5_selective_hybrid_strong,1,4,135,50239,1,1,0.11033499240875244,0
C5_selective_hybrid_strong,1,4,149,50257,2,0,0.1049465462565422,0
C5_selective_hybrid_strong,1,4,153,50262,2,0,0.10293058305978775,0
C5_selective_hybrid_strong,1,4,154,50263,2,0,0.1038154885172844,0
C5_selective_hybrid_strong,1,4,166,50275,1,1,0.8386396765708923,1
C5_selective_hybrid_strong,1,4,179,50295,1,1,0.8467835187911987,1
C5_selective_hybrid_strong,1,4,210,50341,2,0,0.10289838910102844,0
C5_selective_hybrid_strong,1,4,216,50347,2,0,0.10375580936670303,0
C5_selective_hybrid_strong,1,4,226,50357,2,0,0.1035098135471344,0
C5_selective_hybrid_strong,1,4,258,50399,1,1,0.4772925078868866,0
C5_selective_hybrid_strong,1,4,272,50416,2,0,0.10378925502300262,0
C5_selective_hybrid_strong,1,4,295,50445,2,0,0.10291075706481934,0
C5_selective_hybrid_strong,1,4,316,50490,1,1,0.6870074272155762,1
C5_selective_hybrid_strong,1,4,323,50498,1,1,0.8333075642585754,1
C5_selective_hybrid_strong,1,4,324,50499,1,1,0.839979350566864,1
C5_selective_hybrid_strong,1,4,328,50503,1,1,0.8204900026321411,1
C5_selective_hybrid_strong,1,4,329,50504,1,1,0.8414636254310608,1
C5_selective_hybrid_strong,1,4,344,50527,1,1,0.36270278692245483,0
C5_selective_hybrid_strong,1,4,349,50532,1,1,0.8464776873588562,1
C5_selective_hybrid_strong,1,4,350,50551,2,0,0.15711870789527893,0
C5_selective_hybrid_strong,1,4,359,50569,2,0,0.1065124049782753,0
C5_selective_hybrid_strong,1,4,360,50570,2,0,0.10295698791742325,0
C5_selective_hybrid_strong,1,4,363,50573,2,0,0.10304981470108032,0
C5_selective_hybrid_strong,1,4,371,50603,1,1,0.8468992710113525,1
C5_selective_hybrid_strong,1,4,380,50616,1,1,0.8463566303253174,1
C5_selective_hybrid_strong,1,4,387,50625,1,1,0.10353328287601471,0
C5_selective_hybrid_strong,1,4,389,50627,1,1,0.8429614901542664,1
C5_selective_hybrid_strong,1,4,391,50642,1,1,0.8078734278678894,1
C5_selective_hybrid_strong,1,4,392,50644,1,1,0.845026433467865,1
C5_selective_hybrid_strong,1,4,402,50682,2,0,0.103318952023983,0
C5_selective_hybrid_strong,1,4,430,50722,2,0,0.10502373427152634,0
C5_selective_hybrid_strong,1,4,437,50731,2,0,0.10466587543487549,0
C5_selective_hybrid_strong,1,4,458,50772,2,0,0.8379877209663391,1
C5_selective_hybrid_strong,1,4,473,50796,1,1,0.8458802700042725,1
C5_selective_hybrid_strong,1,4,474,50797,1,1,0.6887284517288208,1
C5_selective_hybrid_strong,1,4,481,50812,2,0,0.10320700705051422,0
C5_selective_hybrid_strong,1,4,483,50816,2,0,0.10588846355676651,0
C5_selective_hybrid_strong,1,4,485,50818,2,0,0.1033400222659111,0
C5_selective_hybrid_strong,1,4,509,50973,1,1,0.6211458444595337,1
C5_selective_hybrid_strong,1,4,516,50982,1,1,0.10568424314260483,0
C5_selective_hybrid_strong,1,4,543,51012,1,1,0.806300163269043,1
C5_selective_hybrid_strong,1,4,548,51017,1,1,0.8444592952728271,1
C5_selective_hybrid_strong,1,4,549,51018,1,1,0.8399240970611572,1
C5_selective_hybrid_strong,1,4,551,51020,1,1,0.24022772908210754,0
C5_selective_hybrid_strong,1,4,575,51048,2,0,0.16771665215492249,0
C5_selective_hybrid_strong,1,4,590,51063,2,0,0.10561104863882065,0
C5_selective_hybrid_strong,1,4,598,51072,2,0,0.11046415567398071,0
C5_selective_hybrid_strong,1,4,605,51079,2,0,0.3858470320701599,0
C5_selective_hybrid_strong,1,4,618,51093,2,0,0.10335078835487366,0
C5_selective_hybrid_strong,1,4,626,51101,2,0,0.10625766962766647,0
C5_selective_hybrid_strong,1,4,641,51118,2,0,0.5051144361495972,1
C5_selective_hybrid_strong,1,4,649,51130,2,0,0.5702592730522156,1
C5_selective_hybrid_strong,1,4,653,51134,2,0,0.10312541574239731,0
C5_selective_hybrid_strong,1,4,658,51139,2,0,0.1029130145907402,0
C5_selective_hybrid_strong,1,4,659,51140,2,0,0.10319908708333969,0
C5_selective_hybrid_strong,1,4,666,51150,2,0,0.10300759226083755,0
C5_selective_hybrid_strong,1,4,678,51168,1,1,0.7583431601524353,1
C5_selective_hybrid_strong,1,4,687,51181,2,0,0.10882782191038132,0
C5_selective_hybrid_strong,1,4,690,51184,2,0,0.18686683475971222,0
C5_selective_hybrid_strong,1,4,699,51201,1,1,0.763102650642395,1
C5_selective_hybrid_strong,1,4,708,51211,1,1,0.6793051958084106,1
C5_selective_hybrid_strong,1,4,712,51216,1,1,0.10309773683547974,0
C5_selective_hybrid_strong,1,4,716,51220,1,1,0.8177090287208557,1
C5_selective_hybrid_strong,1,4,718,51222,1,1,0.10718464851379395,0
C5_selective_hybrid_strong,1,4,723,51228,1,1,0.8464977741241455,1
C5_selective_hybrid_strong,1,4,742,51256,2,0,0.10489686578512192,0
C5_selective_hybrid_strong,1,4,750,51267,2,0,0.10320120304822922,0
C5_selective_hybrid_strong,1,4,778,51307,2,0,0.8353397846221924,1
C5_selective_hybrid_strong,1,4,793,51328,1,1,0.8455092906951904,1
C5_selective_hybrid_strong,1,4,808,51344,2,0,0.1038011908531189,0
C5_selective_hybrid_strong,1,4,815,51354,1,1,0.7602445483207703,1
C5_selective_hybrid_strong,1,4,817,51357,2,0,0.10483010858297348,0
C5_selective_hybrid_strong,1,4,845,51558,2,0,0.10351842641830444,0
C5_selective_hybrid_strong,1,4,846,51559,2,0,0.10288754850625992,0
C5_selective_hybrid_strong,1,4,852,51566,2,0,0.10329346358776093,0
C5_selective_hybrid_strong,1,4,854,51568,2,0,0.10608235001564026,0
C5_selective_hybrid_strong,1,4,860,51576,1,1,0.11156989634037018,0
C5_selective_hybrid_strong,1,4,861,51577,1,1,0.5257384777069092,1
C5_selective_hybrid_strong,1,4,863,51579,1,1,0.10298760235309601,0
C5_selective_hybrid_strong,1,5,9,50013,1,1,0.8572959303855896,1
C5_selective_hybrid_strong,1,5,12,50016,1,1,0.7016690373420715,1
C5_selective_hybrid_strong,1,5,21,50030,2,0,0.8486604690551758,1
C5_selective_hybrid_strong,1,5,28,50037,2,0,0.26023489236831665,0
C5_selective_hybrid_strong,1,5,37,50046,2,0,0.10634751617908478,0
C5_selective_hybrid_strong,1,5,48,50059,2,0,0.10256234556436539,0
C5_selective_hybrid_strong,1,5,73,50130,1,1,0.3410884141921997,0
C5_selective_hybrid_strong,1,5,77,50135,1,1,0.8598780035972595,1
C5_selective_hybrid_strong,1,5,79,50143,1,1,0.8568483591079712,1
C5_selective_hybrid_strong,1,5,81,50145,1,1,0.8574724197387695,1
C5_selective_hybrid_strong,1,5,95,50162,2,0,0.12040631473064423,0
C5_selective_hybrid_strong,1,5,97,50164,2,0,0.10240580141544342,0
C5_selective_hybrid_strong,1,5,102,50171,2,0,0.2172985076904297,0
C5_selective_hybrid_strong,1,5,128,50215,2,0,0.10348150879144669,0
C5_selective_hybrid_strong,1,5,134,50237,1,1,0.8579574823379517,1
C5_selective_hybrid_strong,1,5,142,50249,1,1,0.8595516085624695,1
C5_selective_hybrid_strong,1,5,150,50259,2,0,0.1033124029636383,0
C5_selective_hybrid_strong,1,5,167,50276,1,1,0.8609514236450195,1
C5_selective_hybrid_strong,1,5,177,50293,1,1,0.8486968278884888,1
C5_selective_hybrid_strong,1,5,185,50304,1,1,0.8398526906967163,1
C5_selective_hybrid_strong,1,5,191,50318,1,1,0.11052706092596054,0
C5_selective_hybrid_strong,1,5,207,50338,2,0,0.10757504403591156,0
C5_selective_hybrid_strong,1,5,243,50375,2,0,0.10834050178527832,0
C5_selective_hybrid_strong,1,5,250,50383,2,0,0.26837876439094543,0
C5_selective_hybrid_strong,1,5,271,50415,2,0,0.10327491909265518,0
C5_selective_hybrid_strong,1,5,276,50421,2,0,0.10573924332857132,0
C5_selective_hybrid_strong,1,5,280,50426,2,0,0.10276114195585251,0
C5_selective_hybrid_strong,1,5,286,50436,2,0,0.8330848217010498,1
C5_selective_hybrid_strong,1,5,293,50443,2,0,0.6343353390693665,1
C5_selective_hybrid_strong,1,5,304,50468,2,0,0.367752343416214,0
C5_selective_hybrid_strong,1,5,306,50470,2,0,0.37050357460975647,0
C5_selective_hybrid_strong,1,5,327,50502,1,1,0.8619208335876465,1
C5_selective_hybrid_strong,1,5,334,50515,1,1,0.856911301612854,1
C5_selective_hybrid_strong,1,5,336,50518,1,1,0.8201797008514404,1
C5_selective_hybrid_strong,1,5,339,50521,1,1,0.4847726821899414,0
C5_selective_hybrid_strong,1,5,347,50530,1,1,0.8560221791267395,1
C5_selective_hybrid_strong,1,5,351,50552,2,0,0.20324699580669403,0
C5_selective_hybrid_strong,1,5,355,50561,2,0,0.10554753988981247,0
C5_selective_hybrid_strong,1,5,367,50577,2,0,0.1024077981710434,0
C5_selective_hybrid_strong,1,5,385,50623,1,1,0.845101535320282,1
C5_selective_hybrid_strong,1,5,411,50692,2,0,0.10442332923412323,0
C5_selective_hybrid_strong,1,5,412,50693,1,1,0.10310801863670349,0
C5_selective_hybrid_strong,1,5,417,50698,2,0,0.10333752632141113,0
C5_selective_hybrid_strong,1,5,443,50740,2,0,0.10278932750225067,0
C5_selective_hybrid_strong,1,5,465,50780,2,0,0.32816633582115173,0
C5_selective_hybrid_strong,1,5,484,50817,2,0,0.10735247284173965,0
C5_selective_hybrid_strong,1,5,487,50821,2,0,0.1024492159485817,0
C5_selective_hybrid_strong,1,5,494,50956,1,1,0.856289803981781,1
C5_selective_hybrid_strong,1,5,498,50960,1,1,0.14436163008213043,0
C5_selective_hybrid_strong,1,5,504,50967,1,1,0.8543177843093872,1
C5_selective_hybrid_strong,1,5,507,50970,1,1,0.8597588539123535,1
C5_selective_hybrid_strong,1,5,513,50978,1,1,0.8619714379310608,1
C5_selective_hybrid_strong,1,5,514,50979,1,1,0.6653034090995789,1
C5_selective_hybrid_strong,1,5,528,50994,1,1,0.8619554042816162,1
C5_selective_hybrid_strong,1,5,533,51000,1,1,0.8592751026153564,1
C5_selective_hybrid_strong,1,5,536,51003,1,1,0.861439049243927,1
C5_selective_hybrid_strong,1,5,537,51006,1,1,0.861471951007843,1
C5_selective_hybrid_strong,1,5,538,51007,1,1,0.8556800484657288,1
C5_selective_hybrid_strong,1,5,539,51008,1,1,0.10554008930921555,0
C5_selective_hybrid_strong,1,5,547,51016,1,1,0.8175435066223145,1
C5_selective_hybrid_strong,1,5,550,51019,1,1,0.8560100197792053,1
C5_selective_hybrid_strong,1,5,594,51067,2,0,0.11160226911306381,0
C5_selective_hybrid_strong,1,5,614,51088,2,0,0.10931533575057983,0
C5_selective_hybrid_strong,1,5,616,51090,2,0,0.10830144584178925,0
C5_selective_hybrid_strong,1,5,621,51096,2,0,0.11153324693441391,0
C5_selective_hybrid_strong,1,5,623,51098,2,0,0.11047634482383728,0
C5_selective_hybrid_strong,1,5,628,51103,2,0,0.8075743317604065,1
C5_selective_hybrid_strong,1,5,647,51128,2,0,0.1080872192978859,0
C5_selective_hybrid_strong,1,5,660,51141,2,0,0.10657481849193573,0
C5_selective_hybrid_strong,1,5,669,51153,2,0,0.1024370789527893,0
C5_selective_hybrid_strong,1,5,674,51161,1,1,0.8450056910514832,1
C5_selective_hybrid_strong,1,5,685,51179,1,1,0.8025644421577454,1
C5_selective_hybrid_strong,1,5,698,51198,2,0,0.3409377634525299,0
C5_selective_hybrid_strong,1,5,702,51204,1,1,0.8554747104644775,1
C5_selective_hybrid_strong,1,5,713,51217,1,1,0.1993042528629303,0
C5_selective_hybrid_strong,1,5,719,51223,1,1,0.6824164986610413,1
C5_selective_hybrid_strong,1,5,727,51234,1,1,0.8503974080085754,1
C5_selective_hybrid_strong,1,5,737,51251,2,0,0.5968616008758545,1
C5_selective_hybrid_strong,1,5,738,51252,2,0,0.8616768717765808,1
C5_selective_hybrid_strong,1,5,746,51262,2,0,0.8514285087585449,1
C5_selective_hybrid_strong,1,5,805,51341,2,0,0.36744818091392517,0
C5_selective_hybrid_strong,1,5,821,51362,2,0,0.11499530076980591,0
C5_selective_hybrid_strong,1,5,823,51364,2,0,0.16688628494739532,0
C5_selective_hybrid_strong,1,5,832,51473,1,1,0.5814481377601624,1
C5_selective_hybrid_strong,1,5,847,51560,2,0,0.10460732877254486,0
C5_selective_hybrid_strong,1,5,848,51562,2,0,0.10603630542755127,0
C5_selective_hybrid_strong,1,5,849,51563,2,0,0.10239503532648087,0
C5_selective_hybrid_strong,1,6,6,50010,1,1,0.8803252577781677,1
C5_selective_hybrid_strong,1,6,47,50057,1,1,0.08238258212804794,0
C5_selective_hybrid_strong,1,6,54,50106,2,0,0.2542237639427185,0
C5_selective_hybrid_strong,1,6,61,50115,2,0,0.08003442734479904,0
C5_selective_hybrid_strong,1,6,70,50127,1,1,0.4021657705307007,0
C5_selective_hybrid_strong,1,6,76,50134,1,1,0.8802667856216431,1
C5_selective_hybrid_strong,1,6,78,50142,1,1,0.8786638975143433,1
C5_selective_hybrid_strong,1,6,82,50146,1,1,0.28346750140190125,0
C5_selective_hybrid_strong,1,6,91,50158,2,0,0.07980533689260483,0
C5_selective_hybrid_strong,1,6,92,50159,2,0,0.8731722235679626,1
C5_selective_hybrid_strong,1,6,112,50194,2,0,0.08015412092208862,0
C5_selective_hybrid_strong,1,6,123,50206,2,0,0.48375269770622253,0
C5_selective_hybrid_strong,1,6,124,50208,2,0,0.09532404690980911,0
C5_selective_hybrid_strong,1,6,130,50232,1,1,0.8695282936096191,1
C5_selective_hybrid_strong,1,6,131,50233,1,1,0.8806982636451721,1
C5_selective_hybrid_strong,1,6,137,50241,1,1,0.8800644278526306,1
C5_selective_hybrid_strong,1,6,139,50245,1,1,0.8799738883972168,1
C5_selective_hybrid_strong,1,6,140,50247,1,1,0.8750181198120117,1
C5_selective_hybrid_strong,1,6,151,50260,2,0,0.07983747869729996,0
C5_selective_hybrid_strong,1,6,168,50278,1,1,0.8797463178634644,1
C5_selective_hybrid_strong,1,6,175,50291,1,1,0.7728457450866699,1
C5_selective_hybrid_strong,1,6,196,50325,1,1,0.08315282315015793,0
C5_selective_hybrid_strong,1,6,205,50336,2,0,0.22480034828186035,0
C5_selective_hybrid_strong,1,6,219,50350,2,0,0.08665568381547928,0
C5_selective_hybrid_strong,1,6,220,50351,2,0,0.08308582007884979,0
C5_selective_hybrid_strong,1,6,223,50354,2,0,0.1370358020067215,0
C5_selective_hybrid_strong,1,6,228,50359,2,0,0.21092095971107483,0
C5_selective_hybrid_strong,1,6,229,50360,2,0,0.08058241754770279,0
C5_selective_hybrid_strong,1,6,234,50365,2,0,0.08004668354988098,0
C5_selective_hybrid_strong,1,6,239,50370,2,0,0.08194274455308914,0
C5_selective_hybrid_strong,1,6,254,50388,2,0,0.0798887386918068,0
C5_selective_hybrid_strong,1,6,260,50403,1,1,0.09260888397693634,0
C5_selective_hybrid_strong,1,6,278,50424,2,0,0.07982791215181351,0
C5_selective_hybrid_strong,1,6,290,50440,2,0,0.7950929403305054,1
C5_selective_hybrid_strong,1,6,292,50442,2,0,0.08457013964653015,0
C5_selective_hybrid_strong,1,6,299,50449,2,0,0.08179520070552826,0
C5_selective_hybrid_strong,1,6,302,50466,2,0,0.07988365739583969,0
C5_selective_hybrid_strong,1,6,321,50496,1,1,0.8786348104476929,1
C5_selective_hybrid_strong,1,6,340,50523,1,1,0.8784103393554688,1
C5_selective_hybrid_strong,1,6,345,50528,1,1,0.8804975748062134,1
C5_selective_hybrid_strong,1,6,357,50565,2,0,0.235441654920578,0
C5_selective_hybrid_strong,1,6,365,50575,2,0,0.07981681078672409,0
C5_selective_hybrid_strong,1,6,372,50604,1,1,0.8760535717010498,1
C5_selective_hybrid_strong,1,6,374,50607,1,1,0.07997087389230728,0
C5_selective_hybrid_strong,1,6,379,50615,1,1,0.8801430463790894,1
C5_selective_hybrid_strong,1,6,399,50664,2,0,0.08341202884912491,0
C5_selective_hybrid_strong,1,6,426,50707,2,0,0.07988609373569489,0
C5_selective_hybrid_strong,1,6,444,50741,2,0,0.08105704933404922,0
C5_selective_hybrid_strong,1,6,467,50782,2,0,0.1380479633808136,0
C5_selective_hybrid_strong,1,6,468,50783,2,0,0.08078738301992416,0
C5_selective_hybrid_strong,1,6,470,50790,2,0,0.08057557791471481,0
C5_selective_hybrid_strong,1,6,480,50807,1,1,0.8806719183921814,1
C5_selective_hybrid_strong,1,6,493,50955,1,1,0.08109406381845474,0
C5_selective_hybrid_strong,1,6,499,50961,1,1,0.8723927140235901,1
C5_selective_hybrid_strong,1,6,515,50981,1,1,0.7534839510917664,1
C5_selective_hybrid_strong,1,6,518,50984,1,1,0.8137714266777039,1
C5_selective_hybrid_strong,1,6,522,50988,1,1,0.3801708519458771,0
C5_selective_hybrid_strong,1,6,523,50989,1,1,0.8794930577278137,1
C5_selective_hybrid_strong,1,6,542,51011,1,1,0.8791739344596863,1
C5_selective_hybrid_strong,1,6,556,51026,1,1,0.8711883425712585,1
C5_selective_hybrid_strong,1,6,557,51027,1,1,0.11511655151844025,0
C5_selective_hybrid_strong,1,6,567,51039,2,0,0.08495926856994629,0
C5_selective_hybrid_strong,1,6,569,51041,2,0,0.08490961790084839,0
C5_selective_hybrid_strong,1,6,573,51046,2,0,0.08749409765005112,0
C5_selective_hybrid_strong,1,6,581,51054,2,0,0.08235078305006027,0
C5_selective_hybrid_strong,1,6,582,51055,2,0,0.08496088534593582,0
C5_selective_hybrid_strong,1,6,583,51056,2,0,0.08664460480213165,0
C5_selective_hybrid_strong,1,6,601,51075,2,0,0.09006740152835846,0
C5_selective_hybrid_strong,1,6,604,51078,2,0,0.08857597410678864,0
C5_selective_hybrid_strong,1,6,624,51099,2,0,0.08012838661670685,0
C5_selective_hybrid_strong,1,6,672,51156,2,0,0.08575569093227386,0
C5_selective_hybrid_strong,1,6,707,51210,1,1,0.8540979027748108,1
C5_selective_hybrid_strong,1,6,725,51230,1,1,0.8799667358398438,1
C5_selective_hybrid_strong,1,6,739,51253,2,0,0.08082716912031174,0
C5_selective_hybrid_strong,1,6,762,51281,2,0,0.0872592180967331,0
C5_selective_hybrid_strong,1,6,773,51302,1,1,0.6560859680175781,1
C5_selective_hybrid_strong,1,6,775,51304,2,0,0.08017363399267197,0
C5_selective_hybrid_strong,1,6,785,51319,1,1,0.8780524134635925,1
C5_selective_hybrid_strong,1,6,796,51331,1,1,0.8728523254394531,1
C5_selective_hybrid_strong,1,6,810,51346,2,0,0.08108428120613098,0
C5_selective_hybrid_strong,1,6,811,51347,2,0,0.08341647684574127,0
C5_selective_hybrid_strong,1,6,812,51349,1,1,0.08238700032234192,0
C5_selective_hybrid_strong,1,6,819,51360,2,0,0.10173164308071136,0
C5_selective_hybrid_strong,1,6,844,51557,2,0,0.0816086083650589,0
C5_selective_hybrid_strong,1,6,858,51573,1,1,0.24780498445034027,0
C5_selective_hybrid_strong,1,6,864,51580,1,1,0.7412744164466858,1
C5_selective_hybrid_strong,1,6,869,51606,1,1,0.08196637034416199,0
C5_selective_hybrid_strong,1,7,22,50031,2,0,0.05824312940239906,0
C5_selective_hybrid_strong,1,7,24,50033,2,0,0.058959148824214935,0
C5_selective_hybrid_strong,1,7,29,50038,2,0,0.05825226753950119,0
C5_selective_hybrid_strong,1,7,43,50052,2,0,0.5061948299407959,1
C5_selective_hybrid_strong,1,7,50,50102,2,0,0.059290386736392975,0
C5_selective_hybrid_strong,1,7,58,50112,2,0,0.05803842842578888,0
C5_selective_hybrid_strong,1,7,62,50116,2,0,0.7104159593582153,1
C5_selective_hybrid_strong,1,7,86,50150,1,1,0.08247583359479904,0
C5_selective_hybrid_strong,1,7,89,50156,1,1,0.9126933217048645,1
C5_selective_hybrid_strong,1,7,93,50160,2,0,0.06458691507577896,0
C5_selective_hybrid_strong,1,7,99,50168,2,0,0.06314022094011307,0
C5_selective_hybrid_strong,1,7,121,50204,2,0,0.0588708259165287,0
C5_selective_hybrid_strong,1,7,125,50210,2,0,0.058751460164785385,0
C5_selective_hybrid_strong,1,7,127,50214,2,0,0.06091286987066269,0
C5_selective_hybrid_strong,1,7,129,50217,2,0,0.05886127054691315,0
C5_selective_hybrid_strong,1,7,133,50236,1,1,0.9136705994606018,1
C5_selective_hybrid_strong,1,7,158,50267,2,0,0.058144714683294296,0
C5_selective_hybrid_strong,1,7,162,50271,2,0,0.14722929894924164,0
C5_selective_hybrid_strong,1,7,169,50282,1,1,0.9116716384887695,1
C5_selective_hybrid_strong,1,7,183,50301,1,1,0.4783439636230469,0
C5_selective_hybrid_strong,1,7,188,50312,1,1,0.9073798656463623,1
C5_selective_hybrid_strong,1,7,211,50342,2,0,0.060070548206567764,0
C5_selective_hybrid_strong,1,7,212,50343,2,0,0.7530356645584106,1
C5_selective_hybrid_strong,1,7,238,50369,2,0,0.06260288506746292,0
C5_selective_hybrid_strong,1,7,245,50377,2,0,0.05944488197565079,0
C5_selective_hybrid_strong,1,7,251,50385,2,0,0.7707674503326416,1
C5_selective_hybrid_strong,1,7,262,50405,1,1,0.9111133217811584,1
C5_selective_hybrid_strong,1,7,266,50410,1,1,0.7440820932388306,1
C5_selective_hybrid_strong,1,7,274,50418,2,0,0.05810149386525154,0
C5_selective_hybrid_strong,1,7,300,50453,2,0,0.7850081324577332,1
C5_selective_hybrid_strong,1,7,307,50477,1,1,0.9116653800010681,1
C5_selective_hybrid_strong,1,7,317,50491,1,1,0.9131044149398804,1
C5_selective_hybrid_strong,1,7,318,50492,1,1,0.9138866066932678,1
C5_selective_hybrid_strong,1,7,325,50500,1,1,0.8187011480331421,1
C5_selective_hybrid_strong,1,7,346,50529,1,1,0.9087719917297363,1
C5_selective_hybrid_strong,1,7,353,50557,2,0,0.058306898921728134,0
C5_selective_hybrid_strong,1,7,354,50558,2,0,0.06378966569900513,0
C5_selective_hybrid_strong,1,7,373,50606,1,1,0.4331558644771576,0
C5_selective_hybrid_strong,1,7,375,50608,1,1,0.16064944863319397,0
C5_selective_hybrid_strong,1,7,386,50624,1,1,0.9133952856063843,1
C5_selective_hybrid_strong,1,7,395,50649,1,1,0.0784926563501358,0
C5_selective_hybrid_strong,1,7,407,50688,2,0,0.05927461385726929,0
C5_selective_hybrid_strong,1,7,418,50699,2,0,0.9129922986030579,1
C5_selective_hybrid_strong,1,7,428,50709,2,0,0.058144550770521164,0
C5_selective_hybrid_strong,1,7,450,50749,1,1,0.9122763872146606,1
C5_selective_hybrid_strong,1,7,453,50752,1,1,0.8129466772079468,1
C5_selective_hybrid_strong,1,7,456,50756,1,1,0.9138952493667603,1
C5_selective_hybrid_strong,1,7,495,50957,1,1,0.37438711524009705,0
C5_selective_hybrid_strong,1,7,510,50974,1,1,0.9133647084236145,1
C5_selective_hybrid_strong,1,7,521,50987,1,1,0.9133725166320801,1
C5_selective_hybrid_strong,1,7,554,51024,1,1,0.9138532280921936,1
C5_selective_hybrid_strong,1,7,587,51060,2,0,0.7236199378967285,1
C5_selective_hybrid_strong,1,7,593,51066,2,0,0.062401700764894485,0
C5_selective_hybrid_strong,1,7,619,51094,2,0,0.060924042016267776,0
C5_selective_hybrid_strong,1,7,620,51095,2,0,0.3088136911392212,0
C5_selective_hybrid_strong,1,7,629,51104,2,0,0.05982135236263275,0
C5_selective_hybrid_strong,1,7,634,51110,2,0,0.05945487692952156,0
C5_selective_hybrid_strong,1,7,663,51147,2,0,0.05897984653711319,0
C5_selective_hybrid_strong,1,7,667,51151,2,0,0.05819692090153694,0
C5_selective_hybrid_strong,1,7,671,51155,2,0,0.05820394307374954,0
C5_selective_hybrid_strong,1,7,673,51159,2,0,0.9116170406341553,1
C5_selective_hybrid_strong,1,7,676,51163,1,1,0.4765241742134094,0
C5_selective_hybrid_strong,1,7,682,51173,1,1,0.9115583896636963,1
C5_selective_hybrid_strong,1,7,683,51177,1,1,0.881659209728241,1
C5_selective_hybrid_strong,1,7,684,51178,1,1,0.9132833480834961,1
C5_selective_hybrid_strong,1,7,695,51192,2,0,0.05897139757871628,0
C5_selective_hybrid_strong,1,7,704,51206,1,1,0.793449342250824,1
C5_selective_hybrid_strong,1,7,710,51214,1,1,0.9108185768127441,1
C5_selective_hybrid_strong,1,7,717,51221,1,1,0.9108181595802307,1
C5_selective_hybrid_strong,1,7,720,51224,1,1,0.9103917479515076,1
C5_selective_hybrid_strong,1,7,724,51229,1,1,0.9138253927230835,1
C5_selective_hybrid_strong,1,7,736,51250,2,0,0.06056325510144234,0
C5_selective_hybrid_strong,1,7,759,51278,2,0,0.1167321652173996,0
C5_selective_hybrid_strong,1,7,760,51279,2,0,0.05860474705696106,0
C5_selective_hybrid_strong,1,7,764,51292,1,1,0.91215580701828,1
C5_selective_hybrid_strong,1,7,774,51303,2,0,0.0582408644258976,0
C5_selective_hybrid_strong,1,7,784,51318,1,1,0.12732477486133575,0
C5_selective_hybrid_strong,1,7,799,51334,2,0,0.060077253729104996,0
C5_selective_hybrid_strong,1,7,807,51343,2,0,0.06285639107227325,0
C5_selective_hybrid_strong,1,7,820,51361,2,0,0.058081064373254776,0
C5_selective_hybrid_strong,1,7,827,51373,2,0,0.05967583507299423,0
C5_selective_hybrid_strong,1,7,828,51461,1,1,0.9135571718215942,1
C5_selective_hybrid_strong,1,7,830,51464,1,1,0.9088716506958008,1
C5_selective_hybrid_strong,1,7,831,51465,1,1,0.9138652086257935,1
C5_selective_hybrid_strong,1,7,833,51477,2,0,0.058017607778310776,0
C5_selective_hybrid_strong,1,7,857,51572,1,1,0.9097545146942139,1
C5_selective_hybrid_strong,1,7,866,51583,1,1,0.906191349029541,1
C5_selective_hybrid_strong,1,8,5,50008,1,1,0.9333762526512146,1
C5_selective_hybrid_strong,1,8,7,50011,1,1,0.9338582754135132,1
C5_selective_hybrid_strong,1,8,10,50014,1,1,0.9338456988334656,1
C5_selective_hybrid_strong,1,8,14,50022,1,1,0.06179533153772354,0
C5_selective_hybrid_strong,1,8,16,50024,1,1,0.9349080920219421,1
C5_selective_hybrid_strong,1,8,35,50044,2,0,0.06193152815103531,0
C5_selective_hybrid_strong,1,8,42,50051,2,0,0.866140604019165,1
C5_selective_hybrid_strong,1,8,49,50060,2,0,0.0626351460814476,0
C5_selective_hybrid_strong,1,8,52,50104,2,0,0.06564606726169586,0
C5_selective_hybrid_strong,1,8,56,50109,2,0,0.06190520524978638,0
C5_selective_hybrid_strong,1,8,65,50119,1,1,0.06527361273765564,0
C5_selective_hybrid_strong,1,8,67,50123,1,1,0.9345399141311646,1
C5_selective_hybrid_strong,1,8,101,50170,2,0,0.10345538705587387,0
C5_selective_hybrid_strong,1,8,103,50182,1,1,0.9343146681785583,1
C5_selective_hybrid_strong,1,8,104,50183,1,1,0.934887170791626,1
C5_selective_hybrid_strong,1,8,106,50186,1,1,0.93363356590271,1
C5_selective_hybrid_strong,1,8,117,50200,2,0,0.061844706535339355,0
C5_selective_hybrid_strong,1,8,118,50201,2,0,0.061852551996707916,0
C5_selective_hybrid_strong,1,8,143,50250,1,1,0.061780527234077454,0
C5_selective_hybrid_strong,1,8,146,50253,1,1,0.6206485033035278,1
C5_selective_hybrid_strong,1,8,164,50273,1,1,0.9325783848762512,1
C5_selective_hybrid_strong,1,8,171,50285,1,1,0.061955247074365616,0
C5_selective_hybrid_strong,1,8,184,50302,1,1,0.9338681697845459,1
C5_selective_hybrid_strong,1,8,187,50310,1,1,0.9348638653755188,1
C5_selective_hybrid_strong,1,8,194,50321,1,1,0.932758629322052,1
C5_selective_hybrid_strong,1,8,198,50329,2,0,0.10010132938623428,0
C5_selective_hybrid_strong,1,8,214,50345,2,0,0.0625036358833313,0
C5_selective_hybrid_strong,1,8,227,50358,2,0,0.06250989437103271,0
C5_selective_hybrid_strong,1,8,231,50362,2,0,0.06178096681833267,0
C5_selective_hybrid_strong,1,8,244,50376,2,0,0.7184064984321594,1
C5_selective_hybrid_strong,1,8,263,50406,1,1,0.9330952167510986,1
C5_selective_hybrid_strong,1,8,268,50412,1,1,0.9330819249153137,1
C5_selective_hybrid_strong,1,8,270,50414,2,0,0.9318106770515442,1
C5_selective_hybrid_strong,1,8,281,50427,2,0,0.06190302222967148,0
C5_selective_hybrid_strong,1,8,298,50448,2,0,0.06214121729135513,0
C5_selective_hybrid_strong,1,8,309,50481,1,1,0.9348917603492737,1
C5_selective_hybrid_strong,1,8,314,50487,1,1,0.9327810406684875,1
C5_selective_hybrid_strong,1,8,358,50568,2,0,0.841101884841919,1
C5_selective_hybrid_strong,1,8,366,50576,2,0,0.061943549662828445,0
C5_selective_hybrid_strong,1,8,369,50601,1,1,0.1976514756679535,0
C5_selective_hybrid_strong,1,8,381,50619,1,1,0.9336535334587097,1
C5_selective_hybrid_strong,1,8,404,50685,2,0,0.06179041415452957,0
C5_selective_hybrid_strong,1,8,419,50700,1,1,0.9339273571968079,1
C5_selective_hybrid_strong,1,8,420,50701,2,0,0.06226307526230812,0
C5_selective_hybrid_strong,1,8,432,50724,2,0,0.06225747987627983,0
C5_selective_hybrid_strong,1,8,440,50737,2,0,0.062249597162008286,0
C5_selective_hybrid_strong,1,8,454,50754,1,1,0.9333156943321228,1
C5_selective_hybrid_strong,1,8,462,50776,2,0,0.06232503801584244,0
C5_selective_hybrid_strong,1,8,471,50791,1,1,0.9339444637298584,1
C5_selective_hybrid_strong,1,8,482,50814,2,0,0.12562289834022522,0
C5_selective_hybrid_strong,1,8,508,50972,1,1,0.9331181049346924,1
C5_selective_hybrid_strong,1,8,525,50991,1,1,0.6062914133071899,1
C5_selective_hybrid_strong,1,8,527,50993,1,1,0.9327582120895386,1
C5_selective_hybrid_strong,1,8,532,50999,1,1,0.9348804950714111,1
C5_selective_hybrid_strong,1,8,544,51013,1,1,0.9348832368850708,1
C5_selective_hybrid_strong,1,8,559,51029,1,1,0.9264037609100342,1
C5_selective_hybrid_strong,1,8,576,51049,2,0,0.06618267297744751,0
C5_selective_hybrid_strong,1,8,596,51069,2,0,0.06655130535364151,0
C5_selective_hybrid_strong,1,8,627,51102,2,0,0.061935100704431534,0
C5_selective_hybrid_strong,1,8,632,51107,2,0,0.9348235130310059,1
C5_selective_hybrid_strong,1,8,635,51111,2,0,0.10387278348207474,0
C5_selective_hybrid_strong,1,8,638,51114,2,0,0.06175583228468895,0
C5_selective_hybrid_strong,1,8,642,51122,2,0,0.0644347071647644,0
C5_selective_hybrid_strong,1,8,644,51124,2,0,0.0625283494591713,0
C5_selective_hybrid_strong,1,8,656,51137,2,0,0.06525907665491104,0
C5_selective_hybrid_strong,1,8,670,51154,2,0,0.5091792941093445,1
C5_selective_hybrid_strong,1,8,694,51189,2,0,0.06206006184220314,0
C5_selective_hybrid_strong,1,8,701,51203,1,1,0.9348806142807007,1
C5_selective_hybrid_strong,1,8,711,51215,1,1,0.06463762372732162,0
C5_selective_hybrid_strong,1,8,730,51237,1,1,0.9334927797317505,1
C5_selective_hybrid_strong,1,8,733,51241,1,1,0.9339302182197571,1
C5_selective_hybrid_strong,1,8,745,51261,2,0,0.06178360432386398,0
C5_selective_hybrid_strong,1,8,747,51264,2,0,0.0649428591132164,0
C5_selective_hybrid_strong,1,8,758,51277,2,0,0.06566746532917023,0
C5_selective_hybrid_strong,1,8,777,51306,2,0,0.7393561601638794,1
C5_selective_hybrid_strong,1,8,783,51315,2,0,0.062174100428819656,0
C5_selective_hybrid_strong,1,8,786,51320,1,1,0.9334790706634521,1
C5_selective_hybrid_strong,1,8,788,51322,1,1,0.06285975873470306,0
C5_selective_hybrid_strong,1,8,790,51325,1,1,0.9328939914703369,1
C5_selective_hybrid_strong,1,8,791,51326,1,1,0.8123555183410645,1
C5_selective_hybrid_strong,1,8,797,51332,2,0,0.06225452199578285,0
C5_selective_hybrid_strong,1,8,801,51336,2,0,0.06184864416718483,0
C5_selective_hybrid_strong,1,8,802,51338,2,0,0.9325197339057922,1
C5_selective_hybrid_strong,1,8,816,51356,2,0,0.9306073188781738,1
C5_selective_hybrid_strong,1,8,824,51365,2,0,0.06276179105043411,0
C5_selective_hybrid_strong,1,8,825,51369,2,0,0.06179235503077507,0
C5_selective_hybrid_strong,1,8,839,51487,2,0,0.08937074989080429,0
C5_selective_hybrid_strong,1,9,0,50003,1,1,0.9109743237495422,1
C5_selective_hybrid_strong,1,9,44,50053,1,1,0.9206929802894592,1
C5_selective_hybrid_strong,1,9,51,50103,2,0,0.9075077176094055,1
C5_selective_hybrid_strong,1,9,83,50147,1,1,0.9207068681716919,1
C5_selective_hybrid_strong,1,9,96,50163,2,0,0.17330148816108704,0
C5_selective_hybrid_strong,1,9,110,50190,1,1,0.9247500896453857,1
C5_selective_hybrid_strong,1,9,116,50199,2,0,0.11291185766458511,0
C5_selective_hybrid_strong,1,9,136,50240,1,1,0.9278978109359741,1
C5_selective_hybrid_strong,1,9,155,50264,2,0,0.8801673054695129,1
C5_selective_hybrid_strong,1,9,157,50266,2,0,0.1246815174818039,0
C5_selective_hybrid_strong,1,9,161,50270,2,0,0.11329282075166702,0
C5_selective_hybrid_strong,1,9,178,50294,1,1,0.927146852016449,1
C5_selective_hybrid_strong,1,9,180,50297,1,1,0.913298487663269,1
C5_selective_hybrid_strong,1,9,181,50298,1,1,0.9257315397262573,1
C5_selective_hybrid_strong,1,9,182,50300,1,1,0.12865881621837616,0
C5_selective_hybrid_strong,1,9,197,50327,2,0,0.18372738361358643,0
C5_selective_hybrid_strong,1,9,202,50333,2,0,0.11389392614364624,0
C5_selective_hybrid_strong,1,9,208,50339,2,0,0.11515877395868301,0
C5_selective_hybrid_strong,1,9,237,50368,2,0,0.11395379155874252,0
C5_selective_hybrid_strong,1,9,247,50380,2,0,0.8670823574066162,1
C5_selective_hybrid_strong,1,9,249,50382,2,0,0.11880005896091461,0
C5_selective_hybrid_strong,1,9,257,50397,1,1,0.9240230321884155,1
C5_selective_hybrid_strong,1,9,267,50411,1,1,0.9278971552848816,1
C5_selective_hybrid_strong,1,9,287,50437,2,0,0.9272876381874084,1
C5_selective_hybrid_strong,1,9,294,50444,2,0,0.2754807770252228,0
C5_selective_hybrid_strong,1,9,297,50447,2,0,0.7163859605789185,1
C5_selective_hybrid_strong,1,9,310,50482,1,1,0.9262476563453674,1
C5_selective_hybrid_strong,1,9,320,50494,1,1,0.9199187159538269,1
C5_selective_hybrid_strong,1,9,341,50524,1,1,0.9266706109046936,1
C5_selective_hybrid_strong,1,9,352,50555,2,0,0.11290767788887024,0
C5_selective_hybrid_strong,1,9,377,50613,1,1,0.927617073059082,1
C5_selective_hybrid_strong,1,9,378,50614,1,1,0.9278787970542908,1
C5_selective_hybrid_strong,1,9,396,50654,1,1,0.6619753241539001,1
C5_selective_hybrid_strong,1,9,400,50665,2,0,0.5732902884483337,1
C5_selective_hybrid_strong,1,9,406,50687,2,0,0.9260658621788025,1
C5_selective_hybrid_strong,1,9,409,50690,1,1,0.11286962032318115,0
C5_selective_hybrid_strong,1,9,423,50704,1,1,0.9241213798522949,1
C5_selective_hybrid_strong,1,9,424,50705,1,1,0.9261267781257629,1
C5_selective_hybrid_strong,1,9,427,50708,1,1,0.9266543388366699,1
C5_selective_hybrid_strong,1,9,434,50726,2,0,0.1970430314540863,0
C5_selective_hybrid_strong,1,9,442,50739,2,0,0.9251592755317688,1
C5_selective_hybrid_strong,1,9,452,50751,1,1,0.9248887896537781,1
C5_selective_hybrid_strong,1,9,459,50773,2,0,0.32262295484542847,0
C5_selective_hybrid_strong,1,9,463,50777,2,0,0.1733069270849228,0
C5_selective_hybrid_strong,1,9,479,50803,1,1,0.9272012114524841,1
C5_selective_hybrid_strong,1,9,488,50822,2,0,0.11395087838172913,0
C5_selective_hybrid_strong,1,9,491,50952,1,1,0.9277130961418152,1
C5_selective_hybrid_strong,1,9,500,50962,1,1,0.9242321252822876,1
C5_selective_hybrid_strong,1,9,512,50977,1,1,0.9264460802078247,1
C5_selective_hybrid_strong,1,9,520,50986,1,1,0.16269707679748535,0
C5_selective_hybrid_strong,1,9,526,50992,1,1,0.9135268330574036,1
C5_selective_hybrid_strong,1,9,534,51001,1,1,0.9262927770614624,1
C5_selective_hybrid_strong,1,9,540,51009,1,1,0.9278047680854797,1
C5_selective_hybrid_strong,1,9,552,51021,1,1,0.9278855919837952,1
C5_selective_hybrid_strong,1,9,561,51032,1,1,0.9257617592811584,1
C5_selective_hybrid_strong,1,9,563,51034,1,1,0.9278244972229004,1
C5_selective_hybrid_strong,1,9,565,51036,2,0,0.11293470859527588,0
C5_selective_hybrid_strong,1,9,578,51051,2,0,0.11823195964097977,0
C5_selective_hybrid_strong,1,9,591,51064,2,0,0.9212242364883423,1
C5_selective_hybrid_strong,1,9,595,51068,2,0,0.9272891283035278,1
C5_selective_hybrid_strong,1,9,602,51076,2,0,0.12298274785280228,0
C5_selective_hybrid_strong,1,9,612,51086,2,0,0.11311134696006775,0
C5_selective_hybrid_strong,1,9,622,51097,2,0,0.13130681216716766,0
C5_selective_hybrid_strong,1,9,625,51100,2,0,0.5756964683532715,1
C5_selective_hybrid_strong,1,9,631,51106,2,0,0.11411860585212708,0
C5_selective_hybrid_strong,1,9,640,51117,2,0,0.8096805810928345,1
C5_selective_hybrid_strong,1,9,643,51123,2,0,0.24827739596366882,0
C5_selective_hybrid_strong,1,9,657,51138,2,0,0.12328056991100311,0
C5_selective_hybrid_strong,1,9,679,51169,1,1,0.920673131942749,1
C5_selective_hybrid_strong,1,9,692,51187,2,0,0.31442955136299133,0
C5_selective_hybrid_strong,1,9,693,51188,2,0,0.1246681734919548,0
C5_selective_hybrid_strong,1,9,709,51212,1,1,0.9262605309486389,1
C5_selective_hybrid_strong,1,9,715,51219,1,1,0.9265999794006348,1
C5_selective_hybrid_strong,1,9,732,51240,1,1,0.9279006719589233,1
C5_selective_hybrid_strong,1,9,743,51257,2,0,0.9242430329322815,1
C5_selective_hybrid_strong,1,9,781,51311,2,0,0.11345211416482925,0
C5_selective_hybrid_strong,1,9,795,51330,1,1,0.9276037216186523,1
C5_selective_hybrid_strong,1,9,798,51333,2,0,0.1128423660993576,0
C5_selective_hybrid_strong,1,9,809,51345,2,0,0.12091360241174698,0
C5_selective_hybrid_strong,1,9,818,51359,2,0,0.9278570413589478,1
C5_selective_hybrid_strong,1,9,822,51363,2,0,0.18784771859645844,0
C5_selective_hybrid_strong,1,9,829,51463,1,1,0.927619993686676,1
C5_selective_hybrid_strong,1,9,837,51482,2,0,0.12002772092819214,0
C5_selective_hybrid_strong,1,9,840,51488,2,0,0.6317380666732788,1
C5_selective_hybrid_strong,1,9,843,51556,2,0,0.18300719559192657,0
C5_selective_hybrid_strong,1,9,851,51565,2,0,0.11291077733039856,0
C5_selective_hybrid_strong,1,9,862,51578,1,1,0.9262517094612122,1
C5_selective_hybrid_strong,1,10,2,50005,1,1,0.9091097116470337,1
C5_selective_hybrid_strong,1,10,11,50015,1,1,0.9437121152877808,1
C5_selective_hybrid_strong,1,10,18,50026,1,1,0.946071207523346,1
C5_selective_hybrid_strong,1,10,19,50027,1,1,0.0939297005534172,0
C5_selective_hybrid_strong,1,10,20,50028,1,1,0.9452576041221619,1
C5_selective_hybrid_strong,1,10,27,50036,2,0,0.06234151870012283,0
C5_selective_hybrid_strong,1,10,36,50045,2,0,0.8868245482444763,1
C5_selective_hybrid_strong,1,10,38,50047,2,0,0.13481132686138153,0
C5_selective_hybrid_strong,1,10,55,50107,2,0,0.10922818630933762,0
C5_selective_hybrid_strong,1,10,63,50117,2,0,0.06235074624419212,0
C5_selective_hybrid_strong,1,10,66,50121,1,1,0.9449278116226196,1
C5_selective_hybrid_strong,1,10,72,50129,1,1,0.9441524147987366,1
C5_selective_hybrid_strong,1,10,85,50149,1,1,0.9458429217338562,1
C5_selective_hybrid_strong,1,10,98,50167,2,0,0.06527390331029892,0
C5_selective_hybrid_strong,1,10,108,50188,1,1,0.06661278754472733,0
C5_selective_hybrid_strong,1,10,113,50195,2,0,0.062312301248311996,0
C5_selective_hybrid_strong,1,10,114,50196,2,0,0.07625512778759003,0
C5_selective_hybrid_strong,1,10,126,50213,2,0,0.0633498802781105,0
C5_selective_hybrid_strong,1,10,132,50234,1,1,0.945670485496521,1
C5_selective_hybrid_strong,1,10,141,50248,1,1,0.9459344148635864,1
C5_selective_hybrid_strong,1,10,145,50252,1,1,0.5769234299659729,1
C5_selective_hybrid_strong,1,10,152,50261,2,0,0.9205114841461182,1
C5_selective_hybrid_strong,1,10,156,50265,2,0,0.0635630339384079,0
C5_selective_hybrid_strong,1,10,163,50272,1,1,0.9441410303115845,1
C5_selective_hybrid_strong,1,10,176,50292,1,1,0.9449619054794312,1
C5_selective_hybrid_strong,1,10,190,50315,1,1,0.9449008107185364,1
C5_selective_hybrid_strong,1,10,200,50331,2,0,0.33302217721939087,0
C5_selective_hybrid_strong,1,10,225,50356,2,0,0.06556955724954605,0
C5_selective_hybrid_strong,1,10,235,50366,2,0,0.06225624680519104,0
C5_selective_hybrid_strong,1,10,240,50372,2,0,0.06246810406446457,0
C5_selective_hybrid_strong,1,10,246,50379,2,0,0.06557479500770569,0
C5_selective_hybrid_strong,1,10,265,50408,1,1,0.0668218657374382,0
C5_selective_hybrid_strong,1,10,275,50419,2,0,0.06533322483301163,0
C5_selective_hybrid_strong,1,10,279,50425,2,0,0.06292222440242767,0
C5_selective_hybrid_strong,1,10,285,50435,2,0,0.06297798454761505,0
C5_selective_hybrid_strong,1,10,308,50480,1,1,0.9448617100715637,1
C5_selective_hybrid_strong,1,10,315,50488,1,1,0.9449068307876587,1
C5_selective_hybrid_strong,1,10,319,50493,1,1,0.9441595077514648,1
C5_selective_hybrid_strong,1,10,348,50531,1,1,0.9437440633773804,1
C5_selective_hybrid_strong,1,10,361,50571,2,0,0.35033097863197327,0
C5_selective_hybrid_strong,1,10,376,50612,1,1,0.638166069984436,1
C5_selective_hybrid_strong,1,10,388,50626,1,1,0.9443719983100891,1
C5_selective_hybrid_strong,1,10,393,50647,1,1,0.9458559155464172,1
C5_selective_hybrid_strong,1,10,397,50656,2,0,0.17380774021148682,0
C5_selective_hybrid_strong,1,10,405,50686,1,1,0.9439647793769836,1
C5_selective_hybrid_strong,1,10,414,50695,1,1,0.26789942383766174,0
C5_selective_hybrid_strong,1,10,448,50745,1,1,0.9449058771133423,1
C5_selective_hybrid_strong,1,10,461,50775,2,0,0.0649677962064743,0
C5_selective_hybrid_strong,1,10,464,50778,2,0,0.06368362903594971,0
C5_selective_hybrid_strong,1,10,466,50781,2,0,0.4788171350955963,0
C5_selective_hybrid_strong,1,10,476,50799,1,1,0.946099579334259,1
C5_selective_hybrid_strong,1,10,478,50801,1,1,0.941866397857666,1
C5_selective_hybrid_strong,1,10,486,50820,2,0,0.06511860340833664,0
C5_selective_hybrid_strong,1,10,489,50823,1,1,0.9458437561988831,1
C5_selective_hybrid_strong,1,10,490,50824,1,1,0.7849739193916321,1
C5_selective_hybrid_strong,1,10,519,50985,1,1,0.9437392354011536,1
C5_selective_hybrid_strong,1,10,568,51040,2,0,0.062402188777923584,0
C5_selective_hybrid_strong,1,10,570,51042,2,0,0.06388913094997406,0
C5_selective_hybrid_strong,1,10,579,51052,2,0,0.06387700885534286,0
C5_selective_hybrid_strong,1,10,586,51059,2,0,0.06619893014431,0
C5_selective_hybrid_strong,1,10,589,51062,2,0,0.06383752822875977,0
C5_selective_hybrid_strong,1,10,606,51080,2,0,0.9449451565742493,1
C5_selective_hybrid_strong,1,10,609,51083,2,0,0.9461222887039185,1
C5_selective_hybrid_strong,1,10,611,51085,2,0,0.9460331201553345,1
C5_selective_hybrid_strong,1,10,652,51133,2,0,0.236105814576149,0
C5_selective_hybrid_strong,1,10,665,51149,2,0,0.0633373111486435,0
C5_selective_hybrid_strong,1,10,677,51164,1,1,0.9449795484542847,1
C5_selective_hybrid_strong,1,10,688,51182,2,0,0.062342289835214615,0
C5_selective_hybrid_strong,1,10,700,51202,1,1,0.9434616565704346,1
C5_selective_hybrid_strong,1,10,705,51207,1,1,0.9439294934272766,1
C5_selective_hybrid_strong,1,10,721,51225,1,1,0.37661680579185486,0
C5_selective_hybrid_strong,1,10,740,51254,2,0,0.06408987194299698,0
C5_selective_hybrid_strong,1,10,748,51265,2,0,0.0657939463853836,0
C5_selective_hybrid_strong,1,10,749,51266,2,0,0.49016234278678894,0
C5_selective_hybrid_strong,1,10,756,51275,2,0,0.06577277183532715,0
C5_selective_hybrid_strong,1,10,766,51294,1,1,0.9457105994224548,1
C5_selective_hybrid_strong,1,10,768,51297,1,1,0.9449299573898315,1
C5_selective_hybrid_strong,1,10,772,51301,1,1,0.5624395608901978,1
C5_selective_hybrid_strong,1,10,779,51308,2,0,0.06664460152387619,0
C5_selective_hybrid_strong,1,10,780,51309,2,0,0.9461919069290161,1
C5_selective_hybrid_strong,1,10,782,51313,2,0,0.0666225403547287,0
C5_selective_hybrid_strong,1,10,800,51335,2,0,0.06784265488386154,0
C5_selective_hybrid_strong,1,10,834,51479,2,0,0.06385979801416397,0
C5_selective_hybrid_strong,1,10,850,51564,2,0,0.06369036436080933,0
C5_selective_hybrid_strong,1,10,853,51567,2,0,0.06334061920642853,0
C5_selective_hybrid_strong,1,10,865,51582,1,1,0.9457331895828247,1
C5_selective_hybrid_strong,1,10,868,51585,1,1,0.945246696472168,1
C5_selective_hybrid_strong,2,1,0,50003,1,1,0.6685828566551208,1
C5_selective_hybrid_strong,2,1,7,50011,1,1,0.8551868200302124,1
C5_selective_hybrid_strong,2,1,35,50044,2,0,0.12044525146484375,0
C5_selective_hybrid_strong,2,1,39,50048,2,0,0.7807411551475525,1
C5_selective_hybrid_strong,2,1,45,50054,2,0,0.8546187281608582,1
C5_selective_hybrid_strong,2,1,48,50059,2,0,0.6737499237060547,1
C5_selective_hybrid_strong,2,1,53,50105,2,0,0.4459812641143799,0
C5_selective_hybrid_strong,2,1,55,50107,2,0,0.41036680340766907,0
C5_selective_hybrid_strong,2,1,72,50129,1,1,0.8586646914482117,1
C5_selective_hybrid_strong,2,1,73,50130,1,1,0.8579109907150269,1
C5_selective_hybrid_strong,2,1,78,50142,1,1,0.8579624891281128,1
C5_selective_hybrid_strong,2,1,81,50145,1,1,0.24490319192409515,0
C5_selective_hybrid_strong,2,1,86,50150,1,1,0.16103976964950562,0
C5_selective_hybrid_strong,2,1,95,50162,2,0,0.10345692187547684,0
C5_selective_hybrid_strong,2,1,127,50214,2,0,0.11344562470912933,0
C5_selective_hybrid_strong,2,1,138,50243,1,1,0.7378503084182739,1
C5_selective_hybrid_strong,2,1,144,50251,1,1,0.5133829116821289,1
C5_selective_hybrid_strong,2,1,149,50257,2,0,0.104173444211483,0
C5_selective_hybrid_strong,2,1,176,50292,1,1,0.8585935235023499,1
C5_selective_hybrid_strong,2,1,182,50300,1,1,0.25863510370254517,0
C5_selective_hybrid_strong,2,1,192,50319,1,1,0.8586723208427429,1
C5_selective_hybrid_strong,2,1,193,50320,1,1,0.8584091067314148,1
C5_selective_hybrid_strong,2,1,204,50335,2,0,0.16265089809894562,0
C5_selective_hybrid_strong,2,1,205,50336,2,0,0.6110758185386658,1
C5_selective_hybrid_strong,2,1,231,50362,2,0,0.10357636958360672,0
C5_selective_hybrid_strong,2,1,234,50365,2,0,0.10678057372570038,0
C5_selective_hybrid_strong,2,1,242,50374,2,0,0.27059248089790344,0
C5_selective_hybrid_strong,2,1,247,50380,2,0,0.45504075288772583,0
C5_selective_hybrid_strong,2,1,248,50381,2,0,0.22472907602787018,0
C5_selective_hybrid_strong,2,1,253,50387,2,0,0.11011894792318344,0
C5_selective_hybrid_strong,2,1,259,50402,1,1,0.2773769795894623,0
C5_selective_hybrid_strong,2,1,285,50435,2,0,0.18367213010787964,0
C5_selective_hybrid_strong,2,1,286,50436,2,0,0.6644995808601379,1
C5_selective_hybrid_strong,2,1,295,50445,2,0,0.18577751517295837,0
C5_selective_hybrid_strong,2,1,300,50453,2,0,0.8107439279556274,1
C5_selective_hybrid_strong,2,1,307,50477,1,1,0.8520532250404358,1
C5_selective_hybrid_strong,2,1,329,50504,1,1,0.8513312935829163,1
C5_selective_hybrid_strong,2,1,345,50528,1,1,0.8568550944328308,1
C5_selective_hybrid_strong,2,1,348,50531,1,1,0.8470644354820251,1
C5_selective_hybrid_strong,2,1,357,50565,2,0,0.4633285105228424,0
C5_selective_hybrid_strong,2,1,359,50569,2,0,0.6564199328422546,1
C5_selective_hybrid_strong,2,1,360,50570,2,0,0.1037544459104538,0
C5_selective_hybrid_strong,2,1,369,50601,1,1,0.5565094947814941,1
C5_selective_hybrid_strong,2,1,374,50607,1,1,0.13270553946495056,0
C5_selective_hybrid_strong,2,1,385,50623,1,1,0.8572853803634644,1
C5_selective_hybrid_strong,2,1,405,50686,1,1,0.8552114367485046,1
C5_selective_hybrid_strong,2,1,411,50692,2,0,0.10351680219173431,0
C5_selective_hybrid_strong,2,1,412,50693,1,1,0.27509382367134094,0
C5_selective_hybrid_strong,2,1,425,50706,2,0,0.23748749494552612,0
C5_selective_hybrid_strong,2,1,432,50724,2,0,0.10714796185493469,0
C5_selective_hybrid_strong,2,1,466,50781,2,0,0.7886157631874084,1
C5_selective_hybrid_strong,2,1,468,50783,2,0,0.10410556197166443,0
C5_selective_hybrid_strong,2,1,471,50791,1,1,0.8561318516731262,1
C5_selective_hybrid_strong,2,1,484,50817,2,0,0.1044488251209259,0
C5_selective_hybrid_strong,2,1,495,50957,1,1,0.8548347353935242,1
C5_selective_hybrid_strong,2,1,505,50968,1,1,0.8535893559455872,1
C5_selective_hybrid_strong,2,1,506,50969,1,1,0.8581816554069519,1
C5_selective_hybrid_strong,2,1,513,50978,1,1,0.8556802868843079,1
C5_selective_hybrid_strong,2,1,526,50992,1,1,0.5426955819129944,1
C5_selective_hybrid_strong,2,1,532,50999,1,1,0.8524279594421387,1
C5_selective_hybrid_strong,2,1,555,51025,1,1,0.8584280014038086,1
C5_selective_hybrid_strong,2,1,556,51026,1,1,0.857552707195282,1
C5_selective_hybrid_strong,2,1,566,51038,2,0,0.10374588519334793,0
C5_selective_hybrid_strong,2,1,575,51048,2,0,0.29203131794929504,0
C5_selective_hybrid_strong,2,1,585,51058,2,0,0.1136702299118042,0
C5_selective_hybrid_strong,2,1,596,51069,2,0,0.11574048548936844,0
C5_selective_hybrid_strong,2,1,603,51077,2,0,0.3657907247543335,0
C5_selective_hybrid_strong,2,1,612,51086,2,0,0.10915430635213852,0
C5_selective_hybrid_strong,2,1,653,51134,2,0,0.10344362258911133,0
C5_selective_hybrid_strong,2,1,684,51178,1,1,0.858688235282898,1
C5_selective_hybrid_strong,2,1,686,51180,2,0,0.11685629934072495,0
C5_selective_hybrid_strong,2,1,687,51181,2,0,0.33009952306747437,0
C5_selective_hybrid_strong,2,1,695,51192,2,0,0.10434329509735107,0
C5_selective_hybrid_strong,2,1,710,51214,1,1,0.8552344441413879,1
C5_selective_hybrid_strong,2,1,716,51220,1,1,0.8572838306427002,1
C5_selective_hybrid_strong,2,1,721,51225,1,1,0.7714489698410034,1
C5_selective_hybrid_strong,2,1,749,51266,2,0,0.8573703765869141,1
C5_selective_hybrid_strong,2,1,750,51267,2,0,0.13670460879802704,0
C5_selective_hybrid_strong,2,1,771,51300,1,1,0.8579521775245667,1
C5_selective_hybrid_strong,2,1,792,51327,1,1,0.8522774577140808,1
C5_selective_hybrid_strong,2,1,793,51328,1,1,0.8516629934310913,1
C5_selective_hybrid_strong,2,1,806,51342,2,0,0.15261420607566833,0
C5_selective_hybrid_strong,2,1,808,51344,2,0,0.3696475028991699,0
C5_selective_hybrid_strong,2,1,816,51356,2,0,0.8585929870605469,1
C5_selective_hybrid_strong,2,1,823,51364,2,0,0.35799676179885864,0
C5_selective_hybrid_strong,2,1,837,51482,2,0,0.11889906227588654,0
C5_selective_hybrid_strong,2,1,867,51584,1,1,0.8560819029808044,1
C5_selective_hybrid_strong,2,1,869,51606,1,1,0.33851587772369385,0
C5_selective_hybrid_strong,2,2,2,50005,1,1,0.8727604746818542,1
C5_selective_hybrid_strong,2,2,6,50010,1,1,0.911517322063446,1
C5_selective_hybrid_strong,2,2,10,50014,1,1,0.9136557579040527,1
C5_selective_hybrid_strong,2,2,24,50033,2,0,0.08658191561698914,0
C5_selective_hybrid_strong,2,2,30,50039,2,0,0.5635091662406921,1
C5_selective_hybrid_strong,2,2,67,50123,1,1,0.9171711802482605,1
C5_selective_hybrid_strong,2,2,76,50134,1,1,0.9131764769554138,1
C5_selective_hybrid_strong,2,2,79,50143,1,1,0.9088467955589294,1
C5_selective_hybrid_strong,2,2,92,50159,2,0,0.916551947593689,1
C5_selective_hybrid_strong,2,2,98,50167,2,0,0.090181365609169,0
C5_selective_hybrid_strong,2,2,101,50170,2,0,0.08971314132213593,0
C5_selective_hybrid_strong,2,2,115,50198,2,0,0.17898909747600555,0
C5_selective_hybrid_strong,2,2,129,50217,2,0,0.08536995202302933,0
C5_selective_hybrid_strong,2,2,140,50247,1,1,0.9167400002479553,1
C5_selective_hybrid_strong,2,2,153,50262,2,0,0.08543457835912704,0
C5_selective_hybrid_strong,2,2,155,50264,2,0,0.08947619795799255,0
C5_selective_hybrid_strong,2,2,164,50273,1,1,0.9122525453567505,1
C5_selective_hybrid_strong,2,2,169,50282,1,1,0.8570788502693176,1
C5_selective_hybrid_strong,2,2,180,50297,1,1,0.13299725949764252,0
C5_selective_hybrid_strong,2,2,187,50310,1,1,0.9171879887580872,1
C5_selective_hybrid_strong,2,2,202,50333,2,0,0.0974644273519516,0
C5_selective_hybrid_strong,2,2,212,50343,2,0,0.11091334372758865,0
C5_selective_hybrid_strong,2,2,217,50348,2,0,0.08610405772924423,0
C5_selective_hybrid_strong,2,2,228,50359,2,0,0.09143026173114777,0
C5_selective_hybrid_strong,2,2,246,50379,2,0,0.08552400767803192,0
C5_selective_hybrid_strong,2,2,251,50385,2,0,0.9060737490653992,1
C5_selective_hybrid_strong,2,2,277,50422,2,0,0.7679603099822998,1
C5_selective_hybrid_strong,2,2,280,50426,2,0,0.08536521345376968,0
C5_selective_hybrid_strong,2,2,281,50427,2,0,0.08559726178646088,0
C5_selective_hybrid_strong,2,2,288,50438,2,0,0.0854111984372139,0
C5_selective_hybrid_strong,2,2,293,50443,2,0,0.4524438679218292,0
C5_selective_hybrid_strong,2,2,326,50501,1,1,0.9146826863288879,1
C5_selective_hybrid_strong,2,2,336,50518,1,1,0.9157181978225708,1
C5_selective_hybrid_strong,2,2,340,50523,1,1,0.91672682762146,1
C5_selective_hybrid_strong,2,2,352,50555,2,0,0.08599890768527985,0
C5_selective_hybrid_strong,2,2,354,50558,2,0,0.08621533215045929,0
C5_selective_hybrid_strong,2,2,373,50606,1,1,0.9167687296867371,1
C5_selective_hybrid_strong,2,2,392,50644,1,1,0.8752924203872681,1
C5_selective_hybrid_strong,2,2,396,50654,1,1,0.32216766476631165,0
C5_selective_hybrid_strong,2,2,403,50683,2,0,0.08562908321619034,0
C5_selective_hybrid_strong,2,2,404,50685,2,0,0.10406042635440826,0
C5_selective_hybrid_strong,2,2,417,50698,2,0,0.11134184151887894,0
C5_selective_hybrid_strong,2,2,422,50703,2,0,0.08810584992170334,0
C5_selective_hybrid_strong,2,2,437,50731,2,0,0.08717655390501022,0
C5_selective_hybrid_strong,2,2,450,50749,1,1,0.916146457195282,1
C5_selective_hybrid_strong,2,2,460,50774,2,0,0.08623379468917847,0
C5_selective_hybrid_strong,2,2,462,50776,2,0,0.0853690356016159,0
C5_selective_hybrid_strong,2,2,474,50797,1,1,0.7566441893577576,1
C5_selective_hybrid_strong,2,2,508,50972,1,1,0.9171902537345886,1
C5_selective_hybrid_strong,2,2,514,50979,1,1,0.5823175311088562,1
C5_selective_hybrid_strong,2,2,537,51006,1,1,0.9163663983345032,1
C5_selective_hybrid_strong,2,2,538,51007,1,1,0.9164701700210571,1
C5_selective_hybrid_strong,2,2,550,51019,1,1,0.9162703156471252,1
C5_selective_hybrid_strong,2,2,554,51024,1,1,0.9066001772880554,1
C5_selective_hybrid_strong,2,2,571,51044,2,0,0.08980395644903183,0
C5_selective_hybrid_strong,2,2,579,51052,2,0,0.08602830022573471,0
C5_selective_hybrid_strong,2,2,583,51056,2,0,0.09158409386873245,0
C5_selective_hybrid_strong,2,2,590,51063,2,0,0.08861616998910904,0
C5_selective_hybrid_strong,2,2,599,51073,2,0,0.08980162441730499,0
C5_selective_hybrid_strong,2,2,622,51097,2,0,0.09484442323446274,0
C5_selective_hybrid_strong,2,2,628,51103,2,0,0.0927032083272934,0
C5_selective_hybrid_strong,2,2,638,51114,2,0,0.4231463372707367,0
C5_selective_hybrid_strong,2,2,661,51142,2,0,0.08636642247438431,0
C5_selective_hybrid_strong,2,2,672,51156,2,0,0.08924823254346848,0
C5_selective_hybrid_strong,2,2,677,51164,1,1,0.9168893694877625,1
C5_selective_hybrid_strong,2,2,689,51183,2,0,0.12835533916950226,0
C5_selective_hybrid_strong,2,2,705,51207,1,1,0.9095774292945862,1
C5_selective_hybrid_strong,2,2,706,51208,1,1,0.4525580108165741,0
C5_selective_hybrid_strong,2,2,709,51212,1,1,0.904387891292572,1
C5_selective_hybrid_strong,2,2,720,51224,1,1,0.9128882884979248,1
C5_selective_hybrid_strong,2,2,723,51228,1,1,0.9159879088401794,1
C5_selective_hybrid_strong,2,2,728,51235,1,1,0.9168745279312134,1
C5_selective_hybrid_strong,2,2,735,51249,1,1,0.9116285443305969,1
C5_selective_hybrid_strong,2,2,737,51251,2,0,0.3195573389530182,0
C5_selective_hybrid_strong,2,2,741,51255,2,0,0.0856795459985733,0
C5_selective_hybrid_strong,2,2,767,51295,1,1,0.9170374274253845,1
C5_selective_hybrid_strong,2,2,769,51298,1,1,0.9161325693130493,1
C5_selective_hybrid_strong,2,2,770,51299,1,1,0.9131448864936829,1
C5_selective_hybrid_strong,2,2,791,51326,1,1,0.6193423271179199,1
C5_selective_hybrid_strong,2,2,795,51330,1,1,0.8824745416641235,1
C5_selective_hybrid_strong,2,2,805,51341,2,0,0.1544964611530304,0
C5_selective_hybrid_strong,2,2,838,51484,2,0,0.08713580667972565,0
C5_selective_hybrid_strong,2,2,853,51567,2,0,0.08536958694458008,0
C5_selective_hybrid_strong,2,2,856,51570,2,0,0.09173337370157242,0
C5_selective_hybrid_strong,2,2,858,51573,1,1,0.6405677199363708,1
C5_selective_hybrid_strong,2,2,865,51582,1,1,0.9129064679145813,1
C5_selective_hybrid_strong,2,2,868,51585,1,1,0.9168996810913086,1
C5_selective_hybrid_strong,2,3,1,50004,1,1,0.881389319896698,1
C5_selective_hybrid_strong,2,3,4,50007,1,1,0.3437463343143463,0
C5_selective_hybrid_strong,2,3,25,50034,2,0,0.04932393878698349,0
C5_selective_hybrid_strong,2,3,34,50043,2,0,0.057159245014190674,0
C5_selective_hybrid_strong,2,3,62,50116,2,0,0.06539339572191238,0
C5_selective_hybrid_strong,2,3,108,50188,1,1,0.04937388375401497,0
C5_selective_hybrid_strong,2,3,117,50200,2,0,0.049463097006082535,0
C5_selective_hybrid_strong,2,3,125,50210,2,0,0.051521189510822296,0
C5_selective_hybrid_strong,2,3,141,50248,1,1,0.8814098834991455,1
C5_selective_hybrid_strong,2,3,152,50261,2,0,0.8663626909255981,1
C5_selective_hybrid_strong,2,3,162,50271,2,0,0.05036818981170654,0
C5_selective_hybrid_strong,2,3,163,50272,1,1,0.8812488913536072,1
C5_selective_hybrid_strong,2,3,177,50293,1,1,0.8624024987220764,1
C5_selective_hybrid_strong,2,3,178,50294,1,1,0.8807476758956909,1
C5_selective_hybrid_strong,2,3,200,50331,2,0,0.04958949238061905,0
C5_selective_hybrid_strong,2,3,209,50340,2,0,0.05166376382112503,0
C5_selective_hybrid_strong,2,3,218,50349,2,0,0.052139949053525925,0
C5_selective_hybrid_strong,2,3,229,50360,2,0,0.05118434503674507,0
C5_selective_hybrid_strong,2,3,243,50375,2,0,0.050191815942525864,0
C5_selective_hybrid_strong,2,3,244,50376,2,0,0.5225382447242737,1
C5_selective_hybrid_strong,2,3,265,50408,1,1,0.05481647327542305,0
C5_selective_hybrid_strong,2,3,274,50418,2,0,0.05035973712801933,0
C5_selective_hybrid_strong,2,3,283,50433,2,0,0.04958824813365936,0
C5_selective_hybrid_strong,2,3,302,50466,2,0,0.05080189183354378,0
C5_selective_hybrid_strong,2,3,311,50483,1,1,0.5334187746047974,1
C5_selective_hybrid_strong,2,3,313,50486,1,1,0.8783378601074219,1
C5_selective_hybrid_strong,2,3,321,50496,1,1,0.7355870604515076,1
C5_selective_hybrid_strong,2,3,322,50497,1,1,0.8771073222160339,1
C5_selective_hybrid_strong,2,3,341,50524,1,1,0.8814674019813538,1
C5_selective_hybrid_strong,2,3,342,50525,1,1,0.8717478513717651,1
C5_selective_hybrid_strong,2,3,355,50561,2,0,0.05080574378371239,0
C5_selective_hybrid_strong,2,3,368,50578,2,0,0.8545598983764648,1
C5_selective_hybrid_strong,2,3,370,50602,1,1,0.8780059814453125,1
C5_selective_hybrid_strong,2,3,375,50608,1,1,0.3295556604862213,0
C5_selective_hybrid_strong,2,3,378,50614,1,1,0.8691762685775757,1
C5_selective_hybrid_strong,2,3,379,50615,1,1,0.8814645409584045,1
C5_selective_hybrid_strong,2,3,390,50628,1,1,0.8784300684928894,1
C5_selective_hybrid_strong,2,3,395,50649,1,1,0.18808914721012115,0
C5_selective_hybrid_strong,2,3,399,50664,2,0,0.1289079785346985,0
C5_selective_hybrid_strong,2,3,402,50682,2,0,0.04940365254878998,0
C5_selective_hybrid_strong,2,3,421,50702,1,1,0.87957364320755,1
C5_selective_hybrid_strong,2,3,429,50711,1,1,0.07513061165809631,0
C5_selective_hybrid_strong,2,3,431,50723,2,0,0.04957801476120949,0
C5_selective_hybrid_strong,2,3,439,50735,2,0,0.04962784796953201,0
C5_selective_hybrid_strong,2,3,440,50737,2,0,0.05782054364681244,0
C5_selective_hybrid_strong,2,3,445,50742,2,0,0.05968041718006134,0
C5_selective_hybrid_strong,2,3,451,50750,1,1,0.8661865592002869,1
C5_selective_hybrid_strong,2,3,454,50754,1,1,0.881489634513855,1
C5_selective_hybrid_strong,2,3,455,50755,1,1,0.8809255957603455,1
C5_selective_hybrid_strong,2,3,477,50800,1,1,0.8664360046386719,1
C5_selective_hybrid_strong,2,3,480,50807,1,1,0.881214439868927,1
C5_selective_hybrid_strong,2,3,497,50959,1,1,0.7280985713005066,1
C5_selective_hybrid_strong,2,3,516,50982,1,1,0.10326721519231796,0
C5_selective_hybrid_strong,2,3,525,50991,1,1,0.12214738130569458,0
C5_selective_hybrid_strong,2,3,548,51017,1,1,0.812434732913971,1
C5_selective_hybrid_strong,2,3,552,51021,1,1,0.8809143900871277,1
C5_selective_hybrid_strong,2,3,587,51060,2,0,0.6752634048461914,1
C5_selective_hybrid_strong,2,3,597,51070,2,0,0.04960077255964279,0
C5_selective_hybrid_strong,2,3,614,51088,2,0,0.05377894267439842,0
C5_selective_hybrid_strong,2,3,621,51096,2,0,0.06602475792169571,0
C5_selective_hybrid_strong,2,3,631,51106,2,0,0.05829550325870514,0
C5_selective_hybrid_strong,2,3,640,51117,2,0,0.04980503022670746,0
C5_selective_hybrid_strong,2,3,644,51124,2,0,0.05324513092637062,0
C5_selective_hybrid_strong,2,3,650,51131,2,0,0.0565246157348156,0
C5_selective_hybrid_strong,2,3,655,51136,2,0,0.07797947525978088,0
C5_selective_hybrid_strong,2,3,657,51138,2,0,0.05215534567832947,0
C5_selective_hybrid_strong,2,3,663,51147,2,0,0.049702081829309464,0
C5_selective_hybrid_strong,2,3,669,51153,2,0,0.049459051340818405,0
C5_selective_hybrid_strong,2,3,671,51155,2,0,0.0549849234521389,0
C5_selective_hybrid_strong,2,3,691,51185,2,0,0.4008479714393616,0
C5_selective_hybrid_strong,2,3,693,51188,2,0,0.05480328947305679,0
C5_selective_hybrid_strong,2,3,703,51205,1,1,0.8809255361557007,1
C5_selective_hybrid_strong,2,3,711,51215,1,1,0.11744855344295502,0
C5_selective_hybrid_strong,2,3,724,51229,1,1,0.8805893659591675,1
C5_selective_hybrid_strong,2,3,725,51230,1,1,0.8814970850944519,1
C5_selective_hybrid_strong,2,3,754,51272,2,0,0.05527433753013611,0
C5_selective_hybrid_strong,2,3,757,51276,2,0,0.05057750269770622,0
C5_selective_hybrid_strong,2,3,762,51281,2,0,0.05240623280405998,0
C5_selective_hybrid_strong,2,3,772,51301,1,1,0.33614087104797363,0
C5_selective_hybrid_strong,2,3,783,51315,2,0,0.049342215061187744,0
C5_selective_hybrid_strong,2,3,787,51321,1,1,0.7129114866256714,1
C5_selective_hybrid_strong,2,3,813,51350,1,1,0.8626253604888916,1
C5_selective_hybrid_strong,2,3,818,51359,2,0,0.8776562213897705,1
C5_selective_hybrid_strong,2,3,821,51362,2,0,0.053970497101545334,0
C5_selective_hybrid_strong,2,3,829,51463,1,1,0.8789888024330139,1
C5_selective_hybrid_strong,2,3,836,51481,2,0,0.051175806671381,0
C5_selective_hybrid_strong,2,3,861,51577,1,1,0.8812016248703003,1
C5_selective_hybrid_strong,2,4,5,50008,1,1,0.6060861945152283,1
C5_selective_hybrid_strong,2,4,17,50025,1,1,0.6533938050270081,1
C5_selective_hybrid_strong,2,4,23,50032,2,0,0.20945554971694946,0
C5_selective_hybrid_strong,2,4,26,50035,2,0,0.31538283824920654,0
C5_selective_hybrid_strong,2,4,28,50037,2,0,0.23342403769493103,0
C5_selective_hybrid_strong,2,4,51,50103,2,0,0.5935984253883362,1
C5_selective_hybrid_strong,2,4,52,50104,2,0,0.20982180535793304,0
C5_selective_hybrid_strong,2,4,56,50109,2,0,0.3904675245285034,0
C5_selective_hybrid_strong,2,4,58,50112,2,0,0.44640052318573,0
C5_selective_hybrid_strong,2,4,88,50153,1,1,0.6437249779701233,1
C5_selective_hybrid_strong,2,4,90,50157,2,0,0.27373045682907104,0
C5_selective_hybrid_strong,2,4,100,50169,2,0,0.2695644795894623,0
C5_selective_hybrid_strong,2,4,120,50203,2,0,0.20999571681022644,0
C5_selective_hybrid_strong,2,4,131,50233,1,1,0.7529205679893494,1
C5_selective_hybrid_strong,2,4,136,50240,1,1,0.7600566744804382,1
C5_selective_hybrid_strong,2,4,161,50270,2,0,0.22939689457416534,0
C5_selective_hybrid_strong,2,4,165,50274,1,1,0.6810588836669922,1
C5_selective_hybrid_strong,2,4,172,50287,1,1,0.2133980393409729,0
C5_selective_hybrid_strong,2,4,181,50298,1,1,0.37655895948410034,0
C5_selective_hybrid_strong,2,4,191,50318,1,1,0.22682440280914307,0
C5_selective_hybrid_strong,2,4,211,50342,2,0,0.25139033794403076,0
C5_selective_hybrid_strong,2,4,213,50344,2,0,0.21585124731063843,0
C5_selective_hybrid_strong,2,4,214,50345,2,0,0.21168649196624756,0
C5_selective_hybrid_strong,2,4,225,50356,2,0,0.21584810316562653,0
C5_selective_hybrid_strong,2,4,254,50388,2,0,0.21226844191551208,0
C5_selective_hybrid_strong,2,4,271,50415,2,0,0.2114488184452057,0
C5_selective_hybrid_strong,2,4,306,50470,2,0,0.5614808201789856,1
C5_selective_hybrid_strong,2,4,312,50485,1,1,0.20944617688655853,0
C5_selective_hybrid_strong,2,4,314,50487,1,1,0.743322491645813,1
C5_selective_hybrid_strong,2,4,315,50488,1,1,0.7318714261054993,1
C5_selective_hybrid_strong,2,4,316,50490,1,1,0.6494733095169067,1
C5_selective_hybrid_strong,2,4,334,50515,1,1,0.7620204091072083,1
C5_selective_hybrid_strong,2,4,335,50516,1,1,0.4620022773742676,0
C5_selective_hybrid_strong,2,4,356,50563,2,0,0.2137994021177292,0
C5_selective_hybrid_strong,2,4,383,50621,1,1,0.6816989779472351,1
C5_selective_hybrid_strong,2,4,388,50626,1,1,0.7626113891601562,1
C5_selective_hybrid_strong,2,4,401,50669,2,0,0.7638809680938721,1
C5_selective_hybrid_strong,2,4,416,50697,1,1,0.743381142616272,1
C5_selective_hybrid_strong,2,4,424,50705,1,1,0.3795626759529114,0
C5_selective_hybrid_strong,2,4,442,50739,2,0,0.22562120854854584,0
C5_selective_hybrid_strong,2,4,448,50745,1,1,0.7539843916893005,1
C5_selective_hybrid_strong,2,4,452,50751,1,1,0.6045916676521301,1
C5_selective_hybrid_strong,2,4,453,50752,1,1,0.2361925095319748,0
C5_selective_hybrid_strong,2,4,457,50757,1,1,0.2723281681537628,0
C5_selective_hybrid_strong,2,4,458,50772,2,0,0.7636736035346985,1
C5_selective_hybrid_strong,2,4,464,50778,2,0,0.23424693942070007,0
C5_selective_hybrid_strong,2,4,473,50796,1,1,0.71922367811203,1
C5_selective_hybrid_strong,2,4,476,50799,1,1,0.7618622183799744,1
C5_selective_hybrid_strong,2,4,483,50816,2,0,0.21118679642677307,0
C5_selective_hybrid_strong,2,4,515,50981,1,1,0.6245352625846863,1
C5_selective_hybrid_strong,2,4,522,50988,1,1,0.7362381815910339,1
C5_selective_hybrid_strong,2,4,545,51014,1,1,0.762967586517334,1
C5_selective_hybrid_strong,2,4,561,51032,1,1,0.7554789781570435,1
C5_selective_hybrid_strong,2,4,572,51045,2,0,0.2096145749092102,0
C5_selective_hybrid_strong,2,4,580,51053,2,0,0.22298763692378998,0
C5_selective_hybrid_strong,2,4,581,51054,2,0,0.20981365442276,0
C5_selective_hybrid_strong,2,4,606,51080,2,0,0.24381767213344574,0
C5_selective_hybrid_strong,2,4,607,51081,2,0,0.21112197637557983,0
C5_selective_hybrid_strong,2,4,609,51083,2,0,0.7174081206321716,1
C5_selective_hybrid_strong,2,4,630,51105,2,0,0.20940743386745453,0
C5_selective_hybrid_strong,2,4,637,51113,2,0,0.21290850639343262,0
C5_selective_hybrid_strong,2,4,646,51127,2,0,0.656906008720398,1
C5_selective_hybrid_strong,2,4,647,51128,2,0,0.20969827473163605,0
C5_selective_hybrid_strong,2,4,652,51133,2,0,0.5895606279373169,1
C5_selective_hybrid_strong,2,4,658,51139,2,0,0.21497799456119537,0
C5_selective_hybrid_strong,2,4,659,51140,2,0,0.21822801232337952,0
C5_selective_hybrid_strong,2,4,664,51148,2,0,0.21627363562583923,0
C5_selective_hybrid_strong,2,4,674,51161,1,1,0.6588394045829773,1
C5_selective_hybrid_strong,2,4,675,51162,1,1,0.758139431476593,1
C5_selective_hybrid_strong,2,4,681,51171,1,1,0.4222038686275482,0
C5_selective_hybrid_strong,2,4,682,51173,1,1,0.6959325075149536,1
C5_selective_hybrid_strong,2,4,697,51197,2,0,0.3099254369735718,0
C5_selective_hybrid_strong,2,4,704,51206,1,1,0.7594045400619507,1
C5_selective_hybrid_strong,2,4,714,51218,1,1,0.7576307058334351,1
C5_selective_hybrid_strong,2,4,718,51222,1,1,0.21641671657562256,0
C5_selective_hybrid_strong,2,4,733,51241,1,1,0.22696132957935333,0
C5_selective_hybrid_strong,2,4,759,51278,2,0,0.5920458436012268,1
C5_selective_hybrid_strong,2,4,766,51294,1,1,0.6559736132621765,1
C5_selective_hybrid_strong,2,4,775,51304,2,0,0.368949830532074,0
C5_selective_hybrid_strong,2,4,776,51305,2,0,0.23460842669010162,0
C5_selective_hybrid_strong,2,4,799,51334,2,0,0.21495270729064941,0
C5_selective_hybrid_strong,2,4,804,51340,2,0,0.20969249308109283,0
C5_selective_hybrid_strong,2,4,811,51347,2,0,0.212539404630661,0
C5_selective_hybrid_strong,2,4,830,51464,1,1,0.7603556513786316,1
C5_selective_hybrid_strong,2,4,835,51480,2,0,0.2111838459968567,0
C5_selective_hybrid_strong,2,4,855,51569,2,0,0.33939433097839355,0
C5_selective_hybrid_strong,2,4,862,51578,1,1,0.7630838751792908,1
C5_selective_hybrid_strong,2,5,3,50006,1,1,0.8740037083625793,1
C5_selective_hybrid_strong,2,5,8,50012,1,1,0.8703514933586121,1
C5_selective_hybrid_strong,2,5,12,50016,1,1,0.8747941851615906,1
C5_selective_hybrid_strong,2,5,14,50022,1,1,0.12031053006649017,0
C5_selective_hybrid_strong,2,5,19,50027,1,1,0.2204742580652237,0
C5_selective_hybrid_strong,2,5,21,50030,2,0,0.16457055509090424,0
C5_selective_hybrid_strong,2,5,29,50038,2,0,0.12236503511667252,0
C5_selective_hybrid_strong,2,5,31,50040,2,0,0.12320440262556076,0
C5_selective_hybrid_strong,2,5,63,50117,2,0,0.4979493319988251,0
C5_selective_hybrid_strong,2,5,80,50144,1,1,0.8742466568946838,1
C5_selective_hybrid_strong,2,5,82,50146,1,1,0.20149566233158112,0
C5_selective_hybrid_strong,2,5,103,50182,1,1,0.854701578617096,1
C5_selective_hybrid_strong,2,5,113,50195,2,0,0.12440943717956543,0
C5_selective_hybrid_strong,2,5,119,50202,2,0,0.14342515170574188,0
C5_selective_hybrid_strong,2,5,126,50213,2,0,0.1206941306591034,0
C5_selective_hybrid_strong,2,5,135,50239,1,1,0.49801164865493774,0
C5_selective_hybrid_strong,2,5,142,50249,1,1,0.8733948469161987,1
C5_selective_hybrid_strong,2,5,156,50265,2,0,0.15543347597122192,0
C5_selective_hybrid_strong,2,5,157,50266,2,0,0.12052047997713089,0
C5_selective_hybrid_strong,2,5,170,50284,1,1,0.7714493870735168,1
C5_selective_hybrid_strong,2,5,173,50289,1,1,0.8082605600357056,1
C5_selective_hybrid_strong,2,5,175,50291,1,1,0.7869352698326111,1
C5_selective_hybrid_strong,2,5,186,50308,1,1,0.7134325504302979,1
C5_selective_hybrid_strong,2,5,195,50324,1,1,0.8740992546081543,1
C5_selective_hybrid_strong,2,5,197,50327,2,0,0.1204838827252388,0
C5_selective_hybrid_strong,2,5,198,50329,2,0,0.16670802235603333,0
C5_selective_hybrid_strong,2,5,199,50330,2,0,0.12232069671154022,0
C5_selective_hybrid_strong,2,5,206,50337,2,0,0.28123030066490173,0
C5_selective_hybrid_strong,2,5,222,50353,2,0,0.2235780954360962,0
C5_selective_hybrid_strong,2,5,236,50367,2,0,0.12219680845737457,0
C5_selective_hybrid_strong,2,5,240,50372,2,0,0.12043769657611847,0
C5_selective_hybrid_strong,2,5,264,50407,1,1,0.8711757063865662,1
C5_selective_hybrid_strong,2,5,267,50411,1,1,0.8746081590652466,1
C5_selective_hybrid_strong,2,5,272,50416,2,0,0.12371973693370819,0
C5_selective_hybrid_strong,2,5,275,50419,2,0,0.17923198640346527,0
C5_selective_hybrid_strong,2,5,279,50425,2,0,0.30028465390205383,0
C5_selective_hybrid_strong,2,5,292,50442,2,0,0.1240040585398674,0
C5_selective_hybrid_strong,2,5,297,50447,2,0,0.5044907331466675,1
C5_selective_hybrid_strong,2,5,298,50448,2,0,0.32992416620254517,0
C5_selective_hybrid_strong,2,5,305,50469,2,0,0.1228376030921936,0
C5_selective_hybrid_strong,2,5,309,50481,1,1,0.8736661672592163,1
C5_selective_hybrid_strong,2,5,319,50493,1,1,0.8713633418083191,1
C5_selective_hybrid_strong,2,5,320,50494,1,1,0.6066877245903015,1
C5_selective_hybrid_strong,2,5,325,50500,1,1,0.8734127283096313,1
C5_selective_hybrid_strong,2,5,331,50509,1,1,0.8732990026473999,1
C5_selective_hybrid_strong,2,5,332,50510,1,1,0.8726310729980469,1
C5_selective_hybrid_strong,2,5,338,50520,1,1,0.8737329840660095,1
C5_selective_hybrid_strong,2,5,346,50529,1,1,0.8729515075683594,1
C5_selective_hybrid_strong,2,5,367,50577,2,0,0.12199022620916367,0
C5_selective_hybrid_strong,2,5,381,50619,1,1,0.8691394329071045,1
C5_selective_hybrid_strong,2,5,384,50622,1,1,0.8745368123054504,1
C5_selective_hybrid_strong,2,5,398,50659,2,0,0.3499639928340912,0
C5_selective_hybrid_strong,2,5,400,50665,2,0,0.41537904739379883,0
C5_selective_hybrid_strong,2,5,433,50725,2,0,0.12040335685014725,0
C5_selective_hybrid_strong,2,5,436,50730,2,0,0.20086172223091125,0
C5_selective_hybrid_strong,2,5,487,50821,2,0,0.12316372990608215,0
C5_selective_hybrid_strong,2,5,492,50954,1,1,0.42060211300849915,0
C5_selective_hybrid_strong,2,5,503,50966,1,1,0.7014545202255249,1
C5_selective_hybrid_strong,2,5,520,50986,1,1,0.18569913506507874,0
C5_selective_hybrid_strong,2,5,530,50996,1,1,0.8735873699188232,1
C5_selective_hybrid_strong,2,5,546,51015,1,1,0.12157595157623291,0
C5_selective_hybrid_strong,2,5,559,51029,1,1,0.8749203085899353,1
C5_selective_hybrid_strong,2,5,560,51030,1,1,0.8747266530990601,1
C5_selective_hybrid_strong,2,5,589,51062,2,0,0.13228285312652588,0
C5_selective_hybrid_strong,2,5,594,51067,2,0,0.12797465920448303,0
C5_selective_hybrid_strong,2,5,602,51076,2,0,0.12902097404003143,0
C5_selective_hybrid_strong,2,5,613,51087,2,0,0.120902881026268,0
C5_selective_hybrid_strong,2,5,625,51100,2,0,0.12059196084737778,0
C5_selective_hybrid_strong,2,5,629,51104,2,0,0.12136794626712799,0
C5_selective_hybrid_strong,2,5,635,51111,2,0,0.12036877870559692,0
C5_selective_hybrid_strong,2,5,678,51168,1,1,0.7529711723327637,1
C5_selective_hybrid_strong,2,5,690,51184,2,0,0.707440197467804,1
C5_selective_hybrid_strong,2,5,727,51234,1,1,0.8676143884658813,1
C5_selective_hybrid_strong,2,5,743,51257,2,0,0.5775631666183472,1
C5_selective_hybrid_strong,2,5,774,51303,2,0,0.12069718539714813,0
C5_selective_hybrid_strong,2,5,780,51309,2,0,0.8731024861335754,1
C5_selective_hybrid_strong,2,5,786,51320,1,1,0.8746432065963745,1
C5_selective_hybrid_strong,2,5,810,51346,2,0,0.12251738458871841,0
C5_selective_hybrid_strong,2,5,814,51351,1,1,0.660673975944519,1
C5_selective_hybrid_strong,2,5,815,51354,1,1,0.8602375984191895,1
C5_selective_hybrid_strong,2,5,820,51361,2,0,0.12178380787372589,0
C5_selective_hybrid_strong,2,5,834,51479,2,0,0.1279519945383072,0
C5_selective_hybrid_strong,2,5,841,51491,2,0,0.12559258937835693,0
C5_selective_hybrid_strong,2,5,844,51557,2,0,0.12047597765922546,0
C5_selective_hybrid_strong,2,5,845,51558,2,0,0.12030201405286789,0
C5_selective_hybrid_strong,2,5,846,51559,2,0,0.28880298137664795,0
C5_selective_hybrid_strong,2,5,870,51607,1,1,0.3101367950439453,0
C5_selective_hybrid_strong,2,6,13,50020,1,1,0.8896530866622925,1
C5_selective_hybrid_strong,2,6,15,50023,1,1,0.8740394711494446,1
C5_selective_hybrid_strong,2,6,22,50031,2,0,0.06420235335826874,0
C5_selective_hybrid_strong,2,6,59,50113,2,0,0.06765522062778473,0
C5_selective_hybrid_strong,2,6,60,50114,2,0,0.06782793998718262,0
C5_selective_hybrid_strong,2,6,65,50119,1,1,0.06410101056098938,0
C5_selective_hybrid_strong,2,6,71,50128,1,1,0.8430554270744324,1
C5_selective_hybrid_strong,2,6,77,50135,1,1,0.857703447341919,1
C5_selective_hybrid_strong,2,6,89,50156,1,1,0.890426754951477,1
C5_selective_hybrid_strong,2,6,93,50160,2,0,0.06555993109941483,0
C5_selective_hybrid_strong,2,6,94,50161,2,0,0.13372394442558289,0
C5_selective_hybrid_strong,2,6,96,50163,2,0,0.259505033493042,0
C5_selective_hybrid_strong,2,6,128,50215,2,0,0.06998535245656967,0
C5_selective_hybrid_strong,2,6,143,50250,1,1,0.06574305146932602,0
C5_selective_hybrid_strong,2,6,166,50275,1,1,0.7931393384933472,1
C5_selective_hybrid_strong,2,6,167,50276,1,1,0.8811374306678772,1
C5_selective_hybrid_strong,2,6,168,50278,1,1,0.8913663029670715,1
C5_selective_hybrid_strong,2,6,171,50285,1,1,0.7941140532493591,1
C5_selective_hybrid_strong,2,6,174,50290,1,1,0.4161708652973175,0
C5_selective_hybrid_strong,2,6,190,50315,1,1,0.8896858096122742,1
C5_selective_hybrid_strong,2,6,219,50350,2,0,0.06811404228210449,0
C5_selective_hybrid_strong,2,6,220,50351,2,0,0.0691860094666481,0
C5_selective_hybrid_strong,2,6,227,50358,2,0,0.06478852033615112,0
C5_selective_hybrid_strong,2,6,235,50366,2,0,0.06423185765743256,0
C5_selective_hybrid_strong,2,6,276,50421,2,0,0.06579401344060898,0
C5_selective_hybrid_strong,2,6,287,50437,2,0,0.8914110064506531,1
C5_selective_hybrid_strong,2,6,290,50440,2,0,0.06476520001888275,0
C5_selective_hybrid_strong,2,6,310,50482,1,1,0.8875678777694702,1
C5_selective_hybrid_strong,2,6,327,50502,1,1,0.891404390335083,1
C5_selective_hybrid_strong,2,6,333,50514,1,1,0.5278223156929016,1
C5_selective_hybrid_strong,2,6,337,50519,1,1,0.8775641918182373,1
C5_selective_hybrid_strong,2,6,350,50551,2,0,0.13882659375667572,0
C5_selective_hybrid_strong,2,6,362,50572,2,0,0.06484353542327881,0
C5_selective_hybrid_strong,2,6,382,50620,1,1,0.28179916739463806,0
C5_selective_hybrid_strong,2,6,393,50647,1,1,0.7343241572380066,1
C5_selective_hybrid_strong,2,6,406,50687,2,0,0.25636187195777893,0
C5_selective_hybrid_strong,2,6,408,50689,1,1,0.8889898657798767,1
C5_selective_hybrid_strong,2,6,409,50690,1,1,0.0650874674320221,0
C5_selective_hybrid_strong,2,6,418,50699,2,0,0.8885485529899597,1
C5_selective_hybrid_strong,2,6,423,50704,1,1,0.3999086618423462,0
C5_selective_hybrid_strong,2,6,426,50707,2,0,0.06414759159088135,0
C5_selective_hybrid_strong,2,6,435,50728,2,0,0.0671670138835907,0
C5_selective_hybrid_strong,2,6,449,50748,1,1,0.8702590465545654,1
C5_selective_hybrid_strong,2,6,456,50756,1,1,0.8551584482192993,1
C5_selective_hybrid_strong,2,6,467,50782,2,0,0.06459295004606247,0
C5_selective_hybrid_strong,2,6,486,50820,2,0,0.06676775217056274,0
C5_selective_hybrid_strong,2,6,488,50822,2,0,0.0641259253025055,0
C5_selective_hybrid_strong,2,6,489,50823,1,1,0.8759942650794983,1
C5_selective_hybrid_strong,2,6,499,50961,1,1,0.4892257750034332,0
C5_selective_hybrid_strong,2,6,500,50962,1,1,0.0658126175403595,0
C5_selective_hybrid_strong,2,6,502,50965,1,1,0.8909843564033508,1
C5_selective_hybrid_strong,2,6,531,50997,1,1,0.8474391102790833,1
C5_selective_hybrid_strong,2,6,542,51011,1,1,0.8912177085876465,1
C5_selective_hybrid_strong,2,6,562,51033,1,1,0.8077523112297058,1
C5_selective_hybrid_strong,2,6,577,51050,2,0,0.06418336182832718,0
C5_selective_hybrid_strong,2,6,610,51084,2,0,0.8697963356971741,1
C5_selective_hybrid_strong,2,6,615,51089,2,0,0.0669064000248909,0
C5_selective_hybrid_strong,2,6,639,51116,2,0,0.07411240041255951,0
C5_selective_hybrid_strong,2,6,648,51129,2,0,0.06814763695001602,0
C5_selective_hybrid_strong,2,6,656,51137,2,0,0.06446314603090286,0
C5_selective_hybrid_strong,2,6,679,51169,1,1,0.4305559992790222,0
C5_selective_hybrid_strong,2,6,685,51179,1,1,0.8189738392829895,1
C5_selective_hybrid_strong,2,6,688,51182,2,0,0.06472271680831909,0
C5_selective_hybrid_strong,2,6,700,51202,1,1,0.8890376687049866,1
C5_selective_hybrid_strong,2,6,731,51239,1,1,0.8764393329620361,1
C5_selective_hybrid_strong,2,6,744,51260,2,0,0.06435953825712204,0
C5_selective_hybrid_strong,2,6,746,51262,2,0,0.6416678428649902,1
C5_selective_hybrid_strong,2,6,747,51264,2,0,0.06529655307531357,0
C5_selective_hybrid_strong,2,6,751,51268,2,0,0.06410375982522964,0
C5_selective_hybrid_strong,2,6,753,51271,2,0,0.06434132158756256,0
C5_selective_hybrid_strong,2,6,755,51273,2,0,0.7140781879425049,1
C5_selective_hybrid_strong,2,6,760,51279,2,0,0.06528813391923904,0
C5_selective_hybrid_strong,2,6,763,51291,1,1,0.8909686207771301,1
C5_selective_hybrid_strong,2,6,768,51297,1,1,0.8697423338890076,1
C5_selective_hybrid_strong,2,6,773,51302,1,1,0.10642837733030319,0
C5_selective_hybrid_strong,2,6,779,51308,2,0,0.06747393310070038,0
C5_selective_hybrid_strong,2,6,781,51311,2,0,0.06748715788125992,0
C5_selective_hybrid_strong,2,6,801,51336,2,0,0.06410707533359528,0
C5_selective_hybrid_strong,2,6,809,51345,2,0,0.06441923975944519,0
C5_selective_hybrid_strong,2,6,824,51365,2,0,0.06647689640522003,0
C5_selective_hybrid_strong,2,6,831,51465,1,1,0.889131486415863,1
C5_selective_hybrid_strong,2,6,840,51488,2,0,0.06407096982002258,0
C5_selective_hybrid_strong,2,6,843,51556,2,0,0.08461511135101318,0
C5_selective_hybrid_strong,2,6,848,51562,2,0,0.06515702605247498,0
C5_selective_hybrid_strong,2,6,849,51563,2,0,0.06835118681192398,0
C5_selective_hybrid_strong,2,6,854,51568,2,0,0.11193998157978058,0
C5_selective_hybrid_strong,2,6,859,51574,1,1,0.822378933429718,1
C5_selective_hybrid_strong,2,7,38,50047,2,0,0.4877338707447052,0
C5_selective_hybrid_strong,2,7,44,50053,1,1,0.507639467716217,1
C5_selective_hybrid_strong,2,7,46,50056,1,1,0.6526784300804138,1
C5_selective_hybrid_strong,2,7,47,50057,1,1,0.48234128952026367,0
C5_selective_hybrid_strong,2,7,57,50111,2,0,0.42404699325561523,0
C5_selective_hybrid_strong,2,7,68,50124,1,1,0.6401130557060242,1
C5_selective_hybrid_strong,2,7,69,50125,1,1,0.5728324055671692,1
C5_selective_hybrid_strong,2,7,85,50149,1,1,0.5889749526977539,1
C5_selective_hybrid_strong,2,7,91,50158,2,0,0.5866773724555969,1
C5_selective_hybrid_strong,2,7,97,50164,2,0,0.6370878219604492,1
C5_selective_hybrid_strong,2,7,111,50193,2,0,0.4841393828392029,0
C5_selective_hybrid_strong,2,7,116,50199,2,0,0.463137686252594,0
C5_selective_hybrid_strong,2,7,137,50241,1,1,0.5029500722885132,1
C5_selective_hybrid_strong,2,7,139,50245,1,1,0.5486889481544495,1
C5_selective_hybrid_strong,2,7,145,50252,1,1,0.5550264716148376,1
C5_selective_hybrid_strong,2,7,147,50254,1,1,0.5991552472114563,1
C5_selective_hybrid_strong,2,7,148,50255,1,1,0.6233792304992676,1
C5_selective_hybrid_strong,2,7,154,50263,2,0,0.6170750260353088,1
C5_selective_hybrid_strong,2,7,159,50268,2,0,0.5379396677017212,1
C5_selective_hybrid_strong,2,7,185,50304,1,1,0.5681518912315369,1
C5_selective_hybrid_strong,2,7,189,50314,1,1,0.4369622468948364,0
C5_selective_hybrid_strong,2,7,201,50332,2,0,0.4140256345272064,0
C5_selective_hybrid_strong,2,7,207,50338,2,0,0.4104279577732086,0
C5_selective_hybrid_strong,2,7,208,50339,2,0,0.41510501503944397,0
C5_selective_hybrid_strong,2,7,230,50361,2,0,0.48679491877555847,0
C5_selective_hybrid_strong,2,7,238,50369,2,0,0.41869932413101196,0
C5_selective_hybrid_strong,2,7,241,50373,2,0,0.4241999387741089,0
C5_selective_hybrid_strong,2,7,249,50382,2,0,0.4473258852958679,0
C5_selective_hybrid_strong,2,7,269,50413,1,1,0.41228193044662476,0
C5_selective_hybrid_strong,2,7,278,50424,2,0,0.4107825756072998,0
C5_selective_hybrid_strong,2,7,308,50480,1,1,0.6434224247932434,1
C5_selective_hybrid_strong,2,7,318,50492,1,1,0.5555450320243835,1
C5_selective_hybrid_strong,2,7,330,50507,1,1,0.624147355556488,1
C5_selective_hybrid_strong,2,7,351,50552,2,0,0.7563352584838867,1
C5_selective_hybrid_strong,2,7,353,50557,2,0,0.5359371900558472,1
C5_selective_hybrid_strong,2,7,364,50574,2,0,0.7251132726669312,1
C5_selective_hybrid_strong,2,7,371,50603,1,1,0.7242193818092346,1
C5_selective_hybrid_strong,2,7,376,50612,1,1,0.7127359509468079,1
C5_selective_hybrid_strong,2,7,389,50627,1,1,0.6701487302780151,1
C5_selective_hybrid_strong,2,7,410,50691,2,0,0.47597208619117737,0
C5_selective_hybrid_strong,2,7,428,50709,2,0,0.49932995438575745,0
C5_selective_hybrid_strong,2,7,438,50733,2,0,0.47045692801475525,0
C5_selective_hybrid_strong,2,7,441,50738,2,0,0.4895818531513214,0
C5_selective_hybrid_strong,2,7,444,50741,2,0,0.4791259765625,0
C5_selective_hybrid_strong,2,7,447,50744,1,1,0.5101514458656311,1
C5_selective_hybrid_strong,2,7,463,50777,2,0,0.5528702139854431,1
C5_selective_hybrid_strong,2,7,465,50780,2,0,0.5258870720863342,1
C5_selective_hybrid_strong,2,7,469,50786,2,0,0.47977474331855774,0
C5_selective_hybrid_strong,2,7,478,50801,1,1,0.5418902039527893,1
C5_selective_hybrid_strong,2,7,479,50803,1,1,0.44491609930992126,0
C5_selective_hybrid_strong,2,7,493,50955,1,1,0.436387300491333,0
C5_selective_hybrid_strong,2,7,510,50974,1,1,0.4824283719062805,0
C5_selective_hybrid_strong,2,7,521,50987,1,1,0.45327627658843994,0
C5_selective_hybrid_strong,2,7,534,51001,1,1,0.5472983717918396,1
C5_selective_hybrid_strong,2,7,544,51013,1,1,0.5171957015991211,1
C5_selective_hybrid_strong,2,7,553,51023,1,1,0.44994592666625977,0
C5_selective_hybrid_strong,2,7,558,51028,1,1,0.4864019453525543,0
C5_selective_hybrid_strong,2,7,568,51040,2,0,0.4679294526576996,0
C5_selective_hybrid_strong,2,7,582,51055,2,0,0.4871795177459717,0
C5_selective_hybrid_strong,2,7,586,51059,2,0,0.4958658516407013,0
C5_selective_hybrid_strong,2,7,595,51068,2,0,0.4774535894393921,0
C5_selective_hybrid_strong,2,7,598,51072,2,0,0.4504791796207428,0
C5_selective_hybrid_strong,2,7,600,51074,2,0,0.5111453533172607,1
C5_selective_hybrid_strong,2,7,611,51085,2,0,0.4753727316856384,0
C5_selective_hybrid_strong,2,7,616,51090,2,0,0.4816487431526184,0
C5_selective_hybrid_strong,2,7,623,51098,2,0,0.44215840101242065,0
C5_selective_hybrid_strong,2,7,627,51102,2,0,0.47831228375434875,0
C5_selective_hybrid_strong,2,7,634,51110,2,0,0.45061036944389343,0
C5_selective_hybrid_strong,2,7,651,51132,2,0,0.4765574634075165,0
C5_selective_hybrid_strong,2,7,665,51149,2,0,0.4985930323600769,0
C5_selective_hybrid_strong,2,7,668,51152,2,0,0.4501000940799713,0
C5_selective_hybrid_strong,2,7,670,51154,2,0,0.48275935649871826,0
C5_selective_hybrid_strong,2,7,676,51163,1,1,0.4745561182498932,0
C5_selective_hybrid_strong,2,7,694,51189,2,0,0.4943809509277344,0
C5_selective_hybrid_strong,2,7,713,51217,1,1,0.41146430373191833,0
C5_selective_hybrid_strong,2,7,719,51223,1,1,0.41445478796958923,0
C5_selective_hybrid_strong,2,7,726,51231,1,1,0.45711421966552734,0
C5_selective_hybrid_strong,2,7,729,51236,1,1,0.6468939185142517,1
C5_selective_hybrid_strong,2,7,730,51237,1,1,0.4212627708911896,0
C5_selective_hybrid_strong,2,7,732,51240,1,1,0.41580507159233093,0
C5_selective_hybrid_strong,2,7,745,51261,2,0,0.47554585337638855,0
C5_selective_hybrid_strong,2,7,790,51325,1,1,0.490478515625,0
C5_selective_hybrid_strong,2,7,798,51333,2,0,0.5588375329971313,1
C5_selective_hybrid_strong,2,7,807,51343,2,0,0.4814901351928711,0
C5_selective_hybrid_strong,2,7,812,51349,1,1,0.47683972120285034,0
C5_selective_hybrid_strong,2,7,833,51477,2,0,0.47015833854675293,0
C5_selective_hybrid_strong,2,7,863,51579,1,1,0.4350444972515106,0
C5_selective_hybrid_strong,2,8,49,50060,2,0,0.16211776435375214,0
C5_selective_hybrid_strong,2,8,61,50115,2,0,0.16267752647399902,0
C5_selective_hybrid_strong,2,8,64,50118,1,1,0.9283843040466309,1
C5_selective_hybrid_strong,2,8,70,50127,1,1,0.895700216293335,1
C5_selective_hybrid_strong,2,8,102,50171,2,0,0.45996055006980896,0
C5_selective_hybrid_strong,2,8,105,50184,1,1,0.932453453540802,1
C5_selective_hybrid_strong,2,8,107,50187,1,1,0.16229860484600067,0
C5_selective_hybrid_strong,2,8,112,50194,2,0,0.1623879224061966,0
C5_selective_hybrid_strong,2,8,114,50196,2,0,0.44304221868515015,0
C5_selective_hybrid_strong,2,8,118,50201,2,0,0.1703152060508728,0
C5_selective_hybrid_strong,2,8,124,50208,2,0,0.2057121992111206,0
C5_selective_hybrid_strong,2,8,133,50236,1,1,0.9334788918495178,1
C5_selective_hybrid_strong,2,8,134,50237,1,1,0.9330412149429321,1
C5_selective_hybrid_strong,2,8,146,50253,1,1,0.9335722923278809,1
C5_selective_hybrid_strong,2,8,151,50260,2,0,0.19102227687835693,0
C5_selective_hybrid_strong,2,8,160,50269,2,0,0.5803311467170715,1
C5_selective_hybrid_strong,2,8,179,50295,1,1,0.9329354763031006,1
C5_selective_hybrid_strong,2,8,183,50301,1,1,0.9329363703727722,1
C5_selective_hybrid_strong,2,8,184,50302,1,1,0.9336000084877014,1
C5_selective_hybrid_strong,2,8,196,50325,1,1,0.21948713064193726,0
C5_selective_hybrid_strong,2,8,203,50334,2,0,0.933106541633606,1
C5_selective_hybrid_strong,2,8,210,50341,2,0,0.1807863414287567,0
C5_selective_hybrid_strong,2,8,215,50346,2,0,0.16198161244392395,0
C5_selective_hybrid_strong,2,8,216,50347,2,0,0.16667629778385162,0
C5_selective_hybrid_strong,2,8,223,50354,2,0,0.21793317794799805,0
C5_selective_hybrid_strong,2,8,224,50355,2,0,0.1773809939622879,0
C5_selective_hybrid_strong,2,8,237,50368,2,0,0.16496239602565765,0
C5_selective_hybrid_strong,2,8,255,50390,2,0,0.2412712723016739,0
C5_selective_hybrid_strong,2,8,256,50391,2,0,0.17153166234493256,0
C5_selective_hybrid_strong,2,8,260,50403,1,1,0.3692070543766022,0
C5_selective_hybrid_strong,2,8,266,50410,1,1,0.9327647686004639,1
C5_selective_hybrid_strong,2,8,296,50446,2,0,0.29373279213905334,0
C5_selective_hybrid_strong,2,8,299,50449,2,0,0.17729809880256653,0
C5_selective_hybrid_strong,2,8,328,50503,1,1,0.9335591793060303,1
C5_selective_hybrid_strong,2,8,339,50521,1,1,0.7165008783340454,1
C5_selective_hybrid_strong,2,8,343,50526,1,1,0.9332666993141174,1
C5_selective_hybrid_strong,2,8,347,50530,1,1,0.9277171492576599,1
C5_selective_hybrid_strong,2,8,349,50532,1,1,0.9258596897125244,1
C5_selective_hybrid_strong,2,8,365,50575,2,0,0.3943638503551483,0
C5_selective_hybrid_strong,2,8,377,50613,1,1,0.9289819002151489,1
C5_selective_hybrid_strong,2,8,386,50624,1,1,0.9330087900161743,1
C5_selective_hybrid_strong,2,8,387,50625,1,1,0.1652011126279831,0
C5_selective_hybrid_strong,2,8,413,50694,1,1,0.9283542633056641,1
C5_selective_hybrid_strong,2,8,414,50695,1,1,0.8344233632087708,1
C5_selective_hybrid_strong,2,8,470,50790,2,0,0.16319182515144348,0
C5_selective_hybrid_strong,2,8,485,50818,2,0,0.16969449818134308,0
C5_selective_hybrid_strong,2,8,496,50958,1,1,0.931145429611206,1
C5_selective_hybrid_strong,2,8,504,50967,1,1,0.9100788235664368,1
C5_selective_hybrid_strong,2,8,517,50983,1,1,0.9333653450012207,1
C5_selective_hybrid_strong,2,8,536,51003,1,1,0.9333817362785339,1
C5_selective_hybrid_strong,2,8,540,51009,1,1,0.9263016581535339,1
C5_selective_hybrid_strong,2,8,551,51020,1,1,0.8463104367256165,1
C5_selective_hybrid_strong,2,8,569,51041,2,0,0.16785071790218353,0
C5_selective_hybrid_strong,2,8,570,51042,2,0,0.16578032076358795,0
C5_selective_hybrid_strong,2,8,574,51047,2,0,0.1938968300819397,0
C5_selective_hybrid_strong,2,8,576,51049,2,0,0.1628490835428238,0
C5_selective_hybrid_strong,2,8,584,51057,2,0,0.1638176292181015,0
C5_selective_hybrid_strong,2,8,588,51061,2,0,0.16268256306648254,0
C5_selective_hybrid_strong,2,8,593,51066,2,0,0.167637899518013,0
C5_selective_hybrid_strong,2,8,601,51075,2,0,0.1730414628982544,0
C5_selective_hybrid_strong,2,8,633,51109,2,0,0.16284587979316711,0
C5_selective_hybrid_strong,2,8,642,51122,2,0,0.16648082435131073,0
C5_selective_hybrid_strong,2,8,645,51126,2,0,0.17332547903060913,0
C5_selective_hybrid_strong,2,8,660,51141,2,0,0.7949172854423523,1
C5_selective_hybrid_strong,2,8,673,51159,2,0,0.9336135983467102,1
C5_selective_hybrid_strong,2,8,683,51177,1,1,0.9298847317695618,1
C5_selective_hybrid_strong,2,8,698,51198,2,0,0.7718955874443054,1
C5_selective_hybrid_strong,2,8,701,51203,1,1,0.9331359267234802,1
C5_selective_hybrid_strong,2,8,715,51219,1,1,0.9324726462364197,1
C5_selective_hybrid_strong,2,8,717,51221,1,1,0.9216451048851013,1
C5_selective_hybrid_strong,2,8,722,51226,1,1,0.16911335289478302,0
C5_selective_hybrid_strong,2,8,734,51248,1,1,0.930147111415863,1
C5_selective_hybrid_strong,2,8,738,51252,2,0,0.9334271550178528,1
C5_selective_hybrid_strong,2,8,748,51265,2,0,0.1621180772781372,0
C5_selective_hybrid_strong,2,8,778,51307,2,0,0.928309977054596,1
C5_selective_hybrid_strong,2,8,785,51319,1,1,0.9315556883811951,1
C5_selective_hybrid_strong,2,8,803,51339,2,0,0.16576609015464783,0
C5_selective_hybrid_strong,2,8,817,51357,2,0,0.1623392552137375,0
C5_selective_hybrid_strong,2,8,826,51370,2,0,0.16210132837295532,0
C5_selective_hybrid_strong,2,8,828,51461,1,1,0.932798445224762,1
C5_selective_hybrid_strong,2,8,832,51473,1,1,0.929012656211853,1
C5_selective_hybrid_strong,2,8,839,51487,2,0,0.39046454429626465,0
C5_selective_hybrid_strong,2,8,847,51560,2,0,0.16532790660858154,0
C5_selective_hybrid_strong,2,8,851,51565,2,0,0.683347225189209,1
C5_selective_hybrid_strong,2,8,852,51566,2,0,0.16221106052398682,0
C5_selective_hybrid_strong,2,8,857,51572,1,1,0.9258720874786377,1
C5_selective_hybrid_strong,2,8,866,51583,1,1,0.9283980131149292,1
C5_selective_hybrid_strong,2,9,9,50013,1,1,0.9268791675567627,1
C5_selective_hybrid_strong,2,9,20,50028,1,1,0.9286043047904968,1
C5_selective_hybrid_strong,2,9,27,50036,2,0,0.12697778642177582,0
C5_selective_hybrid_strong,2,9,32,50041,2,0,0.1287906914949417,0
C5_selective_hybrid_strong,2,9,37,50046,2,0,0.12810207903385162,0
C5_selective_hybrid_strong,2,9,40,50049,2,0,0.12704792618751526,0
C5_selective_hybrid_strong,2,9,42,50051,2,0,0.509047269821167,1
C5_selective_hybrid_strong,2,9,50,50102,2,0,0.13790374994277954,0
C5_selective_hybrid_strong,2,9,66,50121,1,1,0.9283573031425476,1
C5_selective_hybrid_strong,2,9,75,50132,1,1,0.9283149838447571,1
C5_selective_hybrid_strong,2,9,83,50147,1,1,0.9286273121833801,1
C5_selective_hybrid_strong,2,9,84,50148,1,1,0.9280901551246643,1
C5_selective_hybrid_strong,2,9,87,50152,1,1,0.9284059405326843,1
C5_selective_hybrid_strong,2,9,104,50183,1,1,0.9286142587661743,1
C5_selective_hybrid_strong,2,9,121,50204,2,0,0.1263478696346283,0
C5_selective_hybrid_strong,2,9,122,50205,2,0,0.12617658078670502,0
C5_selective_hybrid_strong,2,9,123,50206,2,0,0.4017286002635956,0
C5_selective_hybrid_strong,2,9,130,50232,1,1,0.9263830780982971,1
C5_selective_hybrid_strong,2,9,132,50234,1,1,0.9211068153381348,1
C5_selective_hybrid_strong,2,9,221,50352,2,0,0.41141176223754883,0
C5_selective_hybrid_strong,2,9,226,50357,2,0,0.13111798465251923,0
C5_selective_hybrid_strong,2,9,232,50363,2,0,0.9161167144775391,1
C5_selective_hybrid_strong,2,9,250,50383,2,0,0.18265694379806519,0
C5_selective_hybrid_strong,2,9,258,50399,1,1,0.9286478757858276,1
C5_selective_hybrid_strong,2,9,261,50404,1,1,0.9286483526229858,1
C5_selective_hybrid_strong,2,9,262,50405,1,1,0.9276837706565857,1
C5_selective_hybrid_strong,2,9,282,50428,2,0,0.12643110752105713,0
C5_selective_hybrid_strong,2,9,284,50434,2,0,0.1279839724302292,0
C5_selective_hybrid_strong,2,9,289,50439,2,0,0.1917862743139267,0
C5_selective_hybrid_strong,2,9,291,50441,2,0,0.12718214094638824,0
C5_selective_hybrid_strong,2,9,301,50463,2,0,0.1272171437740326,0
C5_selective_hybrid_strong,2,9,323,50498,1,1,0.9248407483100891,1
C5_selective_hybrid_strong,2,9,344,50527,1,1,0.9286521077156067,1
C5_selective_hybrid_strong,2,9,358,50568,2,0,0.9108520150184631,1
C5_selective_hybrid_strong,2,9,361,50571,2,0,0.8126125931739807,1
C5_selective_hybrid_strong,2,9,363,50573,2,0,0.12805703282356262,0
C5_selective_hybrid_strong,2,9,380,50616,1,1,0.9281077980995178,1
C5_selective_hybrid_strong,2,9,391,50642,1,1,0.9199033379554749,1
C5_selective_hybrid_strong,2,9,397,50656,2,0,0.4900062084197998,0
C5_selective_hybrid_strong,2,9,407,50688,2,0,0.12644991278648376,0
C5_selective_hybrid_strong,2,9,415,50696,1,1,0.9271855354309082,1
C5_selective_hybrid_strong,2,9,419,50700,1,1,0.92864990234375,1
C5_selective_hybrid_strong,2,9,420,50701,2,0,0.12714336812496185,0
C5_selective_hybrid_strong,2,9,427,50708,1,1,0.9283952116966248,1
C5_selective_hybrid_strong,2,9,446,50743,1,1,0.9283871054649353,1
C5_selective_hybrid_strong,2,9,461,50775,2,0,0.12702463567256927,0
C5_selective_hybrid_strong,2,9,472,50792,1,1,0.9284298419952393,1
C5_selective_hybrid_strong,2,9,481,50812,2,0,0.12613336741924286,0
C5_selective_hybrid_strong,2,9,491,50952,1,1,0.9284272789955139,1
C5_selective_hybrid_strong,2,9,498,50960,1,1,0.49872416257858276,0
C5_selective_hybrid_strong,2,9,511,50976,1,1,0.9286328554153442,1
C5_selective_hybrid_strong,2,9,524,50990,1,1,0.9264794588088989,1
C5_selective_hybrid_strong,2,9,539,51008,1,1,0.918602466583252,1
C5_selective_hybrid_strong,2,9,541,51010,1,1,0.9059043526649475,1
C5_selective_hybrid_strong,2,9,543,51012,1,1,0.9193403124809265,1
C5_selective_hybrid_strong,2,9,563,51034,1,1,0.9273781180381775,1
C5_selective_hybrid_strong,2,9,564,51035,1,1,0.9276106953620911,1
C5_selective_hybrid_strong,2,9,592,51065,2,0,0.12784865498542786,0
C5_selective_hybrid_strong,2,9,604,51078,2,0,0.1349201649427414,0
C5_selective_hybrid_strong,2,9,605,51079,2,0,0.9283594489097595,1
C5_selective_hybrid_strong,2,9,608,51082,2,0,0.4590022563934326,0
C5_selective_hybrid_strong,2,9,620,51095,2,0,0.9254059791564941,1
C5_selective_hybrid_strong,2,9,624,51099,2,0,0.1267976015806198,0
C5_selective_hybrid_strong,2,9,632,51107,2,0,0.9149007797241211,1
C5_selective_hybrid_strong,2,9,643,51123,2,0,0.14259783923625946,0
C5_selective_hybrid_strong,2,9,654,51135,2,0,0.8204312920570374,1
C5_selective_hybrid_strong,2,9,667,51151,2,0,0.1283305287361145,0
C5_selective_hybrid_strong,2,9,680,51170,1,1,0.9224457144737244,1
C5_selective_hybrid_strong,2,9,699,51201,1,1,0.9286575317382812,1
C5_selective_hybrid_strong,2,9,708,51211,1,1,0.928665280342102,1
C5_selective_hybrid_strong,2,9,712,51216,1,1,0.12643606960773468,0
C5_selective_hybrid_strong,2,9,736,51250,2,0,0.12692107260227203,0
C5_selective_hybrid_strong,2,9,739,51253,2,0,0.12627707421779633,0
C5_selective_hybrid_strong,2,9,740,51254,2,0,0.128633514046669,0
C5_selective_hybrid_strong,2,9,742,51256,2,0,0.12878918647766113,0
C5_selective_hybrid_strong,2,9,752,51269,2,0,0.12663422524929047,0
C5_selective_hybrid_strong,2,9,756,51275,2,0,0.12705640494823456,0
C5_selective_hybrid_strong,2,9,784,51318,1,1,0.9267079830169678,1
C5_selective_hybrid_strong,2,9,788,51322,1,1,0.9276204109191895,1
C5_selective_hybrid_strong,2,9,789,51323,1,1,0.9267078042030334,1
C5_selective_hybrid_strong,2,9,794,51329,1,1,0.33558109402656555,0
C5_selective_hybrid_strong,2,9,802,51338,2,0,0.9285392165184021,1
C5_selective_hybrid_strong,2,9,822,51363,2,0,0.13488006591796875,0
C5_selective_hybrid_strong,2,9,825,51369,2,0,0.1266201138496399,0
C5_selective_hybrid_strong,2,9,827,51373,2,0,0.12664411962032318,0
C5_selective_hybrid_strong,2,9,842,51493,2,0,0.12918581068515778,0
C5_selective_hybrid_strong,2,9,864,51580,1,1,0.9244024157524109,1
C5_selective_hybrid_strong,2,10,11,50015,1,1,0.7867584824562073,1
C5_selective_hybrid_strong,2,10,16,50024,1,1,0.7918515205383301,1
C5_selective_hybrid_strong,2,10,18,50026,1,1,0.7698611617088318,1
C5_selective_hybrid_strong,2,10,33,50042,2,0,0.1235639676451683,0
C5_selective_hybrid_strong,2,10,36,50045,2,0,0.2583744525909424,0
C5_selective_hybrid_strong,2,10,41,50050,2,0,0.11292432248592377,0
C5_selective_hybrid_strong,2,10,43,50052,2,0,0.25567296147346497,0
C5_selective_hybrid_strong,2,10,54,50106,2,0,0.4500580132007599,0
C5_selective_hybrid_strong,2,10,74,50131,1,1,0.271468847990036,0
C5_selective_hybrid_strong,2,10,99,50168,2,0,0.11945916712284088,0
C5_selective_hybrid_strong,2,10,106,50186,1,1,0.7748808860778809,1
C5_selective_hybrid_strong,2,10,109,50189,1,1,0.7839741706848145,1
C5_selective_hybrid_strong,2,10,110,50190,1,1,0.736845850944519,1
C5_selective_hybrid_strong,2,10,150,50259,2,0,0.19472412765026093,0
C5_selective_hybrid_strong,2,10,158,50267,2,0,0.11296451836824417,0
C5_selective_hybrid_strong,2,10,188,50312,1,1,0.6812753081321716,1
C5_selective_hybrid_strong,2,10,194,50321,1,1,0.7922843098640442,1
C5_selective_hybrid_strong,2,10,233,50364,2,0,0.28253692388534546,0
C5_selective_hybrid_strong,2,10,239,50370,2,0,0.11500934511423111,0
C5_selective_hybrid_strong,2,10,245,50377,2,0,0.11332672834396362,0
C5_selective_hybrid_strong,2,10,252,50386,2,0,0.11310973018407822,0
C5_selective_hybrid_strong,2,10,257,50397,1,1,0.7007647156715393,1
C5_selective_hybrid_strong,2,10,263,50406,1,1,0.7923596501350403,1
C5_selective_hybrid_strong,2,10,268,50412,1,1,0.7883606553077698,1
C5_selective_hybrid_strong,2,10,270,50414,2,0,0.1455918252468109,0
C5_selective_hybrid_strong,2,10,273,50417,2,0,0.1181265264749527,0
C5_selective_hybrid_strong,2,10,294,50444,2,0,0.14836570620536804,0
C5_selective_hybrid_strong,2,10,303,50467,2,0,0.17802082002162933,0
C5_selective_hybrid_strong,2,10,304,50468,2,0,0.1176549419760704,0
C5_selective_hybrid_strong,2,10,317,50491,1,1,0.36217179894447327,0
C5_selective_hybrid_strong,2,10,324,50499,1,1,0.7010207772254944,1
C5_selective_hybrid_strong,2,10,366,50576,2,0,0.1151515543460846,0
C5_selective_hybrid_strong,2,10,372,50604,1,1,0.6716731786727905,1
C5_selective_hybrid_strong,2,10,394,50648,1,1,0.5375940203666687,1
C5_selective_hybrid_strong,2,10,430,50722,2,0,0.1161361038684845,0
C5_selective_hybrid_strong,2,10,434,50726,2,0,0.1814318299293518,0
C5_selective_hybrid_strong,2,10,443,50740,2,0,0.1463623344898224,0
C5_selective_hybrid_strong,2,10,459,50773,2,0,0.11336953938007355,0
C5_selective_hybrid_strong,2,10,475,50798,1,1,0.11327940225601196,0
C5_selective_hybrid_strong,2,10,482,50814,2,0,0.11614573746919632,0
C5_selective_hybrid_strong,2,10,490,50824,1,1,0.12599799036979675,0
C5_selective_hybrid_strong,2,10,494,50956,1,1,0.7920013070106506,1
C5_selective_hybrid_strong,2,10,501,50964,1,1,0.7429819703102112,1
C5_selective_hybrid_strong,2,10,507,50970,1,1,0.7770615220069885,1
C5_selective_hybrid_strong,2,10,509,50973,1,1,0.6049396991729736,1
C5_selective_hybrid_strong,2,10,512,50977,1,1,0.7917985916137695,1
C5_selective_hybrid_strong,2,10,518,50984,1,1,0.6956264972686768,1
C5_selective_hybrid_strong,2,10,519,50985,1,1,0.7889196276664734,1
C5_selective_hybrid_strong,2,10,523,50989,1,1,0.7894424796104431,1
C5_selective_hybrid_strong,2,10,527,50993,1,1,0.7861762642860413,1
C5_selective_hybrid_strong,2,10,528,50994,1,1,0.7922964692115784,1
C5_selective_hybrid_strong,2,10,529,50995,1,1,0.7922067046165466,1
C5_selective_hybrid_strong,2,10,533,51000,1,1,0.7645835876464844,1
C5_selective_hybrid_strong,2,10,535,51002,1,1,0.33041438460350037,0
C5_selective_hybrid_strong,2,10,547,51016,1,1,0.6342942118644714,1
C5_selective_hybrid_strong,2,10,549,51018,1,1,0.7914193868637085,1
C5_selective_hybrid_strong,2,10,557,51027,1,1,0.629986584186554,1
C5_selective_hybrid_strong,2,10,565,51036,2,0,0.11350554972887039,0
C5_selective_hybrid_strong,2,10,567,51039,2,0,0.11386329680681229,0
C5_selective_hybrid_strong,2,10,573,51046,2,0,0.3922966718673706,0
C5_selective_hybrid_strong,2,10,578,51051,2,0,0.12349876016378403,0
C5_selective_hybrid_strong,2,10,591,51064,2,0,0.11374464631080627,0
C5_selective_hybrid_strong,2,10,617,51091,2,0,0.11381979286670685,0
C5_selective_hybrid_strong,2,10,618,51093,2,0,0.11392290145158768,0
C5_selective_hybrid_strong,2,10,619,51094,2,0,0.12227990478277206,0
C5_selective_hybrid_strong,2,10,626,51101,2,0,0.12309157103300095,0
C5_selective_hybrid_strong,2,10,636,51112,2,0,0.11942969262599945,0
C5_selective_hybrid_strong,2,10,641,51118,2,0,0.5088068842887878,1
C5_selective_hybrid_strong,2,10,649,51130,2,0,0.6388303637504578,1
C5_selective_hybrid_strong,2,10,662,51146,2,0,0.11454987525939941,0
C5_selective_hybrid_strong,2,10,666,51150,2,0,0.11343955993652344,0
C5_selective_hybrid_strong,2,10,692,51187,2,0,0.11297028511762619,0
C5_selective_hybrid_strong,2,10,696,51194,2,0,0.18499276041984558,0
C5_selective_hybrid_strong,2,10,702,51204,1,1,0.7862024307250977,1
C5_selective_hybrid_strong,2,10,707,51210,1,1,0.7823894023895264,1
C5_selective_hybrid_strong,2,10,758,51277,2,0,0.11369847506284714,0
C5_selective_hybrid_strong,2,10,761,51280,2,0,0.11398990452289581,0
C5_selective_hybrid_strong,2,10,764,51292,1,1,0.785580039024353,1
C5_selective_hybrid_strong,2,10,765,51293,1,1,0.7914111614227295,1
C5_selective_hybrid_strong,2,10,777,51306,2,0,0.1976325511932373,0
C5_selective_hybrid_strong,2,10,782,51313,2,0,0.12653891742229462,0
C5_selective_hybrid_strong,2,10,796,51331,1,1,0.6869733929634094,1
C5_selective_hybrid_strong,2,10,797,51332,2,0,0.11840793490409851,0
C5_selective_hybrid_strong,2,10,800,51335,2,0,0.12296640872955322,0
C5_selective_hybrid_strong,2,10,819,51360,2,0,0.11873059719800949,0
C5_selective_hybrid_strong,2,10,850,51564,2,0,0.11608563363552094,0
C5_selective_hybrid_strong,2,10,860,51576,1,1,0.23833581805229187,0
