config,seed,fold,n_outer_train,n_train,n_val,n_test,best_epoch,acc,balanced_acc,asd_auc,asd_f1,asd_sensitivity,nc_specificity,raw_global_cos_gap,raw_global_R1,raw_global_CMMD,pair_weight_std,pair_weight_entropy,top1_pair,top3_pairs,final_cls_loss,final_align_loss,align_strategy,align_mode,align_lambda,align_warmup,weight_update_interval,token_nmodal,token_dim,base_init_sha256,runtime_sec,score_P0,score_P1,score_P2,score_P3,score_P4,score_P5,weight_P0,weight_P1,weight_P2,weight_P3,weight_P4,weight_P5,P0_cos_gap,P0_R1,P0_CMMD,P1_cos_gap,P1_R1,P1_CMMD,P2_cos_gap,P2_R1,P2_CMMD,P3_cos_gap,P3_R1,P3_CMMD,P4_cos_gap,P4_R1,P4_CMMD,P5_cos_gap,P5_R1,P5_CMMD
E0_baseline,0,1,783,704,79,88,124,0.8409090909090909,0.8432797093928386,0.9278671510119355,0.8372093023255814,0.8780487804878049,0.8085106382978723,0.12056369334459305,0.029356062412261963,0.3965952396392822,nan,nan,NA,NA,0.15465131402015686,0.0,none,none,0.0,20,5,4,36,972f662c922f3f02355d79787c586293ea503c3c0736d55ac815c57e920a5b22,9.452292960137129,nan,nan,nan,nan,nan,nan,nan,nan,nan,nan,nan,nan,0.09756314009428024,0.022727273404598236,0.31529054045677185,0.09597110748291016,0.034090910106897354,0.3184570372104645,0.13584521412849426,0.022727273404598236,0.6988692283630371,0.10740473866462708,0.028409091755747795,0.12513402104377747,0.1596151888370514,0.039772726595401764,0.466662734746933,0.12698276340961456,0.028409091755747795,0.455157995223999
E0_baseline,0,2,784,705,79,87,108,0.8620689655172413,0.8549840933191941,0.8632025450689289,0.8333333333333334,0.7317073170731707,0.9782608695652174,0.029131591320037842,0.02107279561460018,0.3484920859336853,nan,nan,NA,NA,0.1936134696006775,0.0,none,none,0.0,20,5,4,36,f003f98cc27a3e6828c561e38d9bbb4b7c818292ab964eac0d36dd96727e4d50,4.669104378670454,nan,nan,nan,nan,nan,nan,nan,nan,nan,nan,nan,nan,0.019764840602874756,0.02298850566148758,0.3618553876876831,0.01624487340450287,0.017241379246115685,0.36985889077186584,0.0908556580543518,0.017241379246115685,0.5884549617767334,-0.04284322261810303,0.005747126415371895,0.09958040714263916,0.03948861360549927,0.028735632076859474,0.34262895584106445,0.051278822124004364,0.03448275849223137,0.328573614358902
E0_baseline,0,3,784,705,79,87,102,0.8390804597701149,0.8372216330858961,0.8955461293743372,0.8250000000000001,0.8048780487804879,0.8695652173913043,0.04543619230389595,0.022030651569366455,0.3339608609676361,nan,nan,NA,NA,0.16098655760288239,0.0,none,none,0.0,20,5,4,36,8979a74112f517dee08f45fbdf8772a1a8ede570d75b76c128f52d0b4ac072ab,4.377865843474865,nan,nan,nan,nan,nan,nan,nan,nan,nan,nan,nan,nan,0.03860330209136009,0.017241379246115685,0.32069888710975647,0.028869811445474625,0.01149425283074379,0.31623658537864685,0.11945407092571259,0.04022988677024841,0.5140184164047241,-0.00317339226603508,0.03448275849223137,0.11347442865371704,0.04058391600847244,0.017241379246115685,0.3639245331287384,0.048279423266649246,0.01149425283074379,0.37541234493255615
E0_baseline,0,4,784,705,79,87,121,0.9080459770114943,0.9074468085106383,0.973936170212766,0.9,0.9,0.9148936170212766,0.048561856150627136,0.01819923333823681,0.4021488130092621,nan,nan,NA,NA,0.1471870094537735,0.0,none,none,0.0,20,5,4,36,9549f02031535027047776dac434feb5fa74b793c6cce5e33d9bc6f39deaaa9f,5.015638675540686,nan,nan,nan,nan,nan,nan,nan,nan,nan,nan,nan,nan,0.03773152083158493,0.005747126415371895,0.3749697208404541,0.030889242887496948,0.017241379246115685,0.39942774176597595,0.15991707146167755,0.028735632076859474,0.6776189208030701,-0.06134142726659775,0.005747126415371895,0.12929698824882507,0.0701066181063652,0.017241379246115685,0.39621710777282715,0.054068103432655334,0.03448275849223137,0.43536242842674255
E0_baseline,0,5,784,705,79,87,76,0.8505747126436781,0.8393617021276596,0.9292553191489361,0.8115942028985508,0.7,0.9787234042553191,0.01879279315471649,0.010536398738622665,0.38123416900634766,nan,nan,NA,NA,0.32089507579803467,0.0,none,none,0.0,20,5,4,36,b92c8250915627f5ee62ede91bf80c4a32d2261d06aa80e60845df6155a1045e,3.9491189159452915,nan,nan,nan,nan,nan,nan,nan,nan,nan,nan,nan,nan,-0.008525803685188293,0.005747126415371895,0.28249022364616394,0.0003560781478881836,0.005747126415371895,0.3050015866756439,0.02748807892203331,0.017241379246115685,0.6680967807769775,0.03890872001647949,0.02298850566148758,0.13705149292945862,0.02700192853808403,0.0,0.4512692987918854,0.027527721598744392,0.01149425283074379,0.4434959292411804
E0_baseline,0,6,784,705,79,87,158,0.9310344827586207,0.9287234042553192,0.9563829787234043,0.9230769230769231,0.9,0.9574468085106383,0.2088891565799713,0.0277777761220932,0.35470426082611084,nan,nan,NA,NA,0.1824047863483429,0.0,none,none,0.0,20,5,4,36,5cfbbf6ec0faf5cf1723b7c33c6fd766f8364f753fc36333259cc4aada3c4390,5.938350044190884,nan,nan,nan,nan,nan,nan,nan,nan,nan,nan,nan,nan,0.22235512733459473,0.028735632076859474,0.24169659614562988,0.10739612579345703,0.017241379246115685,0.3341324031352997,0.25857388973236084,0.02298850566148758,0.6307805776596069,0.17218336462974548,0.028735632076859474,0.12521666288375854,0.3165784180164337,0.04022988677024841,0.40626561641693115,0.1762479543685913,0.028735632076859474,0.39013344049453735
E0_baseline,0,7,784,705,79,87,82,0.9080459770114943,0.9111702127659574,0.9563829787234043,0.9047619047619048,0.95,0.8723404255319149,0.008272737264633179,0.014367816969752312,0.41491663455963135,nan,nan,NA,NA,0.2632628381252289,0.0,none,none,0.0,20,5,4,36,2546b0018f0222ddd68b1ec3f179956fd740ffcff9ec2a69e1601f4337cbec49,3.906313132494688,nan,nan,nan,nan,nan,nan,nan,nan,nan,nan,nan,nan,-0.005199909210205078,0.0,0.37983033061027527,0.023044303059577942,0.01149425283074379,0.3660343587398529,0.030016545206308365,0.03448275849223137,0.763399064540863,-0.0032545290887355804,0.01149425283074379,0.11092853546142578,0.004015237092971802,0.01149425283074379,0.44407957792282104,0.0010147616267204285,0.017241379246115685,0.42522767186164856
E0_baseline,0,8,784,705,79,87,73,0.896551724137931,0.9042553191489362,0.9409574468085107,0.898876404494382,1.0,0.8085106382978723,-0.0022453544661402702,0.014367816969752312,0.3303189277648926,nan,nan,NA,NA,0.3076421618461609,0.0,none,none,0.0,20,5,4,36,54e7c40772cc65327664f24b621cab0e2706987043049273f2f94ffac594b2c9,3.5750035382807255,nan,nan,nan,nan,nan,nan,nan,nan,nan,nan,nan,nan,0.002419888973236084,0.02298850566148758,0.27760329842567444,0.013220928609371185,0.017241379246115685,0.2717583179473877,0.02959407866001129,0.017241379246115685,0.577812910079956,-0.04391007870435715,0.005747126415371895,0.10789039731025696,0.008577950298786163,0.017241379246115685,0.40200066566467285,-0.023374900221824646,0.005747126415371895,0.3448478579521179
E0_baseline,0,9,784,705,79,87,112,0.6436781609195402,0.6460106382978723,0.698404255319149,0.6352941176470589,0.675,0.6170212765957447,0.05889767408370972,0.017241379246115685,0.3693498969078064,nan,nan,NA,NA,0.15104223787784576,0.0,none,none,0.0,20,5,4,36,a2de616feb34163b8bfaf07f7f8c021f11b3a1d097a8fe0ba51769d8497c6116,4.6196136102080345,nan,nan,nan,nan,nan,nan,nan,nan,nan,nan,nan,nan,0.03684934973716736,0.02298850566148758,0.35208457708358765,0.04068543761968613,0.01149425283074379,0.3704802393913269,0.12474263459444046,0.017241379246115685,0.6482021808624268,0.026127256453037262,0.017241379246115685,0.11928024888038635,0.06379537284374237,0.02298850566148758,0.37749648094177246,0.061185967177152634,0.01149425283074379,0.34855541586875916
E0_baseline,0,10,784,705,79,87,145,0.7011494252873564,0.701063829787234,0.7218085106382979,0.6829268292682926,0.7,0.7021276595744681,0.1980210244655609,0.029693489894270897,0.3194863200187683,nan,nan,NA,NA,0.08986727148294449,0.0,none,none,0.0,20,5,4,36,c8bba363687655e5be05b1a6541eb5d8c1b13b43652b18f6129308bd60d66a3f,5.671142712235451,nan,nan,nan,nan,nan,nan,nan,nan,nan,nan,nan,nan,0.19739414751529694,0.04022988677024841,0.3289436995983124,0.13457131385803223,0.02298850566148758,0.36701327562332153,0.2844257950782776,0.04022988677024841,0.5139725208282471,0.11434099078178406,0.03448275849223137,0.09259143471717834,0.3174528479576111,0.017241379246115685,0.2990306317806244,0.13994097709655762,0.02298850566148758,0.31536614894866943
E0_baseline,1,1,783,704,79,88,78,0.8409090909090909,0.832381940840685,0.8884276076803321,0.8055555555555556,0.7073170731707317,0.9574468085106383,0.01316165179014206,0.014204546809196472,0.3945837914943695,nan,nan,NA,NA,0.2920527458190918,0.0,none,none,0.0,20,5,4,36,2920d1a2d1c5d32a82a360b076199906c5b1dcce2976f609794a649b4f24b965,7.973680894821882,nan,nan,nan,nan,nan,nan,nan,nan,nan,nan,nan,nan,0.0012942105531692505,0.011363636702299118,0.27334344387054443,0.0005197599530220032,0.011363636702299118,0.29694196581840515,0.0254020094871521,0.028409091755747795,0.7268329858779907,0.0246613547205925,0.005681818351149559,0.11213445663452148,0.018710128962993622,0.011363636702299118,0.49407896399497986,0.008382454514503479,0.017045455053448677,0.4641706347465515
E0_baseline,1,2,784,705,79,87,139,0.9310344827586207,0.9294803817603394,0.9655355249204665,0.9249999999999999,0.9024390243902439,0.9565217391304348,0.08102206885814667,0.02107279561460018,0.40413326025009155,nan,nan,NA,NA,0.1918068677186966,0.0,none,none,0.0,20,5,4,36,d87e777eb4acacb566e3401489a14a386d3aabd27f8fc352f20d7f53ec110480,6.231709752231836,nan,nan,nan,nan,nan,nan,nan,nan,nan,nan,nan,nan,0.05371621251106262,0.02298850566148758,0.34947094321250916,0.05439215898513794,0.005747126415371895,0.3798816502094269,0.0806371346116066,0.017241379246115685,0.7250183820724487,0.0326734334230423,0.03448275849223137,0.1441357135772705,0.13153739273548126,0.028735632076859474,0.40643948316574097,0.1331760436296463,0.017241379246115685,0.4198531210422516
E0_baseline,1,3,784,705,79,87,81,0.7701149425287356,0.7627253446447508,0.8048780487804879,0.7222222222222222,0.6341463414634146,0.8913043478260869,0.00875234603881836,0.015325671061873436,0.37674495577812195,nan,nan,NA,NA,0.37707895040512085,0.0,none,none,0.0,20,5,4,36,a39abe9c53b052d6f3f56b557b329f8023b72c008a3e9b97c8deba8d1d93732e,4.362533077597618,nan,nan,nan,nan,nan,nan,nan,nan,nan,nan,nan,nan,0.007055684924125671,0.005747126415371895,0.31706711649894714,0.017617493867874146,0.01149425283074379,0.33193331956863403,0.028226962313055992,0.028735632076859474,0.6759930849075317,-0.03489843010902405,0.017241379246115685,0.09600415825843811,0.021968873217701912,0.017241379246115685,0.4268554449081421,0.012543484568595886,0.01149425283074379,0.4126165509223938
E0_baseline,1,4,784,705,79,87,109,0.8620689655172413,0.8611702127659575,0.9164893617021277,0.85,0.85,0.8723404255319149,0.027799025177955627,0.018199235200881958,0.44438570737838745,nan,nan,NA,NA,0.2519456148147583,0.0,none,none,0.0,20,5,4,36,b485be0551cbc95ccd356c83160655cba129d0a3a6a69a369bd06596b521245f,5.502846695482731,nan,nan,nan,nan,nan,nan,nan,nan,nan,nan,nan,nan,0.016811013221740723,0.02298850566148758,0.35361313819885254,0.029253646731376648,0.02298850566148758,0.37258201837539673,0.07059197127819061,0.02298850566148758,0.8148610591888428,-0.02013104408979416,0.01149425283074379,0.10365679860115051,0.03715098276734352,0.017241379246115685,0.5149909257888794,0.03311757743358612,0.01149425283074379,0.5066107511520386
E0_baseline,1,5,784,705,79,87,96,0.8160919540229885,0.8186170212765957,0.902659574468085,0.8095238095238095,0.85,0.7872340425531915,0.029695607721805573,0.01149425283074379,0.35348543524742126,nan,nan,NA,NA,0.22210440039634705,0.0,none,none,0.0,20,5,4,36,e2a03015f22672fbfe6b490e40234b1e7f587ead3b1c50554317d3fa2c6cac6f,5.491432175040245,nan,nan,nan,nan,nan,nan,nan,nan,nan,nan,nan,nan,0.005118474364280701,0.01149425283074379,0.29088857769966125,0.03631553053855896,0.0,0.2831251919269562,0.07697071135044098,0.02298850566148758,0.5937743782997131,-0.006552878767251968,0.01149425283074379,0.12386715412139893,0.05015406757593155,0.005747126415371895,0.4108901023864746,0.01616770774126053,0.017241379246115685,0.4183672070503235
E0_baseline,1,6,784,705,79,87,142,0.8390804597701149,0.8305851063829788,0.8585106382978724,0.8055555555555555,0.725,0.9361702127659575,0.19305481016635895,0.028735633939504623,0.34693512320518494,nan,nan,NA,NA,0.12448065727949142,0.0,none,none,0.0,20,5,4,36,ae65aacaa3b22a903bdfa6ab00e808767c668437e4d548a41d620be1c9aa421c,6.577247928828001,nan,nan,nan,nan,nan,nan,nan,nan,nan,nan,nan,nan,0.1624821424484253,0.03448275849223137,0.31784787774086,0.12155477702617645,0.04022988677024841,0.30999666452407837,0.24905487895011902,0.017241379246115685,0.5647116899490356,0.17528870701789856,0.03448275849223137,0.11580035090446472,0.25225600600242615,0.028735632076859474,0.4038107395172119,0.1976921558380127,0.017241379246115685,0.36944350600242615
E0_baseline,1,7,784,705,79,87,85,0.8390804597701149,0.8305851063829788,0.8962765957446808,0.8055555555555555,0.725,0.9361702127659575,0.017329499125480652,0.012452106922864914,0.3542892336845398,nan,nan,NA,NA,0.2886585295200348,0.0,none,none,0.0,20,5,4,36,815265503b867ad67c643fea5c5dfbd1ab865ef2e2319f72987c75c5950a98c5,4.907568868249655,nan,nan,nan,nan,nan,nan,nan,nan,nan,nan,nan,nan,-0.0011254772543907166,0.01149425283074379,0.3157438635826111,0.03119640052318573,0.01149425283074379,0.3270946443080902,0.041882600635290146,0.017241379246115685,0.6324999332427979,-0.04894200339913368,0.01149425283074379,0.10170075297355652,0.0388505645096302,0.01149425283074379,0.3928362727165222,0.04211491718888283,0.01149425283074379,0.3558598756790161
E0_baseline,1,8,784,705,79,87,140,0.8505747126436781,0.8468085106382979,0.9079787234042553,0.8311688311688312,0.8,0.8936170212765957,0.10405977815389633,0.02298850566148758,0.3778091073036194,nan,nan,NA,NA,0.21102599799633026,0.0,none,none,0.0,20,5,4,36,8a717934c7cf6ca8e3eec31d50c84541b5e893560d90247c66bac6c72122f49e,6.5925800539553165,nan,nan,nan,nan,nan,nan,nan,nan,nan,nan,nan,nan,0.0810282826423645,0.051724135875701904,0.2881663143634796,0.0806754007935524,0.005747126415371895,0.36421045660972595,0.16610170900821686,0.02298850566148758,0.6412549018859863,0.014461413025856018,0.017241379246115685,0.15936550498008728,0.17361244559288025,0.02298850566148758,0.37851935625076294,0.10847939550876617,0.017241379246115685,0.43533796072006226
E0_baseline,1,9,784,705,79,87,77,0.7241379310344828,0.7204787234042553,0.8101063829787235,0.6923076923076923,0.675,0.7659574468085106,-0.005602188408374786,0.008620689623057842,0.3949396312236786,nan,nan,NA,NA,0.4291956126689911,0.0,none,none,0.0,20,5,4,36,942a80462f98f4d3fce30586297cf4f23cc81e179440c5f9deff9cdec55920d7,4.357782945036888,nan,nan,nan,nan,nan,nan,nan,nan,nan,nan,nan,nan,-0.015442460775375366,0.01149425283074379,0.29222676157951355,-0.015112519264221191,0.01149425283074379,0.3085572421550751,0.019716061651706696,0.005747126415371895,0.7199757099151611,-0.010551556944847107,0.01149425283074379,0.09075090289115906,-0.0009205043315887451,0.005747126415371895,0.4895581901073456,-0.011302169412374496,0.005747126415371895,0.46856868267059326
E0_baseline,1,10,784,705,79,87,161,0.8505747126436781,0.850531914893617,0.8832446808510638,0.8395061728395061,0.85,0.851063829787234,0.16446727514266968,0.029693488031625748,0.3559032380580902,nan,nan,NA,NA,0.10328316688537598,0.0,none,none,0.0,20,5,4,36,7b41f8ad7fcd078fb431f5a63fceae479f9e83add43115f2b2ef617b3b7b76f8,6.820439793169498,nan,nan,nan,nan,nan,nan,nan,nan,nan,nan,nan,nan,0.11258189380168915,0.028735632076859474,0.321630597114563,0.12465683370828629,0.028735632076859474,0.3896472752094269,0.12655222415924072,0.02298850566148758,0.559920072555542,0.1610649973154068,0.03448275849223137,0.15067702531814575,0.2627003788948059,0.02298850566148758,0.3411088287830353,0.19924737513065338,0.04022988677024841,0.37243518233299255
E0_baseline,2,1,783,704,79,88,106,0.75,0.751946030098599,0.8655941878567721,0.7441860465116279,0.7804878048780488,0.723404255319149,0.031185869127511978,0.017045455053448677,0.31974145770072937,nan,nan,NA,NA,0.17338933050632477,0.0,none,none,0.0,20,5,4,36,3482fd1c35313837f9b4cdf339fe1875d374253e510d1b51c5562b21b7b7d154,9.028249144554138,nan,nan,nan,nan,nan,nan,nan,nan,nan,nan,nan,nan,0.038668274879455566,0.028409091755747795,0.2717203199863434,0.0034479349851608276,0.011363636702299118,0.27171289920806885,0.05874326825141907,0.017045455053448677,0.5609050393104553,0.017112232744693756,0.005681818351149559,0.10434362292289734,0.04523477703332901,0.028409091755747795,0.36020776629447937,0.023908698931336403,0.011363636702299118,0.34955883026123047
E0_baseline,2,2,784,705,79,87,135,0.896551724137931,0.8981972428419936,0.9374337221633087,0.8941176470588236,0.926829268292683,0.8695652173913043,0.13608135282993317,0.022030651569366455,0.4207226037979126,nan,nan,NA,NA,0.16670183837413788,0.0,none,none,0.0,20,5,4,36,86d25602768399e0a820f0f811f53a43edbccdf5b854970f742fb0148c040a1f,6.147146921604872,nan,nan,nan,nan,nan,nan,nan,nan,nan,nan,nan,nan,0.13603277504444122,0.028735632076859474,0.34760338068008423,0.10062573850154877,0.02298850566148758,0.32206007838249207,0.1631338894367218,0.03448275849223137,0.714372992515564,0.07640500366687775,0.0,0.12171095609664917,0.1753292679786682,0.01149425283074379,0.5368167161941528,0.1649612933397293,0.03448275849223137,0.4817714989185333
E0_baseline,2,3,784,705,79,87,109,0.8505747126436781,0.8467656415694591,0.9045599151643691,0.8311688311688312,0.7804878048780488,0.9130434782608695,0.07774923741817474,0.014367816969752312,0.4132319688796997,nan,nan,NA,NA,0.20669442415237427,0.0,none,none,0.0,20,5,4,36,2c2e7daeef8e34639d26c23063b040907966241b25debe7d461a57555717c118,5.373023755848408,nan,nan,nan,nan,nan,nan,nan,nan,nan,nan,nan,nan,0.0749991163611412,0.0,0.40480270981788635,0.05936068296432495,0.017241379246115685,0.41679707169532776,0.1583813726902008,0.017241379246115685,0.6318684816360474,0.03780512884259224,0.017241379246115685,0.12312942743301392,0.09044651687145233,0.017241379246115685,0.4435763359069824,0.04550255835056305,0.017241379246115685,0.45921772718429565
E0_baseline,2,4,784,705,79,87,99,0.8620689655172413,0.8611702127659575,0.8813829787234042,0.85,0.85,0.8723404255319149,0.032500505447387695,0.026819925755262375,0.42113053798675537,nan,nan,NA,NA,0.26354455947875977,0.0,none,none,0.0,20,5,4,36,320be97d97002b36843b5e50592ea8c23f65cda0282fda50516b2fb7e94a9368,4.905241880565882,nan,nan,nan,nan,nan,nan,nan,nan,nan,nan,nan,nan,0.04563349112868309,0.005747126415371895,0.3174537420272827,0.007631085813045502,0.02298850566148758,0.34818577766418457,0.06688599288463593,0.02298850566148758,0.7682641744613647,0.01701047457754612,0.02298850566148758,0.11650240421295166,0.01961074396967888,0.02298850566148758,0.47784003615379333,0.0382312536239624,0.06321839243173599,0.4985368549823761
E0_baseline,2,5,784,705,79,87,88,0.8505747126436781,0.8393617021276596,0.8829787234042553,0.8115942028985508,0.7,0.9787234042553191,0.035302042961120605,0.02586207166314125,0.3650878071784973,nan,nan,NA,NA,0.20410554111003876,0.0,none,none,0.0,20,5,4,36,91de6c45307f97e22e3ef863f49ae5f8fff57887133da9b7525311e05d713bc0,4.297679986804724,nan,nan,nan,nan,nan,nan,nan,nan,nan,nan,nan,nan,0.031795941293239594,0.028735632076859474,0.3846592903137207,0.022212497889995575,0.01149425283074379,0.3870633840560913,0.06444373726844788,0.04022988677024841,0.6442364454269409,0.028772976249456406,0.03448275849223137,0.11287888884544373,0.040075428783893585,0.028735632076859474,0.3362489938735962,0.024511676281690598,0.01149425283074379,0.32543954253196716
E0_baseline,2,6,784,705,79,87,173,0.8275862068965517,0.8218085106382979,0.8632978723404255,0.7999999999999999,0.75,0.8936170212765957,0.22380302846431732,0.019157089293003082,0.3167838454246521,nan,nan,NA,NA,0.23780612647533417,0.0,none,none,0.0,20,5,4,36,8f20a89b70c47182365eb5a759f595d3fc9899f41a8636ad9f33aceea655e915,6.904768280684948,nan,nan,nan,nan,nan,nan,nan,nan,nan,nan,nan,nan,0.2868528962135315,0.03448275849223137,0.22116214036941528,0.15898631513118744,0.01149425283074379,0.25930872559547424,0.2554415464401245,0.005747126415371895,0.5374283194541931,0.15523761510849,0.01149425283074379,0.11040499806404114,0.29213646054267883,0.02298850566148758,0.37332186102867126,0.19416338205337524,0.028735632076859474,0.3990771174430847
E0_baseline,2,7,784,705,79,87,105,0.8390804597701149,0.8305851063829788,0.9138297872340426,0.8055555555555555,0.725,0.9361702127659575,0.052935488522052765,0.02298850566148758,0.42532414197921753,nan,nan,NA,NA,0.2646975517272949,0.0,none,none,0.0,20,5,4,36,513a510164e17f707c56364faab8ac18e09e92d52c2e3f633357ed178587da3e,4.735892616212368,nan,nan,nan,nan,nan,nan,nan,nan,nan,nan,nan,nan,0.07026386260986328,0.03448275849223137,0.32612717151641846,0.03358971327543259,0.028735632076859474,0.35204213857650757,0.09333397448062897,0.02298850566148758,0.7600513696670532,0.03166075795888901,0.01149425283074379,0.11956259608268738,0.05891856923699379,0.02298850566148758,0.5066853761672974,0.029846053570508957,0.017241379246115685,0.4874759316444397
E0_baseline,2,8,784,705,79,87,89,0.8505747126436781,0.8523936170212766,0.8888297872340426,0.8433734939759036,0.875,0.8297872340425532,0.03569604083895683,0.015325671061873436,0.37500131130218506,nan,nan,NA,NA,0.27208080887794495,0.0,none,none,0.0,20,5,4,36,f5768e86352919ec56daef6583c6054ddfd21302101d2730af6b18f4c64131bd,4.972945585846901,nan,nan,nan,nan,nan,nan,nan,nan,nan,nan,nan,nan,0.0038326680660247803,0.005747126415371895,0.3276752233505249,0.006848335266113281,0.01149425283074379,0.3646935224533081,0.08816368132829666,0.028735632076859474,0.6589633822441101,0.036259304732084274,0.02298850566148758,0.1072239875793457,0.04528212919831276,0.017241379246115685,0.3949493169784546,0.033790089190006256,0.005747126415371895,0.39650267362594604
E0_baseline,2,9,784,705,79,87,134,0.8620689655172413,0.8686170212765958,0.9430851063829788,0.8636363636363635,0.95,0.7872340425531915,0.07640186697244644,0.02298850566148758,0.39420267939567566,nan,nan,NA,NA,0.19228129088878632,0.0,none,none,0.0,20,5,4,36,a3c0c70665a03089f4fa1c545436d7ed5c4711ef072cb91dfbc77166f317d27d,6.185466978698969,nan,nan,nan,nan,nan,nan,nan,nan,nan,nan,nan,nan,0.036375150084495544,0.02298850566148758,0.28595128655433655,0.10826626420021057,0.03448275849223137,0.29425889253616333,0.1411849856376648,0.017241379246115685,0.7002049684524536,-0.028633981943130493,0.01149425283074379,0.11473673582077026,0.11608860641717911,0.02298850566148758,0.49023476243019104,0.08513021469116211,0.028735632076859474,0.47982916235923767
E0_baseline,2,10,784,705,79,87,93,0.9195402298850575,0.9125,0.9276595744680851,0.9041095890410958,0.825,1.0,0.04116601496934891,0.019157089293003082,0.3923960328102112,nan,nan,NA,NA,0.2479192465543747,0.0,none,none,0.0,20,5,4,36,e0a138bc0f257ca51d594da75ff7155ba8d41dea39e8c8ab6b0fd67f862a9261,4.875000849366188,nan,nan,nan,nan,nan,nan,nan,nan,nan,nan,nan,nan,0.030575931072235107,0.017241379246115685,0.3403736650943756,0.024852342903614044,0.017241379246115685,0.3669232428073883,0.1105574369430542,0.03448275849223137,0.6641125082969666,0.026502959430217743,0.005747126415371895,0.13397052884101868,0.05397417023777962,0.028735632076859474,0.427446186542511,0.0005333069711923599,0.01149425283074379,0.4215500056743622
E1_uniform_global,0,1,783,704,79,88,152,0.9090909090909091,0.9102231447846394,0.9652309289050338,0.9047619047619047,0.926829268292683,0.8936170212765957,0.4621736705303192,0.26231062412261963,0.10494288802146912,0.0,1.0000001192092896,PHENO_ANAT,"PHENO_Correlation,PHENO_FUNC,PHENO_ANAT",0.13736771047115326,0.3805270493030548,uniform,hybrid,0.5,20,5,4,36,972f662c922f3f02355d79787c586293ea503c3c0736d55ac815c57e920a5b22,24.184333477169275,nan,nan,nan,nan,nan,nan,1.0,1.0,1.0,1.0,1.0,1.0,0.537282407283783,0.35795456171035767,0.05825132131576538,0.5508148670196533,0.3125,0.07278907299041748,0.4091206192970276,0.20454546809196472,0.13919144868850708,0.4322035312652588,0.28977274894714355,0.09319889545440674,0.48348042368888855,0.27272728085517883,0.11773115396499634,0.3601401746273041,0.13636364042758942,0.1484954059123993
E1_uniform_global,0,2,784,705,79,87,126,0.8620689655172413,0.8616118769883351,0.9316012725344645,0.8536585365853658,0.8536585365853658,0.8695652173913043,0.4241899847984314,0.25,0.11686369776725769,0.0,1.0000001192092896,PHENO_ANAT,"PHENO_Correlation,PHENO_FUNC,PHENO_ANAT",0.15091292560100555,0.3986087441444397,uniform,hybrid,0.5,20,5,4,36,f003f98cc27a3e6828c561e38d9bbb4b7c818292ab964eac0d36dd96727e4d50,15.582822851836681,nan,nan,nan,nan,nan,nan,1.0,1.0,1.0,1.0,1.0,1.0,0.5419971942901611,0.4080459773540497,0.06209573149681091,0.5210325717926025,0.3333333432674408,0.081027090549469,0.4324837028980255,0.23563218116760254,0.15249088406562805,0.37006908655166626,0.25287356972694397,0.08504658937454224,0.3505561947822571,0.14367815852165222,0.15264004468917847,0.32900118827819824,0.12643678486347198,0.16788187623023987
E1_uniform_global,0,3,784,705,79,87,119,0.8620689655172413,0.8616118769883351,0.9284199363732768,0.8536585365853658,0.8536585365853658,0.8695652173913043,0.38881441950798035,0.22413794696331024,0.12016459554433823,0.0,1.0000001192092896,PHENO_ANAT,"PHENO_Correlation,PHENO_FUNC,PHENO_ANAT",0.12917719781398773,0.3987090289592743,uniform,hybrid,0.5,20,5,4,36,8979a74112f517dee08f45fbdf8772a1a8ede570d75b76c128f52d0b4ac072ab,15.293730452656746,nan,nan,nan,nan,nan,nan,1.0,1.0,1.0,1.0,1.0,1.0,0.5232528448104858,0.3563218414783478,0.06462821364402771,0.4921531677246094,0.3218390941619873,0.09524139761924744,0.3853785991668701,0.18965516984462738,0.15383929014205933,0.384944885969162,0.2298850566148758,0.08469927310943604,0.30026715993881226,0.14942528307437897,0.15496346354484558,0.2468898594379425,0.09770114719867706,0.16761574149131775
E1_uniform_global,0,4,784,705,79,87,133,0.9080459770114943,0.9037234042553192,0.9638297872340426,0.8947368421052632,0.85,0.9574468085106383,0.4070378839969635,0.23180076479911804,0.14174357056617737,0.0,1.0000001192092896,PHENO_ANAT,"PHENO_Correlation,PHENO_FUNC,PHENO_ANAT",0.1965877115726471,0.412759929895401,uniform,hybrid,0.5,20,5,4,36,9549f02031535027047776dac434feb5fa74b793c6cce5e33d9bc6f39deaaa9f,16.4549689181149,nan,nan,nan,nan,nan,nan,1.0,1.0,1.0,1.0,1.0,1.0,0.568334698677063,0.46551722288131714,0.05274856090545654,0.5098661184310913,0.31609195470809937,0.07558810710906982,0.35675689578056335,0.20114943385124207,0.19979289174079895,0.40154388546943665,0.17241379618644714,0.08192399144172668,0.324847549200058,0.13793103396892548,0.21410956978797913,0.28087788820266724,0.09770114719867706,0.22629854083061218
E1_uniform_global,0,5,784,705,79,87,123,0.8850574712643678,0.8768617021276596,0.9382978723404255,0.8611111111111113,0.775,0.9787234042553191,0.3797011971473694,0.2385057508945465,0.1300603598356247,0.0,1.0000001192092896,PHENO_ANAT,"PHENO_Correlation,PHENO_FUNC,PHENO_ANAT",0.14003317058086395,0.41524237394332886,uniform,hybrid,0.5,20,5,4,36,b92c8250915627f5ee62ede91bf80c4a32d2261d06aa80e60845df6155a1045e,15.675686612725258,nan,nan,nan,nan,nan,nan,1.0,1.0,1.0,1.0,1.0,1.0,0.4738001823425293,0.3563218414783478,0.07834184169769287,0.48732829093933105,0.33908045291900635,0.0939452052116394,0.42257159948349,0.25287356972694397,0.1511785089969635,0.2973688840866089,0.18390804529190063,0.095196932554245,0.2876858711242676,0.13793103396892548,0.18325695395469666,0.3094521462917328,0.16091954708099365,0.17844271659851074
E1_uniform_global,0,6,784,705,79,87,130,0.9195402298850575,0.9162234042553192,0.9473404255319149,0.9090909090909091,0.875,0.9574468085106383,0.468177855014801,0.32279694080352783,0.10363563150167465,0.0,1.0000001192092896,PHENO_ANAT,"PHENO_Correlation,PHENO_FUNC,PHENO_ANAT",0.20428067445755005,0.3796389698982239,uniform,hybrid,0.5,20,5,4,36,5cfbbf6ec0faf5cf1723b7c33c6fd766f8364f753fc36333259cc4aada3c4390,16.14297965541482,nan,nan,nan,nan,nan,nan,1.0,1.0,1.0,1.0,1.0,1.0,0.5747732520103455,0.4885057508945465,0.044483691453933716,0.5280463695526123,0.37931033968925476,0.07798111438751221,0.44529640674591064,0.2816091775894165,0.13393843173980713,0.47508907318115234,0.3563218414783478,0.08483830094337463,0.4638966917991638,0.3045977056026459,0.11862683296203613,0.32196497917175293,0.1264367699623108,0.1619451940059662
E1_uniform_global,0,7,784,705,79,87,89,0.9080459770114943,0.9111702127659574,0.9627659574468084,0.9047619047619048,0.95,0.8723404255319149,0.30640116333961487,0.1781609058380127,0.1769646406173706,0.0,1.0000001192092896,PHENO_ANAT,"PHENO_Correlation,PHENO_FUNC,PHENO_ANAT",0.2232593297958374,0.45689526200294495,uniform,hybrid,0.5,20,5,4,36,2546b0018f0222ddd68b1ec3f179956fd740ffcff9ec2a69e1601f4337cbec49,12.185164708644152,nan,nan,nan,nan,nan,nan,1.0,1.0,1.0,1.0,1.0,1.0,0.4307326078414917,0.2701149582862854,0.09608456492424011,0.496468186378479,0.2586206793785095,0.08493173122406006,0.2687457799911499,0.20114941895008087,0.2511608302593231,0.24350735545158386,0.13793103396892548,0.10062474012374878,0.17253363132476807,0.09770114719867706,0.2701805830001831,0.22641922533512115,0.10344827175140381,0.2588053345680237
E1_uniform_global,0,8,784,705,79,87,114,0.9425287356321839,0.9449468085106383,0.9925531914893617,0.9397590361445783,0.975,0.9148936170212766,0.3562750518321991,0.229885071516037,0.1469479203224182,0.0,1.0000001192092896,PHENO_ANAT,"PHENO_Correlation,PHENO_FUNC,PHENO_ANAT",0.17828816175460815,0.4222014844417572,uniform,hybrid,0.5,20,5,4,36,54e7c40772cc65327664f24b621cab0e2706987043049273f2f94ffac594b2c9,14.16327166557312,nan,nan,nan,nan,nan,nan,1.0,1.0,1.0,1.0,1.0,1.0,0.49487245082855225,0.4080459773540497,0.07432413101196289,0.5304380655288696,0.3735632300376892,0.07908675074577332,0.33829692006111145,0.1781609207391739,0.20079553127288818,0.31561651825904846,0.18965516984462738,0.08419287204742432,0.21666018664836884,0.09770114719867706,0.2260502576828003,0.24176616966724396,0.13218390941619873,0.21723797917366028
E1_uniform_global,0,9,784,705,79,87,88,0.7011494252873564,0.6917553191489361,0.6898936170212766,0.6388888888888888,0.575,0.8085106382978723,0.3061564266681671,0.19636015594005585,0.1260630339384079,0.0,1.0000001192092896,PHENO_ANAT,"PHENO_Correlation,PHENO_FUNC,PHENO_ANAT",0.14986246824264526,0.44076740741729736,uniform,hybrid,0.5,20,5,4,36,a2de616feb34163b8bfaf07f7f8c021f11b3a1d097a8fe0ba51769d8497c6116,12.996076576411724,nan,nan,nan,nan,nan,nan,1.0,1.0,1.0,1.0,1.0,1.0,0.3897295892238617,0.29885056614875793,0.0880579948425293,0.46520543098449707,0.28735631704330444,0.0819607675075531,0.32174554467201233,0.20689654350280762,0.14310219883918762,0.22183501720428467,0.14942529797554016,0.10148903727531433,0.18445512652397156,0.10919540375471115,0.1682523787021637,0.25396794080734253,0.12643678486347198,0.1735157072544098
E1_uniform_global,0,10,784,705,79,87,108,0.7126436781609196,0.7079787234042554,0.7319148936170212,0.6753246753246753,0.65,0.7659574468085106,0.31848761439323425,0.21743294596672058,0.1498241424560547,0.0,1.0000001192092896,PHENO_ANAT,"PHENO_Correlation,PHENO_FUNC,PHENO_ANAT",0.1682618409395218,0.45031750202178955,uniform,hybrid,0.5,20,5,4,36,c8bba363687655e5be05b1a6541eb5d8c1b13b43652b18f6129308bd60d66a3f,14.472420930862427,nan,nan,nan,nan,nan,nan,1.0,1.0,1.0,1.0,1.0,1.0,0.45832687616348267,0.31609195470809937,0.09807145595550537,0.4912967383861542,0.3045976758003235,0.10304901003837585,0.31365904211997986,0.24712644517421722,0.1820434033870697,0.254935085773468,0.19540229439735413,0.0929512083530426,0.17621280252933502,0.12643678486347198,0.2176719307899475,0.21649502217769623,0.1149425283074379,0.20515775680541992
E1_uniform_global,1,1,783,704,79,88,134,0.875,0.8705241307732227,0.9387649195640894,0.8571428571428571,0.8048780487804879,0.9361702127659575,0.35037854313850403,0.2083333432674408,0.14466504752635956,0.0,1.0000001192092896,PHENO_ANAT,"PHENO_Correlation,PHENO_FUNC,PHENO_ANAT",0.1485271006822586,0.414809912443161,uniform,hybrid,0.5,20,5,4,36,2920d1a2d1c5d32a82a360b076199906c5b1dcce2976f609794a649b4f24b965,22.316106714308262,nan,nan,nan,nan,nan,nan,1.0,1.0,1.0,1.0,1.0,1.0,0.4263554811477661,0.29545456171035767,0.07596534490585327,0.44025278091430664,0.25,0.10462725162506104,0.26822420954704285,0.14772728085517883,0.20387837290763855,0.37730473279953003,0.23295456171035767,0.10462185740470886,0.3420766294002533,0.1875,0.18340328335762024,0.24805742502212524,0.13636364042758942,0.1954941749572754
E1_uniform_global,1,2,784,705,79,87,160,0.9310344827586207,0.9294803817603394,0.9787910922587487,0.9249999999999999,0.9024390243902439,0.9565217391304348,0.4559764266014099,0.3170498013496399,0.12459166347980499,0.0,1.0000001192092896,PHENO_ANAT,"PHENO_Correlation,PHENO_FUNC,PHENO_ANAT",0.19038911163806915,0.39352157711982727,uniform,hybrid,0.5,20,5,4,36,d87e777eb4acacb566e3401489a14a386d3aabd27f8fc352f20d7f53ec110480,21.003300111740828,nan,nan,nan,nan,nan,nan,1.0,1.0,1.0,1.0,1.0,1.0,0.51060551404953,0.4885057210922241,0.04497653245925903,0.536525547504425,0.40229886770248413,0.07675439119338989,0.41007375717163086,0.2528735399246216,0.1730198860168457,0.49803051352500916,0.2931034564971924,0.08600705862045288,0.43583250045776367,0.29885056614875793,0.17322126030921936,0.3447906970977783,0.1666666567325592,0.19357094168663025
E1_uniform_global,1,3,784,705,79,87,97,0.8275862068965517,0.8210498409331919,0.8685047720042419,0.7945205479452054,0.7073170731707317,0.9347826086956522,0.33061420917510986,0.20114943385124207,0.13300222158432007,0.0,1.0000001192092896,PHENO_ANAT,"PHENO_Correlation,PHENO_FUNC,PHENO_ANAT",0.179386705160141,0.4310063421726227,uniform,hybrid,0.5,20,5,4,36,a39abe9c53b052d6f3f56b557b329f8023b72c008a3e9b97c8deba8d1d93732e,14.1562643609941,nan,nan,nan,nan,nan,nan,1.0,1.0,1.0,1.0,1.0,1.0,0.4521353244781494,0.3333333134651184,0.08987411856651306,0.505221426486969,0.2931034564971924,0.08567389845848083,0.3280465006828308,0.24712643027305603,0.1798769235610962,0.24041001498699188,0.10344827175140381,0.08722993731498718,0.2030314803123474,0.1264367699623108,0.17726168036460876,0.254840612411499,0.10344827175140381,0.178096741437912
E1_uniform_global,1,4,784,705,79,87,115,0.8390804597701149,0.8343085106382979,0.9191489361702128,0.8157894736842106,0.775,0.8936170212765957,0.35691067576408386,0.20977012813091278,0.1530580371618271,0.0,1.0000001192092896,PHENO_ANAT,"PHENO_Correlation,PHENO_FUNC,PHENO_ANAT",0.21167249977588654,0.44019508361816406,uniform,hybrid,0.5,20,5,4,36,b485be0551cbc95ccd356c83160655cba129d0a3a6a69a369bd06596b521245f,16.2233707010746,nan,nan,nan,nan,nan,nan,1.0,1.0,1.0,1.0,1.0,1.0,0.5732060670852661,0.3505747318267822,0.06259962916374207,0.5908002853393555,0.3563218414783478,0.060730546712875366,0.27787530422210693,0.19540229439735413,0.20441272854804993,0.3204423785209656,0.18390804529190063,0.08606067299842834,0.17993278801441193,0.09195402264595032,0.24665376543998718,0.1992073357105255,0.08045977354049683,0.2578910291194916
E1_uniform_global,1,5,784,705,79,87,130,0.7701149425287356,0.7816489361702128,0.8936170212765957,0.7872340425531915,0.925,0.6382978723404256,0.2952221632003784,0.1503831446170807,0.1775321215391159,0.0,1.0000001192092896,PHENO_ANAT,"PHENO_Correlation,PHENO_FUNC,PHENO_ANAT",0.4560331106185913,0.4685089588165283,uniform,hybrid,0.5,20,5,4,36,e2a03015f22672fbfe6b490e40234b1e7f587ead3b1c50554317d3fa2c6cac6f,17.950590774416924,nan,nan,nan,nan,nan,nan,1.0,1.0,1.0,1.0,1.0,1.0,0.4075402021408081,0.26436781883239746,0.08378133177757263,0.4699718654155731,0.18965516984462738,0.09931102395057678,0.20890796184539795,0.09770114719867706,0.2247031033039093,0.3277742564678192,0.14942529797554016,0.1208394467830658,0.19425025582313538,0.09770114719867706,0.26685190200805664,0.16288825869560242,0.10344827175140381,0.2697061002254486
E1_uniform_global,1,6,784,705,79,87,154,0.8160919540229885,0.8037234042553192,0.8659574468085106,0.7647058823529412,0.65,0.9574468085106383,0.3992927074432373,0.199233740568161,0.11657165735960007,0.0,1.0000001192092896,PHENO_ANAT,"PHENO_Correlation,PHENO_FUNC,PHENO_ANAT",0.19576002657413483,0.43246009945869446,uniform,hybrid,0.5,20,5,4,36,ae65aacaa3b22a903bdfa6ab00e808767c668437e4d548a41d620be1c9aa421c,19.414112519472837,nan,nan,nan,nan,nan,nan,1.0,1.0,1.0,1.0,1.0,1.0,0.45756039023399353,0.2586206793785095,0.05222484469413757,0.474365770816803,0.29885056614875793,0.06263497471809387,0.35412126779556274,0.1551724076271057,0.1763245165348053,0.3904944062232971,0.18965518474578857,0.06218942999839783,0.3538985252380371,0.13793103396892548,0.1774088442325592,0.3653160333633423,0.1551724076271057,0.16864719986915588
E1_uniform_global,1,7,784,705,79,87,99,0.8275862068965517,0.8255319148936171,0.9324468085106383,0.810126582278481,0.8,0.851063829787234,0.30818891525268555,0.17337165772914886,0.14688627421855927,0.0,1.0000001192092896,PHENO_ANAT,"PHENO_Correlation,PHENO_FUNC,PHENO_ANAT",0.1326885223388672,0.44048169255256653,uniform,hybrid,0.5,20,5,4,36,815265503b867ad67c643fea5c5dfbd1ab865ef2e2319f72987c75c5950a98c5,14.624444916844368,nan,nan,nan,nan,nan,nan,1.0,1.0,1.0,1.0,1.0,1.0,0.4066271185874939,0.21264368295669556,0.10151848196983337,0.4486989974975586,0.24137932062149048,0.09227588772773743,0.33110496401786804,0.1781609207391739,0.19599094986915588,0.22095713019371033,0.14942529797554016,0.09292322397232056,0.1874779313802719,0.09770114719867706,0.2074071168899536,0.2542673349380493,0.16091954708099365,0.19120213389396667
E1_uniform_global,1,8,784,705,79,87,122,0.8275862068965517,0.8236702127659574,0.8893617021276595,0.8051948051948051,0.775,0.8723404255319149,0.3043404221534729,0.1867816150188446,0.17480884492397308,0.0,1.0000001192092896,PHENO_ANAT,"PHENO_Correlation,PHENO_FUNC,PHENO_ANAT",0.3397916555404663,0.47388023138046265,uniform,hybrid,0.5,20,5,4,36,8a717934c7cf6ca8e3eec31d50c84541b5e893560d90247c66bac6c72122f49e,17.347298216074705,nan,nan,nan,nan,nan,nan,1.0,1.0,1.0,1.0,1.0,1.0,0.4185013175010681,0.3103448152542114,0.07375067472457886,0.4236103594303131,0.2701149582862854,0.10310834646224976,0.2206316590309143,0.10344827175140381,0.29602763056755066,0.3244278132915497,0.19540229439735413,0.09253698587417603,0.2194097936153412,0.1149425283074379,0.24313566088676453,0.21946144104003906,0.1264367699623108,0.24029389023780823
E1_uniform_global,1,9,784,705,79,87,78,0.8160919540229885,0.8055851063829788,0.8132978723404256,0.7714285714285714,0.675,0.9361702127659575,0.2688842713832855,0.1829501837491989,0.1353592872619629,0.0,1.0000001192092896,PHENO_ANAT,"PHENO_Correlation,PHENO_FUNC,PHENO_ANAT",0.26006537675857544,0.4571989178657532,uniform,hybrid,0.5,20,5,4,36,942a80462f98f4d3fce30586297cf4f23cc81e179440c5f9deff9cdec55920d7,11.941012255847454,nan,nan,nan,nan,nan,nan,1.0,1.0,1.0,1.0,1.0,1.0,0.31850287318229675,0.16091954708099365,0.10053572058677673,0.40144503116607666,0.23563218116760254,0.10178717970848083,0.2553941607475281,0.19540229439735413,0.17944392561912537,0.20004883408546448,0.13793103396892548,0.09000876545906067,0.19245825707912445,0.16091954708099365,0.16764068603515625,0.24545657634735107,0.20689654350280762,0.17273923754692078
E1_uniform_global,1,10,784,705,79,87,147,0.8735632183908046,0.8736702127659575,0.9037234042553192,0.8641975308641976,0.875,0.8723404255319149,0.4733148217201233,0.31226056814193726,0.11107218265533447,0.0,1.0000001192092896,PHENO_ANAT,"PHENO_Correlation,PHENO_FUNC,PHENO_ANAT",0.1344340294599533,0.3727831542491913,uniform,hybrid,0.5,20,5,4,36,7b41f8ad7fcd078fb431f5a63fceae479f9e83add43115f2b2ef617b3b7b76f8,19.150991167873144,nan,nan,nan,nan,nan,nan,1.0,1.0,1.0,1.0,1.0,1.0,0.5541437268257141,0.4597701132297516,0.050669312477111816,0.5391058921813965,0.32758620381355286,0.09317478537559509,0.42087361216545105,0.2816092073917389,0.15194305777549744,0.5079379677772522,0.3563218414783478,0.09368240833282471,0.4808866083621979,0.29885056614875793,0.12121033668518066,0.33694082498550415,0.14942529797554016,0.1557530164718628
E1_uniform_global,2,1,783,704,79,88,99,0.7954545454545454,0.7960560456668397,0.866632070576025,0.7857142857142858,0.8048780487804879,0.7872340425531915,0.3453768789768219,0.20075759291648865,0.1297137439250946,0.0,1.0000001192092896,PHENO_ANAT,"PHENO_Correlation,PHENO_FUNC,PHENO_ANAT",0.16749410331249237,0.4286305010318756,uniform,hybrid,0.5,20,5,4,36,3482fd1c35313837f9b4cdf339fe1875d374253e510d1b51c5562b21b7b7d154,18.459932189434767,nan,nan,nan,nan,nan,nan,1.0,1.0,1.0,1.0,1.0,1.0,0.4592016935348511,0.28409093618392944,0.08760666847229004,0.5041096210479736,0.2556818127632141,0.08852443099021912,0.37392956018447876,0.2670454680919647,0.17518401145935059,0.23904184997081757,0.13636364042758942,0.08600831031799316,0.20508582890033722,0.15340909361839294,0.1714971661567688,0.2908928394317627,0.10795454680919647,0.16946202516555786
E1_uniform_global,2,2,784,705,79,87,115,0.9080459770114943,0.9077412513255567,0.9628844114528102,0.9024390243902439,0.9024390243902439,0.9130434782608695,0.3640793263912201,0.2145593762397766,0.12976586818695068,0.0,1.0000001192092896,PHENO_ANAT,"PHENO_Correlation,PHENO_FUNC,PHENO_ANAT",0.1707664430141449,0.4234558641910553,uniform,hybrid,0.5,20,5,4,36,86d25602768399e0a820f0f811f53a43edbccdf5b854970f742fb0148c040a1f,16.127955481410027,nan,nan,nan,nan,nan,nan,1.0,1.0,1.0,1.0,1.0,1.0,0.5022530555725098,0.31609195470809937,0.08071404695510864,0.5011987686157227,0.33908045291900635,0.07952803373336792,0.3801107108592987,0.2183907926082611,0.15841826796531677,0.28574833273887634,0.20689654350280762,0.0833357572555542,0.25629153847694397,0.10344827175140381,0.19027096033096313,0.2588735818862915,0.10344827175140381,0.18632790446281433
E1_uniform_global,2,3,784,705,79,87,110,0.8160919540229885,0.8101802757158005,0.928950159066808,0.7837837837837839,0.7073170731707317,0.9130434782608695,0.3658124506473541,0.22701148688793182,0.13611850142478943,0.0,1.0000001192092896,PHENO_ANAT,"PHENO_Correlation,PHENO_FUNC,PHENO_ANAT",0.14904025197029114,0.41885608434677124,uniform,hybrid,0.5,20,5,4,36,2c2e7daeef8e34639d26c23063b040907966241b25debe7d461a57555717c118,15.725710395723581,nan,nan,nan,nan,nan,nan,1.0,1.0,1.0,1.0,1.0,1.0,0.4937922954559326,0.33908045291900635,0.09471932053565979,0.5154706239700317,0.3448275923728943,0.09389221668243408,0.4126931428909302,0.2183907926082611,0.1695878505706787,0.2781628370285034,0.20114943385124207,0.08402764797210693,0.21568827331066132,0.09195402264595032,0.1893007755279541,0.2790674567222595,0.1666666567325592,0.18518328666687012
E1_uniform_global,2,4,784,705,79,87,91,0.8160919540229885,0.8148936170212766,0.8808510638297873,0.8000000000000002,0.8,0.8297872340425532,0.2833687663078308,0.19540230929851532,0.218509241938591,0.0,1.0000001192092896,PHENO_ANAT,"PHENO_Correlation,PHENO_FUNC,PHENO_ANAT",0.31018051505088806,0.49559155106544495,uniform,hybrid,0.5,20,5,4,36,320be97d97002b36843b5e50592ea8c23f65cda0282fda50516b2fb7e94a9368,13.534464430063963,nan,nan,nan,nan,nan,nan,1.0,1.0,1.0,1.0,1.0,1.0,0.4872671067714691,0.31609195470809937,0.07387834787368774,0.5391932725906372,0.3333333134651184,0.07456186413764954,0.1856246292591095,0.18390804529190063,0.32883650064468384,0.24428392946720123,0.1551724076271057,0.09305188059806824,0.0984533280134201,0.09770114719867706,0.3654930591583252,0.1453903317451477,0.08620689809322357,0.3752337396144867
E1_uniform_global,2,5,784,705,79,87,69,0.8505747126436781,0.8393617021276596,0.8861702127659574,0.8115942028985508,0.7,0.9787234042553191,0.2805752754211426,0.15325671434402466,0.15367183089256287,0.0,1.0000001192092896,PHENO_ANAT,"PHENO_Correlation,PHENO_FUNC,PHENO_ANAT",0.29377779364585876,0.46113818883895874,uniform,hybrid,0.5,20,5,4,36,91de6c45307f97e22e3ef863f49ae5f8fff57887133da9b7525311e05d713bc0,11.113792199641466,nan,nan,nan,nan,nan,nan,1.0,1.0,1.0,1.0,1.0,1.0,0.3485211133956909,0.22413793206214905,0.11168783903121948,0.3716470003128052,0.18390804529190063,0.09566402435302734,0.25280052423477173,0.1551724076271057,0.19879797101020813,0.2344040721654892,0.10344827175140381,0.10164201259613037,0.2192458063364029,0.08045976608991623,0.21432361006736755,0.2568329870700836,0.17241379618644714,0.1999153196811676
E1_uniform_global,2,6,784,705,79,87,123,0.8275862068965517,0.8218085106382979,0.9079787234042552,0.7999999999999999,0.75,0.8936170212765957,0.3294762372970581,0.21647509932518005,0.14424453675746918,0.0,1.0000001192092896,PHENO_ANAT,"PHENO_Correlation,PHENO_FUNC,PHENO_ANAT",0.21526627242565155,0.42737308144569397,uniform,hybrid,0.5,20,5,4,36,8f20a89b70c47182365eb5a759f595d3fc9899f41a8636ad9f33aceea655e915,16.97473220899701,nan,nan,nan,nan,nan,nan,1.0,1.0,1.0,1.0,1.0,1.0,0.43101242184638977,0.3505747318267822,0.07344052195549011,0.4423637390136719,0.27586206793785095,0.09099563956260681,0.30599984526634216,0.19540229439735413,0.19651922583580017,0.3067900240421295,0.22413793206214905,0.09390753507614136,0.2706516981124878,0.14942528307437897,0.1951460838317871,0.2200397551059723,0.10344827175140381,0.215458482503891
E1_uniform_global,2,7,784,705,79,87,99,0.8390804597701149,0.8287234042553191,0.9095744680851064,0.8,0.7,0.9574468085106383,0.31801843643188477,0.22318008542060852,0.14789524674415588,0.0,1.0000001192092896,PHENO_ANAT,"PHENO_Correlation,PHENO_FUNC,PHENO_ANAT",0.34702610969543457,0.4338705539703369,uniform,hybrid,0.5,20,5,4,36,513a510164e17f707c56364faab8ac18e09e92d52c2e3f633357ed178587da3e,14.312997739762068,nan,nan,nan,nan,nan,nan,1.0,1.0,1.0,1.0,1.0,1.0,0.45881685614585876,0.3505747318267822,0.08365201950073242,0.554543673992157,0.36781609058380127,0.0850997269153595,0.24095317721366882,0.2528735399246216,0.20024633407592773,0.2774801254272461,0.14942528307437897,0.09393209218978882,0.17087037861347198,0.10919539630413055,0.21005138754844666,0.2054462432861328,0.10919540375471115,0.21438977122306824
E1_uniform_global,2,8,784,705,79,87,99,0.8390804597701149,0.8417553191489362,0.8781914893617021,0.8333333333333334,0.875,0.8085106382978723,0.34853288531303406,0.1944444626569748,0.14252112805843353,0.0,1.0000001192092896,PHENO_ANAT,"PHENO_Correlation,PHENO_FUNC,PHENO_ANAT",0.1732882410287857,0.42804908752441406,uniform,hybrid,0.5,20,5,4,36,f5768e86352919ec56daef6583c6054ddfd21302101d2730af6b18f4c64131bd,14.63462783768773,nan,nan,nan,nan,nan,nan,1.0,1.0,1.0,1.0,1.0,1.0,0.49010878801345825,0.2988505959510803,0.0855800211429596,0.5071442723274231,0.2816092073917389,0.09360241889953613,0.3829427659511566,0.2298850566148758,0.18159174919128418,0.2565619647502899,0.1149425283074379,0.08946213126182556,0.21583212912082672,0.10919540375471115,0.20453977584838867,0.23860742151737213,0.13218390941619873,0.20035067200660706
E1_uniform_global,2,9,784,705,79,87,121,0.8620689655172413,0.8667553191489361,0.9462765957446808,0.8604651162790697,0.925,0.8085106382978723,0.3674503266811371,0.23180076479911804,0.13151217997074127,0.0,1.0000001192092896,PHENO_ANAT,"PHENO_Correlation,PHENO_FUNC,PHENO_ANAT",0.1658201515674591,0.40732890367507935,uniform,hybrid,0.5,20,5,4,36,a3c0c70665a03089f4fa1c545436d7ed5c4711ef072cb91dfbc77166f317d27d,17.356247257441282,nan,nan,nan,nan,nan,nan,1.0,1.0,1.0,1.0,1.0,1.0,0.4826269745826721,0.33908045291900635,0.07970988750457764,0.5303120613098145,0.32758620381355286,0.08316028118133545,0.42377761006355286,0.22413793206214905,0.1595083773136139,0.3068198561668396,0.24712643027305603,0.0835464596748352,0.21367891132831573,0.09195402264595032,0.18582865595817566,0.24748657643795013,0.16091954708099365,0.19731944799423218
E1_uniform_global,2,10,784,705,79,87,123,0.896551724137931,0.8968085106382979,0.9675531914893617,0.888888888888889,0.9,0.8936170212765957,0.387068510055542,0.21934866905212402,0.13605409860610962,0.0,1.0000001192092896,PHENO_ANAT,"PHENO_Correlation,PHENO_FUNC,PHENO_ANAT",0.16728098690509796,0.39797377586364746,uniform,hybrid,0.5,20,5,4,36,e0a138bc0f257ca51d594da75ff7155ba8d41dea39e8c8ab6b0fd67f862a9261,17.02173099666834,nan,nan,nan,nan,nan,nan,1.0,1.0,1.0,1.0,1.0,1.0,0.48794177174568176,0.37931036949157715,0.08039069175720215,0.5236632227897644,0.26436781883239746,0.09550291299819946,0.40197667479515076,0.23563218116760254,0.15893226861953735,0.3468300998210907,0.1666666716337204,0.10614147782325745,0.2808257043361664,0.16091954708099365,0.18617016077041626,0.28117361664772034,0.10919539630413055,0.18918749690055847
E2_diagnosis_adaptive,0,1,783,704,79,88,133,0.8636363636363636,0.8692267773741567,0.9558899844317592,0.8666666666666666,0.9512195121951219,0.7872340425531915,0.4600261449813843,0.29545456171035767,0.11333630979061127,0.01947878673672676,0.9998941421508789,PHENO_ANAT,"PHENO_ANAT,ANAT_FUNC,PHENO_FUNC",0.13890846073627472,0.3719087541103363,adaptive,hybrid,0.5,20,5,4,36,972f662c922f3f02355d79787c586293ea503c3c0736d55ac815c57e920a5b22,26.35316302627325,-0.020698517560958862,-0.024399057030677795,-0.07674458622932434,-0.00447460263967514,-0.0752447098493576,-0.06907318532466888,1.021964192390442,1.014114260673523,0.9799900650978088,1.0217828750610352,0.9824248552322388,0.9797238111495972,0.590534508228302,0.5,0.05841293931007385,0.5226269364356995,0.32954543828964233,0.08402523398399353,0.43541833758354187,0.23295454680919647,0.14687606692314148,0.4790290594100952,0.34659093618392944,0.0847918689250946,0.4475949704647064,0.2443181872367859,0.12821456789970398,0.28495320677757263,0.11931818723678589,0.177697092294693
E2_diagnosis_adaptive,0,2,784,705,79,87,105,0.8850574712643678,0.8806998939554613,0.88016967126193,0.868421052631579,0.8048780487804879,0.9565217391304348,0.34041348099708557,0.2107279747724533,0.14296269416809082,0.014049121178686619,0.9999449253082275,ANAT_FUNC,"ANAT_FUNC,PHENO_FUNC,PHENO_ANAT",0.1695450246334076,0.43519076704978943,adaptive,hybrid,0.5,20,5,4,36,f003f98cc27a3e6828c561e38d9bbb4b7c818292ab964eac0d36dd96727e4d50,18.21569785475731,-0.014212558045983315,-0.02595883421599865,-0.06700141727924347,-0.007969627156853676,-0.06893007457256317,-0.07382947206497192,1.0123553276062012,1.013335108757019,0.9909330606460571,1.0157263278961182,0.9845317006111145,0.9831182956695557,0.4803997278213501,0.2988505959510803,0.0866287350654602,0.4995065927505493,0.27586206793785095,0.09026488661766052,0.35040536522865295,0.2701149582862854,0.1903378665447235,0.2560127079486847,0.19540229439735413,0.09127616882324219,0.2053977996110916,0.10344827175140381,0.19555029273033142,0.2507586181163788,0.12068965286016464,0.20371827483177185
E2_diagnosis_adaptive,0,3,784,705,79,87,116,0.8390804597701149,0.8358960763520679,0.9241781548250265,0.8205128205128206,0.7804878048780488,0.8913043478260869,0.3316652774810791,0.199233740568161,0.16204334795475006,0.017554515972733498,0.9999140501022339,ANAT_FUNC,"ANAT_FUNC,PHENO_ANAT,PHENO_FUNC",0.18324539065361023,0.4294639527797699,adaptive,hybrid,0.5,20,5,4,36,8979a74112f517dee08f45fbdf8772a1a8ede570d75b76c128f52d0b4ac072ab,19.087856736034155,-0.01469425018876791,-0.035280611366033554,-0.08224485069513321,-0.0035752614494413137,-0.0846119150519371,-0.08641159534454346,1.0189093351364136,1.0121666193008423,0.9827244877815247,1.020972490310669,0.983120322227478,0.9821068644523621,0.475089430809021,0.27586206793785095,0.08550223708152771,0.479248583316803,0.2988505959510803,0.0966639518737793,0.2777731418609619,0.19540229439735413,0.24585607647895813,0.3424004912376404,0.20114943385124207,0.08430230617523193,0.22028391063213348,0.12068965286016464,0.2304614782333374,0.19519610702991486,0.1034482792019844,0.22947409749031067
E2_diagnosis_adaptive,0,4,784,705,79,87,136,0.9195402298850575,0.9180851063829787,0.9819148936170212,0.9113924050632911,0.9,0.9361702127659575,0.38319143652915955,0.2183908075094223,0.1455426812171936,0.018571151420474052,0.9999037384986877,PHENO_ANAT,"PHENO_ANAT,ANAT_FUNC,PHENO_FUNC",0.19660362601280212,0.4163106679916382,adaptive,hybrid,0.5,20,5,4,36,9549f02031535027047776dac434feb5fa74b793c6cce5e33d9bc6f39deaaa9f,21.142549879848957,0.00591705460101366,-0.0027843359857797623,-0.08257797360420227,0.008232925087213516,-0.05836895853281021,-0.05925320088863373,1.0219992399215698,1.0142078399658203,0.9808027148246765,1.0190702676773071,0.981515645980835,0.9824041128158569,0.4723173975944519,0.36781609058380127,0.06977060437202454,0.4448857307434082,0.24137932062149048,0.12107598781585693,0.2978706955909729,0.18965518474578857,0.21820533275604248,0.42474165558815,0.2183907926082611,0.09888681769371033,0.3575606942176819,0.18965516984462738,0.16935494542121887,0.30177217721939087,0.10344827175140381,0.19596245884895325
E2_diagnosis_adaptive,0,5,784,705,79,87,177,0.9080459770114943,0.9018617021276596,0.9425531914893617,0.8918918918918919,0.825,0.9787234042553191,0.4664453864097595,0.26436781883239746,0.09001424163579941,0.02464478090405464,0.9998305439949036,ANAT_FUNC,"ANAT_FUNC,PHENO_ANAT,PHENO_FUNC",0.12611256539821625,0.3872877359390259,adaptive,hybrid,0.5,20,5,4,36,b92c8250915627f5ee62ede91bf80c4a32d2261d06aa80e60845df6155a1045e,26.223105985671282,0.0063866800628602505,0.0034679751843214035,-0.04972905293107033,0.016978975385427475,-0.0633331686258316,-0.06032867357134819,1.026134967803955,1.0193966627120972,0.9784267544746399,1.0278650522232056,0.9737540483474731,0.9744225144386292,0.5129516124725342,0.3448275923728943,0.04748082160949707,0.5440670251846313,0.41379308700561523,0.05018642544746399,0.47369909286499023,0.20114943385124207,0.11293920874595642,0.4063284993171692,0.22413793206214905,0.06596869230270386,0.4168205261230469,0.14942528307437897,0.1352284848690033,0.4448052644729614,0.25287356972694397,0.12828192114830017
E2_diagnosis_adaptive,0,6,784,705,79,87,132,0.9310344827586207,0.9305851063829788,0.9686170212765958,0.925,0.925,0.9361702127659575,0.3206788897514343,0.15325671434402466,0.19505546987056732,0.01924554631114006,0.9998967051506042,PHENO_ANAT,"PHENO_ANAT,ANAT_FUNC,PHENO_FUNC",0.3998121917247772,0.470770001411438,adaptive,hybrid,0.5,20,5,4,36,5cfbbf6ec0faf5cf1723b7c33c6fd766f8364f753fc36333259cc4aada3c4390,20.687858622521162,0.018135100603103638,-0.014985678717494011,-0.05994958430528641,0.0010806303471326828,-0.05810323357582092,-0.0939616933465004,1.0249849557876587,1.012698769569397,0.9840383529663086,1.0187509059906006,0.9821537733078003,0.9773730039596558,0.4443267285823822,0.22413793206214905,0.09380844235420227,0.44101935625076294,0.25287356972694397,0.11664456129074097,0.195651113986969,0.08620689809322357,0.346251904964447,0.3644642233848572,0.12068966031074524,0.09388276934623718,0.2321447730064392,0.13793103396892548,0.2620152235031128,0.2464669942855835,0.09770114719867706,0.2577298581600189
E2_diagnosis_adaptive,0,7,784,705,79,87,114,0.9195402298850575,0.9218085106382978,0.9702127659574469,0.9156626506024096,0.95,0.8936170212765957,0.2807300090789795,0.1829501986503601,0.21035705506801605,0.01989063248038292,0.9998895525932312,PHENO_ANAT,"PHENO_ANAT,PHENO_FUNC,ANAT_FUNC",0.22037072479724884,0.4692094326019287,adaptive,hybrid,0.5,20,5,4,36,2546b0018f0222ddd68b1ec3f179956fd740ffcff9ec2a69e1601f4337cbec49,19.439662400633097,0.004985237028449774,-0.005182334221899509,-0.07774947583675385,-0.004226940684020519,-0.0751265436410904,-0.07441870123147964,1.0211563110351562,1.0202149152755737,0.9800863265991211,1.0182342529296875,0.9807999730110168,0.9795083403587341,0.39672648906707764,0.3103448152542114,0.11811020970344543,0.41585442423820496,0.2586206793785095,0.13459047675132751,0.20020774006843567,0.1781609207391739,0.34940746426582336,0.2944200336933136,0.12643678486347198,0.09197273850440979,0.17500244081020355,0.12068966031074524,0.28636792302131653,0.2021690309047699,0.10344827175140381,0.28169336915016174
E2_diagnosis_adaptive,0,8,784,705,79,87,127,0.9425287356321839,0.9468085106382979,0.9936170212765958,0.9411764705882353,1.0,0.8936170212765957,0.41763609647750854,0.2931034564971924,0.14571717381477356,0.020030267536640167,0.999888002872467,PHENO_ANAT,"PHENO_ANAT,ANAT_FUNC,PHENO_FUNC",0.17031140625476837,0.39912399649620056,adaptive,hybrid,0.5,20,5,4,36,54e7c40772cc65327664f24b621cab0e2706987043049273f2f94ffac594b2c9,20.50549816340208,-0.0019469843246042728,-0.02044667676091194,-0.07920311391353607,0.0009468684438616037,-0.08513016253709793,-0.0874064564704895,1.023195743560791,1.0131440162658691,0.9831286668777466,1.0226572751998901,0.9813008904457092,0.9765732884407043,0.5183792114257812,0.5114942789077759,0.053227007389068604,0.5237224102020264,0.33908045291900635,0.08494791388511658,0.34329840540885925,0.18965516984462738,0.22707831859588623,0.4787709712982178,0.3965517282485962,0.09448230266571045,0.36919134855270386,0.1666666567325592,0.20620140433311462,0.27245405316352844,0.1551724076271057,0.20836612582206726
E2_diagnosis_adaptive,0,9,784,705,79,87,115,0.632183908045977,0.6223404255319149,0.6601063829787234,0.5555555555555556,0.5,0.7446808510638298,0.38023871183395386,0.22030651569366455,0.1150975227355957,0.01844421960413456,0.9999050498008728,ANAT_FUNC,"ANAT_FUNC,PHENO_ANAT,PHENO_FUNC",0.08210450410842896,0.41822394728660583,adaptive,hybrid,0.5,20,5,4,36,a2de616feb34163b8bfaf07f7f8c021f11b3a1d097a8fe0ba51769d8497c6116,20.12872649729252,-0.018924042582511902,-0.023752182722091675,-0.08213920891284943,0.006921219639480114,-0.0779019147157669,-0.0863422304391861,1.015925645828247,1.0135672092437744,0.982581377029419,1.0246610641479492,0.9845567941665649,0.978707492351532,0.4738190174102783,0.3563218414783478,0.08693298697471619,0.49057537317276,0.32758620381355286,0.08915257453918457,0.474814236164093,0.24712644517421722,0.13527536392211914,0.28856655955314636,0.20689654350280762,0.08683443069458008,0.2678064703941345,0.06321839243173599,0.151678204536438,0.2858503758907318,0.12068965286016464,0.14071139693260193
E2_diagnosis_adaptive,0,10,784,705,79,87,122,0.7011494252873564,0.701063829787234,0.7047872340425532,0.6829268292682926,0.7,0.7021276595744681,0.42418166995048523,0.2461685836315155,0.09691517055034637,0.016624776646494865,0.9999229311943054,ANAT_FUNC,"ANAT_FUNC,PHENO_ANAT,PHENO_FUNC",0.09963985532522202,0.40012693405151367,adaptive,hybrid,0.5,20,5,4,36,c8bba363687655e5be05b1a6541eb5d8c1b13b43652b18f6129308bd60d66a3f,20.069520570337772,-0.00611167261376977,-0.019695419818162918,-0.05328856408596039,0.002591313561424613,-0.047634974122047424,-0.05467831715941429,1.0158209800720215,1.009952425956726,0.9853647947311401,1.0227761268615723,0.9837141036987305,0.9823712706565857,0.5277336835861206,0.36781609058380127,0.07326048612594604,0.5304639339447021,0.3333333134651184,0.07847294211387634,0.5205888748168945,0.28735631704330444,0.10146304965019226,0.3245510160923004,0.23563218116760254,0.07958567142486572,0.31904640793800354,0.10919540375471115,0.12598007917404175,0.3227059543132782,0.14367815852165222,0.12272882461547852
E2_diagnosis_adaptive,1,1,783,704,79,88,128,0.8863636363636364,0.8842760768033212,0.9595225739491436,0.875,0.8536585365853658,0.9148936170212766,0.41528749465942383,0.25757575035095215,0.1227560043334961,0.017515474930405617,0.9999144673347473,ANAT_FUNC,"ANAT_FUNC,PHENO_ANAT,PHENO_FUNC",0.10368417203426361,0.382002592086792,adaptive,hybrid,0.5,20,5,4,36,2920d1a2d1c5d32a82a360b076199906c5b1dcce2976f609794a649b4f24b965,23.87646698206663,-0.01109221950173378,-0.032301824539899826,-0.08630716055631638,-0.005967995617538691,-0.08630628883838654,-0.07895850390195847,1.0196852684020996,1.0114339590072632,0.9828265905380249,1.0206853151321411,0.9825629591941833,0.982805609703064,0.5418463945388794,0.3863636255264282,0.05754578113555908,0.5102217197418213,0.35795456171035767,0.09970337152481079,0.40048179030418396,0.1931818276643753,0.15109336376190186,0.4298364520072937,0.3238636255264282,0.09638828039169312,0.3742913603782654,0.17613637447357178,0.14490491151809692,0.23504719138145447,0.10795454680919647,0.1869003176689148
E2_diagnosis_adaptive,1,2,784,705,79,87,86,0.9425287356321839,0.941675503711559,0.9628844114528102,0.9382716049382716,0.926829268292683,0.9565217391304348,0.28283458948135376,0.18965516984462738,0.17448624968528748,0.017180180177092552,0.9999175667762756,ANAT_FUNC,"ANAT_FUNC,PHENO_ANAT,PHENO_FUNC",0.19242890179157257,0.4487551152706146,adaptive,hybrid,0.5,20,5,4,36,d87e777eb4acacb566e3401489a14a386d3aabd27f8fc352f20d7f53ec110480,15.632234413176775,-0.0273125022649765,-0.016254156827926636,-0.08244455605745316,-0.006065246649086475,-0.0812617689371109,-0.07314993441104889,1.0169283151626587,1.016264796257019,0.9801043272018433,1.0180553197860718,0.9825208187103271,0.9861260652542114,0.37532660365104675,0.23563218116760254,0.11626407504081726,0.42820465564727783,0.25287356972694397,0.10377433896064758,0.25739699602127075,0.20689654350280762,0.25125420093536377,0.21806222200393677,0.14367815852165222,0.10531646013259888,0.18496590852737427,0.16091954708099365,0.24404573440551758,0.23305095732212067,0.13793103396892548,0.226262629032135
E2_diagnosis_adaptive,1,3,784,705,79,87,68,0.7586206896551724,0.7531813361611877,0.8096500530222693,0.72,0.6585365853658537,0.8478260869565217,0.2633223235607147,0.138888880610466,0.1355641782283783,0.01282383594661951,0.9999541640281677,ANAT_FUNC,"ANAT_FUNC,PHENO_ANAT,PHENO_FUNC",0.4044996201992035,0.46005719900131226,adaptive,hybrid,0.5,20,5,4,36,a39abe9c53b052d6f3f56b557b329f8023b72c008a3e9b97c8deba8d1d93732e,13.524367105215788,-0.0169655941426754,-0.03220590576529503,-0.10279370099306107,-0.010817350819706917,-0.09352757036685944,-0.10275942087173462,1.0133177042007446,1.0103025436401367,0.986160159111023,1.0145819187164307,0.9888843894004822,0.9867534637451172,0.32275640964508057,0.1666666567325592,0.09573090076446533,0.3868236839771271,0.14942529797554016,0.0867408812046051,0.2401048243045807,0.20689654350280762,0.16105151176452637,0.19648396968841553,0.09195402264595032,0.08985581994056702,0.18700143694877625,0.10344827175140381,0.19510450959205627,0.24676358699798584,0.1149425283074379,0.18490135669708252
E2_diagnosis_adaptive,1,4,784,705,79,87,96,0.8275862068965517,0.8162234042553191,0.8553191489361701,0.7826086956521738,0.675,0.9574468085106383,0.3241232633590698,0.20881226658821106,0.15156875550746918,0.016838273033499718,0.9999209046363831,ANAT_FUNC,"ANAT_FUNC,PHENO_ANAT,PHENO_FUNC",0.1886826753616333,0.4433917999267578,adaptive,hybrid,0.5,20,5,4,36,b485be0551cbc95ccd356c83160655cba129d0a3a6a69a369bd06596b521245f,16.13826848566532,-0.010972367599606514,-0.019021853804588318,-0.07076645642518997,-0.006235704757273197,-0.07209710031747818,-0.06367522478103638,1.0171456336975098,1.0147759914398193,0.9828498363494873,1.0179754495620728,0.9794172644615173,0.9878357648849487,0.4718708395957947,0.35057470202445984,0.09392118453979492,0.5027418732643127,0.27586206793785095,0.09109488129615784,0.31330394744873047,0.20114941895008087,0.19769909977912903,0.2380133867263794,0.16091954708099365,0.09354877471923828,0.182461217045784,0.08045977354049683,0.22078099846839905,0.23634827136993408,0.18390804529190063,0.2123674750328064
E2_diagnosis_adaptive,1,5,784,705,79,87,114,0.8505747126436781,0.8542553191489362,0.9393617021276597,0.8470588235294118,0.9,0.8085106382978723,0.35513144731521606,0.22413793206214905,0.12954246997833252,0.013988749124109745,0.9999454617500305,ANAT_FUNC,"ANAT_FUNC,PHENO_ANAT,PHENO_FUNC",0.19914038479328156,0.41673097014427185,adaptive,hybrid,0.5,20,5,4,36,e2a03015f22672fbfe6b490e40234b1e7f587ead3b1c50554317d3fa2c6cac6f,18.37622043862939,-0.03182173892855644,-0.036139242351055145,-0.0673154965043068,-0.007817022502422333,-0.0640116035938263,-0.07224199175834656,1.0116791725158691,1.009902000427246,0.9901432991027832,1.0191134214401245,0.985501766204834,0.9836604595184326,0.5005494356155396,0.32758620381355286,0.08549004793167114,0.5176517367362976,0.36206895112991333,0.08465731143951416,0.3596874177455902,0.24712643027305603,0.15503904223442078,0.28135600686073303,0.18390804529190063,0.09428799152374268,0.22761425375938416,0.10919539630413055,0.17757493257522583,0.24392974376678467,0.1149425283074379,0.18020537495613098
E2_diagnosis_adaptive,1,6,784,705,79,87,154,0.8735632183908046,0.8662234042553192,0.8627659574468086,0.8493150684931509,0.775,0.9574468085106383,0.4093853235244751,0.21743296086788177,0.11072200536727905,0.02713216096162796,0.9997945427894592,PHENO_ANAT,"PHENO_ANAT,ANAT_FUNC,PHENO_FUNC",0.1543290764093399,0.4161968231201172,adaptive,hybrid,0.5,20,5,4,36,ae65aacaa3b22a903bdfa6ab00e808767c668437e4d548a41d620be1c9aa421c,22.792831782251596,0.009339084848761559,-0.00019163964316248894,-0.09163771569728851,0.02159508317708969,-0.0855289027094841,-0.08791190385818481,1.0293561220169067,1.0239243507385254,0.9721530079841614,1.0279266834259033,0.974689245223999,0.9719504117965698,0.45488741993904114,0.2701149582862854,0.06800130009651184,0.5022172331809998,0.2931034564971924,0.07612776756286621,0.3598519265651703,0.2183907926082611,0.15882715582847595,0.4103536605834961,0.16091954708099365,0.06443533301353455,0.36475035548210144,0.18965516984462738,0.14896681904792786,0.3642510771751404,0.17241379618644714,0.14797374606132507
E2_diagnosis_adaptive,1,7,784,705,79,87,104,0.8505747126436781,0.8486702127659574,0.9313829787234043,0.8354430379746836,0.825,0.8723404255319149,0.2850775718688965,0.14846745133399963,0.17226764559745789,0.0159219391644001,0.9999291896820068,ANAT_FUNC,"ANAT_FUNC,PHENO_ANAT,PHENO_FUNC",0.15427632629871368,0.4505407214164734,adaptive,hybrid,0.5,20,5,4,36,815265503b867ad67c643fea5c5dfbd1ab865ef2e2319f72987c75c5950a98c5,17.480672657489777,-0.01076270267367363,-0.034778084605932236,-0.06948887556791306,-0.005401193164288998,-0.08511534333229065,-0.07114376127719879,1.0177669525146484,1.0096312761306763,0.9868459701538086,1.0193617343902588,0.9833230972290039,0.9830707907676697,0.3890652656555176,0.18390804529190063,0.1194072961807251,0.41496968269348145,0.27586206793785095,0.11707666516304016,0.26607659459114075,0.10919540375471115,0.24583137035369873,0.23964817821979523,0.13793103396892548,0.09010961651802063,0.16893848776817322,0.10344827175140381,0.23437544703483582,0.23176716268062592,0.08045977354049683,0.22680532932281494
E2_diagnosis_adaptive,1,8,784,705,79,87,160,0.8275862068965517,0.8236702127659574,0.8893617021276595,0.8051948051948051,0.775,0.8723404255319149,0.36426350474357605,0.19348660111427307,0.12631386518478394,0.02407923899590969,0.99983811378479,PHENO_ANAT,"PHENO_ANAT,ANAT_FUNC,PHENO_FUNC",0.2319755107164383,0.4275265634059906,adaptive,hybrid,0.5,20,5,4,36,8a717934c7cf6ca8e3eec31d50c84541b5e893560d90247c66bac6c72122f49e,23.606450602412224,0.056359145790338516,0.03740750998258591,-0.10240243375301361,0.02975238859653473,-0.08763647079467773,-0.09029640257358551,1.0263937711715698,1.0192393064498901,0.9744873046875,1.0261799097061157,0.9754471182823181,0.978252649307251,0.4295511543750763,0.27586206793785095,0.09760621190071106,0.46148476004600525,0.23563218116760254,0.10293695330619812,0.27785977721214294,0.16091954708099365,0.1770220398902893,0.3983980715274811,0.17241379618644714,0.07941314578056335,0.29262569546699524,0.1781609207391739,0.1516799032688141,0.3256617784500122,0.13793103396892548,0.1492248773574829
E2_diagnosis_adaptive,1,9,784,705,79,87,127,0.8620689655172413,0.8648936170212767,0.8882978723404256,0.8571428571428572,0.9,0.8297872340425532,0.3917700946331024,0.27969351410865784,0.12251842021942139,0.019763275980949402,0.9998910427093506,PHENO_ANAT,"PHENO_ANAT,ANAT_FUNC,PHENO_FUNC",0.16835986077785492,0.39727383852005005,adaptive,hybrid,0.5,20,5,4,36,942a80462f98f4d3fce30586297cf4f23cc81e179440c5f9deff9cdec55920d7,20.013531405478716,0.0013042748905718327,-0.004382334649562836,-0.05057172104716301,0.0023988173343241215,-0.058750398457050323,-0.0662529468536377,1.0222488641738892,1.0167771577835083,0.980373740196228,1.020058512687683,0.9795525074005127,0.980989396572113,0.5192335844039917,0.4252873659133911,0.04570987820625305,0.5152380466461182,0.3505747318267822,0.07266557216644287,0.336302787065506,0.21264368295669556,0.18174463510513306,0.40197980403900146,0.2701149582862854,0.08362704515457153,0.32198137044906616,0.24712644517421722,0.17068436741828918,0.25588494539260864,0.17241379618644714,0.180679053068161
E2_diagnosis_adaptive,1,10,784,705,79,87,102,0.8275862068965517,0.8329787234042554,0.9026595744680851,0.8275862068965516,0.9,0.7659574468085106,0.30514079332351685,0.19252872467041016,0.16472339630126953,0.01564447209239006,0.9999316930770874,ANAT_FUNC,"ANAT_FUNC,PHENO_ANAT,PHENO_FUNC",0.1997462809085846,0.4505539834499359,adaptive,hybrid,0.5,20,5,4,36,7b41f8ad7fcd078fb431f5a63fceae479f9e83add43115f2b2ef617b3b7b76f8,16.933643475174904,-0.02210540696978569,-0.03804752230644226,-0.09507307410240173,-0.007614841219037771,-0.0910419374704361,-0.08950626850128174,1.0145288705825806,1.0140796899795532,0.9882196187973022,1.017818808555603,0.9838353991508484,0.9815178513526917,0.4336206316947937,0.26436781883239746,0.11926740407943726,0.483673632144928,0.3563218414783478,0.11755645275115967,0.2720228433609009,0.1551724076271057,0.22737064957618713,0.25001996755599976,0.12643678486347198,0.10104835033416748,0.17437180876731873,0.13793103396892548,0.2147761881351471,0.21713577210903168,0.1149425283074379,0.20832133293151855
E2_diagnosis_adaptive,2,1,783,704,79,88,95,0.7954545454545454,0.7944992215879605,0.8759730150492994,0.7804878048780488,0.7804878048780488,0.8085106382978723,0.3185247778892517,0.20643940567970276,0.14713972806930542,0.01713843084871769,0.9999180436134338,PHENO_ANAT,"PHENO_ANAT,ANAT_FUNC,PHENO_FUNC",0.19305571913719177,0.4447881579399109,adaptive,hybrid,0.5,20,5,4,36,3482fd1c35313837f9b4cdf339fe1875d374253e510d1b51c5562b21b7b7d154,18.769837871193886,-0.0055291177704930305,-0.01975780352950096,-0.0685894638299942,-0.005135988816618919,-0.06424808502197266,-0.06796364486217499,1.0217691659927368,1.0109174251556396,0.9852432608604431,1.0177279710769653,0.9830343127250671,0.9813079833984375,0.4485005736351013,0.3068181872367859,0.09049510955810547,0.4947283864021301,0.3125,0.08468729257583618,0.30792051553726196,0.2556818127632141,0.2058664858341217,0.23321861028671265,0.11363636702299118,0.08686661720275879,0.17293407022953033,0.11363636702299118,0.21164396405220032,0.2538463771343231,0.13636364042758942,0.203279048204422
E2_diagnosis_adaptive,2,2,784,705,79,87,121,0.9080459770114943,0.9077412513255567,0.9634146341463414,0.9024390243902439,0.9024390243902439,0.9130434782608695,0.39941704273223877,0.22701148688793182,0.11633376777172089,0.016242649406194687,0.9999263286590576,ANAT_FUNC,"ANAT_FUNC,PHENO_ANAT,PHENO_FUNC",0.17041802406311035,0.4036347270011902,adaptive,hybrid,0.5,20,5,4,36,86d25602768399e0a820f0f811f53a43edbccdf5b854970f742fb0148c040a1f,19.293509662151337,0.0013218102976679802,-0.008504685014486313,-0.051132988184690475,0.003424252849072218,-0.05995969474315643,-0.06054071709513664,1.017935872077942,1.0122967958450317,0.9861875176429749,1.018027424812317,0.982093095779419,0.9834589958190918,0.5134376287460327,0.36781609058380127,0.07374963164329529,0.5226744413375854,0.36781609058380127,0.07207196950912476,0.4042423367500305,0.18390804529190063,0.14784163236618042,0.32018038630485535,0.2183908075094223,0.08004969358444214,0.3210357129573822,0.1149425283074379,0.1633111834526062,0.31493163108825684,0.10919540375471115,0.1609785556793213
E2_diagnosis_adaptive,2,3,784,705,79,87,99,0.8275862068965517,0.8223753976670201,0.9109225874867445,0.8,0.7317073170731707,0.9130434782608695,0.3375178575515747,0.2183908075094223,0.14526134729385376,0.017396600916981697,0.9999154210090637,PHENO_ANAT,"PHENO_ANAT,ANAT_FUNC,PHENO_FUNC",0.20540225505828857,0.42688244581222534,adaptive,hybrid,0.5,20,5,4,36,2c2e7daeef8e34639d26c23063b040907966241b25debe7d461a57555717c118,15.44539599493146,-0.01913922280073166,-0.032121703028678894,-0.09270119667053223,-0.013533635064959526,-0.08825777471065521,-0.097727470099926,1.0190463066101074,1.0140784978866577,0.983843207359314,1.018377661705017,0.9862914085388184,0.9783625602722168,0.45716211199760437,0.3448275923728943,0.09923288226127625,0.49974462389945984,0.3045977056026459,0.09594687819480896,0.362186461687088,0.22413793206214905,0.17970353364944458,0.24041277170181274,0.16091953217983246,0.08975422382354736,0.18449032306671143,0.10344827175140381,0.20820844173431396,0.2811109125614166,0.17241379618644714,0.19872215390205383
E2_diagnosis_adaptive,2,4,784,705,79,87,70,0.8045977011494253,0.8023936170212767,0.8574468085106384,0.7848101265822786,0.775,0.8297872340425532,0.2470012903213501,0.16091953217983246,0.20484179258346558,0.0075129298493266106,0.9999841451644897,ANAT_FUNC,"ANAT_FUNC,PHENO_FUNC,PHENO_ANAT",0.4074054956436157,0.5011624693870544,adaptive,hybrid,0.5,20,5,4,36,320be97d97002b36843b5e50592ea8c23f65cda0282fda50516b2fb7e94a9368,12.78297884017229,-0.00532668549567461,0.0014065094292163849,-0.0597737580537796,-0.007393057458102703,-0.06108295917510986,-0.05479713901877403,1.0062966346740723,1.006578803062439,0.992408037185669,1.0094094276428223,0.9917540550231934,0.9935528635978699,0.37744882702827454,0.21264368295669556,0.09383261203765869,0.4168708920478821,0.270114928483963,0.0980905294418335,0.17067083716392517,0.12643678486347198,0.30505725741386414,0.21763259172439575,0.1264367699623108,0.09785661101341248,0.1197061762213707,0.09195402264595032,0.3125847578048706,0.17967842519283295,0.13793103396892548,0.3216289281845093
E2_diagnosis_adaptive,2,5,784,705,79,87,85,0.8620689655172413,0.8518617021276595,0.8920212765957446,0.8285714285714285,0.725,0.9787234042553191,0.3202231526374817,0.18965518474578857,0.14766773581504822,0.011033587157726288,0.9999660849571228,PHENO_ANAT,"PHENO_ANAT,PHENO_FUNC,ANAT_FUNC",0.20228752493858337,0.44434481859207153,adaptive,hybrid,0.5,20,5,4,36,91de6c45307f97e22e3ef863f49ae5f8fff57887133da9b7525311e05d713bc0,14.584051288664341,-0.008073116652667522,-0.015993177890777588,-0.06338633596897125,-0.007332150824368,-0.06994152814149857,-0.06630194932222366,1.0121229887008667,1.0105023384094238,0.9886331558227539,1.0103572607040405,0.9879533052444458,0.9904305934906006,0.41868460178375244,0.2816091775894165,0.11595547199249268,0.4588654339313507,0.28735631704330444,0.09871700406074524,0.31350505352020264,0.21264368295669556,0.19622576236724854,0.24693048000335693,0.10344827175140381,0.1004578173160553,0.2238028198480606,0.10919540375471115,0.1932392120361328,0.25955042243003845,0.14367815852165222,0.18141114711761475
E2_diagnosis_adaptive,2,6,784,705,79,87,134,0.8505747126436781,0.8449468085106383,0.9063829787234043,0.8266666666666667,0.775,0.9148936170212766,0.40985941886901855,0.2854406237602234,0.1324193775653839,0.017745941877365112,0.9999122023582458,ANAT_FUNC,"ANAT_FUNC,PHENO_ANAT,PHENO_FUNC",0.18747060000896454,0.40077075362205505,adaptive,hybrid,0.5,20,5,4,36,8f20a89b70c47182365eb5a759f595d3fc9899f41a8636ad9f33aceea655e915,19.56343225389719,-0.006697452161461115,-0.042665183544158936,-0.10296081006526947,-0.0025667964946478605,-0.09666965901851654,-0.08723212778568268,1.0165690183639526,1.0156179666519165,0.982478678226471,1.0208146572113037,0.9830924868583679,0.9814272522926331,0.5013805627822876,0.45402300357818604,0.05469822883605957,0.4842037558555603,0.31609195470809937,0.08068349957466125,0.37209710478782654,0.23563218116760254,0.19697457551956177,0.4281170964241028,0.3505747318267822,0.09273198246955872,0.4077974557876587,0.23563218116760254,0.17833319306373596,0.2655605375766754,0.12068966031074524,0.19109484553337097
E2_diagnosis_adaptive,2,7,784,705,79,87,131,0.8620689655172413,0.8574468085106384,0.9159574468085107,0.8421052631578948,0.8,0.9148936170212766,0.4367862939834595,0.28735631704330444,0.1171216294169426,0.023134101182222366,0.9998505711555481,PHENO_ANAT,"PHENO_ANAT,ANAT_FUNC,PHENO_FUNC",0.20743410289287567,0.3780127763748169,adaptive,hybrid,0.5,20,5,4,36,513a510164e17f707c56364faab8ac18e09e92d52c2e3f633357ed178587da3e,18.75537160038948,0.000980420270934701,-0.005197120830416679,-0.08421079069375992,0.009156929329037666,-0.09147994965314865,-0.07347364723682404,1.0245755910873413,1.020542025566101,0.9747192859649658,1.024088978767395,0.978757917881012,0.9773159623146057,0.5169134140014648,0.4482758641242981,0.06250208616256714,0.5643641352653503,0.3218390941619873,0.08633354306221008,0.36064255237579346,0.23563218116760254,0.17443391680717468,0.4857414960861206,0.32758620381355286,0.080424964427948,0.39810341596603394,0.24137930572032928,0.14345845580101013,0.29495272040367126,0.14942529797554016,0.1555769145488739
E2_diagnosis_adaptive,2,8,784,705,79,87,131,0.8390804597701149,0.8417553191489362,0.8941489361702127,0.8333333333333334,0.875,0.8085106382978723,0.3055111765861511,0.18773946166038513,0.17214934527873993,0.01884421333670616,0.9999009370803833,PHENO_ANAT,"PHENO_ANAT,ANAT_FUNC,PHENO_FUNC",0.30161693692207336,0.456764280796051,adaptive,hybrid,0.5,20,5,4,36,f5768e86352919ec56daef6583c6054ddfd21302101d2730af6b18f4c64131bd,19.007620830088854,0.01744210720062256,-0.004226399585604668,-0.10539781302213669,0.018618706613779068,-0.07605770230293274,-0.0818817988038063,1.0227971076965332,1.013419270515442,0.9821386933326721,1.0195331573486328,0.9835562109947205,0.9785553812980652,0.37962961196899414,0.270114928483963,0.08542343974113464,0.3847496807575226,0.22413793206214905,0.14658427238464355,0.21562513709068298,0.14367815852165222,0.2746603786945343,0.37211790680885315,0.20114943385124207,0.08957594633102417,0.26019614934921265,0.13218390941619873,0.21106362342834473,0.22074830532073975,0.1551724076271057,0.22558853030204773
E2_diagnosis_adaptive,2,9,784,705,79,87,128,0.8735632183908046,0.8773936170212766,0.9441489361702128,0.8705882352941177,0.925,0.8297872340425532,0.42412078380584717,0.26819923520088196,0.12008188664913177,0.01761586219072342,0.9999133944511414,ANAT_FUNC,"ANAT_FUNC,PHENO_ANAT,PHENO_FUNC",0.1601046323776245,0.38601917028427124,adaptive,hybrid,0.5,20,5,4,36,a3c0c70665a03089f4fa1c545436d7ed5c4711ef072cb91dfbc77166f317d27d,18.885976016521454,-0.008788379840552807,-0.009104594588279724,-0.05881796032190323,-0.0006369721377268434,-0.07248787581920624,-0.06683262437582016,1.0169756412506104,1.0123178958892822,0.9882436990737915,1.0222108364105225,0.9806371331214905,0.9796148538589478,0.5371575355529785,0.3850574493408203,0.06285583972930908,0.5481451153755188,0.3735632300376892,0.07736510038375854,0.45148909091949463,0.24712644517421722,0.15085124969482422,0.38566720485687256,0.2816092073917389,0.0841025710105896,0.3274518549442291,0.12068966031074524,0.17067760229110718,0.29481369256973267,0.20114941895008087,0.17463883757591248
E2_diagnosis_adaptive,2,10,784,705,79,87,84,0.9080459770114943,0.9018617021276596,0.9404255319148936,0.8918918918918919,0.825,0.9787234042553191,0.29428577423095703,0.1628352403640747,0.169389009475708,0.01246661227196455,0.9999566078186035,PHENO_ANAT,"PHENO_ANAT,PHENO_FUNC,ANAT_FUNC",0.2880977690219879,0.4523157477378845,adaptive,hybrid,0.5,20,5,4,36,e0a138bc0f257ca51d594da75ff7155ba8d41dea39e8c8ab6b0fd67f862a9261,14.228239689022303,-0.01849360577762127,-0.02798902615904808,-0.08817918598651886,-0.013228538446128368,-0.09307029843330383,-0.0852130725979805,1.0157567262649536,1.0124824047088623,0.9895041584968567,1.0084384679794312,0.985442578792572,0.9883756637573242,0.40137848258018494,0.2183908075094223,0.11160919070243835,0.45075473189353943,0.2586206793785095,0.11546340584754944,0.278377890586853,0.2183907926082611,0.21372202038764954,0.22927431762218475,0.12068965286016464,0.12074202299118042,0.17760217189788818,0.06896551698446274,0.22961530089378357,0.22832731902599335,0.09195402264595032,0.22518211603164673
E3_shuffled_adaptive,0,1,783,704,79,88,109,0.875,0.876751427088739,0.9543331603528801,0.8705882352941177,0.9024390243902439,0.851063829787234,0.35200628638267517,0.21212121844291687,0.13714823126792908,0.01629210077226162,0.9999260306358337,FUNC_Correlation,"FUNC_Correlation,PHENO_Correlation,PHENO_ANAT",0.1560676097869873,0.4157606363296509,shuffled,hybrid,0.5,20,5,4,36,972f662c922f3f02355d79787c586293ea503c3c0736d55ac815c57e920a5b22,22.97165782749653,-0.024893134832382202,-0.038549598306417465,-0.07846788316965103,-0.008226140402257442,-0.07708358764648438,-0.08162661641836166,1.0089983940124512,0.9833745360374451,1.0188006162643433,0.986245334148407,0.9827268719673157,1.0198545455932617,0.46626797318458557,0.3125,0.08981749415397644,0.4955074191093445,0.32954543828964233,0.0908878743648529,0.3926662802696228,0.21590909361839294,0.18152940273284912,0.26742303371429443,0.16477273404598236,0.0912889838218689,0.22182795405387878,0.11931818723678589,0.1829555332660675,0.26834502816200256,0.1306818127632141,0.18641003966331482
E3_shuffled_adaptive,0,2,784,705,79,87,148,0.896551724137931,0.8928950159066809,0.8743372216330858,0.883116883116883,0.8292682926829268,0.9565217391304348,0.45377078652381897,0.2538314461708069,0.10315584391355515,0.020930355414748192,0.9998778104782104,PHENO_Correlation,"PHENO_Correlation,FUNC_Correlation,PHENO_ANAT",0.14451679587364197,0.4020923972129822,shuffled,hybrid,0.5,20,5,4,36,f003f98cc27a3e6828c561e38d9bbb4b7c818292ab964eac0d36dd96727e4d50,22.080235227942467,0.006009400822222233,-0.0035852892324328423,-0.07747106999158859,0.005167186725884676,-0.06171330064535141,-0.0635574609041214,1.0157684087753296,0.9797412157058716,1.0244731903076172,0.9792459011077881,0.9787124395370483,1.0220587253570557,0.5098087191581726,0.3218390941619873,0.05787387490272522,0.5163302421569824,0.3505747318267822,0.07440745830535889,0.3905820846557617,0.22413793206214905,0.1377635896205902,0.4759732484817505,0.2298850566148758,0.07660067081451416,0.45668917894363403,0.24712643027305603,0.1255567967891693,0.3732411861419678,0.14942528307437897,0.14673247933387756
E3_shuffled_adaptive,0,3,784,705,79,87,97,0.8505747126436781,0.8507423117709438,0.9289501590668081,0.8433734939759037,0.8536585365853658,0.8478260869565217,0.3112694025039673,0.1819923371076584,0.14888612926006317,0.016182268038392067,0.9999268651008606,PHENO_Correlation,"PHENO_Correlation,FUNC_Correlation,PHENO_ANAT",0.1525925099849701,0.4362097680568695,shuffled,hybrid,0.5,20,5,4,36,8979a74112f517dee08f45fbdf8772a1a8ede570d75b76c128f52d0b4ac072ab,17.231956098228693,-0.02623108960688114,-0.03908083215355873,-0.07852005958557129,-0.010424786247313023,-0.07346296310424805,-0.0778082087635994,1.0128490924835205,0.9832581281661987,1.0182965993881226,0.9848397970199585,0.9836311936378479,1.017125129699707,0.4331931471824646,0.24712643027305603,0.10088911652565002,0.46597015857696533,0.3045976758003235,0.09972962737083435,0.32719796895980835,0.22413793206214905,0.19922509789466858,0.23155605792999268,0.14942529797554016,0.09825745224952698,0.17538633942604065,0.08620689809322357,0.20105242729187012,0.234312504529953,0.08045977354049683,0.1941630244255066
E3_shuffled_adaptive,0,4,784,705,79,87,138,0.9080459770114943,0.9055851063829787,0.9744680851063829,0.8974358974358975,0.875,0.9361702127659575,0.44735485315322876,0.25957855582237244,0.12523308396339417,0.02037595584988594,0.9998841285705566,FUNC_Correlation,"FUNC_Correlation,PHENO_Correlation,PHENO_ANAT",0.16728371381759644,0.39385849237442017,shuffled,hybrid,0.5,20,5,4,36,9549f02031535027047776dac434feb5fa74b793c6cce5e33d9bc6f39deaaa9f,21.1976771466434,0.0010036041494458914,-0.02201416715979576,-0.0933276116847992,0.0025316898245364428,-0.087470643222332,-0.07541684806346893,1.0160775184631348,0.9811974167823792,1.021631121635437,0.9774132370948792,0.9806954264640808,1.0229852199554443,0.5478144288063049,0.4597700834274292,0.05544707179069519,0.5044540166854858,0.2931034564971924,0.09495216608047485,0.3889828026294708,0.2586206793785095,0.18626734614372253,0.4424942433834076,0.20689654350280762,0.09264224767684937,0.4443973898887634,0.20114943385124207,0.14630210399627686,0.3559859097003937,0.13793103396892548,0.17578744888305664
E3_shuffled_adaptive,0,5,784,705,79,87,141,0.9080459770114943,0.9037234042553192,0.9579787234042553,0.8947368421052632,0.85,0.9574468085106383,0.5083531737327576,0.29693490266799927,0.09848088026046753,0.02025253139436245,0.9998855590820312,PHENO_Correlation,"PHENO_Correlation,FUNC_Correlation,PHENO_ANAT",0.12438290566205978,0.3732134699821472,shuffled,hybrid,0.5,20,5,4,36,b92c8250915627f5ee62ede91bf80c4a32d2261d06aa80e60845df6155a1045e,20.148784529417753,-0.005297901574522257,-0.014002742245793343,-0.08242083340883255,0.0006212317384779453,-0.07617032527923584,-0.07238984853029251,1.0131381750106812,0.9804711937904358,1.0257948637008667,0.98011714220047,0.9796698689460754,1.0208083391189575,0.5560449957847595,0.3563218414783478,0.06250905990600586,0.539375364780426,0.36206895112991333,0.0704820454120636,0.49224722385406494,0.2701149582862854,0.12312093377113342,0.48494210839271545,0.2586206793785095,0.09213805198669434,0.5645155906677246,0.31609195470809937,0.09805417060852051,0.4129936099052429,0.2183908075094223,0.14458099007606506
E3_shuffled_adaptive,0,6,784,705,79,87,99,0.9425287356321839,0.9393617021276596,0.9595744680851064,0.935064935064935,0.9,0.9787234042553191,0.3573567867279053,0.20306512713432312,0.14629462361335754,0.014392365701496601,0.9999422430992126,FUNC_Correlation,"FUNC_Correlation,PHENO_Correlation,PHENO_ANAT",0.22746185958385468,0.4287119507789612,shuffled,hybrid,0.5,20,5,4,36,5cfbbf6ec0faf5cf1723b7c33c6fd766f8364f753fc36333259cc4aada3c4390,15.430585611611605,-0.00176209956407547,-0.02074231393635273,-0.05077897384762764,-0.0049971239641308784,-0.055754680186510086,-0.057841092348098755,1.0108517408370972,0.989862859249115,1.014951467514038,0.9850835800170898,0.9826548099517822,1.016595721244812,0.4870346188545227,0.3045977056026459,0.08418717980384827,0.5035200715065002,0.26436781883239746,0.0858381986618042,0.3809364140033722,0.24712643027305603,0.19152423739433289,0.2729952931404114,0.17241379618644714,0.08939468860626221,0.23668166995048523,0.1149425283074379,0.21000784635543823,0.26297280192375183,0.1149425283074379,0.21681559085845947
E3_shuffled_adaptive,0,7,784,705,79,87,89,0.9080459770114943,0.9111702127659574,0.9632978723404255,0.9047619047619048,0.95,0.8723404255319149,0.3053058385848999,0.17624521255493164,0.18417124450206757,0.013767993077635765,0.9999471306800842,PHENO_ANAT,"PHENO_ANAT,FUNC_Correlation,PHENO_Correlation",0.2523024380207062,0.46337687969207764,shuffled,hybrid,0.5,20,5,4,36,2546b0018f0222ddd68b1ec3f179956fd740ffcff9ec2a69e1601f4337cbec49,14.396980416029692,-0.020891420543193817,-0.017315596342086792,-0.07853838801383972,-0.014927711337804794,-0.08194920420646667,-0.07848461717367172,1.0146063566207886,0.9864121675491333,1.0130853652954102,0.9856269359588623,0.9866898655891418,1.0135793685913086,0.45826834440231323,0.2816091775894165,0.08442145586013794,0.5270123481750488,0.27586206793785095,0.07306098937988281,0.2519720494747162,0.18390804529190063,0.258969247341156,0.2343205213546753,0.14942529797554016,0.10192990303039551,0.16175976395606995,0.08045977354049683,0.29339438676834106,0.19850200414657593,0.08620689809322357,0.29325151443481445
E3_shuffled_adaptive,0,8,784,705,79,87,121,0.9425287356321839,0.9449468085106383,0.9952127659574468,0.9397590361445783,0.975,0.9148936170212766,0.3910769820213318,0.2710728049278259,0.1291470229625702,0.020495494827628136,0.9998828172683716,PHENO_Correlation,"PHENO_Correlation,FUNC_Correlation,PHENO_ANAT",0.1628120392560959,0.40433260798454285,shuffled,hybrid,0.5,20,5,4,36,54e7c40772cc65327664f24b621cab0e2706987043049273f2f94ffac594b2c9,19.04850785806775,-0.006771674379706383,-0.012108206748962402,-0.06251892447471619,0.0006017709383741021,-0.06181124970316887,-0.06884060800075531,1.0147359371185303,0.9816001653671265,1.0237939357757568,0.9820929169654846,0.9757001399993896,1.022076964378357,0.52464359998703,0.5057471394538879,0.05852574110031128,0.5289828777313232,0.3448275923728943,0.07830581068992615,0.3609105348587036,0.20114943385124207,0.16609978675842285,0.3833882808685303,0.2816091775894165,0.08719626069068909,0.2945044934749603,0.16091954708099365,0.18577751517295837,0.25403204560279846,0.13218390941619873,0.1989770531654358
E3_shuffled_adaptive,0,9,784,705,79,87,86,0.6551724137931034,0.6547872340425531,0.7292553191489362,0.6341463414634146,0.65,0.6595744680851063,0.3108667731285095,0.18869732320308685,0.12070708721876144,0.012507741339504719,0.9999563694000244,PHENO_Correlation,"PHENO_Correlation,FUNC_Correlation,PHENO_ANAT",0.14611633121967316,0.4381595551967621,shuffled,hybrid,0.5,20,5,4,36,a2de616feb34163b8bfaf07f7f8c021f11b3a1d097a8fe0ba51769d8497c6116,14.29489391669631,-0.011304344050586224,-0.014307701960206032,-0.06042782962322235,-0.005441361106932163,-0.06103469058871269,-0.07231388986110687,1.0106791257858276,0.9868143200874329,1.0137475728988647,0.9910793304443359,0.9850651621818542,1.0126147270202637,0.38103967905044556,0.28735631704330444,0.08622890710830688,0.46109145879745483,0.3045977056026459,0.08051005005836487,0.32820531725883484,0.2068965584039688,0.1349690854549408,0.22801317274570465,0.13793103396892548,0.10125601291656494,0.19347348809242249,0.09195402264595032,0.16427966952323914,0.27337735891342163,0.10344827175140381,0.15699875354766846
E3_shuffled_adaptive,0,10,784,705,79,87,90,0.7011494252873564,0.6992021276595746,0.729255319148936,0.675,0.675,0.723404255319149,0.3137340843677521,0.1944444626569748,0.12481497973203659,0.012129871174693108,0.999958872795105,PHENO_Correlation,"PHENO_Correlation,FUNC_Correlation,PHENO_ANAT",0.13600555062294006,0.44429728388786316,shuffled,hybrid,0.5,20,5,4,36,c8bba363687655e5be05b1a6541eb5d8c1b13b43652b18f6129308bd60d66a3f,14.714591037482023,-0.018962692469358444,-0.017206694930791855,-0.05377808213233948,-0.0032593407668173313,-0.06415800005197525,-0.06672847270965576,1.0086898803710938,0.9911290407180786,1.0150607824325562,0.9871033430099487,0.9860957264900208,1.0119211673736572,0.4280739724636078,0.27586206793785095,0.10034149885177612,0.49201855063438416,0.3448275923728943,0.08738377690315247,0.3408956825733185,0.1666666567325592,0.13613486289978027,0.1985030323266983,0.14942529797554016,0.10223469138145447,0.17374691367149353,0.08620689809322357,0.16400542855262756,0.24916626513004303,0.14367815852165222,0.1587894856929779
E3_shuffled_adaptive,1,1,783,704,79,88,119,0.8863636363636364,0.8858329008822003,0.9657498702646601,0.8780487804878049,0.8780487804878049,0.8936170212765957,0.36847180128097534,0.24147729575634003,0.1311272233724594,0.017383769154548645,0.9999157190322876,FUNC_Correlation,"FUNC_Correlation,PHENO_Correlation,PHENO_ANAT",0.12928593158721924,0.3969990015029907,shuffled,hybrid,0.5,20,5,4,36,2920d1a2d1c5d32a82a360b076199906c5b1dcce2976f609794a649b4f24b965,23.410312991589308,-0.009735193103551865,-0.0169552993029356,-0.054290615022182465,-0.006135981064289808,-0.054023321717977524,-0.05589590594172478,1.0123974084854126,0.9815294742584229,1.019479513168335,0.9833057522773743,0.9835503697395325,1.019737720489502,0.49451225996017456,0.34659093618392944,0.07323077321052551,0.5005744099617004,0.33522728085517883,0.09122294187545776,0.3574157655239105,0.2556818127632141,0.16660535335540771,0.3366684317588806,0.27840912342071533,0.09850403666496277,0.2776910364627838,0.13636364042758942,0.16806471347808838,0.24396876990795135,0.09659090638160706,0.18913543224334717
E3_shuffled_adaptive,1,2,784,705,79,87,87,0.9425287356321839,0.9430010604453871,0.9708377518557795,0.9397590361445782,0.9512195121951219,0.9347826086956522,0.3037278950214386,0.20019158720970154,0.15847964584827423,0.015484891831874847,0.9999330639839172,FUNC_Correlation,"FUNC_Correlation,PHENO_ANAT,PHENO_Correlation",0.18805143237113953,0.438279390335083,shuffled,hybrid,0.5,20,5,4,36,d87e777eb4acacb566e3401489a14a386d3aabd27f8fc352f20d7f53ec110480,15.877416647970676,-0.0007258261321112514,0.01247150544077158,-0.022277124226093292,-0.0003992469282820821,-0.04512763395905495,-0.033957503736019135,1.0154017210006714,0.9838703274726868,1.0152292251586914,0.9823170304298401,0.9875974655151367,1.0155843496322632,0.41498249769210815,0.2701149582862854,0.09504526853561401,0.4903011918067932,0.3045976758003235,0.08053949475288391,0.2707410454750061,0.20689654350280762,0.20741114020347595,0.22340771555900574,0.13793103396892548,0.1053922176361084,0.18172916769981384,0.1551724076271057,0.2350163459777832,0.24120573699474335,0.12643678486347198,0.2274731695652008
E3_shuffled_adaptive,1,3,784,705,79,87,77,0.7586206896551724,0.7505302226935313,0.8345705196182396,0.7042253521126761,0.6097560975609756,0.8913043478260869,0.27726298570632935,0.16762453317642212,0.15592962503433228,0.012732705101370811,0.9999547600746155,FUNC_Correlation,"FUNC_Correlation,PHENO_Correlation,PHENO_ANAT",0.3438793420791626,0.4582187533378601,shuffled,hybrid,0.5,20,5,4,36,a39abe9c53b052d6f3f56b557b329f8023b72c008a3e9b97c8deba8d1d93732e,14.449957229197025,-0.018620923161506653,-0.027142899110913277,-0.09558373689651489,-0.01648721843957901,-0.09262241423130035,-0.0893205851316452,1.0102206468582153,0.9864532947540283,1.013851523399353,0.9877232909202576,0.9878249168395996,1.0139262676239014,0.3657701015472412,0.2183907926082611,0.0939038097858429,0.43131694197654724,0.24137932062149048,0.08588555455207825,0.24067164957523346,0.19540229439735413,0.21982774138450623,0.21296386420726776,0.08045977354049683,0.09014016389846802,0.17483898997306824,0.16091954708099365,0.22834870219230652,0.23801633715629578,0.10919540375471115,0.21747180819511414
E3_shuffled_adaptive,1,4,784,705,79,87,118,0.8275862068965517,0.8199468085106383,0.8994680851063829,0.7945205479452054,0.725,0.9148936170212766,0.2978023290634155,0.18582376837730408,0.23457911610603333,0.019393671303987503,0.9998950362205505,FUNC_Correlation,"FUNC_Correlation,PHENO_Correlation,PHENO_ANAT",0.3989337086677551,0.5028250217437744,shuffled,hybrid,0.5,20,5,4,36,b485be0551cbc95ccd356c83160655cba129d0a3a6a69a369bd06596b521245f,18.837883725762367,0.043616145849227905,0.01711014099419117,-0.03036479279398918,0.012067895382642746,-0.05425652861595154,-0.058882854878902435,1.0160586833953857,0.9818555116653442,1.0194878578186035,0.9767413139343262,0.9838012456893921,1.0220553874969482,0.5117972493171692,0.37931033968925476,0.07474163174629211,0.5352733731269836,0.31609195470809937,0.08908325433731079,0.15332219004631042,0.09195402264595032,0.37080973386764526,0.34635141491889954,0.18390804529190063,0.08424556255340576,0.11011092364788055,0.06896551698446274,0.3818633556365967,0.12995876371860504,0.07471264898777008,0.4067310094833374
E3_shuffled_adaptive,1,5,784,705,79,87,113,0.8620689655172413,0.8574468085106384,0.9303191489361702,0.8421052631578948,0.8,0.9148936170212766,0.31136173009872437,0.22413794696331024,0.1487388014793396,0.014738484285771847,0.9999393820762634,PHENO_Correlation,"PHENO_Correlation,FUNC_Correlation,PHENO_ANAT",0.20509235560894012,0.4392325282096863,shuffled,hybrid,0.5,20,5,4,36,e2a03015f22672fbfe6b490e40234b1e7f587ead3b1c50554317d3fa2c6cac6f,17.985496941953897,-0.00935465656220913,-0.01497514545917511,-0.06647185236215591,-0.002688160166144371,-0.0665489211678505,-0.0655873641371727,1.011038899421692,0.9888936877250671,1.0193617343902588,0.9838108420372009,0.9840193390846252,1.0128756761550903,0.4404867887496948,0.3218390941619873,0.10349878668785095,0.47620511054992676,0.3505747318267822,0.10065263509750366,0.29799675941467285,0.2298850566148758,0.18800383806228638,0.2725766897201538,0.1781609207391739,0.09282541275024414,0.1811322718858719,0.14942528307437897,0.20692932605743408,0.19977256655693054,0.1149425283074379,0.20052269101142883
E3_shuffled_adaptive,1,6,784,705,79,87,148,0.8390804597701149,0.8287234042553191,0.8813829787234042,0.8,0.7,0.9574468085106383,0.35659798979759216,0.19731800258159637,0.14536571502685547,0.025194784626364708,0.9998229146003723,PHENO_Correlation,"PHENO_Correlation,FUNC_Correlation,PHENO_ANAT",0.22899027168750763,0.4384927749633789,shuffled,hybrid,0.5,20,5,4,36,ae65aacaa3b22a903bdfa6ab00e808767c668437e4d548a41d620be1c9aa421c,22.843842893838882,0.01005774736404419,0.003473081858828664,-0.0902380421757698,0.0231376551091671,-0.09086306393146515,-0.08520589768886566,1.0221017599105835,0.9730464816093445,1.0268961191177368,0.9753062725067139,0.9762547016143799,1.0263943672180176,0.4021504521369934,0.2988505959510803,0.09473827481269836,0.4394459128379822,0.2816091775894165,0.10751146078109741,0.31014448404312134,0.14942529797554016,0.2361789345741272,0.3589535057544708,0.14942529797554016,0.0740920901298523,0.29242491722106934,0.12068965286016464,0.18319204449653625,0.33646854758262634,0.18390804529190063,0.17648130655288696
E3_shuffled_adaptive,1,7,784,705,79,87,93,0.8620689655172413,0.8574468085106384,0.9377659574468086,0.8421052631578948,0.8,0.9148936170212766,0.295655220746994,0.18582376837730408,0.1512744128704071,0.014284207485616207,0.9999430775642395,PHENO_Correlation,"PHENO_Correlation,FUNC_Correlation,PHENO_ANAT",0.1576949656009674,0.44086766242980957,shuffled,hybrid,0.5,20,5,4,36,815265503b867ad67c643fea5c5dfbd1ab865ef2e2319f72987c75c5950a98c5,15.912663508206606,-0.020156750455498695,-0.02402985841035843,-0.05538841336965561,-0.007310198619961739,-0.0625213235616684,-0.06359916180372238,1.0096113681793213,0.986234188079834,1.0175029039382935,0.9864300489425659,0.9850802421569824,1.0151413679122925,0.42191553115844727,0.2586206793785095,0.09134015440940857,0.45162734389305115,0.26436781883239746,0.08726918697357178,0.2722550928592682,0.20114943385124207,0.18997985124588013,0.2187441885471344,0.1666666567325592,0.09625899791717529,0.1642475426197052,0.08045977354049683,0.22650417685508728,0.24514137208461761,0.14367815852165222,0.2162940800189972
E3_shuffled_adaptive,1,8,784,705,79,87,150,0.8045977011494253,0.800531914893617,0.8909574468085106,0.7792207792207791,0.75,0.851063829787234,0.4915480315685272,0.2787356376647949,0.09589062631130219,0.02214878983795643,0.9998630881309509,PHENO_Correlation,"PHENO_Correlation,FUNC_Correlation,PHENO_ANAT",0.1240207850933075,0.3710283637046814,shuffled,hybrid,0.5,20,5,4,36,8a717934c7cf6ca8e3eec31d50c84541b5e893560d90247c66bac6c72122f49e,22.898250963538885,0.005882373079657555,-0.00585570465773344,-0.06887756288051605,-0.0037405691109597683,-0.06569226831197739,-0.07074501365423203,1.0167886018753052,0.978300929069519,1.0252113342285156,0.9770951271057129,0.9786406755447388,1.0239633321762085,0.5675970911979675,0.37931033968925476,0.05460020899772644,0.5345617532730103,0.27586206793785095,0.06788712739944458,0.4526474177837372,0.24137932062149048,0.12256452441215515,0.4759921729564667,0.27586206793785095,0.0911628007888794,0.547939121723175,0.3333333432674408,0.10239854454994202,0.37055036425590515,0.1666666716337204,0.13673055171966553
E3_shuffled_adaptive,1,9,784,705,79,87,151,0.8160919540229885,0.8204787234042553,0.8494680851063829,0.813953488372093,0.875,0.7659574468085106,0.44075608253479004,0.2739463746547699,0.10383179783821106,0.022673752158880234,0.9998564720153809,FUNC_Correlation,"FUNC_Correlation,PHENO_Correlation,PHENO_ANAT",0.14196760952472687,0.3968374729156494,shuffled,hybrid,0.5,20,5,4,36,942a80462f98f4d3fce30586297cf4f23cc81e179440c5f9deff9cdec55920d7,22.374043848365545,0.00645053805783391,0.005715483799576759,-0.06631871312856674,0.005115109495818615,-0.059088848531246185,-0.05175279080867767,1.018489122390747,0.9772639274597168,1.0241543054580688,0.9769805669784546,0.9780225157737732,1.0250895023345947,0.5161007642745972,0.4367816150188446,0.053547799587249756,0.5453451871871948,0.33908045291900635,0.05740171670913696,0.3996177315711975,0.23563218116760254,0.15704408288002014,0.412022203207016,0.18390804529190063,0.07088357210159302,0.4101719558238983,0.270114928483963,0.13677501678466797,0.3612788915634155,0.1781609207391739,0.14733844995498657
E3_shuffled_adaptive,1,10,784,705,79,87,96,0.8390804597701149,0.8417553191489362,0.8936170212765957,0.8333333333333334,0.875,0.8085106382978723,0.3353535532951355,0.20498085021972656,0.13971519470214844,0.0175258070230484,0.999914288520813,PHENO_Correlation,"PHENO_Correlation,FUNC_Correlation,PHENO_ANAT",0.1478988081216812,0.4341139793395996,shuffled,hybrid,0.5,20,5,4,36,7b41f8ad7fcd078fb431f5a63fceae479f9e83add43115f2b2ef617b3b7b76f8,16.17287376150489,-0.00602274015545845,-0.017112966626882553,-0.059946347028017044,-0.004403279162943363,-0.06431916356086731,-0.06999059021472931,1.0156913995742798,0.9867522120475769,1.0198695659637451,0.9809904098510742,0.9801881313323975,1.0165083408355713,0.4745134115219116,0.3045977056026459,0.08652859926223755,0.5058205723762512,0.3218390941619873,0.08836784958839417,0.3465932011604309,0.24137930572032928,0.1586552858352661,0.23888228833675385,0.10919539630413055,0.10462087392807007,0.1879432499408722,0.09195402264595032,0.20187225937843323,0.25836890935897827,0.16091954708099365,0.19824627041816711
E3_shuffled_adaptive,2,1,783,704,79,88,115,0.8068181818181818,0.8098079916969383,0.898287493513233,0.8045977011494252,0.8536585365853658,0.7659574468085106,0.36380884051322937,0.25284093618392944,0.12335344403982162,0.01981675997376442,0.9998905062675476,PHENO_Correlation,"PHENO_Correlation,FUNC_Correlation,PHENO_ANAT",0.1665656715631485,0.4184018075466156,shuffled,hybrid,0.5,20,5,4,36,3482fd1c35313837f9b4cdf339fe1875d374253e510d1b51c5562b21b7b7d154,21.796765629202127,-0.023964744061231613,-0.03970276191830635,-0.08830416947603226,-0.005534178111702204,-0.08477190136909485,-0.09268739819526672,1.0116530656814575,0.9803073406219482,1.0236159563064575,0.980922520160675,0.9804804921150208,1.0230207443237305,0.4782724976539612,0.3806818127632141,0.07502955198287964,0.5253557562828064,0.3636363744735718,0.07924756407737732,0.3536636531352997,0.23863637447357178,0.164819598197937,0.3135187029838562,0.17613637447357178,0.07715171575546265,0.22957423329353333,0.1931818127632141,0.17391705513000488,0.28246834874153137,0.16477273404598236,0.16995513439178467
E3_shuffled_adaptive,2,2,784,705,79,87,157,0.896551724137931,0.9008483563096501,0.9501590668080594,0.8988764044943819,0.975609756097561,0.8260869565217391,0.5107101202011108,0.3342911899089813,0.0915810689330101,0.01897256076335907,0.9998995661735535,PHENO_Correlation,"PHENO_Correlation,FUNC_Correlation,PHENO_ANAT",0.12901094555854797,0.35900425910949707,shuffled,hybrid,0.5,20,5,4,36,86d25602768399e0a820f0f811f53a43edbccdf5b854970f742fb0148c040a1f,21.247132919728756,0.005448066629469395,-0.004310601390898228,-0.05465013533830643,-0.0033039122354239225,-0.04997255653142929,-0.05954962596297264,1.0149785280227661,0.9837302565574646,1.021306037902832,0.9805518388748169,0.9792429804801941,1.0201904773712158,0.5839884281158447,0.49425286054611206,0.0495261549949646,0.5681985020637512,0.39080458879470825,0.06587690114974976,0.461840957403183,0.24712643027305603,0.11814343929290771,0.5067925453186035,0.3448275923728943,0.0755685567855835,0.5454905033111572,0.36206895112991333,0.10218697786331177,0.3979494571685791,0.1666666567325592,0.13818427920341492
E3_shuffled_adaptive,2,3,784,705,79,87,93,0.8275862068965517,0.8223753976670201,0.8950159066808059,0.8,0.7317073170731707,0.9130434782608695,0.3157813251018524,0.21264366805553436,0.15383383631706238,0.013304583728313446,0.999950647354126,FUNC_Correlation,"FUNC_Correlation,PHENO_Correlation,PHENO_ANAT",0.214046910405159,0.4421926438808441,shuffled,hybrid,0.5,20,5,4,36,2c2e7daeef8e34639d26c23063b040907966241b25debe7d461a57555717c118,15.109264262020588,-0.009066272526979446,-0.017197012901306152,-0.06757794320583344,-0.003627309575676918,-0.05024554952979088,-0.0606217235326767,1.0120937824249268,0.9881898760795593,1.0121345520019531,0.9902247786521912,0.9823991060256958,1.0149579048156738,0.4353264570236206,0.31609195470809937,0.10977616906166077,0.4829109311103821,0.32758620381355286,0.10242065787315369,0.31300950050354004,0.19540229439735413,0.21216458082199097,0.22751997411251068,0.1781609207391739,0.09193521738052368,0.1714828759431839,0.12068966031074524,0.20860007405281067,0.26443803310394287,0.13793103396892548,0.19810616970062256
E3_shuffled_adaptive,2,4,784,705,79,87,142,0.8620689655172413,0.8648936170212767,0.923936170212766,0.8571428571428572,0.9,0.8297872340425532,0.3290936350822449,0.20114943385124207,0.141191303730011,0.02244437299668789,0.9998593926429749,FUNC_Correlation,"FUNC_Correlation,PHENO_Correlation,PHENO_ANAT",0.19309496879577637,0.44221195578575134,shuffled,hybrid,0.5,20,5,4,36,320be97d97002b36843b5e50592ea8c23f65cda0282fda50516b2fb7e94a9368,19.213891625404358,0.00911575835198164,-0.014371825382113457,-0.07561250030994415,0.0006529223173856735,-0.0726478099822998,-0.08288779109716415,1.0177624225616455,0.9787492156028748,1.0240912437438965,0.9786070585250854,0.9757267236709595,1.025063157081604,0.407646119594574,0.3333333432674408,0.06530255079269409,0.39853113889694214,0.2528735399246216,0.12225469946861267,0.2575201392173767,0.13218390941619873,0.20376640558242798,0.37094542384147644,0.22413793206214905,0.08905583620071411,0.28394708037376404,0.12643678486347198,0.16845464706420898,0.2559717297554016,0.13793103396892548,0.19831380248069763
E3_shuffled_adaptive,2,5,784,705,79,87,95,0.8505747126436781,0.8393617021276596,0.9154255319148936,0.8115942028985508,0.7,0.9787234042553191,0.31734174489974976,0.17337164282798767,0.1684962511062622,0.011626312509179115,0.9999622702598572,FUNC_Correlation,"FUNC_Correlation,PHENO_ANAT,PHENO_Correlation",0.21022559702396393,0.4516638219356537,shuffled,hybrid,0.5,20,5,4,36,91de6c45307f97e22e3ef863f49ae5f8fff57887133da9b7525311e05d713bc0,15.042819298803806,-0.010845434851944447,-0.027951745316386223,-0.07377155870199203,-0.008167997933924198,-0.07183730602264404,-0.06751081347465515,1.010804533958435,0.9889002442359924,1.010793685913086,0.9875415563583374,0.988784670829773,1.013175129890442,0.441276490688324,0.2931034564971924,0.12727490067481995,0.47592246532440186,0.3045976758003235,0.11466503143310547,0.2945581376552582,0.13218390941619873,0.262398362159729,0.2673943340778351,0.10919540375471115,0.09510645270347595,0.19290658831596375,0.10919540375471115,0.21543872356414795,0.23199239373207092,0.09195402264595032,0.19609403610229492
E3_shuffled_adaptive,2,6,784,705,79,87,171,0.8390804597701149,0.8343085106382979,0.9037234042553192,0.8157894736842106,0.775,0.8936170212765957,0.36115509271621704,0.18390804529190063,0.1396602988243103,0.023120662197470665,0.9998507499694824,PHENO_Correlation,"PHENO_Correlation,FUNC_Correlation,PHENO_ANAT",0.2563139796257019,0.43890804052352905,shuffled,hybrid,0.5,20,5,4,36,8f20a89b70c47182365eb5a759f595d3fc9899f41a8636ad9f33aceea655e915,22.386762220412493,0.02394685335457325,0.034442782402038574,-0.0662497878074646,0.028237994760274887,-0.05214990675449371,-0.05330826714634895,1.0211222171783447,0.9727396368980408,1.0260056257247925,0.9787787199020386,0.9795753359794617,1.0217787027359009,0.45419347286224365,0.270114928483963,0.06592905521392822,0.4854016602039337,0.21264368295669556,0.06445914506912231,0.26703205704689026,0.13218390941619873,0.22501590847969055,0.3509383499622345,0.16091954708099365,0.08081784844398499,0.32303470373153687,0.19540229439735413,0.1944270133972168,0.2863304316997528,0.13218390941619873,0.20731288194656372
E3_shuffled_adaptive,2,7,784,705,79,87,102,0.8505747126436781,0.8412234042553192,0.9212765957446808,0.8169014084507041,0.725,0.9574468085106383,0.312258243560791,0.18869732320308685,0.14811454713344574,0.020075196400284767,0.9998875856399536,PHENO_Correlation,"PHENO_Correlation,FUNC_Correlation,PHENO_ANAT",0.2693454921245575,0.43754300475120544,shuffled,hybrid,0.5,20,5,4,36,513a510164e17f707c56364faab8ac18e09e92d52c2e3f633357ed178587da3e,15.40290017798543,-0.015810340642929077,-0.039081163704395294,-0.11463011056184769,-0.0047777011059224606,-0.10352594405412674,-0.11698451638221741,1.0188212394714355,0.9791584014892578,1.0211631059646606,0.9829457998275757,0.977877676486969,1.0200337171554565,0.4255957305431366,0.3045976758003235,0.09668087959289551,0.5020630359649658,0.2988505959510803,0.1003236174583435,0.28424835205078125,0.22413793206214905,0.21221771836280823,0.2747175693511963,0.12068966031074524,0.09104514122009277,0.17696978151798248,0.07471264898777008,0.19446676969528198,0.20995473861694336,0.10919539630413055,0.19395306706428528
E3_shuffled_adaptive,2,8,784,705,79,87,109,0.8390804597701149,0.8417553191489362,0.8829787234042553,0.8333333333333334,0.875,0.8085106382978723,0.34578177332878113,0.19923371076583862,0.15857940912246704,0.017359083518385887,0.9999158382415771,FUNC_Correlation,"FUNC_Correlation,PHENO_Correlation,PHENO_ANAT",0.2268921136856079,0.44096583127975464,shuffled,hybrid,0.5,20,5,4,36,f5768e86352919ec56daef6583c6054ddfd21302101d2730af6b18f4c64131bd,16.741624414920807,-0.0031924755312502384,-0.03137931600213051,-0.09017138183116913,-0.00244145723991096,-0.09632651507854462,-0.10157530009746552,1.0127966403961182,0.9839003086090088,1.0189125537872314,0.9826192259788513,0.9818627238273621,1.0199081897735596,0.5017585158348083,0.3735632300376892,0.08766955137252808,0.5181227326393127,0.3045977056026459,0.0991395115852356,0.29902273416519165,0.1551724076271057,0.24094542860984802,0.3126972019672394,0.1781609207391739,0.08550691604614258,0.22389590740203857,0.09770114719867706,0.21480920910835266,0.21919365227222443,0.08620689809322357,0.2234061062335968
E3_shuffled_adaptive,2,9,784,705,79,87,102,0.8620689655172413,0.8686170212765958,0.9207446808510639,0.8636363636363635,0.95,0.7872340425531915,0.3409026563167572,0.21360152959823608,0.145779550075531,0.013013685122132301,0.9999527335166931,PHENO_Correlation,"PHENO_Correlation,FUNC_Correlation,PHENO_ANAT",0.21909689903259277,0.42985832691192627,shuffled,hybrid,0.5,20,5,4,36,a3c0c70665a03089f4fa1c545436d7ed5c4711ef072cb91dfbc77166f317d27d,15.482313174754381,-0.005690865218639374,-0.020048825070261955,-0.04788948595523834,-0.003160640364512801,-0.0515374019742012,-0.05441194772720337,1.0092434883117676,0.9912433624267578,1.014839768409729,0.9862763285636902,0.9842961430549622,1.014101266860962,0.4726560413837433,0.3103448152542114,0.08098405599594116,0.5682676434516907,0.3735632300376892,0.07314151525497437,0.3293069005012512,0.19540229439735413,0.18231001496315002,0.2613207697868347,0.18965516984462738,0.0909619927406311,0.179075226187706,0.09195402264595032,0.22276058793067932,0.23478928208351135,0.12068966031074524,0.22451892495155334
E3_shuffled_adaptive,2,10,784,705,79,87,144,0.8850574712643678,0.8880319148936171,0.9686170212765958,0.8809523809523809,0.925,0.851063829787234,0.3863590955734253,0.21264366805553436,0.14065128564834595,0.02444584108889103,0.9998332262039185,FUNC_Correlation,"FUNC_Correlation,PHENO_Correlation,PHENO_ANAT",0.13751192390918732,0.41059041023254395,shuffled,hybrid,0.5,20,5,4,36,e0a138bc0f257ca51d594da75ff7155ba8d41dea39e8c8ab6b0fd67f862a9261,19.353212893009186,-0.005523017607629299,-0.015880178660154343,-0.09344297647476196,-0.004598573781549931,-0.06976136565208435,-0.06928590685129166,1.0213183164596558,0.9714196920394897,1.0234599113464355,0.977220892906189,0.9785583019256592,1.0280230045318604,0.45119985938072205,0.31609195470809937,0.07069885730743408,0.5070596933364868,0.26436781883239746,0.08495298027992249,0.3002595007419586,0.1666666567325592,0.2106296718120575,0.3877248764038086,0.20689654350280762,0.10603585839271545,0.3635769486427307,0.17241379618644714,0.17705225944519043,0.30833375453948975,0.14942528307437897,0.1945381760597229
E4_adaptive_top3,0,1,783,704,79,88,158,0.9090909090909091,0.9102231447846394,0.9481058640373636,0.9047619047619047,0.926829268292683,0.8936170212765957,0.4331628084182739,0.2660984992980957,0.17619282007217407,1.0000114440917969,0.6131439805030823,PHENO_ANAT,"PHENO_ANAT,ANAT_FUNC,PHENO_FUNC",0.14109137654304504,0.2844159007072449,top3,hybrid,0.5,20,5,4,36,972f662c922f3f02355d79787c586293ea503c3c0736d55ac815c57e920a5b22,27.778156228363514,0.00804441049695015,0.003153579542413354,-0.0463501438498497,0.008109117858111858,-0.06120912358164787,-0.06499600410461426,2.007904291152954,1.991329550743103,0.0,2.000765800476074,0.0,0.0,0.6677678823471069,0.5340908765792847,0.03729739785194397,0.6432206630706787,0.42045456171035767,0.057046741247177124,0.2405596375465393,0.08522727340459824,0.2927135229110718,0.5908910632133484,0.4261363744735718,0.06646287441253662,0.3056304454803467,0.0625,0.2761394679546356,0.15090732276439667,0.06818182021379471,0.32749703526496887
E4_adaptive_top3,0,2,784,705,79,87,96,0.8850574712643678,0.8806998939554613,0.8902439024390244,0.868421052631579,0.8048780487804879,0.9565217391304348,0.27721846103668213,0.16570881009101868,0.19533787667751312,1.0000097751617432,0.6131443977355957,ANAT_FUNC,"ANAT_FUNC,PHENO_FUNC,PHENO_ANAT",0.16837048530578613,0.37461623549461365,top3,hybrid,0.5,20,5,4,36,f003f98cc27a3e6828c561e38d9bbb4b7c818292ab964eac0d36dd96727e4d50,17.121032692492008,-0.020974311977624893,-0.02305961400270462,-0.08518751710653305,-0.011913691647350788,-0.0998569056391716,-0.09161895513534546,1.9933080673217773,1.9983092546463013,0.0,2.0083823204040527,0.0,0.0,0.5106250047683716,0.2816091775894165,0.06913954019546509,0.5447193384170532,0.3563218414783478,0.0697382390499115,0.15255118906497955,0.0517241396009922,0.3074108958244324,0.25271841883659363,0.19540229439735413,0.09030157327651978,0.08649203926324844,0.04597701132297516,0.3162033259868622,0.11620475351810455,0.06321839243173599,0.31923362612724304
E4_adaptive_top3,0,3,784,705,79,87,100,0.8505747126436781,0.8494167550371156,0.9209968186638388,0.8395061728395061,0.8292682926829268,0.8695652173913043,0.2651589810848236,0.14750957489013672,0.21155694127082825,1.0000035762786865,0.6131461262702942,PHENO_ANAT,"PHENO_ANAT,ANAT_FUNC,PHENO_FUNC",0.1986570656299591,0.36388835310935974,top3,hybrid,0.5,20,5,4,36,8979a74112f517dee08f45fbdf8772a1a8ede570d75b76c128f52d0b4ac072ab,17.22457967326045,-0.01747504621744156,-0.033553242683410645,-0.11634454131126404,-0.016749996691942215,-0.12007354199886322,-0.13356658816337585,2.003206491470337,1.9946503639221191,0.0,2.002143144607544,0.0,0.0,0.49037966132164,0.26436781883239746,0.07369258999824524,0.5240890383720398,0.31609195470809937,0.07658994197845459,0.11955064535140991,0.03448275849223137,0.34216827154159546,0.283058762550354,0.17241379618644714,0.09183800220489502,0.08455093204975128,0.04597701132297516,0.3475371301174164,0.0893247053027153,0.0517241396009922,0.3375156819820404
E4_adaptive_top3,0,4,784,705,79,87,167,0.9195402298850575,0.9180851063829787,0.9792553191489362,0.9113924050632911,0.9,0.9361702127659575,0.4074505567550659,0.27969348430633545,0.2019951343536377,1.0000181198120117,0.6131420731544495,PHENO_ANAT,"PHENO_ANAT,ANAT_FUNC,PHENO_FUNC",0.16729944944381714,0.30075371265411377,top3,hybrid,0.5,20,5,4,36,9549f02031535027047776dac434feb5fa74b793c6cce5e33d9bc6f39deaaa9f,25.503685031086206,0.005378339439630508,-0.014067602343857288,-0.07470495998859406,0.005580482073128223,-0.08112196624279022,-0.08336125314235687,2.010742425918579,1.9898782968521118,0.0,1.9993788003921509,0.0,0.0,0.6224508881568909,0.580459713935852,0.03396442532539368,0.5802597403526306,0.3850574493408203,0.06956705451011658,0.25148433446884155,0.06896551698446274,0.35053274035453796,0.5583109259605408,0.48275864124298096,0.0757814347743988,0.2898891568183899,0.07471264153718948,0.3437056839466095,0.14230822026729584,0.08620689809322357,0.33841952681541443
E4_adaptive_top3,0,5,784,705,79,87,150,0.8735632183908046,0.8643617021276595,0.9090425531914893,0.8450704225352113,0.75,0.9787234042553191,0.39751216769218445,0.18486592173576355,0.1949542760848999,1.000012755393982,0.6131436228752136,PHENO_ANAT,"PHENO_ANAT,ANAT_FUNC,PHENO_FUNC",0.24942824244499207,0.35129183530807495,top3,hybrid,0.5,20,5,4,36,b92c8250915627f5ee62ede91bf80c4a32d2261d06aa80e60845df6155a1045e,22.86166664212942,0.029515795409679413,0.021474197506904602,-0.07501602172851562,0.022295046597719193,-0.06826896965503693,-0.07704660296440125,2.0092689990997314,1.9918006658554077,0.0,1.9989299774169922,0.0,0.0,0.5798446536064148,0.3448275923728943,0.05402055382728577,0.5791916251182556,0.3735632300376892,0.05596280097961426,0.3031035363674164,0.06321839243173599,0.31568488478660583,0.40755128860473633,0.21264368295669556,0.0802960991859436,0.27201008796691895,0.051724135875701904,0.34295427799224854,0.24337179958820343,0.06321839243173599,0.3208071291446686
E4_adaptive_top3,0,6,784,705,79,87,120,0.9195402298850575,0.9143617021276595,0.951063829787234,0.9066666666666667,0.85,0.9787234042553191,0.37123697996139526,0.2183908075094223,0.20177766680717468,1.0000120401382446,0.6131438612937927,PHENO_ANAT,"PHENO_ANAT,ANAT_FUNC,PHENO_FUNC",0.2586885392665863,0.32499006390571594,top3,hybrid,0.5,20,5,4,36,5cfbbf6ec0faf5cf1723b7c33c6fd766f8364f753fc36333259cc4aada3c4390,18.730309154838324,0.014378872700035572,0.00438718032091856,-0.05298938974738121,0.005053916946053505,-0.06486627459526062,-0.06892038881778717,2.0095458030700684,1.9932773113250732,0.0,1.9971768856048584,0.0,0.0,0.5985713005065918,0.49425286054611206,0.04858335852622986,0.5575622320175171,0.3218390941619873,0.06795677542686462,0.2418191134929657,0.09195402264595032,0.32801952958106995,0.4627516269683838,0.2931034564971924,0.07703587412834167,0.22052495181560516,0.0632183849811554,0.3295208215713501,0.14619246125221252,0.04597701132297516,0.3595493733882904
E4_adaptive_top3,0,7,784,705,79,87,130,0.9540229885057471,0.9555851063829788,0.9611702127659575,0.951219512195122,0.975,0.9361702127659575,0.3585963249206543,0.18869732320308685,0.22474971413612366,1.000001311302185,0.6131467819213867,PHENO_FUNC,"PHENO_FUNC,PHENO_ANAT,ANAT_FUNC",0.1486072540283203,0.3300948143005371,top3,hybrid,0.5,20,5,4,36,2546b0018f0222ddd68b1ec3f179956fd740ffcff9ec2a69e1601f4337cbec49,19.934405528008938,0.009346960112452507,0.01938016340136528,-0.08681552857160568,0.0065322695299983025,-0.08903102576732635,-0.08280777931213379,2.001339912414551,2.002114772796631,0.0,1.996544599533081,0.0,0.0,0.5655680298805237,0.4252873659133911,0.05105137825012207,0.5804325342178345,0.33908045291900635,0.07234793901443481,0.19481143355369568,0.04022988677024841,0.38880831003189087,0.4605741798877716,0.27586206793785095,0.0757494866847992,0.20235270261764526,0.02298850566148758,0.3801460266113281,0.14783909916877747,0.028735632076859474,0.3803950548171997
E4_adaptive_top3,0,8,784,705,79,87,105,0.9195402298850575,0.9236702127659575,0.9734042553191489,0.9176470588235294,0.975,0.8723404255319149,0.2712791860103607,0.15996168553829193,0.24037429690361023,1.000008463859558,0.6131448149681091,PHENO_ANAT,"PHENO_ANAT,ANAT_FUNC,PHENO_FUNC",0.2560468018054962,0.3562350273132324,top3,hybrid,0.5,20,5,4,36,54e7c40772cc65327664f24b621cab0e2706987043049273f2f94ffac594b2c9,17.550646651536226,0.012379435822367668,0.0036787018179893494,-0.07922917604446411,-0.0017212370876222849,-0.07620850205421448,-0.09463874250650406,2.0074026584625244,1.9930810928344727,0.0,1.9995160102844238,0.0,0.0,0.521048367023468,0.31609195470809937,0.05811181664466858,0.5808712840080261,0.36206895112991333,0.059408366680145264,0.06567580997943878,0.02298850566148758,0.4176429212093353,0.3099602162837982,0.18390804529190063,0.08495780825614929,0.078165702521801,0.04022988677024841,0.4194850027561188,0.0719539076089859,0.03448275849223137,0.40263986587524414
E4_adaptive_top3,0,9,784,705,79,87,139,0.6551724137931034,0.6454787234042554,0.6882978723404255,0.5833333333333334,0.525,0.7659574468085106,0.3807791471481323,0.18007662892341614,0.15113824605941772,1.0000073909759521,0.613145112991333,PHENO_ANAT,"PHENO_ANAT,ANAT_FUNC,PHENO_FUNC",0.10053760558366776,0.3376395106315613,top3,hybrid,0.5,20,5,4,36,a2de616feb34163b8bfaf07f7f8c021f11b3a1d097a8fe0ba51769d8497c6116,20.868537861853838,0.018876392394304276,0.006075301207602024,-0.06736797839403152,0.016306448727846146,-0.07589155435562134,-0.07762571424245834,2.0066683292388916,1.9933472871780396,0.0,1.9999845027923584,0.0,0.0,0.5474963188171387,0.41379308700561523,0.03656265139579773,0.5229495763778687,0.26436781883239746,0.06391409039497375,0.3138734996318817,0.04022988677024841,0.24292966723442078,0.41084057092666626,0.2528735399246216,0.07595604658126831,0.29555246233940125,0.03448275849223137,0.25117605924606323,0.19396261870861053,0.07471264898777008,0.23629093170166016
E4_adaptive_top3,0,10,784,705,79,87,140,0.7011494252873564,0.6992021276595746,0.7058510638297872,0.675,0.675,0.723404255319149,0.4272826313972473,0.27203065156936646,0.13632230460643768,1.0000075101852417,0.6131450533866882,PHENO_ANAT,"PHENO_ANAT,ANAT_FUNC,PHENO_FUNC",0.107640840113163,0.29362228512763977,top3,hybrid,0.5,20,5,4,36,c8bba363687655e5be05b1a6541eb5d8c1b13b43652b18f6129308bd60d66a3f,21.9585521183908,0.0118952551856637,-0.009364347904920578,-0.06725122034549713,-0.0022484143264591694,-0.08494625240564346,-0.0796419307589531,2.005225896835327,1.9924187660217285,0.0,2.0023553371429443,0.0,0.0,0.6243303418159485,0.5402299165725708,0.040805548429489136,0.6637036800384521,0.477011501789093,0.05483129620552063,0.22690969705581665,0.06896551698446274,0.22656413912773132,0.5533382296562195,0.43103447556495667,0.06638801097869873,0.3601652979850769,0.07471264153718948,0.20209825038909912,0.13524854183197021,0.04022988677024841,0.22724640369415283
E4_adaptive_top3,1,1,783,704,79,88,86,0.8522727272727273,0.8508043591074208,0.9439543331603529,0.8395061728395061,0.8292682926829268,0.8723404255319149,0.2275063693523407,0.15340909361839294,0.2639472782611847,1.0000019073486328,0.6131466627120972,PHENO_ANAT,"PHENO_ANAT,ANAT_FUNC,PHENO_FUNC",0.25894805788993835,0.37514814734458923,top3,hybrid,0.5,20,5,4,36,2920d1a2d1c5d32a82a360b076199906c5b1dcce2976f609794a649b4f24b965,20.6152532286942,-0.0137009397149086,-0.011480369605123997,-0.07193662226200104,-0.007875405251979828,-0.06935521960258484,-0.07857437431812286,2.003168821334839,1.996469497680664,0.0,2.0003621578216553,0.0,0.0,0.4599633812904358,0.2613636255264282,0.08323678374290466,0.5076119303703308,0.3636363744735718,0.07488620281219482,0.049662865698337555,0.04545454680919647,0.43653029203414917,0.24818037450313568,0.16477273404598236,0.09807106852531433,0.03880279138684273,0.039772726595401764,0.4633733034133911,0.06081688404083252,0.04545454680919647,0.4275859594345093
E4_adaptive_top3,1,2,784,705,79,87,74,0.9310344827586207,0.9294803817603394,0.9591728525980912,0.9249999999999999,0.9024390243902439,0.9565217391304348,0.22986549139022827,0.14750957489013672,0.19918668270111084,1.000001072883606,0.6131468415260315,PHENO_ANAT,"PHENO_ANAT,ANAT_FUNC,PHENO_FUNC",0.1920560747385025,0.39436841011047363,top3,hybrid,0.5,20,5,4,36,d87e777eb4acacb566e3401489a14a386d3aabd27f8fc352f20d7f53ec110480,13.939469400793314,-0.017956767231225967,-0.019034940749406815,-0.07599262148141861,-0.010755425319075584,-0.07682174444198608,-0.07099359482526779,2.002810001373291,1.9975000619888306,0.0,1.9996894598007202,0.0,0.0,0.37362241744995117,0.27586206793785095,0.10090062022209167,0.4130155146121979,0.2931034564971924,0.09005886316299438,0.12092115730047226,0.08045977354049683,0.3185628056526184,0.2103559970855713,0.14942528307437897,0.10550493001937866,0.11539473384618759,0.03448275849223137,0.2970446050167084,0.14588308334350586,0.051724135875701904,0.2830483019351959
E4_adaptive_top3,1,3,784,705,79,87,130,0.8620689655172413,0.8576352067868505,0.891304347826087,0.8421052631578947,0.7804878048780488,0.9347826086956522,0.37216126918792725,0.23563218116760254,0.2112194001674652,1.0000035762786865,0.613146185874939,PHENO_ANAT,"PHENO_ANAT,ANAT_FUNC,PHENO_FUNC",0.16989119350910187,0.31028997898101807,top3,hybrid,0.5,20,5,4,36,a39abe9c53b052d6f3f56b557b329f8023b72c008a3e9b97c8deba8d1d93732e,19.911786280572414,0.00019480474293231964,-0.011036287061870098,-0.13234497606754303,0.0009525991044938564,-0.12985852360725403,-0.13252489268779755,2.0035598278045654,1.9946823120117188,0.0,2.0017573833465576,0.0,0.0,0.6007853150367737,0.4885057508945465,0.03836941719055176,0.608691930770874,0.41379308700561523,0.05603468418121338,0.19849491119384766,0.051724135875701904,0.37554267048835754,0.4934931695461273,0.3563218414783478,0.06833189725875854,0.20148897171020508,0.05747126415371895,0.37569084763526917,0.13001345098018646,0.04597701132297516,0.3533470630645752
E4_adaptive_top3,1,4,784,705,79,87,76,0.8160919540229885,0.8093085106382978,0.9053191489361702,0.7837837837837837,0.725,0.8936170212765957,0.2225489616394043,0.1628352403640747,0.28059107065200806,1.0000008344650269,0.6131469011306763,PHENO_ANAT,"PHENO_ANAT,ANAT_FUNC,PHENO_FUNC",0.3807946443557739,0.386519193649292,top3,hybrid,0.5,20,5,4,36,b485be0551cbc95ccd356c83160655cba129d0a3a6a69a369bd06596b521245f,13.844595603644848,0.006003388203680515,-0.004892311990261078,-0.09027831256389618,-0.00457990076392889,-0.11136488616466522,-0.08615431189537048,2.0027382373809814,1.998456358909607,0.0,1.9988051652908325,0.0,0.0,0.434366375207901,0.33908045291900635,0.07755038142204285,0.49900373816490173,0.33908045291900635,0.0747552216053009,0.07222799211740494,0.06321839243173599,0.48460832238197327,0.21311186254024506,0.16091954708099365,0.09602952003479004,0.05181846767663956,0.028735632076859474,0.47564154863357544,0.06476527452468872,0.04597701132297516,0.4749613404273987
E4_adaptive_top3,1,5,784,705,79,87,112,0.8850574712643678,0.8787234042553191,0.8824468085106383,0.8648648648648648,0.8,0.9574468085106383,0.29751840233802795,0.18103449046611786,0.19043263792991638,1.0000005960464478,0.6131470799446106,ANAT_FUNC,"ANAT_FUNC,PHENO_ANAT,PHENO_FUNC",0.20469549298286438,0.34052151441574097,top3,hybrid,0.5,20,5,4,36,e2a03015f22672fbfe6b490e40234b1e7f587ead3b1c50554317d3fa2c6cac6f,18.20584160462022,-0.0004044499946758151,0.0025454624556005,-0.03410495072603226,9.514519479125738e-05,-0.04094572365283966,-0.05465340614318848,2.0001730918884277,1.9979057312011719,0.0,2.001920700073242,0.0,0.0,0.5412486791610718,0.3448275923728943,0.06285664439201355,0.5874178409576416,0.3735632300376892,0.05253717303276062,0.12441583722829819,0.05747126787900925,0.29898208379745483,0.31628358364105225,0.2298850566148758,0.0867052674293518,0.1299215853214264,0.028735632076859474,0.3242606222629547,0.0858229398727417,0.051724135875701904,0.31725412607192993
E4_adaptive_top3,1,6,784,705,79,87,80,0.8275862068965517,0.8143617021276596,0.8622340425531915,0.7761194029850746,0.65,0.9787234042553191,0.2447708398103714,0.13697318732738495,0.1893012523651123,1.000000238418579,0.6131470799446106,PHENO_ANAT,"PHENO_ANAT,PHENO_FUNC,ANAT_FUNC",0.23262467980384827,0.3901020884513855,top3,hybrid,0.5,20,5,4,36,ae65aacaa3b22a903bdfa6ab00e808767c668437e4d548a41d620be1c9aa421c,14.561579443514347,-0.00032617966644465923,-0.005684407893568277,-0.07091394066810608,-0.002869577147066593,-0.0759158506989479,-0.08914542198181152,2.000910997390747,2.000636100769043,0.0,1.9984525442123413,0.0,0.0,0.4287559688091278,0.22413793206214905,0.0901690125465393,0.48853304982185364,0.2816091775894165,0.09034579992294312,0.1247476115822792,0.06896551698446274,0.28140828013420105,0.22273454070091248,0.1551724076271057,0.09818476438522339,0.08693429827690125,0.04022988677024841,0.3050168752670288,0.11691947281360626,0.051724135875701904,0.2706827223300934
E4_adaptive_top3,1,7,784,705,79,87,98,0.8390804597701149,0.8380319148936171,0.9361702127659575,0.825,0.825,0.851063829787234,0.24833086133003235,0.1388888955116272,0.213728666305542,1.000004768371582,0.6131458878517151,PHENO_ANAT,"PHENO_ANAT,ANAT_FUNC,PHENO_FUNC",0.1404518485069275,0.38051968812942505,top3,hybrid,0.5,20,5,4,36,815265503b867ad67c643fea5c5dfbd1ab865ef2e2319f72987c75c5950a98c5,16.186340358108282,-0.02779296413064003,-0.034345924854278564,-0.06986916065216064,-0.009540553204715252,-0.07976870238780975,-0.08466049283742905,2.0032687187194824,1.9937466382980347,0.0,2.0029842853546143,0.0,0.0,0.459486186504364,0.2586206793785095,0.08258739113807678,0.4833134412765503,0.3045977056026459,0.078041672706604,0.11341583728790283,0.04597701132297516,0.3488207459449768,0.2321106344461441,0.14367815852165222,0.08850753307342529,0.08713230490684509,0.04022988677024841,0.3485482633113861,0.11452656239271164,0.04022988677024841,0.33586636185646057
E4_adaptive_top3,1,8,784,705,79,87,182,0.7931034482758621,0.7917553191489362,0.9079787234042552,0.775,0.775,0.8085106382978723,0.37909752130508423,0.22701150178909302,0.18908505141735077,1.0000072717666626,0.613145112991333,PHENO_ANAT,"PHENO_ANAT,ANAT_FUNC,PHENO_FUNC",0.35771819949150085,0.32873332500457764,top3,hybrid,0.5,20,5,4,36,8a717934c7cf6ca8e3eec31d50c84541b5e893560d90247c66bac6c72122f49e,26.58184814080596,0.03727945685386658,0.010862571187317371,-0.11628840863704681,0.0333915613591671,-0.10943514108657837,-0.10466529428958893,2.0063657760620117,1.9930673837661743,0.0,2.000566244125366,0.0,0.0,0.6146522760391235,0.4597701132297516,0.04716333746910095,0.5846732258796692,0.3505747318267822,0.06505122780799866,0.20736277103424072,0.09770114719867706,0.3050479590892792,0.5256423950195312,0.3045977056026459,0.06862863898277283,0.22132951021194458,0.1034482792019844,0.31175291538238525,0.12092509120702744,0.04597701132297516,0.3368660807609558
E4_adaptive_top3,1,9,784,705,79,87,129,0.8275862068965517,0.8199468085106383,0.8515957446808511,0.7945205479452054,0.725,0.9148936170212766,0.30640992522239685,0.2059386968612671,0.2621755003929138,1.000003457069397,0.6131462454795837,PHENO_ANAT,"PHENO_ANAT,PHENO_FUNC,ANAT_FUNC",0.2296917587518692,0.33298933506011963,top3,hybrid,0.5,20,5,4,36,942a80462f98f4d3fce30586297cf4f23cc81e179440c5f9deff9cdec55920d7,19.866113647818565,0.0024269353598356247,0.006271480582654476,-0.11248711496591568,0.0051950570195913315,-0.0947716161608696,-0.09856244921684265,2.00490665435791,1.9992163181304932,0.0,1.9958769083023071,0.0,0.0,0.5100229978561401,0.44252872467041016,0.04571986198425293,0.5360305905342102,0.37931033968925476,0.06548747420310974,0.12317711114883423,0.02298850566148758,0.4702499806880951,0.43584951758384705,0.32758623361587524,0.08029055595397949,0.13778279721736908,0.02298850566148758,0.4780234098434448,0.0955965667963028,0.04022988677024841,0.4332819879055023
E4_adaptive_top3,1,10,784,705,79,87,138,0.8620689655172413,0.8648936170212767,0.8893617021276596,0.8571428571428572,0.9,0.8297872340425532,0.4109501242637634,0.24042145907878876,0.17306706309318542,1.000009536743164,0.6131445169448853,PHENO_ANAT,"PHENO_ANAT,ANAT_FUNC,PHENO_FUNC",0.1248764768242836,0.31435921788215637,top3,hybrid,0.5,20,5,4,36,7b41f8ad7fcd078fb431f5a63fceae479f9e83add43115f2b2ef617b3b7b76f8,20.747935332357883,0.01285228505730629,0.005831422749906778,-0.07414303719997406,0.000744569581001997,-0.07166886329650879,-0.08223512768745422,2.008221387863159,1.99320650100708,0.0,1.9985716342926025,0.0,0.0,0.6403824090957642,0.48275861144065857,0.048994481563568115,0.6039238572120667,0.3505747318267822,0.059379637241363525,0.2065143883228302,0.08620689809322357,0.2862875759601593,0.5352401733398438,0.3563218414783478,0.0762777030467987,0.30200085043907166,0.08620689809322357,0.2698154151439667,0.17763882875442505,0.08045976608991623,0.2976473569869995
E4_adaptive_top3,2,1,783,704,79,88,92,0.7386363636363636,0.7459782044628958,0.8225220550077841,0.7526881720430108,0.8536585365853658,0.6382978723404256,0.25549206137657166,0.15340909361839294,0.24620327353477478,1.0000224113464355,0.6131409406661987,PHENO_ANAT,"PHENO_ANAT,ANAT_FUNC,PHENO_FUNC",0.36357033252716064,0.36700496077537537,top3,hybrid,0.5,20,5,4,36,3482fd1c35313837f9b4cdf339fe1875d374253e510d1b51c5562b21b7b7d154,20.292530573904514,0.0017137960530817509,-0.013548779301345348,-0.07809824496507645,-0.006083187647163868,-0.0879230946302414,-0.07433994114398956,2.0103487968444824,1.9874277114868164,0.0,2.002223014831543,0.0,0.0,0.5081658959388733,0.3238636255264282,0.06721547245979309,0.5509589910507202,0.34090909361839294,0.06622189283370972,0.08088183403015137,0.034090910106897354,0.4262640178203583,0.24774833023548126,0.14772728085517883,0.08465507626533508,0.0637023001909256,0.04545454680919647,0.420078307390213,0.08149493485689163,0.028409091755747795,0.4127848446369171
E4_adaptive_top3,2,2,784,705,79,87,150,0.9195402298850575,0.9239130434782609,0.9538706256627784,0.9213483146067416,1.0,0.8478260869565217,0.3326578736305237,0.19252872467041016,0.23813891410827637,1.0000020265579224,0.6131466031074524,ANAT_FUNC,"ANAT_FUNC,PHENO_ANAT,PHENO_FUNC",0.2786211371421814,0.34443897008895874,top3,hybrid,0.5,20,5,4,36,86d25602768399e0a820f0f811f53a43edbccdf5b854970f742fb0148c040a1f,21.44815071672201,0.03205912560224533,0.03971637040376663,-0.033627402037382126,0.029917925596237183,-0.04773464426398277,-0.057056501507759094,2.0011398792266846,1.9959697723388672,0.0,2.002890110015869,0.0,0.0,0.5636593103408813,0.4195402264595032,0.052204906940460205,0.5999897122383118,0.3333333134651184,0.05497172474861145,0.1171734407544136,0.051724135875701904,0.4153701066970825,0.4651964008808136,0.2298850566148758,0.0785183310508728,0.13306356966495514,0.0517241396009922,0.41236668825149536,0.11686454713344574,0.06896551698446274,0.4154018759727478
E4_adaptive_top3,2,3,784,705,79,87,137,0.8275862068965517,0.8223753976670201,0.8886532343584306,0.8,0.7317073170731707,0.9130434782608695,0.39791932702064514,0.19157087802886963,0.18403804302215576,1.0000114440917969,0.6131439208984375,PHENO_ANAT,"PHENO_ANAT,ANAT_FUNC,PHENO_FUNC",0.1929933726787567,0.3423413634300232,top3,hybrid,0.5,20,5,4,36,2c2e7daeef8e34639d26c23063b040907966241b25debe7d461a57555717c118,20.7288903221488,0.02048872783780098,0.0069070542231202126,-0.061944857239723206,0.0117110600695014,-0.06786857545375824,-0.0755622461438179,2.009561061859131,1.993941307067871,0.0,1.9964966773986816,0.0,0.0,0.585980236530304,0.41379308700561523,0.0413079559803009,0.5312902927398682,0.26436781883239746,0.08098948001861572,0.3398756980895996,0.07471264153718948,0.2910681366920471,0.4400455355644226,0.23563218116760254,0.08114859461784363,0.29458510875701904,0.06896551698446274,0.2953796982765198,0.19573888182640076,0.09195402264595032,0.3143344521522522
E4_adaptive_top3,2,4,784,705,79,87,113,0.8390804597701149,0.8473404255319148,0.925531914893617,0.8444444444444444,0.95,0.7446808510638298,0.3139689564704895,0.1791187822818756,0.20134174823760986,1.0000032186508179,0.613146185874939,ANAT_FUNC,"ANAT_FUNC,PHENO_ANAT,PHENO_FUNC",0.2012915313243866,0.35363754630088806,top3,hybrid,0.5,20,5,4,36,320be97d97002b36843b5e50592ea8c23f65cda0282fda50516b2fb7e94a9368,18.39359239861369,-0.018268536776304245,-0.019577421247959137,-0.08472076803445816,-0.008440298959612846,-0.09284302592277527,-0.09340521693229675,1.9994293451309204,1.995842695236206,0.0,2.004727363586426,0.0,0.0,0.5387164354324341,0.36781609058380127,0.06702044606208801,0.5571162700653076,0.3735632300376892,0.07744699716567993,0.19676433503627777,0.0517241396009922,0.3234913647174835,0.33474692702293396,0.21264368295669556,0.08156973123550415,0.11996819078922272,0.028735632076859474,0.3232712149620056,0.13650155067443848,0.04022988677024841,0.33525097370147705
E4_adaptive_top3,2,5,784,705,79,87,124,0.8735632183908046,0.8662234042553192,0.8824468085106383,0.8493150684931509,0.775,0.9574468085106383,0.3599725067615509,0.23563218116760254,0.1896836757659912,1.0000057220458984,0.6131455898284912,PHENO_ANAT,"PHENO_ANAT,ANAT_FUNC,PHENO_FUNC",0.13257074356079102,0.3122469186782837,top3,hybrid,0.5,20,5,4,36,91de6c45307f97e22e3ef863f49ae5f8fff57887133da9b7525311e05d713bc0,20.281037218868732,0.0033764084801077843,-0.006746656261384487,-0.06168784573674202,-0.007634557783603668,-0.07148531824350357,-0.0795634463429451,2.006786823272705,1.9962037801742554,0.0,1.9970091581344604,0.0,0.0,0.5887398719787598,0.5057471394538879,0.04834383726119995,0.5597506761550903,0.39080458879470825,0.077715665102005,0.1652337610721588,0.03448275849223137,0.32917138934135437,0.5272945165634155,0.3735632300376892,0.06983086466789246,0.1926165521144867,0.04597701132297516,0.3020254373550415,0.12619967758655548,0.06321839243173599,0.31101492047309875
E4_adaptive_top3,2,6,784,705,79,87,119,0.8850574712643678,0.8824468085106383,0.9047872340425532,0.8717948717948718,0.85,0.9148936170212766,0.31534016132354736,0.1829501837491989,0.2089734971523285,1.000004768371582,0.6131458282470703,ANAT_FUNC,"ANAT_FUNC,PHENO_FUNC,PHENO_ANAT",0.18090875446796417,0.3445967137813568,top3,hybrid,0.5,20,5,4,36,8f20a89b70c47182365eb5a759f595d3fc9899f41a8636ad9f33aceea655e915,18.60573636367917,-0.011916076764464378,-0.009513984434306622,-0.07812167704105377,0.0025149951688945293,-0.0902734324336052,-0.07760996371507645,1.9957833290100098,1.9981560707092285,0.0,2.0060603618621826,0.0,0.0,0.4999895691871643,0.36206895112991333,0.06162142753601074,0.5240130424499512,0.2931034564971924,0.06643801927566528,0.16888746619224548,0.051724135875701904,0.35521090030670166,0.37968116998672485,0.2816091775894165,0.0852942168712616,0.17526653409004211,0.06321839243173599,0.3521258533000946,0.14420326054096222,0.04597701132297516,0.33315056562423706
E4_adaptive_top3,2,7,784,705,79,87,6,0.6666666666666666,0.6579787234042553,0.6106382978723404,0.6027397260273972,0.55,0.7659574468085106,0.11468148231506348,0.09386973828077316,0.1822720170021057,1.0000108480453491,0.6131441593170166,PHENO_Correlation,"PHENO_Correlation,PHENO_FUNC,ANAT_Correlation",0.6940325498580933,0.5539690256118774,top3,hybrid,0.5,20,5,4,36,513a510164e17f707c56364faab8ac18e09e92d52c2e3f633357ed178587da3e,5.963584538549185,-0.006188182160258293,-0.002999486168846488,-0.0015729318838566542,-0.007791558746248484,-0.0077409278601408005,-0.006180443800985813,0.0,1.9972608089447021,2.009108066558838,0.0,1.9936310052871704,0.0,0.17866018414497375,0.14367815852165222,0.08229660987854004,0.1078065037727356,0.07471264153718948,0.12333816289901733,0.123554527759552,0.1149425283074379,0.2674993574619293,0.10149934887886047,0.06321839243173599,0.07789832353591919,0.11331388354301453,0.09770115464925766,0.2620519697666168,0.06325417757034302,0.06896551698446274,0.280547559261322
E4_adaptive_top3,2,8,784,705,79,87,89,0.8505747126436781,0.850531914893617,0.8563829787234043,0.8395061728395061,0.85,0.851063829787234,0.27855533361434937,0.14463602006435394,0.1932462453842163,1.0000051259994507,0.6131458282470703,PHENO_ANAT,"PHENO_ANAT,ANAT_FUNC,PHENO_FUNC",0.2345331311225891,0.36742648482322693,top3,hybrid,0.5,20,5,4,36,f5768e86352919ec56daef6583c6054ddfd21302101d2730af6b18f4c64131bd,15.097002822905779,-0.0033435910008847713,-0.014954162761569023,-0.06986876577138901,-0.0027568775694817305,-0.09012338519096375,-0.10456287860870361,2.0052011013031006,1.9941537380218506,0.0,2.000645160675049,0.0,0.0,0.5060908198356628,0.2931034564971924,0.06391209363937378,0.5483356714248657,0.28735631704330444,0.06682652235031128,0.1625681072473526,0.06321839243173599,0.303148090839386,0.24191230535507202,0.1149425283074379,0.09075018763542175,0.1110675185918808,0.05747126415371895,0.3142389953136444,0.10135740786790848,0.051724135875701904,0.32060158252716064
E4_adaptive_top3,2,9,784,705,79,87,104,0.8620689655172413,0.8686170212765958,0.9404255319148936,0.8636363636363635,0.95,0.7872340425531915,0.2710799276828766,0.1781609058380127,0.20918437838554382,1.0000078678131104,0.6131449937820435,PHENO_ANAT,"PHENO_ANAT,ANAT_FUNC,PHENO_FUNC",0.2410367727279663,0.3577660918235779,top3,hybrid,0.5,20,5,4,36,a3c0c70665a03089f4fa1c545436d7ed5c4711ef072cb91dfbc77166f317d27d,16.9679946154356,-0.009321050718426704,-0.024684134870767593,-0.058125607669353485,-0.010346943512558937,-0.071292944252491,-0.07944972813129425,2.0055365562438965,1.9922691583633423,0.0,2.002194404602051,0.0,0.0,0.4973115921020508,0.3103448152542114,0.06259724497795105,0.6111214756965637,0.41379308700561523,0.061450958251953125,0.11271382868289948,0.05747126415371895,0.3269048035144806,0.28402984142303467,0.20689654350280762,0.0854724645614624,0.0702788233757019,0.04022988677024841,0.35355275869369507,0.051023975014686584,0.04022988677024841,0.36512795090675354
E4_adaptive_top3,2,10,784,705,79,87,177,0.8850574712643678,0.8898936170212766,0.9611702127659575,0.8837209302325583,0.95,0.8297872340425532,0.29201897978782654,0.15804597735404968,0.33969900012016296,1.0000090599060059,0.6131446957588196,PHENO_ANAT,"PHENO_ANAT,PHENO_FUNC,ANAT_FUNC",0.3461809754371643,0.3334976136684418,top3,hybrid,0.5,20,5,4,36,e0a138bc0f257ca51d594da75ff7155ba8d41dea39e8c8ab6b0fd67f862a9261,24.961840216070414,0.038298677653074265,0.038047678768634796,-0.1009179949760437,0.02607976272702217,-0.11100149899721146,-0.13428521156311035,2.0085082054138184,1.9963446855545044,0.0,1.9951471090316772,0.0,0.0,0.5031999945640564,0.32758620381355286,0.051781922578811646,0.5488360524177551,0.28735631704330444,0.08012545108795166,0.08561975508928299,0.02298850566148758,0.6275168657302856,0.4621175229549408,0.2528735399246216,0.09256035089492798,0.09229516983032227,0.02298850566148758,0.6176356077194214,0.06004529818892479,0.03448275849223137,0.5685737133026123
E5_balanced_sparse_control,0,1,783,704,79,88,121,0.875,0.8783082511676181,0.9538142189932538,0.8735632183908046,0.926829268292683,0.8297872340425532,0.39677247405052185,0.2537878751754761,0.12460768222808838,1.0,0.6131471991539001,PHENO_ANAT,"ANAT_Correlation,PHENO_Correlation,PHENO_ANAT",0.1550115942955017,0.3969627618789673,sparse,hybrid,0.5,20,5,4,36,972f662c922f3f02355d79787c586293ea503c3c0736d55ac815c57e920a5b22,20.137682862579823,nan,nan,nan,nan,nan,nan,2.0,0.0,2.0,0.0,2.0,0.0,0.5128356218338013,0.4375,0.07655048370361328,0.4849477708339691,0.28409090638160706,0.09507238864898682,0.4235013723373413,0.25,0.15962573885917664,0.33407342433929443,0.23295454680919647,0.09227797389030457,0.33149605989456177,0.21022728085517883,0.15366002917289734,0.29378044605255127,0.10795454680919647,0.17045965790748596
E5_balanced_sparse_control,0,2,784,705,79,87,105,0.8620689655172413,0.8616118769883351,0.9029692470837752,0.8536585365853658,0.8536585365853658,0.8695652173913043,0.354798287153244,0.2183908224105835,0.12752610445022583,1.0,0.6131471991539001,PHENO_ANAT,"ANAT_Correlation,PHENO_Correlation,PHENO_ANAT",0.1601419299840927,0.43158596754074097,sparse,hybrid,0.5,20,5,4,36,f003f98cc27a3e6828c561e38d9bbb4b7c818292ab964eac0d36dd96727e4d50,14.339177455753088,nan,nan,nan,nan,nan,nan,2.0,0.0,2.0,0.0,2.0,0.0,0.4802081882953644,0.2988505959510803,0.07948446273803711,0.5183030962944031,0.32758623361587524,0.07814383506774902,0.3880707323551178,0.2298850566148758,0.16574901342391968,0.25397107005119324,0.19540229439735413,0.08977001905441284,0.22523516416549683,0.06896551698446274,0.17815643548965454,0.2630014419555664,0.18965516984462738,0.17385277152061462
E5_balanced_sparse_control,0,3,784,705,79,87,106,0.8505747126436781,0.8494167550371156,0.9395546129374337,0.8395061728395061,0.8292682926829268,0.8695652173913043,0.2904323935508728,0.1829501837491989,0.17737212777137756,1.0,0.6131471991539001,PHENO_FUNC,"FUNC_Correlation,ANAT_FUNC,PHENO_FUNC",0.16968491673469543,0.43588849902153015,sparse,hybrid,0.5,20,5,4,36,8979a74112f517dee08f45fbdf8772a1a8ede570d75b76c128f52d0b4ac072ab,14.496179588139057,nan,nan,nan,nan,nan,nan,0.0,2.0,0.0,2.0,0.0,2.0,0.43143436312675476,0.24137932062149048,0.10507860779762268,0.46989771723747253,0.3103448152542114,0.10293254256248474,0.25336021184921265,0.19540229439735413,0.2500079274177551,0.27002450823783875,0.18965516984462738,0.09475111961364746,0.1431051343679428,0.08045976608991623,0.2558669149875641,0.17477232217788696,0.08045977354049683,0.25559553503990173
E5_balanced_sparse_control,0,4,784,705,79,87,172,0.896551724137931,0.8930851063829788,0.9765957446808511,0.8831168831168831,0.85,0.9361702127659575,0.38621774315834045,0.20498085021972656,0.1739799678325653,1.0,0.6131471991539001,PHENO_FUNC,"FUNC_Correlation,ANAT_FUNC,PHENO_FUNC",0.2590491473674774,0.4194871783256531,sparse,hybrid,0.5,20,5,4,36,9549f02031535027047776dac434feb5fa74b793c6cce5e33d9bc6f39deaaa9f,20.514581747353077,nan,nan,nan,nan,nan,nan,0.0,2.0,0.0,2.0,0.0,2.0,0.5317273139953613,0.3333333432674408,0.06026241183280945,0.5109282732009888,0.28735631704330444,0.06783807277679443,0.3280627429485321,0.21264368295669556,0.2993520200252533,0.3753991723060608,0.14942529797554016,0.07948124408721924,0.28889718651771545,0.12068965286016464,0.2766658067703247,0.2822917699813843,0.12643678486347198,0.26028016209602356
E5_balanced_sparse_control,0,5,784,705,79,87,95,0.8850574712643678,0.8787234042553191,0.9478723404255319,0.8648648648648648,0.8,0.9574468085106383,0.30221107602119446,0.1704981029033661,0.18834835290908813,1.0,0.6131471991539001,PHENO_ANAT,"ANAT_Correlation,PHENO_Correlation,PHENO_ANAT",0.20070841908454895,0.47717100381851196,sparse,hybrid,0.5,20,5,4,36,b92c8250915627f5ee62ede91bf80c4a32d2261d06aa80e60845df6155a1045e,13.36037065088749,nan,nan,nan,nan,nan,nan,2.0,0.0,2.0,0.0,2.0,0.0,0.4296186864376068,0.2586206793785095,0.0976719856262207,0.501660943031311,0.2816091775894165,0.08927980065345764,0.298586368560791,0.14942528307437897,0.257000595331192,0.21785806119441986,0.1149425283074379,0.11671200394630432,0.16015401482582092,0.1034482792019844,0.2895336449146271,0.20538847148418427,0.1149425357580185,0.2798919081687927
E5_balanced_sparse_control,0,6,784,705,79,87,97,0.9425287356321839,0.9393617021276596,0.9457446808510639,0.935064935064935,0.9,0.9787234042553191,0.3714170753955841,0.19636015594005585,0.12864018976688385,1.0,0.6131471991539001,PHENO_ANAT,"ANAT_Correlation,PHENO_Correlation,PHENO_ANAT",0.2413634955883026,0.4171537756919861,sparse,hybrid,0.5,20,5,4,36,5cfbbf6ec0faf5cf1723b7c33c6fd766f8364f753fc36333259cc4aada3c4390,13.926176346838474,nan,nan,nan,nan,nan,nan,2.0,0.0,2.0,0.0,2.0,0.0,0.48581498861312866,0.29885056614875793,0.08253315091133118,0.5154752731323242,0.3045976758003235,0.08208721876144409,0.4084834158420563,0.2068965584039688,0.15160584449768066,0.2674553394317627,0.14942528307437897,0.09079557657241821,0.2559598386287689,0.09770114719867706,0.1823938488960266,0.29531362652778625,0.12068965286016464,0.18242564797401428
E5_balanced_sparse_control,0,7,784,705,79,87,91,0.9310344827586207,0.9324468085106383,0.9617021276595745,0.9268292682926829,0.95,0.9148936170212766,0.30751046538352966,0.15996170043945312,0.16030393540859222,1.0,0.6131471991539001,PHENO_ANAT,"ANAT_Correlation,PHENO_Correlation,PHENO_ANAT",0.214277982711792,0.4648432731628418,sparse,hybrid,0.5,20,5,4,36,2546b0018f0222ddd68b1ec3f179956fd740ffcff9ec2a69e1601f4337cbec49,13.44540125131607,nan,nan,nan,nan,nan,nan,2.0,0.0,2.0,0.0,2.0,0.0,0.44436007738113403,0.23563218116760254,0.09355801343917847,0.5071052312850952,0.2298850566148758,0.07862424850463867,0.27058956027030945,0.17241379618644714,0.215877503156662,0.24258491396903992,0.14367815852165222,0.10086414217948914,0.1596946269273758,0.051724135875701904,0.23452520370483398,0.22072842717170715,0.12643678486347198,0.23837435245513916
E5_balanced_sparse_control,0,8,784,705,79,87,130,0.9425287356321839,0.9449468085106383,0.9946808510638298,0.9397590361445783,0.975,0.9148936170212766,0.428985595703125,0.25957855582237244,0.13999712467193604,1.0,0.6131471991539001,PHENO_FUNC,"FUNC_Correlation,ANAT_FUNC,PHENO_FUNC",0.16970621049404144,0.39786219596862793,sparse,hybrid,0.5,20,5,4,36,54e7c40772cc65327664f24b621cab0e2706987043049273f2f94ffac594b2c9,16.803085204213858,nan,nan,nan,nan,nan,nan,0.0,2.0,0.0,2.0,0.0,2.0,0.5356189012527466,0.45402300357818604,0.05143630504608154,0.548145055770874,0.3218390941619873,0.07424533367156982,0.38690370321273804,0.24137932062149048,0.203262597322464,0.41747134923934937,0.27586206793785095,0.09890073537826538,0.3872692883014679,0.17241379618644714,0.20753371715545654,0.29850515723228455,0.09195402264595032,0.20460397005081177
E5_balanced_sparse_control,0,9,784,705,79,87,115,0.6666666666666666,0.6561170212765958,0.6563829787234042,0.5915492957746479,0.525,0.7872340425531915,0.34094059467315674,0.20114943385124207,0.1347777545452118,1.0,0.6131471991539001,PHENO_ANAT,"ANAT_Correlation,PHENO_Correlation,PHENO_ANAT",0.10878554731607437,0.44743454456329346,sparse,hybrid,0.5,20,5,4,36,a2de616feb34163b8bfaf07f7f8c021f11b3a1d097a8fe0ba51769d8497c6116,15.691534981131554,nan,nan,nan,nan,nan,nan,2.0,0.0,2.0,0.0,2.0,0.0,0.4498879909515381,0.3045976758003235,0.08857864141464233,0.4674660265445709,0.28735631704330444,0.09228315949440002,0.39267635345458984,0.19540229439735413,0.17210304737091064,0.2736559510231018,0.21264368295669556,0.08755722641944885,0.2311537265777588,0.09770114719867706,0.18695327639579773,0.2308034896850586,0.10919540375471115,0.18119126558303833
E5_balanced_sparse_control,0,10,784,705,79,87,104,0.7011494252873564,0.6973404255319149,0.7159574468085107,0.6666666666666667,0.65,0.7446808510638298,0.3417779505252838,0.21360152959823608,0.12369757890701294,1.0,0.6131471991539001,PHENO_FUNC,"FUNC_Correlation,ANAT_FUNC,PHENO_FUNC",0.13361921906471252,0.4296751916408539,sparse,hybrid,0.5,20,5,4,36,c8bba363687655e5be05b1a6541eb5d8c1b13b43652b18f6129308bd60d66a3f,14.478553682565689,nan,nan,nan,nan,nan,nan,0.0,2.0,0.0,2.0,0.0,2.0,0.4734398424625397,0.3218390941619873,0.08967912197113037,0.5104864835739136,0.32758620381355286,0.08469921350479126,0.39747411012649536,0.2298850566148758,0.1309867799282074,0.22574837505817413,0.19540229439735413,0.09414753317832947,0.19885456562042236,0.09770114719867706,0.17771771550178528,0.24466411769390106,0.10919539630413055,0.16495516896247864
E5_balanced_sparse_control,1,1,783,704,79,88,114,0.8863636363636364,0.8842760768033212,0.9730150492994292,0.875,0.8536585365853658,0.9148936170212766,0.34044861793518066,0.21022729575634003,0.14676335453987122,1.0,0.6131471991539001,PHENO_FUNC,"FUNC_Correlation,ANAT_FUNC,PHENO_FUNC",0.1279239058494568,0.41466301679611206,sparse,hybrid,0.5,20,5,4,36,2920d1a2d1c5d32a82a360b076199906c5b1dcce2976f609794a649b4f24b965,21.45741182938218,nan,nan,nan,nan,nan,nan,0.0,2.0,0.0,2.0,0.0,2.0,0.49880075454711914,0.28409093618392944,0.08328244090080261,0.5014511942863464,0.34659093618392944,0.09081801772117615,0.35088449716567993,0.22159092128276825,0.18356749415397644,0.2886274456977844,0.2443181872367859,0.09548822045326233,0.21078374981880188,0.08522727340459824,0.2165757715702057,0.19214388728141785,0.07954545319080353,0.21084809303283691
E5_balanced_sparse_control,1,2,784,705,79,87,125,0.9425287356321839,0.9430010604453871,0.9734888653234357,0.9397590361445782,0.9512195121951219,0.9347826086956522,0.31882938742637634,0.17241379618644714,0.22194723784923553,1.0,0.6131471991539001,PHENO_ANAT,"ANAT_Correlation,PHENO_Correlation,PHENO_ANAT",0.313989520072937,0.5138462781906128,sparse,hybrid,0.5,20,5,4,36,d87e777eb4acacb566e3401489a14a386d3aabd27f8fc352f20d7f53ec110480,17.25787592679262,nan,nan,nan,nan,nan,nan,2.0,0.0,2.0,0.0,2.0,0.0,0.4055663049221039,0.2701149582862854,0.11122217774391174,0.4175797700881958,0.26436781883239746,0.12597793340682983,0.21742717921733856,0.1149425283074379,0.40874573588371277,0.36863163113594055,0.14367815852165222,0.09264332056045532,0.2632324695587158,0.1149425283074379,0.29950401186943054,0.24053892493247986,0.12643678486347198,0.29359015822410583
E5_balanced_sparse_control,1,3,784,705,79,87,73,0.7586206896551724,0.749204665959703,0.8382820784729587,0.6956521739130435,0.5853658536585366,0.9130434782608695,0.25278982520103455,0.14559388160705566,0.18602143228054047,1.0,0.6131471991539001,PHENO_ANAT,"ANAT_Correlation,PHENO_Correlation,PHENO_ANAT",0.38429924845695496,0.4973858594894409,sparse,hybrid,0.5,20,5,4,36,a39abe9c53b052d6f3f56b557b329f8023b72c008a3e9b97c8deba8d1d93732e,12.483907878398895,nan,nan,nan,nan,nan,nan,2.0,0.0,2.0,0.0,2.0,0.0,0.34991034865379333,0.18965516984462738,0.09559926390647888,0.42185741662979126,0.21264368295669556,0.08708459138870239,0.19653597474098206,0.20689654350280762,0.2603493630886078,0.2088978886604309,0.08620689809322357,0.0902068018913269,0.14752411842346191,0.10919539630413055,0.2947840690612793,0.1920131891965866,0.06896551698446274,0.2881046533584595
E5_balanced_sparse_control,1,4,784,705,79,87,85,0.8390804597701149,0.8287234042553191,0.8590425531914895,0.8,0.7,0.9574468085106383,0.2844042181968689,0.18007664382457733,0.17090778052806854,1.0,0.6131471991539001,PHENO_ANAT,"ANAT_Correlation,PHENO_Correlation,PHENO_ANAT",0.259525865316391,0.4938448667526245,sparse,hybrid,0.5,20,5,4,36,b485be0551cbc95ccd356c83160655cba129d0a3a6a69a369bd06596b521245f,13.925791341811419,nan,nan,nan,nan,nan,nan,2.0,0.0,2.0,0.0,2.0,0.0,0.40736880898475647,0.24137932062149048,0.09888136386871338,0.459267795085907,0.2931034564971924,0.09687560796737671,0.25163766741752625,0.2183907926082611,0.25004640221595764,0.21520347893238068,0.13218390941619873,0.09616085886955261,0.15771695971488953,0.06321839243173599,0.24318379163742065,0.21523049473762512,0.13218390941619873,0.2402985692024231
E5_balanced_sparse_control,1,5,784,705,79,87,140,0.8850574712643678,0.8843085106382979,0.9409574468085107,0.875,0.875,0.8936170212765957,0.30364587903022766,0.15804597735404968,0.17115351557731628,1.0,0.6131471991539001,PHENO_FUNC,"FUNC_Correlation,ANAT_FUNC,PHENO_FUNC",0.2514677941799164,0.44706839323043823,sparse,hybrid,0.5,20,5,4,36,e2a03015f22672fbfe6b490e40234b1e7f587ead3b1c50554317d3fa2c6cac6f,19.110548850148916,nan,nan,nan,nan,nan,nan,0.0,2.0,0.0,2.0,0.0,2.0,0.40039095282554626,0.24712643027305603,0.07533618807792664,0.39321738481521606,0.16091953217983246,0.14332199096679688,0.22344845533370972,0.12643678486347198,0.25445932149887085,0.3293420076370239,0.14942528307437897,0.10630124807357788,0.2536083459854126,0.17241379618644714,0.2103421688079834,0.22186800837516785,0.09195402264595032,0.23716002702713013
E5_balanced_sparse_control,1,6,784,705,79,87,150,0.8275862068965517,0.8162234042553191,0.8840425531914894,0.7826086956521738,0.675,0.9574468085106383,0.35078391432762146,0.1867816150188446,0.18861429393291473,1.0,0.6131471991539001,PHENO_FUNC,"FUNC_Correlation,ANAT_FUNC,PHENO_FUNC",0.25682806968688965,0.4350716769695282,sparse,hybrid,0.5,20,5,4,36,ae65aacaa3b22a903bdfa6ab00e808767c668437e4d548a41d620be1c9aa421c,20.093291349709034,nan,nan,nan,nan,nan,nan,0.0,2.0,0.0,2.0,0.0,2.0,0.444385826587677,0.27586206793785095,0.1022622287273407,0.45996230840682983,0.2586206793785095,0.10999470949172974,0.2510417103767395,0.13218390941619873,0.29640305042266846,0.39641302824020386,0.20114943385124207,0.07133114337921143,0.2770777642726898,0.09770114719867706,0.28981584310531616,0.2758226692676544,0.1551724076271057,0.2618788182735443
E5_balanced_sparse_control,1,7,784,705,79,87,87,0.8390804597701149,0.8361702127659575,0.9319148936170213,0.8205128205128205,0.8,0.8723404255319149,0.2910182476043701,0.17337165772914886,0.14718914031982422,1.0,0.6131471991539001,PHENO_ANAT,"ANAT_Correlation,PHENO_Correlation,PHENO_ANAT",0.17338071763515472,0.44838112592697144,sparse,hybrid,0.5,20,5,4,36,815265503b867ad67c643fea5c5dfbd1ab865ef2e2319f72987c75c5950a98c5,14.563591338694096,nan,nan,nan,nan,nan,nan,2.0,0.0,2.0,0.0,2.0,0.0,0.3869588077068329,0.23563218116760254,0.10275477170944214,0.42154526710510254,0.25287356972694397,0.09585872292518616,0.28905442357063293,0.17241379618644714,0.19403430819511414,0.19968104362487793,0.13793103396892548,0.09949496388435364,0.19329601526260376,0.09195402264595032,0.20078760385513306,0.2555740177631378,0.14942528307437897,0.19020453095436096
E5_balanced_sparse_control,1,8,784,705,79,87,157,0.8045977011494253,0.8023936170212767,0.9095744680851064,0.7848101265822786,0.775,0.8297872340425532,0.31309932470321655,0.19923371076583862,0.15273833274841309,1.0,0.6131471991539001,PHENO_ANAT,"ANAT_Correlation,PHENO_Correlation,PHENO_ANAT",0.27329394221305847,0.47283443808555603,sparse,hybrid,0.5,20,5,4,36,8a717934c7cf6ca8e3eec31d50c84541b5e893560d90247c66bac6c72122f49e,21.274962782859802,nan,nan,nan,nan,nan,nan,2.0,0.0,2.0,0.0,2.0,0.0,0.35423004627227783,0.3563218116760254,0.06457534432411194,0.3937585949897766,0.23563218116760254,0.12446057796478271,0.23346519470214844,0.18965516984462738,0.2362803816795349,0.3629547953605652,0.19540229439735413,0.09573745727539062,0.24789869785308838,0.12643678486347198,0.19784942269325256,0.2862884998321533,0.09195402264595032,0.1975269317626953
E5_balanced_sparse_control,1,9,784,705,79,87,110,0.8390804597701149,0.8436170212765958,0.8803191489361702,0.8372093023255814,0.9,0.7872340425531915,0.34076693654060364,0.22413794696331024,0.1379292607307434,1.0,0.6131471991539001,PHENO_FUNC,"FUNC_Correlation,ANAT_FUNC,PHENO_FUNC",0.17272581160068512,0.4158717095851898,sparse,hybrid,0.5,20,5,4,36,942a80462f98f4d3fce30586297cf4f23cc81e179440c5f9deff9cdec55920d7,16.2223489433527,nan,nan,nan,nan,nan,nan,0.0,2.0,0.0,2.0,0.0,2.0,0.4744654595851898,0.3218390941619873,0.07199639081954956,0.5096262693405151,0.3218390941619873,0.07627782225608826,0.34843242168426514,0.2183907926082611,0.1981842815876007,0.2674131393432617,0.18965518474578857,0.07923927903175354,0.21144840121269226,0.13793103396892548,0.2060239017009735,0.2332158386707306,0.1551724076271057,0.19585376977920532
E5_balanced_sparse_control,1,10,784,705,79,87,116,0.8390804597701149,0.8417553191489362,0.9053191489361703,0.8333333333333334,0.875,0.8085106382978723,0.34420615434646606,0.23467431962490082,0.1566661149263382,1.0,0.6131471991539001,PHENO_FUNC,"FUNC_Correlation,ANAT_FUNC,PHENO_FUNC",0.13701388239860535,0.42058295011520386,sparse,hybrid,0.5,20,5,4,36,7b41f8ad7fcd078fb431f5a63fceae479f9e83add43115f2b2ef617b3b7b76f8,16.64247853681445,nan,nan,nan,nan,nan,nan,0.0,2.0,0.0,2.0,0.0,2.0,0.49391043186187744,0.39080458879470825,0.0812309980392456,0.49338406324386597,0.3735632300376892,0.10119178891181946,0.34617772698402405,0.20114943385124207,0.2226652204990387,0.2933085262775421,0.18390804529190063,0.09171760082244873,0.21461272239685059,0.14367815852165222,0.21921977400779724,0.22384336590766907,0.1149425283074379,0.22397133708000183
E5_balanced_sparse_control,2,1,783,704,79,88,75,0.7272727272727273,0.7353399065905553,0.8375713544369486,0.7446808510638298,0.8536585365853658,0.6170212765957447,0.27503564953804016,0.18371212482452393,0.15384790301322937,1.0,0.6131471991539001,PHENO_ANAT,"ANAT_Correlation,PHENO_Correlation,PHENO_ANAT",0.38868677616119385,0.4759209156036377,sparse,hybrid,0.5,20,5,4,36,3482fd1c35313837f9b4cdf339fe1875d374253e510d1b51c5562b21b7b7d154,16.639128997921944,nan,nan,nan,nan,nan,nan,2.0,0.0,2.0,0.0,2.0,0.0,0.3672413229942322,0.21590909361839294,0.09110662341117859,0.416537880897522,0.26704543828964233,0.08946454524993896,0.2354719191789627,0.1988636553287506,0.19521969556808472,0.2215515673160553,0.11363636702299118,0.09419375658035278,0.17147523164749146,0.17045454680919647,0.2285069227218628,0.23793596029281616,0.13636364042758942,0.22459566593170166
E5_balanced_sparse_control,2,2,784,705,79,87,147,0.9195402298850575,0.9199363732767762,0.9602332979851538,0.9156626506024096,0.926829268292683,0.9130434782608695,0.4548399746417999,0.2892720103263855,0.11119461059570312,1.0,0.6131471991539001,PHENO_ANAT,"ANAT_Correlation,PHENO_Correlation,PHENO_ANAT",0.16091389954090118,0.3886585235595703,sparse,hybrid,0.5,20,5,4,36,86d25602768399e0a820f0f811f53a43edbccdf5b854970f742fb0148c040a1f,19.697860646992922,nan,nan,nan,nan,nan,nan,2.0,0.0,2.0,0.0,2.0,0.0,0.5489983558654785,0.4712643623352051,0.05638912320137024,0.5572319030761719,0.3735632300376892,0.05793240666389465,0.368897944688797,0.20114943385124207,0.16494330763816833,0.465445339679718,0.31609195470809937,0.0802505612373352,0.4583885967731476,0.22413793206214905,0.14149215817451477,0.33007752895355225,0.14942528307437897,0.16616025567054749
E5_balanced_sparse_control,2,3,784,705,79,87,148,0.8275862068965517,0.8250265111346766,0.9247083775185577,0.810126582278481,0.7804878048780488,0.8695652173913043,0.48804837465286255,0.28831416368484497,0.1031227633357048,1.0,0.6131471991539001,PHENO_FUNC,"FUNC_Correlation,ANAT_FUNC,PHENO_FUNC",0.13824784755706787,0.3772446811199188,sparse,hybrid,0.5,20,5,4,36,2c2e7daeef8e34639d26c23063b040907966241b25debe7d461a57555717c118,19.494465172290802,nan,nan,nan,nan,nan,nan,0.0,2.0,0.0,2.0,0.0,2.0,0.5889654755592346,0.44252872467041016,0.041566044092178345,0.5550374984741211,0.31609195470809937,0.0760888159275055,0.4665217697620392,0.2586206793785095,0.14447304606437683,0.4898999333381653,0.31609195470809937,0.07756620645523071,0.4654121398925781,0.2586206793785095,0.12830513715744019,0.3624533712863922,0.13793103396892548,0.150737464427948
E5_balanced_sparse_control,2,4,784,705,79,87,88,0.8275862068965517,0.8255319148936171,0.8728723404255319,0.810126582278481,0.8,0.851063829787234,0.28462550044059753,0.2059386968612671,0.19161230325698853,1.0,0.6131471991539001,PHENO_FUNC,"FUNC_Correlation,ANAT_FUNC,PHENO_FUNC",0.28038063645362854,0.45630568265914917,sparse,hybrid,0.5,20,5,4,36,320be97d97002b36843b5e50592ea8c23f65cda0282fda50516b2fb7e94a9368,13.745064336806536,nan,nan,nan,nan,nan,nan,0.0,2.0,0.0,2.0,0.0,2.0,0.4568360149860382,0.3045976758003235,0.09661084413528442,0.4886660575866699,0.3218390941619873,0.10660582780838013,0.21105585992336273,0.1781609207391739,0.2653842568397522,0.24894720315933228,0.17241379618644714,0.09369298815727234,0.12165874242782593,0.09195402264595032,0.2917626202106476,0.18058906495571136,0.1666666716337204,0.29561731219291687
E5_balanced_sparse_control,2,5,784,705,79,87,88,0.8275862068965517,0.8143617021276596,0.8925531914893617,0.7761194029850746,0.65,0.9787234042553191,0.30841147899627686,0.18390804529190063,0.1703948825597763,1.0,0.6131471991539001,PHENO_FUNC,"FUNC_Correlation,ANAT_FUNC,PHENO_FUNC",0.25565844774246216,0.4402264952659607,sparse,hybrid,0.5,20,5,4,36,91de6c45307f97e22e3ef863f49ae5f8fff57887133da9b7525311e05d713bc0,13.77464496716857,nan,nan,nan,nan,nan,nan,0.0,2.0,0.0,2.0,0.0,2.0,0.4234043061733246,0.29885056614875793,0.12129366397857666,0.46838128566741943,0.2816091775894165,0.10568153858184814,0.280506432056427,0.19540229439735413,0.2630375027656555,0.2545975148677826,0.09770114719867706,0.09878414869308472,0.18188399076461792,0.10919539630413055,0.22267872095108032,0.24169524013996124,0.12068966031074524,0.21089380979537964
E5_balanced_sparse_control,2,6,784,705,79,87,83,0.7816091954022989,0.7736702127659575,0.8952127659574468,0.7397260273972603,0.675,0.8723404255319149,0.24490825831890106,0.17145594954490662,0.2115674614906311,1.0,0.6131471991539001,PHENO_ANAT,"ANAT_Correlation,PHENO_Correlation,PHENO_ANAT",0.30200621485710144,0.5048167705535889,sparse,hybrid,0.5,20,5,4,36,8f20a89b70c47182365eb5a759f595d3fc9899f41a8636ad9f33aceea655e915,13.423698928207159,nan,nan,nan,nan,nan,nan,2.0,0.0,2.0,0.0,2.0,0.0,0.37682950496673584,0.27586206793785095,0.1007220447063446,0.429639995098114,0.26436781883239746,0.08166623115539551,0.20173530280590057,0.21264368295669556,0.29939940571784973,0.17829307913780212,0.09770114719867706,0.11560618877410889,0.12121414393186569,0.10344827175140381,0.34861448407173157,0.16173727810382843,0.07471264898777008,0.323396235704422
E5_balanced_sparse_control,2,7,784,705,79,87,90,0.8160919540229885,0.8037234042553192,0.9037234042553192,0.7647058823529412,0.65,0.9574468085106383,0.3033721446990967,0.1906130313873291,0.1632545292377472,1.0,0.6131471991539001,PHENO_FUNC,"FUNC_Correlation,ANAT_FUNC,PHENO_FUNC",0.32024329900741577,0.43284517526626587,sparse,hybrid,0.5,20,5,4,36,513a510164e17f707c56364faab8ac18e09e92d52c2e3f633357ed178587da3e,14.106111790984869,nan,nan,nan,nan,nan,nan,0.0,2.0,0.0,2.0,0.0,2.0,0.42834439873695374,0.27586206793785095,0.08871826529502869,0.5071146488189697,0.3333333134651184,0.08715853095054626,0.262226402759552,0.1666666567325592,0.235825777053833,0.2542934715747833,0.12068965286016464,0.09599331021308899,0.16108578443527222,0.1149425283074379,0.24384930729866028,0.20716813206672668,0.13218390941619873,0.22798195481300354
E5_balanced_sparse_control,2,8,784,705,79,87,99,0.8505747126436781,0.8542553191489362,0.8973404255319148,0.8470588235294118,0.9,0.8085106382978723,0.33242690563201904,0.19157087802886963,0.13894812762737274,1.0,0.6131471991539001,PHENO_ANAT,"ANAT_Correlation,PHENO_Correlation,PHENO_ANAT",0.21939308941364288,0.43236061930656433,sparse,hybrid,0.5,20,5,4,36,f5768e86352919ec56daef6583c6054ddfd21302101d2730af6b18f4c64131bd,14.976610261946917,nan,nan,nan,nan,nan,nan,2.0,0.0,2.0,0.0,2.0,0.0,0.47142696380615234,0.27586206793785095,0.09278437495231628,0.5019665956497192,0.27586206793785095,0.10377392172813416,0.3342224955558777,0.2528735399246216,0.14874470233917236,0.2628481090068817,0.13218390941619873,0.0894177258014679,0.2003473937511444,0.09195402264595032,0.1974189281463623,0.22374984622001648,0.12068966031074524,0.20154926180839539
E5_balanced_sparse_control,2,9,784,705,79,87,178,0.8390804597701149,0.8454787234042553,0.9196808510638297,0.840909090909091,0.925,0.7659574468085106,0.4778488874435425,0.2739463746547699,0.09665228426456451,1.0,0.6131471991539001,PHENO_FUNC,"FUNC_Correlation,ANAT_FUNC,PHENO_FUNC",0.18651030957698822,0.37635087966918945,sparse,hybrid,0.5,20,5,4,36,a3c0c70665a03089f4fa1c545436d7ed5c4711ef072cb91dfbc77166f317d27d,22.549303524196148,nan,nan,nan,nan,nan,nan,0.0,2.0,0.0,2.0,0.0,2.0,0.5549055933952332,0.43103447556495667,0.04241323471069336,0.571875274181366,0.36781609058380127,0.0644199550151825,0.4593338668346405,0.24137930572032928,0.12427374720573425,0.44653668999671936,0.26436781883239746,0.08326277136802673,0.47958746552467346,0.2298850566148758,0.11029952764511108,0.3548545837402344,0.10919540375471115,0.15524441003799438
E5_balanced_sparse_control,2,10,784,705,79,87,159,0.8850574712643678,0.8880319148936171,0.9765957446808511,0.8809523809523809,0.925,0.851063829787234,0.4490355849266052,0.2260536402463913,0.11910450458526611,1.0,0.6131471991539001,PHENO_ANAT,"ANAT_Correlation,PHENO_Correlation,PHENO_ANAT",0.12656882405281067,0.3958408832550049,sparse,hybrid,0.5,20,5,4,36,e0a138bc0f257ca51d594da75ff7155ba8d41dea39e8c8ab6b0fd67f862a9261,20.153355084359646,nan,nan,nan,nan,nan,nan,2.0,0.0,2.0,0.0,2.0,0.0,0.5146514177322388,0.3563218116760254,0.06395375728607178,0.549196183681488,0.26436781883239746,0.07123532891273499,0.403333455324173,0.1781609207391739,0.16060537099838257,0.4351120591163635,0.22413793206214905,0.09935176372528076,0.4216815233230591,0.18965516984462738,0.1526300013065338,0.3702387809753418,0.14367815852165222,0.16685083508491516
