config,seed,fold,subject_index,subject_id,true_original_label,true_asd,p_asd,pred_asd
E0_baseline,0,1,10,50014,1,1,0.9397330284118652,1
E0_baseline,0,1,14,50022,1,1,0.1491946130990982,0
E0_baseline,0,1,36,50045,2,0,0.2542321979999542,0
E0_baseline,0,1,42,50051,2,0,0.8716591000556946,1
E0_baseline,0,1,49,50060,2,0,0.09670805186033249,0
E0_baseline,0,1,53,50105,2,0,0.8185510039329529,1
E0_baseline,0,1,63,50117,2,0,0.3264543116092682,0
E0_baseline,0,1,67,50123,1,1,0.940025806427002,1
E0_baseline,0,1,83,50147,1,1,0.8429031372070312,1
E0_baseline,0,1,84,50148,1,1,0.9401405453681946,1
E0_baseline,0,1,96,50163,2,0,0.12711191177368164,0
E0_baseline,0,1,97,50164,2,0,0.08261226862668991,0
E0_baseline,0,1,111,50193,2,0,0.07585135102272034,0
E0_baseline,0,1,114,50196,2,0,0.6169862747192383,1
E0_baseline,0,1,123,50206,2,0,0.8560184240341187,1
E0_baseline,0,1,131,50233,1,1,0.9399518370628357,1
E0_baseline,0,1,132,50234,1,1,0.7275282740592957,1
E0_baseline,0,1,136,50240,1,1,0.9384352564811707,1
E0_baseline,0,1,141,50248,1,1,0.9398277401924133,1
E0_baseline,0,1,145,50252,1,1,0.6109681129455566,1
E0_baseline,0,1,146,50253,1,1,0.9333292245864868,1
E0_baseline,0,1,148,50255,1,1,0.9409691095352173,1
E0_baseline,0,1,152,50261,2,0,0.44380584359169006,0
E0_baseline,0,1,154,50263,2,0,0.08013887703418732,0
E0_baseline,0,1,164,50273,1,1,0.9322866201400757,1
E0_baseline,0,1,184,50302,1,1,0.9388903379440308,1
E0_baseline,0,1,202,50333,2,0,0.11834033578634262,0
E0_baseline,0,1,204,50335,2,0,0.07767796516418457,0
E0_baseline,0,1,210,50341,2,0,0.10022204369306564,0
E0_baseline,0,1,223,50354,2,0,0.17599603533744812,0
E0_baseline,0,1,241,50373,2,0,0.41568896174430847,0
E0_baseline,0,1,266,50410,1,1,0.9374082684516907,1
E0_baseline,0,1,271,50415,2,0,0.0883001983165741,0
E0_baseline,0,1,275,50419,2,0,0.07720732688903809,0
E0_baseline,0,1,278,50424,2,0,0.10022947192192078,0
E0_baseline,0,1,286,50436,2,0,0.5257370471954346,1
E0_baseline,0,1,292,50442,2,0,0.08805011212825775,0
E0_baseline,0,1,302,50466,2,0,0.0767965167760849,0
E0_baseline,0,1,303,50467,2,0,0.5483130216598511,1
E0_baseline,0,1,323,50498,1,1,0.9335921406745911,1
E0_baseline,0,1,326,50501,1,1,0.9393912553787231,1
E0_baseline,0,1,346,50529,1,1,0.937807023525238,1
E0_baseline,0,1,349,50532,1,1,0.9353716969490051,1
E0_baseline,0,1,352,50555,2,0,0.07627709209918976,0
E0_baseline,0,1,353,50557,2,0,0.09277234971523285,0
E0_baseline,0,1,360,50570,2,0,0.08850274235010147,0
E0_baseline,0,1,390,50628,1,1,0.9383944869041443,1
E0_baseline,0,1,397,50656,2,0,0.17766064405441284,0
E0_baseline,0,1,405,50686,1,1,0.9399938583374023,1
E0_baseline,0,1,408,50689,1,1,0.9418343901634216,1
E0_baseline,0,1,430,50722,2,0,0.07972730696201324,0
E0_baseline,0,1,435,50728,2,0,0.8710654973983765,1
E0_baseline,0,1,446,50743,1,1,0.9417604804039001,1
E0_baseline,0,1,451,50750,1,1,0.9415438771247864,1
E0_baseline,0,1,475,50798,1,1,0.0762222483754158,0
E0_baseline,0,1,476,50799,1,1,0.9399700164794922,1
E0_baseline,0,1,481,50812,2,0,0.08209919184446335,0
E0_baseline,0,1,490,50824,1,1,0.11140503734350204,0
E0_baseline,0,1,511,50976,1,1,0.9418655633926392,1
E0_baseline,0,1,522,50988,1,1,0.8687673211097717,1
E0_baseline,0,1,525,50991,1,1,0.3743182122707367,0
E0_baseline,0,1,537,51006,1,1,0.9414308071136475,1
E0_baseline,0,1,541,51010,1,1,0.5440919995307922,1
E0_baseline,0,1,557,51027,1,1,0.909741997718811,1
E0_baseline,0,1,559,51029,1,1,0.5987975597381592,1
E0_baseline,0,1,579,51052,2,0,0.08158518373966217,0
E0_baseline,0,1,584,51057,2,0,0.08735909312963486,0
E0_baseline,0,1,633,51109,2,0,0.07856474071741104,0
E0_baseline,0,1,636,51112,2,0,0.08805239945650101,0
E0_baseline,0,1,648,51129,2,0,0.08050959557294846,0
E0_baseline,0,1,655,51136,2,0,0.5032801032066345,1
E0_baseline,0,1,670,51154,2,0,0.07643386721611023,0
E0_baseline,0,1,692,51187,2,0,0.08188669383525848,0
E0_baseline,0,1,695,51192,2,0,0.07648385316133499,0
E0_baseline,0,1,696,51194,2,0,0.9163021445274353,1
E0_baseline,0,1,727,51234,1,1,0.9338946342468262,1
E0_baseline,0,1,732,51240,1,1,0.9378491640090942,1
E0_baseline,0,1,762,51281,2,0,0.09635493159294128,0
E0_baseline,0,1,765,51293,1,1,0.9407578706741333,1
E0_baseline,0,1,766,51294,1,1,0.44030264019966125,0
E0_baseline,0,1,779,51308,2,0,0.09784285724163055,0
E0_baseline,0,1,795,51330,1,1,0.9415512681007385,1
E0_baseline,0,1,798,51333,2,0,0.09823950380086899,0
E0_baseline,0,1,825,51369,2,0,0.20442217588424683,0
E0_baseline,0,1,828,51461,1,1,0.9405433535575867,1
E0_baseline,0,1,839,51487,2,0,0.47474759817123413,0
E0_baseline,0,1,854,51568,2,0,0.36296749114990234,0
E0_baseline,0,1,862,51578,1,1,0.9418811202049255,1
E0_baseline,0,2,2,50005,1,1,0.4977579414844513,0
E0_baseline,0,2,3,50006,1,1,0.921759843826294,1
E0_baseline,0,2,4,50007,1,1,0.4370940625667572,0
E0_baseline,0,2,20,50028,1,1,0.9213351011276245,1
E0_baseline,0,2,27,50036,2,0,0.08043409883975983,0
E0_baseline,0,2,35,50044,2,0,0.07852239906787872,0
E0_baseline,0,2,45,50054,2,0,0.9129955768585205,1
E0_baseline,0,2,57,50111,2,0,0.08096060901880264,0
E0_baseline,0,2,61,50115,2,0,0.08098055422306061,0
E0_baseline,0,2,69,50125,1,1,0.9213146567344666,1
E0_baseline,0,2,79,50143,1,1,0.9212995767593384,1
E0_baseline,0,2,87,50152,1,1,0.92167067527771,1
E0_baseline,0,2,116,50199,2,0,0.07954543828964233,0
E0_baseline,0,2,122,50205,2,0,0.080403171479702,0
E0_baseline,0,2,130,50232,1,1,0.9190887808799744,1
E0_baseline,0,2,133,50236,1,1,0.92097008228302,1
E0_baseline,0,2,147,50254,1,1,0.9164588451385498,1
E0_baseline,0,2,162,50271,2,0,0.07852056622505188,0
E0_baseline,0,2,170,50284,1,1,0.13813254237174988,0
E0_baseline,0,2,171,50285,1,1,0.08008642494678497,0
E0_baseline,0,2,183,50301,1,1,0.8990004062652588,1
E0_baseline,0,2,192,50319,1,1,0.9217435121536255,1
E0_baseline,0,2,197,50327,2,0,0.07913623750209808,0
E0_baseline,0,2,217,50348,2,0,0.0785021036863327,0
E0_baseline,0,2,218,50349,2,0,0.0816788375377655,0
E0_baseline,0,2,222,50353,2,0,0.07853516936302185,0
E0_baseline,0,2,232,50363,2,0,0.08101102709770203,0
E0_baseline,0,2,234,50365,2,0,0.07926441729068756,0
E0_baseline,0,2,257,50397,1,1,0.9217596650123596,1
E0_baseline,0,2,270,50414,2,0,0.1383841633796692,0
E0_baseline,0,2,282,50428,2,0,0.07967201620340347,0
E0_baseline,0,2,283,50433,2,0,0.08039017766714096,0
E0_baseline,0,2,294,50444,2,0,0.08625701069831848,0
E0_baseline,0,2,307,50477,1,1,0.8540840148925781,1
E0_baseline,0,2,316,50490,1,1,0.8275043964385986,1
E0_baseline,0,2,357,50565,2,0,0.10245908796787262,0
E0_baseline,0,2,363,50573,2,0,0.07866902649402618,0
E0_baseline,0,2,364,50574,2,0,0.07893197983503342,0
E0_baseline,0,2,372,50604,1,1,0.9217569231987,1
E0_baseline,0,2,381,50619,1,1,0.9200510382652283,1
E0_baseline,0,2,385,50623,1,1,0.9214387536048889,1
E0_baseline,0,2,394,50648,1,1,0.07866613566875458,0
E0_baseline,0,2,399,50664,2,0,0.07908757776021957,0
E0_baseline,0,2,407,50688,2,0,0.08149684965610504,0
E0_baseline,0,2,410,50691,2,0,0.07843638211488724,0
E0_baseline,0,2,417,50698,2,0,0.08660045266151428,0
E0_baseline,0,2,426,50707,2,0,0.0785834863781929,0
E0_baseline,0,2,450,50749,1,1,0.9217239022254944,1
E0_baseline,0,2,453,50752,1,1,0.9112716317176819,1
E0_baseline,0,2,462,50776,2,0,0.07953521609306335,0
E0_baseline,0,2,465,50780,2,0,0.07917772233486176,0
E0_baseline,0,2,478,50801,1,1,0.9102810621261597,1
E0_baseline,0,2,489,50823,1,1,0.920408308506012,1
E0_baseline,0,2,513,50978,1,1,0.9204654693603516,1
E0_baseline,0,2,528,50994,1,1,0.920436441898346,1
E0_baseline,0,2,535,51002,1,1,0.631191074848175,1
E0_baseline,0,2,543,51012,1,1,0.9112628102302551,1
E0_baseline,0,2,544,51013,1,1,0.7026649713516235,1
E0_baseline,0,2,546,51015,1,1,0.07853721082210541,0
E0_baseline,0,2,553,51023,1,1,0.9190545678138733,1
E0_baseline,0,2,558,51028,1,1,0.9214282035827637,1
E0_baseline,0,2,568,51040,2,0,0.08361607789993286,0
E0_baseline,0,2,572,51045,2,0,0.08212125301361084,0
E0_baseline,0,2,585,51058,2,0,0.08167675882577896,0
E0_baseline,0,2,592,51065,2,0,0.08097948879003525,0
E0_baseline,0,2,596,51069,2,0,0.08192671090364456,0
E0_baseline,0,2,612,51086,2,0,0.08233337104320526,0
E0_baseline,0,2,629,51104,2,0,0.08044438064098358,0
E0_baseline,0,2,642,51122,2,0,0.08215072005987167,0
E0_baseline,0,2,645,51126,2,0,0.0827380120754242,0
E0_baseline,0,2,646,51127,2,0,0.15975672006607056,0
E0_baseline,0,2,651,51132,2,0,0.08088883757591248,0
E0_baseline,0,2,681,51171,1,1,0.41135233640670776,0
E0_baseline,0,2,683,51177,1,1,0.9205103516578674,1
E0_baseline,0,2,690,51184,2,0,0.0801100879907608,0
E0_baseline,0,2,691,51185,2,0,0.33949917554855347,0
E0_baseline,0,2,718,51222,1,1,0.0795086920261383,0
E0_baseline,0,2,722,51226,1,1,0.07949057221412659,0
E0_baseline,0,2,728,51235,1,1,0.9212969541549683,1
E0_baseline,0,2,742,51256,2,0,0.080893874168396,0
E0_baseline,0,2,753,51271,2,0,0.08190098404884338,0
E0_baseline,0,2,793,51328,1,1,0.9198432564735413,1
E0_baseline,0,2,820,51361,2,0,0.07926324009895325,0
E0_baseline,0,2,824,51365,2,0,0.08114392310380936,0
E0_baseline,0,2,832,51473,1,1,0.08062488585710526,0
E0_baseline,0,2,840,51488,2,0,0.07902243733406067,0
E0_baseline,0,2,869,51606,1,1,0.07848010212182999,0
E0_baseline,0,3,21,50030,2,0,0.48813682794570923,0
E0_baseline,0,3,32,50041,2,0,0.05942542478442192,0
E0_baseline,0,3,34,50043,2,0,0.12483193725347519,0
E0_baseline,0,3,37,50046,2,0,0.056228987872600555,0
E0_baseline,0,3,70,50127,1,1,0.05825375020503998,0
E0_baseline,0,3,74,50131,1,1,0.23749664425849915,0
E0_baseline,0,3,86,50150,1,1,0.6335004568099976,1
E0_baseline,0,3,100,50169,2,0,0.05593389272689819,0
E0_baseline,0,3,119,50202,2,0,0.056451216340065,0
E0_baseline,0,3,151,50260,2,0,0.05645521357655525,0
E0_baseline,0,3,159,50268,2,0,0.05682601034641266,0
E0_baseline,0,3,160,50269,2,0,0.1719343066215515,0
E0_baseline,0,3,163,50272,1,1,0.91878741979599,1
E0_baseline,0,3,181,50298,1,1,0.7165381908416748,1
E0_baseline,0,3,187,50310,1,1,0.7963048219680786,1
E0_baseline,0,3,207,50338,2,0,0.0568547397851944,0
E0_baseline,0,3,258,50399,1,1,0.5016918182373047,1
E0_baseline,0,3,262,50405,1,1,0.9195893406867981,1
E0_baseline,0,3,264,50407,1,1,0.9191862940788269,1
E0_baseline,0,3,284,50434,2,0,0.056249864399433136,0
E0_baseline,0,3,287,50437,2,0,0.9155524373054504,1
E0_baseline,0,3,297,50447,2,0,0.22026321291923523,0
E0_baseline,0,3,310,50482,1,1,0.9185388088226318,1
E0_baseline,0,3,319,50493,1,1,0.9126983880996704,1
E0_baseline,0,3,327,50502,1,1,0.9180878400802612,1
E0_baseline,0,3,329,50504,1,1,0.9140390753746033,1
E0_baseline,0,3,333,50514,1,1,0.8353767991065979,1
E0_baseline,0,3,335,50516,1,1,0.9134209752082825,1
E0_baseline,0,3,337,50519,1,1,0.9140689373016357,1
E0_baseline,0,3,368,50578,2,0,0.8499753475189209,1
E0_baseline,0,3,370,50602,1,1,0.9046319127082825,1
E0_baseline,0,3,371,50603,1,1,0.9185316562652588,1
E0_baseline,0,3,379,50615,1,1,0.9184973835945129,1
E0_baseline,0,3,411,50692,2,0,0.05630141496658325,0
E0_baseline,0,3,425,50706,2,0,0.05652152746915817,0
E0_baseline,0,3,434,50726,2,0,0.06642616540193558,0
E0_baseline,0,3,439,50735,2,0,0.05591217428445816,0
E0_baseline,0,3,444,50741,2,0,0.05799603462219238,0
E0_baseline,0,3,456,50756,1,1,0.9176824688911438,1
E0_baseline,0,3,457,50757,1,1,0.48583951592445374,0
E0_baseline,0,3,497,50959,1,1,0.666469931602478,1
E0_baseline,0,3,499,50961,1,1,0.283294141292572,0
E0_baseline,0,3,502,50965,1,1,0.9175021052360535,1
E0_baseline,0,3,507,50970,1,1,0.9194304943084717,1
E0_baseline,0,3,514,50979,1,1,0.617877721786499,1
E0_baseline,0,3,539,51008,1,1,0.06119917705655098,0
E0_baseline,0,3,562,51033,1,1,0.8508513569831848,1
E0_baseline,0,3,576,51049,2,0,0.061297640204429626,0
E0_baseline,0,3,589,51062,2,0,0.0625135600566864,0
E0_baseline,0,3,605,51079,2,0,0.7733873724937439,1
E0_baseline,0,3,622,51097,2,0,0.06498777866363525,0
E0_baseline,0,3,626,51101,2,0,0.05654033273458481,0
E0_baseline,0,3,640,51117,2,0,0.06283137947320938,0
E0_baseline,0,3,661,51142,2,0,0.05581454932689667,0
E0_baseline,0,3,662,51146,2,0,0.060174714773893356,0
E0_baseline,0,3,669,51153,2,0,0.055833712220191956,0
E0_baseline,0,3,676,51163,1,1,0.19999343156814575,0
E0_baseline,0,3,678,51168,1,1,0.40951207280158997,0
E0_baseline,0,3,686,51180,2,0,0.05605413764715195,0
E0_baseline,0,3,688,51182,2,0,0.05630895867943764,0
E0_baseline,0,3,709,51212,1,1,0.906218409538269,1
E0_baseline,0,3,710,51214,1,1,0.9180746674537659,1
E0_baseline,0,3,713,51217,1,1,0.05628533288836479,0
E0_baseline,0,3,714,51218,1,1,0.9056167006492615,1
E0_baseline,0,3,716,51220,1,1,0.9155329465866089,1
E0_baseline,0,3,723,51228,1,1,0.9150533676147461,1
E0_baseline,0,3,737,51251,2,0,0.5124421119689941,1
E0_baseline,0,3,739,51253,2,0,0.08226179331541061,0
E0_baseline,0,3,745,51261,2,0,0.0831286609172821,0
E0_baseline,0,3,747,51264,2,0,0.0747794508934021,0
E0_baseline,0,3,754,51272,2,0,0.14288277924060822,0
E0_baseline,0,3,755,51273,2,0,0.7748551368713379,1
E0_baseline,0,3,756,51275,2,0,0.05793912336230278,0
E0_baseline,0,3,780,51309,2,0,0.9197213053703308,1
E0_baseline,0,3,786,51320,1,1,0.9113680720329285,1
E0_baseline,0,3,791,51326,1,1,0.7732293009757996,1
E0_baseline,0,3,800,51335,2,0,0.1078469455242157,0
E0_baseline,0,3,806,51342,2,0,0.09849271923303604,0
E0_baseline,0,3,819,51360,2,0,0.05584094300866127,0
E0_baseline,0,3,831,51465,1,1,0.9196992516517639,1
E0_baseline,0,3,834,51479,2,0,0.0589631013572216,0
E0_baseline,0,3,836,51481,2,0,0.05632719397544861,0
E0_baseline,0,3,842,51493,2,0,0.2332640141248703,0
E0_baseline,0,3,852,51566,2,0,0.10186928510665894,0
E0_baseline,0,3,853,51567,2,0,0.05608731880784035,0
E0_baseline,0,3,857,51572,1,1,0.9194759130477905,1
E0_baseline,0,3,868,51585,1,1,0.8864151239395142,1
E0_baseline,0,4,8,50012,1,1,0.9038320779800415,1
E0_baseline,0,4,13,50020,1,1,0.9290808439254761,1
E0_baseline,0,4,17,50025,1,1,0.9283878803253174,1
E0_baseline,0,4,29,50038,2,0,0.07597632706165314,0
E0_baseline,0,4,33,50042,2,0,0.1479467749595642,0
E0_baseline,0,4,43,50052,2,0,0.2311939299106598,0
E0_baseline,0,4,46,50056,1,1,0.9298603534698486,1
E0_baseline,0,4,55,50107,2,0,0.20544596016407013,0
E0_baseline,0,4,56,50109,2,0,0.25936535000801086,0
E0_baseline,0,4,58,50112,2,0,0.08370435982942581,0
E0_baseline,0,4,66,50121,1,1,0.9300299286842346,1
E0_baseline,0,4,72,50129,1,1,0.9294576644897461,1
E0_baseline,0,4,88,50153,1,1,0.7456305623054504,1
E0_baseline,0,4,99,50168,2,0,0.08484234660863876,0
E0_baseline,0,4,103,50182,1,1,0.9299202561378479,1
E0_baseline,0,4,106,50186,1,1,0.9254463911056519,1
E0_baseline,0,4,109,50189,1,1,0.9299644231796265,1
E0_baseline,0,4,113,50195,2,0,0.0833655446767807,0
E0_baseline,0,4,126,50213,2,0,0.07873494923114777,0
E0_baseline,0,4,135,50239,1,1,0.9291324019432068,1
E0_baseline,0,4,144,50251,1,1,0.5350602865219116,1
E0_baseline,0,4,158,50267,2,0,0.07889833301305771,0
E0_baseline,0,4,172,50287,1,1,0.10207788646221161,0
E0_baseline,0,4,175,50291,1,1,0.6851186156272888,1
E0_baseline,0,4,200,50331,2,0,0.08596381545066833,0
E0_baseline,0,4,211,50342,2,0,0.18958720564842224,0
E0_baseline,0,4,230,50361,2,0,0.08036345988512039,0
E0_baseline,0,4,231,50362,2,0,0.0770798847079277,0
E0_baseline,0,4,236,50367,2,0,0.08595086634159088,0
E0_baseline,0,4,243,50375,2,0,0.07636120915412903,0
E0_baseline,0,4,244,50376,2,0,0.07677078992128372,0
E0_baseline,0,4,263,50406,1,1,0.926732063293457,1
E0_baseline,0,4,280,50426,2,0,0.07872714102268219,0
E0_baseline,0,4,288,50438,2,0,0.07716768234968185,0
E0_baseline,0,4,306,50470,2,0,0.25938957929611206,0
E0_baseline,0,4,328,50503,1,1,0.9296621084213257,1
E0_baseline,0,4,339,50521,1,1,0.9191734194755554,1
E0_baseline,0,4,341,50524,1,1,0.9267586469650269,1
E0_baseline,0,4,345,50528,1,1,0.9283096790313721,1
E0_baseline,0,4,348,50531,1,1,0.8421660661697388,1
E0_baseline,0,4,351,50552,2,0,0.11559849232435226,0
E0_baseline,0,4,386,50624,1,1,0.9296631813049316,1
E0_baseline,0,4,412,50693,1,1,0.4787372052669525,0
E0_baseline,0,4,416,50697,1,1,0.9255363345146179,1
E0_baseline,0,4,436,50730,2,0,0.13772784173488617,0
E0_baseline,0,4,441,50738,2,0,0.08036589622497559,0
E0_baseline,0,4,445,50742,2,0,0.08677687495946884,0
E0_baseline,0,4,455,50755,1,1,0.9275447726249695,1
E0_baseline,0,4,460,50774,2,0,0.087895467877388,0
E0_baseline,0,4,461,50775,2,0,0.08127616345882416,0
E0_baseline,0,4,467,50782,2,0,0.0760011151432991,0
E0_baseline,0,4,496,50958,1,1,0.9191445708274841,1
E0_baseline,0,4,498,50960,1,1,0.6149752140045166,1
E0_baseline,0,4,508,50972,1,1,0.929563581943512,1
E0_baseline,0,4,509,50973,1,1,0.9264202117919922,1
E0_baseline,0,4,510,50974,1,1,0.9299668669700623,1
E0_baseline,0,4,516,50982,1,1,0.1032942533493042,0
E0_baseline,0,4,527,50993,1,1,0.9281787872314453,1
E0_baseline,0,4,551,51020,1,1,0.7629560828208923,1
E0_baseline,0,4,555,51025,1,1,0.9300468564033508,1
E0_baseline,0,4,566,51038,2,0,0.07597917318344116,0
E0_baseline,0,4,577,51050,2,0,0.07956470549106598,0
E0_baseline,0,4,586,51059,2,0,0.08382256329059601,0
E0_baseline,0,4,599,51073,2,0,0.07874085754156113,0
E0_baseline,0,4,606,51080,2,0,0.903421938419342,1
E0_baseline,0,4,607,51081,2,0,0.08720420300960541,0
E0_baseline,0,4,616,51090,2,0,0.08789398521184921,0
E0_baseline,0,4,619,51094,2,0,0.09058763831853867,0
E0_baseline,0,4,631,51106,2,0,0.08375061303377151,0
E0_baseline,0,4,632,51107,2,0,0.8158835768699646,1
E0_baseline,0,4,657,51138,2,0,0.08401333540678024,0
E0_baseline,0,4,658,51139,2,0,0.08768120408058167,0
E0_baseline,0,4,664,51148,2,0,0.08665462583303452,0
E0_baseline,0,4,665,51149,2,0,0.07621079683303833,0
E0_baseline,0,4,693,51188,2,0,0.0844307392835617,0
E0_baseline,0,4,697,51197,2,0,0.0970294177532196,0
E0_baseline,0,4,698,51198,2,0,0.0954395979642868,0
E0_baseline,0,4,700,51202,1,1,0.9279989004135132,1
E0_baseline,0,4,701,51203,1,1,0.9299319982528687,1
E0_baseline,0,4,703,51205,1,1,0.9267728328704834,1
E0_baseline,0,4,730,51237,1,1,0.925375759601593,1
E0_baseline,0,4,735,51249,1,1,0.9282888770103455,1
E0_baseline,0,4,767,51295,1,1,0.9283146262168884,1
E0_baseline,0,4,772,51301,1,1,0.41696101427078247,0
E0_baseline,0,4,776,51305,2,0,0.8915555477142334,1
E0_baseline,0,4,845,51558,2,0,0.07609452307224274,0
E0_baseline,0,4,851,51565,2,0,0.5265166759490967,1
E0_baseline,0,5,0,50003,1,1,0.14744438230991364,0
E0_baseline,0,5,6,50010,1,1,0.745117723941803,1
E0_baseline,0,5,18,50026,1,1,0.6346047520637512,1
E0_baseline,0,5,19,50027,1,1,0.11338883638381958,0
E0_baseline,0,5,50,50102,2,0,0.12438268214464188,0
E0_baseline,0,5,64,50118,1,1,0.7742658257484436,1
E0_baseline,0,5,77,50135,1,1,0.7666956782341003,1
E0_baseline,0,5,78,50142,1,1,0.774057924747467,1
E0_baseline,0,5,81,50145,1,1,0.40030184388160706,0
E0_baseline,0,5,98,50167,2,0,0.1243307963013649,0
E0_baseline,0,5,112,50194,2,0,0.11340492218732834,0
E0_baseline,0,5,125,50210,2,0,0.11529368907213211,0
E0_baseline,0,5,128,50215,2,0,0.1172516718506813,0
E0_baseline,0,5,142,50249,1,1,0.7748561501502991,1
E0_baseline,0,5,143,50250,1,1,0.12111961096525192,0
E0_baseline,0,5,157,50266,2,0,0.118748739361763,0
E0_baseline,0,5,161,50270,2,0,0.11397308111190796,0
E0_baseline,0,5,167,50276,1,1,0.7709829807281494,1
E0_baseline,0,5,198,50329,2,0,0.1662929654121399,0
E0_baseline,0,5,205,50336,2,0,0.11526798456907272,0
E0_baseline,0,5,220,50351,2,0,0.12089639157056808,0
E0_baseline,0,5,221,50352,2,0,0.13833320140838623,0
E0_baseline,0,5,226,50357,2,0,0.11974086612462997,0
E0_baseline,0,5,227,50358,2,0,0.19628667831420898,0
E0_baseline,0,5,249,50382,2,0,0.11463473737239838,0
E0_baseline,0,5,250,50383,2,0,0.11395785957574844,0
E0_baseline,0,5,267,50411,1,1,0.7726664543151855,1
E0_baseline,0,5,277,50422,2,0,0.3571155071258545,0
E0_baseline,0,5,305,50469,2,0,0.11698051542043686,0
E0_baseline,0,5,318,50492,1,1,0.6313604116439819,1
E0_baseline,0,5,321,50496,1,1,0.6131160855293274,1
E0_baseline,0,5,336,50518,1,1,0.6639097929000854,1
E0_baseline,0,5,367,50577,2,0,0.11412325501441956,0
E0_baseline,0,5,373,50606,1,1,0.7009024024009705,1
E0_baseline,0,5,383,50621,1,1,0.49299347400665283,0
E0_baseline,0,5,391,50642,1,1,0.6595490574836731,1
E0_baseline,0,5,433,50725,2,0,0.11463727056980133,0
E0_baseline,0,5,469,50786,2,0,0.28093668818473816,0
E0_baseline,0,5,471,50791,1,1,0.4996315538883209,0
E0_baseline,0,5,500,50962,1,1,0.1267932802438736,0
E0_baseline,0,5,504,50967,1,1,0.6743173599243164,1
E0_baseline,0,5,529,50995,1,1,0.7726877927780151,1
E0_baseline,0,5,533,51000,1,1,0.7733398079872131,1
E0_baseline,0,5,556,51026,1,1,0.768322229385376,1
E0_baseline,0,5,560,51030,1,1,0.7722713947296143,1
E0_baseline,0,5,567,51039,2,0,0.11450733244419098,0
E0_baseline,0,5,570,51042,2,0,0.11350376158952713,0
E0_baseline,0,5,574,51047,2,0,0.1182982474565506,0
E0_baseline,0,5,597,51070,2,0,0.12059415131807327,0
E0_baseline,0,5,601,51075,2,0,0.1192668154835701,0
E0_baseline,0,5,621,51096,2,0,0.1152988001704216,0
E0_baseline,0,5,624,51099,2,0,0.11373293399810791,0
E0_baseline,0,5,625,51100,2,0,0.11750384420156479,0
E0_baseline,0,5,628,51103,2,0,0.42361629009246826,0
E0_baseline,0,5,643,51123,2,0,0.12557381391525269,0
E0_baseline,0,5,647,51128,2,0,0.11419494450092316,0
E0_baseline,0,5,650,51131,2,0,0.12484077364206314,0
E0_baseline,0,5,654,51135,2,0,0.1255321502685547,0
E0_baseline,0,5,656,51137,2,0,0.11338123679161072,0
E0_baseline,0,5,659,51140,2,0,0.11458268016576767,0
E0_baseline,0,5,671,51155,2,0,0.11336642503738403,0
E0_baseline,0,5,674,51161,1,1,0.7227824330329895,1
E0_baseline,0,5,680,51170,1,1,0.11597542464733124,0
E0_baseline,0,5,702,51204,1,1,0.7654088139533997,1
E0_baseline,0,5,733,51241,1,1,0.12204989045858383,0
E0_baseline,0,5,734,51248,1,1,0.7536672353744507,1
E0_baseline,0,5,741,51255,2,0,0.1135389432311058,0
E0_baseline,0,5,748,51265,2,0,0.11336801946163177,0
E0_baseline,0,5,749,51266,2,0,0.7403807044029236,1
E0_baseline,0,5,757,51276,2,0,0.1162293404340744,0
E0_baseline,0,5,758,51277,2,0,0.11397196352481842,0
E0_baseline,0,5,761,51280,2,0,0.11668235808610916,0
E0_baseline,0,5,764,51292,1,1,0.7677633166313171,1
E0_baseline,0,5,768,51297,1,1,0.7668240070343018,1
E0_baseline,0,5,785,51319,1,1,0.7734541296958923,1
E0_baseline,0,5,789,51323,1,1,0.7681074142456055,1
E0_baseline,0,5,796,51331,1,1,0.609462559223175,1
E0_baseline,0,5,797,51332,2,0,0.11622074991464615,0
E0_baseline,0,5,804,51340,2,0,0.11966110020875931,0
E0_baseline,0,5,807,51343,2,0,0.12064182758331299,0
E0_baseline,0,5,808,51344,2,0,0.11335699260234833,0
E0_baseline,0,5,814,51351,1,1,0.2189425230026245,0
E0_baseline,0,5,829,51463,1,1,0.5099924206733704,1
E0_baseline,0,5,846,51559,2,0,0.11342282593250275,0
E0_baseline,0,5,864,51580,1,1,0.26877036690711975,0
E0_baseline,0,5,867,51584,1,1,0.6200309991836548,1
E0_baseline,0,5,870,51607,1,1,0.26449981331825256,0
E0_baseline,0,6,7,50011,1,1,0.9129564762115479,1
E0_baseline,0,6,12,50016,1,1,0.9152373671531677,1
E0_baseline,0,6,22,50031,2,0,0.04040474817156792,0
E0_baseline,0,6,25,50034,2,0,0.04113045707345009,0
E0_baseline,0,6,28,50037,2,0,0.04028491675853729,0
E0_baseline,0,6,30,50039,2,0,0.830839991569519,1
E0_baseline,0,6,31,50040,2,0,0.04317830130457878,0
E0_baseline,0,6,38,50047,2,0,0.04024758189916611,0
E0_baseline,0,6,51,50103,2,0,0.2722698152065277,0
E0_baseline,0,6,60,50114,2,0,0.04017427936196327,0
E0_baseline,0,6,68,50124,1,1,0.797724187374115,1
E0_baseline,0,6,71,50128,1,1,0.9132474660873413,1
E0_baseline,0,6,76,50134,1,1,0.8274657726287842,1
E0_baseline,0,6,102,50171,2,0,0.04023571312427521,0
E0_baseline,0,6,110,50190,1,1,0.9032599925994873,1
E0_baseline,0,6,129,50217,2,0,0.04085972532629967,0
E0_baseline,0,6,137,50241,1,1,0.9143082499504089,1
E0_baseline,0,6,150,50259,2,0,0.0402962788939476,0
E0_baseline,0,6,174,50290,1,1,0.9097779989242554,1
E0_baseline,0,6,176,50292,1,1,0.9142782092094421,1
E0_baseline,0,6,179,50295,1,1,0.9149707555770874,1
E0_baseline,0,6,188,50312,1,1,0.8802571892738342,1
E0_baseline,0,6,194,50321,1,1,0.9133810997009277,1
E0_baseline,0,6,209,50340,2,0,0.04134941101074219,0
E0_baseline,0,6,212,50343,2,0,0.8386132717132568,1
E0_baseline,0,6,213,50344,2,0,0.041350189596414566,0
E0_baseline,0,6,215,50346,2,0,0.041496019810438156,0
E0_baseline,0,6,225,50356,2,0,0.0422029122710228,0
E0_baseline,0,6,240,50372,2,0,0.04301312193274498,0
E0_baseline,0,6,247,50380,2,0,0.07073874771595001,0
E0_baseline,0,6,252,50386,2,0,0.041127532720565796,0
E0_baseline,0,6,253,50387,2,0,0.04218195006251335,0
E0_baseline,0,6,255,50390,2,0,0.040755826979875565,0
E0_baseline,0,6,268,50412,1,1,0.9154674410820007,1
E0_baseline,0,6,279,50425,2,0,0.04061165079474449,0
E0_baseline,0,6,281,50427,2,0,0.043002717196941376,0
E0_baseline,0,6,308,50480,1,1,0.9150855541229248,1
E0_baseline,0,6,309,50481,1,1,0.9149654507637024,1
E0_baseline,0,6,315,50488,1,1,0.9142768383026123,1
E0_baseline,0,6,332,50510,1,1,0.9142552614212036,1
E0_baseline,0,6,338,50520,1,1,0.9146870970726013,1
E0_baseline,0,6,342,50525,1,1,0.6009564399719238,1
E0_baseline,0,6,355,50561,2,0,0.04113069176673889,0
E0_baseline,0,6,358,50568,2,0,0.04036097228527069,0
E0_baseline,0,6,361,50571,2,0,0.33395254611968994,0
E0_baseline,0,6,369,50601,1,1,0.1604204624891281,0
E0_baseline,0,6,377,50613,1,1,0.9130472540855408,1
E0_baseline,0,6,389,50627,1,1,0.9143048524856567,1
E0_baseline,0,6,403,50683,2,0,0.04220644384622574,0
E0_baseline,0,6,409,50690,1,1,0.040547486394643784,0
E0_baseline,0,6,413,50694,1,1,0.9115930795669556,1
E0_baseline,0,6,415,50696,1,1,0.915290892124176,1
E0_baseline,0,6,419,50700,1,1,0.9154596924781799,1
E0_baseline,0,6,422,50703,2,0,0.040780507028102875,0
E0_baseline,0,6,437,50731,2,0,0.04204641655087471,0
E0_baseline,0,6,438,50733,2,0,0.040423162281513214,0
E0_baseline,0,6,443,50740,2,0,0.040402043610811234,0
E0_baseline,0,6,447,50744,1,1,0.6194726824760437,1
E0_baseline,0,6,449,50748,1,1,0.9076452255249023,1
E0_baseline,0,6,470,50790,2,0,0.040403787046670914,0
E0_baseline,0,6,488,50822,2,0,0.04041426628828049,0
E0_baseline,0,6,492,50954,1,1,0.04085833206772804,0
E0_baseline,0,6,495,50957,1,1,0.9051019549369812,1
E0_baseline,0,6,505,50968,1,1,0.9133962988853455,1
E0_baseline,0,6,517,50983,1,1,0.9052441716194153,1
E0_baseline,0,6,523,50989,1,1,0.9129779934883118,1
E0_baseline,0,6,547,51016,1,1,0.9146530628204346,1
E0_baseline,0,6,552,51021,1,1,0.9152194857597351,1
E0_baseline,0,6,580,51053,2,0,0.04349218308925629,0
E0_baseline,0,6,581,51054,2,0,0.04219040647149086,0
E0_baseline,0,6,582,51055,2,0,0.04234765097498894,0
E0_baseline,0,6,600,51074,2,0,0.04065417870879173,0
E0_baseline,0,6,615,51089,2,0,0.04286611080169678,0
E0_baseline,0,6,634,51110,2,0,0.043192923069000244,0
E0_baseline,0,6,663,51147,2,0,0.041333090513944626,0
E0_baseline,0,6,684,51178,1,1,0.9069709777832031,1
E0_baseline,0,6,699,51201,1,1,0.6275336146354675,1
E0_baseline,0,6,708,51211,1,1,0.22186167538166046,0
E0_baseline,0,6,740,51254,2,0,0.04147350788116455,0
E0_baseline,0,6,752,51269,2,0,0.042734455317258835,0
E0_baseline,0,6,760,51279,2,0,0.04041333496570587,0
E0_baseline,0,6,811,51347,2,0,0.041483040899038315,0
E0_baseline,0,6,821,51362,2,0,0.043361447751522064,0
E0_baseline,0,6,833,51477,2,0,0.04035324603319168,0
E0_baseline,0,6,843,51556,2,0,0.04165482521057129,0
E0_baseline,0,6,859,51574,1,1,0.9143370985984802,1
E0_baseline,0,6,861,51577,1,1,0.9141778945922852,1
E0_baseline,0,7,16,50024,1,1,0.8742496371269226,1
E0_baseline,0,7,26,50035,2,0,0.1798548549413681,0
E0_baseline,0,7,40,50049,2,0,0.1760527342557907,0
E0_baseline,0,7,54,50106,2,0,0.8668575286865234,1
E0_baseline,0,7,80,50144,1,1,0.8722310662269592,1
E0_baseline,0,7,82,50146,1,1,0.17614828050136566,0
E0_baseline,0,7,90,50157,2,0,0.5592389702796936,1
E0_baseline,0,7,91,50158,2,0,0.17697560787200928,0
E0_baseline,0,7,95,50162,2,0,0.2990918457508087,0
E0_baseline,0,7,104,50183,1,1,0.8737308979034424,1
E0_baseline,0,7,153,50262,2,0,0.1869887113571167,0
E0_baseline,0,7,156,50265,2,0,0.18619592487812042,0
E0_baseline,0,7,165,50274,1,1,0.8705204129219055,1
E0_baseline,0,7,166,50275,1,1,0.8739521503448486,1
E0_baseline,0,7,169,50282,1,1,0.8676709532737732,1
E0_baseline,0,7,178,50294,1,1,0.8684806227684021,1
E0_baseline,0,7,189,50314,1,1,0.8704343438148499,1
E0_baseline,0,7,190,50315,1,1,0.8739564418792725,1
E0_baseline,0,7,191,50318,1,1,0.5114662051200867,1
E0_baseline,0,7,208,50339,2,0,0.17646324634552002,0
E0_baseline,0,7,214,50345,2,0,0.2168627232313156,0
E0_baseline,0,7,224,50355,2,0,0.23632657527923584,0
E0_baseline,0,7,233,50364,2,0,0.49539944529533386,0
E0_baseline,0,7,245,50377,2,0,0.1771569699048996,0
E0_baseline,0,7,246,50379,2,0,0.18336409330368042,0
E0_baseline,0,7,251,50385,2,0,0.7857672572135925,1
E0_baseline,0,7,261,50404,1,1,0.8740646839141846,1
E0_baseline,0,7,276,50421,2,0,0.1760018765926361,0
E0_baseline,0,7,285,50435,2,0,0.17717301845550537,0
E0_baseline,0,7,289,50439,2,0,0.18614481389522552,0
E0_baseline,0,7,296,50446,2,0,0.1849016398191452,0
E0_baseline,0,7,298,50448,2,0,0.6884254217147827,1
E0_baseline,0,7,304,50468,2,0,0.2884078323841095,0
E0_baseline,0,7,314,50487,1,1,0.8704842925071716,1
E0_baseline,0,7,325,50500,1,1,0.8729098439216614,1
E0_baseline,0,7,350,50551,2,0,0.1841464787721634,0
E0_baseline,0,7,398,50659,2,0,0.41145604848861694,0
E0_baseline,0,7,420,50701,2,0,0.18032748997211456,0
E0_baseline,0,7,423,50704,1,1,0.3938053846359253,0
E0_baseline,0,7,424,50705,1,1,0.5278172492980957,1
E0_baseline,0,7,428,50709,2,0,0.1836046725511551,0
E0_baseline,0,7,452,50751,1,1,0.8504621386528015,1
E0_baseline,0,7,459,50773,2,0,0.18048599362373352,0
E0_baseline,0,7,474,50797,1,1,0.8713741898536682,1
E0_baseline,0,7,479,50803,1,1,0.8698879480361938,1
E0_baseline,0,7,480,50807,1,1,0.8692899346351624,1
E0_baseline,0,7,484,50817,2,0,0.17890824377536774,0
E0_baseline,0,7,485,50818,2,0,0.18831083178520203,0
E0_baseline,0,7,487,50821,2,0,0.17795073986053467,0
E0_baseline,0,7,494,50956,1,1,0.8704203963279724,1
E0_baseline,0,7,512,50977,1,1,0.8741210103034973,1
E0_baseline,0,7,515,50981,1,1,0.8446674942970276,1
E0_baseline,0,7,518,50984,1,1,0.872867226600647,1
E0_baseline,0,7,520,50986,1,1,0.7616145610809326,1
E0_baseline,0,7,526,50992,1,1,0.8716058731079102,1
E0_baseline,0,7,536,51003,1,1,0.8742232918739319,1
E0_baseline,0,7,540,51009,1,1,0.8701015114784241,1
E0_baseline,0,7,545,51014,1,1,0.8730443120002747,1
E0_baseline,0,7,578,51051,2,0,0.18033228814601898,0
E0_baseline,0,7,590,51063,2,0,0.1767766922712326,0
E0_baseline,0,7,603,51077,2,0,0.6872050762176514,1
E0_baseline,0,7,617,51091,2,0,0.18288543820381165,0
E0_baseline,0,7,630,51105,2,0,0.17643426358699799,0
E0_baseline,0,7,641,51118,2,0,0.742266833782196,1
E0_baseline,0,7,644,51124,2,0,0.17644819617271423,0
E0_baseline,0,7,666,51150,2,0,0.17715418338775635,0
E0_baseline,0,7,667,51151,2,0,0.18488210439682007,0
E0_baseline,0,7,672,51156,2,0,0.1778009980916977,0
E0_baseline,0,7,675,51162,1,1,0.8739525079727173,1
E0_baseline,0,7,685,51179,1,1,0.8737098574638367,1
E0_baseline,0,7,706,51208,1,1,0.6099807620048523,1
E0_baseline,0,7,715,51219,1,1,0.8698471784591675,1
E0_baseline,0,7,720,51224,1,1,0.6915037035942078,1
E0_baseline,0,7,725,51230,1,1,0.8738523125648499,1
E0_baseline,0,7,746,51262,2,0,0.19751770794391632,0
E0_baseline,0,7,763,51291,1,1,0.8713555335998535,1
E0_baseline,0,7,775,51304,2,0,0.20232108235359192,0
E0_baseline,0,7,781,51311,2,0,0.17627686262130737,0
E0_baseline,0,7,790,51325,1,1,0.8735342621803284,1
E0_baseline,0,7,792,51327,1,1,0.873957097530365,1
E0_baseline,0,7,799,51334,2,0,0.17653752863407135,0
E0_baseline,0,7,803,51339,2,0,0.17629113793373108,0
E0_baseline,0,7,837,51482,2,0,0.18268568813800812,0
E0_baseline,0,7,838,51484,2,0,0.423105925321579,0
E0_baseline,0,7,841,51491,2,0,0.17595313489437103,0
E0_baseline,0,7,860,51576,1,1,0.5866014361381531,1
E0_baseline,0,7,865,51582,1,1,0.8741536736488342,1
E0_baseline,0,8,5,50008,1,1,0.8115410804748535,1
E0_baseline,0,8,9,50013,1,1,0.8144366145133972,1
E0_baseline,0,8,23,50032,2,0,0.14711983501911163,0
E0_baseline,0,8,24,50033,2,0,0.15324494242668152,0
E0_baseline,0,8,73,50130,1,1,0.8138189315795898,1
E0_baseline,0,8,75,50132,1,1,0.811082661151886,1
E0_baseline,0,8,85,50149,1,1,0.814423680305481,1
E0_baseline,0,8,105,50184,1,1,0.8126170039176941,1
E0_baseline,0,8,120,50203,2,0,0.14646153151988983,0
E0_baseline,0,8,124,50208,2,0,0.1515134572982788,0
E0_baseline,0,8,134,50237,1,1,0.8099498748779297,1
E0_baseline,0,8,138,50243,1,1,0.8138700127601624,1
E0_baseline,0,8,139,50245,1,1,0.8141325116157532,1
E0_baseline,0,8,155,50264,2,0,0.26281774044036865,0
E0_baseline,0,8,173,50289,1,1,0.502901554107666,1
E0_baseline,0,8,201,50332,2,0,0.14706957340240479,0
E0_baseline,0,8,216,50347,2,0,0.15287016332149506,0
E0_baseline,0,8,228,50359,2,0,0.30717143416404724,0
E0_baseline,0,8,229,50360,2,0,0.1502053439617157,0
E0_baseline,0,8,235,50366,2,0,0.3763717710971832,0
E0_baseline,0,8,239,50370,2,0,0.5916906595230103,1
E0_baseline,0,8,269,50413,1,1,0.8075345754623413,1
E0_baseline,0,8,272,50416,2,0,0.14720620214939117,0
E0_baseline,0,8,273,50417,2,0,0.14945581555366516,0
E0_baseline,0,8,290,50440,2,0,0.800934374332428,1
E0_baseline,0,8,291,50441,2,0,0.14655597507953644,0
E0_baseline,0,8,299,50449,2,0,0.14650963246822357,0
E0_baseline,0,8,313,50486,1,1,0.8129072785377502,1
E0_baseline,0,8,324,50499,1,1,0.814426839351654,1
E0_baseline,0,8,330,50507,1,1,0.7708508968353271,1
E0_baseline,0,8,343,50526,1,1,0.8100749254226685,1
E0_baseline,0,8,344,50527,1,1,0.8138582706451416,1
E0_baseline,0,8,362,50572,2,0,0.14647746086120605,0
E0_baseline,0,8,380,50616,1,1,0.81412672996521,1
E0_baseline,0,8,388,50626,1,1,0.8138027787208557,1
E0_baseline,0,8,400,50665,2,0,0.4338800609111786,0
E0_baseline,0,8,402,50682,2,0,0.14972665905952454,0
E0_baseline,0,8,404,50685,2,0,0.2428761124610901,0
E0_baseline,0,8,421,50702,1,1,0.8137449622154236,1
E0_baseline,0,8,427,50708,1,1,0.8144222497940063,1
E0_baseline,0,8,431,50723,2,0,0.15975913405418396,0
E0_baseline,0,8,463,50777,2,0,0.4629497230052948,0
E0_baseline,0,8,472,50792,1,1,0.8118457198143005,1
E0_baseline,0,8,473,50796,1,1,0.8140592575073242,1
E0_baseline,0,8,477,50800,1,1,0.8144111037254333,1
E0_baseline,0,8,486,50820,2,0,0.15153005719184875,0
E0_baseline,0,8,519,50985,1,1,0.81020587682724,1
E0_baseline,0,8,521,50987,1,1,0.8114532232284546,1
E0_baseline,0,8,524,50990,1,1,0.8110010623931885,1
E0_baseline,0,8,530,50996,1,1,0.8043793439865112,1
E0_baseline,0,8,538,51007,1,1,0.8134464621543884,1
E0_baseline,0,8,548,51017,1,1,0.8139525651931763,1
E0_baseline,0,8,549,51018,1,1,0.8138304948806763,1
E0_baseline,0,8,554,51024,1,1,0.8142343163490295,1
E0_baseline,0,8,563,51034,1,1,0.8120740056037903,1
E0_baseline,0,8,565,51036,2,0,0.1504105031490326,0
E0_baseline,0,8,573,51046,2,0,0.4000197649002075,0
E0_baseline,0,8,593,51066,2,0,0.14685244858264923,0
E0_baseline,0,8,608,51082,2,0,0.47800496220588684,0
E0_baseline,0,8,613,51087,2,0,0.2415134310722351,0
E0_baseline,0,8,618,51093,2,0,0.14713191986083984,0
E0_baseline,0,8,620,51095,2,0,0.6766834855079651,1
E0_baseline,0,8,635,51111,2,0,0.1474674493074417,0
E0_baseline,0,8,652,51133,2,0,0.814409077167511,1
E0_baseline,0,8,653,51134,2,0,0.14852872490882874,0
E0_baseline,0,8,668,51152,2,0,0.32364800572395325,0
E0_baseline,0,8,682,51173,1,1,0.8144086003303528,1
E0_baseline,0,8,687,51181,2,0,0.5946617126464844,1
E0_baseline,0,8,717,51221,1,1,0.808410108089447,1
E0_baseline,0,8,719,51223,1,1,0.8138622045516968,1
E0_baseline,0,8,731,51239,1,1,0.8058269023895264,1
E0_baseline,0,8,743,51257,2,0,0.8144015669822693,1
E0_baseline,0,8,751,51268,2,0,0.1465650200843811,0
E0_baseline,0,8,759,51278,2,0,0.6663678288459778,1
E0_baseline,0,8,770,51299,1,1,0.8098836541175842,1
E0_baseline,0,8,773,51302,1,1,0.8137997388839722,1
E0_baseline,0,8,782,51313,2,0,0.14767594635486603,0
E0_baseline,0,8,809,51345,2,0,0.6042954325675964,1
E0_baseline,0,8,810,51346,2,0,0.14659126102924347,0
E0_baseline,0,8,816,51356,2,0,0.8142352104187012,1
E0_baseline,0,8,826,51370,2,0,0.1471860259771347,0
E0_baseline,0,8,827,51373,2,0,0.1538839489221573,0
E0_baseline,0,8,830,51464,1,1,0.8122643828392029,1
E0_baseline,0,8,844,51557,2,0,0.14996959269046783,0
E0_baseline,0,8,849,51563,2,0,0.1464485079050064,0
E0_baseline,0,8,855,51569,2,0,0.40851011872291565,0
E0_baseline,0,8,858,51573,1,1,0.7242043018341064,1
E0_baseline,0,9,1,50004,1,1,0.9192105531692505,1
E0_baseline,0,9,15,50023,1,1,0.919834554195404,1
E0_baseline,0,9,39,50048,2,0,0.9187644720077515,1
E0_baseline,0,9,47,50057,1,1,0.1001877561211586,0
E0_baseline,0,9,48,50059,2,0,0.4541035592556,0
E0_baseline,0,9,62,50116,2,0,0.864287793636322,1
E0_baseline,0,9,89,50156,1,1,0.9158247709274292,1
E0_baseline,0,9,101,50170,2,0,0.2688339650630951,0
E0_baseline,0,9,107,50187,1,1,0.11548053473234177,0
E0_baseline,0,9,121,50204,2,0,0.10498077422380447,0
E0_baseline,0,9,127,50214,2,0,0.10556847602128983,0
E0_baseline,0,9,168,50278,1,1,0.9155691266059875,1
E0_baseline,0,9,193,50320,1,1,0.9198628067970276,1
E0_baseline,0,9,196,50325,1,1,0.09999703615903854,0
E0_baseline,0,9,254,50388,2,0,0.0984942689538002,0
E0_baseline,0,9,259,50402,1,1,0.09880310297012329,0
E0_baseline,0,9,260,50403,1,1,0.2808445394039154,0
E0_baseline,0,9,265,50408,1,1,0.11043539643287659,0
E0_baseline,0,9,295,50445,2,0,0.09853802621364594,0
E0_baseline,0,9,300,50453,2,0,0.8465882539749146,1
E0_baseline,0,9,301,50463,2,0,0.09858373552560806,0
E0_baseline,0,9,311,50483,1,1,0.899883508682251,1
E0_baseline,0,9,312,50485,1,1,0.09848617017269135,0
E0_baseline,0,9,322,50497,1,1,0.9117203950881958,1
E0_baseline,0,9,331,50509,1,1,0.9175044894218445,1
E0_baseline,0,9,365,50575,2,0,0.6236428618431091,1
E0_baseline,0,9,366,50576,2,0,0.09912789613008499,0
E0_baseline,0,9,375,50608,1,1,0.5936480760574341,1
E0_baseline,0,9,392,50644,1,1,0.9196324944496155,1
E0_baseline,0,9,393,50647,1,1,0.9185638427734375,1
E0_baseline,0,9,395,50649,1,1,0.1433594673871994,0
E0_baseline,0,9,396,50654,1,1,0.6233119368553162,1
E0_baseline,0,9,401,50669,2,0,0.9123612642288208,1
E0_baseline,0,9,418,50699,2,0,0.9115712642669678,1
E0_baseline,0,9,440,50737,2,0,0.10280996561050415,0
E0_baseline,0,9,442,50739,2,0,0.3160555362701416,0
E0_baseline,0,9,448,50745,1,1,0.9148340225219727,1
E0_baseline,0,9,454,50754,1,1,0.9192426800727844,1
E0_baseline,0,9,458,50772,2,0,0.9126423001289368,1
E0_baseline,0,9,464,50778,2,0,0.587828516960144,1
E0_baseline,0,9,483,50816,2,0,0.11136868596076965,0
E0_baseline,0,9,491,50952,1,1,0.9184969663619995,1
E0_baseline,0,9,503,50966,1,1,0.9180604219436646,1
E0_baseline,0,9,532,50999,1,1,0.919822096824646,1
E0_baseline,0,9,550,51019,1,1,0.9196174740791321,1
E0_baseline,0,9,561,51032,1,1,0.9198393821716309,1
E0_baseline,0,9,569,51041,2,0,0.09894237667322159,0
E0_baseline,0,9,571,51044,2,0,0.11163332313299179,0
E0_baseline,0,9,575,51048,2,0,0.2796759009361267,0
E0_baseline,0,9,588,51061,2,0,0.10311625152826309,0
E0_baseline,0,9,591,51064,2,0,0.9093371629714966,1
E0_baseline,0,9,594,51067,2,0,0.11116163432598114,0
E0_baseline,0,9,598,51072,2,0,0.9175409078598022,1
E0_baseline,0,9,602,51076,2,0,0.11379626393318176,0
E0_baseline,0,9,604,51078,2,0,0.10813471674919128,0
E0_baseline,0,9,611,51085,2,0,0.919865071773529,1
E0_baseline,0,9,614,51088,2,0,0.09982647746801376,0
E0_baseline,0,9,627,51102,2,0,0.269935667514801,0
E0_baseline,0,9,637,51113,2,0,0.1271466761827469,0
E0_baseline,0,9,638,51114,2,0,0.45810943841934204,0
E0_baseline,0,9,649,51130,2,0,0.9195079803466797,1
E0_baseline,0,9,660,51141,2,0,0.623568058013916,1
E0_baseline,0,9,679,51169,1,1,0.7890443801879883,1
E0_baseline,0,9,689,51183,2,0,0.14531028270721436,0
E0_baseline,0,9,704,51206,1,1,0.9185794591903687,1
E0_baseline,0,9,707,51210,1,1,0.9087069034576416,1
E0_baseline,0,9,711,51215,1,1,0.3245398700237274,0
E0_baseline,0,9,721,51225,1,1,0.7703896164894104,1
E0_baseline,0,9,726,51231,1,1,0.2794102728366852,0
E0_baseline,0,9,729,51236,1,1,0.7358522415161133,1
E0_baseline,0,9,744,51260,2,0,0.10534942895174026,0
E0_baseline,0,9,750,51267,2,0,0.09854094684123993,0
E0_baseline,0,9,777,51306,2,0,0.8166104555130005,1
E0_baseline,0,9,787,51321,1,1,0.9198561310768127,1
E0_baseline,0,9,788,51322,1,1,0.8989927172660828,1
E0_baseline,0,9,794,51329,1,1,0.1618340164422989,0
E0_baseline,0,9,802,51338,2,0,0.7237271666526794,1
E0_baseline,0,9,805,51341,2,0,0.7310935258865356,1
E0_baseline,0,9,812,51349,1,1,0.09871530532836914,0
E0_baseline,0,9,818,51359,2,0,0.9197124242782593,1
E0_baseline,0,9,822,51363,2,0,0.1267452836036682,0
E0_baseline,0,9,823,51364,2,0,0.7819137573242188,1
E0_baseline,0,9,847,51560,2,0,0.10070522874593735,0
E0_baseline,0,9,848,51562,2,0,0.10027218610048294,0
E0_baseline,0,9,850,51564,2,0,0.12953077256679535,0
E0_baseline,0,9,863,51579,1,1,0.4304986596107483,0
E0_baseline,0,9,866,51583,1,1,0.9158018231391907,1
E0_baseline,0,10,11,50015,1,1,0.9447347521781921,1
E0_baseline,0,10,41,50050,2,0,0.05052255839109421,0
E0_baseline,0,10,44,50053,1,1,0.9429787993431091,1
E0_baseline,0,10,52,50104,2,0,0.05742022395133972,0
E0_baseline,0,10,59,50113,2,0,0.054345935583114624,0
E0_baseline,0,10,65,50119,1,1,0.05219482630491257,0
E0_baseline,0,10,92,50159,2,0,0.9441584348678589,1
E0_baseline,0,10,93,50160,2,0,0.054158538579940796,0
E0_baseline,0,10,94,50161,2,0,0.9456331729888916,1
E0_baseline,0,10,108,50188,1,1,0.05157393589615822,0
E0_baseline,0,10,115,50198,2,0,0.05118050426244736,0
E0_baseline,0,10,117,50200,2,0,0.05192086845636368,0
E0_baseline,0,10,118,50201,2,0,0.05085023120045662,0
E0_baseline,0,10,140,50247,1,1,0.9447411298751831,1
E0_baseline,0,10,149,50257,2,0,0.050043802708387375,0
E0_baseline,0,10,177,50293,1,1,0.9458416700363159,1
E0_baseline,0,10,180,50297,1,1,0.8617886900901794,1
E0_baseline,0,10,182,50300,1,1,0.09318291395902634,0
E0_baseline,0,10,185,50304,1,1,0.9426154494285583,1
E0_baseline,0,10,186,50308,1,1,0.9290244579315186,1
E0_baseline,0,10,195,50324,1,1,0.9455938339233398,1
E0_baseline,0,10,199,50330,2,0,0.06626981496810913,0
E0_baseline,0,10,203,50334,2,0,0.37519571185112,0
E0_baseline,0,10,206,50337,2,0,0.05079241842031479,0
E0_baseline,0,10,219,50350,2,0,0.05347919836640358,0
E0_baseline,0,10,237,50368,2,0,0.052041541785001755,0
E0_baseline,0,10,238,50369,2,0,0.05380350351333618,0
E0_baseline,0,10,242,50374,2,0,0.05289102718234062,0
E0_baseline,0,10,248,50381,2,0,0.05047941580414772,0
E0_baseline,0,10,256,50391,2,0,0.1438148021697998,0
E0_baseline,0,10,274,50418,2,0,0.051375553011894226,0
E0_baseline,0,10,293,50443,2,0,0.9370138645172119,1
E0_baseline,0,10,317,50491,1,1,0.945686936378479,1
E0_baseline,0,10,320,50494,1,1,0.6939349174499512,1
E0_baseline,0,10,334,50515,1,1,0.9457055926322937,1
E0_baseline,0,10,340,50523,1,1,0.9458556175231934,1
E0_baseline,0,10,347,50530,1,1,0.9443297982215881,1
E0_baseline,0,10,354,50558,2,0,0.05113398656249046,0
E0_baseline,0,10,356,50563,2,0,0.052428025752305984,0
E0_baseline,0,10,359,50569,2,0,0.2878631055355072,0
E0_baseline,0,10,374,50607,1,1,0.050881724804639816,0
E0_baseline,0,10,376,50612,1,1,0.051258571445941925,0
E0_baseline,0,10,378,50614,1,1,0.9454677700996399,1
E0_baseline,0,10,382,50620,1,1,0.049914635717868805,0
E0_baseline,0,10,384,50622,1,1,0.9427236914634705,1
E0_baseline,0,10,387,50625,1,1,0.053972918540239334,0
E0_baseline,0,10,406,50687,2,0,0.9430046677589417,1
E0_baseline,0,10,414,50695,1,1,0.19077005982398987,0
E0_baseline,0,10,429,50711,1,1,0.05248846113681793,0
E0_baseline,0,10,432,50724,2,0,0.05083690956234932,0
E0_baseline,0,10,466,50781,2,0,0.938585102558136,1
E0_baseline,0,10,468,50783,2,0,0.05133187770843506,0
E0_baseline,0,10,482,50814,2,0,0.05035938695073128,0
E0_baseline,0,10,493,50955,1,1,0.052478138357400894,0
E0_baseline,0,10,501,50964,1,1,0.09344156086444855,0
E0_baseline,0,10,506,50969,1,1,0.9448736310005188,1
E0_baseline,0,10,531,50997,1,1,0.9457336068153381,1
E0_baseline,0,10,534,51001,1,1,0.9458622336387634,1
E0_baseline,0,10,542,51011,1,1,0.9458431601524353,1
E0_baseline,0,10,564,51035,1,1,0.7809394598007202,1
E0_baseline,0,10,583,51056,2,0,0.05348256602883339,0
E0_baseline,0,10,587,51060,2,0,0.9366520643234253,1
E0_baseline,0,10,595,51068,2,0,0.9449200630187988,1
E0_baseline,0,10,609,51083,2,0,0.9446586966514587,1
E0_baseline,0,10,610,51084,2,0,0.9457557797431946,1
E0_baseline,0,10,623,51098,2,0,0.0553143210709095,0
E0_baseline,0,10,639,51116,2,0,0.056221604347229004,0
E0_baseline,0,10,673,51159,2,0,0.945559024810791,1
E0_baseline,0,10,677,51164,1,1,0.9456611275672913,1
E0_baseline,0,10,694,51189,2,0,0.05014628916978836,0
E0_baseline,0,10,705,51207,1,1,0.9452636241912842,1
E0_baseline,0,10,712,51216,1,1,0.050119634717702866,0
E0_baseline,0,10,724,51229,1,1,0.9439743161201477,1
E0_baseline,0,10,736,51250,2,0,0.05321766808629036,0
E0_baseline,0,10,738,51252,2,0,0.9447457194328308,1
E0_baseline,0,10,769,51298,1,1,0.9458610415458679,1
E0_baseline,0,10,771,51300,1,1,0.9453002214431763,1
E0_baseline,0,10,774,51303,2,0,0.10949954390525818,0
E0_baseline,0,10,778,51307,2,0,0.9458549618721008,1
E0_baseline,0,10,783,51315,2,0,0.938576340675354,1
E0_baseline,0,10,784,51318,1,1,0.945556640625,1
E0_baseline,0,10,801,51336,2,0,0.05023398995399475,0
E0_baseline,0,10,813,51350,1,1,0.9445095658302307,1
E0_baseline,0,10,815,51354,1,1,0.9441909790039062,1
E0_baseline,0,10,817,51357,2,0,0.05329073593020439,0
E0_baseline,0,10,835,51480,2,0,0.050867605954408646,0
E0_baseline,0,10,856,51570,2,0,0.9392239451408386,1
E0_baseline,1,1,8,50012,1,1,0.7999528050422668,1
E0_baseline,1,1,17,50025,1,1,0.5396866798400879,1
E0_baseline,1,1,26,50035,2,0,0.1155552864074707,0
E0_baseline,1,1,30,50039,2,0,0.5026780366897583,1
E0_baseline,1,1,31,50040,2,0,0.11364413797855377,0
E0_baseline,1,1,33,50042,2,0,0.11518477648496628,0
E0_baseline,1,1,40,50049,2,0,0.11136730015277863,0
E0_baseline,1,1,64,50118,1,1,0.8378532528877258,1
E0_baseline,1,1,71,50128,1,1,0.8276883363723755,1
E0_baseline,1,1,74,50131,1,1,0.3701147735118866,0
E0_baseline,1,1,90,50157,2,0,0.1180877760052681,0
E0_baseline,1,1,109,50189,1,1,0.8425050377845764,1
E0_baseline,1,1,115,50198,2,0,0.1135561615228653,0
E0_baseline,1,1,119,50202,2,0,0.12438298016786575,0
E0_baseline,1,1,148,50255,1,1,0.8254466652870178,1
E0_baseline,1,1,170,50284,1,1,0.22014069557189941,0
E0_baseline,1,1,172,50287,1,1,0.11123276501893997,0
E0_baseline,1,1,192,50319,1,1,0.8394303321838379,1
E0_baseline,1,1,204,50335,2,0,0.11445388942956924,0
E0_baseline,1,1,221,50352,2,0,0.23950640857219696,0
E0_baseline,1,1,230,50361,2,0,0.11563931405544281,0
E0_baseline,1,1,241,50373,2,0,0.11545413732528687,0
E0_baseline,1,1,269,50413,1,1,0.8417235016822815,1
E0_baseline,1,1,273,50417,2,0,0.11651197820901871,0
E0_baseline,1,1,283,50433,2,0,0.11368884891271591,0
E0_baseline,1,1,288,50438,2,0,0.11149163544178009,0
E0_baseline,1,1,289,50439,2,0,0.11574951559305191,0
E0_baseline,1,1,303,50467,2,0,0.13591481745243073,0
E0_baseline,1,1,313,50486,1,1,0.834722101688385,1
E0_baseline,1,1,326,50501,1,1,0.8420203328132629,1
E0_baseline,1,1,333,50514,1,1,0.5299080014228821,1
E0_baseline,1,1,335,50516,1,1,0.5734660029411316,1
E0_baseline,1,1,337,50519,1,1,0.8373754620552063,1
E0_baseline,1,1,343,50526,1,1,0.26465466618537903,0
E0_baseline,1,1,383,50621,1,1,0.5270500779151917,1
E0_baseline,1,1,390,50628,1,1,0.8351739645004272,1
E0_baseline,1,1,410,50691,2,0,0.11341884732246399,0
E0_baseline,1,1,416,50697,1,1,0.5762328505516052,1
E0_baseline,1,1,422,50703,2,0,0.11160093545913696,0
E0_baseline,1,1,425,50706,2,0,0.11192616075277328,0
E0_baseline,1,1,429,50711,1,1,0.14132919907569885,0
E0_baseline,1,1,431,50723,2,0,0.11330897361040115,0
E0_baseline,1,1,435,50728,2,0,0.12747015058994293,0
E0_baseline,1,1,441,50738,2,0,0.11559540778398514,0
E0_baseline,1,1,446,50743,1,1,0.7040166854858398,1
E0_baseline,1,1,449,50748,1,1,0.7207902073860168,1
E0_baseline,1,1,455,50755,1,1,0.7583299875259399,1
E0_baseline,1,1,457,50757,1,1,0.11411569267511368,0
E0_baseline,1,1,501,50964,1,1,0.7427825331687927,1
E0_baseline,1,1,502,50965,1,1,0.8418601155281067,1
E0_baseline,1,1,511,50976,1,1,0.6875742673873901,1
E0_baseline,1,1,553,51023,1,1,0.8351309299468994,1
E0_baseline,1,1,560,51030,1,1,0.8254736661911011,1
E0_baseline,1,1,562,51033,1,1,0.8224453926086426,1
E0_baseline,1,1,566,51038,2,0,0.11317306756973267,0
E0_baseline,1,1,584,51057,2,0,0.11914429813623428,0
E0_baseline,1,1,597,51070,2,0,0.1135418713092804,0
E0_baseline,1,1,599,51073,2,0,0.11386636644601822,0
E0_baseline,1,1,610,51084,2,0,0.6208956241607666,1
E0_baseline,1,1,615,51089,2,0,0.11908207088708878,0
E0_baseline,1,1,630,51105,2,0,0.11344564706087112,0
E0_baseline,1,1,633,51109,2,0,0.11381544917821884,0
E0_baseline,1,1,636,51112,2,0,0.11509498208761215,0
E0_baseline,1,1,654,51135,2,0,0.1114608570933342,0
E0_baseline,1,1,680,51170,1,1,0.11357173323631287,0
E0_baseline,1,1,686,51180,2,0,0.3027077913284302,0
E0_baseline,1,1,691,51185,2,0,0.4382113218307495,0
E0_baseline,1,1,696,51194,2,0,0.1685084104537964,0
E0_baseline,1,1,697,51197,2,0,0.1130337342619896,0
E0_baseline,1,1,726,51231,1,1,0.20208926498889923,0
E0_baseline,1,1,729,51236,1,1,0.35165169835090637,0
E0_baseline,1,1,734,51248,1,1,0.840176522731781,1
E0_baseline,1,1,744,51260,2,0,0.1136721819639206,0
E0_baseline,1,1,753,51271,2,0,0.11910839378833771,0
E0_baseline,1,1,754,51272,2,0,0.12033167481422424,0
E0_baseline,1,1,755,51273,2,0,0.12752890586853027,0
E0_baseline,1,1,757,51276,2,0,0.11542286723852158,0
E0_baseline,1,1,765,51293,1,1,0.8408144116401672,1
E0_baseline,1,1,769,51298,1,1,0.8275977969169617,1
E0_baseline,1,1,787,51321,1,1,0.11132995039224625,0
E0_baseline,1,1,789,51323,1,1,0.8422978520393372,1
E0_baseline,1,1,792,51327,1,1,0.46208783984184265,0
E0_baseline,1,1,804,51340,2,0,0.11717948317527771,0
E0_baseline,1,1,836,51481,2,0,0.11519394814968109,0
E0_baseline,1,1,841,51491,2,0,0.113490991294384,0
E0_baseline,1,1,842,51493,2,0,0.11545328050851822,0
E0_baseline,1,1,856,51570,2,0,0.11330773681402206,0
E0_baseline,1,1,870,51607,1,1,0.11452002823352814,0
E0_baseline,1,2,1,50004,1,1,0.8762660622596741,1
E0_baseline,1,2,13,50020,1,1,0.8809618949890137,1
E0_baseline,1,2,23,50032,2,0,0.08948708325624466,0
E0_baseline,1,2,34,50043,2,0,0.09112641215324402,0
E0_baseline,1,2,41,50050,2,0,0.09085435420274734,0
E0_baseline,1,2,45,50054,2,0,0.8625800609588623,1
E0_baseline,1,2,53,50105,2,0,0.08817224949598312,0
E0_baseline,1,2,59,50113,2,0,0.09361710399389267,0
E0_baseline,1,2,69,50125,1,1,0.8689332604408264,1
E0_baseline,1,2,80,50144,1,1,0.8811078071594238,1
E0_baseline,1,2,84,50148,1,1,0.8812591433525085,1
E0_baseline,1,2,105,50184,1,1,0.8755635619163513,1
E0_baseline,1,2,144,50251,1,1,0.16325147449970245,0
E0_baseline,1,2,160,50269,2,0,0.16564470529556274,0
E0_baseline,1,2,165,50274,1,1,0.8756616711616516,1
E0_baseline,1,2,174,50290,1,1,0.8760682940483093,1
E0_baseline,1,2,195,50324,1,1,0.8814321160316467,1
E0_baseline,1,2,201,50332,2,0,0.08910709619522095,0
E0_baseline,1,2,209,50340,2,0,0.09107745438814163,0
E0_baseline,1,2,213,50344,2,0,0.09019048511981964,0
E0_baseline,1,2,215,50346,2,0,0.09260347485542297,0
E0_baseline,1,2,217,50348,2,0,0.09033249318599701,0
E0_baseline,1,2,218,50349,2,0,0.09294760227203369,0
E0_baseline,1,2,222,50353,2,0,0.08909286558628082,0
E0_baseline,1,2,224,50355,2,0,0.08907334506511688,0
E0_baseline,1,2,242,50374,2,0,0.08788507431745529,0
E0_baseline,1,2,253,50387,2,0,0.09082463383674622,0
E0_baseline,1,2,256,50391,2,0,0.08934520930051804,0
E0_baseline,1,2,277,50422,2,0,0.2887803912162781,0
E0_baseline,1,2,284,50434,2,0,0.08790113031864166,0
E0_baseline,1,2,305,50469,2,0,0.08989512920379639,0
E0_baseline,1,2,311,50483,1,1,0.8093355298042297,1
E0_baseline,1,2,331,50509,1,1,0.8789876103401184,1
E0_baseline,1,2,342,50525,1,1,0.432696133852005,0
E0_baseline,1,2,356,50563,2,0,0.08911865204572678,0
E0_baseline,1,2,370,50602,1,1,0.7832386493682861,1
E0_baseline,1,2,394,50648,1,1,0.6084492206573486,1
E0_baseline,1,2,401,50669,2,0,0.8748404383659363,1
E0_baseline,1,2,413,50694,1,1,0.8751968145370483,1
E0_baseline,1,2,438,50733,2,0,0.08863259106874466,0
E0_baseline,1,2,445,50742,2,0,0.0879129096865654,0
E0_baseline,1,2,447,50744,1,1,0.8804457187652588,1
E0_baseline,1,2,451,50750,1,1,0.881440281867981,1
E0_baseline,1,2,460,50774,2,0,0.09284160286188126,0
E0_baseline,1,2,472,50792,1,1,0.8758969306945801,1
E0_baseline,1,2,475,50798,1,1,0.08812179416418076,0
E0_baseline,1,2,477,50800,1,1,0.8786044716835022,1
E0_baseline,1,2,492,50954,1,1,0.26315537095069885,0
E0_baseline,1,2,496,50958,1,1,0.8740105628967285,1
E0_baseline,1,2,505,50968,1,1,0.8792171478271484,1
E0_baseline,1,2,506,50969,1,1,0.8439555168151855,1
E0_baseline,1,2,524,50990,1,1,0.879209578037262,1
E0_baseline,1,2,535,51002,1,1,0.8793745636940002,1
E0_baseline,1,2,545,51014,1,1,0.8814557194709778,1
E0_baseline,1,2,558,51028,1,1,0.8788065910339355,1
E0_baseline,1,2,564,51035,1,1,0.8482397794723511,1
E0_baseline,1,2,571,51044,2,0,0.09202886372804642,0
E0_baseline,1,2,574,51047,2,0,0.08805359899997711,0
E0_baseline,1,2,580,51053,2,0,0.09389436990022659,0
E0_baseline,1,2,585,51058,2,0,0.09281208366155624,0
E0_baseline,1,2,588,51061,2,0,0.09124676883220673,0
E0_baseline,1,2,600,51074,2,0,0.11041247099637985,0
E0_baseline,1,2,603,51077,2,0,0.09249870479106903,0
E0_baseline,1,2,617,51091,2,0,0.08828270435333252,0
E0_baseline,1,2,646,51127,2,0,0.1457437425851822,0
E0_baseline,1,2,648,51129,2,0,0.0918412134051323,0
E0_baseline,1,2,650,51131,2,0,0.09142673015594482,0
E0_baseline,1,2,651,51132,2,0,0.09126672148704529,0
E0_baseline,1,2,655,51136,2,0,0.1367139369249344,0
E0_baseline,1,2,662,51146,2,0,0.09091851115226746,0
E0_baseline,1,2,664,51148,2,0,0.09290768206119537,0
E0_baseline,1,2,668,51152,2,0,0.0880734995007515,0
E0_baseline,1,2,675,51162,1,1,0.8811258673667908,1
E0_baseline,1,2,681,51171,1,1,0.8804552555084229,1
E0_baseline,1,2,689,51183,2,0,0.09310263395309448,0
E0_baseline,1,2,703,51205,1,1,0.8814690709114075,1
E0_baseline,1,2,728,51235,1,1,0.8785042762756348,1
E0_baseline,1,2,735,51249,1,1,0.8799668550491333,1
E0_baseline,1,2,751,51268,2,0,0.08863465487957001,0
E0_baseline,1,2,763,51291,1,1,0.8814569115638733,1
E0_baseline,1,2,767,51295,1,1,0.8802505135536194,1
E0_baseline,1,2,813,51350,1,1,0.8793522119522095,1
E0_baseline,1,2,814,51351,1,1,0.6480357646942139,1
E0_baseline,1,2,826,51370,2,0,0.08808694034814835,0
E0_baseline,1,2,835,51480,2,0,0.09288167953491211,0
E0_baseline,1,2,859,51574,1,1,0.8805542588233948,1
E0_baseline,1,2,867,51584,1,1,0.8321346640586853,1
E0_baseline,1,3,3,50006,1,1,0.735353410243988,1
E0_baseline,1,3,15,50023,1,1,0.5221341848373413,1
E0_baseline,1,3,25,50034,2,0,0.20239603519439697,0
E0_baseline,1,3,39,50048,2,0,0.7306458950042725,1
E0_baseline,1,3,68,50124,1,1,0.7086021304130554,1
E0_baseline,1,3,75,50132,1,1,0.6118124723434448,1
E0_baseline,1,3,88,50153,1,1,0.42985081672668457,0
E0_baseline,1,3,100,50169,2,0,0.2012130320072174,0
E0_baseline,1,3,107,50187,1,1,0.21162639558315277,0
E0_baseline,1,3,111,50193,2,0,0.21218958497047424,0
E0_baseline,1,3,122,50205,2,0,0.20894348621368408,0
E0_baseline,1,3,138,50243,1,1,0.641305685043335,1
E0_baseline,1,3,147,50254,1,1,0.7170534729957581,1
E0_baseline,1,3,159,50268,2,0,0.2012152522802353,0
E0_baseline,1,3,173,50289,1,1,0.21223184466362,0
E0_baseline,1,3,186,50308,1,1,0.7142024636268616,1
E0_baseline,1,3,189,50314,1,1,0.735072135925293,1
E0_baseline,1,3,193,50320,1,1,0.7358037233352661,1
E0_baseline,1,3,199,50330,2,0,0.2053462564945221,0
E0_baseline,1,3,203,50334,2,0,0.7308713793754578,1
E0_baseline,1,3,206,50337,2,0,0.345544695854187,0
E0_baseline,1,3,232,50363,2,0,0.29268544912338257,0
E0_baseline,1,3,233,50364,2,0,0.4048624336719513,0
E0_baseline,1,3,236,50367,2,0,0.2018226981163025,0
E0_baseline,1,3,248,50381,2,0,0.25279223918914795,0
E0_baseline,1,3,252,50386,2,0,0.20242074131965637,0
E0_baseline,1,3,255,50390,2,0,0.2014465630054474,0
E0_baseline,1,3,259,50402,1,1,0.2011430710554123,0
E0_baseline,1,3,261,50404,1,1,0.7328912019729614,1
E0_baseline,1,3,264,50407,1,1,0.7336567640304565,1
E0_baseline,1,3,282,50428,2,0,0.20551010966300964,0
E0_baseline,1,3,291,50441,2,0,0.20326757431030273,0
E0_baseline,1,3,296,50446,2,0,0.2016488015651703,0
E0_baseline,1,3,301,50463,2,0,0.2017235904932022,0
E0_baseline,1,3,312,50485,1,1,0.20425178110599518,0
E0_baseline,1,3,322,50497,1,1,0.7269014120101929,1
E0_baseline,1,3,330,50507,1,1,0.2697366774082184,0
E0_baseline,1,3,332,50510,1,1,0.7291158437728882,1
E0_baseline,1,3,338,50520,1,1,0.7248870134353638,1
E0_baseline,1,3,362,50572,2,0,0.20113062858581543,0
E0_baseline,1,3,364,50574,2,0,0.5631377100944519,1
E0_baseline,1,3,368,50578,2,0,0.7354477047920227,1
E0_baseline,1,3,382,50620,1,1,0.30756720900535583,0
E0_baseline,1,3,384,50622,1,1,0.7353551387786865,1
E0_baseline,1,3,398,50659,2,0,0.31508880853652954,0
E0_baseline,1,3,403,50683,2,0,0.20614823698997498,0
E0_baseline,1,3,408,50689,1,1,0.7304403781890869,1
E0_baseline,1,3,415,50696,1,1,0.7224733233451843,1
E0_baseline,1,3,421,50702,1,1,0.4175076484680176,0
E0_baseline,1,3,433,50725,2,0,0.20395803451538086,0
E0_baseline,1,3,436,50730,2,0,0.20125426352024078,0
E0_baseline,1,3,439,50735,2,0,0.20109811425209045,0
E0_baseline,1,3,469,50786,2,0,0.2619573473930359,0
E0_baseline,1,3,497,50959,1,1,0.4327234923839569,0
E0_baseline,1,3,503,50966,1,1,0.20215067267417908,0
E0_baseline,1,3,517,50983,1,1,0.591835618019104,1
E0_baseline,1,3,529,50995,1,1,0.7357966303825378,1
E0_baseline,1,3,530,50996,1,1,0.6747680902481079,1
E0_baseline,1,3,531,50997,1,1,0.5649541020393372,1
E0_baseline,1,3,541,51010,1,1,0.4552886486053467,0
E0_baseline,1,3,546,51015,1,1,0.20112816989421844,0
E0_baseline,1,3,555,51025,1,1,0.6438469886779785,1
E0_baseline,1,3,572,51045,2,0,0.20871390402317047,0
E0_baseline,1,3,577,51050,2,0,0.20201514661312103,0
E0_baseline,1,3,592,51065,2,0,0.20242126286029816,0
E0_baseline,1,3,607,51081,2,0,0.2011088877916336,0
E0_baseline,1,3,608,51082,2,0,0.2126864343881607,0
E0_baseline,1,3,613,51087,2,0,0.20263756811618805,0
E0_baseline,1,3,637,51113,2,0,0.20485572516918182,0
E0_baseline,1,3,639,51116,2,0,0.20792311429977417,0
E0_baseline,1,3,645,51126,2,0,0.20823270082473755,0
E0_baseline,1,3,661,51142,2,0,0.20834726095199585,0
E0_baseline,1,3,706,51208,1,1,0.20211294293403625,0
E0_baseline,1,3,714,51218,1,1,0.7313553690910339,1
E0_baseline,1,3,722,51226,1,1,0.2010921984910965,0
E0_baseline,1,3,731,51239,1,1,0.7280696034431458,1
E0_baseline,1,3,741,51255,2,0,0.20367836952209473,0
E0_baseline,1,3,752,51269,2,0,0.20790985226631165,0
E0_baseline,1,3,761,51280,2,0,0.20353034138679504,0
E0_baseline,1,3,770,51299,1,1,0.7338964939117432,1
E0_baseline,1,3,771,51300,1,1,0.7346160411834717,1
E0_baseline,1,3,776,51305,2,0,0.4732072055339813,0
E0_baseline,1,3,794,51329,1,1,0.32692211866378784,0
E0_baseline,1,3,803,51339,2,0,0.20224717259407043,0
E0_baseline,1,3,806,51342,2,0,0.20241813361644745,0
E0_baseline,1,3,838,51484,2,0,0.2615683376789093,0
E0_baseline,1,3,855,51569,2,0,0.5995927453041077,1
E0_baseline,1,4,4,50007,1,1,0.5781806707382202,1
E0_baseline,1,4,32,50041,2,0,0.20605148375034332,0
E0_baseline,1,4,46,50056,1,1,0.8555192947387695,1
E0_baseline,1,4,57,50111,2,0,0.23563064634799957,0
E0_baseline,1,4,60,50114,2,0,0.23287121951580048,0
E0_baseline,1,4,87,50152,1,1,0.8628690838813782,1
E0_baseline,1,4,94,50161,2,0,0.23158444464206696,0
E0_baseline,1,4,120,50203,2,0,0.21239762008190155,0
E0_baseline,1,4,135,50239,1,1,0.35635140538215637,0
E0_baseline,1,4,149,50257,2,0,0.2839810252189636,0
E0_baseline,1,4,153,50262,2,0,0.25189515948295593,0
E0_baseline,1,4,154,50263,2,0,0.2098257839679718,0
E0_baseline,1,4,166,50275,1,1,0.8237764239311218,1
E0_baseline,1,4,179,50295,1,1,0.860026478767395,1
E0_baseline,1,4,210,50341,2,0,0.24688014388084412,0
E0_baseline,1,4,216,50347,2,0,0.20587794482707977,0
E0_baseline,1,4,226,50357,2,0,0.20563997328281403,0
E0_baseline,1,4,258,50399,1,1,0.8482900857925415,1
E0_baseline,1,4,272,50416,2,0,0.20588319003582,0
E0_baseline,1,4,295,50445,2,0,0.2178684026002884,0
E0_baseline,1,4,316,50490,1,1,0.8324148058891296,1
E0_baseline,1,4,323,50498,1,1,0.8564234375953674,1
E0_baseline,1,4,324,50499,1,1,0.8037325143814087,1
E0_baseline,1,4,328,50503,1,1,0.7735724449157715,1
E0_baseline,1,4,329,50504,1,1,0.8619150519371033,1
E0_baseline,1,4,344,50527,1,1,0.6975420713424683,1
E0_baseline,1,4,349,50532,1,1,0.8630058169364929,1
E0_baseline,1,4,350,50551,2,0,0.36675041913986206,0
E0_baseline,1,4,359,50569,2,0,0.681235134601593,1
E0_baseline,1,4,360,50570,2,0,0.21548637747764587,0
E0_baseline,1,4,363,50573,2,0,0.24945604801177979,0
E0_baseline,1,4,371,50603,1,1,0.8638847470283508,1
E0_baseline,1,4,380,50616,1,1,0.8640722036361694,1
E0_baseline,1,4,387,50625,1,1,0.20676279067993164,0
E0_baseline,1,4,389,50627,1,1,0.8640047311782837,1
E0_baseline,1,4,391,50642,1,1,0.8069971799850464,1
E0_baseline,1,4,392,50644,1,1,0.8429381847381592,1
E0_baseline,1,4,402,50682,2,0,0.21478968858718872,0
E0_baseline,1,4,430,50722,2,0,0.20981734991073608,0
E0_baseline,1,4,437,50731,2,0,0.2064364105463028,0
E0_baseline,1,4,458,50772,2,0,0.8540799021720886,1
E0_baseline,1,4,473,50796,1,1,0.8603107333183289,1
E0_baseline,1,4,474,50797,1,1,0.8593548536300659,1
E0_baseline,1,4,481,50812,2,0,0.21487148106098175,0
E0_baseline,1,4,483,50816,2,0,0.2048007994890213,0
E0_baseline,1,4,485,50818,2,0,0.20484550297260284,0
E0_baseline,1,4,509,50973,1,1,0.7781001925468445,1
E0_baseline,1,4,516,50982,1,1,0.2795008420944214,0
E0_baseline,1,4,543,51012,1,1,0.8037011027336121,1
E0_baseline,1,4,548,51017,1,1,0.8600542545318604,1
E0_baseline,1,4,549,51018,1,1,0.864223062992096,1
E0_baseline,1,4,551,51020,1,1,0.5828505754470825,1
E0_baseline,1,4,575,51048,2,0,0.2969836890697479,0
E0_baseline,1,4,590,51063,2,0,0.20640648901462555,0
E0_baseline,1,4,598,51072,2,0,0.5106164813041687,1
E0_baseline,1,4,605,51079,2,0,0.5867559313774109,1
E0_baseline,1,4,618,51093,2,0,0.2059241086244583,0
E0_baseline,1,4,626,51101,2,0,0.22047759592533112,0
E0_baseline,1,4,641,51118,2,0,0.4767739176750183,0
E0_baseline,1,4,649,51130,2,0,0.7690537571907043,1
E0_baseline,1,4,653,51134,2,0,0.23473194241523743,0
E0_baseline,1,4,658,51139,2,0,0.2139648050069809,0
E0_baseline,1,4,659,51140,2,0,0.21276091039180756,0
E0_baseline,1,4,666,51150,2,0,0.21935591101646423,0
E0_baseline,1,4,678,51168,1,1,0.6941827535629272,1
E0_baseline,1,4,687,51181,2,0,0.2895560562610626,0
E0_baseline,1,4,690,51184,2,0,0.43238574266433716,0
E0_baseline,1,4,699,51201,1,1,0.854961097240448,1
E0_baseline,1,4,708,51211,1,1,0.8391932249069214,1
E0_baseline,1,4,712,51216,1,1,0.23985686898231506,0
E0_baseline,1,4,716,51220,1,1,0.8463748693466187,1
E0_baseline,1,4,718,51222,1,1,0.3620680570602417,0
E0_baseline,1,4,723,51228,1,1,0.864202618598938,1
E0_baseline,1,4,742,51256,2,0,0.20957769453525543,0
E0_baseline,1,4,750,51267,2,0,0.20622478425502777,0
E0_baseline,1,4,778,51307,2,0,0.8640538454055786,1
E0_baseline,1,4,793,51328,1,1,0.8640514612197876,1
E0_baseline,1,4,808,51344,2,0,0.4215376377105713,0
E0_baseline,1,4,815,51354,1,1,0.7929540872573853,1
E0_baseline,1,4,817,51357,2,0,0.2051282376050949,0
E0_baseline,1,4,845,51558,2,0,0.21060913801193237,0
E0_baseline,1,4,846,51559,2,0,0.23483870923519135,0
E0_baseline,1,4,852,51566,2,0,0.24843084812164307,0
E0_baseline,1,4,854,51568,2,0,0.3347568213939667,0
E0_baseline,1,4,860,51576,1,1,0.5956446528434753,1
E0_baseline,1,4,861,51577,1,1,0.8213518261909485,1
E0_baseline,1,4,863,51579,1,1,0.3656010925769806,0
E0_baseline,1,5,9,50013,1,1,0.8583382368087769,1
E0_baseline,1,5,12,50016,1,1,0.7846584320068359,1
E0_baseline,1,5,21,50030,2,0,0.8859275579452515,1
E0_baseline,1,5,28,50037,2,0,0.6045054793357849,1
E0_baseline,1,5,37,50046,2,0,0.17775578796863556,0
E0_baseline,1,5,48,50059,2,0,0.18509554862976074,0
E0_baseline,1,5,73,50130,1,1,0.46883243322372437,0
E0_baseline,1,5,77,50135,1,1,0.8885265588760376,1
E0_baseline,1,5,79,50143,1,1,0.8823997974395752,1
E0_baseline,1,5,81,50145,1,1,0.8523952960968018,1
E0_baseline,1,5,95,50162,2,0,0.1851012110710144,0
E0_baseline,1,5,97,50164,2,0,0.1486453413963318,0
E0_baseline,1,5,102,50171,2,0,0.3859948515892029,0
E0_baseline,1,5,128,50215,2,0,0.15193025767803192,0
E0_baseline,1,5,134,50237,1,1,0.888765811920166,1
E0_baseline,1,5,142,50249,1,1,0.8891729712486267,1
E0_baseline,1,5,150,50259,2,0,0.14896993339061737,0
E0_baseline,1,5,167,50276,1,1,0.8892326354980469,1
E0_baseline,1,5,177,50293,1,1,0.8873878717422485,1
E0_baseline,1,5,185,50304,1,1,0.8783004283905029,1
E0_baseline,1,5,191,50318,1,1,0.1715231090784073,0
E0_baseline,1,5,207,50338,2,0,0.14452363550662994,0
E0_baseline,1,5,243,50375,2,0,0.14605139195919037,0
E0_baseline,1,5,250,50383,2,0,0.18147900700569153,0
E0_baseline,1,5,271,50415,2,0,0.1736965924501419,0
E0_baseline,1,5,276,50421,2,0,0.14482815563678741,0
E0_baseline,1,5,280,50426,2,0,0.15886059403419495,0
E0_baseline,1,5,286,50436,2,0,0.8357483148574829,1
E0_baseline,1,5,293,50443,2,0,0.8094531893730164,1
E0_baseline,1,5,304,50468,2,0,0.5469034314155579,1
E0_baseline,1,5,306,50470,2,0,0.28761857748031616,0
E0_baseline,1,5,327,50502,1,1,0.8892300724983215,1
E0_baseline,1,5,334,50515,1,1,0.8877477049827576,1
E0_baseline,1,5,336,50518,1,1,0.8780551552772522,1
E0_baseline,1,5,339,50521,1,1,0.6198045611381531,1
E0_baseline,1,5,347,50530,1,1,0.8864356279373169,1
E0_baseline,1,5,351,50552,2,0,0.17165210843086243,0
E0_baseline,1,5,355,50561,2,0,0.15171265602111816,0
E0_baseline,1,5,367,50577,2,0,0.14666259288787842,0
E0_baseline,1,5,385,50623,1,1,0.8866492509841919,1
E0_baseline,1,5,411,50692,2,0,0.14788506925106049,0
E0_baseline,1,5,412,50693,1,1,0.19605094194412231,0
E0_baseline,1,5,417,50698,2,0,0.18344856798648834,0
E0_baseline,1,5,443,50740,2,0,0.14743494987487793,0
E0_baseline,1,5,465,50780,2,0,0.30088815093040466,0
E0_baseline,1,5,484,50817,2,0,0.14543302357196808,0
E0_baseline,1,5,487,50821,2,0,0.14552302658557892,0
E0_baseline,1,5,494,50956,1,1,0.8782041668891907,1
E0_baseline,1,5,498,50960,1,1,0.3524559736251831,0
E0_baseline,1,5,504,50967,1,1,0.8734221458435059,1
E0_baseline,1,5,507,50970,1,1,0.8886770009994507,1
E0_baseline,1,5,513,50978,1,1,0.8889838457107544,1
E0_baseline,1,5,514,50979,1,1,0.6304882168769836,1
E0_baseline,1,5,528,50994,1,1,0.8843362927436829,1
E0_baseline,1,5,533,51000,1,1,0.8884287476539612,1
E0_baseline,1,5,536,51003,1,1,0.8834515810012817,1
E0_baseline,1,5,537,51006,1,1,0.8868629932403564,1
E0_baseline,1,5,538,51007,1,1,0.8877191543579102,1
E0_baseline,1,5,539,51008,1,1,0.22914829850196838,0
E0_baseline,1,5,547,51016,1,1,0.8747233152389526,1
E0_baseline,1,5,550,51019,1,1,0.8889800310134888,1
E0_baseline,1,5,594,51067,2,0,0.15136271715164185,0
E0_baseline,1,5,614,51088,2,0,0.14662425220012665,0
E0_baseline,1,5,616,51090,2,0,0.1481471061706543,0
E0_baseline,1,5,621,51096,2,0,0.14627611637115479,0
E0_baseline,1,5,623,51098,2,0,0.14700421690940857,0
E0_baseline,1,5,628,51103,2,0,0.6996771097183228,1
E0_baseline,1,5,647,51128,2,0,0.1450413465499878,0
E0_baseline,1,5,660,51141,2,0,0.16962844133377075,0
E0_baseline,1,5,669,51153,2,0,0.15399618446826935,0
E0_baseline,1,5,674,51161,1,1,0.829566478729248,1
E0_baseline,1,5,685,51179,1,1,0.8733655214309692,1
E0_baseline,1,5,698,51198,2,0,0.2708580493927002,0
E0_baseline,1,5,702,51204,1,1,0.8806113600730896,1
E0_baseline,1,5,713,51217,1,1,0.16403070092201233,0
E0_baseline,1,5,719,51223,1,1,0.820585310459137,1
E0_baseline,1,5,727,51234,1,1,0.8708269596099854,1
E0_baseline,1,5,737,51251,2,0,0.7757589221000671,1
E0_baseline,1,5,738,51252,2,0,0.8888576030731201,1
E0_baseline,1,5,746,51262,2,0,0.8844434022903442,1
E0_baseline,1,5,805,51341,2,0,0.56011962890625,1
E0_baseline,1,5,821,51362,2,0,0.2868734896183014,0
E0_baseline,1,5,823,51364,2,0,0.30310434103012085,0
E0_baseline,1,5,832,51473,1,1,0.6651409864425659,1
E0_baseline,1,5,847,51560,2,0,0.14485010504722595,0
E0_baseline,1,5,848,51562,2,0,0.14444418251514435,0
E0_baseline,1,5,849,51563,2,0,0.1561562418937683,0
E0_baseline,1,6,6,50010,1,1,0.9350913166999817,1
E0_baseline,1,6,47,50057,1,1,0.05870256572961807,0
E0_baseline,1,6,54,50106,2,0,0.058947425335645676,0
E0_baseline,1,6,61,50115,2,0,0.05802813544869423,0
E0_baseline,1,6,70,50127,1,1,0.20153853297233582,0
E0_baseline,1,6,76,50134,1,1,0.9346528053283691,1
E0_baseline,1,6,78,50142,1,1,0.9358772039413452,1
E0_baseline,1,6,82,50146,1,1,0.4152246415615082,0
E0_baseline,1,6,91,50158,2,0,0.05780787393450737,0
E0_baseline,1,6,92,50159,2,0,0.9354925155639648,1
E0_baseline,1,6,112,50194,2,0,0.058389369398355484,0
E0_baseline,1,6,123,50206,2,0,0.6059214472770691,1
E0_baseline,1,6,124,50208,2,0,0.058609988540410995,0
E0_baseline,1,6,130,50232,1,1,0.9309366345405579,1
E0_baseline,1,6,131,50233,1,1,0.9340906739234924,1
E0_baseline,1,6,137,50241,1,1,0.9343323707580566,1
E0_baseline,1,6,139,50245,1,1,0.934102475643158,1
E0_baseline,1,6,140,50247,1,1,0.9359433054924011,1
E0_baseline,1,6,151,50260,2,0,0.058391373604536057,0
E0_baseline,1,6,168,50278,1,1,0.93306565284729,1
E0_baseline,1,6,175,50291,1,1,0.928368330001831,1
E0_baseline,1,6,196,50325,1,1,0.05802863463759422,0
E0_baseline,1,6,205,50336,2,0,0.1405184268951416,0
E0_baseline,1,6,219,50350,2,0,0.059011660516262054,0
E0_baseline,1,6,220,50351,2,0,0.058945052325725555,0
E0_baseline,1,6,223,50354,2,0,0.05945592373609543,0
E0_baseline,1,6,228,50359,2,0,0.06122197210788727,0
E0_baseline,1,6,229,50360,2,0,0.058258071541786194,0
E0_baseline,1,6,234,50365,2,0,0.05843598023056984,0
E0_baseline,1,6,239,50370,2,0,0.05764071270823479,0
E0_baseline,1,6,254,50388,2,0,0.05836706981062889,0
E0_baseline,1,6,260,50403,1,1,0.06033030524849892,0
E0_baseline,1,6,278,50424,2,0,0.05850580707192421,0
E0_baseline,1,6,290,50440,2,0,0.9356189370155334,1
E0_baseline,1,6,292,50442,2,0,0.058913130313158035,0
E0_baseline,1,6,299,50449,2,0,0.05764850601553917,0
E0_baseline,1,6,302,50466,2,0,0.05837377533316612,0
E0_baseline,1,6,321,50496,1,1,0.9353441596031189,1
E0_baseline,1,6,340,50523,1,1,0.932302713394165,1
E0_baseline,1,6,345,50528,1,1,0.9337341785430908,1
E0_baseline,1,6,357,50565,2,0,0.18252399563789368,0
E0_baseline,1,6,365,50575,2,0,0.05761057138442993,0
E0_baseline,1,6,372,50604,1,1,0.932297945022583,1
E0_baseline,1,6,374,50607,1,1,0.057610832154750824,0
E0_baseline,1,6,379,50615,1,1,0.9334805607795715,1
E0_baseline,1,6,399,50664,2,0,0.05771571397781372,0
E0_baseline,1,6,426,50707,2,0,0.05844173580408096,0
E0_baseline,1,6,444,50741,2,0,0.05746426805853844,0
E0_baseline,1,6,467,50782,2,0,0.05930816009640694,0
E0_baseline,1,6,468,50783,2,0,0.058915477246046066,0
E0_baseline,1,6,470,50790,2,0,0.05840161815285683,0
E0_baseline,1,6,480,50807,1,1,0.9348031878471375,1
E0_baseline,1,6,493,50955,1,1,0.05826080963015556,0
E0_baseline,1,6,499,50961,1,1,0.9351309537887573,1
E0_baseline,1,6,515,50981,1,1,0.9317368865013123,1
E0_baseline,1,6,518,50984,1,1,0.865458071231842,1
E0_baseline,1,6,522,50988,1,1,0.8578445315361023,1
E0_baseline,1,6,523,50989,1,1,0.931651771068573,1
E0_baseline,1,6,542,51011,1,1,0.9331180453300476,1
E0_baseline,1,6,556,51026,1,1,0.9361278414726257,1
E0_baseline,1,6,557,51027,1,1,0.2025393694639206,0
E0_baseline,1,6,567,51039,2,0,0.05896620824933052,0
E0_baseline,1,6,569,51041,2,0,0.05870389565825462,0
E0_baseline,1,6,573,51046,2,0,0.057941485196352005,0
E0_baseline,1,6,581,51054,2,0,0.05838843435049057,0
E0_baseline,1,6,582,51055,2,0,0.058915067464113235,0
E0_baseline,1,6,583,51056,2,0,0.05899698659777641,0
E0_baseline,1,6,601,51075,2,0,0.05967875197529793,0
E0_baseline,1,6,604,51078,2,0,0.05896312743425369,0
E0_baseline,1,6,624,51099,2,0,0.05744076147675514,0
E0_baseline,1,6,672,51156,2,0,0.058511652052402496,0
E0_baseline,1,6,707,51210,1,1,0.9303913116455078,1
E0_baseline,1,6,725,51230,1,1,0.9352310299873352,1
E0_baseline,1,6,739,51253,2,0,0.05746613070368767,0
E0_baseline,1,6,762,51281,2,0,0.05873449891805649,0
E0_baseline,1,6,773,51302,1,1,0.8017076253890991,1
E0_baseline,1,6,775,51304,2,0,0.057588379830121994,0
E0_baseline,1,6,785,51319,1,1,0.933134138584137,1
E0_baseline,1,6,796,51331,1,1,0.9360560774803162,1
E0_baseline,1,6,810,51346,2,0,0.05873340740799904,0
E0_baseline,1,6,811,51347,2,0,0.05814363434910774,0
E0_baseline,1,6,812,51349,1,1,0.058487605303525925,0
E0_baseline,1,6,819,51360,2,0,0.057557836174964905,0
E0_baseline,1,6,844,51557,2,0,0.05868658423423767,0
E0_baseline,1,6,858,51573,1,1,0.123171366751194,0
E0_baseline,1,6,864,51580,1,1,0.6503973603248596,1
E0_baseline,1,6,869,51606,1,1,0.057617440819740295,0
E0_baseline,1,7,22,50031,2,0,0.06170686334371567,0
E0_baseline,1,7,24,50033,2,0,0.06142280995845795,0
E0_baseline,1,7,29,50038,2,0,0.06158362701535225,0
E0_baseline,1,7,43,50052,2,0,0.08314719796180725,0
E0_baseline,1,7,50,50102,2,0,0.061432406306266785,0
E0_baseline,1,7,58,50112,2,0,0.06267688423395157,0
E0_baseline,1,7,62,50116,2,0,0.08263736963272095,0
E0_baseline,1,7,86,50150,1,1,0.06279914081096649,0
E0_baseline,1,7,89,50156,1,1,0.816123366355896,1
E0_baseline,1,7,93,50160,2,0,0.06670626997947693,0
E0_baseline,1,7,99,50168,2,0,0.06674863398075104,0
E0_baseline,1,7,121,50204,2,0,0.06368838995695114,0
E0_baseline,1,7,125,50210,2,0,0.06187162548303604,0
E0_baseline,1,7,127,50214,2,0,0.06449159234762192,0
E0_baseline,1,7,129,50217,2,0,0.0642249807715416,0
E0_baseline,1,7,133,50236,1,1,0.8161290287971497,1
E0_baseline,1,7,158,50267,2,0,0.06153657287359238,0
E0_baseline,1,7,162,50271,2,0,0.07130954414606094,0
E0_baseline,1,7,169,50282,1,1,0.5545079112052917,1
E0_baseline,1,7,183,50301,1,1,0.0667203962802887,0
E0_baseline,1,7,188,50312,1,1,0.78504478931427,1
E0_baseline,1,7,211,50342,2,0,0.06209328770637512,0
E0_baseline,1,7,212,50343,2,0,0.43872326612472534,0
E0_baseline,1,7,238,50369,2,0,0.06672198325395584,0
E0_baseline,1,7,245,50377,2,0,0.0625235065817833,0
E0_baseline,1,7,251,50385,2,0,0.09090515971183777,0
E0_baseline,1,7,262,50405,1,1,0.8082919120788574,1
E0_baseline,1,7,266,50410,1,1,0.20981262624263763,0
E0_baseline,1,7,274,50418,2,0,0.061386942863464355,0
E0_baseline,1,7,300,50453,2,0,0.7593972086906433,1
E0_baseline,1,7,307,50477,1,1,0.5905047655105591,1
E0_baseline,1,7,317,50491,1,1,0.7363813519477844,1
E0_baseline,1,7,318,50492,1,1,0.6830666661262512,1
E0_baseline,1,7,325,50500,1,1,0.47006189823150635,0
E0_baseline,1,7,346,50529,1,1,0.8162893652915955,1
E0_baseline,1,7,353,50557,2,0,0.06140691041946411,0
E0_baseline,1,7,354,50558,2,0,0.06166194751858711,0
E0_baseline,1,7,373,50606,1,1,0.07621774077415466,0
E0_baseline,1,7,375,50608,1,1,0.153118297457695,0
E0_baseline,1,7,386,50624,1,1,0.8166281580924988,1
E0_baseline,1,7,395,50649,1,1,0.0625142753124237,0
E0_baseline,1,7,407,50688,2,0,0.061388686299324036,0
E0_baseline,1,7,418,50699,2,0,0.8133940696716309,1
E0_baseline,1,7,428,50709,2,0,0.061459243297576904,0
E0_baseline,1,7,450,50749,1,1,0.7958406805992126,1
E0_baseline,1,7,453,50752,1,1,0.22394588589668274,0
E0_baseline,1,7,456,50756,1,1,0.7750961184501648,1
E0_baseline,1,7,495,50957,1,1,0.15155203640460968,0
E0_baseline,1,7,510,50974,1,1,0.7949078679084778,1
E0_baseline,1,7,521,50987,1,1,0.8153274655342102,1
E0_baseline,1,7,554,51024,1,1,0.7244824767112732,1
E0_baseline,1,7,587,51060,2,0,0.39702510833740234,0
E0_baseline,1,7,593,51066,2,0,0.06228918954730034,0
E0_baseline,1,7,619,51094,2,0,0.06253132969141006,0
E0_baseline,1,7,620,51095,2,0,0.1652124971151352,0
E0_baseline,1,7,629,51104,2,0,0.062113381922245026,0
E0_baseline,1,7,634,51110,2,0,0.06163887307047844,0
E0_baseline,1,7,663,51147,2,0,0.061648618429899216,0
E0_baseline,1,7,667,51151,2,0,0.0619111992418766,0
E0_baseline,1,7,671,51155,2,0,0.06157465651631355,0
E0_baseline,1,7,673,51159,2,0,0.8164557814598083,1
E0_baseline,1,7,676,51163,1,1,0.08314404636621475,0
E0_baseline,1,7,682,51173,1,1,0.803186297416687,1
E0_baseline,1,7,683,51177,1,1,0.5361634492874146,1
E0_baseline,1,7,684,51178,1,1,0.8100312948226929,1
E0_baseline,1,7,695,51192,2,0,0.062496304512023926,0
E0_baseline,1,7,704,51206,1,1,0.593828022480011,1
E0_baseline,1,7,710,51214,1,1,0.7965202927589417,1
E0_baseline,1,7,717,51221,1,1,0.8100740313529968,1
E0_baseline,1,7,720,51224,1,1,0.8099818825721741,1
E0_baseline,1,7,724,51229,1,1,0.8156301379203796,1
E0_baseline,1,7,736,51250,2,0,0.06369707733392715,0
E0_baseline,1,7,759,51278,2,0,0.13141730427742004,0
E0_baseline,1,7,760,51279,2,0,0.061451710760593414,0
E0_baseline,1,7,764,51292,1,1,0.8074736595153809,1
E0_baseline,1,7,774,51303,2,0,0.06165233626961708,0
E0_baseline,1,7,784,51318,1,1,0.06154448166489601,0
E0_baseline,1,7,799,51334,2,0,0.062110185623168945,0
E0_baseline,1,7,807,51343,2,0,0.06679476797580719,0
E0_baseline,1,7,820,51361,2,0,0.06172015145421028,0
E0_baseline,1,7,827,51373,2,0,0.06670956313610077,0
E0_baseline,1,7,828,51461,1,1,0.5509340763092041,1
E0_baseline,1,7,830,51464,1,1,0.8134718537330627,1
E0_baseline,1,7,831,51465,1,1,0.8116875290870667,1
E0_baseline,1,7,833,51477,2,0,0.061574965715408325,0
E0_baseline,1,7,857,51572,1,1,0.8153355121612549,1
E0_baseline,1,7,866,51583,1,1,0.8166147470474243,1
E0_baseline,1,8,5,50008,1,1,0.8777581453323364,1
E0_baseline,1,8,7,50011,1,1,0.8759701251983643,1
E0_baseline,1,8,10,50014,1,1,0.8778485059738159,1
E0_baseline,1,8,14,50022,1,1,0.1333124190568924,0
E0_baseline,1,8,16,50024,1,1,0.8779119253158569,1
E0_baseline,1,8,35,50044,2,0,0.14046071469783783,0
E0_baseline,1,8,42,50051,2,0,0.44189029932022095,0
E0_baseline,1,8,49,50060,2,0,0.13174687325954437,0
E0_baseline,1,8,52,50104,2,0,0.14021022617816925,0
E0_baseline,1,8,56,50109,2,0,0.14854159951210022,0
E0_baseline,1,8,65,50119,1,1,0.131596177816391,0
E0_baseline,1,8,67,50123,1,1,0.8751451373100281,1
E0_baseline,1,8,101,50170,2,0,0.13848890364170074,0
E0_baseline,1,8,103,50182,1,1,0.8775256872177124,1
E0_baseline,1,8,104,50183,1,1,0.8778303265571594,1
E0_baseline,1,8,106,50186,1,1,0.8749248385429382,1
E0_baseline,1,8,117,50200,2,0,0.14056840538978577,0
E0_baseline,1,8,118,50201,2,0,0.1339835673570633,0
E0_baseline,1,8,143,50250,1,1,0.18681468069553375,0
E0_baseline,1,8,146,50253,1,1,0.8502376675605774,1
E0_baseline,1,8,164,50273,1,1,0.872779130935669,1
E0_baseline,1,8,171,50285,1,1,0.25653964281082153,0
E0_baseline,1,8,184,50302,1,1,0.874869704246521,1
E0_baseline,1,8,187,50310,1,1,0.8739796876907349,1
E0_baseline,1,8,194,50321,1,1,0.875408411026001,1
E0_baseline,1,8,198,50329,2,0,0.13082337379455566,0
E0_baseline,1,8,214,50345,2,0,0.1326807737350464,0
E0_baseline,1,8,227,50358,2,0,0.1308521330356598,0
E0_baseline,1,8,231,50362,2,0,0.1307973563671112,0
E0_baseline,1,8,244,50376,2,0,0.7653558850288391,1
E0_baseline,1,8,263,50406,1,1,0.8748230338096619,1
E0_baseline,1,8,268,50412,1,1,0.875641405582428,1
E0_baseline,1,8,270,50414,2,0,0.30958205461502075,0
E0_baseline,1,8,281,50427,2,0,0.13505929708480835,0
E0_baseline,1,8,298,50448,2,0,0.20156392455101013,0
E0_baseline,1,8,309,50481,1,1,0.8754056692123413,1
E0_baseline,1,8,314,50487,1,1,0.8728126287460327,1
E0_baseline,1,8,358,50568,2,0,0.46495887637138367,0
E0_baseline,1,8,366,50576,2,0,0.13253463804721832,0
E0_baseline,1,8,369,50601,1,1,0.538417398929596,1
E0_baseline,1,8,381,50619,1,1,0.8749053478240967,1
E0_baseline,1,8,404,50685,2,0,0.37024426460266113,0
E0_baseline,1,8,419,50700,1,1,0.8764157295227051,1
E0_baseline,1,8,420,50701,2,0,0.3438604176044464,0
E0_baseline,1,8,432,50724,2,0,0.13401781022548676,0
E0_baseline,1,8,440,50737,2,0,0.1551317274570465,0
E0_baseline,1,8,454,50754,1,1,0.8748727440834045,1
E0_baseline,1,8,462,50776,2,0,0.13485054671764374,0
E0_baseline,1,8,471,50791,1,1,0.8773301243782043,1
E0_baseline,1,8,482,50814,2,0,0.26324403285980225,0
E0_baseline,1,8,508,50972,1,1,0.87540602684021,1
E0_baseline,1,8,525,50991,1,1,0.24403508007526398,0
E0_baseline,1,8,527,50993,1,1,0.8707247972488403,1
E0_baseline,1,8,532,50999,1,1,0.8776196837425232,1
E0_baseline,1,8,544,51013,1,1,0.8769059181213379,1
E0_baseline,1,8,559,51029,1,1,0.3439237177371979,0
E0_baseline,1,8,576,51049,2,0,0.1416495144367218,0
E0_baseline,1,8,596,51069,2,0,0.13974881172180176,0
E0_baseline,1,8,627,51102,2,0,0.15837359428405762,0
E0_baseline,1,8,632,51107,2,0,0.87652188539505,1
E0_baseline,1,8,635,51111,2,0,0.13093312084674835,0
E0_baseline,1,8,638,51114,2,0,0.5432226061820984,1
E0_baseline,1,8,642,51122,2,0,0.1339890956878662,0
E0_baseline,1,8,644,51124,2,0,0.13235339522361755,0
E0_baseline,1,8,656,51137,2,0,0.1405762881040573,0
E0_baseline,1,8,670,51154,2,0,0.1495470255613327,0
E0_baseline,1,8,694,51189,2,0,0.22492040693759918,0
E0_baseline,1,8,701,51203,1,1,0.8740140199661255,1
E0_baseline,1,8,711,51215,1,1,0.43292027711868286,0
E0_baseline,1,8,730,51237,1,1,0.8742673397064209,1
E0_baseline,1,8,733,51241,1,1,0.877692699432373,1
E0_baseline,1,8,745,51261,2,0,0.25652095675468445,0
E0_baseline,1,8,747,51264,2,0,0.1365135908126831,0
E0_baseline,1,8,758,51277,2,0,0.13084140419960022,0
E0_baseline,1,8,777,51306,2,0,0.26865285634994507,0
E0_baseline,1,8,783,51315,2,0,0.21346239745616913,0
E0_baseline,1,8,786,51320,1,1,0.8737137913703918,1
E0_baseline,1,8,788,51322,1,1,0.2940479516983032,0
E0_baseline,1,8,790,51325,1,1,0.8776712417602539,1
E0_baseline,1,8,791,51326,1,1,0.8327421545982361,1
E0_baseline,1,8,797,51332,2,0,0.1334742307662964,0
E0_baseline,1,8,801,51336,2,0,0.1311430037021637,0
E0_baseline,1,8,802,51338,2,0,0.8655011653900146,1
E0_baseline,1,8,816,51356,2,0,0.6285867691040039,1
E0_baseline,1,8,824,51365,2,0,0.1376379281282425,0
E0_baseline,1,8,825,51369,2,0,0.2506523132324219,0
E0_baseline,1,8,839,51487,2,0,0.13196317851543427,0
E0_baseline,1,9,0,50003,1,1,0.45400914549827576,0
E0_baseline,1,9,44,50053,1,1,0.6375242471694946,1
E0_baseline,1,9,51,50103,2,0,0.6962827444076538,1
E0_baseline,1,9,83,50147,1,1,0.6876634955406189,1
E0_baseline,1,9,96,50163,2,0,0.6658340096473694,1
E0_baseline,1,9,110,50190,1,1,0.485675573348999,0
E0_baseline,1,9,116,50199,2,0,0.2885504364967346,0
E0_baseline,1,9,136,50240,1,1,0.6844661235809326,1
E0_baseline,1,9,155,50264,2,0,0.6358053088188171,1
E0_baseline,1,9,157,50266,2,0,0.35778194665908813,0
E0_baseline,1,9,161,50270,2,0,0.3202625513076782,0
E0_baseline,1,9,178,50294,1,1,0.6826485991477966,1
E0_baseline,1,9,180,50297,1,1,0.2893531918525696,0
E0_baseline,1,9,181,50298,1,1,0.3374570906162262,0
E0_baseline,1,9,182,50300,1,1,0.2779369056224823,0
E0_baseline,1,9,197,50327,2,0,0.276789128780365,0
E0_baseline,1,9,202,50333,2,0,0.29762664437294006,0
E0_baseline,1,9,208,50339,2,0,0.2765759825706482,0
E0_baseline,1,9,237,50368,2,0,0.27871018648147583,0
E0_baseline,1,9,247,50380,2,0,0.5692191123962402,1
E0_baseline,1,9,249,50382,2,0,0.27817970514297485,0
E0_baseline,1,9,257,50397,1,1,0.6952818036079407,1
E0_baseline,1,9,267,50411,1,1,0.7056453227996826,1
E0_baseline,1,9,287,50437,2,0,0.7029308676719666,1
E0_baseline,1,9,294,50444,2,0,0.350669264793396,0
E0_baseline,1,9,297,50447,2,0,0.4706191122531891,0
E0_baseline,1,9,310,50482,1,1,0.7059963345527649,1
E0_baseline,1,9,320,50494,1,1,0.6900230050086975,1
E0_baseline,1,9,341,50524,1,1,0.70196932554245,1
E0_baseline,1,9,352,50555,2,0,0.27677208185195923,0
E0_baseline,1,9,377,50613,1,1,0.6993407011032104,1
E0_baseline,1,9,378,50614,1,1,0.7059214115142822,1
E0_baseline,1,9,396,50654,1,1,0.28211843967437744,0
E0_baseline,1,9,400,50665,2,0,0.35117363929748535,0
E0_baseline,1,9,406,50687,2,0,0.5205073952674866,1
E0_baseline,1,9,409,50690,1,1,0.2765966057777405,0
E0_baseline,1,9,423,50704,1,1,0.3199158310890198,0
E0_baseline,1,9,424,50705,1,1,0.2787356972694397,0
E0_baseline,1,9,427,50708,1,1,0.694210410118103,1
E0_baseline,1,9,434,50726,2,0,0.2779274880886078,0
E0_baseline,1,9,442,50739,2,0,0.5410590171813965,1
E0_baseline,1,9,452,50751,1,1,0.6536868810653687,1
E0_baseline,1,9,459,50773,2,0,0.3595271706581116,0
E0_baseline,1,9,463,50777,2,0,0.2778172791004181,0
E0_baseline,1,9,479,50803,1,1,0.7010440230369568,1
E0_baseline,1,9,488,50822,2,0,0.28198546171188354,0
E0_baseline,1,9,491,50952,1,1,0.7054358720779419,1
E0_baseline,1,9,500,50962,1,1,0.3682316839694977,0
E0_baseline,1,9,512,50977,1,1,0.31910276412963867,0
E0_baseline,1,9,520,50986,1,1,0.28334206342697144,0
E0_baseline,1,9,526,50992,1,1,0.4944678246974945,0
E0_baseline,1,9,534,51001,1,1,0.7054087519645691,1
E0_baseline,1,9,540,51009,1,1,0.6986498236656189,1
E0_baseline,1,9,552,51021,1,1,0.7060957551002502,1
E0_baseline,1,9,561,51032,1,1,0.6986116766929626,1
E0_baseline,1,9,563,51034,1,1,0.6001280546188354,1
E0_baseline,1,9,565,51036,2,0,0.27673953771591187,0
E0_baseline,1,9,578,51051,2,0,0.2852475643157959,0
E0_baseline,1,9,591,51064,2,0,0.2936490774154663,0
E0_baseline,1,9,595,51068,2,0,0.5523852109909058,1
E0_baseline,1,9,602,51076,2,0,0.2845349609851837,0
E0_baseline,1,9,612,51086,2,0,0.2767249643802643,0
E0_baseline,1,9,622,51097,2,0,0.277356892824173,0
E0_baseline,1,9,625,51100,2,0,0.5995482206344604,1
E0_baseline,1,9,631,51106,2,0,0.27677589654922485,0
E0_baseline,1,9,640,51117,2,0,0.4658450484275818,0
E0_baseline,1,9,643,51123,2,0,0.4081081449985504,0
E0_baseline,1,9,657,51138,2,0,0.27785566449165344,0
E0_baseline,1,9,679,51169,1,1,0.7049345374107361,1
E0_baseline,1,9,692,51187,2,0,0.3247305750846863,0
E0_baseline,1,9,693,51188,2,0,0.28064897656440735,0
E0_baseline,1,9,709,51212,1,1,0.7040563225746155,1
E0_baseline,1,9,715,51219,1,1,0.7044172883033752,1
E0_baseline,1,9,732,51240,1,1,0.6993018984794617,1
E0_baseline,1,9,743,51257,2,0,0.5454785227775574,1
E0_baseline,1,9,781,51311,2,0,0.2768016755580902,0
E0_baseline,1,9,795,51330,1,1,0.7049328088760376,1
E0_baseline,1,9,798,51333,2,0,0.276635080575943,0
E0_baseline,1,9,809,51345,2,0,0.3795899450778961,0
E0_baseline,1,9,818,51359,2,0,0.7051672339439392,1
E0_baseline,1,9,822,51363,2,0,0.27663248777389526,0
E0_baseline,1,9,829,51463,1,1,0.7060397863388062,1
E0_baseline,1,9,837,51482,2,0,0.28960293531417847,0
E0_baseline,1,9,840,51488,2,0,0.27942144870758057,0
E0_baseline,1,9,843,51556,2,0,0.34050410985946655,0
E0_baseline,1,9,851,51565,2,0,0.2833263874053955,0
E0_baseline,1,9,862,51578,1,1,0.7021768689155579,1
E0_baseline,1,10,2,50005,1,1,0.9478854537010193,1
E0_baseline,1,10,11,50015,1,1,0.950424075126648,1
E0_baseline,1,10,18,50026,1,1,0.9475308060646057,1
E0_baseline,1,10,19,50027,1,1,0.16509607434272766,0
E0_baseline,1,10,20,50028,1,1,0.9504671096801758,1
E0_baseline,1,10,27,50036,2,0,0.05219617113471031,0
E0_baseline,1,10,36,50045,2,0,0.9446066617965698,1
E0_baseline,1,10,38,50047,2,0,0.2430533766746521,0
E0_baseline,1,10,55,50107,2,0,0.1704460233449936,0
E0_baseline,1,10,63,50117,2,0,0.07272655516862869,0
E0_baseline,1,10,66,50121,1,1,0.9502906203269958,1
E0_baseline,1,10,72,50129,1,1,0.9499646425247192,1
E0_baseline,1,10,85,50149,1,1,0.9504789710044861,1
E0_baseline,1,10,98,50167,2,0,0.055473558604717255,0
E0_baseline,1,10,108,50188,1,1,0.0547458790242672,0
E0_baseline,1,10,113,50195,2,0,0.05230896547436714,0
E0_baseline,1,10,114,50196,2,0,0.0504617877304554,0
E0_baseline,1,10,126,50213,2,0,0.05121276527643204,0
E0_baseline,1,10,132,50234,1,1,0.9482443928718567,1
E0_baseline,1,10,141,50248,1,1,0.9503259658813477,1
E0_baseline,1,10,145,50252,1,1,0.27047401666641235,0
E0_baseline,1,10,152,50261,2,0,0.9495779871940613,1
E0_baseline,1,10,156,50265,2,0,0.05013130232691765,0
E0_baseline,1,10,163,50272,1,1,0.9494800567626953,1
E0_baseline,1,10,176,50292,1,1,0.950143039226532,1
E0_baseline,1,10,190,50315,1,1,0.9495378136634827,1
E0_baseline,1,10,200,50331,2,0,0.3811865746974945,0
E0_baseline,1,10,225,50356,2,0,0.055843885987997055,0
E0_baseline,1,10,235,50366,2,0,0.050012730062007904,0
E0_baseline,1,10,240,50372,2,0,0.05151047930121422,0
E0_baseline,1,10,246,50379,2,0,0.05348238721489906,0
E0_baseline,1,10,265,50408,1,1,0.054754599928855896,0
E0_baseline,1,10,275,50419,2,0,0.054741717875003815,0
E0_baseline,1,10,279,50425,2,0,0.051092877984046936,0
E0_baseline,1,10,285,50435,2,0,0.05037146806716919,0
E0_baseline,1,10,308,50480,1,1,0.9499643445014954,1
E0_baseline,1,10,315,50488,1,1,0.9502748250961304,1
E0_baseline,1,10,319,50493,1,1,0.9495422840118408,1
E0_baseline,1,10,348,50531,1,1,0.948095977306366,1
E0_baseline,1,10,361,50571,2,0,0.37212392687797546,0
E0_baseline,1,10,376,50612,1,1,0.9457934498786926,1
E0_baseline,1,10,388,50626,1,1,0.9497624635696411,1
E0_baseline,1,10,393,50647,1,1,0.9499543309211731,1
E0_baseline,1,10,397,50656,2,0,0.1689271628856659,0
E0_baseline,1,10,405,50686,1,1,0.9497776031494141,1
E0_baseline,1,10,414,50695,1,1,0.1670129895210266,0
E0_baseline,1,10,448,50745,1,1,0.9495995044708252,1
E0_baseline,1,10,461,50775,2,0,0.051634371280670166,0
E0_baseline,1,10,464,50778,2,0,0.051862865686416626,0
E0_baseline,1,10,466,50781,2,0,0.37712663412094116,0
E0_baseline,1,10,476,50799,1,1,0.9505295157432556,1
E0_baseline,1,10,478,50801,1,1,0.9394584894180298,1
E0_baseline,1,10,486,50820,2,0,0.05671780928969383,0
E0_baseline,1,10,489,50823,1,1,0.9490376114845276,1
E0_baseline,1,10,490,50824,1,1,0.7924259901046753,1
E0_baseline,1,10,519,50985,1,1,0.9494962692260742,1
E0_baseline,1,10,568,51040,2,0,0.05471213907003403,0
E0_baseline,1,10,570,51042,2,0,0.05364613234996796,0
E0_baseline,1,10,579,51052,2,0,0.052724458277225494,0
E0_baseline,1,10,586,51059,2,0,0.05475834757089615,0
E0_baseline,1,10,589,51062,2,0,0.05364478752017021,0
E0_baseline,1,10,606,51080,2,0,0.9504684209823608,1
E0_baseline,1,10,609,51083,2,0,0.9496008157730103,1
E0_baseline,1,10,611,51085,2,0,0.9504662752151489,1
E0_baseline,1,10,652,51133,2,0,0.07078740745782852,0
E0_baseline,1,10,665,51149,2,0,0.05103069543838501,0
E0_baseline,1,10,677,51164,1,1,0.9504235982894897,1
E0_baseline,1,10,688,51182,2,0,0.050565119832754135,0
E0_baseline,1,10,700,51202,1,1,0.949271559715271,1
E0_baseline,1,10,705,51207,1,1,0.9495744109153748,1
E0_baseline,1,10,721,51225,1,1,0.5439053773880005,1
E0_baseline,1,10,740,51254,2,0,0.05219731479883194,0
E0_baseline,1,10,748,51265,2,0,0.05548694357275963,0
E0_baseline,1,10,749,51266,2,0,0.6670404672622681,1
E0_baseline,1,10,756,51275,2,0,0.05411159247159958,0
E0_baseline,1,10,766,51294,1,1,0.9483823776245117,1
E0_baseline,1,10,768,51297,1,1,0.950504720211029,1
E0_baseline,1,10,772,51301,1,1,0.41221675276756287,0
E0_baseline,1,10,779,51308,2,0,0.056712113320827484,0
E0_baseline,1,10,780,51309,2,0,0.9504691958427429,1
E0_baseline,1,10,782,51313,2,0,0.054754599928855896,0
E0_baseline,1,10,800,51335,2,0,0.1296742707490921,0
E0_baseline,1,10,834,51479,2,0,0.05131440609693527,0
E0_baseline,1,10,850,51564,2,0,0.07430946826934814,0
E0_baseline,1,10,853,51567,2,0,0.05012274533510208,0
E0_baseline,1,10,865,51582,1,1,0.9501305818557739,1
E0_baseline,1,10,868,51585,1,1,0.9504222273826599,1
E0_baseline,2,1,0,50003,1,1,0.727977991104126,1
E0_baseline,2,1,7,50011,1,1,0.8955358862876892,1
E0_baseline,2,1,35,50044,2,0,0.0909191370010376,0
E0_baseline,2,1,39,50048,2,0,0.7794865965843201,1
E0_baseline,2,1,45,50054,2,0,0.8848851919174194,1
E0_baseline,2,1,48,50059,2,0,0.5964481234550476,1
E0_baseline,2,1,53,50105,2,0,0.5516617298126221,1
E0_baseline,2,1,55,50107,2,0,0.3748617172241211,0
E0_baseline,2,1,72,50129,1,1,0.8978114724159241,1
E0_baseline,2,1,73,50130,1,1,0.8964710831642151,1
E0_baseline,2,1,78,50142,1,1,0.8974840044975281,1
E0_baseline,2,1,81,50145,1,1,0.18831486999988556,0
E0_baseline,2,1,86,50150,1,1,0.09131074696779251,0
E0_baseline,2,1,95,50162,2,0,0.08678480237722397,0
E0_baseline,2,1,127,50214,2,0,0.09592743963003159,0
E0_baseline,2,1,138,50243,1,1,0.883726179599762,1
E0_baseline,2,1,144,50251,1,1,0.48480650782585144,0
E0_baseline,2,1,149,50257,2,0,0.08603590726852417,0
E0_baseline,2,1,176,50292,1,1,0.897230327129364,1
E0_baseline,2,1,182,50300,1,1,0.12479744851589203,0
E0_baseline,2,1,192,50319,1,1,0.8972691297531128,1
E0_baseline,2,1,193,50320,1,1,0.8975017666816711,1
E0_baseline,2,1,204,50335,2,0,0.0860808864235878,0
E0_baseline,2,1,205,50336,2,0,0.7790857553482056,1
E0_baseline,2,1,231,50362,2,0,0.08605615794658661,0
E0_baseline,2,1,234,50365,2,0,0.08871222287416458,0
E0_baseline,2,1,242,50374,2,0,0.18169544637203217,0
E0_baseline,2,1,247,50380,2,0,0.614631175994873,1
E0_baseline,2,1,248,50381,2,0,0.11502870172262192,0
E0_baseline,2,1,253,50387,2,0,0.09322000294923782,0
E0_baseline,2,1,259,50402,1,1,0.15152175724506378,0
E0_baseline,2,1,285,50435,2,0,0.08835790306329727,0
E0_baseline,2,1,286,50436,2,0,0.6800984740257263,1
E0_baseline,2,1,295,50445,2,0,0.11347935348749161,0
E0_baseline,2,1,300,50453,2,0,0.8281767964363098,1
E0_baseline,2,1,307,50477,1,1,0.8960928916931152,1
E0_baseline,2,1,329,50504,1,1,0.8942693471908569,1
E0_baseline,2,1,345,50528,1,1,0.8958102464675903,1
E0_baseline,2,1,348,50531,1,1,0.882825493812561,1
E0_baseline,2,1,357,50565,2,0,0.6552706956863403,1
E0_baseline,2,1,359,50569,2,0,0.8119547367095947,1
E0_baseline,2,1,360,50570,2,0,0.08614680916070938,0
E0_baseline,2,1,369,50601,1,1,0.36352989077568054,0
E0_baseline,2,1,374,50607,1,1,0.08743444085121155,0
E0_baseline,2,1,385,50623,1,1,0.8965656757354736,1
E0_baseline,2,1,405,50686,1,1,0.8957916498184204,1
E0_baseline,2,1,411,50692,2,0,0.09025867283344269,0
E0_baseline,2,1,412,50693,1,1,0.27032846212387085,0
E0_baseline,2,1,425,50706,2,0,0.22067168354988098,0
E0_baseline,2,1,432,50724,2,0,0.08833321183919907,0
E0_baseline,2,1,466,50781,2,0,0.8928705453872681,1
E0_baseline,2,1,468,50783,2,0,0.09078038483858109,0
E0_baseline,2,1,471,50791,1,1,0.8970386385917664,1
E0_baseline,2,1,484,50817,2,0,0.08665989339351654,0
E0_baseline,2,1,495,50957,1,1,0.895031750202179,1
E0_baseline,2,1,505,50968,1,1,0.8959251642227173,1
E0_baseline,2,1,506,50969,1,1,0.89753258228302,1
E0_baseline,2,1,513,50978,1,1,0.896497905254364,1
E0_baseline,2,1,526,50992,1,1,0.7883623838424683,1
E0_baseline,2,1,532,50999,1,1,0.8915602564811707,1
E0_baseline,2,1,555,51025,1,1,0.8976483345031738,1
E0_baseline,2,1,556,51026,1,1,0.8970835208892822,1
E0_baseline,2,1,566,51038,2,0,0.08651955425739288,0
E0_baseline,2,1,575,51048,2,0,0.10849287360906601,0
E0_baseline,2,1,585,51058,2,0,0.09215658158063889,0
E0_baseline,2,1,596,51069,2,0,0.09341485053300858,0
E0_baseline,2,1,603,51077,2,0,0.2699161469936371,0
E0_baseline,2,1,612,51086,2,0,0.09047673642635345,0
E0_baseline,2,1,653,51134,2,0,0.08609617501497269,0
E0_baseline,2,1,684,51178,1,1,0.8978140950202942,1
E0_baseline,2,1,686,51180,2,0,0.1316254585981369,0
E0_baseline,2,1,687,51181,2,0,0.23435693979263306,0
E0_baseline,2,1,695,51192,2,0,0.08660350739955902,0
E0_baseline,2,1,710,51214,1,1,0.8957690000534058,1
E0_baseline,2,1,716,51220,1,1,0.8953436613082886,1
E0_baseline,2,1,721,51225,1,1,0.879943311214447,1
E0_baseline,2,1,749,51266,2,0,0.8975100517272949,1
E0_baseline,2,1,750,51267,2,0,0.165254607796669,0
E0_baseline,2,1,771,51300,1,1,0.897676944732666,1
E0_baseline,2,1,792,51327,1,1,0.8914370536804199,1
E0_baseline,2,1,793,51328,1,1,0.8939879536628723,1
E0_baseline,2,1,806,51342,2,0,0.11945674568414688,0
E0_baseline,2,1,808,51344,2,0,0.2621600925922394,0
E0_baseline,2,1,816,51356,2,0,0.8972358703613281,1
E0_baseline,2,1,823,51364,2,0,0.4287867248058319,0
E0_baseline,2,1,837,51482,2,0,0.09018547832965851,0
E0_baseline,2,1,867,51584,1,1,0.8954960107803345,1
E0_baseline,2,1,869,51606,1,1,0.2502490282058716,0
E0_baseline,2,2,2,50005,1,1,0.9217286109924316,1
E0_baseline,2,2,6,50010,1,1,0.9188992977142334,1
E0_baseline,2,2,10,50014,1,1,0.9198848009109497,1
E0_baseline,2,2,24,50033,2,0,0.09982433915138245,0
E0_baseline,2,2,30,50039,2,0,0.8978251814842224,1
E0_baseline,2,2,67,50123,1,1,0.9158939123153687,1
E0_baseline,2,2,76,50134,1,1,0.9116964936256409,1
E0_baseline,2,2,79,50143,1,1,0.9134426712989807,1
E0_baseline,2,2,92,50159,2,0,0.9212227463722229,1
E0_baseline,2,2,98,50167,2,0,0.10616248100996017,0
E0_baseline,2,2,101,50170,2,0,0.10817881673574448,0
E0_baseline,2,2,115,50198,2,0,0.15749050676822662,0
E0_baseline,2,2,129,50217,2,0,0.09731438010931015,0
E0_baseline,2,2,140,50247,1,1,0.9159411787986755,1
E0_baseline,2,2,153,50262,2,0,0.09863611310720444,0
E0_baseline,2,2,155,50264,2,0,0.1093599870800972,0
E0_baseline,2,2,164,50273,1,1,0.9126650094985962,1
E0_baseline,2,2,169,50282,1,1,0.8982868790626526,1
E0_baseline,2,2,180,50297,1,1,0.2741756737232208,0
E0_baseline,2,2,187,50310,1,1,0.9217455983161926,1
E0_baseline,2,2,202,50333,2,0,0.12551948428153992,0
E0_baseline,2,2,212,50343,2,0,0.36897173523902893,0
E0_baseline,2,2,217,50348,2,0,0.09756872057914734,0
E0_baseline,2,2,228,50359,2,0,0.1229247897863388,0
E0_baseline,2,2,246,50379,2,0,0.09731537848711014,0
E0_baseline,2,2,251,50385,2,0,0.9206804633140564,1
E0_baseline,2,2,277,50422,2,0,0.9206562042236328,1
E0_baseline,2,2,280,50426,2,0,0.10011089593172073,0
E0_baseline,2,2,281,50427,2,0,0.09913498163223267,0
E0_baseline,2,2,288,50438,2,0,0.09830543398857117,0
E0_baseline,2,2,293,50443,2,0,0.6171740889549255,1
E0_baseline,2,2,326,50501,1,1,0.9134611487388611,1
E0_baseline,2,2,336,50518,1,1,0.919078528881073,1
E0_baseline,2,2,340,50523,1,1,0.9144025444984436,1
E0_baseline,2,2,352,50555,2,0,0.09745961427688599,0
E0_baseline,2,2,354,50558,2,0,0.09766251593828201,0
E0_baseline,2,2,373,50606,1,1,0.921789824962616,1
E0_baseline,2,2,392,50644,1,1,0.8808299899101257,1
E0_baseline,2,2,396,50654,1,1,0.27962246537208557,0
E0_baseline,2,2,403,50683,2,0,0.09784537553787231,0
E0_baseline,2,2,404,50685,2,0,0.35342711210250854,0
E0_baseline,2,2,417,50698,2,0,0.3135811984539032,0
E0_baseline,2,2,422,50703,2,0,0.22421038150787354,0
E0_baseline,2,2,437,50731,2,0,0.0987306758761406,0
E0_baseline,2,2,450,50749,1,1,0.921368420124054,1
E0_baseline,2,2,460,50774,2,0,0.09929127246141434,0
E0_baseline,2,2,462,50776,2,0,0.0973149836063385,0
E0_baseline,2,2,474,50797,1,1,0.8612508177757263,1
E0_baseline,2,2,508,50972,1,1,0.9165208339691162,1
E0_baseline,2,2,514,50979,1,1,0.738008975982666,1
E0_baseline,2,2,537,51006,1,1,0.9190738797187805,1
E0_baseline,2,2,538,51007,1,1,0.9217900037765503,1
E0_baseline,2,2,550,51019,1,1,0.917771577835083,1
E0_baseline,2,2,554,51024,1,1,0.8208855986595154,1
E0_baseline,2,2,571,51044,2,0,0.10781461000442505,0
E0_baseline,2,2,579,51052,2,0,0.09731791168451309,0
E0_baseline,2,2,583,51056,2,0,0.10667985677719116,0
E0_baseline,2,2,590,51063,2,0,0.10418539494276047,0
E0_baseline,2,2,599,51073,2,0,0.098746657371521,0
E0_baseline,2,2,622,51097,2,0,0.10419917851686478,0
E0_baseline,2,2,628,51103,2,0,0.10344601422548294,0
E0_baseline,2,2,638,51114,2,0,0.2694030702114105,0
E0_baseline,2,2,661,51142,2,0,0.1001032143831253,0
E0_baseline,2,2,672,51156,2,0,0.10197725892066956,0
E0_baseline,2,2,677,51164,1,1,0.9187029600143433,1
E0_baseline,2,2,689,51183,2,0,0.21383264660835266,0
E0_baseline,2,2,705,51207,1,1,0.910636842250824,1
E0_baseline,2,2,706,51208,1,1,0.4616529643535614,0
E0_baseline,2,2,709,51212,1,1,0.91031414270401,1
E0_baseline,2,2,720,51224,1,1,0.9159530997276306,1
E0_baseline,2,2,723,51228,1,1,0.9204532504081726,1
E0_baseline,2,2,728,51235,1,1,0.9186713099479675,1
E0_baseline,2,2,735,51249,1,1,0.9113604426383972,1
E0_baseline,2,2,737,51251,2,0,0.7834547162055969,1
E0_baseline,2,2,741,51255,2,0,0.09776204079389572,0
E0_baseline,2,2,767,51295,1,1,0.9216583371162415,1
E0_baseline,2,2,769,51298,1,1,0.9216445088386536,1
E0_baseline,2,2,770,51299,1,1,0.9215821623802185,1
E0_baseline,2,2,791,51326,1,1,0.6953533887863159,1
E0_baseline,2,2,795,51330,1,1,0.9217357039451599,1
E0_baseline,2,2,805,51341,2,0,0.4188319444656372,0
E0_baseline,2,2,838,51484,2,0,0.09827982634305954,0
E0_baseline,2,2,853,51567,2,0,0.10010283440351486,0
E0_baseline,2,2,856,51570,2,0,0.13106510043144226,0
E0_baseline,2,2,858,51573,1,1,0.5821843147277832,1
E0_baseline,2,2,865,51582,1,1,0.9207362532615662,1
E0_baseline,2,2,868,51585,1,1,0.9214945435523987,1
E0_baseline,2,3,1,50004,1,1,0.8509467840194702,1
E0_baseline,2,3,4,50007,1,1,0.2707582116127014,0
E0_baseline,2,3,25,50034,2,0,0.07042443752288818,0
E0_baseline,2,3,34,50043,2,0,0.08586487919092178,0
E0_baseline,2,3,62,50116,2,0,0.13219258189201355,0
E0_baseline,2,3,108,50188,1,1,0.07305075973272324,0
E0_baseline,2,3,117,50200,2,0,0.07277720421552658,0
E0_baseline,2,3,125,50210,2,0,0.07253953069448471,0
E0_baseline,2,3,141,50248,1,1,0.8494764566421509,1
E0_baseline,2,3,152,50261,2,0,0.7305797934532166,1
E0_baseline,2,3,162,50271,2,0,0.08056078851222992,0
E0_baseline,2,3,163,50272,1,1,0.8507601022720337,1
E0_baseline,2,3,177,50293,1,1,0.5578889846801758,1
E0_baseline,2,3,178,50294,1,1,0.847136914730072,1
E0_baseline,2,3,200,50331,2,0,0.07201261818408966,0
E0_baseline,2,3,209,50340,2,0,0.07475005835294724,0
E0_baseline,2,3,218,50349,2,0,0.08135650306940079,0
E0_baseline,2,3,229,50360,2,0,0.07096713781356812,0
E0_baseline,2,3,243,50375,2,0,0.07467549294233322,0
E0_baseline,2,3,244,50376,2,0,0.23966547846794128,0
E0_baseline,2,3,265,50408,1,1,0.07854054123163223,0
E0_baseline,2,3,274,50418,2,0,0.10345195978879929,0
E0_baseline,2,3,283,50433,2,0,0.08002601563930511,0
E0_baseline,2,3,302,50466,2,0,0.07141708582639694,0
E0_baseline,2,3,311,50483,1,1,0.6638639569282532,1
E0_baseline,2,3,313,50486,1,1,0.8498030304908752,1
E0_baseline,2,3,321,50496,1,1,0.7637999653816223,1
E0_baseline,2,3,322,50497,1,1,0.8418506383895874,1
E0_baseline,2,3,341,50524,1,1,0.8504685759544373,1
E0_baseline,2,3,342,50525,1,1,0.7872035503387451,1
E0_baseline,2,3,355,50561,2,0,0.07194172590970993,0
E0_baseline,2,3,368,50578,2,0,0.8255083560943604,1
E0_baseline,2,3,370,50602,1,1,0.8431394696235657,1
E0_baseline,2,3,375,50608,1,1,0.5334876775741577,1
E0_baseline,2,3,378,50614,1,1,0.8415369987487793,1
E0_baseline,2,3,379,50615,1,1,0.8495333790779114,1
E0_baseline,2,3,390,50628,1,1,0.8392772078514099,1
E0_baseline,2,3,395,50649,1,1,0.1289583295583725,0
E0_baseline,2,3,399,50664,2,0,0.11447744071483612,0
E0_baseline,2,3,402,50682,2,0,0.07048704475164413,0
E0_baseline,2,3,421,50702,1,1,0.8259119987487793,1
E0_baseline,2,3,429,50711,1,1,0.5233900547027588,1
E0_baseline,2,3,431,50723,2,0,0.0703652948141098,0
E0_baseline,2,3,439,50735,2,0,0.10511279106140137,0
E0_baseline,2,3,440,50737,2,0,0.11450351029634476,0
E0_baseline,2,3,445,50742,2,0,0.09503256529569626,0
E0_baseline,2,3,451,50750,1,1,0.6746861934661865,1
E0_baseline,2,3,454,50754,1,1,0.8507542610168457,1
E0_baseline,2,3,455,50755,1,1,0.846588134765625,1
E0_baseline,2,3,477,50800,1,1,0.8421298861503601,1
E0_baseline,2,3,480,50807,1,1,0.8513854146003723,1
E0_baseline,2,3,497,50959,1,1,0.1635635495185852,0
E0_baseline,2,3,516,50982,1,1,0.07241976261138916,0
E0_baseline,2,3,525,50991,1,1,0.08304055035114288,0
E0_baseline,2,3,548,51017,1,1,0.4265504479408264,0
E0_baseline,2,3,552,51021,1,1,0.8388960361480713,1
E0_baseline,2,3,587,51060,2,0,0.6728501915931702,1
E0_baseline,2,3,597,51070,2,0,0.07113194465637207,0
E0_baseline,2,3,614,51088,2,0,0.07890623807907104,0
E0_baseline,2,3,621,51096,2,0,0.08567693084478378,0
E0_baseline,2,3,631,51106,2,0,0.08040090650320053,0
E0_baseline,2,3,640,51117,2,0,0.10364974290132523,0
E0_baseline,2,3,644,51124,2,0,0.07053261995315552,0
E0_baseline,2,3,650,51131,2,0,0.08774350583553314,0
E0_baseline,2,3,655,51136,2,0,0.1928824484348297,0
E0_baseline,2,3,657,51138,2,0,0.07487592846155167,0
E0_baseline,2,3,663,51147,2,0,0.07075541466474533,0
E0_baseline,2,3,669,51153,2,0,0.07053954899311066,0
E0_baseline,2,3,671,51155,2,0,0.07889555394649506,0
E0_baseline,2,3,691,51185,2,0,0.4157458245754242,0
E0_baseline,2,3,693,51188,2,0,0.07983704656362534,0
E0_baseline,2,3,703,51205,1,1,0.8501724004745483,1
E0_baseline,2,3,711,51215,1,1,0.27552035450935364,0
E0_baseline,2,3,724,51229,1,1,0.8453558087348938,1
E0_baseline,2,3,725,51230,1,1,0.850293755531311,1
E0_baseline,2,3,754,51272,2,0,0.16973534226417542,0
E0_baseline,2,3,757,51276,2,0,0.07468820363283157,0
E0_baseline,2,3,762,51281,2,0,0.08643291890621185,0
E0_baseline,2,3,772,51301,1,1,0.5773897171020508,1
E0_baseline,2,3,783,51315,2,0,0.08847607672214508,0
E0_baseline,2,3,787,51321,1,1,0.8313935995101929,1
E0_baseline,2,3,813,51350,1,1,0.7495146989822388,1
E0_baseline,2,3,818,51359,2,0,0.84269118309021,1
E0_baseline,2,3,821,51362,2,0,0.07726211100816727,0
E0_baseline,2,3,829,51463,1,1,0.8501315116882324,1
E0_baseline,2,3,836,51481,2,0,0.07041899859905243,0
E0_baseline,2,3,861,51577,1,1,0.8480362296104431,1
E0_baseline,2,4,5,50008,1,1,0.7387595176696777,1
E0_baseline,2,4,17,50025,1,1,0.7573531270027161,1
E0_baseline,2,4,23,50032,2,0,0.1279313713312149,0
E0_baseline,2,4,26,50035,2,0,0.3651939034461975,0
E0_baseline,2,4,28,50037,2,0,0.3481823205947876,0
E0_baseline,2,4,51,50103,2,0,0.6749085187911987,1
E0_baseline,2,4,52,50104,2,0,0.13536614179611206,0
E0_baseline,2,4,56,50109,2,0,0.355814129114151,0
E0_baseline,2,4,58,50112,2,0,0.5511468052864075,1
E0_baseline,2,4,88,50153,1,1,0.6259215474128723,1
E0_baseline,2,4,90,50157,2,0,0.19774222373962402,0
E0_baseline,2,4,100,50169,2,0,0.16065502166748047,0
E0_baseline,2,4,120,50203,2,0,0.12641967833042145,0
E0_baseline,2,4,131,50233,1,1,0.811771035194397,1
E0_baseline,2,4,136,50240,1,1,0.8117443323135376,1
E0_baseline,2,4,161,50270,2,0,0.1641198992729187,0
E0_baseline,2,4,165,50274,1,1,0.7978361248970032,1
E0_baseline,2,4,172,50287,1,1,0.17892320454120636,0
E0_baseline,2,4,181,50298,1,1,0.5802000761032104,1
E0_baseline,2,4,191,50318,1,1,0.18548467755317688,0
E0_baseline,2,4,211,50342,2,0,0.2702200412750244,0
E0_baseline,2,4,213,50344,2,0,0.1297207474708557,0
E0_baseline,2,4,214,50345,2,0,0.1198393702507019,0
E0_baseline,2,4,225,50356,2,0,0.12483277171850204,0
E0_baseline,2,4,254,50388,2,0,0.16803951561450958,0
E0_baseline,2,4,271,50415,2,0,0.22411386668682098,0
E0_baseline,2,4,306,50470,2,0,0.418657511472702,0
E0_baseline,2,4,312,50485,1,1,0.12549395859241486,0
E0_baseline,2,4,314,50487,1,1,0.8065704107284546,1
E0_baseline,2,4,315,50488,1,1,0.7916525602340698,1
E0_baseline,2,4,316,50490,1,1,0.7182824611663818,1
E0_baseline,2,4,334,50515,1,1,0.8104652762413025,1
E0_baseline,2,4,335,50516,1,1,0.6442062854766846,1
E0_baseline,2,4,356,50563,2,0,0.15035468339920044,0
E0_baseline,2,4,383,50621,1,1,0.7917057275772095,1
E0_baseline,2,4,388,50626,1,1,0.8083187937736511,1
E0_baseline,2,4,401,50669,2,0,0.8097376227378845,1
E0_baseline,2,4,416,50697,1,1,0.8107956051826477,1
E0_baseline,2,4,424,50705,1,1,0.5619509816169739,1
E0_baseline,2,4,442,50739,2,0,0.22779838740825653,0
E0_baseline,2,4,448,50745,1,1,0.8089819550514221,1
E0_baseline,2,4,452,50751,1,1,0.6975187063217163,1
E0_baseline,2,4,453,50752,1,1,0.32815271615982056,0
E0_baseline,2,4,457,50757,1,1,0.37118470668792725,0
E0_baseline,2,4,458,50772,2,0,0.8056790828704834,1
E0_baseline,2,4,464,50778,2,0,0.2223205715417862,0
E0_baseline,2,4,473,50796,1,1,0.8086357712745667,1
E0_baseline,2,4,476,50799,1,1,0.7954512238502502,1
E0_baseline,2,4,483,50816,2,0,0.1468033343553543,0
E0_baseline,2,4,515,50981,1,1,0.7673518657684326,1
E0_baseline,2,4,522,50988,1,1,0.809451699256897,1
E0_baseline,2,4,545,51014,1,1,0.805557370185852,1
E0_baseline,2,4,561,51032,1,1,0.8079180121421814,1
E0_baseline,2,4,572,51045,2,0,0.1438928097486496,0
E0_baseline,2,4,580,51053,2,0,0.1540762335062027,0
E0_baseline,2,4,581,51054,2,0,0.12205439805984497,0
E0_baseline,2,4,606,51080,2,0,0.4318341910839081,0
E0_baseline,2,4,607,51081,2,0,0.13591724634170532,0
E0_baseline,2,4,609,51083,2,0,0.798133909702301,1
E0_baseline,2,4,630,51105,2,0,0.12321853637695312,0
E0_baseline,2,4,637,51113,2,0,0.13178081810474396,0
E0_baseline,2,4,646,51127,2,0,0.7285545468330383,1
E0_baseline,2,4,647,51128,2,0,0.17421869933605194,0
E0_baseline,2,4,652,51133,2,0,0.4727136492729187,0
E0_baseline,2,4,658,51139,2,0,0.13823916018009186,0
E0_baseline,2,4,659,51140,2,0,0.13985033333301544,0
E0_baseline,2,4,664,51148,2,0,0.14569102227687836,0
E0_baseline,2,4,674,51161,1,1,0.7272220253944397,1
E0_baseline,2,4,675,51162,1,1,0.811750590801239,1
E0_baseline,2,4,681,51171,1,1,0.5463616847991943,1
E0_baseline,2,4,682,51173,1,1,0.7535473108291626,1
E0_baseline,2,4,697,51197,2,0,0.2825935482978821,0
E0_baseline,2,4,704,51206,1,1,0.8109608292579651,1
E0_baseline,2,4,714,51218,1,1,0.798674464225769,1
E0_baseline,2,4,718,51222,1,1,0.1497567892074585,0
E0_baseline,2,4,733,51241,1,1,0.531634509563446,1
E0_baseline,2,4,759,51278,2,0,0.483810693025589,0
E0_baseline,2,4,766,51294,1,1,0.6204126477241516,1
E0_baseline,2,4,775,51304,2,0,0.21833978593349457,0
E0_baseline,2,4,776,51305,2,0,0.12338156998157501,0
E0_baseline,2,4,799,51334,2,0,0.13086140155792236,0
E0_baseline,2,4,804,51340,2,0,0.13397356867790222,0
E0_baseline,2,4,811,51347,2,0,0.12553346157073975,0
E0_baseline,2,4,830,51464,1,1,0.7923045754432678,1
E0_baseline,2,4,835,51480,2,0,0.12638194859027863,0
E0_baseline,2,4,855,51569,2,0,0.38015732169151306,0
E0_baseline,2,4,862,51578,1,1,0.8076863288879395,1
E0_baseline,2,5,3,50006,1,1,0.9004098176956177,1
E0_baseline,2,5,8,50012,1,1,0.8926883339881897,1
E0_baseline,2,5,12,50016,1,1,0.9002643823623657,1
E0_baseline,2,5,14,50022,1,1,0.07080776244401932,0
E0_baseline,2,5,19,50027,1,1,0.06955800205469131,0
E0_baseline,2,5,21,50030,2,0,0.06908033788204193,0
E0_baseline,2,5,29,50038,2,0,0.07015424221754074,0
E0_baseline,2,5,31,50040,2,0,0.07374546676874161,0
E0_baseline,2,5,63,50117,2,0,0.07214254885911942,0
E0_baseline,2,5,80,50144,1,1,0.9006494879722595,1
E0_baseline,2,5,82,50146,1,1,0.06907103210687637,0
E0_baseline,2,5,103,50182,1,1,0.8340347409248352,1
E0_baseline,2,5,113,50195,2,0,0.07110488414764404,0
E0_baseline,2,5,119,50202,2,0,0.08179032802581787,0
E0_baseline,2,5,126,50213,2,0,0.06901054084300995,0
E0_baseline,2,5,135,50239,1,1,0.06967757642269135,0
E0_baseline,2,5,142,50249,1,1,0.9008108973503113,1
E0_baseline,2,5,156,50265,2,0,0.07057548314332962,0
E0_baseline,2,5,157,50266,2,0,0.06899532675743103,0
E0_baseline,2,5,170,50284,1,1,0.6915666460990906,1
E0_baseline,2,5,173,50289,1,1,0.7013987898826599,1
E0_baseline,2,5,175,50291,1,1,0.39926695823669434,0
E0_baseline,2,5,186,50308,1,1,0.7605773210525513,1
E0_baseline,2,5,195,50324,1,1,0.7516145706176758,1
E0_baseline,2,5,197,50327,2,0,0.07097632437944412,0
E0_baseline,2,5,198,50329,2,0,0.06923871487379074,0
E0_baseline,2,5,199,50330,2,0,0.06899746507406235,0
E0_baseline,2,5,206,50337,2,0,0.07675489038228989,0
E0_baseline,2,5,222,50353,2,0,0.06974488496780396,0
E0_baseline,2,5,236,50367,2,0,0.06991461664438248,0
E0_baseline,2,5,240,50372,2,0,0.071664959192276,0
E0_baseline,2,5,264,50407,1,1,0.8954117298126221,1
E0_baseline,2,5,267,50411,1,1,0.8996123671531677,1
E0_baseline,2,5,272,50416,2,0,0.06982465088367462,0
E0_baseline,2,5,275,50419,2,0,0.06916157156229019,0
E0_baseline,2,5,279,50425,2,0,0.08319301903247833,0
E0_baseline,2,5,292,50442,2,0,0.07297702133655548,0
E0_baseline,2,5,297,50447,2,0,0.10615863651037216,0
E0_baseline,2,5,298,50448,2,0,0.100112184882164,0
E0_baseline,2,5,305,50469,2,0,0.0720265731215477,0
E0_baseline,2,5,309,50481,1,1,0.8985525369644165,1
E0_baseline,2,5,319,50493,1,1,0.8974303603172302,1
E0_baseline,2,5,320,50494,1,1,0.19152429699897766,0
E0_baseline,2,5,325,50500,1,1,0.8994561433792114,1
E0_baseline,2,5,331,50509,1,1,0.8902327418327332,1
E0_baseline,2,5,332,50510,1,1,0.8985175490379333,1
E0_baseline,2,5,338,50520,1,1,0.9011425375938416,1
E0_baseline,2,5,346,50529,1,1,0.8985943794250488,1
E0_baseline,2,5,367,50577,2,0,0.0690685287117958,0
E0_baseline,2,5,381,50619,1,1,0.8982506990432739,1
E0_baseline,2,5,384,50622,1,1,0.896659255027771,1
E0_baseline,2,5,398,50659,2,0,0.1849302500486374,0
E0_baseline,2,5,400,50665,2,0,0.2173551321029663,0
E0_baseline,2,5,433,50725,2,0,0.06915941089391708,0
E0_baseline,2,5,436,50730,2,0,0.07048118114471436,0
E0_baseline,2,5,487,50821,2,0,0.06928227841854095,0
E0_baseline,2,5,492,50954,1,1,0.14428754150867462,0
E0_baseline,2,5,503,50966,1,1,0.3225211799144745,0
E0_baseline,2,5,520,50986,1,1,0.1158847063779831,0
E0_baseline,2,5,530,50996,1,1,0.8952972292900085,1
E0_baseline,2,5,546,51015,1,1,0.06933259218931198,0
E0_baseline,2,5,559,51029,1,1,0.9001091718673706,1
E0_baseline,2,5,560,51030,1,1,0.9011790752410889,1
E0_baseline,2,5,589,51062,2,0,0.07258734852075577,0
E0_baseline,2,5,594,51067,2,0,0.07602296769618988,0
E0_baseline,2,5,602,51076,2,0,0.07699533551931381,0
E0_baseline,2,5,613,51087,2,0,0.06966667622327805,0
E0_baseline,2,5,625,51100,2,0,0.07002921402454376,0
E0_baseline,2,5,629,51104,2,0,0.07061656564474106,0
E0_baseline,2,5,635,51111,2,0,0.07097692042589188,0
E0_baseline,2,5,678,51168,1,1,0.6729315519332886,1
E0_baseline,2,5,690,51184,2,0,0.2313612699508667,0
E0_baseline,2,5,727,51234,1,1,0.8957204818725586,1
E0_baseline,2,5,743,51257,2,0,0.07046590745449066,0
E0_baseline,2,5,774,51303,2,0,0.07296156883239746,0
E0_baseline,2,5,780,51309,2,0,0.8944482803344727,1
E0_baseline,2,5,786,51320,1,1,0.9012115001678467,1
E0_baseline,2,5,810,51346,2,0,0.07201891392469406,0
E0_baseline,2,5,814,51351,1,1,0.07352825999259949,0
E0_baseline,2,5,815,51354,1,1,0.8537126779556274,1
E0_baseline,2,5,820,51361,2,0,0.06933201849460602,0
E0_baseline,2,5,834,51479,2,0,0.0729847252368927,0
E0_baseline,2,5,841,51491,2,0,0.07201496511697769,0
E0_baseline,2,5,844,51557,2,0,0.07026876509189606,0
E0_baseline,2,5,845,51558,2,0,0.06900478154420853,0
E0_baseline,2,5,846,51559,2,0,0.07191158086061478,0
E0_baseline,2,5,870,51607,1,1,0.07347698509693146,0
E0_baseline,2,6,13,50020,1,1,0.8350473046302795,1
E0_baseline,2,6,15,50023,1,1,0.8078600764274597,1
E0_baseline,2,6,22,50031,2,0,0.14815554022789001,0
E0_baseline,2,6,59,50113,2,0,0.14990870654582977,0
E0_baseline,2,6,60,50114,2,0,0.14989779889583588,0
E0_baseline,2,6,65,50119,1,1,0.14645487070083618,0
E0_baseline,2,6,71,50128,1,1,0.8217363953590393,1
E0_baseline,2,6,77,50135,1,1,0.8325393199920654,1
E0_baseline,2,6,89,50156,1,1,0.8345882892608643,1
E0_baseline,2,6,93,50160,2,0,0.14826367795467377,0
E0_baseline,2,6,94,50161,2,0,0.37753602862358093,0
E0_baseline,2,6,96,50163,2,0,0.15103764832019806,0
E0_baseline,2,6,128,50215,2,0,0.1470419019460678,0
E0_baseline,2,6,143,50250,1,1,0.14727884531021118,0
E0_baseline,2,6,166,50275,1,1,0.8286755681037903,1
E0_baseline,2,6,167,50276,1,1,0.8348255753517151,1
E0_baseline,2,6,168,50278,1,1,0.8352363705635071,1
E0_baseline,2,6,171,50285,1,1,0.5109102129936218,1
E0_baseline,2,6,174,50290,1,1,0.8093968033790588,1
E0_baseline,2,6,190,50315,1,1,0.8353199362754822,1
E0_baseline,2,6,219,50350,2,0,0.14904198050498962,0
E0_baseline,2,6,220,50351,2,0,0.14988239109516144,0
E0_baseline,2,6,227,50358,2,0,0.15154610574245453,0
E0_baseline,2,6,235,50366,2,0,0.14648878574371338,0
E0_baseline,2,6,276,50421,2,0,0.14979849755764008,0
E0_baseline,2,6,287,50437,2,0,0.8348972797393799,1
E0_baseline,2,6,290,50440,2,0,0.15218643844127655,0
E0_baseline,2,6,310,50482,1,1,0.8287937045097351,1
E0_baseline,2,6,327,50502,1,1,0.8353367447853088,1
E0_baseline,2,6,333,50514,1,1,0.33579593896865845,0
E0_baseline,2,6,337,50519,1,1,0.82638019323349,1
E0_baseline,2,6,350,50551,2,0,0.3094729781150818,0
E0_baseline,2,6,362,50572,2,0,0.14832645654678345,0
E0_baseline,2,6,382,50620,1,1,0.21532590687274933,0
E0_baseline,2,6,393,50647,1,1,0.39529603719711304,0
E0_baseline,2,6,406,50687,2,0,0.8085111975669861,1
E0_baseline,2,6,408,50689,1,1,0.8346169590950012,1
E0_baseline,2,6,409,50690,1,1,0.1475917547941208,0
E0_baseline,2,6,418,50699,2,0,0.8337279558181763,1
E0_baseline,2,6,423,50704,1,1,0.6465432643890381,1
E0_baseline,2,6,426,50707,2,0,0.15179720520973206,0
E0_baseline,2,6,435,50728,2,0,0.16913163661956787,0
E0_baseline,2,6,449,50748,1,1,0.8337918519973755,1
E0_baseline,2,6,456,50756,1,1,0.8014586567878723,1
E0_baseline,2,6,467,50782,2,0,0.1470280885696411,0
E0_baseline,2,6,486,50820,2,0,0.14906032383441925,0
E0_baseline,2,6,488,50822,2,0,0.14648295938968658,0
E0_baseline,2,6,489,50823,1,1,0.8335661292076111,1
E0_baseline,2,6,499,50961,1,1,0.30406951904296875,0
E0_baseline,2,6,500,50962,1,1,0.1502290666103363,0
E0_baseline,2,6,502,50965,1,1,0.8334419131278992,1
E0_baseline,2,6,531,50997,1,1,0.8319029211997986,1
E0_baseline,2,6,542,51011,1,1,0.8332026600837708,1
E0_baseline,2,6,562,51033,1,1,0.8279350399971008,1
E0_baseline,2,6,577,51050,2,0,0.1465901881456375,0
E0_baseline,2,6,610,51084,2,0,0.8343985676765442,1
E0_baseline,2,6,615,51089,2,0,0.150648295879364,0
E0_baseline,2,6,639,51116,2,0,0.15262608230113983,0
E0_baseline,2,6,648,51129,2,0,0.1520976573228836,0
E0_baseline,2,6,656,51137,2,0,0.1482739895582199,0
E0_baseline,2,6,679,51169,1,1,0.4053914546966553,0
E0_baseline,2,6,685,51179,1,1,0.8336166739463806,1
E0_baseline,2,6,688,51182,2,0,0.15062864124774933,0
E0_baseline,2,6,700,51202,1,1,0.8314623236656189,1
E0_baseline,2,6,731,51239,1,1,0.8254310488700867,1
E0_baseline,2,6,744,51260,2,0,0.14770834147930145,0
E0_baseline,2,6,746,51262,2,0,0.3821215331554413,0
E0_baseline,2,6,747,51264,2,0,0.14902499318122864,0
E0_baseline,2,6,751,51268,2,0,0.14941762387752533,0
E0_baseline,2,6,753,51271,2,0,0.14998798072338104,0
E0_baseline,2,6,755,51273,2,0,0.8250342011451721,1
E0_baseline,2,6,760,51279,2,0,0.14770931005477905,0
E0_baseline,2,6,763,51291,1,1,0.8352614641189575,1
E0_baseline,2,6,768,51297,1,1,0.8314894437789917,1
E0_baseline,2,6,773,51302,1,1,0.41300392150878906,0
E0_baseline,2,6,779,51308,2,0,0.150395005941391,0
E0_baseline,2,6,781,51311,2,0,0.14941883087158203,0
E0_baseline,2,6,801,51336,2,0,0.14649610221385956,0
E0_baseline,2,6,809,51345,2,0,0.14650048315525055,0
E0_baseline,2,6,824,51365,2,0,0.15260683000087738,0
E0_baseline,2,6,831,51465,1,1,0.8351346850395203,1
E0_baseline,2,6,840,51488,2,0,0.14647945761680603,0
E0_baseline,2,6,843,51556,2,0,0.1486291140317917,0
E0_baseline,2,6,848,51562,2,0,0.14992287755012512,0
E0_baseline,2,6,849,51563,2,0,0.14996711909770966,0
E0_baseline,2,6,854,51568,2,0,0.2373078465461731,0
E0_baseline,2,6,859,51574,1,1,0.8345565795898438,1
E0_baseline,2,7,38,50047,2,0,0.23499734699726105,0
E0_baseline,2,7,44,50053,1,1,0.6303523182868958,1
E0_baseline,2,7,46,50056,1,1,0.8389319181442261,1
E0_baseline,2,7,47,50057,1,1,0.15767569839954376,0
E0_baseline,2,7,57,50111,2,0,0.15703171491622925,0
E0_baseline,2,7,68,50124,1,1,0.8370797634124756,1
E0_baseline,2,7,69,50125,1,1,0.7909178733825684,1
E0_baseline,2,7,85,50149,1,1,0.8050611615180969,1
E0_baseline,2,7,91,50158,2,0,0.15699630975723267,0
E0_baseline,2,7,97,50164,2,0,0.16068385541439056,0
E0_baseline,2,7,111,50193,2,0,0.15835972130298615,0
E0_baseline,2,7,116,50199,2,0,0.15838173031806946,0
E0_baseline,2,7,137,50241,1,1,0.7809153199195862,1
E0_baseline,2,7,139,50245,1,1,0.5803583860397339,1
E0_baseline,2,7,145,50252,1,1,0.4367622435092926,0
E0_baseline,2,7,147,50254,1,1,0.42124491930007935,0
E0_baseline,2,7,148,50255,1,1,0.8224202990531921,1
E0_baseline,2,7,154,50263,2,0,0.16186705231666565,0
E0_baseline,2,7,159,50268,2,0,0.15723241865634918,0
E0_baseline,2,7,185,50304,1,1,0.4751247763633728,0
E0_baseline,2,7,189,50314,1,1,0.8381743431091309,1
E0_baseline,2,7,201,50332,2,0,0.15708491206169128,0
E0_baseline,2,7,207,50338,2,0,0.15700513124465942,0
E0_baseline,2,7,208,50339,2,0,0.1579190343618393,0
E0_baseline,2,7,230,50361,2,0,0.15821804106235504,0
E0_baseline,2,7,238,50369,2,0,0.16142240166664124,0
E0_baseline,2,7,241,50373,2,0,0.16063141822814941,0
E0_baseline,2,7,249,50382,2,0,0.15767645835876465,0
E0_baseline,2,7,269,50413,1,1,0.8325414061546326,1
E0_baseline,2,7,278,50424,2,0,0.15808157622814178,0
E0_baseline,2,7,308,50480,1,1,0.8380641341209412,1
E0_baseline,2,7,318,50492,1,1,0.7866867780685425,1
E0_baseline,2,7,330,50507,1,1,0.20073078572750092,0
E0_baseline,2,7,351,50552,2,0,0.15704719722270966,0
E0_baseline,2,7,353,50557,2,0,0.15718507766723633,0
E0_baseline,2,7,364,50574,2,0,0.19393163919448853,0
E0_baseline,2,7,371,50603,1,1,0.8372318744659424,1
E0_baseline,2,7,376,50612,1,1,0.8261944055557251,1
E0_baseline,2,7,389,50627,1,1,0.7507588267326355,1
E0_baseline,2,7,410,50691,2,0,0.1725580394268036,0
E0_baseline,2,7,428,50709,2,0,0.15993130207061768,0
E0_baseline,2,7,438,50733,2,0,0.1570475995540619,0
E0_baseline,2,7,441,50738,2,0,0.16002097725868225,0
E0_baseline,2,7,444,50741,2,0,0.16759806871414185,0
E0_baseline,2,7,447,50744,1,1,0.8196471333503723,1
E0_baseline,2,7,463,50777,2,0,0.16165724396705627,0
E0_baseline,2,7,465,50780,2,0,0.18919406831264496,0
E0_baseline,2,7,469,50786,2,0,0.16316722333431244,0
E0_baseline,2,7,478,50801,1,1,0.6854026913642883,1
E0_baseline,2,7,479,50803,1,1,0.8271886706352234,1
E0_baseline,2,7,493,50955,1,1,0.1570136547088623,0
E0_baseline,2,7,510,50974,1,1,0.8218117356300354,1
E0_baseline,2,7,521,50987,1,1,0.8389165997505188,1
E0_baseline,2,7,534,51001,1,1,0.838890016078949,1
E0_baseline,2,7,544,51013,1,1,0.817209005355835,1
E0_baseline,2,7,553,51023,1,1,0.8280439972877502,1
E0_baseline,2,7,558,51028,1,1,0.8378592133522034,1
E0_baseline,2,7,568,51040,2,0,0.1606924831867218,0
E0_baseline,2,7,582,51055,2,0,0.15836353600025177,0
E0_baseline,2,7,586,51059,2,0,0.16201482713222504,0
E0_baseline,2,7,595,51068,2,0,0.6254628896713257,1
E0_baseline,2,7,598,51072,2,0,0.17112760245800018,0
E0_baseline,2,7,600,51074,2,0,0.7489640712738037,1
E0_baseline,2,7,611,51085,2,0,0.7775114178657532,1
E0_baseline,2,7,616,51090,2,0,0.16084043681621552,0
E0_baseline,2,7,623,51098,2,0,0.1657840460538864,0
E0_baseline,2,7,627,51102,2,0,0.16061857342720032,0
E0_baseline,2,7,634,51110,2,0,0.16268372535705566,0
E0_baseline,2,7,651,51132,2,0,0.15914314985275269,0
E0_baseline,2,7,665,51149,2,0,0.18038606643676758,0
E0_baseline,2,7,668,51152,2,0,0.15805470943450928,0
E0_baseline,2,7,670,51154,2,0,0.15724267065525055,0
E0_baseline,2,7,676,51163,1,1,0.6002063751220703,1
E0_baseline,2,7,694,51189,2,0,0.1618693470954895,0
E0_baseline,2,7,713,51217,1,1,0.16346938908100128,0
E0_baseline,2,7,719,51223,1,1,0.3797492980957031,0
E0_baseline,2,7,726,51231,1,1,0.22767047584056854,0
E0_baseline,2,7,729,51236,1,1,0.5747913122177124,1
E0_baseline,2,7,730,51237,1,1,0.8377256989479065,1
E0_baseline,2,7,732,51240,1,1,0.8325445055961609,1
E0_baseline,2,7,745,51261,2,0,0.16059760749340057,0
E0_baseline,2,7,790,51325,1,1,0.8297184705734253,1
E0_baseline,2,7,798,51333,2,0,0.1580664962530136,0
E0_baseline,2,7,807,51343,2,0,0.16122697293758392,0
E0_baseline,2,7,812,51349,1,1,0.15921150147914886,0
E0_baseline,2,7,833,51477,2,0,0.1582682579755783,0
E0_baseline,2,7,863,51579,1,1,0.17514599859714508,0
E0_baseline,2,8,49,50060,2,0,0.15716274082660675,0
E0_baseline,2,8,61,50115,2,0,0.15953923761844635,0
E0_baseline,2,8,64,50118,1,1,0.8668217658996582,1
E0_baseline,2,8,70,50127,1,1,0.846367597579956,1
E0_baseline,2,8,102,50171,2,0,0.5208439230918884,1
E0_baseline,2,8,105,50184,1,1,0.8657956123352051,1
E0_baseline,2,8,107,50187,1,1,0.16209979355335236,0
E0_baseline,2,8,112,50194,2,0,0.15715757012367249,0
E0_baseline,2,8,114,50196,2,0,0.2898462116718292,0
E0_baseline,2,8,118,50201,2,0,0.15543870627880096,0
E0_baseline,2,8,124,50208,2,0,0.16669611632823944,0
E0_baseline,2,8,133,50236,1,1,0.8668899536132812,1
E0_baseline,2,8,134,50237,1,1,0.8669209480285645,1
E0_baseline,2,8,146,50253,1,1,0.8623377680778503,1
E0_baseline,2,8,151,50260,2,0,0.1666066199541092,0
E0_baseline,2,8,160,50269,2,0,0.4025704264640808,0
E0_baseline,2,8,179,50295,1,1,0.8659635782241821,1
E0_baseline,2,8,183,50301,1,1,0.8660110235214233,1
E0_baseline,2,8,184,50302,1,1,0.8669062852859497,1
E0_baseline,2,8,196,50325,1,1,0.16923211514949799,0
E0_baseline,2,8,203,50334,2,0,0.8666540384292603,1
E0_baseline,2,8,210,50341,2,0,0.15723085403442383,0
E0_baseline,2,8,215,50346,2,0,0.15553081035614014,0
E0_baseline,2,8,216,50347,2,0,0.1553022563457489,0
E0_baseline,2,8,223,50354,2,0,0.1651236116886139,0
E0_baseline,2,8,224,50355,2,0,0.16499778628349304,0
E0_baseline,2,8,237,50368,2,0,0.1558811515569687,0
E0_baseline,2,8,255,50390,2,0,0.2802391052246094,0
E0_baseline,2,8,256,50391,2,0,0.15677207708358765,0
E0_baseline,2,8,260,50403,1,1,0.4752200245857239,0
E0_baseline,2,8,266,50410,1,1,0.8629719614982605,1
E0_baseline,2,8,296,50446,2,0,0.37108418345451355,0
E0_baseline,2,8,299,50449,2,0,0.15791380405426025,0
E0_baseline,2,8,328,50503,1,1,0.8665130734443665,1
E0_baseline,2,8,339,50521,1,1,0.7945525050163269,1
E0_baseline,2,8,343,50526,1,1,0.8588704466819763,1
E0_baseline,2,8,347,50530,1,1,0.8641521334648132,1
E0_baseline,2,8,349,50532,1,1,0.8632896542549133,1
E0_baseline,2,8,365,50575,2,0,0.29706573486328125,0
E0_baseline,2,8,377,50613,1,1,0.8660861253738403,1
E0_baseline,2,8,386,50624,1,1,0.8667097687721252,1
E0_baseline,2,8,387,50625,1,1,0.1579224020242691,0
E0_baseline,2,8,413,50694,1,1,0.8662988543510437,1
E0_baseline,2,8,414,50695,1,1,0.8301377892494202,1
E0_baseline,2,8,470,50790,2,0,0.1570274829864502,0
E0_baseline,2,8,485,50818,2,0,0.1551966369152069,0
E0_baseline,2,8,496,50958,1,1,0.8570461869239807,1
E0_baseline,2,8,504,50967,1,1,0.853316068649292,1
E0_baseline,2,8,517,50983,1,1,0.8660288453102112,1
E0_baseline,2,8,536,51003,1,1,0.8666559457778931,1
E0_baseline,2,8,540,51009,1,1,0.8658010363578796,1
E0_baseline,2,8,551,51020,1,1,0.8422846794128418,1
E0_baseline,2,8,569,51041,2,0,0.1631329208612442,0
E0_baseline,2,8,570,51042,2,0,0.15591785311698914,0
E0_baseline,2,8,574,51047,2,0,0.19465692341327667,0
E0_baseline,2,8,576,51049,2,0,0.16324175894260406,0
E0_baseline,2,8,584,51057,2,0,0.1593383103609085,0
E0_baseline,2,8,588,51061,2,0,0.15522180497646332,0
E0_baseline,2,8,593,51066,2,0,0.15779663622379303,0
E0_baseline,2,8,601,51075,2,0,0.16319572925567627,0
E0_baseline,2,8,633,51109,2,0,0.15672211349010468,0
E0_baseline,2,8,642,51122,2,0,0.16091857850551605,0
E0_baseline,2,8,645,51126,2,0,0.1625688374042511,0
E0_baseline,2,8,660,51141,2,0,0.7374317646026611,1
E0_baseline,2,8,673,51159,2,0,0.8660039901733398,1
E0_baseline,2,8,683,51177,1,1,0.8589162230491638,1
E0_baseline,2,8,698,51198,2,0,0.856991171836853,1
E0_baseline,2,8,701,51203,1,1,0.866489052772522,1
E0_baseline,2,8,715,51219,1,1,0.8664838671684265,1
E0_baseline,2,8,717,51221,1,1,0.8656584024429321,1
E0_baseline,2,8,722,51226,1,1,0.15582852065563202,0
E0_baseline,2,8,734,51248,1,1,0.8668721318244934,1
E0_baseline,2,8,738,51252,2,0,0.859567403793335,1
E0_baseline,2,8,748,51265,2,0,0.15526507794857025,0
E0_baseline,2,8,778,51307,2,0,0.8669358491897583,1
E0_baseline,2,8,785,51319,1,1,0.8668251633644104,1
E0_baseline,2,8,803,51339,2,0,0.1591205894947052,0
E0_baseline,2,8,817,51357,2,0,0.16138143837451935,0
E0_baseline,2,8,826,51370,2,0,0.1566953808069229,0
E0_baseline,2,8,828,51461,1,1,0.8589524030685425,1
E0_baseline,2,8,832,51473,1,1,0.8570024371147156,1
E0_baseline,2,8,839,51487,2,0,0.3185383081436157,0
E0_baseline,2,8,847,51560,2,0,0.1582052856683731,0
E0_baseline,2,8,851,51565,2,0,0.6827322244644165,1
E0_baseline,2,8,852,51566,2,0,0.15579666197299957,0
E0_baseline,2,8,857,51572,1,1,0.8661265969276428,1
E0_baseline,2,8,866,51583,1,1,0.8669319748878479,1
E0_baseline,2,9,9,50013,1,1,0.917921245098114,1
E0_baseline,2,9,20,50028,1,1,0.9179663062095642,1
E0_baseline,2,9,27,50036,2,0,0.11493352055549622,0
E0_baseline,2,9,32,50041,2,0,0.11658508330583572,0
E0_baseline,2,9,37,50046,2,0,0.111306332051754,0
E0_baseline,2,9,40,50049,2,0,0.11523575335741043,0
E0_baseline,2,9,42,50051,2,0,0.4088907539844513,0
E0_baseline,2,9,50,50102,2,0,0.14856082201004028,0
E0_baseline,2,9,66,50121,1,1,0.9175763726234436,1
E0_baseline,2,9,75,50132,1,1,0.9166256785392761,1
E0_baseline,2,9,83,50147,1,1,0.9108341932296753,1
E0_baseline,2,9,84,50148,1,1,0.8398938775062561,1
E0_baseline,2,9,87,50152,1,1,0.9164860844612122,1
E0_baseline,2,9,104,50183,1,1,0.9179837703704834,1
E0_baseline,2,9,121,50204,2,0,0.11546149104833603,0
E0_baseline,2,9,122,50205,2,0,0.11276759952306747,0
E0_baseline,2,9,123,50206,2,0,0.2432459592819214,0
E0_baseline,2,9,130,50232,1,1,0.9149876832962036,1
E0_baseline,2,9,132,50234,1,1,0.8921533823013306,1
E0_baseline,2,9,221,50352,2,0,0.6558704376220703,1
E0_baseline,2,9,226,50357,2,0,0.11464612931013107,0
E0_baseline,2,9,232,50363,2,0,0.8147010803222656,1
E0_baseline,2,9,250,50383,2,0,0.12969383597373962,0
E0_baseline,2,9,258,50399,1,1,0.9179720878601074,1
E0_baseline,2,9,261,50404,1,1,0.9174609780311584,1
E0_baseline,2,9,262,50405,1,1,0.9153497815132141,1
E0_baseline,2,9,282,50428,2,0,0.11063850671052933,0
E0_baseline,2,9,284,50434,2,0,0.115079365670681,0
E0_baseline,2,9,289,50439,2,0,0.23639516532421112,0
E0_baseline,2,9,291,50441,2,0,0.11278849095106125,0
E0_baseline,2,9,301,50463,2,0,0.11051923781633377,0
E0_baseline,2,9,323,50498,1,1,0.9132806658744812,1
E0_baseline,2,9,344,50527,1,1,0.9166778922080994,1
E0_baseline,2,9,358,50568,2,0,0.6494953036308289,1
E0_baseline,2,9,361,50571,2,0,0.8333576321601868,1
E0_baseline,2,9,363,50573,2,0,0.11031632125377655,0
E0_baseline,2,9,380,50616,1,1,0.9162836670875549,1
E0_baseline,2,9,391,50642,1,1,0.9117164015769958,1
E0_baseline,2,9,397,50656,2,0,0.6064566969871521,1
E0_baseline,2,9,407,50688,2,0,0.11031163483858109,0
E0_baseline,2,9,415,50696,1,1,0.9162749648094177,1
E0_baseline,2,9,419,50700,1,1,0.9168329834938049,1
E0_baseline,2,9,420,50701,2,0,0.11315415054559708,0
E0_baseline,2,9,427,50708,1,1,0.9172343611717224,1
E0_baseline,2,9,446,50743,1,1,0.9176201224327087,1
E0_baseline,2,9,461,50775,2,0,0.11495402455329895,0
E0_baseline,2,9,472,50792,1,1,0.9145922064781189,1
E0_baseline,2,9,481,50812,2,0,0.11046544462442398,0
E0_baseline,2,9,491,50952,1,1,0.9181458950042725,1
E0_baseline,2,9,498,50960,1,1,0.1398715078830719,0
E0_baseline,2,9,511,50976,1,1,0.9154912829399109,1
E0_baseline,2,9,524,50990,1,1,0.9138238430023193,1
E0_baseline,2,9,539,51008,1,1,0.6234562993049622,1
E0_baseline,2,9,541,51010,1,1,0.7733569741249084,1
E0_baseline,2,9,543,51012,1,1,0.9073140025138855,1
E0_baseline,2,9,563,51034,1,1,0.9182063937187195,1
E0_baseline,2,9,564,51035,1,1,0.8876429796218872,1
E0_baseline,2,9,592,51065,2,0,0.11222928762435913,0
E0_baseline,2,9,604,51078,2,0,0.11779031157493591,0
E0_baseline,2,9,605,51079,2,0,0.9163616299629211,1
E0_baseline,2,9,608,51082,2,0,0.1972806453704834,0
E0_baseline,2,9,620,51095,2,0,0.9054082036018372,1
E0_baseline,2,9,624,51099,2,0,0.11056151241064072,0
E0_baseline,2,9,632,51107,2,0,0.7724342346191406,1
E0_baseline,2,9,643,51123,2,0,0.12499141693115234,0
E0_baseline,2,9,654,51135,2,0,0.2642004191875458,0
E0_baseline,2,9,667,51151,2,0,0.11041036248207092,0
E0_baseline,2,9,680,51170,1,1,0.7558624148368835,1
E0_baseline,2,9,699,51201,1,1,0.9180689454078674,1
E0_baseline,2,9,708,51211,1,1,0.9173582196235657,1
E0_baseline,2,9,712,51216,1,1,0.1530037522315979,0
E0_baseline,2,9,736,51250,2,0,0.11033017933368683,0
E0_baseline,2,9,739,51253,2,0,0.11059506982564926,0
E0_baseline,2,9,740,51254,2,0,0.11042370647192001,0
E0_baseline,2,9,742,51256,2,0,0.11181440204381943,0
E0_baseline,2,9,752,51269,2,0,0.11276037245988846,0
E0_baseline,2,9,756,51275,2,0,0.11081477999687195,0
E0_baseline,2,9,784,51318,1,1,0.8433278203010559,1
E0_baseline,2,9,788,51322,1,1,0.9182050824165344,1
E0_baseline,2,9,789,51323,1,1,0.9136593341827393,1
E0_baseline,2,9,794,51329,1,1,0.5224422216415405,1
E0_baseline,2,9,802,51338,2,0,0.9174739122390747,1
E0_baseline,2,9,822,51363,2,0,0.17360706627368927,0
E0_baseline,2,9,825,51369,2,0,0.11214495450258255,0
E0_baseline,2,9,827,51373,2,0,0.11292442679405212,0
E0_baseline,2,9,842,51493,2,0,0.5789556503295898,1
E0_baseline,2,9,864,51580,1,1,0.9162328839302063,1
E0_baseline,2,10,11,50015,1,1,0.8672899007797241,1
E0_baseline,2,10,16,50024,1,1,0.8729047179222107,1
E0_baseline,2,10,18,50026,1,1,0.867281973361969,1
E0_baseline,2,10,33,50042,2,0,0.0848039835691452,0
E0_baseline,2,10,36,50045,2,0,0.1265655755996704,0
E0_baseline,2,10,41,50050,2,0,0.07970666885375977,0
E0_baseline,2,10,43,50052,2,0,0.24079616367816925,0
E0_baseline,2,10,54,50106,2,0,0.23784613609313965,0
E0_baseline,2,10,74,50131,1,1,0.07931719720363617,0
E0_baseline,2,10,99,50168,2,0,0.08151398599147797,0
E0_baseline,2,10,106,50186,1,1,0.8710120320320129,1
E0_baseline,2,10,109,50189,1,1,0.8733459711074829,1
E0_baseline,2,10,110,50190,1,1,0.8608059287071228,1
E0_baseline,2,10,150,50259,2,0,0.2389954775571823,0
E0_baseline,2,10,158,50267,2,0,0.08201924711465836,0
E0_baseline,2,10,188,50312,1,1,0.8616175651550293,1
E0_baseline,2,10,194,50321,1,1,0.8720901608467102,1
E0_baseline,2,10,233,50364,2,0,0.3373602330684662,0
E0_baseline,2,10,239,50370,2,0,0.07933603227138519,0
E0_baseline,2,10,245,50377,2,0,0.08057882636785507,0
E0_baseline,2,10,252,50386,2,0,0.07977214455604553,0
E0_baseline,2,10,257,50397,1,1,0.808409571647644,1
E0_baseline,2,10,263,50406,1,1,0.8731099367141724,1
E0_baseline,2,10,268,50412,1,1,0.8726697564125061,1
E0_baseline,2,10,270,50414,2,0,0.08080007880926132,0
E0_baseline,2,10,273,50417,2,0,0.08497419953346252,0
E0_baseline,2,10,294,50444,2,0,0.07967357337474823,0
E0_baseline,2,10,303,50467,2,0,0.07948528230190277,0
E0_baseline,2,10,304,50468,2,0,0.07926424592733383,0
E0_baseline,2,10,317,50491,1,1,0.6143791079521179,1
E0_baseline,2,10,324,50499,1,1,0.7165305614471436,1
E0_baseline,2,10,366,50576,2,0,0.08146118372678757,0
E0_baseline,2,10,372,50604,1,1,0.25147032737731934,0
E0_baseline,2,10,394,50648,1,1,0.1128598302602768,0
E0_baseline,2,10,430,50722,2,0,0.08253321051597595,0
E0_baseline,2,10,434,50726,2,0,0.079474538564682,0
E0_baseline,2,10,443,50740,2,0,0.07952531427145004,0
E0_baseline,2,10,459,50773,2,0,0.0805758610367775,0
E0_baseline,2,10,475,50798,1,1,0.08037009090185165,0
E0_baseline,2,10,482,50814,2,0,0.07942625135183334,0
E0_baseline,2,10,490,50824,1,1,0.08009066432714462,0
E0_baseline,2,10,494,50956,1,1,0.8714249134063721,1
E0_baseline,2,10,501,50964,1,1,0.8657981753349304,1
E0_baseline,2,10,507,50970,1,1,0.8693886995315552,1
E0_baseline,2,10,509,50973,1,1,0.8546451330184937,1
E0_baseline,2,10,512,50977,1,1,0.873241126537323,1
E0_baseline,2,10,518,50984,1,1,0.5973864197731018,1
E0_baseline,2,10,519,50985,1,1,0.8717414140701294,1
E0_baseline,2,10,523,50989,1,1,0.8691272735595703,1
E0_baseline,2,10,527,50993,1,1,0.8663157224655151,1
E0_baseline,2,10,528,50994,1,1,0.8702331781387329,1
E0_baseline,2,10,529,50995,1,1,0.8728213906288147,1
E0_baseline,2,10,533,51000,1,1,0.867748498916626,1
E0_baseline,2,10,535,51002,1,1,0.10209307074546814,0
E0_baseline,2,10,547,51016,1,1,0.8585916757583618,1
E0_baseline,2,10,549,51018,1,1,0.8720580339431763,1
E0_baseline,2,10,557,51027,1,1,0.7966413497924805,1
E0_baseline,2,10,565,51036,2,0,0.08057636022567749,0
E0_baseline,2,10,567,51039,2,0,0.08336341381072998,0
E0_baseline,2,10,573,51046,2,0,0.15660519897937775,0
E0_baseline,2,10,578,51051,2,0,0.08766797184944153,0
E0_baseline,2,10,591,51064,2,0,0.08536089211702347,0
E0_baseline,2,10,617,51091,2,0,0.07957474142313004,0
E0_baseline,2,10,618,51093,2,0,0.07992208003997803,0
E0_baseline,2,10,619,51094,2,0,0.08337406814098358,0
E0_baseline,2,10,626,51101,2,0,0.08317647874355316,0
E0_baseline,2,10,636,51112,2,0,0.08541850745677948,0
E0_baseline,2,10,641,51118,2,0,0.09657291322946548,0
E0_baseline,2,10,649,51130,2,0,0.3653590977191925,0
E0_baseline,2,10,662,51146,2,0,0.08406200259923935,0
E0_baseline,2,10,666,51150,2,0,0.08139505237340927,0
E0_baseline,2,10,692,51187,2,0,0.08037164062261581,0
E0_baseline,2,10,696,51194,2,0,0.08730212599039078,0
E0_baseline,2,10,702,51204,1,1,0.8648431301116943,1
E0_baseline,2,10,707,51210,1,1,0.8615113496780396,1
E0_baseline,2,10,758,51277,2,0,0.081475630402565,0
E0_baseline,2,10,761,51280,2,0,0.0828680470585823,0
E0_baseline,2,10,764,51292,1,1,0.867387592792511,1
E0_baseline,2,10,765,51293,1,1,0.8720846176147461,1
E0_baseline,2,10,777,51306,2,0,0.07963773608207703,0
E0_baseline,2,10,782,51313,2,0,0.08773446828126907,0
E0_baseline,2,10,796,51331,1,1,0.6476551294326782,1
E0_baseline,2,10,797,51332,2,0,0.0814381092786789,0
E0_baseline,2,10,800,51335,2,0,0.08018193393945694,0
E0_baseline,2,10,819,51360,2,0,0.07912974804639816,0
E0_baseline,2,10,850,51564,2,0,0.07921595871448517,0
E0_baseline,2,10,860,51576,1,1,0.08571071922779083,0
E1_uniform_global,0,1,10,50014,1,1,0.9274271130561829,1
E1_uniform_global,0,1,14,50022,1,1,0.09159085899591446,0
E1_uniform_global,0,1,36,50045,2,0,0.42551976442337036,0
E1_uniform_global,0,1,42,50051,2,0,0.8985742330551147,1
E1_uniform_global,0,1,49,50060,2,0,0.11610274016857147,0
E1_uniform_global,0,1,53,50105,2,0,0.2194497138261795,0
E1_uniform_global,0,1,63,50117,2,0,0.14433278143405914,0
E1_uniform_global,0,1,67,50123,1,1,0.9310230612754822,1
E1_uniform_global,0,1,83,50147,1,1,0.7336570620536804,1
E1_uniform_global,0,1,84,50148,1,1,0.9287173748016357,1
E1_uniform_global,0,1,96,50163,2,0,0.19676385819911957,0
E1_uniform_global,0,1,97,50164,2,0,0.07853864878416061,0
E1_uniform_global,0,1,111,50193,2,0,0.07814881205558777,0
E1_uniform_global,0,1,114,50196,2,0,0.33888009190559387,0
E1_uniform_global,0,1,123,50206,2,0,0.5196409225463867,1
E1_uniform_global,0,1,131,50233,1,1,0.9288358688354492,1
E1_uniform_global,0,1,132,50234,1,1,0.8422935605049133,1
E1_uniform_global,0,1,136,50240,1,1,0.928868293762207,1
E1_uniform_global,0,1,141,50248,1,1,0.9296494126319885,1
E1_uniform_global,0,1,145,50252,1,1,0.3484756052494049,0
E1_uniform_global,0,1,146,50253,1,1,0.8155019283294678,1
E1_uniform_global,0,1,148,50255,1,1,0.9296702742576599,1
E1_uniform_global,0,1,152,50261,2,0,0.8322817087173462,1
E1_uniform_global,0,1,154,50263,2,0,0.07711216062307358,0
E1_uniform_global,0,1,164,50273,1,1,0.9285141229629517,1
E1_uniform_global,0,1,184,50302,1,1,0.9309649467468262,1
E1_uniform_global,0,1,202,50333,2,0,0.07987401634454727,0
E1_uniform_global,0,1,204,50335,2,0,0.07914090156555176,0
E1_uniform_global,0,1,210,50341,2,0,0.0794140174984932,0
E1_uniform_global,0,1,223,50354,2,0,0.08118171244859695,0
E1_uniform_global,0,1,241,50373,2,0,0.10189158469438553,0
E1_uniform_global,0,1,266,50410,1,1,0.9245402812957764,1
E1_uniform_global,0,1,271,50415,2,0,0.08876042068004608,0
E1_uniform_global,0,1,275,50419,2,0,0.07722266018390656,0
E1_uniform_global,0,1,278,50424,2,0,0.07699475437402725,0
E1_uniform_global,0,1,286,50436,2,0,0.20552368462085724,0
E1_uniform_global,0,1,292,50442,2,0,0.08693703263998032,0
E1_uniform_global,0,1,302,50466,2,0,0.07882959395647049,0
E1_uniform_global,0,1,303,50467,2,0,0.18680599331855774,0
E1_uniform_global,0,1,323,50498,1,1,0.9267482161521912,1
E1_uniform_global,0,1,326,50501,1,1,0.928836464881897,1
E1_uniform_global,0,1,346,50529,1,1,0.9278429746627808,1
E1_uniform_global,0,1,349,50532,1,1,0.9289950728416443,1
E1_uniform_global,0,1,352,50555,2,0,0.07749231904745102,0
E1_uniform_global,0,1,353,50557,2,0,0.07895991206169128,0
E1_uniform_global,0,1,360,50570,2,0,0.07903791964054108,0
E1_uniform_global,0,1,390,50628,1,1,0.9305226802825928,1
E1_uniform_global,0,1,397,50656,2,0,0.18139959871768951,0
E1_uniform_global,0,1,405,50686,1,1,0.9287779927253723,1
E1_uniform_global,0,1,408,50689,1,1,0.9308606386184692,1
E1_uniform_global,0,1,430,50722,2,0,0.07902126759290695,0
E1_uniform_global,0,1,435,50728,2,0,0.5211042761802673,1
E1_uniform_global,0,1,446,50743,1,1,0.9310413599014282,1
E1_uniform_global,0,1,451,50750,1,1,0.9299134612083435,1
E1_uniform_global,0,1,475,50798,1,1,0.08564276248216629,0
E1_uniform_global,0,1,476,50799,1,1,0.9308427572250366,1
E1_uniform_global,0,1,481,50812,2,0,0.07905775308609009,0
E1_uniform_global,0,1,490,50824,1,1,0.5307583808898926,1
E1_uniform_global,0,1,511,50976,1,1,0.9308549761772156,1
E1_uniform_global,0,1,522,50988,1,1,0.9307389855384827,1
E1_uniform_global,0,1,525,50991,1,1,0.8370113372802734,1
E1_uniform_global,0,1,537,51006,1,1,0.9309442043304443,1
E1_uniform_global,0,1,541,51010,1,1,0.7288574576377869,1
E1_uniform_global,0,1,557,51027,1,1,0.8690376281738281,1
E1_uniform_global,0,1,559,51029,1,1,0.8431296348571777,1
E1_uniform_global,0,1,579,51052,2,0,0.08330335468053818,0
E1_uniform_global,0,1,584,51057,2,0,0.08303789794445038,0
E1_uniform_global,0,1,633,51109,2,0,0.08124691247940063,0
E1_uniform_global,0,1,636,51112,2,0,0.0859311893582344,0
E1_uniform_global,0,1,648,51129,2,0,0.08327561616897583,0
E1_uniform_global,0,1,655,51136,2,0,0.10589843988418579,0
E1_uniform_global,0,1,670,51154,2,0,0.08831853419542313,0
E1_uniform_global,0,1,692,51187,2,0,0.07697010040283203,0
E1_uniform_global,0,1,695,51192,2,0,0.0782545655965805,0
E1_uniform_global,0,1,696,51194,2,0,0.8087291717529297,1
E1_uniform_global,0,1,727,51234,1,1,0.9272314310073853,1
E1_uniform_global,0,1,732,51240,1,1,0.9293860793113708,1
E1_uniform_global,0,1,762,51281,2,0,0.08847864717245102,0
E1_uniform_global,0,1,765,51293,1,1,0.9308562278747559,1
E1_uniform_global,0,1,766,51294,1,1,0.5774514675140381,1
E1_uniform_global,0,1,779,51308,2,0,0.09705144912004471,0
E1_uniform_global,0,1,795,51330,1,1,0.9288313984870911,1
E1_uniform_global,0,1,798,51333,2,0,0.07847531139850616,0
E1_uniform_global,0,1,825,51369,2,0,0.08686026930809021,0
E1_uniform_global,0,1,828,51461,1,1,0.9310170412063599,1
E1_uniform_global,0,1,839,51487,2,0,0.2554701566696167,0
E1_uniform_global,0,1,854,51568,2,0,0.08738166838884354,0
E1_uniform_global,0,1,862,51578,1,1,0.9254319071769714,1
E1_uniform_global,0,2,2,50005,1,1,0.9228790402412415,1
E1_uniform_global,0,2,3,50006,1,1,0.9229193925857544,1
E1_uniform_global,0,2,4,50007,1,1,0.9218971729278564,1
E1_uniform_global,0,2,20,50028,1,1,0.9240617752075195,1
E1_uniform_global,0,2,27,50036,2,0,0.09618868678808212,0
E1_uniform_global,0,2,35,50044,2,0,0.09333433210849762,0
E1_uniform_global,0,2,45,50054,2,0,0.922231912612915,1
E1_uniform_global,0,2,57,50111,2,0,0.09334472566843033,0
E1_uniform_global,0,2,61,50115,2,0,0.1008293479681015,0
E1_uniform_global,0,2,69,50125,1,1,0.9230406284332275,1
E1_uniform_global,0,2,79,50143,1,1,0.9199733734130859,1
E1_uniform_global,0,2,87,50152,1,1,0.9231852889060974,1
E1_uniform_global,0,2,116,50199,2,0,0.09434512257575989,0
E1_uniform_global,0,2,122,50205,2,0,0.09422317147254944,0
E1_uniform_global,0,2,130,50232,1,1,0.9205622673034668,1
E1_uniform_global,0,2,133,50236,1,1,0.9226653575897217,1
E1_uniform_global,0,2,147,50254,1,1,0.9240841269493103,1
E1_uniform_global,0,2,162,50271,2,0,0.0960320383310318,0
E1_uniform_global,0,2,170,50284,1,1,0.7253673672676086,1
E1_uniform_global,0,2,171,50285,1,1,0.11477289348840714,0
E1_uniform_global,0,2,183,50301,1,1,0.920900821685791,1
E1_uniform_global,0,2,192,50319,1,1,0.923684298992157,1
E1_uniform_global,0,2,197,50327,2,0,0.13109736144542694,0
E1_uniform_global,0,2,217,50348,2,0,0.16560350358486176,0
E1_uniform_global,0,2,218,50349,2,0,0.10102329403162003,0
E1_uniform_global,0,2,222,50353,2,0,0.23477287590503693,0
E1_uniform_global,0,2,232,50363,2,0,0.22692380845546722,0
E1_uniform_global,0,2,234,50365,2,0,0.09463672339916229,0
E1_uniform_global,0,2,257,50397,1,1,0.923011064529419,1
E1_uniform_global,0,2,270,50414,2,0,0.8361687660217285,1
E1_uniform_global,0,2,282,50428,2,0,0.09327974170446396,0
E1_uniform_global,0,2,283,50433,2,0,0.09777557849884033,0
E1_uniform_global,0,2,294,50444,2,0,0.36146625876426697,0
E1_uniform_global,0,2,307,50477,1,1,0.9233290553092957,1
E1_uniform_global,0,2,316,50490,1,1,0.9239863753318787,1
E1_uniform_global,0,2,357,50565,2,0,0.3059360086917877,0
E1_uniform_global,0,2,363,50573,2,0,0.1239214539527893,0
E1_uniform_global,0,2,364,50574,2,0,0.11267396807670593,0
E1_uniform_global,0,2,372,50604,1,1,0.9211339950561523,1
E1_uniform_global,0,2,381,50619,1,1,0.9236992597579956,1
E1_uniform_global,0,2,385,50623,1,1,0.9241161942481995,1
E1_uniform_global,0,2,394,50648,1,1,0.19290907680988312,0
E1_uniform_global,0,2,399,50664,2,0,0.16079887747764587,0
E1_uniform_global,0,2,407,50688,2,0,0.36709922552108765,0
E1_uniform_global,0,2,410,50691,2,0,0.09326101839542389,0
E1_uniform_global,0,2,417,50698,2,0,0.5746053457260132,1
E1_uniform_global,0,2,426,50707,2,0,0.09312812238931656,0
E1_uniform_global,0,2,450,50749,1,1,0.9240164756774902,1
E1_uniform_global,0,2,453,50752,1,1,0.9192984104156494,1
E1_uniform_global,0,2,462,50776,2,0,0.0940731093287468,0
E1_uniform_global,0,2,465,50780,2,0,0.2500157654285431,0
E1_uniform_global,0,2,478,50801,1,1,0.9203541278839111,1
E1_uniform_global,0,2,489,50823,1,1,0.8849884271621704,1
E1_uniform_global,0,2,513,50978,1,1,0.9192274808883667,1
E1_uniform_global,0,2,528,50994,1,1,0.9219876527786255,1
E1_uniform_global,0,2,535,51002,1,1,0.9233519434928894,1
E1_uniform_global,0,2,543,51012,1,1,0.9222845435142517,1
E1_uniform_global,0,2,544,51013,1,1,0.8003365993499756,1
E1_uniform_global,0,2,546,51015,1,1,0.17509812116622925,0
E1_uniform_global,0,2,553,51023,1,1,0.9184406399726868,1
E1_uniform_global,0,2,558,51028,1,1,0.9220055937767029,1
E1_uniform_global,0,2,568,51040,2,0,0.10904212296009064,0
E1_uniform_global,0,2,572,51045,2,0,0.10627053678035736,0
E1_uniform_global,0,2,585,51058,2,0,0.09775427728891373,0
E1_uniform_global,0,2,592,51065,2,0,0.10197421163320541,0
E1_uniform_global,0,2,596,51069,2,0,0.10903860628604889,0
E1_uniform_global,0,2,612,51086,2,0,0.09755046665668488,0
E1_uniform_global,0,2,629,51104,2,0,0.09431936591863632,0
E1_uniform_global,0,2,642,51122,2,0,0.10302849113941193,0
E1_uniform_global,0,2,645,51126,2,0,0.11431014537811279,0
E1_uniform_global,0,2,646,51127,2,0,0.8720462918281555,1
E1_uniform_global,0,2,651,51132,2,0,0.09591685235500336,0
E1_uniform_global,0,2,681,51171,1,1,0.9165984392166138,1
E1_uniform_global,0,2,683,51177,1,1,0.9240148663520813,1
E1_uniform_global,0,2,690,51184,2,0,0.6115556955337524,1
E1_uniform_global,0,2,691,51185,2,0,0.7461751699447632,1
E1_uniform_global,0,2,718,51222,1,1,0.11076947301626205,0
E1_uniform_global,0,2,722,51226,1,1,0.13238172233104706,0
E1_uniform_global,0,2,728,51235,1,1,0.9226561784744263,1
E1_uniform_global,0,2,742,51256,2,0,0.09771858155727386,0
E1_uniform_global,0,2,753,51271,2,0,0.10299750417470932,0
E1_uniform_global,0,2,793,51328,1,1,0.9229406118392944,1
E1_uniform_global,0,2,820,51361,2,0,0.09351566433906555,0
E1_uniform_global,0,2,824,51365,2,0,0.10189720243215561,0
E1_uniform_global,0,2,832,51473,1,1,0.5365065932273865,1
E1_uniform_global,0,2,840,51488,2,0,0.16313914954662323,0
E1_uniform_global,0,2,869,51606,1,1,0.09968192875385284,0
E1_uniform_global,0,3,21,50030,2,0,0.8459374308586121,1
E1_uniform_global,0,3,32,50041,2,0,0.05275078862905502,0
E1_uniform_global,0,3,34,50043,2,0,0.27420806884765625,0
E1_uniform_global,0,3,37,50046,2,0,0.051324278116226196,0
E1_uniform_global,0,3,70,50127,1,1,0.09772100299596786,0
E1_uniform_global,0,3,74,50131,1,1,0.9037458896636963,1
E1_uniform_global,0,3,86,50150,1,1,0.8517422080039978,1
E1_uniform_global,0,3,100,50169,2,0,0.05134474113583565,0
E1_uniform_global,0,3,119,50202,2,0,0.05178237333893776,0
E1_uniform_global,0,3,151,50260,2,0,0.051558125764131546,0
E1_uniform_global,0,3,159,50268,2,0,0.0515776127576828,0
E1_uniform_global,0,3,160,50269,2,0,0.10798333585262299,0
E1_uniform_global,0,3,163,50272,1,1,0.9199090003967285,1
E1_uniform_global,0,3,181,50298,1,1,0.8599308133125305,1
E1_uniform_global,0,3,187,50310,1,1,0.9156949520111084,1
E1_uniform_global,0,3,207,50338,2,0,0.05249951407313347,0
E1_uniform_global,0,3,258,50399,1,1,0.8984488248825073,1
E1_uniform_global,0,3,262,50405,1,1,0.9201107025146484,1
E1_uniform_global,0,3,264,50407,1,1,0.9199801087379456,1
E1_uniform_global,0,3,284,50434,2,0,0.05133791267871857,0
E1_uniform_global,0,3,287,50437,2,0,0.9114131927490234,1
E1_uniform_global,0,3,297,50447,2,0,0.1743428111076355,0
E1_uniform_global,0,3,310,50482,1,1,0.9166614413261414,1
E1_uniform_global,0,3,319,50493,1,1,0.9155884981155396,1
E1_uniform_global,0,3,327,50502,1,1,0.9197918772697449,1
E1_uniform_global,0,3,329,50504,1,1,0.9153044819831848,1
E1_uniform_global,0,3,333,50514,1,1,0.8531308770179749,1
E1_uniform_global,0,3,335,50516,1,1,0.917014479637146,1
E1_uniform_global,0,3,337,50519,1,1,0.916688859462738,1
E1_uniform_global,0,3,368,50578,2,0,0.7133553624153137,1
E1_uniform_global,0,3,370,50602,1,1,0.9195408821105957,1
E1_uniform_global,0,3,371,50603,1,1,0.91888028383255,1
E1_uniform_global,0,3,379,50615,1,1,0.9180700778961182,1
E1_uniform_global,0,3,411,50692,2,0,0.05134531855583191,0
E1_uniform_global,0,3,425,50706,2,0,0.05459846928715706,0
E1_uniform_global,0,3,434,50726,2,0,0.10828260332345963,0
E1_uniform_global,0,3,439,50735,2,0,0.05128573626279831,0
E1_uniform_global,0,3,444,50741,2,0,0.05130345746874809,0
E1_uniform_global,0,3,456,50756,1,1,0.9200921654701233,1
E1_uniform_global,0,3,457,50757,1,1,0.2567400634288788,0
E1_uniform_global,0,3,497,50959,1,1,0.8678959012031555,1
E1_uniform_global,0,3,499,50961,1,1,0.5834953188896179,1
E1_uniform_global,0,3,502,50965,1,1,0.9193811416625977,1
E1_uniform_global,0,3,507,50970,1,1,0.9203422665596008,1
E1_uniform_global,0,3,514,50979,1,1,0.7813773155212402,1
E1_uniform_global,0,3,539,51008,1,1,0.0532398484647274,0
E1_uniform_global,0,3,562,51033,1,1,0.872653067111969,1
E1_uniform_global,0,3,576,51049,2,0,0.054084185510873795,0
E1_uniform_global,0,3,589,51062,2,0,0.055709850043058395,0
E1_uniform_global,0,3,605,51079,2,0,0.6576987504959106,1
E1_uniform_global,0,3,622,51097,2,0,0.05701762065291405,0
E1_uniform_global,0,3,626,51101,2,0,0.05147617310285568,0
E1_uniform_global,0,3,640,51117,2,0,0.05293547362089157,0
E1_uniform_global,0,3,661,51142,2,0,0.05130738019943237,0
E1_uniform_global,0,3,662,51146,2,0,0.05357922986149788,0
E1_uniform_global,0,3,669,51153,2,0,0.052942290902137756,0
E1_uniform_global,0,3,676,51163,1,1,0.4067908227443695,0
E1_uniform_global,0,3,678,51168,1,1,0.18978863954544067,0
E1_uniform_global,0,3,686,51180,2,0,0.05135728046298027,0
E1_uniform_global,0,3,688,51182,2,0,0.05129089578986168,0
E1_uniform_global,0,3,709,51212,1,1,0.9074482917785645,1
E1_uniform_global,0,3,710,51214,1,1,0.9171176552772522,1
E1_uniform_global,0,3,713,51217,1,1,0.05526084452867508,0
E1_uniform_global,0,3,714,51218,1,1,0.9074441194534302,1
E1_uniform_global,0,3,716,51220,1,1,0.8953693509101868,1
E1_uniform_global,0,3,723,51228,1,1,0.9185275435447693,1
E1_uniform_global,0,3,737,51251,2,0,0.24295301735401154,0
E1_uniform_global,0,3,739,51253,2,0,0.08214987814426422,0
E1_uniform_global,0,3,745,51261,2,0,0.053017571568489075,0
E1_uniform_global,0,3,747,51264,2,0,0.05319792777299881,0
E1_uniform_global,0,3,754,51272,2,0,0.055390533059835434,0
E1_uniform_global,0,3,755,51273,2,0,0.9016381502151489,1
E1_uniform_global,0,3,756,51275,2,0,0.05272355303168297,0
E1_uniform_global,0,3,780,51309,2,0,0.920375645160675,1
E1_uniform_global,0,3,786,51320,1,1,0.9166586399078369,1
E1_uniform_global,0,3,791,51326,1,1,0.8983940482139587,1
E1_uniform_global,0,3,800,51335,2,0,0.09298965334892273,0
E1_uniform_global,0,3,806,51342,2,0,0.12503588199615479,0
E1_uniform_global,0,3,819,51360,2,0,0.05682055279612541,0
E1_uniform_global,0,3,831,51465,1,1,0.9201855659484863,1
E1_uniform_global,0,3,834,51479,2,0,0.05128561332821846,0
E1_uniform_global,0,3,836,51481,2,0,0.052081670612096786,0
E1_uniform_global,0,3,842,51493,2,0,0.05422095209360123,0
E1_uniform_global,0,3,852,51566,2,0,0.05220896378159523,0
E1_uniform_global,0,3,853,51567,2,0,0.05133858695626259,0
E1_uniform_global,0,3,857,51572,1,1,0.9137627482414246,1
E1_uniform_global,0,3,868,51585,1,1,0.9198306798934937,1
E1_uniform_global,0,4,8,50012,1,1,0.6201306581497192,1
E1_uniform_global,0,4,13,50020,1,1,0.8664067387580872,1
E1_uniform_global,0,4,17,50025,1,1,0.8496232628822327,1
E1_uniform_global,0,4,29,50038,2,0,0.1295209527015686,0
E1_uniform_global,0,4,33,50042,2,0,0.1521575003862381,0
E1_uniform_global,0,4,43,50052,2,0,0.15288124978542328,0
E1_uniform_global,0,4,46,50056,1,1,0.8662147521972656,1
E1_uniform_global,0,4,55,50107,2,0,0.17082583904266357,0
E1_uniform_global,0,4,56,50109,2,0,0.15565930306911469,0
E1_uniform_global,0,4,58,50112,2,0,0.12946337461471558,0
E1_uniform_global,0,4,66,50121,1,1,0.8659623861312866,1
E1_uniform_global,0,4,72,50129,1,1,0.8659815788269043,1
E1_uniform_global,0,4,88,50153,1,1,0.6752861738204956,1
E1_uniform_global,0,4,99,50168,2,0,0.12795013189315796,0
E1_uniform_global,0,4,103,50182,1,1,0.8395135402679443,1
E1_uniform_global,0,4,106,50186,1,1,0.7510260343551636,1
E1_uniform_global,0,4,109,50189,1,1,0.8441656231880188,1
E1_uniform_global,0,4,113,50195,2,0,0.1252305805683136,0
E1_uniform_global,0,4,126,50213,2,0,0.12509608268737793,0
E1_uniform_global,0,4,135,50239,1,1,0.8534073829650879,1
E1_uniform_global,0,4,144,50251,1,1,0.28884080052375793,0
E1_uniform_global,0,4,158,50267,2,0,0.125309556722641,0
E1_uniform_global,0,4,172,50287,1,1,0.13009144365787506,0
E1_uniform_global,0,4,175,50291,1,1,0.25118061900138855,0
E1_uniform_global,0,4,200,50331,2,0,0.13107241690158844,0
E1_uniform_global,0,4,211,50342,2,0,0.1416933536529541,0
E1_uniform_global,0,4,230,50361,2,0,0.1300792545080185,0
E1_uniform_global,0,4,231,50362,2,0,0.12518848478794098,0
E1_uniform_global,0,4,236,50367,2,0,0.12534445524215698,0
E1_uniform_global,0,4,243,50375,2,0,0.13092078268527985,0
E1_uniform_global,0,4,244,50376,2,0,0.14169783890247345,0
E1_uniform_global,0,4,263,50406,1,1,0.8654157519340515,1
E1_uniform_global,0,4,280,50426,2,0,0.1256507784128189,0
E1_uniform_global,0,4,288,50438,2,0,0.12579253315925598,0
E1_uniform_global,0,4,306,50470,2,0,0.32299572229385376,0
E1_uniform_global,0,4,328,50503,1,1,0.8561965227127075,1
E1_uniform_global,0,4,339,50521,1,1,0.7826682925224304,1
E1_uniform_global,0,4,341,50524,1,1,0.864352285861969,1
E1_uniform_global,0,4,345,50528,1,1,0.864136278629303,1
E1_uniform_global,0,4,348,50531,1,1,0.7133556008338928,1
E1_uniform_global,0,4,351,50552,2,0,0.42995506525039673,0
E1_uniform_global,0,4,386,50624,1,1,0.8659024834632874,1
E1_uniform_global,0,4,412,50693,1,1,0.2348642200231552,0
E1_uniform_global,0,4,416,50697,1,1,0.8088927865028381,1
E1_uniform_global,0,4,436,50730,2,0,0.14238056540489197,0
E1_uniform_global,0,4,441,50738,2,0,0.1255752444267273,0
E1_uniform_global,0,4,445,50742,2,0,0.13568982481956482,0
E1_uniform_global,0,4,455,50755,1,1,0.8648458123207092,1
E1_uniform_global,0,4,460,50774,2,0,0.1269628405570984,0
E1_uniform_global,0,4,461,50775,2,0,0.1310236155986786,0
E1_uniform_global,0,4,467,50782,2,0,0.12592540681362152,0
E1_uniform_global,0,4,496,50958,1,1,0.8359933495521545,1
E1_uniform_global,0,4,498,50960,1,1,0.70754075050354,1
E1_uniform_global,0,4,508,50972,1,1,0.866471529006958,1
E1_uniform_global,0,4,509,50973,1,1,0.8500350117683411,1
E1_uniform_global,0,4,510,50974,1,1,0.8659979104995728,1
E1_uniform_global,0,4,516,50982,1,1,0.1389111429452896,0
E1_uniform_global,0,4,527,50993,1,1,0.8591439723968506,1
E1_uniform_global,0,4,551,51020,1,1,0.745162308216095,1
E1_uniform_global,0,4,555,51025,1,1,0.8648598790168762,1
E1_uniform_global,0,4,566,51038,2,0,0.1254139542579651,0
E1_uniform_global,0,4,577,51050,2,0,0.12598323822021484,0
E1_uniform_global,0,4,586,51059,2,0,0.13178730010986328,0
E1_uniform_global,0,4,599,51073,2,0,0.12531057000160217,0
E1_uniform_global,0,4,606,51080,2,0,0.6196762323379517,1
E1_uniform_global,0,4,607,51081,2,0,0.13218609988689423,0
E1_uniform_global,0,4,616,51090,2,0,0.12522947788238525,0
E1_uniform_global,0,4,619,51094,2,0,0.13007555902004242,0
E1_uniform_global,0,4,631,51106,2,0,0.1285495012998581,0
E1_uniform_global,0,4,632,51107,2,0,0.818672776222229,1
E1_uniform_global,0,4,657,51138,2,0,0.13089688122272491,0
E1_uniform_global,0,4,658,51139,2,0,0.12599654495716095,0
E1_uniform_global,0,4,664,51148,2,0,0.12892721593379974,0
E1_uniform_global,0,4,665,51149,2,0,0.12507538497447968,0
E1_uniform_global,0,4,693,51188,2,0,0.13468484580516815,0
E1_uniform_global,0,4,697,51197,2,0,0.13113155961036682,0
E1_uniform_global,0,4,698,51198,2,0,0.13391652703285217,0
E1_uniform_global,0,4,700,51202,1,1,0.8640668988227844,1
E1_uniform_global,0,4,701,51203,1,1,0.8659948706626892,1
E1_uniform_global,0,4,703,51205,1,1,0.8648064732551575,1
E1_uniform_global,0,4,730,51237,1,1,0.861378014087677,1
E1_uniform_global,0,4,735,51249,1,1,0.8664053678512573,1
E1_uniform_global,0,4,767,51295,1,1,0.8575449585914612,1
E1_uniform_global,0,4,772,51301,1,1,0.22009000182151794,0
E1_uniform_global,0,4,776,51305,2,0,0.482362300157547,0
E1_uniform_global,0,4,845,51558,2,0,0.12518112361431122,0
E1_uniform_global,0,4,851,51565,2,0,0.29063889384269714,0
E1_uniform_global,0,5,0,50003,1,1,0.12452154606580734,0
E1_uniform_global,0,5,6,50010,1,1,0.9055616855621338,1
E1_uniform_global,0,5,18,50026,1,1,0.724298357963562,1
E1_uniform_global,0,5,19,50027,1,1,0.06285133957862854,0
E1_uniform_global,0,5,50,50102,2,0,0.06294955313205719,0
E1_uniform_global,0,5,64,50118,1,1,0.9014136791229248,1
E1_uniform_global,0,5,77,50135,1,1,0.9051387906074524,1
E1_uniform_global,0,5,78,50142,1,1,0.9039446711540222,1
E1_uniform_global,0,5,81,50145,1,1,0.06614596396684647,0
E1_uniform_global,0,5,98,50167,2,0,0.06704465299844742,0
E1_uniform_global,0,5,112,50194,2,0,0.0631752610206604,0
E1_uniform_global,0,5,125,50210,2,0,0.07357325404882431,0
E1_uniform_global,0,5,128,50215,2,0,0.06658590584993362,0
E1_uniform_global,0,5,142,50249,1,1,0.9024786949157715,1
E1_uniform_global,0,5,143,50250,1,1,0.06332491338253021,0
E1_uniform_global,0,5,157,50266,2,0,0.06485693901777267,0
E1_uniform_global,0,5,161,50270,2,0,0.06458594650030136,0
E1_uniform_global,0,5,167,50276,1,1,0.9049223065376282,1
E1_uniform_global,0,5,198,50329,2,0,0.06667085736989975,0
E1_uniform_global,0,5,205,50336,2,0,0.06712964922189713,0
E1_uniform_global,0,5,220,50351,2,0,0.06673511117696762,0
E1_uniform_global,0,5,221,50352,2,0,0.0659024640917778,0
E1_uniform_global,0,5,226,50357,2,0,0.06529676914215088,0
E1_uniform_global,0,5,227,50358,2,0,0.18515151739120483,0
E1_uniform_global,0,5,249,50382,2,0,0.0641125962138176,0
E1_uniform_global,0,5,250,50383,2,0,0.06579272449016571,0
E1_uniform_global,0,5,267,50411,1,1,0.9049108028411865,1
E1_uniform_global,0,5,277,50422,2,0,0.19827276468276978,0
E1_uniform_global,0,5,305,50469,2,0,0.06359704583883286,0
E1_uniform_global,0,5,318,50492,1,1,0.8906922340393066,1
E1_uniform_global,0,5,321,50496,1,1,0.8867826461791992,1
E1_uniform_global,0,5,336,50518,1,1,0.9051559567451477,1
E1_uniform_global,0,5,367,50577,2,0,0.06299363076686859,0
E1_uniform_global,0,5,373,50606,1,1,0.9051955342292786,1
E1_uniform_global,0,5,383,50621,1,1,0.8977080583572388,1
E1_uniform_global,0,5,391,50642,1,1,0.7874118685722351,1
E1_uniform_global,0,5,433,50725,2,0,0.06410054117441177,0
E1_uniform_global,0,5,469,50786,2,0,0.06411672383546829,0
E1_uniform_global,0,5,471,50791,1,1,0.7277705669403076,1
E1_uniform_global,0,5,500,50962,1,1,0.32451388239860535,0
E1_uniform_global,0,5,504,50967,1,1,0.8999898433685303,1
E1_uniform_global,0,5,529,50995,1,1,0.9022024273872375,1
E1_uniform_global,0,5,533,51000,1,1,0.9057397842407227,1
E1_uniform_global,0,5,556,51026,1,1,0.9052081108093262,1
E1_uniform_global,0,5,560,51030,1,1,0.8952736854553223,1
E1_uniform_global,0,5,567,51039,2,0,0.06414911150932312,0
E1_uniform_global,0,5,570,51042,2,0,0.06396345794200897,0
E1_uniform_global,0,5,574,51047,2,0,0.06407566368579865,0
E1_uniform_global,0,5,597,51070,2,0,0.06908579170703888,0
E1_uniform_global,0,5,601,51075,2,0,0.07127024233341217,0
E1_uniform_global,0,5,621,51096,2,0,0.0670463815331459,0
E1_uniform_global,0,5,624,51099,2,0,0.0659484714269638,0
E1_uniform_global,0,5,625,51100,2,0,0.06446728110313416,0
E1_uniform_global,0,5,628,51103,2,0,0.06290355324745178,0
E1_uniform_global,0,5,643,51123,2,0,0.0636102557182312,0
E1_uniform_global,0,5,647,51128,2,0,0.06386920809745789,0
E1_uniform_global,0,5,650,51131,2,0,0.06749044358730316,0
E1_uniform_global,0,5,654,51135,2,0,0.06397467106580734,0
E1_uniform_global,0,5,656,51137,2,0,0.06609118729829788,0
E1_uniform_global,0,5,659,51140,2,0,0.06453853100538254,0
E1_uniform_global,0,5,671,51155,2,0,0.0641324445605278,0
E1_uniform_global,0,5,674,51161,1,1,0.8952693939208984,1
E1_uniform_global,0,5,680,51170,1,1,0.06889216601848602,0
E1_uniform_global,0,5,702,51204,1,1,0.8996461033821106,1
E1_uniform_global,0,5,733,51241,1,1,0.901060163974762,1
E1_uniform_global,0,5,734,51248,1,1,0.9054087996482849,1
E1_uniform_global,0,5,741,51255,2,0,0.06330029666423798,0
E1_uniform_global,0,5,748,51265,2,0,0.0629260390996933,0
E1_uniform_global,0,5,749,51266,2,0,0.8740326762199402,1
E1_uniform_global,0,5,757,51276,2,0,0.06292102485895157,0
E1_uniform_global,0,5,758,51277,2,0,0.06298983097076416,0
E1_uniform_global,0,5,761,51280,2,0,0.06318642199039459,0
E1_uniform_global,0,5,764,51292,1,1,0.9013511538505554,1
E1_uniform_global,0,5,768,51297,1,1,0.9054606556892395,1
E1_uniform_global,0,5,785,51319,1,1,0.904910147190094,1
E1_uniform_global,0,5,789,51323,1,1,0.9032092094421387,1
E1_uniform_global,0,5,796,51331,1,1,0.9025440812110901,1
E1_uniform_global,0,5,797,51332,2,0,0.06378178298473358,0
E1_uniform_global,0,5,804,51340,2,0,0.06456921994686127,0
E1_uniform_global,0,5,807,51343,2,0,0.06455158442258835,0
E1_uniform_global,0,5,808,51344,2,0,0.06656395643949509,0
E1_uniform_global,0,5,814,51351,1,1,0.2067537158727646,0
E1_uniform_global,0,5,829,51463,1,1,0.4338245987892151,0
E1_uniform_global,0,5,846,51559,2,0,0.06359483301639557,0
E1_uniform_global,0,5,864,51580,1,1,0.6128421425819397,1
E1_uniform_global,0,5,867,51584,1,1,0.9052141904830933,1
E1_uniform_global,0,5,870,51607,1,1,0.25458621978759766,0
E1_uniform_global,0,6,7,50011,1,1,0.8821447491645813,1
E1_uniform_global,0,6,12,50016,1,1,0.8855326175689697,1
E1_uniform_global,0,6,22,50031,2,0,0.06974927335977554,0
E1_uniform_global,0,6,25,50034,2,0,0.06929557770490646,0
E1_uniform_global,0,6,28,50037,2,0,0.07326100021600723,0
E1_uniform_global,0,6,30,50039,2,0,0.6538411378860474,1
E1_uniform_global,0,6,31,50040,2,0,0.07343053817749023,0
E1_uniform_global,0,6,38,50047,2,0,0.07317773252725601,0
E1_uniform_global,0,6,51,50103,2,0,0.16818037629127502,0
E1_uniform_global,0,6,60,50114,2,0,0.0700448751449585,0
E1_uniform_global,0,6,68,50124,1,1,0.8388832807540894,1
E1_uniform_global,0,6,71,50128,1,1,0.8865602016448975,1
E1_uniform_global,0,6,76,50134,1,1,0.8057875037193298,1
E1_uniform_global,0,6,102,50171,2,0,0.06929828226566315,0
E1_uniform_global,0,6,110,50190,1,1,0.8550844192504883,1
E1_uniform_global,0,6,129,50217,2,0,0.07163644582033157,0
E1_uniform_global,0,6,137,50241,1,1,0.8816540837287903,1
E1_uniform_global,0,6,150,50259,2,0,0.06929468363523483,0
E1_uniform_global,0,6,174,50290,1,1,0.8781173825263977,1
E1_uniform_global,0,6,176,50292,1,1,0.8853371143341064,1
E1_uniform_global,0,6,179,50295,1,1,0.8867299556732178,1
E1_uniform_global,0,6,188,50312,1,1,0.767799973487854,1
E1_uniform_global,0,6,194,50321,1,1,0.8824222087860107,1
E1_uniform_global,0,6,209,50340,2,0,0.07065626233816147,0
E1_uniform_global,0,6,212,50343,2,0,0.561643123626709,1
E1_uniform_global,0,6,213,50344,2,0,0.07067517936229706,0
E1_uniform_global,0,6,215,50346,2,0,0.07028384506702423,0
E1_uniform_global,0,6,225,50356,2,0,0.07289327681064606,0
E1_uniform_global,0,6,240,50372,2,0,0.07042165100574493,0
E1_uniform_global,0,6,247,50380,2,0,0.07217288017272949,0
E1_uniform_global,0,6,252,50386,2,0,0.07003485411405563,0
E1_uniform_global,0,6,253,50387,2,0,0.07119850814342499,0
E1_uniform_global,0,6,255,50390,2,0,0.07068362087011337,0
E1_uniform_global,0,6,268,50412,1,1,0.8851746320724487,1
E1_uniform_global,0,6,279,50425,2,0,0.07032172381877899,0
E1_uniform_global,0,6,281,50427,2,0,0.07029946148395538,0
E1_uniform_global,0,6,308,50480,1,1,0.8867231011390686,1
E1_uniform_global,0,6,309,50481,1,1,0.8866222500801086,1
E1_uniform_global,0,6,315,50488,1,1,0.8868116140365601,1
E1_uniform_global,0,6,332,50510,1,1,0.8861411213874817,1
E1_uniform_global,0,6,338,50520,1,1,0.8867967128753662,1
E1_uniform_global,0,6,342,50525,1,1,0.7618342638015747,1
E1_uniform_global,0,6,355,50561,2,0,0.06934219598770142,0
E1_uniform_global,0,6,358,50568,2,0,0.2042970508337021,0
E1_uniform_global,0,6,361,50571,2,0,0.40511927008628845,0
E1_uniform_global,0,6,369,50601,1,1,0.2227945476770401,0
E1_uniform_global,0,6,377,50613,1,1,0.8855712413787842,1
E1_uniform_global,0,6,389,50627,1,1,0.8826524019241333,1
E1_uniform_global,0,6,403,50683,2,0,0.06987401098012924,0
E1_uniform_global,0,6,409,50690,1,1,0.06928815692663193,0
E1_uniform_global,0,6,413,50694,1,1,0.8745598196983337,1
E1_uniform_global,0,6,415,50696,1,1,0.8866732120513916,1
E1_uniform_global,0,6,419,50700,1,1,0.886539101600647,1
E1_uniform_global,0,6,422,50703,2,0,0.06928437203168869,0
E1_uniform_global,0,6,437,50731,2,0,0.07072602212429047,0
E1_uniform_global,0,6,438,50733,2,0,0.06935504078865051,0
E1_uniform_global,0,6,443,50740,2,0,0.06934786587953568,0
E1_uniform_global,0,6,447,50744,1,1,0.44228294491767883,0
E1_uniform_global,0,6,449,50748,1,1,0.784969687461853,1
E1_uniform_global,0,6,470,50790,2,0,0.07019086927175522,0
E1_uniform_global,0,6,488,50822,2,0,0.06974334269762039,0
E1_uniform_global,0,6,492,50954,1,1,0.06933039426803589,0
E1_uniform_global,0,6,495,50957,1,1,0.7380596995353699,1
E1_uniform_global,0,6,505,50968,1,1,0.8836641907691956,1
E1_uniform_global,0,6,517,50983,1,1,0.8791430592536926,1
E1_uniform_global,0,6,523,50989,1,1,0.8856160640716553,1
E1_uniform_global,0,6,547,51016,1,1,0.8817359209060669,1
E1_uniform_global,0,6,552,51021,1,1,0.8785542249679565,1
E1_uniform_global,0,6,580,51053,2,0,0.07455649971961975,0
E1_uniform_global,0,6,581,51054,2,0,0.07164910435676575,0
E1_uniform_global,0,6,582,51055,2,0,0.07068734616041183,0
E1_uniform_global,0,6,600,51074,2,0,0.06971923261880875,0
E1_uniform_global,0,6,615,51089,2,0,0.07409971952438354,0
E1_uniform_global,0,6,634,51110,2,0,0.07294847071170807,0
E1_uniform_global,0,6,663,51147,2,0,0.06974036246538162,0
E1_uniform_global,0,6,684,51178,1,1,0.8851543664932251,1
E1_uniform_global,0,6,699,51201,1,1,0.625612735748291,1
E1_uniform_global,0,6,708,51211,1,1,0.09454311430454254,0
E1_uniform_global,0,6,740,51254,2,0,0.06929638236761093,0
E1_uniform_global,0,6,752,51269,2,0,0.06974036246538162,0
E1_uniform_global,0,6,760,51279,2,0,0.07577057927846909,0
E1_uniform_global,0,6,811,51347,2,0,0.0693385899066925,0
E1_uniform_global,0,6,821,51362,2,0,0.07162220776081085,0
E1_uniform_global,0,6,833,51477,2,0,0.06933493912220001,0
E1_uniform_global,0,6,843,51556,2,0,0.07260209321975708,0
E1_uniform_global,0,6,859,51574,1,1,0.8834747672080994,1
E1_uniform_global,0,6,861,51577,1,1,0.8468472361564636,1
E1_uniform_global,0,7,16,50024,1,1,0.9028794765472412,1
E1_uniform_global,0,7,26,50035,2,0,0.20381781458854675,0
E1_uniform_global,0,7,40,50049,2,0,0.13358721137046814,0
E1_uniform_global,0,7,54,50106,2,0,0.8582249283790588,1
E1_uniform_global,0,7,80,50144,1,1,0.8990139365196228,1
E1_uniform_global,0,7,82,50146,1,1,0.1284797638654709,0
E1_uniform_global,0,7,90,50157,2,0,0.47430774569511414,0
E1_uniform_global,0,7,91,50158,2,0,0.12927988171577454,0
E1_uniform_global,0,7,95,50162,2,0,0.2952790856361389,0
E1_uniform_global,0,7,104,50183,1,1,0.901696503162384,1
E1_uniform_global,0,7,153,50262,2,0,0.2401302605867386,0
E1_uniform_global,0,7,156,50265,2,0,0.20249614119529724,0
E1_uniform_global,0,7,165,50274,1,1,0.9014960527420044,1
E1_uniform_global,0,7,166,50275,1,1,0.8999213576316833,1
E1_uniform_global,0,7,169,50282,1,1,0.8658448457717896,1
E1_uniform_global,0,7,178,50294,1,1,0.9030361175537109,1
E1_uniform_global,0,7,189,50314,1,1,0.9008176922798157,1
E1_uniform_global,0,7,190,50315,1,1,0.9030986428260803,1
E1_uniform_global,0,7,191,50318,1,1,0.46377068758010864,0
E1_uniform_global,0,7,208,50339,2,0,0.12935812771320343,0
E1_uniform_global,0,7,214,50345,2,0,0.23471447825431824,0
E1_uniform_global,0,7,224,50355,2,0,0.17953385412693024,0
E1_uniform_global,0,7,233,50364,2,0,0.37597402930259705,0
E1_uniform_global,0,7,245,50377,2,0,0.12840716540813446,0
E1_uniform_global,0,7,246,50379,2,0,0.1370442658662796,0
E1_uniform_global,0,7,251,50385,2,0,0.8892757892608643,1
E1_uniform_global,0,7,261,50404,1,1,0.9028953909873962,1
E1_uniform_global,0,7,276,50421,2,0,0.1284559667110443,0
E1_uniform_global,0,7,285,50435,2,0,0.14002443850040436,0
E1_uniform_global,0,7,289,50439,2,0,0.19638794660568237,0
E1_uniform_global,0,7,296,50446,2,0,0.19171364605426788,0
E1_uniform_global,0,7,298,50448,2,0,0.6354318857192993,1
E1_uniform_global,0,7,304,50468,2,0,0.20625312626361847,0
E1_uniform_global,0,7,314,50487,1,1,0.9012605547904968,1
E1_uniform_global,0,7,325,50500,1,1,0.9010089635848999,1
E1_uniform_global,0,7,350,50551,2,0,0.13328489661216736,0
E1_uniform_global,0,7,398,50659,2,0,0.5460464358329773,1
E1_uniform_global,0,7,420,50701,2,0,0.1744929850101471,0
E1_uniform_global,0,7,423,50704,1,1,0.6159488558769226,1
E1_uniform_global,0,7,424,50705,1,1,0.7845677137374878,1
E1_uniform_global,0,7,428,50709,2,0,0.2037014216184616,0
E1_uniform_global,0,7,452,50751,1,1,0.8111383318901062,1
E1_uniform_global,0,7,459,50773,2,0,0.13007555902004242,0
E1_uniform_global,0,7,474,50797,1,1,0.8675756454467773,1
E1_uniform_global,0,7,479,50803,1,1,0.8823553919792175,1
E1_uniform_global,0,7,480,50807,1,1,0.9028742909431458,1
E1_uniform_global,0,7,484,50817,2,0,0.13186879456043243,0
E1_uniform_global,0,7,485,50818,2,0,0.13423562049865723,0
E1_uniform_global,0,7,487,50821,2,0,0.12842819094657898,0
E1_uniform_global,0,7,494,50956,1,1,0.8950200080871582,1
E1_uniform_global,0,7,512,50977,1,1,0.9030235409736633,1
E1_uniform_global,0,7,515,50981,1,1,0.8852126598358154,1
E1_uniform_global,0,7,518,50984,1,1,0.8940880298614502,1
E1_uniform_global,0,7,520,50986,1,1,0.7041380405426025,1
E1_uniform_global,0,7,526,50992,1,1,0.8998001217842102,1
E1_uniform_global,0,7,536,51003,1,1,0.9031014442443848,1
E1_uniform_global,0,7,540,51009,1,1,0.8987719416618347,1
E1_uniform_global,0,7,545,51014,1,1,0.9007319211959839,1
E1_uniform_global,0,7,578,51051,2,0,0.13786548376083374,0
E1_uniform_global,0,7,590,51063,2,0,0.12830513715744019,0
E1_uniform_global,0,7,603,51077,2,0,0.6397151350975037,1
E1_uniform_global,0,7,617,51091,2,0,0.12830011546611786,0
E1_uniform_global,0,7,630,51105,2,0,0.12946848571300507,0
E1_uniform_global,0,7,641,51118,2,0,0.623634397983551,1
E1_uniform_global,0,7,644,51124,2,0,0.1292940229177475,0
E1_uniform_global,0,7,666,51150,2,0,0.13054808974266052,0
E1_uniform_global,0,7,667,51151,2,0,0.14225107431411743,0
E1_uniform_global,0,7,672,51156,2,0,0.12931551039218903,0
E1_uniform_global,0,7,675,51162,1,1,0.9012544751167297,1
E1_uniform_global,0,7,685,51179,1,1,0.9030420780181885,1
E1_uniform_global,0,7,706,51208,1,1,0.8016145825386047,1
E1_uniform_global,0,7,715,51219,1,1,0.8973689079284668,1
E1_uniform_global,0,7,720,51224,1,1,0.812040388584137,1
E1_uniform_global,0,7,725,51230,1,1,0.9028959274291992,1
E1_uniform_global,0,7,746,51262,2,0,0.1870838850736618,0
E1_uniform_global,0,7,763,51291,1,1,0.8957705497741699,1
E1_uniform_global,0,7,775,51304,2,0,0.20465117692947388,0
E1_uniform_global,0,7,781,51311,2,0,0.13048429787158966,0
E1_uniform_global,0,7,790,51325,1,1,0.9029890298843384,1
E1_uniform_global,0,7,792,51327,1,1,0.9015060067176819,1
E1_uniform_global,0,7,799,51334,2,0,0.14516407251358032,0
E1_uniform_global,0,7,803,51339,2,0,0.1285986751317978,0
E1_uniform_global,0,7,837,51482,2,0,0.13102704286575317,0
E1_uniform_global,0,7,838,51484,2,0,0.42704129219055176,0
E1_uniform_global,0,7,841,51491,2,0,0.13113076984882355,0
E1_uniform_global,0,7,860,51576,1,1,0.7272316217422485,1
E1_uniform_global,0,7,865,51582,1,1,0.9030684232711792,1
E1_uniform_global,0,8,5,50008,1,1,0.8992179036140442,1
E1_uniform_global,0,8,9,50013,1,1,0.8916336297988892,1
E1_uniform_global,0,8,23,50032,2,0,0.10183846950531006,0
E1_uniform_global,0,8,24,50033,2,0,0.09985430538654327,0
E1_uniform_global,0,8,73,50130,1,1,0.8991760015487671,1
E1_uniform_global,0,8,75,50132,1,1,0.9000824093818665,1
E1_uniform_global,0,8,85,50149,1,1,0.8988352417945862,1
E1_uniform_global,0,8,105,50184,1,1,0.900141716003418,1
E1_uniform_global,0,8,120,50203,2,0,0.10109603404998779,0
E1_uniform_global,0,8,124,50208,2,0,0.13672587275505066,0
E1_uniform_global,0,8,134,50237,1,1,0.9001222252845764,1
E1_uniform_global,0,8,138,50243,1,1,0.9000303149223328,1
E1_uniform_global,0,8,139,50245,1,1,0.9000759720802307,1
E1_uniform_global,0,8,155,50264,2,0,0.09934573620557785,0
E1_uniform_global,0,8,173,50289,1,1,0.39296257495880127,0
E1_uniform_global,0,8,201,50332,2,0,0.09936724603176117,0
E1_uniform_global,0,8,216,50347,2,0,0.10020294785499573,0
E1_uniform_global,0,8,228,50359,2,0,0.13744083046913147,0
E1_uniform_global,0,8,229,50360,2,0,0.09934945404529572,0
E1_uniform_global,0,8,235,50366,2,0,0.12241928279399872,0
E1_uniform_global,0,8,239,50370,2,0,0.14194051921367645,0
E1_uniform_global,0,8,269,50413,1,1,0.8985024690628052,1
E1_uniform_global,0,8,272,50416,2,0,0.10035908222198486,0
E1_uniform_global,0,8,273,50417,2,0,0.10197927057743073,0
E1_uniform_global,0,8,290,50440,2,0,0.438264936208725,0
E1_uniform_global,0,8,291,50441,2,0,0.10192237049341202,0
E1_uniform_global,0,8,299,50449,2,0,0.10100426524877548,0
E1_uniform_global,0,8,313,50486,1,1,0.9003254771232605,1
E1_uniform_global,0,8,324,50499,1,1,0.8986366987228394,1
E1_uniform_global,0,8,330,50507,1,1,0.817848265171051,1
E1_uniform_global,0,8,343,50526,1,1,0.8786895871162415,1
E1_uniform_global,0,8,344,50527,1,1,0.8991958498954773,1
E1_uniform_global,0,8,362,50572,2,0,0.09942243248224258,0
E1_uniform_global,0,8,380,50616,1,1,0.8982067704200745,1
E1_uniform_global,0,8,388,50626,1,1,0.8999817967414856,1
E1_uniform_global,0,8,400,50665,2,0,0.530008852481842,1
E1_uniform_global,0,8,402,50682,2,0,0.105487160384655,0
E1_uniform_global,0,8,404,50685,2,0,0.247187077999115,0
E1_uniform_global,0,8,421,50702,1,1,0.8899462223052979,1
E1_uniform_global,0,8,427,50708,1,1,0.900336503982544,1
E1_uniform_global,0,8,431,50723,2,0,0.09977206587791443,0
E1_uniform_global,0,8,463,50777,2,0,0.12652620673179626,0
E1_uniform_global,0,8,472,50792,1,1,0.8988519906997681,1
E1_uniform_global,0,8,473,50796,1,1,0.8974248766899109,1
E1_uniform_global,0,8,477,50800,1,1,0.9000057578086853,1
E1_uniform_global,0,8,486,50820,2,0,0.10421162843704224,0
E1_uniform_global,0,8,519,50985,1,1,0.8962081074714661,1
E1_uniform_global,0,8,521,50987,1,1,0.8988185524940491,1
E1_uniform_global,0,8,524,50990,1,1,0.8988985419273376,1
E1_uniform_global,0,8,530,50996,1,1,0.8986780643463135,1
E1_uniform_global,0,8,538,51007,1,1,0.8988871574401855,1
E1_uniform_global,0,8,548,51017,1,1,0.8806509375572205,1
E1_uniform_global,0,8,549,51018,1,1,0.900002658367157,1
E1_uniform_global,0,8,554,51024,1,1,0.9001654982566833,1
E1_uniform_global,0,8,563,51034,1,1,0.900360643863678,1
E1_uniform_global,0,8,565,51036,2,0,0.10294540226459503,0
E1_uniform_global,0,8,573,51046,2,0,0.24268420040607452,0
E1_uniform_global,0,8,593,51066,2,0,0.10554713755846024,0
E1_uniform_global,0,8,608,51082,2,0,0.11122502386569977,0
E1_uniform_global,0,8,613,51087,2,0,0.09957420825958252,0
E1_uniform_global,0,8,618,51093,2,0,0.09968406707048416,0
E1_uniform_global,0,8,620,51095,2,0,0.4551871418952942,0
E1_uniform_global,0,8,635,51111,2,0,0.09943196177482605,0
E1_uniform_global,0,8,652,51133,2,0,0.8690593242645264,1
E1_uniform_global,0,8,653,51134,2,0,0.09977970272302628,0
E1_uniform_global,0,8,668,51152,2,0,0.09967596083879471,0
E1_uniform_global,0,8,682,51173,1,1,0.9003304243087769,1
E1_uniform_global,0,8,687,51181,2,0,0.1578732132911682,0
E1_uniform_global,0,8,717,51221,1,1,0.8973780870437622,1
E1_uniform_global,0,8,719,51223,1,1,0.9000744819641113,1
E1_uniform_global,0,8,731,51239,1,1,0.8973921537399292,1
E1_uniform_global,0,8,743,51257,2,0,0.8875687122344971,1
E1_uniform_global,0,8,751,51268,2,0,0.09941171854734421,0
E1_uniform_global,0,8,759,51278,2,0,0.2434629201889038,0
E1_uniform_global,0,8,770,51299,1,1,0.8999771475791931,1
E1_uniform_global,0,8,773,51302,1,1,0.8916544914245605,1
E1_uniform_global,0,8,782,51313,2,0,0.10513900965452194,0
E1_uniform_global,0,8,809,51345,2,0,0.14010818302631378,0
E1_uniform_global,0,8,810,51346,2,0,0.10405171662569046,0
E1_uniform_global,0,8,816,51356,2,0,0.8345539569854736,1
E1_uniform_global,0,8,826,51370,2,0,0.10189921408891678,0
E1_uniform_global,0,8,827,51373,2,0,0.09955165535211563,0
E1_uniform_global,0,8,830,51464,1,1,0.8999314904212952,1
E1_uniform_global,0,8,844,51557,2,0,0.10198204219341278,0
E1_uniform_global,0,8,849,51563,2,0,0.09971465915441513,0
E1_uniform_global,0,8,855,51569,2,0,0.1279892772436142,0
E1_uniform_global,0,8,858,51573,1,1,0.7191073894500732,1
E1_uniform_global,0,9,1,50004,1,1,0.887999415397644,1
E1_uniform_global,0,9,15,50023,1,1,0.888046383857727,1
E1_uniform_global,0,9,39,50048,2,0,0.8743473887443542,1
E1_uniform_global,0,9,47,50057,1,1,0.05969352275133133,0
E1_uniform_global,0,9,48,50059,2,0,0.09991029649972916,0
E1_uniform_global,0,9,62,50116,2,0,0.30943673849105835,0
E1_uniform_global,0,9,89,50156,1,1,0.8878593444824219,1
E1_uniform_global,0,9,101,50170,2,0,0.10913783311843872,0
E1_uniform_global,0,9,107,50187,1,1,0.06042691320180893,0
E1_uniform_global,0,9,121,50204,2,0,0.057913944125175476,0
E1_uniform_global,0,9,127,50214,2,0,0.05955345928668976,0
E1_uniform_global,0,9,168,50278,1,1,0.8880494236946106,1
E1_uniform_global,0,9,193,50320,1,1,0.8852415084838867,1
E1_uniform_global,0,9,196,50325,1,1,0.05746998265385628,0
E1_uniform_global,0,9,254,50388,2,0,0.0588560476899147,0
E1_uniform_global,0,9,259,50402,1,1,0.058036450296640396,0
E1_uniform_global,0,9,260,50403,1,1,0.05718837305903435,0
E1_uniform_global,0,9,265,50408,1,1,0.06625427305698395,0
E1_uniform_global,0,9,295,50445,2,0,0.05726291984319687,0
E1_uniform_global,0,9,300,50453,2,0,0.4880751967430115,0
E1_uniform_global,0,9,301,50463,2,0,0.05748164281249046,0
E1_uniform_global,0,9,311,50483,1,1,0.5389848947525024,1
E1_uniform_global,0,9,312,50485,1,1,0.05861195549368858,0
E1_uniform_global,0,9,322,50497,1,1,0.8782153129577637,1
E1_uniform_global,0,9,331,50509,1,1,0.8884108662605286,1
E1_uniform_global,0,9,365,50575,2,0,0.2463015913963318,0
E1_uniform_global,0,9,366,50576,2,0,0.06196894124150276,0
E1_uniform_global,0,9,375,50608,1,1,0.3434223532676697,0
E1_uniform_global,0,9,392,50644,1,1,0.8883779048919678,1
E1_uniform_global,0,9,393,50647,1,1,0.8846560120582581,1
E1_uniform_global,0,9,395,50649,1,1,0.05719131603837013,0
E1_uniform_global,0,9,396,50654,1,1,0.2105029821395874,0
E1_uniform_global,0,9,401,50669,2,0,0.8824072480201721,1
E1_uniform_global,0,9,418,50699,2,0,0.6468949317932129,1
E1_uniform_global,0,9,440,50737,2,0,0.05712267756462097,0
E1_uniform_global,0,9,442,50739,2,0,0.09734833240509033,0
E1_uniform_global,0,9,448,50745,1,1,0.8869441747665405,1
E1_uniform_global,0,9,454,50754,1,1,0.8884168863296509,1
E1_uniform_global,0,9,458,50772,2,0,0.8849188685417175,1
E1_uniform_global,0,9,464,50778,2,0,0.4184328317642212,0
E1_uniform_global,0,9,483,50816,2,0,0.05930568277835846,0
E1_uniform_global,0,9,491,50952,1,1,0.8882353901863098,1
E1_uniform_global,0,9,503,50966,1,1,0.8288957476615906,1
E1_uniform_global,0,9,532,50999,1,1,0.8873207569122314,1
E1_uniform_global,0,9,550,51019,1,1,0.8873506188392639,1
E1_uniform_global,0,9,561,51032,1,1,0.8734026551246643,1
E1_uniform_global,0,9,569,51041,2,0,0.05986108258366585,0
E1_uniform_global,0,9,571,51044,2,0,0.06151013821363449,0
E1_uniform_global,0,9,575,51048,2,0,0.07894658297300339,0
E1_uniform_global,0,9,588,51061,2,0,0.06043308228254318,0
E1_uniform_global,0,9,591,51064,2,0,0.5888688564300537,1
E1_uniform_global,0,9,594,51067,2,0,0.06458135694265366,0
E1_uniform_global,0,9,598,51072,2,0,0.5750499963760376,1
E1_uniform_global,0,9,602,51076,2,0,0.06385539472103119,0
E1_uniform_global,0,9,604,51078,2,0,0.06148646026849747,0
E1_uniform_global,0,9,611,51085,2,0,0.8883996605873108,1
E1_uniform_global,0,9,614,51088,2,0,0.061115480959415436,0
E1_uniform_global,0,9,627,51102,2,0,0.057231489568948746,0
E1_uniform_global,0,9,637,51113,2,0,0.05763587728142738,0
E1_uniform_global,0,9,638,51114,2,0,0.07602208107709885,0
E1_uniform_global,0,9,649,51130,2,0,0.7702791094779968,1
E1_uniform_global,0,9,660,51141,2,0,0.28170785307884216,0
E1_uniform_global,0,9,679,51169,1,1,0.7265771627426147,1
E1_uniform_global,0,9,689,51183,2,0,0.06664709746837616,0
E1_uniform_global,0,9,704,51206,1,1,0.5179034471511841,1
E1_uniform_global,0,9,707,51210,1,1,0.8754289746284485,1
E1_uniform_global,0,9,711,51215,1,1,0.05844317004084587,0
E1_uniform_global,0,9,721,51225,1,1,0.37045231461524963,0
E1_uniform_global,0,9,726,51231,1,1,0.08366367965936661,0
E1_uniform_global,0,9,729,51236,1,1,0.36602872610092163,0
E1_uniform_global,0,9,744,51260,2,0,0.061752546578645706,0
E1_uniform_global,0,9,750,51267,2,0,0.05803849920630455,0
E1_uniform_global,0,9,777,51306,2,0,0.43952062726020813,0
E1_uniform_global,0,9,787,51321,1,1,0.8789352178573608,1
E1_uniform_global,0,9,788,51322,1,1,0.5708350539207458,1
E1_uniform_global,0,9,794,51329,1,1,0.057253096252679825,0
E1_uniform_global,0,9,802,51338,2,0,0.2323792278766632,0
E1_uniform_global,0,9,805,51341,2,0,0.10028191655874252,0
E1_uniform_global,0,9,812,51349,1,1,0.059684429317712784,0
E1_uniform_global,0,9,818,51359,2,0,0.8855385780334473,1
E1_uniform_global,0,9,822,51363,2,0,0.05802871659398079,0
E1_uniform_global,0,9,823,51364,2,0,0.2448502629995346,0
E1_uniform_global,0,9,847,51560,2,0,0.058865759521722794,0
E1_uniform_global,0,9,848,51562,2,0,0.05916452780365944,0
E1_uniform_global,0,9,850,51564,2,0,0.057123780250549316,0
E1_uniform_global,0,9,863,51579,1,1,0.06442473828792572,0
E1_uniform_global,0,9,866,51583,1,1,0.8868774175643921,1
E1_uniform_global,0,10,11,50015,1,1,0.8859881162643433,1
E1_uniform_global,0,10,41,50050,2,0,0.10240530967712402,0
E1_uniform_global,0,10,44,50053,1,1,0.7265774011611938,1
E1_uniform_global,0,10,52,50104,2,0,0.10659626126289368,0
E1_uniform_global,0,10,59,50113,2,0,0.1073259562253952,0
E1_uniform_global,0,10,65,50119,1,1,0.10342761874198914,0
E1_uniform_global,0,10,92,50159,2,0,0.8898216485977173,1
E1_uniform_global,0,10,93,50160,2,0,0.10279746353626251,0
E1_uniform_global,0,10,94,50161,2,0,0.7849034070968628,1
E1_uniform_global,0,10,108,50188,1,1,0.10621273517608643,0
E1_uniform_global,0,10,115,50198,2,0,0.10295708477497101,0
E1_uniform_global,0,10,117,50200,2,0,0.10615086555480957,0
E1_uniform_global,0,10,118,50201,2,0,0.10371178388595581,0
E1_uniform_global,0,10,140,50247,1,1,0.8849010467529297,1
E1_uniform_global,0,10,149,50257,2,0,0.10590578615665436,0
E1_uniform_global,0,10,177,50293,1,1,0.8879052996635437,1
E1_uniform_global,0,10,180,50297,1,1,0.23830382525920868,0
E1_uniform_global,0,10,182,50300,1,1,0.10475290566682816,0
E1_uniform_global,0,10,185,50304,1,1,0.8350051641464233,1
E1_uniform_global,0,10,186,50308,1,1,0.7954441905021667,1
E1_uniform_global,0,10,195,50324,1,1,0.8819592595100403,1
E1_uniform_global,0,10,199,50330,2,0,0.10379284620285034,0
E1_uniform_global,0,10,203,50334,2,0,0.18508577346801758,0
E1_uniform_global,0,10,206,50337,2,0,0.10260145366191864,0
E1_uniform_global,0,10,219,50350,2,0,0.10656172782182693,0
E1_uniform_global,0,10,237,50368,2,0,0.10379759967327118,0
E1_uniform_global,0,10,238,50369,2,0,0.10748959332704544,0
E1_uniform_global,0,10,242,50374,2,0,0.10250255465507507,0
E1_uniform_global,0,10,248,50381,2,0,0.10316991060972214,0
E1_uniform_global,0,10,256,50391,2,0,0.10397282987833023,0
E1_uniform_global,0,10,274,50418,2,0,0.10247816890478134,0
E1_uniform_global,0,10,293,50443,2,0,0.3225308060646057,0
E1_uniform_global,0,10,317,50491,1,1,0.8903065323829651,1
E1_uniform_global,0,10,320,50494,1,1,0.48267853260040283,0
E1_uniform_global,0,10,334,50515,1,1,0.8893773555755615,1
E1_uniform_global,0,10,340,50523,1,1,0.8901363611221313,1
E1_uniform_global,0,10,347,50530,1,1,0.8844812512397766,1
E1_uniform_global,0,10,354,50558,2,0,0.10666833817958832,0
E1_uniform_global,0,10,356,50563,2,0,0.10586622357368469,0
E1_uniform_global,0,10,359,50569,2,0,0.11162502318620682,0
E1_uniform_global,0,10,374,50607,1,1,0.10344096273183823,0
E1_uniform_global,0,10,376,50612,1,1,0.10586496442556381,0
E1_uniform_global,0,10,378,50614,1,1,0.8819853067398071,1
E1_uniform_global,0,10,382,50620,1,1,0.10468863695859909,0
E1_uniform_global,0,10,384,50622,1,1,0.7651081681251526,1
E1_uniform_global,0,10,387,50625,1,1,0.10569339245557785,0
E1_uniform_global,0,10,406,50687,2,0,0.6663486361503601,1
E1_uniform_global,0,10,414,50695,1,1,0.12046917527914047,0
E1_uniform_global,0,10,429,50711,1,1,0.10320993512868881,0
E1_uniform_global,0,10,432,50724,2,0,0.10244987905025482,0
E1_uniform_global,0,10,466,50781,2,0,0.5668268799781799,1
E1_uniform_global,0,10,468,50783,2,0,0.1023823618888855,0
E1_uniform_global,0,10,482,50814,2,0,0.10278782993555069,0
E1_uniform_global,0,10,493,50955,1,1,0.10249180346727371,0
E1_uniform_global,0,10,501,50964,1,1,0.15437857806682587,0
E1_uniform_global,0,10,506,50969,1,1,0.8901908993721008,1
E1_uniform_global,0,10,531,50997,1,1,0.8897075057029724,1
E1_uniform_global,0,10,534,51001,1,1,0.8893980383872986,1
E1_uniform_global,0,10,542,51011,1,1,0.8867017030715942,1
E1_uniform_global,0,10,564,51035,1,1,0.8048166632652283,1
E1_uniform_global,0,10,583,51056,2,0,0.1050524115562439,0
E1_uniform_global,0,10,587,51060,2,0,0.1948150247335434,0
E1_uniform_global,0,10,595,51068,2,0,0.728534460067749,1
E1_uniform_global,0,10,609,51083,2,0,0.8894943594932556,1
E1_uniform_global,0,10,610,51084,2,0,0.8870856761932373,1
E1_uniform_global,0,10,623,51098,2,0,0.10826034843921661,0
E1_uniform_global,0,10,639,51116,2,0,0.10843564569950104,0
E1_uniform_global,0,10,673,51159,2,0,0.8886722922325134,1
E1_uniform_global,0,10,677,51164,1,1,0.8903161883354187,1
E1_uniform_global,0,10,694,51189,2,0,0.10240250080823898,0
E1_uniform_global,0,10,705,51207,1,1,0.8871241807937622,1
E1_uniform_global,0,10,712,51216,1,1,0.102515310049057,0
E1_uniform_global,0,10,724,51229,1,1,0.8867592811584473,1
E1_uniform_global,0,10,736,51250,2,0,0.10302024334669113,0
E1_uniform_global,0,10,738,51252,2,0,0.8903641104698181,1
E1_uniform_global,0,10,769,51298,1,1,0.8902572393417358,1
E1_uniform_global,0,10,771,51300,1,1,0.8891742825508118,1
E1_uniform_global,0,10,774,51303,2,0,0.12515796720981598,0
E1_uniform_global,0,10,778,51307,2,0,0.8902918100357056,1
E1_uniform_global,0,10,783,51315,2,0,0.5520673394203186,1
E1_uniform_global,0,10,784,51318,1,1,0.7071141600608826,1
E1_uniform_global,0,10,801,51336,2,0,0.1025262400507927,0
E1_uniform_global,0,10,813,51350,1,1,0.8830757141113281,1
E1_uniform_global,0,10,815,51354,1,1,0.8430745005607605,1
E1_uniform_global,0,10,817,51357,2,0,0.10614003241062164,0
E1_uniform_global,0,10,835,51480,2,0,0.10470496118068695,0
E1_uniform_global,0,10,856,51570,2,0,0.11844523251056671,0
E1_uniform_global,1,1,8,50012,1,1,0.9162959456443787,1
E1_uniform_global,1,1,17,50025,1,1,0.9051483273506165,1
E1_uniform_global,1,1,26,50035,2,0,0.057613153010606766,0
E1_uniform_global,1,1,30,50039,2,0,0.6279342770576477,1
E1_uniform_global,1,1,31,50040,2,0,0.062088388949632645,0
E1_uniform_global,1,1,33,50042,2,0,0.05759251117706299,0
E1_uniform_global,1,1,40,50049,2,0,0.05765075981616974,0
E1_uniform_global,1,1,64,50118,1,1,0.9127587676048279,1
E1_uniform_global,1,1,71,50128,1,1,0.9172448515892029,1
E1_uniform_global,1,1,74,50131,1,1,0.8920769691467285,1
E1_uniform_global,1,1,90,50157,2,0,0.05771389603614807,0
E1_uniform_global,1,1,109,50189,1,1,0.9170703887939453,1
E1_uniform_global,1,1,115,50198,2,0,0.09501976519823074,0
E1_uniform_global,1,1,119,50202,2,0,0.05903852730989456,0
E1_uniform_global,1,1,148,50255,1,1,0.9166948795318604,1
E1_uniform_global,1,1,170,50284,1,1,0.1641451120376587,0
E1_uniform_global,1,1,172,50287,1,1,0.48646777868270874,0
E1_uniform_global,1,1,192,50319,1,1,0.9166795611381531,1
E1_uniform_global,1,1,204,50335,2,0,0.05775274336338043,0
E1_uniform_global,1,1,221,50352,2,0,0.07218469679355621,0
E1_uniform_global,1,1,230,50361,2,0,0.057825297117233276,0
E1_uniform_global,1,1,241,50373,2,0,0.057906102389097214,0
E1_uniform_global,1,1,269,50413,1,1,0.9139963984489441,1
E1_uniform_global,1,1,273,50417,2,0,0.06025461107492447,0
E1_uniform_global,1,1,283,50433,2,0,0.05783660337328911,0
E1_uniform_global,1,1,288,50438,2,0,0.06133664771914482,0
E1_uniform_global,1,1,289,50439,2,0,0.05764952301979065,0
E1_uniform_global,1,1,303,50467,2,0,0.06335188448429108,0
E1_uniform_global,1,1,313,50486,1,1,0.9169389009475708,1
E1_uniform_global,1,1,326,50501,1,1,0.9133508205413818,1
E1_uniform_global,1,1,333,50514,1,1,0.7764996886253357,1
E1_uniform_global,1,1,335,50516,1,1,0.9107028841972351,1
E1_uniform_global,1,1,337,50519,1,1,0.9133792519569397,1
E1_uniform_global,1,1,343,50526,1,1,0.5418919920921326,1
E1_uniform_global,1,1,383,50621,1,1,0.9144505858421326,1
E1_uniform_global,1,1,390,50628,1,1,0.913795530796051,1
E1_uniform_global,1,1,410,50691,2,0,0.05939837172627449,0
E1_uniform_global,1,1,416,50697,1,1,0.9140125513076782,1
E1_uniform_global,1,1,422,50703,2,0,0.057685986161231995,0
E1_uniform_global,1,1,425,50706,2,0,0.057940032333135605,0
E1_uniform_global,1,1,429,50711,1,1,0.0880526527762413,0
E1_uniform_global,1,1,431,50723,2,0,0.060978155583143234,0
E1_uniform_global,1,1,435,50728,2,0,0.05766229331493378,0
E1_uniform_global,1,1,441,50738,2,0,0.06513692438602448,0
E1_uniform_global,1,1,446,50743,1,1,0.9170256853103638,1
E1_uniform_global,1,1,449,50748,1,1,0.9156356453895569,1
E1_uniform_global,1,1,455,50755,1,1,0.9128767848014832,1
E1_uniform_global,1,1,457,50757,1,1,0.06334676593542099,0
E1_uniform_global,1,1,501,50964,1,1,0.9147525429725647,1
E1_uniform_global,1,1,502,50965,1,1,0.9160656332969666,1
E1_uniform_global,1,1,511,50976,1,1,0.9169006943702698,1
E1_uniform_global,1,1,553,51023,1,1,0.9111472368240356,1
E1_uniform_global,1,1,560,51030,1,1,0.9136187434196472,1
E1_uniform_global,1,1,562,51033,1,1,0.9152915477752686,1
E1_uniform_global,1,1,566,51038,2,0,0.06171694025397301,0
E1_uniform_global,1,1,584,51057,2,0,0.06455596536397934,0
E1_uniform_global,1,1,597,51070,2,0,0.05781909450888634,0
E1_uniform_global,1,1,599,51073,2,0,0.06155884638428688,0
E1_uniform_global,1,1,610,51084,2,0,0.8727795481681824,1
E1_uniform_global,1,1,615,51089,2,0,0.06138109043240547,0
E1_uniform_global,1,1,630,51105,2,0,0.0619460754096508,0
E1_uniform_global,1,1,633,51109,2,0,0.06327979266643524,0
E1_uniform_global,1,1,636,51112,2,0,0.06374400854110718,0
E1_uniform_global,1,1,654,51135,2,0,0.05781719088554382,0
E1_uniform_global,1,1,680,51170,1,1,0.5900130271911621,1
E1_uniform_global,1,1,686,51180,2,0,0.16749006509780884,0
E1_uniform_global,1,1,691,51185,2,0,0.3840550482273102,0
E1_uniform_global,1,1,696,51194,2,0,0.5334418416023254,1
E1_uniform_global,1,1,697,51197,2,0,0.08283223956823349,0
E1_uniform_global,1,1,726,51231,1,1,0.058244142681360245,0
E1_uniform_global,1,1,729,51236,1,1,0.14166949689388275,0
E1_uniform_global,1,1,734,51248,1,1,0.9140751361846924,1
E1_uniform_global,1,1,744,51260,2,0,0.0576806366443634,0
E1_uniform_global,1,1,753,51271,2,0,0.05987809970974922,0
E1_uniform_global,1,1,754,51272,2,0,0.09525452554225922,0
E1_uniform_global,1,1,755,51273,2,0,0.4339292049407959,0
E1_uniform_global,1,1,757,51276,2,0,0.05851534754037857,0
E1_uniform_global,1,1,765,51293,1,1,0.9140577912330627,1
E1_uniform_global,1,1,769,51298,1,1,0.9127963781356812,1
E1_uniform_global,1,1,787,51321,1,1,0.05768381431698799,0
E1_uniform_global,1,1,789,51323,1,1,0.9131351113319397,1
E1_uniform_global,1,1,792,51327,1,1,0.8434849381446838,1
E1_uniform_global,1,1,804,51340,2,0,0.061539389193058014,0
E1_uniform_global,1,1,836,51481,2,0,0.057722292840480804,0
E1_uniform_global,1,1,841,51491,2,0,0.057990435510873795,0
E1_uniform_global,1,1,842,51493,2,0,0.058908749371767044,0
E1_uniform_global,1,1,856,51570,2,0,0.05768550559878349,0
E1_uniform_global,1,1,870,51607,1,1,0.21132031083106995,0
E1_uniform_global,1,2,1,50004,1,1,0.8695539236068726,1
E1_uniform_global,1,2,13,50020,1,1,0.8670621514320374,1
E1_uniform_global,1,2,23,50032,2,0,0.0912482887506485,0
E1_uniform_global,1,2,34,50043,2,0,0.0968327522277832,0
E1_uniform_global,1,2,41,50050,2,0,0.09130939841270447,0
E1_uniform_global,1,2,45,50054,2,0,0.7768247723579407,1
E1_uniform_global,1,2,53,50105,2,0,0.09097848832607269,0
E1_uniform_global,1,2,59,50113,2,0,0.0922885537147522,0
E1_uniform_global,1,2,69,50125,1,1,0.8541805148124695,1
E1_uniform_global,1,2,80,50144,1,1,0.8651946187019348,1
E1_uniform_global,1,2,84,50148,1,1,0.8720961213111877,1
E1_uniform_global,1,2,105,50184,1,1,0.8644840717315674,1
E1_uniform_global,1,2,144,50251,1,1,0.28154227137565613,0
E1_uniform_global,1,2,160,50269,2,0,0.3514001965522766,0
E1_uniform_global,1,2,165,50274,1,1,0.8295082449913025,1
E1_uniform_global,1,2,174,50290,1,1,0.8721691966056824,1
E1_uniform_global,1,2,195,50324,1,1,0.8722192645072937,1
E1_uniform_global,1,2,201,50332,2,0,0.09120974689722061,0
E1_uniform_global,1,2,209,50340,2,0,0.09121982008218765,0
E1_uniform_global,1,2,213,50344,2,0,0.09095986187458038,0
E1_uniform_global,1,2,215,50346,2,0,0.09185437113046646,0
E1_uniform_global,1,2,217,50348,2,0,0.10696181654930115,0
E1_uniform_global,1,2,218,50349,2,0,0.09249383211135864,0
E1_uniform_global,1,2,222,50353,2,0,0.09238632023334503,0
E1_uniform_global,1,2,224,50355,2,0,0.1011572927236557,0
E1_uniform_global,1,2,242,50374,2,0,0.09602979570627213,0
E1_uniform_global,1,2,253,50387,2,0,0.09181470423936844,0
E1_uniform_global,1,2,256,50391,2,0,0.09310836344957352,0
E1_uniform_global,1,2,277,50422,2,0,0.12474711239337921,0
E1_uniform_global,1,2,284,50434,2,0,0.0910106897354126,0
E1_uniform_global,1,2,305,50469,2,0,0.09071158617734909,0
E1_uniform_global,1,2,311,50483,1,1,0.7169948220252991,1
E1_uniform_global,1,2,331,50509,1,1,0.8718587160110474,1
E1_uniform_global,1,2,342,50525,1,1,0.6354537010192871,1
E1_uniform_global,1,2,356,50563,2,0,0.09130235016345978,0
E1_uniform_global,1,2,370,50602,1,1,0.7506124973297119,1
E1_uniform_global,1,2,394,50648,1,1,0.3473830223083496,0
E1_uniform_global,1,2,401,50669,2,0,0.8634958267211914,1
E1_uniform_global,1,2,413,50694,1,1,0.8695018887519836,1
E1_uniform_global,1,2,438,50733,2,0,0.09071273356676102,0
E1_uniform_global,1,2,445,50742,2,0,0.09076385200023651,0
E1_uniform_global,1,2,447,50744,1,1,0.8528160452842712,1
E1_uniform_global,1,2,451,50750,1,1,0.8687017560005188,1
E1_uniform_global,1,2,460,50774,2,0,0.09122391045093536,0
E1_uniform_global,1,2,472,50792,1,1,0.8678279519081116,1
E1_uniform_global,1,2,475,50798,1,1,0.09388458728790283,0
E1_uniform_global,1,2,477,50800,1,1,0.8582881689071655,1
E1_uniform_global,1,2,492,50954,1,1,0.1344258189201355,0
E1_uniform_global,1,2,496,50958,1,1,0.8515353202819824,1
E1_uniform_global,1,2,505,50968,1,1,0.8713675141334534,1
E1_uniform_global,1,2,506,50969,1,1,0.6063781380653381,1
E1_uniform_global,1,2,524,50990,1,1,0.8707989454269409,1
E1_uniform_global,1,2,535,51002,1,1,0.7848566174507141,1
E1_uniform_global,1,2,545,51014,1,1,0.8718608021736145,1
E1_uniform_global,1,2,558,51028,1,1,0.8694823980331421,1
E1_uniform_global,1,2,564,51035,1,1,0.6696596741676331,1
E1_uniform_global,1,2,571,51044,2,0,0.09284937381744385,0
E1_uniform_global,1,2,574,51047,2,0,0.09075117111206055,0
E1_uniform_global,1,2,580,51053,2,0,0.09292363375425339,0
E1_uniform_global,1,2,585,51058,2,0,0.09312117099761963,0
E1_uniform_global,1,2,588,51061,2,0,0.09160573035478592,0
E1_uniform_global,1,2,600,51074,2,0,0.10109562426805496,0
E1_uniform_global,1,2,603,51077,2,0,0.09183026850223541,0
E1_uniform_global,1,2,617,51091,2,0,0.09095215797424316,0
E1_uniform_global,1,2,646,51127,2,0,0.09383025765419006,0
E1_uniform_global,1,2,648,51129,2,0,0.09295213222503662,0
E1_uniform_global,1,2,650,51131,2,0,0.09125129133462906,0
E1_uniform_global,1,2,651,51132,2,0,0.09078136086463928,0
E1_uniform_global,1,2,655,51136,2,0,0.11988995224237442,0
E1_uniform_global,1,2,662,51146,2,0,0.09202215075492859,0
E1_uniform_global,1,2,664,51148,2,0,0.09314926713705063,0
E1_uniform_global,1,2,668,51152,2,0,0.09117322415113449,0
E1_uniform_global,1,2,675,51162,1,1,0.8722522854804993,1
E1_uniform_global,1,2,681,51171,1,1,0.8721897602081299,1
E1_uniform_global,1,2,689,51183,2,0,0.09721749275922775,0
E1_uniform_global,1,2,703,51205,1,1,0.8718696236610413,1
E1_uniform_global,1,2,728,51235,1,1,0.8718678951263428,1
E1_uniform_global,1,2,735,51249,1,1,0.8714271783828735,1
E1_uniform_global,1,2,751,51268,2,0,0.09070596098899841,0
E1_uniform_global,1,2,763,51291,1,1,0.8719600439071655,1
E1_uniform_global,1,2,767,51295,1,1,0.8713493943214417,1
E1_uniform_global,1,2,813,51350,1,1,0.8392326235771179,1
E1_uniform_global,1,2,814,51351,1,1,0.751427412033081,1
E1_uniform_global,1,2,826,51370,2,0,0.09071525931358337,0
E1_uniform_global,1,2,835,51480,2,0,0.09105610847473145,0
E1_uniform_global,1,2,859,51574,1,1,0.8704685568809509,1
E1_uniform_global,1,2,867,51584,1,1,0.8468107581138611,1
E1_uniform_global,1,3,3,50006,1,1,0.8949233889579773,1
E1_uniform_global,1,3,15,50023,1,1,0.8866994976997375,1
E1_uniform_global,1,3,25,50034,2,0,0.08501515537500381,0
E1_uniform_global,1,3,39,50048,2,0,0.8954387307167053,1
E1_uniform_global,1,3,68,50124,1,1,0.8960343599319458,1
E1_uniform_global,1,3,75,50132,1,1,0.8955422639846802,1
E1_uniform_global,1,3,88,50153,1,1,0.3522544205188751,0
E1_uniform_global,1,3,100,50169,2,0,0.08514119684696198,0
E1_uniform_global,1,3,107,50187,1,1,0.09016627818346024,0
E1_uniform_global,1,3,111,50193,2,0,0.08769801259040833,0
E1_uniform_global,1,3,122,50205,2,0,0.0881141871213913,0
E1_uniform_global,1,3,138,50243,1,1,0.7569430470466614,1
E1_uniform_global,1,3,147,50254,1,1,0.8958694934844971,1
E1_uniform_global,1,3,159,50268,2,0,0.08503810316324234,0
E1_uniform_global,1,3,173,50289,1,1,0.43295398354530334,0
E1_uniform_global,1,3,186,50308,1,1,0.5715063214302063,1
E1_uniform_global,1,3,189,50314,1,1,0.8944697976112366,1
E1_uniform_global,1,3,193,50320,1,1,0.8956072926521301,1
E1_uniform_global,1,3,199,50330,2,0,0.08566649258136749,0
E1_uniform_global,1,3,203,50334,2,0,0.8859424591064453,1
E1_uniform_global,1,3,206,50337,2,0,0.08747586607933044,0
E1_uniform_global,1,3,232,50363,2,0,0.11744970083236694,0
E1_uniform_global,1,3,233,50364,2,0,0.2335885465145111,0
E1_uniform_global,1,3,236,50367,2,0,0.08529337495565414,0
E1_uniform_global,1,3,248,50381,2,0,0.08630489557981491,0
E1_uniform_global,1,3,252,50386,2,0,0.08513469994068146,0
E1_uniform_global,1,3,255,50390,2,0,0.08626408129930496,0
E1_uniform_global,1,3,259,50402,1,1,0.08507346361875534,0
E1_uniform_global,1,3,261,50404,1,1,0.8951982855796814,1
E1_uniform_global,1,3,264,50407,1,1,0.8907914757728577,1
E1_uniform_global,1,3,282,50428,2,0,0.08508513122797012,0
E1_uniform_global,1,3,291,50441,2,0,0.08792436867952347,0
E1_uniform_global,1,3,296,50446,2,0,0.08613399416208267,0
E1_uniform_global,1,3,301,50463,2,0,0.08529124408960342,0
E1_uniform_global,1,3,312,50485,1,1,0.08699826151132584,0
E1_uniform_global,1,3,322,50497,1,1,0.8916558027267456,1
E1_uniform_global,1,3,330,50507,1,1,0.4716719686985016,0
E1_uniform_global,1,3,332,50510,1,1,0.8956709504127502,1
E1_uniform_global,1,3,338,50520,1,1,0.892119288444519,1
E1_uniform_global,1,3,362,50572,2,0,0.08630602806806564,0
E1_uniform_global,1,3,364,50574,2,0,0.13414603471755981,0
E1_uniform_global,1,3,368,50578,2,0,0.8920117616653442,1
E1_uniform_global,1,3,382,50620,1,1,0.08861099183559418,0
E1_uniform_global,1,3,384,50622,1,1,0.8956982493400574,1
E1_uniform_global,1,3,398,50659,2,0,0.41390424966812134,0
E1_uniform_global,1,3,403,50683,2,0,0.08505401760339737,0
E1_uniform_global,1,3,408,50689,1,1,0.8944702744483948,1
E1_uniform_global,1,3,415,50696,1,1,0.8944214582443237,1
E1_uniform_global,1,3,421,50702,1,1,0.2008756846189499,0
E1_uniform_global,1,3,433,50725,2,0,0.08506206423044205,0
E1_uniform_global,1,3,436,50730,2,0,0.08595532923936844,0
E1_uniform_global,1,3,439,50735,2,0,0.08512682467699051,0
E1_uniform_global,1,3,469,50786,2,0,0.08636308461427689,0
E1_uniform_global,1,3,497,50959,1,1,0.88169264793396,1
E1_uniform_global,1,3,503,50966,1,1,0.5059174299240112,1
E1_uniform_global,1,3,517,50983,1,1,0.7607769966125488,1
E1_uniform_global,1,3,529,50995,1,1,0.894435465335846,1
E1_uniform_global,1,3,530,50996,1,1,0.8955152630805969,1
E1_uniform_global,1,3,531,50997,1,1,0.8904693722724915,1
E1_uniform_global,1,3,541,51010,1,1,0.50367671251297,1
E1_uniform_global,1,3,546,51015,1,1,0.08506084978580475,0
E1_uniform_global,1,3,555,51025,1,1,0.8955498933792114,1
E1_uniform_global,1,3,572,51045,2,0,0.08905253559350967,0
E1_uniform_global,1,3,577,51050,2,0,0.08529192954301834,0
E1_uniform_global,1,3,592,51065,2,0,0.08521877974271774,0
E1_uniform_global,1,3,607,51081,2,0,0.087132029235363,0
E1_uniform_global,1,3,608,51082,2,0,0.09144146740436554,0
E1_uniform_global,1,3,613,51087,2,0,0.08713917434215546,0
E1_uniform_global,1,3,637,51113,2,0,0.08586584031581879,0
E1_uniform_global,1,3,639,51116,2,0,0.0940195694565773,0
E1_uniform_global,1,3,645,51126,2,0,0.08911659568548203,0
E1_uniform_global,1,3,661,51142,2,0,0.10371337085962296,0
E1_uniform_global,1,3,706,51208,1,1,0.33343973755836487,0
E1_uniform_global,1,3,714,51218,1,1,0.8897191286087036,1
E1_uniform_global,1,3,722,51226,1,1,0.08512315154075623,0
E1_uniform_global,1,3,731,51239,1,1,0.8921724557876587,1
E1_uniform_global,1,3,741,51255,2,0,0.08538906276226044,0
E1_uniform_global,1,3,752,51269,2,0,0.08715878427028656,0
E1_uniform_global,1,3,761,51280,2,0,0.08611463010311127,0
E1_uniform_global,1,3,770,51299,1,1,0.8957216739654541,1
E1_uniform_global,1,3,771,51300,1,1,0.8928750157356262,1
E1_uniform_global,1,3,776,51305,2,0,0.09362192451953888,0
E1_uniform_global,1,3,794,51329,1,1,0.11520251631736755,0
E1_uniform_global,1,3,803,51339,2,0,0.08651501685380936,0
E1_uniform_global,1,3,806,51342,2,0,0.08776076138019562,0
E1_uniform_global,1,3,838,51484,2,0,0.48012393712997437,0
E1_uniform_global,1,3,855,51569,2,0,0.30796822905540466,0
E1_uniform_global,1,4,4,50007,1,1,0.5871703028678894,1
E1_uniform_global,1,4,32,50041,2,0,0.13069283962249756,0
E1_uniform_global,1,4,46,50056,1,1,0.8459764719009399,1
E1_uniform_global,1,4,57,50111,2,0,0.12376528233289719,0
E1_uniform_global,1,4,60,50114,2,0,0.11892111599445343,0
E1_uniform_global,1,4,87,50152,1,1,0.8536709547042847,1
E1_uniform_global,1,4,94,50161,2,0,0.2148759961128235,0
E1_uniform_global,1,4,120,50203,2,0,0.11843986809253693,0
E1_uniform_global,1,4,135,50239,1,1,0.36561447381973267,0
E1_uniform_global,1,4,149,50257,2,0,0.25766289234161377,0
E1_uniform_global,1,4,153,50262,2,0,0.14096540212631226,0
E1_uniform_global,1,4,154,50263,2,0,0.1207309439778328,0
E1_uniform_global,1,4,166,50275,1,1,0.7933099865913391,1
E1_uniform_global,1,4,179,50295,1,1,0.8542314767837524,1
E1_uniform_global,1,4,210,50341,2,0,0.11974166333675385,0
E1_uniform_global,1,4,216,50347,2,0,0.13874222338199615,0
E1_uniform_global,1,4,226,50357,2,0,0.1324995756149292,0
E1_uniform_global,1,4,258,50399,1,1,0.8118671774864197,1
E1_uniform_global,1,4,272,50416,2,0,0.12275779247283936,0
E1_uniform_global,1,4,295,50445,2,0,0.1623746007680893,0
E1_uniform_global,1,4,316,50490,1,1,0.7747845649719238,1
E1_uniform_global,1,4,323,50498,1,1,0.8326368927955627,1
E1_uniform_global,1,4,324,50499,1,1,0.8385496735572815,1
E1_uniform_global,1,4,328,50503,1,1,0.8251904845237732,1
E1_uniform_global,1,4,329,50504,1,1,0.8441516160964966,1
E1_uniform_global,1,4,344,50527,1,1,0.46036627888679504,0
E1_uniform_global,1,4,349,50532,1,1,0.8473421931266785,1
E1_uniform_global,1,4,350,50551,2,0,0.1452845335006714,0
E1_uniform_global,1,4,359,50569,2,0,0.3484296500682831,0
E1_uniform_global,1,4,360,50570,2,0,0.1183391883969307,0
E1_uniform_global,1,4,363,50573,2,0,0.14556336402893066,0
E1_uniform_global,1,4,371,50603,1,1,0.8435177206993103,1
E1_uniform_global,1,4,380,50616,1,1,0.8542406558990479,1
E1_uniform_global,1,4,387,50625,1,1,0.12662075459957123,0
E1_uniform_global,1,4,389,50627,1,1,0.8541032671928406,1
E1_uniform_global,1,4,391,50642,1,1,0.5899386405944824,1
E1_uniform_global,1,4,392,50644,1,1,0.8089362978935242,1
E1_uniform_global,1,4,402,50682,2,0,0.11951372027397156,0
E1_uniform_global,1,4,430,50722,2,0,0.12664563953876495,0
E1_uniform_global,1,4,437,50731,2,0,0.12753811478614807,0
E1_uniform_global,1,4,458,50772,2,0,0.8422930836677551,1
E1_uniform_global,1,4,473,50796,1,1,0.8419196605682373,1
E1_uniform_global,1,4,474,50797,1,1,0.8013156652450562,1
E1_uniform_global,1,4,481,50812,2,0,0.11855275928974152,0
E1_uniform_global,1,4,483,50816,2,0,0.12709373235702515,0
E1_uniform_global,1,4,485,50818,2,0,0.12266981601715088,0
E1_uniform_global,1,4,509,50973,1,1,0.790681779384613,1
E1_uniform_global,1,4,516,50982,1,1,0.195648193359375,0
E1_uniform_global,1,4,543,51012,1,1,0.7747728228569031,1
E1_uniform_global,1,4,548,51017,1,1,0.8490273952484131,1
E1_uniform_global,1,4,549,51018,1,1,0.8444352149963379,1
E1_uniform_global,1,4,551,51020,1,1,0.49285539984703064,0
E1_uniform_global,1,4,575,51048,2,0,0.34492436051368713,0
E1_uniform_global,1,4,590,51063,2,0,0.14480794966220856,0
E1_uniform_global,1,4,598,51072,2,0,0.48316898941993713,0
E1_uniform_global,1,4,605,51079,2,0,0.5180290937423706,1
E1_uniform_global,1,4,618,51093,2,0,0.1270892173051834,0
E1_uniform_global,1,4,626,51101,2,0,0.12135987728834152,0
E1_uniform_global,1,4,641,51118,2,0,0.6342604160308838,1
E1_uniform_global,1,4,649,51130,2,0,0.6981804966926575,1
E1_uniform_global,1,4,653,51134,2,0,0.12408891320228577,0
E1_uniform_global,1,4,658,51139,2,0,0.12073687463998795,0
E1_uniform_global,1,4,659,51140,2,0,0.11845782399177551,0
E1_uniform_global,1,4,666,51150,2,0,0.11829379200935364,0
E1_uniform_global,1,4,678,51168,1,1,0.6120176911354065,1
E1_uniform_global,1,4,687,51181,2,0,0.19417384266853333,0
E1_uniform_global,1,4,690,51184,2,0,0.2944420576095581,0
E1_uniform_global,1,4,699,51201,1,1,0.8401045799255371,1
E1_uniform_global,1,4,708,51211,1,1,0.8493380546569824,1
E1_uniform_global,1,4,712,51216,1,1,0.17669621109962463,0
E1_uniform_global,1,4,716,51220,1,1,0.8493166565895081,1
E1_uniform_global,1,4,718,51222,1,1,0.3311147093772888,0
E1_uniform_global,1,4,723,51228,1,1,0.854206383228302,1
E1_uniform_global,1,4,742,51256,2,0,0.12269587814807892,0
E1_uniform_global,1,4,750,51267,2,0,0.12347397208213806,0
E1_uniform_global,1,4,778,51307,2,0,0.8530080914497375,1
E1_uniform_global,1,4,793,51328,1,1,0.8515936732292175,1
E1_uniform_global,1,4,808,51344,2,0,0.3800691068172455,0
E1_uniform_global,1,4,815,51354,1,1,0.5991062521934509,1
E1_uniform_global,1,4,817,51357,2,0,0.11810413748025894,0
E1_uniform_global,1,4,845,51558,2,0,0.12145617604255676,0
E1_uniform_global,1,4,846,51559,2,0,0.12081050127744675,0
E1_uniform_global,1,4,852,51566,2,0,0.12104310840368271,0
E1_uniform_global,1,4,854,51568,2,0,0.3484448194503784,0
E1_uniform_global,1,4,860,51576,1,1,0.45149120688438416,0
E1_uniform_global,1,4,861,51577,1,1,0.8107380270957947,1
E1_uniform_global,1,4,863,51579,1,1,0.18996497988700867,0
E1_uniform_global,1,5,9,50013,1,1,0.6799035668373108,1
E1_uniform_global,1,5,12,50016,1,1,0.627276599407196,1
E1_uniform_global,1,5,21,50030,2,0,0.5863536596298218,1
E1_uniform_global,1,5,28,50037,2,0,0.6242326498031616,1
E1_uniform_global,1,5,37,50046,2,0,0.35342729091644287,0
E1_uniform_global,1,5,48,50059,2,0,0.37635374069213867,0
E1_uniform_global,1,5,73,50130,1,1,0.4747709035873413,0
E1_uniform_global,1,5,77,50135,1,1,0.6870768666267395,1
E1_uniform_global,1,5,79,50143,1,1,0.6841485500335693,1
E1_uniform_global,1,5,81,50145,1,1,0.6382795572280884,1
E1_uniform_global,1,5,95,50162,2,0,0.47430136799812317,0
E1_uniform_global,1,5,97,50164,2,0,0.35801008343696594,0
E1_uniform_global,1,5,102,50171,2,0,0.5851130485534668,1
E1_uniform_global,1,5,128,50215,2,0,0.3213992118835449,0
E1_uniform_global,1,5,134,50237,1,1,0.6688733696937561,1
E1_uniform_global,1,5,142,50249,1,1,0.6875420808792114,1
E1_uniform_global,1,5,150,50259,2,0,0.4329262375831604,0
E1_uniform_global,1,5,167,50276,1,1,0.6734378933906555,1
E1_uniform_global,1,5,177,50293,1,1,0.6609267592430115,1
E1_uniform_global,1,5,185,50304,1,1,0.5382398962974548,1
E1_uniform_global,1,5,191,50318,1,1,0.5108785033226013,1
E1_uniform_global,1,5,207,50338,2,0,0.33982983231544495,0
E1_uniform_global,1,5,243,50375,2,0,0.31993839144706726,0
E1_uniform_global,1,5,250,50383,2,0,0.3987131118774414,0
E1_uniform_global,1,5,271,50415,2,0,0.5179635882377625,1
E1_uniform_global,1,5,276,50421,2,0,0.3325108587741852,0
E1_uniform_global,1,5,280,50426,2,0,0.46861833333969116,0
E1_uniform_global,1,5,286,50436,2,0,0.670886218547821,1
E1_uniform_global,1,5,293,50443,2,0,0.6387786269187927,1
E1_uniform_global,1,5,304,50468,2,0,0.48590585589408875,0
E1_uniform_global,1,5,306,50470,2,0,0.6256318092346191,1
E1_uniform_global,1,5,327,50502,1,1,0.6906903386116028,1
E1_uniform_global,1,5,334,50515,1,1,0.6909080743789673,1
E1_uniform_global,1,5,336,50518,1,1,0.6366177201271057,1
E1_uniform_global,1,5,339,50521,1,1,0.6418812870979309,1
E1_uniform_global,1,5,347,50530,1,1,0.6900016665458679,1
E1_uniform_global,1,5,351,50552,2,0,0.3689594864845276,0
E1_uniform_global,1,5,355,50561,2,0,0.3431012034416199,0
E1_uniform_global,1,5,367,50577,2,0,0.3215411603450775,0
E1_uniform_global,1,5,385,50623,1,1,0.5063725709915161,1
E1_uniform_global,1,5,411,50692,2,0,0.3456214964389801,0
E1_uniform_global,1,5,412,50693,1,1,0.35801687836647034,0
E1_uniform_global,1,5,417,50698,2,0,0.3512525260448456,0
E1_uniform_global,1,5,443,50740,2,0,0.3486875593662262,0
E1_uniform_global,1,5,465,50780,2,0,0.557579517364502,1
E1_uniform_global,1,5,484,50817,2,0,0.3312544822692871,0
E1_uniform_global,1,5,487,50821,2,0,0.3428325951099396,0
E1_uniform_global,1,5,494,50956,1,1,0.6906452775001526,1
E1_uniform_global,1,5,498,50960,1,1,0.5141105651855469,1
E1_uniform_global,1,5,504,50967,1,1,0.6609904170036316,1
E1_uniform_global,1,5,507,50970,1,1,0.6799493432044983,1
E1_uniform_global,1,5,513,50978,1,1,0.6867567896842957,1
E1_uniform_global,1,5,514,50979,1,1,0.6630653142929077,1
E1_uniform_global,1,5,528,50994,1,1,0.6679834127426147,1
E1_uniform_global,1,5,533,51000,1,1,0.6910579800605774,1
E1_uniform_global,1,5,536,51003,1,1,0.6811023950576782,1
E1_uniform_global,1,5,537,51006,1,1,0.68458092212677,1
E1_uniform_global,1,5,538,51007,1,1,0.6783818602561951,1
E1_uniform_global,1,5,539,51008,1,1,0.6089701056480408,1
E1_uniform_global,1,5,547,51016,1,1,0.6315215229988098,1
E1_uniform_global,1,5,550,51019,1,1,0.5635929107666016,1
E1_uniform_global,1,5,594,51067,2,0,0.31965869665145874,0
E1_uniform_global,1,5,614,51088,2,0,0.34220796823501587,0
E1_uniform_global,1,5,616,51090,2,0,0.3274584710597992,0
E1_uniform_global,1,5,621,51096,2,0,0.334158331155777,0
E1_uniform_global,1,5,623,51098,2,0,0.32118043303489685,0
E1_uniform_global,1,5,628,51103,2,0,0.5841155648231506,1
E1_uniform_global,1,5,647,51128,2,0,0.3334537446498871,0
E1_uniform_global,1,5,660,51141,2,0,0.5247460007667542,1
E1_uniform_global,1,5,669,51153,2,0,0.5099753737449646,1
E1_uniform_global,1,5,674,51161,1,1,0.6375991702079773,1
E1_uniform_global,1,5,685,51179,1,1,0.6547136902809143,1
E1_uniform_global,1,5,698,51198,2,0,0.3919426500797272,0
E1_uniform_global,1,5,702,51204,1,1,0.6899237036705017,1
E1_uniform_global,1,5,713,51217,1,1,0.43190109729766846,0
E1_uniform_global,1,5,719,51223,1,1,0.6789937019348145,1
E1_uniform_global,1,5,727,51234,1,1,0.6897025108337402,1
E1_uniform_global,1,5,737,51251,2,0,0.6490656733512878,1
E1_uniform_global,1,5,738,51252,2,0,0.6862392425537109,1
E1_uniform_global,1,5,746,51262,2,0,0.6596767902374268,1
E1_uniform_global,1,5,805,51341,2,0,0.6159999966621399,1
E1_uniform_global,1,5,821,51362,2,0,0.5546391606330872,1
E1_uniform_global,1,5,823,51364,2,0,0.5524987578392029,1
E1_uniform_global,1,5,832,51473,1,1,0.6440533399581909,1
E1_uniform_global,1,5,847,51560,2,0,0.31977134943008423,0
E1_uniform_global,1,5,848,51562,2,0,0.3192720115184784,0
E1_uniform_global,1,5,849,51563,2,0,0.33451318740844727,0
E1_uniform_global,1,6,6,50010,1,1,0.8578505516052246,1
E1_uniform_global,1,6,47,50057,1,1,0.09586293995380402,0
E1_uniform_global,1,6,54,50106,2,0,0.0947861447930336,0
E1_uniform_global,1,6,61,50115,2,0,0.09423664957284927,0
E1_uniform_global,1,6,70,50127,1,1,0.21563392877578735,0
E1_uniform_global,1,6,76,50134,1,1,0.8594356775283813,1
E1_uniform_global,1,6,78,50142,1,1,0.855290412902832,1
E1_uniform_global,1,6,82,50146,1,1,0.1775965541601181,0
E1_uniform_global,1,6,91,50158,2,0,0.09304194897413254,0
E1_uniform_global,1,6,92,50159,2,0,0.7953829765319824,1
E1_uniform_global,1,6,112,50194,2,0,0.09470877796411514,0
E1_uniform_global,1,6,123,50206,2,0,0.15276406705379486,0
E1_uniform_global,1,6,124,50208,2,0,0.09302952140569687,0
E1_uniform_global,1,6,130,50232,1,1,0.8490462899208069,1
E1_uniform_global,1,6,131,50233,1,1,0.8594784140586853,1
E1_uniform_global,1,6,137,50241,1,1,0.85964435338974,1
E1_uniform_global,1,6,139,50245,1,1,0.8590632081031799,1
E1_uniform_global,1,6,140,50247,1,1,0.7593629360198975,1
E1_uniform_global,1,6,151,50260,2,0,0.09416574239730835,0
E1_uniform_global,1,6,168,50278,1,1,0.8595625758171082,1
E1_uniform_global,1,6,175,50291,1,1,0.7860069870948792,1
E1_uniform_global,1,6,196,50325,1,1,0.09482093155384064,0
E1_uniform_global,1,6,205,50336,2,0,0.13274066150188446,0
E1_uniform_global,1,6,219,50350,2,0,0.09786929190158844,0
E1_uniform_global,1,6,220,50351,2,0,0.09721504151821136,0
E1_uniform_global,1,6,223,50354,2,0,0.10002436488866806,0
E1_uniform_global,1,6,228,50359,2,0,0.14812567830085754,0
E1_uniform_global,1,6,229,50360,2,0,0.09508553147315979,0
E1_uniform_global,1,6,234,50365,2,0,0.09315632283687592,0
E1_uniform_global,1,6,239,50370,2,0,0.09295443445444107,0
E1_uniform_global,1,6,254,50388,2,0,0.09419246017932892,0
E1_uniform_global,1,6,260,50403,1,1,0.09301541745662689,0
E1_uniform_global,1,6,278,50424,2,0,0.09487615525722504,0
E1_uniform_global,1,6,290,50440,2,0,0.7620911002159119,1
E1_uniform_global,1,6,292,50442,2,0,0.09664472937583923,0
E1_uniform_global,1,6,299,50449,2,0,0.09287195652723312,0
E1_uniform_global,1,6,302,50466,2,0,0.09415258467197418,0
E1_uniform_global,1,6,321,50496,1,1,0.8574545383453369,1
E1_uniform_global,1,6,340,50523,1,1,0.8549922704696655,1
E1_uniform_global,1,6,345,50528,1,1,0.8587535619735718,1
E1_uniform_global,1,6,357,50565,2,0,0.0969615951180458,0
E1_uniform_global,1,6,365,50575,2,0,0.09325350075960159,0
E1_uniform_global,1,6,372,50604,1,1,0.859432578086853,1
E1_uniform_global,1,6,374,50607,1,1,0.09325873106718063,0
E1_uniform_global,1,6,379,50615,1,1,0.8591170907020569,1
E1_uniform_global,1,6,399,50664,2,0,0.09353134036064148,0
E1_uniform_global,1,6,426,50707,2,0,0.09612536430358887,0
E1_uniform_global,1,6,444,50741,2,0,0.0928284153342247,0
E1_uniform_global,1,6,467,50782,2,0,0.0935945138335228,0
E1_uniform_global,1,6,468,50783,2,0,0.09589385241270065,0
E1_uniform_global,1,6,470,50790,2,0,0.09423936903476715,0
E1_uniform_global,1,6,480,50807,1,1,0.8576523065567017,1
E1_uniform_global,1,6,493,50955,1,1,0.09299286454916,0
E1_uniform_global,1,6,499,50961,1,1,0.8555997014045715,1
E1_uniform_global,1,6,515,50981,1,1,0.7077897787094116,1
E1_uniform_global,1,6,518,50984,1,1,0.4569108784198761,0
E1_uniform_global,1,6,522,50988,1,1,0.6855795383453369,1
E1_uniform_global,1,6,523,50989,1,1,0.8556028008460999,1
E1_uniform_global,1,6,542,51011,1,1,0.8576473593711853,1
E1_uniform_global,1,6,556,51026,1,1,0.8570301532745361,1
E1_uniform_global,1,6,557,51027,1,1,0.1174468994140625,0
E1_uniform_global,1,6,567,51039,2,0,0.09733892977237701,0
E1_uniform_global,1,6,569,51041,2,0,0.0978308692574501,0
E1_uniform_global,1,6,573,51046,2,0,0.18282702565193176,0
E1_uniform_global,1,6,581,51054,2,0,0.09635991603136063,0
E1_uniform_global,1,6,582,51055,2,0,0.09634841233491898,0
E1_uniform_global,1,6,583,51056,2,0,0.0978354886174202,0
E1_uniform_global,1,6,601,51075,2,0,0.09852442890405655,0
E1_uniform_global,1,6,604,51078,2,0,0.09865239262580872,0
E1_uniform_global,1,6,624,51099,2,0,0.0933065190911293,0
E1_uniform_global,1,6,672,51156,2,0,0.09788955003023148,0
E1_uniform_global,1,6,707,51210,1,1,0.841693103313446,1
E1_uniform_global,1,6,725,51230,1,1,0.8584725260734558,1
E1_uniform_global,1,6,739,51253,2,0,0.09437425434589386,0
E1_uniform_global,1,6,762,51281,2,0,0.09787829965353012,0
E1_uniform_global,1,6,773,51302,1,1,0.4669957756996155,0
E1_uniform_global,1,6,775,51304,2,0,0.09414105117321014,0
E1_uniform_global,1,6,785,51319,1,1,0.8570608496665955,1
E1_uniform_global,1,6,796,51331,1,1,0.8415756225585938,1
E1_uniform_global,1,6,810,51346,2,0,0.09509146958589554,0
E1_uniform_global,1,6,811,51347,2,0,0.0961509421467781,0
E1_uniform_global,1,6,812,51349,1,1,0.09725528210401535,0
E1_uniform_global,1,6,819,51360,2,0,0.09310920536518097,0
E1_uniform_global,1,6,844,51557,2,0,0.09759832173585892,0
E1_uniform_global,1,6,858,51573,1,1,0.13768485188484192,0
E1_uniform_global,1,6,864,51580,1,1,0.4210207760334015,0
E1_uniform_global,1,6,869,51606,1,1,0.09451140463352203,0
E1_uniform_global,1,7,22,50031,2,0,0.04397369548678398,0
E1_uniform_global,1,7,24,50033,2,0,0.0440874807536602,0
E1_uniform_global,1,7,29,50038,2,0,0.04389827698469162,0
E1_uniform_global,1,7,43,50052,2,0,0.44281455874443054,0
E1_uniform_global,1,7,50,50102,2,0,0.04621367156505585,0
E1_uniform_global,1,7,58,50112,2,0,0.04388304799795151,0
E1_uniform_global,1,7,62,50116,2,0,0.7461360692977905,1
E1_uniform_global,1,7,86,50150,1,1,0.04981129989027977,0
E1_uniform_global,1,7,89,50156,1,1,0.9116593599319458,1
E1_uniform_global,1,7,93,50160,2,0,0.050544772297143936,0
E1_uniform_global,1,7,99,50168,2,0,0.04906015843153,0
E1_uniform_global,1,7,121,50204,2,0,0.04442568123340607,0
E1_uniform_global,1,7,125,50210,2,0,0.045737795531749725,0
E1_uniform_global,1,7,127,50214,2,0,0.046106625348329544,0
E1_uniform_global,1,7,129,50217,2,0,0.04482646286487579,0
E1_uniform_global,1,7,133,50236,1,1,0.9150739908218384,1
E1_uniform_global,1,7,158,50267,2,0,0.044690947979688644,0
E1_uniform_global,1,7,162,50271,2,0,0.13027115166187286,0
E1_uniform_global,1,7,169,50282,1,1,0.9073271751403809,1
E1_uniform_global,1,7,183,50301,1,1,0.32427117228507996,0
E1_uniform_global,1,7,188,50312,1,1,0.8859463930130005,1
E1_uniform_global,1,7,211,50342,2,0,0.047297168523073196,0
E1_uniform_global,1,7,212,50343,2,0,0.7247232794761658,1
E1_uniform_global,1,7,238,50369,2,0,0.04903921112418175,0
E1_uniform_global,1,7,245,50377,2,0,0.04617122560739517,0
E1_uniform_global,1,7,251,50385,2,0,0.7028183341026306,1
E1_uniform_global,1,7,262,50405,1,1,0.9147146344184875,1
E1_uniform_global,1,7,266,50410,1,1,0.7235209345817566,1
E1_uniform_global,1,7,274,50418,2,0,0.045301906764507294,0
E1_uniform_global,1,7,300,50453,2,0,0.7529668211936951,1
E1_uniform_global,1,7,307,50477,1,1,0.9037022590637207,1
E1_uniform_global,1,7,317,50491,1,1,0.9143683314323425,1
E1_uniform_global,1,7,318,50492,1,1,0.9138509035110474,1
E1_uniform_global,1,7,325,50500,1,1,0.7354374527931213,1
E1_uniform_global,1,7,346,50529,1,1,0.9097943902015686,1
E1_uniform_global,1,7,353,50557,2,0,0.04414598271250725,0
E1_uniform_global,1,7,354,50558,2,0,0.058567240834236145,0
E1_uniform_global,1,7,373,50606,1,1,0.41298776865005493,0
E1_uniform_global,1,7,375,50608,1,1,0.24268069863319397,0
E1_uniform_global,1,7,386,50624,1,1,0.9129739999771118,1
E1_uniform_global,1,7,395,50649,1,1,0.12959171831607819,0
E1_uniform_global,1,7,407,50688,2,0,0.044683150947093964,0
E1_uniform_global,1,7,418,50699,2,0,0.9142513275146484,1
E1_uniform_global,1,7,428,50709,2,0,0.04384477436542511,0
E1_uniform_global,1,7,450,50749,1,1,0.9109283685684204,1
E1_uniform_global,1,7,453,50752,1,1,0.7377132177352905,1
E1_uniform_global,1,7,456,50756,1,1,0.9148207306861877,1
E1_uniform_global,1,7,495,50957,1,1,0.4006446301937103,0
E1_uniform_global,1,7,510,50974,1,1,0.9152078032493591,1
E1_uniform_global,1,7,521,50987,1,1,0.915215790271759,1
E1_uniform_global,1,7,554,51024,1,1,0.9144157767295837,1
E1_uniform_global,1,7,587,51060,2,0,0.7028093338012695,1
E1_uniform_global,1,7,593,51066,2,0,0.0470694936811924,0
E1_uniform_global,1,7,619,51094,2,0,0.04704207554459572,0
E1_uniform_global,1,7,620,51095,2,0,0.2906898260116577,0
E1_uniform_global,1,7,629,51104,2,0,0.04554523155093193,0
E1_uniform_global,1,7,634,51110,2,0,0.046077270060777664,0
E1_uniform_global,1,7,663,51147,2,0,0.045167431235313416,0
E1_uniform_global,1,7,667,51151,2,0,0.04384368658065796,0
E1_uniform_global,1,7,671,51155,2,0,0.04396577179431915,0
E1_uniform_global,1,7,673,51159,2,0,0.9133407473564148,1
E1_uniform_global,1,7,676,51163,1,1,0.4947643578052521,0
E1_uniform_global,1,7,682,51173,1,1,0.9084110260009766,1
E1_uniform_global,1,7,683,51177,1,1,0.8435783982276917,1
E1_uniform_global,1,7,684,51178,1,1,0.912947416305542,1
E1_uniform_global,1,7,695,51192,2,0,0.04461991414427757,0
E1_uniform_global,1,7,704,51206,1,1,0.7354072332382202,1
E1_uniform_global,1,7,710,51214,1,1,0.9121032953262329,1
E1_uniform_global,1,7,717,51221,1,1,0.9104428887367249,1
E1_uniform_global,1,7,720,51224,1,1,0.9123443961143494,1
E1_uniform_global,1,7,724,51229,1,1,0.9151104688644409,1
E1_uniform_global,1,7,736,51250,2,0,0.0470801442861557,0
E1_uniform_global,1,7,759,51278,2,0,0.08651520311832428,0
E1_uniform_global,1,7,760,51279,2,0,0.04473339766263962,0
E1_uniform_global,1,7,764,51292,1,1,0.9123697876930237,1
E1_uniform_global,1,7,774,51303,2,0,0.044145457446575165,0
E1_uniform_global,1,7,784,51318,1,1,0.0725596472620964,0
E1_uniform_global,1,7,799,51334,2,0,0.04378080368041992,0
E1_uniform_global,1,7,807,51343,2,0,0.04749361798167229,0
E1_uniform_global,1,7,820,51361,2,0,0.05154702812433243,0
E1_uniform_global,1,7,827,51373,2,0,0.044554706662893295,0
E1_uniform_global,1,7,828,51461,1,1,0.9144707322120667,1
E1_uniform_global,1,7,830,51464,1,1,0.9078112244606018,1
E1_uniform_global,1,7,831,51465,1,1,0.9152055382728577,1
E1_uniform_global,1,7,833,51477,2,0,0.0441923514008522,0
E1_uniform_global,1,7,857,51572,1,1,0.909792423248291,1
E1_uniform_global,1,7,866,51583,1,1,0.9069597125053406,1
E1_uniform_global,1,8,5,50008,1,1,0.7477830648422241,1
E1_uniform_global,1,8,7,50011,1,1,0.7740604281425476,1
E1_uniform_global,1,8,10,50014,1,1,0.777858555316925,1
E1_uniform_global,1,8,14,50022,1,1,0.2421523928642273,0
E1_uniform_global,1,8,16,50024,1,1,0.7784864902496338,1
E1_uniform_global,1,8,35,50044,2,0,0.24720364809036255,0
E1_uniform_global,1,8,42,50051,2,0,0.42561569809913635,0
E1_uniform_global,1,8,49,50060,2,0,0.24950794875621796,0
E1_uniform_global,1,8,52,50104,2,0,0.2463311403989792,0
E1_uniform_global,1,8,56,50109,2,0,0.3053595721721649,0
E1_uniform_global,1,8,65,50119,1,1,0.2433168590068817,0
E1_uniform_global,1,8,67,50123,1,1,0.7747930288314819,1
E1_uniform_global,1,8,101,50170,2,0,0.36025774478912354,0
E1_uniform_global,1,8,103,50182,1,1,0.7768896818161011,1
E1_uniform_global,1,8,104,50183,1,1,0.7423532009124756,1
E1_uniform_global,1,8,106,50186,1,1,0.778246283531189,1
E1_uniform_global,1,8,117,50200,2,0,0.2502903640270233,0
E1_uniform_global,1,8,118,50201,2,0,0.2435763031244278,0
E1_uniform_global,1,8,143,50250,1,1,0.3161509037017822,0
E1_uniform_global,1,8,146,50253,1,1,0.6555547118186951,1
E1_uniform_global,1,8,164,50273,1,1,0.7707307934761047,1
E1_uniform_global,1,8,171,50285,1,1,0.4150429964065552,0
E1_uniform_global,1,8,184,50302,1,1,0.7783364653587341,1
E1_uniform_global,1,8,187,50310,1,1,0.7762719392776489,1
E1_uniform_global,1,8,194,50321,1,1,0.7778496146202087,1
E1_uniform_global,1,8,198,50329,2,0,0.27712544798851013,0
E1_uniform_global,1,8,214,50345,2,0,0.2418709695339203,0
E1_uniform_global,1,8,227,50358,2,0,0.2520529627799988,0
E1_uniform_global,1,8,231,50362,2,0,0.2732980251312256,0
E1_uniform_global,1,8,244,50376,2,0,0.7362509965896606,1
E1_uniform_global,1,8,263,50406,1,1,0.7747644782066345,1
E1_uniform_global,1,8,268,50412,1,1,0.7778729200363159,1
E1_uniform_global,1,8,270,50414,2,0,0.4696072041988373,0
E1_uniform_global,1,8,281,50427,2,0,0.24384507536888123,0
E1_uniform_global,1,8,298,50448,2,0,0.4437941610813141,0
E1_uniform_global,1,8,309,50481,1,1,0.7763017416000366,1
E1_uniform_global,1,8,314,50487,1,1,0.7731176614761353,1
E1_uniform_global,1,8,358,50568,2,0,0.5250483155250549,1
E1_uniform_global,1,8,366,50576,2,0,0.24308712780475616,0
E1_uniform_global,1,8,369,50601,1,1,0.3460926413536072,0
E1_uniform_global,1,8,381,50619,1,1,0.7775638699531555,1
E1_uniform_global,1,8,404,50685,2,0,0.28068000078201294,0
E1_uniform_global,1,8,419,50700,1,1,0.7782536149024963,1
E1_uniform_global,1,8,420,50701,2,0,0.2468249350786209,0
E1_uniform_global,1,8,432,50724,2,0,0.24410881102085114,0
E1_uniform_global,1,8,440,50737,2,0,0.24245665967464447,0
E1_uniform_global,1,8,454,50754,1,1,0.773145318031311,1
E1_uniform_global,1,8,462,50776,2,0,0.24258007109165192,0
E1_uniform_global,1,8,471,50791,1,1,0.7759333848953247,1
E1_uniform_global,1,8,482,50814,2,0,0.30348846316337585,0
E1_uniform_global,1,8,508,50972,1,1,0.7725872993469238,1
E1_uniform_global,1,8,525,50991,1,1,0.24765434861183167,0
E1_uniform_global,1,8,527,50993,1,1,0.7718330025672913,1
E1_uniform_global,1,8,532,50999,1,1,0.7755672335624695,1
E1_uniform_global,1,8,544,51013,1,1,0.7760139107704163,1
E1_uniform_global,1,8,559,51029,1,1,0.4686800539493561,0
E1_uniform_global,1,8,576,51049,2,0,0.25400516390800476,0
E1_uniform_global,1,8,596,51069,2,0,0.2474331110715866,0
E1_uniform_global,1,8,627,51102,2,0,0.2673946022987366,0
E1_uniform_global,1,8,632,51107,2,0,0.7753013968467712,1
E1_uniform_global,1,8,635,51111,2,0,0.3059578537940979,0
E1_uniform_global,1,8,638,51114,2,0,0.6080766320228577,1
E1_uniform_global,1,8,642,51122,2,0,0.2421656847000122,0
E1_uniform_global,1,8,644,51124,2,0,0.24389344453811646,0
E1_uniform_global,1,8,656,51137,2,0,0.24561244249343872,0
E1_uniform_global,1,8,670,51154,2,0,0.39093729853630066,0
E1_uniform_global,1,8,694,51189,2,0,0.336655855178833,0
E1_uniform_global,1,8,701,51203,1,1,0.7735379934310913,1
E1_uniform_global,1,8,711,51215,1,1,0.3034435510635376,0
E1_uniform_global,1,8,730,51237,1,1,0.7773209810256958,1
E1_uniform_global,1,8,733,51241,1,1,0.7618252635002136,1
E1_uniform_global,1,8,745,51261,2,0,0.2419930249452591,0
E1_uniform_global,1,8,747,51264,2,0,0.25435829162597656,0
E1_uniform_global,1,8,758,51277,2,0,0.25252553820610046,0
E1_uniform_global,1,8,777,51306,2,0,0.4580327868461609,0
E1_uniform_global,1,8,783,51315,2,0,0.35296764969825745,0
E1_uniform_global,1,8,786,51320,1,1,0.7783569097518921,1
E1_uniform_global,1,8,788,51322,1,1,0.44829148054122925,0
E1_uniform_global,1,8,790,51325,1,1,0.5897681713104248,1
E1_uniform_global,1,8,791,51326,1,1,0.5104643702507019,1
E1_uniform_global,1,8,797,51332,2,0,0.24329215288162231,0
E1_uniform_global,1,8,801,51336,2,0,0.2418760061264038,0
E1_uniform_global,1,8,802,51338,2,0,0.7603470087051392,1
E1_uniform_global,1,8,816,51356,2,0,0.6925067901611328,1
E1_uniform_global,1,8,824,51365,2,0,0.25031712651252747,0
E1_uniform_global,1,8,825,51369,2,0,0.2419821321964264,0
E1_uniform_global,1,8,839,51487,2,0,0.2606188654899597,0
E1_uniform_global,1,9,0,50003,1,1,0.3166840672492981,0
E1_uniform_global,1,9,44,50053,1,1,0.3938872218132019,0
E1_uniform_global,1,9,51,50103,2,0,0.5137805938720703,1
E1_uniform_global,1,9,83,50147,1,1,0.7704803347587585,1
E1_uniform_global,1,9,96,50163,2,0,0.3639676868915558,0
E1_uniform_global,1,9,110,50190,1,1,0.8588153719902039,1
E1_uniform_global,1,9,116,50199,2,0,0.10007627308368683,0
E1_uniform_global,1,9,136,50240,1,1,0.8634986281394958,1
E1_uniform_global,1,9,155,50264,2,0,0.3491206169128418,0
E1_uniform_global,1,9,157,50266,2,0,0.09651146084070206,0
E1_uniform_global,1,9,161,50270,2,0,0.09627993404865265,0
E1_uniform_global,1,9,178,50294,1,1,0.7689464688301086,1
E1_uniform_global,1,9,180,50297,1,1,0.14234037697315216,0
E1_uniform_global,1,9,181,50298,1,1,0.13995476067066193,0
E1_uniform_global,1,9,182,50300,1,1,0.09539220482110977,0
E1_uniform_global,1,9,197,50327,2,0,0.09596976637840271,0
E1_uniform_global,1,9,202,50333,2,0,0.09621549397706985,0
E1_uniform_global,1,9,208,50339,2,0,0.09768270701169968,0
E1_uniform_global,1,9,237,50368,2,0,0.09677842259407043,0
E1_uniform_global,1,9,247,50380,2,0,0.2712012827396393,0
E1_uniform_global,1,9,249,50382,2,0,0.09908805787563324,0
E1_uniform_global,1,9,257,50397,1,1,0.8622336983680725,1
E1_uniform_global,1,9,267,50411,1,1,0.8646844029426575,1
E1_uniform_global,1,9,287,50437,2,0,0.8665868639945984,1
E1_uniform_global,1,9,294,50444,2,0,0.09558480978012085,0
E1_uniform_global,1,9,297,50447,2,0,0.10279520601034164,0
E1_uniform_global,1,9,310,50482,1,1,0.8653157949447632,1
E1_uniform_global,1,9,320,50494,1,1,0.39253678917884827,0
E1_uniform_global,1,9,341,50524,1,1,0.865868091583252,1
E1_uniform_global,1,9,352,50555,2,0,0.09613092988729477,0
E1_uniform_global,1,9,377,50613,1,1,0.8672794103622437,1
E1_uniform_global,1,9,378,50614,1,1,0.8685913681983948,1
E1_uniform_global,1,9,396,50654,1,1,0.09549999982118607,0
E1_uniform_global,1,9,400,50665,2,0,0.1617402881383896,0
E1_uniform_global,1,9,406,50687,2,0,0.1939140111207962,0
E1_uniform_global,1,9,409,50690,1,1,0.10027311742305756,0
E1_uniform_global,1,9,423,50704,1,1,0.09552241116762161,0
E1_uniform_global,1,9,424,50705,1,1,0.09597301483154297,0
E1_uniform_global,1,9,427,50708,1,1,0.8642750978469849,1
E1_uniform_global,1,9,434,50726,2,0,0.09764821827411652,0
E1_uniform_global,1,9,442,50739,2,0,0.17512015998363495,0
E1_uniform_global,1,9,452,50751,1,1,0.7336217164993286,1
E1_uniform_global,1,9,459,50773,2,0,0.23811276257038116,0
E1_uniform_global,1,9,463,50777,2,0,0.09678751230239868,0
E1_uniform_global,1,9,479,50803,1,1,0.8637654781341553,1
E1_uniform_global,1,9,488,50822,2,0,0.09550917893648148,0
E1_uniform_global,1,9,491,50952,1,1,0.8687305450439453,1
E1_uniform_global,1,9,500,50962,1,1,0.1019725352525711,0
E1_uniform_global,1,9,512,50977,1,1,0.7023587822914124,1
E1_uniform_global,1,9,520,50986,1,1,0.09597509354352951,0
E1_uniform_global,1,9,526,50992,1,1,0.31813904643058777,0
E1_uniform_global,1,9,534,51001,1,1,0.8686192035675049,1
E1_uniform_global,1,9,540,51009,1,1,0.8665707111358643,1
E1_uniform_global,1,9,552,51021,1,1,0.8685939908027649,1
E1_uniform_global,1,9,561,51032,1,1,0.824479341506958,1
E1_uniform_global,1,9,563,51034,1,1,0.6920212507247925,1
E1_uniform_global,1,9,565,51036,2,0,0.09683390706777573,0
E1_uniform_global,1,9,578,51051,2,0,0.10295316576957703,0
E1_uniform_global,1,9,591,51064,2,0,0.09596537053585052,0
E1_uniform_global,1,9,595,51068,2,0,0.49073129892349243,0
E1_uniform_global,1,9,602,51076,2,0,0.10455740988254547,0
E1_uniform_global,1,9,612,51086,2,0,0.1023939847946167,0
E1_uniform_global,1,9,622,51097,2,0,0.10385800153017044,0
E1_uniform_global,1,9,625,51100,2,0,0.2629970908164978,0
E1_uniform_global,1,9,631,51106,2,0,0.10155662894248962,0
E1_uniform_global,1,9,640,51117,2,0,0.09572342038154602,0
E1_uniform_global,1,9,643,51123,2,0,0.09625296294689178,0
E1_uniform_global,1,9,657,51138,2,0,0.1015404760837555,0
E1_uniform_global,1,9,679,51169,1,1,0.8634777665138245,1
E1_uniform_global,1,9,692,51187,2,0,0.09550405293703079,0
E1_uniform_global,1,9,693,51188,2,0,0.09816526621580124,0
E1_uniform_global,1,9,709,51212,1,1,0.8641299605369568,1
E1_uniform_global,1,9,715,51219,1,1,0.8653421401977539,1
E1_uniform_global,1,9,732,51240,1,1,0.8666203022003174,1
E1_uniform_global,1,9,743,51257,2,0,0.44362112879753113,0
E1_uniform_global,1,9,781,51311,2,0,0.10085177421569824,0
E1_uniform_global,1,9,795,51330,1,1,0.8637588024139404,1
E1_uniform_global,1,9,798,51333,2,0,0.09800299257040024,0
E1_uniform_global,1,9,809,51345,2,0,0.09559440612792969,0
E1_uniform_global,1,9,818,51359,2,0,0.8686556816101074,1
E1_uniform_global,1,9,822,51363,2,0,0.09907777607440948,0
E1_uniform_global,1,9,829,51463,1,1,0.8687384724617004,1
E1_uniform_global,1,9,837,51482,2,0,0.1050964742898941,0
E1_uniform_global,1,9,840,51488,2,0,0.09549353271722794,0
E1_uniform_global,1,9,843,51556,2,0,0.09599264711141586,0
E1_uniform_global,1,9,851,51565,2,0,0.09637581557035446,0
E1_uniform_global,1,9,862,51578,1,1,0.8640469908714294,1
E1_uniform_global,1,10,2,50005,1,1,0.9262142181396484,1
E1_uniform_global,1,10,11,50015,1,1,0.9250586032867432,1
E1_uniform_global,1,10,18,50026,1,1,0.9228827357292175,1
E1_uniform_global,1,10,19,50027,1,1,0.21262939274311066,0
E1_uniform_global,1,10,20,50028,1,1,0.9261502623558044,1
E1_uniform_global,1,10,27,50036,2,0,0.08491408824920654,0
E1_uniform_global,1,10,36,50045,2,0,0.9207697510719299,1
E1_uniform_global,1,10,38,50047,2,0,0.3219374716281891,0
E1_uniform_global,1,10,55,50107,2,0,0.16467991471290588,0
E1_uniform_global,1,10,63,50117,2,0,0.08859822899103165,0
E1_uniform_global,1,10,66,50121,1,1,0.9255645275115967,1
E1_uniform_global,1,10,72,50129,1,1,0.9255861043930054,1
E1_uniform_global,1,10,85,50149,1,1,0.9262128472328186,1
E1_uniform_global,1,10,98,50167,2,0,0.08947168290615082,0
E1_uniform_global,1,10,108,50188,1,1,0.08959467709064484,0
E1_uniform_global,1,10,113,50195,2,0,0.08680017292499542,0
E1_uniform_global,1,10,114,50196,2,0,0.2395227700471878,0
E1_uniform_global,1,10,126,50213,2,0,0.08631362020969391,0
E1_uniform_global,1,10,132,50234,1,1,0.924242377281189,1
E1_uniform_global,1,10,141,50248,1,1,0.9239282608032227,1
E1_uniform_global,1,10,145,50252,1,1,0.8082643747329712,1
E1_uniform_global,1,10,152,50261,2,0,0.9171927571296692,1
E1_uniform_global,1,10,156,50265,2,0,0.08828963339328766,0
E1_uniform_global,1,10,163,50272,1,1,0.9255585074424744,1
E1_uniform_global,1,10,176,50292,1,1,0.9261825084686279,1
E1_uniform_global,1,10,190,50315,1,1,0.9257239699363708,1
E1_uniform_global,1,10,200,50331,2,0,0.2576226592063904,0
E1_uniform_global,1,10,225,50356,2,0,0.0921618789434433,0
E1_uniform_global,1,10,235,50366,2,0,0.09150244295597076,0
E1_uniform_global,1,10,240,50372,2,0,0.0897023156285286,0
E1_uniform_global,1,10,246,50379,2,0,0.08756051957607269,0
E1_uniform_global,1,10,265,50408,1,1,0.0904146283864975,0
E1_uniform_global,1,10,275,50419,2,0,0.08898655325174332,0
E1_uniform_global,1,10,279,50425,2,0,0.08516700565814972,0
E1_uniform_global,1,10,285,50435,2,0,0.08929859101772308,0
E1_uniform_global,1,10,308,50480,1,1,0.9253774881362915,1
E1_uniform_global,1,10,315,50488,1,1,0.9260454773902893,1
E1_uniform_global,1,10,319,50493,1,1,0.9252554774284363,1
E1_uniform_global,1,10,348,50531,1,1,0.9156765341758728,1
E1_uniform_global,1,10,361,50571,2,0,0.2606232166290283,0
E1_uniform_global,1,10,376,50612,1,1,0.40190067887306213,0
E1_uniform_global,1,10,388,50626,1,1,0.9255715012550354,1
E1_uniform_global,1,10,393,50647,1,1,0.9227990508079529,1
E1_uniform_global,1,10,397,50656,2,0,0.14368321001529694,0
E1_uniform_global,1,10,405,50686,1,1,0.9252362251281738,1
E1_uniform_global,1,10,414,50695,1,1,0.20741432905197144,0
E1_uniform_global,1,10,448,50745,1,1,0.9261881113052368,1
E1_uniform_global,1,10,461,50775,2,0,0.0861910805106163,0
E1_uniform_global,1,10,464,50778,2,0,0.08660802990198135,0
E1_uniform_global,1,10,466,50781,2,0,0.4012651741504669,0
E1_uniform_global,1,10,476,50799,1,1,0.9248324036598206,1
E1_uniform_global,1,10,478,50801,1,1,0.8934268355369568,1
E1_uniform_global,1,10,486,50820,2,0,0.0894365981221199,0
E1_uniform_global,1,10,489,50823,1,1,0.9179069995880127,1
E1_uniform_global,1,10,490,50824,1,1,0.7883957028388977,1
E1_uniform_global,1,10,519,50985,1,1,0.9244042634963989,1
E1_uniform_global,1,10,568,51040,2,0,0.08487296104431152,0
E1_uniform_global,1,10,570,51042,2,0,0.08583129197359085,0
E1_uniform_global,1,10,579,51052,2,0,0.08806995302438736,0
E1_uniform_global,1,10,586,51059,2,0,0.09222584217786789,0
E1_uniform_global,1,10,589,51062,2,0,0.08947355300188065,0
E1_uniform_global,1,10,606,51080,2,0,0.9253532886505127,1
E1_uniform_global,1,10,609,51083,2,0,0.9261898398399353,1
E1_uniform_global,1,10,611,51085,2,0,0.9261159300804138,1
E1_uniform_global,1,10,652,51133,2,0,0.30816230177879333,0
E1_uniform_global,1,10,665,51149,2,0,0.08843959122896194,0
E1_uniform_global,1,10,677,51164,1,1,0.926191508769989,1
E1_uniform_global,1,10,688,51182,2,0,0.08624392747879028,0
E1_uniform_global,1,10,700,51202,1,1,0.9247807264328003,1
E1_uniform_global,1,10,705,51207,1,1,0.9252545833587646,1
E1_uniform_global,1,10,721,51225,1,1,0.5960549116134644,1
E1_uniform_global,1,10,740,51254,2,0,0.08845432847738266,0
E1_uniform_global,1,10,748,51265,2,0,0.09143511950969696,0
E1_uniform_global,1,10,749,51266,2,0,0.32158252596855164,0
E1_uniform_global,1,10,756,51275,2,0,0.09045068174600601,0
E1_uniform_global,1,10,766,51294,1,1,0.914141058921814,1
E1_uniform_global,1,10,768,51297,1,1,0.9261688590049744,1
E1_uniform_global,1,10,772,51301,1,1,0.683527410030365,1
E1_uniform_global,1,10,779,51308,2,0,0.09167125821113586,0
E1_uniform_global,1,10,780,51309,2,0,0.9230851531028748,1
E1_uniform_global,1,10,782,51313,2,0,0.09021224826574326,0
E1_uniform_global,1,10,800,51335,2,0,0.090964674949646,0
E1_uniform_global,1,10,834,51479,2,0,0.08502332121133804,0
E1_uniform_global,1,10,850,51564,2,0,0.08516192436218262,0
E1_uniform_global,1,10,853,51567,2,0,0.08539330214262009,0
E1_uniform_global,1,10,865,51582,1,1,0.9262065291404724,1
E1_uniform_global,1,10,868,51585,1,1,0.9253522753715515,1
E1_uniform_global,2,1,0,50003,1,1,0.7872738838195801,1
E1_uniform_global,2,1,7,50011,1,1,0.9098603129386902,1
E1_uniform_global,2,1,35,50044,2,0,0.07179388403892517,0
E1_uniform_global,2,1,39,50048,2,0,0.7898052334785461,1
E1_uniform_global,2,1,45,50054,2,0,0.912026047706604,1
E1_uniform_global,2,1,48,50059,2,0,0.6698203682899475,1
E1_uniform_global,2,1,53,50105,2,0,0.26081225275993347,0
E1_uniform_global,2,1,55,50107,2,0,0.2659165561199188,0
E1_uniform_global,2,1,72,50129,1,1,0.911185085773468,1
E1_uniform_global,2,1,73,50130,1,1,0.9115574955940247,1
E1_uniform_global,2,1,78,50142,1,1,0.9117134809494019,1
E1_uniform_global,2,1,81,50145,1,1,0.3129214346408844,0
E1_uniform_global,2,1,86,50150,1,1,0.08404697477817535,0
E1_uniform_global,2,1,95,50162,2,0,0.07187803089618683,0
E1_uniform_global,2,1,127,50214,2,0,0.07696779072284698,0
E1_uniform_global,2,1,138,50243,1,1,0.9119277000427246,1
E1_uniform_global,2,1,144,50251,1,1,0.5964931845664978,1
E1_uniform_global,2,1,149,50257,2,0,0.07191541790962219,0
E1_uniform_global,2,1,176,50292,1,1,0.91117924451828,1
E1_uniform_global,2,1,182,50300,1,1,0.14051248133182526,0
E1_uniform_global,2,1,192,50319,1,1,0.9125436544418335,1
E1_uniform_global,2,1,193,50320,1,1,0.9120402932167053,1
E1_uniform_global,2,1,204,50335,2,0,0.07268417626619339,0
E1_uniform_global,2,1,205,50336,2,0,0.7745925784111023,1
E1_uniform_global,2,1,231,50362,2,0,0.07227566093206406,0
E1_uniform_global,2,1,234,50365,2,0,0.07320602238178253,0
E1_uniform_global,2,1,242,50374,2,0,0.19040365517139435,0
E1_uniform_global,2,1,247,50380,2,0,0.3664146959781647,0
E1_uniform_global,2,1,248,50381,2,0,0.08204993605613708,0
E1_uniform_global,2,1,253,50387,2,0,0.07534179091453552,0
E1_uniform_global,2,1,259,50402,1,1,0.1878628134727478,0
E1_uniform_global,2,1,285,50435,2,0,0.10115662217140198,0
E1_uniform_global,2,1,286,50436,2,0,0.8359290361404419,1
E1_uniform_global,2,1,295,50445,2,0,0.07225415855646133,0
E1_uniform_global,2,1,300,50453,2,0,0.9066274166107178,1
E1_uniform_global,2,1,307,50477,1,1,0.9123635292053223,1
E1_uniform_global,2,1,329,50504,1,1,0.9101542234420776,1
E1_uniform_global,2,1,345,50528,1,1,0.9107745289802551,1
E1_uniform_global,2,1,348,50531,1,1,0.9101216793060303,1
E1_uniform_global,2,1,357,50565,2,0,0.3987824022769928,0
E1_uniform_global,2,1,359,50569,2,0,0.5573272705078125,1
E1_uniform_global,2,1,360,50570,2,0,0.0722789540886879,0
E1_uniform_global,2,1,369,50601,1,1,0.44899171590805054,0
E1_uniform_global,2,1,374,50607,1,1,0.07180564850568771,0
E1_uniform_global,2,1,385,50623,1,1,0.9095262289047241,1
E1_uniform_global,2,1,405,50686,1,1,0.9106854796409607,1
E1_uniform_global,2,1,411,50692,2,0,0.07178204506635666,0
E1_uniform_global,2,1,412,50693,1,1,0.2970733046531677,0
E1_uniform_global,2,1,425,50706,2,0,0.17190676927566528,0
E1_uniform_global,2,1,432,50724,2,0,0.07244345545768738,0
E1_uniform_global,2,1,466,50781,2,0,0.7644761800765991,1
E1_uniform_global,2,1,468,50783,2,0,0.07178223133087158,0
E1_uniform_global,2,1,471,50791,1,1,0.9073101878166199,1
E1_uniform_global,2,1,484,50817,2,0,0.0728638768196106,0
E1_uniform_global,2,1,495,50957,1,1,0.9126039147377014,1
E1_uniform_global,2,1,505,50968,1,1,0.9104124903678894,1
E1_uniform_global,2,1,506,50969,1,1,0.9124624133110046,1
E1_uniform_global,2,1,513,50978,1,1,0.910449743270874,1
E1_uniform_global,2,1,526,50992,1,1,0.8518093824386597,1
E1_uniform_global,2,1,532,50999,1,1,0.912566602230072,1
E1_uniform_global,2,1,555,51025,1,1,0.9113598465919495,1
E1_uniform_global,2,1,556,51026,1,1,0.9126002788543701,1
E1_uniform_global,2,1,566,51038,2,0,0.07177333533763885,0
E1_uniform_global,2,1,575,51048,2,0,0.14699071645736694,0
E1_uniform_global,2,1,585,51058,2,0,0.07559257000684738,0
E1_uniform_global,2,1,596,51069,2,0,0.07577534765005112,0
E1_uniform_global,2,1,603,51077,2,0,0.2986792325973511,0
E1_uniform_global,2,1,612,51086,2,0,0.07451022416353226,0
E1_uniform_global,2,1,653,51134,2,0,0.07191506028175354,0
E1_uniform_global,2,1,684,51178,1,1,0.9120431542396545,1
E1_uniform_global,2,1,686,51180,2,0,0.0836285948753357,0
E1_uniform_global,2,1,687,51181,2,0,0.32451003789901733,0
E1_uniform_global,2,1,695,51192,2,0,0.07292316854000092,0
E1_uniform_global,2,1,710,51214,1,1,0.9098805785179138,1
E1_uniform_global,2,1,716,51220,1,1,0.9125292897224426,1
E1_uniform_global,2,1,721,51225,1,1,0.8913474082946777,1
E1_uniform_global,2,1,749,51266,2,0,0.9125481843948364,1
E1_uniform_global,2,1,750,51267,2,0,0.07371155917644501,0
E1_uniform_global,2,1,771,51300,1,1,0.9117274284362793,1
E1_uniform_global,2,1,792,51327,1,1,0.910321831703186,1
E1_uniform_global,2,1,793,51328,1,1,0.9097963571548462,1
E1_uniform_global,2,1,806,51342,2,0,0.07405798137187958,0
E1_uniform_global,2,1,808,51344,2,0,0.25209635496139526,0
E1_uniform_global,2,1,816,51356,2,0,0.9126913547515869,1
E1_uniform_global,2,1,823,51364,2,0,0.25202080607414246,0
E1_uniform_global,2,1,837,51482,2,0,0.07653989642858505,0
E1_uniform_global,2,1,867,51584,1,1,0.9123446941375732,1
E1_uniform_global,2,1,869,51606,1,1,0.1911942958831787,0
E1_uniform_global,2,2,2,50005,1,1,0.8918299674987793,1
E1_uniform_global,2,2,6,50010,1,1,0.8953539133071899,1
E1_uniform_global,2,2,10,50014,1,1,0.8983296155929565,1
E1_uniform_global,2,2,24,50033,2,0,0.07955344021320343,0
E1_uniform_global,2,2,30,50039,2,0,0.741714358329773,1
E1_uniform_global,2,2,67,50123,1,1,0.9008004069328308,1
E1_uniform_global,2,2,76,50134,1,1,0.8923743367195129,1
E1_uniform_global,2,2,79,50143,1,1,0.895391047000885,1
E1_uniform_global,2,2,92,50159,2,0,0.9013267159461975,1
E1_uniform_global,2,2,98,50167,2,0,0.07976016402244568,0
E1_uniform_global,2,2,101,50170,2,0,0.08204954117536545,0
E1_uniform_global,2,2,115,50198,2,0,0.11766133457422256,0
E1_uniform_global,2,2,129,50217,2,0,0.07651764899492264,0
E1_uniform_global,2,2,140,50247,1,1,0.9003968834877014,1
E1_uniform_global,2,2,153,50262,2,0,0.07632080465555191,0
E1_uniform_global,2,2,155,50264,2,0,0.08270115405321121,0
E1_uniform_global,2,2,164,50273,1,1,0.8989421725273132,1
E1_uniform_global,2,2,169,50282,1,1,0.8418048620223999,1
E1_uniform_global,2,2,180,50297,1,1,0.17882142961025238,0
E1_uniform_global,2,2,187,50310,1,1,0.9008100628852844,1
E1_uniform_global,2,2,202,50333,2,0,0.10330764949321747,0
E1_uniform_global,2,2,212,50343,2,0,0.1884559541940689,0
E1_uniform_global,2,2,217,50348,2,0,0.0775003433227539,0
E1_uniform_global,2,2,228,50359,2,0,0.10430633276700974,0
E1_uniform_global,2,2,246,50379,2,0,0.0768585354089737,0
E1_uniform_global,2,2,251,50385,2,0,0.8909391164779663,1
E1_uniform_global,2,2,277,50422,2,0,0.7886879444122314,1
E1_uniform_global,2,2,280,50426,2,0,0.07633745670318604,0
E1_uniform_global,2,2,281,50427,2,0,0.07635791599750519,0
E1_uniform_global,2,2,288,50438,2,0,0.07630401104688644,0
E1_uniform_global,2,2,293,50443,2,0,0.4901697039604187,0
E1_uniform_global,2,2,326,50501,1,1,0.8985539674758911,1
E1_uniform_global,2,2,336,50518,1,1,0.9012876749038696,1
E1_uniform_global,2,2,340,50523,1,1,0.9006811380386353,1
E1_uniform_global,2,2,352,50555,2,0,0.07638499140739441,0
E1_uniform_global,2,2,354,50558,2,0,0.07642053067684174,0
E1_uniform_global,2,2,373,50606,1,1,0.894170880317688,1
E1_uniform_global,2,2,392,50644,1,1,0.833154559135437,1
E1_uniform_global,2,2,396,50654,1,1,0.3000306189060211,0
E1_uniform_global,2,2,403,50683,2,0,0.07633878290653229,0
E1_uniform_global,2,2,404,50685,2,0,0.09891985356807709,0
E1_uniform_global,2,2,417,50698,2,0,0.0980154499411583,0
E1_uniform_global,2,2,422,50703,2,0,0.09299129992723465,0
E1_uniform_global,2,2,437,50731,2,0,0.07889756560325623,0
E1_uniform_global,2,2,450,50749,1,1,0.895110547542572,1
E1_uniform_global,2,2,460,50774,2,0,0.07710118591785431,0
E1_uniform_global,2,2,462,50776,2,0,0.07630948722362518,0
E1_uniform_global,2,2,474,50797,1,1,0.566546618938446,1
E1_uniform_global,2,2,508,50972,1,1,0.9013285636901855,1
E1_uniform_global,2,2,514,50979,1,1,0.4775024652481079,0
E1_uniform_global,2,2,537,51006,1,1,0.9004002809524536,1
E1_uniform_global,2,2,538,51007,1,1,0.9013321399688721,1
E1_uniform_global,2,2,550,51019,1,1,0.9003467559814453,1
E1_uniform_global,2,2,554,51024,1,1,0.8991939425468445,1
E1_uniform_global,2,2,571,51044,2,0,0.08158431202173233,0
E1_uniform_global,2,2,579,51052,2,0,0.07784105837345123,0
E1_uniform_global,2,2,583,51056,2,0,0.08796800673007965,0
E1_uniform_global,2,2,590,51063,2,0,0.0810089185833931,0
E1_uniform_global,2,2,599,51073,2,0,0.08239778131246567,0
E1_uniform_global,2,2,622,51097,2,0,0.09154929220676422,0
E1_uniform_global,2,2,628,51103,2,0,0.08779653161764145,0
E1_uniform_global,2,2,638,51114,2,0,0.4757702350616455,0
E1_uniform_global,2,2,661,51142,2,0,0.07710161060094833,0
E1_uniform_global,2,2,672,51156,2,0,0.08264605700969696,0
E1_uniform_global,2,2,677,51164,1,1,0.9011789560317993,1
E1_uniform_global,2,2,689,51183,2,0,0.09268341213464737,0
E1_uniform_global,2,2,705,51207,1,1,0.8943189382553101,1
E1_uniform_global,2,2,706,51208,1,1,0.3869887590408325,0
E1_uniform_global,2,2,709,51212,1,1,0.892967700958252,1
E1_uniform_global,2,2,720,51224,1,1,0.8996695876121521,1
E1_uniform_global,2,2,723,51228,1,1,0.901091992855072,1
E1_uniform_global,2,2,728,51235,1,1,0.9010420441627502,1
E1_uniform_global,2,2,735,51249,1,1,0.8980697393417358,1
E1_uniform_global,2,2,737,51251,2,0,0.2675061821937561,0
E1_uniform_global,2,2,741,51255,2,0,0.07629935443401337,0
E1_uniform_global,2,2,767,51295,1,1,0.9007779955863953,1
E1_uniform_global,2,2,769,51298,1,1,0.9010767340660095,1
E1_uniform_global,2,2,770,51299,1,1,0.8959476947784424,1
E1_uniform_global,2,2,791,51326,1,1,0.7906569838523865,1
E1_uniform_global,2,2,795,51330,1,1,0.891063392162323,1
E1_uniform_global,2,2,805,51341,2,0,0.21131698787212372,0
E1_uniform_global,2,2,838,51484,2,0,0.07835473865270615,0
E1_uniform_global,2,2,853,51567,2,0,0.07634155452251434,0
E1_uniform_global,2,2,856,51570,2,0,0.1659945845603943,0
E1_uniform_global,2,2,858,51573,1,1,0.7266157269477844,1
E1_uniform_global,2,2,865,51582,1,1,0.8972010016441345,1
E1_uniform_global,2,2,868,51585,1,1,0.8989296555519104,1
E1_uniform_global,2,3,1,50004,1,1,0.8961400985717773,1
E1_uniform_global,2,3,4,50007,1,1,0.20129673182964325,0
E1_uniform_global,2,3,25,50034,2,0,0.052850451320409775,0
E1_uniform_global,2,3,34,50043,2,0,0.05921892821788788,0
E1_uniform_global,2,3,62,50116,2,0,0.08364217728376389,0
E1_uniform_global,2,3,108,50188,1,1,0.053302183747291565,0
E1_uniform_global,2,3,117,50200,2,0,0.053154416382312775,0
E1_uniform_global,2,3,125,50210,2,0,0.053157683461904526,0
E1_uniform_global,2,3,141,50248,1,1,0.896533191204071,1
E1_uniform_global,2,3,152,50261,2,0,0.8798497319221497,1
E1_uniform_global,2,3,162,50271,2,0,0.05741756781935692,0
E1_uniform_global,2,3,163,50272,1,1,0.8926747441291809,1
E1_uniform_global,2,3,177,50293,1,1,0.8830405473709106,1
E1_uniform_global,2,3,178,50294,1,1,0.8963282704353333,1
E1_uniform_global,2,3,200,50331,2,0,0.05420554429292679,0
E1_uniform_global,2,3,209,50340,2,0,0.05785625800490379,0
E1_uniform_global,2,3,218,50349,2,0,0.05633017420768738,0
E1_uniform_global,2,3,229,50360,2,0,0.056021738797426224,0
E1_uniform_global,2,3,243,50375,2,0,0.0539223812520504,0
E1_uniform_global,2,3,244,50376,2,0,0.3808080554008484,0
E1_uniform_global,2,3,265,50408,1,1,0.05921049043536186,0
E1_uniform_global,2,3,274,50418,2,0,0.05268683657050133,0
E1_uniform_global,2,3,283,50433,2,0,0.05421940237283707,0
E1_uniform_global,2,3,302,50466,2,0,0.05424376204609871,0
E1_uniform_global,2,3,311,50483,1,1,0.3186045289039612,0
E1_uniform_global,2,3,313,50486,1,1,0.8961212038993835,1
E1_uniform_global,2,3,321,50496,1,1,0.7395452857017517,1
E1_uniform_global,2,3,322,50497,1,1,0.8916435241699219,1
E1_uniform_global,2,3,341,50524,1,1,0.8957055807113647,1
E1_uniform_global,2,3,342,50525,1,1,0.8842223882675171,1
E1_uniform_global,2,3,355,50561,2,0,0.0532832145690918,0
E1_uniform_global,2,3,368,50578,2,0,0.8512274622917175,1
E1_uniform_global,2,3,370,50602,1,1,0.8910697102546692,1
E1_uniform_global,2,3,375,50608,1,1,0.3217181861400604,0
E1_uniform_global,2,3,378,50614,1,1,0.8840972185134888,1
E1_uniform_global,2,3,379,50615,1,1,0.8965179324150085,1
E1_uniform_global,2,3,390,50628,1,1,0.8929103016853333,1
E1_uniform_global,2,3,395,50649,1,1,0.20090556144714355,0
E1_uniform_global,2,3,399,50664,2,0,0.22159886360168457,0
E1_uniform_global,2,3,402,50682,2,0,0.052682578563690186,0
E1_uniform_global,2,3,421,50702,1,1,0.896150529384613,1
E1_uniform_global,2,3,429,50711,1,1,0.09011606872081757,0
E1_uniform_global,2,3,431,50723,2,0,0.05281909927725792,0
E1_uniform_global,2,3,439,50735,2,0,0.05361703038215637,0
E1_uniform_global,2,3,440,50737,2,0,0.054150260984897614,0
E1_uniform_global,2,3,445,50742,2,0,0.055078744888305664,0
E1_uniform_global,2,3,451,50750,1,1,0.871304452419281,1
E1_uniform_global,2,3,454,50754,1,1,0.8951161503791809,1
E1_uniform_global,2,3,455,50755,1,1,0.8946290612220764,1
E1_uniform_global,2,3,477,50800,1,1,0.8875439167022705,1
E1_uniform_global,2,3,480,50807,1,1,0.8962476253509521,1
E1_uniform_global,2,3,497,50959,1,1,0.4890935719013214,0
E1_uniform_global,2,3,516,50982,1,1,0.08089007437229156,0
E1_uniform_global,2,3,525,50991,1,1,0.08862759917974472,0
E1_uniform_global,2,3,548,51017,1,1,0.5638058185577393,1
E1_uniform_global,2,3,552,51021,1,1,0.8962394595146179,1
E1_uniform_global,2,3,587,51060,2,0,0.5926763415336609,1
E1_uniform_global,2,3,597,51070,2,0,0.052673984318971634,0
E1_uniform_global,2,3,614,51088,2,0,0.05740226432681084,0
E1_uniform_global,2,3,621,51096,2,0,0.0637257918715477,0
E1_uniform_global,2,3,631,51106,2,0,0.05917936936020851,0
E1_uniform_global,2,3,640,51117,2,0,0.052874889224767685,0
E1_uniform_global,2,3,644,51124,2,0,0.05429882928729057,0
E1_uniform_global,2,3,650,51131,2,0,0.0590028278529644,0
E1_uniform_global,2,3,655,51136,2,0,0.06943737715482712,0
E1_uniform_global,2,3,657,51138,2,0,0.05350157991051674,0
E1_uniform_global,2,3,663,51147,2,0,0.052836477756500244,0
E1_uniform_global,2,3,669,51153,2,0,0.05382842198014259,0
E1_uniform_global,2,3,671,51155,2,0,0.05806204304099083,0
E1_uniform_global,2,3,691,51185,2,0,0.32423409819602966,0
E1_uniform_global,2,3,693,51188,2,0,0.059244606643915176,0
E1_uniform_global,2,3,703,51205,1,1,0.8940602540969849,1
E1_uniform_global,2,3,711,51215,1,1,0.14353318512439728,0
E1_uniform_global,2,3,724,51229,1,1,0.8926721215248108,1
E1_uniform_global,2,3,725,51230,1,1,0.8960874676704407,1
E1_uniform_global,2,3,754,51272,2,0,0.055745434015989304,0
E1_uniform_global,2,3,757,51276,2,0,0.05299945920705795,0
E1_uniform_global,2,3,762,51281,2,0,0.05455322936177254,0
E1_uniform_global,2,3,772,51301,1,1,0.41803812980651855,0
E1_uniform_global,2,3,783,51315,2,0,0.053821299225091934,0
E1_uniform_global,2,3,787,51321,1,1,0.8007679581642151,1
E1_uniform_global,2,3,813,51350,1,1,0.8757696747779846,1
E1_uniform_global,2,3,818,51359,2,0,0.8946192264556885,1
E1_uniform_global,2,3,821,51362,2,0,0.05920257046818733,0
E1_uniform_global,2,3,829,51463,1,1,0.8963456749916077,1
E1_uniform_global,2,3,836,51481,2,0,0.053942836821079254,0
E1_uniform_global,2,3,861,51577,1,1,0.8964042067527771,1
E1_uniform_global,2,4,5,50008,1,1,0.672461986541748,1
E1_uniform_global,2,4,17,50025,1,1,0.6517019271850586,1
E1_uniform_global,2,4,23,50032,2,0,0.20222632586956024,0
E1_uniform_global,2,4,26,50035,2,0,0.3451237678527832,0
E1_uniform_global,2,4,28,50037,2,0,0.3297579288482666,0
E1_uniform_global,2,4,51,50103,2,0,0.597058892250061,1
E1_uniform_global,2,4,52,50104,2,0,0.20411278307437897,0
E1_uniform_global,2,4,56,50109,2,0,0.4193772077560425,0
E1_uniform_global,2,4,58,50112,2,0,0.5226583480834961,1
E1_uniform_global,2,4,88,50153,1,1,0.6441304683685303,1
E1_uniform_global,2,4,90,50157,2,0,0.27140161395072937,0
E1_uniform_global,2,4,100,50169,2,0,0.23322811722755432,0
E1_uniform_global,2,4,120,50203,2,0,0.20215445756912231,0
E1_uniform_global,2,4,131,50233,1,1,0.8108937740325928,1
E1_uniform_global,2,4,136,50240,1,1,0.8003299832344055,1
E1_uniform_global,2,4,161,50270,2,0,0.23276129364967346,0
E1_uniform_global,2,4,165,50274,1,1,0.7753639221191406,1
E1_uniform_global,2,4,172,50287,1,1,0.23449434340000153,0
E1_uniform_global,2,4,181,50298,1,1,0.5552869439125061,1
E1_uniform_global,2,4,191,50318,1,1,0.25434252619743347,0
E1_uniform_global,2,4,211,50342,2,0,0.2860259413719177,0
E1_uniform_global,2,4,213,50344,2,0,0.20411713421344757,0
E1_uniform_global,2,4,214,50345,2,0,0.20667821168899536,0
E1_uniform_global,2,4,225,50356,2,0,0.20285069942474365,0
E1_uniform_global,2,4,254,50388,2,0,0.21299304068088531,0
E1_uniform_global,2,4,271,50415,2,0,0.2404029369354248,0
E1_uniform_global,2,4,306,50470,2,0,0.4969485104084015,0
E1_uniform_global,2,4,312,50485,1,1,0.20377382636070251,0
E1_uniform_global,2,4,314,50487,1,1,0.7832233905792236,1
E1_uniform_global,2,4,315,50488,1,1,0.7598441243171692,1
E1_uniform_global,2,4,316,50490,1,1,0.6602182984352112,1
E1_uniform_global,2,4,334,50515,1,1,0.7972400784492493,1
E1_uniform_global,2,4,335,50516,1,1,0.5254276394844055,1
E1_uniform_global,2,4,356,50563,2,0,0.20568284392356873,0
E1_uniform_global,2,4,383,50621,1,1,0.7637182474136353,1
E1_uniform_global,2,4,388,50626,1,1,0.8106817007064819,1
E1_uniform_global,2,4,401,50669,2,0,0.7977184653282166,1
E1_uniform_global,2,4,416,50697,1,1,0.7928224205970764,1
E1_uniform_global,2,4,424,50705,1,1,0.48944956064224243,0
E1_uniform_global,2,4,442,50739,2,0,0.2345520555973053,0
E1_uniform_global,2,4,448,50745,1,1,0.8062025904655457,1
E1_uniform_global,2,4,452,50751,1,1,0.6251633167266846,1
E1_uniform_global,2,4,453,50752,1,1,0.31238603591918945,0
E1_uniform_global,2,4,457,50757,1,1,0.34583765268325806,0
E1_uniform_global,2,4,458,50772,2,0,0.8001155257225037,1
E1_uniform_global,2,4,464,50778,2,0,0.25485485792160034,0
E1_uniform_global,2,4,473,50796,1,1,0.7329467535018921,1
E1_uniform_global,2,4,476,50799,1,1,0.7800521850585938,1
E1_uniform_global,2,4,483,50816,2,0,0.2135804295539856,0
E1_uniform_global,2,4,515,50981,1,1,0.7382474541664124,1
E1_uniform_global,2,4,522,50988,1,1,0.7980724573135376,1
E1_uniform_global,2,4,545,51014,1,1,0.8012053370475769,1
E1_uniform_global,2,4,561,51032,1,1,0.7946317791938782,1
E1_uniform_global,2,4,572,51045,2,0,0.20260898768901825,0
E1_uniform_global,2,4,580,51053,2,0,0.22075137495994568,0
E1_uniform_global,2,4,581,51054,2,0,0.20235446095466614,0
E1_uniform_global,2,4,606,51080,2,0,0.4603820741176605,0
E1_uniform_global,2,4,607,51081,2,0,0.20678013563156128,0
E1_uniform_global,2,4,609,51083,2,0,0.7457886934280396,1
E1_uniform_global,2,4,630,51105,2,0,0.2066742479801178,0
E1_uniform_global,2,4,637,51113,2,0,0.2085687220096588,0
E1_uniform_global,2,4,646,51127,2,0,0.6562608480453491,1
E1_uniform_global,2,4,647,51128,2,0,0.21330079436302185,0
E1_uniform_global,2,4,652,51133,2,0,0.5031925439834595,1
E1_uniform_global,2,4,658,51139,2,0,0.21066518127918243,0
E1_uniform_global,2,4,659,51140,2,0,0.2090006321668625,0
E1_uniform_global,2,4,664,51148,2,0,0.20737120509147644,0
E1_uniform_global,2,4,674,51161,1,1,0.656903088092804,1
E1_uniform_global,2,4,675,51162,1,1,0.8100215196609497,1
E1_uniform_global,2,4,681,51171,1,1,0.5560715198516846,1
E1_uniform_global,2,4,682,51173,1,1,0.691140353679657,1
E1_uniform_global,2,4,697,51197,2,0,0.347829133272171,0
E1_uniform_global,2,4,704,51206,1,1,0.792512059211731,1
E1_uniform_global,2,4,714,51218,1,1,0.7679218649864197,1
E1_uniform_global,2,4,718,51222,1,1,0.2354673147201538,0
E1_uniform_global,2,4,733,51241,1,1,0.4800204038619995,0
E1_uniform_global,2,4,759,51278,2,0,0.5499632954597473,1
E1_uniform_global,2,4,766,51294,1,1,0.6045650243759155,1
E1_uniform_global,2,4,775,51304,2,0,0.36689871549606323,0
E1_uniform_global,2,4,776,51305,2,0,0.20927180349826813,0
E1_uniform_global,2,4,799,51334,2,0,0.22476543486118317,0
E1_uniform_global,2,4,804,51340,2,0,0.20216593146324158,0
E1_uniform_global,2,4,811,51347,2,0,0.21024362742900848,0
E1_uniform_global,2,4,830,51464,1,1,0.7709479331970215,1
E1_uniform_global,2,4,835,51480,2,0,0.20854789018630981,0
E1_uniform_global,2,4,855,51569,2,0,0.38385868072509766,0
E1_uniform_global,2,4,862,51578,1,1,0.7801010608673096,1
E1_uniform_global,2,5,3,50006,1,1,0.8195047378540039,1
E1_uniform_global,2,5,8,50012,1,1,0.8192057013511658,1
E1_uniform_global,2,5,12,50016,1,1,0.812602162361145,1
E1_uniform_global,2,5,14,50022,1,1,0.12978848814964294,0
E1_uniform_global,2,5,19,50027,1,1,0.1291564255952835,0
E1_uniform_global,2,5,21,50030,2,0,0.128651425242424,0
E1_uniform_global,2,5,29,50038,2,0,0.1299002468585968,0
E1_uniform_global,2,5,31,50040,2,0,0.1339697390794754,0
E1_uniform_global,2,5,63,50117,2,0,0.1365598738193512,0
E1_uniform_global,2,5,80,50144,1,1,0.8261865377426147,1
E1_uniform_global,2,5,82,50146,1,1,0.1289660483598709,0
E1_uniform_global,2,5,103,50182,1,1,0.5397952198982239,1
E1_uniform_global,2,5,113,50195,2,0,0.1285889893770218,0
E1_uniform_global,2,5,119,50202,2,0,0.17110846936702728,0
E1_uniform_global,2,5,126,50213,2,0,0.12843768298625946,0
E1_uniform_global,2,5,135,50239,1,1,0.15787740051746368,0
E1_uniform_global,2,5,142,50249,1,1,0.817986011505127,1
E1_uniform_global,2,5,156,50265,2,0,0.1402224600315094,0
E1_uniform_global,2,5,157,50266,2,0,0.13197362422943115,0
E1_uniform_global,2,5,170,50284,1,1,0.5439007878303528,1
E1_uniform_global,2,5,173,50289,1,1,0.3703807294368744,0
E1_uniform_global,2,5,175,50291,1,1,0.37716642022132874,0
E1_uniform_global,2,5,186,50308,1,1,0.6440438628196716,1
E1_uniform_global,2,5,195,50324,1,1,0.6594346761703491,1
E1_uniform_global,2,5,197,50327,2,0,0.12860380113124847,0
E1_uniform_global,2,5,198,50329,2,0,0.1531154364347458,0
E1_uniform_global,2,5,199,50330,2,0,0.13095510005950928,0
E1_uniform_global,2,5,206,50337,2,0,0.3271816670894623,0
E1_uniform_global,2,5,222,50353,2,0,0.1434522122144699,0
E1_uniform_global,2,5,236,50367,2,0,0.1284751147031784,0
E1_uniform_global,2,5,240,50372,2,0,0.128440260887146,0
E1_uniform_global,2,5,264,50407,1,1,0.8032498955726624,1
E1_uniform_global,2,5,267,50411,1,1,0.8260267376899719,1
E1_uniform_global,2,5,272,50416,2,0,0.12841224670410156,0
E1_uniform_global,2,5,275,50419,2,0,0.12843100726604462,0
E1_uniform_global,2,5,279,50425,2,0,0.16517378389835358,0
E1_uniform_global,2,5,292,50442,2,0,0.13279995322227478,0
E1_uniform_global,2,5,297,50447,2,0,0.17948377132415771,0
E1_uniform_global,2,5,298,50448,2,0,0.19673870503902435,0
E1_uniform_global,2,5,305,50469,2,0,0.13110026717185974,0
E1_uniform_global,2,5,309,50481,1,1,0.8259009122848511,1
E1_uniform_global,2,5,319,50493,1,1,0.8141967058181763,1
E1_uniform_global,2,5,320,50494,1,1,0.5263992547988892,1
E1_uniform_global,2,5,325,50500,1,1,0.825680136680603,1
E1_uniform_global,2,5,331,50509,1,1,0.682327389717102,1
E1_uniform_global,2,5,332,50510,1,1,0.8262171149253845,1
E1_uniform_global,2,5,338,50520,1,1,0.8256928324699402,1
E1_uniform_global,2,5,346,50529,1,1,0.8212382793426514,1
E1_uniform_global,2,5,367,50577,2,0,0.12853386998176575,0
E1_uniform_global,2,5,381,50619,1,1,0.824299693107605,1
E1_uniform_global,2,5,384,50622,1,1,0.8216120600700378,1
E1_uniform_global,2,5,398,50659,2,0,0.46714669466018677,0
E1_uniform_global,2,5,400,50665,2,0,0.38257327675819397,0
E1_uniform_global,2,5,433,50725,2,0,0.1284390687942505,0
E1_uniform_global,2,5,436,50730,2,0,0.1344475895166397,0
E1_uniform_global,2,5,487,50821,2,0,0.12848176062107086,0
E1_uniform_global,2,5,492,50954,1,1,0.13816243410110474,0
E1_uniform_global,2,5,503,50966,1,1,0.14338980615139008,0
E1_uniform_global,2,5,520,50986,1,1,0.28283819556236267,0
E1_uniform_global,2,5,530,50996,1,1,0.684887707233429,1
E1_uniform_global,2,5,546,51015,1,1,0.1299123913049698,0
E1_uniform_global,2,5,559,51029,1,1,0.8159462213516235,1
E1_uniform_global,2,5,560,51030,1,1,0.8162147402763367,1
E1_uniform_global,2,5,589,51062,2,0,0.12978285551071167,0
E1_uniform_global,2,5,594,51067,2,0,0.13567136228084564,0
E1_uniform_global,2,5,602,51076,2,0,0.1356668770313263,0
E1_uniform_global,2,5,613,51087,2,0,0.12923496961593628,0
E1_uniform_global,2,5,625,51100,2,0,0.1288188248872757,0
E1_uniform_global,2,5,629,51104,2,0,0.128463014960289,0
E1_uniform_global,2,5,635,51111,2,0,0.12848365306854248,0
E1_uniform_global,2,5,678,51168,1,1,0.5680427551269531,1
E1_uniform_global,2,5,690,51184,2,0,0.41078463196754456,0
E1_uniform_global,2,5,727,51234,1,1,0.8017192482948303,1
E1_uniform_global,2,5,743,51257,2,0,0.1952228844165802,0
E1_uniform_global,2,5,774,51303,2,0,0.12983503937721252,0
E1_uniform_global,2,5,780,51309,2,0,0.8262107968330383,1
E1_uniform_global,2,5,786,51320,1,1,0.8254152536392212,1
E1_uniform_global,2,5,810,51346,2,0,0.1290750652551651,0
E1_uniform_global,2,5,814,51351,1,1,0.15210393071174622,0
E1_uniform_global,2,5,815,51354,1,1,0.7566515207290649,1
E1_uniform_global,2,5,820,51361,2,0,0.1330718994140625,0
E1_uniform_global,2,5,834,51479,2,0,0.13659177720546722,0
E1_uniform_global,2,5,841,51491,2,0,0.12883862853050232,0
E1_uniform_global,2,5,844,51557,2,0,0.12966245412826538,0
E1_uniform_global,2,5,845,51558,2,0,0.12841607630252838,0
E1_uniform_global,2,5,846,51559,2,0,0.14755015075206757,0
E1_uniform_global,2,5,870,51607,1,1,0.14330585300922394,0
E1_uniform_global,2,6,13,50020,1,1,0.8760308027267456,1
E1_uniform_global,2,6,15,50023,1,1,0.7833873629570007,1
E1_uniform_global,2,6,22,50031,2,0,0.09319013357162476,0
E1_uniform_global,2,6,59,50113,2,0,0.09540475904941559,0
E1_uniform_global,2,6,60,50114,2,0,0.09452341496944427,0
E1_uniform_global,2,6,65,50119,1,1,0.09333695471286774,0
E1_uniform_global,2,6,71,50128,1,1,0.8641394972801208,1
E1_uniform_global,2,6,77,50135,1,1,0.8741563558578491,1
E1_uniform_global,2,6,89,50156,1,1,0.873441219329834,1
E1_uniform_global,2,6,93,50160,2,0,0.09422937035560608,0
E1_uniform_global,2,6,94,50161,2,0,0.10312837362289429,0
E1_uniform_global,2,6,96,50163,2,0,0.10246411710977554,0
E1_uniform_global,2,6,128,50215,2,0,0.09319037944078445,0
E1_uniform_global,2,6,143,50250,1,1,0.09768244624137878,0
E1_uniform_global,2,6,166,50275,1,1,0.7850818037986755,1
E1_uniform_global,2,6,167,50276,1,1,0.869464099407196,1
E1_uniform_global,2,6,168,50278,1,1,0.8760429620742798,1
E1_uniform_global,2,6,171,50285,1,1,0.6476280093193054,1
E1_uniform_global,2,6,174,50290,1,1,0.4873964488506317,0
E1_uniform_global,2,6,190,50315,1,1,0.8731092810630798,1
E1_uniform_global,2,6,219,50350,2,0,0.0950285792350769,0
E1_uniform_global,2,6,220,50351,2,0,0.09505347907543182,0
E1_uniform_global,2,6,227,50358,2,0,0.09458067268133163,0
E1_uniform_global,2,6,235,50366,2,0,0.09321662783622742,0
E1_uniform_global,2,6,276,50421,2,0,0.09381745755672455,0
E1_uniform_global,2,6,287,50437,2,0,0.8660628795623779,1
E1_uniform_global,2,6,290,50440,2,0,0.09374324977397919,0
E1_uniform_global,2,6,310,50482,1,1,0.8740644454956055,1
E1_uniform_global,2,6,327,50502,1,1,0.87608802318573,1
E1_uniform_global,2,6,333,50514,1,1,0.5387813448905945,1
E1_uniform_global,2,6,337,50519,1,1,0.8639855980873108,1
E1_uniform_global,2,6,350,50551,2,0,0.09904950857162476,0
E1_uniform_global,2,6,362,50572,2,0,0.09345472604036331,0
E1_uniform_global,2,6,382,50620,1,1,0.09620983153581619,0
E1_uniform_global,2,6,393,50647,1,1,0.2094220370054245,0
E1_uniform_global,2,6,406,50687,2,0,0.5189286470413208,1
E1_uniform_global,2,6,408,50689,1,1,0.875649631023407,1
E1_uniform_global,2,6,409,50690,1,1,0.09412603825330734,0
E1_uniform_global,2,6,418,50699,2,0,0.811962902545929,1
E1_uniform_global,2,6,423,50704,1,1,0.4191153049468994,0
E1_uniform_global,2,6,426,50707,2,0,0.09335712343454361,0
E1_uniform_global,2,6,435,50728,2,0,0.09633694589138031,0
E1_uniform_global,2,6,449,50748,1,1,0.8749173879623413,1
E1_uniform_global,2,6,456,50756,1,1,0.7057995796203613,1
E1_uniform_global,2,6,467,50782,2,0,0.09315557032823563,0
E1_uniform_global,2,6,486,50820,2,0,0.09502318501472473,0
E1_uniform_global,2,6,488,50822,2,0,0.09334941953420639,0
E1_uniform_global,2,6,489,50823,1,1,0.8729690909385681,1
E1_uniform_global,2,6,499,50961,1,1,0.6313056945800781,1
E1_uniform_global,2,6,500,50962,1,1,0.10073023289442062,0
E1_uniform_global,2,6,502,50965,1,1,0.8731227517127991,1
E1_uniform_global,2,6,531,50997,1,1,0.8757333755493164,1
E1_uniform_global,2,6,542,51011,1,1,0.871349036693573,1
E1_uniform_global,2,6,562,51033,1,1,0.6962079405784607,1
E1_uniform_global,2,6,577,51050,2,0,0.09336871653795242,0
E1_uniform_global,2,6,610,51084,2,0,0.8742915391921997,1
E1_uniform_global,2,6,615,51089,2,0,0.09462469816207886,0
E1_uniform_global,2,6,639,51116,2,0,0.09614642709493637,0
E1_uniform_global,2,6,648,51129,2,0,0.09462963789701462,0
E1_uniform_global,2,6,656,51137,2,0,0.09334546327590942,0
E1_uniform_global,2,6,679,51169,1,1,0.31499359011650085,0
E1_uniform_global,2,6,685,51179,1,1,0.871432363986969,1
E1_uniform_global,2,6,688,51182,2,0,0.09392732381820679,0
E1_uniform_global,2,6,700,51202,1,1,0.8688462376594543,1
E1_uniform_global,2,6,731,51239,1,1,0.8631730079650879,1
E1_uniform_global,2,6,744,51260,2,0,0.09334628283977509,0
E1_uniform_global,2,6,746,51262,2,0,0.33146345615386963,0
E1_uniform_global,2,6,747,51264,2,0,0.09326615184545517,0
E1_uniform_global,2,6,751,51268,2,0,0.09317996352910995,0
E1_uniform_global,2,6,753,51271,2,0,0.09369943290948868,0
E1_uniform_global,2,6,755,51273,2,0,0.7924483418464661,1
E1_uniform_global,2,6,760,51279,2,0,0.09370095282793045,0
E1_uniform_global,2,6,763,51291,1,1,0.8749097585678101,1
E1_uniform_global,2,6,768,51297,1,1,0.7924426794052124,1
E1_uniform_global,2,6,773,51302,1,1,0.1022103950381279,0
E1_uniform_global,2,6,779,51308,2,0,0.09463843703269958,0
E1_uniform_global,2,6,781,51311,2,0,0.09336226433515549,0
E1_uniform_global,2,6,801,51336,2,0,0.09317316114902496,0
E1_uniform_global,2,6,809,51345,2,0,0.09322398155927658,0
E1_uniform_global,2,6,824,51365,2,0,0.09409776329994202,0
E1_uniform_global,2,6,831,51465,1,1,0.8757938742637634,1
E1_uniform_global,2,6,840,51488,2,0,0.09314779937267303,0
E1_uniform_global,2,6,843,51556,2,0,0.09646857529878616,0
E1_uniform_global,2,6,848,51562,2,0,0.09318435937166214,0
E1_uniform_global,2,6,849,51563,2,0,0.09509385377168655,0
E1_uniform_global,2,6,854,51568,2,0,0.09906939417123795,0
E1_uniform_global,2,6,859,51574,1,1,0.7614725232124329,1
E1_uniform_global,2,7,38,50047,2,0,0.28280502557754517,0
E1_uniform_global,2,7,44,50053,1,1,0.5074068903923035,1
E1_uniform_global,2,7,46,50056,1,1,0.7931146621704102,1
E1_uniform_global,2,7,47,50057,1,1,0.22888953983783722,0
E1_uniform_global,2,7,57,50111,2,0,0.22370809316635132,0
E1_uniform_global,2,7,68,50124,1,1,0.7882537841796875,1
E1_uniform_global,2,7,69,50125,1,1,0.7280017137527466,1
E1_uniform_global,2,7,85,50149,1,1,0.6081203818321228,1
E1_uniform_global,2,7,91,50158,2,0,0.2290412038564682,0
E1_uniform_global,2,7,97,50164,2,0,0.2649601101875305,0
E1_uniform_global,2,7,111,50193,2,0,0.22499798238277435,0
E1_uniform_global,2,7,116,50199,2,0,0.22488483786582947,0
E1_uniform_global,2,7,137,50241,1,1,0.4990767240524292,0
E1_uniform_global,2,7,139,50245,1,1,0.5798713564872742,1
E1_uniform_global,2,7,145,50252,1,1,0.3207395076751709,0
E1_uniform_global,2,7,147,50254,1,1,0.43726620078086853,0
E1_uniform_global,2,7,148,50255,1,1,0.7003116607666016,1
E1_uniform_global,2,7,154,50263,2,0,0.232095405459404,0
E1_uniform_global,2,7,159,50268,2,0,0.22542177140712738,0
E1_uniform_global,2,7,185,50304,1,1,0.5220966339111328,1
E1_uniform_global,2,7,189,50314,1,1,0.7941802740097046,1
E1_uniform_global,2,7,201,50332,2,0,0.2274620234966278,0
E1_uniform_global,2,7,207,50338,2,0,0.22413001954555511,0
E1_uniform_global,2,7,208,50339,2,0,0.22393891215324402,0
E1_uniform_global,2,7,230,50361,2,0,0.2290356606245041,0
E1_uniform_global,2,7,238,50369,2,0,0.2302110493183136,0
E1_uniform_global,2,7,241,50373,2,0,0.24031265079975128,0
E1_uniform_global,2,7,249,50382,2,0,0.225500226020813,0
E1_uniform_global,2,7,269,50413,1,1,0.7902912497520447,1
E1_uniform_global,2,7,278,50424,2,0,0.22543135285377502,0
E1_uniform_global,2,7,308,50480,1,1,0.7584623098373413,1
E1_uniform_global,2,7,318,50492,1,1,0.7410237789154053,1
E1_uniform_global,2,7,330,50507,1,1,0.323687881231308,0
E1_uniform_global,2,7,351,50552,2,0,0.23547938466072083,0
E1_uniform_global,2,7,353,50557,2,0,0.22389020025730133,0
E1_uniform_global,2,7,364,50574,2,0,0.2876969873905182,0
E1_uniform_global,2,7,371,50603,1,1,0.7941757440567017,1
E1_uniform_global,2,7,376,50612,1,1,0.6053861379623413,1
E1_uniform_global,2,7,389,50627,1,1,0.6098341941833496,1
E1_uniform_global,2,7,410,50691,2,0,0.23366981744766235,0
E1_uniform_global,2,7,428,50709,2,0,0.24326561391353607,0
E1_uniform_global,2,7,438,50733,2,0,0.22362656891345978,0
E1_uniform_global,2,7,441,50738,2,0,0.22498144209384918,0
E1_uniform_global,2,7,444,50741,2,0,0.23166997730731964,0
E1_uniform_global,2,7,447,50744,1,1,0.6754723787307739,1
E1_uniform_global,2,7,463,50777,2,0,0.23162353038787842,0
E1_uniform_global,2,7,465,50780,2,0,0.261587917804718,0
E1_uniform_global,2,7,469,50786,2,0,0.23361216485500336,0
E1_uniform_global,2,7,478,50801,1,1,0.6133577823638916,1
E1_uniform_global,2,7,479,50803,1,1,0.7518265843391418,1
E1_uniform_global,2,7,493,50955,1,1,0.22543427348136902,0
E1_uniform_global,2,7,510,50974,1,1,0.6690624356269836,1
E1_uniform_global,2,7,521,50987,1,1,0.7929270267486572,1
E1_uniform_global,2,7,534,51001,1,1,0.7932030558586121,1
E1_uniform_global,2,7,544,51013,1,1,0.7251132726669312,1
E1_uniform_global,2,7,553,51023,1,1,0.7654780149459839,1
E1_uniform_global,2,7,558,51028,1,1,0.7938570380210876,1
E1_uniform_global,2,7,568,51040,2,0,0.22579644620418549,0
E1_uniform_global,2,7,582,51055,2,0,0.22500574588775635,0
E1_uniform_global,2,7,586,51059,2,0,0.23353712260723114,0
E1_uniform_global,2,7,595,51068,2,0,0.398246169090271,0
E1_uniform_global,2,7,598,51072,2,0,0.249153733253479,0
E1_uniform_global,2,7,600,51074,2,0,0.5779182314872742,1
E1_uniform_global,2,7,611,51085,2,0,0.7481244206428528,1
E1_uniform_global,2,7,616,51090,2,0,0.22500258684158325,0
E1_uniform_global,2,7,623,51098,2,0,0.2294824868440628,0
E1_uniform_global,2,7,627,51102,2,0,0.2288176715373993,0
E1_uniform_global,2,7,634,51110,2,0,0.23583965003490448,0
E1_uniform_global,2,7,651,51132,2,0,0.2253355085849762,0
E1_uniform_global,2,7,665,51149,2,0,0.22791381180286407,0
E1_uniform_global,2,7,668,51152,2,0,0.224043071269989,0
E1_uniform_global,2,7,670,51154,2,0,0.2273794710636139,0
E1_uniform_global,2,7,676,51163,1,1,0.6253265738487244,1
E1_uniform_global,2,7,694,51189,2,0,0.2429250180721283,0
E1_uniform_global,2,7,713,51217,1,1,0.23546281456947327,0
E1_uniform_global,2,7,719,51223,1,1,0.2979068458080292,0
E1_uniform_global,2,7,726,51231,1,1,0.4359670877456665,0
E1_uniform_global,2,7,729,51236,1,1,0.46757686138153076,0
E1_uniform_global,2,7,730,51237,1,1,0.7689381241798401,1
E1_uniform_global,2,7,732,51240,1,1,0.7931224703788757,1
E1_uniform_global,2,7,745,51261,2,0,0.25231727957725525,0
E1_uniform_global,2,7,790,51325,1,1,0.6296413540840149,1
E1_uniform_global,2,7,798,51333,2,0,0.22412852942943573,0
E1_uniform_global,2,7,807,51343,2,0,0.22365669906139374,0
E1_uniform_global,2,7,812,51349,1,1,0.2237570583820343,0
E1_uniform_global,2,7,833,51477,2,0,0.22360429167747498,0
E1_uniform_global,2,7,863,51579,1,1,0.2285289168357849,0
E1_uniform_global,2,8,49,50060,2,0,0.11010849475860596,0
E1_uniform_global,2,8,61,50115,2,0,0.11118721216917038,0
E1_uniform_global,2,8,64,50118,1,1,0.9450104236602783,1
E1_uniform_global,2,8,70,50127,1,1,0.9398908019065857,1
E1_uniform_global,2,8,102,50171,2,0,0.26476383209228516,0
E1_uniform_global,2,8,105,50184,1,1,0.945233941078186,1
E1_uniform_global,2,8,107,50187,1,1,0.11042696982622147,0
E1_uniform_global,2,8,112,50194,2,0,0.11042894423007965,0
E1_uniform_global,2,8,114,50196,2,0,0.5456700325012207,1
E1_uniform_global,2,8,118,50201,2,0,0.11105257272720337,0
E1_uniform_global,2,8,124,50208,2,0,0.14346188306808472,0
E1_uniform_global,2,8,133,50236,1,1,0.9455587267875671,1
E1_uniform_global,2,8,134,50237,1,1,0.9451537728309631,1
E1_uniform_global,2,8,146,50253,1,1,0.9457841515541077,1
E1_uniform_global,2,8,151,50260,2,0,0.11150553822517395,0
E1_uniform_global,2,8,160,50269,2,0,0.5272710919380188,1
E1_uniform_global,2,8,179,50295,1,1,0.9451459646224976,1
E1_uniform_global,2,8,183,50301,1,1,0.9455608129501343,1
E1_uniform_global,2,8,184,50302,1,1,0.9452349543571472,1
E1_uniform_global,2,8,196,50325,1,1,0.1153673529624939,0
E1_uniform_global,2,8,203,50334,2,0,0.9444873332977295,1
E1_uniform_global,2,8,210,50341,2,0,0.1122530996799469,0
E1_uniform_global,2,8,215,50346,2,0,0.10990963131189346,0
E1_uniform_global,2,8,216,50347,2,0,0.10969473421573639,0
E1_uniform_global,2,8,223,50354,2,0,0.14176695048809052,0
E1_uniform_global,2,8,224,50355,2,0,0.1128077507019043,0
E1_uniform_global,2,8,237,50368,2,0,0.10999121516942978,0
E1_uniform_global,2,8,255,50390,2,0,0.11303580552339554,0
E1_uniform_global,2,8,256,50391,2,0,0.11253855377435684,0
E1_uniform_global,2,8,260,50403,1,1,0.23964457213878632,0
E1_uniform_global,2,8,266,50410,1,1,0.9456954598426819,1
E1_uniform_global,2,8,296,50446,2,0,0.12677574157714844,0
E1_uniform_global,2,8,299,50449,2,0,0.12707245349884033,0
E1_uniform_global,2,8,328,50503,1,1,0.9455587267875671,1
E1_uniform_global,2,8,339,50521,1,1,0.7935314178466797,1
E1_uniform_global,2,8,343,50526,1,1,0.9452182054519653,1
E1_uniform_global,2,8,347,50530,1,1,0.9440895915031433,1
E1_uniform_global,2,8,349,50532,1,1,0.9440184831619263,1
E1_uniform_global,2,8,365,50575,2,0,0.3914880156517029,0
E1_uniform_global,2,8,377,50613,1,1,0.94498610496521,1
E1_uniform_global,2,8,386,50624,1,1,0.9456161260604858,1
E1_uniform_global,2,8,387,50625,1,1,0.11056680977344513,0
E1_uniform_global,2,8,413,50694,1,1,0.9446594715118408,1
E1_uniform_global,2,8,414,50695,1,1,0.8971010446548462,1
E1_uniform_global,2,8,470,50790,2,0,0.11093677580356598,0
E1_uniform_global,2,8,485,50818,2,0,0.11163700371980667,0
E1_uniform_global,2,8,496,50958,1,1,0.9436710476875305,1
E1_uniform_global,2,8,504,50967,1,1,0.9352962970733643,1
E1_uniform_global,2,8,517,50983,1,1,0.9455832839012146,1
E1_uniform_global,2,8,536,51003,1,1,0.9457700848579407,1
E1_uniform_global,2,8,540,51009,1,1,0.9449455142021179,1
E1_uniform_global,2,8,551,51020,1,1,0.9312993288040161,1
E1_uniform_global,2,8,569,51041,2,0,0.11738540232181549,0
E1_uniform_global,2,8,570,51042,2,0,0.1099872812628746,0
E1_uniform_global,2,8,574,51047,2,0,0.12054556608200073,0
E1_uniform_global,2,8,576,51049,2,0,0.11374668031930923,0
E1_uniform_global,2,8,584,51057,2,0,0.11246798187494278,0
E1_uniform_global,2,8,588,51061,2,0,0.10988248884677887,0
E1_uniform_global,2,8,593,51066,2,0,0.12064404040575027,0
E1_uniform_global,2,8,601,51075,2,0,0.12123413383960724,0
E1_uniform_global,2,8,633,51109,2,0,0.11310530453920364,0
E1_uniform_global,2,8,642,51122,2,0,0.1126284971833229,0
E1_uniform_global,2,8,645,51126,2,0,0.11949730664491653,0
E1_uniform_global,2,8,660,51141,2,0,0.9294213056564331,1
E1_uniform_global,2,8,673,51159,2,0,0.9457584619522095,1
E1_uniform_global,2,8,683,51177,1,1,0.9457023739814758,1
E1_uniform_global,2,8,698,51198,2,0,0.6545307636260986,1
E1_uniform_global,2,8,701,51203,1,1,0.9451770782470703,1
E1_uniform_global,2,8,715,51219,1,1,0.9449734687805176,1
E1_uniform_global,2,8,717,51221,1,1,0.9431148171424866,1
E1_uniform_global,2,8,722,51226,1,1,0.11457153409719467,0
E1_uniform_global,2,8,734,51248,1,1,0.9449619054794312,1
E1_uniform_global,2,8,738,51252,2,0,0.9457745552062988,1
E1_uniform_global,2,8,748,51265,2,0,0.10989634692668915,0
E1_uniform_global,2,8,778,51307,2,0,0.9451695084571838,1
E1_uniform_global,2,8,785,51319,1,1,0.9451293349266052,1
E1_uniform_global,2,8,803,51339,2,0,0.11024940013885498,0
E1_uniform_global,2,8,817,51357,2,0,0.10990329086780548,0
E1_uniform_global,2,8,826,51370,2,0,0.11000238358974457,0
E1_uniform_global,2,8,828,51461,1,1,0.9457561373710632,1
E1_uniform_global,2,8,832,51473,1,1,0.9073309898376465,1
E1_uniform_global,2,8,839,51487,2,0,0.18627841770648956,0
E1_uniform_global,2,8,847,51560,2,0,0.11161158233880997,0
E1_uniform_global,2,8,851,51565,2,0,0.6874855160713196,1
E1_uniform_global,2,8,852,51566,2,0,0.11057382076978683,0
E1_uniform_global,2,8,857,51572,1,1,0.9425556063652039,1
E1_uniform_global,2,8,866,51583,1,1,0.9428998827934265,1
E1_uniform_global,2,9,9,50013,1,1,0.9302137494087219,1
E1_uniform_global,2,9,20,50028,1,1,0.9315900802612305,1
E1_uniform_global,2,9,27,50036,2,0,0.10274390131235123,0
E1_uniform_global,2,9,32,50041,2,0,0.1062568873167038,0
E1_uniform_global,2,9,37,50046,2,0,0.10036204010248184,0
E1_uniform_global,2,9,40,50049,2,0,0.10183019191026688,0
E1_uniform_global,2,9,42,50051,2,0,0.35983267426490784,0
E1_uniform_global,2,9,50,50102,2,0,0.10235558450222015,0
E1_uniform_global,2,9,66,50121,1,1,0.931685745716095,1
E1_uniform_global,2,9,75,50132,1,1,0.9310627579689026,1
E1_uniform_global,2,9,83,50147,1,1,0.9311527609825134,1
E1_uniform_global,2,9,84,50148,1,1,0.9308589696884155,1
E1_uniform_global,2,9,87,50152,1,1,0.9315905570983887,1
E1_uniform_global,2,9,104,50183,1,1,0.9309175610542297,1
E1_uniform_global,2,9,121,50204,2,0,0.10523683577775955,0
E1_uniform_global,2,9,122,50205,2,0,0.10458962619304657,0
E1_uniform_global,2,9,123,50206,2,0,0.47109541296958923,0
E1_uniform_global,2,9,130,50232,1,1,0.9297044277191162,1
E1_uniform_global,2,9,132,50234,1,1,0.9283000826835632,1
E1_uniform_global,2,9,221,50352,2,0,0.2748994529247284,0
E1_uniform_global,2,9,226,50357,2,0,0.10418256372213364,0
E1_uniform_global,2,9,232,50363,2,0,0.9226099848747253,1
E1_uniform_global,2,9,250,50383,2,0,0.2155327945947647,0
E1_uniform_global,2,9,258,50399,1,1,0.9316494464874268,1
E1_uniform_global,2,9,261,50404,1,1,0.9315766096115112,1
E1_uniform_global,2,9,262,50405,1,1,0.9308862686157227,1
E1_uniform_global,2,9,282,50428,2,0,0.10052026063203812,0
E1_uniform_global,2,9,284,50434,2,0,0.10036838799715042,0
E1_uniform_global,2,9,289,50439,2,0,0.10646388679742813,0
E1_uniform_global,2,9,291,50441,2,0,0.10418256372213364,0
E1_uniform_global,2,9,301,50463,2,0,0.10295227915048599,0
E1_uniform_global,2,9,323,50498,1,1,0.9291837811470032,1
E1_uniform_global,2,9,344,50527,1,1,0.931580126285553,1
E1_uniform_global,2,9,358,50568,2,0,0.8355423212051392,1
E1_uniform_global,2,9,361,50571,2,0,0.7970467209815979,1
E1_uniform_global,2,9,363,50573,2,0,0.10061806440353394,0
E1_uniform_global,2,9,380,50616,1,1,0.9315829277038574,1
E1_uniform_global,2,9,391,50642,1,1,0.9228214621543884,1
E1_uniform_global,2,9,397,50656,2,0,0.5538861751556396,1
E1_uniform_global,2,9,407,50688,2,0,0.10125574469566345,0
E1_uniform_global,2,9,415,50696,1,1,0.9307464361190796,1
E1_uniform_global,2,9,419,50700,1,1,0.9316551089286804,1
E1_uniform_global,2,9,420,50701,2,0,0.10063481330871582,0
E1_uniform_global,2,9,427,50708,1,1,0.9314509034156799,1
E1_uniform_global,2,9,446,50743,1,1,0.9314882755279541,1
E1_uniform_global,2,9,461,50775,2,0,0.10073111951351166,0
E1_uniform_global,2,9,472,50792,1,1,0.9316523671150208,1
E1_uniform_global,2,9,481,50812,2,0,0.10094677656888962,0
E1_uniform_global,2,9,491,50952,1,1,0.931075930595398,1
E1_uniform_global,2,9,498,50960,1,1,0.4152127206325531,0
E1_uniform_global,2,9,511,50976,1,1,0.9316009283065796,1
E1_uniform_global,2,9,524,50990,1,1,0.9307268857955933,1
E1_uniform_global,2,9,539,51008,1,1,0.898266077041626,1
E1_uniform_global,2,9,541,51010,1,1,0.9101366996765137,1
E1_uniform_global,2,9,543,51012,1,1,0.9126275181770325,1
E1_uniform_global,2,9,563,51034,1,1,0.9311063289642334,1
E1_uniform_global,2,9,564,51035,1,1,0.9267229437828064,1
E1_uniform_global,2,9,592,51065,2,0,0.10037427395582199,0
E1_uniform_global,2,9,604,51078,2,0,0.10719560831785202,0
E1_uniform_global,2,9,605,51079,2,0,0.9287217855453491,1
E1_uniform_global,2,9,608,51082,2,0,0.25348445773124695,0
E1_uniform_global,2,9,620,51095,2,0,0.9287504553794861,1
E1_uniform_global,2,9,624,51099,2,0,0.10106990486383438,0
E1_uniform_global,2,9,632,51107,2,0,0.913934051990509,1
E1_uniform_global,2,9,643,51123,2,0,0.10164005309343338,0
E1_uniform_global,2,9,654,51135,2,0,0.723307728767395,1
E1_uniform_global,2,9,667,51151,2,0,0.10043778270483017,0
E1_uniform_global,2,9,680,51170,1,1,0.9258255362510681,1
E1_uniform_global,2,9,699,51201,1,1,0.9315691590309143,1
E1_uniform_global,2,9,708,51211,1,1,0.9315851926803589,1
E1_uniform_global,2,9,712,51216,1,1,0.10054173320531845,0
E1_uniform_global,2,9,736,51250,2,0,0.10368016362190247,0
E1_uniform_global,2,9,739,51253,2,0,0.10182196646928787,0
E1_uniform_global,2,9,740,51254,2,0,0.10523483157157898,0
E1_uniform_global,2,9,742,51256,2,0,0.10425760596990585,0
E1_uniform_global,2,9,752,51269,2,0,0.10222955048084259,0
E1_uniform_global,2,9,756,51275,2,0,0.10418029874563217,0
E1_uniform_global,2,9,784,51318,1,1,0.9197537899017334,1
E1_uniform_global,2,9,788,51322,1,1,0.9160572290420532,1
E1_uniform_global,2,9,789,51323,1,1,0.931354284286499,1
E1_uniform_global,2,9,794,51329,1,1,0.34026846289634705,0
E1_uniform_global,2,9,802,51338,2,0,0.9303543567657471,1
E1_uniform_global,2,9,822,51363,2,0,0.10123822093009949,0
E1_uniform_global,2,9,825,51369,2,0,0.10126141458749771,0
E1_uniform_global,2,9,827,51373,2,0,0.10276330262422562,0
E1_uniform_global,2,9,842,51493,2,0,0.10065791755914688,0
E1_uniform_global,2,9,864,51580,1,1,0.9303641319274902,1
E1_uniform_global,2,10,11,50015,1,1,0.9113743901252747,1
E1_uniform_global,2,10,16,50024,1,1,0.9135690331459045,1
E1_uniform_global,2,10,18,50026,1,1,0.9149197936058044,1
E1_uniform_global,2,10,33,50042,2,0,0.11707185953855515,0
E1_uniform_global,2,10,36,50045,2,0,0.30241960287094116,0
E1_uniform_global,2,10,41,50050,2,0,0.11613211780786514,0
E1_uniform_global,2,10,43,50052,2,0,0.8934742212295532,1
E1_uniform_global,2,10,54,50106,2,0,0.5722606778144836,1
E1_uniform_global,2,10,74,50131,1,1,0.7605006098747253,1
E1_uniform_global,2,10,99,50168,2,0,0.11679062247276306,0
E1_uniform_global,2,10,106,50186,1,1,0.9029362201690674,1
E1_uniform_global,2,10,109,50189,1,1,0.9131922125816345,1
E1_uniform_global,2,10,110,50190,1,1,0.9034132957458496,1
E1_uniform_global,2,10,150,50259,2,0,0.31995725631713867,0
E1_uniform_global,2,10,158,50267,2,0,0.116062693297863,0
E1_uniform_global,2,10,188,50312,1,1,0.9058687090873718,1
E1_uniform_global,2,10,194,50321,1,1,0.9135856032371521,1
E1_uniform_global,2,10,233,50364,2,0,0.3894895315170288,0
E1_uniform_global,2,10,239,50370,2,0,0.12833631038665771,0
E1_uniform_global,2,10,245,50377,2,0,0.11968757957220078,0
E1_uniform_global,2,10,252,50386,2,0,0.1164415255188942,0
E1_uniform_global,2,10,257,50397,1,1,0.9125626683235168,1
E1_uniform_global,2,10,263,50406,1,1,0.9121880531311035,1
E1_uniform_global,2,10,268,50412,1,1,0.9135782718658447,1
E1_uniform_global,2,10,270,50414,2,0,0.18068596720695496,0
E1_uniform_global,2,10,273,50417,2,0,0.11802374571561813,0
E1_uniform_global,2,10,294,50444,2,0,0.18567928671836853,0
E1_uniform_global,2,10,303,50467,2,0,0.12271453440189362,0
E1_uniform_global,2,10,304,50468,2,0,0.119304358959198,0
E1_uniform_global,2,10,317,50491,1,1,0.9045675992965698,1
E1_uniform_global,2,10,324,50499,1,1,0.9147293567657471,1
E1_uniform_global,2,10,366,50576,2,0,0.11611298471689224,0
E1_uniform_global,2,10,372,50604,1,1,0.9137033224105835,1
E1_uniform_global,2,10,394,50648,1,1,0.33204999566078186,0
E1_uniform_global,2,10,430,50722,2,0,0.11707521229982376,0
E1_uniform_global,2,10,434,50726,2,0,0.14976559579372406,0
E1_uniform_global,2,10,443,50740,2,0,0.13015855848789215,0
E1_uniform_global,2,10,459,50773,2,0,0.12442147731781006,0
E1_uniform_global,2,10,475,50798,1,1,0.12195974588394165,0
E1_uniform_global,2,10,482,50814,2,0,0.23101681470870972,0
E1_uniform_global,2,10,490,50824,1,1,0.2182474583387375,0
E1_uniform_global,2,10,494,50956,1,1,0.9123072028160095,1
E1_uniform_global,2,10,501,50964,1,1,0.9148639440536499,1
E1_uniform_global,2,10,507,50970,1,1,0.9152048826217651,1
E1_uniform_global,2,10,509,50973,1,1,0.9110879302024841,1
E1_uniform_global,2,10,512,50977,1,1,0.9144240617752075,1
E1_uniform_global,2,10,518,50984,1,1,0.9125659465789795,1
E1_uniform_global,2,10,519,50985,1,1,0.9130253195762634,1
E1_uniform_global,2,10,523,50989,1,1,0.9140081405639648,1
E1_uniform_global,2,10,527,50993,1,1,0.9124699234962463,1
E1_uniform_global,2,10,528,50994,1,1,0.9147890210151672,1
E1_uniform_global,2,10,529,50995,1,1,0.9122375249862671,1
E1_uniform_global,2,10,533,51000,1,1,0.9152082204818726,1
E1_uniform_global,2,10,535,51002,1,1,0.8647176623344421,1
E1_uniform_global,2,10,547,51016,1,1,0.9142762422561646,1
E1_uniform_global,2,10,549,51018,1,1,0.9139917492866516,1
E1_uniform_global,2,10,557,51027,1,1,0.9110962748527527,1
E1_uniform_global,2,10,565,51036,2,0,0.12158600240945816,0
E1_uniform_global,2,10,567,51039,2,0,0.11599922925233841,0
E1_uniform_global,2,10,573,51046,2,0,0.7308246493339539,1
E1_uniform_global,2,10,578,51051,2,0,0.12039988487958908,0
E1_uniform_global,2,10,591,51064,2,0,0.11854490637779236,0
E1_uniform_global,2,10,617,51091,2,0,0.1189066544175148,0
E1_uniform_global,2,10,618,51093,2,0,0.11713208258152008,0
E1_uniform_global,2,10,619,51094,2,0,0.11996827274560928,0
E1_uniform_global,2,10,626,51101,2,0,0.1198662593960762,0
E1_uniform_global,2,10,636,51112,2,0,0.117257259786129,0
E1_uniform_global,2,10,641,51118,2,0,0.8255069255828857,1
E1_uniform_global,2,10,649,51130,2,0,0.9082710146903992,1
E1_uniform_global,2,10,662,51146,2,0,0.11690977960824966,0
E1_uniform_global,2,10,666,51150,2,0,0.11606922745704651,0
E1_uniform_global,2,10,692,51187,2,0,0.11800266802310944,0
E1_uniform_global,2,10,696,51194,2,0,0.2509540915489197,0
E1_uniform_global,2,10,702,51204,1,1,0.9122542142868042,1
E1_uniform_global,2,10,707,51210,1,1,0.9077579379081726,1
E1_uniform_global,2,10,758,51277,2,0,0.11682353913784027,0
E1_uniform_global,2,10,761,51280,2,0,0.11638462543487549,0
E1_uniform_global,2,10,764,51292,1,1,0.9107997417449951,1
E1_uniform_global,2,10,765,51293,1,1,0.9140157699584961,1
E1_uniform_global,2,10,777,51306,2,0,0.2662448287010193,0
E1_uniform_global,2,10,782,51313,2,0,0.12240771949291229,0
E1_uniform_global,2,10,796,51331,1,1,0.9147889018058777,1
E1_uniform_global,2,10,797,51332,2,0,0.11675991117954254,0
E1_uniform_global,2,10,800,51335,2,0,0.12772800028324127,0
E1_uniform_global,2,10,819,51360,2,0,0.14662247896194458,0
E1_uniform_global,2,10,850,51564,2,0,0.11639833450317383,0
E1_uniform_global,2,10,860,51576,1,1,0.1614239662885666,0
E2_diagnosis_adaptive,0,1,10,50014,1,1,0.9306150674819946,1
E2_diagnosis_adaptive,0,1,14,50022,1,1,0.10535470396280289,0
E2_diagnosis_adaptive,0,1,36,50045,2,0,0.6845608949661255,1
E2_diagnosis_adaptive,0,1,42,50051,2,0,0.9270553588867188,1
E2_diagnosis_adaptive,0,1,49,50060,2,0,0.10287876427173615,0
E2_diagnosis_adaptive,0,1,53,50105,2,0,0.5998111963272095,1
E2_diagnosis_adaptive,0,1,63,50117,2,0,0.24261827766895294,0
E2_diagnosis_adaptive,0,1,67,50123,1,1,0.932883620262146,1
E2_diagnosis_adaptive,0,1,83,50147,1,1,0.8482620716094971,1
E2_diagnosis_adaptive,0,1,84,50148,1,1,0.9326032996177673,1
E2_diagnosis_adaptive,0,1,96,50163,2,0,0.11494127660989761,0
E2_diagnosis_adaptive,0,1,97,50164,2,0,0.08858516067266464,0
E2_diagnosis_adaptive,0,1,111,50193,2,0,0.08869427442550659,0
E2_diagnosis_adaptive,0,1,114,50196,2,0,0.5476420521736145,1
E2_diagnosis_adaptive,0,1,123,50206,2,0,0.6175026297569275,1
E2_diagnosis_adaptive,0,1,131,50233,1,1,0.9324031472206116,1
E2_diagnosis_adaptive,0,1,132,50234,1,1,0.9297993779182434,1
E2_diagnosis_adaptive,0,1,136,50240,1,1,0.9309917688369751,1
E2_diagnosis_adaptive,0,1,141,50248,1,1,0.9332945346832275,1
E2_diagnosis_adaptive,0,1,145,50252,1,1,0.8570587635040283,1
E2_diagnosis_adaptive,0,1,146,50253,1,1,0.9301490783691406,1
E2_diagnosis_adaptive,0,1,148,50255,1,1,0.9332727193832397,1
E2_diagnosis_adaptive,0,1,152,50261,2,0,0.9250573515892029,1
E2_diagnosis_adaptive,0,1,154,50263,2,0,0.08934944868087769,0
E2_diagnosis_adaptive,0,1,164,50273,1,1,0.9311555624008179,1
E2_diagnosis_adaptive,0,1,184,50302,1,1,0.9332330822944641,1
E2_diagnosis_adaptive,0,1,202,50333,2,0,0.08916810899972916,0
E2_diagnosis_adaptive,0,1,204,50335,2,0,0.09003358334302902,0
E2_diagnosis_adaptive,0,1,210,50341,2,0,0.09021583944559097,0
E2_diagnosis_adaptive,0,1,223,50354,2,0,0.08858556300401688,0
E2_diagnosis_adaptive,0,1,241,50373,2,0,0.15572302043437958,0
E2_diagnosis_adaptive,0,1,266,50410,1,1,0.927122175693512,1
E2_diagnosis_adaptive,0,1,271,50415,2,0,0.10082758963108063,0
E2_diagnosis_adaptive,0,1,275,50419,2,0,0.08955918252468109,0
E2_diagnosis_adaptive,0,1,278,50424,2,0,0.0885237380862236,0
E2_diagnosis_adaptive,0,1,286,50436,2,0,0.8857029676437378,1
E2_diagnosis_adaptive,0,1,292,50442,2,0,0.09408202022314072,0
E2_diagnosis_adaptive,0,1,302,50466,2,0,0.08996931463479996,0
E2_diagnosis_adaptive,0,1,303,50467,2,0,0.5067961812019348,1
E2_diagnosis_adaptive,0,1,323,50498,1,1,0.9276908040046692,1
E2_diagnosis_adaptive,0,1,326,50501,1,1,0.9307888746261597,1
E2_diagnosis_adaptive,0,1,346,50529,1,1,0.929388165473938,1
E2_diagnosis_adaptive,0,1,349,50532,1,1,0.9309805631637573,1
E2_diagnosis_adaptive,0,1,352,50555,2,0,0.08962777256965637,0
E2_diagnosis_adaptive,0,1,353,50557,2,0,0.09317627549171448,0
E2_diagnosis_adaptive,0,1,360,50570,2,0,0.09022188186645508,0
E2_diagnosis_adaptive,0,1,390,50628,1,1,0.932626485824585,1
E2_diagnosis_adaptive,0,1,397,50656,2,0,0.19410261511802673,0
E2_diagnosis_adaptive,0,1,405,50686,1,1,0.9319431781768799,1
E2_diagnosis_adaptive,0,1,408,50689,1,1,0.9337495565414429,1
E2_diagnosis_adaptive,0,1,430,50722,2,0,0.09077571332454681,0
E2_diagnosis_adaptive,0,1,435,50728,2,0,0.920332670211792,1
E2_diagnosis_adaptive,0,1,446,50743,1,1,0.9332208037376404,1
E2_diagnosis_adaptive,0,1,451,50750,1,1,0.9332648515701294,1
E2_diagnosis_adaptive,0,1,475,50798,1,1,0.09235595166683197,0
E2_diagnosis_adaptive,0,1,476,50799,1,1,0.933745801448822,1
E2_diagnosis_adaptive,0,1,481,50812,2,0,0.09210577607154846,0
E2_diagnosis_adaptive,0,1,490,50824,1,1,0.5785425305366516,1
E2_diagnosis_adaptive,0,1,511,50976,1,1,0.9337510466575623,1
E2_diagnosis_adaptive,0,1,522,50988,1,1,0.9337105751037598,1
E2_diagnosis_adaptive,0,1,525,50991,1,1,0.9200528860092163,1
E2_diagnosis_adaptive,0,1,537,51006,1,1,0.9334530234336853,1
E2_diagnosis_adaptive,0,1,541,51010,1,1,0.714156985282898,1
E2_diagnosis_adaptive,0,1,557,51027,1,1,0.9154601097106934,1
E2_diagnosis_adaptive,0,1,559,51029,1,1,0.918484091758728,1
E2_diagnosis_adaptive,0,1,579,51052,2,0,0.09802255034446716,0
E2_diagnosis_adaptive,0,1,584,51057,2,0,0.09514708071947098,0
E2_diagnosis_adaptive,0,1,633,51109,2,0,0.09282465279102325,0
E2_diagnosis_adaptive,0,1,636,51112,2,0,0.09757835417985916,0
E2_diagnosis_adaptive,0,1,648,51129,2,0,0.09158487617969513,0
E2_diagnosis_adaptive,0,1,655,51136,2,0,0.13377895951271057,0
E2_diagnosis_adaptive,0,1,670,51154,2,0,0.09166643023490906,0
E2_diagnosis_adaptive,0,1,692,51187,2,0,0.08866500854492188,0
E2_diagnosis_adaptive,0,1,695,51192,2,0,0.08875508606433868,0
E2_diagnosis_adaptive,0,1,696,51194,2,0,0.9276851415634155,1
E2_diagnosis_adaptive,0,1,727,51234,1,1,0.9305905103683472,1
E2_diagnosis_adaptive,0,1,732,51240,1,1,0.9327973127365112,1
E2_diagnosis_adaptive,0,1,762,51281,2,0,0.09758361428976059,0
E2_diagnosis_adaptive,0,1,765,51293,1,1,0.9337081909179688,1
E2_diagnosis_adaptive,0,1,766,51294,1,1,0.7985143661499023,1
E2_diagnosis_adaptive,0,1,779,51308,2,0,0.10112980753183365,0
E2_diagnosis_adaptive,0,1,795,51330,1,1,0.9337121248245239,1
E2_diagnosis_adaptive,0,1,798,51333,2,0,0.08850974589586258,0
E2_diagnosis_adaptive,0,1,825,51369,2,0,0.10277733951807022,0
E2_diagnosis_adaptive,0,1,828,51461,1,1,0.933618426322937,1
E2_diagnosis_adaptive,0,1,839,51487,2,0,0.3947694003582001,0
E2_diagnosis_adaptive,0,1,854,51568,2,0,0.09255462884902954,0
E2_diagnosis_adaptive,0,1,862,51578,1,1,0.9308446049690247,1
E2_diagnosis_adaptive,0,2,2,50005,1,1,0.8064470291137695,1
E2_diagnosis_adaptive,0,2,3,50006,1,1,0.9106605648994446,1
E2_diagnosis_adaptive,0,2,4,50007,1,1,0.7756455540657043,1
E2_diagnosis_adaptive,0,2,20,50028,1,1,0.9105706810951233,1
E2_diagnosis_adaptive,0,2,27,50036,2,0,0.08817429095506668,0
E2_diagnosis_adaptive,0,2,35,50044,2,0,0.08501885831356049,0
E2_diagnosis_adaptive,0,2,45,50054,2,0,0.8944939970970154,1
E2_diagnosis_adaptive,0,2,57,50111,2,0,0.09264359623193741,0
E2_diagnosis_adaptive,0,2,61,50115,2,0,0.09167451411485672,0
E2_diagnosis_adaptive,0,2,69,50125,1,1,0.9104925394058228,1
E2_diagnosis_adaptive,0,2,79,50143,1,1,0.9087085127830505,1
E2_diagnosis_adaptive,0,2,87,50152,1,1,0.9106617569923401,1
E2_diagnosis_adaptive,0,2,116,50199,2,0,0.08519198000431061,0
E2_diagnosis_adaptive,0,2,122,50205,2,0,0.0851629227399826,0
E2_diagnosis_adaptive,0,2,130,50232,1,1,0.9075757265090942,1
E2_diagnosis_adaptive,0,2,133,50236,1,1,0.9103641510009766,1
E2_diagnosis_adaptive,0,2,147,50254,1,1,0.9001415371894836,1
E2_diagnosis_adaptive,0,2,162,50271,2,0,0.08511927723884583,0
E2_diagnosis_adaptive,0,2,170,50284,1,1,0.3559328615665436,0
E2_diagnosis_adaptive,0,2,171,50285,1,1,0.08642850816249847,0
E2_diagnosis_adaptive,0,2,183,50301,1,1,0.8466335535049438,1
E2_diagnosis_adaptive,0,2,192,50319,1,1,0.9105425477027893,1
E2_diagnosis_adaptive,0,2,197,50327,2,0,0.08546753972768784,0
E2_diagnosis_adaptive,0,2,217,50348,2,0,0.08641155064105988,0
E2_diagnosis_adaptive,0,2,218,50349,2,0,0.09262114018201828,0
E2_diagnosis_adaptive,0,2,222,50353,2,0,0.09308718889951706,0
E2_diagnosis_adaptive,0,2,232,50363,2,0,0.13002529740333557,0
E2_diagnosis_adaptive,0,2,234,50365,2,0,0.08519574254751205,0
E2_diagnosis_adaptive,0,2,257,50397,1,1,0.9105613827705383,1
E2_diagnosis_adaptive,0,2,270,50414,2,0,0.3249001204967499,0
E2_diagnosis_adaptive,0,2,282,50428,2,0,0.08644863963127136,0
E2_diagnosis_adaptive,0,2,283,50433,2,0,0.08867430686950684,0
E2_diagnosis_adaptive,0,2,294,50444,2,0,0.12305580824613571,0
E2_diagnosis_adaptive,0,2,307,50477,1,1,0.8945373296737671,1
E2_diagnosis_adaptive,0,2,316,50490,1,1,0.8812474608421326,1
E2_diagnosis_adaptive,0,2,357,50565,2,0,0.2336897999048233,0
E2_diagnosis_adaptive,0,2,363,50573,2,0,0.09210612624883652,0
E2_diagnosis_adaptive,0,2,364,50574,2,0,0.09509056061506271,0
E2_diagnosis_adaptive,0,2,372,50604,1,1,0.9105633497238159,1
E2_diagnosis_adaptive,0,2,381,50619,1,1,0.9097232222557068,1
E2_diagnosis_adaptive,0,2,385,50623,1,1,0.9092435240745544,1
E2_diagnosis_adaptive,0,2,394,50648,1,1,0.10031044483184814,0
E2_diagnosis_adaptive,0,2,399,50664,2,0,0.1219930425286293,0
E2_diagnosis_adaptive,0,2,407,50688,2,0,0.19468142092227936,0
E2_diagnosis_adaptive,0,2,410,50691,2,0,0.08573146909475327,0
E2_diagnosis_adaptive,0,2,417,50698,2,0,0.1213029995560646,0
E2_diagnosis_adaptive,0,2,426,50707,2,0,0.08500702679157257,0
E2_diagnosis_adaptive,0,2,450,50749,1,1,0.9105634689331055,1
E2_diagnosis_adaptive,0,2,453,50752,1,1,0.8696731328964233,1
E2_diagnosis_adaptive,0,2,462,50776,2,0,0.08592826128005981,0
E2_diagnosis_adaptive,0,2,465,50780,2,0,0.10281449556350708,0
E2_diagnosis_adaptive,0,2,478,50801,1,1,0.8586122393608093,1
E2_diagnosis_adaptive,0,2,489,50823,1,1,0.8697253465652466,1
E2_diagnosis_adaptive,0,2,513,50978,1,1,0.9057347178459167,1
E2_diagnosis_adaptive,0,2,528,50994,1,1,0.9077825546264648,1
E2_diagnosis_adaptive,0,2,535,51002,1,1,0.7903780341148376,1
E2_diagnosis_adaptive,0,2,543,51012,1,1,0.8832376599311829,1
E2_diagnosis_adaptive,0,2,544,51013,1,1,0.5666450262069702,1
E2_diagnosis_adaptive,0,2,546,51015,1,1,0.08514338731765747,0
E2_diagnosis_adaptive,0,2,553,51023,1,1,0.9023266434669495,1
E2_diagnosis_adaptive,0,2,558,51028,1,1,0.9098281264305115,1
E2_diagnosis_adaptive,0,2,568,51040,2,0,0.09867144376039505,0
E2_diagnosis_adaptive,0,2,572,51045,2,0,0.09346065670251846,0
E2_diagnosis_adaptive,0,2,585,51058,2,0,0.08948718756437302,0
E2_diagnosis_adaptive,0,2,592,51065,2,0,0.09168996661901474,0
E2_diagnosis_adaptive,0,2,596,51069,2,0,0.09494484961032867,0
E2_diagnosis_adaptive,0,2,612,51086,2,0,0.0942809209227562,0
E2_diagnosis_adaptive,0,2,629,51104,2,0,0.08867403864860535,0
E2_diagnosis_adaptive,0,2,642,51122,2,0,0.09493609517812729,0
E2_diagnosis_adaptive,0,2,645,51126,2,0,0.0974825769662857,0
E2_diagnosis_adaptive,0,2,646,51127,2,0,0.3952677547931671,0
E2_diagnosis_adaptive,0,2,651,51132,2,0,0.08759992569684982,0
E2_diagnosis_adaptive,0,2,681,51171,1,1,0.7369011640548706,1
E2_diagnosis_adaptive,0,2,683,51177,1,1,0.9099212288856506,1
E2_diagnosis_adaptive,0,2,690,51184,2,0,0.11120028048753738,0
E2_diagnosis_adaptive,0,2,691,51185,2,0,0.5250165462493896,1
E2_diagnosis_adaptive,0,2,718,51222,1,1,0.08531418442726135,0
E2_diagnosis_adaptive,0,2,722,51226,1,1,0.08501261472702026,0
E2_diagnosis_adaptive,0,2,728,51235,1,1,0.9106404781341553,1
E2_diagnosis_adaptive,0,2,742,51256,2,0,0.09043935686349869,0
E2_diagnosis_adaptive,0,2,753,51271,2,0,0.09344848990440369,0
E2_diagnosis_adaptive,0,2,793,51328,1,1,0.9082417488098145,1
E2_diagnosis_adaptive,0,2,820,51361,2,0,0.08500877022743225,0
E2_diagnosis_adaptive,0,2,824,51365,2,0,0.08964221924543381,0
E2_diagnosis_adaptive,0,2,832,51473,1,1,0.20116259157657623,0
E2_diagnosis_adaptive,0,2,840,51488,2,0,0.10282079875469208,0
E2_diagnosis_adaptive,0,2,869,51606,1,1,0.08654066175222397,0
E2_diagnosis_adaptive,0,3,21,50030,2,0,0.48648184537887573,0
E2_diagnosis_adaptive,0,3,32,50041,2,0,0.0711100697517395,0
E2_diagnosis_adaptive,0,3,34,50043,2,0,0.4831823706626892,0
E2_diagnosis_adaptive,0,3,37,50046,2,0,0.06970541924238205,0
E2_diagnosis_adaptive,0,3,70,50127,1,1,0.07716841995716095,0
E2_diagnosis_adaptive,0,3,74,50131,1,1,0.5669727325439453,1
E2_diagnosis_adaptive,0,3,86,50150,1,1,0.7027319073677063,1
E2_diagnosis_adaptive,0,3,100,50169,2,0,0.06934340298175812,0
E2_diagnosis_adaptive,0,3,119,50202,2,0,0.07010266929864883,0
E2_diagnosis_adaptive,0,3,151,50260,2,0,0.06955663859844208,0
E2_diagnosis_adaptive,0,3,159,50268,2,0,0.06990814954042435,0
E2_diagnosis_adaptive,0,3,160,50269,2,0,0.14045844972133636,0
E2_diagnosis_adaptive,0,3,163,50272,1,1,0.8862178921699524,1
E2_diagnosis_adaptive,0,3,181,50298,1,1,0.5762216448783875,1
E2_diagnosis_adaptive,0,3,187,50310,1,1,0.7677611708641052,1
E2_diagnosis_adaptive,0,3,207,50338,2,0,0.07022126764059067,0
E2_diagnosis_adaptive,0,3,258,50399,1,1,0.3888257145881653,0
E2_diagnosis_adaptive,0,3,262,50405,1,1,0.8852306604385376,1
E2_diagnosis_adaptive,0,3,264,50407,1,1,0.8864864110946655,1
E2_diagnosis_adaptive,0,3,284,50434,2,0,0.06934287399053574,0
E2_diagnosis_adaptive,0,3,287,50437,2,0,0.8764573931694031,1
E2_diagnosis_adaptive,0,3,297,50447,2,0,0.23986533284187317,0
E2_diagnosis_adaptive,0,3,310,50482,1,1,0.8847985863685608,1
E2_diagnosis_adaptive,0,3,319,50493,1,1,0.8779109120368958,1
E2_diagnosis_adaptive,0,3,327,50502,1,1,0.8855070471763611,1
E2_diagnosis_adaptive,0,3,329,50504,1,1,0.8778992295265198,1
E2_diagnosis_adaptive,0,3,333,50514,1,1,0.4956817924976349,0
E2_diagnosis_adaptive,0,3,335,50516,1,1,0.8617422580718994,1
E2_diagnosis_adaptive,0,3,337,50519,1,1,0.8778535723686218,1
E2_diagnosis_adaptive,0,3,368,50578,2,0,0.6527765989303589,1
E2_diagnosis_adaptive,0,3,370,50602,1,1,0.881056547164917,1
E2_diagnosis_adaptive,0,3,371,50603,1,1,0.8861082792282104,1
E2_diagnosis_adaptive,0,3,379,50615,1,1,0.8851810693740845,1
E2_diagnosis_adaptive,0,3,411,50692,2,0,0.06953421980142593,0
E2_diagnosis_adaptive,0,3,425,50706,2,0,0.07009696960449219,0
E2_diagnosis_adaptive,0,3,434,50726,2,0,0.07328872382640839,0
E2_diagnosis_adaptive,0,3,439,50735,2,0,0.06951846182346344,0
E2_diagnosis_adaptive,0,3,444,50741,2,0,0.0698707103729248,0
E2_diagnosis_adaptive,0,3,456,50756,1,1,0.8801721930503845,1
E2_diagnosis_adaptive,0,3,457,50757,1,1,0.27281925082206726,0
E2_diagnosis_adaptive,0,3,497,50959,1,1,0.7113150358200073,1
E2_diagnosis_adaptive,0,3,499,50961,1,1,0.30493587255477905,0
E2_diagnosis_adaptive,0,3,502,50965,1,1,0.8839007616043091,1
E2_diagnosis_adaptive,0,3,507,50970,1,1,0.8820963501930237,1
E2_diagnosis_adaptive,0,3,514,50979,1,1,0.5344458818435669,1
E2_diagnosis_adaptive,0,3,539,51008,1,1,0.0732773020863533,0
E2_diagnosis_adaptive,0,3,562,51033,1,1,0.802331805229187,1
E2_diagnosis_adaptive,0,3,576,51049,2,0,0.07269677519798279,0
E2_diagnosis_adaptive,0,3,589,51062,2,0,0.07497143000364304,0
E2_diagnosis_adaptive,0,3,605,51079,2,0,0.6017921566963196,1
E2_diagnosis_adaptive,0,3,622,51097,2,0,0.07723534852266312,0
E2_diagnosis_adaptive,0,3,626,51101,2,0,0.06935201585292816,0
E2_diagnosis_adaptive,0,3,640,51117,2,0,0.07105405628681183,0
E2_diagnosis_adaptive,0,3,661,51142,2,0,0.0694054663181305,0
E2_diagnosis_adaptive,0,3,662,51146,2,0,0.0719606801867485,0
E2_diagnosis_adaptive,0,3,669,51153,2,0,0.06976939737796783,0
E2_diagnosis_adaptive,0,3,676,51163,1,1,0.24344205856323242,0
E2_diagnosis_adaptive,0,3,678,51168,1,1,0.2827395796775818,0
E2_diagnosis_adaptive,0,3,686,51180,2,0,0.06934315711259842,0
E2_diagnosis_adaptive,0,3,688,51182,2,0,0.06937181204557419,0
E2_diagnosis_adaptive,0,3,709,51212,1,1,0.8687859773635864,1
E2_diagnosis_adaptive,0,3,710,51214,1,1,0.88628089427948,1
E2_diagnosis_adaptive,0,3,713,51217,1,1,0.08013910055160522,0
E2_diagnosis_adaptive,0,3,714,51218,1,1,0.8688399791717529,1
E2_diagnosis_adaptive,0,3,716,51220,1,1,0.8314159512519836,1
E2_diagnosis_adaptive,0,3,723,51228,1,1,0.8863196969032288,1
E2_diagnosis_adaptive,0,3,737,51251,2,0,0.38886260986328125,0
E2_diagnosis_adaptive,0,3,739,51253,2,0,0.10437601059675217,0
E2_diagnosis_adaptive,0,3,745,51261,2,0,0.07112941890954971,0
E2_diagnosis_adaptive,0,3,747,51264,2,0,0.07107478380203247,0
E2_diagnosis_adaptive,0,3,754,51272,2,0,0.07619833201169968,0
E2_diagnosis_adaptive,0,3,755,51273,2,0,0.7519698143005371,1
E2_diagnosis_adaptive,0,3,756,51275,2,0,0.0707276239991188,0
E2_diagnosis_adaptive,0,3,780,51309,2,0,0.8862208127975464,1
E2_diagnosis_adaptive,0,3,786,51320,1,1,0.8816637396812439,1
E2_diagnosis_adaptive,0,3,791,51326,1,1,0.6975280046463013,1
E2_diagnosis_adaptive,0,3,800,51335,2,0,0.07441998273134232,0
E2_diagnosis_adaptive,0,3,806,51342,2,0,0.09978310018777847,0
E2_diagnosis_adaptive,0,3,819,51360,2,0,0.07184352725744247,0
E2_diagnosis_adaptive,0,3,831,51465,1,1,0.8865255117416382,1
E2_diagnosis_adaptive,0,3,834,51479,2,0,0.06940091401338577,0
E2_diagnosis_adaptive,0,3,836,51481,2,0,0.06963278353214264,0
E2_diagnosis_adaptive,0,3,842,51493,2,0,0.08349572867155075,0
E2_diagnosis_adaptive,0,3,852,51566,2,0,0.07335828989744186,0
E2_diagnosis_adaptive,0,3,853,51567,2,0,0.06957314163446426,0
E2_diagnosis_adaptive,0,3,857,51572,1,1,0.8858242630958557,1
E2_diagnosis_adaptive,0,3,868,51585,1,1,0.8841802477836609,1
E2_diagnosis_adaptive,0,4,8,50012,1,1,0.8023051023483276,1
E2_diagnosis_adaptive,0,4,13,50020,1,1,0.881086528301239,1
E2_diagnosis_adaptive,0,4,17,50025,1,1,0.8802010416984558,1
E2_diagnosis_adaptive,0,4,29,50038,2,0,0.12461768835783005,0
E2_diagnosis_adaptive,0,4,33,50042,2,0,0.12911689281463623,0
E2_diagnosis_adaptive,0,4,43,50052,2,0,0.14057014882564545,0
E2_diagnosis_adaptive,0,4,46,50056,1,1,0.8810900449752808,1
E2_diagnosis_adaptive,0,4,55,50107,2,0,0.2665269076824188,0
E2_diagnosis_adaptive,0,4,56,50109,2,0,0.12632597982883453,0
E2_diagnosis_adaptive,0,4,58,50112,2,0,0.12396054714918137,0
E2_diagnosis_adaptive,0,4,66,50121,1,1,0.8819594383239746,1
E2_diagnosis_adaptive,0,4,72,50129,1,1,0.8821271657943726,1
E2_diagnosis_adaptive,0,4,88,50153,1,1,0.8690807223320007,1
E2_diagnosis_adaptive,0,4,99,50168,2,0,0.12713149189949036,0
E2_diagnosis_adaptive,0,4,103,50182,1,1,0.8797995448112488,1
E2_diagnosis_adaptive,0,4,106,50186,1,1,0.8619588613510132,1
E2_diagnosis_adaptive,0,4,109,50189,1,1,0.8784613013267517,1
E2_diagnosis_adaptive,0,4,113,50195,2,0,0.12505246698856354,0
E2_diagnosis_adaptive,0,4,126,50213,2,0,0.1272227019071579,0
E2_diagnosis_adaptive,0,4,135,50239,1,1,0.8767637610435486,1
E2_diagnosis_adaptive,0,4,144,50251,1,1,0.4547727406024933,0
E2_diagnosis_adaptive,0,4,158,50267,2,0,0.12486298382282257,0
E2_diagnosis_adaptive,0,4,172,50287,1,1,0.13569414615631104,0
E2_diagnosis_adaptive,0,4,175,50291,1,1,0.7447951436042786,1
E2_diagnosis_adaptive,0,4,200,50331,2,0,0.13554158806800842,0
E2_diagnosis_adaptive,0,4,211,50342,2,0,0.1536402404308319,0
E2_diagnosis_adaptive,0,4,230,50361,2,0,0.12676583230495453,0
E2_diagnosis_adaptive,0,4,231,50362,2,0,0.12374551594257355,0
E2_diagnosis_adaptive,0,4,236,50367,2,0,0.12378783524036407,0
E2_diagnosis_adaptive,0,4,243,50375,2,0,0.1271946132183075,0
E2_diagnosis_adaptive,0,4,244,50376,2,0,0.13496926426887512,0
E2_diagnosis_adaptive,0,4,263,50406,1,1,0.8803521394729614,1
E2_diagnosis_adaptive,0,4,280,50426,2,0,0.12463854253292084,0
E2_diagnosis_adaptive,0,4,288,50438,2,0,0.12399672716856003,0
E2_diagnosis_adaptive,0,4,306,50470,2,0,0.40719959139823914,0
E2_diagnosis_adaptive,0,4,328,50503,1,1,0.8812870383262634,1
E2_diagnosis_adaptive,0,4,339,50521,1,1,0.8459135890007019,1
E2_diagnosis_adaptive,0,4,341,50524,1,1,0.8785667419433594,1
E2_diagnosis_adaptive,0,4,345,50528,1,1,0.8799958229064941,1
E2_diagnosis_adaptive,0,4,348,50531,1,1,0.8432109355926514,1
E2_diagnosis_adaptive,0,4,351,50552,2,0,0.1423504799604416,0
E2_diagnosis_adaptive,0,4,386,50624,1,1,0.8821634650230408,1
E2_diagnosis_adaptive,0,4,412,50693,1,1,0.2392512559890747,0
E2_diagnosis_adaptive,0,4,416,50697,1,1,0.870358943939209,1
E2_diagnosis_adaptive,0,4,436,50730,2,0,0.12966446578502655,0
E2_diagnosis_adaptive,0,4,441,50738,2,0,0.12656576931476593,0
E2_diagnosis_adaptive,0,4,445,50742,2,0,0.12381985783576965,0
E2_diagnosis_adaptive,0,4,455,50755,1,1,0.8821709156036377,1
E2_diagnosis_adaptive,0,4,460,50774,2,0,0.12484714388847351,0
E2_diagnosis_adaptive,0,4,461,50775,2,0,0.12390372902154922,0
E2_diagnosis_adaptive,0,4,467,50782,2,0,0.12396273761987686,0
E2_diagnosis_adaptive,0,4,496,50958,1,1,0.872565746307373,1
E2_diagnosis_adaptive,0,4,498,50960,1,1,0.739905059337616,1
E2_diagnosis_adaptive,0,4,508,50972,1,1,0.8819586634635925,1
E2_diagnosis_adaptive,0,4,509,50973,1,1,0.8700997233390808,1
E2_diagnosis_adaptive,0,4,510,50974,1,1,0.8815103769302368,1
E2_diagnosis_adaptive,0,4,516,50982,1,1,0.15369464457035065,0
E2_diagnosis_adaptive,0,4,527,50993,1,1,0.8810173869132996,1
E2_diagnosis_adaptive,0,4,551,51020,1,1,0.8546827435493469,1
E2_diagnosis_adaptive,0,4,555,51025,1,1,0.8804256916046143,1
E2_diagnosis_adaptive,0,4,566,51038,2,0,0.12442776560783386,0
E2_diagnosis_adaptive,0,4,577,51050,2,0,0.12373244762420654,0
E2_diagnosis_adaptive,0,4,586,51059,2,0,0.13047745823860168,0
E2_diagnosis_adaptive,0,4,599,51073,2,0,0.1248326227068901,0
E2_diagnosis_adaptive,0,4,606,51080,2,0,0.6501504778862,1
E2_diagnosis_adaptive,0,4,607,51081,2,0,0.12772446870803833,0
E2_diagnosis_adaptive,0,4,616,51090,2,0,0.12432742118835449,0
E2_diagnosis_adaptive,0,4,619,51094,2,0,0.12771502137184143,0
E2_diagnosis_adaptive,0,4,631,51106,2,0,0.12711766362190247,0
E2_diagnosis_adaptive,0,4,632,51107,2,0,0.8623664975166321,1
E2_diagnosis_adaptive,0,4,657,51138,2,0,0.12881329655647278,0
E2_diagnosis_adaptive,0,4,658,51139,2,0,0.12465619295835495,0
E2_diagnosis_adaptive,0,4,664,51148,2,0,0.13096633553504944,0
E2_diagnosis_adaptive,0,4,665,51149,2,0,0.12429042905569077,0
E2_diagnosis_adaptive,0,4,693,51188,2,0,0.1302827149629593,0
E2_diagnosis_adaptive,0,4,697,51197,2,0,0.12724150717258453,0
E2_diagnosis_adaptive,0,4,698,51198,2,0,0.15177474915981293,0
E2_diagnosis_adaptive,0,4,700,51202,1,1,0.8802827000617981,1
E2_diagnosis_adaptive,0,4,701,51203,1,1,0.8821509480476379,1
E2_diagnosis_adaptive,0,4,703,51205,1,1,0.8802775740623474,1
E2_diagnosis_adaptive,0,4,730,51237,1,1,0.8819949626922607,1
E2_diagnosis_adaptive,0,4,735,51249,1,1,0.8818406462669373,1
E2_diagnosis_adaptive,0,4,767,51295,1,1,0.8821975588798523,1
E2_diagnosis_adaptive,0,4,772,51301,1,1,0.6002171039581299,1
E2_diagnosis_adaptive,0,4,776,51305,2,0,0.6619516611099243,1
E2_diagnosis_adaptive,0,4,845,51558,2,0,0.12386497110128403,0
E2_diagnosis_adaptive,0,4,851,51565,2,0,0.18119144439697266,0
E2_diagnosis_adaptive,0,5,0,50003,1,1,0.0667550191283226,0
E2_diagnosis_adaptive,0,5,6,50010,1,1,0.9305658340454102,1
E2_diagnosis_adaptive,0,5,18,50026,1,1,0.5714048743247986,1
E2_diagnosis_adaptive,0,5,19,50027,1,1,0.061175309121608734,0
E2_diagnosis_adaptive,0,5,50,50102,2,0,0.06122388318181038,0
E2_diagnosis_adaptive,0,5,64,50118,1,1,0.9272516965866089,1
E2_diagnosis_adaptive,0,5,77,50135,1,1,0.9306269288063049,1
E2_diagnosis_adaptive,0,5,78,50142,1,1,0.9286100268363953,1
E2_diagnosis_adaptive,0,5,81,50145,1,1,0.06342882663011551,0
E2_diagnosis_adaptive,0,5,98,50167,2,0,0.06224443018436432,0
E2_diagnosis_adaptive,0,5,112,50194,2,0,0.06212065368890762,0
E2_diagnosis_adaptive,0,5,125,50210,2,0,0.06207270175218582,0
E2_diagnosis_adaptive,0,5,128,50215,2,0,0.06150538846850395,0
E2_diagnosis_adaptive,0,5,142,50249,1,1,0.9291878342628479,1
E2_diagnosis_adaptive,0,5,143,50250,1,1,0.061182864010334015,0
E2_diagnosis_adaptive,0,5,157,50266,2,0,0.06209898740053177,0
E2_diagnosis_adaptive,0,5,161,50270,2,0,0.061934586614370346,0
E2_diagnosis_adaptive,0,5,167,50276,1,1,0.9296950101852417,1
E2_diagnosis_adaptive,0,5,198,50329,2,0,0.17021667957305908,0
E2_diagnosis_adaptive,0,5,205,50336,2,0,0.0636063888669014,0
E2_diagnosis_adaptive,0,5,220,50351,2,0,0.06304136663675308,0
E2_diagnosis_adaptive,0,5,221,50352,2,0,0.06268198043107986,0
E2_diagnosis_adaptive,0,5,226,50357,2,0,0.06235675513744354,0
E2_diagnosis_adaptive,0,5,227,50358,2,0,0.15655672550201416,0
E2_diagnosis_adaptive,0,5,249,50382,2,0,0.06256121397018433,0
E2_diagnosis_adaptive,0,5,250,50383,2,0,0.06181188300251961,0
E2_diagnosis_adaptive,0,5,267,50411,1,1,0.9296902418136597,1
E2_diagnosis_adaptive,0,5,277,50422,2,0,0.08256198465824127,0
E2_diagnosis_adaptive,0,5,305,50469,2,0,0.06117375195026398,0
E2_diagnosis_adaptive,0,5,318,50492,1,1,0.9288837313652039,1
E2_diagnosis_adaptive,0,5,321,50496,1,1,0.9269683957099915,1
E2_diagnosis_adaptive,0,5,336,50518,1,1,0.930870532989502,1
E2_diagnosis_adaptive,0,5,367,50577,2,0,0.06138987094163895,0
E2_diagnosis_adaptive,0,5,373,50606,1,1,0.9308145642280579,1
E2_diagnosis_adaptive,0,5,383,50621,1,1,0.903117299079895,1
E2_diagnosis_adaptive,0,5,391,50642,1,1,0.7258418798446655,1
E2_diagnosis_adaptive,0,5,433,50725,2,0,0.06194629520177841,0
E2_diagnosis_adaptive,0,5,469,50786,2,0,0.0678454041481018,0
E2_diagnosis_adaptive,0,5,471,50791,1,1,0.8167784214019775,1
E2_diagnosis_adaptive,0,5,500,50962,1,1,0.7588292360305786,1
E2_diagnosis_adaptive,0,5,504,50967,1,1,0.9271625876426697,1
E2_diagnosis_adaptive,0,5,529,50995,1,1,0.9276576638221741,1
E2_diagnosis_adaptive,0,5,533,51000,1,1,0.9296319484710693,1
E2_diagnosis_adaptive,0,5,556,51026,1,1,0.9308731555938721,1
E2_diagnosis_adaptive,0,5,560,51030,1,1,0.9289756417274475,1
E2_diagnosis_adaptive,0,5,567,51039,2,0,0.06112377345561981,0
E2_diagnosis_adaptive,0,5,570,51042,2,0,0.06119862198829651,0
E2_diagnosis_adaptive,0,5,574,51047,2,0,0.06128602474927902,0
E2_diagnosis_adaptive,0,5,597,51070,2,0,0.06713416427373886,0
E2_diagnosis_adaptive,0,5,601,51075,2,0,0.06430552899837494,0
E2_diagnosis_adaptive,0,5,621,51096,2,0,0.06208396330475807,0
E2_diagnosis_adaptive,0,5,624,51099,2,0,0.062100235372781754,0
E2_diagnosis_adaptive,0,5,625,51100,2,0,0.06113898754119873,0
E2_diagnosis_adaptive,0,5,628,51103,2,0,0.0611749142408371,0
E2_diagnosis_adaptive,0,5,643,51123,2,0,0.06113229691982269,0
E2_diagnosis_adaptive,0,5,647,51128,2,0,0.06113068014383316,0
E2_diagnosis_adaptive,0,5,650,51131,2,0,0.0630243718624115,0
E2_diagnosis_adaptive,0,5,654,51135,2,0,0.06120177358388901,0
E2_diagnosis_adaptive,0,5,656,51137,2,0,0.06248343363404274,0
E2_diagnosis_adaptive,0,5,659,51140,2,0,0.06119342893362045,0
E2_diagnosis_adaptive,0,5,671,51155,2,0,0.06111888960003853,0
E2_diagnosis_adaptive,0,5,674,51161,1,1,0.927855372428894,1
E2_diagnosis_adaptive,0,5,680,51170,1,1,0.09404239058494568,0
E2_diagnosis_adaptive,0,5,702,51204,1,1,0.9279826879501343,1
E2_diagnosis_adaptive,0,5,733,51241,1,1,0.9306920170783997,1
E2_diagnosis_adaptive,0,5,734,51248,1,1,0.9306927919387817,1
E2_diagnosis_adaptive,0,5,741,51255,2,0,0.06146308407187462,0
E2_diagnosis_adaptive,0,5,748,51265,2,0,0.06117615848779678,0
E2_diagnosis_adaptive,0,5,749,51266,2,0,0.9263222813606262,1
E2_diagnosis_adaptive,0,5,757,51276,2,0,0.0611409991979599,0
E2_diagnosis_adaptive,0,5,758,51277,2,0,0.06120813637971878,0
E2_diagnosis_adaptive,0,5,761,51280,2,0,0.0617295540869236,0
E2_diagnosis_adaptive,0,5,764,51292,1,1,0.927760660648346,1
E2_diagnosis_adaptive,0,5,768,51297,1,1,0.9308376908302307,1
E2_diagnosis_adaptive,0,5,785,51319,1,1,0.9298512935638428,1
E2_diagnosis_adaptive,0,5,789,51323,1,1,0.9282273650169373,1
E2_diagnosis_adaptive,0,5,796,51331,1,1,0.9308086633682251,1
E2_diagnosis_adaptive,0,5,797,51332,2,0,0.062059395015239716,0
E2_diagnosis_adaptive,0,5,804,51340,2,0,0.06362871825695038,0
E2_diagnosis_adaptive,0,5,807,51343,2,0,0.06330844759941101,0
E2_diagnosis_adaptive,0,5,808,51344,2,0,0.0653415247797966,0
E2_diagnosis_adaptive,0,5,814,51351,1,1,0.1913231611251831,0
E2_diagnosis_adaptive,0,5,829,51463,1,1,0.8932696580886841,1
E2_diagnosis_adaptive,0,5,846,51559,2,0,0.061186760663986206,0
E2_diagnosis_adaptive,0,5,864,51580,1,1,0.641909658908844,1
E2_diagnosis_adaptive,0,5,867,51584,1,1,0.9305486083030701,1
E2_diagnosis_adaptive,0,5,870,51607,1,1,0.07068726420402527,0
E2_diagnosis_adaptive,0,6,7,50011,1,1,0.7088667154312134,1
E2_diagnosis_adaptive,0,6,12,50016,1,1,0.70014488697052,1
E2_diagnosis_adaptive,0,6,22,50031,2,0,0.2957703173160553,0
E2_diagnosis_adaptive,0,6,25,50034,2,0,0.2837967872619629,0
E2_diagnosis_adaptive,0,6,28,50037,2,0,0.3073926270008087,0
E2_diagnosis_adaptive,0,6,30,50039,2,0,0.642738938331604,1
E2_diagnosis_adaptive,0,6,31,50040,2,0,0.2706778943538666,0
E2_diagnosis_adaptive,0,6,38,50047,2,0,0.327727347612381,0
E2_diagnosis_adaptive,0,6,51,50103,2,0,0.5099936723709106,1
E2_diagnosis_adaptive,0,6,60,50114,2,0,0.2687497138977051,0
E2_diagnosis_adaptive,0,6,68,50124,1,1,0.6821467280387878,1
E2_diagnosis_adaptive,0,6,71,50128,1,1,0.7082319259643555,1
E2_diagnosis_adaptive,0,6,76,50134,1,1,0.6319568753242493,1
E2_diagnosis_adaptive,0,6,102,50171,2,0,0.30887922644615173,0
E2_diagnosis_adaptive,0,6,110,50190,1,1,0.5196493268013,1
E2_diagnosis_adaptive,0,6,129,50217,2,0,0.26915210485458374,0
E2_diagnosis_adaptive,0,6,137,50241,1,1,0.6265124082565308,1
E2_diagnosis_adaptive,0,6,150,50259,2,0,0.33620795607566833,0
E2_diagnosis_adaptive,0,6,174,50290,1,1,0.6707444787025452,1
E2_diagnosis_adaptive,0,6,176,50292,1,1,0.6966620683670044,1
E2_diagnosis_adaptive,0,6,179,50295,1,1,0.6890358328819275,1
E2_diagnosis_adaptive,0,6,188,50312,1,1,0.6734929084777832,1
E2_diagnosis_adaptive,0,6,194,50321,1,1,0.7072786688804626,1
E2_diagnosis_adaptive,0,6,209,50340,2,0,0.2687252461910248,0
E2_diagnosis_adaptive,0,6,212,50343,2,0,0.6350228786468506,1
E2_diagnosis_adaptive,0,6,213,50344,2,0,0.26875486969947815,0
E2_diagnosis_adaptive,0,6,215,50346,2,0,0.2694476246833801,0
E2_diagnosis_adaptive,0,6,225,50356,2,0,0.2701658010482788,0
E2_diagnosis_adaptive,0,6,240,50372,2,0,0.2718413174152374,0
E2_diagnosis_adaptive,0,6,247,50380,2,0,0.32480984926223755,0
E2_diagnosis_adaptive,0,6,252,50386,2,0,0.2689216732978821,0
E2_diagnosis_adaptive,0,6,253,50387,2,0,0.2687341272830963,0
E2_diagnosis_adaptive,0,6,255,50390,2,0,0.2961008846759796,0
E2_diagnosis_adaptive,0,6,268,50412,1,1,0.6727511286735535,1
E2_diagnosis_adaptive,0,6,279,50425,2,0,0.27852070331573486,0
E2_diagnosis_adaptive,0,6,281,50427,2,0,0.26871684193611145,0
E2_diagnosis_adaptive,0,6,308,50480,1,1,0.7049505710601807,1
E2_diagnosis_adaptive,0,6,309,50481,1,1,0.7083228826522827,1
E2_diagnosis_adaptive,0,6,315,50488,1,1,0.6925238370895386,1
E2_diagnosis_adaptive,0,6,332,50510,1,1,0.7086145877838135,1
E2_diagnosis_adaptive,0,6,338,50520,1,1,0.7039233446121216,1
E2_diagnosis_adaptive,0,6,342,50525,1,1,0.569510817527771,1
E2_diagnosis_adaptive,0,6,355,50561,2,0,0.28236374258995056,0
E2_diagnosis_adaptive,0,6,358,50568,2,0,0.35588955879211426,0
E2_diagnosis_adaptive,0,6,361,50571,2,0,0.3713550269603729,0
E2_diagnosis_adaptive,0,6,369,50601,1,1,0.35376840829849243,0
E2_diagnosis_adaptive,0,6,377,50613,1,1,0.7083969712257385,1
E2_diagnosis_adaptive,0,6,389,50627,1,1,0.691939651966095,1
E2_diagnosis_adaptive,0,6,403,50683,2,0,0.2694630026817322,0
E2_diagnosis_adaptive,0,6,409,50690,1,1,0.29185324907302856,0
E2_diagnosis_adaptive,0,6,413,50694,1,1,0.7077341079711914,1
E2_diagnosis_adaptive,0,6,415,50696,1,1,0.6937307119369507,1
E2_diagnosis_adaptive,0,6,419,50700,1,1,0.7082484364509583,1
E2_diagnosis_adaptive,0,6,422,50703,2,0,0.2962019145488739,0
E2_diagnosis_adaptive,0,6,437,50731,2,0,0.27206870913505554,0
E2_diagnosis_adaptive,0,6,438,50733,2,0,0.31888866424560547,0
E2_diagnosis_adaptive,0,6,443,50740,2,0,0.3516796827316284,0
E2_diagnosis_adaptive,0,6,447,50744,1,1,0.6073514223098755,1
E2_diagnosis_adaptive,0,6,449,50748,1,1,0.6195847988128662,1
E2_diagnosis_adaptive,0,6,470,50790,2,0,0.2699432969093323,0
E2_diagnosis_adaptive,0,6,488,50822,2,0,0.27754828333854675,0
E2_diagnosis_adaptive,0,6,492,50954,1,1,0.300767719745636,0
E2_diagnosis_adaptive,0,6,495,50957,1,1,0.583246648311615,1
E2_diagnosis_adaptive,0,6,505,50968,1,1,0.7084829211235046,1
E2_diagnosis_adaptive,0,6,517,50983,1,1,0.6809282302856445,1
E2_diagnosis_adaptive,0,6,523,50989,1,1,0.70539790391922,1
E2_diagnosis_adaptive,0,6,547,51016,1,1,0.6379766464233398,1
E2_diagnosis_adaptive,0,6,552,51021,1,1,0.6741960048675537,1
E2_diagnosis_adaptive,0,6,580,51053,2,0,0.2687590420246124,0
E2_diagnosis_adaptive,0,6,581,51054,2,0,0.2692916691303253,0
E2_diagnosis_adaptive,0,6,582,51055,2,0,0.26878994703292847,0
E2_diagnosis_adaptive,0,6,600,51074,2,0,0.30281829833984375,0
E2_diagnosis_adaptive,0,6,615,51089,2,0,0.2687099874019623,0
E2_diagnosis_adaptive,0,6,634,51110,2,0,0.2694297432899475,0
E2_diagnosis_adaptive,0,6,663,51147,2,0,0.2749969959259033,0
E2_diagnosis_adaptive,0,6,684,51178,1,1,0.6772069334983826,1
E2_diagnosis_adaptive,0,6,699,51201,1,1,0.6170246601104736,1
E2_diagnosis_adaptive,0,6,708,51211,1,1,0.5130729675292969,1
E2_diagnosis_adaptive,0,6,740,51254,2,0,0.27844229340553284,0
E2_diagnosis_adaptive,0,6,752,51269,2,0,0.27040764689445496,0
E2_diagnosis_adaptive,0,6,760,51279,2,0,0.30738767981529236,0
E2_diagnosis_adaptive,0,6,811,51347,2,0,0.2775094211101532,0
E2_diagnosis_adaptive,0,6,821,51362,2,0,0.26993975043296814,0
E2_diagnosis_adaptive,0,6,833,51477,2,0,0.2714466452598572,0
E2_diagnosis_adaptive,0,6,843,51556,2,0,0.34740135073661804,0
E2_diagnosis_adaptive,0,6,859,51574,1,1,0.6793620586395264,1
E2_diagnosis_adaptive,0,6,861,51577,1,1,0.5505330562591553,1
E2_diagnosis_adaptive,0,7,16,50024,1,1,0.8715443015098572,1
E2_diagnosis_adaptive,0,7,26,50035,2,0,0.1537826508283615,0
E2_diagnosis_adaptive,0,7,40,50049,2,0,0.14305785298347473,0
E2_diagnosis_adaptive,0,7,54,50106,2,0,0.8138079047203064,1
E2_diagnosis_adaptive,0,7,80,50144,1,1,0.8581384420394897,1
E2_diagnosis_adaptive,0,7,82,50146,1,1,0.14299990236759186,0
E2_diagnosis_adaptive,0,7,90,50157,2,0,0.2686305642127991,0
E2_diagnosis_adaptive,0,7,91,50158,2,0,0.14131823182106018,0
E2_diagnosis_adaptive,0,7,95,50162,2,0,0.20285794138908386,0
E2_diagnosis_adaptive,0,7,104,50183,1,1,0.8695456385612488,1
E2_diagnosis_adaptive,0,7,153,50262,2,0,0.1729118674993515,0
E2_diagnosis_adaptive,0,7,156,50265,2,0,0.16846798360347748,0
E2_diagnosis_adaptive,0,7,165,50274,1,1,0.871931791305542,1
E2_diagnosis_adaptive,0,7,166,50275,1,1,0.868911623954773,1
E2_diagnosis_adaptive,0,7,169,50282,1,1,0.8223238587379456,1
E2_diagnosis_adaptive,0,7,178,50294,1,1,0.8660032749176025,1
E2_diagnosis_adaptive,0,7,189,50314,1,1,0.8719285130500793,1
E2_diagnosis_adaptive,0,7,190,50315,1,1,0.8714812994003296,1
E2_diagnosis_adaptive,0,7,191,50318,1,1,0.3470171093940735,0
E2_diagnosis_adaptive,0,7,208,50339,2,0,0.141937255859375,0
E2_diagnosis_adaptive,0,7,214,50345,2,0,0.1761641800403595,0
E2_diagnosis_adaptive,0,7,224,50355,2,0,0.23606716096401215,0
E2_diagnosis_adaptive,0,7,233,50364,2,0,0.29113006591796875,0
E2_diagnosis_adaptive,0,7,245,50377,2,0,0.14128345251083374,0
E2_diagnosis_adaptive,0,7,246,50379,2,0,0.14335404336452484,0
E2_diagnosis_adaptive,0,7,251,50385,2,0,0.8538480401039124,1
E2_diagnosis_adaptive,0,7,261,50404,1,1,0.8695239424705505,1
E2_diagnosis_adaptive,0,7,276,50421,2,0,0.1416012942790985,0
E2_diagnosis_adaptive,0,7,285,50435,2,0,0.14485076069831848,0
E2_diagnosis_adaptive,0,7,289,50439,2,0,0.1479475051164627,0
E2_diagnosis_adaptive,0,7,296,50446,2,0,0.15117211639881134,0
E2_diagnosis_adaptive,0,7,298,50448,2,0,0.6037998795509338,1
E2_diagnosis_adaptive,0,7,304,50468,2,0,0.18133872747421265,0
E2_diagnosis_adaptive,0,7,314,50487,1,1,0.8717014789581299,1
E2_diagnosis_adaptive,0,7,325,50500,1,1,0.8719719648361206,1
E2_diagnosis_adaptive,0,7,350,50551,2,0,0.15705420076847076,0
E2_diagnosis_adaptive,0,7,398,50659,2,0,0.39327186346054077,0
E2_diagnosis_adaptive,0,7,420,50701,2,0,0.15869735181331635,0
E2_diagnosis_adaptive,0,7,423,50704,1,1,0.8053873777389526,1
E2_diagnosis_adaptive,0,7,424,50705,1,1,0.7185664176940918,1
E2_diagnosis_adaptive,0,7,428,50709,2,0,0.15707042813301086,0
E2_diagnosis_adaptive,0,7,452,50751,1,1,0.8330867290496826,1
E2_diagnosis_adaptive,0,7,459,50773,2,0,0.1437874585390091,0
E2_diagnosis_adaptive,0,7,474,50797,1,1,0.8441983461380005,1
E2_diagnosis_adaptive,0,7,479,50803,1,1,0.8436270356178284,1
E2_diagnosis_adaptive,0,7,480,50807,1,1,0.8719035983085632,1
E2_diagnosis_adaptive,0,7,484,50817,2,0,0.1468949168920517,0
E2_diagnosis_adaptive,0,7,485,50818,2,0,0.14261570572853088,0
E2_diagnosis_adaptive,0,7,487,50821,2,0,0.14135204255580902,0
E2_diagnosis_adaptive,0,7,494,50956,1,1,0.8710537552833557,1
E2_diagnosis_adaptive,0,7,512,50977,1,1,0.8707146644592285,1
E2_diagnosis_adaptive,0,7,515,50981,1,1,0.8513184785842896,1
E2_diagnosis_adaptive,0,7,518,50984,1,1,0.8654681444168091,1
E2_diagnosis_adaptive,0,7,520,50986,1,1,0.7923198938369751,1
E2_diagnosis_adaptive,0,7,526,50992,1,1,0.8619681000709534,1
E2_diagnosis_adaptive,0,7,536,51003,1,1,0.8690299987792969,1
E2_diagnosis_adaptive,0,7,540,51009,1,1,0.8713146448135376,1
E2_diagnosis_adaptive,0,7,545,51014,1,1,0.8717630505561829,1
E2_diagnosis_adaptive,0,7,578,51051,2,0,0.14729611575603485,0
E2_diagnosis_adaptive,0,7,590,51063,2,0,0.14132295548915863,0
E2_diagnosis_adaptive,0,7,603,51077,2,0,0.528159499168396,1
E2_diagnosis_adaptive,0,7,617,51091,2,0,0.14379847049713135,0
E2_diagnosis_adaptive,0,7,630,51105,2,0,0.14135564863681793,0
E2_diagnosis_adaptive,0,7,641,51118,2,0,0.5752275586128235,1
E2_diagnosis_adaptive,0,7,644,51124,2,0,0.1453179568052292,0
E2_diagnosis_adaptive,0,7,666,51150,2,0,0.14178811013698578,0
E2_diagnosis_adaptive,0,7,667,51151,2,0,0.144135519862175,0
E2_diagnosis_adaptive,0,7,672,51156,2,0,0.14560067653656006,0
E2_diagnosis_adaptive,0,7,675,51162,1,1,0.871612548828125,1
E2_diagnosis_adaptive,0,7,685,51179,1,1,0.8690374493598938,1
E2_diagnosis_adaptive,0,7,706,51208,1,1,0.6300745606422424,1
E2_diagnosis_adaptive,0,7,715,51219,1,1,0.8705242872238159,1
E2_diagnosis_adaptive,0,7,720,51224,1,1,0.8444786667823792,1
E2_diagnosis_adaptive,0,7,725,51230,1,1,0.8695310950279236,1
E2_diagnosis_adaptive,0,7,746,51262,2,0,0.15170758962631226,0
E2_diagnosis_adaptive,0,7,763,51291,1,1,0.8714541792869568,1
E2_diagnosis_adaptive,0,7,775,51304,2,0,0.15987223386764526,0
E2_diagnosis_adaptive,0,7,781,51311,2,0,0.14197425544261932,0
E2_diagnosis_adaptive,0,7,790,51325,1,1,0.8659384250640869,1
E2_diagnosis_adaptive,0,7,792,51327,1,1,0.87101811170578,1
E2_diagnosis_adaptive,0,7,799,51334,2,0,0.14445140957832336,0
E2_diagnosis_adaptive,0,7,803,51339,2,0,0.1413424015045166,0
E2_diagnosis_adaptive,0,7,837,51482,2,0,0.14751046895980835,0
E2_diagnosis_adaptive,0,7,838,51484,2,0,0.19113396108150482,0
E2_diagnosis_adaptive,0,7,841,51491,2,0,0.14160796999931335,0
E2_diagnosis_adaptive,0,7,860,51576,1,1,0.8444138765335083,1
E2_diagnosis_adaptive,0,7,865,51582,1,1,0.8714619874954224,1
E2_diagnosis_adaptive,0,8,5,50008,1,1,0.8996094465255737,1
E2_diagnosis_adaptive,0,8,9,50013,1,1,0.8991992473602295,1
E2_diagnosis_adaptive,0,8,23,50032,2,0,0.09476838260889053,0
E2_diagnosis_adaptive,0,8,24,50033,2,0,0.09251800179481506,0
E2_diagnosis_adaptive,0,8,73,50130,1,1,0.8993542194366455,1
E2_diagnosis_adaptive,0,8,75,50132,1,1,0.8993893265724182,1
E2_diagnosis_adaptive,0,8,85,50149,1,1,0.8983829021453857,1
E2_diagnosis_adaptive,0,8,105,50184,1,1,0.8977097272872925,1
E2_diagnosis_adaptive,0,8,120,50203,2,0,0.09254712611436844,0
E2_diagnosis_adaptive,0,8,124,50208,2,0,0.09634774178266525,0
E2_diagnosis_adaptive,0,8,134,50237,1,1,0.8965237140655518,1
E2_diagnosis_adaptive,0,8,138,50243,1,1,0.8994794487953186,1
E2_diagnosis_adaptive,0,8,139,50245,1,1,0.8996253609657288,1
E2_diagnosis_adaptive,0,8,155,50264,2,0,0.09149419516324997,0
E2_diagnosis_adaptive,0,8,173,50289,1,1,0.5468806028366089,1
E2_diagnosis_adaptive,0,8,201,50332,2,0,0.09186490625143051,0
E2_diagnosis_adaptive,0,8,216,50347,2,0,0.09295374900102615,0
E2_diagnosis_adaptive,0,8,228,50359,2,0,0.14627544581890106,0
E2_diagnosis_adaptive,0,8,229,50360,2,0,0.09182387590408325,0
E2_diagnosis_adaptive,0,8,235,50366,2,0,0.09794352203607559,0
E2_diagnosis_adaptive,0,8,239,50370,2,0,0.09790266305208206,0
E2_diagnosis_adaptive,0,8,269,50413,1,1,0.8987032771110535,1
E2_diagnosis_adaptive,0,8,272,50416,2,0,0.09450969099998474,0
E2_diagnosis_adaptive,0,8,273,50417,2,0,0.09517713636159897,0
E2_diagnosis_adaptive,0,8,290,50440,2,0,0.5392729640007019,1
E2_diagnosis_adaptive,0,8,291,50441,2,0,0.09521209448575974,0
E2_diagnosis_adaptive,0,8,299,50449,2,0,0.09163207560777664,0
E2_diagnosis_adaptive,0,8,313,50486,1,1,0.8990064263343811,1
E2_diagnosis_adaptive,0,8,324,50499,1,1,0.899581789970398,1
E2_diagnosis_adaptive,0,8,330,50507,1,1,0.800970733165741,1
E2_diagnosis_adaptive,0,8,343,50526,1,1,0.8915551900863647,1
E2_diagnosis_adaptive,0,8,344,50527,1,1,0.8973870277404785,1
E2_diagnosis_adaptive,0,8,362,50572,2,0,0.09149031341075897,0
E2_diagnosis_adaptive,0,8,380,50616,1,1,0.8992014527320862,1
E2_diagnosis_adaptive,0,8,388,50626,1,1,0.8972252011299133,1
E2_diagnosis_adaptive,0,8,400,50665,2,0,0.6225358247756958,1
E2_diagnosis_adaptive,0,8,402,50682,2,0,0.09215860068798065,0
E2_diagnosis_adaptive,0,8,404,50685,2,0,0.11465348303318024,0
E2_diagnosis_adaptive,0,8,421,50702,1,1,0.8897382616996765,1
E2_diagnosis_adaptive,0,8,427,50708,1,1,0.8994773030281067,1
E2_diagnosis_adaptive,0,8,431,50723,2,0,0.09385191649198532,0
E2_diagnosis_adaptive,0,8,463,50777,2,0,0.09370247274637222,0
E2_diagnosis_adaptive,0,8,472,50792,1,1,0.8984357118606567,1
E2_diagnosis_adaptive,0,8,473,50796,1,1,0.8994334936141968,1
E2_diagnosis_adaptive,0,8,477,50800,1,1,0.899561882019043,1
E2_diagnosis_adaptive,0,8,486,50820,2,0,0.09522400796413422,0
E2_diagnosis_adaptive,0,8,519,50985,1,1,0.8985527753829956,1
E2_diagnosis_adaptive,0,8,521,50987,1,1,0.8986780047416687,1
E2_diagnosis_adaptive,0,8,524,50990,1,1,0.8986203074455261,1
E2_diagnosis_adaptive,0,8,530,50996,1,1,0.8956828117370605,1
E2_diagnosis_adaptive,0,8,538,51007,1,1,0.8995426297187805,1
E2_diagnosis_adaptive,0,8,548,51017,1,1,0.8945903182029724,1
E2_diagnosis_adaptive,0,8,549,51018,1,1,0.8995938301086426,1
E2_diagnosis_adaptive,0,8,554,51024,1,1,0.8993000388145447,1
E2_diagnosis_adaptive,0,8,563,51034,1,1,0.8995593190193176,1
E2_diagnosis_adaptive,0,8,565,51036,2,0,0.09490992873907089,0
E2_diagnosis_adaptive,0,8,573,51046,2,0,0.15967917442321777,0
E2_diagnosis_adaptive,0,8,593,51066,2,0,0.0957295373082161,0
E2_diagnosis_adaptive,0,8,608,51082,2,0,0.09229183197021484,0
E2_diagnosis_adaptive,0,8,613,51087,2,0,0.09145858138799667,0
E2_diagnosis_adaptive,0,8,618,51093,2,0,0.0928071066737175,0
E2_diagnosis_adaptive,0,8,620,51095,2,0,0.293153315782547,0
E2_diagnosis_adaptive,0,8,635,51111,2,0,0.09217207878828049,0
E2_diagnosis_adaptive,0,8,652,51133,2,0,0.8465144634246826,1
E2_diagnosis_adaptive,0,8,653,51134,2,0,0.09192996472120285,0
E2_diagnosis_adaptive,0,8,668,51152,2,0,0.09402134269475937,0
E2_diagnosis_adaptive,0,8,682,51173,1,1,0.8986513018608093,1
E2_diagnosis_adaptive,0,8,687,51181,2,0,0.14534993469715118,0
E2_diagnosis_adaptive,0,8,717,51221,1,1,0.8979423642158508,1
E2_diagnosis_adaptive,0,8,719,51223,1,1,0.8995785713195801,1
E2_diagnosis_adaptive,0,8,731,51239,1,1,0.897473931312561,1
E2_diagnosis_adaptive,0,8,743,51257,2,0,0.8916292786598206,1
E2_diagnosis_adaptive,0,8,751,51268,2,0,0.09155555814504623,0
E2_diagnosis_adaptive,0,8,759,51278,2,0,0.18654988706111908,0
E2_diagnosis_adaptive,0,8,770,51299,1,1,0.8994811773300171,1
E2_diagnosis_adaptive,0,8,773,51302,1,1,0.8992002606391907,1
E2_diagnosis_adaptive,0,8,782,51313,2,0,0.09592878818511963,0
E2_diagnosis_adaptive,0,8,809,51345,2,0,0.22053606808185577,0
E2_diagnosis_adaptive,0,8,810,51346,2,0,0.09490341693162918,0
E2_diagnosis_adaptive,0,8,816,51356,2,0,0.8845812678337097,1
E2_diagnosis_adaptive,0,8,826,51370,2,0,0.09436142444610596,0
E2_diagnosis_adaptive,0,8,827,51373,2,0,0.09152602404356003,0
E2_diagnosis_adaptive,0,8,830,51464,1,1,0.8995166420936584,1
E2_diagnosis_adaptive,0,8,844,51557,2,0,0.09472024440765381,0
E2_diagnosis_adaptive,0,8,849,51563,2,0,0.09281609207391739,0
E2_diagnosis_adaptive,0,8,855,51569,2,0,0.1449306309223175,0
E2_diagnosis_adaptive,0,8,858,51573,1,1,0.7717276215553284,1
E2_diagnosis_adaptive,0,9,1,50004,1,1,0.9242835640907288,1
E2_diagnosis_adaptive,0,9,15,50023,1,1,0.9247570633888245,1
E2_diagnosis_adaptive,0,9,39,50048,2,0,0.9174765348434448,1
E2_diagnosis_adaptive,0,9,47,50057,1,1,0.04457933455705643,0
E2_diagnosis_adaptive,0,9,48,50059,2,0,0.04664188250899315,0
E2_diagnosis_adaptive,0,9,62,50116,2,0,0.8600823283195496,1
E2_diagnosis_adaptive,0,9,89,50156,1,1,0.9229061603546143,1
E2_diagnosis_adaptive,0,9,101,50170,2,0,0.05244588106870651,0
E2_diagnosis_adaptive,0,9,107,50187,1,1,0.04512188211083412,0
E2_diagnosis_adaptive,0,9,121,50204,2,0,0.04450078681111336,0
E2_diagnosis_adaptive,0,9,127,50214,2,0,0.044747915118932724,0
E2_diagnosis_adaptive,0,9,168,50278,1,1,0.9236072897911072,1
E2_diagnosis_adaptive,0,9,193,50320,1,1,0.9206405878067017,1
E2_diagnosis_adaptive,0,9,196,50325,1,1,0.04459565505385399,0
E2_diagnosis_adaptive,0,9,254,50388,2,0,0.04474138841032982,0
E2_diagnosis_adaptive,0,9,259,50402,1,1,0.04451529309153557,0
E2_diagnosis_adaptive,0,9,260,50403,1,1,0.04449458047747612,0
E2_diagnosis_adaptive,0,9,265,50408,1,1,0.04632246121764183,0
E2_diagnosis_adaptive,0,9,295,50445,2,0,0.04460384324193001,0
E2_diagnosis_adaptive,0,9,300,50453,2,0,0.06582672894001007,0
E2_diagnosis_adaptive,0,9,301,50463,2,0,0.04497116804122925,0
E2_diagnosis_adaptive,0,9,311,50483,1,1,0.4800699055194855,0
E2_diagnosis_adaptive,0,9,312,50485,1,1,0.0444844588637352,0
E2_diagnosis_adaptive,0,9,322,50497,1,1,0.9201614856719971,1
E2_diagnosis_adaptive,0,9,331,50509,1,1,0.9235281944274902,1
E2_diagnosis_adaptive,0,9,365,50575,2,0,0.35494673252105713,0
E2_diagnosis_adaptive,0,9,366,50576,2,0,0.044719353318214417,0
E2_diagnosis_adaptive,0,9,375,50608,1,1,0.04824317991733551,0
E2_diagnosis_adaptive,0,9,392,50644,1,1,0.9240250587463379,1
E2_diagnosis_adaptive,0,9,393,50647,1,1,0.9214306473731995,1
E2_diagnosis_adaptive,0,9,395,50649,1,1,0.04463300108909607,0
E2_diagnosis_adaptive,0,9,396,50654,1,1,0.47277843952178955,0
E2_diagnosis_adaptive,0,9,401,50669,2,0,0.9203559160232544,1
E2_diagnosis_adaptive,0,9,418,50699,2,0,0.642020583152771,1
E2_diagnosis_adaptive,0,9,440,50737,2,0,0.044526152312755585,0
E2_diagnosis_adaptive,0,9,442,50739,2,0,0.04816195368766785,0
E2_diagnosis_adaptive,0,9,448,50745,1,1,0.9248450994491577,1
E2_diagnosis_adaptive,0,9,454,50754,1,1,0.9247993230819702,1
E2_diagnosis_adaptive,0,9,458,50772,2,0,0.9210507869720459,1
E2_diagnosis_adaptive,0,9,464,50778,2,0,0.07278893887996674,0
E2_diagnosis_adaptive,0,9,483,50816,2,0,0.04501638561487198,0
E2_diagnosis_adaptive,0,9,491,50952,1,1,0.9248582124710083,1
E2_diagnosis_adaptive,0,9,503,50966,1,1,0.923634946346283,1
E2_diagnosis_adaptive,0,9,532,50999,1,1,0.9224666357040405,1
E2_diagnosis_adaptive,0,9,550,51019,1,1,0.9187469482421875,1
E2_diagnosis_adaptive,0,9,561,51032,1,1,0.9240497946739197,1
E2_diagnosis_adaptive,0,9,569,51041,2,0,0.04542847350239754,0
E2_diagnosis_adaptive,0,9,571,51044,2,0,0.046092838048934937,0
E2_diagnosis_adaptive,0,9,575,51048,2,0,0.05357169359922409,0
E2_diagnosis_adaptive,0,9,588,51061,2,0,0.044636745005846024,0
E2_diagnosis_adaptive,0,9,591,51064,2,0,0.9070211052894592,1
E2_diagnosis_adaptive,0,9,594,51067,2,0,0.04611488804221153,0
E2_diagnosis_adaptive,0,9,598,51072,2,0,0.911439836025238,1
E2_diagnosis_adaptive,0,9,602,51076,2,0,0.046979811042547226,0
E2_diagnosis_adaptive,0,9,604,51078,2,0,0.0460556223988533,0
E2_diagnosis_adaptive,0,9,611,51085,2,0,0.9236327409744263,1
E2_diagnosis_adaptive,0,9,614,51088,2,0,0.04589788243174553,0
E2_diagnosis_adaptive,0,9,627,51102,2,0,0.04478387162089348,0
E2_diagnosis_adaptive,0,9,637,51113,2,0,0.04463265836238861,0
E2_diagnosis_adaptive,0,9,638,51114,2,0,0.04469645768404007,0
E2_diagnosis_adaptive,0,9,649,51130,2,0,0.9119195938110352,1
E2_diagnosis_adaptive,0,9,660,51141,2,0,0.5706828832626343,1
E2_diagnosis_adaptive,0,9,679,51169,1,1,0.9157539010047913,1
E2_diagnosis_adaptive,0,9,689,51183,2,0,0.045538488775491714,0
E2_diagnosis_adaptive,0,9,704,51206,1,1,0.3744136393070221,0
E2_diagnosis_adaptive,0,9,707,51210,1,1,0.9172282218933105,1
E2_diagnosis_adaptive,0,9,711,51215,1,1,0.04610463231801987,0
E2_diagnosis_adaptive,0,9,721,51225,1,1,0.051317229866981506,0
E2_diagnosis_adaptive,0,9,726,51231,1,1,0.044509708881378174,0
E2_diagnosis_adaptive,0,9,729,51236,1,1,0.054814618080854416,0
E2_diagnosis_adaptive,0,9,744,51260,2,0,0.04561397805809975,0
E2_diagnosis_adaptive,0,9,750,51267,2,0,0.044601812958717346,0
E2_diagnosis_adaptive,0,9,777,51306,2,0,0.8088470697402954,1
E2_diagnosis_adaptive,0,9,787,51321,1,1,0.9152792096138,1
E2_diagnosis_adaptive,0,9,788,51322,1,1,0.11748047918081284,0
E2_diagnosis_adaptive,0,9,794,51329,1,1,0.04458004981279373,0
E2_diagnosis_adaptive,0,9,802,51338,2,0,0.051304321736097336,0
E2_diagnosis_adaptive,0,9,805,51341,2,0,0.09943954646587372,0
E2_diagnosis_adaptive,0,9,812,51349,1,1,0.045170847326517105,0
E2_diagnosis_adaptive,0,9,818,51359,2,0,0.924859881401062,1
E2_diagnosis_adaptive,0,9,822,51363,2,0,0.04451729729771614,0
E2_diagnosis_adaptive,0,9,823,51364,2,0,0.05666607990860939,0
E2_diagnosis_adaptive,0,9,847,51560,2,0,0.04475319758057594,0
E2_diagnosis_adaptive,0,9,848,51562,2,0,0.04624457657337189,0
E2_diagnosis_adaptive,0,9,850,51564,2,0,0.04460511729121208,0
E2_diagnosis_adaptive,0,9,863,51579,1,1,0.04925038665533066,0
E2_diagnosis_adaptive,0,9,866,51583,1,1,0.921989917755127,1
E2_diagnosis_adaptive,0,10,11,50015,1,1,0.9353145956993103,1
E2_diagnosis_adaptive,0,10,41,50050,2,0,0.0701870545744896,0
E2_diagnosis_adaptive,0,10,44,50053,1,1,0.9300665855407715,1
E2_diagnosis_adaptive,0,10,52,50104,2,0,0.07480251044034958,0
E2_diagnosis_adaptive,0,10,59,50113,2,0,0.07426046580076218,0
E2_diagnosis_adaptive,0,10,65,50119,1,1,0.07169954478740692,0
E2_diagnosis_adaptive,0,10,92,50159,2,0,0.9357267618179321,1
E2_diagnosis_adaptive,0,10,93,50160,2,0,0.07005451619625092,0
E2_diagnosis_adaptive,0,10,94,50161,2,0,0.9357956647872925,1
E2_diagnosis_adaptive,0,10,108,50188,1,1,0.06965375691652298,0
E2_diagnosis_adaptive,0,10,115,50198,2,0,0.070086769759655,0
E2_diagnosis_adaptive,0,10,117,50200,2,0,0.06981897354125977,0
E2_diagnosis_adaptive,0,10,118,50201,2,0,0.06930317729711533,0
E2_diagnosis_adaptive,0,10,140,50247,1,1,0.9364211559295654,1
E2_diagnosis_adaptive,0,10,149,50257,2,0,0.07151187211275101,0
E2_diagnosis_adaptive,0,10,177,50293,1,1,0.9362787008285522,1
E2_diagnosis_adaptive,0,10,180,50297,1,1,0.7534434795379639,1
E2_diagnosis_adaptive,0,10,182,50300,1,1,0.07184009999036789,0
E2_diagnosis_adaptive,0,10,185,50304,1,1,0.9334672689437866,1
E2_diagnosis_adaptive,0,10,186,50308,1,1,0.7968149185180664,1
E2_diagnosis_adaptive,0,10,195,50324,1,1,0.9367086291313171,1
E2_diagnosis_adaptive,0,10,199,50330,2,0,0.07218766212463379,0
E2_diagnosis_adaptive,0,10,203,50334,2,0,0.4412451982498169,0
E2_diagnosis_adaptive,0,10,206,50337,2,0,0.06942205876111984,0
E2_diagnosis_adaptive,0,10,219,50350,2,0,0.0728410854935646,0
E2_diagnosis_adaptive,0,10,237,50368,2,0,0.0703313797712326,0
E2_diagnosis_adaptive,0,10,238,50369,2,0,0.07353217154741287,0
E2_diagnosis_adaptive,0,10,242,50374,2,0,0.07618013024330139,0
E2_diagnosis_adaptive,0,10,248,50381,2,0,0.06934051215648651,0
E2_diagnosis_adaptive,0,10,256,50391,2,0,0.07294600456953049,0
E2_diagnosis_adaptive,0,10,274,50418,2,0,0.06968807429075241,0
E2_diagnosis_adaptive,0,10,293,50443,2,0,0.6826527714729309,1
E2_diagnosis_adaptive,0,10,317,50491,1,1,0.9351074695587158,1
E2_diagnosis_adaptive,0,10,320,50494,1,1,0.7706779837608337,1
E2_diagnosis_adaptive,0,10,334,50515,1,1,0.9364216923713684,1
E2_diagnosis_adaptive,0,10,340,50523,1,1,0.9357101321220398,1
E2_diagnosis_adaptive,0,10,347,50530,1,1,0.9345440864562988,1
E2_diagnosis_adaptive,0,10,354,50558,2,0,0.07182846963405609,0
E2_diagnosis_adaptive,0,10,356,50563,2,0,0.07063020765781403,0
E2_diagnosis_adaptive,0,10,359,50569,2,0,0.1934152990579605,0
E2_diagnosis_adaptive,0,10,374,50607,1,1,0.06984096765518188,0
E2_diagnosis_adaptive,0,10,376,50612,1,1,0.06993313878774643,0
E2_diagnosis_adaptive,0,10,378,50614,1,1,0.9366993308067322,1
E2_diagnosis_adaptive,0,10,382,50620,1,1,0.06942010670900345,0
E2_diagnosis_adaptive,0,10,384,50622,1,1,0.898215651512146,1
E2_diagnosis_adaptive,0,10,387,50625,1,1,0.07033932954072952,0
E2_diagnosis_adaptive,0,10,406,50687,2,0,0.9305986762046814,1
E2_diagnosis_adaptive,0,10,414,50695,1,1,0.1663983166217804,0
E2_diagnosis_adaptive,0,10,429,50711,1,1,0.07003475725650787,0
E2_diagnosis_adaptive,0,10,432,50724,2,0,0.06933747231960297,0
E2_diagnosis_adaptive,0,10,466,50781,2,0,0.7428252696990967,1
E2_diagnosis_adaptive,0,10,468,50783,2,0,0.06938183307647705,0
E2_diagnosis_adaptive,0,10,482,50814,2,0,0.06925514340400696,0
E2_diagnosis_adaptive,0,10,493,50955,1,1,0.06928840279579163,0
E2_diagnosis_adaptive,0,10,501,50964,1,1,0.10300135612487793,0
E2_diagnosis_adaptive,0,10,506,50969,1,1,0.9366904497146606,1
E2_diagnosis_adaptive,0,10,531,50997,1,1,0.93641197681427,1
E2_diagnosis_adaptive,0,10,534,51001,1,1,0.9365456104278564,1
E2_diagnosis_adaptive,0,10,542,51011,1,1,0.9357060790061951,1
E2_diagnosis_adaptive,0,10,564,51035,1,1,0.864931583404541,1
E2_diagnosis_adaptive,0,10,583,51056,2,0,0.0728466808795929,0
E2_diagnosis_adaptive,0,10,587,51060,2,0,0.7368029952049255,1
E2_diagnosis_adaptive,0,10,595,51068,2,0,0.9345057606697083,1
E2_diagnosis_adaptive,0,10,609,51083,2,0,0.9365445375442505,1
E2_diagnosis_adaptive,0,10,610,51084,2,0,0.9365532398223877,1
E2_diagnosis_adaptive,0,10,623,51098,2,0,0.07423017919063568,0
E2_diagnosis_adaptive,0,10,639,51116,2,0,0.07572568207979202,0
E2_diagnosis_adaptive,0,10,673,51159,2,0,0.9366208910942078,1
E2_diagnosis_adaptive,0,10,677,51164,1,1,0.9357317090034485,1
E2_diagnosis_adaptive,0,10,694,51189,2,0,0.06929537653923035,0
E2_diagnosis_adaptive,0,10,705,51207,1,1,0.9355096220970154,1
E2_diagnosis_adaptive,0,10,712,51216,1,1,0.06933459639549255,0
E2_diagnosis_adaptive,0,10,724,51229,1,1,0.9353346824645996,1
E2_diagnosis_adaptive,0,10,736,51250,2,0,0.07001026719808578,0
E2_diagnosis_adaptive,0,10,738,51252,2,0,0.9349931478500366,1
E2_diagnosis_adaptive,0,10,769,51298,1,1,0.9352918267250061,1
E2_diagnosis_adaptive,0,10,771,51300,1,1,0.9365956783294678,1
E2_diagnosis_adaptive,0,10,774,51303,2,0,0.17872658371925354,0
E2_diagnosis_adaptive,0,10,778,51307,2,0,0.9366211891174316,1
E2_diagnosis_adaptive,0,10,783,51315,2,0,0.8598440885543823,1
E2_diagnosis_adaptive,0,10,784,51318,1,1,0.9358692765235901,1
E2_diagnosis_adaptive,0,10,801,51336,2,0,0.06931713968515396,0
E2_diagnosis_adaptive,0,10,813,51350,1,1,0.9319205284118652,1
E2_diagnosis_adaptive,0,10,815,51354,1,1,0.8869214653968811,1
E2_diagnosis_adaptive,0,10,817,51357,2,0,0.06966636329889297,0
E2_diagnosis_adaptive,0,10,835,51480,2,0,0.0698234811425209,0
E2_diagnosis_adaptive,0,10,856,51570,2,0,0.8459713459014893,1
E2_diagnosis_adaptive,1,1,8,50012,1,1,0.939315915107727,1
E2_diagnosis_adaptive,1,1,17,50025,1,1,0.9358339905738831,1
E2_diagnosis_adaptive,1,1,26,50035,2,0,0.05103659629821777,0
E2_diagnosis_adaptive,1,1,30,50039,2,0,0.5244036912918091,1
E2_diagnosis_adaptive,1,1,31,50040,2,0,0.05520890653133392,0
E2_diagnosis_adaptive,1,1,33,50042,2,0,0.05053090676665306,0
E2_diagnosis_adaptive,1,1,40,50049,2,0,0.050560709089040756,0
E2_diagnosis_adaptive,1,1,64,50118,1,1,0.9380038976669312,1
E2_diagnosis_adaptive,1,1,71,50128,1,1,0.9396635890007019,1
E2_diagnosis_adaptive,1,1,74,50131,1,1,0.9400308728218079,1
E2_diagnosis_adaptive,1,1,90,50157,2,0,0.0506446436047554,0
E2_diagnosis_adaptive,1,1,109,50189,1,1,0.9396932721138,1
E2_diagnosis_adaptive,1,1,115,50198,2,0,0.21714401245117188,0
E2_diagnosis_adaptive,1,1,119,50202,2,0,0.056576792150735855,0
E2_diagnosis_adaptive,1,1,148,50255,1,1,0.9399080872535706,1
E2_diagnosis_adaptive,1,1,170,50284,1,1,0.151770681142807,0
E2_diagnosis_adaptive,1,1,172,50287,1,1,0.916877269744873,1
E2_diagnosis_adaptive,1,1,192,50319,1,1,0.9400522708892822,1
E2_diagnosis_adaptive,1,1,204,50335,2,0,0.05101053789258003,0
E2_diagnosis_adaptive,1,1,221,50352,2,0,0.08850641548633575,0
E2_diagnosis_adaptive,1,1,230,50361,2,0,0.05099407210946083,0
E2_diagnosis_adaptive,1,1,241,50373,2,0,0.0789717510342598,0
E2_diagnosis_adaptive,1,1,269,50413,1,1,0.9397838115692139,1
E2_diagnosis_adaptive,1,1,273,50417,2,0,0.05069095641374588,0
E2_diagnosis_adaptive,1,1,283,50433,2,0,0.05535634234547615,0
E2_diagnosis_adaptive,1,1,288,50438,2,0,0.055231574922800064,0
E2_diagnosis_adaptive,1,1,289,50439,2,0,0.05057627335190773,0
E2_diagnosis_adaptive,1,1,303,50467,2,0,0.05287190154194832,0
E2_diagnosis_adaptive,1,1,313,50486,1,1,0.9400454163551331,1
E2_diagnosis_adaptive,1,1,326,50501,1,1,0.9386531710624695,1
E2_diagnosis_adaptive,1,1,333,50514,1,1,0.9395477771759033,1
E2_diagnosis_adaptive,1,1,335,50516,1,1,0.9396138191223145,1
E2_diagnosis_adaptive,1,1,337,50519,1,1,0.9386157393455505,1
E2_diagnosis_adaptive,1,1,343,50526,1,1,0.9208117723464966,1
E2_diagnosis_adaptive,1,1,383,50621,1,1,0.9389775991439819,1
E2_diagnosis_adaptive,1,1,390,50628,1,1,0.9382142424583435,1
E2_diagnosis_adaptive,1,1,410,50691,2,0,0.05572905018925667,0
E2_diagnosis_adaptive,1,1,416,50697,1,1,0.938068151473999,1
E2_diagnosis_adaptive,1,1,422,50703,2,0,0.050685252994298935,0
E2_diagnosis_adaptive,1,1,425,50706,2,0,0.050837889313697815,0
E2_diagnosis_adaptive,1,1,429,50711,1,1,0.05107956752181053,0
E2_diagnosis_adaptive,1,1,431,50723,2,0,0.052962664514780045,0
E2_diagnosis_adaptive,1,1,435,50728,2,0,0.08501691371202469,0
E2_diagnosis_adaptive,1,1,441,50738,2,0,0.05830199271440506,0
E2_diagnosis_adaptive,1,1,446,50743,1,1,0.9400462508201599,1
E2_diagnosis_adaptive,1,1,449,50748,1,1,0.9391814470291138,1
E2_diagnosis_adaptive,1,1,455,50755,1,1,0.9387807846069336,1
E2_diagnosis_adaptive,1,1,457,50757,1,1,0.19978393614292145,0
E2_diagnosis_adaptive,1,1,501,50964,1,1,0.9391790628433228,1
E2_diagnosis_adaptive,1,1,502,50965,1,1,0.9400768876075745,1
E2_diagnosis_adaptive,1,1,511,50976,1,1,0.9393442273139954,1
E2_diagnosis_adaptive,1,1,553,51023,1,1,0.9365826845169067,1
E2_diagnosis_adaptive,1,1,560,51030,1,1,0.9355723261833191,1
E2_diagnosis_adaptive,1,1,562,51033,1,1,0.9387780427932739,1
E2_diagnosis_adaptive,1,1,566,51038,2,0,0.05568374693393707,0
E2_diagnosis_adaptive,1,1,584,51057,2,0,0.06081145629286766,0
E2_diagnosis_adaptive,1,1,597,51070,2,0,0.10662256926298141,0
E2_diagnosis_adaptive,1,1,599,51073,2,0,0.05519779771566391,0
E2_diagnosis_adaptive,1,1,610,51084,2,0,0.9384511709213257,1
E2_diagnosis_adaptive,1,1,615,51089,2,0,0.05681294947862625,0
E2_diagnosis_adaptive,1,1,630,51105,2,0,0.05434710159897804,0
E2_diagnosis_adaptive,1,1,633,51109,2,0,0.05460784584283829,0
E2_diagnosis_adaptive,1,1,636,51112,2,0,0.056241992861032486,0
E2_diagnosis_adaptive,1,1,654,51135,2,0,0.05055911839008331,0
E2_diagnosis_adaptive,1,1,680,51170,1,1,0.9315271377563477,1
E2_diagnosis_adaptive,1,1,686,51180,2,0,0.11280511319637299,0
E2_diagnosis_adaptive,1,1,691,51185,2,0,0.34351032972335815,0
E2_diagnosis_adaptive,1,1,696,51194,2,0,0.7496657371520996,1
E2_diagnosis_adaptive,1,1,697,51197,2,0,0.059158843010663986,0
E2_diagnosis_adaptive,1,1,726,51231,1,1,0.09375536441802979,0
E2_diagnosis_adaptive,1,1,729,51236,1,1,0.24988466501235962,0
E2_diagnosis_adaptive,1,1,734,51248,1,1,0.937534511089325,1
E2_diagnosis_adaptive,1,1,744,51260,2,0,0.05067680776119232,0
E2_diagnosis_adaptive,1,1,753,51271,2,0,0.051879387348890305,0
E2_diagnosis_adaptive,1,1,754,51272,2,0,0.05556683987379074,0
E2_diagnosis_adaptive,1,1,755,51273,2,0,0.6147750616073608,1
E2_diagnosis_adaptive,1,1,757,51276,2,0,0.050674282014369965,0
E2_diagnosis_adaptive,1,1,765,51293,1,1,0.9385668039321899,1
E2_diagnosis_adaptive,1,1,769,51298,1,1,0.9391383528709412,1
E2_diagnosis_adaptive,1,1,787,51321,1,1,0.10268133133649826,0
E2_diagnosis_adaptive,1,1,789,51323,1,1,0.9400756359100342,1
E2_diagnosis_adaptive,1,1,792,51327,1,1,0.938072919845581,1
E2_diagnosis_adaptive,1,1,804,51340,2,0,0.05337795242667198,0
E2_diagnosis_adaptive,1,1,836,51481,2,0,0.05053390562534332,0
E2_diagnosis_adaptive,1,1,841,51491,2,0,0.053720444440841675,0
E2_diagnosis_adaptive,1,1,842,51493,2,0,0.05058145895600319,0
E2_diagnosis_adaptive,1,1,856,51570,2,0,0.06831420212984085,0
E2_diagnosis_adaptive,1,1,870,51607,1,1,0.7014176845550537,1
E2_diagnosis_adaptive,1,2,1,50004,1,1,0.8895121812820435,1
E2_diagnosis_adaptive,1,2,13,50020,1,1,0.8884292244911194,1
E2_diagnosis_adaptive,1,2,23,50032,2,0,0.10180819779634476,0
E2_diagnosis_adaptive,1,2,34,50043,2,0,0.1097172275185585,0
E2_diagnosis_adaptive,1,2,41,50050,2,0,0.10169905424118042,0
E2_diagnosis_adaptive,1,2,45,50054,2,0,0.8542631268501282,1
E2_diagnosis_adaptive,1,2,53,50105,2,0,0.10551314800977707,0
E2_diagnosis_adaptive,1,2,59,50113,2,0,0.10468155145645142,0
E2_diagnosis_adaptive,1,2,69,50125,1,1,0.8871212601661682,1
E2_diagnosis_adaptive,1,2,80,50144,1,1,0.8885337710380554,1
E2_diagnosis_adaptive,1,2,84,50148,1,1,0.8895111680030823,1
E2_diagnosis_adaptive,1,2,105,50184,1,1,0.8884764909744263,1
E2_diagnosis_adaptive,1,2,144,50251,1,1,0.12133331596851349,0
E2_diagnosis_adaptive,1,2,160,50269,2,0,0.12955155968666077,0
E2_diagnosis_adaptive,1,2,165,50274,1,1,0.828659176826477,1
E2_diagnosis_adaptive,1,2,174,50290,1,1,0.8870542645454407,1
E2_diagnosis_adaptive,1,2,195,50324,1,1,0.8895285129547119,1
E2_diagnosis_adaptive,1,2,201,50332,2,0,0.10201161354780197,0
E2_diagnosis_adaptive,1,2,209,50340,2,0,0.10218885540962219,0
E2_diagnosis_adaptive,1,2,213,50344,2,0,0.10204426199197769,0
E2_diagnosis_adaptive,1,2,215,50346,2,0,0.10206562280654907,0
E2_diagnosis_adaptive,1,2,217,50348,2,0,0.3723145127296448,0
E2_diagnosis_adaptive,1,2,218,50349,2,0,0.10448142886161804,0
E2_diagnosis_adaptive,1,2,222,50353,2,0,0.12136022001504898,0
E2_diagnosis_adaptive,1,2,224,50355,2,0,0.11500810831785202,0
E2_diagnosis_adaptive,1,2,242,50374,2,0,0.10506884008646011,0
E2_diagnosis_adaptive,1,2,253,50387,2,0,0.10327629745006561,0
E2_diagnosis_adaptive,1,2,256,50391,2,0,0.10471078008413315,0
E2_diagnosis_adaptive,1,2,277,50422,2,0,0.4792214632034302,0
E2_diagnosis_adaptive,1,2,284,50434,2,0,0.10302024334669113,0
E2_diagnosis_adaptive,1,2,305,50469,2,0,0.10146364569664001,0
E2_diagnosis_adaptive,1,2,311,50483,1,1,0.8756420016288757,1
E2_diagnosis_adaptive,1,2,331,50509,1,1,0.8879902958869934,1
E2_diagnosis_adaptive,1,2,342,50525,1,1,0.8570438623428345,1
E2_diagnosis_adaptive,1,2,356,50563,2,0,0.10143205523490906,0
E2_diagnosis_adaptive,1,2,370,50602,1,1,0.8686327338218689,1
E2_diagnosis_adaptive,1,2,394,50648,1,1,0.2803404927253723,0
E2_diagnosis_adaptive,1,2,401,50669,2,0,0.8867088556289673,1
E2_diagnosis_adaptive,1,2,413,50694,1,1,0.8881554007530212,1
E2_diagnosis_adaptive,1,2,438,50733,2,0,0.10178043693304062,0
E2_diagnosis_adaptive,1,2,445,50742,2,0,0.10196477919816971,0
E2_diagnosis_adaptive,1,2,447,50744,1,1,0.8853817582130432,1
E2_diagnosis_adaptive,1,2,451,50750,1,1,0.888298749923706,1
E2_diagnosis_adaptive,1,2,460,50774,2,0,0.10218972712755203,0
E2_diagnosis_adaptive,1,2,472,50792,1,1,0.8890255689620972,1
E2_diagnosis_adaptive,1,2,475,50798,1,1,0.10170016437768936,0
E2_diagnosis_adaptive,1,2,477,50800,1,1,0.8763217329978943,1
E2_diagnosis_adaptive,1,2,492,50954,1,1,0.6633861660957336,1
E2_diagnosis_adaptive,1,2,496,50958,1,1,0.8780345916748047,1
E2_diagnosis_adaptive,1,2,505,50968,1,1,0.889277994632721,1
E2_diagnosis_adaptive,1,2,506,50969,1,1,0.8715397119522095,1
E2_diagnosis_adaptive,1,2,524,50990,1,1,0.8891681432723999,1
E2_diagnosis_adaptive,1,2,535,51002,1,1,0.8774644136428833,1
E2_diagnosis_adaptive,1,2,545,51014,1,1,0.8891085982322693,1
E2_diagnosis_adaptive,1,2,558,51028,1,1,0.8891951441764832,1
E2_diagnosis_adaptive,1,2,564,51035,1,1,0.8798550367355347,1
E2_diagnosis_adaptive,1,2,571,51044,2,0,0.10368224233388901,0
E2_diagnosis_adaptive,1,2,574,51047,2,0,0.10142284631729126,0
E2_diagnosis_adaptive,1,2,580,51053,2,0,0.10770546644926071,0
E2_diagnosis_adaptive,1,2,585,51058,2,0,0.10611389577388763,0
E2_diagnosis_adaptive,1,2,588,51061,2,0,0.10369151085615158,0
E2_diagnosis_adaptive,1,2,600,51074,2,0,0.18059320747852325,0
E2_diagnosis_adaptive,1,2,603,51077,2,0,0.12138094007968903,0
E2_diagnosis_adaptive,1,2,617,51091,2,0,0.10169565677642822,0
E2_diagnosis_adaptive,1,2,646,51127,2,0,0.12678995728492737,0
E2_diagnosis_adaptive,1,2,648,51129,2,0,0.10276121646165848,0
E2_diagnosis_adaptive,1,2,650,51131,2,0,0.10638012737035751,0
E2_diagnosis_adaptive,1,2,651,51132,2,0,0.10148561000823975,0
E2_diagnosis_adaptive,1,2,655,51136,2,0,0.20670388638973236,0
E2_diagnosis_adaptive,1,2,662,51146,2,0,0.102759949862957,0
E2_diagnosis_adaptive,1,2,664,51148,2,0,0.10612444579601288,0
E2_diagnosis_adaptive,1,2,668,51152,2,0,0.10706841200590134,0
E2_diagnosis_adaptive,1,2,675,51162,1,1,0.8892228007316589,1
E2_diagnosis_adaptive,1,2,681,51171,1,1,0.8894232511520386,1
E2_diagnosis_adaptive,1,2,689,51183,2,0,0.11924998462200165,0
E2_diagnosis_adaptive,1,2,703,51205,1,1,0.8889291882514954,1
E2_diagnosis_adaptive,1,2,728,51235,1,1,0.8892971873283386,1
E2_diagnosis_adaptive,1,2,735,51249,1,1,0.8895317912101746,1
E2_diagnosis_adaptive,1,2,751,51268,2,0,0.10140819102525711,0
E2_diagnosis_adaptive,1,2,763,51291,1,1,0.8889270424842834,1
E2_diagnosis_adaptive,1,2,767,51295,1,1,0.8892096877098083,1
E2_diagnosis_adaptive,1,2,813,51350,1,1,0.8685838580131531,1
E2_diagnosis_adaptive,1,2,814,51351,1,1,0.8295319080352783,1
E2_diagnosis_adaptive,1,2,826,51370,2,0,0.10300661623477936,0
E2_diagnosis_adaptive,1,2,835,51480,2,0,0.1047038659453392,0
E2_diagnosis_adaptive,1,2,859,51574,1,1,0.8871101140975952,1
E2_diagnosis_adaptive,1,2,867,51584,1,1,0.8644819259643555,1
E2_diagnosis_adaptive,1,3,3,50006,1,1,0.7361486554145813,1
E2_diagnosis_adaptive,1,3,15,50023,1,1,0.5299596190452576,1
E2_diagnosis_adaptive,1,3,25,50034,2,0,0.2668657898902893,0
E2_diagnosis_adaptive,1,3,39,50048,2,0,0.7229392528533936,1
E2_diagnosis_adaptive,1,3,68,50124,1,1,0.715971052646637,1
E2_diagnosis_adaptive,1,3,75,50132,1,1,0.7154988646507263,1
E2_diagnosis_adaptive,1,3,88,50153,1,1,0.39908885955810547,0
E2_diagnosis_adaptive,1,3,100,50169,2,0,0.27695658802986145,0
E2_diagnosis_adaptive,1,3,107,50187,1,1,0.26692166924476624,0
E2_diagnosis_adaptive,1,3,111,50193,2,0,0.2651479244232178,0
E2_diagnosis_adaptive,1,3,122,50205,2,0,0.26410752534866333,0
E2_diagnosis_adaptive,1,3,138,50243,1,1,0.6764410138130188,1
E2_diagnosis_adaptive,1,3,147,50254,1,1,0.7277956604957581,1
E2_diagnosis_adaptive,1,3,159,50268,2,0,0.26493993401527405,0
E2_diagnosis_adaptive,1,3,173,50289,1,1,0.33327335119247437,0
E2_diagnosis_adaptive,1,3,186,50308,1,1,0.6272440552711487,1
E2_diagnosis_adaptive,1,3,189,50314,1,1,0.7353159785270691,1
E2_diagnosis_adaptive,1,3,193,50320,1,1,0.7355791330337524,1
E2_diagnosis_adaptive,1,3,199,50330,2,0,0.2729420065879822,0
E2_diagnosis_adaptive,1,3,203,50334,2,0,0.7342772483825684,1
E2_diagnosis_adaptive,1,3,206,50337,2,0,0.3537355661392212,0
E2_diagnosis_adaptive,1,3,232,50363,2,0,0.4342319667339325,0
E2_diagnosis_adaptive,1,3,233,50364,2,0,0.48008182644844055,0
E2_diagnosis_adaptive,1,3,236,50367,2,0,0.2615351676940918,0
E2_diagnosis_adaptive,1,3,248,50381,2,0,0.4374258518218994,0
E2_diagnosis_adaptive,1,3,252,50386,2,0,0.2616197168827057,0
E2_diagnosis_adaptive,1,3,255,50390,2,0,0.2962755262851715,0
E2_diagnosis_adaptive,1,3,259,50402,1,1,0.26154714822769165,0
E2_diagnosis_adaptive,1,3,261,50404,1,1,0.7359377145767212,1
E2_diagnosis_adaptive,1,3,264,50407,1,1,0.732449471950531,1
E2_diagnosis_adaptive,1,3,282,50428,2,0,0.26522859930992126,0
E2_diagnosis_adaptive,1,3,291,50441,2,0,0.26350167393684387,0
E2_diagnosis_adaptive,1,3,296,50446,2,0,0.2615393102169037,0
E2_diagnosis_adaptive,1,3,301,50463,2,0,0.2620827257633209,0
E2_diagnosis_adaptive,1,3,312,50485,1,1,0.26394033432006836,0
E2_diagnosis_adaptive,1,3,322,50497,1,1,0.7247346639633179,1
E2_diagnosis_adaptive,1,3,330,50507,1,1,0.4391227662563324,0
E2_diagnosis_adaptive,1,3,332,50510,1,1,0.7359095811843872,1
E2_diagnosis_adaptive,1,3,338,50520,1,1,0.7270152568817139,1
E2_diagnosis_adaptive,1,3,362,50572,2,0,0.2616803050041199,0
E2_diagnosis_adaptive,1,3,364,50574,2,0,0.5036415457725525,1
E2_diagnosis_adaptive,1,3,368,50578,2,0,0.7324206233024597,1
E2_diagnosis_adaptive,1,3,382,50620,1,1,0.3076573312282562,0
E2_diagnosis_adaptive,1,3,384,50622,1,1,0.7342728972434998,1
E2_diagnosis_adaptive,1,3,398,50659,2,0,0.5215171575546265,1
E2_diagnosis_adaptive,1,3,403,50683,2,0,0.26142165064811707,0
E2_diagnosis_adaptive,1,3,408,50689,1,1,0.7357927560806274,1
E2_diagnosis_adaptive,1,3,415,50696,1,1,0.7311674952507019,1
E2_diagnosis_adaptive,1,3,421,50702,1,1,0.32390135526657104,0
E2_diagnosis_adaptive,1,3,433,50725,2,0,0.2613610327243805,0
E2_diagnosis_adaptive,1,3,436,50730,2,0,0.26565906405448914,0
E2_diagnosis_adaptive,1,3,439,50735,2,0,0.26148587465286255,0
E2_diagnosis_adaptive,1,3,469,50786,2,0,0.355533242225647,0
E2_diagnosis_adaptive,1,3,497,50959,1,1,0.35722774267196655,0
E2_diagnosis_adaptive,1,3,503,50966,1,1,0.2613484561443329,0
E2_diagnosis_adaptive,1,3,517,50983,1,1,0.5135000348091125,1
E2_diagnosis_adaptive,1,3,529,50995,1,1,0.7360149621963501,1
E2_diagnosis_adaptive,1,3,530,50996,1,1,0.664457380771637,1
E2_diagnosis_adaptive,1,3,531,50997,1,1,0.5249922275543213,1
E2_diagnosis_adaptive,1,3,541,51010,1,1,0.5429728031158447,1
E2_diagnosis_adaptive,1,3,546,51015,1,1,0.26301640272140503,0
E2_diagnosis_adaptive,1,3,555,51025,1,1,0.6696835160255432,1
E2_diagnosis_adaptive,1,3,572,51045,2,0,0.271637499332428,0
E2_diagnosis_adaptive,1,3,577,51050,2,0,0.2612813115119934,0
E2_diagnosis_adaptive,1,3,592,51065,2,0,0.26227372884750366,0
E2_diagnosis_adaptive,1,3,607,51081,2,0,0.26131656765937805,0
E2_diagnosis_adaptive,1,3,608,51082,2,0,0.3192707598209381,0
E2_diagnosis_adaptive,1,3,613,51087,2,0,0.2617798447608948,0
E2_diagnosis_adaptive,1,3,637,51113,2,0,0.2665582001209259,0
E2_diagnosis_adaptive,1,3,639,51116,2,0,0.27393004298210144,0
E2_diagnosis_adaptive,1,3,645,51126,2,0,0.2716361880302429,0
E2_diagnosis_adaptive,1,3,661,51142,2,0,0.316976398229599,0
E2_diagnosis_adaptive,1,3,706,51208,1,1,0.303788423538208,0
E2_diagnosis_adaptive,1,3,714,51218,1,1,0.728286862373352,1
E2_diagnosis_adaptive,1,3,722,51226,1,1,0.26130688190460205,0
E2_diagnosis_adaptive,1,3,731,51239,1,1,0.7228298187255859,1
E2_diagnosis_adaptive,1,3,741,51255,2,0,0.26244989037513733,0
E2_diagnosis_adaptive,1,3,752,51269,2,0,0.26752620935440063,0
E2_diagnosis_adaptive,1,3,761,51280,2,0,0.2674288749694824,0
E2_diagnosis_adaptive,1,3,770,51299,1,1,0.7357626557350159,1
E2_diagnosis_adaptive,1,3,771,51300,1,1,0.7242979407310486,1
E2_diagnosis_adaptive,1,3,776,51305,2,0,0.5265974998474121,1
E2_diagnosis_adaptive,1,3,794,51329,1,1,0.4448311924934387,0
E2_diagnosis_adaptive,1,3,803,51339,2,0,0.26154544949531555,0
E2_diagnosis_adaptive,1,3,806,51342,2,0,0.26128387451171875,0
E2_diagnosis_adaptive,1,3,838,51484,2,0,0.38669052720069885,0
E2_diagnosis_adaptive,1,3,855,51569,2,0,0.6946077942848206,1
E2_diagnosis_adaptive,1,4,4,50007,1,1,0.3762991428375244,0
E2_diagnosis_adaptive,1,4,32,50041,2,0,0.07735466957092285,0
E2_diagnosis_adaptive,1,4,46,50056,1,1,0.8388495445251465,1
E2_diagnosis_adaptive,1,4,57,50111,2,0,0.07857505977153778,0
E2_diagnosis_adaptive,1,4,60,50114,2,0,0.07494735717773438,0
E2_diagnosis_adaptive,1,4,87,50152,1,1,0.8757501840591431,1
E2_diagnosis_adaptive,1,4,94,50161,2,0,0.07741299271583557,0
E2_diagnosis_adaptive,1,4,120,50203,2,0,0.07499148696660995,0
E2_diagnosis_adaptive,1,4,135,50239,1,1,0.0876743495464325,0
E2_diagnosis_adaptive,1,4,149,50257,2,0,0.07703302055597305,0
E2_diagnosis_adaptive,1,4,153,50262,2,0,0.07511807233095169,0
E2_diagnosis_adaptive,1,4,154,50263,2,0,0.07579483836889267,0
E2_diagnosis_adaptive,1,4,166,50275,1,1,0.8409067988395691,1
E2_diagnosis_adaptive,1,4,179,50295,1,1,0.8772799968719482,1
E2_diagnosis_adaptive,1,4,210,50341,2,0,0.07509889453649521,0
E2_diagnosis_adaptive,1,4,216,50347,2,0,0.07637856155633926,0
E2_diagnosis_adaptive,1,4,226,50357,2,0,0.07781170308589935,0
E2_diagnosis_adaptive,1,4,258,50399,1,1,0.7565346956253052,1
E2_diagnosis_adaptive,1,4,272,50416,2,0,0.07510565966367722,0
E2_diagnosis_adaptive,1,4,295,50445,2,0,0.07687143981456757,0
E2_diagnosis_adaptive,1,4,316,50490,1,1,0.7551149129867554,1
E2_diagnosis_adaptive,1,4,323,50498,1,1,0.872977614402771,1
E2_diagnosis_adaptive,1,4,324,50499,1,1,0.8538157343864441,1
E2_diagnosis_adaptive,1,4,328,50503,1,1,0.8627108931541443,1
E2_diagnosis_adaptive,1,4,329,50504,1,1,0.8760942220687866,1
E2_diagnosis_adaptive,1,4,344,50527,1,1,0.4685990512371063,0
E2_diagnosis_adaptive,1,4,349,50532,1,1,0.8775768876075745,1
E2_diagnosis_adaptive,1,4,350,50551,2,0,0.08287797123193741,0
E2_diagnosis_adaptive,1,4,359,50569,2,0,0.10736798495054245,0
E2_diagnosis_adaptive,1,4,360,50570,2,0,0.07652803510427475,0
E2_diagnosis_adaptive,1,4,363,50573,2,0,0.07670219987630844,0
E2_diagnosis_adaptive,1,4,371,50603,1,1,0.8775783181190491,1
E2_diagnosis_adaptive,1,4,380,50616,1,1,0.877101719379425,1
E2_diagnosis_adaptive,1,4,387,50625,1,1,0.07515469193458557,0
E2_diagnosis_adaptive,1,4,389,50627,1,1,0.8612185716629028,1
E2_diagnosis_adaptive,1,4,391,50642,1,1,0.7700458765029907,1
E2_diagnosis_adaptive,1,4,392,50644,1,1,0.8282743096351624,1
E2_diagnosis_adaptive,1,4,402,50682,2,0,0.07512348145246506,0
E2_diagnosis_adaptive,1,4,430,50722,2,0,0.0760083794593811,0
E2_diagnosis_adaptive,1,4,437,50731,2,0,0.0758059024810791,0
E2_diagnosis_adaptive,1,4,458,50772,2,0,0.8754373788833618,1
E2_diagnosis_adaptive,1,4,473,50796,1,1,0.866801381111145,1
E2_diagnosis_adaptive,1,4,474,50797,1,1,0.7938864827156067,1
E2_diagnosis_adaptive,1,4,481,50812,2,0,0.07498442381620407,0
E2_diagnosis_adaptive,1,4,483,50816,2,0,0.07564979791641235,0
E2_diagnosis_adaptive,1,4,485,50818,2,0,0.0752699226140976,0
E2_diagnosis_adaptive,1,4,509,50973,1,1,0.45247483253479004,0
E2_diagnosis_adaptive,1,4,516,50982,1,1,0.07509195059537888,0
E2_diagnosis_adaptive,1,4,543,51012,1,1,0.7353269457817078,1
E2_diagnosis_adaptive,1,4,548,51017,1,1,0.8731223344802856,1
E2_diagnosis_adaptive,1,4,549,51018,1,1,0.875446617603302,1
E2_diagnosis_adaptive,1,4,551,51020,1,1,0.28437983989715576,0
E2_diagnosis_adaptive,1,4,575,51048,2,0,0.07747868448495865,0
E2_diagnosis_adaptive,1,4,590,51063,2,0,0.07881642132997513,0
E2_diagnosis_adaptive,1,4,598,51072,2,0,0.08264993876218796,0
E2_diagnosis_adaptive,1,4,605,51079,2,0,0.27189400792121887,0
E2_diagnosis_adaptive,1,4,618,51093,2,0,0.08026798814535141,0
E2_diagnosis_adaptive,1,4,626,51101,2,0,0.07552631199359894,0
E2_diagnosis_adaptive,1,4,641,51118,2,0,0.3454080820083618,0
E2_diagnosis_adaptive,1,4,649,51130,2,0,0.41875022649765015,0
E2_diagnosis_adaptive,1,4,653,51134,2,0,0.07541903853416443,0
E2_diagnosis_adaptive,1,4,658,51139,2,0,0.07600410282611847,0
E2_diagnosis_adaptive,1,4,659,51140,2,0,0.07509242743253708,0
E2_diagnosis_adaptive,1,4,666,51150,2,0,0.07552163302898407,0
E2_diagnosis_adaptive,1,4,678,51168,1,1,0.5843360424041748,1
E2_diagnosis_adaptive,1,4,687,51181,2,0,0.07741481810808182,0
E2_diagnosis_adaptive,1,4,690,51184,2,0,0.11582360416650772,0
E2_diagnosis_adaptive,1,4,699,51201,1,1,0.7303397059440613,1
E2_diagnosis_adaptive,1,4,708,51211,1,1,0.44960394501686096,0
E2_diagnosis_adaptive,1,4,712,51216,1,1,0.07511207461357117,0
E2_diagnosis_adaptive,1,4,716,51220,1,1,0.7703981399536133,1
E2_diagnosis_adaptive,1,4,718,51222,1,1,0.07523582875728607,0
E2_diagnosis_adaptive,1,4,723,51228,1,1,0.8741247057914734,1
E2_diagnosis_adaptive,1,4,742,51256,2,0,0.0772901102900505,0
E2_diagnosis_adaptive,1,4,750,51267,2,0,0.075637087225914,0
E2_diagnosis_adaptive,1,4,778,51307,2,0,0.8761584162712097,1
E2_diagnosis_adaptive,1,4,793,51328,1,1,0.8772790431976318,1
E2_diagnosis_adaptive,1,4,808,51344,2,0,0.09000619500875473,0
E2_diagnosis_adaptive,1,4,815,51354,1,1,0.6591296195983887,1
E2_diagnosis_adaptive,1,4,817,51357,2,0,0.07543345540761948,0
E2_diagnosis_adaptive,1,4,845,51558,2,0,0.07566753029823303,0
E2_diagnosis_adaptive,1,4,846,51559,2,0,0.07527611404657364,0
E2_diagnosis_adaptive,1,4,852,51566,2,0,0.0752095952630043,0
E2_diagnosis_adaptive,1,4,854,51568,2,0,0.09060481190681458,0
E2_diagnosis_adaptive,1,4,860,51576,1,1,0.08997133374214172,0
E2_diagnosis_adaptive,1,4,861,51577,1,1,0.3262012004852295,0
E2_diagnosis_adaptive,1,4,863,51579,1,1,0.07547096163034439,0
E2_diagnosis_adaptive,1,5,9,50013,1,1,0.8424859642982483,1
E2_diagnosis_adaptive,1,5,12,50016,1,1,0.8436018228530884,1
E2_diagnosis_adaptive,1,5,21,50030,2,0,0.8466890454292297,1
E2_diagnosis_adaptive,1,5,28,50037,2,0,0.5118787884712219,1
E2_diagnosis_adaptive,1,5,37,50046,2,0,0.11214051395654678,0
E2_diagnosis_adaptive,1,5,48,50059,2,0,0.1084292083978653,0
E2_diagnosis_adaptive,1,5,73,50130,1,1,0.7223750948905945,1
E2_diagnosis_adaptive,1,5,77,50135,1,1,0.8604059815406799,1
E2_diagnosis_adaptive,1,5,79,50143,1,1,0.8618643879890442,1
E2_diagnosis_adaptive,1,5,81,50145,1,1,0.8373721241950989,1
E2_diagnosis_adaptive,1,5,95,50162,2,0,0.12015358358621597,0
E2_diagnosis_adaptive,1,5,97,50164,2,0,0.10796601325273514,0
E2_diagnosis_adaptive,1,5,102,50171,2,0,0.23616008460521698,0
E2_diagnosis_adaptive,1,5,128,50215,2,0,0.10769499093294144,0
E2_diagnosis_adaptive,1,5,134,50237,1,1,0.8590373396873474,1
E2_diagnosis_adaptive,1,5,142,50249,1,1,0.8615122437477112,1
E2_diagnosis_adaptive,1,5,150,50259,2,0,0.10898514837026596,0
E2_diagnosis_adaptive,1,5,167,50276,1,1,0.8623607158660889,1
E2_diagnosis_adaptive,1,5,177,50293,1,1,0.8604182600975037,1
E2_diagnosis_adaptive,1,5,185,50304,1,1,0.8434712290763855,1
E2_diagnosis_adaptive,1,5,191,50318,1,1,0.13599054515361786,0
E2_diagnosis_adaptive,1,5,207,50338,2,0,0.10933467000722885,0
E2_diagnosis_adaptive,1,5,243,50375,2,0,0.11176837235689163,0
E2_diagnosis_adaptive,1,5,250,50383,2,0,0.17294733226299286,0
E2_diagnosis_adaptive,1,5,271,50415,2,0,0.1140824556350708,0
E2_diagnosis_adaptive,1,5,276,50421,2,0,0.1094566285610199,0
E2_diagnosis_adaptive,1,5,280,50426,2,0,0.1118711456656456,0
E2_diagnosis_adaptive,1,5,286,50436,2,0,0.8405269980430603,1
E2_diagnosis_adaptive,1,5,293,50443,2,0,0.7727195620536804,1
E2_diagnosis_adaptive,1,5,304,50468,2,0,0.186807319521904,0
E2_diagnosis_adaptive,1,5,306,50470,2,0,0.2207891345024109,0
E2_diagnosis_adaptive,1,5,327,50502,1,1,0.8624768853187561,1
E2_diagnosis_adaptive,1,5,334,50515,1,1,0.8610453009605408,1
E2_diagnosis_adaptive,1,5,336,50518,1,1,0.8503579497337341,1
E2_diagnosis_adaptive,1,5,339,50521,1,1,0.5930396914482117,1
E2_diagnosis_adaptive,1,5,347,50530,1,1,0.8599395155906677,1
E2_diagnosis_adaptive,1,5,351,50552,2,0,0.19969411194324493,0
E2_diagnosis_adaptive,1,5,355,50561,2,0,0.1094120666384697,0
E2_diagnosis_adaptive,1,5,367,50577,2,0,0.10764949768781662,0
E2_diagnosis_adaptive,1,5,385,50623,1,1,0.857986330986023,1
E2_diagnosis_adaptive,1,5,411,50692,2,0,0.10756178200244904,0
E2_diagnosis_adaptive,1,5,412,50693,1,1,0.11565282940864563,0
E2_diagnosis_adaptive,1,5,417,50698,2,0,0.10813137143850327,0
E2_diagnosis_adaptive,1,5,443,50740,2,0,0.10852878540754318,0
E2_diagnosis_adaptive,1,5,465,50780,2,0,0.43643930554389954,0
E2_diagnosis_adaptive,1,5,484,50817,2,0,0.11212075501680374,0
E2_diagnosis_adaptive,1,5,487,50821,2,0,0.10906548798084259,0
E2_diagnosis_adaptive,1,5,494,50956,1,1,0.8592495322227478,1
E2_diagnosis_adaptive,1,5,498,50960,1,1,0.5546535849571228,1
E2_diagnosis_adaptive,1,5,504,50967,1,1,0.8565044403076172,1
E2_diagnosis_adaptive,1,5,507,50970,1,1,0.861802875995636,1
E2_diagnosis_adaptive,1,5,513,50978,1,1,0.8624320030212402,1
E2_diagnosis_adaptive,1,5,514,50979,1,1,0.8279707431793213,1
E2_diagnosis_adaptive,1,5,528,50994,1,1,0.8616268038749695,1
E2_diagnosis_adaptive,1,5,533,51000,1,1,0.8618224859237671,1
E2_diagnosis_adaptive,1,5,536,51003,1,1,0.8616793751716614,1
E2_diagnosis_adaptive,1,5,537,51006,1,1,0.8618819117546082,1
E2_diagnosis_adaptive,1,5,538,51007,1,1,0.8620238900184631,1
E2_diagnosis_adaptive,1,5,539,51008,1,1,0.1996200829744339,0
E2_diagnosis_adaptive,1,5,547,51016,1,1,0.853247344493866,1
E2_diagnosis_adaptive,1,5,550,51019,1,1,0.8459663391113281,1
E2_diagnosis_adaptive,1,5,594,51067,2,0,0.11612527072429657,0
E2_diagnosis_adaptive,1,5,614,51088,2,0,0.11496920883655548,0
E2_diagnosis_adaptive,1,5,616,51090,2,0,0.11024671792984009,0
E2_diagnosis_adaptive,1,5,621,51096,2,0,0.11317077279090881,0
E2_diagnosis_adaptive,1,5,623,51098,2,0,0.1155439093708992,0
E2_diagnosis_adaptive,1,5,628,51103,2,0,0.6943953037261963,1
E2_diagnosis_adaptive,1,5,647,51128,2,0,0.11075915396213531,0
E2_diagnosis_adaptive,1,5,660,51141,2,0,0.15444865822792053,0
E2_diagnosis_adaptive,1,5,669,51153,2,0,0.10925821214914322,0
E2_diagnosis_adaptive,1,5,674,51161,1,1,0.8424139618873596,1
E2_diagnosis_adaptive,1,5,685,51179,1,1,0.8560947179794312,1
E2_diagnosis_adaptive,1,5,698,51198,2,0,0.2510504126548767,0
E2_diagnosis_adaptive,1,5,702,51204,1,1,0.8599552512168884,1
E2_diagnosis_adaptive,1,5,713,51217,1,1,0.37905821204185486,0
E2_diagnosis_adaptive,1,5,719,51223,1,1,0.8466745018959045,1
E2_diagnosis_adaptive,1,5,727,51234,1,1,0.8571434617042542,1
E2_diagnosis_adaptive,1,5,737,51251,2,0,0.6291400790214539,1
E2_diagnosis_adaptive,1,5,738,51252,2,0,0.8612233400344849,1
E2_diagnosis_adaptive,1,5,746,51262,2,0,0.8154616355895996,1
E2_diagnosis_adaptive,1,5,805,51341,2,0,0.5132686495780945,1
E2_diagnosis_adaptive,1,5,821,51362,2,0,0.10902571678161621,0
E2_diagnosis_adaptive,1,5,823,51364,2,0,0.12292997539043427,0
E2_diagnosis_adaptive,1,5,832,51473,1,1,0.8307468295097351,1
E2_diagnosis_adaptive,1,5,847,51560,2,0,0.10919233411550522,0
E2_diagnosis_adaptive,1,5,848,51562,2,0,0.10834050178527832,0
E2_diagnosis_adaptive,1,5,849,51563,2,0,0.10948739945888519,0
E2_diagnosis_adaptive,1,6,6,50010,1,1,0.8921060562133789,1
E2_diagnosis_adaptive,1,6,47,50057,1,1,0.07307501137256622,0
E2_diagnosis_adaptive,1,6,54,50106,2,0,0.21329553425312042,0
E2_diagnosis_adaptive,1,6,61,50115,2,0,0.07435932755470276,0
E2_diagnosis_adaptive,1,6,70,50127,1,1,0.7148350477218628,1
E2_diagnosis_adaptive,1,6,76,50134,1,1,0.8920294046401978,1
E2_diagnosis_adaptive,1,6,78,50142,1,1,0.8921850919723511,1
E2_diagnosis_adaptive,1,6,82,50146,1,1,0.5188084244728088,1
E2_diagnosis_adaptive,1,6,91,50158,2,0,0.07249915599822998,0
E2_diagnosis_adaptive,1,6,92,50159,2,0,0.8920170068740845,1
E2_diagnosis_adaptive,1,6,112,50194,2,0,0.07404617220163345,0
E2_diagnosis_adaptive,1,6,123,50206,2,0,0.4083864390850067,0
E2_diagnosis_adaptive,1,6,124,50208,2,0,0.07249945402145386,0
E2_diagnosis_adaptive,1,6,130,50232,1,1,0.8878889679908752,1
E2_diagnosis_adaptive,1,6,131,50233,1,1,0.8911813497543335,1
E2_diagnosis_adaptive,1,6,137,50241,1,1,0.8922042846679688,1
E2_diagnosis_adaptive,1,6,139,50245,1,1,0.8921100497245789,1
E2_diagnosis_adaptive,1,6,140,50247,1,1,0.8916112184524536,1
E2_diagnosis_adaptive,1,6,151,50260,2,0,0.07261040806770325,0
E2_diagnosis_adaptive,1,6,168,50278,1,1,0.8915285468101501,1
E2_diagnosis_adaptive,1,6,175,50291,1,1,0.8878611326217651,1
E2_diagnosis_adaptive,1,6,196,50325,1,1,0.07277829945087433,0
E2_diagnosis_adaptive,1,6,205,50336,2,0,0.24512648582458496,0
E2_diagnosis_adaptive,1,6,219,50350,2,0,0.07636738568544388,0
E2_diagnosis_adaptive,1,6,220,50351,2,0,0.0752270445227623,0
E2_diagnosis_adaptive,1,6,223,50354,2,0,0.0743078961968422,0
E2_diagnosis_adaptive,1,6,228,50359,2,0,0.08199869841337204,0
E2_diagnosis_adaptive,1,6,229,50360,2,0,0.0740615501999855,0
E2_diagnosis_adaptive,1,6,234,50365,2,0,0.07323094457387924,0
E2_diagnosis_adaptive,1,6,239,50370,2,0,0.07249338924884796,0
E2_diagnosis_adaptive,1,6,254,50388,2,0,0.0731959119439125,0
E2_diagnosis_adaptive,1,6,260,50403,1,1,0.07238442450761795,0
E2_diagnosis_adaptive,1,6,278,50424,2,0,0.07414130121469498,0
E2_diagnosis_adaptive,1,6,290,50440,2,0,0.8815684914588928,1
E2_diagnosis_adaptive,1,6,292,50442,2,0,0.07523278146982193,0
E2_diagnosis_adaptive,1,6,299,50449,2,0,0.07248464226722717,0
E2_diagnosis_adaptive,1,6,302,50466,2,0,0.07306596636772156,0
E2_diagnosis_adaptive,1,6,321,50496,1,1,0.8902578353881836,1
E2_diagnosis_adaptive,1,6,340,50523,1,1,0.8897778987884521,1
E2_diagnosis_adaptive,1,6,345,50528,1,1,0.8913730978965759,1
E2_diagnosis_adaptive,1,6,357,50565,2,0,0.07522130012512207,0
E2_diagnosis_adaptive,1,6,365,50575,2,0,0.07253370434045792,0
E2_diagnosis_adaptive,1,6,372,50604,1,1,0.8910606503486633,1
E2_diagnosis_adaptive,1,6,374,50607,1,1,0.07323646545410156,0
E2_diagnosis_adaptive,1,6,379,50615,1,1,0.8920872211456299,1
E2_diagnosis_adaptive,1,6,399,50664,2,0,0.07300453633069992,0
E2_diagnosis_adaptive,1,6,426,50707,2,0,0.07307485491037369,0
E2_diagnosis_adaptive,1,6,444,50741,2,0,0.09271837025880814,0
E2_diagnosis_adaptive,1,6,467,50782,2,0,0.08867707848548889,0
E2_diagnosis_adaptive,1,6,468,50783,2,0,0.07412035763263702,0
E2_diagnosis_adaptive,1,6,470,50790,2,0,0.07406347244977951,0
E2_diagnosis_adaptive,1,6,480,50807,1,1,0.8911302089691162,1
E2_diagnosis_adaptive,1,6,493,50955,1,1,0.07237149775028229,0
E2_diagnosis_adaptive,1,6,499,50961,1,1,0.8900734186172485,1
E2_diagnosis_adaptive,1,6,515,50981,1,1,0.8897596001625061,1
E2_diagnosis_adaptive,1,6,518,50984,1,1,0.8479210138320923,1
E2_diagnosis_adaptive,1,6,522,50988,1,1,0.8855088949203491,1
E2_diagnosis_adaptive,1,6,523,50989,1,1,0.8892068266868591,1
E2_diagnosis_adaptive,1,6,542,51011,1,1,0.8894540667533875,1
E2_diagnosis_adaptive,1,6,556,51026,1,1,0.8918024897575378,1
E2_diagnosis_adaptive,1,6,557,51027,1,1,0.32148152589797974,0
E2_diagnosis_adaptive,1,6,567,51039,2,0,0.07404650747776031,0
E2_diagnosis_adaptive,1,6,569,51041,2,0,0.07454531639814377,0
E2_diagnosis_adaptive,1,6,573,51046,2,0,0.296718567609787,0
E2_diagnosis_adaptive,1,6,581,51054,2,0,0.0740295797586441,0
E2_diagnosis_adaptive,1,6,582,51055,2,0,0.0749179869890213,0
E2_diagnosis_adaptive,1,6,583,51056,2,0,0.07615766674280167,0
E2_diagnosis_adaptive,1,6,601,51075,2,0,0.07672201097011566,0
E2_diagnosis_adaptive,1,6,604,51078,2,0,0.07697942852973938,0
E2_diagnosis_adaptive,1,6,624,51099,2,0,0.0724189504981041,0
E2_diagnosis_adaptive,1,6,672,51156,2,0,0.07672402262687683,0
E2_diagnosis_adaptive,1,6,707,51210,1,1,0.8857800364494324,1
E2_diagnosis_adaptive,1,6,725,51230,1,1,0.8921949863433838,1
E2_diagnosis_adaptive,1,6,739,51253,2,0,0.07291538268327713,0
E2_diagnosis_adaptive,1,6,762,51281,2,0,0.075990691781044,0
E2_diagnosis_adaptive,1,6,773,51302,1,1,0.8879472613334656,1
E2_diagnosis_adaptive,1,6,775,51304,2,0,0.07350245863199234,0
E2_diagnosis_adaptive,1,6,785,51319,1,1,0.8888941407203674,1
E2_diagnosis_adaptive,1,6,796,51331,1,1,0.8922020792961121,1
E2_diagnosis_adaptive,1,6,810,51346,2,0,0.07415182143449783,0
E2_diagnosis_adaptive,1,6,811,51347,2,0,0.07416532933712006,0
E2_diagnosis_adaptive,1,6,812,51349,1,1,0.07578233629465103,0
E2_diagnosis_adaptive,1,6,819,51360,2,0,0.07843600958585739,0
E2_diagnosis_adaptive,1,6,844,51557,2,0,0.07474838197231293,0
E2_diagnosis_adaptive,1,6,858,51573,1,1,0.45389747619628906,0
E2_diagnosis_adaptive,1,6,864,51580,1,1,0.6782860159873962,1
E2_diagnosis_adaptive,1,6,869,51606,1,1,0.14174947142601013,0
E2_diagnosis_adaptive,1,7,22,50031,2,0,0.05351646989583969,0
E2_diagnosis_adaptive,1,7,24,50033,2,0,0.053405821323394775,0
E2_diagnosis_adaptive,1,7,29,50038,2,0,0.05426747351884842,0
E2_diagnosis_adaptive,1,7,43,50052,2,0,0.28810784220695496,0
E2_diagnosis_adaptive,1,7,50,50102,2,0,0.05343681946396828,0
E2_diagnosis_adaptive,1,7,58,50112,2,0,0.05380133539438248,0
E2_diagnosis_adaptive,1,7,62,50116,2,0,0.6129128336906433,1
E2_diagnosis_adaptive,1,7,86,50150,1,1,0.08206306397914886,0
E2_diagnosis_adaptive,1,7,89,50156,1,1,0.8845337629318237,1
E2_diagnosis_adaptive,1,7,93,50160,2,0,0.05808486044406891,0
E2_diagnosis_adaptive,1,7,99,50168,2,0,0.05713055282831192,0
E2_diagnosis_adaptive,1,7,121,50204,2,0,0.05461280420422554,0
E2_diagnosis_adaptive,1,7,125,50210,2,0,0.05380582809448242,0
E2_diagnosis_adaptive,1,7,127,50214,2,0,0.05598755553364754,0
E2_diagnosis_adaptive,1,7,129,50217,2,0,0.05467033386230469,0
E2_diagnosis_adaptive,1,7,133,50236,1,1,0.8861185908317566,1
E2_diagnosis_adaptive,1,7,158,50267,2,0,0.05343359708786011,0
E2_diagnosis_adaptive,1,7,162,50271,2,0,0.11778648942708969,0
E2_diagnosis_adaptive,1,7,169,50282,1,1,0.8687090277671814,1
E2_diagnosis_adaptive,1,7,183,50301,1,1,0.31567034125328064,0
E2_diagnosis_adaptive,1,7,188,50312,1,1,0.8786815404891968,1
E2_diagnosis_adaptive,1,7,211,50342,2,0,0.05637937784194946,0
E2_diagnosis_adaptive,1,7,212,50343,2,0,0.7750477194786072,1
E2_diagnosis_adaptive,1,7,238,50369,2,0,0.057942215353250504,0
E2_diagnosis_adaptive,1,7,245,50377,2,0,0.05415498465299606,0
E2_diagnosis_adaptive,1,7,251,50385,2,0,0.5435337424278259,1
E2_diagnosis_adaptive,1,7,262,50405,1,1,0.8852734565734863,1
E2_diagnosis_adaptive,1,7,266,50410,1,1,0.6800908446311951,1
E2_diagnosis_adaptive,1,7,274,50418,2,0,0.05389565974473953,0
E2_diagnosis_adaptive,1,7,300,50453,2,0,0.8512115478515625,1
E2_diagnosis_adaptive,1,7,307,50477,1,1,0.8729257583618164,1
E2_diagnosis_adaptive,1,7,317,50491,1,1,0.8790048956871033,1
E2_diagnosis_adaptive,1,7,318,50492,1,1,0.8821902871131897,1
E2_diagnosis_adaptive,1,7,325,50500,1,1,0.7705503702163696,1
E2_diagnosis_adaptive,1,7,346,50529,1,1,0.8825607299804688,1
E2_diagnosis_adaptive,1,7,353,50557,2,0,0.05340919271111488,0
E2_diagnosis_adaptive,1,7,354,50558,2,0,0.056230273097753525,0
E2_diagnosis_adaptive,1,7,373,50606,1,1,0.41928330063819885,0
E2_diagnosis_adaptive,1,7,375,50608,1,1,0.270268976688385,0
E2_diagnosis_adaptive,1,7,386,50624,1,1,0.8859190940856934,1
E2_diagnosis_adaptive,1,7,395,50649,1,1,0.09107797592878342,0
E2_diagnosis_adaptive,1,7,407,50688,2,0,0.053563252091407776,0
E2_diagnosis_adaptive,1,7,418,50699,2,0,0.8860456347465515,1
E2_diagnosis_adaptive,1,7,428,50709,2,0,0.05354219675064087,0
E2_diagnosis_adaptive,1,7,450,50749,1,1,0.872393786907196,1
E2_diagnosis_adaptive,1,7,453,50752,1,1,0.6841866374015808,1
E2_diagnosis_adaptive,1,7,456,50756,1,1,0.8810312747955322,1
E2_diagnosis_adaptive,1,7,495,50957,1,1,0.37429678440093994,0
E2_diagnosis_adaptive,1,7,510,50974,1,1,0.8859990239143372,1
E2_diagnosis_adaptive,1,7,521,50987,1,1,0.8847111463546753,1
E2_diagnosis_adaptive,1,7,554,51024,1,1,0.8830059766769409,1
E2_diagnosis_adaptive,1,7,587,51060,2,0,0.4678337872028351,0
E2_diagnosis_adaptive,1,7,593,51066,2,0,0.055150676518678665,0
E2_diagnosis_adaptive,1,7,619,51094,2,0,0.056122805923223495,0
E2_diagnosis_adaptive,1,7,620,51095,2,0,0.19206508994102478,0
E2_diagnosis_adaptive,1,7,629,51104,2,0,0.05415733531117439,0
E2_diagnosis_adaptive,1,7,634,51110,2,0,0.05407412722706795,0
E2_diagnosis_adaptive,1,7,663,51147,2,0,0.053758636116981506,0
E2_diagnosis_adaptive,1,7,667,51151,2,0,0.053934723138809204,0
E2_diagnosis_adaptive,1,7,671,51155,2,0,0.05380476266145706,0
E2_diagnosis_adaptive,1,7,673,51159,2,0,0.8839202523231506,1
E2_diagnosis_adaptive,1,7,676,51163,1,1,0.5205349922180176,1
E2_diagnosis_adaptive,1,7,682,51173,1,1,0.8825221061706543,1
E2_diagnosis_adaptive,1,7,683,51177,1,1,0.8232393264770508,1
E2_diagnosis_adaptive,1,7,684,51178,1,1,0.8845158815383911,1
E2_diagnosis_adaptive,1,7,695,51192,2,0,0.05427850782871246,0
E2_diagnosis_adaptive,1,7,704,51206,1,1,0.733267605304718,1
E2_diagnosis_adaptive,1,7,710,51214,1,1,0.8823206424713135,1
E2_diagnosis_adaptive,1,7,717,51221,1,1,0.884471595287323,1
E2_diagnosis_adaptive,1,7,720,51224,1,1,0.8823334574699402,1
E2_diagnosis_adaptive,1,7,724,51229,1,1,0.8852071762084961,1
E2_diagnosis_adaptive,1,7,736,51250,2,0,0.05562109127640724,0
E2_diagnosis_adaptive,1,7,759,51278,2,0,0.18749481439590454,0
E2_diagnosis_adaptive,1,7,760,51279,2,0,0.0534500852227211,0
E2_diagnosis_adaptive,1,7,764,51292,1,1,0.8811762928962708,1
E2_diagnosis_adaptive,1,7,774,51303,2,0,0.05347227677702904,0
E2_diagnosis_adaptive,1,7,784,51318,1,1,0.1041744127869606,0
E2_diagnosis_adaptive,1,7,799,51334,2,0,0.05338200181722641,0
E2_diagnosis_adaptive,1,7,807,51343,2,0,0.05702035501599312,0
E2_diagnosis_adaptive,1,7,820,51361,2,0,0.05550991743803024,0
E2_diagnosis_adaptive,1,7,827,51373,2,0,0.054910000413656235,0
E2_diagnosis_adaptive,1,7,828,51461,1,1,0.8797298669815063,1
E2_diagnosis_adaptive,1,7,830,51464,1,1,0.8835153579711914,1
E2_diagnosis_adaptive,1,7,831,51465,1,1,0.8860101103782654,1
E2_diagnosis_adaptive,1,7,833,51477,2,0,0.05391232669353485,0
E2_diagnosis_adaptive,1,7,857,51572,1,1,0.8850015997886658,1
E2_diagnosis_adaptive,1,7,866,51583,1,1,0.8798115253448486,1
E2_diagnosis_adaptive,1,8,5,50008,1,1,0.7810121774673462,1
E2_diagnosis_adaptive,1,8,7,50011,1,1,0.7844651937484741,1
E2_diagnosis_adaptive,1,8,10,50014,1,1,0.7844932079315186,1
E2_diagnosis_adaptive,1,8,14,50022,1,1,0.1072208434343338,0
E2_diagnosis_adaptive,1,8,16,50024,1,1,0.785789966583252,1
E2_diagnosis_adaptive,1,8,35,50044,2,0,0.11188969016075134,0
E2_diagnosis_adaptive,1,8,42,50051,2,0,0.38109090924263,0
E2_diagnosis_adaptive,1,8,49,50060,2,0,0.1078331395983696,0
E2_diagnosis_adaptive,1,8,52,50104,2,0,0.10890986770391464,0
E2_diagnosis_adaptive,1,8,56,50109,2,0,0.13928158581256866,0
E2_diagnosis_adaptive,1,8,65,50119,1,1,0.10613062232732773,0
E2_diagnosis_adaptive,1,8,67,50123,1,1,0.7826035618782043,1
E2_diagnosis_adaptive,1,8,101,50170,2,0,0.2590581178665161,0
E2_diagnosis_adaptive,1,8,103,50182,1,1,0.7835127115249634,1
E2_diagnosis_adaptive,1,8,104,50183,1,1,0.7835524082183838,1
E2_diagnosis_adaptive,1,8,106,50186,1,1,0.7852088212966919,1
E2_diagnosis_adaptive,1,8,117,50200,2,0,0.11319586634635925,0
E2_diagnosis_adaptive,1,8,118,50201,2,0,0.1066133975982666,0
E2_diagnosis_adaptive,1,8,143,50250,1,1,0.11025182157754898,0
E2_diagnosis_adaptive,1,8,146,50253,1,1,0.6271774768829346,1
E2_diagnosis_adaptive,1,8,164,50273,1,1,0.784411609172821,1
E2_diagnosis_adaptive,1,8,171,50285,1,1,0.11026912182569504,0
E2_diagnosis_adaptive,1,8,184,50302,1,1,0.7844855785369873,1
E2_diagnosis_adaptive,1,8,187,50310,1,1,0.7838567495346069,1
E2_diagnosis_adaptive,1,8,194,50321,1,1,0.7851495146751404,1
E2_diagnosis_adaptive,1,8,198,50329,2,0,0.13391496241092682,0
E2_diagnosis_adaptive,1,8,214,50345,2,0,0.1053675189614296,0
E2_diagnosis_adaptive,1,8,227,50358,2,0,0.10501574724912643,0
E2_diagnosis_adaptive,1,8,231,50362,2,0,0.10530688613653183,0
E2_diagnosis_adaptive,1,8,244,50376,2,0,0.764552891254425,1
E2_diagnosis_adaptive,1,8,263,50406,1,1,0.7844753861427307,1
E2_diagnosis_adaptive,1,8,268,50412,1,1,0.785298228263855,1
E2_diagnosis_adaptive,1,8,270,50414,2,0,0.48764151334762573,0
E2_diagnosis_adaptive,1,8,281,50427,2,0,0.10715904831886292,0
E2_diagnosis_adaptive,1,8,298,50448,2,0,0.20270007848739624,0
E2_diagnosis_adaptive,1,8,309,50481,1,1,0.7848473191261292,1
E2_diagnosis_adaptive,1,8,314,50487,1,1,0.78305584192276,1
E2_diagnosis_adaptive,1,8,358,50568,2,0,0.7209304571151733,1
E2_diagnosis_adaptive,1,8,366,50576,2,0,0.10639002174139023,0
E2_diagnosis_adaptive,1,8,369,50601,1,1,0.28889283537864685,0
E2_diagnosis_adaptive,1,8,381,50619,1,1,0.7830215692520142,1
E2_diagnosis_adaptive,1,8,404,50685,2,0,0.13230225443840027,0
E2_diagnosis_adaptive,1,8,419,50700,1,1,0.7838266491889954,1
E2_diagnosis_adaptive,1,8,420,50701,2,0,0.10502040386199951,0
E2_diagnosis_adaptive,1,8,432,50724,2,0,0.10543705523014069,0
E2_diagnosis_adaptive,1,8,440,50737,2,0,0.1053609848022461,0
E2_diagnosis_adaptive,1,8,454,50754,1,1,0.7835826277732849,1
E2_diagnosis_adaptive,1,8,462,50776,2,0,0.10540952533483505,0
E2_diagnosis_adaptive,1,8,471,50791,1,1,0.774828314781189,1
E2_diagnosis_adaptive,1,8,482,50814,2,0,0.28661713004112244,0
E2_diagnosis_adaptive,1,8,508,50972,1,1,0.7836295366287231,1
E2_diagnosis_adaptive,1,8,525,50991,1,1,0.13398024439811707,0
E2_diagnosis_adaptive,1,8,527,50993,1,1,0.7830802798271179,1
E2_diagnosis_adaptive,1,8,532,50999,1,1,0.7808982729911804,1
E2_diagnosis_adaptive,1,8,544,51013,1,1,0.7856742739677429,1
E2_diagnosis_adaptive,1,8,559,51029,1,1,0.23499974608421326,0
E2_diagnosis_adaptive,1,8,576,51049,2,0,0.11660218238830566,0
E2_diagnosis_adaptive,1,8,596,51069,2,0,0.11107858270406723,0
E2_diagnosis_adaptive,1,8,627,51102,2,0,0.10519080609083176,0
E2_diagnosis_adaptive,1,8,632,51107,2,0,0.7804214954376221,1
E2_diagnosis_adaptive,1,8,635,51111,2,0,0.19501420855522156,0
E2_diagnosis_adaptive,1,8,638,51114,2,0,0.10785581916570663,0
E2_diagnosis_adaptive,1,8,642,51122,2,0,0.10915448516607285,0
E2_diagnosis_adaptive,1,8,644,51124,2,0,0.10644182562828064,0
E2_diagnosis_adaptive,1,8,656,51137,2,0,0.11131009459495544,0
E2_diagnosis_adaptive,1,8,670,51154,2,0,0.3836943507194519,0
E2_diagnosis_adaptive,1,8,694,51189,2,0,0.11056578159332275,0
E2_diagnosis_adaptive,1,8,701,51203,1,1,0.7854062914848328,1
E2_diagnosis_adaptive,1,8,711,51215,1,1,0.14501892030239105,0
E2_diagnosis_adaptive,1,8,730,51237,1,1,0.7852600812911987,1
E2_diagnosis_adaptive,1,8,733,51241,1,1,0.7813246250152588,1
E2_diagnosis_adaptive,1,8,745,51261,2,0,0.10516232252120972,0
E2_diagnosis_adaptive,1,8,747,51264,2,0,0.11381322145462036,0
E2_diagnosis_adaptive,1,8,758,51277,2,0,0.11079277098178864,0
E2_diagnosis_adaptive,1,8,777,51306,2,0,0.6043974161148071,1
E2_diagnosis_adaptive,1,8,783,51315,2,0,0.1095166951417923,0
E2_diagnosis_adaptive,1,8,786,51320,1,1,0.7842104434967041,1
E2_diagnosis_adaptive,1,8,788,51322,1,1,0.11025261133909225,0
E2_diagnosis_adaptive,1,8,790,51325,1,1,0.6835415959358215,1
E2_diagnosis_adaptive,1,8,791,51326,1,1,0.5712375640869141,1
E2_diagnosis_adaptive,1,8,797,51332,2,0,0.11297505348920822,0
E2_diagnosis_adaptive,1,8,801,51336,2,0,0.10537371784448624,0
E2_diagnosis_adaptive,1,8,802,51338,2,0,0.7717688083648682,1
E2_diagnosis_adaptive,1,8,816,51356,2,0,0.7459692358970642,1
E2_diagnosis_adaptive,1,8,824,51365,2,0,0.11320299655199051,0
E2_diagnosis_adaptive,1,8,825,51369,2,0,0.1053256168961525,0
E2_diagnosis_adaptive,1,8,839,51487,2,0,0.10563907772302628,0
E2_diagnosis_adaptive,1,9,0,50003,1,1,0.7806839942932129,1
E2_diagnosis_adaptive,1,9,44,50053,1,1,0.8896476030349731,1
E2_diagnosis_adaptive,1,9,51,50103,2,0,0.8544520735740662,1
E2_diagnosis_adaptive,1,9,83,50147,1,1,0.9044753313064575,1
E2_diagnosis_adaptive,1,9,96,50163,2,0,0.15480969846248627,0
E2_diagnosis_adaptive,1,9,110,50190,1,1,0.9229145050048828,1
E2_diagnosis_adaptive,1,9,116,50199,2,0,0.12263548374176025,0
E2_diagnosis_adaptive,1,9,136,50240,1,1,0.9232824444770813,1
E2_diagnosis_adaptive,1,9,155,50264,2,0,0.24152758717536926,0
E2_diagnosis_adaptive,1,9,157,50266,2,0,0.1257873773574829,0
E2_diagnosis_adaptive,1,9,161,50270,2,0,0.1227942630648613,0
E2_diagnosis_adaptive,1,9,178,50294,1,1,0.9220230579376221,1
E2_diagnosis_adaptive,1,9,180,50297,1,1,0.8255799412727356,1
E2_diagnosis_adaptive,1,9,181,50298,1,1,0.9203714728355408,1
E2_diagnosis_adaptive,1,9,182,50300,1,1,0.127251997590065,0
E2_diagnosis_adaptive,1,9,197,50327,2,0,0.1316370666027069,0
E2_diagnosis_adaptive,1,9,202,50333,2,0,0.1242365688085556,0
E2_diagnosis_adaptive,1,9,208,50339,2,0,0.12413107603788376,0
E2_diagnosis_adaptive,1,9,237,50368,2,0,0.12332745641469955,0
E2_diagnosis_adaptive,1,9,247,50380,2,0,0.40197354555130005,0
E2_diagnosis_adaptive,1,9,249,50382,2,0,0.12673640251159668,0
E2_diagnosis_adaptive,1,9,257,50397,1,1,0.9149330258369446,1
E2_diagnosis_adaptive,1,9,267,50411,1,1,0.9234515428543091,1
E2_diagnosis_adaptive,1,9,287,50437,2,0,0.9227096438407898,1
E2_diagnosis_adaptive,1,9,294,50444,2,0,0.15717467665672302,0
E2_diagnosis_adaptive,1,9,297,50447,2,0,0.29679155349731445,0
E2_diagnosis_adaptive,1,9,310,50482,1,1,0.9211722612380981,1
E2_diagnosis_adaptive,1,9,320,50494,1,1,0.8296926021575928,1
E2_diagnosis_adaptive,1,9,341,50524,1,1,0.9211991429328918,1
E2_diagnosis_adaptive,1,9,352,50555,2,0,0.12249983102083206,0
E2_diagnosis_adaptive,1,9,377,50613,1,1,0.9220191836357117,1
E2_diagnosis_adaptive,1,9,378,50614,1,1,0.9234511256217957,1
E2_diagnosis_adaptive,1,9,396,50654,1,1,0.3349572420120239,0
E2_diagnosis_adaptive,1,9,400,50665,2,0,0.28992053866386414,0
E2_diagnosis_adaptive,1,9,406,50687,2,0,0.9144467711448669,1
E2_diagnosis_adaptive,1,9,409,50690,1,1,0.12299171090126038,0
E2_diagnosis_adaptive,1,9,423,50704,1,1,0.914991557598114,1
E2_diagnosis_adaptive,1,9,424,50705,1,1,0.8660432696342468,1
E2_diagnosis_adaptive,1,9,427,50708,1,1,0.922510027885437,1
E2_diagnosis_adaptive,1,9,434,50726,2,0,0.13820481300354004,0
E2_diagnosis_adaptive,1,9,442,50739,2,0,0.9058480858802795,1
E2_diagnosis_adaptive,1,9,452,50751,1,1,0.9195740222930908,1
E2_diagnosis_adaptive,1,9,459,50773,2,0,0.21495546400547028,0
E2_diagnosis_adaptive,1,9,463,50777,2,0,0.13241493701934814,0
E2_diagnosis_adaptive,1,9,479,50803,1,1,0.9234771728515625,1
E2_diagnosis_adaptive,1,9,488,50822,2,0,0.12340816110372543,0
E2_diagnosis_adaptive,1,9,491,50952,1,1,0.9234514236450195,1
E2_diagnosis_adaptive,1,9,500,50962,1,1,0.71092689037323,1
E2_diagnosis_adaptive,1,9,512,50977,1,1,0.9230851531028748,1
E2_diagnosis_adaptive,1,9,520,50986,1,1,0.13287995755672455,0
E2_diagnosis_adaptive,1,9,526,50992,1,1,0.8947080373764038,1
E2_diagnosis_adaptive,1,9,534,51001,1,1,0.9229823350906372,1
E2_diagnosis_adaptive,1,9,540,51009,1,1,0.9226623773574829,1
E2_diagnosis_adaptive,1,9,552,51021,1,1,0.923259973526001,1
E2_diagnosis_adaptive,1,9,561,51032,1,1,0.9220196008682251,1
E2_diagnosis_adaptive,1,9,563,51034,1,1,0.9234444499015808,1
E2_diagnosis_adaptive,1,9,565,51036,2,0,0.12301992624998093,0
E2_diagnosis_adaptive,1,9,578,51051,2,0,0.1295509934425354,0
E2_diagnosis_adaptive,1,9,591,51064,2,0,0.9058136940002441,1
E2_diagnosis_adaptive,1,9,595,51068,2,0,0.9165999293327332,1
E2_diagnosis_adaptive,1,9,602,51076,2,0,0.12947294116020203,0
E2_diagnosis_adaptive,1,9,612,51086,2,0,0.12249571084976196,0
E2_diagnosis_adaptive,1,9,622,51097,2,0,0.13315856456756592,0
E2_diagnosis_adaptive,1,9,625,51100,2,0,0.34382519125938416,0
E2_diagnosis_adaptive,1,9,631,51106,2,0,0.1250039041042328,0
E2_diagnosis_adaptive,1,9,640,51117,2,0,0.20125527679920197,0
E2_diagnosis_adaptive,1,9,643,51123,2,0,0.14385631680488586,0
E2_diagnosis_adaptive,1,9,657,51138,2,0,0.12949739396572113,0
E2_diagnosis_adaptive,1,9,679,51169,1,1,0.8849115967750549,1
E2_diagnosis_adaptive,1,9,692,51187,2,0,0.1891769915819168,0
E2_diagnosis_adaptive,1,9,693,51188,2,0,0.12675084173679352,0
E2_diagnosis_adaptive,1,9,709,51212,1,1,0.9207077622413635,1
E2_diagnosis_adaptive,1,9,715,51219,1,1,0.9209645986557007,1
E2_diagnosis_adaptive,1,9,732,51240,1,1,0.9225326776504517,1
E2_diagnosis_adaptive,1,9,743,51257,2,0,0.9192959666252136,1
E2_diagnosis_adaptive,1,9,781,51311,2,0,0.12338162958621979,0
E2_diagnosis_adaptive,1,9,795,51330,1,1,0.9234532713890076,1
E2_diagnosis_adaptive,1,9,798,51333,2,0,0.12317368388175964,0
E2_diagnosis_adaptive,1,9,809,51345,2,0,0.13132062554359436,0
E2_diagnosis_adaptive,1,9,818,51359,2,0,0.9232432842254639,1
E2_diagnosis_adaptive,1,9,822,51363,2,0,0.13962222635746002,0
E2_diagnosis_adaptive,1,9,829,51463,1,1,0.9234632253646851,1
E2_diagnosis_adaptive,1,9,837,51482,2,0,0.12568886578083038,0
E2_diagnosis_adaptive,1,9,840,51488,2,0,0.2805878818035126,0
E2_diagnosis_adaptive,1,9,843,51556,2,0,0.15397699177265167,0
E2_diagnosis_adaptive,1,9,851,51565,2,0,0.12257859855890274,0
E2_diagnosis_adaptive,1,9,862,51578,1,1,0.9209718704223633,1
E2_diagnosis_adaptive,1,10,2,50005,1,1,0.8751973509788513,1
E2_diagnosis_adaptive,1,10,11,50015,1,1,0.8808737397193909,1
E2_diagnosis_adaptive,1,10,18,50026,1,1,0.8581651449203491,1
E2_diagnosis_adaptive,1,10,19,50027,1,1,0.21975356340408325,0
E2_diagnosis_adaptive,1,10,20,50028,1,1,0.8814144134521484,1
E2_diagnosis_adaptive,1,10,27,50036,2,0,0.12784533202648163,0
E2_diagnosis_adaptive,1,10,36,50045,2,0,0.827336847782135,1
E2_diagnosis_adaptive,1,10,38,50047,2,0,0.630945086479187,1
E2_diagnosis_adaptive,1,10,55,50107,2,0,0.4725995361804962,0
E2_diagnosis_adaptive,1,10,63,50117,2,0,0.2971727252006531,0
E2_diagnosis_adaptive,1,10,66,50121,1,1,0.882796049118042,1
E2_diagnosis_adaptive,1,10,72,50129,1,1,0.883089005947113,1
E2_diagnosis_adaptive,1,10,85,50149,1,1,0.881965160369873,1
E2_diagnosis_adaptive,1,10,98,50167,2,0,0.13546934723854065,0
E2_diagnosis_adaptive,1,10,108,50188,1,1,0.13653257489204407,0
E2_diagnosis_adaptive,1,10,113,50195,2,0,0.13700558245182037,0
E2_diagnosis_adaptive,1,10,114,50196,2,0,0.2747741639614105,0
E2_diagnosis_adaptive,1,10,126,50213,2,0,0.12663120031356812,0
E2_diagnosis_adaptive,1,10,132,50234,1,1,0.8314532041549683,1
E2_diagnosis_adaptive,1,10,141,50248,1,1,0.8695499897003174,1
E2_diagnosis_adaptive,1,10,145,50252,1,1,0.6780145764350891,1
E2_diagnosis_adaptive,1,10,152,50261,2,0,0.8181563019752502,1
E2_diagnosis_adaptive,1,10,156,50265,2,0,0.17168988287448883,0
E2_diagnosis_adaptive,1,10,163,50272,1,1,0.8824532628059387,1
E2_diagnosis_adaptive,1,10,176,50292,1,1,0.8830280900001526,1
E2_diagnosis_adaptive,1,10,190,50315,1,1,0.8831486701965332,1
E2_diagnosis_adaptive,1,10,200,50331,2,0,0.4873300790786743,0
E2_diagnosis_adaptive,1,10,225,50356,2,0,0.14069195091724396,0
E2_diagnosis_adaptive,1,10,235,50366,2,0,0.1552574336528778,0
E2_diagnosis_adaptive,1,10,240,50372,2,0,0.13242760300636292,0
E2_diagnosis_adaptive,1,10,246,50379,2,0,0.12614662945270538,0
E2_diagnosis_adaptive,1,10,265,50408,1,1,0.13231810927391052,0
E2_diagnosis_adaptive,1,10,275,50419,2,0,0.13501261174678802,0
E2_diagnosis_adaptive,1,10,279,50425,2,0,0.13588212430477142,0
E2_diagnosis_adaptive,1,10,285,50435,2,0,0.17246916890144348,0
E2_diagnosis_adaptive,1,10,308,50480,1,1,0.883110523223877,1
E2_diagnosis_adaptive,1,10,315,50488,1,1,0.8830316066741943,1
E2_diagnosis_adaptive,1,10,319,50493,1,1,0.8810672760009766,1
E2_diagnosis_adaptive,1,10,348,50531,1,1,0.8644512891769409,1
E2_diagnosis_adaptive,1,10,361,50571,2,0,0.6321461200714111,1
E2_diagnosis_adaptive,1,10,376,50612,1,1,0.6979824304580688,1
E2_diagnosis_adaptive,1,10,388,50626,1,1,0.8829763531684875,1
E2_diagnosis_adaptive,1,10,393,50647,1,1,0.860689103603363,1
E2_diagnosis_adaptive,1,10,397,50656,2,0,0.30125972628593445,0
E2_diagnosis_adaptive,1,10,405,50686,1,1,0.8816935420036316,1
E2_diagnosis_adaptive,1,10,414,50695,1,1,0.423220694065094,0
E2_diagnosis_adaptive,1,10,448,50745,1,1,0.8826332092285156,1
E2_diagnosis_adaptive,1,10,461,50775,2,0,0.12601082026958466,0
E2_diagnosis_adaptive,1,10,464,50778,2,0,0.2064548134803772,0
E2_diagnosis_adaptive,1,10,466,50781,2,0,0.5052254796028137,1
E2_diagnosis_adaptive,1,10,476,50799,1,1,0.8816954493522644,1
E2_diagnosis_adaptive,1,10,478,50801,1,1,0.7968589663505554,1
E2_diagnosis_adaptive,1,10,486,50820,2,0,0.1336260437965393,0
E2_diagnosis_adaptive,1,10,489,50823,1,1,0.8733055591583252,1
E2_diagnosis_adaptive,1,10,490,50824,1,1,0.7499197125434875,1
E2_diagnosis_adaptive,1,10,519,50985,1,1,0.8818836808204651,1
E2_diagnosis_adaptive,1,10,568,51040,2,0,0.12643972039222717,0
E2_diagnosis_adaptive,1,10,570,51042,2,0,0.12737572193145752,0
E2_diagnosis_adaptive,1,10,579,51052,2,0,0.12567301094532013,0
E2_diagnosis_adaptive,1,10,586,51059,2,0,0.13878653943538666,0
E2_diagnosis_adaptive,1,10,589,51062,2,0,0.13041174411773682,0
E2_diagnosis_adaptive,1,10,606,51080,2,0,0.859161913394928,1
E2_diagnosis_adaptive,1,10,609,51083,2,0,0.8826633095741272,1
E2_diagnosis_adaptive,1,10,611,51085,2,0,0.8829963803291321,1
E2_diagnosis_adaptive,1,10,652,51133,2,0,0.7202405333518982,1
E2_diagnosis_adaptive,1,10,665,51149,2,0,0.12581247091293335,0
E2_diagnosis_adaptive,1,10,677,51164,1,1,0.8823567628860474,1
E2_diagnosis_adaptive,1,10,688,51182,2,0,0.13196229934692383,0
E2_diagnosis_adaptive,1,10,700,51202,1,1,0.8792163729667664,1
E2_diagnosis_adaptive,1,10,705,51207,1,1,0.8822950124740601,1
E2_diagnosis_adaptive,1,10,721,51225,1,1,0.8372885584831238,1
E2_diagnosis_adaptive,1,10,740,51254,2,0,0.1262647956609726,0
E2_diagnosis_adaptive,1,10,748,51265,2,0,0.13619540631771088,0
E2_diagnosis_adaptive,1,10,749,51266,2,0,0.7959437966346741,1
E2_diagnosis_adaptive,1,10,756,51275,2,0,0.12924642860889435,0
E2_diagnosis_adaptive,1,10,766,51294,1,1,0.8575344681739807,1
E2_diagnosis_adaptive,1,10,768,51297,1,1,0.8826626539230347,1
E2_diagnosis_adaptive,1,10,772,51301,1,1,0.7694404721260071,1
E2_diagnosis_adaptive,1,10,779,51308,2,0,0.1379435658454895,0
E2_diagnosis_adaptive,1,10,780,51309,2,0,0.8710964322090149,1
E2_diagnosis_adaptive,1,10,782,51313,2,0,0.13189920783042908,0
E2_diagnosis_adaptive,1,10,800,51335,2,0,0.13538575172424316,0
E2_diagnosis_adaptive,1,10,834,51479,2,0,0.13655005395412445,0
E2_diagnosis_adaptive,1,10,850,51564,2,0,0.14638522267341614,0
E2_diagnosis_adaptive,1,10,853,51567,2,0,0.1275353580713272,0
E2_diagnosis_adaptive,1,10,865,51582,1,1,0.8816713094711304,1
E2_diagnosis_adaptive,1,10,868,51585,1,1,0.8830440044403076,1
E2_diagnosis_adaptive,2,1,0,50003,1,1,0.6335134506225586,1
E2_diagnosis_adaptive,2,1,7,50011,1,1,0.8654232025146484,1
E2_diagnosis_adaptive,2,1,35,50044,2,0,0.07797224819660187,0
E2_diagnosis_adaptive,2,1,39,50048,2,0,0.6830942630767822,1
E2_diagnosis_adaptive,2,1,45,50054,2,0,0.8646346926689148,1
E2_diagnosis_adaptive,2,1,48,50059,2,0,0.5487542748451233,1
E2_diagnosis_adaptive,2,1,53,50105,2,0,0.29730454087257385,0
E2_diagnosis_adaptive,2,1,55,50107,2,0,0.22148191928863525,0
E2_diagnosis_adaptive,2,1,72,50129,1,1,0.870145320892334,1
E2_diagnosis_adaptive,2,1,73,50130,1,1,0.8692600131034851,1
E2_diagnosis_adaptive,2,1,78,50142,1,1,0.8700422644615173,1
E2_diagnosis_adaptive,2,1,81,50145,1,1,0.3082447350025177,0
E2_diagnosis_adaptive,2,1,86,50150,1,1,0.08656395226716995,0
E2_diagnosis_adaptive,2,1,95,50162,2,0,0.07901054620742798,0
E2_diagnosis_adaptive,2,1,127,50214,2,0,0.08381687104701996,0
E2_diagnosis_adaptive,2,1,138,50243,1,1,0.869251549243927,1
E2_diagnosis_adaptive,2,1,144,50251,1,1,0.4144848883152008,0
E2_diagnosis_adaptive,2,1,149,50257,2,0,0.07791467756032944,0
E2_diagnosis_adaptive,2,1,176,50292,1,1,0.869266152381897,1
E2_diagnosis_adaptive,2,1,182,50300,1,1,0.133431077003479,0
E2_diagnosis_adaptive,2,1,192,50319,1,1,0.8706143498420715,1
E2_diagnosis_adaptive,2,1,193,50320,1,1,0.8705189824104309,1
E2_diagnosis_adaptive,2,1,204,50335,2,0,0.07835079729557037,0
E2_diagnosis_adaptive,2,1,205,50336,2,0,0.830142080783844,1
E2_diagnosis_adaptive,2,1,231,50362,2,0,0.07821440696716309,0
E2_diagnosis_adaptive,2,1,234,50365,2,0,0.07980413734912872,0
E2_diagnosis_adaptive,2,1,242,50374,2,0,0.13117720186710358,0
E2_diagnosis_adaptive,2,1,247,50380,2,0,0.35547107458114624,0
E2_diagnosis_adaptive,2,1,248,50381,2,0,0.12926243245601654,0
E2_diagnosis_adaptive,2,1,253,50387,2,0,0.08236001431941986,0
E2_diagnosis_adaptive,2,1,259,50402,1,1,0.19570881128311157,0
E2_diagnosis_adaptive,2,1,285,50435,2,0,0.11231839656829834,0
E2_diagnosis_adaptive,2,1,286,50436,2,0,0.8065550327301025,1
E2_diagnosis_adaptive,2,1,295,50445,2,0,0.07948505133390427,0
E2_diagnosis_adaptive,2,1,300,50453,2,0,0.8026357889175415,1
E2_diagnosis_adaptive,2,1,307,50477,1,1,0.8673347234725952,1
E2_diagnosis_adaptive,2,1,329,50504,1,1,0.8651674389839172,1
E2_diagnosis_adaptive,2,1,345,50528,1,1,0.8675366640090942,1
E2_diagnosis_adaptive,2,1,348,50531,1,1,0.8357936143875122,1
E2_diagnosis_adaptive,2,1,357,50565,2,0,0.42090681195259094,0
E2_diagnosis_adaptive,2,1,359,50569,2,0,0.4864468574523926,0
E2_diagnosis_adaptive,2,1,360,50570,2,0,0.07809863239526749,0
E2_diagnosis_adaptive,2,1,369,50601,1,1,0.32211366295814514,0
E2_diagnosis_adaptive,2,1,374,50607,1,1,0.07882460951805115,0
E2_diagnosis_adaptive,2,1,385,50623,1,1,0.8566309213638306,1
E2_diagnosis_adaptive,2,1,405,50686,1,1,0.867361307144165,1
E2_diagnosis_adaptive,2,1,411,50692,2,0,0.07853035628795624,0
E2_diagnosis_adaptive,2,1,412,50693,1,1,0.22696559131145477,0
E2_diagnosis_adaptive,2,1,425,50706,2,0,0.14520059525966644,0
E2_diagnosis_adaptive,2,1,432,50724,2,0,0.07812049239873886,0
E2_diagnosis_adaptive,2,1,466,50781,2,0,0.7808778285980225,1
E2_diagnosis_adaptive,2,1,468,50783,2,0,0.07808032631874084,0
E2_diagnosis_adaptive,2,1,471,50791,1,1,0.8626902103424072,1
E2_diagnosis_adaptive,2,1,484,50817,2,0,0.07830510288476944,0
E2_diagnosis_adaptive,2,1,495,50957,1,1,0.8672715425491333,1
E2_diagnosis_adaptive,2,1,505,50968,1,1,0.8647897243499756,1
E2_diagnosis_adaptive,2,1,506,50969,1,1,0.8705415725708008,1
E2_diagnosis_adaptive,2,1,513,50978,1,1,0.8669702410697937,1
E2_diagnosis_adaptive,2,1,526,50992,1,1,0.7284653782844543,1
E2_diagnosis_adaptive,2,1,532,50999,1,1,0.8679118752479553,1
E2_diagnosis_adaptive,2,1,555,51025,1,1,0.8699162006378174,1
E2_diagnosis_adaptive,2,1,556,51026,1,1,0.8697317242622375,1
E2_diagnosis_adaptive,2,1,566,51038,2,0,0.07793548703193665,0
E2_diagnosis_adaptive,2,1,575,51048,2,0,0.08240298926830292,0
E2_diagnosis_adaptive,2,1,585,51058,2,0,0.08383763581514359,0
E2_diagnosis_adaptive,2,1,596,51069,2,0,0.08339826762676239,0
E2_diagnosis_adaptive,2,1,603,51077,2,0,0.2106926590204239,0
E2_diagnosis_adaptive,2,1,612,51086,2,0,0.08219431340694427,0
E2_diagnosis_adaptive,2,1,653,51134,2,0,0.07795412093400955,0
E2_diagnosis_adaptive,2,1,684,51178,1,1,0.870354950428009,1
E2_diagnosis_adaptive,2,1,686,51180,2,0,0.1813099980354309,0
E2_diagnosis_adaptive,2,1,687,51181,2,0,0.35958945751190186,0
E2_diagnosis_adaptive,2,1,695,51192,2,0,0.0786396786570549,0
E2_diagnosis_adaptive,2,1,710,51214,1,1,0.8644153475761414,1
E2_diagnosis_adaptive,2,1,716,51220,1,1,0.8705216646194458,1
E2_diagnosis_adaptive,2,1,721,51225,1,1,0.8574931025505066,1
E2_diagnosis_adaptive,2,1,749,51266,2,0,0.8702727556228638,1
E2_diagnosis_adaptive,2,1,750,51267,2,0,0.07930320501327515,0
E2_diagnosis_adaptive,2,1,771,51300,1,1,0.8701618313789368,1
E2_diagnosis_adaptive,2,1,792,51327,1,1,0.8672999143600464,1
E2_diagnosis_adaptive,2,1,793,51328,1,1,0.8646771311759949,1
E2_diagnosis_adaptive,2,1,806,51342,2,0,0.08123842626810074,0
E2_diagnosis_adaptive,2,1,808,51344,2,0,0.24619635939598083,0
E2_diagnosis_adaptive,2,1,816,51356,2,0,0.8702613115310669,1
E2_diagnosis_adaptive,2,1,823,51364,2,0,0.2498192936182022,0
E2_diagnosis_adaptive,2,1,837,51482,2,0,0.08433399349451065,0
E2_diagnosis_adaptive,2,1,867,51584,1,1,0.8676222562789917,1
E2_diagnosis_adaptive,2,1,869,51606,1,1,0.1350283920764923,0
E2_diagnosis_adaptive,2,2,2,50005,1,1,0.840021550655365,1
E2_diagnosis_adaptive,2,2,6,50010,1,1,0.9083454012870789,1
E2_diagnosis_adaptive,2,2,10,50014,1,1,0.9126638174057007,1
E2_diagnosis_adaptive,2,2,24,50033,2,0,0.07437287271022797,0
E2_diagnosis_adaptive,2,2,30,50039,2,0,0.5597634315490723,1
E2_diagnosis_adaptive,2,2,67,50123,1,1,0.9153845906257629,1
E2_diagnosis_adaptive,2,2,76,50134,1,1,0.9006339311599731,1
E2_diagnosis_adaptive,2,2,79,50143,1,1,0.9100117087364197,1
E2_diagnosis_adaptive,2,2,92,50159,2,0,0.9164246320724487,1
E2_diagnosis_adaptive,2,2,98,50167,2,0,0.07645855098962784,0
E2_diagnosis_adaptive,2,2,101,50170,2,0,0.07749045640230179,0
E2_diagnosis_adaptive,2,2,115,50198,2,0,0.15492276847362518,0
E2_diagnosis_adaptive,2,2,129,50217,2,0,0.07234517484903336,0
E2_diagnosis_adaptive,2,2,140,50247,1,1,0.9161800742149353,1
E2_diagnosis_adaptive,2,2,153,50262,2,0,0.07218709588050842,0
E2_diagnosis_adaptive,2,2,155,50264,2,0,0.07616213709115982,0
E2_diagnosis_adaptive,2,2,164,50273,1,1,0.9121134281158447,1
E2_diagnosis_adaptive,2,2,169,50282,1,1,0.826117753982544,1
E2_diagnosis_adaptive,2,2,180,50297,1,1,0.18914301693439484,0
E2_diagnosis_adaptive,2,2,187,50310,1,1,0.9161952137947083,1
E2_diagnosis_adaptive,2,2,202,50333,2,0,0.09669354557991028,0
E2_diagnosis_adaptive,2,2,212,50343,2,0,0.18292173743247986,0
E2_diagnosis_adaptive,2,2,217,50348,2,0,0.07844517379999161,0
E2_diagnosis_adaptive,2,2,228,50359,2,0,0.09638532996177673,0
E2_diagnosis_adaptive,2,2,246,50379,2,0,0.07251067459583282,0
E2_diagnosis_adaptive,2,2,251,50385,2,0,0.9080944657325745,1
E2_diagnosis_adaptive,2,2,277,50422,2,0,0.7098210453987122,1
E2_diagnosis_adaptive,2,2,280,50426,2,0,0.07223054766654968,0
E2_diagnosis_adaptive,2,2,281,50427,2,0,0.07222066074609756,0
E2_diagnosis_adaptive,2,2,288,50438,2,0,0.07229086011648178,0
E2_diagnosis_adaptive,2,2,293,50443,2,0,0.3579653203487396,0
E2_diagnosis_adaptive,2,2,326,50501,1,1,0.914901852607727,1
E2_diagnosis_adaptive,2,2,336,50518,1,1,0.9163784384727478,1
E2_diagnosis_adaptive,2,2,340,50523,1,1,0.9163913726806641,1
E2_diagnosis_adaptive,2,2,352,50555,2,0,0.07262609153985977,0
E2_diagnosis_adaptive,2,2,354,50558,2,0,0.07305034250020981,0
E2_diagnosis_adaptive,2,2,373,50606,1,1,0.9102941155433655,1
E2_diagnosis_adaptive,2,2,392,50644,1,1,0.748204231262207,1
E2_diagnosis_adaptive,2,2,396,50654,1,1,0.1604788601398468,0
E2_diagnosis_adaptive,2,2,403,50683,2,0,0.07225006073713303,0
E2_diagnosis_adaptive,2,2,404,50685,2,0,0.07716996222734451,0
E2_diagnosis_adaptive,2,2,417,50698,2,0,0.07822419703006744,0
E2_diagnosis_adaptive,2,2,422,50703,2,0,0.07249784469604492,0
E2_diagnosis_adaptive,2,2,437,50731,2,0,0.07443448156118393,0
E2_diagnosis_adaptive,2,2,450,50749,1,1,0.9113340973854065,1
E2_diagnosis_adaptive,2,2,460,50774,2,0,0.07252353429794312,0
E2_diagnosis_adaptive,2,2,462,50776,2,0,0.07272263616323471,0
E2_diagnosis_adaptive,2,2,474,50797,1,1,0.7028311491012573,1
E2_diagnosis_adaptive,2,2,508,50972,1,1,0.9164617657661438,1
E2_diagnosis_adaptive,2,2,514,50979,1,1,0.44185903668403625,0
E2_diagnosis_adaptive,2,2,537,51006,1,1,0.914914608001709,1
E2_diagnosis_adaptive,2,2,538,51007,1,1,0.9164525270462036,1
E2_diagnosis_adaptive,2,2,550,51019,1,1,0.9159361720085144,1
E2_diagnosis_adaptive,2,2,554,51024,1,1,0.9151302576065063,1
E2_diagnosis_adaptive,2,2,571,51044,2,0,0.07834011316299438,0
E2_diagnosis_adaptive,2,2,579,51052,2,0,0.07382524758577347,0
E2_diagnosis_adaptive,2,2,583,51056,2,0,0.08019009977579117,0
E2_diagnosis_adaptive,2,2,590,51063,2,0,0.07601235061883926,0
E2_diagnosis_adaptive,2,2,599,51073,2,0,0.07812308520078659,0
E2_diagnosis_adaptive,2,2,622,51097,2,0,0.08407395333051682,0
E2_diagnosis_adaptive,2,2,628,51103,2,0,0.0761006772518158,0
E2_diagnosis_adaptive,2,2,638,51114,2,0,0.22899237275123596,0
E2_diagnosis_adaptive,2,2,661,51142,2,0,0.07321097701787949,0
E2_diagnosis_adaptive,2,2,672,51156,2,0,0.07836596667766571,0
E2_diagnosis_adaptive,2,2,677,51164,1,1,0.9163026809692383,1
E2_diagnosis_adaptive,2,2,689,51183,2,0,0.13166914880275726,0
E2_diagnosis_adaptive,2,2,705,51207,1,1,0.9095060229301453,1
E2_diagnosis_adaptive,2,2,706,51208,1,1,0.2548302114009857,0
E2_diagnosis_adaptive,2,2,709,51212,1,1,0.9086083173751831,1
E2_diagnosis_adaptive,2,2,720,51224,1,1,0.9138683676719666,1
E2_diagnosis_adaptive,2,2,723,51228,1,1,0.9080294966697693,1
E2_diagnosis_adaptive,2,2,728,51235,1,1,0.9157400131225586,1
E2_diagnosis_adaptive,2,2,735,51249,1,1,0.9120974540710449,1
E2_diagnosis_adaptive,2,2,737,51251,2,0,0.15980426967144012,0
E2_diagnosis_adaptive,2,2,741,51255,2,0,0.07440999150276184,0
E2_diagnosis_adaptive,2,2,767,51295,1,1,0.9163689017295837,1
E2_diagnosis_adaptive,2,2,769,51298,1,1,0.9160976409912109,1
E2_diagnosis_adaptive,2,2,770,51299,1,1,0.9101285934448242,1
E2_diagnosis_adaptive,2,2,791,51326,1,1,0.6467156410217285,1
E2_diagnosis_adaptive,2,2,795,51330,1,1,0.8838852643966675,1
E2_diagnosis_adaptive,2,2,805,51341,2,0,0.1557740569114685,0
E2_diagnosis_adaptive,2,2,838,51484,2,0,0.07322081923484802,0
E2_diagnosis_adaptive,2,2,853,51567,2,0,0.0722905695438385,0
E2_diagnosis_adaptive,2,2,856,51570,2,0,0.12821006774902344,0
E2_diagnosis_adaptive,2,2,858,51573,1,1,0.598630428314209,1
E2_diagnosis_adaptive,2,2,865,51582,1,1,0.9137855172157288,1
E2_diagnosis_adaptive,2,2,868,51585,1,1,0.9134142994880676,1
E2_diagnosis_adaptive,2,3,1,50004,1,1,0.8738638758659363,1
E2_diagnosis_adaptive,2,3,4,50007,1,1,0.2679082155227661,0
E2_diagnosis_adaptive,2,3,25,50034,2,0,0.0659407302737236,0
E2_diagnosis_adaptive,2,3,34,50043,2,0,0.07591418921947479,0
E2_diagnosis_adaptive,2,3,62,50116,2,0,0.08760472387075424,0
E2_diagnosis_adaptive,2,3,108,50188,1,1,0.06708290427923203,0
E2_diagnosis_adaptive,2,3,117,50200,2,0,0.06662028282880783,0
E2_diagnosis_adaptive,2,3,125,50210,2,0,0.06592385470867157,0
E2_diagnosis_adaptive,2,3,141,50248,1,1,0.875755250453949,1
E2_diagnosis_adaptive,2,3,152,50261,2,0,0.8425740003585815,1
E2_diagnosis_adaptive,2,3,162,50271,2,0,0.06914864480495453,0
E2_diagnosis_adaptive,2,3,163,50272,1,1,0.8747482299804688,1
E2_diagnosis_adaptive,2,3,177,50293,1,1,0.6729072332382202,1
E2_diagnosis_adaptive,2,3,178,50294,1,1,0.8698429465293884,1
E2_diagnosis_adaptive,2,3,200,50331,2,0,0.06670407205820084,0
E2_diagnosis_adaptive,2,3,209,50340,2,0,0.07008522003889084,0
E2_diagnosis_adaptive,2,3,218,50349,2,0,0.06959383189678192,0
E2_diagnosis_adaptive,2,3,229,50360,2,0,0.06803445518016815,0
E2_diagnosis_adaptive,2,3,243,50375,2,0,0.0674806758761406,0
E2_diagnosis_adaptive,2,3,244,50376,2,0,0.3585205674171448,0
E2_diagnosis_adaptive,2,3,265,50408,1,1,0.073885977268219,0
E2_diagnosis_adaptive,2,3,274,50418,2,0,0.06666586548089981,0
E2_diagnosis_adaptive,2,3,283,50433,2,0,0.06879058480262756,0
E2_diagnosis_adaptive,2,3,302,50466,2,0,0.0672573670744896,0
E2_diagnosis_adaptive,2,3,311,50483,1,1,0.5290074944496155,1
E2_diagnosis_adaptive,2,3,313,50486,1,1,0.8735710978507996,1
E2_diagnosis_adaptive,2,3,321,50496,1,1,0.7173447608947754,1
E2_diagnosis_adaptive,2,3,322,50497,1,1,0.8649471998214722,1
E2_diagnosis_adaptive,2,3,341,50524,1,1,0.8748658299446106,1
E2_diagnosis_adaptive,2,3,342,50525,1,1,0.868851363658905,1
E2_diagnosis_adaptive,2,3,355,50561,2,0,0.0659554973244667,0
E2_diagnosis_adaptive,2,3,368,50578,2,0,0.8196084499359131,1
E2_diagnosis_adaptive,2,3,370,50602,1,1,0.8684383630752563,1
E2_diagnosis_adaptive,2,3,375,50608,1,1,0.3659396171569824,0
E2_diagnosis_adaptive,2,3,378,50614,1,1,0.847876787185669,1
E2_diagnosis_adaptive,2,3,379,50615,1,1,0.8751028180122375,1
E2_diagnosis_adaptive,2,3,390,50628,1,1,0.8730345964431763,1
E2_diagnosis_adaptive,2,3,395,50649,1,1,0.12164463102817535,0
E2_diagnosis_adaptive,2,3,399,50664,2,0,0.18719631433486938,0
E2_diagnosis_adaptive,2,3,402,50682,2,0,0.06656487286090851,0
E2_diagnosis_adaptive,2,3,421,50702,1,1,0.865039050579071,1
E2_diagnosis_adaptive,2,3,429,50711,1,1,0.07861081510782242,0
E2_diagnosis_adaptive,2,3,431,50723,2,0,0.06592585146427155,0
E2_diagnosis_adaptive,2,3,439,50735,2,0,0.06681181490421295,0
E2_diagnosis_adaptive,2,3,440,50737,2,0,0.07134394347667694,0
E2_diagnosis_adaptive,2,3,445,50742,2,0,0.06800417602062225,0
E2_diagnosis_adaptive,2,3,451,50750,1,1,0.762819230556488,1
E2_diagnosis_adaptive,2,3,454,50754,1,1,0.8755329251289368,1
E2_diagnosis_adaptive,2,3,455,50755,1,1,0.8703991174697876,1
E2_diagnosis_adaptive,2,3,477,50800,1,1,0.805874764919281,1
E2_diagnosis_adaptive,2,3,480,50807,1,1,0.8736112117767334,1
E2_diagnosis_adaptive,2,3,497,50959,1,1,0.12874150276184082,0
E2_diagnosis_adaptive,2,3,516,50982,1,1,0.07144500315189362,0
E2_diagnosis_adaptive,2,3,525,50991,1,1,0.06682433187961578,0
E2_diagnosis_adaptive,2,3,548,51017,1,1,0.22029957175254822,0
E2_diagnosis_adaptive,2,3,552,51021,1,1,0.8739731907844543,1
E2_diagnosis_adaptive,2,3,587,51060,2,0,0.6455931067466736,1
E2_diagnosis_adaptive,2,3,597,51070,2,0,0.06592507660388947,0
E2_diagnosis_adaptive,2,3,614,51088,2,0,0.07039722800254822,0
E2_diagnosis_adaptive,2,3,621,51096,2,0,0.07875719666481018,0
E2_diagnosis_adaptive,2,3,631,51106,2,0,0.07389705628156662,0
E2_diagnosis_adaptive,2,3,640,51117,2,0,0.06662137806415558,0
E2_diagnosis_adaptive,2,3,644,51124,2,0,0.06644463539123535,0
E2_diagnosis_adaptive,2,3,650,51131,2,0,0.07553385943174362,0
E2_diagnosis_adaptive,2,3,655,51136,2,0,0.16981999576091766,0
E2_diagnosis_adaptive,2,3,657,51138,2,0,0.06723561137914658,0
E2_diagnosis_adaptive,2,3,663,51147,2,0,0.06601855158805847,0
E2_diagnosis_adaptive,2,3,669,51153,2,0,0.06738050282001495,0
E2_diagnosis_adaptive,2,3,671,51155,2,0,0.07089462131261826,0
E2_diagnosis_adaptive,2,3,691,51185,2,0,0.42600375413894653,0
E2_diagnosis_adaptive,2,3,693,51188,2,0,0.07007373869419098,0
E2_diagnosis_adaptive,2,3,703,51205,1,1,0.872501790523529,1
E2_diagnosis_adaptive,2,3,711,51215,1,1,0.08213166892528534,0
E2_diagnosis_adaptive,2,3,724,51229,1,1,0.8729385137557983,1
E2_diagnosis_adaptive,2,3,725,51230,1,1,0.8753412365913391,1
E2_diagnosis_adaptive,2,3,754,51272,2,0,0.06778029352426529,0
E2_diagnosis_adaptive,2,3,757,51276,2,0,0.0663580596446991,0
E2_diagnosis_adaptive,2,3,762,51281,2,0,0.06899497658014297,0
E2_diagnosis_adaptive,2,3,772,51301,1,1,0.6335476040840149,1
E2_diagnosis_adaptive,2,3,783,51315,2,0,0.06978210806846619,0
E2_diagnosis_adaptive,2,3,787,51321,1,1,0.6064308881759644,1
E2_diagnosis_adaptive,2,3,813,51350,1,1,0.8195472955703735,1
E2_diagnosis_adaptive,2,3,818,51359,2,0,0.8625009655952454,1
E2_diagnosis_adaptive,2,3,821,51362,2,0,0.06958183646202087,0
E2_diagnosis_adaptive,2,3,829,51463,1,1,0.8757225871086121,1
E2_diagnosis_adaptive,2,3,836,51481,2,0,0.06610157340765,0
E2_diagnosis_adaptive,2,3,861,51577,1,1,0.8704861402511597,1
E2_diagnosis_adaptive,2,4,5,50008,1,1,0.6329391002655029,1
E2_diagnosis_adaptive,2,4,17,50025,1,1,0.7029340267181396,1
E2_diagnosis_adaptive,2,4,23,50032,2,0,0.2815219759941101,0
E2_diagnosis_adaptive,2,4,26,50035,2,0,0.3092261254787445,0
E2_diagnosis_adaptive,2,4,28,50037,2,0,0.28922975063323975,0
E2_diagnosis_adaptive,2,4,51,50103,2,0,0.6605405807495117,1
E2_diagnosis_adaptive,2,4,52,50104,2,0,0.28189533948898315,0
E2_diagnosis_adaptive,2,4,56,50109,2,0,0.3796340227127075,0
E2_diagnosis_adaptive,2,4,58,50112,2,0,0.469118595123291,0
E2_diagnosis_adaptive,2,4,88,50153,1,1,0.6039832830429077,1
E2_diagnosis_adaptive,2,4,90,50157,2,0,0.35800713300704956,0
E2_diagnosis_adaptive,2,4,100,50169,2,0,0.33231601119041443,0
E2_diagnosis_adaptive,2,4,120,50203,2,0,0.2807530462741852,0
E2_diagnosis_adaptive,2,4,131,50233,1,1,0.7265117168426514,1
E2_diagnosis_adaptive,2,4,136,50240,1,1,0.712303876876831,1
E2_diagnosis_adaptive,2,4,161,50270,2,0,0.2894895076751709,0
E2_diagnosis_adaptive,2,4,165,50274,1,1,0.6807119250297546,1
E2_diagnosis_adaptive,2,4,172,50287,1,1,0.2911163568496704,0
E2_diagnosis_adaptive,2,4,181,50298,1,1,0.44081512093544006,0
E2_diagnosis_adaptive,2,4,191,50318,1,1,0.3009192645549774,0
E2_diagnosis_adaptive,2,4,211,50342,2,0,0.33764922618865967,0
E2_diagnosis_adaptive,2,4,213,50344,2,0,0.28069740533828735,0
E2_diagnosis_adaptive,2,4,214,50345,2,0,0.2811880111694336,0
E2_diagnosis_adaptive,2,4,225,50356,2,0,0.28049787878990173,0
E2_diagnosis_adaptive,2,4,254,50388,2,0,0.2844456434249878,0
E2_diagnosis_adaptive,2,4,271,50415,2,0,0.282545268535614,0
E2_diagnosis_adaptive,2,4,306,50470,2,0,0.6040141582489014,1
E2_diagnosis_adaptive,2,4,312,50485,1,1,0.28017735481262207,0
E2_diagnosis_adaptive,2,4,314,50487,1,1,0.7331041693687439,1
E2_diagnosis_adaptive,2,4,315,50488,1,1,0.7293894290924072,1
E2_diagnosis_adaptive,2,4,316,50490,1,1,0.6484028697013855,1
E2_diagnosis_adaptive,2,4,334,50515,1,1,0.7323638796806335,1
E2_diagnosis_adaptive,2,4,335,50516,1,1,0.510260820388794,1
E2_diagnosis_adaptive,2,4,356,50563,2,0,0.2840692400932312,0
E2_diagnosis_adaptive,2,4,383,50621,1,1,0.6789479851722717,1
E2_diagnosis_adaptive,2,4,388,50626,1,1,0.7260729074478149,1
E2_diagnosis_adaptive,2,4,401,50669,2,0,0.7285947203636169,1
E2_diagnosis_adaptive,2,4,416,50697,1,1,0.7161926031112671,1
E2_diagnosis_adaptive,2,4,424,50705,1,1,0.3854319751262665,0
E2_diagnosis_adaptive,2,4,442,50739,2,0,0.311193585395813,0
E2_diagnosis_adaptive,2,4,448,50745,1,1,0.7021337151527405,1
E2_diagnosis_adaptive,2,4,452,50751,1,1,0.6350226402282715,1
E2_diagnosis_adaptive,2,4,453,50752,1,1,0.3056246042251587,0
E2_diagnosis_adaptive,2,4,457,50757,1,1,0.3629591763019562,0
E2_diagnosis_adaptive,2,4,458,50772,2,0,0.7297725677490234,1
E2_diagnosis_adaptive,2,4,464,50778,2,0,0.3593994677066803,0
E2_diagnosis_adaptive,2,4,473,50796,1,1,0.6897868514060974,1
E2_diagnosis_adaptive,2,4,476,50799,1,1,0.7197089195251465,1
E2_diagnosis_adaptive,2,4,483,50816,2,0,0.28106889128685,0
E2_diagnosis_adaptive,2,4,515,50981,1,1,0.6522580981254578,1
E2_diagnosis_adaptive,2,4,522,50988,1,1,0.7109889388084412,1
E2_diagnosis_adaptive,2,4,545,51014,1,1,0.7283312678337097,1
E2_diagnosis_adaptive,2,4,561,51032,1,1,0.7308955192565918,1
E2_diagnosis_adaptive,2,4,572,51045,2,0,0.28132471442222595,0
E2_diagnosis_adaptive,2,4,580,51053,2,0,0.2824682295322418,0
E2_diagnosis_adaptive,2,4,581,51054,2,0,0.28070271015167236,0
E2_diagnosis_adaptive,2,4,606,51080,2,0,0.292562872171402,0
E2_diagnosis_adaptive,2,4,607,51081,2,0,0.28020909428596497,0
E2_diagnosis_adaptive,2,4,609,51083,2,0,0.6567853093147278,1
E2_diagnosis_adaptive,2,4,630,51105,2,0,0.2802450358867645,0
E2_diagnosis_adaptive,2,4,637,51113,2,0,0.2818562984466553,0
E2_diagnosis_adaptive,2,4,646,51127,2,0,0.6701787114143372,1
E2_diagnosis_adaptive,2,4,647,51128,2,0,0.28190091252326965,0
E2_diagnosis_adaptive,2,4,652,51133,2,0,0.6292343139648438,1
E2_diagnosis_adaptive,2,4,658,51139,2,0,0.28006982803344727,0
E2_diagnosis_adaptive,2,4,659,51140,2,0,0.29544925689697266,0
E2_diagnosis_adaptive,2,4,664,51148,2,0,0.2858770191669464,0
E2_diagnosis_adaptive,2,4,674,51161,1,1,0.68388432264328,1
E2_diagnosis_adaptive,2,4,675,51162,1,1,0.7325906753540039,1
E2_diagnosis_adaptive,2,4,681,51171,1,1,0.6009228825569153,1
E2_diagnosis_adaptive,2,4,682,51173,1,1,0.7115063071250916,1
E2_diagnosis_adaptive,2,4,697,51197,2,0,0.39235517382621765,0
E2_diagnosis_adaptive,2,4,704,51206,1,1,0.7327744364738464,1
E2_diagnosis_adaptive,2,4,714,51218,1,1,0.6972991824150085,1
E2_diagnosis_adaptive,2,4,718,51222,1,1,0.29200121760368347,0
E2_diagnosis_adaptive,2,4,733,51241,1,1,0.2956620156764984,0
E2_diagnosis_adaptive,2,4,759,51278,2,0,0.6390582323074341,1
E2_diagnosis_adaptive,2,4,766,51294,1,1,0.7201122045516968,1
E2_diagnosis_adaptive,2,4,775,51304,2,0,0.41989657282829285,0
E2_diagnosis_adaptive,2,4,776,51305,2,0,0.35568001866340637,0
E2_diagnosis_adaptive,2,4,799,51334,2,0,0.2855893671512604,0
E2_diagnosis_adaptive,2,4,804,51340,2,0,0.28028300404548645,0
E2_diagnosis_adaptive,2,4,811,51347,2,0,0.29487743973731995,0
E2_diagnosis_adaptive,2,4,830,51464,1,1,0.7106116414070129,1
E2_diagnosis_adaptive,2,4,835,51480,2,0,0.28013429045677185,0
E2_diagnosis_adaptive,2,4,855,51569,2,0,0.45409590005874634,0
E2_diagnosis_adaptive,2,4,862,51578,1,1,0.7287978529930115,1
E2_diagnosis_adaptive,2,5,3,50006,1,1,0.8860953450202942,1
E2_diagnosis_adaptive,2,5,8,50012,1,1,0.8775939345359802,1
E2_diagnosis_adaptive,2,5,12,50016,1,1,0.8872307538986206,1
E2_diagnosis_adaptive,2,5,14,50022,1,1,0.07838422805070877,0
E2_diagnosis_adaptive,2,5,19,50027,1,1,0.07269679009914398,0
E2_diagnosis_adaptive,2,5,21,50030,2,0,0.07266717404127121,0
E2_diagnosis_adaptive,2,5,29,50038,2,0,0.07501612603664398,0
E2_diagnosis_adaptive,2,5,31,50040,2,0,0.0802249014377594,0
E2_diagnosis_adaptive,2,5,63,50117,2,0,0.07452811300754547,0
E2_diagnosis_adaptive,2,5,80,50144,1,1,0.8862713575363159,1
E2_diagnosis_adaptive,2,5,82,50146,1,1,0.07292918860912323,0
E2_diagnosis_adaptive,2,5,103,50182,1,1,0.8453996181488037,1
E2_diagnosis_adaptive,2,5,113,50195,2,0,0.07499627768993378,0
E2_diagnosis_adaptive,2,5,119,50202,2,0,0.11925627291202545,0
E2_diagnosis_adaptive,2,5,126,50213,2,0,0.07271871715784073,0
E2_diagnosis_adaptive,2,5,135,50239,1,1,0.08925261348485947,0
E2_diagnosis_adaptive,2,5,142,50249,1,1,0.8865518569946289,1
E2_diagnosis_adaptive,2,5,156,50265,2,0,0.10765711963176727,0
E2_diagnosis_adaptive,2,5,157,50266,2,0,0.0726584643125534,0
E2_diagnosis_adaptive,2,5,170,50284,1,1,0.6184189915657043,1
E2_diagnosis_adaptive,2,5,173,50289,1,1,0.6587740182876587,1
E2_diagnosis_adaptive,2,5,175,50291,1,1,0.5037667751312256,1
E2_diagnosis_adaptive,2,5,186,50308,1,1,0.6738602519035339,1
E2_diagnosis_adaptive,2,5,195,50324,1,1,0.7562395334243774,1
E2_diagnosis_adaptive,2,5,197,50327,2,0,0.07316918671131134,0
E2_diagnosis_adaptive,2,5,198,50329,2,0,0.08233232796192169,0
E2_diagnosis_adaptive,2,5,199,50330,2,0,0.07266294956207275,0
E2_diagnosis_adaptive,2,5,206,50337,2,0,0.13118769228458405,0
E2_diagnosis_adaptive,2,5,222,50353,2,0,0.08228377997875214,0
E2_diagnosis_adaptive,2,5,236,50367,2,0,0.07359094172716141,0
E2_diagnosis_adaptive,2,5,240,50372,2,0,0.07270506024360657,0
E2_diagnosis_adaptive,2,5,264,50407,1,1,0.8801496624946594,1
E2_diagnosis_adaptive,2,5,267,50411,1,1,0.885909378528595,1
E2_diagnosis_adaptive,2,5,272,50416,2,0,0.0729544386267662,0
E2_diagnosis_adaptive,2,5,275,50419,2,0,0.0726521760225296,0
E2_diagnosis_adaptive,2,5,279,50425,2,0,0.09265965223312378,0
E2_diagnosis_adaptive,2,5,292,50442,2,0,0.07814670354127884,0
E2_diagnosis_adaptive,2,5,297,50447,2,0,0.12578968703746796,0
E2_diagnosis_adaptive,2,5,298,50448,2,0,0.18135008215904236,0
E2_diagnosis_adaptive,2,5,305,50469,2,0,0.07499373704195023,0
E2_diagnosis_adaptive,2,5,309,50481,1,1,0.8871346712112427,1
E2_diagnosis_adaptive,2,5,319,50493,1,1,0.8808134198188782,1
E2_diagnosis_adaptive,2,5,320,50494,1,1,0.25116246938705444,0
E2_diagnosis_adaptive,2,5,325,50500,1,1,0.8869624733924866,1
E2_diagnosis_adaptive,2,5,331,50509,1,1,0.8664973378181458,1
E2_diagnosis_adaptive,2,5,332,50510,1,1,0.8871944546699524,1
E2_diagnosis_adaptive,2,5,338,50520,1,1,0.887180745601654,1
E2_diagnosis_adaptive,2,5,346,50529,1,1,0.8845188617706299,1
E2_diagnosis_adaptive,2,5,367,50577,2,0,0.0726742297410965,0
E2_diagnosis_adaptive,2,5,381,50619,1,1,0.8848879933357239,1
E2_diagnosis_adaptive,2,5,384,50622,1,1,0.8773318529129028,1
E2_diagnosis_adaptive,2,5,398,50659,2,0,0.395442396402359,0
E2_diagnosis_adaptive,2,5,400,50665,2,0,0.3538128733634949,0
E2_diagnosis_adaptive,2,5,433,50725,2,0,0.07304339110851288,0
E2_diagnosis_adaptive,2,5,436,50730,2,0,0.0743311420083046,0
E2_diagnosis_adaptive,2,5,487,50821,2,0,0.07282894849777222,0
E2_diagnosis_adaptive,2,5,492,50954,1,1,0.11088026314973831,0
E2_diagnosis_adaptive,2,5,503,50966,1,1,0.2088664323091507,0
E2_diagnosis_adaptive,2,5,520,50986,1,1,0.08902054280042648,0
E2_diagnosis_adaptive,2,5,530,50996,1,1,0.8488749861717224,1
E2_diagnosis_adaptive,2,5,546,51015,1,1,0.07513788342475891,0
E2_diagnosis_adaptive,2,5,559,51029,1,1,0.8853947520256042,1
E2_diagnosis_adaptive,2,5,560,51030,1,1,0.8830580711364746,1
E2_diagnosis_adaptive,2,5,589,51062,2,0,0.07919154316186905,0
E2_diagnosis_adaptive,2,5,594,51067,2,0,0.08331374078989029,0
E2_diagnosis_adaptive,2,5,602,51076,2,0,0.08332172781229019,0
E2_diagnosis_adaptive,2,5,613,51087,2,0,0.07488103955984116,0
E2_diagnosis_adaptive,2,5,625,51100,2,0,0.07498415559530258,0
E2_diagnosis_adaptive,2,5,629,51104,2,0,0.07475461810827255,0
E2_diagnosis_adaptive,2,5,635,51111,2,0,0.07464633882045746,0
E2_diagnosis_adaptive,2,5,678,51168,1,1,0.7094624638557434,1
E2_diagnosis_adaptive,2,5,690,51184,2,0,0.29462680220603943,0
E2_diagnosis_adaptive,2,5,727,51234,1,1,0.877899706363678,1
E2_diagnosis_adaptive,2,5,743,51257,2,0,0.08409319818019867,0
E2_diagnosis_adaptive,2,5,774,51303,2,0,0.07526816427707672,0
E2_diagnosis_adaptive,2,5,780,51309,2,0,0.881098747253418,1
E2_diagnosis_adaptive,2,5,786,51320,1,1,0.8871966004371643,1
E2_diagnosis_adaptive,2,5,810,51346,2,0,0.07607687264680862,0
E2_diagnosis_adaptive,2,5,814,51351,1,1,0.1090255081653595,0
E2_diagnosis_adaptive,2,5,815,51354,1,1,0.7784664630889893,1
E2_diagnosis_adaptive,2,5,820,51361,2,0,0.07446770370006561,0
E2_diagnosis_adaptive,2,5,834,51479,2,0,0.08062873035669327,0
E2_diagnosis_adaptive,2,5,841,51491,2,0,0.07924508303403854,0
E2_diagnosis_adaptive,2,5,844,51557,2,0,0.07581868022680283,0
E2_diagnosis_adaptive,2,5,845,51558,2,0,0.07321205735206604,0
E2_diagnosis_adaptive,2,5,846,51559,2,0,0.07489115744829178,0
E2_diagnosis_adaptive,2,5,870,51607,1,1,0.07590390741825104,0
E2_diagnosis_adaptive,2,6,13,50020,1,1,0.8597820401191711,1
E2_diagnosis_adaptive,2,6,15,50023,1,1,0.8462812900543213,1
E2_diagnosis_adaptive,2,6,22,50031,2,0,0.07598792016506195,0
E2_diagnosis_adaptive,2,6,59,50113,2,0,0.08016358315944672,0
E2_diagnosis_adaptive,2,6,60,50114,2,0,0.07976339757442474,0
E2_diagnosis_adaptive,2,6,65,50119,1,1,0.0769561231136322,0
E2_diagnosis_adaptive,2,6,71,50128,1,1,0.8266952633857727,1
E2_diagnosis_adaptive,2,6,77,50135,1,1,0.8532710075378418,1
E2_diagnosis_adaptive,2,6,89,50156,1,1,0.8581796288490295,1
E2_diagnosis_adaptive,2,6,93,50160,2,0,0.0768425390124321,0
E2_diagnosis_adaptive,2,6,94,50161,2,0,0.3722795844078064,0
E2_diagnosis_adaptive,2,6,96,50163,2,0,0.18410059809684753,0
E2_diagnosis_adaptive,2,6,128,50215,2,0,0.07653666287660599,0
E2_diagnosis_adaptive,2,6,143,50250,1,1,0.07866287976503372,0
E2_diagnosis_adaptive,2,6,166,50275,1,1,0.8213148713111877,1
E2_diagnosis_adaptive,2,6,167,50276,1,1,0.8566988706588745,1
E2_diagnosis_adaptive,2,6,168,50278,1,1,0.8593490719795227,1
E2_diagnosis_adaptive,2,6,171,50285,1,1,0.7174249291419983,1
E2_diagnosis_adaptive,2,6,174,50290,1,1,0.6402966380119324,1
E2_diagnosis_adaptive,2,6,190,50315,1,1,0.8589053153991699,1
E2_diagnosis_adaptive,2,6,219,50350,2,0,0.07942057400941849,0
E2_diagnosis_adaptive,2,6,220,50351,2,0,0.07939174026250839,0
E2_diagnosis_adaptive,2,6,227,50358,2,0,0.0846642479300499,0
E2_diagnosis_adaptive,2,6,235,50366,2,0,0.07866664975881577,0
E2_diagnosis_adaptive,2,6,276,50421,2,0,0.07685509324073792,0
E2_diagnosis_adaptive,2,6,287,50437,2,0,0.849882185459137,1
E2_diagnosis_adaptive,2,6,290,50440,2,0,0.07654925435781479,0
E2_diagnosis_adaptive,2,6,310,50482,1,1,0.8584480285644531,1
E2_diagnosis_adaptive,2,6,327,50502,1,1,0.8584796786308289,1
E2_diagnosis_adaptive,2,6,333,50514,1,1,0.4939528703689575,0
E2_diagnosis_adaptive,2,6,337,50519,1,1,0.8502292633056641,1
E2_diagnosis_adaptive,2,6,350,50551,2,0,0.0946447104215622,0
E2_diagnosis_adaptive,2,6,362,50572,2,0,0.07596589624881744,0
E2_diagnosis_adaptive,2,6,382,50620,1,1,0.09326842427253723,0
E2_diagnosis_adaptive,2,6,393,50647,1,1,0.3648926019668579,0
E2_diagnosis_adaptive,2,6,406,50687,2,0,0.3223665952682495,0
E2_diagnosis_adaptive,2,6,408,50689,1,1,0.8551406264305115,1
E2_diagnosis_adaptive,2,6,409,50690,1,1,0.07652679085731506,0
E2_diagnosis_adaptive,2,6,418,50699,2,0,0.78752201795578,1
E2_diagnosis_adaptive,2,6,423,50704,1,1,0.5931054949760437,1
E2_diagnosis_adaptive,2,6,426,50707,2,0,0.07780537754297256,0
E2_diagnosis_adaptive,2,6,435,50728,2,0,0.07781592756509781,0
E2_diagnosis_adaptive,2,6,449,50748,1,1,0.8564358949661255,1
E2_diagnosis_adaptive,2,6,456,50756,1,1,0.7795562148094177,1
E2_diagnosis_adaptive,2,6,467,50782,2,0,0.07652095705270767,0
E2_diagnosis_adaptive,2,6,486,50820,2,0,0.07896881550550461,0
E2_diagnosis_adaptive,2,6,488,50822,2,0,0.07609319686889648,0
E2_diagnosis_adaptive,2,6,489,50823,1,1,0.8581794500350952,1
E2_diagnosis_adaptive,2,6,499,50961,1,1,0.7575293779373169,1
E2_diagnosis_adaptive,2,6,500,50962,1,1,0.07992547005414963,0
E2_diagnosis_adaptive,2,6,502,50965,1,1,0.8596715331077576,1
E2_diagnosis_adaptive,2,6,531,50997,1,1,0.8584948182106018,1
E2_diagnosis_adaptive,2,6,542,51011,1,1,0.8588634729385376,1
E2_diagnosis_adaptive,2,6,562,51033,1,1,0.8302571773529053,1
E2_diagnosis_adaptive,2,6,577,51050,2,0,0.07675805687904358,0
E2_diagnosis_adaptive,2,6,610,51084,2,0,0.8560068011283875,1
E2_diagnosis_adaptive,2,6,615,51089,2,0,0.0791662409901619,0
E2_diagnosis_adaptive,2,6,639,51116,2,0,0.08421506732702255,0
E2_diagnosis_adaptive,2,6,648,51129,2,0,0.07973966747522354,0
E2_diagnosis_adaptive,2,6,656,51137,2,0,0.07649317383766174,0
E2_diagnosis_adaptive,2,6,679,51169,1,1,0.3124087154865265,0
E2_diagnosis_adaptive,2,6,685,51179,1,1,0.854647696018219,1
E2_diagnosis_adaptive,2,6,688,51182,2,0,0.07750527560710907,0
E2_diagnosis_adaptive,2,6,700,51202,1,1,0.8580448627471924,1
E2_diagnosis_adaptive,2,6,731,51239,1,1,0.8492844104766846,1
E2_diagnosis_adaptive,2,6,744,51260,2,0,0.07626627385616302,0
E2_diagnosis_adaptive,2,6,746,51262,2,0,0.0974474623799324,0
E2_diagnosis_adaptive,2,6,747,51264,2,0,0.07711844891309738,0
E2_diagnosis_adaptive,2,6,751,51268,2,0,0.07614626735448837,0
E2_diagnosis_adaptive,2,6,753,51271,2,0,0.07711353898048401,0
E2_diagnosis_adaptive,2,6,755,51273,2,0,0.8304792046546936,1
E2_diagnosis_adaptive,2,6,760,51279,2,0,0.07780686020851135,0
E2_diagnosis_adaptive,2,6,763,51291,1,1,0.8597755432128906,1
E2_diagnosis_adaptive,2,6,768,51297,1,1,0.8294282555580139,1
E2_diagnosis_adaptive,2,6,773,51302,1,1,0.15104541182518005,0
E2_diagnosis_adaptive,2,6,779,51308,2,0,0.07757928222417831,0
E2_diagnosis_adaptive,2,6,781,51311,2,0,0.0764925554394722,0
E2_diagnosis_adaptive,2,6,801,51336,2,0,0.07655449211597443,0
E2_diagnosis_adaptive,2,6,809,51345,2,0,0.07642131298780441,0
E2_diagnosis_adaptive,2,6,824,51365,2,0,0.07857637107372284,0
E2_diagnosis_adaptive,2,6,831,51465,1,1,0.8547297120094299,1
E2_diagnosis_adaptive,2,6,840,51488,2,0,0.07608594000339508,0
E2_diagnosis_adaptive,2,6,843,51556,2,0,0.08630594611167908,0
E2_diagnosis_adaptive,2,6,848,51562,2,0,0.07606231421232224,0
E2_diagnosis_adaptive,2,6,849,51563,2,0,0.07786845415830612,0
E2_diagnosis_adaptive,2,6,854,51568,2,0,0.14579544961452484,0
E2_diagnosis_adaptive,2,6,859,51574,1,1,0.849546492099762,1
E2_diagnosis_adaptive,2,7,38,50047,2,0,0.13366220891475677,0
E2_diagnosis_adaptive,2,7,44,50053,1,1,0.640915036201477,1
E2_diagnosis_adaptive,2,7,46,50056,1,1,0.8725905418395996,1
E2_diagnosis_adaptive,2,7,47,50057,1,1,0.12364070862531662,0
E2_diagnosis_adaptive,2,7,57,50111,2,0,0.1243830993771553,0
E2_diagnosis_adaptive,2,7,68,50124,1,1,0.8749019503593445,1
E2_diagnosis_adaptive,2,7,69,50125,1,1,0.8701700568199158,1
E2_diagnosis_adaptive,2,7,85,50149,1,1,0.8703027367591858,1
E2_diagnosis_adaptive,2,7,91,50158,2,0,0.1365525871515274,0
E2_diagnosis_adaptive,2,7,97,50164,2,0,0.12808962166309357,0
E2_diagnosis_adaptive,2,7,111,50193,2,0,0.12468196451663971,0
E2_diagnosis_adaptive,2,7,116,50199,2,0,0.1243973970413208,0
E2_diagnosis_adaptive,2,7,137,50241,1,1,0.8610119819641113,1
E2_diagnosis_adaptive,2,7,139,50245,1,1,0.8530190587043762,1
E2_diagnosis_adaptive,2,7,145,50252,1,1,0.627437949180603,1
E2_diagnosis_adaptive,2,7,147,50254,1,1,0.8378946781158447,1
E2_diagnosis_adaptive,2,7,148,50255,1,1,0.8735878467559814,1
E2_diagnosis_adaptive,2,7,154,50263,2,0,0.1235000267624855,0
E2_diagnosis_adaptive,2,7,159,50268,2,0,0.12344904243946075,0
E2_diagnosis_adaptive,2,7,185,50304,1,1,0.37985435128211975,0
E2_diagnosis_adaptive,2,7,189,50314,1,1,0.872078537940979,1
E2_diagnosis_adaptive,2,7,201,50332,2,0,0.12372171133756638,0
E2_diagnosis_adaptive,2,7,207,50338,2,0,0.12368667125701904,0
E2_diagnosis_adaptive,2,7,208,50339,2,0,0.12458925694227219,0
E2_diagnosis_adaptive,2,7,230,50361,2,0,0.1248776912689209,0
E2_diagnosis_adaptive,2,7,238,50369,2,0,0.12776872515678406,0
E2_diagnosis_adaptive,2,7,241,50373,2,0,0.12494201958179474,0
E2_diagnosis_adaptive,2,7,249,50382,2,0,0.1236276775598526,0
E2_diagnosis_adaptive,2,7,269,50413,1,1,0.8714097142219543,1
E2_diagnosis_adaptive,2,7,278,50424,2,0,0.1234091967344284,0
E2_diagnosis_adaptive,2,7,308,50480,1,1,0.873055636882782,1
E2_diagnosis_adaptive,2,7,318,50492,1,1,0.8666612505912781,1
E2_diagnosis_adaptive,2,7,330,50507,1,1,0.1724351942539215,0
E2_diagnosis_adaptive,2,7,351,50552,2,0,0.13419711589813232,0
E2_diagnosis_adaptive,2,7,353,50557,2,0,0.12353145331144333,0
E2_diagnosis_adaptive,2,7,364,50574,2,0,0.13434290885925293,0
E2_diagnosis_adaptive,2,7,371,50603,1,1,0.8747358918190002,1
E2_diagnosis_adaptive,2,7,376,50612,1,1,0.7221246361732483,1
E2_diagnosis_adaptive,2,7,389,50627,1,1,0.7691749930381775,1
E2_diagnosis_adaptive,2,7,410,50691,2,0,0.12402325123548508,0
E2_diagnosis_adaptive,2,7,428,50709,2,0,0.12408462166786194,0
E2_diagnosis_adaptive,2,7,438,50733,2,0,0.12348940223455429,0
E2_diagnosis_adaptive,2,7,441,50738,2,0,0.1254187375307083,0
E2_diagnosis_adaptive,2,7,444,50741,2,0,0.12442957609891891,0
E2_diagnosis_adaptive,2,7,447,50744,1,1,0.8701051473617554,1
E2_diagnosis_adaptive,2,7,463,50777,2,0,0.13143767416477203,0
E2_diagnosis_adaptive,2,7,465,50780,2,0,0.13388584554195404,0
E2_diagnosis_adaptive,2,7,469,50786,2,0,0.1281231939792633,0
E2_diagnosis_adaptive,2,7,478,50801,1,1,0.8639513850212097,1
E2_diagnosis_adaptive,2,7,479,50803,1,1,0.8735787272453308,1
E2_diagnosis_adaptive,2,7,493,50955,1,1,0.1234489232301712,0
E2_diagnosis_adaptive,2,7,510,50974,1,1,0.8713115453720093,1
E2_diagnosis_adaptive,2,7,521,50987,1,1,0.8734473586082458,1
E2_diagnosis_adaptive,2,7,534,51001,1,1,0.8673626780509949,1
E2_diagnosis_adaptive,2,7,544,51013,1,1,0.8604632616043091,1
E2_diagnosis_adaptive,2,7,553,51023,1,1,0.8706751465797424,1
E2_diagnosis_adaptive,2,7,558,51028,1,1,0.8749263882637024,1
E2_diagnosis_adaptive,2,7,568,51040,2,0,0.12349334359169006,0
E2_diagnosis_adaptive,2,7,582,51055,2,0,0.12537476420402527,0
E2_diagnosis_adaptive,2,7,586,51059,2,0,0.12637890875339508,0
E2_diagnosis_adaptive,2,7,595,51068,2,0,0.5603972673416138,1
E2_diagnosis_adaptive,2,7,598,51072,2,0,0.5317124128341675,1
E2_diagnosis_adaptive,2,7,600,51074,2,0,0.5085028409957886,1
E2_diagnosis_adaptive,2,7,611,51085,2,0,0.8737070560455322,1
E2_diagnosis_adaptive,2,7,616,51090,2,0,0.12438395619392395,0
E2_diagnosis_adaptive,2,7,623,51098,2,0,0.12870445847511292,0
E2_diagnosis_adaptive,2,7,627,51102,2,0,0.12614668905735016,0
E2_diagnosis_adaptive,2,7,634,51110,2,0,0.12345477938652039,0
E2_diagnosis_adaptive,2,7,651,51132,2,0,0.12493891268968582,0
E2_diagnosis_adaptive,2,7,665,51149,2,0,0.12409080564975739,0
E2_diagnosis_adaptive,2,7,668,51152,2,0,0.12379417568445206,0
E2_diagnosis_adaptive,2,7,670,51154,2,0,0.12386160343885422,0
E2_diagnosis_adaptive,2,7,676,51163,1,1,0.8709128499031067,1
E2_diagnosis_adaptive,2,7,694,51189,2,0,0.12373734265565872,0
E2_diagnosis_adaptive,2,7,713,51217,1,1,0.5489787459373474,1
E2_diagnosis_adaptive,2,7,719,51223,1,1,0.5243377685546875,1
E2_diagnosis_adaptive,2,7,726,51231,1,1,0.14032502472400665,0
E2_diagnosis_adaptive,2,7,729,51236,1,1,0.3064042031764984,0
E2_diagnosis_adaptive,2,7,730,51237,1,1,0.8702064156532288,1
E2_diagnosis_adaptive,2,7,732,51240,1,1,0.8736371397972107,1
E2_diagnosis_adaptive,2,7,745,51261,2,0,0.12530364096164703,0
E2_diagnosis_adaptive,2,7,790,51325,1,1,0.8705846071243286,1
E2_diagnosis_adaptive,2,7,798,51333,2,0,0.1234038695693016,0
E2_diagnosis_adaptive,2,7,807,51343,2,0,0.12496957182884216,0
E2_diagnosis_adaptive,2,7,812,51349,1,1,0.1251077502965927,0
E2_diagnosis_adaptive,2,7,833,51477,2,0,0.12342961877584457,0
E2_diagnosis_adaptive,2,7,863,51579,1,1,0.1292872428894043,0
E2_diagnosis_adaptive,2,8,49,50060,2,0,0.19567811489105225,0
E2_diagnosis_adaptive,2,8,61,50115,2,0,0.200858011841774,0
E2_diagnosis_adaptive,2,8,64,50118,1,1,0.8089279532432556,1
E2_diagnosis_adaptive,2,8,70,50127,1,1,0.8061497211456299,1
E2_diagnosis_adaptive,2,8,102,50171,2,0,0.5085877776145935,1
E2_diagnosis_adaptive,2,8,105,50184,1,1,0.809988260269165,1
E2_diagnosis_adaptive,2,8,107,50187,1,1,0.20757238566875458,0
E2_diagnosis_adaptive,2,8,112,50194,2,0,0.1935577392578125,0
E2_diagnosis_adaptive,2,8,114,50196,2,0,0.6990700364112854,1
E2_diagnosis_adaptive,2,8,118,50201,2,0,0.22459839284420013,0
E2_diagnosis_adaptive,2,8,124,50208,2,0,0.2756861448287964,0
E2_diagnosis_adaptive,2,8,133,50236,1,1,0.8089469075202942,1
E2_diagnosis_adaptive,2,8,134,50237,1,1,0.812116265296936,1
E2_diagnosis_adaptive,2,8,146,50253,1,1,0.812757134437561,1
E2_diagnosis_adaptive,2,8,151,50260,2,0,0.29793503880500793,0
E2_diagnosis_adaptive,2,8,160,50269,2,0,0.5650150775909424,1
E2_diagnosis_adaptive,2,8,179,50295,1,1,0.8126783967018127,1
E2_diagnosis_adaptive,2,8,183,50301,1,1,0.8124199509620667,1
E2_diagnosis_adaptive,2,8,184,50302,1,1,0.8127419352531433,1
E2_diagnosis_adaptive,2,8,196,50325,1,1,0.32387039065361023,0
E2_diagnosis_adaptive,2,8,203,50334,2,0,0.7986283302307129,1
E2_diagnosis_adaptive,2,8,210,50341,2,0,0.22236382961273193,0
E2_diagnosis_adaptive,2,8,215,50346,2,0,0.1939663290977478,0
E2_diagnosis_adaptive,2,8,216,50347,2,0,0.19355301558971405,0
E2_diagnosis_adaptive,2,8,223,50354,2,0,0.22140415012836456,0
E2_diagnosis_adaptive,2,8,224,50355,2,0,0.3257623314857483,0
E2_diagnosis_adaptive,2,8,237,50368,2,0,0.1935669481754303,0
E2_diagnosis_adaptive,2,8,255,50390,2,0,0.29080310463905334,0
E2_diagnosis_adaptive,2,8,256,50391,2,0,0.20401005446910858,0
E2_diagnosis_adaptive,2,8,260,50403,1,1,0.33540892601013184,0
E2_diagnosis_adaptive,2,8,266,50410,1,1,0.81065833568573,1
E2_diagnosis_adaptive,2,8,296,50446,2,0,0.3455733358860016,0
E2_diagnosis_adaptive,2,8,299,50449,2,0,0.2397560477256775,0
E2_diagnosis_adaptive,2,8,328,50503,1,1,0.8117814064025879,1
E2_diagnosis_adaptive,2,8,339,50521,1,1,0.6799346208572388,1
E2_diagnosis_adaptive,2,8,343,50526,1,1,0.8108921051025391,1
E2_diagnosis_adaptive,2,8,347,50530,1,1,0.8060418963432312,1
E2_diagnosis_adaptive,2,8,349,50532,1,1,0.8086135387420654,1
E2_diagnosis_adaptive,2,8,365,50575,2,0,0.38629868626594543,0
E2_diagnosis_adaptive,2,8,377,50613,1,1,0.8104209899902344,1
E2_diagnosis_adaptive,2,8,386,50624,1,1,0.8125141859054565,1
E2_diagnosis_adaptive,2,8,387,50625,1,1,0.19621922075748444,0
E2_diagnosis_adaptive,2,8,413,50694,1,1,0.8072464466094971,1
E2_diagnosis_adaptive,2,8,414,50695,1,1,0.7085965275764465,1
E2_diagnosis_adaptive,2,8,470,50790,2,0,0.19366919994354248,0
E2_diagnosis_adaptive,2,8,485,50818,2,0,0.20580872893333435,0
E2_diagnosis_adaptive,2,8,496,50958,1,1,0.8127354383468628,1
E2_diagnosis_adaptive,2,8,504,50967,1,1,0.8012538552284241,1
E2_diagnosis_adaptive,2,8,517,50983,1,1,0.811948835849762,1
E2_diagnosis_adaptive,2,8,536,51003,1,1,0.8121032118797302,1
E2_diagnosis_adaptive,2,8,540,51009,1,1,0.8085440993309021,1
E2_diagnosis_adaptive,2,8,551,51020,1,1,0.6997131705284119,1
E2_diagnosis_adaptive,2,8,569,51041,2,0,0.20282578468322754,0
E2_diagnosis_adaptive,2,8,570,51042,2,0,0.27241384983062744,0
E2_diagnosis_adaptive,2,8,574,51047,2,0,0.3550322353839874,0
E2_diagnosis_adaptive,2,8,576,51049,2,0,0.19819195568561554,0
E2_diagnosis_adaptive,2,8,584,51057,2,0,0.1985262781381607,0
E2_diagnosis_adaptive,2,8,588,51061,2,0,0.1990516632795334,0
E2_diagnosis_adaptive,2,8,593,51066,2,0,0.2027735561132431,0
E2_diagnosis_adaptive,2,8,601,51075,2,0,0.21476736664772034,0
E2_diagnosis_adaptive,2,8,633,51109,2,0,0.19950616359710693,0
E2_diagnosis_adaptive,2,8,642,51122,2,0,0.19432419538497925,0
E2_diagnosis_adaptive,2,8,645,51126,2,0,0.20610137283802032,0
E2_diagnosis_adaptive,2,8,660,51141,2,0,0.7883042693138123,1
E2_diagnosis_adaptive,2,8,673,51159,2,0,0.8123752474784851,1
E2_diagnosis_adaptive,2,8,683,51177,1,1,0.8106535077095032,1
E2_diagnosis_adaptive,2,8,698,51198,2,0,0.5420002341270447,1
E2_diagnosis_adaptive,2,8,701,51203,1,1,0.8127538561820984,1
E2_diagnosis_adaptive,2,8,715,51219,1,1,0.8112254738807678,1
E2_diagnosis_adaptive,2,8,717,51221,1,1,0.8060314059257507,1
E2_diagnosis_adaptive,2,8,722,51226,1,1,0.408211886882782,0
E2_diagnosis_adaptive,2,8,734,51248,1,1,0.8089845776557922,1
E2_diagnosis_adaptive,2,8,738,51252,2,0,0.8127530813217163,1
E2_diagnosis_adaptive,2,8,748,51265,2,0,0.19426631927490234,0
E2_diagnosis_adaptive,2,8,778,51307,2,0,0.8124758005142212,1
E2_diagnosis_adaptive,2,8,785,51319,1,1,0.8119452595710754,1
E2_diagnosis_adaptive,2,8,803,51339,2,0,0.1935659646987915,0
E2_diagnosis_adaptive,2,8,817,51357,2,0,0.19650845229625702,0
E2_diagnosis_adaptive,2,8,826,51370,2,0,0.2131280153989792,0
E2_diagnosis_adaptive,2,8,828,51461,1,1,0.77373206615448,1
E2_diagnosis_adaptive,2,8,832,51473,1,1,0.7883185744285583,1
E2_diagnosis_adaptive,2,8,839,51487,2,0,0.21567295491695404,0
E2_diagnosis_adaptive,2,8,847,51560,2,0,0.2100142538547516,0
E2_diagnosis_adaptive,2,8,851,51565,2,0,0.39277857542037964,0
E2_diagnosis_adaptive,2,8,852,51566,2,0,0.1943204253911972,0
E2_diagnosis_adaptive,2,8,857,51572,1,1,0.80893474817276,1
E2_diagnosis_adaptive,2,8,866,51583,1,1,0.8086334466934204,1
E2_diagnosis_adaptive,2,9,9,50013,1,1,0.9367209672927856,1
E2_diagnosis_adaptive,2,9,20,50028,1,1,0.9375122785568237,1
E2_diagnosis_adaptive,2,9,27,50036,2,0,0.10428686439990997,0
E2_diagnosis_adaptive,2,9,32,50041,2,0,0.1066589280962944,0
E2_diagnosis_adaptive,2,9,37,50046,2,0,0.10244931280612946,0
E2_diagnosis_adaptive,2,9,40,50049,2,0,0.10283565521240234,0
E2_diagnosis_adaptive,2,9,42,50051,2,0,0.18761585652828217,0
E2_diagnosis_adaptive,2,9,50,50102,2,0,0.10403628647327423,0
E2_diagnosis_adaptive,2,9,66,50121,1,1,0.9378892779350281,1
E2_diagnosis_adaptive,2,9,75,50132,1,1,0.9367339611053467,1
E2_diagnosis_adaptive,2,9,83,50147,1,1,0.9378377795219421,1
E2_diagnosis_adaptive,2,9,84,50148,1,1,0.9357499480247498,1
E2_diagnosis_adaptive,2,9,87,50152,1,1,0.9375067353248596,1
E2_diagnosis_adaptive,2,9,104,50183,1,1,0.9379929304122925,1
E2_diagnosis_adaptive,2,9,121,50204,2,0,0.10507422685623169,0
E2_diagnosis_adaptive,2,9,122,50205,2,0,0.1030648797750473,0
E2_diagnosis_adaptive,2,9,123,50206,2,0,0.35244837403297424,0
E2_diagnosis_adaptive,2,9,130,50232,1,1,0.9361131191253662,1
E2_diagnosis_adaptive,2,9,132,50234,1,1,0.928253173828125,1
E2_diagnosis_adaptive,2,9,221,50352,2,0,0.3693644106388092,0
E2_diagnosis_adaptive,2,9,226,50357,2,0,0.1055186539888382,0
E2_diagnosis_adaptive,2,9,232,50363,2,0,0.9198902249336243,1
E2_diagnosis_adaptive,2,9,250,50383,2,0,0.1653534471988678,0
E2_diagnosis_adaptive,2,9,258,50399,1,1,0.9378423690795898,1
E2_diagnosis_adaptive,2,9,261,50404,1,1,0.9379285573959351,1
E2_diagnosis_adaptive,2,9,262,50405,1,1,0.937755286693573,1
E2_diagnosis_adaptive,2,9,282,50428,2,0,0.10245440155267715,0
E2_diagnosis_adaptive,2,9,284,50434,2,0,0.10250008851289749,0
E2_diagnosis_adaptive,2,9,289,50439,2,0,0.10850413143634796,0
E2_diagnosis_adaptive,2,9,291,50441,2,0,0.10609494894742966,0
E2_diagnosis_adaptive,2,9,301,50463,2,0,0.10445373505353928,0
E2_diagnosis_adaptive,2,9,323,50498,1,1,0.9346264600753784,1
E2_diagnosis_adaptive,2,9,344,50527,1,1,0.9342934489250183,1
E2_diagnosis_adaptive,2,9,358,50568,2,0,0.5735189318656921,1
E2_diagnosis_adaptive,2,9,361,50571,2,0,0.5724618434906006,1
E2_diagnosis_adaptive,2,9,363,50573,2,0,0.10306323319673538,0
E2_diagnosis_adaptive,2,9,380,50616,1,1,0.9379982948303223,1
E2_diagnosis_adaptive,2,9,391,50642,1,1,0.9338400959968567,1
E2_diagnosis_adaptive,2,9,397,50656,2,0,0.6544908881187439,1
E2_diagnosis_adaptive,2,9,407,50688,2,0,0.1023801863193512,0
E2_diagnosis_adaptive,2,9,415,50696,1,1,0.9366164207458496,1
E2_diagnosis_adaptive,2,9,419,50700,1,1,0.9379623532295227,1
E2_diagnosis_adaptive,2,9,420,50701,2,0,0.10262565314769745,0
E2_diagnosis_adaptive,2,9,427,50708,1,1,0.9374309182167053,1
E2_diagnosis_adaptive,2,9,446,50743,1,1,0.9375108480453491,1
E2_diagnosis_adaptive,2,9,461,50775,2,0,0.10347327589988708,0
E2_diagnosis_adaptive,2,9,472,50792,1,1,0.9376620650291443,1
E2_diagnosis_adaptive,2,9,481,50812,2,0,0.10242991894483566,0
E2_diagnosis_adaptive,2,9,491,50952,1,1,0.9376593232154846,1
E2_diagnosis_adaptive,2,9,498,50960,1,1,0.3643058240413666,0
E2_diagnosis_adaptive,2,9,511,50976,1,1,0.9376404881477356,1
E2_diagnosis_adaptive,2,9,524,50990,1,1,0.9367215037345886,1
E2_diagnosis_adaptive,2,9,539,51008,1,1,0.8899758458137512,1
E2_diagnosis_adaptive,2,9,541,51010,1,1,0.919323205947876,1
E2_diagnosis_adaptive,2,9,543,51012,1,1,0.8040618896484375,1
E2_diagnosis_adaptive,2,9,563,51034,1,1,0.9367536306381226,1
E2_diagnosis_adaptive,2,9,564,51035,1,1,0.9277543425559998,1
E2_diagnosis_adaptive,2,9,592,51065,2,0,0.1026710495352745,0
E2_diagnosis_adaptive,2,9,604,51078,2,0,0.10820414870977402,0
E2_diagnosis_adaptive,2,9,605,51079,2,0,0.93600994348526,1
E2_diagnosis_adaptive,2,9,608,51082,2,0,0.2091829627752304,0
E2_diagnosis_adaptive,2,9,620,51095,2,0,0.9357216358184814,1
E2_diagnosis_adaptive,2,9,624,51099,2,0,0.10284266620874405,0
E2_diagnosis_adaptive,2,9,632,51107,2,0,0.9192572832107544,1
E2_diagnosis_adaptive,2,9,643,51123,2,0,0.10357145965099335,0
E2_diagnosis_adaptive,2,9,654,51135,2,0,0.428710013628006,0
E2_diagnosis_adaptive,2,9,667,51151,2,0,0.10283712297677994,0
E2_diagnosis_adaptive,2,9,680,51170,1,1,0.9278308749198914,1
E2_diagnosis_adaptive,2,9,699,51201,1,1,0.9378633499145508,1
E2_diagnosis_adaptive,2,9,708,51211,1,1,0.9375374913215637,1
E2_diagnosis_adaptive,2,9,712,51216,1,1,0.10279170423746109,0
E2_diagnosis_adaptive,2,9,736,51250,2,0,0.10239263623952866,0
E2_diagnosis_adaptive,2,9,739,51253,2,0,0.10243727266788483,0
E2_diagnosis_adaptive,2,9,740,51254,2,0,0.10382888466119766,0
E2_diagnosis_adaptive,2,9,742,51256,2,0,0.10429606586694717,0
E2_diagnosis_adaptive,2,9,752,51269,2,0,0.10240808874368668,0
E2_diagnosis_adaptive,2,9,756,51275,2,0,0.10297147184610367,0
E2_diagnosis_adaptive,2,9,784,51318,1,1,0.9216313362121582,1
E2_diagnosis_adaptive,2,9,788,51322,1,1,0.9283093214035034,1
E2_diagnosis_adaptive,2,9,789,51323,1,1,0.9374967217445374,1
E2_diagnosis_adaptive,2,9,794,51329,1,1,0.25173866748809814,0
E2_diagnosis_adaptive,2,9,802,51338,2,0,0.937160313129425,1
E2_diagnosis_adaptive,2,9,822,51363,2,0,0.108390673995018,0
E2_diagnosis_adaptive,2,9,825,51369,2,0,0.10336887091398239,0
E2_diagnosis_adaptive,2,9,827,51373,2,0,0.1028333455324173,0
E2_diagnosis_adaptive,2,9,842,51493,2,0,0.10835959017276764,0
E2_diagnosis_adaptive,2,9,864,51580,1,1,0.9361997246742249,1
E2_diagnosis_adaptive,2,10,11,50015,1,1,0.8130716681480408,1
E2_diagnosis_adaptive,2,10,16,50024,1,1,0.8246907591819763,1
E2_diagnosis_adaptive,2,10,18,50026,1,1,0.7831135392189026,1
E2_diagnosis_adaptive,2,10,33,50042,2,0,0.11516972631216049,0
E2_diagnosis_adaptive,2,10,36,50045,2,0,0.13981851935386658,0
E2_diagnosis_adaptive,2,10,41,50050,2,0,0.11307955533266068,0
E2_diagnosis_adaptive,2,10,43,50052,2,0,0.2656099200248718,0
E2_diagnosis_adaptive,2,10,54,50106,2,0,0.5253492593765259,1
E2_diagnosis_adaptive,2,10,74,50131,1,1,0.11518647521734238,0
E2_diagnosis_adaptive,2,10,99,50168,2,0,0.11746247112751007,0
E2_diagnosis_adaptive,2,10,106,50186,1,1,0.8079580068588257,1
E2_diagnosis_adaptive,2,10,109,50189,1,1,0.8211308717727661,1
E2_diagnosis_adaptive,2,10,110,50190,1,1,0.6966245770454407,1
E2_diagnosis_adaptive,2,10,150,50259,2,0,0.4681027829647064,0
E2_diagnosis_adaptive,2,10,158,50267,2,0,0.1156882643699646,0
E2_diagnosis_adaptive,2,10,188,50312,1,1,0.7801874279975891,1
E2_diagnosis_adaptive,2,10,194,50321,1,1,0.8244510889053345,1
E2_diagnosis_adaptive,2,10,233,50364,2,0,0.413541316986084,0
E2_diagnosis_adaptive,2,10,239,50370,2,0,0.11476939171552658,0
E2_diagnosis_adaptive,2,10,245,50377,2,0,0.11524073034524918,0
E2_diagnosis_adaptive,2,10,252,50386,2,0,0.11316203325986862,0
E2_diagnosis_adaptive,2,10,257,50397,1,1,0.7189205884933472,1
E2_diagnosis_adaptive,2,10,263,50406,1,1,0.8240523338317871,1
E2_diagnosis_adaptive,2,10,268,50412,1,1,0.8237534165382385,1
E2_diagnosis_adaptive,2,10,270,50414,2,0,0.11339159309864044,0
E2_diagnosis_adaptive,2,10,273,50417,2,0,0.1184360533952713,0
E2_diagnosis_adaptive,2,10,294,50444,2,0,0.12354838848114014,0
E2_diagnosis_adaptive,2,10,303,50467,2,0,0.11311423033475876,0
E2_diagnosis_adaptive,2,10,304,50468,2,0,0.11321030557155609,0
E2_diagnosis_adaptive,2,10,317,50491,1,1,0.620757520198822,1
E2_diagnosis_adaptive,2,10,324,50499,1,1,0.7507750391960144,1
E2_diagnosis_adaptive,2,10,366,50576,2,0,0.11327915638685226,0
E2_diagnosis_adaptive,2,10,372,50604,1,1,0.4350845217704773,0
E2_diagnosis_adaptive,2,10,394,50648,1,1,0.1409885585308075,0
E2_diagnosis_adaptive,2,10,430,50722,2,0,0.11689700931310654,0
E2_diagnosis_adaptive,2,10,434,50726,2,0,0.11325039714574814,0
E2_diagnosis_adaptive,2,10,443,50740,2,0,0.11367185413837433,0
E2_diagnosis_adaptive,2,10,459,50773,2,0,0.11317288130521774,0
E2_diagnosis_adaptive,2,10,475,50798,1,1,0.11347205191850662,0
E2_diagnosis_adaptive,2,10,482,50814,2,0,0.11301988363265991,0
E2_diagnosis_adaptive,2,10,490,50824,1,1,0.11433514207601547,0
E2_diagnosis_adaptive,2,10,494,50956,1,1,0.8212546110153198,1
E2_diagnosis_adaptive,2,10,501,50964,1,1,0.8170693516731262,1
E2_diagnosis_adaptive,2,10,507,50970,1,1,0.7995221018791199,1
E2_diagnosis_adaptive,2,10,509,50973,1,1,0.7803419828414917,1
E2_diagnosis_adaptive,2,10,512,50977,1,1,0.8244752883911133,1
E2_diagnosis_adaptive,2,10,518,50984,1,1,0.5469213724136353,1
E2_diagnosis_adaptive,2,10,519,50985,1,1,0.8191688060760498,1
E2_diagnosis_adaptive,2,10,523,50989,1,1,0.819198489189148,1
E2_diagnosis_adaptive,2,10,527,50993,1,1,0.8194295167922974,1
E2_diagnosis_adaptive,2,10,528,50994,1,1,0.8222419023513794,1
E2_diagnosis_adaptive,2,10,529,50995,1,1,0.8241111636161804,1
E2_diagnosis_adaptive,2,10,533,51000,1,1,0.8151089549064636,1
E2_diagnosis_adaptive,2,10,535,51002,1,1,0.16374298930168152,0
E2_diagnosis_adaptive,2,10,547,51016,1,1,0.7434419989585876,1
E2_diagnosis_adaptive,2,10,549,51018,1,1,0.8243953585624695,1
E2_diagnosis_adaptive,2,10,557,51027,1,1,0.6380887031555176,1
E2_diagnosis_adaptive,2,10,565,51036,2,0,0.11352614313364029,0
E2_diagnosis_adaptive,2,10,567,51039,2,0,0.11865826696157455,0
E2_diagnosis_adaptive,2,10,573,51046,2,0,0.1896449774503708,0
E2_diagnosis_adaptive,2,10,578,51051,2,0,0.12151839584112167,0
E2_diagnosis_adaptive,2,10,591,51064,2,0,0.12222102284431458,0
E2_diagnosis_adaptive,2,10,617,51091,2,0,0.11316343396902084,0
E2_diagnosis_adaptive,2,10,618,51093,2,0,0.1136862188577652,0
E2_diagnosis_adaptive,2,10,619,51094,2,0,0.11890393495559692,0
E2_diagnosis_adaptive,2,10,626,51101,2,0,0.11539483070373535,0
E2_diagnosis_adaptive,2,10,636,51112,2,0,0.12173846364021301,0
E2_diagnosis_adaptive,2,10,641,51118,2,0,0.11375931650400162,0
E2_diagnosis_adaptive,2,10,649,51130,2,0,0.3048355281352997,0
E2_diagnosis_adaptive,2,10,662,51146,2,0,0.1194654330611229,0
E2_diagnosis_adaptive,2,10,666,51150,2,0,0.11412382870912552,0
E2_diagnosis_adaptive,2,10,692,51187,2,0,0.11344313621520996,0
E2_diagnosis_adaptive,2,10,696,51194,2,0,0.14295881986618042,0
E2_diagnosis_adaptive,2,10,702,51204,1,1,0.8194610476493835,1
E2_diagnosis_adaptive,2,10,707,51210,1,1,0.810413122177124,1
E2_diagnosis_adaptive,2,10,758,51277,2,0,0.11476930975914001,0
E2_diagnosis_adaptive,2,10,761,51280,2,0,0.11744740605354309,0
E2_diagnosis_adaptive,2,10,764,51292,1,1,0.8207176327705383,1
E2_diagnosis_adaptive,2,10,765,51293,1,1,0.821259617805481,1
E2_diagnosis_adaptive,2,10,777,51306,2,0,0.11527229845523834,0
E2_diagnosis_adaptive,2,10,782,51313,2,0,0.12590499222278595,0
E2_diagnosis_adaptive,2,10,796,51331,1,1,0.7650773525238037,1
E2_diagnosis_adaptive,2,10,797,51332,2,0,0.11461929231882095,0
E2_diagnosis_adaptive,2,10,800,51335,2,0,0.11471998691558838,0
E2_diagnosis_adaptive,2,10,819,51360,2,0,0.1135430634021759,0
E2_diagnosis_adaptive,2,10,850,51564,2,0,0.11352097243070602,0
E2_diagnosis_adaptive,2,10,860,51576,1,1,0.13132788240909576,0
E3_shuffled_adaptive,0,1,10,50014,1,1,0.9233062863349915,1
E3_shuffled_adaptive,0,1,14,50022,1,1,0.09603162854909897,0
E3_shuffled_adaptive,0,1,36,50045,2,0,0.3260960876941681,0
E3_shuffled_adaptive,0,1,42,50051,2,0,0.9051894545555115,1
E3_shuffled_adaptive,0,1,49,50060,2,0,0.09424235671758652,0
E3_shuffled_adaptive,0,1,53,50105,2,0,0.596561074256897,1
E3_shuffled_adaptive,0,1,63,50117,2,0,0.3131832182407379,0
E3_shuffled_adaptive,0,1,67,50123,1,1,0.9253392219543457,1
E3_shuffled_adaptive,0,1,83,50147,1,1,0.789272665977478,1
E3_shuffled_adaptive,0,1,84,50148,1,1,0.924155056476593,1
E3_shuffled_adaptive,0,1,96,50163,2,0,0.1662655770778656,0
E3_shuffled_adaptive,0,1,97,50164,2,0,0.08990927785634995,0
E3_shuffled_adaptive,0,1,111,50193,2,0,0.08997806906700134,0
E3_shuffled_adaptive,0,1,114,50196,2,0,0.5524794459342957,1
E3_shuffled_adaptive,0,1,123,50206,2,0,0.4914158284664154,0
E3_shuffled_adaptive,0,1,131,50233,1,1,0.9235089421272278,1
E3_shuffled_adaptive,0,1,132,50234,1,1,0.8553925156593323,1
E3_shuffled_adaptive,0,1,136,50240,1,1,0.9235362410545349,1
E3_shuffled_adaptive,0,1,141,50248,1,1,0.9256386756896973,1
E3_shuffled_adaptive,0,1,145,50252,1,1,0.4492460787296295,0
E3_shuffled_adaptive,0,1,146,50253,1,1,0.9198607802391052,1
E3_shuffled_adaptive,0,1,148,50255,1,1,0.9259029626846313,1
E3_shuffled_adaptive,0,1,152,50261,2,0,0.7550221681594849,1
E3_shuffled_adaptive,0,1,154,50263,2,0,0.09703231602907181,0
E3_shuffled_adaptive,0,1,164,50273,1,1,0.9202019572257996,1
E3_shuffled_adaptive,0,1,184,50302,1,1,0.9245460629463196,1
E3_shuffled_adaptive,0,1,202,50333,2,0,0.09445389360189438,0
E3_shuffled_adaptive,0,1,204,50335,2,0,0.08980157971382141,0
E3_shuffled_adaptive,0,1,210,50341,2,0,0.091570183634758,0
E3_shuffled_adaptive,0,1,223,50354,2,0,0.10558300465345383,0
E3_shuffled_adaptive,0,1,241,50373,2,0,0.18771763145923615,0
E3_shuffled_adaptive,0,1,266,50410,1,1,0.889083981513977,1
E3_shuffled_adaptive,0,1,271,50415,2,0,0.10559438169002533,0
E3_shuffled_adaptive,0,1,275,50419,2,0,0.09196845442056656,0
E3_shuffled_adaptive,0,1,278,50424,2,0,0.09173575788736343,0
E3_shuffled_adaptive,0,1,286,50436,2,0,0.76695716381073,1
E3_shuffled_adaptive,0,1,292,50442,2,0,0.09667236357927322,0
E3_shuffled_adaptive,0,1,302,50466,2,0,0.08980978280305862,0
E3_shuffled_adaptive,0,1,303,50467,2,0,0.19593513011932373,0
E3_shuffled_adaptive,0,1,323,50498,1,1,0.9198683500289917,1
E3_shuffled_adaptive,0,1,326,50501,1,1,0.9224981665611267,1
E3_shuffled_adaptive,0,1,346,50529,1,1,0.9225367307662964,1
E3_shuffled_adaptive,0,1,349,50532,1,1,0.9223154783248901,1
E3_shuffled_adaptive,0,1,352,50555,2,0,0.09020218253135681,0
E3_shuffled_adaptive,0,1,353,50557,2,0,0.09376624971628189,0
E3_shuffled_adaptive,0,1,360,50570,2,0,0.09001010656356812,0
E3_shuffled_adaptive,0,1,390,50628,1,1,0.923332691192627,1
E3_shuffled_adaptive,0,1,397,50656,2,0,0.18083228170871735,0
E3_shuffled_adaptive,0,1,405,50686,1,1,0.9245486855506897,1
E3_shuffled_adaptive,0,1,408,50689,1,1,0.9258748888969421,1
E3_shuffled_adaptive,0,1,430,50722,2,0,0.09196481853723526,0
E3_shuffled_adaptive,0,1,435,50728,2,0,0.8304258584976196,1
E3_shuffled_adaptive,0,1,446,50743,1,1,0.9247325658798218,1
E3_shuffled_adaptive,0,1,451,50750,1,1,0.9258522987365723,1
E3_shuffled_adaptive,0,1,475,50798,1,1,0.10206601023674011,0
E3_shuffled_adaptive,0,1,476,50799,1,1,0.9256683588027954,1
E3_shuffled_adaptive,0,1,481,50812,2,0,0.09194030612707138,0
E3_shuffled_adaptive,0,1,490,50824,1,1,0.24557562172412872,0
E3_shuffled_adaptive,0,1,511,50976,1,1,0.9259697198867798,1
E3_shuffled_adaptive,0,1,522,50988,1,1,0.9259166121482849,1
E3_shuffled_adaptive,0,1,525,50991,1,1,0.8343313932418823,1
E3_shuffled_adaptive,0,1,537,51006,1,1,0.9252463579177856,1
E3_shuffled_adaptive,0,1,541,51010,1,1,0.8121788501739502,1
E3_shuffled_adaptive,0,1,557,51027,1,1,0.917945146560669,1
E3_shuffled_adaptive,0,1,559,51029,1,1,0.8760989308357239,1
E3_shuffled_adaptive,0,1,579,51052,2,0,0.09514161199331284,0
E3_shuffled_adaptive,0,1,584,51057,2,0,0.0970715805888176,0
E3_shuffled_adaptive,0,1,633,51109,2,0,0.09281270205974579,0
E3_shuffled_adaptive,0,1,636,51112,2,0,0.10228466987609863,0
E3_shuffled_adaptive,0,1,648,51129,2,0,0.09466870129108429,0
E3_shuffled_adaptive,0,1,655,51136,2,0,0.35193121433258057,0
E3_shuffled_adaptive,0,1,670,51154,2,0,0.0929073765873909,0
E3_shuffled_adaptive,0,1,692,51187,2,0,0.08974099159240723,0
E3_shuffled_adaptive,0,1,695,51192,2,0,0.09038697928190231,0
E3_shuffled_adaptive,0,1,696,51194,2,0,0.9024816155433655,1
E3_shuffled_adaptive,0,1,727,51234,1,1,0.9189111590385437,1
E3_shuffled_adaptive,0,1,732,51240,1,1,0.9247332215309143,1
E3_shuffled_adaptive,0,1,762,51281,2,0,0.10248009860515594,0
E3_shuffled_adaptive,0,1,765,51293,1,1,0.9245196580886841,1
E3_shuffled_adaptive,0,1,766,51294,1,1,0.719817578792572,1
E3_shuffled_adaptive,0,1,779,51308,2,0,0.10637839883565903,0
E3_shuffled_adaptive,0,1,795,51330,1,1,0.9259525537490845,1
E3_shuffled_adaptive,0,1,798,51333,2,0,0.09064532071352005,0
E3_shuffled_adaptive,0,1,825,51369,2,0,0.11369115114212036,0
E3_shuffled_adaptive,0,1,828,51461,1,1,0.9254685640335083,1
E3_shuffled_adaptive,0,1,839,51487,2,0,0.30295881628990173,0
E3_shuffled_adaptive,0,1,854,51568,2,0,0.1576227843761444,0
E3_shuffled_adaptive,0,1,862,51578,1,1,0.9260014295578003,1
E3_shuffled_adaptive,0,2,2,50005,1,1,0.9195448756217957,1
E3_shuffled_adaptive,0,2,3,50006,1,1,0.9284570813179016,1
E3_shuffled_adaptive,0,2,4,50007,1,1,0.6881027221679688,1
E3_shuffled_adaptive,0,2,20,50028,1,1,0.9274820685386658,1
E3_shuffled_adaptive,0,2,27,50036,2,0,0.07596544176340103,0
E3_shuffled_adaptive,0,2,35,50044,2,0,0.07572701573371887,0
E3_shuffled_adaptive,0,2,45,50054,2,0,0.9278608560562134,1
E3_shuffled_adaptive,0,2,57,50111,2,0,0.07814275473356247,0
E3_shuffled_adaptive,0,2,61,50115,2,0,0.08211866766214371,0
E3_shuffled_adaptive,0,2,69,50125,1,1,0.9292804598808289,1
E3_shuffled_adaptive,0,2,79,50143,1,1,0.926838755607605,1
E3_shuffled_adaptive,0,2,87,50152,1,1,0.9294302463531494,1
E3_shuffled_adaptive,0,2,116,50199,2,0,0.07641898095607758,0
E3_shuffled_adaptive,0,2,122,50205,2,0,0.0763811320066452,0
E3_shuffled_adaptive,0,2,130,50232,1,1,0.9244601726531982,1
E3_shuffled_adaptive,0,2,133,50236,1,1,0.9297166466712952,1
E3_shuffled_adaptive,0,2,147,50254,1,1,0.9223616719245911,1
E3_shuffled_adaptive,0,2,162,50271,2,0,0.07621198147535324,0
E3_shuffled_adaptive,0,2,170,50284,1,1,0.3810453414916992,0
E3_shuffled_adaptive,0,2,171,50285,1,1,0.07416476309299469,0
E3_shuffled_adaptive,0,2,183,50301,1,1,0.8362446427345276,1
E3_shuffled_adaptive,0,2,192,50319,1,1,0.930149495601654,1
E3_shuffled_adaptive,0,2,197,50327,2,0,0.09612827748060226,0
E3_shuffled_adaptive,0,2,217,50348,2,0,0.07648080587387085,0
E3_shuffled_adaptive,0,2,218,50349,2,0,0.0799369066953659,0
E3_shuffled_adaptive,0,2,222,50353,2,0,0.15949153900146484,0
E3_shuffled_adaptive,0,2,232,50363,2,0,0.07774697989225388,0
E3_shuffled_adaptive,0,2,234,50365,2,0,0.07443074882030487,0
E3_shuffled_adaptive,0,2,257,50397,1,1,0.9285114407539368,1
E3_shuffled_adaptive,0,2,270,50414,2,0,0.5208678841590881,1
E3_shuffled_adaptive,0,2,282,50428,2,0,0.07640531659126282,0
E3_shuffled_adaptive,0,2,283,50433,2,0,0.07561337202787399,0
E3_shuffled_adaptive,0,2,294,50444,2,0,0.1520264446735382,0
E3_shuffled_adaptive,0,2,307,50477,1,1,0.9223725199699402,1
E3_shuffled_adaptive,0,2,316,50490,1,1,0.9062013626098633,1
E3_shuffled_adaptive,0,2,357,50565,2,0,0.19945906102657318,0
E3_shuffled_adaptive,0,2,363,50573,2,0,0.07427169382572174,0
E3_shuffled_adaptive,0,2,364,50574,2,0,0.14701387286186218,0
E3_shuffled_adaptive,0,2,372,50604,1,1,0.9297419786453247,1
E3_shuffled_adaptive,0,2,381,50619,1,1,0.9255229830741882,1
E3_shuffled_adaptive,0,2,385,50623,1,1,0.927207350730896,1
E3_shuffled_adaptive,0,2,394,50648,1,1,0.07517646253108978,0
E3_shuffled_adaptive,0,2,399,50664,2,0,0.07436049729585648,0
E3_shuffled_adaptive,0,2,407,50688,2,0,0.20176520943641663,0
E3_shuffled_adaptive,0,2,410,50691,2,0,0.07641562819480896,0
E3_shuffled_adaptive,0,2,417,50698,2,0,0.07905580848455429,0
E3_shuffled_adaptive,0,2,426,50707,2,0,0.07845044881105423,0
E3_shuffled_adaptive,0,2,450,50749,1,1,0.9294169545173645,1
E3_shuffled_adaptive,0,2,453,50752,1,1,0.7729957103729248,1
E3_shuffled_adaptive,0,2,462,50776,2,0,0.07419618964195251,0
E3_shuffled_adaptive,0,2,465,50780,2,0,0.1441221684217453,0
E3_shuffled_adaptive,0,2,478,50801,1,1,0.9272119402885437,1
E3_shuffled_adaptive,0,2,489,50823,1,1,0.9200285077095032,1
E3_shuffled_adaptive,0,2,513,50978,1,1,0.9268643260002136,1
E3_shuffled_adaptive,0,2,528,50994,1,1,0.92850261926651,1
E3_shuffled_adaptive,0,2,535,51002,1,1,0.9299262762069702,1
E3_shuffled_adaptive,0,2,543,51012,1,1,0.9291185140609741,1
E3_shuffled_adaptive,0,2,544,51013,1,1,0.6062015891075134,1
E3_shuffled_adaptive,0,2,546,51015,1,1,0.08385306596755981,0
E3_shuffled_adaptive,0,2,553,51023,1,1,0.9206069111824036,1
E3_shuffled_adaptive,0,2,558,51028,1,1,0.924544632434845,1
E3_shuffled_adaptive,0,2,568,51040,2,0,0.07797826826572418,0
E3_shuffled_adaptive,0,2,572,51045,2,0,0.08213479816913605,0
E3_shuffled_adaptive,0,2,585,51058,2,0,0.07754982262849808,0
E3_shuffled_adaptive,0,2,592,51065,2,0,0.07755492627620697,0
E3_shuffled_adaptive,0,2,596,51069,2,0,0.07972688972949982,0
E3_shuffled_adaptive,0,2,612,51086,2,0,0.08034074306488037,0
E3_shuffled_adaptive,0,2,629,51104,2,0,0.0765606239438057,0
E3_shuffled_adaptive,0,2,642,51122,2,0,0.07990138977766037,0
E3_shuffled_adaptive,0,2,645,51126,2,0,0.08331147581338882,0
E3_shuffled_adaptive,0,2,646,51127,2,0,0.39651191234588623,0
E3_shuffled_adaptive,0,2,651,51132,2,0,0.08142183721065521,0
E3_shuffled_adaptive,0,2,681,51171,1,1,0.9041022658348083,1
E3_shuffled_adaptive,0,2,683,51177,1,1,0.9293642044067383,1
E3_shuffled_adaptive,0,2,690,51184,2,0,0.2561369836330414,0
E3_shuffled_adaptive,0,2,691,51185,2,0,0.44769859313964844,0
E3_shuffled_adaptive,0,2,718,51222,1,1,0.07420048862695694,0
E3_shuffled_adaptive,0,2,722,51226,1,1,0.07424529641866684,0
E3_shuffled_adaptive,0,2,728,51235,1,1,0.9291244149208069,1
E3_shuffled_adaptive,0,2,742,51256,2,0,0.07530450820922852,0
E3_shuffled_adaptive,0,2,753,51271,2,0,0.08199445903301239,0
E3_shuffled_adaptive,0,2,793,51328,1,1,0.9268643260002136,1
E3_shuffled_adaptive,0,2,820,51361,2,0,0.07609080523252487,0
E3_shuffled_adaptive,0,2,824,51365,2,0,0.08279170095920563,0
E3_shuffled_adaptive,0,2,832,51473,1,1,0.5360779762268066,1
E3_shuffled_adaptive,0,2,840,51488,2,0,0.07439163327217102,0
E3_shuffled_adaptive,0,2,869,51606,1,1,0.07878241688013077,0
E3_shuffled_adaptive,0,3,21,50030,2,0,0.7147756218910217,1
E3_shuffled_adaptive,0,3,32,50041,2,0,0.06111759692430496,0
E3_shuffled_adaptive,0,3,34,50043,2,0,0.3000251054763794,0
E3_shuffled_adaptive,0,3,37,50046,2,0,0.06251995265483856,0
E3_shuffled_adaptive,0,3,70,50127,1,1,0.10171503573656082,0
E3_shuffled_adaptive,0,3,74,50131,1,1,0.6866723895072937,1
E3_shuffled_adaptive,0,3,86,50150,1,1,0.6498072147369385,1
E3_shuffled_adaptive,0,3,100,50169,2,0,0.061197251081466675,0
E3_shuffled_adaptive,0,3,119,50202,2,0,0.06276104599237442,0
E3_shuffled_adaptive,0,3,151,50260,2,0,0.06007488816976547,0
E3_shuffled_adaptive,0,3,159,50268,2,0,0.06120508536696434,0
E3_shuffled_adaptive,0,3,160,50269,2,0,0.13698160648345947,0
E3_shuffled_adaptive,0,3,163,50272,1,1,0.9050906896591187,1
E3_shuffled_adaptive,0,3,181,50298,1,1,0.7615508437156677,1
E3_shuffled_adaptive,0,3,187,50310,1,1,0.8923717737197876,1
E3_shuffled_adaptive,0,3,207,50338,2,0,0.0607854388654232,0
E3_shuffled_adaptive,0,3,258,50399,1,1,0.8046326637268066,1
E3_shuffled_adaptive,0,3,262,50405,1,1,0.9067190289497375,1
E3_shuffled_adaptive,0,3,264,50407,1,1,0.9041863679885864,1
E3_shuffled_adaptive,0,3,284,50434,2,0,0.06052226200699806,0
E3_shuffled_adaptive,0,3,287,50437,2,0,0.9027832746505737,1
E3_shuffled_adaptive,0,3,297,50447,2,0,0.2886964976787567,0
E3_shuffled_adaptive,0,3,310,50482,1,1,0.9011526107788086,1
E3_shuffled_adaptive,0,3,319,50493,1,1,0.8964059352874756,1
E3_shuffled_adaptive,0,3,327,50502,1,1,0.9038606882095337,1
E3_shuffled_adaptive,0,3,329,50504,1,1,0.900412917137146,1
E3_shuffled_adaptive,0,3,333,50514,1,1,0.8943003416061401,1
E3_shuffled_adaptive,0,3,335,50516,1,1,0.8952116966247559,1
E3_shuffled_adaptive,0,3,337,50519,1,1,0.9011175632476807,1
E3_shuffled_adaptive,0,3,368,50578,2,0,0.7385000586509705,1
E3_shuffled_adaptive,0,3,370,50602,1,1,0.8969448804855347,1
E3_shuffled_adaptive,0,3,371,50603,1,1,0.9073508381843567,1
E3_shuffled_adaptive,0,3,379,50615,1,1,0.9069377183914185,1
E3_shuffled_adaptive,0,3,411,50692,2,0,0.06005919352173805,0
E3_shuffled_adaptive,0,3,425,50706,2,0,0.06361368298530579,0
E3_shuffled_adaptive,0,3,434,50726,2,0,0.09650351852178574,0
E3_shuffled_adaptive,0,3,439,50735,2,0,0.06035831943154335,0
E3_shuffled_adaptive,0,3,444,50741,2,0,0.06154690310359001,0
E3_shuffled_adaptive,0,3,456,50756,1,1,0.9049279689788818,1
E3_shuffled_adaptive,0,3,457,50757,1,1,0.4517805278301239,0
E3_shuffled_adaptive,0,3,497,50959,1,1,0.7337361574172974,1
E3_shuffled_adaptive,0,3,499,50961,1,1,0.5947930812835693,1
E3_shuffled_adaptive,0,3,502,50965,1,1,0.8978151082992554,1
E3_shuffled_adaptive,0,3,507,50970,1,1,0.9049028158187866,1
E3_shuffled_adaptive,0,3,514,50979,1,1,0.7255812287330627,1
E3_shuffled_adaptive,0,3,539,51008,1,1,0.08052503317594528,0
E3_shuffled_adaptive,0,3,562,51033,1,1,0.8448429703712463,1
E3_shuffled_adaptive,0,3,576,51049,2,0,0.0648723691701889,0
E3_shuffled_adaptive,0,3,589,51062,2,0,0.06898042559623718,0
E3_shuffled_adaptive,0,3,605,51079,2,0,0.8214412331581116,1
E3_shuffled_adaptive,0,3,622,51097,2,0,0.07839011400938034,0
E3_shuffled_adaptive,0,3,626,51101,2,0,0.06059488654136658,0
E3_shuffled_adaptive,0,3,640,51117,2,0,0.06256581097841263,0
E3_shuffled_adaptive,0,3,661,51142,2,0,0.06007534638047218,0
E3_shuffled_adaptive,0,3,662,51146,2,0,0.06361425668001175,0
E3_shuffled_adaptive,0,3,669,51153,2,0,0.06036387383937836,0
E3_shuffled_adaptive,0,3,676,51163,1,1,0.33004990220069885,0
E3_shuffled_adaptive,0,3,678,51168,1,1,0.4297243654727936,0
E3_shuffled_adaptive,0,3,686,51180,2,0,0.061074912548065186,0
E3_shuffled_adaptive,0,3,688,51182,2,0,0.06006566435098648,0
E3_shuffled_adaptive,0,3,709,51212,1,1,0.8937221169471741,1
E3_shuffled_adaptive,0,3,710,51214,1,1,0.9066269993782043,1
E3_shuffled_adaptive,0,3,713,51217,1,1,0.06598904728889465,0
E3_shuffled_adaptive,0,3,714,51218,1,1,0.8883577585220337,1
E3_shuffled_adaptive,0,3,716,51220,1,1,0.8905003666877747,1
E3_shuffled_adaptive,0,3,723,51228,1,1,0.906404435634613,1
E3_shuffled_adaptive,0,3,737,51251,2,0,0.5581834316253662,1
E3_shuffled_adaptive,0,3,739,51253,2,0,0.08450143039226532,0
E3_shuffled_adaptive,0,3,745,51261,2,0,0.07248764485120773,0
E3_shuffled_adaptive,0,3,747,51264,2,0,0.07811315357685089,0
E3_shuffled_adaptive,0,3,754,51272,2,0,0.10931603610515594,0
E3_shuffled_adaptive,0,3,755,51273,2,0,0.840311586856842,1
E3_shuffled_adaptive,0,3,756,51275,2,0,0.06068035587668419,0
E3_shuffled_adaptive,0,3,780,51309,2,0,0.9037926197052002,1
E3_shuffled_adaptive,0,3,786,51320,1,1,0.9041563272476196,1
E3_shuffled_adaptive,0,3,791,51326,1,1,0.8607978820800781,1
E3_shuffled_adaptive,0,3,800,51335,2,0,0.08112376928329468,0
E3_shuffled_adaptive,0,3,806,51342,2,0,0.10538628697395325,0
E3_shuffled_adaptive,0,3,819,51360,2,0,0.06824758648872375,0
E3_shuffled_adaptive,0,3,831,51465,1,1,0.906721293926239,1
E3_shuffled_adaptive,0,3,834,51479,2,0,0.060083165764808655,0
E3_shuffled_adaptive,0,3,836,51481,2,0,0.06104390695691109,0
E3_shuffled_adaptive,0,3,842,51493,2,0,0.07413382083177567,0
E3_shuffled_adaptive,0,3,852,51566,2,0,0.07276752591133118,0
E3_shuffled_adaptive,0,3,853,51567,2,0,0.06041605398058891,0
E3_shuffled_adaptive,0,3,857,51572,1,1,0.9042254686355591,1
E3_shuffled_adaptive,0,3,868,51585,1,1,0.9058032035827637,1
E3_shuffled_adaptive,0,4,8,50012,1,1,0.885598361492157,1
E3_shuffled_adaptive,0,4,13,50020,1,1,0.9040316343307495,1
E3_shuffled_adaptive,0,4,17,50025,1,1,0.9043218493461609,1
E3_shuffled_adaptive,0,4,29,50038,2,0,0.09488585591316223,0
E3_shuffled_adaptive,0,4,33,50042,2,0,0.09931454062461853,0
E3_shuffled_adaptive,0,4,43,50052,2,0,0.19151927530765533,0
E3_shuffled_adaptive,0,4,46,50056,1,1,0.9046087861061096,1
E3_shuffled_adaptive,0,4,55,50107,2,0,0.2532084286212921,0
E3_shuffled_adaptive,0,4,56,50109,2,0,0.09821650385856628,0
E3_shuffled_adaptive,0,4,58,50112,2,0,0.09439486265182495,0
E3_shuffled_adaptive,0,4,66,50121,1,1,0.9049577713012695,1
E3_shuffled_adaptive,0,4,72,50129,1,1,0.905036211013794,1
E3_shuffled_adaptive,0,4,88,50153,1,1,0.8992307186126709,1
E3_shuffled_adaptive,0,4,99,50168,2,0,0.09650886058807373,0
E3_shuffled_adaptive,0,4,103,50182,1,1,0.9047233462333679,1
E3_shuffled_adaptive,0,4,106,50186,1,1,0.8926259279251099,1
E3_shuffled_adaptive,0,4,109,50189,1,1,0.902978777885437,1
E3_shuffled_adaptive,0,4,113,50195,2,0,0.09621742367744446,0
E3_shuffled_adaptive,0,4,126,50213,2,0,0.09742721170186996,0
E3_shuffled_adaptive,0,4,135,50239,1,1,0.9043323993682861,1
E3_shuffled_adaptive,0,4,144,50251,1,1,0.5573557019233704,1
E3_shuffled_adaptive,0,4,158,50267,2,0,0.09591136872768402,0
E3_shuffled_adaptive,0,4,172,50287,1,1,0.09801687300205231,0
E3_shuffled_adaptive,0,4,175,50291,1,1,0.4660152494907379,0
E3_shuffled_adaptive,0,4,200,50331,2,0,0.09816161543130875,0
E3_shuffled_adaptive,0,4,211,50342,2,0,0.11373455822467804,0
E3_shuffled_adaptive,0,4,230,50361,2,0,0.09907395392656326,0
E3_shuffled_adaptive,0,4,231,50362,2,0,0.09467845410108566,0
E3_shuffled_adaptive,0,4,236,50367,2,0,0.09486932307481766,0
E3_shuffled_adaptive,0,4,243,50375,2,0,0.09815400838851929,0
E3_shuffled_adaptive,0,4,244,50376,2,0,0.10141733288764954,0
E3_shuffled_adaptive,0,4,263,50406,1,1,0.9033489227294922,1
E3_shuffled_adaptive,0,4,280,50426,2,0,0.09572899341583252,0
E3_shuffled_adaptive,0,4,288,50438,2,0,0.09522350877523422,0
E3_shuffled_adaptive,0,4,306,50470,2,0,0.4355076253414154,0
E3_shuffled_adaptive,0,4,328,50503,1,1,0.9048799276351929,1
E3_shuffled_adaptive,0,4,339,50521,1,1,0.8914348483085632,1
E3_shuffled_adaptive,0,4,341,50524,1,1,0.9021269679069519,1
E3_shuffled_adaptive,0,4,345,50528,1,1,0.9033311009407043,1
E3_shuffled_adaptive,0,4,348,50531,1,1,0.8913093209266663,1
E3_shuffled_adaptive,0,4,351,50552,2,0,0.24019871652126312,0
E3_shuffled_adaptive,0,4,386,50624,1,1,0.9047523140907288,1
E3_shuffled_adaptive,0,4,412,50693,1,1,0.4660993218421936,0
E3_shuffled_adaptive,0,4,416,50697,1,1,0.8977044820785522,1
E3_shuffled_adaptive,0,4,436,50730,2,0,0.10008388757705688,0
E3_shuffled_adaptive,0,4,441,50738,2,0,0.09709678590297699,0
E3_shuffled_adaptive,0,4,445,50742,2,0,0.09431066364049911,0
E3_shuffled_adaptive,0,4,455,50755,1,1,0.9047675132751465,1
E3_shuffled_adaptive,0,4,460,50774,2,0,0.09656801074743271,0
E3_shuffled_adaptive,0,4,461,50775,2,0,0.09429643303155899,0
E3_shuffled_adaptive,0,4,467,50782,2,0,0.09424518793821335,0
E3_shuffled_adaptive,0,4,496,50958,1,1,0.8956478238105774,1
E3_shuffled_adaptive,0,4,498,50960,1,1,0.7928613424301147,1
E3_shuffled_adaptive,0,4,508,50972,1,1,0.9047794342041016,1
E3_shuffled_adaptive,0,4,509,50973,1,1,0.8988463282585144,1
E3_shuffled_adaptive,0,4,510,50974,1,1,0.9049010872840881,1
E3_shuffled_adaptive,0,4,516,50982,1,1,0.11386881023645401,0
E3_shuffled_adaptive,0,4,527,50993,1,1,0.9037322998046875,1
E3_shuffled_adaptive,0,4,551,51020,1,1,0.8848867416381836,1
E3_shuffled_adaptive,0,4,555,51025,1,1,0.9051715135574341,1
E3_shuffled_adaptive,0,4,566,51038,2,0,0.09445150941610336,0
E3_shuffled_adaptive,0,4,577,51050,2,0,0.09477493166923523,0
E3_shuffled_adaptive,0,4,586,51059,2,0,0.10245918482542038,0
E3_shuffled_adaptive,0,4,599,51073,2,0,0.09690892696380615,0
E3_shuffled_adaptive,0,4,606,51080,2,0,0.7356336116790771,1
E3_shuffled_adaptive,0,4,607,51081,2,0,0.09895367920398712,0
E3_shuffled_adaptive,0,4,616,51090,2,0,0.09547258913516998,0
E3_shuffled_adaptive,0,4,619,51094,2,0,0.09907636046409607,0
E3_shuffled_adaptive,0,4,631,51106,2,0,0.09916718304157257,0
E3_shuffled_adaptive,0,4,632,51107,2,0,0.8879517316818237,1
E3_shuffled_adaptive,0,4,657,51138,2,0,0.09904738515615463,0
E3_shuffled_adaptive,0,4,658,51139,2,0,0.09652835130691528,0
E3_shuffled_adaptive,0,4,664,51148,2,0,0.10075006633996964,0
E3_shuffled_adaptive,0,4,665,51149,2,0,0.09489314258098602,0
E3_shuffled_adaptive,0,4,693,51188,2,0,0.09936688840389252,0
E3_shuffled_adaptive,0,4,697,51197,2,0,0.10011012852191925,0
E3_shuffled_adaptive,0,4,698,51198,2,0,0.10185573995113373,0
E3_shuffled_adaptive,0,4,700,51202,1,1,0.9037473201751709,1
E3_shuffled_adaptive,0,4,701,51203,1,1,0.9050580859184265,1
E3_shuffled_adaptive,0,4,703,51205,1,1,0.9037632942199707,1
E3_shuffled_adaptive,0,4,730,51237,1,1,0.9042121171951294,1
E3_shuffled_adaptive,0,4,735,51249,1,1,0.9046040773391724,1
E3_shuffled_adaptive,0,4,767,51295,1,1,0.9051684737205505,1
E3_shuffled_adaptive,0,4,772,51301,1,1,0.40528610348701477,0
E3_shuffled_adaptive,0,4,776,51305,2,0,0.5538679361343384,1
E3_shuffled_adaptive,0,4,845,51558,2,0,0.09492513537406921,0
E3_shuffled_adaptive,0,4,851,51565,2,0,0.13433633744716644,0
E3_shuffled_adaptive,0,5,0,50003,1,1,0.12453234940767288,0
E3_shuffled_adaptive,0,5,6,50010,1,1,0.9174366593360901,1
E3_shuffled_adaptive,0,5,18,50026,1,1,0.8850459456443787,1
E3_shuffled_adaptive,0,5,19,50027,1,1,0.06699938327074051,0
E3_shuffled_adaptive,0,5,50,50102,2,0,0.06677849590778351,0
E3_shuffled_adaptive,0,5,64,50118,1,1,0.9151798486709595,1
E3_shuffled_adaptive,0,5,77,50135,1,1,0.9178998470306396,1
E3_shuffled_adaptive,0,5,78,50142,1,1,0.9154759645462036,1
E3_shuffled_adaptive,0,5,81,50145,1,1,0.0706670954823494,0
E3_shuffled_adaptive,0,5,98,50167,2,0,0.06850434094667435,0
E3_shuffled_adaptive,0,5,112,50194,2,0,0.06686694920063019,0
E3_shuffled_adaptive,0,5,125,50210,2,0,0.06747917830944061,0
E3_shuffled_adaptive,0,5,128,50215,2,0,0.06732317060232162,0
E3_shuffled_adaptive,0,5,142,50249,1,1,0.9165544509887695,1
E3_shuffled_adaptive,0,5,143,50250,1,1,0.0677240863442421,0
E3_shuffled_adaptive,0,5,157,50266,2,0,0.06781713664531708,0
E3_shuffled_adaptive,0,5,161,50270,2,0,0.06773485243320465,0
E3_shuffled_adaptive,0,5,167,50276,1,1,0.9170572757720947,1
E3_shuffled_adaptive,0,5,198,50329,2,0,0.1476861983537674,0
E3_shuffled_adaptive,0,5,205,50336,2,0,0.07375960052013397,0
E3_shuffled_adaptive,0,5,220,50351,2,0,0.07015026360750198,0
E3_shuffled_adaptive,0,5,221,50352,2,0,0.0678139328956604,0
E3_shuffled_adaptive,0,5,226,50357,2,0,0.06945797055959702,0
E3_shuffled_adaptive,0,5,227,50358,2,0,0.5356847047805786,1
E3_shuffled_adaptive,0,5,249,50382,2,0,0.06852325797080994,0
E3_shuffled_adaptive,0,5,250,50383,2,0,0.06682896614074707,0
E3_shuffled_adaptive,0,5,267,50411,1,1,0.9165675640106201,1
E3_shuffled_adaptive,0,5,277,50422,2,0,0.1538776159286499,0
E3_shuffled_adaptive,0,5,305,50469,2,0,0.06678002327680588,0
E3_shuffled_adaptive,0,5,318,50492,1,1,0.9174163341522217,1
E3_shuffled_adaptive,0,5,321,50496,1,1,0.9173694252967834,1
E3_shuffled_adaptive,0,5,336,50518,1,1,0.9179027080535889,1
E3_shuffled_adaptive,0,5,367,50577,2,0,0.06679430603981018,0
E3_shuffled_adaptive,0,5,373,50606,1,1,0.9175602793693542,1
E3_shuffled_adaptive,0,5,383,50621,1,1,0.9148670434951782,1
E3_shuffled_adaptive,0,5,391,50642,1,1,0.9065312743186951,1
E3_shuffled_adaptive,0,5,433,50725,2,0,0.06785532087087631,0
E3_shuffled_adaptive,0,5,469,50786,2,0,0.06919489800930023,0
E3_shuffled_adaptive,0,5,471,50791,1,1,0.694733738899231,1
E3_shuffled_adaptive,0,5,500,50962,1,1,0.8116112351417542,1
E3_shuffled_adaptive,0,5,504,50967,1,1,0.9136226177215576,1
E3_shuffled_adaptive,0,5,529,50995,1,1,0.9144209623336792,1
E3_shuffled_adaptive,0,5,533,51000,1,1,0.9172878265380859,1
E3_shuffled_adaptive,0,5,556,51026,1,1,0.917938232421875,1
E3_shuffled_adaptive,0,5,560,51030,1,1,0.9163828492164612,1
E3_shuffled_adaptive,0,5,567,51039,2,0,0.06678542494773865,0
E3_shuffled_adaptive,0,5,570,51042,2,0,0.06777982413768768,0
E3_shuffled_adaptive,0,5,574,51047,2,0,0.06678295135498047,0
E3_shuffled_adaptive,0,5,597,51070,2,0,0.07816395908594131,0
E3_shuffled_adaptive,0,5,601,51075,2,0,0.07146752625703812,0
E3_shuffled_adaptive,0,5,621,51096,2,0,0.06883763521909714,0
E3_shuffled_adaptive,0,5,624,51099,2,0,0.07014128565788269,0
E3_shuffled_adaptive,0,5,625,51100,2,0,0.06777213513851166,0
E3_shuffled_adaptive,0,5,628,51103,2,0,0.06684181094169617,0
E3_shuffled_adaptive,0,5,643,51123,2,0,0.06688075512647629,0
E3_shuffled_adaptive,0,5,647,51128,2,0,0.06679306924343109,0
E3_shuffled_adaptive,0,5,650,51131,2,0,0.06852636486291885,0
E3_shuffled_adaptive,0,5,654,51135,2,0,0.06673271954059601,0
E3_shuffled_adaptive,0,5,656,51137,2,0,0.0685301199555397,0
E3_shuffled_adaptive,0,5,659,51140,2,0,0.0667039304971695,0
E3_shuffled_adaptive,0,5,671,51155,2,0,0.06728711724281311,0
E3_shuffled_adaptive,0,5,674,51161,1,1,0.9179341197013855,1
E3_shuffled_adaptive,0,5,680,51170,1,1,0.16190296411514282,0
E3_shuffled_adaptive,0,5,702,51204,1,1,0.9152563214302063,1
E3_shuffled_adaptive,0,5,733,51241,1,1,0.9179024696350098,1
E3_shuffled_adaptive,0,5,734,51248,1,1,0.9179075956344604,1
E3_shuffled_adaptive,0,5,741,51255,2,0,0.06748916953802109,0
E3_shuffled_adaptive,0,5,748,51265,2,0,0.06678258627653122,0
E3_shuffled_adaptive,0,5,749,51266,2,0,0.9107851386070251,1
E3_shuffled_adaptive,0,5,757,51276,2,0,0.06678580492734909,0
E3_shuffled_adaptive,0,5,758,51277,2,0,0.06688190251588821,0
E3_shuffled_adaptive,0,5,761,51280,2,0,0.06748542189598083,0
E3_shuffled_adaptive,0,5,764,51292,1,1,0.9154797792434692,1
E3_shuffled_adaptive,0,5,768,51297,1,1,0.9174669981002808,1
E3_shuffled_adaptive,0,5,785,51319,1,1,0.9168659448623657,1
E3_shuffled_adaptive,0,5,789,51323,1,1,0.9168604016304016,1
E3_shuffled_adaptive,0,5,796,51331,1,1,0.9179402589797974,1
E3_shuffled_adaptive,0,5,797,51332,2,0,0.06748507916927338,0
E3_shuffled_adaptive,0,5,804,51340,2,0,0.06907223910093307,0
E3_shuffled_adaptive,0,5,807,51343,2,0,0.06836602836847305,0
E3_shuffled_adaptive,0,5,808,51344,2,0,0.09827092289924622,0
E3_shuffled_adaptive,0,5,814,51351,1,1,0.35855501890182495,0
E3_shuffled_adaptive,0,5,829,51463,1,1,0.7573169469833374,1
E3_shuffled_adaptive,0,5,846,51559,2,0,0.06672157347202301,0
E3_shuffled_adaptive,0,5,864,51580,1,1,0.696437418460846,1
E3_shuffled_adaptive,0,5,867,51584,1,1,0.9172353744506836,1
E3_shuffled_adaptive,0,5,870,51607,1,1,0.7035547494888306,1
E3_shuffled_adaptive,0,6,7,50011,1,1,0.8509336113929749,1
E3_shuffled_adaptive,0,6,12,50016,1,1,0.8523126840591431,1
E3_shuffled_adaptive,0,6,22,50031,2,0,0.0769239068031311,0
E3_shuffled_adaptive,0,6,25,50034,2,0,0.07657172530889511,0
E3_shuffled_adaptive,0,6,28,50037,2,0,0.07992219179868698,0
E3_shuffled_adaptive,0,6,30,50039,2,0,0.6663631200790405,1
E3_shuffled_adaptive,0,6,31,50040,2,0,0.08242876827716827,0
E3_shuffled_adaptive,0,6,38,50047,2,0,0.08685938268899918,0
E3_shuffled_adaptive,0,6,51,50103,2,0,0.23723086714744568,0
E3_shuffled_adaptive,0,6,60,50114,2,0,0.07700672000646591,0
E3_shuffled_adaptive,0,6,68,50124,1,1,0.7949463725090027,1
E3_shuffled_adaptive,0,6,71,50128,1,1,0.8576971888542175,1
E3_shuffled_adaptive,0,6,76,50134,1,1,0.8150328397750854,1
E3_shuffled_adaptive,0,6,102,50171,2,0,0.07669896632432938,0
E3_shuffled_adaptive,0,6,110,50190,1,1,0.7378677725791931,1
E3_shuffled_adaptive,0,6,129,50217,2,0,0.0771312490105629,0
E3_shuffled_adaptive,0,6,137,50241,1,1,0.8473178744316101,1
E3_shuffled_adaptive,0,6,150,50259,2,0,0.08073175698518753,0
E3_shuffled_adaptive,0,6,174,50290,1,1,0.7696724534034729,1
E3_shuffled_adaptive,0,6,176,50292,1,1,0.8530977964401245,1
E3_shuffled_adaptive,0,6,179,50295,1,1,0.853106677532196,1
E3_shuffled_adaptive,0,6,188,50312,1,1,0.7365180850028992,1
E3_shuffled_adaptive,0,6,194,50321,1,1,0.8558081388473511,1
E3_shuffled_adaptive,0,6,209,50340,2,0,0.07768572121858597,0
E3_shuffled_adaptive,0,6,212,50343,2,0,0.3241082727909088,0
E3_shuffled_adaptive,0,6,213,50344,2,0,0.07960700243711472,0
E3_shuffled_adaptive,0,6,215,50346,2,0,0.07692807167768478,0
E3_shuffled_adaptive,0,6,225,50356,2,0,0.07992102950811386,0
E3_shuffled_adaptive,0,6,240,50372,2,0,0.07735335826873779,0
E3_shuffled_adaptive,0,6,247,50380,2,0,0.1395467072725296,0
E3_shuffled_adaptive,0,6,252,50386,2,0,0.07698096334934235,0
E3_shuffled_adaptive,0,6,253,50387,2,0,0.07732658833265305,0
E3_shuffled_adaptive,0,6,255,50390,2,0,0.11020238697528839,0
E3_shuffled_adaptive,0,6,268,50412,1,1,0.8486896753311157,1
E3_shuffled_adaptive,0,6,279,50425,2,0,0.08046503365039825,0
E3_shuffled_adaptive,0,6,281,50427,2,0,0.07711631804704666,0
E3_shuffled_adaptive,0,6,308,50480,1,1,0.8576745986938477,1
E3_shuffled_adaptive,0,6,309,50481,1,1,0.8576484322547913,1
E3_shuffled_adaptive,0,6,315,50488,1,1,0.8555877208709717,1
E3_shuffled_adaptive,0,6,332,50510,1,1,0.8576878309249878,1
E3_shuffled_adaptive,0,6,338,50520,1,1,0.8573113679885864,1
E3_shuffled_adaptive,0,6,342,50525,1,1,0.7624362111091614,1
E3_shuffled_adaptive,0,6,355,50561,2,0,0.07653799653053284,0
E3_shuffled_adaptive,0,6,358,50568,2,0,0.12950624525547028,0
E3_shuffled_adaptive,0,6,361,50571,2,0,0.2810298800468445,0
E3_shuffled_adaptive,0,6,369,50601,1,1,0.11547040194272995,0
E3_shuffled_adaptive,0,6,377,50613,1,1,0.8572235703468323,1
E3_shuffled_adaptive,0,6,389,50627,1,1,0.8391723036766052,1
E3_shuffled_adaptive,0,6,403,50683,2,0,0.07649978995323181,0
E3_shuffled_adaptive,0,6,409,50690,1,1,0.0767660140991211,0
E3_shuffled_adaptive,0,6,413,50694,1,1,0.8522247076034546,1
E3_shuffled_adaptive,0,6,415,50696,1,1,0.852376401424408,1
E3_shuffled_adaptive,0,6,419,50700,1,1,0.8572879433631897,1
E3_shuffled_adaptive,0,6,422,50703,2,0,0.0768563374876976,0
E3_shuffled_adaptive,0,6,437,50731,2,0,0.07686580717563629,0
E3_shuffled_adaptive,0,6,438,50733,2,0,0.07720346003770828,0
E3_shuffled_adaptive,0,6,443,50740,2,0,0.07671010494232178,0
E3_shuffled_adaptive,0,6,447,50744,1,1,0.5786204934120178,1
E3_shuffled_adaptive,0,6,449,50748,1,1,0.6271976828575134,1
E3_shuffled_adaptive,0,6,470,50790,2,0,0.07698243856430054,0
E3_shuffled_adaptive,0,6,488,50822,2,0,0.07648215442895889,0
E3_shuffled_adaptive,0,6,492,50954,1,1,0.07781094312667847,0
E3_shuffled_adaptive,0,6,495,50957,1,1,0.6649122834205627,1
E3_shuffled_adaptive,0,6,505,50968,1,1,0.857554018497467,1
E3_shuffled_adaptive,0,6,517,50983,1,1,0.8126283288002014,1
E3_shuffled_adaptive,0,6,523,50989,1,1,0.8568963408470154,1
E3_shuffled_adaptive,0,6,547,51016,1,1,0.845885694026947,1
E3_shuffled_adaptive,0,6,552,51021,1,1,0.8382976651191711,1
E3_shuffled_adaptive,0,6,580,51053,2,0,0.08598634600639343,0
E3_shuffled_adaptive,0,6,581,51054,2,0,0.08059556037187576,0
E3_shuffled_adaptive,0,6,582,51055,2,0,0.0782451406121254,0
E3_shuffled_adaptive,0,6,600,51074,2,0,0.07656288892030716,0
E3_shuffled_adaptive,0,6,615,51089,2,0,0.08316025882959366,0
E3_shuffled_adaptive,0,6,634,51110,2,0,0.08181246370077133,0
E3_shuffled_adaptive,0,6,663,51147,2,0,0.07849735021591187,0
E3_shuffled_adaptive,0,6,684,51178,1,1,0.8483614325523376,1
E3_shuffled_adaptive,0,6,699,51201,1,1,0.6502501368522644,1
E3_shuffled_adaptive,0,6,708,51211,1,1,0.20920732617378235,0
E3_shuffled_adaptive,0,6,740,51254,2,0,0.07735979557037354,0
E3_shuffled_adaptive,0,6,752,51269,2,0,0.07693085819482803,0
E3_shuffled_adaptive,0,6,760,51279,2,0,0.0779629722237587,0
E3_shuffled_adaptive,0,6,811,51347,2,0,0.07657387852668762,0
E3_shuffled_adaptive,0,6,821,51362,2,0,0.08033298701047897,0
E3_shuffled_adaptive,0,6,833,51477,2,0,0.07698586583137512,0
E3_shuffled_adaptive,0,6,843,51556,2,0,0.08378550410270691,0
E3_shuffled_adaptive,0,6,859,51574,1,1,0.8433088660240173,1
E3_shuffled_adaptive,0,6,861,51577,1,1,0.8336372375488281,1
E3_shuffled_adaptive,0,7,16,50024,1,1,0.8654012680053711,1
E3_shuffled_adaptive,0,7,26,50035,2,0,0.27849987149238586,0
E3_shuffled_adaptive,0,7,40,50049,2,0,0.182335764169693,0
E3_shuffled_adaptive,0,7,54,50106,2,0,0.8182297348976135,1
E3_shuffled_adaptive,0,7,80,50144,1,1,0.8571235537528992,1
E3_shuffled_adaptive,0,7,82,50146,1,1,0.14618819952011108,0
E3_shuffled_adaptive,0,7,90,50157,2,0,0.47185832262039185,0
E3_shuffled_adaptive,0,7,91,50158,2,0,0.1478201299905777,0
E3_shuffled_adaptive,0,7,95,50162,2,0,0.3434225916862488,0
E3_shuffled_adaptive,0,7,104,50183,1,1,0.865134060382843,1
E3_shuffled_adaptive,0,7,153,50262,2,0,0.28559616208076477,0
E3_shuffled_adaptive,0,7,156,50265,2,0,0.2773755192756653,0
E3_shuffled_adaptive,0,7,165,50274,1,1,0.8651654720306396,1
E3_shuffled_adaptive,0,7,166,50275,1,1,0.8603657484054565,1
E3_shuffled_adaptive,0,7,169,50282,1,1,0.780971884727478,1
E3_shuffled_adaptive,0,7,178,50294,1,1,0.8648033738136292,1
E3_shuffled_adaptive,0,7,189,50314,1,1,0.8649699091911316,1
E3_shuffled_adaptive,0,7,190,50315,1,1,0.8651381731033325,1
E3_shuffled_adaptive,0,7,191,50318,1,1,0.3972073793411255,0
E3_shuffled_adaptive,0,7,208,50339,2,0,0.14922310411930084,0
E3_shuffled_adaptive,0,7,214,50345,2,0,0.235911563038826,0
E3_shuffled_adaptive,0,7,224,50355,2,0,0.19691413640975952,0
E3_shuffled_adaptive,0,7,233,50364,2,0,0.3911112844944,0
E3_shuffled_adaptive,0,7,245,50377,2,0,0.14549218118190765,0
E3_shuffled_adaptive,0,7,246,50379,2,0,0.15361426770687103,0
E3_shuffled_adaptive,0,7,251,50385,2,0,0.8477165102958679,1
E3_shuffled_adaptive,0,7,261,50404,1,1,0.8650997877120972,1
E3_shuffled_adaptive,0,7,276,50421,2,0,0.14553041756153107,0
E3_shuffled_adaptive,0,7,285,50435,2,0,0.196894109249115,0
E3_shuffled_adaptive,0,7,289,50439,2,0,0.22850263118743896,0
E3_shuffled_adaptive,0,7,296,50446,2,0,0.22124157845973969,0
E3_shuffled_adaptive,0,7,298,50448,2,0,0.6266821622848511,1
E3_shuffled_adaptive,0,7,304,50468,2,0,0.2946585714817047,0
E3_shuffled_adaptive,0,7,314,50487,1,1,0.8653265237808228,1
E3_shuffled_adaptive,0,7,325,50500,1,1,0.8640258312225342,1
E3_shuffled_adaptive,0,7,350,50551,2,0,0.16447585821151733,0
E3_shuffled_adaptive,0,7,398,50659,2,0,0.6291159987449646,1
E3_shuffled_adaptive,0,7,420,50701,2,0,0.2773682475090027,0
E3_shuffled_adaptive,0,7,423,50704,1,1,0.6479429602622986,1
E3_shuffled_adaptive,0,7,424,50705,1,1,0.7567263841629028,1
E3_shuffled_adaptive,0,7,428,50709,2,0,0.2626369595527649,0
E3_shuffled_adaptive,0,7,452,50751,1,1,0.7944642305374146,1
E3_shuffled_adaptive,0,7,459,50773,2,0,0.14924320578575134,0
E3_shuffled_adaptive,0,7,474,50797,1,1,0.8167183995246887,1
E3_shuffled_adaptive,0,7,479,50803,1,1,0.8171981573104858,1
E3_shuffled_adaptive,0,7,480,50807,1,1,0.8654693961143494,1
E3_shuffled_adaptive,0,7,484,50817,2,0,0.15055909752845764,0
E3_shuffled_adaptive,0,7,485,50818,2,0,0.15582992136478424,0
E3_shuffled_adaptive,0,7,487,50821,2,0,0.14571525156497955,0
E3_shuffled_adaptive,0,7,494,50956,1,1,0.8570355176925659,1
E3_shuffled_adaptive,0,7,512,50977,1,1,0.8655125498771667,1
E3_shuffled_adaptive,0,7,515,50981,1,1,0.8437575697898865,1
E3_shuffled_adaptive,0,7,518,50984,1,1,0.8543736934661865,1
E3_shuffled_adaptive,0,7,520,50986,1,1,0.7483662366867065,1
E3_shuffled_adaptive,0,7,526,50992,1,1,0.8594791889190674,1
E3_shuffled_adaptive,0,7,536,51003,1,1,0.8645135164260864,1
E3_shuffled_adaptive,0,7,540,51009,1,1,0.861906886100769,1
E3_shuffled_adaptive,0,7,545,51014,1,1,0.863085925579071,1
E3_shuffled_adaptive,0,7,578,51051,2,0,0.15685108304023743,0
E3_shuffled_adaptive,0,7,590,51063,2,0,0.1454307585954666,0
E3_shuffled_adaptive,0,7,603,51077,2,0,0.6381756067276001,1
E3_shuffled_adaptive,0,7,617,51091,2,0,0.14553849399089813,0
E3_shuffled_adaptive,0,7,630,51105,2,0,0.1465785950422287,0
E3_shuffled_adaptive,0,7,641,51118,2,0,0.6341394186019897,1
E3_shuffled_adaptive,0,7,644,51124,2,0,0.14993083477020264,0
E3_shuffled_adaptive,0,7,666,51150,2,0,0.14772556722164154,0
E3_shuffled_adaptive,0,7,667,51151,2,0,0.16149964928627014,0
E3_shuffled_adaptive,0,7,672,51156,2,0,0.14878210425376892,0
E3_shuffled_adaptive,0,7,675,51162,1,1,0.8642703890800476,1
E3_shuffled_adaptive,0,7,685,51179,1,1,0.8637563586235046,1
E3_shuffled_adaptive,0,7,706,51208,1,1,0.7701160311698914,1
E3_shuffled_adaptive,0,7,715,51219,1,1,0.8590617179870605,1
E3_shuffled_adaptive,0,7,720,51224,1,1,0.8235697150230408,1
E3_shuffled_adaptive,0,7,725,51230,1,1,0.8655041456222534,1
E3_shuffled_adaptive,0,7,746,51262,2,0,0.24729466438293457,0
E3_shuffled_adaptive,0,7,763,51291,1,1,0.8590280413627625,1
E3_shuffled_adaptive,0,7,775,51304,2,0,0.28023943305015564,0
E3_shuffled_adaptive,0,7,781,51311,2,0,0.14669905602931976,0
E3_shuffled_adaptive,0,7,790,51325,1,1,0.8651562929153442,1
E3_shuffled_adaptive,0,7,792,51327,1,1,0.8655164241790771,1
E3_shuffled_adaptive,0,7,799,51334,2,0,0.18157202005386353,0
E3_shuffled_adaptive,0,7,803,51339,2,0,0.14593112468719482,0
E3_shuffled_adaptive,0,7,837,51482,2,0,0.15328682959079742,0
E3_shuffled_adaptive,0,7,838,51484,2,0,0.42600610852241516,0
E3_shuffled_adaptive,0,7,841,51491,2,0,0.14990490674972534,0
E3_shuffled_adaptive,0,7,860,51576,1,1,0.7698937058448792,1
E3_shuffled_adaptive,0,7,865,51582,1,1,0.8653370141983032,1
E3_shuffled_adaptive,0,8,5,50008,1,1,0.9100061058998108,1
E3_shuffled_adaptive,0,8,9,50013,1,1,0.9083877205848694,1
E3_shuffled_adaptive,0,8,23,50032,2,0,0.08097925782203674,0
E3_shuffled_adaptive,0,8,24,50033,2,0,0.0795159712433815,0
E3_shuffled_adaptive,0,8,73,50130,1,1,0.9102518558502197,1
E3_shuffled_adaptive,0,8,75,50132,1,1,0.9088262319564819,1
E3_shuffled_adaptive,0,8,85,50149,1,1,0.9100329279899597,1
E3_shuffled_adaptive,0,8,105,50184,1,1,0.9105217456817627,1
E3_shuffled_adaptive,0,8,120,50203,2,0,0.07953828573226929,0
E3_shuffled_adaptive,0,8,124,50208,2,0,0.08408383280038834,0
E3_shuffled_adaptive,0,8,134,50237,1,1,0.9099632501602173,1
E3_shuffled_adaptive,0,8,138,50243,1,1,0.9108788967132568,1
E3_shuffled_adaptive,0,8,139,50245,1,1,0.9101959466934204,1
E3_shuffled_adaptive,0,8,155,50264,2,0,0.08022172749042511,0
E3_shuffled_adaptive,0,8,173,50289,1,1,0.46322521567344666,0
E3_shuffled_adaptive,0,8,201,50332,2,0,0.07964365929365158,0
E3_shuffled_adaptive,0,8,216,50347,2,0,0.08065962791442871,0
E3_shuffled_adaptive,0,8,228,50359,2,0,0.09031093865633011,0
E3_shuffled_adaptive,0,8,229,50360,2,0,0.07982294261455536,0
E3_shuffled_adaptive,0,8,235,50366,2,0,0.08308045566082001,0
E3_shuffled_adaptive,0,8,239,50370,2,0,0.08534331619739532,0
E3_shuffled_adaptive,0,8,269,50413,1,1,0.9092272520065308,1
E3_shuffled_adaptive,0,8,272,50416,2,0,0.08119653910398483,0
E3_shuffled_adaptive,0,8,273,50417,2,0,0.081942118704319,0
E3_shuffled_adaptive,0,8,290,50440,2,0,0.41361522674560547,0
E3_shuffled_adaptive,0,8,291,50441,2,0,0.08247587084770203,0
E3_shuffled_adaptive,0,8,299,50449,2,0,0.08062732964754105,0
E3_shuffled_adaptive,0,8,313,50486,1,1,0.9097843170166016,1
E3_shuffled_adaptive,0,8,324,50499,1,1,0.9108619689941406,1
E3_shuffled_adaptive,0,8,330,50507,1,1,0.8321569561958313,1
E3_shuffled_adaptive,0,8,343,50526,1,1,0.9042408466339111,1
E3_shuffled_adaptive,0,8,344,50527,1,1,0.9102125763893127,1
E3_shuffled_adaptive,0,8,362,50572,2,0,0.07948016375303268,0
E3_shuffled_adaptive,0,8,380,50616,1,1,0.9087960124015808,1
E3_shuffled_adaptive,0,8,388,50626,1,1,0.9095900654792786,1
E3_shuffled_adaptive,0,8,400,50665,2,0,0.5388323664665222,1
E3_shuffled_adaptive,0,8,402,50682,2,0,0.08067309111356735,0
E3_shuffled_adaptive,0,8,404,50685,2,0,0.11296425014734268,0
E3_shuffled_adaptive,0,8,421,50702,1,1,0.8965756297111511,1
E3_shuffled_adaptive,0,8,427,50708,1,1,0.9108087420463562,1
E3_shuffled_adaptive,0,8,431,50723,2,0,0.08016308397054672,0
E3_shuffled_adaptive,0,8,463,50777,2,0,0.08348222076892853,0
E3_shuffled_adaptive,0,8,472,50792,1,1,0.9097816348075867,1
E3_shuffled_adaptive,0,8,473,50796,1,1,0.9102605581283569,1
E3_shuffled_adaptive,0,8,477,50800,1,1,0.9108601808547974,1
E3_shuffled_adaptive,0,8,486,50820,2,0,0.08288373798131943,0
E3_shuffled_adaptive,0,8,519,50985,1,1,0.9080239534378052,1
E3_shuffled_adaptive,0,8,521,50987,1,1,0.9100395441055298,1
E3_shuffled_adaptive,0,8,524,50990,1,1,0.9092015624046326,1
E3_shuffled_adaptive,0,8,530,50996,1,1,0.9084874987602234,1
E3_shuffled_adaptive,0,8,538,51007,1,1,0.9107428789138794,1
E3_shuffled_adaptive,0,8,548,51017,1,1,0.9039823412895203,1
E3_shuffled_adaptive,0,8,549,51018,1,1,0.9108489155769348,1
E3_shuffled_adaptive,0,8,554,51024,1,1,0.9108600616455078,1
E3_shuffled_adaptive,0,8,563,51034,1,1,0.9107385873794556,1
E3_shuffled_adaptive,0,8,565,51036,2,0,0.08283539861440659,0
E3_shuffled_adaptive,0,8,573,51046,2,0,0.14447912573814392,0
E3_shuffled_adaptive,0,8,593,51066,2,0,0.08558089286088943,0
E3_shuffled_adaptive,0,8,608,51082,2,0,0.08125553280115128,0
E3_shuffled_adaptive,0,8,613,51087,2,0,0.07987534999847412,0
E3_shuffled_adaptive,0,8,618,51093,2,0,0.08102665096521378,0
E3_shuffled_adaptive,0,8,620,51095,2,0,0.21979443728923798,0
E3_shuffled_adaptive,0,8,635,51111,2,0,0.07950586825609207,0
E3_shuffled_adaptive,0,8,652,51133,2,0,0.8012287020683289,1
E3_shuffled_adaptive,0,8,653,51134,2,0,0.07964035868644714,0
E3_shuffled_adaptive,0,8,668,51152,2,0,0.07988697290420532,0
E3_shuffled_adaptive,0,8,682,51173,1,1,0.9108189344406128,1
E3_shuffled_adaptive,0,8,687,51181,2,0,0.09880562871694565,0
E3_shuffled_adaptive,0,8,717,51221,1,1,0.9082812666893005,1
E3_shuffled_adaptive,0,8,719,51223,1,1,0.9108754396438599,1
E3_shuffled_adaptive,0,8,731,51239,1,1,0.9079968333244324,1
E3_shuffled_adaptive,0,8,743,51257,2,0,0.8912956714630127,1
E3_shuffled_adaptive,0,8,751,51268,2,0,0.07951225340366364,0
E3_shuffled_adaptive,0,8,759,51278,2,0,0.11162126809358597,0
E3_shuffled_adaptive,0,8,770,51299,1,1,0.9106655120849609,1
E3_shuffled_adaptive,0,8,773,51302,1,1,0.9078629612922668,1
E3_shuffled_adaptive,0,8,782,51313,2,0,0.08310159295797348,0
E3_shuffled_adaptive,0,8,809,51345,2,0,0.10874111950397491,0
E3_shuffled_adaptive,0,8,810,51346,2,0,0.08120569586753845,0
E3_shuffled_adaptive,0,8,816,51356,2,0,0.8732063174247742,1
E3_shuffled_adaptive,0,8,826,51370,2,0,0.08122103661298752,0
E3_shuffled_adaptive,0,8,827,51373,2,0,0.079812191426754,0
E3_shuffled_adaptive,0,8,830,51464,1,1,0.9108477234840393,1
E3_shuffled_adaptive,0,8,844,51557,2,0,0.0810234472155571,0
E3_shuffled_adaptive,0,8,849,51563,2,0,0.08066141605377197,0
E3_shuffled_adaptive,0,8,855,51569,2,0,0.09821444749832153,0
E3_shuffled_adaptive,0,8,858,51573,1,1,0.7160773277282715,1
E3_shuffled_adaptive,0,9,1,50004,1,1,0.8869844079017639,1
E3_shuffled_adaptive,0,9,15,50023,1,1,0.8869845271110535,1
E3_shuffled_adaptive,0,9,39,50048,2,0,0.8809525966644287,1
E3_shuffled_adaptive,0,9,47,50057,1,1,0.06804540008306503,0
E3_shuffled_adaptive,0,9,48,50059,2,0,0.1975957304239273,0
E3_shuffled_adaptive,0,9,62,50116,2,0,0.6228448152542114,1
E3_shuffled_adaptive,0,9,89,50156,1,1,0.8863036632537842,1
E3_shuffled_adaptive,0,9,101,50170,2,0,0.1812078058719635,0
E3_shuffled_adaptive,0,9,107,50187,1,1,0.06935802102088928,0
E3_shuffled_adaptive,0,9,121,50204,2,0,0.06727147847414017,0
E3_shuffled_adaptive,0,9,127,50214,2,0,0.06844794005155563,0
E3_shuffled_adaptive,0,9,168,50278,1,1,0.8869917988777161,1
E3_shuffled_adaptive,0,9,193,50320,1,1,0.8870259523391724,1
E3_shuffled_adaptive,0,9,196,50325,1,1,0.06735429167747498,0
E3_shuffled_adaptive,0,9,254,50388,2,0,0.0674503892660141,0
E3_shuffled_adaptive,0,9,259,50402,1,1,0.0672772005200386,0
E3_shuffled_adaptive,0,9,260,50403,1,1,0.07222243398427963,0
E3_shuffled_adaptive,0,9,265,50408,1,1,0.08142112195491791,0
E3_shuffled_adaptive,0,9,295,50445,2,0,0.06683194637298584,0
E3_shuffled_adaptive,0,9,300,50453,2,0,0.6547895073890686,1
E3_shuffled_adaptive,0,9,301,50463,2,0,0.06713727116584778,0
E3_shuffled_adaptive,0,9,311,50483,1,1,0.7068264484405518,1
E3_shuffled_adaptive,0,9,312,50485,1,1,0.06726743280887604,0
E3_shuffled_adaptive,0,9,322,50497,1,1,0.8774652481079102,1
E3_shuffled_adaptive,0,9,331,50509,1,1,0.8868090510368347,1
E3_shuffled_adaptive,0,9,365,50575,2,0,0.6535444259643555,1
E3_shuffled_adaptive,0,9,366,50576,2,0,0.08425386250019073,0
E3_shuffled_adaptive,0,9,375,50608,1,1,0.6046836376190186,1
E3_shuffled_adaptive,0,9,392,50644,1,1,0.8864366412162781,1
E3_shuffled_adaptive,0,9,393,50647,1,1,0.8834325075149536,1
E3_shuffled_adaptive,0,9,395,50649,1,1,0.09326715767383575,0
E3_shuffled_adaptive,0,9,396,50654,1,1,0.4596977233886719,0
E3_shuffled_adaptive,0,9,401,50669,2,0,0.8833733797073364,1
E3_shuffled_adaptive,0,9,418,50699,2,0,0.8684931993484497,1
E3_shuffled_adaptive,0,9,440,50737,2,0,0.06723902374505997,0
E3_shuffled_adaptive,0,9,442,50739,2,0,0.2765194773674011,0
E3_shuffled_adaptive,0,9,448,50745,1,1,0.8841684460639954,1
E3_shuffled_adaptive,0,9,454,50754,1,1,0.8854050636291504,1
E3_shuffled_adaptive,0,9,458,50772,2,0,0.8834123611450195,1
E3_shuffled_adaptive,0,9,464,50778,2,0,0.6895902752876282,1
E3_shuffled_adaptive,0,9,483,50816,2,0,0.06861171871423721,0
E3_shuffled_adaptive,0,9,491,50952,1,1,0.8860166668891907,1
E3_shuffled_adaptive,0,9,503,50966,1,1,0.8808501958847046,1
E3_shuffled_adaptive,0,9,532,50999,1,1,0.8869948387145996,1
E3_shuffled_adaptive,0,9,550,51019,1,1,0.8871297240257263,1
E3_shuffled_adaptive,0,9,561,51032,1,1,0.8858092427253723,1
E3_shuffled_adaptive,0,9,569,51041,2,0,0.0706460177898407,0
E3_shuffled_adaptive,0,9,571,51044,2,0,0.07476859539747238,0
E3_shuffled_adaptive,0,9,575,51048,2,0,0.10869728773832321,0
E3_shuffled_adaptive,0,9,588,51061,2,0,0.07249252498149872,0
E3_shuffled_adaptive,0,9,591,51064,2,0,0.810004472732544,1
E3_shuffled_adaptive,0,9,594,51067,2,0,0.08024688065052032,0
E3_shuffled_adaptive,0,9,598,51072,2,0,0.810391902923584,1
E3_shuffled_adaptive,0,9,602,51076,2,0,0.07481522858142853,0
E3_shuffled_adaptive,0,9,604,51078,2,0,0.07427581399679184,0
E3_shuffled_adaptive,0,9,611,51085,2,0,0.8863083124160767,1
E3_shuffled_adaptive,0,9,614,51088,2,0,0.07520893216133118,0
E3_shuffled_adaptive,0,9,627,51102,2,0,0.06730443239212036,0
E3_shuffled_adaptive,0,9,637,51113,2,0,0.06691905111074448,0
E3_shuffled_adaptive,0,9,638,51114,2,0,0.28321829438209534,0
E3_shuffled_adaptive,0,9,649,51130,2,0,0.8531278371810913,1
E3_shuffled_adaptive,0,9,660,51141,2,0,0.4152277112007141,0
E3_shuffled_adaptive,0,9,679,51169,1,1,0.8651078343391418,1
E3_shuffled_adaptive,0,9,689,51183,2,0,0.13163794577121735,0
E3_shuffled_adaptive,0,9,704,51206,1,1,0.8578298091888428,1
E3_shuffled_adaptive,0,9,707,51210,1,1,0.8771378993988037,1
E3_shuffled_adaptive,0,9,711,51215,1,1,0.09729445725679398,0
E3_shuffled_adaptive,0,9,721,51225,1,1,0.71590256690979,1
E3_shuffled_adaptive,0,9,726,51231,1,1,0.18196040391921997,0
E3_shuffled_adaptive,0,9,729,51236,1,1,0.6306224465370178,1
E3_shuffled_adaptive,0,9,744,51260,2,0,0.07247619330883026,0
E3_shuffled_adaptive,0,9,750,51267,2,0,0.0674479752779007,0
E3_shuffled_adaptive,0,9,777,51306,2,0,0.7384746670722961,1
E3_shuffled_adaptive,0,9,787,51321,1,1,0.884813666343689,1
E3_shuffled_adaptive,0,9,788,51322,1,1,0.8704835772514343,1
E3_shuffled_adaptive,0,9,794,51329,1,1,0.0874958261847496,0
E3_shuffled_adaptive,0,9,802,51338,2,0,0.5518430471420288,1
E3_shuffled_adaptive,0,9,805,51341,2,0,0.20272715389728546,0
E3_shuffled_adaptive,0,9,812,51349,1,1,0.06843426078557968,0
E3_shuffled_adaptive,0,9,818,51359,2,0,0.884882390499115,1
E3_shuffled_adaptive,0,9,822,51363,2,0,0.06714021414518356,0
E3_shuffled_adaptive,0,9,823,51364,2,0,0.5606542229652405,1
E3_shuffled_adaptive,0,9,847,51560,2,0,0.06858868896961212,0
E3_shuffled_adaptive,0,9,848,51562,2,0,0.07128329575061798,0
E3_shuffled_adaptive,0,9,850,51564,2,0,0.06669092178344727,0
E3_shuffled_adaptive,0,9,863,51579,1,1,0.08752913028001785,0
E3_shuffled_adaptive,0,9,866,51583,1,1,0.8848179578781128,1
E3_shuffled_adaptive,0,10,11,50015,1,1,0.9248450398445129,1
E3_shuffled_adaptive,0,10,41,50050,2,0,0.07762309163808823,0
E3_shuffled_adaptive,0,10,44,50053,1,1,0.7924309968948364,1
E3_shuffled_adaptive,0,10,52,50104,2,0,0.08323593437671661,0
E3_shuffled_adaptive,0,10,59,50113,2,0,0.07984062284231186,0
E3_shuffled_adaptive,0,10,65,50119,1,1,0.07798241823911667,0
E3_shuffled_adaptive,0,10,92,50159,2,0,0.9257174134254456,1
E3_shuffled_adaptive,0,10,93,50160,2,0,0.07877189666032791,0
E3_shuffled_adaptive,0,10,94,50161,2,0,0.842612087726593,1
E3_shuffled_adaptive,0,10,108,50188,1,1,0.0787111297249794,0
E3_shuffled_adaptive,0,10,115,50198,2,0,0.07774766534566879,0
E3_shuffled_adaptive,0,10,117,50200,2,0,0.07832455635070801,0
E3_shuffled_adaptive,0,10,118,50201,2,0,0.07759252190589905,0
E3_shuffled_adaptive,0,10,140,50247,1,1,0.9260873794555664,1
E3_shuffled_adaptive,0,10,149,50257,2,0,0.08030979335308075,0
E3_shuffled_adaptive,0,10,177,50293,1,1,0.9267913699150085,1
E3_shuffled_adaptive,0,10,180,50297,1,1,0.28516486287117004,0
E3_shuffled_adaptive,0,10,182,50300,1,1,0.08393839746713638,0
E3_shuffled_adaptive,0,10,185,50304,1,1,0.8897251486778259,1
E3_shuffled_adaptive,0,10,186,50308,1,1,0.8146310448646545,1
E3_shuffled_adaptive,0,10,195,50324,1,1,0.9242692589759827,1
E3_shuffled_adaptive,0,10,199,50330,2,0,0.08304991573095322,0
E3_shuffled_adaptive,0,10,203,50334,2,0,0.5534418821334839,1
E3_shuffled_adaptive,0,10,206,50337,2,0,0.0776030495762825,0
E3_shuffled_adaptive,0,10,219,50350,2,0,0.08133001625537872,0
E3_shuffled_adaptive,0,10,237,50368,2,0,0.07855413854122162,0
E3_shuffled_adaptive,0,10,238,50369,2,0,0.08128595352172852,0
E3_shuffled_adaptive,0,10,242,50374,2,0,0.0776904821395874,0
E3_shuffled_adaptive,0,10,248,50381,2,0,0.07797921448945999,0
E3_shuffled_adaptive,0,10,256,50391,2,0,0.07956419140100479,0
E3_shuffled_adaptive,0,10,274,50418,2,0,0.07762342691421509,0
E3_shuffled_adaptive,0,10,293,50443,2,0,0.48161953687667847,0
E3_shuffled_adaptive,0,10,317,50491,1,1,0.9260239005088806,1
E3_shuffled_adaptive,0,10,320,50494,1,1,0.49548766016960144,0
E3_shuffled_adaptive,0,10,334,50515,1,1,0.9267514944076538,1
E3_shuffled_adaptive,0,10,340,50523,1,1,0.9267477989196777,1
E3_shuffled_adaptive,0,10,347,50530,1,1,0.9259999990463257,1
E3_shuffled_adaptive,0,10,354,50558,2,0,0.08121751248836517,0
E3_shuffled_adaptive,0,10,356,50563,2,0,0.07819148898124695,0
E3_shuffled_adaptive,0,10,359,50569,2,0,0.11134834587574005,0
E3_shuffled_adaptive,0,10,374,50607,1,1,0.07764959335327148,0
E3_shuffled_adaptive,0,10,376,50612,1,1,0.07826364785432816,0
E3_shuffled_adaptive,0,10,378,50614,1,1,0.9236883521080017,1
E3_shuffled_adaptive,0,10,382,50620,1,1,0.08295281231403351,0
E3_shuffled_adaptive,0,10,384,50622,1,1,0.8855043649673462,1
E3_shuffled_adaptive,0,10,387,50625,1,1,0.0788637325167656,0
E3_shuffled_adaptive,0,10,406,50687,2,0,0.7696655988693237,1
E3_shuffled_adaptive,0,10,414,50695,1,1,0.11535833030939102,0
E3_shuffled_adaptive,0,10,429,50711,1,1,0.07820064574480057,0
E3_shuffled_adaptive,0,10,432,50724,2,0,0.07836363464593887,0
E3_shuffled_adaptive,0,10,466,50781,2,0,0.739631175994873,1
E3_shuffled_adaptive,0,10,468,50783,2,0,0.07758216559886932,0
E3_shuffled_adaptive,0,10,482,50814,2,0,0.07768411189317703,0
E3_shuffled_adaptive,0,10,493,50955,1,1,0.07759925723075867,0
E3_shuffled_adaptive,0,10,501,50964,1,1,0.5267292857170105,1
E3_shuffled_adaptive,0,10,506,50969,1,1,0.9269042015075684,1
E3_shuffled_adaptive,0,10,531,50997,1,1,0.9261939525604248,1
E3_shuffled_adaptive,0,10,534,51001,1,1,0.9257448315620422,1
E3_shuffled_adaptive,0,10,542,51011,1,1,0.9252800345420837,1
E3_shuffled_adaptive,0,10,564,51035,1,1,0.8883271813392639,1
E3_shuffled_adaptive,0,10,583,51056,2,0,0.07984357327222824,0
E3_shuffled_adaptive,0,10,587,51060,2,0,0.5145869255065918,1
E3_shuffled_adaptive,0,10,595,51068,2,0,0.9190475940704346,1
E3_shuffled_adaptive,0,10,609,51083,2,0,0.9264864325523376,1
E3_shuffled_adaptive,0,10,610,51084,2,0,0.9267794489860535,1
E3_shuffled_adaptive,0,10,623,51098,2,0,0.08328039944171906,0
E3_shuffled_adaptive,0,10,639,51116,2,0,0.08506608009338379,0
E3_shuffled_adaptive,0,10,673,51159,2,0,0.9265639781951904,1
E3_shuffled_adaptive,0,10,677,51164,1,1,0.9267445206642151,1
E3_shuffled_adaptive,0,10,694,51189,2,0,0.07761328667402267,0
E3_shuffled_adaptive,0,10,705,51207,1,1,0.9258502721786499,1
E3_shuffled_adaptive,0,10,712,51216,1,1,0.07776383310556412,0
E3_shuffled_adaptive,0,10,724,51229,1,1,0.9227038621902466,1
E3_shuffled_adaptive,0,10,736,51250,2,0,0.07770026475191116,0
E3_shuffled_adaptive,0,10,738,51252,2,0,0.9257322549819946,1
E3_shuffled_adaptive,0,10,769,51298,1,1,0.9257488250732422,1
E3_shuffled_adaptive,0,10,771,51300,1,1,0.9268580675125122,1
E3_shuffled_adaptive,0,10,774,51303,2,0,0.0809590294957161,0
E3_shuffled_adaptive,0,10,778,51307,2,0,0.9266961216926575,1
E3_shuffled_adaptive,0,10,783,51315,2,0,0.914298951625824,1
E3_shuffled_adaptive,0,10,784,51318,1,1,0.8953015208244324,1
E3_shuffled_adaptive,0,10,801,51336,2,0,0.07950665801763535,0
E3_shuffled_adaptive,0,10,813,51350,1,1,0.9181427955627441,1
E3_shuffled_adaptive,0,10,815,51354,1,1,0.8196575045585632,1
E3_shuffled_adaptive,0,10,817,51357,2,0,0.0793643370270729,0
E3_shuffled_adaptive,0,10,835,51480,2,0,0.07837379723787308,0
E3_shuffled_adaptive,0,10,856,51570,2,0,0.2923942804336548,0
E3_shuffled_adaptive,1,1,8,50012,1,1,0.9295581579208374,1
E3_shuffled_adaptive,1,1,17,50025,1,1,0.923869252204895,1
E3_shuffled_adaptive,1,1,26,50035,2,0,0.085677869617939,0
E3_shuffled_adaptive,1,1,30,50039,2,0,0.8650520443916321,1
E3_shuffled_adaptive,1,1,31,50040,2,0,0.06979512423276901,0
E3_shuffled_adaptive,1,1,33,50042,2,0,0.06606663763523102,0
E3_shuffled_adaptive,1,1,40,50049,2,0,0.06203407049179077,0
E3_shuffled_adaptive,1,1,64,50118,1,1,0.9281252026557922,1
E3_shuffled_adaptive,1,1,71,50128,1,1,0.9282242655754089,1
E3_shuffled_adaptive,1,1,74,50131,1,1,0.9257118105888367,1
E3_shuffled_adaptive,1,1,90,50157,2,0,0.06322990357875824,0
E3_shuffled_adaptive,1,1,109,50189,1,1,0.9293820261955261,1
E3_shuffled_adaptive,1,1,115,50198,2,0,0.2023431658744812,0
E3_shuffled_adaptive,1,1,119,50202,2,0,0.10406126827001572,0
E3_shuffled_adaptive,1,1,148,50255,1,1,0.929619550704956,1
E3_shuffled_adaptive,1,1,170,50284,1,1,0.3429405093193054,0
E3_shuffled_adaptive,1,1,172,50287,1,1,0.5555930137634277,1
E3_shuffled_adaptive,1,1,192,50319,1,1,0.9296945929527283,1
E3_shuffled_adaptive,1,1,204,50335,2,0,0.06200924515724182,0
E3_shuffled_adaptive,1,1,221,50352,2,0,0.2511003613471985,0
E3_shuffled_adaptive,1,1,230,50361,2,0,0.06412205845117569,0
E3_shuffled_adaptive,1,1,241,50373,2,0,0.19805830717086792,0
E3_shuffled_adaptive,1,1,269,50413,1,1,0.9294344782829285,1
E3_shuffled_adaptive,1,1,273,50417,2,0,0.06312179565429688,0
E3_shuffled_adaptive,1,1,283,50433,2,0,0.06776122748851776,0
E3_shuffled_adaptive,1,1,288,50438,2,0,0.06546241790056229,0
E3_shuffled_adaptive,1,1,289,50439,2,0,0.06265316158533096,0
E3_shuffled_adaptive,1,1,303,50467,2,0,0.06534603238105774,0
E3_shuffled_adaptive,1,1,313,50486,1,1,0.9296547174453735,1
E3_shuffled_adaptive,1,1,326,50501,1,1,0.9274871349334717,1
E3_shuffled_adaptive,1,1,333,50514,1,1,0.9274921417236328,1
E3_shuffled_adaptive,1,1,335,50516,1,1,0.9195240139961243,1
E3_shuffled_adaptive,1,1,337,50519,1,1,0.9275302886962891,1
E3_shuffled_adaptive,1,1,343,50526,1,1,0.899130642414093,1
E3_shuffled_adaptive,1,1,383,50621,1,1,0.9274571537971497,1
E3_shuffled_adaptive,1,1,390,50628,1,1,0.9284203052520752,1
E3_shuffled_adaptive,1,1,410,50691,2,0,0.06365484744310379,0
E3_shuffled_adaptive,1,1,416,50697,1,1,0.9275426268577576,1
E3_shuffled_adaptive,1,1,422,50703,2,0,0.06398670375347137,0
E3_shuffled_adaptive,1,1,425,50706,2,0,0.08175446838140488,0
E3_shuffled_adaptive,1,1,429,50711,1,1,0.18690241873264313,0
E3_shuffled_adaptive,1,1,431,50723,2,0,0.06425096094608307,0
E3_shuffled_adaptive,1,1,435,50728,2,0,0.21378925442695618,0
E3_shuffled_adaptive,1,1,441,50738,2,0,0.0720190703868866,0
E3_shuffled_adaptive,1,1,446,50743,1,1,0.9291425347328186,1
E3_shuffled_adaptive,1,1,449,50748,1,1,0.9294745326042175,1
E3_shuffled_adaptive,1,1,455,50755,1,1,0.9270550012588501,1
E3_shuffled_adaptive,1,1,457,50757,1,1,0.26839616894721985,0
E3_shuffled_adaptive,1,1,501,50964,1,1,0.9239190220832825,1
E3_shuffled_adaptive,1,1,502,50965,1,1,0.9297202825546265,1
E3_shuffled_adaptive,1,1,511,50976,1,1,0.9295442700386047,1
E3_shuffled_adaptive,1,1,553,51023,1,1,0.9258950352668762,1
E3_shuffled_adaptive,1,1,560,51030,1,1,0.9259912967681885,1
E3_shuffled_adaptive,1,1,562,51033,1,1,0.9236721992492676,1
E3_shuffled_adaptive,1,1,566,51038,2,0,0.06974061578512192,0
E3_shuffled_adaptive,1,1,584,51057,2,0,0.07470065355300903,0
E3_shuffled_adaptive,1,1,597,51070,2,0,0.08063051849603653,0
E3_shuffled_adaptive,1,1,599,51073,2,0,0.06837235391139984,0
E3_shuffled_adaptive,1,1,610,51084,2,0,0.9260620474815369,1
E3_shuffled_adaptive,1,1,615,51089,2,0,0.0697297528386116,0
E3_shuffled_adaptive,1,1,630,51105,2,0,0.06528293341398239,0
E3_shuffled_adaptive,1,1,633,51109,2,0,0.0672442615032196,0
E3_shuffled_adaptive,1,1,636,51112,2,0,0.07055206596851349,0
E3_shuffled_adaptive,1,1,654,51135,2,0,0.06211552768945694,0
E3_shuffled_adaptive,1,1,680,51170,1,1,0.8472827672958374,1
E3_shuffled_adaptive,1,1,686,51180,2,0,0.2378971427679062,0
E3_shuffled_adaptive,1,1,691,51185,2,0,0.6696476340293884,1
E3_shuffled_adaptive,1,1,696,51194,2,0,0.8548146486282349,1
E3_shuffled_adaptive,1,1,697,51197,2,0,0.11809273809194565,0
E3_shuffled_adaptive,1,1,726,51231,1,1,0.1867814064025879,0
E3_shuffled_adaptive,1,1,729,51236,1,1,0.6699250936508179,1
E3_shuffled_adaptive,1,1,734,51248,1,1,0.9285176396369934,1
E3_shuffled_adaptive,1,1,744,51260,2,0,0.06205367296934128,0
E3_shuffled_adaptive,1,1,753,51271,2,0,0.06451863795518875,0
E3_shuffled_adaptive,1,1,754,51272,2,0,0.08206497877836227,0
E3_shuffled_adaptive,1,1,755,51273,2,0,0.7704558968544006,1
E3_shuffled_adaptive,1,1,757,51276,2,0,0.06292778253555298,0
E3_shuffled_adaptive,1,1,765,51293,1,1,0.9275113940238953,1
E3_shuffled_adaptive,1,1,769,51298,1,1,0.9284342527389526,1
E3_shuffled_adaptive,1,1,787,51321,1,1,0.13188473880290985,0
E3_shuffled_adaptive,1,1,789,51323,1,1,0.9296861290931702,1
E3_shuffled_adaptive,1,1,792,51327,1,1,0.9260105490684509,1
E3_shuffled_adaptive,1,1,804,51340,2,0,0.06303104013204575,0
E3_shuffled_adaptive,1,1,836,51481,2,0,0.0621524453163147,0
E3_shuffled_adaptive,1,1,841,51491,2,0,0.06605371087789536,0
E3_shuffled_adaptive,1,1,842,51493,2,0,0.06203571334481239,0
E3_shuffled_adaptive,1,1,856,51570,2,0,0.06685800850391388,0
E3_shuffled_adaptive,1,1,870,51607,1,1,0.6404188275337219,1
E3_shuffled_adaptive,1,2,1,50004,1,1,0.8875775337219238,1
E3_shuffled_adaptive,1,2,13,50020,1,1,0.8857320547103882,1
E3_shuffled_adaptive,1,2,23,50032,2,0,0.11167825758457184,0
E3_shuffled_adaptive,1,2,34,50043,2,0,0.12422484159469604,0
E3_shuffled_adaptive,1,2,41,50050,2,0,0.11185549199581146,0
E3_shuffled_adaptive,1,2,45,50054,2,0,0.8561349511146545,1
E3_shuffled_adaptive,1,2,53,50105,2,0,0.1213463619351387,0
E3_shuffled_adaptive,1,2,59,50113,2,0,0.1131930872797966,0
E3_shuffled_adaptive,1,2,69,50125,1,1,0.8864852786064148,1
E3_shuffled_adaptive,1,2,80,50144,1,1,0.8858646154403687,1
E3_shuffled_adaptive,1,2,84,50148,1,1,0.8881569504737854,1
E3_shuffled_adaptive,1,2,105,50184,1,1,0.8871185183525085,1
E3_shuffled_adaptive,1,2,144,50251,1,1,0.13544411957263947,0
E3_shuffled_adaptive,1,2,160,50269,2,0,0.13017432391643524,0
E3_shuffled_adaptive,1,2,165,50274,1,1,0.8406409025192261,1
E3_shuffled_adaptive,1,2,174,50290,1,1,0.8874931335449219,1
E3_shuffled_adaptive,1,2,195,50324,1,1,0.8878728747367859,1
E3_shuffled_adaptive,1,2,201,50332,2,0,0.11128727346658707,0
E3_shuffled_adaptive,1,2,209,50340,2,0,0.11143218725919724,0
E3_shuffled_adaptive,1,2,213,50344,2,0,0.11166896671056747,0
E3_shuffled_adaptive,1,2,215,50346,2,0,0.11178825795650482,0
E3_shuffled_adaptive,1,2,217,50348,2,0,0.4086252748966217,0
E3_shuffled_adaptive,1,2,218,50349,2,0,0.1139533519744873,0
E3_shuffled_adaptive,1,2,222,50353,2,0,0.13550782203674316,0
E3_shuffled_adaptive,1,2,224,50355,2,0,0.124138742685318,0
E3_shuffled_adaptive,1,2,242,50374,2,0,0.122194305062294,0
E3_shuffled_adaptive,1,2,253,50387,2,0,0.1122455820441246,0
E3_shuffled_adaptive,1,2,256,50391,2,0,0.12075786292552948,0
E3_shuffled_adaptive,1,2,277,50422,2,0,0.6625165939331055,1
E3_shuffled_adaptive,1,2,284,50434,2,0,0.11243601888418198,0
E3_shuffled_adaptive,1,2,305,50469,2,0,0.1115381121635437,0
E3_shuffled_adaptive,1,2,311,50483,1,1,0.8746814727783203,1
E3_shuffled_adaptive,1,2,331,50509,1,1,0.8877314925193787,1
E3_shuffled_adaptive,1,2,342,50525,1,1,0.8738582730293274,1
E3_shuffled_adaptive,1,2,356,50563,2,0,0.11130768060684204,0
E3_shuffled_adaptive,1,2,370,50602,1,1,0.8616973161697388,1
E3_shuffled_adaptive,1,2,394,50648,1,1,0.6892406344413757,1
E3_shuffled_adaptive,1,2,401,50669,2,0,0.8827803730964661,1
E3_shuffled_adaptive,1,2,413,50694,1,1,0.8855318427085876,1
E3_shuffled_adaptive,1,2,438,50733,2,0,0.11229031533002853,0
E3_shuffled_adaptive,1,2,445,50742,2,0,0.11261448264122009,0
E3_shuffled_adaptive,1,2,447,50744,1,1,0.8858429789543152,1
E3_shuffled_adaptive,1,2,451,50750,1,1,0.8873584866523743,1
E3_shuffled_adaptive,1,2,460,50774,2,0,0.11189286410808563,0
E3_shuffled_adaptive,1,2,472,50792,1,1,0.8870939016342163,1
E3_shuffled_adaptive,1,2,475,50798,1,1,0.11243239790201187,0
E3_shuffled_adaptive,1,2,477,50800,1,1,0.8767156600952148,1
E3_shuffled_adaptive,1,2,492,50954,1,1,0.7731279730796814,1
E3_shuffled_adaptive,1,2,496,50958,1,1,0.8811582326889038,1
E3_shuffled_adaptive,1,2,505,50968,1,1,0.8878418803215027,1
E3_shuffled_adaptive,1,2,506,50969,1,1,0.8617808818817139,1
E3_shuffled_adaptive,1,2,524,50990,1,1,0.8873792290687561,1
E3_shuffled_adaptive,1,2,535,51002,1,1,0.8776341676712036,1
E3_shuffled_adaptive,1,2,545,51014,1,1,0.888077974319458,1
E3_shuffled_adaptive,1,2,558,51028,1,1,0.8859111070632935,1
E3_shuffled_adaptive,1,2,564,51035,1,1,0.868830144405365,1
E3_shuffled_adaptive,1,2,571,51044,2,0,0.11311695724725723,0
E3_shuffled_adaptive,1,2,574,51047,2,0,0.11142870783805847,0
E3_shuffled_adaptive,1,2,580,51053,2,0,0.11718443036079407,0
E3_shuffled_adaptive,1,2,585,51058,2,0,0.11489757895469666,0
E3_shuffled_adaptive,1,2,588,51061,2,0,0.11311406642198563,0
E3_shuffled_adaptive,1,2,600,51074,2,0,0.29237449169158936,0
E3_shuffled_adaptive,1,2,603,51077,2,0,0.15146923065185547,0
E3_shuffled_adaptive,1,2,617,51091,2,0,0.11215495318174362,0
E3_shuffled_adaptive,1,2,646,51127,2,0,0.1735285222530365,0
E3_shuffled_adaptive,1,2,648,51129,2,0,0.11206712573766708,0
E3_shuffled_adaptive,1,2,650,51131,2,0,0.11513598263263702,0
E3_shuffled_adaptive,1,2,651,51132,2,0,0.11133061349391937,0
E3_shuffled_adaptive,1,2,655,51136,2,0,0.366190642118454,0
E3_shuffled_adaptive,1,2,662,51146,2,0,0.11159346252679825,0
E3_shuffled_adaptive,1,2,664,51148,2,0,0.11482424288988113,0
E3_shuffled_adaptive,1,2,668,51152,2,0,0.11374600231647491,0
E3_shuffled_adaptive,1,2,675,51162,1,1,0.887834370136261,1
E3_shuffled_adaptive,1,2,681,51171,1,1,0.8881300091743469,1
E3_shuffled_adaptive,1,2,689,51183,2,0,0.13348978757858276,0
E3_shuffled_adaptive,1,2,703,51205,1,1,0.8859311938285828,1
E3_shuffled_adaptive,1,2,728,51235,1,1,0.8881400227546692,1
E3_shuffled_adaptive,1,2,735,51249,1,1,0.8878344297409058,1
E3_shuffled_adaptive,1,2,751,51268,2,0,0.11128982156515121,0
E3_shuffled_adaptive,1,2,763,51291,1,1,0.8877947926521301,1
E3_shuffled_adaptive,1,2,767,51295,1,1,0.8873463869094849,1
E3_shuffled_adaptive,1,2,813,51350,1,1,0.8752281069755554,1
E3_shuffled_adaptive,1,2,814,51351,1,1,0.8342245221138,1
E3_shuffled_adaptive,1,2,826,51370,2,0,0.11215217411518097,0
E3_shuffled_adaptive,1,2,835,51480,2,0,0.11435773968696594,0
E3_shuffled_adaptive,1,2,859,51574,1,1,0.8870628476142883,1
E3_shuffled_adaptive,1,2,867,51584,1,1,0.874050498008728,1
E3_shuffled_adaptive,1,3,3,50006,1,1,0.7876847982406616,1
E3_shuffled_adaptive,1,3,15,50023,1,1,0.5574340224266052,1
E3_shuffled_adaptive,1,3,25,50034,2,0,0.19509297609329224,0
E3_shuffled_adaptive,1,3,39,50048,2,0,0.7859084606170654,1
E3_shuffled_adaptive,1,3,68,50124,1,1,0.787926971912384,1
E3_shuffled_adaptive,1,3,75,50132,1,1,0.6589324474334717,1
E3_shuffled_adaptive,1,3,88,50153,1,1,0.25382763147354126,0
E3_shuffled_adaptive,1,3,100,50169,2,0,0.19486373662948608,0
E3_shuffled_adaptive,1,3,107,50187,1,1,0.1997755765914917,0
E3_shuffled_adaptive,1,3,111,50193,2,0,0.19791150093078613,0
E3_shuffled_adaptive,1,3,122,50205,2,0,0.1975126713514328,0
E3_shuffled_adaptive,1,3,138,50243,1,1,0.5493884682655334,1
E3_shuffled_adaptive,1,3,147,50254,1,1,0.7858394384384155,1
E3_shuffled_adaptive,1,3,159,50268,2,0,0.19498667120933533,0
E3_shuffled_adaptive,1,3,173,50289,1,1,0.2304157018661499,0
E3_shuffled_adaptive,1,3,186,50308,1,1,0.6788808107376099,1
E3_shuffled_adaptive,1,3,189,50314,1,1,0.786334753036499,1
E3_shuffled_adaptive,1,3,193,50320,1,1,0.7885578274726868,1
E3_shuffled_adaptive,1,3,199,50330,2,0,0.19675689935684204,0
E3_shuffled_adaptive,1,3,203,50334,2,0,0.7441296577453613,1
E3_shuffled_adaptive,1,3,206,50337,2,0,0.19939616322517395,0
E3_shuffled_adaptive,1,3,232,50363,2,0,0.2281319946050644,0
E3_shuffled_adaptive,1,3,233,50364,2,0,0.35478246212005615,0
E3_shuffled_adaptive,1,3,236,50367,2,0,0.19473011791706085,0
E3_shuffled_adaptive,1,3,248,50381,2,0,0.20091751217842102,0
E3_shuffled_adaptive,1,3,252,50386,2,0,0.19473063945770264,0
E3_shuffled_adaptive,1,3,255,50390,2,0,0.1956452876329422,0
E3_shuffled_adaptive,1,3,259,50402,1,1,0.1948683261871338,0
E3_shuffled_adaptive,1,3,261,50404,1,1,0.788351833820343,1
E3_shuffled_adaptive,1,3,264,50407,1,1,0.7801571488380432,1
E3_shuffled_adaptive,1,3,282,50428,2,0,0.19664247334003448,0
E3_shuffled_adaptive,1,3,291,50441,2,0,0.19650821387767792,0
E3_shuffled_adaptive,1,3,296,50446,2,0,0.1948680430650711,0
E3_shuffled_adaptive,1,3,301,50463,2,0,0.19476357102394104,0
E3_shuffled_adaptive,1,3,312,50485,1,1,0.19698289036750793,0
E3_shuffled_adaptive,1,3,322,50497,1,1,0.7738930583000183,1
E3_shuffled_adaptive,1,3,330,50507,1,1,0.3776496946811676,0
E3_shuffled_adaptive,1,3,332,50510,1,1,0.7825835943222046,1
E3_shuffled_adaptive,1,3,338,50520,1,1,0.7492851614952087,1
E3_shuffled_adaptive,1,3,362,50572,2,0,0.19473278522491455,0
E3_shuffled_adaptive,1,3,364,50574,2,0,0.3669625222682953,0
E3_shuffled_adaptive,1,3,368,50578,2,0,0.7876366376876831,1
E3_shuffled_adaptive,1,3,382,50620,1,1,0.1982741355895996,0
E3_shuffled_adaptive,1,3,384,50622,1,1,0.7885115742683411,1
E3_shuffled_adaptive,1,3,398,50659,2,0,0.5008169412612915,1
E3_shuffled_adaptive,1,3,403,50683,2,0,0.19477450847625732,0
E3_shuffled_adaptive,1,3,408,50689,1,1,0.7876875996589661,1
E3_shuffled_adaptive,1,3,415,50696,1,1,0.7582582235336304,1
E3_shuffled_adaptive,1,3,421,50702,1,1,0.202499121427536,0
E3_shuffled_adaptive,1,3,433,50725,2,0,0.19486583769321442,0
E3_shuffled_adaptive,1,3,436,50730,2,0,0.195578470826149,0
E3_shuffled_adaptive,1,3,439,50735,2,0,0.19479425251483917,0
E3_shuffled_adaptive,1,3,469,50786,2,0,0.19669580459594727,0
E3_shuffled_adaptive,1,3,497,50959,1,1,0.23334769904613495,0
E3_shuffled_adaptive,1,3,503,50966,1,1,0.19478771090507507,0
E3_shuffled_adaptive,1,3,517,50983,1,1,0.3583299517631531,0
E3_shuffled_adaptive,1,3,529,50995,1,1,0.7880058288574219,1
E3_shuffled_adaptive,1,3,530,50996,1,1,0.6448345184326172,1
E3_shuffled_adaptive,1,3,531,50997,1,1,0.5574343800544739,1
E3_shuffled_adaptive,1,3,541,51010,1,1,0.30344295501708984,0
E3_shuffled_adaptive,1,3,546,51015,1,1,0.19550703465938568,0
E3_shuffled_adaptive,1,3,555,51025,1,1,0.6173449754714966,1
E3_shuffled_adaptive,1,3,572,51045,2,0,0.1998508870601654,0
E3_shuffled_adaptive,1,3,577,51050,2,0,0.19487401843070984,0
E3_shuffled_adaptive,1,3,592,51065,2,0,0.1958034783601761,0
E3_shuffled_adaptive,1,3,607,51081,2,0,0.1974865198135376,0
E3_shuffled_adaptive,1,3,608,51082,2,0,0.19785727560520172,0
E3_shuffled_adaptive,1,3,613,51087,2,0,0.1956569105386734,0
E3_shuffled_adaptive,1,3,637,51113,2,0,0.19728031754493713,0
E3_shuffled_adaptive,1,3,639,51116,2,0,0.20184242725372314,0
E3_shuffled_adaptive,1,3,645,51126,2,0,0.1991352140903473,0
E3_shuffled_adaptive,1,3,661,51142,2,0,0.19676804542541504,0
E3_shuffled_adaptive,1,3,706,51208,1,1,0.20006655156612396,0
E3_shuffled_adaptive,1,3,714,51218,1,1,0.7760351896286011,1
E3_shuffled_adaptive,1,3,722,51226,1,1,0.19554412364959717,0
E3_shuffled_adaptive,1,3,731,51239,1,1,0.7726404070854187,1
E3_shuffled_adaptive,1,3,741,51255,2,0,0.19535909593105316,0
E3_shuffled_adaptive,1,3,752,51269,2,0,0.19827532768249512,0
E3_shuffled_adaptive,1,3,761,51280,2,0,0.1976933628320694,0
E3_shuffled_adaptive,1,3,770,51299,1,1,0.7873325943946838,1
E3_shuffled_adaptive,1,3,771,51300,1,1,0.783586323261261,1
E3_shuffled_adaptive,1,3,776,51305,2,0,0.37689265608787537,0
E3_shuffled_adaptive,1,3,794,51329,1,1,0.3547655940055847,0
E3_shuffled_adaptive,1,3,803,51339,2,0,0.19514447450637817,0
E3_shuffled_adaptive,1,3,806,51342,2,0,0.19537584483623505,0
E3_shuffled_adaptive,1,3,838,51484,2,0,0.2247195988893509,0
E3_shuffled_adaptive,1,3,855,51569,2,0,0.6672554612159729,1
E3_shuffled_adaptive,1,4,4,50007,1,1,0.4160514771938324,0
E3_shuffled_adaptive,1,4,32,50041,2,0,0.2710692882537842,0
E3_shuffled_adaptive,1,4,46,50056,1,1,0.6300483345985413,1
E3_shuffled_adaptive,1,4,57,50111,2,0,0.29392850399017334,0
E3_shuffled_adaptive,1,4,60,50114,2,0,0.27408450841903687,0
E3_shuffled_adaptive,1,4,87,50152,1,1,0.6764216423034668,1
E3_shuffled_adaptive,1,4,94,50161,2,0,0.2913411557674408,0
E3_shuffled_adaptive,1,4,120,50203,2,0,0.2701924741268158,0
E3_shuffled_adaptive,1,4,135,50239,1,1,0.3072649836540222,0
E3_shuffled_adaptive,1,4,149,50257,2,0,0.2980738580226898,0
E3_shuffled_adaptive,1,4,153,50262,2,0,0.2922171354293823,0
E3_shuffled_adaptive,1,4,154,50263,2,0,0.27012184262275696,0
E3_shuffled_adaptive,1,4,166,50275,1,1,0.6110212802886963,1
E3_shuffled_adaptive,1,4,179,50295,1,1,0.6806619167327881,1
E3_shuffled_adaptive,1,4,210,50341,2,0,0.2702905535697937,0
E3_shuffled_adaptive,1,4,216,50347,2,0,0.27603375911712646,0
E3_shuffled_adaptive,1,4,226,50357,2,0,0.27224108576774597,0
E3_shuffled_adaptive,1,4,258,50399,1,1,0.5416646003723145,1
E3_shuffled_adaptive,1,4,272,50416,2,0,0.2706664204597473,0
E3_shuffled_adaptive,1,4,295,50445,2,0,0.27443385124206543,0
E3_shuffled_adaptive,1,4,316,50490,1,1,0.6244938373565674,1
E3_shuffled_adaptive,1,4,323,50498,1,1,0.7334964871406555,1
E3_shuffled_adaptive,1,4,324,50499,1,1,0.5879831910133362,1
E3_shuffled_adaptive,1,4,328,50503,1,1,0.6404916048049927,1
E3_shuffled_adaptive,1,4,329,50504,1,1,0.7559308409690857,1
E3_shuffled_adaptive,1,4,344,50527,1,1,0.3389691412448883,0
E3_shuffled_adaptive,1,4,349,50532,1,1,0.74594646692276,1
E3_shuffled_adaptive,1,4,350,50551,2,0,0.2758210301399231,0
E3_shuffled_adaptive,1,4,359,50569,2,0,0.31685882806777954,0
E3_shuffled_adaptive,1,4,360,50570,2,0,0.2701968550682068,0
E3_shuffled_adaptive,1,4,363,50573,2,0,0.281000554561615,0
E3_shuffled_adaptive,1,4,371,50603,1,1,0.7549600601196289,1
E3_shuffled_adaptive,1,4,380,50616,1,1,0.6842067837715149,1
E3_shuffled_adaptive,1,4,387,50625,1,1,0.27014440298080444,0
E3_shuffled_adaptive,1,4,389,50627,1,1,0.6627506017684937,1
E3_shuffled_adaptive,1,4,391,50642,1,1,0.5065485835075378,1
E3_shuffled_adaptive,1,4,392,50644,1,1,0.6002194285392761,1
E3_shuffled_adaptive,1,4,402,50682,2,0,0.27522826194763184,0
E3_shuffled_adaptive,1,4,430,50722,2,0,0.27067098021507263,0
E3_shuffled_adaptive,1,4,437,50731,2,0,0.27040159702301025,0
E3_shuffled_adaptive,1,4,458,50772,2,0,0.757269561290741,1
E3_shuffled_adaptive,1,4,473,50796,1,1,0.6392967104911804,1
E3_shuffled_adaptive,1,4,474,50797,1,1,0.6028032302856445,1
E3_shuffled_adaptive,1,4,481,50812,2,0,0.2707124352455139,0
E3_shuffled_adaptive,1,4,483,50816,2,0,0.2741148769855499,0
E3_shuffled_adaptive,1,4,485,50818,2,0,0.27520114183425903,0
E3_shuffled_adaptive,1,4,509,50973,1,1,0.5591951012611389,1
E3_shuffled_adaptive,1,4,516,50982,1,1,0.3220631778240204,0
E3_shuffled_adaptive,1,4,543,51012,1,1,0.6435465216636658,1
E3_shuffled_adaptive,1,4,548,51017,1,1,0.7157539129257202,1
E3_shuffled_adaptive,1,4,549,51018,1,1,0.7483947277069092,1
E3_shuffled_adaptive,1,4,551,51020,1,1,0.5323095321655273,1
E3_shuffled_adaptive,1,4,575,51048,2,0,0.3338340222835541,0
E3_shuffled_adaptive,1,4,590,51063,2,0,0.2815782427787781,0
E3_shuffled_adaptive,1,4,598,51072,2,0,0.4399420917034149,0
E3_shuffled_adaptive,1,4,605,51079,2,0,0.40691909193992615,0
E3_shuffled_adaptive,1,4,618,51093,2,0,0.2701279819011688,0
E3_shuffled_adaptive,1,4,626,51101,2,0,0.27030664682388306,0
E3_shuffled_adaptive,1,4,641,51118,2,0,0.5057792067527771,1
E3_shuffled_adaptive,1,4,649,51130,2,0,0.6212954521179199,1
E3_shuffled_adaptive,1,4,653,51134,2,0,0.27417388558387756,0
E3_shuffled_adaptive,1,4,658,51139,2,0,0.2701411545276642,0
E3_shuffled_adaptive,1,4,659,51140,2,0,0.27033108472824097,0
E3_shuffled_adaptive,1,4,666,51150,2,0,0.2856721580028534,0
E3_shuffled_adaptive,1,4,678,51168,1,1,0.4710947871208191,0
E3_shuffled_adaptive,1,4,687,51181,2,0,0.28913888335227966,0
E3_shuffled_adaptive,1,4,690,51184,2,0,0.30045947432518005,0
E3_shuffled_adaptive,1,4,699,51201,1,1,0.6681064367294312,1
E3_shuffled_adaptive,1,4,708,51211,1,1,0.6544592976570129,1
E3_shuffled_adaptive,1,4,712,51216,1,1,0.2936609089374542,0
E3_shuffled_adaptive,1,4,716,51220,1,1,0.594688892364502,1
E3_shuffled_adaptive,1,4,718,51222,1,1,0.3198607265949249,0
E3_shuffled_adaptive,1,4,723,51228,1,1,0.7290788888931274,1
E3_shuffled_adaptive,1,4,742,51256,2,0,0.2701416015625,0
E3_shuffled_adaptive,1,4,750,51267,2,0,0.2725944519042969,0
E3_shuffled_adaptive,1,4,778,51307,2,0,0.7202030420303345,1
E3_shuffled_adaptive,1,4,793,51328,1,1,0.697329044342041,1
E3_shuffled_adaptive,1,4,808,51344,2,0,0.33597108721733093,0
E3_shuffled_adaptive,1,4,815,51354,1,1,0.569107711315155,1
E3_shuffled_adaptive,1,4,817,51357,2,0,0.2701917588710785,0
E3_shuffled_adaptive,1,4,845,51558,2,0,0.27032923698425293,0
E3_shuffled_adaptive,1,4,846,51559,2,0,0.2802004814147949,0
E3_shuffled_adaptive,1,4,852,51566,2,0,0.2764996886253357,0
E3_shuffled_adaptive,1,4,854,51568,2,0,0.39486339688301086,0
E3_shuffled_adaptive,1,4,860,51576,1,1,0.402872771024704,0
E3_shuffled_adaptive,1,4,861,51577,1,1,0.4902684688568115,0
E3_shuffled_adaptive,1,4,863,51579,1,1,0.28511980175971985,0
E3_shuffled_adaptive,1,5,9,50013,1,1,0.685157299041748,1
E3_shuffled_adaptive,1,5,12,50016,1,1,0.7710647583007812,1
E3_shuffled_adaptive,1,5,21,50030,2,0,0.8118234872817993,1
E3_shuffled_adaptive,1,5,28,50037,2,0,0.3141670823097229,0
E3_shuffled_adaptive,1,5,37,50046,2,0,0.11516648530960083,0
E3_shuffled_adaptive,1,5,48,50059,2,0,0.11014097183942795,0
E3_shuffled_adaptive,1,5,73,50130,1,1,0.4319193363189697,0
E3_shuffled_adaptive,1,5,77,50135,1,1,0.8555281162261963,1
E3_shuffled_adaptive,1,5,79,50143,1,1,0.8610750436782837,1
E3_shuffled_adaptive,1,5,81,50145,1,1,0.6535446047782898,1
E3_shuffled_adaptive,1,5,95,50162,2,0,0.11551672220230103,0
E3_shuffled_adaptive,1,5,97,50164,2,0,0.10787741839885712,0
E3_shuffled_adaptive,1,5,102,50171,2,0,0.1494750678539276,0
E3_shuffled_adaptive,1,5,128,50215,2,0,0.1070924624800682,0
E3_shuffled_adaptive,1,5,134,50237,1,1,0.8658802509307861,1
E3_shuffled_adaptive,1,5,142,50249,1,1,0.8654582500457764,1
E3_shuffled_adaptive,1,5,150,50259,2,0,0.10542310029268265,0
E3_shuffled_adaptive,1,5,167,50276,1,1,0.8662041425704956,1
E3_shuffled_adaptive,1,5,177,50293,1,1,0.8587995767593384,1
E3_shuffled_adaptive,1,5,185,50304,1,1,0.7364519834518433,1
E3_shuffled_adaptive,1,5,191,50318,1,1,0.11554936319589615,0
E3_shuffled_adaptive,1,5,207,50338,2,0,0.10632376372814178,0
E3_shuffled_adaptive,1,5,243,50375,2,0,0.11038635671138763,0
E3_shuffled_adaptive,1,5,250,50383,2,0,0.15876007080078125,0
E3_shuffled_adaptive,1,5,271,50415,2,0,0.11026009917259216,0
E3_shuffled_adaptive,1,5,276,50421,2,0,0.10603084415197372,0
E3_shuffled_adaptive,1,5,280,50426,2,0,0.11013535410165787,0
E3_shuffled_adaptive,1,5,286,50436,2,0,0.48165974020957947,0
E3_shuffled_adaptive,1,5,293,50443,2,0,0.5724449157714844,1
E3_shuffled_adaptive,1,5,304,50468,2,0,0.1189119890332222,0
E3_shuffled_adaptive,1,5,306,50470,2,0,0.15175378322601318,0
E3_shuffled_adaptive,1,5,327,50502,1,1,0.8588571548461914,1
E3_shuffled_adaptive,1,5,334,50515,1,1,0.8662890791893005,1
E3_shuffled_adaptive,1,5,336,50518,1,1,0.8139254450798035,1
E3_shuffled_adaptive,1,5,339,50521,1,1,0.2932366132736206,0
E3_shuffled_adaptive,1,5,347,50530,1,1,0.8596318960189819,1
E3_shuffled_adaptive,1,5,351,50552,2,0,0.1485568881034851,0
E3_shuffled_adaptive,1,5,355,50561,2,0,0.10553628951311111,0
E3_shuffled_adaptive,1,5,367,50577,2,0,0.10545246303081512,0
E3_shuffled_adaptive,1,5,385,50623,1,1,0.8598171472549438,1
E3_shuffled_adaptive,1,5,411,50692,2,0,0.10534051060676575,0
E3_shuffled_adaptive,1,5,412,50693,1,1,0.11432009190320969,0
E3_shuffled_adaptive,1,5,417,50698,2,0,0.10543081164360046,0
E3_shuffled_adaptive,1,5,443,50740,2,0,0.10530824959278107,0
E3_shuffled_adaptive,1,5,465,50780,2,0,0.1639726161956787,0
E3_shuffled_adaptive,1,5,484,50817,2,0,0.10784085094928741,0
E3_shuffled_adaptive,1,5,487,50821,2,0,0.10610784590244293,0
E3_shuffled_adaptive,1,5,494,50956,1,1,0.8646775484085083,1
E3_shuffled_adaptive,1,5,498,50960,1,1,0.3778402805328369,0
E3_shuffled_adaptive,1,5,504,50967,1,1,0.8338423371315002,1
E3_shuffled_adaptive,1,5,507,50970,1,1,0.8623032569885254,1
E3_shuffled_adaptive,1,5,513,50978,1,1,0.8645656108856201,1
E3_shuffled_adaptive,1,5,514,50979,1,1,0.45072102546691895,0
E3_shuffled_adaptive,1,5,528,50994,1,1,0.8662180304527283,1
E3_shuffled_adaptive,1,5,533,51000,1,1,0.8654574155807495,1
E3_shuffled_adaptive,1,5,536,51003,1,1,0.8623141050338745,1
E3_shuffled_adaptive,1,5,537,51006,1,1,0.866265058517456,1
E3_shuffled_adaptive,1,5,538,51007,1,1,0.8465455770492554,1
E3_shuffled_adaptive,1,5,539,51008,1,1,0.11354338377714157,0
E3_shuffled_adaptive,1,5,547,51016,1,1,0.8240044116973877,1
E3_shuffled_adaptive,1,5,550,51019,1,1,0.7742655277252197,1
E3_shuffled_adaptive,1,5,594,51067,2,0,0.11038759350776672,0
E3_shuffled_adaptive,1,5,614,51088,2,0,0.10976573824882507,0
E3_shuffled_adaptive,1,5,616,51090,2,0,0.107793428003788,0
E3_shuffled_adaptive,1,5,621,51096,2,0,0.1108241006731987,0
E3_shuffled_adaptive,1,5,623,51098,2,0,0.11060408502817154,0
E3_shuffled_adaptive,1,5,628,51103,2,0,0.14603033661842346,0
E3_shuffled_adaptive,1,5,647,51128,2,0,0.10888618975877762,0
E3_shuffled_adaptive,1,5,660,51141,2,0,0.1143079400062561,0
E3_shuffled_adaptive,1,5,669,51153,2,0,0.10767396539449692,0
E3_shuffled_adaptive,1,5,674,51161,1,1,0.7322769165039062,1
E3_shuffled_adaptive,1,5,685,51179,1,1,0.8554099798202515,1
E3_shuffled_adaptive,1,5,698,51198,2,0,0.11541717499494553,0
E3_shuffled_adaptive,1,5,702,51204,1,1,0.8603533506393433,1
E3_shuffled_adaptive,1,5,713,51217,1,1,0.12368124723434448,0
E3_shuffled_adaptive,1,5,719,51223,1,1,0.751848578453064,1
E3_shuffled_adaptive,1,5,727,51234,1,1,0.8497006893157959,1
E3_shuffled_adaptive,1,5,737,51251,2,0,0.46143805980682373,0
E3_shuffled_adaptive,1,5,738,51252,2,0,0.8662780523300171,1
E3_shuffled_adaptive,1,5,746,51262,2,0,0.5490577220916748,1
E3_shuffled_adaptive,1,5,805,51341,2,0,0.2723733186721802,0
E3_shuffled_adaptive,1,5,821,51362,2,0,0.10548306256532669,0
E3_shuffled_adaptive,1,5,823,51364,2,0,0.11060374230146408,0
E3_shuffled_adaptive,1,5,832,51473,1,1,0.5666213631629944,1
E3_shuffled_adaptive,1,5,847,51560,2,0,0.10541445761919022,0
E3_shuffled_adaptive,1,5,848,51562,2,0,0.10551905632019043,0
E3_shuffled_adaptive,1,5,849,51563,2,0,0.10849768668413162,0
E3_shuffled_adaptive,1,6,6,50010,1,1,0.829122006893158,1
E3_shuffled_adaptive,1,6,47,50057,1,1,0.13376855850219727,0
E3_shuffled_adaptive,1,6,54,50106,2,0,0.18983325362205505,0
E3_shuffled_adaptive,1,6,61,50115,2,0,0.13291244208812714,0
E3_shuffled_adaptive,1,6,70,50127,1,1,0.2248532474040985,0
E3_shuffled_adaptive,1,6,76,50134,1,1,0.8316132426261902,1
E3_shuffled_adaptive,1,6,78,50142,1,1,0.8334342241287231,1
E3_shuffled_adaptive,1,6,82,50146,1,1,0.19249317049980164,0
E3_shuffled_adaptive,1,6,91,50158,2,0,0.13282789289951324,0
E3_shuffled_adaptive,1,6,92,50159,2,0,0.8333919644355774,1
E3_shuffled_adaptive,1,6,112,50194,2,0,0.13250891864299774,0
E3_shuffled_adaptive,1,6,123,50206,2,0,0.3591158390045166,0
E3_shuffled_adaptive,1,6,124,50208,2,0,0.13330557942390442,0
E3_shuffled_adaptive,1,6,130,50232,1,1,0.8316563367843628,1
E3_shuffled_adaptive,1,6,131,50233,1,1,0.8371036052703857,1
E3_shuffled_adaptive,1,6,137,50241,1,1,0.8227096199989319,1
E3_shuffled_adaptive,1,6,139,50245,1,1,0.8349573016166687,1
E3_shuffled_adaptive,1,6,140,50247,1,1,0.8207753300666809,1
E3_shuffled_adaptive,1,6,151,50260,2,0,0.13298657536506653,0
E3_shuffled_adaptive,1,6,168,50278,1,1,0.8376637697219849,1
E3_shuffled_adaptive,1,6,175,50291,1,1,0.7329001426696777,1
E3_shuffled_adaptive,1,6,196,50325,1,1,0.14612722396850586,0
E3_shuffled_adaptive,1,6,205,50336,2,0,0.154227152466774,0
E3_shuffled_adaptive,1,6,219,50350,2,0,0.13516998291015625,0
E3_shuffled_adaptive,1,6,220,50351,2,0,0.13391436636447906,0
E3_shuffled_adaptive,1,6,223,50354,2,0,0.1533776819705963,0
E3_shuffled_adaptive,1,6,228,50359,2,0,0.24007703363895416,0
E3_shuffled_adaptive,1,6,229,50360,2,0,0.13272687792778015,0
E3_shuffled_adaptive,1,6,234,50365,2,0,0.13251066207885742,0
E3_shuffled_adaptive,1,6,239,50370,2,0,0.13947708904743195,0
E3_shuffled_adaptive,1,6,254,50388,2,0,0.13297265768051147,0
E3_shuffled_adaptive,1,6,260,50403,1,1,0.14024195075035095,0
E3_shuffled_adaptive,1,6,278,50424,2,0,0.13254258036613464,0
E3_shuffled_adaptive,1,6,290,50440,2,0,0.7431991100311279,1
E3_shuffled_adaptive,1,6,292,50442,2,0,0.1337609738111496,0
E3_shuffled_adaptive,1,6,299,50449,2,0,0.13319960236549377,0
E3_shuffled_adaptive,1,6,302,50466,2,0,0.13295303285121918,0
E3_shuffled_adaptive,1,6,321,50496,1,1,0.8262705206871033,1
E3_shuffled_adaptive,1,6,340,50523,1,1,0.8368732929229736,1
E3_shuffled_adaptive,1,6,345,50528,1,1,0.8375890851020813,1
E3_shuffled_adaptive,1,6,357,50565,2,0,0.17758911848068237,0
E3_shuffled_adaptive,1,6,365,50575,2,0,0.13329093158245087,0
E3_shuffled_adaptive,1,6,372,50604,1,1,0.8360499739646912,1
E3_shuffled_adaptive,1,6,374,50607,1,1,0.13268612325191498,0
E3_shuffled_adaptive,1,6,379,50615,1,1,0.8376110196113586,1
E3_shuffled_adaptive,1,6,399,50664,2,0,0.13327907025814056,0
E3_shuffled_adaptive,1,6,426,50707,2,0,0.13245472311973572,0
E3_shuffled_adaptive,1,6,444,50741,2,0,0.1372709721326828,0
E3_shuffled_adaptive,1,6,467,50782,2,0,0.1428004801273346,0
E3_shuffled_adaptive,1,6,468,50783,2,0,0.13302409648895264,0
E3_shuffled_adaptive,1,6,470,50790,2,0,0.13289357721805573,0
E3_shuffled_adaptive,1,6,480,50807,1,1,0.8376027941703796,1
E3_shuffled_adaptive,1,6,493,50955,1,1,0.1328197717666626,0
E3_shuffled_adaptive,1,6,499,50961,1,1,0.7854931354522705,1
E3_shuffled_adaptive,1,6,515,50981,1,1,0.6759336590766907,1
E3_shuffled_adaptive,1,6,518,50984,1,1,0.5471283197402954,1
E3_shuffled_adaptive,1,6,522,50988,1,1,0.6301055550575256,1
E3_shuffled_adaptive,1,6,523,50989,1,1,0.8308195471763611,1
E3_shuffled_adaptive,1,6,542,51011,1,1,0.8308283686637878,1
E3_shuffled_adaptive,1,6,556,51026,1,1,0.8326688408851624,1
E3_shuffled_adaptive,1,6,557,51027,1,1,0.14152182638645172,0
E3_shuffled_adaptive,1,6,567,51039,2,0,0.13395337760448456,0
E3_shuffled_adaptive,1,6,569,51041,2,0,0.13466769456863403,0
E3_shuffled_adaptive,1,6,573,51046,2,0,0.14551544189453125,0
E3_shuffled_adaptive,1,6,581,51054,2,0,0.13303640484809875,0
E3_shuffled_adaptive,1,6,582,51055,2,0,0.13393951952457428,0
E3_shuffled_adaptive,1,6,583,51056,2,0,0.13601957261562347,0
E3_shuffled_adaptive,1,6,601,51075,2,0,0.13650785386562347,0
E3_shuffled_adaptive,1,6,604,51078,2,0,0.13762477040290833,0
E3_shuffled_adaptive,1,6,624,51099,2,0,0.13312184810638428,0
E3_shuffled_adaptive,1,6,672,51156,2,0,0.13411620259284973,0
E3_shuffled_adaptive,1,6,707,51210,1,1,0.8138945698738098,1
E3_shuffled_adaptive,1,6,725,51230,1,1,0.7642734050750732,1
E3_shuffled_adaptive,1,6,739,51253,2,0,0.1324501782655716,0
E3_shuffled_adaptive,1,6,762,51281,2,0,0.13573041558265686,0
E3_shuffled_adaptive,1,6,773,51302,1,1,0.7281415462493896,1
E3_shuffled_adaptive,1,6,775,51304,2,0,0.13322024047374725,0
E3_shuffled_adaptive,1,6,785,51319,1,1,0.8313642144203186,1
E3_shuffled_adaptive,1,6,796,51331,1,1,0.8120301961898804,1
E3_shuffled_adaptive,1,6,810,51346,2,0,0.13260973989963531,0
E3_shuffled_adaptive,1,6,811,51347,2,0,0.13397365808486938,0
E3_shuffled_adaptive,1,6,812,51349,1,1,0.13302010297775269,0
E3_shuffled_adaptive,1,6,819,51360,2,0,0.145685613155365,0
E3_shuffled_adaptive,1,6,844,51557,2,0,0.1339706927537918,0
E3_shuffled_adaptive,1,6,858,51573,1,1,0.16423045098781586,0
E3_shuffled_adaptive,1,6,864,51580,1,1,0.3136833906173706,0
E3_shuffled_adaptive,1,6,869,51606,1,1,0.13838614523410797,0
E3_shuffled_adaptive,1,7,22,50031,2,0,0.05363559350371361,0
E3_shuffled_adaptive,1,7,24,50033,2,0,0.05364082381129265,0
E3_shuffled_adaptive,1,7,29,50038,2,0,0.053863275796175,0
E3_shuffled_adaptive,1,7,43,50052,2,0,0.22092072665691376,0
E3_shuffled_adaptive,1,7,50,50102,2,0,0.05393576622009277,0
E3_shuffled_adaptive,1,7,58,50112,2,0,0.05366566777229309,0
E3_shuffled_adaptive,1,7,62,50116,2,0,0.47914934158325195,0
E3_shuffled_adaptive,1,7,86,50150,1,1,0.056942835450172424,0
E3_shuffled_adaptive,1,7,89,50156,1,1,0.9050655364990234,1
E3_shuffled_adaptive,1,7,93,50160,2,0,0.0577772855758667,0
E3_shuffled_adaptive,1,7,99,50168,2,0,0.05616933852434158,0
E3_shuffled_adaptive,1,7,121,50204,2,0,0.05514933541417122,0
E3_shuffled_adaptive,1,7,125,50210,2,0,0.05378291755914688,0
E3_shuffled_adaptive,1,7,127,50214,2,0,0.05575072392821312,0
E3_shuffled_adaptive,1,7,129,50217,2,0,0.055200785398483276,0
E3_shuffled_adaptive,1,7,133,50236,1,1,0.9051682949066162,1
E3_shuffled_adaptive,1,7,158,50267,2,0,0.05441286042332649,0
E3_shuffled_adaptive,1,7,162,50271,2,0,0.06694912165403366,0
E3_shuffled_adaptive,1,7,169,50282,1,1,0.8548378348350525,1
E3_shuffled_adaptive,1,7,183,50301,1,1,0.22401508688926697,0
E3_shuffled_adaptive,1,7,188,50312,1,1,0.8355926871299744,1
E3_shuffled_adaptive,1,7,211,50342,2,0,0.05502486601471901,0
E3_shuffled_adaptive,1,7,212,50343,2,0,0.5827101469039917,1
E3_shuffled_adaptive,1,7,238,50369,2,0,0.05655723810195923,0
E3_shuffled_adaptive,1,7,245,50377,2,0,0.055120956152677536,0
E3_shuffled_adaptive,1,7,251,50385,2,0,0.47910261154174805,0
E3_shuffled_adaptive,1,7,262,50405,1,1,0.9047507047653198,1
E3_shuffled_adaptive,1,7,266,50410,1,1,0.5065783262252808,1
E3_shuffled_adaptive,1,7,274,50418,2,0,0.053899604827165604,0
E3_shuffled_adaptive,1,7,300,50453,2,0,0.6798192858695984,1
E3_shuffled_adaptive,1,7,307,50477,1,1,0.8322330713272095,1
E3_shuffled_adaptive,1,7,317,50491,1,1,0.8823031783103943,1
E3_shuffled_adaptive,1,7,318,50492,1,1,0.8994601964950562,1
E3_shuffled_adaptive,1,7,325,50500,1,1,0.6414602994918823,1
E3_shuffled_adaptive,1,7,346,50529,1,1,0.9002864360809326,1
E3_shuffled_adaptive,1,7,353,50557,2,0,0.05361564829945564,0
E3_shuffled_adaptive,1,7,354,50558,2,0,0.05430397018790245,0
E3_shuffled_adaptive,1,7,373,50606,1,1,0.35700637102127075,0
E3_shuffled_adaptive,1,7,375,50608,1,1,0.18637067079544067,0
E3_shuffled_adaptive,1,7,386,50624,1,1,0.904961347579956,1
E3_shuffled_adaptive,1,7,395,50649,1,1,0.07093928009271622,0
E3_shuffled_adaptive,1,7,407,50688,2,0,0.05384603142738342,0
E3_shuffled_adaptive,1,7,418,50699,2,0,0.904931902885437,1
E3_shuffled_adaptive,1,7,428,50709,2,0,0.05375201255083084,0
E3_shuffled_adaptive,1,7,450,50749,1,1,0.9050350785255432,1
E3_shuffled_adaptive,1,7,453,50752,1,1,0.6108657717704773,1
E3_shuffled_adaptive,1,7,456,50756,1,1,0.9049109816551208,1
E3_shuffled_adaptive,1,7,495,50957,1,1,0.2949371933937073,0
E3_shuffled_adaptive,1,7,510,50974,1,1,0.9051886796951294,1
E3_shuffled_adaptive,1,7,521,50987,1,1,0.9036269783973694,1
E3_shuffled_adaptive,1,7,554,51024,1,1,0.8980414867401123,1
E3_shuffled_adaptive,1,7,587,51060,2,0,0.46518921852111816,0
E3_shuffled_adaptive,1,7,593,51066,2,0,0.05517961084842682,0
E3_shuffled_adaptive,1,7,619,51094,2,0,0.05547788366675377,0
E3_shuffled_adaptive,1,7,620,51095,2,0,0.21669301390647888,0
E3_shuffled_adaptive,1,7,629,51104,2,0,0.054994046688079834,0
E3_shuffled_adaptive,1,7,634,51110,2,0,0.05474778637290001,0
E3_shuffled_adaptive,1,7,663,51147,2,0,0.05440816655755043,0
E3_shuffled_adaptive,1,7,667,51151,2,0,0.053652554750442505,0
E3_shuffled_adaptive,1,7,671,51155,2,0,0.053626541048288345,0
E3_shuffled_adaptive,1,7,673,51159,2,0,0.9007114768028259,1
E3_shuffled_adaptive,1,7,676,51163,1,1,0.360964834690094,0
E3_shuffled_adaptive,1,7,682,51173,1,1,0.8995903730392456,1
E3_shuffled_adaptive,1,7,683,51177,1,1,0.7846902012825012,1
E3_shuffled_adaptive,1,7,684,51178,1,1,0.9026336669921875,1
E3_shuffled_adaptive,1,7,695,51192,2,0,0.05413985252380371,0
E3_shuffled_adaptive,1,7,704,51206,1,1,0.5907668471336365,1
E3_shuffled_adaptive,1,7,710,51214,1,1,0.9025661945343018,1
E3_shuffled_adaptive,1,7,717,51221,1,1,0.9013676643371582,1
E3_shuffled_adaptive,1,7,720,51224,1,1,0.9029097557067871,1
E3_shuffled_adaptive,1,7,724,51229,1,1,0.904848039150238,1
E3_shuffled_adaptive,1,7,736,51250,2,0,0.05453399568796158,0
E3_shuffled_adaptive,1,7,759,51278,2,0,0.1573179066181183,0
E3_shuffled_adaptive,1,7,760,51279,2,0,0.05365470424294472,0
E3_shuffled_adaptive,1,7,764,51292,1,1,0.8968977332115173,1
E3_shuffled_adaptive,1,7,774,51303,2,0,0.05440986528992653,0
E3_shuffled_adaptive,1,7,784,51318,1,1,0.06976163387298584,0
E3_shuffled_adaptive,1,7,799,51334,2,0,0.05362625792622566,0
E3_shuffled_adaptive,1,7,807,51343,2,0,0.05512484535574913,0
E3_shuffled_adaptive,1,7,820,51361,2,0,0.055790189653635025,0
E3_shuffled_adaptive,1,7,827,51373,2,0,0.054421693086624146,0
E3_shuffled_adaptive,1,7,828,51461,1,1,0.8932725191116333,1
E3_shuffled_adaptive,1,7,830,51464,1,1,0.8988280892372131,1
E3_shuffled_adaptive,1,7,831,51465,1,1,0.9051848649978638,1
E3_shuffled_adaptive,1,7,833,51477,2,0,0.053929489105939865,0
E3_shuffled_adaptive,1,7,857,51572,1,1,0.9007235765457153,1
E3_shuffled_adaptive,1,7,866,51583,1,1,0.895256519317627,1
E3_shuffled_adaptive,1,8,5,50008,1,1,0.9252187609672546,1
E3_shuffled_adaptive,1,8,7,50011,1,1,0.9270418286323547,1
E3_shuffled_adaptive,1,8,10,50014,1,1,0.926211416721344,1
E3_shuffled_adaptive,1,8,14,50022,1,1,0.06671395152807236,0
E3_shuffled_adaptive,1,8,16,50024,1,1,0.9276940822601318,1
E3_shuffled_adaptive,1,8,35,50044,2,0,0.06675609946250916,0
E3_shuffled_adaptive,1,8,42,50051,2,0,0.781832754611969,1
E3_shuffled_adaptive,1,8,49,50060,2,0,0.0674021914601326,0
E3_shuffled_adaptive,1,8,52,50104,2,0,0.07223187386989594,0
E3_shuffled_adaptive,1,8,56,50109,2,0,0.06675662100315094,0
E3_shuffled_adaptive,1,8,65,50119,1,1,0.07152356952428818,0
E3_shuffled_adaptive,1,8,67,50123,1,1,0.9270610809326172,1
E3_shuffled_adaptive,1,8,101,50170,2,0,0.09032237529754639,0
E3_shuffled_adaptive,1,8,103,50182,1,1,0.9230152368545532,1
E3_shuffled_adaptive,1,8,104,50183,1,1,0.9268484711647034,1
E3_shuffled_adaptive,1,8,106,50186,1,1,0.9212110638618469,1
E3_shuffled_adaptive,1,8,117,50200,2,0,0.06658349186182022,0
E3_shuffled_adaptive,1,8,118,50201,2,0,0.06662090122699738,0
E3_shuffled_adaptive,1,8,143,50250,1,1,0.06686732918024063,0
E3_shuffled_adaptive,1,8,146,50253,1,1,0.38379430770874023,0
E3_shuffled_adaptive,1,8,164,50273,1,1,0.9234835505485535,1
E3_shuffled_adaptive,1,8,171,50285,1,1,0.06657539308071136,0
E3_shuffled_adaptive,1,8,184,50302,1,1,0.9270678758621216,1
E3_shuffled_adaptive,1,8,187,50310,1,1,0.9258934855461121,1
E3_shuffled_adaptive,1,8,194,50321,1,1,0.9235575199127197,1
E3_shuffled_adaptive,1,8,198,50329,2,0,0.06828456372022629,0
E3_shuffled_adaptive,1,8,214,50345,2,0,0.06741305440664291,0
E3_shuffled_adaptive,1,8,227,50358,2,0,0.06731916218996048,0
E3_shuffled_adaptive,1,8,231,50362,2,0,0.06685925275087357,0
E3_shuffled_adaptive,1,8,244,50376,2,0,0.7875317335128784,1
E3_shuffled_adaptive,1,8,263,50406,1,1,0.9236396551132202,1
E3_shuffled_adaptive,1,8,268,50412,1,1,0.9236834645271301,1
E3_shuffled_adaptive,1,8,270,50414,2,0,0.8549119830131531,1
E3_shuffled_adaptive,1,8,281,50427,2,0,0.06657128781080246,0
E3_shuffled_adaptive,1,8,298,50448,2,0,0.06686992943286896,0
E3_shuffled_adaptive,1,8,309,50481,1,1,0.927669882774353,1
E3_shuffled_adaptive,1,8,314,50487,1,1,0.9233641624450684,1
E3_shuffled_adaptive,1,8,358,50568,2,0,0.5664328336715698,1
E3_shuffled_adaptive,1,8,366,50576,2,0,0.06665822118520737,0
E3_shuffled_adaptive,1,8,369,50601,1,1,0.19195863604545593,0
E3_shuffled_adaptive,1,8,381,50619,1,1,0.9258651733398438,1
E3_shuffled_adaptive,1,8,404,50685,2,0,0.06732290238142014,0
E3_shuffled_adaptive,1,8,419,50700,1,1,0.9258549809455872,1
E3_shuffled_adaptive,1,8,420,50701,2,0,0.06657390296459198,0
E3_shuffled_adaptive,1,8,432,50724,2,0,0.06825550645589828,0
E3_shuffled_adaptive,1,8,440,50737,2,0,0.06657698005437851,0
E3_shuffled_adaptive,1,8,454,50754,1,1,0.9255952835083008,1
E3_shuffled_adaptive,1,8,462,50776,2,0,0.06657244265079498,0
E3_shuffled_adaptive,1,8,471,50791,1,1,0.9225001931190491,1
E3_shuffled_adaptive,1,8,482,50814,2,0,0.08207760006189346,0
E3_shuffled_adaptive,1,8,508,50972,1,1,0.9266243577003479,1
E3_shuffled_adaptive,1,8,525,50991,1,1,0.1689256727695465,0
E3_shuffled_adaptive,1,8,527,50993,1,1,0.9243265390396118,1
E3_shuffled_adaptive,1,8,532,50999,1,1,0.9215230345726013,1
E3_shuffled_adaptive,1,8,544,51013,1,1,0.927327573299408,1
E3_shuffled_adaptive,1,8,559,51029,1,1,0.13504958152770996,0
E3_shuffled_adaptive,1,8,576,51049,2,0,0.07523790746927261,0
E3_shuffled_adaptive,1,8,596,51069,2,0,0.07522356510162354,0
E3_shuffled_adaptive,1,8,627,51102,2,0,0.06686500459909439,0
E3_shuffled_adaptive,1,8,632,51107,2,0,0.9239364862442017,1
E3_shuffled_adaptive,1,8,635,51111,2,0,0.06788430362939835,0
E3_shuffled_adaptive,1,8,638,51114,2,0,0.06689006835222244,0
E3_shuffled_adaptive,1,8,642,51122,2,0,0.06941941380500793,0
E3_shuffled_adaptive,1,8,644,51124,2,0,0.06923967599868774,0
E3_shuffled_adaptive,1,8,656,51137,2,0,0.07095201313495636,0
E3_shuffled_adaptive,1,8,670,51154,2,0,0.11831215769052505,0
E3_shuffled_adaptive,1,8,694,51189,2,0,0.06691043823957443,0
E3_shuffled_adaptive,1,8,701,51203,1,1,0.9277027249336243,1
E3_shuffled_adaptive,1,8,711,51215,1,1,0.07954148948192596,0
E3_shuffled_adaptive,1,8,730,51237,1,1,0.9258275628089905,1
E3_shuffled_adaptive,1,8,733,51241,1,1,0.9276326894760132,1
E3_shuffled_adaptive,1,8,745,51261,2,0,0.06722834706306458,0
E3_shuffled_adaptive,1,8,747,51264,2,0,0.06882966309785843,0
E3_shuffled_adaptive,1,8,758,51277,2,0,0.07525902986526489,0
E3_shuffled_adaptive,1,8,777,51306,2,0,0.14779722690582275,0
E3_shuffled_adaptive,1,8,783,51315,2,0,0.06717343628406525,0
E3_shuffled_adaptive,1,8,786,51320,1,1,0.9255978465080261,1
E3_shuffled_adaptive,1,8,788,51322,1,1,0.0772985890507698,0
E3_shuffled_adaptive,1,8,790,51325,1,1,0.9133210182189941,1
E3_shuffled_adaptive,1,8,791,51326,1,1,0.6539871096611023,1
E3_shuffled_adaptive,1,8,797,51332,2,0,0.06675559282302856,0
E3_shuffled_adaptive,1,8,801,51336,2,0,0.06662674993276596,0
E3_shuffled_adaptive,1,8,802,51338,2,0,0.9191359281539917,1
E3_shuffled_adaptive,1,8,816,51356,2,0,0.8729618191719055,1
E3_shuffled_adaptive,1,8,824,51365,2,0,0.06685991585254669,0
E3_shuffled_adaptive,1,8,825,51369,2,0,0.0682917907834053,0
E3_shuffled_adaptive,1,8,839,51487,2,0,0.36395514011383057,0
E3_shuffled_adaptive,1,9,0,50003,1,1,0.4109027087688446,0
E3_shuffled_adaptive,1,9,44,50053,1,1,0.8545727133750916,1
E3_shuffled_adaptive,1,9,51,50103,2,0,0.9078713655471802,1
E3_shuffled_adaptive,1,9,83,50147,1,1,0.9612294435501099,1
E3_shuffled_adaptive,1,9,96,50163,2,0,0.17868570983409882,0
E3_shuffled_adaptive,1,9,110,50190,1,1,0.9649415016174316,1
E3_shuffled_adaptive,1,9,116,50199,2,0,0.09681892395019531,0
E3_shuffled_adaptive,1,9,136,50240,1,1,0.9651933908462524,1
E3_shuffled_adaptive,1,9,155,50264,2,0,0.5922438502311707,1
E3_shuffled_adaptive,1,9,157,50266,2,0,0.0963016077876091,0
E3_shuffled_adaptive,1,9,161,50270,2,0,0.09506326913833618,0
E3_shuffled_adaptive,1,9,178,50294,1,1,0.9652049541473389,1
E3_shuffled_adaptive,1,9,180,50297,1,1,0.925308346748352,1
E3_shuffled_adaptive,1,9,181,50298,1,1,0.9655958414077759,1
E3_shuffled_adaptive,1,9,182,50300,1,1,0.10360521823167801,0
E3_shuffled_adaptive,1,9,197,50327,2,0,0.12480857223272324,0
E3_shuffled_adaptive,1,9,202,50333,2,0,0.09748657047748566,0
E3_shuffled_adaptive,1,9,208,50339,2,0,0.09678947925567627,0
E3_shuffled_adaptive,1,9,237,50368,2,0,0.09678687155246735,0
E3_shuffled_adaptive,1,9,247,50380,2,0,0.6232410073280334,1
E3_shuffled_adaptive,1,9,249,50382,2,0,0.10568943619728088,0
E3_shuffled_adaptive,1,9,257,50397,1,1,0.9641814231872559,1
E3_shuffled_adaptive,1,9,267,50411,1,1,0.9650816917419434,1
E3_shuffled_adaptive,1,9,287,50437,2,0,0.9649516940116882,1
E3_shuffled_adaptive,1,9,294,50444,2,0,0.17008522152900696,0
E3_shuffled_adaptive,1,9,297,50447,2,0,0.3215024173259735,0
E3_shuffled_adaptive,1,9,310,50482,1,1,0.9637731313705444,1
E3_shuffled_adaptive,1,9,320,50494,1,1,0.9176807999610901,1
E3_shuffled_adaptive,1,9,341,50524,1,1,0.9637333750724792,1
E3_shuffled_adaptive,1,9,352,50555,2,0,0.09503224492073059,0
E3_shuffled_adaptive,1,9,377,50613,1,1,0.9635587930679321,1
E3_shuffled_adaptive,1,9,378,50614,1,1,0.9648266434669495,1
E3_shuffled_adaptive,1,9,396,50654,1,1,0.27905353903770447,0
E3_shuffled_adaptive,1,9,400,50665,2,0,0.31820571422576904,0
E3_shuffled_adaptive,1,9,406,50687,2,0,0.9656585454940796,1
E3_shuffled_adaptive,1,9,409,50690,1,1,0.09483309835195541,0
E3_shuffled_adaptive,1,9,423,50704,1,1,0.9633023142814636,1
E3_shuffled_adaptive,1,9,424,50705,1,1,0.9578957557678223,1
E3_shuffled_adaptive,1,9,427,50708,1,1,0.9624739289283752,1
E3_shuffled_adaptive,1,9,434,50726,2,0,0.28733500838279724,0
E3_shuffled_adaptive,1,9,442,50739,2,0,0.9646374583244324,1
E3_shuffled_adaptive,1,9,452,50751,1,1,0.9650309681892395,1
E3_shuffled_adaptive,1,9,459,50773,2,0,0.32970425486564636,0
E3_shuffled_adaptive,1,9,463,50777,2,0,0.1713697910308838,0
E3_shuffled_adaptive,1,9,479,50803,1,1,0.9655948281288147,1
E3_shuffled_adaptive,1,9,488,50822,2,0,0.10142721980810165,0
E3_shuffled_adaptive,1,9,491,50952,1,1,0.965682864189148,1
E3_shuffled_adaptive,1,9,500,50962,1,1,0.8725046515464783,1
E3_shuffled_adaptive,1,9,512,50977,1,1,0.9656676054000854,1
E3_shuffled_adaptive,1,9,520,50986,1,1,0.14914993941783905,0
E3_shuffled_adaptive,1,9,526,50992,1,1,0.9579864144325256,1
E3_shuffled_adaptive,1,9,534,51001,1,1,0.9652077555656433,1
E3_shuffled_adaptive,1,9,540,51009,1,1,0.9643710851669312,1
E3_shuffled_adaptive,1,9,552,51021,1,1,0.9651648998260498,1
E3_shuffled_adaptive,1,9,561,51032,1,1,0.9655759334564209,1
E3_shuffled_adaptive,1,9,563,51034,1,1,0.9650707244873047,1
E3_shuffled_adaptive,1,9,565,51036,2,0,0.09564570337533951,0
E3_shuffled_adaptive,1,9,578,51051,2,0,0.10371603816747665,0
E3_shuffled_adaptive,1,9,591,51064,2,0,0.9586759209632874,1
E3_shuffled_adaptive,1,9,595,51068,2,0,0.9643552303314209,1
E3_shuffled_adaptive,1,9,602,51076,2,0,0.10903757065534592,0
E3_shuffled_adaptive,1,9,612,51086,2,0,0.09606137126684189,0
E3_shuffled_adaptive,1,9,622,51097,2,0,0.10874316841363907,0
E3_shuffled_adaptive,1,9,625,51100,2,0,0.5115126967430115,1
E3_shuffled_adaptive,1,9,631,51106,2,0,0.09569457918405533,0
E3_shuffled_adaptive,1,9,640,51117,2,0,0.4719056487083435,0
E3_shuffled_adaptive,1,9,643,51123,2,0,0.1970130205154419,0
E3_shuffled_adaptive,1,9,657,51138,2,0,0.10035240650177002,0
E3_shuffled_adaptive,1,9,679,51169,1,1,0.7759102582931519,1
E3_shuffled_adaptive,1,9,692,51187,2,0,0.3129955530166626,0
E3_shuffled_adaptive,1,9,693,51188,2,0,0.10459625720977783,0
E3_shuffled_adaptive,1,9,709,51212,1,1,0.9620983004570007,1
E3_shuffled_adaptive,1,9,715,51219,1,1,0.9621212482452393,1
E3_shuffled_adaptive,1,9,732,51240,1,1,0.9632848501205444,1
E3_shuffled_adaptive,1,9,743,51257,2,0,0.9653449058532715,1
E3_shuffled_adaptive,1,9,781,51311,2,0,0.09561790525913239,0
E3_shuffled_adaptive,1,9,795,51330,1,1,0.9656040668487549,1
E3_shuffled_adaptive,1,9,798,51333,2,0,0.09468698501586914,0
E3_shuffled_adaptive,1,9,809,51345,2,0,0.11145958304405212,0
E3_shuffled_adaptive,1,9,818,51359,2,0,0.9651914238929749,1
E3_shuffled_adaptive,1,9,822,51363,2,0,0.2692016065120697,0
E3_shuffled_adaptive,1,9,829,51463,1,1,0.9655537009239197,1
E3_shuffled_adaptive,1,9,837,51482,2,0,0.10241607576608658,0
E3_shuffled_adaptive,1,9,840,51488,2,0,0.2019934505224228,0
E3_shuffled_adaptive,1,9,843,51556,2,0,0.1636941283941269,0
E3_shuffled_adaptive,1,9,851,51565,2,0,0.09472614526748657,0
E3_shuffled_adaptive,1,9,862,51578,1,1,0.9639338254928589,1
E3_shuffled_adaptive,1,10,2,50005,1,1,0.9207377433776855,1
E3_shuffled_adaptive,1,10,11,50015,1,1,0.9288058280944824,1
E3_shuffled_adaptive,1,10,18,50026,1,1,0.9255404472351074,1
E3_shuffled_adaptive,1,10,19,50027,1,1,0.08872043341398239,0
E3_shuffled_adaptive,1,10,20,50028,1,1,0.9329920411109924,1
E3_shuffled_adaptive,1,10,27,50036,2,0,0.0825473964214325,0
E3_shuffled_adaptive,1,10,36,50045,2,0,0.6125811338424683,1
E3_shuffled_adaptive,1,10,38,50047,2,0,0.4722806215286255,0
E3_shuffled_adaptive,1,10,55,50107,2,0,0.2129245549440384,0
E3_shuffled_adaptive,1,10,63,50117,2,0,0.09569567441940308,0
E3_shuffled_adaptive,1,10,66,50121,1,1,0.9325922727584839,1
E3_shuffled_adaptive,1,10,72,50129,1,1,0.9328869581222534,1
E3_shuffled_adaptive,1,10,85,50149,1,1,0.9313909411430359,1
E3_shuffled_adaptive,1,10,98,50167,2,0,0.09223511815071106,0
E3_shuffled_adaptive,1,10,108,50188,1,1,0.08888182789087296,0
E3_shuffled_adaptive,1,10,113,50195,2,0,0.1065971776843071,0
E3_shuffled_adaptive,1,10,114,50196,2,0,0.1332952231168747,0
E3_shuffled_adaptive,1,10,126,50213,2,0,0.08328463137149811,0
E3_shuffled_adaptive,1,10,132,50234,1,1,0.8962699174880981,1
E3_shuffled_adaptive,1,10,141,50248,1,1,0.9331669211387634,1
E3_shuffled_adaptive,1,10,145,50252,1,1,0.8553763628005981,1
E3_shuffled_adaptive,1,10,152,50261,2,0,0.8318338990211487,1
E3_shuffled_adaptive,1,10,156,50265,2,0,0.08595307916402817,0
E3_shuffled_adaptive,1,10,163,50272,1,1,0.9291874170303345,1
E3_shuffled_adaptive,1,10,176,50292,1,1,0.9319028258323669,1
E3_shuffled_adaptive,1,10,190,50315,1,1,0.9322478771209717,1
E3_shuffled_adaptive,1,10,200,50331,2,0,0.6925250291824341,1
E3_shuffled_adaptive,1,10,225,50356,2,0,0.08637130260467529,0
E3_shuffled_adaptive,1,10,235,50366,2,0,0.09241322427988052,0
E3_shuffled_adaptive,1,10,240,50372,2,0,0.08279845118522644,0
E3_shuffled_adaptive,1,10,246,50379,2,0,0.08203495293855667,0
E3_shuffled_adaptive,1,10,265,50408,1,1,0.09224966168403625,0
E3_shuffled_adaptive,1,10,275,50419,2,0,0.08982539176940918,0
E3_shuffled_adaptive,1,10,279,50425,2,0,0.08272605389356613,0
E3_shuffled_adaptive,1,10,285,50435,2,0,0.0938875824213028,0
E3_shuffled_adaptive,1,10,308,50480,1,1,0.9325730204582214,1
E3_shuffled_adaptive,1,10,315,50488,1,1,0.9316441416740417,1
E3_shuffled_adaptive,1,10,319,50493,1,1,0.9284864664077759,1
E3_shuffled_adaptive,1,10,348,50531,1,1,0.9269630312919617,1
E3_shuffled_adaptive,1,10,361,50571,2,0,0.473612517118454,0
E3_shuffled_adaptive,1,10,376,50612,1,1,0.4163934886455536,0
E3_shuffled_adaptive,1,10,388,50626,1,1,0.9327147603034973,1
E3_shuffled_adaptive,1,10,393,50647,1,1,0.9192463159561157,1
E3_shuffled_adaptive,1,10,397,50656,2,0,0.30079886317253113,0
E3_shuffled_adaptive,1,10,405,50686,1,1,0.9331355094909668,1
E3_shuffled_adaptive,1,10,414,50695,1,1,0.2866694927215576,0
E3_shuffled_adaptive,1,10,448,50745,1,1,0.9319042563438416,1
E3_shuffled_adaptive,1,10,461,50775,2,0,0.08187933266162872,0
E3_shuffled_adaptive,1,10,464,50778,2,0,0.10520774126052856,0
E3_shuffled_adaptive,1,10,466,50781,2,0,0.29605892300605774,0
E3_shuffled_adaptive,1,10,476,50799,1,1,0.9291709065437317,1
E3_shuffled_adaptive,1,10,478,50801,1,1,0.7190331816673279,1
E3_shuffled_adaptive,1,10,486,50820,2,0,0.08820656687021255,0
E3_shuffled_adaptive,1,10,489,50823,1,1,0.9178125262260437,1
E3_shuffled_adaptive,1,10,490,50824,1,1,0.5601163506507874,1
E3_shuffled_adaptive,1,10,519,50985,1,1,0.9288119673728943,1
E3_shuffled_adaptive,1,10,568,51040,2,0,0.08560395240783691,0
E3_shuffled_adaptive,1,10,570,51042,2,0,0.08484675735235214,0
E3_shuffled_adaptive,1,10,579,51052,2,0,0.08321232348680496,0
E3_shuffled_adaptive,1,10,586,51059,2,0,0.09636379778385162,0
E3_shuffled_adaptive,1,10,589,51062,2,0,0.09006991237401962,0
E3_shuffled_adaptive,1,10,606,51080,2,0,0.9061373472213745,1
E3_shuffled_adaptive,1,10,609,51083,2,0,0.9329840540885925,1
E3_shuffled_adaptive,1,10,611,51085,2,0,0.9328394532203674,1
E3_shuffled_adaptive,1,10,652,51133,2,0,0.5757355093955994,1
E3_shuffled_adaptive,1,10,665,51149,2,0,0.08455168455839157,0
E3_shuffled_adaptive,1,10,677,51164,1,1,0.9332346320152283,1
E3_shuffled_adaptive,1,10,688,51182,2,0,0.08202380686998367,0
E3_shuffled_adaptive,1,10,700,51202,1,1,0.9261788129806519,1
E3_shuffled_adaptive,1,10,705,51207,1,1,0.9291123747825623,1
E3_shuffled_adaptive,1,10,721,51225,1,1,0.7964696288108826,1
E3_shuffled_adaptive,1,10,740,51254,2,0,0.08236397802829742,0
E3_shuffled_adaptive,1,10,748,51265,2,0,0.09099569171667099,0
E3_shuffled_adaptive,1,10,749,51266,2,0,0.8227669596672058,1
E3_shuffled_adaptive,1,10,756,51275,2,0,0.09036973863840103,0
E3_shuffled_adaptive,1,10,766,51294,1,1,0.9036983251571655,1
E3_shuffled_adaptive,1,10,768,51297,1,1,0.9332054853439331,1
E3_shuffled_adaptive,1,10,772,51301,1,1,0.7276623845100403,1
E3_shuffled_adaptive,1,10,779,51308,2,0,0.09386949986219406,0
E3_shuffled_adaptive,1,10,780,51309,2,0,0.9314057230949402,1
E3_shuffled_adaptive,1,10,782,51313,2,0,0.09014134109020233,0
E3_shuffled_adaptive,1,10,800,51335,2,0,0.13255411386489868,0
E3_shuffled_adaptive,1,10,834,51479,2,0,0.08418978750705719,0
E3_shuffled_adaptive,1,10,850,51564,2,0,0.08368883281946182,0
E3_shuffled_adaptive,1,10,853,51567,2,0,0.08181029558181763,0
E3_shuffled_adaptive,1,10,865,51582,1,1,0.9331048727035522,1
E3_shuffled_adaptive,1,10,868,51585,1,1,0.9325874447822571,1
E3_shuffled_adaptive,2,1,0,50003,1,1,0.7583338022232056,1
E3_shuffled_adaptive,2,1,7,50011,1,1,0.9058250188827515,1
E3_shuffled_adaptive,2,1,35,50044,2,0,0.08365348726511002,0
E3_shuffled_adaptive,2,1,39,50048,2,0,0.8159124851226807,1
E3_shuffled_adaptive,2,1,45,50054,2,0,0.9052330255508423,1
E3_shuffled_adaptive,2,1,48,50059,2,0,0.8511619567871094,1
E3_shuffled_adaptive,2,1,53,50105,2,0,0.3143762946128845,0
E3_shuffled_adaptive,2,1,55,50107,2,0,0.2938521206378937,0
E3_shuffled_adaptive,2,1,72,50129,1,1,0.90874844789505,1
E3_shuffled_adaptive,2,1,73,50130,1,1,0.9088528156280518,1
E3_shuffled_adaptive,2,1,78,50142,1,1,0.9088518619537354,1
E3_shuffled_adaptive,2,1,81,50145,1,1,0.32904452085494995,0
E3_shuffled_adaptive,2,1,86,50150,1,1,0.18886613845825195,0
E3_shuffled_adaptive,2,1,95,50162,2,0,0.08381225168704987,0
E3_shuffled_adaptive,2,1,127,50214,2,0,0.088520847260952,0
E3_shuffled_adaptive,2,1,138,50243,1,1,0.9052817821502686,1
E3_shuffled_adaptive,2,1,144,50251,1,1,0.8436657786369324,1
E3_shuffled_adaptive,2,1,149,50257,2,0,0.0824160948395729,0
E3_shuffled_adaptive,2,1,176,50292,1,1,0.9084027409553528,1
E3_shuffled_adaptive,2,1,182,50300,1,1,0.17127174139022827,0
E3_shuffled_adaptive,2,1,192,50319,1,1,0.9087631106376648,1
E3_shuffled_adaptive,2,1,193,50320,1,1,0.9088473320007324,1
E3_shuffled_adaptive,2,1,204,50335,2,0,0.08558611571788788,0
E3_shuffled_adaptive,2,1,205,50336,2,0,0.8610920310020447,1
E3_shuffled_adaptive,2,1,231,50362,2,0,0.08250928670167923,0
E3_shuffled_adaptive,2,1,234,50365,2,0,0.08366060256958008,0
E3_shuffled_adaptive,2,1,242,50374,2,0,0.5287691950798035,1
E3_shuffled_adaptive,2,1,247,50380,2,0,0.26752129197120667,0
E3_shuffled_adaptive,2,1,248,50381,2,0,0.08792854100465775,0
E3_shuffled_adaptive,2,1,253,50387,2,0,0.08504310995340347,0
E3_shuffled_adaptive,2,1,259,50402,1,1,0.20996490120887756,0
E3_shuffled_adaptive,2,1,285,50435,2,0,0.10480059683322906,0
E3_shuffled_adaptive,2,1,286,50436,2,0,0.7048915028572083,1
E3_shuffled_adaptive,2,1,295,50445,2,0,0.0827878937125206,0
E3_shuffled_adaptive,2,1,300,50453,2,0,0.8831702470779419,1
E3_shuffled_adaptive,2,1,307,50477,1,1,0.9071503281593323,1
E3_shuffled_adaptive,2,1,329,50504,1,1,0.9058076739311218,1
E3_shuffled_adaptive,2,1,345,50528,1,1,0.9067733883857727,1
E3_shuffled_adaptive,2,1,348,50531,1,1,0.8982450366020203,1
E3_shuffled_adaptive,2,1,357,50565,2,0,0.48254430294036865,0
E3_shuffled_adaptive,2,1,359,50569,2,0,0.73106849193573,1
E3_shuffled_adaptive,2,1,360,50570,2,0,0.08244083821773529,0
E3_shuffled_adaptive,2,1,369,50601,1,1,0.7276763319969177,1
E3_shuffled_adaptive,2,1,374,50607,1,1,0.08757373690605164,0
E3_shuffled_adaptive,2,1,385,50623,1,1,0.895578920841217,1
E3_shuffled_adaptive,2,1,405,50686,1,1,0.9079660177230835,1
E3_shuffled_adaptive,2,1,411,50692,2,0,0.08867625892162323,0
E3_shuffled_adaptive,2,1,412,50693,1,1,0.5039321184158325,1
E3_shuffled_adaptive,2,1,425,50706,2,0,0.24854415655136108,0
E3_shuffled_adaptive,2,1,432,50724,2,0,0.08275028318166733,0
E3_shuffled_adaptive,2,1,466,50781,2,0,0.8683273196220398,1
E3_shuffled_adaptive,2,1,468,50783,2,0,0.082699254155159,0
E3_shuffled_adaptive,2,1,471,50791,1,1,0.9021468758583069,1
E3_shuffled_adaptive,2,1,484,50817,2,0,0.08390088379383087,0
E3_shuffled_adaptive,2,1,495,50957,1,1,0.9080044031143188,1
E3_shuffled_adaptive,2,1,505,50968,1,1,0.9065381288528442,1
E3_shuffled_adaptive,2,1,506,50969,1,1,0.9088391065597534,1
E3_shuffled_adaptive,2,1,513,50978,1,1,0.9076016545295715,1
E3_shuffled_adaptive,2,1,526,50992,1,1,0.8730152249336243,1
E3_shuffled_adaptive,2,1,532,50999,1,1,0.9066848754882812,1
E3_shuffled_adaptive,2,1,555,51025,1,1,0.9086501002311707,1
E3_shuffled_adaptive,2,1,556,51026,1,1,0.9082337617874146,1
E3_shuffled_adaptive,2,1,566,51038,2,0,0.08562624454498291,0
E3_shuffled_adaptive,2,1,575,51048,2,0,0.2675361633300781,0
E3_shuffled_adaptive,2,1,585,51058,2,0,0.08655279129743576,0
E3_shuffled_adaptive,2,1,596,51069,2,0,0.09312943369150162,0
E3_shuffled_adaptive,2,1,603,51077,2,0,0.2926027178764343,0
E3_shuffled_adaptive,2,1,612,51086,2,0,0.08521971106529236,0
E3_shuffled_adaptive,2,1,653,51134,2,0,0.08245066553354263,0
E3_shuffled_adaptive,2,1,684,51178,1,1,0.9085359573364258,1
E3_shuffled_adaptive,2,1,686,51180,2,0,0.13565541803836823,0
E3_shuffled_adaptive,2,1,687,51181,2,0,0.4189991056919098,0
E3_shuffled_adaptive,2,1,695,51192,2,0,0.08351195603609085,0
E3_shuffled_adaptive,2,1,710,51214,1,1,0.9063016176223755,1
E3_shuffled_adaptive,2,1,716,51220,1,1,0.9067527651786804,1
E3_shuffled_adaptive,2,1,721,51225,1,1,0.856952965259552,1
E3_shuffled_adaptive,2,1,749,51266,2,0,0.9080217480659485,1
E3_shuffled_adaptive,2,1,750,51267,2,0,0.08793844282627106,0
E3_shuffled_adaptive,2,1,771,51300,1,1,0.9087887406349182,1
E3_shuffled_adaptive,2,1,792,51327,1,1,0.9047787189483643,1
E3_shuffled_adaptive,2,1,793,51328,1,1,0.905876636505127,1
E3_shuffled_adaptive,2,1,806,51342,2,0,0.12571793794631958,0
E3_shuffled_adaptive,2,1,808,51344,2,0,0.3246479034423828,0
E3_shuffled_adaptive,2,1,816,51356,2,0,0.9048351049423218,1
E3_shuffled_adaptive,2,1,823,51364,2,0,0.2708593010902405,0
E3_shuffled_adaptive,2,1,837,51482,2,0,0.08656461536884308,0
E3_shuffled_adaptive,2,1,867,51584,1,1,0.9082473516464233,1
E3_shuffled_adaptive,2,1,869,51606,1,1,0.2287963628768921,0
E3_shuffled_adaptive,2,2,2,50005,1,1,0.9288209080696106,1
E3_shuffled_adaptive,2,2,6,50010,1,1,0.9299855828285217,1
E3_shuffled_adaptive,2,2,10,50014,1,1,0.9305433034896851,1
E3_shuffled_adaptive,2,2,24,50033,2,0,0.08013497292995453,0
E3_shuffled_adaptive,2,2,30,50039,2,0,0.7877579927444458,1
E3_shuffled_adaptive,2,2,67,50123,1,1,0.9327940940856934,1
E3_shuffled_adaptive,2,2,76,50134,1,1,0.9299055933952332,1
E3_shuffled_adaptive,2,2,79,50143,1,1,0.9312509298324585,1
E3_shuffled_adaptive,2,2,92,50159,2,0,0.9326895475387573,1
E3_shuffled_adaptive,2,2,98,50167,2,0,0.080628402531147,0
E3_shuffled_adaptive,2,2,101,50170,2,0,0.14242875576019287,0
E3_shuffled_adaptive,2,2,115,50198,2,0,0.21161486208438873,0
E3_shuffled_adaptive,2,2,129,50217,2,0,0.07883203774690628,0
E3_shuffled_adaptive,2,2,140,50247,1,1,0.9326302409172058,1
E3_shuffled_adaptive,2,2,153,50262,2,0,0.07828236371278763,0
E3_shuffled_adaptive,2,2,155,50264,2,0,0.15700292587280273,0
E3_shuffled_adaptive,2,2,164,50273,1,1,0.9312237501144409,1
E3_shuffled_adaptive,2,2,169,50282,1,1,0.931253969669342,1
E3_shuffled_adaptive,2,2,180,50297,1,1,0.6106721758842468,1
E3_shuffled_adaptive,2,2,187,50310,1,1,0.9328424334526062,1
E3_shuffled_adaptive,2,2,202,50333,2,0,0.08389712125062943,0
E3_shuffled_adaptive,2,2,212,50343,2,0,0.5796250700950623,1
E3_shuffled_adaptive,2,2,217,50348,2,0,0.08965685963630676,0
E3_shuffled_adaptive,2,2,228,50359,2,0,0.1057179868221283,0
E3_shuffled_adaptive,2,2,246,50379,2,0,0.0799802765250206,0
E3_shuffled_adaptive,2,2,251,50385,2,0,0.9329795837402344,1
E3_shuffled_adaptive,2,2,277,50422,2,0,0.9241149425506592,1
E3_shuffled_adaptive,2,2,280,50426,2,0,0.07779895514249802,0
E3_shuffled_adaptive,2,2,281,50427,2,0,0.07841140031814575,0
E3_shuffled_adaptive,2,2,288,50438,2,0,0.08047180622816086,0
E3_shuffled_adaptive,2,2,293,50443,2,0,0.6641383171081543,1
E3_shuffled_adaptive,2,2,326,50501,1,1,0.9315386414527893,1
E3_shuffled_adaptive,2,2,336,50518,1,1,0.9329404830932617,1
E3_shuffled_adaptive,2,2,340,50523,1,1,0.9317041039466858,1
E3_shuffled_adaptive,2,2,352,50555,2,0,0.0779704824090004,0
E3_shuffled_adaptive,2,2,354,50558,2,0,0.07781945914030075,0
E3_shuffled_adaptive,2,2,373,50606,1,1,0.9320113062858582,1
E3_shuffled_adaptive,2,2,392,50644,1,1,0.8922535181045532,1
E3_shuffled_adaptive,2,2,396,50654,1,1,0.29982608556747437,0
E3_shuffled_adaptive,2,2,403,50683,2,0,0.0797126516699791,0
E3_shuffled_adaptive,2,2,404,50685,2,0,0.08200088888406754,0
E3_shuffled_adaptive,2,2,417,50698,2,0,0.08295850455760956,0
E3_shuffled_adaptive,2,2,422,50703,2,0,0.07883596420288086,0
E3_shuffled_adaptive,2,2,437,50731,2,0,0.08321730047464371,0
E3_shuffled_adaptive,2,2,450,50749,1,1,0.931745171546936,1
E3_shuffled_adaptive,2,2,460,50774,2,0,0.07828238606452942,0
E3_shuffled_adaptive,2,2,462,50776,2,0,0.07999337464570999,0
E3_shuffled_adaptive,2,2,474,50797,1,1,0.8730469346046448,1
E3_shuffled_adaptive,2,2,508,50972,1,1,0.9327207803726196,1
E3_shuffled_adaptive,2,2,514,50979,1,1,0.7824729084968567,1
E3_shuffled_adaptive,2,2,537,51006,1,1,0.9321365356445312,1
E3_shuffled_adaptive,2,2,538,51007,1,1,0.9315515756607056,1
E3_shuffled_adaptive,2,2,550,51019,1,1,0.9279458522796631,1
E3_shuffled_adaptive,2,2,554,51024,1,1,0.9329280257225037,1
E3_shuffled_adaptive,2,2,571,51044,2,0,0.08589430153369904,0
E3_shuffled_adaptive,2,2,579,51052,2,0,0.07962805032730103,0
E3_shuffled_adaptive,2,2,583,51056,2,0,0.08805882930755615,0
E3_shuffled_adaptive,2,2,590,51063,2,0,0.08569785207509995,0
E3_shuffled_adaptive,2,2,599,51073,2,0,0.08689674735069275,0
E3_shuffled_adaptive,2,2,622,51097,2,0,0.09985009580850601,0
E3_shuffled_adaptive,2,2,628,51103,2,0,0.11179155856370926,0
E3_shuffled_adaptive,2,2,638,51114,2,0,0.09800224751234055,0
E3_shuffled_adaptive,2,2,661,51142,2,0,0.08415164053440094,0
E3_shuffled_adaptive,2,2,672,51156,2,0,0.08835488557815552,0
E3_shuffled_adaptive,2,2,677,51164,1,1,0.9327445030212402,1
E3_shuffled_adaptive,2,2,689,51183,2,0,0.17268158495426178,0
E3_shuffled_adaptive,2,2,705,51207,1,1,0.9297434091567993,1
E3_shuffled_adaptive,2,2,706,51208,1,1,0.9257490038871765,1
E3_shuffled_adaptive,2,2,709,51212,1,1,0.9286472797393799,1
E3_shuffled_adaptive,2,2,720,51224,1,1,0.9319758415222168,1
E3_shuffled_adaptive,2,2,723,51228,1,1,0.9292711019515991,1
E3_shuffled_adaptive,2,2,728,51235,1,1,0.9321373701095581,1
E3_shuffled_adaptive,2,2,735,51249,1,1,0.9286236763000488,1
E3_shuffled_adaptive,2,2,737,51251,2,0,0.22523663938045502,0
E3_shuffled_adaptive,2,2,741,51255,2,0,0.07914291322231293,0
E3_shuffled_adaptive,2,2,767,51295,1,1,0.9328382611274719,1
E3_shuffled_adaptive,2,2,769,51298,1,1,0.9324851036071777,1
E3_shuffled_adaptive,2,2,770,51299,1,1,0.9319900870323181,1
E3_shuffled_adaptive,2,2,791,51326,1,1,0.90885329246521,1
E3_shuffled_adaptive,2,2,795,51330,1,1,0.9267226457595825,1
E3_shuffled_adaptive,2,2,805,51341,2,0,0.7008552551269531,1
E3_shuffled_adaptive,2,2,838,51484,2,0,0.12620940804481506,0
E3_shuffled_adaptive,2,2,853,51567,2,0,0.07781069725751877,0
E3_shuffled_adaptive,2,2,856,51570,2,0,0.8970268964767456,1
E3_shuffled_adaptive,2,2,858,51573,1,1,0.926871120929718,1
E3_shuffled_adaptive,2,2,865,51582,1,1,0.9326104521751404,1
E3_shuffled_adaptive,2,2,868,51585,1,1,0.9310603737831116,1
E3_shuffled_adaptive,2,3,1,50004,1,1,0.8677189946174622,1
E3_shuffled_adaptive,2,3,4,50007,1,1,0.25429999828338623,0
E3_shuffled_adaptive,2,3,25,50034,2,0,0.07028144598007202,0
E3_shuffled_adaptive,2,3,34,50043,2,0,0.0775771364569664,0
E3_shuffled_adaptive,2,3,62,50116,2,0,0.09249186515808105,0
E3_shuffled_adaptive,2,3,108,50188,1,1,0.07351374626159668,0
E3_shuffled_adaptive,2,3,117,50200,2,0,0.07258029282093048,0
E3_shuffled_adaptive,2,3,125,50210,2,0,0.07145658880472183,0
E3_shuffled_adaptive,2,3,141,50248,1,1,0.8677383661270142,1
E3_shuffled_adaptive,2,3,152,50261,2,0,0.8138644099235535,1
E3_shuffled_adaptive,2,3,162,50271,2,0,0.07292197644710541,0
E3_shuffled_adaptive,2,3,163,50272,1,1,0.8640554547309875,1
E3_shuffled_adaptive,2,3,177,50293,1,1,0.7222468852996826,1
E3_shuffled_adaptive,2,3,178,50294,1,1,0.8674861192703247,1
E3_shuffled_adaptive,2,3,200,50331,2,0,0.0711616650223732,0
E3_shuffled_adaptive,2,3,209,50340,2,0,0.07581079751253128,0
E3_shuffled_adaptive,2,3,218,50349,2,0,0.07570850849151611,0
E3_shuffled_adaptive,2,3,229,50360,2,0,0.07164259254932404,0
E3_shuffled_adaptive,2,3,243,50375,2,0,0.07295576483011246,0
E3_shuffled_adaptive,2,3,244,50376,2,0,0.4111810326576233,0
E3_shuffled_adaptive,2,3,265,50408,1,1,0.07732856273651123,0
E3_shuffled_adaptive,2,3,274,50418,2,0,0.07025062292814255,0
E3_shuffled_adaptive,2,3,283,50433,2,0,0.07440616190433502,0
E3_shuffled_adaptive,2,3,302,50466,2,0,0.07051975280046463,0
E3_shuffled_adaptive,2,3,311,50483,1,1,0.6138309836387634,1
E3_shuffled_adaptive,2,3,313,50486,1,1,0.8677188754081726,1
E3_shuffled_adaptive,2,3,321,50496,1,1,0.7574120163917542,1
E3_shuffled_adaptive,2,3,322,50497,1,1,0.8576230406761169,1
E3_shuffled_adaptive,2,3,341,50524,1,1,0.8626595139503479,1
E3_shuffled_adaptive,2,3,342,50525,1,1,0.8608693480491638,1
E3_shuffled_adaptive,2,3,355,50561,2,0,0.07104653865098953,0
E3_shuffled_adaptive,2,3,368,50578,2,0,0.8597177863121033,1
E3_shuffled_adaptive,2,3,370,50602,1,1,0.8677091598510742,1
E3_shuffled_adaptive,2,3,375,50608,1,1,0.37175890803337097,0
E3_shuffled_adaptive,2,3,378,50614,1,1,0.8510713577270508,1
E3_shuffled_adaptive,2,3,379,50615,1,1,0.8642292022705078,1
E3_shuffled_adaptive,2,3,390,50628,1,1,0.8613574504852295,1
E3_shuffled_adaptive,2,3,395,50649,1,1,0.11707641184329987,0
E3_shuffled_adaptive,2,3,399,50664,2,0,0.14815950393676758,0
E3_shuffled_adaptive,2,3,402,50682,2,0,0.07020303606987,0
E3_shuffled_adaptive,2,3,421,50702,1,1,0.8557818531990051,1
E3_shuffled_adaptive,2,3,429,50711,1,1,0.10161233693361282,0
E3_shuffled_adaptive,2,3,431,50723,2,0,0.07024067640304565,0
E3_shuffled_adaptive,2,3,439,50735,2,0,0.07143834233283997,0
E3_shuffled_adaptive,2,3,440,50737,2,0,0.07141061872243881,0
E3_shuffled_adaptive,2,3,445,50742,2,0,0.07049039006233215,0
E3_shuffled_adaptive,2,3,451,50750,1,1,0.7787558436393738,1
E3_shuffled_adaptive,2,3,454,50754,1,1,0.8660061359405518,1
E3_shuffled_adaptive,2,3,455,50755,1,1,0.8649214506149292,1
E3_shuffled_adaptive,2,3,477,50800,1,1,0.8104195594787598,1
E3_shuffled_adaptive,2,3,480,50807,1,1,0.8675880432128906,1
E3_shuffled_adaptive,2,3,497,50959,1,1,0.13501346111297607,0
E3_shuffled_adaptive,2,3,516,50982,1,1,0.07120432704687119,0
E3_shuffled_adaptive,2,3,525,50991,1,1,0.07052120566368103,0
E3_shuffled_adaptive,2,3,548,51017,1,1,0.15566866099834442,0
E3_shuffled_adaptive,2,3,552,51021,1,1,0.8654319643974304,1
E3_shuffled_adaptive,2,3,587,51060,2,0,0.6809730529785156,1
E3_shuffled_adaptive,2,3,597,51070,2,0,0.07017996162176132,0
E3_shuffled_adaptive,2,3,614,51088,2,0,0.07606776803731918,0
E3_shuffled_adaptive,2,3,621,51096,2,0,0.08135801553726196,0
E3_shuffled_adaptive,2,3,631,51106,2,0,0.07798529416322708,0
E3_shuffled_adaptive,2,3,640,51117,2,0,0.07485729455947876,0
E3_shuffled_adaptive,2,3,644,51124,2,0,0.07064197957515717,0
E3_shuffled_adaptive,2,3,650,51131,2,0,0.08137483894824982,0
E3_shuffled_adaptive,2,3,655,51136,2,0,0.1775447279214859,0
E3_shuffled_adaptive,2,3,657,51138,2,0,0.07349303364753723,0
E3_shuffled_adaptive,2,3,663,51147,2,0,0.07057984173297882,0
E3_shuffled_adaptive,2,3,669,51153,2,0,0.07036274671554565,0
E3_shuffled_adaptive,2,3,671,51155,2,0,0.07569831609725952,0
E3_shuffled_adaptive,2,3,691,51185,2,0,0.4814874827861786,0
E3_shuffled_adaptive,2,3,693,51188,2,0,0.07585828006267548,0
E3_shuffled_adaptive,2,3,703,51205,1,1,0.863006055355072,1
E3_shuffled_adaptive,2,3,711,51215,1,1,0.09669484198093414,0
E3_shuffled_adaptive,2,3,724,51229,1,1,0.8610788583755493,1
E3_shuffled_adaptive,2,3,725,51230,1,1,0.8669125437736511,1
E3_shuffled_adaptive,2,3,754,51272,2,0,0.07298862934112549,0
E3_shuffled_adaptive,2,3,757,51276,2,0,0.0711355209350586,0
E3_shuffled_adaptive,2,3,762,51281,2,0,0.07437106221914291,0
E3_shuffled_adaptive,2,3,772,51301,1,1,0.6012604832649231,1
E3_shuffled_adaptive,2,3,783,51315,2,0,0.08084507286548615,0
E3_shuffled_adaptive,2,3,787,51321,1,1,0.739037036895752,1
E3_shuffled_adaptive,2,3,813,51350,1,1,0.8380113840103149,1
E3_shuffled_adaptive,2,3,818,51359,2,0,0.866577684879303,1
E3_shuffled_adaptive,2,3,821,51362,2,0,0.07398693263530731,0
E3_shuffled_adaptive,2,3,829,51463,1,1,0.8671901226043701,1
E3_shuffled_adaptive,2,3,836,51481,2,0,0.0701729953289032,0
E3_shuffled_adaptive,2,3,861,51577,1,1,0.8672754168510437,1
E3_shuffled_adaptive,2,4,5,50008,1,1,0.900044858455658,1
E3_shuffled_adaptive,2,4,17,50025,1,1,0.901422381401062,1
E3_shuffled_adaptive,2,4,23,50032,2,0,0.1328992247581482,0
E3_shuffled_adaptive,2,4,26,50035,2,0,0.12816078960895538,0
E3_shuffled_adaptive,2,4,28,50037,2,0,0.39403998851776123,0
E3_shuffled_adaptive,2,4,51,50103,2,0,0.8793958425521851,1
E3_shuffled_adaptive,2,4,52,50104,2,0,0.12877468764781952,0
E3_shuffled_adaptive,2,4,56,50109,2,0,0.1314360499382019,0
E3_shuffled_adaptive,2,4,58,50112,2,0,0.15317964553833008,0
E3_shuffled_adaptive,2,4,88,50153,1,1,0.9049798250198364,1
E3_shuffled_adaptive,2,4,90,50157,2,0,0.13390092551708221,0
E3_shuffled_adaptive,2,4,100,50169,2,0,0.12810541689395905,0
E3_shuffled_adaptive,2,4,120,50203,2,0,0.13153353333473206,0
E3_shuffled_adaptive,2,4,131,50233,1,1,0.9042521715164185,1
E3_shuffled_adaptive,2,4,136,50240,1,1,0.9046610593795776,1
E3_shuffled_adaptive,2,4,161,50270,2,0,0.12959201633930206,0
E3_shuffled_adaptive,2,4,165,50274,1,1,0.9058943390846252,1
E3_shuffled_adaptive,2,4,172,50287,1,1,0.6919344663619995,1
E3_shuffled_adaptive,2,4,181,50298,1,1,0.8958138823509216,1
E3_shuffled_adaptive,2,4,191,50318,1,1,0.3847939670085907,0
E3_shuffled_adaptive,2,4,211,50342,2,0,0.24595734477043152,0
E3_shuffled_adaptive,2,4,213,50344,2,0,0.13006232678890228,0
E3_shuffled_adaptive,2,4,214,50345,2,0,0.12816837430000305,0
E3_shuffled_adaptive,2,4,225,50356,2,0,0.12998352944850922,0
E3_shuffled_adaptive,2,4,254,50388,2,0,0.12920407950878143,0
E3_shuffled_adaptive,2,4,271,50415,2,0,0.1537676304578781,0
E3_shuffled_adaptive,2,4,306,50470,2,0,0.4011484980583191,0
E3_shuffled_adaptive,2,4,312,50485,1,1,0.12854769825935364,0
E3_shuffled_adaptive,2,4,314,50487,1,1,0.9056583642959595,1
E3_shuffled_adaptive,2,4,315,50488,1,1,0.9044526815414429,1
E3_shuffled_adaptive,2,4,316,50490,1,1,0.870354950428009,1
E3_shuffled_adaptive,2,4,334,50515,1,1,0.9040086269378662,1
E3_shuffled_adaptive,2,4,335,50516,1,1,0.863917350769043,1
E3_shuffled_adaptive,2,4,356,50563,2,0,0.13038161396980286,0
E3_shuffled_adaptive,2,4,383,50621,1,1,0.9059350490570068,1
E3_shuffled_adaptive,2,4,388,50626,1,1,0.9015458822250366,1
E3_shuffled_adaptive,2,4,401,50669,2,0,0.9000988006591797,1
E3_shuffled_adaptive,2,4,416,50697,1,1,0.9050465822219849,1
E3_shuffled_adaptive,2,4,424,50705,1,1,0.5688708424568176,1
E3_shuffled_adaptive,2,4,442,50739,2,0,0.262696236371994,0
E3_shuffled_adaptive,2,4,448,50745,1,1,0.905885636806488,1
E3_shuffled_adaptive,2,4,452,50751,1,1,0.8968331813812256,1
E3_shuffled_adaptive,2,4,453,50752,1,1,0.8798876404762268,1
E3_shuffled_adaptive,2,4,457,50757,1,1,0.46242499351501465,0
E3_shuffled_adaptive,2,4,458,50772,2,0,0.9026296138763428,1
E3_shuffled_adaptive,2,4,464,50778,2,0,0.21228723227977753,0
E3_shuffled_adaptive,2,4,473,50796,1,1,0.9059168696403503,1
E3_shuffled_adaptive,2,4,476,50799,1,1,0.9030510187149048,1
E3_shuffled_adaptive,2,4,483,50816,2,0,0.13177604973316193,0
E3_shuffled_adaptive,2,4,515,50981,1,1,0.9056283235549927,1
E3_shuffled_adaptive,2,4,522,50988,1,1,0.9044511318206787,1
E3_shuffled_adaptive,2,4,545,51014,1,1,0.9028373956680298,1
E3_shuffled_adaptive,2,4,561,51032,1,1,0.9058050513267517,1
E3_shuffled_adaptive,2,4,572,51045,2,0,0.13535039126873016,0
E3_shuffled_adaptive,2,4,580,51053,2,0,0.1315532624721527,0
E3_shuffled_adaptive,2,4,581,51054,2,0,0.12806622684001923,0
E3_shuffled_adaptive,2,4,606,51080,2,0,0.8936110138893127,1
E3_shuffled_adaptive,2,4,607,51081,2,0,0.12850810587406158,0
E3_shuffled_adaptive,2,4,609,51083,2,0,0.9056288003921509,1
E3_shuffled_adaptive,2,4,630,51105,2,0,0.13098660111427307,0
E3_shuffled_adaptive,2,4,637,51113,2,0,0.12993209064006805,0
E3_shuffled_adaptive,2,4,646,51127,2,0,0.8890079855918884,1
E3_shuffled_adaptive,2,4,647,51128,2,0,0.1356237828731537,0
E3_shuffled_adaptive,2,4,652,51133,2,0,0.5889930725097656,1
E3_shuffled_adaptive,2,4,658,51139,2,0,0.12877558171749115,0
E3_shuffled_adaptive,2,4,659,51140,2,0,0.1310162991285324,0
E3_shuffled_adaptive,2,4,664,51148,2,0,0.1350770741701126,0
E3_shuffled_adaptive,2,4,674,51161,1,1,0.9035720825195312,1
E3_shuffled_adaptive,2,4,675,51162,1,1,0.9057162404060364,1
E3_shuffled_adaptive,2,4,681,51171,1,1,0.9052348732948303,1
E3_shuffled_adaptive,2,4,682,51173,1,1,0.9058457612991333,1
E3_shuffled_adaptive,2,4,697,51197,2,0,0.2938216030597687,0
E3_shuffled_adaptive,2,4,704,51206,1,1,0.9058201909065247,1
E3_shuffled_adaptive,2,4,714,51218,1,1,0.9004610180854797,1
E3_shuffled_adaptive,2,4,718,51222,1,1,0.14037847518920898,0
E3_shuffled_adaptive,2,4,733,51241,1,1,0.8964799642562866,1
E3_shuffled_adaptive,2,4,759,51278,2,0,0.6028664708137512,1
E3_shuffled_adaptive,2,4,766,51294,1,1,0.8968130946159363,1
E3_shuffled_adaptive,2,4,775,51304,2,0,0.131109356880188,0
E3_shuffled_adaptive,2,4,776,51305,2,0,0.12922221422195435,0
E3_shuffled_adaptive,2,4,799,51334,2,0,0.12977324426174164,0
E3_shuffled_adaptive,2,4,804,51340,2,0,0.13008148968219757,0
E3_shuffled_adaptive,2,4,811,51347,2,0,0.1283155083656311,0
E3_shuffled_adaptive,2,4,830,51464,1,1,0.9013091325759888,1
E3_shuffled_adaptive,2,4,835,51480,2,0,0.131514310836792,0
E3_shuffled_adaptive,2,4,855,51569,2,0,0.14622563123703003,0
E3_shuffled_adaptive,2,4,862,51578,1,1,0.9028366208076477,1
E3_shuffled_adaptive,2,5,3,50006,1,1,0.8862413763999939,1
E3_shuffled_adaptive,2,5,8,50012,1,1,0.8291410803794861,1
E3_shuffled_adaptive,2,5,12,50016,1,1,0.8845299482345581,1
E3_shuffled_adaptive,2,5,14,50022,1,1,0.10068852454423904,0
E3_shuffled_adaptive,2,5,19,50027,1,1,0.10109330713748932,0
E3_shuffled_adaptive,2,5,21,50030,2,0,0.10018119215965271,0
E3_shuffled_adaptive,2,5,29,50038,2,0,0.10055997967720032,0
E3_shuffled_adaptive,2,5,31,50040,2,0,0.10266286879777908,0
E3_shuffled_adaptive,2,5,63,50117,2,0,0.11762790381908417,0
E3_shuffled_adaptive,2,5,80,50144,1,1,0.8845226764678955,1
E3_shuffled_adaptive,2,5,82,50146,1,1,0.10543280094861984,0
E3_shuffled_adaptive,2,5,103,50182,1,1,0.7749495506286621,1
E3_shuffled_adaptive,2,5,113,50195,2,0,0.10056690871715546,0
E3_shuffled_adaptive,2,5,119,50202,2,0,0.11180814355611801,0
E3_shuffled_adaptive,2,5,126,50213,2,0,0.10020861029624939,0
E3_shuffled_adaptive,2,5,135,50239,1,1,0.11583876609802246,0
E3_shuffled_adaptive,2,5,142,50249,1,1,0.8857683539390564,1
E3_shuffled_adaptive,2,5,156,50265,2,0,0.10999834537506104,0
E3_shuffled_adaptive,2,5,157,50266,2,0,0.09996700286865234,0
E3_shuffled_adaptive,2,5,170,50284,1,1,0.5558326244354248,1
E3_shuffled_adaptive,2,5,173,50289,1,1,0.4921471178531647,0
E3_shuffled_adaptive,2,5,175,50291,1,1,0.530978798866272,1
E3_shuffled_adaptive,2,5,186,50308,1,1,0.7120282053947449,1
E3_shuffled_adaptive,2,5,195,50324,1,1,0.8540040254592896,1
E3_shuffled_adaptive,2,5,197,50327,2,0,0.10034431517124176,0
E3_shuffled_adaptive,2,5,198,50329,2,0,0.10475011169910431,0
E3_shuffled_adaptive,2,5,199,50330,2,0,0.09985430538654327,0
E3_shuffled_adaptive,2,5,206,50337,2,0,0.11362611502408981,0
E3_shuffled_adaptive,2,5,222,50353,2,0,0.10348889231681824,0
E3_shuffled_adaptive,2,5,236,50367,2,0,0.10108060389757156,0
E3_shuffled_adaptive,2,5,240,50372,2,0,0.09991727024316788,0
E3_shuffled_adaptive,2,5,264,50407,1,1,0.8796230554580688,1
E3_shuffled_adaptive,2,5,267,50411,1,1,0.8865091800689697,1
E3_shuffled_adaptive,2,5,272,50416,2,0,0.10043155401945114,0
E3_shuffled_adaptive,2,5,275,50419,2,0,0.10038509219884872,0
E3_shuffled_adaptive,2,5,279,50425,2,0,0.10777415335178375,0
E3_shuffled_adaptive,2,5,292,50442,2,0,0.10265939682722092,0
E3_shuffled_adaptive,2,5,297,50447,2,0,0.11363093554973602,0
E3_shuffled_adaptive,2,5,298,50448,2,0,0.16150721907615662,0
E3_shuffled_adaptive,2,5,305,50469,2,0,0.10133998095989227,0
E3_shuffled_adaptive,2,5,309,50481,1,1,0.8858833312988281,1
E3_shuffled_adaptive,2,5,319,50493,1,1,0.8808506727218628,1
E3_shuffled_adaptive,2,5,320,50494,1,1,0.2616511583328247,0
E3_shuffled_adaptive,2,5,325,50500,1,1,0.8843669295310974,1
E3_shuffled_adaptive,2,5,331,50509,1,1,0.8171374201774597,1
E3_shuffled_adaptive,2,5,332,50510,1,1,0.8860962986946106,1
E3_shuffled_adaptive,2,5,338,50520,1,1,0.886536180973053,1
E3_shuffled_adaptive,2,5,346,50529,1,1,0.885134220123291,1
E3_shuffled_adaptive,2,5,367,50577,2,0,0.10012473911046982,0
E3_shuffled_adaptive,2,5,381,50619,1,1,0.8823652863502502,1
E3_shuffled_adaptive,2,5,384,50622,1,1,0.879236102104187,1
E3_shuffled_adaptive,2,5,398,50659,2,0,0.25714248418807983,0
E3_shuffled_adaptive,2,5,400,50665,2,0,0.3096126914024353,0
E3_shuffled_adaptive,2,5,433,50725,2,0,0.09984838217496872,0
E3_shuffled_adaptive,2,5,436,50730,2,0,0.10322305560112,0
E3_shuffled_adaptive,2,5,487,50821,2,0,0.0999201089143753,0
E3_shuffled_adaptive,2,5,492,50954,1,1,0.12507832050323486,0
E3_shuffled_adaptive,2,5,503,50966,1,1,0.3423705995082855,0
E3_shuffled_adaptive,2,5,520,50986,1,1,0.1155824214220047,0
E3_shuffled_adaptive,2,5,530,50996,1,1,0.865743100643158,1
E3_shuffled_adaptive,2,5,546,51015,1,1,0.10054168850183487,0
E3_shuffled_adaptive,2,5,559,51029,1,1,0.8857926726341248,1
E3_shuffled_adaptive,2,5,560,51030,1,1,0.8825268745422363,1
E3_shuffled_adaptive,2,5,589,51062,2,0,0.10433630645275116,0
E3_shuffled_adaptive,2,5,594,51067,2,0,0.10563741624355316,0
E3_shuffled_adaptive,2,5,602,51076,2,0,0.10477353632450104,0
E3_shuffled_adaptive,2,5,613,51087,2,0,0.10042408108711243,0
E3_shuffled_adaptive,2,5,625,51100,2,0,0.10044269263744354,0
E3_shuffled_adaptive,2,5,629,51104,2,0,0.10003192722797394,0
E3_shuffled_adaptive,2,5,635,51111,2,0,0.10063070803880692,0
E3_shuffled_adaptive,2,5,678,51168,1,1,0.5818743109703064,1
E3_shuffled_adaptive,2,5,690,51184,2,0,0.29592427611351013,0
E3_shuffled_adaptive,2,5,727,51234,1,1,0.8778464794158936,1
E3_shuffled_adaptive,2,5,743,51257,2,0,0.11544067412614822,0
E3_shuffled_adaptive,2,5,774,51303,2,0,0.10062497854232788,0
E3_shuffled_adaptive,2,5,780,51309,2,0,0.8717083930969238,1
E3_shuffled_adaptive,2,5,786,51320,1,1,0.8859778642654419,1
E3_shuffled_adaptive,2,5,810,51346,2,0,0.10093936324119568,0
E3_shuffled_adaptive,2,5,814,51351,1,1,0.11403907090425491,0
E3_shuffled_adaptive,2,5,815,51354,1,1,0.7531010508537292,1
E3_shuffled_adaptive,2,5,820,51361,2,0,0.10164264589548111,0
E3_shuffled_adaptive,2,5,834,51479,2,0,0.10497286915779114,0
E3_shuffled_adaptive,2,5,841,51491,2,0,0.10264748334884644,0
E3_shuffled_adaptive,2,5,844,51557,2,0,0.1002592071890831,0
E3_shuffled_adaptive,2,5,845,51558,2,0,0.09987437725067139,0
E3_shuffled_adaptive,2,5,846,51559,2,0,0.10734983533620834,0
E3_shuffled_adaptive,2,5,870,51607,1,1,0.10259712487459183,0
E3_shuffled_adaptive,2,6,13,50020,1,1,0.7970543503761292,1
E3_shuffled_adaptive,2,6,15,50023,1,1,0.7640830874443054,1
E3_shuffled_adaptive,2,6,22,50031,2,0,0.1593891680240631,0
E3_shuffled_adaptive,2,6,59,50113,2,0,0.16564542055130005,0
E3_shuffled_adaptive,2,6,60,50114,2,0,0.1621468961238861,0
E3_shuffled_adaptive,2,6,65,50119,1,1,0.159396693110466,0
E3_shuffled_adaptive,2,6,71,50128,1,1,0.720846951007843,1
E3_shuffled_adaptive,2,6,77,50135,1,1,0.7969784736633301,1
E3_shuffled_adaptive,2,6,89,50156,1,1,0.8016439080238342,1
E3_shuffled_adaptive,2,6,93,50160,2,0,0.1591242402791977,0
E3_shuffled_adaptive,2,6,94,50161,2,0,0.2628485858440399,0
E3_shuffled_adaptive,2,6,96,50163,2,0,0.17023654282093048,0
E3_shuffled_adaptive,2,6,128,50215,2,0,0.16361242532730103,0
E3_shuffled_adaptive,2,6,143,50250,1,1,0.16972266137599945,0
E3_shuffled_adaptive,2,6,166,50275,1,1,0.7876219153404236,1
E3_shuffled_adaptive,2,6,167,50276,1,1,0.8008156418800354,1
E3_shuffled_adaptive,2,6,168,50278,1,1,0.7979737520217896,1
E3_shuffled_adaptive,2,6,171,50285,1,1,0.6047143340110779,1
E3_shuffled_adaptive,2,6,174,50290,1,1,0.6978707909584045,1
E3_shuffled_adaptive,2,6,190,50315,1,1,0.8015864491462708,1
E3_shuffled_adaptive,2,6,219,50350,2,0,0.16009841859340668,0
E3_shuffled_adaptive,2,6,220,50351,2,0,0.15936177968978882,0
E3_shuffled_adaptive,2,6,227,50358,2,0,0.20790280401706696,0
E3_shuffled_adaptive,2,6,235,50366,2,0,0.15956321358680725,0
E3_shuffled_adaptive,2,6,276,50421,2,0,0.15912891924381256,0
E3_shuffled_adaptive,2,6,287,50437,2,0,0.7885011434555054,1
E3_shuffled_adaptive,2,6,290,50440,2,0,0.2282203733921051,0
E3_shuffled_adaptive,2,6,310,50482,1,1,0.8005654215812683,1
E3_shuffled_adaptive,2,6,327,50502,1,1,0.7937635183334351,1
E3_shuffled_adaptive,2,6,333,50514,1,1,0.4514544904232025,0
E3_shuffled_adaptive,2,6,337,50519,1,1,0.7973960041999817,1
E3_shuffled_adaptive,2,6,350,50551,2,0,0.2526475787162781,0
E3_shuffled_adaptive,2,6,362,50572,2,0,0.16023977100849152,0
E3_shuffled_adaptive,2,6,382,50620,1,1,0.19538962841033936,0
E3_shuffled_adaptive,2,6,393,50647,1,1,0.4166383147239685,0
E3_shuffled_adaptive,2,6,406,50687,2,0,0.6467422246932983,1
E3_shuffled_adaptive,2,6,408,50689,1,1,0.7986372113227844,1
E3_shuffled_adaptive,2,6,409,50690,1,1,0.159051775932312,0
E3_shuffled_adaptive,2,6,418,50699,2,0,0.7699694633483887,1
E3_shuffled_adaptive,2,6,423,50704,1,1,0.5907691717147827,1
E3_shuffled_adaptive,2,6,426,50707,2,0,0.15931782126426697,0
E3_shuffled_adaptive,2,6,435,50728,2,0,0.17688250541687012,0
E3_shuffled_adaptive,2,6,449,50748,1,1,0.7949732542037964,1
E3_shuffled_adaptive,2,6,456,50756,1,1,0.7579156756401062,1
E3_shuffled_adaptive,2,6,467,50782,2,0,0.1603347808122635,0
E3_shuffled_adaptive,2,6,486,50820,2,0,0.1603526622056961,0
E3_shuffled_adaptive,2,6,488,50822,2,0,0.15987667441368103,0
E3_shuffled_adaptive,2,6,489,50823,1,1,0.797802746295929,1
E3_shuffled_adaptive,2,6,499,50961,1,1,0.6548831462860107,1
E3_shuffled_adaptive,2,6,500,50962,1,1,0.1929401010274887,0
E3_shuffled_adaptive,2,6,502,50965,1,1,0.8014549612998962,1
E3_shuffled_adaptive,2,6,531,50997,1,1,0.7919557690620422,1
E3_shuffled_adaptive,2,6,542,51011,1,1,0.8010910153388977,1
E3_shuffled_adaptive,2,6,562,51033,1,1,0.7598841190338135,1
E3_shuffled_adaptive,2,6,577,51050,2,0,0.1590612679719925,0
E3_shuffled_adaptive,2,6,610,51084,2,0,0.7891317009925842,1
E3_shuffled_adaptive,2,6,615,51089,2,0,0.16006067395210266,0
E3_shuffled_adaptive,2,6,639,51116,2,0,0.1672467291355133,0
E3_shuffled_adaptive,2,6,648,51129,2,0,0.16148164868354797,0
E3_shuffled_adaptive,2,6,656,51137,2,0,0.16012802720069885,0
E3_shuffled_adaptive,2,6,679,51169,1,1,0.3373570442199707,0
E3_shuffled_adaptive,2,6,685,51179,1,1,0.7792947888374329,1
E3_shuffled_adaptive,2,6,688,51182,2,0,0.16621384024620056,0
E3_shuffled_adaptive,2,6,700,51202,1,1,0.7985097169876099,1
E3_shuffled_adaptive,2,6,731,51239,1,1,0.7870725989341736,1
E3_shuffled_adaptive,2,6,744,51260,2,0,0.16083765029907227,0
E3_shuffled_adaptive,2,6,746,51262,2,0,0.25313591957092285,0
E3_shuffled_adaptive,2,6,747,51264,2,0,0.15916049480438232,0
E3_shuffled_adaptive,2,6,751,51268,2,0,0.15967078506946564,0
E3_shuffled_adaptive,2,6,753,51271,2,0,0.15888094902038574,0
E3_shuffled_adaptive,2,6,755,51273,2,0,0.7828705310821533,1
E3_shuffled_adaptive,2,6,760,51279,2,0,0.16015423834323883,0
E3_shuffled_adaptive,2,6,763,51291,1,1,0.8007715940475464,1
E3_shuffled_adaptive,2,6,768,51297,1,1,0.7882991433143616,1
E3_shuffled_adaptive,2,6,773,51302,1,1,0.37934258580207825,0
E3_shuffled_adaptive,2,6,779,51308,2,0,0.16012190282344818,0
E3_shuffled_adaptive,2,6,781,51311,2,0,0.15900233387947083,0
E3_shuffled_adaptive,2,6,801,51336,2,0,0.1594821661710739,0
E3_shuffled_adaptive,2,6,809,51345,2,0,0.16088248789310455,0
E3_shuffled_adaptive,2,6,824,51365,2,0,0.1594717800617218,0
E3_shuffled_adaptive,2,6,831,51465,1,1,0.7982365489006042,1
E3_shuffled_adaptive,2,6,840,51488,2,0,0.1652534306049347,0
E3_shuffled_adaptive,2,6,843,51556,2,0,0.16762587428092957,0
E3_shuffled_adaptive,2,6,848,51562,2,0,0.158967986702919,0
E3_shuffled_adaptive,2,6,849,51563,2,0,0.15950439870357513,0
E3_shuffled_adaptive,2,6,854,51568,2,0,0.17433582246303558,0
E3_shuffled_adaptive,2,6,859,51574,1,1,0.7438282370567322,1
E3_shuffled_adaptive,2,7,38,50047,2,0,0.17857642471790314,0
E3_shuffled_adaptive,2,7,44,50053,1,1,0.5022640824317932,1
E3_shuffled_adaptive,2,7,46,50056,1,1,0.8455446362495422,1
E3_shuffled_adaptive,2,7,47,50057,1,1,0.1594138890504837,0
E3_shuffled_adaptive,2,7,57,50111,2,0,0.1591353863477707,0
E3_shuffled_adaptive,2,7,68,50124,1,1,0.8457132577896118,1
E3_shuffled_adaptive,2,7,69,50125,1,1,0.8261527419090271,1
E3_shuffled_adaptive,2,7,85,50149,1,1,0.8138278126716614,1
E3_shuffled_adaptive,2,7,91,50158,2,0,0.16119088232517242,0
E3_shuffled_adaptive,2,7,97,50164,2,0,0.16807284951210022,0
E3_shuffled_adaptive,2,7,111,50193,2,0,0.1586681753396988,0
E3_shuffled_adaptive,2,7,116,50199,2,0,0.15865996479988098,0
E3_shuffled_adaptive,2,7,137,50241,1,1,0.8078879714012146,1
E3_shuffled_adaptive,2,7,139,50245,1,1,0.5491739511489868,1
E3_shuffled_adaptive,2,7,145,50252,1,1,0.4260573983192444,0
E3_shuffled_adaptive,2,7,147,50254,1,1,0.572110116481781,1
E3_shuffled_adaptive,2,7,148,50255,1,1,0.8402168154716492,1
E3_shuffled_adaptive,2,7,154,50263,2,0,0.16052138805389404,0
E3_shuffled_adaptive,2,7,159,50268,2,0,0.15865065157413483,0
E3_shuffled_adaptive,2,7,185,50304,1,1,0.4005835950374603,0
E3_shuffled_adaptive,2,7,189,50314,1,1,0.846581757068634,1
E3_shuffled_adaptive,2,7,201,50332,2,0,0.15872645378112793,0
E3_shuffled_adaptive,2,7,207,50338,2,0,0.1586424559354782,0
E3_shuffled_adaptive,2,7,208,50339,2,0,0.15940693020820618,0
E3_shuffled_adaptive,2,7,230,50361,2,0,0.16065624356269836,0
E3_shuffled_adaptive,2,7,238,50369,2,0,0.16183792054653168,0
E3_shuffled_adaptive,2,7,241,50373,2,0,0.16210003197193146,0
E3_shuffled_adaptive,2,7,249,50382,2,0,0.15884976089000702,0
E3_shuffled_adaptive,2,7,269,50413,1,1,0.8444404602050781,1
E3_shuffled_adaptive,2,7,278,50424,2,0,0.15862590074539185,0
E3_shuffled_adaptive,2,7,308,50480,1,1,0.8436010479927063,1
E3_shuffled_adaptive,2,7,318,50492,1,1,0.8347143530845642,1
E3_shuffled_adaptive,2,7,330,50507,1,1,0.18744395673274994,0
E3_shuffled_adaptive,2,7,351,50552,2,0,0.16637013852596283,0
E3_shuffled_adaptive,2,7,353,50557,2,0,0.15870748460292816,0
E3_shuffled_adaptive,2,7,364,50574,2,0,0.21142461895942688,0
E3_shuffled_adaptive,2,7,371,50603,1,1,0.846595048904419,1
E3_shuffled_adaptive,2,7,376,50612,1,1,0.6843112707138062,1
E3_shuffled_adaptive,2,7,389,50627,1,1,0.6663755178451538,1
E3_shuffled_adaptive,2,7,410,50691,2,0,0.1634247601032257,0
E3_shuffled_adaptive,2,7,428,50709,2,0,0.1615772396326065,0
E3_shuffled_adaptive,2,7,438,50733,2,0,0.15864527225494385,0
E3_shuffled_adaptive,2,7,441,50738,2,0,0.1606292426586151,0
E3_shuffled_adaptive,2,7,444,50741,2,0,0.15922260284423828,0
E3_shuffled_adaptive,2,7,447,50744,1,1,0.8254006505012512,1
E3_shuffled_adaptive,2,7,463,50777,2,0,0.16339747607707977,0
E3_shuffled_adaptive,2,7,465,50780,2,0,0.17842265963554382,0
E3_shuffled_adaptive,2,7,469,50786,2,0,0.16939839720726013,0
E3_shuffled_adaptive,2,7,478,50801,1,1,0.7970436215400696,1
E3_shuffled_adaptive,2,7,479,50803,1,1,0.8407031297683716,1
E3_shuffled_adaptive,2,7,493,50955,1,1,0.1611856371164322,0
E3_shuffled_adaptive,2,7,510,50974,1,1,0.8373552560806274,1
E3_shuffled_adaptive,2,7,521,50987,1,1,0.846208393573761,1
E3_shuffled_adaptive,2,7,534,51001,1,1,0.84501713514328,1
E3_shuffled_adaptive,2,7,544,51013,1,1,0.8239374756813049,1
E3_shuffled_adaptive,2,7,553,51023,1,1,0.8366947770118713,1
E3_shuffled_adaptive,2,7,558,51028,1,1,0.8467530608177185,1
E3_shuffled_adaptive,2,7,568,51040,2,0,0.15911340713500977,0
E3_shuffled_adaptive,2,7,582,51055,2,0,0.1595797836780548,0
E3_shuffled_adaptive,2,7,586,51059,2,0,0.16384930908679962,0
E3_shuffled_adaptive,2,7,595,51068,2,0,0.42613375186920166,0
E3_shuffled_adaptive,2,7,598,51072,2,0,0.18425367772579193,0
E3_shuffled_adaptive,2,7,600,51074,2,0,0.6024223566055298,1
E3_shuffled_adaptive,2,7,611,51085,2,0,0.8285600543022156,1
E3_shuffled_adaptive,2,7,616,51090,2,0,0.1594109982252121,0
E3_shuffled_adaptive,2,7,623,51098,2,0,0.163656547665596,0
E3_shuffled_adaptive,2,7,627,51102,2,0,0.16052930057048798,0
E3_shuffled_adaptive,2,7,634,51110,2,0,0.16051563620567322,0
E3_shuffled_adaptive,2,7,651,51132,2,0,0.16064271330833435,0
E3_shuffled_adaptive,2,7,665,51149,2,0,0.1596430242061615,0
E3_shuffled_adaptive,2,7,668,51152,2,0,0.1592196375131607,0
E3_shuffled_adaptive,2,7,670,51154,2,0,0.15901188552379608,0
E3_shuffled_adaptive,2,7,676,51163,1,1,0.8227171301841736,1
E3_shuffled_adaptive,2,7,694,51189,2,0,0.16348132491111755,0
E3_shuffled_adaptive,2,7,713,51217,1,1,0.18286868929862976,0
E3_shuffled_adaptive,2,7,719,51223,1,1,0.17987796664237976,0
E3_shuffled_adaptive,2,7,726,51231,1,1,0.21688960492610931,0
E3_shuffled_adaptive,2,7,729,51236,1,1,0.2819576561450958,0
E3_shuffled_adaptive,2,7,730,51237,1,1,0.8379142880439758,1
E3_shuffled_adaptive,2,7,732,51240,1,1,0.8463757634162903,1
E3_shuffled_adaptive,2,7,745,51261,2,0,0.16717977821826935,0
E3_shuffled_adaptive,2,7,790,51325,1,1,0.8204598426818848,1
E3_shuffled_adaptive,2,7,798,51333,2,0,0.1590852588415146,0
E3_shuffled_adaptive,2,7,807,51343,2,0,0.15984675288200378,0
E3_shuffled_adaptive,2,7,812,51349,1,1,0.15939722955226898,0
E3_shuffled_adaptive,2,7,833,51477,2,0,0.15883700549602509,0
E3_shuffled_adaptive,2,7,863,51579,1,1,0.160066157579422,0
E3_shuffled_adaptive,2,8,49,50060,2,0,0.1795826107263565,0
E3_shuffled_adaptive,2,8,61,50115,2,0,0.17918787896633148,0
E3_shuffled_adaptive,2,8,64,50118,1,1,0.9018180966377258,1
E3_shuffled_adaptive,2,8,70,50127,1,1,0.9024697542190552,1
E3_shuffled_adaptive,2,8,102,50171,2,0,0.38449224829673767,0
E3_shuffled_adaptive,2,8,105,50184,1,1,0.9009561538696289,1
E3_shuffled_adaptive,2,8,107,50187,1,1,0.1867969036102295,0
E3_shuffled_adaptive,2,8,112,50194,2,0,0.1791762411594391,0
E3_shuffled_adaptive,2,8,114,50196,2,0,0.5611927509307861,1
E3_shuffled_adaptive,2,8,118,50201,2,0,0.1832890510559082,0
E3_shuffled_adaptive,2,8,124,50208,2,0,0.22569461166858673,0
E3_shuffled_adaptive,2,8,133,50236,1,1,0.9015242457389832,1
E3_shuffled_adaptive,2,8,134,50237,1,1,0.9022608399391174,1
E3_shuffled_adaptive,2,8,146,50253,1,1,0.9033663868904114,1
E3_shuffled_adaptive,2,8,151,50260,2,0,0.21546456217765808,0
E3_shuffled_adaptive,2,8,160,50269,2,0,0.7368955016136169,1
E3_shuffled_adaptive,2,8,179,50295,1,1,0.903674304485321,1
E3_shuffled_adaptive,2,8,183,50301,1,1,0.9037401080131531,1
E3_shuffled_adaptive,2,8,184,50302,1,1,0.903783917427063,1
E3_shuffled_adaptive,2,8,196,50325,1,1,0.22004853188991547,0
E3_shuffled_adaptive,2,8,203,50334,2,0,0.90135258436203,1
E3_shuffled_adaptive,2,8,210,50341,2,0,0.18297255039215088,0
E3_shuffled_adaptive,2,8,215,50346,2,0,0.1798870712518692,0
E3_shuffled_adaptive,2,8,216,50347,2,0,0.17982979118824005,0
E3_shuffled_adaptive,2,8,223,50354,2,0,0.20031021535396576,0
E3_shuffled_adaptive,2,8,224,50355,2,0,0.2210734486579895,0
E3_shuffled_adaptive,2,8,237,50368,2,0,0.17905505001544952,0
E3_shuffled_adaptive,2,8,255,50390,2,0,0.18467964231967926,0
E3_shuffled_adaptive,2,8,256,50391,2,0,0.18470171093940735,0
E3_shuffled_adaptive,2,8,260,50403,1,1,0.3125011920928955,0
E3_shuffled_adaptive,2,8,266,50410,1,1,0.8989534974098206,1
E3_shuffled_adaptive,2,8,296,50446,2,0,0.3595265746116638,0
E3_shuffled_adaptive,2,8,299,50449,2,0,0.2270698845386505,0
E3_shuffled_adaptive,2,8,328,50503,1,1,0.9016017317771912,1
E3_shuffled_adaptive,2,8,339,50521,1,1,0.7191749811172485,1
E3_shuffled_adaptive,2,8,343,50526,1,1,0.9016359448432922,1
E3_shuffled_adaptive,2,8,347,50530,1,1,0.8988659381866455,1
E3_shuffled_adaptive,2,8,349,50532,1,1,0.8991389870643616,1
E3_shuffled_adaptive,2,8,365,50575,2,0,0.32058951258659363,0
E3_shuffled_adaptive,2,8,377,50613,1,1,0.9007465839385986,1
E3_shuffled_adaptive,2,8,386,50624,1,1,0.9033769965171814,1
E3_shuffled_adaptive,2,8,387,50625,1,1,0.17909128963947296,0
E3_shuffled_adaptive,2,8,413,50694,1,1,0.9000650644302368,1
E3_shuffled_adaptive,2,8,414,50695,1,1,0.8626697063446045,1
E3_shuffled_adaptive,2,8,470,50790,2,0,0.17926225066184998,0
E3_shuffled_adaptive,2,8,485,50818,2,0,0.17918995022773743,0
E3_shuffled_adaptive,2,8,496,50958,1,1,0.9013776183128357,1
E3_shuffled_adaptive,2,8,504,50967,1,1,0.8986203670501709,1
E3_shuffled_adaptive,2,8,517,50983,1,1,0.9037815928459167,1
E3_shuffled_adaptive,2,8,536,51003,1,1,0.9036755561828613,1
E3_shuffled_adaptive,2,8,540,51009,1,1,0.9017483592033386,1
E3_shuffled_adaptive,2,8,551,51020,1,1,0.670397162437439,1
E3_shuffled_adaptive,2,8,569,51041,2,0,0.18728911876678467,0
E3_shuffled_adaptive,2,8,570,51042,2,0,0.18240709602832794,0
E3_shuffled_adaptive,2,8,574,51047,2,0,0.2773680090904236,0
E3_shuffled_adaptive,2,8,576,51049,2,0,0.18172334134578705,0
E3_shuffled_adaptive,2,8,584,51057,2,0,0.1817387044429779,0
E3_shuffled_adaptive,2,8,588,51061,2,0,0.17947356402873993,0
E3_shuffled_adaptive,2,8,593,51066,2,0,0.18080569803714752,0
E3_shuffled_adaptive,2,8,601,51075,2,0,0.18471531569957733,0
E3_shuffled_adaptive,2,8,633,51109,2,0,0.17910420894622803,0
E3_shuffled_adaptive,2,8,642,51122,2,0,0.17912346124649048,0
E3_shuffled_adaptive,2,8,645,51126,2,0,0.18363073468208313,0
E3_shuffled_adaptive,2,8,660,51141,2,0,0.8676732778549194,1
E3_shuffled_adaptive,2,8,673,51159,2,0,0.9036942720413208,1
E3_shuffled_adaptive,2,8,683,51177,1,1,0.9032626748085022,1
E3_shuffled_adaptive,2,8,698,51198,2,0,0.6679096817970276,1
E3_shuffled_adaptive,2,8,701,51203,1,1,0.9037871360778809,1
E3_shuffled_adaptive,2,8,715,51219,1,1,0.9018286466598511,1
E3_shuffled_adaptive,2,8,717,51221,1,1,0.8987799286842346,1
E3_shuffled_adaptive,2,8,722,51226,1,1,0.18612205982208252,0
E3_shuffled_adaptive,2,8,734,51248,1,1,0.9009403586387634,1
E3_shuffled_adaptive,2,8,738,51252,2,0,0.9033523797988892,1
E3_shuffled_adaptive,2,8,748,51265,2,0,0.17920318245887756,0
E3_shuffled_adaptive,2,8,778,51307,2,0,0.9026027917861938,1
E3_shuffled_adaptive,2,8,785,51319,1,1,0.9029282331466675,1
E3_shuffled_adaptive,2,8,803,51339,2,0,0.1793360561132431,0
E3_shuffled_adaptive,2,8,817,51357,2,0,0.17908798158168793,0
E3_shuffled_adaptive,2,8,826,51370,2,0,0.18730583786964417,0
E3_shuffled_adaptive,2,8,828,51461,1,1,0.9024698734283447,1
E3_shuffled_adaptive,2,8,832,51473,1,1,0.8432237505912781,1
E3_shuffled_adaptive,2,8,839,51487,2,0,0.2709457576274872,0
E3_shuffled_adaptive,2,8,847,51560,2,0,0.17965209484100342,0
E3_shuffled_adaptive,2,8,851,51565,2,0,0.6589500308036804,1
E3_shuffled_adaptive,2,8,852,51566,2,0,0.18320342898368835,0
E3_shuffled_adaptive,2,8,857,51572,1,1,0.9009006023406982,1
E3_shuffled_adaptive,2,8,866,51583,1,1,0.9010302424430847,1
E3_shuffled_adaptive,2,9,9,50013,1,1,0.9098637700080872,1
E3_shuffled_adaptive,2,9,20,50028,1,1,0.9187049865722656,1
E3_shuffled_adaptive,2,9,27,50036,2,0,0.1473620980978012,0
E3_shuffled_adaptive,2,9,32,50041,2,0,0.1471995711326599,0
E3_shuffled_adaptive,2,9,37,50046,2,0,0.16194942593574524,0
E3_shuffled_adaptive,2,9,40,50049,2,0,0.1760719120502472,0
E3_shuffled_adaptive,2,9,42,50051,2,0,0.6259409189224243,1
E3_shuffled_adaptive,2,9,50,50102,2,0,0.19694268703460693,0
E3_shuffled_adaptive,2,9,66,50121,1,1,0.919224739074707,1
E3_shuffled_adaptive,2,9,75,50132,1,1,0.9162403345108032,1
E3_shuffled_adaptive,2,9,83,50147,1,1,0.917363166809082,1
E3_shuffled_adaptive,2,9,84,50148,1,1,0.9187085032463074,1
E3_shuffled_adaptive,2,9,87,50152,1,1,0.9189321994781494,1
E3_shuffled_adaptive,2,9,104,50183,1,1,0.9182754755020142,1
E3_shuffled_adaptive,2,9,121,50204,2,0,0.14999452233314514,0
E3_shuffled_adaptive,2,9,122,50205,2,0,0.14961227774620056,0
E3_shuffled_adaptive,2,9,123,50206,2,0,0.32996219396591187,0
E3_shuffled_adaptive,2,9,130,50232,1,1,0.9157351851463318,1
E3_shuffled_adaptive,2,9,132,50234,1,1,0.8484893441200256,1
E3_shuffled_adaptive,2,9,221,50352,2,0,0.3807407319545746,0
E3_shuffled_adaptive,2,9,226,50357,2,0,0.1536056399345398,0
E3_shuffled_adaptive,2,9,232,50363,2,0,0.898123562335968,1
E3_shuffled_adaptive,2,9,250,50383,2,0,0.2722305953502655,0
E3_shuffled_adaptive,2,9,258,50399,1,1,0.9192348122596741,1
E3_shuffled_adaptive,2,9,261,50404,1,1,0.918470025062561,1
E3_shuffled_adaptive,2,9,262,50405,1,1,0.912909746170044,1
E3_shuffled_adaptive,2,9,282,50428,2,0,0.14707009494304657,0
E3_shuffled_adaptive,2,9,284,50434,2,0,0.1610691249370575,0
E3_shuffled_adaptive,2,9,289,50439,2,0,0.25327637791633606,0
E3_shuffled_adaptive,2,9,291,50441,2,0,0.1471560150384903,0
E3_shuffled_adaptive,2,9,301,50463,2,0,0.15126706659793854,0
E3_shuffled_adaptive,2,9,323,50498,1,1,0.9123697876930237,1
E3_shuffled_adaptive,2,9,344,50527,1,1,0.9192360043525696,1
E3_shuffled_adaptive,2,9,358,50568,2,0,0.8387287855148315,1
E3_shuffled_adaptive,2,9,361,50571,2,0,0.8387470841407776,1
E3_shuffled_adaptive,2,9,363,50573,2,0,0.16053393483161926,0
E3_shuffled_adaptive,2,9,380,50616,1,1,0.918580174446106,1
E3_shuffled_adaptive,2,9,391,50642,1,1,0.7682788372039795,1
E3_shuffled_adaptive,2,9,397,50656,2,0,0.38064390420913696,0
E3_shuffled_adaptive,2,9,407,50688,2,0,0.15206629037857056,0
E3_shuffled_adaptive,2,9,415,50696,1,1,0.917913019657135,1
E3_shuffled_adaptive,2,9,419,50700,1,1,0.9192557334899902,1
E3_shuffled_adaptive,2,9,420,50701,2,0,0.15921641886234283,0
E3_shuffled_adaptive,2,9,427,50708,1,1,0.9191629886627197,1
E3_shuffled_adaptive,2,9,446,50743,1,1,0.9191046953201294,1
E3_shuffled_adaptive,2,9,461,50775,2,0,0.15068285167217255,0
E3_shuffled_adaptive,2,9,472,50792,1,1,0.9186736941337585,1
E3_shuffled_adaptive,2,9,481,50812,2,0,0.15008710324764252,0
E3_shuffled_adaptive,2,9,491,50952,1,1,0.9189248085021973,1
E3_shuffled_adaptive,2,9,498,50960,1,1,0.36220332980155945,0
E3_shuffled_adaptive,2,9,511,50976,1,1,0.9192419052124023,1
E3_shuffled_adaptive,2,9,524,50990,1,1,0.912394106388092,1
E3_shuffled_adaptive,2,9,539,51008,1,1,0.8957439064979553,1
E3_shuffled_adaptive,2,9,541,51010,1,1,0.8424278497695923,1
E3_shuffled_adaptive,2,9,543,51012,1,1,0.9137827754020691,1
E3_shuffled_adaptive,2,9,563,51034,1,1,0.9166648387908936,1
E3_shuffled_adaptive,2,9,564,51035,1,1,0.9169974327087402,1
E3_shuffled_adaptive,2,9,592,51065,2,0,0.14773014187812805,0
E3_shuffled_adaptive,2,9,604,51078,2,0,0.16032618284225464,0
E3_shuffled_adaptive,2,9,605,51079,2,0,0.9192377328872681,1
E3_shuffled_adaptive,2,9,608,51082,2,0,0.5252375602722168,1
E3_shuffled_adaptive,2,9,620,51095,2,0,0.917319118976593,1
E3_shuffled_adaptive,2,9,624,51099,2,0,0.1540544331073761,0
E3_shuffled_adaptive,2,9,632,51107,2,0,0.8460655212402344,1
E3_shuffled_adaptive,2,9,643,51123,2,0,0.278138667345047,0
E3_shuffled_adaptive,2,9,654,51135,2,0,0.6343495845794678,1
E3_shuffled_adaptive,2,9,667,51151,2,0,0.16297350823879242,0
E3_shuffled_adaptive,2,9,680,51170,1,1,0.8615769743919373,1
E3_shuffled_adaptive,2,9,699,51201,1,1,0.919079601764679,1
E3_shuffled_adaptive,2,9,708,51211,1,1,0.9190061688423157,1
E3_shuffled_adaptive,2,9,712,51216,1,1,0.15059520304203033,0
E3_shuffled_adaptive,2,9,736,51250,2,0,0.1470673680305481,0
E3_shuffled_adaptive,2,9,739,51253,2,0,0.14956167340278625,0
E3_shuffled_adaptive,2,9,740,51254,2,0,0.14970558881759644,0
E3_shuffled_adaptive,2,9,742,51256,2,0,0.14974713325500488,0
E3_shuffled_adaptive,2,9,752,51269,2,0,0.15073230862617493,0
E3_shuffled_adaptive,2,9,756,51275,2,0,0.14690501987934113,0
E3_shuffled_adaptive,2,9,784,51318,1,1,0.9110149145126343,1
E3_shuffled_adaptive,2,9,788,51322,1,1,0.9191762208938599,1
E3_shuffled_adaptive,2,9,789,51323,1,1,0.9133933186531067,1
E3_shuffled_adaptive,2,9,794,51329,1,1,0.6314740777015686,1
E3_shuffled_adaptive,2,9,802,51338,2,0,0.91925448179245,1
E3_shuffled_adaptive,2,9,822,51363,2,0,0.16745051741600037,0
E3_shuffled_adaptive,2,9,825,51369,2,0,0.15072543919086456,0
E3_shuffled_adaptive,2,9,827,51373,2,0,0.1471206396818161,0
E3_shuffled_adaptive,2,9,842,51493,2,0,0.14876089990139008,0
E3_shuffled_adaptive,2,9,864,51580,1,1,0.9116507172584534,1
E3_shuffled_adaptive,2,10,11,50015,1,1,0.9254624247550964,1
E3_shuffled_adaptive,2,10,16,50024,1,1,0.9268734455108643,1
E3_shuffled_adaptive,2,10,18,50026,1,1,0.9275295734405518,1
E3_shuffled_adaptive,2,10,33,50042,2,0,0.06445549428462982,0
E3_shuffled_adaptive,2,10,36,50045,2,0,0.5073786973953247,1
E3_shuffled_adaptive,2,10,41,50050,2,0,0.0652359127998352,0
E3_shuffled_adaptive,2,10,43,50052,2,0,0.8386674523353577,1
E3_shuffled_adaptive,2,10,54,50106,2,0,0.810020923614502,1
E3_shuffled_adaptive,2,10,74,50131,1,1,0.807867705821991,1
E3_shuffled_adaptive,2,10,99,50168,2,0,0.06660851836204529,0
E3_shuffled_adaptive,2,10,106,50186,1,1,0.9272721409797668,1
E3_shuffled_adaptive,2,10,109,50189,1,1,0.9276509284973145,1
E3_shuffled_adaptive,2,10,110,50190,1,1,0.9268008470535278,1
E3_shuffled_adaptive,2,10,150,50259,2,0,0.12911160290241241,0
E3_shuffled_adaptive,2,10,158,50267,2,0,0.06597674638032913,0
E3_shuffled_adaptive,2,10,188,50312,1,1,0.9228506684303284,1
E3_shuffled_adaptive,2,10,194,50321,1,1,0.9262616634368896,1
E3_shuffled_adaptive,2,10,233,50364,2,0,0.2647691071033478,0
E3_shuffled_adaptive,2,10,239,50370,2,0,0.06487910449504852,0
E3_shuffled_adaptive,2,10,245,50377,2,0,0.06701944768428802,0
E3_shuffled_adaptive,2,10,252,50386,2,0,0.0658503845334053,0
E3_shuffled_adaptive,2,10,257,50397,1,1,0.926480770111084,1
E3_shuffled_adaptive,2,10,263,50406,1,1,0.9265133142471313,1
E3_shuffled_adaptive,2,10,268,50412,1,1,0.9264800548553467,1
E3_shuffled_adaptive,2,10,270,50414,2,0,0.08763618767261505,0
E3_shuffled_adaptive,2,10,273,50417,2,0,0.06928054243326187,0
E3_shuffled_adaptive,2,10,294,50444,2,0,0.28476738929748535,0
E3_shuffled_adaptive,2,10,303,50467,2,0,0.06512119621038437,0
E3_shuffled_adaptive,2,10,304,50468,2,0,0.06473713368177414,0
E3_shuffled_adaptive,2,10,317,50491,1,1,0.9253822565078735,1
E3_shuffled_adaptive,2,10,324,50499,1,1,0.9276847243309021,1
E3_shuffled_adaptive,2,10,366,50576,2,0,0.06591017544269562,0
E3_shuffled_adaptive,2,10,372,50604,1,1,0.9263893365859985,1
E3_shuffled_adaptive,2,10,394,50648,1,1,0.49086320400238037,0
E3_shuffled_adaptive,2,10,430,50722,2,0,0.06632018834352493,0
E3_shuffled_adaptive,2,10,434,50726,2,0,0.08267317712306976,0
E3_shuffled_adaptive,2,10,443,50740,2,0,0.064572274684906,0
E3_shuffled_adaptive,2,10,459,50773,2,0,0.07047387212514877,0
E3_shuffled_adaptive,2,10,475,50798,1,1,0.06639283895492554,0
E3_shuffled_adaptive,2,10,482,50814,2,0,0.351809024810791,0
E3_shuffled_adaptive,2,10,490,50824,1,1,0.6379640102386475,1
E3_shuffled_adaptive,2,10,494,50956,1,1,0.9260410666465759,1
E3_shuffled_adaptive,2,10,501,50964,1,1,0.9276196360588074,1
E3_shuffled_adaptive,2,10,507,50970,1,1,0.9276411533355713,1
E3_shuffled_adaptive,2,10,509,50973,1,1,0.926662266254425,1
E3_shuffled_adaptive,2,10,512,50977,1,1,0.9265151619911194,1
E3_shuffled_adaptive,2,10,518,50984,1,1,0.9263443350791931,1
E3_shuffled_adaptive,2,10,519,50985,1,1,0.9254831671714783,1
E3_shuffled_adaptive,2,10,523,50989,1,1,0.9260299801826477,1
E3_shuffled_adaptive,2,10,527,50993,1,1,0.9256632328033447,1
E3_shuffled_adaptive,2,10,528,50994,1,1,0.926700234413147,1
E3_shuffled_adaptive,2,10,529,50995,1,1,0.9254521727561951,1
E3_shuffled_adaptive,2,10,533,51000,1,1,0.9276975989341736,1
E3_shuffled_adaptive,2,10,535,51002,1,1,0.7480589747428894,1
E3_shuffled_adaptive,2,10,547,51016,1,1,0.9253896474838257,1
E3_shuffled_adaptive,2,10,549,51018,1,1,0.9266928434371948,1
E3_shuffled_adaptive,2,10,557,51027,1,1,0.9241136312484741,1
E3_shuffled_adaptive,2,10,565,51036,2,0,0.06440485268831253,0
E3_shuffled_adaptive,2,10,567,51039,2,0,0.06570961326360703,0
E3_shuffled_adaptive,2,10,573,51046,2,0,0.6715996265411377,1
E3_shuffled_adaptive,2,10,578,51051,2,0,0.069982148706913,0
E3_shuffled_adaptive,2,10,591,51064,2,0,0.06442452222108841,0
E3_shuffled_adaptive,2,10,617,51091,2,0,0.06488201022148132,0
E3_shuffled_adaptive,2,10,618,51093,2,0,0.06463509798049927,0
E3_shuffled_adaptive,2,10,619,51094,2,0,0.07104037702083588,0
E3_shuffled_adaptive,2,10,626,51101,2,0,0.06999845057725906,0
E3_shuffled_adaptive,2,10,636,51112,2,0,0.0685737282037735,0
E3_shuffled_adaptive,2,10,641,51118,2,0,0.7643922567367554,1
E3_shuffled_adaptive,2,10,649,51130,2,0,0.9143937826156616,1
E3_shuffled_adaptive,2,10,662,51146,2,0,0.0673832967877388,0
E3_shuffled_adaptive,2,10,666,51150,2,0,0.06569735705852509,0
E3_shuffled_adaptive,2,10,692,51187,2,0,0.06642787903547287,0
E3_shuffled_adaptive,2,10,696,51194,2,0,0.2582370936870575,0
E3_shuffled_adaptive,2,10,702,51204,1,1,0.9258511662483215,1
E3_shuffled_adaptive,2,10,707,51210,1,1,0.9237377047538757,1
E3_shuffled_adaptive,2,10,758,51277,2,0,0.06494594365358353,0
E3_shuffled_adaptive,2,10,761,51280,2,0,0.06726448237895966,0
E3_shuffled_adaptive,2,10,764,51292,1,1,0.925176739692688,1
E3_shuffled_adaptive,2,10,765,51293,1,1,0.9268646240234375,1
E3_shuffled_adaptive,2,10,777,51306,2,0,0.5644912123680115,1
E3_shuffled_adaptive,2,10,782,51313,2,0,0.06999971717596054,0
E3_shuffled_adaptive,2,10,796,51331,1,1,0.9276859760284424,1
E3_shuffled_adaptive,2,10,797,51332,2,0,0.06600657850503922,0
E3_shuffled_adaptive,2,10,800,51335,2,0,0.07360557466745377,0
E3_shuffled_adaptive,2,10,819,51360,2,0,0.14706452190876007,0
E3_shuffled_adaptive,2,10,850,51564,2,0,0.0653282105922699,0
E3_shuffled_adaptive,2,10,860,51576,1,1,0.13102708756923676,0
E4_adaptive_top3,0,1,10,50014,1,1,0.9165136814117432,1
E4_adaptive_top3,0,1,14,50022,1,1,0.0802760049700737,0
E4_adaptive_top3,0,1,36,50045,2,0,0.3409978151321411,0
E4_adaptive_top3,0,1,42,50051,2,0,0.8969660997390747,1
E4_adaptive_top3,0,1,49,50060,2,0,0.07998128980398178,0
E4_adaptive_top3,0,1,53,50105,2,0,0.14049765467643738,0
E4_adaptive_top3,0,1,63,50117,2,0,0.1436397135257721,0
E4_adaptive_top3,0,1,67,50123,1,1,0.918824315071106,1
E4_adaptive_top3,0,1,83,50147,1,1,0.23636725544929504,0
E4_adaptive_top3,0,1,84,50148,1,1,0.917757511138916,1
E4_adaptive_top3,0,1,96,50163,2,0,0.08421323448419571,0
E4_adaptive_top3,0,1,97,50164,2,0,0.07972244173288345,0
E4_adaptive_top3,0,1,111,50193,2,0,0.07995642721652985,0
E4_adaptive_top3,0,1,114,50196,2,0,0.46479782462120056,0
E4_adaptive_top3,0,1,123,50206,2,0,0.5481688976287842,1
E4_adaptive_top3,0,1,131,50233,1,1,0.9173353314399719,1
E4_adaptive_top3,0,1,132,50234,1,1,0.9171643257141113,1
E4_adaptive_top3,0,1,136,50240,1,1,0.9165117144584656,1
E4_adaptive_top3,0,1,141,50248,1,1,0.9188216328620911,1
E4_adaptive_top3,0,1,145,50252,1,1,0.8720285296440125,1
E4_adaptive_top3,0,1,146,50253,1,1,0.9117832183837891,1
E4_adaptive_top3,0,1,148,50255,1,1,0.9188610911369324,1
E4_adaptive_top3,0,1,152,50261,2,0,0.9118523597717285,1
E4_adaptive_top3,0,1,154,50263,2,0,0.07980560511350632,0
E4_adaptive_top3,0,1,164,50273,1,1,0.9167251586914062,1
E4_adaptive_top3,0,1,184,50302,1,1,0.9164935946464539,1
E4_adaptive_top3,0,1,202,50333,2,0,0.07981755584478378,0
E4_adaptive_top3,0,1,204,50335,2,0,0.08005311340093613,0
E4_adaptive_top3,0,1,210,50341,2,0,0.08029809594154358,0
E4_adaptive_top3,0,1,223,50354,2,0,0.07977939397096634,0
E4_adaptive_top3,0,1,241,50373,2,0,0.11335486173629761,0
E4_adaptive_top3,0,1,266,50410,1,1,0.9185810089111328,1
E4_adaptive_top3,0,1,271,50415,2,0,0.0819096788764,0
E4_adaptive_top3,0,1,275,50419,2,0,0.08049788326025009,0
E4_adaptive_top3,0,1,278,50424,2,0,0.08008325845003128,0
E4_adaptive_top3,0,1,286,50436,2,0,0.33450183272361755,0
E4_adaptive_top3,0,1,292,50442,2,0,0.08488779515028,0
E4_adaptive_top3,0,1,302,50466,2,0,0.08110684156417847,0
E4_adaptive_top3,0,1,303,50467,2,0,0.16862864792346954,0
E4_adaptive_top3,0,1,323,50498,1,1,0.9156846404075623,1
E4_adaptive_top3,0,1,326,50501,1,1,0.9167147278785706,1
E4_adaptive_top3,0,1,346,50529,1,1,0.9159550666809082,1
E4_adaptive_top3,0,1,349,50532,1,1,0.916506290435791,1
E4_adaptive_top3,0,1,352,50555,2,0,0.08203896135091782,0
E4_adaptive_top3,0,1,353,50557,2,0,0.08505360782146454,0
E4_adaptive_top3,0,1,360,50570,2,0,0.08106586337089539,0
E4_adaptive_top3,0,1,390,50628,1,1,0.9164407253265381,1
E4_adaptive_top3,0,1,397,50656,2,0,0.10100987553596497,0
E4_adaptive_top3,0,1,405,50686,1,1,0.91655033826828,1
E4_adaptive_top3,0,1,408,50689,1,1,0.9183403849601746,1
E4_adaptive_top3,0,1,430,50722,2,0,0.08200710266828537,0
E4_adaptive_top3,0,1,435,50728,2,0,0.9022544622421265,1
E4_adaptive_top3,0,1,446,50743,1,1,0.9186504483222961,1
E4_adaptive_top3,0,1,451,50750,1,1,0.9179434776306152,1
E4_adaptive_top3,0,1,475,50798,1,1,0.08292835205793381,0
E4_adaptive_top3,0,1,476,50799,1,1,0.9186587333679199,1
E4_adaptive_top3,0,1,481,50812,2,0,0.08112786710262299,0
E4_adaptive_top3,0,1,490,50824,1,1,0.6634071469306946,1
E4_adaptive_top3,0,1,511,50976,1,1,0.9185993671417236,1
E4_adaptive_top3,0,1,522,50988,1,1,0.9188663959503174,1
E4_adaptive_top3,0,1,525,50991,1,1,0.8810014724731445,1
E4_adaptive_top3,0,1,537,51006,1,1,0.9188531637191772,1
E4_adaptive_top3,0,1,541,51010,1,1,0.6125786900520325,1
E4_adaptive_top3,0,1,557,51027,1,1,0.85645592212677,1
E4_adaptive_top3,0,1,559,51029,1,1,0.877520740032196,1
E4_adaptive_top3,0,1,579,51052,2,0,0.08634235709905624,0
E4_adaptive_top3,0,1,584,51057,2,0,0.08616722375154495,0
E4_adaptive_top3,0,1,633,51109,2,0,0.08592399954795837,0
E4_adaptive_top3,0,1,636,51112,2,0,0.08627691864967346,0
E4_adaptive_top3,0,1,648,51129,2,0,0.08615555614233017,0
E4_adaptive_top3,0,1,655,51136,2,0,0.09773880243301392,0
E4_adaptive_top3,0,1,670,51154,2,0,0.079933762550354,0
E4_adaptive_top3,0,1,692,51187,2,0,0.07969701290130615,0
E4_adaptive_top3,0,1,695,51192,2,0,0.0798339769244194,0
E4_adaptive_top3,0,1,696,51194,2,0,0.9150059819221497,1
E4_adaptive_top3,0,1,727,51234,1,1,0.9167410731315613,1
E4_adaptive_top3,0,1,732,51240,1,1,0.9177621603012085,1
E4_adaptive_top3,0,1,762,51281,2,0,0.0861850157380104,0
E4_adaptive_top3,0,1,765,51293,1,1,0.9186692833900452,1
E4_adaptive_top3,0,1,766,51294,1,1,0.7023266553878784,1
E4_adaptive_top3,0,1,779,51308,2,0,0.08597949892282486,0
E4_adaptive_top3,0,1,795,51330,1,1,0.9182453155517578,1
E4_adaptive_top3,0,1,798,51333,2,0,0.08032990247011185,0
E4_adaptive_top3,0,1,825,51369,2,0,0.08090777695178986,0
E4_adaptive_top3,0,1,828,51461,1,1,0.9186506867408752,1
E4_adaptive_top3,0,1,839,51487,2,0,0.21241731941699982,0
E4_adaptive_top3,0,1,854,51568,2,0,0.0835825726389885,0
E4_adaptive_top3,0,1,862,51578,1,1,0.9187372922897339,1
E4_adaptive_top3,0,2,2,50005,1,1,0.7766236066818237,1
E4_adaptive_top3,0,2,3,50006,1,1,0.9355588555335999,1
E4_adaptive_top3,0,2,4,50007,1,1,0.6578871607780457,1
E4_adaptive_top3,0,2,20,50028,1,1,0.9355984926223755,1
E4_adaptive_top3,0,2,27,50036,2,0,0.07447677850723267,0
E4_adaptive_top3,0,2,35,50044,2,0,0.07194462418556213,0
E4_adaptive_top3,0,2,45,50054,2,0,0.9327067136764526,1
E4_adaptive_top3,0,2,57,50111,2,0,0.07749869674444199,0
E4_adaptive_top3,0,2,61,50115,2,0,0.07718290388584137,0
E4_adaptive_top3,0,2,69,50125,1,1,0.9356093406677246,1
E4_adaptive_top3,0,2,79,50143,1,1,0.9349852204322815,1
E4_adaptive_top3,0,2,87,50152,1,1,0.9355548024177551,1
E4_adaptive_top3,0,2,116,50199,2,0,0.07188135385513306,0
E4_adaptive_top3,0,2,122,50205,2,0,0.0718001201748848,0
E4_adaptive_top3,0,2,130,50232,1,1,0.9339107871055603,1
E4_adaptive_top3,0,2,133,50236,1,1,0.9347953796386719,1
E4_adaptive_top3,0,2,147,50254,1,1,0.9341083765029907,1
E4_adaptive_top3,0,2,162,50271,2,0,0.07200536876916885,0
E4_adaptive_top3,0,2,170,50284,1,1,0.35831180214881897,0
E4_adaptive_top3,0,2,171,50285,1,1,0.07224709540605545,0
E4_adaptive_top3,0,2,183,50301,1,1,0.9303942918777466,1
E4_adaptive_top3,0,2,192,50319,1,1,0.935488760471344,1
E4_adaptive_top3,0,2,197,50327,2,0,0.07193318009376526,0
E4_adaptive_top3,0,2,217,50348,2,0,0.07221300154924393,0
E4_adaptive_top3,0,2,218,50349,2,0,0.0785972997546196,0
E4_adaptive_top3,0,2,222,50353,2,0,0.07305263727903366,0
E4_adaptive_top3,0,2,232,50363,2,0,0.0998900979757309,0
E4_adaptive_top3,0,2,234,50365,2,0,0.07194121181964874,0
E4_adaptive_top3,0,2,257,50397,1,1,0.9356065392494202,1
E4_adaptive_top3,0,2,270,50414,2,0,0.26922476291656494,0
E4_adaptive_top3,0,2,282,50428,2,0,0.07263461500406265,0
E4_adaptive_top3,0,2,283,50433,2,0,0.0739249736070633,0
E4_adaptive_top3,0,2,294,50444,2,0,0.10048958659172058,0
E4_adaptive_top3,0,2,307,50477,1,1,0.9257431626319885,1
E4_adaptive_top3,0,2,316,50490,1,1,0.912971556186676,1
E4_adaptive_top3,0,2,357,50565,2,0,0.2529740631580353,0
E4_adaptive_top3,0,2,363,50573,2,0,0.07758638262748718,0
E4_adaptive_top3,0,2,364,50574,2,0,0.1082979142665863,0
E4_adaptive_top3,0,2,372,50604,1,1,0.9353948831558228,1
E4_adaptive_top3,0,2,381,50619,1,1,0.934845507144928,1
E4_adaptive_top3,0,2,385,50623,1,1,0.9352194666862488,1
E4_adaptive_top3,0,2,394,50648,1,1,0.10223335027694702,0
E4_adaptive_top3,0,2,399,50664,2,0,0.1255267858505249,0
E4_adaptive_top3,0,2,407,50688,2,0,0.09955485910177231,0
E4_adaptive_top3,0,2,410,50691,2,0,0.07195276767015457,0
E4_adaptive_top3,0,2,417,50698,2,0,0.20294076204299927,0
E4_adaptive_top3,0,2,426,50707,2,0,0.07185918092727661,0
E4_adaptive_top3,0,2,450,50749,1,1,0.9355827569961548,1
E4_adaptive_top3,0,2,453,50752,1,1,0.9272605180740356,1
E4_adaptive_top3,0,2,462,50776,2,0,0.07208088040351868,0
E4_adaptive_top3,0,2,465,50780,2,0,0.11344902962446213,0
E4_adaptive_top3,0,2,478,50801,1,1,0.9296940565109253,1
E4_adaptive_top3,0,2,489,50823,1,1,0.9324233531951904,1
E4_adaptive_top3,0,2,513,50978,1,1,0.9341666102409363,1
E4_adaptive_top3,0,2,528,50994,1,1,0.9345975518226624,1
E4_adaptive_top3,0,2,535,51002,1,1,0.8563818335533142,1
E4_adaptive_top3,0,2,543,51012,1,1,0.9190060496330261,1
E4_adaptive_top3,0,2,544,51013,1,1,0.8231313228607178,1
E4_adaptive_top3,0,2,546,51015,1,1,0.07262152433395386,0
E4_adaptive_top3,0,2,553,51023,1,1,0.9333595633506775,1
E4_adaptive_top3,0,2,558,51028,1,1,0.935157299041748,1
E4_adaptive_top3,0,2,568,51040,2,0,0.08283907175064087,0
E4_adaptive_top3,0,2,572,51045,2,0,0.07897619158029556,0
E4_adaptive_top3,0,2,585,51058,2,0,0.07872714102268219,0
E4_adaptive_top3,0,2,592,51065,2,0,0.07972975820302963,0
E4_adaptive_top3,0,2,596,51069,2,0,0.07996691018342972,0
E4_adaptive_top3,0,2,612,51086,2,0,0.0804315060377121,0
E4_adaptive_top3,0,2,629,51104,2,0,0.07553722709417343,0
E4_adaptive_top3,0,2,642,51122,2,0,0.07951956987380981,0
E4_adaptive_top3,0,2,645,51126,2,0,0.08110086619853973,0
E4_adaptive_top3,0,2,646,51127,2,0,0.24887986481189728,0
E4_adaptive_top3,0,2,651,51132,2,0,0.07348514348268509,0
E4_adaptive_top3,0,2,681,51171,1,1,0.7660164833068848,1
E4_adaptive_top3,0,2,683,51177,1,1,0.9356086254119873,1
E4_adaptive_top3,0,2,690,51184,2,0,0.14113672077655792,0
E4_adaptive_top3,0,2,691,51185,2,0,0.5963356494903564,1
E4_adaptive_top3,0,2,718,51222,1,1,0.07324112951755524,0
E4_adaptive_top3,0,2,722,51226,1,1,0.07250989228487015,0
E4_adaptive_top3,0,2,728,51235,1,1,0.934952974319458,1
E4_adaptive_top3,0,2,742,51256,2,0,0.07538962364196777,0
E4_adaptive_top3,0,2,753,51271,2,0,0.0789894163608551,0
E4_adaptive_top3,0,2,793,51328,1,1,0.934628963470459,1
E4_adaptive_top3,0,2,820,51361,2,0,0.07217153906822205,0
E4_adaptive_top3,0,2,824,51365,2,0,0.07496202737092972,0
E4_adaptive_top3,0,2,832,51473,1,1,0.10089047253131866,0
E4_adaptive_top3,0,2,840,51488,2,0,0.09897109121084213,0
E4_adaptive_top3,0,2,869,51606,1,1,0.0726136788725853,0
E4_adaptive_top3,0,3,21,50030,2,0,0.7769591212272644,1
E4_adaptive_top3,0,3,32,50041,2,0,0.09012606739997864,0
E4_adaptive_top3,0,3,34,50043,2,0,0.21314109861850739,0
E4_adaptive_top3,0,3,37,50046,2,0,0.09197516739368439,0
E4_adaptive_top3,0,3,70,50127,1,1,0.12970338761806488,0
E4_adaptive_top3,0,3,74,50131,1,1,0.6023557782173157,1
E4_adaptive_top3,0,3,86,50150,1,1,0.8223779797554016,1
E4_adaptive_top3,0,3,100,50169,2,0,0.09319446980953217,0
E4_adaptive_top3,0,3,119,50202,2,0,0.0937374159693718,0
E4_adaptive_top3,0,3,151,50260,2,0,0.0896674394607544,0
E4_adaptive_top3,0,3,159,50268,2,0,0.09265634417533875,0
E4_adaptive_top3,0,3,160,50269,2,0,0.23151051998138428,0
E4_adaptive_top3,0,3,163,50272,1,1,0.8744716644287109,1
E4_adaptive_top3,0,3,181,50298,1,1,0.640000581741333,1
E4_adaptive_top3,0,3,187,50310,1,1,0.8443509340286255,1
E4_adaptive_top3,0,3,207,50338,2,0,0.09008953720331192,0
E4_adaptive_top3,0,3,258,50399,1,1,0.5042427182197571,1
E4_adaptive_top3,0,3,262,50405,1,1,0.8748833537101746,1
E4_adaptive_top3,0,3,264,50407,1,1,0.8745886087417603,1
E4_adaptive_top3,0,3,284,50434,2,0,0.09024500846862793,0
E4_adaptive_top3,0,3,287,50437,2,0,0.8724498152732849,1
E4_adaptive_top3,0,3,297,50447,2,0,0.31958940625190735,0
E4_adaptive_top3,0,3,310,50482,1,1,0.873094916343689,1
E4_adaptive_top3,0,3,319,50493,1,1,0.86577308177948,1
E4_adaptive_top3,0,3,327,50502,1,1,0.8720675706863403,1
E4_adaptive_top3,0,3,329,50504,1,1,0.8685476779937744,1
E4_adaptive_top3,0,3,333,50514,1,1,0.8296284079551697,1
E4_adaptive_top3,0,3,335,50516,1,1,0.8672744631767273,1
E4_adaptive_top3,0,3,337,50519,1,1,0.8688052892684937,1
E4_adaptive_top3,0,3,368,50578,2,0,0.7739166021347046,1
E4_adaptive_top3,0,3,370,50602,1,1,0.8723852634429932,1
E4_adaptive_top3,0,3,371,50603,1,1,0.8741840124130249,1
E4_adaptive_top3,0,3,379,50615,1,1,0.8747528791427612,1
E4_adaptive_top3,0,3,411,50692,2,0,0.08968476206064224,0
E4_adaptive_top3,0,3,425,50706,2,0,0.09197558462619781,0
E4_adaptive_top3,0,3,434,50726,2,0,0.10203851759433746,0
E4_adaptive_top3,0,3,439,50735,2,0,0.0905926451086998,0
E4_adaptive_top3,0,3,444,50741,2,0,0.09789993613958359,0
E4_adaptive_top3,0,3,456,50756,1,1,0.8698573708534241,1
E4_adaptive_top3,0,3,457,50757,1,1,0.3787512183189392,0
E4_adaptive_top3,0,3,497,50959,1,1,0.7187832593917847,1
E4_adaptive_top3,0,3,499,50961,1,1,0.4576951265335083,0
E4_adaptive_top3,0,3,502,50965,1,1,0.8748136758804321,1
E4_adaptive_top3,0,3,507,50970,1,1,0.8732273578643799,1
E4_adaptive_top3,0,3,514,50979,1,1,0.715985894203186,1
E4_adaptive_top3,0,3,539,51008,1,1,0.10059643536806107,0
E4_adaptive_top3,0,3,562,51033,1,1,0.8369384407997131,1
E4_adaptive_top3,0,3,576,51049,2,0,0.09352168440818787,0
E4_adaptive_top3,0,3,589,51062,2,0,0.09582119435071945,0
E4_adaptive_top3,0,3,605,51079,2,0,0.8037691116333008,1
E4_adaptive_top3,0,3,622,51097,2,0,0.0975700095295906,0
E4_adaptive_top3,0,3,626,51101,2,0,0.09096914529800415,0
E4_adaptive_top3,0,3,640,51117,2,0,0.0947079211473465,0
E4_adaptive_top3,0,3,661,51142,2,0,0.0898531973361969,0
E4_adaptive_top3,0,3,662,51146,2,0,0.09137658774852753,0
E4_adaptive_top3,0,3,669,51153,2,0,0.08986306935548782,0
E4_adaptive_top3,0,3,676,51163,1,1,0.30732041597366333,0
E4_adaptive_top3,0,3,678,51168,1,1,0.3280177116394043,0
E4_adaptive_top3,0,3,686,51180,2,0,0.09055490046739578,0
E4_adaptive_top3,0,3,688,51182,2,0,0.08968674391508102,0
E4_adaptive_top3,0,3,709,51212,1,1,0.865874171257019,1
E4_adaptive_top3,0,3,710,51214,1,1,0.8749881386756897,1
E4_adaptive_top3,0,3,713,51217,1,1,0.09589704871177673,0
E4_adaptive_top3,0,3,714,51218,1,1,0.8631190061569214,1
E4_adaptive_top3,0,3,716,51220,1,1,0.8698174953460693,1
E4_adaptive_top3,0,3,723,51228,1,1,0.8740687370300293,1
E4_adaptive_top3,0,3,737,51251,2,0,0.36151060461997986,0
E4_adaptive_top3,0,3,739,51253,2,0,0.09592897444963455,0
E4_adaptive_top3,0,3,745,51261,2,0,0.09226606786251068,0
E4_adaptive_top3,0,3,747,51264,2,0,0.09794434159994125,0
E4_adaptive_top3,0,3,754,51272,2,0,0.12667861580848694,0
E4_adaptive_top3,0,3,755,51273,2,0,0.7818072438240051,1
E4_adaptive_top3,0,3,756,51275,2,0,0.08970749378204346,0
E4_adaptive_top3,0,3,780,51309,2,0,0.8748383522033691,1
E4_adaptive_top3,0,3,786,51320,1,1,0.8705318570137024,1
E4_adaptive_top3,0,3,791,51326,1,1,0.740395188331604,1
E4_adaptive_top3,0,3,800,51335,2,0,0.0978185310959816,0
E4_adaptive_top3,0,3,806,51342,2,0,0.1784137487411499,0
E4_adaptive_top3,0,3,819,51360,2,0,0.09300235658884048,0
E4_adaptive_top3,0,3,831,51465,1,1,0.8746001124382019,1
E4_adaptive_top3,0,3,834,51479,2,0,0.08972177654504776,0
E4_adaptive_top3,0,3,836,51481,2,0,0.09094075858592987,0
E4_adaptive_top3,0,3,842,51493,2,0,0.10825345665216446,0
E4_adaptive_top3,0,3,852,51566,2,0,0.09554331749677658,0
E4_adaptive_top3,0,3,853,51567,2,0,0.09122540801763535,0
E4_adaptive_top3,0,3,857,51572,1,1,0.8745858669281006,1
E4_adaptive_top3,0,3,868,51585,1,1,0.8665512800216675,1
E4_adaptive_top3,0,4,8,50012,1,1,0.9051564335823059,1
E4_adaptive_top3,0,4,13,50020,1,1,0.9052524566650391,1
E4_adaptive_top3,0,4,17,50025,1,1,0.9075848460197449,1
E4_adaptive_top3,0,4,29,50038,2,0,0.10448133200407028,0
E4_adaptive_top3,0,4,33,50042,2,0,0.1043051928281784,0
E4_adaptive_top3,0,4,43,50052,2,0,0.257999062538147,0
E4_adaptive_top3,0,4,46,50056,1,1,0.9062232971191406,1
E4_adaptive_top3,0,4,55,50107,2,0,0.1427897810935974,0
E4_adaptive_top3,0,4,56,50109,2,0,0.1045062467455864,0
E4_adaptive_top3,0,4,58,50112,2,0,0.10368560254573822,0
E4_adaptive_top3,0,4,66,50121,1,1,0.9075266122817993,1
E4_adaptive_top3,0,4,72,50129,1,1,0.9073299169540405,1
E4_adaptive_top3,0,4,88,50153,1,1,0.9073217511177063,1
E4_adaptive_top3,0,4,99,50168,2,0,0.1054435595870018,0
E4_adaptive_top3,0,4,103,50182,1,1,0.9074651598930359,1
E4_adaptive_top3,0,4,106,50186,1,1,0.9062505960464478,1
E4_adaptive_top3,0,4,109,50189,1,1,0.9075803160667419,1
E4_adaptive_top3,0,4,113,50195,2,0,0.10449162125587463,0
E4_adaptive_top3,0,4,126,50213,2,0,0.10465233027935028,0
E4_adaptive_top3,0,4,135,50239,1,1,0.9073391556739807,1
E4_adaptive_top3,0,4,144,50251,1,1,0.48401159048080444,0
E4_adaptive_top3,0,4,158,50267,2,0,0.10486912727355957,0
E4_adaptive_top3,0,4,172,50287,1,1,0.10852202773094177,0
E4_adaptive_top3,0,4,175,50291,1,1,0.7252336144447327,1
E4_adaptive_top3,0,4,200,50331,2,0,0.10449002683162689,0
E4_adaptive_top3,0,4,211,50342,2,0,0.10701770335435867,0
E4_adaptive_top3,0,4,230,50361,2,0,0.10544803738594055,0
E4_adaptive_top3,0,4,231,50362,2,0,0.10385584831237793,0
E4_adaptive_top3,0,4,236,50367,2,0,0.10385443270206451,0
E4_adaptive_top3,0,4,243,50375,2,0,0.10495980083942413,0
E4_adaptive_top3,0,4,244,50376,2,0,0.10403958708047867,0
E4_adaptive_top3,0,4,263,50406,1,1,0.9062185883522034,1
E4_adaptive_top3,0,4,280,50426,2,0,0.1044924408197403,0
E4_adaptive_top3,0,4,288,50438,2,0,0.10417180508375168,0
E4_adaptive_top3,0,4,306,50470,2,0,0.17921039462089539,0
E4_adaptive_top3,0,4,328,50503,1,1,0.9075869917869568,1
E4_adaptive_top3,0,4,339,50521,1,1,0.8936787247657776,1
E4_adaptive_top3,0,4,341,50524,1,1,0.9059649109840393,1
E4_adaptive_top3,0,4,345,50528,1,1,0.9052605032920837,1
E4_adaptive_top3,0,4,348,50531,1,1,0.8699771165847778,1
E4_adaptive_top3,0,4,351,50552,2,0,0.10574163496494293,0
E4_adaptive_top3,0,4,386,50624,1,1,0.9074065685272217,1
E4_adaptive_top3,0,4,412,50693,1,1,0.7632800340652466,1
E4_adaptive_top3,0,4,416,50697,1,1,0.9027642607688904,1
E4_adaptive_top3,0,4,436,50730,2,0,0.10705509036779404,0
E4_adaptive_top3,0,4,441,50738,2,0,0.10490822046995163,0
E4_adaptive_top3,0,4,445,50742,2,0,0.10399948805570602,0
E4_adaptive_top3,0,4,455,50755,1,1,0.9063863754272461,1
E4_adaptive_top3,0,4,460,50774,2,0,0.10542365163564682,0
E4_adaptive_top3,0,4,461,50775,2,0,0.10372449457645416,0
E4_adaptive_top3,0,4,467,50782,2,0,0.1038549542427063,0
E4_adaptive_top3,0,4,496,50958,1,1,0.9063568711280823,1
E4_adaptive_top3,0,4,498,50960,1,1,0.8947805762290955,1
E4_adaptive_top3,0,4,508,50972,1,1,0.9067134857177734,1
E4_adaptive_top3,0,4,509,50973,1,1,0.9071393609046936,1
E4_adaptive_top3,0,4,510,50974,1,1,0.9070196151733398,1
E4_adaptive_top3,0,4,516,50982,1,1,0.10931189358234406,0
E4_adaptive_top3,0,4,527,50993,1,1,0.9053288698196411,1
E4_adaptive_top3,0,4,551,51020,1,1,0.9028631448745728,1
E4_adaptive_top3,0,4,555,51025,1,1,0.906200647354126,1
E4_adaptive_top3,0,4,566,51038,2,0,0.10375899821519852,0
E4_adaptive_top3,0,4,577,51050,2,0,0.10515640676021576,0
E4_adaptive_top3,0,4,586,51059,2,0,0.10606981068849564,0
E4_adaptive_top3,0,4,599,51073,2,0,0.10418519377708435,0
E4_adaptive_top3,0,4,606,51080,2,0,0.9037240743637085,1
E4_adaptive_top3,0,4,607,51081,2,0,0.10604990273714066,0
E4_adaptive_top3,0,4,616,51090,2,0,0.1049257218837738,0
E4_adaptive_top3,0,4,619,51094,2,0,0.10594922304153442,0
E4_adaptive_top3,0,4,631,51106,2,0,0.10566731542348862,0
E4_adaptive_top3,0,4,632,51107,2,0,0.9036204814910889,1
E4_adaptive_top3,0,4,657,51138,2,0,0.10570133477449417,0
E4_adaptive_top3,0,4,658,51139,2,0,0.10494136065244675,0
E4_adaptive_top3,0,4,664,51148,2,0,0.10567548125982285,0
E4_adaptive_top3,0,4,665,51149,2,0,0.10370311141014099,0
E4_adaptive_top3,0,4,693,51188,2,0,0.10603534430265427,0
E4_adaptive_top3,0,4,697,51197,2,0,0.10466615855693817,0
E4_adaptive_top3,0,4,698,51198,2,0,0.10445903986692429,0
E4_adaptive_top3,0,4,700,51202,1,1,0.9059754610061646,1
E4_adaptive_top3,0,4,701,51203,1,1,0.9074270725250244,1
E4_adaptive_top3,0,4,703,51205,1,1,0.9052585959434509,1
E4_adaptive_top3,0,4,730,51237,1,1,0.905161440372467,1
E4_adaptive_top3,0,4,735,51249,1,1,0.9062063097953796,1
E4_adaptive_top3,0,4,767,51295,1,1,0.9075459837913513,1
E4_adaptive_top3,0,4,772,51301,1,1,0.3974635601043701,0
E4_adaptive_top3,0,4,776,51305,2,0,0.8947999477386475,1
E4_adaptive_top3,0,4,845,51558,2,0,0.10416319221258163,0
E4_adaptive_top3,0,4,851,51565,2,0,0.11672166734933853,0
E4_adaptive_top3,0,5,0,50003,1,1,0.12765255570411682,0
E4_adaptive_top3,0,5,6,50010,1,1,0.8018091917037964,1
E4_adaptive_top3,0,5,18,50026,1,1,0.7234957218170166,1
E4_adaptive_top3,0,5,19,50027,1,1,0.11148525774478912,0
E4_adaptive_top3,0,5,50,50102,2,0,0.11172561347484589,0
E4_adaptive_top3,0,5,64,50118,1,1,0.8147033452987671,1
E4_adaptive_top3,0,5,77,50135,1,1,0.8234869241714478,1
E4_adaptive_top3,0,5,78,50142,1,1,0.8219523429870605,1
E4_adaptive_top3,0,5,81,50145,1,1,0.1145913153886795,0
E4_adaptive_top3,0,5,98,50167,2,0,0.11662564426660538,0
E4_adaptive_top3,0,5,112,50194,2,0,0.11118556559085846,0
E4_adaptive_top3,0,5,125,50210,2,0,0.11120571941137314,0
E4_adaptive_top3,0,5,128,50215,2,0,0.11153028905391693,0
E4_adaptive_top3,0,5,142,50249,1,1,0.8198002576828003,1
E4_adaptive_top3,0,5,143,50250,1,1,0.11242806166410446,0
E4_adaptive_top3,0,5,157,50266,2,0,0.11152447015047073,0
E4_adaptive_top3,0,5,161,50270,2,0,0.11486632376909256,0
E4_adaptive_top3,0,5,167,50276,1,1,0.8198150992393494,1
E4_adaptive_top3,0,5,198,50329,2,0,0.1381102353334427,0
E4_adaptive_top3,0,5,205,50336,2,0,0.11216701567173004,0
E4_adaptive_top3,0,5,220,50351,2,0,0.11428450047969818,0
E4_adaptive_top3,0,5,221,50352,2,0,0.11757199466228485,0
E4_adaptive_top3,0,5,226,50357,2,0,0.11278305947780609,0
E4_adaptive_top3,0,5,227,50358,2,0,0.2009047269821167,0
E4_adaptive_top3,0,5,249,50382,2,0,0.11508935689926147,0
E4_adaptive_top3,0,5,250,50383,2,0,0.1130845695734024,0
E4_adaptive_top3,0,5,267,50411,1,1,0.8147146105766296,1
E4_adaptive_top3,0,5,277,50422,2,0,0.3070637285709381,0
E4_adaptive_top3,0,5,305,50469,2,0,0.111976258456707,0
E4_adaptive_top3,0,5,318,50492,1,1,0.544321596622467,1
E4_adaptive_top3,0,5,321,50496,1,1,0.6524245142936707,1
E4_adaptive_top3,0,5,336,50518,1,1,0.6547338962554932,1
E4_adaptive_top3,0,5,367,50577,2,0,0.11119601875543594,0
E4_adaptive_top3,0,5,373,50606,1,1,0.7663153409957886,1
E4_adaptive_top3,0,5,383,50621,1,1,0.656822919845581,1
E4_adaptive_top3,0,5,391,50642,1,1,0.6782500147819519,1
E4_adaptive_top3,0,5,433,50725,2,0,0.11424244195222855,0
E4_adaptive_top3,0,5,469,50786,2,0,0.11499804258346558,0
E4_adaptive_top3,0,5,471,50791,1,1,0.28598552942276,0
E4_adaptive_top3,0,5,500,50962,1,1,0.11387374997138977,0
E4_adaptive_top3,0,5,504,50967,1,1,0.7032431960105896,1
E4_adaptive_top3,0,5,529,50995,1,1,0.8179022073745728,1
E4_adaptive_top3,0,5,533,51000,1,1,0.8197647333145142,1
E4_adaptive_top3,0,5,556,51026,1,1,0.8234316110610962,1
E4_adaptive_top3,0,5,560,51030,1,1,0.8204290270805359,1
E4_adaptive_top3,0,5,567,51039,2,0,0.11222417652606964,0
E4_adaptive_top3,0,5,570,51042,2,0,0.11156366765499115,0
E4_adaptive_top3,0,5,574,51047,2,0,0.11145538091659546,0
E4_adaptive_top3,0,5,597,51070,2,0,0.11143354326486588,0
E4_adaptive_top3,0,5,601,51075,2,0,0.11836420744657516,0
E4_adaptive_top3,0,5,621,51096,2,0,0.11225492507219315,0
E4_adaptive_top3,0,5,624,51099,2,0,0.11551101505756378,0
E4_adaptive_top3,0,5,625,51100,2,0,0.1115342304110527,0
E4_adaptive_top3,0,5,628,51103,2,0,0.1127115860581398,0
E4_adaptive_top3,0,5,643,51123,2,0,0.11117188632488251,0
E4_adaptive_top3,0,5,647,51128,2,0,0.1111215129494667,0
E4_adaptive_top3,0,5,650,51131,2,0,0.11486539244651794,0
E4_adaptive_top3,0,5,654,51135,2,0,0.11158771812915802,0
E4_adaptive_top3,0,5,656,51137,2,0,0.11270010471343994,0
E4_adaptive_top3,0,5,659,51140,2,0,0.1111188679933548,0
E4_adaptive_top3,0,5,671,51155,2,0,0.11153154075145721,0
E4_adaptive_top3,0,5,674,51161,1,1,0.803668200969696,1
E4_adaptive_top3,0,5,680,51170,1,1,0.1129518374800682,0
E4_adaptive_top3,0,5,702,51204,1,1,0.806770384311676,1
E4_adaptive_top3,0,5,733,51241,1,1,0.3837891221046448,0
E4_adaptive_top3,0,5,734,51248,1,1,0.8073409199714661,1
E4_adaptive_top3,0,5,741,51255,2,0,0.11152172833681107,0
E4_adaptive_top3,0,5,748,51265,2,0,0.11113831400871277,0
E4_adaptive_top3,0,5,749,51266,2,0,0.7758542895317078,1
E4_adaptive_top3,0,5,757,51276,2,0,0.1129285991191864,0
E4_adaptive_top3,0,5,758,51277,2,0,0.11152628064155579,0
E4_adaptive_top3,0,5,761,51280,2,0,0.11224938184022903,0
E4_adaptive_top3,0,5,764,51292,1,1,0.8109935522079468,1
E4_adaptive_top3,0,5,768,51297,1,1,0.8229689002037048,1
E4_adaptive_top3,0,5,785,51319,1,1,0.8233760595321655,1
E4_adaptive_top3,0,5,789,51323,1,1,0.8096686601638794,1
E4_adaptive_top3,0,5,796,51331,1,1,0.7092887163162231,1
E4_adaptive_top3,0,5,797,51332,2,0,0.11270666122436523,0
E4_adaptive_top3,0,5,804,51340,2,0,0.11663026362657547,0
E4_adaptive_top3,0,5,807,51343,2,0,0.11660924553871155,0
E4_adaptive_top3,0,5,808,51344,2,0,0.11153970658779144,0
E4_adaptive_top3,0,5,814,51351,1,1,0.1393405944108963,0
E4_adaptive_top3,0,5,829,51463,1,1,0.5020256042480469,1
E4_adaptive_top3,0,5,846,51559,2,0,0.11426690220832825,0
E4_adaptive_top3,0,5,864,51580,1,1,0.5484232306480408,1
E4_adaptive_top3,0,5,867,51584,1,1,0.8234402537345886,1
E4_adaptive_top3,0,5,870,51607,1,1,0.11136048287153244,0
E4_adaptive_top3,0,6,7,50011,1,1,0.8452141284942627,1
E4_adaptive_top3,0,6,12,50016,1,1,0.8396835923194885,1
E4_adaptive_top3,0,6,22,50031,2,0,0.0791155993938446,0
E4_adaptive_top3,0,6,25,50034,2,0,0.07917822897434235,0
E4_adaptive_top3,0,6,28,50037,2,0,0.08219168335199356,0
E4_adaptive_top3,0,6,30,50039,2,0,0.6577472686767578,1
E4_adaptive_top3,0,6,31,50040,2,0,0.08432058244943619,0
E4_adaptive_top3,0,6,38,50047,2,0,0.08383301645517349,0
E4_adaptive_top3,0,6,51,50103,2,0,0.22675475478172302,0
E4_adaptive_top3,0,6,60,50114,2,0,0.07911476492881775,0
E4_adaptive_top3,0,6,68,50124,1,1,0.7048997282981873,1
E4_adaptive_top3,0,6,71,50128,1,1,0.8480486273765564,1
E4_adaptive_top3,0,6,76,50134,1,1,0.7045972943305969,1
E4_adaptive_top3,0,6,102,50171,2,0,0.07914576679468155,0
E4_adaptive_top3,0,6,110,50190,1,1,0.7036246061325073,1
E4_adaptive_top3,0,6,129,50217,2,0,0.08013401925563812,0
E4_adaptive_top3,0,6,137,50241,1,1,0.7771278023719788,1
E4_adaptive_top3,0,6,150,50259,2,0,0.0814109519124031,0
E4_adaptive_top3,0,6,174,50290,1,1,0.6751956939697266,1
E4_adaptive_top3,0,6,176,50292,1,1,0.8337547183036804,1
E4_adaptive_top3,0,6,179,50295,1,1,0.843937873840332,1
E4_adaptive_top3,0,6,188,50312,1,1,0.6807767152786255,1
E4_adaptive_top3,0,6,194,50321,1,1,0.8482843637466431,1
E4_adaptive_top3,0,6,209,50340,2,0,0.08023256808519363,0
E4_adaptive_top3,0,6,212,50343,2,0,0.24456928670406342,0
E4_adaptive_top3,0,6,213,50344,2,0,0.08032023161649704,0
E4_adaptive_top3,0,6,215,50346,2,0,0.07960455119609833,0
E4_adaptive_top3,0,6,225,50356,2,0,0.08080209791660309,0
E4_adaptive_top3,0,6,240,50372,2,0,0.08033175766468048,0
E4_adaptive_top3,0,6,247,50380,2,0,0.10050003975629807,0
E4_adaptive_top3,0,6,252,50386,2,0,0.07914239168167114,0
E4_adaptive_top3,0,6,253,50387,2,0,0.08034735172986984,0
E4_adaptive_top3,0,6,255,50390,2,0,0.08376191556453705,0
E4_adaptive_top3,0,6,268,50412,1,1,0.8329806923866272,1
E4_adaptive_top3,0,6,279,50425,2,0,0.08087313920259476,0
E4_adaptive_top3,0,6,281,50427,2,0,0.08029237389564514,0
E4_adaptive_top3,0,6,308,50480,1,1,0.8482404947280884,1
E4_adaptive_top3,0,6,309,50481,1,1,0.847949206829071,1
E4_adaptive_top3,0,6,315,50488,1,1,0.8391655087471008,1
E4_adaptive_top3,0,6,332,50510,1,1,0.8478437662124634,1
E4_adaptive_top3,0,6,338,50520,1,1,0.8390158414840698,1
E4_adaptive_top3,0,6,342,50525,1,1,0.590735137462616,1
E4_adaptive_top3,0,6,355,50561,2,0,0.0791228637099266,0
E4_adaptive_top3,0,6,358,50568,2,0,0.10194069147109985,0
E4_adaptive_top3,0,6,361,50571,2,0,0.2115001380443573,0
E4_adaptive_top3,0,6,369,50601,1,1,0.11743897944688797,0
E4_adaptive_top3,0,6,377,50613,1,1,0.8478258848190308,1
E4_adaptive_top3,0,6,389,50627,1,1,0.8419796824455261,1
E4_adaptive_top3,0,6,403,50683,2,0,0.08068948239088058,0
E4_adaptive_top3,0,6,409,50690,1,1,0.07950497418642044,0
E4_adaptive_top3,0,6,413,50694,1,1,0.8427686095237732,1
E4_adaptive_top3,0,6,415,50696,1,1,0.8407320380210876,1
E4_adaptive_top3,0,6,419,50700,1,1,0.8484275937080383,1
E4_adaptive_top3,0,6,422,50703,2,0,0.08012016862630844,0
E4_adaptive_top3,0,6,437,50731,2,0,0.08065751194953918,0
E4_adaptive_top3,0,6,438,50733,2,0,0.07963503897190094,0
E4_adaptive_top3,0,6,443,50740,2,0,0.07928919047117233,0
E4_adaptive_top3,0,6,447,50744,1,1,0.4585241675376892,0
E4_adaptive_top3,0,6,449,50748,1,1,0.32453206181526184,0
E4_adaptive_top3,0,6,470,50790,2,0,0.07915497571229935,0
E4_adaptive_top3,0,6,488,50822,2,0,0.07909402251243591,0
E4_adaptive_top3,0,6,492,50954,1,1,0.07912170886993408,0
E4_adaptive_top3,0,6,495,50957,1,1,0.5382091999053955,1
E4_adaptive_top3,0,6,505,50968,1,1,0.8463634848594666,1
E4_adaptive_top3,0,6,517,50983,1,1,0.7681952714920044,1
E4_adaptive_top3,0,6,523,50989,1,1,0.8468236923217773,1
E4_adaptive_top3,0,6,547,51016,1,1,0.8376374244689941,1
E4_adaptive_top3,0,6,552,51021,1,1,0.8319846987724304,1
E4_adaptive_top3,0,6,580,51053,2,0,0.0873275026679039,0
E4_adaptive_top3,0,6,581,51054,2,0,0.08112005144357681,0
E4_adaptive_top3,0,6,582,51055,2,0,0.0816366896033287,0
E4_adaptive_top3,0,6,600,51074,2,0,0.07953919470310211,0
E4_adaptive_top3,0,6,615,51089,2,0,0.08502423018217087,0
E4_adaptive_top3,0,6,634,51110,2,0,0.08479727059602737,0
E4_adaptive_top3,0,6,663,51147,2,0,0.07959365844726562,0
E4_adaptive_top3,0,6,684,51178,1,1,0.8396223187446594,1
E4_adaptive_top3,0,6,699,51201,1,1,0.5285517573356628,1
E4_adaptive_top3,0,6,708,51211,1,1,0.1046825498342514,0
E4_adaptive_top3,0,6,740,51254,2,0,0.07927408814430237,0
E4_adaptive_top3,0,6,752,51269,2,0,0.07959216088056564,0
E4_adaptive_top3,0,6,760,51279,2,0,0.08225443959236145,0
E4_adaptive_top3,0,6,811,51347,2,0,0.0794227123260498,0
E4_adaptive_top3,0,6,821,51362,2,0,0.08063776791095734,0
E4_adaptive_top3,0,6,833,51477,2,0,0.07938800752162933,0
E4_adaptive_top3,0,6,843,51556,2,0,0.08236311376094818,0
E4_adaptive_top3,0,6,859,51574,1,1,0.8360913395881653,1
E4_adaptive_top3,0,6,861,51577,1,1,0.8132994771003723,1
E4_adaptive_top3,0,7,16,50024,1,1,0.9445009827613831,1
E4_adaptive_top3,0,7,26,50035,2,0,0.0654616430401802,0
E4_adaptive_top3,0,7,40,50049,2,0,0.060512132942676544,0
E4_adaptive_top3,0,7,54,50106,2,0,0.9386406540870667,1
E4_adaptive_top3,0,7,80,50144,1,1,0.9419639110565186,1
E4_adaptive_top3,0,7,82,50146,1,1,0.060564424842596054,0
E4_adaptive_top3,0,7,90,50157,2,0,0.12412228435277939,0
E4_adaptive_top3,0,7,91,50158,2,0,0.06180884316563606,0
E4_adaptive_top3,0,7,95,50162,2,0,0.07819758355617523,0
E4_adaptive_top3,0,7,104,50183,1,1,0.9450227618217468,1
E4_adaptive_top3,0,7,153,50262,2,0,0.06075083836913109,0
E4_adaptive_top3,0,7,156,50265,2,0,0.06124109774827957,0
E4_adaptive_top3,0,7,165,50274,1,1,0.9441622495651245,1
E4_adaptive_top3,0,7,166,50275,1,1,0.9450176954269409,1
E4_adaptive_top3,0,7,169,50282,1,1,0.944973349571228,1
E4_adaptive_top3,0,7,178,50294,1,1,0.9450204372406006,1
E4_adaptive_top3,0,7,189,50314,1,1,0.944175660610199,1
E4_adaptive_top3,0,7,190,50315,1,1,0.9449944496154785,1
E4_adaptive_top3,0,7,191,50318,1,1,0.7773770689964294,1
E4_adaptive_top3,0,7,208,50339,2,0,0.06512583792209625,0
E4_adaptive_top3,0,7,214,50345,2,0,0.10488643497228622,0
E4_adaptive_top3,0,7,224,50355,2,0,0.19390013813972473,0
E4_adaptive_top3,0,7,233,50364,2,0,0.10792766511440277,0
E4_adaptive_top3,0,7,245,50377,2,0,0.060549065470695496,0
E4_adaptive_top3,0,7,246,50379,2,0,0.06120697036385536,0
E4_adaptive_top3,0,7,251,50385,2,0,0.9451279640197754,1
E4_adaptive_top3,0,7,261,50404,1,1,0.9443550109863281,1
E4_adaptive_top3,0,7,276,50421,2,0,0.06191179156303406,0
E4_adaptive_top3,0,7,285,50435,2,0,0.06039649248123169,0
E4_adaptive_top3,0,7,289,50439,2,0,0.06019342690706253,0
E4_adaptive_top3,0,7,296,50446,2,0,0.06042077764868736,0
E4_adaptive_top3,0,7,298,50448,2,0,0.22602887451648712,0
E4_adaptive_top3,0,7,304,50468,2,0,0.06086672097444534,0
E4_adaptive_top3,0,7,314,50487,1,1,0.9437762498855591,1
E4_adaptive_top3,0,7,325,50500,1,1,0.9443346858024597,1
E4_adaptive_top3,0,7,350,50551,2,0,0.061035655438899994,0
E4_adaptive_top3,0,7,398,50659,2,0,0.4837905466556549,0
E4_adaptive_top3,0,7,420,50701,2,0,0.07114860415458679,0
E4_adaptive_top3,0,7,423,50704,1,1,0.9397042989730835,1
E4_adaptive_top3,0,7,424,50705,1,1,0.9431625008583069,1
E4_adaptive_top3,0,7,428,50709,2,0,0.06017349660396576,0
E4_adaptive_top3,0,7,452,50751,1,1,0.9427055716514587,1
E4_adaptive_top3,0,7,459,50773,2,0,0.06002691388130188,0
E4_adaptive_top3,0,7,474,50797,1,1,0.9414670467376709,1
E4_adaptive_top3,0,7,479,50803,1,1,0.9444658756256104,1
E4_adaptive_top3,0,7,480,50807,1,1,0.945067822933197,1
E4_adaptive_top3,0,7,484,50817,2,0,0.06512591987848282,0
E4_adaptive_top3,0,7,485,50818,2,0,0.06020481139421463,0
E4_adaptive_top3,0,7,487,50821,2,0,0.06041351705789566,0
E4_adaptive_top3,0,7,494,50956,1,1,0.9437562823295593,1
E4_adaptive_top3,0,7,512,50977,1,1,0.9450024366378784,1
E4_adaptive_top3,0,7,515,50981,1,1,0.9445300102233887,1
E4_adaptive_top3,0,7,518,50984,1,1,0.9451726675033569,1
E4_adaptive_top3,0,7,520,50986,1,1,0.9432864785194397,1
E4_adaptive_top3,0,7,526,50992,1,1,0.9449800848960876,1
E4_adaptive_top3,0,7,536,51003,1,1,0.9450173377990723,1
E4_adaptive_top3,0,7,540,51009,1,1,0.9441750049591064,1
E4_adaptive_top3,0,7,545,51014,1,1,0.9444891810417175,1
E4_adaptive_top3,0,7,578,51051,2,0,0.06861065328121185,0
E4_adaptive_top3,0,7,590,51063,2,0,0.06515921652317047,0
E4_adaptive_top3,0,7,603,51077,2,0,0.26113054156303406,0
E4_adaptive_top3,0,7,617,51091,2,0,0.06050032004714012,0
E4_adaptive_top3,0,7,630,51105,2,0,0.06279178708791733,0
E4_adaptive_top3,0,7,641,51118,2,0,0.6267741918563843,1
E4_adaptive_top3,0,7,644,51124,2,0,0.06564262509346008,0
E4_adaptive_top3,0,7,666,51150,2,0,0.06329045444726944,0
E4_adaptive_top3,0,7,667,51151,2,0,0.06139972433447838,0
E4_adaptive_top3,0,7,672,51156,2,0,0.06708484888076782,0
E4_adaptive_top3,0,7,675,51162,1,1,0.9447407722473145,1
E4_adaptive_top3,0,7,685,51179,1,1,0.9450212121009827,1
E4_adaptive_top3,0,7,706,51208,1,1,0.9426334500312805,1
E4_adaptive_top3,0,7,715,51219,1,1,0.9437848925590515,1
E4_adaptive_top3,0,7,720,51224,1,1,0.9447447657585144,1
E4_adaptive_top3,0,7,725,51230,1,1,0.943970799446106,1
E4_adaptive_top3,0,7,746,51262,2,0,0.0604131855070591,0
E4_adaptive_top3,0,7,763,51291,1,1,0.9433748722076416,1
E4_adaptive_top3,0,7,775,51304,2,0,0.061153594404459,0
E4_adaptive_top3,0,7,781,51311,2,0,0.06013047322630882,0
E4_adaptive_top3,0,7,790,51325,1,1,0.9449822902679443,1
E4_adaptive_top3,0,7,792,51327,1,1,0.9450017213821411,1
E4_adaptive_top3,0,7,799,51334,2,0,0.06018313765525818,0
E4_adaptive_top3,0,7,803,51339,2,0,0.061516519635915756,0
E4_adaptive_top3,0,7,837,51482,2,0,0.061390794813632965,0
E4_adaptive_top3,0,7,838,51484,2,0,0.2726016938686371,0
E4_adaptive_top3,0,7,841,51491,2,0,0.06076598912477493,0
E4_adaptive_top3,0,7,860,51576,1,1,0.9446262717247009,1
E4_adaptive_top3,0,7,865,51582,1,1,0.9439985156059265,1
E4_adaptive_top3,0,8,5,50008,1,1,0.8479057550430298,1
E4_adaptive_top3,0,8,9,50013,1,1,0.8465588092803955,1
E4_adaptive_top3,0,8,23,50032,2,0,0.1628444343805313,0
E4_adaptive_top3,0,8,24,50033,2,0,0.17200051248073578,0
E4_adaptive_top3,0,8,73,50130,1,1,0.848450243473053,1
E4_adaptive_top3,0,8,75,50132,1,1,0.8483743071556091,1
E4_adaptive_top3,0,8,85,50149,1,1,0.8516965508460999,1
E4_adaptive_top3,0,8,105,50184,1,1,0.8513456583023071,1
E4_adaptive_top3,0,8,120,50203,2,0,0.17191971838474274,0
E4_adaptive_top3,0,8,124,50208,2,0,0.18895138800144196,0
E4_adaptive_top3,0,8,134,50237,1,1,0.8384742140769958,1
E4_adaptive_top3,0,8,138,50243,1,1,0.8519119024276733,1
E4_adaptive_top3,0,8,139,50245,1,1,0.851916491985321,1
E4_adaptive_top3,0,8,155,50264,2,0,0.17948760092258453,0
E4_adaptive_top3,0,8,173,50289,1,1,0.3974802792072296,0
E4_adaptive_top3,0,8,201,50332,2,0,0.1643352508544922,0
E4_adaptive_top3,0,8,216,50347,2,0,0.1627112478017807,0
E4_adaptive_top3,0,8,228,50359,2,0,0.2969793975353241,0
E4_adaptive_top3,0,8,229,50360,2,0,0.16349785029888153,0
E4_adaptive_top3,0,8,235,50366,2,0,0.22778157889842987,0
E4_adaptive_top3,0,8,239,50370,2,0,0.30115121603012085,0
E4_adaptive_top3,0,8,269,50413,1,1,0.8474960923194885,1
E4_adaptive_top3,0,8,272,50416,2,0,0.1629166156053543,0
E4_adaptive_top3,0,8,273,50417,2,0,0.16324512660503387,0
E4_adaptive_top3,0,8,290,50440,2,0,0.6489037871360779,1
E4_adaptive_top3,0,8,291,50441,2,0,0.16321057081222534,0
E4_adaptive_top3,0,8,299,50449,2,0,0.16429093480110168,0
E4_adaptive_top3,0,8,313,50486,1,1,0.8506423830986023,1
E4_adaptive_top3,0,8,324,50499,1,1,0.8486167788505554,1
E4_adaptive_top3,0,8,330,50507,1,1,0.7572746872901917,1
E4_adaptive_top3,0,8,343,50526,1,1,0.8308334946632385,1
E4_adaptive_top3,0,8,344,50527,1,1,0.8512833118438721,1
E4_adaptive_top3,0,8,362,50572,2,0,0.16286154091358185,0
E4_adaptive_top3,0,8,380,50616,1,1,0.8484092354774475,1
E4_adaptive_top3,0,8,388,50626,1,1,0.8518735766410828,1
E4_adaptive_top3,0,8,400,50665,2,0,0.515686571598053,1
E4_adaptive_top3,0,8,402,50682,2,0,0.1816318780183792,0
E4_adaptive_top3,0,8,404,50685,2,0,0.2856080234050751,0
E4_adaptive_top3,0,8,421,50702,1,1,0.8430800437927246,1
E4_adaptive_top3,0,8,427,50708,1,1,0.8515459299087524,1
E4_adaptive_top3,0,8,431,50723,2,0,0.16506251692771912,0
E4_adaptive_top3,0,8,463,50777,2,0,0.2161901891231537,0
E4_adaptive_top3,0,8,472,50792,1,1,0.8518921136856079,1
E4_adaptive_top3,0,8,473,50796,1,1,0.8477364778518677,1
E4_adaptive_top3,0,8,477,50800,1,1,0.8477090001106262,1
E4_adaptive_top3,0,8,486,50820,2,0,0.16335928440093994,0
E4_adaptive_top3,0,8,519,50985,1,1,0.8457639217376709,1
E4_adaptive_top3,0,8,521,50987,1,1,0.8492523431777954,1
E4_adaptive_top3,0,8,524,50990,1,1,0.848465621471405,1
E4_adaptive_top3,0,8,530,50996,1,1,0.8295659422874451,1
E4_adaptive_top3,0,8,538,51007,1,1,0.8479641675949097,1
E4_adaptive_top3,0,8,548,51017,1,1,0.796173095703125,1
E4_adaptive_top3,0,8,549,51018,1,1,0.8512178659439087,1
E4_adaptive_top3,0,8,554,51024,1,1,0.8513880372047424,1
E4_adaptive_top3,0,8,563,51034,1,1,0.8462859392166138,1
E4_adaptive_top3,0,8,565,51036,2,0,0.16317880153656006,0
E4_adaptive_top3,0,8,573,51046,2,0,0.29294097423553467,0
E4_adaptive_top3,0,8,593,51066,2,0,0.16330915689468384,0
E4_adaptive_top3,0,8,608,51082,2,0,0.20800694823265076,0
E4_adaptive_top3,0,8,613,51087,2,0,0.17695382237434387,0
E4_adaptive_top3,0,8,618,51093,2,0,0.16270723938941956,0
E4_adaptive_top3,0,8,620,51095,2,0,0.570303201675415,1
E4_adaptive_top3,0,8,635,51111,2,0,0.1627444326877594,0
E4_adaptive_top3,0,8,652,51133,2,0,0.8471277356147766,1
E4_adaptive_top3,0,8,653,51134,2,0,0.1628596931695938,0
E4_adaptive_top3,0,8,668,51152,2,0,0.17409132421016693,0
E4_adaptive_top3,0,8,682,51173,1,1,0.8473789691925049,1
E4_adaptive_top3,0,8,687,51181,2,0,0.3259645104408264,0
E4_adaptive_top3,0,8,717,51221,1,1,0.8471812009811401,1
E4_adaptive_top3,0,8,719,51223,1,1,0.8512771129608154,1
E4_adaptive_top3,0,8,731,51239,1,1,0.8440957069396973,1
E4_adaptive_top3,0,8,743,51257,2,0,0.8462721705436707,1
E4_adaptive_top3,0,8,751,51268,2,0,0.16284465789794922,0
E4_adaptive_top3,0,8,759,51278,2,0,0.4031384587287903,0
E4_adaptive_top3,0,8,770,51299,1,1,0.8518574833869934,1
E4_adaptive_top3,0,8,773,51302,1,1,0.8477434515953064,1
E4_adaptive_top3,0,8,782,51313,2,0,0.16464810073375702,0
E4_adaptive_top3,0,8,809,51345,2,0,0.30018916726112366,0
E4_adaptive_top3,0,8,810,51346,2,0,0.1629696637392044,0
E4_adaptive_top3,0,8,816,51356,2,0,0.8485155701637268,1
E4_adaptive_top3,0,8,826,51370,2,0,0.16359896957874298,0
E4_adaptive_top3,0,8,827,51373,2,0,0.16544899344444275,0
E4_adaptive_top3,0,8,830,51464,1,1,0.8510001301765442,1
E4_adaptive_top3,0,8,844,51557,2,0,0.16480013728141785,0
E4_adaptive_top3,0,8,849,51563,2,0,0.16284336149692535,0
E4_adaptive_top3,0,8,855,51569,2,0,0.29832395911216736,0
E4_adaptive_top3,0,8,858,51573,1,1,0.7583118081092834,1
E4_adaptive_top3,0,9,1,50004,1,1,0.9280010461807251,1
E4_adaptive_top3,0,9,15,50023,1,1,0.9288960695266724,1
E4_adaptive_top3,0,9,39,50048,2,0,0.8941980600357056,1
E4_adaptive_top3,0,9,47,50057,1,1,0.04953844100236893,0
E4_adaptive_top3,0,9,48,50059,2,0,0.06344493478536606,0
E4_adaptive_top3,0,9,62,50116,2,0,0.6204495429992676,1
E4_adaptive_top3,0,9,89,50156,1,1,0.9228381514549255,1
E4_adaptive_top3,0,9,101,50170,2,0,0.05693976581096649,0
E4_adaptive_top3,0,9,107,50187,1,1,0.04824032634496689,0
E4_adaptive_top3,0,9,121,50204,2,0,0.0453968271613121,0
E4_adaptive_top3,0,9,127,50214,2,0,0.05003826692700386,0
E4_adaptive_top3,0,9,168,50278,1,1,0.9286961555480957,1
E4_adaptive_top3,0,9,193,50320,1,1,0.930482029914856,1
E4_adaptive_top3,0,9,196,50325,1,1,0.045427531003952026,0
E4_adaptive_top3,0,9,254,50388,2,0,0.046721093356609344,0
E4_adaptive_top3,0,9,259,50402,1,1,0.046744801104068756,0
E4_adaptive_top3,0,9,260,50403,1,1,0.0449804961681366,0
E4_adaptive_top3,0,9,265,50408,1,1,0.0546610951423645,0
E4_adaptive_top3,0,9,295,50445,2,0,0.045388612896203995,0
E4_adaptive_top3,0,9,300,50453,2,0,0.08730385452508926,0
E4_adaptive_top3,0,9,301,50463,2,0,0.045846689492464066,0
E4_adaptive_top3,0,9,311,50483,1,1,0.2265811413526535,0
E4_adaptive_top3,0,9,312,50485,1,1,0.044875387102365494,0
E4_adaptive_top3,0,9,322,50497,1,1,0.9219038486480713,1
E4_adaptive_top3,0,9,331,50509,1,1,0.9292889833450317,1
E4_adaptive_top3,0,9,365,50575,2,0,0.2395392656326294,0
E4_adaptive_top3,0,9,366,50576,2,0,0.04489588737487793,0
E4_adaptive_top3,0,9,375,50608,1,1,0.08083198219537735,0
E4_adaptive_top3,0,9,392,50644,1,1,0.9288696646690369,1
E4_adaptive_top3,0,9,393,50647,1,1,0.9044815897941589,1
E4_adaptive_top3,0,9,395,50649,1,1,0.044917162507772446,0
E4_adaptive_top3,0,9,396,50654,1,1,0.1246493011713028,0
E4_adaptive_top3,0,9,401,50669,2,0,0.9177206158638,1
E4_adaptive_top3,0,9,418,50699,2,0,0.8259743452072144,1
E4_adaptive_top3,0,9,440,50737,2,0,0.044886264950037,0
E4_adaptive_top3,0,9,442,50739,2,0,0.04998527839779854,0
E4_adaptive_top3,0,9,448,50745,1,1,0.93008953332901,1
E4_adaptive_top3,0,9,454,50754,1,1,0.9307267069816589,1
E4_adaptive_top3,0,9,458,50772,2,0,0.9155870079994202,1
E4_adaptive_top3,0,9,464,50778,2,0,0.12922970950603485,0
E4_adaptive_top3,0,9,483,50816,2,0,0.048809655010700226,0
E4_adaptive_top3,0,9,491,50952,1,1,0.9300602674484253,1
E4_adaptive_top3,0,9,503,50966,1,1,0.9290363192558289,1
E4_adaptive_top3,0,9,532,50999,1,1,0.9294819831848145,1
E4_adaptive_top3,0,9,550,51019,1,1,0.924778163433075,1
E4_adaptive_top3,0,9,561,51032,1,1,0.9287789463996887,1
E4_adaptive_top3,0,9,569,51041,2,0,0.046958714723587036,0
E4_adaptive_top3,0,9,571,51044,2,0,0.04981646686792374,0
E4_adaptive_top3,0,9,575,51048,2,0,0.05433976650238037,0
E4_adaptive_top3,0,9,588,51061,2,0,0.04552941396832466,0
E4_adaptive_top3,0,9,591,51064,2,0,0.7708103656768799,1
E4_adaptive_top3,0,9,594,51067,2,0,0.049788087606430054,0
E4_adaptive_top3,0,9,598,51072,2,0,0.8942734599113464,1
E4_adaptive_top3,0,9,602,51076,2,0,0.050369005650281906,0
E4_adaptive_top3,0,9,604,51078,2,0,0.05229079723358154,0
E4_adaptive_top3,0,9,611,51085,2,0,0.9217895865440369,1
E4_adaptive_top3,0,9,614,51088,2,0,0.04819415882229805,0
E4_adaptive_top3,0,9,627,51102,2,0,0.04493379592895508,0
E4_adaptive_top3,0,9,637,51113,2,0,0.04491746053099632,0
E4_adaptive_top3,0,9,638,51114,2,0,0.04822128638625145,0
E4_adaptive_top3,0,9,649,51130,2,0,0.929322361946106,1
E4_adaptive_top3,0,9,660,51141,2,0,0.41589537262916565,0
E4_adaptive_top3,0,9,679,51169,1,1,0.8798680305480957,1
E4_adaptive_top3,0,9,689,51183,2,0,0.051882270723581314,0
E4_adaptive_top3,0,9,704,51206,1,1,0.6226778030395508,1
E4_adaptive_top3,0,9,707,51210,1,1,0.9161970019340515,1
E4_adaptive_top3,0,9,711,51215,1,1,0.061111822724342346,0
E4_adaptive_top3,0,9,721,51225,1,1,0.09935422986745834,0
E4_adaptive_top3,0,9,726,51231,1,1,0.0450109988451004,0
E4_adaptive_top3,0,9,729,51236,1,1,0.0840025395154953,0
E4_adaptive_top3,0,9,744,51260,2,0,0.0485440194606781,0
E4_adaptive_top3,0,9,750,51267,2,0,0.04496834799647331,0
E4_adaptive_top3,0,9,777,51306,2,0,0.7042258977890015,1
E4_adaptive_top3,0,9,787,51321,1,1,0.9268285036087036,1
E4_adaptive_top3,0,9,788,51322,1,1,0.485575795173645,0
E4_adaptive_top3,0,9,794,51329,1,1,0.04552094638347626,0
E4_adaptive_top3,0,9,802,51338,2,0,0.22882919013500214,0
E4_adaptive_top3,0,9,805,51341,2,0,0.18020984530448914,0
E4_adaptive_top3,0,9,812,51349,1,1,0.04541950672864914,0
E4_adaptive_top3,0,9,818,51359,2,0,0.9301961064338684,1
E4_adaptive_top3,0,9,822,51363,2,0,0.045306142419576645,0
E4_adaptive_top3,0,9,823,51364,2,0,0.46687161922454834,0
E4_adaptive_top3,0,9,847,51560,2,0,0.045440468937158585,0
E4_adaptive_top3,0,9,848,51562,2,0,0.04930001124739647,0
E4_adaptive_top3,0,9,850,51564,2,0,0.04492024704813957,0
E4_adaptive_top3,0,9,863,51579,1,1,0.08671731501817703,0
E4_adaptive_top3,0,9,866,51583,1,1,0.9221967458724976,1
E4_adaptive_top3,0,10,11,50015,1,1,0.9198465943336487,1
E4_adaptive_top3,0,10,41,50050,2,0,0.0739656612277031,0
E4_adaptive_top3,0,10,44,50053,1,1,0.9147166013717651,1
E4_adaptive_top3,0,10,52,50104,2,0,0.0752524808049202,0
E4_adaptive_top3,0,10,59,50113,2,0,0.07525384426116943,0
E4_adaptive_top3,0,10,65,50119,1,1,0.07446076720952988,0
E4_adaptive_top3,0,10,92,50159,2,0,0.9209611415863037,1
E4_adaptive_top3,0,10,93,50160,2,0,0.07397569715976715,0
E4_adaptive_top3,0,10,94,50161,2,0,0.9212415218353271,1
E4_adaptive_top3,0,10,108,50188,1,1,0.07360890507698059,0
E4_adaptive_top3,0,10,115,50198,2,0,0.07452666014432907,0
E4_adaptive_top3,0,10,117,50200,2,0,0.07358946651220322,0
E4_adaptive_top3,0,10,118,50201,2,0,0.0736173540353775,0
E4_adaptive_top3,0,10,140,50247,1,1,0.9213652014732361,1
E4_adaptive_top3,0,10,149,50257,2,0,0.0759570375084877,0
E4_adaptive_top3,0,10,177,50293,1,1,0.9207353591918945,1
E4_adaptive_top3,0,10,180,50297,1,1,0.885665774345398,1
E4_adaptive_top3,0,10,182,50300,1,1,0.07369937747716904,0
E4_adaptive_top3,0,10,185,50304,1,1,0.9208203554153442,1
E4_adaptive_top3,0,10,186,50308,1,1,0.9194278717041016,1
E4_adaptive_top3,0,10,195,50324,1,1,0.921066164970398,1
E4_adaptive_top3,0,10,199,50330,2,0,0.07473976165056229,0
E4_adaptive_top3,0,10,203,50334,2,0,0.3614998459815979,0
E4_adaptive_top3,0,10,206,50337,2,0,0.07355119287967682,0
E4_adaptive_top3,0,10,219,50350,2,0,0.07485413551330566,0
E4_adaptive_top3,0,10,237,50368,2,0,0.07414363324642181,0
E4_adaptive_top3,0,10,238,50369,2,0,0.0752723217010498,0
E4_adaptive_top3,0,10,242,50374,2,0,0.07914327830076218,0
E4_adaptive_top3,0,10,248,50381,2,0,0.07355024665594101,0
E4_adaptive_top3,0,10,256,50391,2,0,0.07683075964450836,0
E4_adaptive_top3,0,10,274,50418,2,0,0.07358283549547195,0
E4_adaptive_top3,0,10,293,50443,2,0,0.5358371138572693,1
E4_adaptive_top3,0,10,317,50491,1,1,0.9202941656112671,1
E4_adaptive_top3,0,10,320,50494,1,1,0.6816296577453613,1
E4_adaptive_top3,0,10,334,50515,1,1,0.9211539626121521,1
E4_adaptive_top3,0,10,340,50523,1,1,0.9207642674446106,1
E4_adaptive_top3,0,10,347,50530,1,1,0.9195796847343445,1
E4_adaptive_top3,0,10,354,50558,2,0,0.07354817539453506,0
E4_adaptive_top3,0,10,356,50563,2,0,0.07442431151866913,0
E4_adaptive_top3,0,10,359,50569,2,0,0.10268302261829376,0
E4_adaptive_top3,0,10,374,50607,1,1,0.07395879924297333,0
E4_adaptive_top3,0,10,376,50612,1,1,0.07352636754512787,0
E4_adaptive_top3,0,10,378,50614,1,1,0.9209509491920471,1
E4_adaptive_top3,0,10,382,50620,1,1,0.073586605489254,0
E4_adaptive_top3,0,10,384,50622,1,1,0.9148503541946411,1
E4_adaptive_top3,0,10,387,50625,1,1,0.07371264696121216,0
E4_adaptive_top3,0,10,406,50687,2,0,0.7971667647361755,1
E4_adaptive_top3,0,10,414,50695,1,1,0.08255208283662796,0
E4_adaptive_top3,0,10,429,50711,1,1,0.07410082966089249,0
E4_adaptive_top3,0,10,432,50724,2,0,0.07353053987026215,0
E4_adaptive_top3,0,10,466,50781,2,0,0.9167616963386536,1
E4_adaptive_top3,0,10,468,50783,2,0,0.07356434315443039,0
E4_adaptive_top3,0,10,482,50814,2,0,0.073538638651371,0
E4_adaptive_top3,0,10,493,50955,1,1,0.0737093985080719,0
E4_adaptive_top3,0,10,501,50964,1,1,0.07477200031280518,0
E4_adaptive_top3,0,10,506,50969,1,1,0.9210326671600342,1
E4_adaptive_top3,0,10,531,50997,1,1,0.9205077886581421,1
E4_adaptive_top3,0,10,534,51001,1,1,0.9210109114646912,1
E4_adaptive_top3,0,10,542,51011,1,1,0.9209482073783875,1
E4_adaptive_top3,0,10,564,51035,1,1,0.4538285434246063,0
E4_adaptive_top3,0,10,583,51056,2,0,0.07484088093042374,0
E4_adaptive_top3,0,10,587,51060,2,0,0.13873106241226196,0
E4_adaptive_top3,0,10,595,51068,2,0,0.9126386642456055,1
E4_adaptive_top3,0,10,609,51083,2,0,0.9207311272621155,1
E4_adaptive_top3,0,10,610,51084,2,0,0.9211778044700623,1
E4_adaptive_top3,0,10,623,51098,2,0,0.07552746683359146,0
E4_adaptive_top3,0,10,639,51116,2,0,0.07562186568975449,0
E4_adaptive_top3,0,10,673,51159,2,0,0.9212290048599243,1
E4_adaptive_top3,0,10,677,51164,1,1,0.920768678188324,1
E4_adaptive_top3,0,10,694,51189,2,0,0.07355532795190811,0
E4_adaptive_top3,0,10,705,51207,1,1,0.9195882081985474,1
E4_adaptive_top3,0,10,712,51216,1,1,0.07356230914592743,0
E4_adaptive_top3,0,10,724,51229,1,1,0.9195722937583923,1
E4_adaptive_top3,0,10,736,51250,2,0,0.07410558313131332,0
E4_adaptive_top3,0,10,738,51252,2,0,0.9198457598686218,1
E4_adaptive_top3,0,10,769,51298,1,1,0.9207507967948914,1
E4_adaptive_top3,0,10,771,51300,1,1,0.921309232711792,1
E4_adaptive_top3,0,10,774,51303,2,0,0.07884019613265991,0
E4_adaptive_top3,0,10,778,51307,2,0,0.920673131942749,1
E4_adaptive_top3,0,10,783,51315,2,0,0.5708853006362915,1
E4_adaptive_top3,0,10,784,51318,1,1,0.9196485877037048,1
E4_adaptive_top3,0,10,801,51336,2,0,0.07355818897485733,0
E4_adaptive_top3,0,10,813,51350,1,1,0.9201796650886536,1
E4_adaptive_top3,0,10,815,51354,1,1,0.91778165102005,1
E4_adaptive_top3,0,10,817,51357,2,0,0.07356606423854828,0
E4_adaptive_top3,0,10,835,51480,2,0,0.07357555627822876,0
E4_adaptive_top3,0,10,856,51570,2,0,0.8605783581733704,1
E4_adaptive_top3,1,1,8,50012,1,1,0.8417239189147949,1
E4_adaptive_top3,1,1,17,50025,1,1,0.7696674466133118,1
E4_adaptive_top3,1,1,26,50035,2,0,0.18716789782047272,0
E4_adaptive_top3,1,1,30,50039,2,0,0.7651073932647705,1
E4_adaptive_top3,1,1,31,50040,2,0,0.1619018018245697,0
E4_adaptive_top3,1,1,33,50042,2,0,0.1744764894247055,0
E4_adaptive_top3,1,1,40,50049,2,0,0.16270731389522552,0
E4_adaptive_top3,1,1,64,50118,1,1,0.8474625945091248,1
E4_adaptive_top3,1,1,71,50128,1,1,0.8470748066902161,1
E4_adaptive_top3,1,1,74,50131,1,1,0.6286613345146179,1
E4_adaptive_top3,1,1,90,50157,2,0,0.2596948444843292,0
E4_adaptive_top3,1,1,109,50189,1,1,0.8474128246307373,1
E4_adaptive_top3,1,1,115,50198,2,0,0.18790538609027863,0
E4_adaptive_top3,1,1,119,50202,2,0,0.19950252771377563,0
E4_adaptive_top3,1,1,148,50255,1,1,0.8400673866271973,1
E4_adaptive_top3,1,1,170,50284,1,1,0.42314574122428894,0
E4_adaptive_top3,1,1,172,50287,1,1,0.18663430213928223,0
E4_adaptive_top3,1,1,192,50319,1,1,0.8480976223945618,1
E4_adaptive_top3,1,1,204,50335,2,0,0.15972524881362915,0
E4_adaptive_top3,1,1,221,50352,2,0,0.3934307098388672,0
E4_adaptive_top3,1,1,230,50361,2,0,0.15983366966247559,0
E4_adaptive_top3,1,1,241,50373,2,0,0.19829681515693665,0
E4_adaptive_top3,1,1,269,50413,1,1,0.8443871736526489,1
E4_adaptive_top3,1,1,273,50417,2,0,0.1605442464351654,0
E4_adaptive_top3,1,1,283,50433,2,0,0.1620418280363083,0
E4_adaptive_top3,1,1,288,50438,2,0,0.1596425324678421,0
E4_adaptive_top3,1,1,289,50439,2,0,0.16875046491622925,0
E4_adaptive_top3,1,1,303,50467,2,0,0.19533157348632812,0
E4_adaptive_top3,1,1,313,50486,1,1,0.8470964431762695,1
E4_adaptive_top3,1,1,326,50501,1,1,0.8449382781982422,1
E4_adaptive_top3,1,1,333,50514,1,1,0.7291597127914429,1
E4_adaptive_top3,1,1,335,50516,1,1,0.7648661136627197,1
E4_adaptive_top3,1,1,337,50519,1,1,0.8444339036941528,1
E4_adaptive_top3,1,1,343,50526,1,1,0.5398247838020325,1
E4_adaptive_top3,1,1,383,50621,1,1,0.7991693615913391,1
E4_adaptive_top3,1,1,390,50628,1,1,0.8426487445831299,1
E4_adaptive_top3,1,1,410,50691,2,0,0.15963944792747498,0
E4_adaptive_top3,1,1,416,50697,1,1,0.7952098250389099,1
E4_adaptive_top3,1,1,422,50703,2,0,0.16756093502044678,0
E4_adaptive_top3,1,1,425,50706,2,0,0.17217406630516052,0
E4_adaptive_top3,1,1,429,50711,1,1,0.24808140099048615,0
E4_adaptive_top3,1,1,431,50723,2,0,0.15964563190937042,0
E4_adaptive_top3,1,1,435,50728,2,0,0.2898522615432739,0
E4_adaptive_top3,1,1,441,50738,2,0,0.16172084212303162,0
E4_adaptive_top3,1,1,446,50743,1,1,0.8041010499000549,1
E4_adaptive_top3,1,1,449,50748,1,1,0.8311235308647156,1
E4_adaptive_top3,1,1,455,50755,1,1,0.832062304019928,1
E4_adaptive_top3,1,1,457,50757,1,1,0.19784291088581085,0
E4_adaptive_top3,1,1,501,50964,1,1,0.8304089903831482,1
E4_adaptive_top3,1,1,502,50965,1,1,0.8468655943870544,1
E4_adaptive_top3,1,1,511,50976,1,1,0.843635618686676,1
E4_adaptive_top3,1,1,553,51023,1,1,0.8417604565620422,1
E4_adaptive_top3,1,1,560,51030,1,1,0.8464613556861877,1
E4_adaptive_top3,1,1,562,51033,1,1,0.8433418869972229,1
E4_adaptive_top3,1,1,566,51038,2,0,0.15964247286319733,0
E4_adaptive_top3,1,1,584,51057,2,0,0.16470013558864594,0
E4_adaptive_top3,1,1,597,51070,2,0,0.2363261878490448,0
E4_adaptive_top3,1,1,599,51073,2,0,0.16008839011192322,0
E4_adaptive_top3,1,1,610,51084,2,0,0.815297544002533,1
E4_adaptive_top3,1,1,615,51089,2,0,0.16146226227283478,0
E4_adaptive_top3,1,1,630,51105,2,0,0.16005080938339233,0
E4_adaptive_top3,1,1,633,51109,2,0,0.16033576428890228,0
E4_adaptive_top3,1,1,636,51112,2,0,0.16022242605686188,0
E4_adaptive_top3,1,1,654,51135,2,0,0.1660212278366089,0
E4_adaptive_top3,1,1,680,51170,1,1,0.2385352998971939,0
E4_adaptive_top3,1,1,686,51180,2,0,0.5363868474960327,1
E4_adaptive_top3,1,1,691,51185,2,0,0.6879008412361145,1
E4_adaptive_top3,1,1,696,51194,2,0,0.7134953737258911,1
E4_adaptive_top3,1,1,697,51197,2,0,0.1866842359304428,0
E4_adaptive_top3,1,1,726,51231,1,1,0.5362568497657776,1
E4_adaptive_top3,1,1,729,51236,1,1,0.7208906412124634,1
E4_adaptive_top3,1,1,734,51248,1,1,0.8477789163589478,1
E4_adaptive_top3,1,1,744,51260,2,0,0.16102589666843414,0
E4_adaptive_top3,1,1,753,51271,2,0,0.1622447669506073,0
E4_adaptive_top3,1,1,754,51272,2,0,0.2987927794456482,0
E4_adaptive_top3,1,1,755,51273,2,0,0.559427797794342,1
E4_adaptive_top3,1,1,757,51276,2,0,0.16003839671611786,0
E4_adaptive_top3,1,1,765,51293,1,1,0.8443705439567566,1
E4_adaptive_top3,1,1,769,51298,1,1,0.847720742225647,1
E4_adaptive_top3,1,1,787,51321,1,1,0.19030259549617767,0
E4_adaptive_top3,1,1,789,51323,1,1,0.846398651599884,1
E4_adaptive_top3,1,1,792,51327,1,1,0.7812550067901611,1
E4_adaptive_top3,1,1,804,51340,2,0,0.16222533583641052,0
E4_adaptive_top3,1,1,836,51481,2,0,0.17327474057674408,0
E4_adaptive_top3,1,1,841,51491,2,0,0.15970741212368011,0
E4_adaptive_top3,1,1,842,51493,2,0,0.34910672903060913,0
E4_adaptive_top3,1,1,856,51570,2,0,0.1604692041873932,0
E4_adaptive_top3,1,1,870,51607,1,1,0.38085517287254333,0
E4_adaptive_top3,1,2,1,50004,1,1,0.8930054306983948,1
E4_adaptive_top3,1,2,13,50020,1,1,0.891581654548645,1
E4_adaptive_top3,1,2,23,50032,2,0,0.0839788168668747,0
E4_adaptive_top3,1,2,34,50043,2,0,0.0829874724149704,0
E4_adaptive_top3,1,2,41,50050,2,0,0.08270848542451859,0
E4_adaptive_top3,1,2,45,50054,2,0,0.8667428493499756,1
E4_adaptive_top3,1,2,53,50105,2,0,0.14237436652183533,0
E4_adaptive_top3,1,2,59,50113,2,0,0.08857802301645279,0
E4_adaptive_top3,1,2,69,50125,1,1,0.8908429145812988,1
E4_adaptive_top3,1,2,80,50144,1,1,0.8939261436462402,1
E4_adaptive_top3,1,2,84,50148,1,1,0.8932325839996338,1
E4_adaptive_top3,1,2,105,50184,1,1,0.892602801322937,1
E4_adaptive_top3,1,2,144,50251,1,1,0.0859779417514801,0
E4_adaptive_top3,1,2,160,50269,2,0,0.1197047010064125,0
E4_adaptive_top3,1,2,165,50274,1,1,0.5159399509429932,1
E4_adaptive_top3,1,2,174,50290,1,1,0.8935180306434631,1
E4_adaptive_top3,1,2,195,50324,1,1,0.8925936818122864,1
E4_adaptive_top3,1,2,201,50332,2,0,0.08271656930446625,0
E4_adaptive_top3,1,2,209,50340,2,0,0.08235003799200058,0
E4_adaptive_top3,1,2,213,50344,2,0,0.08353205025196075,0
E4_adaptive_top3,1,2,215,50346,2,0,0.08298980444669724,0
E4_adaptive_top3,1,2,217,50348,2,0,0.20624873042106628,0
E4_adaptive_top3,1,2,218,50349,2,0,0.08786863088607788,0
E4_adaptive_top3,1,2,222,50353,2,0,0.1016329750418663,0
E4_adaptive_top3,1,2,224,50355,2,0,0.08119522780179977,0
E4_adaptive_top3,1,2,242,50374,2,0,0.08496090769767761,0
E4_adaptive_top3,1,2,253,50387,2,0,0.08550208806991577,0
E4_adaptive_top3,1,2,256,50391,2,0,0.08185958117246628,0
E4_adaptive_top3,1,2,277,50422,2,0,0.3984487056732178,0
E4_adaptive_top3,1,2,284,50434,2,0,0.08102721720933914,0
E4_adaptive_top3,1,2,305,50469,2,0,0.08398139476776123,0
E4_adaptive_top3,1,2,311,50483,1,1,0.8918735980987549,1
E4_adaptive_top3,1,2,331,50509,1,1,0.8935298323631287,1
E4_adaptive_top3,1,2,342,50525,1,1,0.8870345950126648,1
E4_adaptive_top3,1,2,356,50563,2,0,0.08097846806049347,0
E4_adaptive_top3,1,2,370,50602,1,1,0.8904197216033936,1
E4_adaptive_top3,1,2,394,50648,1,1,0.42068758606910706,0
E4_adaptive_top3,1,2,401,50669,2,0,0.889085054397583,1
E4_adaptive_top3,1,2,413,50694,1,1,0.889079213142395,1
E4_adaptive_top3,1,2,438,50733,2,0,0.080854631960392,0
E4_adaptive_top3,1,2,445,50742,2,0,0.08254297077655792,0
E4_adaptive_top3,1,2,447,50744,1,1,0.8928254842758179,1
E4_adaptive_top3,1,2,451,50750,1,1,0.8934617638587952,1
E4_adaptive_top3,1,2,460,50774,2,0,0.08313294500112534,0
E4_adaptive_top3,1,2,472,50792,1,1,0.8927748203277588,1
E4_adaptive_top3,1,2,475,50798,1,1,0.081146240234375,0
E4_adaptive_top3,1,2,477,50800,1,1,0.8904358744621277,1
E4_adaptive_top3,1,2,492,50954,1,1,0.49862733483314514,0
E4_adaptive_top3,1,2,496,50958,1,1,0.8906985521316528,1
E4_adaptive_top3,1,2,505,50968,1,1,0.8931952118873596,1
E4_adaptive_top3,1,2,506,50969,1,1,0.8902903199195862,1
E4_adaptive_top3,1,2,524,50990,1,1,0.8916473388671875,1
E4_adaptive_top3,1,2,535,51002,1,1,0.8928098082542419,1
E4_adaptive_top3,1,2,545,51014,1,1,0.893651008605957,1
E4_adaptive_top3,1,2,558,51028,1,1,0.8921569585800171,1
E4_adaptive_top3,1,2,564,51035,1,1,0.8675039410591125,1
E4_adaptive_top3,1,2,571,51044,2,0,0.08711869269609451,0
E4_adaptive_top3,1,2,574,51047,2,0,0.08548890054225922,0
E4_adaptive_top3,1,2,580,51053,2,0,0.09822934120893478,0
E4_adaptive_top3,1,2,585,51058,2,0,0.09049060940742493,0
E4_adaptive_top3,1,2,588,51061,2,0,0.08711167424917221,0
E4_adaptive_top3,1,2,600,51074,2,0,0.4148295521736145,0
E4_adaptive_top3,1,2,603,51077,2,0,0.15346218645572662,0
E4_adaptive_top3,1,2,617,51091,2,0,0.08155327290296555,0
E4_adaptive_top3,1,2,646,51127,2,0,0.18940162658691406,0
E4_adaptive_top3,1,2,648,51129,2,0,0.08903088420629501,0
E4_adaptive_top3,1,2,650,51131,2,0,0.09099756181240082,0
E4_adaptive_top3,1,2,651,51132,2,0,0.08368527889251709,0
E4_adaptive_top3,1,2,655,51136,2,0,0.48292475938796997,0
E4_adaptive_top3,1,2,662,51146,2,0,0.08480825275182724,0
E4_adaptive_top3,1,2,664,51148,2,0,0.08894117921590805,0
E4_adaptive_top3,1,2,668,51152,2,0,0.08087126910686493,0
E4_adaptive_top3,1,2,675,51162,1,1,0.8931883573532104,1
E4_adaptive_top3,1,2,681,51171,1,1,0.8933626413345337,1
E4_adaptive_top3,1,2,689,51183,2,0,0.21984021365642548,0
E4_adaptive_top3,1,2,703,51205,1,1,0.8893224000930786,1
E4_adaptive_top3,1,2,728,51235,1,1,0.8931674957275391,1
E4_adaptive_top3,1,2,735,51249,1,1,0.8932016491889954,1
E4_adaptive_top3,1,2,751,51268,2,0,0.08153796941041946,0
E4_adaptive_top3,1,2,763,51291,1,1,0.889832615852356,1
E4_adaptive_top3,1,2,767,51295,1,1,0.8933641314506531,1
E4_adaptive_top3,1,2,813,51350,1,1,0.8897308111190796,1
E4_adaptive_top3,1,2,814,51351,1,1,0.8489031791687012,1
E4_adaptive_top3,1,2,826,51370,2,0,0.08139214664697647,0
E4_adaptive_top3,1,2,835,51480,2,0,0.0861545130610466,0
E4_adaptive_top3,1,2,859,51574,1,1,0.8921283483505249,1
E4_adaptive_top3,1,2,867,51584,1,1,0.8742696046829224,1
E4_adaptive_top3,1,3,3,50006,1,1,0.8970614671707153,1
E4_adaptive_top3,1,3,15,50023,1,1,0.8873483538627625,1
E4_adaptive_top3,1,3,25,50034,2,0,0.08463849872350693,0
E4_adaptive_top3,1,3,39,50048,2,0,0.8923029899597168,1
E4_adaptive_top3,1,3,68,50124,1,1,0.8971328139305115,1
E4_adaptive_top3,1,3,75,50132,1,1,0.8971043825149536,1
E4_adaptive_top3,1,3,88,50153,1,1,0.614147424697876,1
E4_adaptive_top3,1,3,100,50169,2,0,0.0830712839961052,0
E4_adaptive_top3,1,3,107,50187,1,1,0.08625943213701248,0
E4_adaptive_top3,1,3,111,50193,2,0,0.08588318526744843,0
E4_adaptive_top3,1,3,122,50205,2,0,0.08473145216703415,0
E4_adaptive_top3,1,3,138,50243,1,1,0.8833127021789551,1
E4_adaptive_top3,1,3,147,50254,1,1,0.8970975875854492,1
E4_adaptive_top3,1,3,159,50268,2,0,0.08315863460302353,0
E4_adaptive_top3,1,3,173,50289,1,1,0.7542142271995544,1
E4_adaptive_top3,1,3,186,50308,1,1,0.42924320697784424,0
E4_adaptive_top3,1,3,189,50314,1,1,0.8949723243713379,1
E4_adaptive_top3,1,3,193,50320,1,1,0.8972492814064026,1
E4_adaptive_top3,1,3,199,50330,2,0,0.08624695241451263,0
E4_adaptive_top3,1,3,203,50334,2,0,0.893240749835968,1
E4_adaptive_top3,1,3,206,50337,2,0,0.10204511135816574,0
E4_adaptive_top3,1,3,232,50363,2,0,0.1535997986793518,0
E4_adaptive_top3,1,3,233,50364,2,0,0.18190696835517883,0
E4_adaptive_top3,1,3,236,50367,2,0,0.08310333639383316,0
E4_adaptive_top3,1,3,248,50381,2,0,0.08349945396184921,0
E4_adaptive_top3,1,3,252,50386,2,0,0.08385714888572693,0
E4_adaptive_top3,1,3,255,50390,2,0,0.0836138054728508,0
E4_adaptive_top3,1,3,259,50402,1,1,0.08448456972837448,0
E4_adaptive_top3,1,3,261,50404,1,1,0.8963106870651245,1
E4_adaptive_top3,1,3,264,50407,1,1,0.8946766257286072,1
E4_adaptive_top3,1,3,282,50428,2,0,0.0846487507224083,0
E4_adaptive_top3,1,3,291,50441,2,0,0.08420342206954956,0
E4_adaptive_top3,1,3,296,50446,2,0,0.08310484141111374,0
E4_adaptive_top3,1,3,301,50463,2,0,0.08337534219026566,0
E4_adaptive_top3,1,3,312,50485,1,1,0.08385242521762848,0
E4_adaptive_top3,1,3,322,50497,1,1,0.8943111300468445,1
E4_adaptive_top3,1,3,330,50507,1,1,0.567279577255249,1
E4_adaptive_top3,1,3,332,50510,1,1,0.8971584439277649,1
E4_adaptive_top3,1,3,338,50520,1,1,0.895610511302948,1
E4_adaptive_top3,1,3,362,50572,2,0,0.08310842514038086,0
E4_adaptive_top3,1,3,364,50574,2,0,0.09150030463933945,0
E4_adaptive_top3,1,3,368,50578,2,0,0.8946622014045715,1
E4_adaptive_top3,1,3,382,50620,1,1,0.08482667803764343,0
E4_adaptive_top3,1,3,384,50622,1,1,0.89697265625,1
E4_adaptive_top3,1,3,398,50659,2,0,0.3799383342266083,0
E4_adaptive_top3,1,3,403,50683,2,0,0.08323021978139877,0
E4_adaptive_top3,1,3,408,50689,1,1,0.8955530524253845,1
E4_adaptive_top3,1,3,415,50696,1,1,0.8966686725616455,1
E4_adaptive_top3,1,3,421,50702,1,1,0.21638783812522888,0
E4_adaptive_top3,1,3,433,50725,2,0,0.08320478349924088,0
E4_adaptive_top3,1,3,436,50730,2,0,0.08752094954252243,0
E4_adaptive_top3,1,3,439,50735,2,0,0.0835782065987587,0
E4_adaptive_top3,1,3,469,50786,2,0,0.08398538082838058,0
E4_adaptive_top3,1,3,497,50959,1,1,0.8962205052375793,1
E4_adaptive_top3,1,3,503,50966,1,1,0.8848682045936584,1
E4_adaptive_top3,1,3,517,50983,1,1,0.8266568183898926,1
E4_adaptive_top3,1,3,529,50995,1,1,0.8955517411231995,1
E4_adaptive_top3,1,3,530,50996,1,1,0.8970430493354797,1
E4_adaptive_top3,1,3,531,50997,1,1,0.8953372240066528,1
E4_adaptive_top3,1,3,541,51010,1,1,0.7536841034889221,1
E4_adaptive_top3,1,3,546,51015,1,1,0.08342626690864563,0
E4_adaptive_top3,1,3,555,51025,1,1,0.8972886800765991,1
E4_adaptive_top3,1,3,572,51045,2,0,0.08584961295127869,0
E4_adaptive_top3,1,3,577,51050,2,0,0.08550155907869339,0
E4_adaptive_top3,1,3,592,51065,2,0,0.08568640798330307,0
E4_adaptive_top3,1,3,607,51081,2,0,0.0851120725274086,0
E4_adaptive_top3,1,3,608,51082,2,0,0.1101619079709053,0
E4_adaptive_top3,1,3,613,51087,2,0,0.08397120237350464,0
E4_adaptive_top3,1,3,637,51113,2,0,0.08469186723232269,0
E4_adaptive_top3,1,3,639,51116,2,0,0.08979224413633347,0
E4_adaptive_top3,1,3,645,51126,2,0,0.08755185455083847,0
E4_adaptive_top3,1,3,661,51142,2,0,0.1190103217959404,0
E4_adaptive_top3,1,3,706,51208,1,1,0.7021802663803101,1
E4_adaptive_top3,1,3,714,51218,1,1,0.8938648700714111,1
E4_adaptive_top3,1,3,722,51226,1,1,0.08386154472827911,0
E4_adaptive_top3,1,3,731,51239,1,1,0.8946143388748169,1
E4_adaptive_top3,1,3,741,51255,2,0,0.0831068605184555,0
E4_adaptive_top3,1,3,752,51269,2,0,0.08383458107709885,0
E4_adaptive_top3,1,3,761,51280,2,0,0.08384964615106583,0
E4_adaptive_top3,1,3,770,51299,1,1,0.8969965577125549,1
E4_adaptive_top3,1,3,771,51300,1,1,0.8864739537239075,1
E4_adaptive_top3,1,3,776,51305,2,0,0.08776168525218964,0
E4_adaptive_top3,1,3,794,51329,1,1,0.19839780032634735,0
E4_adaptive_top3,1,3,803,51339,2,0,0.0838158130645752,0
E4_adaptive_top3,1,3,806,51342,2,0,0.08336293697357178,0
E4_adaptive_top3,1,3,838,51484,2,0,0.24881139397621155,0
E4_adaptive_top3,1,3,855,51569,2,0,0.16189733147621155,0
E4_adaptive_top3,1,4,4,50007,1,1,0.45068368315696716,0
E4_adaptive_top3,1,4,32,50041,2,0,0.27933835983276367,0
E4_adaptive_top3,1,4,46,50056,1,1,0.7408064603805542,1
E4_adaptive_top3,1,4,57,50111,2,0,0.2886408269405365,0
E4_adaptive_top3,1,4,60,50114,2,0,0.27937212586402893,0
E4_adaptive_top3,1,4,87,50152,1,1,0.753048837184906,1
E4_adaptive_top3,1,4,94,50161,2,0,0.2980855107307434,0
E4_adaptive_top3,1,4,120,50203,2,0,0.27971282601356506,0
E4_adaptive_top3,1,4,135,50239,1,1,0.4448077380657196,0
E4_adaptive_top3,1,4,149,50257,2,0,0.3988412320613861,0
E4_adaptive_top3,1,4,153,50262,2,0,0.2882813811302185,0
E4_adaptive_top3,1,4,154,50263,2,0,0.2853849232196808,0
E4_adaptive_top3,1,4,166,50275,1,1,0.4989314079284668,0
E4_adaptive_top3,1,4,179,50295,1,1,0.7458639740943909,1
E4_adaptive_top3,1,4,210,50341,2,0,0.29672348499298096,0
E4_adaptive_top3,1,4,216,50347,2,0,0.2792964577674866,0
E4_adaptive_top3,1,4,226,50357,2,0,0.28046634793281555,0
E4_adaptive_top3,1,4,258,50399,1,1,0.4282390773296356,0
E4_adaptive_top3,1,4,272,50416,2,0,0.2818399667739868,0
E4_adaptive_top3,1,4,295,50445,2,0,0.28417494893074036,0
E4_adaptive_top3,1,4,316,50490,1,1,0.6428739428520203,1
E4_adaptive_top3,1,4,323,50498,1,1,0.7518987655639648,1
E4_adaptive_top3,1,4,324,50499,1,1,0.7046945095062256,1
E4_adaptive_top3,1,4,328,50503,1,1,0.6976375579833984,1
E4_adaptive_top3,1,4,329,50504,1,1,0.762541651725769,1
E4_adaptive_top3,1,4,344,50527,1,1,0.6763315200805664,1
E4_adaptive_top3,1,4,349,50532,1,1,0.7644651532173157,1
E4_adaptive_top3,1,4,350,50551,2,0,0.3057236075401306,0
E4_adaptive_top3,1,4,359,50569,2,0,0.2910947799682617,0
E4_adaptive_top3,1,4,360,50570,2,0,0.27930188179016113,0
E4_adaptive_top3,1,4,363,50573,2,0,0.2835811972618103,0
E4_adaptive_top3,1,4,371,50603,1,1,0.7650198340415955,1
E4_adaptive_top3,1,4,380,50616,1,1,0.7621586918830872,1
E4_adaptive_top3,1,4,387,50625,1,1,0.27968427538871765,0
E4_adaptive_top3,1,4,389,50627,1,1,0.7055076360702515,1
E4_adaptive_top3,1,4,391,50642,1,1,0.6809250116348267,1
E4_adaptive_top3,1,4,392,50644,1,1,0.7380963563919067,1
E4_adaptive_top3,1,4,402,50682,2,0,0.2809048891067505,0
E4_adaptive_top3,1,4,430,50722,2,0,0.27930882573127747,0
E4_adaptive_top3,1,4,437,50731,2,0,0.27965590357780457,0
E4_adaptive_top3,1,4,458,50772,2,0,0.7619215250015259,1
E4_adaptive_top3,1,4,473,50796,1,1,0.711775541305542,1
E4_adaptive_top3,1,4,474,50797,1,1,0.700874924659729,1
E4_adaptive_top3,1,4,481,50812,2,0,0.28162235021591187,0
E4_adaptive_top3,1,4,483,50816,2,0,0.2874760627746582,0
E4_adaptive_top3,1,4,485,50818,2,0,0.28050515055656433,0
E4_adaptive_top3,1,4,509,50973,1,1,0.6971811652183533,1
E4_adaptive_top3,1,4,516,50982,1,1,0.2905066907405853,0
E4_adaptive_top3,1,4,543,51012,1,1,0.6971763968467712,1
E4_adaptive_top3,1,4,548,51017,1,1,0.7583518624305725,1
E4_adaptive_top3,1,4,549,51018,1,1,0.7658203840255737,1
E4_adaptive_top3,1,4,551,51020,1,1,0.5262618064880371,1
E4_adaptive_top3,1,4,575,51048,2,0,0.2886621356010437,0
E4_adaptive_top3,1,4,590,51063,2,0,0.2885740101337433,0
E4_adaptive_top3,1,4,598,51072,2,0,0.34779855608940125,0
E4_adaptive_top3,1,4,605,51079,2,0,0.6869837641716003,1
E4_adaptive_top3,1,4,618,51093,2,0,0.2795862853527069,0
E4_adaptive_top3,1,4,626,51101,2,0,0.28162291646003723,0
E4_adaptive_top3,1,4,641,51118,2,0,0.5724814534187317,1
E4_adaptive_top3,1,4,649,51130,2,0,0.6307450532913208,1
E4_adaptive_top3,1,4,653,51134,2,0,0.28420156240463257,0
E4_adaptive_top3,1,4,658,51139,2,0,0.280879408121109,0
E4_adaptive_top3,1,4,659,51140,2,0,0.28659066557884216,0
E4_adaptive_top3,1,4,666,51150,2,0,0.28239479660987854,0
E4_adaptive_top3,1,4,678,51168,1,1,0.5183067917823792,1
E4_adaptive_top3,1,4,687,51181,2,0,0.32993483543395996,0
E4_adaptive_top3,1,4,690,51184,2,0,0.3814462423324585,0
E4_adaptive_top3,1,4,699,51201,1,1,0.6971517205238342,1
E4_adaptive_top3,1,4,708,51211,1,1,0.4740368127822876,0
E4_adaptive_top3,1,4,712,51216,1,1,0.2920230031013489,0
E4_adaptive_top3,1,4,716,51220,1,1,0.7266247868537903,1
E4_adaptive_top3,1,4,718,51222,1,1,0.34565046429634094,0
E4_adaptive_top3,1,4,723,51228,1,1,0.7676039338111877,1
E4_adaptive_top3,1,4,742,51256,2,0,0.27934592962265015,0
E4_adaptive_top3,1,4,750,51267,2,0,0.2833768427371979,0
E4_adaptive_top3,1,4,778,51307,2,0,0.7650120258331299,1
E4_adaptive_top3,1,4,793,51328,1,1,0.7661880850791931,1
E4_adaptive_top3,1,4,808,51344,2,0,0.2966877818107605,0
E4_adaptive_top3,1,4,815,51354,1,1,0.6110045313835144,1
E4_adaptive_top3,1,4,817,51357,2,0,0.28406059741973877,0
E4_adaptive_top3,1,4,845,51558,2,0,0.2835793197154999,0
E4_adaptive_top3,1,4,846,51559,2,0,0.2865050733089447,0
E4_adaptive_top3,1,4,852,51566,2,0,0.2835626006126404,0
E4_adaptive_top3,1,4,854,51568,2,0,0.3580530285835266,0
E4_adaptive_top3,1,4,860,51576,1,1,0.40777257084846497,0
E4_adaptive_top3,1,4,861,51577,1,1,0.5595549941062927,1
E4_adaptive_top3,1,4,863,51579,1,1,0.31477099657058716,0
E4_adaptive_top3,1,5,9,50013,1,1,0.7351585030555725,1
E4_adaptive_top3,1,5,12,50016,1,1,0.5052716135978699,1
E4_adaptive_top3,1,5,21,50030,2,0,0.834024965763092,1
E4_adaptive_top3,1,5,28,50037,2,0,0.12973619997501373,0
E4_adaptive_top3,1,5,37,50046,2,0,0.11708227545022964,0
E4_adaptive_top3,1,5,48,50059,2,0,0.08954320847988129,0
E4_adaptive_top3,1,5,73,50130,1,1,0.12975730001926422,0
E4_adaptive_top3,1,5,77,50135,1,1,0.8881255984306335,1
E4_adaptive_top3,1,5,79,50143,1,1,0.8825473189353943,1
E4_adaptive_top3,1,5,81,50145,1,1,0.20708681643009186,0
E4_adaptive_top3,1,5,95,50162,2,0,0.09144624322652817,0
E4_adaptive_top3,1,5,97,50164,2,0,0.08937761187553406,0
E4_adaptive_top3,1,5,102,50171,2,0,0.0933564305305481,0
E4_adaptive_top3,1,5,128,50215,2,0,0.09194749593734741,0
E4_adaptive_top3,1,5,134,50237,1,1,0.8900026679039001,1
E4_adaptive_top3,1,5,142,50249,1,1,0.8855113983154297,1
E4_adaptive_top3,1,5,150,50259,2,0,0.08999480307102203,0
E4_adaptive_top3,1,5,167,50276,1,1,0.8905890583992004,1
E4_adaptive_top3,1,5,177,50293,1,1,0.8840295672416687,1
E4_adaptive_top3,1,5,185,50304,1,1,0.7388540506362915,1
E4_adaptive_top3,1,5,191,50318,1,1,0.08986739814281464,0
E4_adaptive_top3,1,5,207,50338,2,0,0.09150102734565735,0
E4_adaptive_top3,1,5,243,50375,2,0,0.0915142223238945,0
E4_adaptive_top3,1,5,250,50383,2,0,0.1570746749639511,0
E4_adaptive_top3,1,5,271,50415,2,0,0.08962821960449219,0
E4_adaptive_top3,1,5,276,50421,2,0,0.09020717442035675,0
E4_adaptive_top3,1,5,280,50426,2,0,0.08940459787845612,0
E4_adaptive_top3,1,5,286,50436,2,0,0.19192524254322052,0
E4_adaptive_top3,1,5,293,50443,2,0,0.3484448194503784,0
E4_adaptive_top3,1,5,304,50468,2,0,0.08977891504764557,0
E4_adaptive_top3,1,5,306,50470,2,0,0.14168067276477814,0
E4_adaptive_top3,1,5,327,50502,1,1,0.8887625336647034,1
E4_adaptive_top3,1,5,334,50515,1,1,0.8905226588249207,1
E4_adaptive_top3,1,5,336,50518,1,1,0.6389526724815369,1
E4_adaptive_top3,1,5,339,50521,1,1,0.2152652144432068,0
E4_adaptive_top3,1,5,347,50530,1,1,0.8825542330741882,1
E4_adaptive_top3,1,5,351,50552,2,0,0.10679185390472412,0
E4_adaptive_top3,1,5,355,50561,2,0,0.09018584340810776,0
E4_adaptive_top3,1,5,367,50577,2,0,0.09137549996376038,0
E4_adaptive_top3,1,5,385,50623,1,1,0.7664381861686707,1
E4_adaptive_top3,1,5,411,50692,2,0,0.08970118314027786,0
E4_adaptive_top3,1,5,412,50693,1,1,0.09147816151380539,0
E4_adaptive_top3,1,5,417,50698,2,0,0.09086104482412338,0
E4_adaptive_top3,1,5,443,50740,2,0,0.08969730883836746,0
E4_adaptive_top3,1,5,465,50780,2,0,0.1469387263059616,0
E4_adaptive_top3,1,5,484,50817,2,0,0.09180204570293427,0
E4_adaptive_top3,1,5,487,50821,2,0,0.09144514799118042,0
E4_adaptive_top3,1,5,494,50956,1,1,0.877699613571167,1
E4_adaptive_top3,1,5,498,50960,1,1,0.09548871219158173,0
E4_adaptive_top3,1,5,504,50967,1,1,0.8632990717887878,1
E4_adaptive_top3,1,5,507,50970,1,1,0.8894703388214111,1
E4_adaptive_top3,1,5,513,50978,1,1,0.8903855681419373,1
E4_adaptive_top3,1,5,514,50979,1,1,0.5446060299873352,1
E4_adaptive_top3,1,5,528,50994,1,1,0.8877557516098022,1
E4_adaptive_top3,1,5,533,51000,1,1,0.8891138434410095,1
E4_adaptive_top3,1,5,536,51003,1,1,0.8840487599372864,1
E4_adaptive_top3,1,5,537,51006,1,1,0.8875579237937927,1
E4_adaptive_top3,1,5,538,51007,1,1,0.8880675435066223,1
E4_adaptive_top3,1,5,539,51008,1,1,0.0895606130361557,0
E4_adaptive_top3,1,5,547,51016,1,1,0.7334255576133728,1
E4_adaptive_top3,1,5,550,51019,1,1,0.8145869970321655,1
E4_adaptive_top3,1,5,594,51067,2,0,0.10104988515377045,0
E4_adaptive_top3,1,5,614,51088,2,0,0.09556297957897186,0
E4_adaptive_top3,1,5,616,51090,2,0,0.09912111610174179,0
E4_adaptive_top3,1,5,621,51096,2,0,0.1004379466176033,0
E4_adaptive_top3,1,5,623,51098,2,0,0.09666881710290909,0
E4_adaptive_top3,1,5,628,51103,2,0,0.09290140867233276,0
E4_adaptive_top3,1,5,647,51128,2,0,0.0985233262181282,0
E4_adaptive_top3,1,5,660,51141,2,0,0.08970047533512115,0
E4_adaptive_top3,1,5,669,51153,2,0,0.09288513660430908,0
E4_adaptive_top3,1,5,674,51161,1,1,0.7609200477600098,1
E4_adaptive_top3,1,5,685,51179,1,1,0.8414220809936523,1
E4_adaptive_top3,1,5,698,51198,2,0,0.0893513411283493,0
E4_adaptive_top3,1,5,702,51204,1,1,0.8796447515487671,1
E4_adaptive_top3,1,5,713,51217,1,1,0.09007006138563156,0
E4_adaptive_top3,1,5,719,51223,1,1,0.6560172438621521,1
E4_adaptive_top3,1,5,727,51234,1,1,0.8697919845581055,1
E4_adaptive_top3,1,5,737,51251,2,0,0.36753541231155396,0
E4_adaptive_top3,1,5,738,51252,2,0,0.8905895352363586,1
E4_adaptive_top3,1,5,746,51262,2,0,0.2729359269142151,0
E4_adaptive_top3,1,5,805,51341,2,0,0.37937694787979126,0
E4_adaptive_top3,1,5,821,51362,2,0,0.08945256471633911,0
E4_adaptive_top3,1,5,823,51364,2,0,0.10239806026220322,0
E4_adaptive_top3,1,5,832,51473,1,1,0.5140931606292725,1
E4_adaptive_top3,1,5,847,51560,2,0,0.08947250992059708,0
E4_adaptive_top3,1,5,848,51562,2,0,0.08941614627838135,0
E4_adaptive_top3,1,5,849,51563,2,0,0.09120320528745651,0
E4_adaptive_top3,1,6,6,50010,1,1,0.9133361577987671,1
E4_adaptive_top3,1,6,47,50057,1,1,0.0847318172454834,0
E4_adaptive_top3,1,6,54,50106,2,0,0.2167089432477951,0
E4_adaptive_top3,1,6,61,50115,2,0,0.08341293781995773,0
E4_adaptive_top3,1,6,70,50127,1,1,0.12435703724622726,0
E4_adaptive_top3,1,6,76,50134,1,1,0.9132826328277588,1
E4_adaptive_top3,1,6,78,50142,1,1,0.9124248027801514,1
E4_adaptive_top3,1,6,82,50146,1,1,0.23776745796203613,0
E4_adaptive_top3,1,6,91,50158,2,0,0.08302578330039978,0
E4_adaptive_top3,1,6,92,50159,2,0,0.9098016619682312,1
E4_adaptive_top3,1,6,112,50194,2,0,0.08283241093158722,0
E4_adaptive_top3,1,6,123,50206,2,0,0.11475672572851181,0
E4_adaptive_top3,1,6,124,50208,2,0,0.08249305933713913,0
E4_adaptive_top3,1,6,130,50232,1,1,0.9109944701194763,1
E4_adaptive_top3,1,6,131,50233,1,1,0.9118158221244812,1
E4_adaptive_top3,1,6,137,50241,1,1,0.9132641553878784,1
E4_adaptive_top3,1,6,139,50245,1,1,0.9131936430931091,1
E4_adaptive_top3,1,6,140,50247,1,1,0.9059303402900696,1
E4_adaptive_top3,1,6,151,50260,2,0,0.08355838060379028,0
E4_adaptive_top3,1,6,168,50278,1,1,0.9131554961204529,1
E4_adaptive_top3,1,6,175,50291,1,1,0.32110053300857544,0
E4_adaptive_top3,1,6,196,50325,1,1,0.08255991339683533,0
E4_adaptive_top3,1,6,205,50336,2,0,0.32115548849105835,0
E4_adaptive_top3,1,6,219,50350,2,0,0.08641643077135086,0
E4_adaptive_top3,1,6,220,50351,2,0,0.08510345220565796,0
E4_adaptive_top3,1,6,223,50354,2,0,0.1878615766763687,0
E4_adaptive_top3,1,6,228,50359,2,0,0.13210366666316986,0
E4_adaptive_top3,1,6,229,50360,2,0,0.08476551622152328,0
E4_adaptive_top3,1,6,234,50365,2,0,0.08367917686700821,0
E4_adaptive_top3,1,6,239,50370,2,0,0.08264537155628204,0
E4_adaptive_top3,1,6,254,50388,2,0,0.0834205374121666,0
E4_adaptive_top3,1,6,260,50403,1,1,0.09909273684024811,0
E4_adaptive_top3,1,6,278,50424,2,0,0.08381455391645432,0
E4_adaptive_top3,1,6,290,50440,2,0,0.3770023584365845,0
E4_adaptive_top3,1,6,292,50442,2,0,0.08478529006242752,0
E4_adaptive_top3,1,6,299,50449,2,0,0.0831131860613823,0
E4_adaptive_top3,1,6,302,50466,2,0,0.08283291012048721,0
E4_adaptive_top3,1,6,321,50496,1,1,0.909878671169281,1
E4_adaptive_top3,1,6,340,50523,1,1,0.9119334816932678,1
E4_adaptive_top3,1,6,345,50528,1,1,0.9133330583572388,1
E4_adaptive_top3,1,6,357,50565,2,0,0.12696519494056702,0
E4_adaptive_top3,1,6,365,50575,2,0,0.08252496272325516,0
E4_adaptive_top3,1,6,372,50604,1,1,0.9133355617523193,1
E4_adaptive_top3,1,6,374,50607,1,1,0.08279665559530258,0
E4_adaptive_top3,1,6,379,50615,1,1,0.9131635427474976,1
E4_adaptive_top3,1,6,399,50664,2,0,0.08439795672893524,0
E4_adaptive_top3,1,6,426,50707,2,0,0.08353043347597122,0
E4_adaptive_top3,1,6,444,50741,2,0,0.08255784958600998,0
E4_adaptive_top3,1,6,467,50782,2,0,0.10926269739866257,0
E4_adaptive_top3,1,6,468,50783,2,0,0.0876045823097229,0
E4_adaptive_top3,1,6,470,50790,2,0,0.08380817621946335,0
E4_adaptive_top3,1,6,480,50807,1,1,0.913323700428009,1
E4_adaptive_top3,1,6,493,50955,1,1,0.0860719308257103,0
E4_adaptive_top3,1,6,499,50961,1,1,0.9055179357528687,1
E4_adaptive_top3,1,6,515,50981,1,1,0.5378885269165039,1
E4_adaptive_top3,1,6,518,50984,1,1,0.5545594096183777,1
E4_adaptive_top3,1,6,522,50988,1,1,0.15313781797885895,0
E4_adaptive_top3,1,6,523,50989,1,1,0.9120751619338989,1
E4_adaptive_top3,1,6,542,51011,1,1,0.9122195243835449,1
E4_adaptive_top3,1,6,556,51026,1,1,0.9038705229759216,1
E4_adaptive_top3,1,6,557,51027,1,1,0.16823455691337585,0
E4_adaptive_top3,1,6,567,51039,2,0,0.08953843265771866,0
E4_adaptive_top3,1,6,569,51041,2,0,0.0883982703089714,0
E4_adaptive_top3,1,6,573,51046,2,0,0.08435094356536865,0
E4_adaptive_top3,1,6,581,51054,2,0,0.08592037856578827,0
E4_adaptive_top3,1,6,582,51055,2,0,0.08842261880636215,0
E4_adaptive_top3,1,6,583,51056,2,0,0.08954077214002609,0
E4_adaptive_top3,1,6,601,51075,2,0,0.08866885304450989,0
E4_adaptive_top3,1,6,604,51078,2,0,0.08868018537759781,0
E4_adaptive_top3,1,6,624,51099,2,0,0.08352545648813248,0
E4_adaptive_top3,1,6,672,51156,2,0,0.0867418572306633,0
E4_adaptive_top3,1,6,707,51210,1,1,0.9053224921226501,1
E4_adaptive_top3,1,6,725,51230,1,1,0.9132912158966064,1
E4_adaptive_top3,1,6,739,51253,2,0,0.08311453461647034,0
E4_adaptive_top3,1,6,762,51281,2,0,0.08918554335832596,0
E4_adaptive_top3,1,6,773,51302,1,1,0.9079916477203369,1
E4_adaptive_top3,1,6,775,51304,2,0,0.08281835168600082,0
E4_adaptive_top3,1,6,785,51319,1,1,0.9104136824607849,1
E4_adaptive_top3,1,6,796,51331,1,1,0.8288658261299133,1
E4_adaptive_top3,1,6,810,51346,2,0,0.08624979108572006,0
E4_adaptive_top3,1,6,811,51347,2,0,0.08725536614656448,0
E4_adaptive_top3,1,6,812,51349,1,1,0.08329793065786362,0
E4_adaptive_top3,1,6,819,51360,2,0,0.08252020180225372,0
E4_adaptive_top3,1,6,844,51557,2,0,0.08674679696559906,0
E4_adaptive_top3,1,6,858,51573,1,1,0.08783767372369766,0
E4_adaptive_top3,1,6,864,51580,1,1,0.19483356177806854,0
E4_adaptive_top3,1,6,869,51606,1,1,0.08380494266748428,0
E4_adaptive_top3,1,7,22,50031,2,0,0.053397759795188904,0
E4_adaptive_top3,1,7,24,50033,2,0,0.053335465490818024,0
E4_adaptive_top3,1,7,29,50038,2,0,0.05339178815484047,0
E4_adaptive_top3,1,7,43,50052,2,0,0.5035951733589172,1
E4_adaptive_top3,1,7,50,50102,2,0,0.0541868731379509,0
E4_adaptive_top3,1,7,58,50112,2,0,0.05326210334897041,0
E4_adaptive_top3,1,7,62,50116,2,0,0.7067819237709045,1
E4_adaptive_top3,1,7,86,50150,1,1,0.062247369438409805,0
E4_adaptive_top3,1,7,89,50156,1,1,0.9201837182044983,1
E4_adaptive_top3,1,7,93,50160,2,0,0.05701150372624397,0
E4_adaptive_top3,1,7,99,50168,2,0,0.05612347275018692,0
E4_adaptive_top3,1,7,121,50204,2,0,0.05397745966911316,0
E4_adaptive_top3,1,7,125,50210,2,0,0.05342790111899376,0
E4_adaptive_top3,1,7,127,50214,2,0,0.05486712604761124,0
E4_adaptive_top3,1,7,129,50217,2,0,0.053956061601638794,0
E4_adaptive_top3,1,7,133,50236,1,1,0.9174172282218933,1
E4_adaptive_top3,1,7,158,50267,2,0,0.05325646698474884,0
E4_adaptive_top3,1,7,162,50271,2,0,0.13365280628204346,0
E4_adaptive_top3,1,7,169,50282,1,1,0.9168142080307007,1
E4_adaptive_top3,1,7,183,50301,1,1,0.5035980939865112,1
E4_adaptive_top3,1,7,188,50312,1,1,0.9078086018562317,1
E4_adaptive_top3,1,7,211,50342,2,0,0.05582066997885704,0
E4_adaptive_top3,1,7,212,50343,2,0,0.747322142124176,1
E4_adaptive_top3,1,7,238,50369,2,0,0.05661023035645485,0
E4_adaptive_top3,1,7,245,50377,2,0,0.05377435311675072,0
E4_adaptive_top3,1,7,251,50385,2,0,0.724966287612915,1
E4_adaptive_top3,1,7,262,50405,1,1,0.916977047920227,1
E4_adaptive_top3,1,7,266,50410,1,1,0.7667332887649536,1
E4_adaptive_top3,1,7,274,50418,2,0,0.05332333594560623,0
E4_adaptive_top3,1,7,300,50453,2,0,0.7932194471359253,1
E4_adaptive_top3,1,7,307,50477,1,1,0.9113810062408447,1
E4_adaptive_top3,1,7,317,50491,1,1,0.9201102256774902,1
E4_adaptive_top3,1,7,318,50492,1,1,0.920155942440033,1
E4_adaptive_top3,1,7,325,50500,1,1,0.7945975065231323,1
E4_adaptive_top3,1,7,346,50529,1,1,0.9163728356361389,1
E4_adaptive_top3,1,7,353,50557,2,0,0.05342293530702591,0
E4_adaptive_top3,1,7,354,50558,2,0,0.05535227805376053,0
E4_adaptive_top3,1,7,373,50606,1,1,0.3446357548236847,0
E4_adaptive_top3,1,7,375,50608,1,1,0.18772290647029877,0
E4_adaptive_top3,1,7,386,50624,1,1,0.9195107817649841,1
E4_adaptive_top3,1,7,395,50649,1,1,0.06914867460727692,0
E4_adaptive_top3,1,7,407,50688,2,0,0.053285133093595505,0
E4_adaptive_top3,1,7,418,50699,2,0,0.9196284413337708,1
E4_adaptive_top3,1,7,428,50709,2,0,0.053409792482852936,0
E4_adaptive_top3,1,7,450,50749,1,1,0.9199215173721313,1
E4_adaptive_top3,1,7,453,50752,1,1,0.8842304944992065,1
E4_adaptive_top3,1,7,456,50756,1,1,0.9201740026473999,1
E4_adaptive_top3,1,7,495,50957,1,1,0.43379074335098267,0
E4_adaptive_top3,1,7,510,50974,1,1,0.919646680355072,1
E4_adaptive_top3,1,7,521,50987,1,1,0.9186131358146667,1
E4_adaptive_top3,1,7,554,51024,1,1,0.9200006127357483,1
E4_adaptive_top3,1,7,587,51060,2,0,0.49395525455474854,0
E4_adaptive_top3,1,7,593,51066,2,0,0.05519609898328781,0
E4_adaptive_top3,1,7,619,51094,2,0,0.055344730615615845,0
E4_adaptive_top3,1,7,620,51095,2,0,0.321611225605011,0
E4_adaptive_top3,1,7,629,51104,2,0,0.05396062880754471,0
E4_adaptive_top3,1,7,634,51110,2,0,0.05416728928685188,0
E4_adaptive_top3,1,7,663,51147,2,0,0.05393845587968826,0
E4_adaptive_top3,1,7,667,51151,2,0,0.053312186151742935,0
E4_adaptive_top3,1,7,671,51155,2,0,0.05346795544028282,0
E4_adaptive_top3,1,7,673,51159,2,0,0.9184917211532593,1
E4_adaptive_top3,1,7,676,51163,1,1,0.4620799124240875,0
E4_adaptive_top3,1,7,682,51173,1,1,0.9139638543128967,1
E4_adaptive_top3,1,7,683,51177,1,1,0.7632706761360168,1
E4_adaptive_top3,1,7,684,51178,1,1,0.9193772673606873,1
E4_adaptive_top3,1,7,695,51192,2,0,0.05339987576007843,0
E4_adaptive_top3,1,7,704,51206,1,1,0.7495823502540588,1
E4_adaptive_top3,1,7,710,51214,1,1,0.9166015386581421,1
E4_adaptive_top3,1,7,717,51221,1,1,0.916145920753479,1
E4_adaptive_top3,1,7,720,51224,1,1,0.9147639870643616,1
E4_adaptive_top3,1,7,724,51229,1,1,0.9175695776939392,1
E4_adaptive_top3,1,7,736,51250,2,0,0.05502855405211449,0
E4_adaptive_top3,1,7,759,51278,2,0,0.08061264455318451,0
E4_adaptive_top3,1,7,760,51279,2,0,0.05327972024679184,0
E4_adaptive_top3,1,7,764,51292,1,1,0.9167863726615906,1
E4_adaptive_top3,1,7,774,51303,2,0,0.05417794734239578,0
E4_adaptive_top3,1,7,784,51318,1,1,0.1070452332496643,0
E4_adaptive_top3,1,7,799,51334,2,0,0.053270842880010605,0
E4_adaptive_top3,1,7,807,51343,2,0,0.05519413948059082,0
E4_adaptive_top3,1,7,820,51361,2,0,0.054363053292036057,0
E4_adaptive_top3,1,7,827,51373,2,0,0.05499329790472984,0
E4_adaptive_top3,1,7,828,51461,1,1,0.917957603931427,1
E4_adaptive_top3,1,7,830,51464,1,1,0.9135162830352783,1
E4_adaptive_top3,1,7,831,51465,1,1,0.9188488721847534,1
E4_adaptive_top3,1,7,833,51477,2,0,0.05386782065033913,0
E4_adaptive_top3,1,7,857,51572,1,1,0.9170053005218506,1
E4_adaptive_top3,1,7,866,51583,1,1,0.9120869636535645,1
E4_adaptive_top3,1,8,5,50008,1,1,0.6832598447799683,1
E4_adaptive_top3,1,8,7,50011,1,1,0.736738383769989,1
E4_adaptive_top3,1,8,10,50014,1,1,0.736607551574707,1
E4_adaptive_top3,1,8,14,50022,1,1,0.26797446608543396,0
E4_adaptive_top3,1,8,16,50024,1,1,0.7235421538352966,1
E4_adaptive_top3,1,8,35,50044,2,0,0.2618980407714844,0
E4_adaptive_top3,1,8,42,50051,2,0,0.5951566696166992,1
E4_adaptive_top3,1,8,49,50060,2,0,0.2968149185180664,0
E4_adaptive_top3,1,8,52,50104,2,0,0.26198890805244446,0
E4_adaptive_top3,1,8,56,50109,2,0,0.30522918701171875,0
E4_adaptive_top3,1,8,65,50119,1,1,0.2636541724205017,0
E4_adaptive_top3,1,8,67,50123,1,1,0.736354649066925,1
E4_adaptive_top3,1,8,101,50170,2,0,0.34576329588890076,0
E4_adaptive_top3,1,8,103,50182,1,1,0.6840989589691162,1
E4_adaptive_top3,1,8,104,50183,1,1,0.7223691940307617,1
E4_adaptive_top3,1,8,106,50186,1,1,0.7234689593315125,1
E4_adaptive_top3,1,8,117,50200,2,0,0.26222583651542664,0
E4_adaptive_top3,1,8,118,50201,2,0,0.26365819573402405,0
E4_adaptive_top3,1,8,143,50250,1,1,0.30072250962257385,0
E4_adaptive_top3,1,8,146,50253,1,1,0.5636471509933472,1
E4_adaptive_top3,1,8,164,50273,1,1,0.7375725507736206,1
E4_adaptive_top3,1,8,171,50285,1,1,0.30889594554901123,0
E4_adaptive_top3,1,8,184,50302,1,1,0.7325198650360107,1
E4_adaptive_top3,1,8,187,50310,1,1,0.7092996835708618,1
E4_adaptive_top3,1,8,194,50321,1,1,0.736638605594635,1
E4_adaptive_top3,1,8,198,50329,2,0,0.29446884989738464,0
E4_adaptive_top3,1,8,214,50345,2,0,0.26365554332733154,0
E4_adaptive_top3,1,8,227,50358,2,0,0.2686421573162079,0
E4_adaptive_top3,1,8,231,50362,2,0,0.2805175185203552,0
E4_adaptive_top3,1,8,244,50376,2,0,0.5842852592468262,1
E4_adaptive_top3,1,8,263,50406,1,1,0.736336350440979,1
E4_adaptive_top3,1,8,268,50412,1,1,0.7340382933616638,1
E4_adaptive_top3,1,8,270,50414,2,0,0.6233943104743958,1
E4_adaptive_top3,1,8,281,50427,2,0,0.26210761070251465,0
E4_adaptive_top3,1,8,298,50448,2,0,0.3274466395378113,0
E4_adaptive_top3,1,8,309,50481,1,1,0.7359319925308228,1
E4_adaptive_top3,1,8,314,50487,1,1,0.7363467812538147,1
E4_adaptive_top3,1,8,358,50568,2,0,0.6593818068504333,1
E4_adaptive_top3,1,8,366,50576,2,0,0.2619820237159729,0
E4_adaptive_top3,1,8,369,50601,1,1,0.40461182594299316,0
E4_adaptive_top3,1,8,381,50619,1,1,0.7367346286773682,1
E4_adaptive_top3,1,8,404,50685,2,0,0.2827874422073364,0
E4_adaptive_top3,1,8,419,50700,1,1,0.7364593148231506,1
E4_adaptive_top3,1,8,420,50701,2,0,0.27963021397590637,0
E4_adaptive_top3,1,8,432,50724,2,0,0.2618834674358368,0
E4_adaptive_top3,1,8,440,50737,2,0,0.27483251690864563,0
E4_adaptive_top3,1,8,454,50754,1,1,0.7364494204521179,1
E4_adaptive_top3,1,8,462,50776,2,0,0.2705622911453247,0
E4_adaptive_top3,1,8,471,50791,1,1,0.7124936580657959,1
E4_adaptive_top3,1,8,482,50814,2,0,0.3675377368927002,0
E4_adaptive_top3,1,8,508,50972,1,1,0.7366262078285217,1
E4_adaptive_top3,1,8,525,50991,1,1,0.3811191916465759,0
E4_adaptive_top3,1,8,527,50993,1,1,0.7360599637031555,1
E4_adaptive_top3,1,8,532,50999,1,1,0.724158763885498,1
E4_adaptive_top3,1,8,544,51013,1,1,0.7283996939659119,1
E4_adaptive_top3,1,8,559,51029,1,1,0.5445900559425354,1
E4_adaptive_top3,1,8,576,51049,2,0,0.262897789478302,0
E4_adaptive_top3,1,8,596,51069,2,0,0.26187893748283386,0
E4_adaptive_top3,1,8,627,51102,2,0,0.2925986349582672,0
E4_adaptive_top3,1,8,632,51107,2,0,0.6941389441490173,1
E4_adaptive_top3,1,8,635,51111,2,0,0.3433115482330322,0
E4_adaptive_top3,1,8,638,51114,2,0,0.2785775363445282,0
E4_adaptive_top3,1,8,642,51122,2,0,0.2619611620903015,0
E4_adaptive_top3,1,8,644,51124,2,0,0.2679896056652069,0
E4_adaptive_top3,1,8,656,51137,2,0,0.2619168758392334,0
E4_adaptive_top3,1,8,670,51154,2,0,0.5007379055023193,1
E4_adaptive_top3,1,8,694,51189,2,0,0.2938944101333618,0
E4_adaptive_top3,1,8,701,51203,1,1,0.7297030091285706,1
E4_adaptive_top3,1,8,711,51215,1,1,0.38196882605552673,0
E4_adaptive_top3,1,8,730,51237,1,1,0.7366703748703003,1
E4_adaptive_top3,1,8,733,51241,1,1,0.7270444631576538,1
E4_adaptive_top3,1,8,745,51261,2,0,0.3027295172214508,0
E4_adaptive_top3,1,8,747,51264,2,0,0.26193392276763916,0
E4_adaptive_top3,1,8,758,51277,2,0,0.29683393239974976,0
E4_adaptive_top3,1,8,777,51306,2,0,0.677302360534668,1
E4_adaptive_top3,1,8,783,51315,2,0,0.3339173197746277,0
E4_adaptive_top3,1,8,786,51320,1,1,0.7377061247825623,1
E4_adaptive_top3,1,8,788,51322,1,1,0.2881549000740051,0
E4_adaptive_top3,1,8,790,51325,1,1,0.703141450881958,1
E4_adaptive_top3,1,8,791,51326,1,1,0.45723673701286316,0
E4_adaptive_top3,1,8,797,51332,2,0,0.26190707087516785,0
E4_adaptive_top3,1,8,801,51336,2,0,0.26828688383102417,0
E4_adaptive_top3,1,8,802,51338,2,0,0.6879362463951111,1
E4_adaptive_top3,1,8,816,51356,2,0,0.6689313054084778,1
E4_adaptive_top3,1,8,824,51365,2,0,0.26196223497390747,0
E4_adaptive_top3,1,8,825,51369,2,0,0.2758505940437317,0
E4_adaptive_top3,1,8,839,51487,2,0,0.2762422561645508,0
E4_adaptive_top3,1,9,0,50003,1,1,0.19051147997379303,0
E4_adaptive_top3,1,9,44,50053,1,1,0.3663211762905121,0
E4_adaptive_top3,1,9,51,50103,2,0,0.365894079208374,0
E4_adaptive_top3,1,9,83,50147,1,1,0.5821784734725952,1
E4_adaptive_top3,1,9,96,50163,2,0,0.12895187735557556,0
E4_adaptive_top3,1,9,110,50190,1,1,0.7932996153831482,1
E4_adaptive_top3,1,9,116,50199,2,0,0.1299930065870285,0
E4_adaptive_top3,1,9,136,50240,1,1,0.8669127225875854,1
E4_adaptive_top3,1,9,155,50264,2,0,0.2098095715045929,0
E4_adaptive_top3,1,9,157,50266,2,0,0.12828472256660461,0
E4_adaptive_top3,1,9,161,50270,2,0,0.1276550590991974,0
E4_adaptive_top3,1,9,178,50294,1,1,0.8576134443283081,1
E4_adaptive_top3,1,9,180,50297,1,1,0.2261800765991211,0
E4_adaptive_top3,1,9,181,50298,1,1,0.5660284161567688,1
E4_adaptive_top3,1,9,182,50300,1,1,0.12769949436187744,0
E4_adaptive_top3,1,9,197,50327,2,0,0.12967059016227722,0
E4_adaptive_top3,1,9,202,50333,2,0,0.12787571549415588,0
E4_adaptive_top3,1,9,208,50339,2,0,0.1293535679578781,0
E4_adaptive_top3,1,9,237,50368,2,0,0.12817524373531342,0
E4_adaptive_top3,1,9,247,50380,2,0,0.2498655617237091,0
E4_adaptive_top3,1,9,249,50382,2,0,0.13097403943538666,0
E4_adaptive_top3,1,9,257,50397,1,1,0.7692433595657349,1
E4_adaptive_top3,1,9,267,50411,1,1,0.8671076893806458,1
E4_adaptive_top3,1,9,287,50437,2,0,0.866998553276062,1
E4_adaptive_top3,1,9,294,50444,2,0,0.13205461204051971,0
E4_adaptive_top3,1,9,297,50447,2,0,0.14892034232616425,0
E4_adaptive_top3,1,9,310,50482,1,1,0.8657183647155762,1
E4_adaptive_top3,1,9,320,50494,1,1,0.5316476821899414,1
E4_adaptive_top3,1,9,341,50524,1,1,0.8648073077201843,1
E4_adaptive_top3,1,9,352,50555,2,0,0.12764449417591095,0
E4_adaptive_top3,1,9,377,50613,1,1,0.8626651763916016,1
E4_adaptive_top3,1,9,378,50614,1,1,0.8653058409690857,1
E4_adaptive_top3,1,9,396,50654,1,1,0.1340983510017395,0
E4_adaptive_top3,1,9,400,50665,2,0,0.19075725972652435,0
E4_adaptive_top3,1,9,406,50687,2,0,0.3170605003833771,0
E4_adaptive_top3,1,9,409,50690,1,1,0.12767186760902405,0
E4_adaptive_top3,1,9,423,50704,1,1,0.1866062730550766,0
E4_adaptive_top3,1,9,424,50705,1,1,0.15627658367156982,0
E4_adaptive_top3,1,9,427,50708,1,1,0.8670769333839417,1
E4_adaptive_top3,1,9,434,50726,2,0,0.13066990673542023,0
E4_adaptive_top3,1,9,442,50739,2,0,0.23335815966129303,0
E4_adaptive_top3,1,9,452,50751,1,1,0.6708183884620667,1
E4_adaptive_top3,1,9,459,50773,2,0,0.1348319947719574,0
E4_adaptive_top3,1,9,463,50777,2,0,0.12766455113887787,0
E4_adaptive_top3,1,9,479,50803,1,1,0.8533604741096497,1
E4_adaptive_top3,1,9,488,50822,2,0,0.12785518169403076,0
E4_adaptive_top3,1,9,491,50952,1,1,0.8541795611381531,1
E4_adaptive_top3,1,9,500,50962,1,1,0.14342565834522247,0
E4_adaptive_top3,1,9,512,50977,1,1,0.5789434313774109,1
E4_adaptive_top3,1,9,520,50986,1,1,0.12762486934661865,0
E4_adaptive_top3,1,9,526,50992,1,1,0.2259388566017151,0
E4_adaptive_top3,1,9,534,51001,1,1,0.8425060510635376,1
E4_adaptive_top3,1,9,540,51009,1,1,0.8647306561470032,1
E4_adaptive_top3,1,9,552,51021,1,1,0.861293375492096,1
E4_adaptive_top3,1,9,561,51032,1,1,0.5553792715072632,1
E4_adaptive_top3,1,9,563,51034,1,1,0.7435645461082458,1
E4_adaptive_top3,1,9,565,51036,2,0,0.13041935861110687,0
E4_adaptive_top3,1,9,578,51051,2,0,0.134822279214859,0
E4_adaptive_top3,1,9,591,51064,2,0,0.13690213859081268,0
E4_adaptive_top3,1,9,595,51068,2,0,0.6274567246437073,1
E4_adaptive_top3,1,9,602,51076,2,0,0.13484424352645874,0
E4_adaptive_top3,1,9,612,51086,2,0,0.12935245037078857,0
E4_adaptive_top3,1,9,622,51097,2,0,0.1341618001461029,0
E4_adaptive_top3,1,9,625,51100,2,0,0.18497352302074432,0
E4_adaptive_top3,1,9,631,51106,2,0,0.13028354942798615,0
E4_adaptive_top3,1,9,640,51117,2,0,0.13044753670692444,0
E4_adaptive_top3,1,9,643,51123,2,0,0.12987466156482697,0
E4_adaptive_top3,1,9,657,51138,2,0,0.13119682669639587,0
E4_adaptive_top3,1,9,679,51169,1,1,0.7496901154518127,1
E4_adaptive_top3,1,9,692,51187,2,0,0.13243785500526428,0
E4_adaptive_top3,1,9,693,51188,2,0,0.13097254931926727,0
E4_adaptive_top3,1,9,709,51212,1,1,0.8613033294677734,1
E4_adaptive_top3,1,9,715,51219,1,1,0.8641097545623779,1
E4_adaptive_top3,1,9,732,51240,1,1,0.8608760833740234,1
E4_adaptive_top3,1,9,743,51257,2,0,0.5864077210426331,1
E4_adaptive_top3,1,9,781,51311,2,0,0.12830449640750885,0
E4_adaptive_top3,1,9,795,51330,1,1,0.8361715078353882,1
E4_adaptive_top3,1,9,798,51333,2,0,0.12788905203342438,0
E4_adaptive_top3,1,9,809,51345,2,0,0.13299205899238586,0
E4_adaptive_top3,1,9,818,51359,2,0,0.8670938014984131,1
E4_adaptive_top3,1,9,822,51363,2,0,0.12992800772190094,0
E4_adaptive_top3,1,9,829,51463,1,1,0.8667827248573303,1
E4_adaptive_top3,1,9,837,51482,2,0,0.13060994446277618,0
E4_adaptive_top3,1,9,840,51488,2,0,0.14123253524303436,0
E4_adaptive_top3,1,9,843,51556,2,0,0.12883636355400085,0
E4_adaptive_top3,1,9,851,51565,2,0,0.12767134606838226,0
E4_adaptive_top3,1,9,862,51578,1,1,0.8618634343147278,1
E4_adaptive_top3,1,10,2,50005,1,1,0.8576635122299194,1
E4_adaptive_top3,1,10,11,50015,1,1,0.9475961327552795,1
E4_adaptive_top3,1,10,18,50026,1,1,0.9434198141098022,1
E4_adaptive_top3,1,10,19,50027,1,1,0.21941468119621277,0
E4_adaptive_top3,1,10,20,50028,1,1,0.9518620371818542,1
E4_adaptive_top3,1,10,27,50036,2,0,0.06721071898937225,0
E4_adaptive_top3,1,10,36,50045,2,0,0.9067532420158386,1
E4_adaptive_top3,1,10,38,50047,2,0,0.18035222589969635,0
E4_adaptive_top3,1,10,55,50107,2,0,0.1909235119819641,0
E4_adaptive_top3,1,10,63,50117,2,0,0.10917978733778,0
E4_adaptive_top3,1,10,66,50121,1,1,0.9513874650001526,1
E4_adaptive_top3,1,10,72,50129,1,1,0.9513067603111267,1
E4_adaptive_top3,1,10,85,50149,1,1,0.9508519768714905,1
E4_adaptive_top3,1,10,98,50167,2,0,0.07275059074163437,0
E4_adaptive_top3,1,10,108,50188,1,1,0.07472411543130875,0
E4_adaptive_top3,1,10,113,50195,2,0,0.07280009239912033,0
E4_adaptive_top3,1,10,114,50196,2,0,0.25102102756500244,0
E4_adaptive_top3,1,10,126,50213,2,0,0.06744539737701416,0
E4_adaptive_top3,1,10,132,50234,1,1,0.9507359862327576,1
E4_adaptive_top3,1,10,141,50248,1,1,0.9517871141433716,1
E4_adaptive_top3,1,10,145,50252,1,1,0.8410360813140869,1
E4_adaptive_top3,1,10,152,50261,2,0,0.9484809041023254,1
E4_adaptive_top3,1,10,156,50265,2,0,0.07094347476959229,0
E4_adaptive_top3,1,10,163,50272,1,1,0.9487211108207703,1
E4_adaptive_top3,1,10,176,50292,1,1,0.9513052701950073,1
E4_adaptive_top3,1,10,190,50315,1,1,0.9487279653549194,1
E4_adaptive_top3,1,10,200,50331,2,0,0.7395942211151123,1
E4_adaptive_top3,1,10,225,50356,2,0,0.07329601049423218,0
E4_adaptive_top3,1,10,235,50366,2,0,0.08881882578134537,0
E4_adaptive_top3,1,10,240,50372,2,0,0.06773653626441956,0
E4_adaptive_top3,1,10,246,50379,2,0,0.06973037123680115,0
E4_adaptive_top3,1,10,265,50408,1,1,0.07508263736963272,0
E4_adaptive_top3,1,10,275,50419,2,0,0.07287739217281342,0
E4_adaptive_top3,1,10,279,50425,2,0,0.08812426775693893,0
E4_adaptive_top3,1,10,285,50435,2,0,0.06829658150672913,0
E4_adaptive_top3,1,10,308,50480,1,1,0.9512129426002502,1
E4_adaptive_top3,1,10,315,50488,1,1,0.9503095746040344,1
E4_adaptive_top3,1,10,319,50493,1,1,0.9476537108421326,1
E4_adaptive_top3,1,10,348,50531,1,1,0.8511926531791687,1
E4_adaptive_top3,1,10,361,50571,2,0,0.41161176562309265,0
E4_adaptive_top3,1,10,376,50612,1,1,0.7437273263931274,1
E4_adaptive_top3,1,10,388,50626,1,1,0.9500621557235718,1
E4_adaptive_top3,1,10,393,50647,1,1,0.9234064221382141,1
E4_adaptive_top3,1,10,397,50656,2,0,0.18744711577892303,0
E4_adaptive_top3,1,10,405,50686,1,1,0.9489362835884094,1
E4_adaptive_top3,1,10,414,50695,1,1,0.2770426869392395,0
E4_adaptive_top3,1,10,448,50745,1,1,0.9505851864814758,1
E4_adaptive_top3,1,10,461,50775,2,0,0.0685058981180191,0
E4_adaptive_top3,1,10,464,50778,2,0,0.06694549322128296,0
E4_adaptive_top3,1,10,466,50781,2,0,0.3705398440361023,0
E4_adaptive_top3,1,10,476,50799,1,1,0.9510254859924316,1
E4_adaptive_top3,1,10,478,50801,1,1,0.8789857029914856,1
E4_adaptive_top3,1,10,486,50820,2,0,0.07129866629838943,0
E4_adaptive_top3,1,10,489,50823,1,1,0.9379684329032898,1
E4_adaptive_top3,1,10,490,50824,1,1,0.6780499815940857,1
E4_adaptive_top3,1,10,519,50985,1,1,0.946852445602417,1
E4_adaptive_top3,1,10,568,51040,2,0,0.06862910836935043,0
E4_adaptive_top3,1,10,570,51042,2,0,0.06987237930297852,0
E4_adaptive_top3,1,10,579,51052,2,0,0.07327782362699509,0
E4_adaptive_top3,1,10,586,51059,2,0,0.07814193516969681,0
E4_adaptive_top3,1,10,589,51062,2,0,0.07659177482128143,0
E4_adaptive_top3,1,10,606,51080,2,0,0.9509434700012207,1
E4_adaptive_top3,1,10,609,51083,2,0,0.9510949850082397,1
E4_adaptive_top3,1,10,611,51085,2,0,0.9515449404716492,1
E4_adaptive_top3,1,10,652,51133,2,0,0.34393733739852905,0
E4_adaptive_top3,1,10,665,51149,2,0,0.07201326638460159,0
E4_adaptive_top3,1,10,677,51164,1,1,0.9513024091720581,1
E4_adaptive_top3,1,10,688,51182,2,0,0.07444365322589874,0
E4_adaptive_top3,1,10,700,51202,1,1,0.9491100907325745,1
E4_adaptive_top3,1,10,705,51207,1,1,0.9491086006164551,1
E4_adaptive_top3,1,10,721,51225,1,1,0.6538506746292114,1
E4_adaptive_top3,1,10,740,51254,2,0,0.06776560842990875,0
E4_adaptive_top3,1,10,748,51265,2,0,0.06947403401136398,0
E4_adaptive_top3,1,10,749,51266,2,0,0.7527060508728027,1
E4_adaptive_top3,1,10,756,51275,2,0,0.07381885498762131,0
E4_adaptive_top3,1,10,766,51294,1,1,0.8961498737335205,1
E4_adaptive_top3,1,10,768,51297,1,1,0.9517961740493774,1
E4_adaptive_top3,1,10,772,51301,1,1,0.5526054501533508,1
E4_adaptive_top3,1,10,779,51308,2,0,0.07329229265451431,0
E4_adaptive_top3,1,10,780,51309,2,0,0.9509370923042297,1
E4_adaptive_top3,1,10,782,51313,2,0,0.07605957239866257,0
E4_adaptive_top3,1,10,800,51335,2,0,0.10575007647275925,0
E4_adaptive_top3,1,10,834,51479,2,0,0.06758381426334381,0
E4_adaptive_top3,1,10,850,51564,2,0,0.07281870394945145,0
E4_adaptive_top3,1,10,853,51567,2,0,0.06759089231491089,0
E4_adaptive_top3,1,10,865,51582,1,1,0.9511940479278564,1
E4_adaptive_top3,1,10,868,51585,1,1,0.9510866403579712,1
E4_adaptive_top3,2,1,0,50003,1,1,0.6905360817909241,1
E4_adaptive_top3,2,1,7,50011,1,1,0.7264948487281799,1
E4_adaptive_top3,2,1,35,50044,2,0,0.1807313859462738,0
E4_adaptive_top3,2,1,39,50048,2,0,0.7245345115661621,1
E4_adaptive_top3,2,1,45,50054,2,0,0.7303521633148193,1
E4_adaptive_top3,2,1,48,50059,2,0,0.6256582736968994,1
E4_adaptive_top3,2,1,53,50105,2,0,0.6550484299659729,1
E4_adaptive_top3,2,1,55,50107,2,0,0.641776442527771,1
E4_adaptive_top3,2,1,72,50129,1,1,0.7289385199546814,1
E4_adaptive_top3,2,1,73,50130,1,1,0.7274717688560486,1
E4_adaptive_top3,2,1,78,50142,1,1,0.7275187969207764,1
E4_adaptive_top3,2,1,81,50145,1,1,0.6422650814056396,1
E4_adaptive_top3,2,1,86,50150,1,1,0.37977051734924316,0
E4_adaptive_top3,2,1,95,50162,2,0,0.2889350950717926,0
E4_adaptive_top3,2,1,127,50214,2,0,0.181049644947052,0
E4_adaptive_top3,2,1,138,50243,1,1,0.730246901512146,1
E4_adaptive_top3,2,1,144,50251,1,1,0.6082826256752014,1
E4_adaptive_top3,2,1,149,50257,2,0,0.268106073141098,0
E4_adaptive_top3,2,1,176,50292,1,1,0.7293874621391296,1
E4_adaptive_top3,2,1,182,50300,1,1,0.4159851372241974,0
E4_adaptive_top3,2,1,192,50319,1,1,0.7304189801216125,1
E4_adaptive_top3,2,1,193,50320,1,1,0.7304964065551758,1
E4_adaptive_top3,2,1,204,50335,2,0,0.17759256064891815,0
E4_adaptive_top3,2,1,205,50336,2,0,0.7053002715110779,1
E4_adaptive_top3,2,1,231,50362,2,0,0.1816585212945938,0
E4_adaptive_top3,2,1,234,50365,2,0,0.17718715965747833,0
E4_adaptive_top3,2,1,242,50374,2,0,0.4108913838863373,0
E4_adaptive_top3,2,1,247,50380,2,0,0.557278037071228,1
E4_adaptive_top3,2,1,248,50381,2,0,0.42483294010162354,0
E4_adaptive_top3,2,1,253,50387,2,0,0.18100397288799286,0
E4_adaptive_top3,2,1,259,50402,1,1,0.5117986798286438,1
E4_adaptive_top3,2,1,285,50435,2,0,0.3860486149787903,0
E4_adaptive_top3,2,1,286,50436,2,0,0.7304142713546753,1
E4_adaptive_top3,2,1,295,50445,2,0,0.17976857721805573,0
E4_adaptive_top3,2,1,300,50453,2,0,0.7287889719009399,1
E4_adaptive_top3,2,1,307,50477,1,1,0.7297911047935486,1
E4_adaptive_top3,2,1,329,50504,1,1,0.7244077324867249,1
E4_adaptive_top3,2,1,345,50528,1,1,0.7274548411369324,1
E4_adaptive_top3,2,1,348,50531,1,1,0.7291350364685059,1
E4_adaptive_top3,2,1,357,50565,2,0,0.5016915798187256,1
E4_adaptive_top3,2,1,359,50569,2,0,0.34510788321495056,0
E4_adaptive_top3,2,1,360,50570,2,0,0.1783057302236557,0
E4_adaptive_top3,2,1,369,50601,1,1,0.40295618772506714,0
E4_adaptive_top3,2,1,374,50607,1,1,0.17713281512260437,0
E4_adaptive_top3,2,1,385,50623,1,1,0.7267224788665771,1
E4_adaptive_top3,2,1,405,50686,1,1,0.7275439500808716,1
E4_adaptive_top3,2,1,411,50692,2,0,0.17752477526664734,0
E4_adaptive_top3,2,1,412,50693,1,1,0.2729097008705139,0
E4_adaptive_top3,2,1,425,50706,2,0,0.31216639280319214,0
E4_adaptive_top3,2,1,432,50724,2,0,0.17946235835552216,0
E4_adaptive_top3,2,1,466,50781,2,0,0.7289319038391113,1
E4_adaptive_top3,2,1,468,50783,2,0,0.17711679637432098,0
E4_adaptive_top3,2,1,471,50791,1,1,0.7303323745727539,1
E4_adaptive_top3,2,1,484,50817,2,0,0.18444344401359558,0
E4_adaptive_top3,2,1,495,50957,1,1,0.7305094599723816,1
E4_adaptive_top3,2,1,505,50968,1,1,0.7238776087760925,1
E4_adaptive_top3,2,1,506,50969,1,1,0.7282031774520874,1
E4_adaptive_top3,2,1,513,50978,1,1,0.7246003746986389,1
E4_adaptive_top3,2,1,526,50992,1,1,0.7244333028793335,1
E4_adaptive_top3,2,1,532,50999,1,1,0.7304487824440002,1
E4_adaptive_top3,2,1,555,51025,1,1,0.7289141416549683,1
E4_adaptive_top3,2,1,556,51026,1,1,0.7290451526641846,1
E4_adaptive_top3,2,1,566,51038,2,0,0.3098849058151245,0
E4_adaptive_top3,2,1,575,51048,2,0,0.1810687780380249,0
E4_adaptive_top3,2,1,585,51058,2,0,0.1854790598154068,0
E4_adaptive_top3,2,1,596,51069,2,0,0.17792797088623047,0
E4_adaptive_top3,2,1,603,51077,2,0,0.5931701064109802,1
E4_adaptive_top3,2,1,612,51086,2,0,0.18172165751457214,0
E4_adaptive_top3,2,1,653,51134,2,0,0.18794000148773193,0
E4_adaptive_top3,2,1,684,51178,1,1,0.7299440503120422,1
E4_adaptive_top3,2,1,686,51180,2,0,0.6126880049705505,1
E4_adaptive_top3,2,1,687,51181,2,0,0.647066593170166,1
E4_adaptive_top3,2,1,695,51192,2,0,0.1784287840127945,0
E4_adaptive_top3,2,1,710,51214,1,1,0.7281942963600159,1
E4_adaptive_top3,2,1,716,51220,1,1,0.7305123209953308,1
E4_adaptive_top3,2,1,721,51225,1,1,0.7294793725013733,1
E4_adaptive_top3,2,1,749,51266,2,0,0.7291681170463562,1
E4_adaptive_top3,2,1,750,51267,2,0,0.1794934868812561,0
E4_adaptive_top3,2,1,771,51300,1,1,0.7264857292175293,1
E4_adaptive_top3,2,1,792,51327,1,1,0.7275840044021606,1
E4_adaptive_top3,2,1,793,51328,1,1,0.7242078185081482,1
E4_adaptive_top3,2,1,806,51342,2,0,0.34077003598213196,0
E4_adaptive_top3,2,1,808,51344,2,0,0.47081536054611206,0
E4_adaptive_top3,2,1,816,51356,2,0,0.7273129224777222,1
E4_adaptive_top3,2,1,823,51364,2,0,0.629548966884613,1
E4_adaptive_top3,2,1,837,51482,2,0,0.18911214172840118,0
E4_adaptive_top3,2,1,867,51584,1,1,0.7276338338851929,1
E4_adaptive_top3,2,1,869,51606,1,1,0.17734189331531525,0
E4_adaptive_top3,2,2,2,50005,1,1,0.7960097193717957,1
E4_adaptive_top3,2,2,6,50010,1,1,0.8018946051597595,1
E4_adaptive_top3,2,2,10,50014,1,1,0.8028164505958557,1
E4_adaptive_top3,2,2,24,50033,2,0,0.17737454175949097,0
E4_adaptive_top3,2,2,30,50039,2,0,0.7923997640609741,1
E4_adaptive_top3,2,2,67,50123,1,1,0.8012986183166504,1
E4_adaptive_top3,2,2,76,50134,1,1,0.7885780930519104,1
E4_adaptive_top3,2,2,79,50143,1,1,0.8013148903846741,1
E4_adaptive_top3,2,2,92,50159,2,0,0.8029487133026123,1
E4_adaptive_top3,2,2,98,50167,2,0,0.19954274594783783,0
E4_adaptive_top3,2,2,101,50170,2,0,0.32341262698173523,0
E4_adaptive_top3,2,2,115,50198,2,0,0.2471497505903244,0
E4_adaptive_top3,2,2,129,50217,2,0,0.17709581553936005,0
E4_adaptive_top3,2,2,140,50247,1,1,0.8013079762458801,1
E4_adaptive_top3,2,2,153,50262,2,0,0.1763545721769333,0
E4_adaptive_top3,2,2,155,50264,2,0,0.24531705677509308,0
E4_adaptive_top3,2,2,164,50273,1,1,0.8021904230117798,1
E4_adaptive_top3,2,2,169,50282,1,1,0.7101584672927856,1
E4_adaptive_top3,2,2,180,50297,1,1,0.5748359560966492,1
E4_adaptive_top3,2,2,187,50310,1,1,0.8004449605941772,1
E4_adaptive_top3,2,2,202,50333,2,0,0.27720630168914795,0
E4_adaptive_top3,2,2,212,50343,2,0,0.5343308448791504,1
E4_adaptive_top3,2,2,217,50348,2,0,0.1806139498949051,0
E4_adaptive_top3,2,2,228,50359,2,0,0.3238178491592407,0
E4_adaptive_top3,2,2,246,50379,2,0,0.17761492729187012,0
E4_adaptive_top3,2,2,251,50385,2,0,0.7723860740661621,1
E4_adaptive_top3,2,2,277,50422,2,0,0.7970022559165955,1
E4_adaptive_top3,2,2,280,50426,2,0,0.17631717026233673,0
E4_adaptive_top3,2,2,281,50427,2,0,0.18065661191940308,0
E4_adaptive_top3,2,2,288,50438,2,0,0.1764460653066635,0
E4_adaptive_top3,2,2,293,50443,2,0,0.48763296008110046,0
E4_adaptive_top3,2,2,326,50501,1,1,0.800466775894165,1
E4_adaptive_top3,2,2,336,50518,1,1,0.8029914498329163,1
E4_adaptive_top3,2,2,340,50523,1,1,0.8005648255348206,1
E4_adaptive_top3,2,2,352,50555,2,0,0.17780978977680206,0
E4_adaptive_top3,2,2,354,50558,2,0,0.17622625827789307,0
E4_adaptive_top3,2,2,373,50606,1,1,0.7956418395042419,1
E4_adaptive_top3,2,2,392,50644,1,1,0.7920573353767395,1
E4_adaptive_top3,2,2,396,50654,1,1,0.7016735076904297,1
E4_adaptive_top3,2,2,403,50683,2,0,0.17896273732185364,0
E4_adaptive_top3,2,2,404,50685,2,0,0.2742293179035187,0
E4_adaptive_top3,2,2,417,50698,2,0,0.26439404487609863,0
E4_adaptive_top3,2,2,422,50703,2,0,0.23530632257461548,0
E4_adaptive_top3,2,2,437,50731,2,0,0.18358807265758514,0
E4_adaptive_top3,2,2,450,50749,1,1,0.7570966482162476,1
E4_adaptive_top3,2,2,460,50774,2,0,0.17966234683990479,0
E4_adaptive_top3,2,2,462,50776,2,0,0.18332567811012268,0
E4_adaptive_top3,2,2,474,50797,1,1,0.6362131834030151,1
E4_adaptive_top3,2,2,508,50972,1,1,0.802692174911499,1
E4_adaptive_top3,2,2,514,50979,1,1,0.7229416966438293,1
E4_adaptive_top3,2,2,537,51006,1,1,0.802997350692749,1
E4_adaptive_top3,2,2,538,51007,1,1,0.8023120164871216,1
E4_adaptive_top3,2,2,550,51019,1,1,0.7812191247940063,1
E4_adaptive_top3,2,2,554,51024,1,1,0.7856688499450684,1
E4_adaptive_top3,2,2,571,51044,2,0,0.18709346652030945,0
E4_adaptive_top3,2,2,579,51052,2,0,0.1762240082025528,0
E4_adaptive_top3,2,2,583,51056,2,0,0.1889619529247284,0
E4_adaptive_top3,2,2,590,51063,2,0,0.18399488925933838,0
E4_adaptive_top3,2,2,599,51073,2,0,0.18101488053798676,0
E4_adaptive_top3,2,2,622,51097,2,0,0.18900491297245026,0
E4_adaptive_top3,2,2,628,51103,2,0,0.32446396350860596,0
E4_adaptive_top3,2,2,638,51114,2,0,0.4092172384262085,0
E4_adaptive_top3,2,2,661,51142,2,0,0.19414158165454865,0
E4_adaptive_top3,2,2,672,51156,2,0,0.18900205194950104,0
E4_adaptive_top3,2,2,677,51164,1,1,0.8029382824897766,1
E4_adaptive_top3,2,2,689,51183,2,0,0.29642772674560547,0
E4_adaptive_top3,2,2,705,51207,1,1,0.7910473942756653,1
E4_adaptive_top3,2,2,706,51208,1,1,0.7149331569671631,1
E4_adaptive_top3,2,2,709,51212,1,1,0.8009810447692871,1
E4_adaptive_top3,2,2,720,51224,1,1,0.8029663562774658,1
E4_adaptive_top3,2,2,723,51228,1,1,0.8021795153617859,1
E4_adaptive_top3,2,2,728,51235,1,1,0.8027375340461731,1
E4_adaptive_top3,2,2,735,51249,1,1,0.8005368709564209,1
E4_adaptive_top3,2,2,737,51251,2,0,0.6373255848884583,1
E4_adaptive_top3,2,2,741,51255,2,0,0.18413062393665314,0
E4_adaptive_top3,2,2,767,51295,1,1,0.800927996635437,1
E4_adaptive_top3,2,2,769,51298,1,1,0.800440788269043,1
E4_adaptive_top3,2,2,770,51299,1,1,0.8017888069152832,1
E4_adaptive_top3,2,2,791,51326,1,1,0.6075092554092407,1
E4_adaptive_top3,2,2,795,51330,1,1,0.7899421453475952,1
E4_adaptive_top3,2,2,805,51341,2,0,0.6804981827735901,1
E4_adaptive_top3,2,2,838,51484,2,0,0.24929605424404144,0
E4_adaptive_top3,2,2,853,51567,2,0,0.1865023970603943,0
E4_adaptive_top3,2,2,856,51570,2,0,0.3018859922885895,0
E4_adaptive_top3,2,2,858,51573,1,1,0.6207444667816162,1
E4_adaptive_top3,2,2,865,51582,1,1,0.7987629175186157,1
E4_adaptive_top3,2,2,868,51585,1,1,0.8022956252098083,1
E4_adaptive_top3,2,3,1,50004,1,1,0.8895174264907837,1
E4_adaptive_top3,2,3,4,50007,1,1,0.2593022882938385,0
E4_adaptive_top3,2,3,25,50034,2,0,0.07237032800912857,0
E4_adaptive_top3,2,3,34,50043,2,0,0.07640085369348526,0
E4_adaptive_top3,2,3,62,50116,2,0,0.11546748876571655,0
E4_adaptive_top3,2,3,108,50188,1,1,0.07261502742767334,0
E4_adaptive_top3,2,3,117,50200,2,0,0.07275884598493576,0
E4_adaptive_top3,2,3,125,50210,2,0,0.07187909632921219,0
E4_adaptive_top3,2,3,141,50248,1,1,0.8892678618431091,1
E4_adaptive_top3,2,3,152,50261,2,0,0.8555484414100647,1
E4_adaptive_top3,2,3,162,50271,2,0,0.07395102828741074,0
E4_adaptive_top3,2,3,163,50272,1,1,0.8839907050132751,1
E4_adaptive_top3,2,3,177,50293,1,1,0.7837623357772827,1
E4_adaptive_top3,2,3,178,50294,1,1,0.8902807235717773,1
E4_adaptive_top3,2,3,200,50331,2,0,0.07340993732213974,0
E4_adaptive_top3,2,3,209,50340,2,0,0.07411577552556992,0
E4_adaptive_top3,2,3,218,50349,2,0,0.07588649541139603,0
E4_adaptive_top3,2,3,229,50360,2,0,0.07318267226219177,0
E4_adaptive_top3,2,3,243,50375,2,0,0.07262790948152542,0
E4_adaptive_top3,2,3,244,50376,2,0,0.3988284468650818,0
E4_adaptive_top3,2,3,265,50408,1,1,0.0758492574095726,0
E4_adaptive_top3,2,3,274,50418,2,0,0.07185246795415878,0
E4_adaptive_top3,2,3,283,50433,2,0,0.07325556874275208,0
E4_adaptive_top3,2,3,302,50466,2,0,0.07263942807912827,0
E4_adaptive_top3,2,3,311,50483,1,1,0.4716416001319885,0
E4_adaptive_top3,2,3,313,50486,1,1,0.890098512172699,1
E4_adaptive_top3,2,3,321,50496,1,1,0.7284797430038452,1
E4_adaptive_top3,2,3,322,50497,1,1,0.8742618560791016,1
E4_adaptive_top3,2,3,341,50524,1,1,0.8855575919151306,1
E4_adaptive_top3,2,3,342,50525,1,1,0.826701283454895,1
E4_adaptive_top3,2,3,355,50561,2,0,0.07188382744789124,0
E4_adaptive_top3,2,3,368,50578,2,0,0.888018012046814,1
E4_adaptive_top3,2,3,370,50602,1,1,0.8894922137260437,1
E4_adaptive_top3,2,3,375,50608,1,1,0.5427398681640625,1
E4_adaptive_top3,2,3,378,50614,1,1,0.8878418803215027,1
E4_adaptive_top3,2,3,379,50615,1,1,0.8863900899887085,1
E4_adaptive_top3,2,3,390,50628,1,1,0.8803252577781677,1
E4_adaptive_top3,2,3,395,50649,1,1,0.07885807007551193,0
E4_adaptive_top3,2,3,399,50664,2,0,0.07887373864650726,0
E4_adaptive_top3,2,3,402,50682,2,0,0.07221129536628723,0
E4_adaptive_top3,2,3,421,50702,1,1,0.8586952686309814,1
E4_adaptive_top3,2,3,429,50711,1,1,0.07893743366003036,0
E4_adaptive_top3,2,3,431,50723,2,0,0.07199641317129135,0
E4_adaptive_top3,2,3,439,50735,2,0,0.07615521550178528,0
E4_adaptive_top3,2,3,440,50737,2,0,0.07278870791196823,0
E4_adaptive_top3,2,3,445,50742,2,0,0.07213100790977478,0
E4_adaptive_top3,2,3,451,50750,1,1,0.8214326500892639,1
E4_adaptive_top3,2,3,454,50754,1,1,0.8896186947822571,1
E4_adaptive_top3,2,3,455,50755,1,1,0.8882678747177124,1
E4_adaptive_top3,2,3,477,50800,1,1,0.8873232007026672,1
E4_adaptive_top3,2,3,480,50807,1,1,0.888884961605072,1
E4_adaptive_top3,2,3,497,50959,1,1,0.17694184184074402,0
E4_adaptive_top3,2,3,516,50982,1,1,0.07290051877498627,0
E4_adaptive_top3,2,3,525,50991,1,1,0.07315050065517426,0
E4_adaptive_top3,2,3,548,51017,1,1,0.7269150018692017,1
E4_adaptive_top3,2,3,552,51021,1,1,0.8840062618255615,1
E4_adaptive_top3,2,3,587,51060,2,0,0.7978960871696472,1
E4_adaptive_top3,2,3,597,51070,2,0,0.0726003497838974,0
E4_adaptive_top3,2,3,614,51088,2,0,0.07415515929460526,0
E4_adaptive_top3,2,3,621,51096,2,0,0.0759025514125824,0
E4_adaptive_top3,2,3,631,51106,2,0,0.07567678391933441,0
E4_adaptive_top3,2,3,640,51117,2,0,0.0737421065568924,0
E4_adaptive_top3,2,3,644,51124,2,0,0.0719335600733757,0
E4_adaptive_top3,2,3,650,51131,2,0,0.07544584572315216,0
E4_adaptive_top3,2,3,655,51136,2,0,0.10538168251514435,0
E4_adaptive_top3,2,3,657,51138,2,0,0.07391779869794846,0
E4_adaptive_top3,2,3,663,51147,2,0,0.07188356667757034,0
E4_adaptive_top3,2,3,669,51153,2,0,0.07189232856035233,0
E4_adaptive_top3,2,3,671,51155,2,0,0.07413272559642792,0
E4_adaptive_top3,2,3,691,51185,2,0,0.4399234354496002,0
E4_adaptive_top3,2,3,693,51188,2,0,0.0752701684832573,0
E4_adaptive_top3,2,3,703,51205,1,1,0.88508141040802,1
E4_adaptive_top3,2,3,711,51215,1,1,0.07731720805168152,0
E4_adaptive_top3,2,3,724,51229,1,1,0.887109637260437,1
E4_adaptive_top3,2,3,725,51230,1,1,0.8861650824546814,1
E4_adaptive_top3,2,3,754,51272,2,0,0.07534006983041763,0
E4_adaptive_top3,2,3,757,51276,2,0,0.0731816440820694,0
E4_adaptive_top3,2,3,762,51281,2,0,0.07523400336503983,0
E4_adaptive_top3,2,3,772,51301,1,1,0.4404664933681488,0
E4_adaptive_top3,2,3,783,51315,2,0,0.07204043120145798,0
E4_adaptive_top3,2,3,787,51321,1,1,0.5398211479187012,1
E4_adaptive_top3,2,3,813,51350,1,1,0.7953170537948608,1
E4_adaptive_top3,2,3,818,51359,2,0,0.8899522423744202,1
E4_adaptive_top3,2,3,821,51362,2,0,0.0732295885682106,0
E4_adaptive_top3,2,3,829,51463,1,1,0.8901879787445068,1
E4_adaptive_top3,2,3,836,51481,2,0,0.07214022427797318,0
E4_adaptive_top3,2,3,861,51577,1,1,0.8902654647827148,1
E4_adaptive_top3,2,4,5,50008,1,1,0.9324435591697693,1
E4_adaptive_top3,2,4,17,50025,1,1,0.9333680868148804,1
E4_adaptive_top3,2,4,23,50032,2,0,0.09621134400367737,0
E4_adaptive_top3,2,4,26,50035,2,0,0.18664781749248505,0
E4_adaptive_top3,2,4,28,50037,2,0,0.7452847957611084,1
E4_adaptive_top3,2,4,51,50103,2,0,0.9222590923309326,1
E4_adaptive_top3,2,4,52,50104,2,0,0.09963464736938477,0
E4_adaptive_top3,2,4,56,50109,2,0,0.3247537910938263,0
E4_adaptive_top3,2,4,58,50112,2,0,0.3834720253944397,0
E4_adaptive_top3,2,4,88,50153,1,1,0.9312448501586914,1
E4_adaptive_top3,2,4,90,50157,2,0,0.17294366657733917,0
E4_adaptive_top3,2,4,100,50169,2,0,0.09657219797372818,0
E4_adaptive_top3,2,4,120,50203,2,0,0.09656614810228348,0
E4_adaptive_top3,2,4,131,50233,1,1,0.9314602613449097,1
E4_adaptive_top3,2,4,136,50240,1,1,0.9318771362304688,1
E4_adaptive_top3,2,4,161,50270,2,0,0.2706124186515808,0
E4_adaptive_top3,2,4,165,50274,1,1,0.9339638948440552,1
E4_adaptive_top3,2,4,172,50287,1,1,0.8108964562416077,1
E4_adaptive_top3,2,4,181,50298,1,1,0.9334713816642761,1
E4_adaptive_top3,2,4,191,50318,1,1,0.8278265595436096,1
E4_adaptive_top3,2,4,211,50342,2,0,0.39597970247268677,0
E4_adaptive_top3,2,4,213,50344,2,0,0.09839041531085968,0
E4_adaptive_top3,2,4,214,50345,2,0,0.09593825787305832,0
E4_adaptive_top3,2,4,225,50356,2,0,0.0994507372379303,0
E4_adaptive_top3,2,4,254,50388,2,0,0.12682636082172394,0
E4_adaptive_top3,2,4,271,50415,2,0,0.14525003731250763,0
E4_adaptive_top3,2,4,306,50470,2,0,0.7666959762573242,1
E4_adaptive_top3,2,4,312,50485,1,1,0.09575711190700531,0
E4_adaptive_top3,2,4,314,50487,1,1,0.9331905841827393,1
E4_adaptive_top3,2,4,315,50488,1,1,0.9336763620376587,1
E4_adaptive_top3,2,4,316,50490,1,1,0.9259282350540161,1
E4_adaptive_top3,2,4,334,50515,1,1,0.9332084655761719,1
E4_adaptive_top3,2,4,335,50516,1,1,0.8217241168022156,1
E4_adaptive_top3,2,4,356,50563,2,0,0.09644601494073868,0
E4_adaptive_top3,2,4,383,50621,1,1,0.9340130090713501,1
E4_adaptive_top3,2,4,388,50626,1,1,0.9322258234024048,1
E4_adaptive_top3,2,4,401,50669,2,0,0.9304673671722412,1
E4_adaptive_top3,2,4,416,50697,1,1,0.932716429233551,1
E4_adaptive_top3,2,4,424,50705,1,1,0.9324621558189392,1
E4_adaptive_top3,2,4,442,50739,2,0,0.8861697912216187,1
E4_adaptive_top3,2,4,448,50745,1,1,0.9314573407173157,1
E4_adaptive_top3,2,4,452,50751,1,1,0.9315823316574097,1
E4_adaptive_top3,2,4,453,50752,1,1,0.9315270781517029,1
E4_adaptive_top3,2,4,457,50757,1,1,0.9188416600227356,1
E4_adaptive_top3,2,4,458,50772,2,0,0.9292809367179871,1
E4_adaptive_top3,2,4,464,50778,2,0,0.2623424530029297,0
E4_adaptive_top3,2,4,473,50796,1,1,0.9339345097541809,1
E4_adaptive_top3,2,4,476,50799,1,1,0.9309454560279846,1
E4_adaptive_top3,2,4,483,50816,2,0,0.10251142829656601,0
E4_adaptive_top3,2,4,515,50981,1,1,0.9336610436439514,1
E4_adaptive_top3,2,4,522,50988,1,1,0.933057963848114,1
E4_adaptive_top3,2,4,545,51014,1,1,0.9314789772033691,1
E4_adaptive_top3,2,4,561,51032,1,1,0.9339895248413086,1
E4_adaptive_top3,2,4,572,51045,2,0,0.10639379918575287,0
E4_adaptive_top3,2,4,580,51053,2,0,0.11915650963783264,0
E4_adaptive_top3,2,4,581,51054,2,0,0.09913120418787003,0
E4_adaptive_top3,2,4,606,51080,2,0,0.9263229370117188,1
E4_adaptive_top3,2,4,607,51081,2,0,0.1069059818983078,0
E4_adaptive_top3,2,4,609,51083,2,0,0.9338319897651672,1
E4_adaptive_top3,2,4,630,51105,2,0,0.1722477674484253,0
E4_adaptive_top3,2,4,637,51113,2,0,0.10762730240821838,0
E4_adaptive_top3,2,4,646,51127,2,0,0.8916782736778259,1
E4_adaptive_top3,2,4,647,51128,2,0,0.10877081006765366,0
E4_adaptive_top3,2,4,652,51133,2,0,0.9219850301742554,1
E4_adaptive_top3,2,4,658,51139,2,0,0.10074692219495773,0
E4_adaptive_top3,2,4,659,51140,2,0,0.09652084857225418,0
E4_adaptive_top3,2,4,664,51148,2,0,0.10077284276485443,0
E4_adaptive_top3,2,4,674,51161,1,1,0.9325817227363586,1
E4_adaptive_top3,2,4,675,51162,1,1,0.9339775443077087,1
E4_adaptive_top3,2,4,681,51171,1,1,0.933922290802002,1
E4_adaptive_top3,2,4,682,51173,1,1,0.9337734580039978,1
E4_adaptive_top3,2,4,697,51197,2,0,0.7060602903366089,1
E4_adaptive_top3,2,4,704,51206,1,1,0.9337072968482971,1
E4_adaptive_top3,2,4,714,51218,1,1,0.927857518196106,1
E4_adaptive_top3,2,4,718,51222,1,1,0.11567124724388123,0
E4_adaptive_top3,2,4,733,51241,1,1,0.9320802688598633,1
E4_adaptive_top3,2,4,759,51278,2,0,0.599396824836731,1
E4_adaptive_top3,2,4,766,51294,1,1,0.9211755394935608,1
E4_adaptive_top3,2,4,775,51304,2,0,0.2355719804763794,0
E4_adaptive_top3,2,4,776,51305,2,0,0.09555602818727493,0
E4_adaptive_top3,2,4,799,51334,2,0,0.16080959141254425,0
E4_adaptive_top3,2,4,804,51340,2,0,0.1049419417977333,0
E4_adaptive_top3,2,4,811,51347,2,0,0.09555493295192719,0
E4_adaptive_top3,2,4,830,51464,1,1,0.9294538497924805,1
E4_adaptive_top3,2,4,835,51480,2,0,0.09912952780723572,0
E4_adaptive_top3,2,4,855,51569,2,0,0.15383392572402954,0
E4_adaptive_top3,2,4,862,51578,1,1,0.9312106370925903,1
E4_adaptive_top3,2,5,3,50006,1,1,0.9351998567581177,1
E4_adaptive_top3,2,5,8,50012,1,1,0.936848521232605,1
E4_adaptive_top3,2,5,12,50016,1,1,0.9363681077957153,1
E4_adaptive_top3,2,5,14,50022,1,1,0.054233867675065994,0
E4_adaptive_top3,2,5,19,50027,1,1,0.05430280417203903,0
E4_adaptive_top3,2,5,21,50030,2,0,0.053551848977804184,0
E4_adaptive_top3,2,5,29,50038,2,0,0.05566978082060814,0
E4_adaptive_top3,2,5,31,50040,2,0,0.05819438025355339,0
E4_adaptive_top3,2,5,63,50117,2,0,0.13633191585540771,0
E4_adaptive_top3,2,5,80,50144,1,1,0.9368895292282104,1
E4_adaptive_top3,2,5,82,50146,1,1,0.0733383521437645,0
E4_adaptive_top3,2,5,103,50182,1,1,0.934234082698822,1
E4_adaptive_top3,2,5,113,50195,2,0,0.05530444532632828,0
E4_adaptive_top3,2,5,119,50202,2,0,0.06750239431858063,0
E4_adaptive_top3,2,5,126,50213,2,0,0.05352708697319031,0
E4_adaptive_top3,2,5,135,50239,1,1,0.1947302371263504,0
E4_adaptive_top3,2,5,142,50249,1,1,0.9360127449035645,1
E4_adaptive_top3,2,5,156,50265,2,0,0.05485804006457329,0
E4_adaptive_top3,2,5,157,50266,2,0,0.053650762885808945,0
E4_adaptive_top3,2,5,170,50284,1,1,0.8894777894020081,1
E4_adaptive_top3,2,5,173,50289,1,1,0.933968722820282,1
E4_adaptive_top3,2,5,175,50291,1,1,0.9273632168769836,1
E4_adaptive_top3,2,5,186,50308,1,1,0.7360192537307739,1
E4_adaptive_top3,2,5,195,50324,1,1,0.9369779229164124,1
E4_adaptive_top3,2,5,197,50327,2,0,0.05431264638900757,0
E4_adaptive_top3,2,5,198,50329,2,0,0.053497716784477234,0
E4_adaptive_top3,2,5,199,50330,2,0,0.05359002575278282,0
E4_adaptive_top3,2,5,206,50337,2,0,0.06312981992959976,0
E4_adaptive_top3,2,5,222,50353,2,0,0.07880508899688721,0
E4_adaptive_top3,2,5,236,50367,2,0,0.05756409466266632,0
E4_adaptive_top3,2,5,240,50372,2,0,0.05671458691358566,0
E4_adaptive_top3,2,5,264,50407,1,1,0.932536244392395,1
E4_adaptive_top3,2,5,267,50411,1,1,0.9360148310661316,1
E4_adaptive_top3,2,5,272,50416,2,0,0.0543181374669075,0
E4_adaptive_top3,2,5,275,50419,2,0,0.11079665273427963,0
E4_adaptive_top3,2,5,279,50425,2,0,0.23850193619728088,0
E4_adaptive_top3,2,5,292,50442,2,0,0.05881333351135254,0
E4_adaptive_top3,2,5,297,50447,2,0,0.1594841033220291,0
E4_adaptive_top3,2,5,298,50448,2,0,0.09543975442647934,0
E4_adaptive_top3,2,5,305,50469,2,0,0.05495135858654976,0
E4_adaptive_top3,2,5,309,50481,1,1,0.9369089007377625,1
E4_adaptive_top3,2,5,319,50493,1,1,0.9343639016151428,1
E4_adaptive_top3,2,5,320,50494,1,1,0.48965853452682495,0
E4_adaptive_top3,2,5,325,50500,1,1,0.934960126876831,1
E4_adaptive_top3,2,5,331,50509,1,1,0.9366371035575867,1
E4_adaptive_top3,2,5,332,50510,1,1,0.9366408586502075,1
E4_adaptive_top3,2,5,338,50520,1,1,0.936332643032074,1
E4_adaptive_top3,2,5,346,50529,1,1,0.9349236488342285,1
E4_adaptive_top3,2,5,367,50577,2,0,0.05350635200738907,0
E4_adaptive_top3,2,5,381,50619,1,1,0.9348775744438171,1
E4_adaptive_top3,2,5,384,50622,1,1,0.9356281161308289,1
E4_adaptive_top3,2,5,398,50659,2,0,0.25780314207077026,0
E4_adaptive_top3,2,5,400,50665,2,0,0.3550427556037903,0
E4_adaptive_top3,2,5,433,50725,2,0,0.054499395191669464,0
E4_adaptive_top3,2,5,436,50730,2,0,0.059748198837041855,0
E4_adaptive_top3,2,5,487,50821,2,0,0.05431360378861427,0
E4_adaptive_top3,2,5,492,50954,1,1,0.08488617837429047,0
E4_adaptive_top3,2,5,503,50966,1,1,0.7545954585075378,1
E4_adaptive_top3,2,5,520,50986,1,1,0.053495291620492935,0
E4_adaptive_top3,2,5,530,50996,1,1,0.9362601041793823,1
E4_adaptive_top3,2,5,546,51015,1,1,0.05506380274891853,0
E4_adaptive_top3,2,5,559,51029,1,1,0.9366393685340881,1
E4_adaptive_top3,2,5,560,51030,1,1,0.9368988275527954,1
E4_adaptive_top3,2,5,589,51062,2,0,0.0641133114695549,0
E4_adaptive_top3,2,5,594,51067,2,0,0.06437999755144119,0
E4_adaptive_top3,2,5,602,51076,2,0,0.0657554641366005,0
E4_adaptive_top3,2,5,613,51087,2,0,0.05617111548781395,0
E4_adaptive_top3,2,5,625,51100,2,0,0.05902239680290222,0
E4_adaptive_top3,2,5,629,51104,2,0,0.053866807371377945,0
E4_adaptive_top3,2,5,635,51111,2,0,0.061266228556632996,0
E4_adaptive_top3,2,5,678,51168,1,1,0.8951246738433838,1
E4_adaptive_top3,2,5,690,51184,2,0,0.9046512842178345,1
E4_adaptive_top3,2,5,727,51234,1,1,0.931251585483551,1
E4_adaptive_top3,2,5,743,51257,2,0,0.08975166827440262,0
E4_adaptive_top3,2,5,774,51303,2,0,0.05773049592971802,0
E4_adaptive_top3,2,5,780,51309,2,0,0.9367465376853943,1
E4_adaptive_top3,2,5,786,51320,1,1,0.9369525909423828,1
E4_adaptive_top3,2,5,810,51346,2,0,0.05567110702395439,0
E4_adaptive_top3,2,5,814,51351,1,1,0.5535468459129333,1
E4_adaptive_top3,2,5,815,51354,1,1,0.9286450147628784,1
E4_adaptive_top3,2,5,820,51361,2,0,0.05418901890516281,0
E4_adaptive_top3,2,5,834,51479,2,0,0.054934147745370865,0
E4_adaptive_top3,2,5,841,51491,2,0,0.05493764579296112,0
E4_adaptive_top3,2,5,844,51557,2,0,0.05516590550541878,0
E4_adaptive_top3,2,5,845,51558,2,0,0.05422432720661163,0
E4_adaptive_top3,2,5,846,51559,2,0,0.08975228667259216,0
E4_adaptive_top3,2,5,870,51607,1,1,0.1021513119339943,0
E4_adaptive_top3,2,6,13,50020,1,1,0.8862282633781433,1
E4_adaptive_top3,2,6,15,50023,1,1,0.857743501663208,1
E4_adaptive_top3,2,6,22,50031,2,0,0.0666426494717598,0
E4_adaptive_top3,2,6,59,50113,2,0,0.07075179368257523,0
E4_adaptive_top3,2,6,60,50114,2,0,0.06817398220300674,0
E4_adaptive_top3,2,6,65,50119,1,1,0.06497664004564285,0
E4_adaptive_top3,2,6,71,50128,1,1,0.8345417976379395,1
E4_adaptive_top3,2,6,77,50135,1,1,0.8778486251831055,1
E4_adaptive_top3,2,6,89,50156,1,1,0.8855503797531128,1
E4_adaptive_top3,2,6,93,50160,2,0,0.06541776657104492,0
E4_adaptive_top3,2,6,94,50161,2,0,0.19480642676353455,0
E4_adaptive_top3,2,6,96,50163,2,0,0.16672465205192566,0
E4_adaptive_top3,2,6,128,50215,2,0,0.08462130278348923,0
E4_adaptive_top3,2,6,143,50250,1,1,0.06884586066007614,0
E4_adaptive_top3,2,6,166,50275,1,1,0.8670717477798462,1
E4_adaptive_top3,2,6,167,50276,1,1,0.8831013441085815,1
E4_adaptive_top3,2,6,168,50278,1,1,0.8855483531951904,1
E4_adaptive_top3,2,6,171,50285,1,1,0.679594099521637,1
E4_adaptive_top3,2,6,174,50290,1,1,0.7058649659156799,1
E4_adaptive_top3,2,6,190,50315,1,1,0.8869292140007019,1
E4_adaptive_top3,2,6,219,50350,2,0,0.0681486576795578,0
E4_adaptive_top3,2,6,220,50351,2,0,0.06815353780984879,0
E4_adaptive_top3,2,6,227,50358,2,0,0.07560140639543533,0
E4_adaptive_top3,2,6,235,50366,2,0,0.06539250910282135,0
E4_adaptive_top3,2,6,276,50421,2,0,0.06615123152732849,0
E4_adaptive_top3,2,6,287,50437,2,0,0.8845964074134827,1
E4_adaptive_top3,2,6,290,50440,2,0,0.06586578488349915,0
E4_adaptive_top3,2,6,310,50482,1,1,0.8844020366668701,1
E4_adaptive_top3,2,6,327,50502,1,1,0.8860966563224792,1
E4_adaptive_top3,2,6,333,50514,1,1,0.6546879410743713,1
E4_adaptive_top3,2,6,337,50519,1,1,0.8752307295799255,1
E4_adaptive_top3,2,6,350,50551,2,0,0.08515947312116623,0
E4_adaptive_top3,2,6,362,50572,2,0,0.06583526730537415,0
E4_adaptive_top3,2,6,382,50620,1,1,0.13314758241176605,0
E4_adaptive_top3,2,6,393,50647,1,1,0.7465486526489258,1
E4_adaptive_top3,2,6,406,50687,2,0,0.4208669066429138,0
E4_adaptive_top3,2,6,408,50689,1,1,0.8855515718460083,1
E4_adaptive_top3,2,6,409,50690,1,1,0.06760193407535553,0
E4_adaptive_top3,2,6,418,50699,2,0,0.8742944598197937,1
E4_adaptive_top3,2,6,423,50704,1,1,0.619324266910553,1
E4_adaptive_top3,2,6,426,50707,2,0,0.06505845487117767,0
E4_adaptive_top3,2,6,435,50728,2,0,0.07248932868242264,0
E4_adaptive_top3,2,6,449,50748,1,1,0.8713589906692505,1
E4_adaptive_top3,2,6,456,50756,1,1,0.8538657426834106,1
E4_adaptive_top3,2,6,467,50782,2,0,0.06583749502897263,0
E4_adaptive_top3,2,6,486,50820,2,0,0.06718821078538895,0
E4_adaptive_top3,2,6,488,50822,2,0,0.06580962240695953,0
E4_adaptive_top3,2,6,489,50823,1,1,0.8784425258636475,1
E4_adaptive_top3,2,6,499,50961,1,1,0.6430563926696777,1
E4_adaptive_top3,2,6,500,50962,1,1,0.07122292369604111,0
E4_adaptive_top3,2,6,502,50965,1,1,0.8862453103065491,1
E4_adaptive_top3,2,6,531,50997,1,1,0.8539286851882935,1
E4_adaptive_top3,2,6,542,51011,1,1,0.8857523798942566,1
E4_adaptive_top3,2,6,562,51033,1,1,0.8016066551208496,1
E4_adaptive_top3,2,6,577,51050,2,0,0.06692282110452652,0
E4_adaptive_top3,2,6,610,51084,2,0,0.873595654964447,1
E4_adaptive_top3,2,6,615,51089,2,0,0.06694044917821884,0
E4_adaptive_top3,2,6,639,51116,2,0,0.07979415357112885,0
E4_adaptive_top3,2,6,648,51129,2,0,0.06861048936843872,0
E4_adaptive_top3,2,6,656,51137,2,0,0.06560371071100235,0
E4_adaptive_top3,2,6,679,51169,1,1,0.6625130772590637,1
E4_adaptive_top3,2,6,685,51179,1,1,0.8817190527915955,1
E4_adaptive_top3,2,6,688,51182,2,0,0.07585449516773224,0
E4_adaptive_top3,2,6,700,51202,1,1,0.8860825896263123,1
E4_adaptive_top3,2,6,731,51239,1,1,0.883065938949585,1
E4_adaptive_top3,2,6,744,51260,2,0,0.06514390558004379,0
E4_adaptive_top3,2,6,746,51262,2,0,0.4398120641708374,0
E4_adaptive_top3,2,6,747,51264,2,0,0.0649019330739975,0
E4_adaptive_top3,2,6,751,51268,2,0,0.06736410409212112,0
E4_adaptive_top3,2,6,753,51271,2,0,0.06542155891656876,0
E4_adaptive_top3,2,6,755,51273,2,0,0.8354775309562683,1
E4_adaptive_top3,2,6,760,51279,2,0,0.06488173454999924,0
E4_adaptive_top3,2,6,763,51291,1,1,0.8861197233200073,1
E4_adaptive_top3,2,6,768,51297,1,1,0.8649630546569824,1
E4_adaptive_top3,2,6,773,51302,1,1,0.2751463055610657,0
E4_adaptive_top3,2,6,779,51308,2,0,0.06649091094732285,0
E4_adaptive_top3,2,6,781,51311,2,0,0.06528162211179733,0
E4_adaptive_top3,2,6,801,51336,2,0,0.06607227772474289,0
E4_adaptive_top3,2,6,809,51345,2,0,0.06490641087293625,0
E4_adaptive_top3,2,6,824,51365,2,0,0.06601046770811081,0
E4_adaptive_top3,2,6,831,51465,1,1,0.8857752680778503,1
E4_adaptive_top3,2,6,840,51488,2,0,0.06568291783332825,0
E4_adaptive_top3,2,6,843,51556,2,0,0.10639709234237671,0
E4_adaptive_top3,2,6,848,51562,2,0,0.06586779654026031,0
E4_adaptive_top3,2,6,849,51563,2,0,0.07037045806646347,0
E4_adaptive_top3,2,6,854,51568,2,0,0.26591676473617554,0
E4_adaptive_top3,2,6,859,51574,1,1,0.8705769777297974,1
E4_adaptive_top3,2,7,38,50047,2,0,0.4882719814777374,0
E4_adaptive_top3,2,7,44,50053,1,1,0.5074804425239563,1
E4_adaptive_top3,2,7,46,50056,1,1,0.6525823473930359,1
E4_adaptive_top3,2,7,47,50057,1,1,0.48307350277900696,0
E4_adaptive_top3,2,7,57,50111,2,0,0.42439278960227966,0
E4_adaptive_top3,2,7,68,50124,1,1,0.639848530292511,1
E4_adaptive_top3,2,7,69,50125,1,1,0.5740523338317871,1
E4_adaptive_top3,2,7,85,50149,1,1,0.5885878205299377,1
E4_adaptive_top3,2,7,91,50158,2,0,0.5864243507385254,1
E4_adaptive_top3,2,7,97,50164,2,0,0.6371279954910278,1
E4_adaptive_top3,2,7,111,50193,2,0,0.4845479130744934,0
E4_adaptive_top3,2,7,116,50199,2,0,0.4630393385887146,0
E4_adaptive_top3,2,7,137,50241,1,1,0.5030662417411804,1
E4_adaptive_top3,2,7,139,50245,1,1,0.5488852858543396,1
E4_adaptive_top3,2,7,145,50252,1,1,0.5550057888031006,1
E4_adaptive_top3,2,7,147,50254,1,1,0.5992698073387146,1
E4_adaptive_top3,2,7,148,50255,1,1,0.6235077977180481,1
E4_adaptive_top3,2,7,154,50263,2,0,0.6172555088996887,1
E4_adaptive_top3,2,7,159,50268,2,0,0.5381391048431396,1
E4_adaptive_top3,2,7,185,50304,1,1,0.5683406591415405,1
E4_adaptive_top3,2,7,189,50314,1,1,0.43698474764823914,0
E4_adaptive_top3,2,7,201,50332,2,0,0.4142175614833832,0
E4_adaptive_top3,2,7,207,50338,2,0,0.41114529967308044,0
E4_adaptive_top3,2,7,208,50339,2,0,0.4156416952610016,0
E4_adaptive_top3,2,7,230,50361,2,0,0.4869014322757721,0
E4_adaptive_top3,2,7,238,50369,2,0,0.4188682734966278,0
E4_adaptive_top3,2,7,241,50373,2,0,0.4243488907814026,0
E4_adaptive_top3,2,7,249,50382,2,0,0.4480387568473816,0
E4_adaptive_top3,2,7,269,50413,1,1,0.41283929347991943,0
E4_adaptive_top3,2,7,278,50424,2,0,0.41098716855049133,0
E4_adaptive_top3,2,7,308,50480,1,1,0.6434711813926697,1
E4_adaptive_top3,2,7,318,50492,1,1,0.5558843612670898,1
E4_adaptive_top3,2,7,330,50507,1,1,0.6241844296455383,1
E4_adaptive_top3,2,7,351,50552,2,0,0.7566238045692444,1
E4_adaptive_top3,2,7,353,50557,2,0,0.5366817712783813,1
E4_adaptive_top3,2,7,364,50574,2,0,0.7253104448318481,1
E4_adaptive_top3,2,7,371,50603,1,1,0.7250218987464905,1
E4_adaptive_top3,2,7,376,50612,1,1,0.7127156257629395,1
E4_adaptive_top3,2,7,389,50627,1,1,0.6699753999710083,1
E4_adaptive_top3,2,7,410,50691,2,0,0.4760662615299225,0
E4_adaptive_top3,2,7,428,50709,2,0,0.49949225783348083,0
E4_adaptive_top3,2,7,438,50733,2,0,0.47050943970680237,0
E4_adaptive_top3,2,7,441,50738,2,0,0.4896162450313568,0
E4_adaptive_top3,2,7,444,50741,2,0,0.47839757800102234,0
E4_adaptive_top3,2,7,447,50744,1,1,0.512093722820282,1
E4_adaptive_top3,2,7,463,50777,2,0,0.5530106425285339,1
E4_adaptive_top3,2,7,465,50780,2,0,0.5259915590286255,1
E4_adaptive_top3,2,7,469,50786,2,0,0.4797147214412689,0
E4_adaptive_top3,2,7,478,50801,1,1,0.541955292224884,1
E4_adaptive_top3,2,7,479,50803,1,1,0.44499513506889343,0
E4_adaptive_top3,2,7,493,50955,1,1,0.4366765022277832,0
E4_adaptive_top3,2,7,510,50974,1,1,0.48238104581832886,0
E4_adaptive_top3,2,7,521,50987,1,1,0.45368266105651855,0
E4_adaptive_top3,2,7,534,51001,1,1,0.5479028224945068,1
E4_adaptive_top3,2,7,544,51013,1,1,0.5174684524536133,1
E4_adaptive_top3,2,7,553,51023,1,1,0.45041871070861816,0
E4_adaptive_top3,2,7,558,51028,1,1,0.4868205487728119,0
E4_adaptive_top3,2,7,568,51040,2,0,0.4689912497997284,0
E4_adaptive_top3,2,7,582,51055,2,0,0.4874742031097412,0
E4_adaptive_top3,2,7,586,51059,2,0,0.49623388051986694,0
E4_adaptive_top3,2,7,595,51068,2,0,0.47803837060928345,0
E4_adaptive_top3,2,7,598,51072,2,0,0.45081377029418945,0
E4_adaptive_top3,2,7,600,51074,2,0,0.5113242268562317,1
E4_adaptive_top3,2,7,611,51085,2,0,0.47557181119918823,0
E4_adaptive_top3,2,7,616,51090,2,0,0.48200100660324097,0
E4_adaptive_top3,2,7,623,51098,2,0,0.4425543248653412,0
E4_adaptive_top3,2,7,627,51102,2,0,0.4793066382408142,0
E4_adaptive_top3,2,7,634,51110,2,0,0.45131704211235046,0
E4_adaptive_top3,2,7,651,51132,2,0,0.47677651047706604,0
E4_adaptive_top3,2,7,665,51149,2,0,0.49904340505599976,0
E4_adaptive_top3,2,7,668,51152,2,0,0.4504174292087555,0
E4_adaptive_top3,2,7,670,51154,2,0,0.4833567440509796,0
E4_adaptive_top3,2,7,676,51163,1,1,0.47445130348205566,0
E4_adaptive_top3,2,7,694,51189,2,0,0.4942718744277954,0
E4_adaptive_top3,2,7,713,51217,1,1,0.41166648268699646,0
E4_adaptive_top3,2,7,719,51223,1,1,0.4151250720024109,0
E4_adaptive_top3,2,7,726,51231,1,1,0.4571259617805481,0
E4_adaptive_top3,2,7,729,51236,1,1,0.6470593214035034,1
E4_adaptive_top3,2,7,730,51237,1,1,0.4209427237510681,0
E4_adaptive_top3,2,7,732,51240,1,1,0.4159899055957794,0
E4_adaptive_top3,2,7,745,51261,2,0,0.4769425392150879,0
E4_adaptive_top3,2,7,790,51325,1,1,0.4908769428730011,0
E4_adaptive_top3,2,7,798,51333,2,0,0.5588856935501099,1
E4_adaptive_top3,2,7,807,51343,2,0,0.48196470737457275,0
E4_adaptive_top3,2,7,812,51349,1,1,0.4771687090396881,0
E4_adaptive_top3,2,7,833,51477,2,0,0.47036609053611755,0
E4_adaptive_top3,2,7,863,51579,1,1,0.4360460340976715,0
E4_adaptive_top3,2,8,49,50060,2,0,0.12881816923618317,0
E4_adaptive_top3,2,8,61,50115,2,0,0.13320410251617432,0
E4_adaptive_top3,2,8,64,50118,1,1,0.9067248106002808,1
E4_adaptive_top3,2,8,70,50127,1,1,0.9040411710739136,1
E4_adaptive_top3,2,8,102,50171,2,0,0.49751541018486023,0
E4_adaptive_top3,2,8,105,50184,1,1,0.9079502820968628,1
E4_adaptive_top3,2,8,107,50187,1,1,0.13037782907485962,0
E4_adaptive_top3,2,8,112,50194,2,0,0.12901097536087036,0
E4_adaptive_top3,2,8,114,50196,2,0,0.3197924792766571,0
E4_adaptive_top3,2,8,118,50201,2,0,0.12880302965641022,0
E4_adaptive_top3,2,8,124,50208,2,0,0.13749761879444122,0
E4_adaptive_top3,2,8,133,50236,1,1,0.9078898429870605,1
E4_adaptive_top3,2,8,134,50237,1,1,0.9074029922485352,1
E4_adaptive_top3,2,8,146,50253,1,1,0.9073011875152588,1
E4_adaptive_top3,2,8,151,50260,2,0,0.13134028017520905,0
E4_adaptive_top3,2,8,160,50269,2,0,0.4688742160797119,0
E4_adaptive_top3,2,8,179,50295,1,1,0.9079033136367798,1
E4_adaptive_top3,2,8,183,50301,1,1,0.907887876033783,1
E4_adaptive_top3,2,8,184,50302,1,1,0.9080819487571716,1
E4_adaptive_top3,2,8,196,50325,1,1,0.1294127255678177,0
E4_adaptive_top3,2,8,203,50334,2,0,0.9075417518615723,1
E4_adaptive_top3,2,8,210,50341,2,0,0.1287703961133957,0
E4_adaptive_top3,2,8,215,50346,2,0,0.13086305558681488,0
E4_adaptive_top3,2,8,216,50347,2,0,0.12898480892181396,0
E4_adaptive_top3,2,8,223,50354,2,0,0.13201409578323364,0
E4_adaptive_top3,2,8,224,50355,2,0,0.12878292798995972,0
E4_adaptive_top3,2,8,237,50368,2,0,0.12922437489032745,0
E4_adaptive_top3,2,8,255,50390,2,0,0.2172652781009674,0
E4_adaptive_top3,2,8,256,50391,2,0,0.12904438376426697,0
E4_adaptive_top3,2,8,260,50403,1,1,0.2898305356502533,0
E4_adaptive_top3,2,8,266,50410,1,1,0.9088974595069885,1
E4_adaptive_top3,2,8,296,50446,2,0,0.19245226681232452,0
E4_adaptive_top3,2,8,299,50449,2,0,0.12879708409309387,0
E4_adaptive_top3,2,8,328,50503,1,1,0.9083216786384583,1
E4_adaptive_top3,2,8,339,50521,1,1,0.4820680618286133,0
E4_adaptive_top3,2,8,343,50526,1,1,0.9083280563354492,1
E4_adaptive_top3,2,8,347,50530,1,1,0.9064393639564514,1
E4_adaptive_top3,2,8,349,50532,1,1,0.9056882858276367,1
E4_adaptive_top3,2,8,365,50575,2,0,0.34261825680732727,0
E4_adaptive_top3,2,8,377,50613,1,1,0.9064934849739075,1
E4_adaptive_top3,2,8,386,50624,1,1,0.9085327982902527,1
E4_adaptive_top3,2,8,387,50625,1,1,0.12878698110580444,0
E4_adaptive_top3,2,8,413,50694,1,1,0.9064635634422302,1
E4_adaptive_top3,2,8,414,50695,1,1,0.7372782826423645,1
E4_adaptive_top3,2,8,470,50790,2,0,0.12878693640232086,0
E4_adaptive_top3,2,8,485,50818,2,0,0.12873254716396332,0
E4_adaptive_top3,2,8,496,50958,1,1,0.9084612131118774,1
E4_adaptive_top3,2,8,504,50967,1,1,0.9058865308761597,1
E4_adaptive_top3,2,8,517,50983,1,1,0.9089158773422241,1
E4_adaptive_top3,2,8,536,51003,1,1,0.908849835395813,1
E4_adaptive_top3,2,8,540,51009,1,1,0.9061951041221619,1
E4_adaptive_top3,2,8,551,51020,1,1,0.9064649343490601,1
E4_adaptive_top3,2,8,569,51041,2,0,0.13580846786499023,0
E4_adaptive_top3,2,8,570,51042,2,0,0.12900233268737793,0
E4_adaptive_top3,2,8,574,51047,2,0,0.13446705043315887,0
E4_adaptive_top3,2,8,576,51049,2,0,0.1357995718717575,0
E4_adaptive_top3,2,8,584,51057,2,0,0.13471625745296478,0
E4_adaptive_top3,2,8,588,51061,2,0,0.12921325862407684,0
E4_adaptive_top3,2,8,593,51066,2,0,0.13657258450984955,0
E4_adaptive_top3,2,8,601,51075,2,0,0.13888871669769287,0
E4_adaptive_top3,2,8,633,51109,2,0,0.13325291872024536,0
E4_adaptive_top3,2,8,642,51122,2,0,0.13576355576515198,0
E4_adaptive_top3,2,8,645,51126,2,0,0.13922883570194244,0
E4_adaptive_top3,2,8,660,51141,2,0,0.7757271528244019,1
E4_adaptive_top3,2,8,673,51159,2,0,0.9089143872261047,1
E4_adaptive_top3,2,8,683,51177,1,1,0.9083017110824585,1
E4_adaptive_top3,2,8,698,51198,2,0,0.8537721633911133,1
E4_adaptive_top3,2,8,701,51203,1,1,0.9071577787399292,1
E4_adaptive_top3,2,8,715,51219,1,1,0.9079112410545349,1
E4_adaptive_top3,2,8,717,51221,1,1,0.9054186940193176,1
E4_adaptive_top3,2,8,722,51226,1,1,0.1287430077791214,0
E4_adaptive_top3,2,8,734,51248,1,1,0.9071401357650757,1
E4_adaptive_top3,2,8,738,51252,2,0,0.9083820581436157,1
E4_adaptive_top3,2,8,748,51265,2,0,0.1306828111410141,0
E4_adaptive_top3,2,8,778,51307,2,0,0.9079039096832275,1
E4_adaptive_top3,2,8,785,51319,1,1,0.907139778137207,1
E4_adaptive_top3,2,8,803,51339,2,0,0.1291179656982422,0
E4_adaptive_top3,2,8,817,51357,2,0,0.13087098300457,0
E4_adaptive_top3,2,8,826,51370,2,0,0.13036775588989258,0
E4_adaptive_top3,2,8,828,51461,1,1,0.9077461957931519,1
E4_adaptive_top3,2,8,832,51473,1,1,0.9086364507675171,1
E4_adaptive_top3,2,8,839,51487,2,0,0.21737995743751526,0
E4_adaptive_top3,2,8,847,51560,2,0,0.12922406196594238,0
E4_adaptive_top3,2,8,851,51565,2,0,0.5183990597724915,1
E4_adaptive_top3,2,8,852,51566,2,0,0.12873686850070953,0
E4_adaptive_top3,2,8,857,51572,1,1,0.9064226150512695,1
E4_adaptive_top3,2,8,866,51583,1,1,0.9067016839981079,1
E4_adaptive_top3,2,9,9,50013,1,1,0.8938359022140503,1
E4_adaptive_top3,2,9,20,50028,1,1,0.9070035219192505,1
E4_adaptive_top3,2,9,27,50036,2,0,0.18125276267528534,0
E4_adaptive_top3,2,9,32,50041,2,0,0.18074387311935425,0
E4_adaptive_top3,2,9,37,50046,2,0,0.19300539791584015,0
E4_adaptive_top3,2,9,40,50049,2,0,0.19478927552700043,0
E4_adaptive_top3,2,9,42,50051,2,0,0.6439273953437805,1
E4_adaptive_top3,2,9,50,50102,2,0,0.24926811456680298,0
E4_adaptive_top3,2,9,66,50121,1,1,0.9067819714546204,1
E4_adaptive_top3,2,9,75,50132,1,1,0.906111478805542,1
E4_adaptive_top3,2,9,83,50147,1,1,0.9016092419624329,1
E4_adaptive_top3,2,9,84,50148,1,1,0.9020272493362427,1
E4_adaptive_top3,2,9,87,50152,1,1,0.907122790813446,1
E4_adaptive_top3,2,9,104,50183,1,1,0.9059163928031921,1
E4_adaptive_top3,2,9,121,50204,2,0,0.1814970225095749,0
E4_adaptive_top3,2,9,122,50205,2,0,0.1825893670320511,0
E4_adaptive_top3,2,9,123,50206,2,0,0.25316762924194336,0
E4_adaptive_top3,2,9,130,50232,1,1,0.9046861529350281,1
E4_adaptive_top3,2,9,132,50234,1,1,0.8761873245239258,1
E4_adaptive_top3,2,9,221,50352,2,0,0.5035952925682068,1
E4_adaptive_top3,2,9,226,50357,2,0,0.18752972781658173,0
E4_adaptive_top3,2,9,232,50363,2,0,0.884834885597229,1
E4_adaptive_top3,2,9,250,50383,2,0,0.23239006102085114,0
E4_adaptive_top3,2,9,258,50399,1,1,0.9070767760276794,1
E4_adaptive_top3,2,9,261,50404,1,1,0.9058355093002319,1
E4_adaptive_top3,2,9,262,50405,1,1,0.9027718305587769,1
E4_adaptive_top3,2,9,282,50428,2,0,0.18071304261684418,0
E4_adaptive_top3,2,9,284,50434,2,0,0.19456185400485992,0
E4_adaptive_top3,2,9,289,50439,2,0,0.23704937100410461,0
E4_adaptive_top3,2,9,291,50441,2,0,0.18199089169502258,0
E4_adaptive_top3,2,9,301,50463,2,0,0.18571794033050537,0
E4_adaptive_top3,2,9,323,50498,1,1,0.902720034122467,1
E4_adaptive_top3,2,9,344,50527,1,1,0.9070524573326111,1
E4_adaptive_top3,2,9,358,50568,2,0,0.5496930480003357,1
E4_adaptive_top3,2,9,361,50571,2,0,0.6776904463768005,1
E4_adaptive_top3,2,9,363,50573,2,0,0.19143347442150116,0
E4_adaptive_top3,2,9,380,50616,1,1,0.9068195819854736,1
E4_adaptive_top3,2,9,391,50642,1,1,0.7853416800498962,1
E4_adaptive_top3,2,9,397,50656,2,0,0.30514299869537354,0
E4_adaptive_top3,2,9,407,50688,2,0,0.1839403510093689,0
E4_adaptive_top3,2,9,415,50696,1,1,0.9060078263282776,1
E4_adaptive_top3,2,9,419,50700,1,1,0.9066209197044373,1
E4_adaptive_top3,2,9,420,50701,2,0,0.1892327219247818,0
E4_adaptive_top3,2,9,427,50708,1,1,0.9065848588943481,1
E4_adaptive_top3,2,9,446,50743,1,1,0.9058941602706909,1
E4_adaptive_top3,2,9,461,50775,2,0,0.1831367164850235,0
E4_adaptive_top3,2,9,472,50792,1,1,0.9054336547851562,1
E4_adaptive_top3,2,9,481,50812,2,0,0.18218643963336945,0
E4_adaptive_top3,2,9,491,50952,1,1,0.9038987755775452,1
E4_adaptive_top3,2,9,498,50960,1,1,0.4751320779323578,0
E4_adaptive_top3,2,9,511,50976,1,1,0.907131016254425,1
E4_adaptive_top3,2,9,524,50990,1,1,0.9032050371170044,1
E4_adaptive_top3,2,9,539,51008,1,1,0.8472977876663208,1
E4_adaptive_top3,2,9,541,51010,1,1,0.7319959998130798,1
E4_adaptive_top3,2,9,543,51012,1,1,0.8917747735977173,1
E4_adaptive_top3,2,9,563,51034,1,1,0.9068368673324585,1
E4_adaptive_top3,2,9,564,51035,1,1,0.8814085125923157,1
E4_adaptive_top3,2,9,592,51065,2,0,0.18070994317531586,0
E4_adaptive_top3,2,9,604,51078,2,0,0.18645967543125153,0
E4_adaptive_top3,2,9,605,51079,2,0,0.9042174816131592,1
E4_adaptive_top3,2,9,608,51082,2,0,0.3149911165237427,0
E4_adaptive_top3,2,9,620,51095,2,0,0.8996647596359253,1
E4_adaptive_top3,2,9,624,51099,2,0,0.19241897761821747,0
E4_adaptive_top3,2,9,632,51107,2,0,0.8174850344657898,1
E4_adaptive_top3,2,9,643,51123,2,0,0.25851014256477356,0
E4_adaptive_top3,2,9,654,51135,2,0,0.6286171674728394,1
E4_adaptive_top3,2,9,667,51151,2,0,0.21964262425899506,0
E4_adaptive_top3,2,9,680,51170,1,1,0.7946317791938782,1
E4_adaptive_top3,2,9,699,51201,1,1,0.9058722257614136,1
E4_adaptive_top3,2,9,708,51211,1,1,0.9059379696846008,1
E4_adaptive_top3,2,9,712,51216,1,1,0.18640156090259552,0
E4_adaptive_top3,2,9,736,51250,2,0,0.18071353435516357,0
E4_adaptive_top3,2,9,739,51253,2,0,0.18163785338401794,0
E4_adaptive_top3,2,9,740,51254,2,0,0.18039225041866302,0
E4_adaptive_top3,2,9,742,51256,2,0,0.1823810636997223,0
E4_adaptive_top3,2,9,752,51269,2,0,0.18290939927101135,0
E4_adaptive_top3,2,9,756,51275,2,0,0.18065467476844788,0
E4_adaptive_top3,2,9,784,51318,1,1,0.8977544903755188,1
E4_adaptive_top3,2,9,788,51322,1,1,0.906571626663208,1
E4_adaptive_top3,2,9,789,51323,1,1,0.9027469158172607,1
E4_adaptive_top3,2,9,794,51329,1,1,0.6170222759246826,1
E4_adaptive_top3,2,9,802,51338,2,0,0.9069892764091492,1
E4_adaptive_top3,2,9,822,51363,2,0,0.19365742802619934,0
E4_adaptive_top3,2,9,825,51369,2,0,0.185081347823143,0
E4_adaptive_top3,2,9,827,51373,2,0,0.18292179703712463,0
E4_adaptive_top3,2,9,842,51493,2,0,0.1818353831768036,0
E4_adaptive_top3,2,9,864,51580,1,1,0.9003149271011353,1
E4_adaptive_top3,2,10,11,50015,1,1,0.7857789993286133,1
E4_adaptive_top3,2,10,16,50024,1,1,0.7957637310028076,1
E4_adaptive_top3,2,10,18,50026,1,1,0.7939707040786743,1
E4_adaptive_top3,2,10,33,50042,2,0,0.38190916180610657,0
E4_adaptive_top3,2,10,36,50045,2,0,0.5066522359848022,1
E4_adaptive_top3,2,10,41,50050,2,0,0.29573559761047363,0
E4_adaptive_top3,2,10,43,50052,2,0,0.7222713232040405,1
E4_adaptive_top3,2,10,54,50106,2,0,0.7138674855232239,1
E4_adaptive_top3,2,10,74,50131,1,1,0.6636086702346802,1
E4_adaptive_top3,2,10,99,50168,2,0,0.27796670794487,0
E4_adaptive_top3,2,10,106,50186,1,1,0.7840087413787842,1
E4_adaptive_top3,2,10,109,50189,1,1,0.7883161902427673,1
E4_adaptive_top3,2,10,110,50190,1,1,0.7699412107467651,1
E4_adaptive_top3,2,10,150,50259,2,0,0.3786737024784088,0
E4_adaptive_top3,2,10,158,50267,2,0,0.2961563766002655,0
E4_adaptive_top3,2,10,188,50312,1,1,0.7683950662612915,1
E4_adaptive_top3,2,10,194,50321,1,1,0.789760172367096,1
E4_adaptive_top3,2,10,233,50364,2,0,0.4525927007198334,0
E4_adaptive_top3,2,10,239,50370,2,0,0.332060307264328,0
E4_adaptive_top3,2,10,245,50377,2,0,0.3555542826652527,0
E4_adaptive_top3,2,10,252,50386,2,0,0.2797614336013794,0
E4_adaptive_top3,2,10,257,50397,1,1,0.7371129393577576,1
E4_adaptive_top3,2,10,263,50406,1,1,0.7957943081855774,1
E4_adaptive_top3,2,10,268,50412,1,1,0.7958970069885254,1
E4_adaptive_top3,2,10,270,50414,2,0,0.3578717112541199,0
E4_adaptive_top3,2,10,273,50417,2,0,0.27886441349983215,0
E4_adaptive_top3,2,10,294,50444,2,0,0.5573216080665588,1
E4_adaptive_top3,2,10,303,50467,2,0,0.4418986141681671,0
E4_adaptive_top3,2,10,304,50468,2,0,0.32464781403541565,0
E4_adaptive_top3,2,10,317,50491,1,1,0.7114191055297852,1
E4_adaptive_top3,2,10,324,50499,1,1,0.7849425673484802,1
E4_adaptive_top3,2,10,366,50576,2,0,0.2869948446750641,0
E4_adaptive_top3,2,10,372,50604,1,1,0.78985196352005,1
E4_adaptive_top3,2,10,394,50648,1,1,0.52144855260849,1
E4_adaptive_top3,2,10,430,50722,2,0,0.2774209976196289,0
E4_adaptive_top3,2,10,434,50726,2,0,0.47911152243614197,0
E4_adaptive_top3,2,10,443,50740,2,0,0.35668110847473145,0
E4_adaptive_top3,2,10,459,50773,2,0,0.33267495036125183,0
E4_adaptive_top3,2,10,475,50798,1,1,0.3171596825122833,0
E4_adaptive_top3,2,10,482,50814,2,0,0.46211954951286316,0
E4_adaptive_top3,2,10,490,50824,1,1,0.36862117052078247,0
E4_adaptive_top3,2,10,494,50956,1,1,0.793738603591919,1
E4_adaptive_top3,2,10,501,50964,1,1,0.7537258267402649,1
E4_adaptive_top3,2,10,507,50970,1,1,0.7931671738624573,1
E4_adaptive_top3,2,10,509,50973,1,1,0.764363706111908,1
E4_adaptive_top3,2,10,512,50977,1,1,0.7924076318740845,1
E4_adaptive_top3,2,10,518,50984,1,1,0.7849040627479553,1
E4_adaptive_top3,2,10,519,50985,1,1,0.7810078859329224,1
E4_adaptive_top3,2,10,523,50989,1,1,0.7900949120521545,1
E4_adaptive_top3,2,10,527,50993,1,1,0.7788965106010437,1
E4_adaptive_top3,2,10,528,50994,1,1,0.7880427837371826,1
E4_adaptive_top3,2,10,529,50995,1,1,0.7949966788291931,1
E4_adaptive_top3,2,10,533,51000,1,1,0.7874115109443665,1
E4_adaptive_top3,2,10,535,51002,1,1,0.7202180624008179,1
E4_adaptive_top3,2,10,547,51016,1,1,0.7305166721343994,1
E4_adaptive_top3,2,10,549,51018,1,1,0.795594334602356,1
E4_adaptive_top3,2,10,557,51027,1,1,0.7222883701324463,1
E4_adaptive_top3,2,10,565,51036,2,0,0.3079036772251129,0
E4_adaptive_top3,2,10,567,51039,2,0,0.2962588369846344,0
E4_adaptive_top3,2,10,573,51046,2,0,0.5602254867553711,1
E4_adaptive_top3,2,10,578,51051,2,0,0.2850004732608795,0
E4_adaptive_top3,2,10,591,51064,2,0,0.34975868463516235,0
E4_adaptive_top3,2,10,617,51091,2,0,0.2970786988735199,0
E4_adaptive_top3,2,10,618,51093,2,0,0.29521608352661133,0
E4_adaptive_top3,2,10,619,51094,2,0,0.2776899039745331,0
E4_adaptive_top3,2,10,626,51101,2,0,0.28604793548583984,0
E4_adaptive_top3,2,10,636,51112,2,0,0.2870270907878876,0
E4_adaptive_top3,2,10,641,51118,2,0,0.598145067691803,1
E4_adaptive_top3,2,10,649,51130,2,0,0.779674232006073,1
E4_adaptive_top3,2,10,662,51146,2,0,0.28305530548095703,0
E4_adaptive_top3,2,10,666,51150,2,0,0.34734389185905457,0
E4_adaptive_top3,2,10,692,51187,2,0,0.32793059945106506,0
E4_adaptive_top3,2,10,696,51194,2,0,0.427005797624588,0
E4_adaptive_top3,2,10,702,51204,1,1,0.7869855761528015,1
E4_adaptive_top3,2,10,707,51210,1,1,0.778007984161377,1
E4_adaptive_top3,2,10,758,51277,2,0,0.29423871636390686,0
E4_adaptive_top3,2,10,761,51280,2,0,0.27744245529174805,0
E4_adaptive_top3,2,10,764,51292,1,1,0.7794753313064575,1
E4_adaptive_top3,2,10,765,51293,1,1,0.7959484457969666,1
E4_adaptive_top3,2,10,777,51306,2,0,0.7073341012001038,1
E4_adaptive_top3,2,10,782,51313,2,0,0.27742165327072144,0
E4_adaptive_top3,2,10,796,51331,1,1,0.7913224101066589,1
E4_adaptive_top3,2,10,797,51332,2,0,0.2774854302406311,0
E4_adaptive_top3,2,10,800,51335,2,0,0.36861348152160645,0
E4_adaptive_top3,2,10,819,51360,2,0,0.4643939435482025,0
E4_adaptive_top3,2,10,850,51564,2,0,0.32362550497055054,0
E4_adaptive_top3,2,10,860,51576,1,1,0.6094540357589722,1
E5_balanced_sparse_control,0,1,10,50014,1,1,0.9270827770233154,1
E5_balanced_sparse_control,0,1,14,50022,1,1,0.10118763893842697,0
E5_balanced_sparse_control,0,1,36,50045,2,0,0.4282796382904053,0
E5_balanced_sparse_control,0,1,42,50051,2,0,0.9124500155448914,1
E5_balanced_sparse_control,0,1,49,50060,2,0,0.07764913141727448,0
E5_balanced_sparse_control,0,1,53,50105,2,0,0.7245393395423889,1
E5_balanced_sparse_control,0,1,63,50117,2,0,0.2706284821033478,0
E5_balanced_sparse_control,0,1,67,50123,1,1,0.9290137887001038,1
E5_balanced_sparse_control,0,1,83,50147,1,1,0.8658605217933655,1
E5_balanced_sparse_control,0,1,84,50148,1,1,0.9276173710823059,1
E5_balanced_sparse_control,0,1,96,50163,2,0,0.19233465194702148,0
E5_balanced_sparse_control,0,1,97,50164,2,0,0.07753194123506546,0
E5_balanced_sparse_control,0,1,111,50193,2,0,0.07937110960483551,0
E5_balanced_sparse_control,0,1,114,50196,2,0,0.7870835661888123,1
E5_balanced_sparse_control,0,1,123,50206,2,0,0.8245143890380859,1
E5_balanced_sparse_control,0,1,131,50233,1,1,0.9273123741149902,1
E5_balanced_sparse_control,0,1,132,50234,1,1,0.9121699333190918,1
E5_balanced_sparse_control,0,1,136,50240,1,1,0.9263493418693542,1
E5_balanced_sparse_control,0,1,141,50248,1,1,0.9287093281745911,1
E5_balanced_sparse_control,0,1,145,50252,1,1,0.796943724155426,1
E5_balanced_sparse_control,0,1,146,50253,1,1,0.9258086085319519,1
E5_balanced_sparse_control,0,1,148,50255,1,1,0.9290592670440674,1
E5_balanced_sparse_control,0,1,152,50261,2,0,0.7754992246627808,1
E5_balanced_sparse_control,0,1,154,50263,2,0,0.07983628660440445,0
E5_balanced_sparse_control,0,1,164,50273,1,1,0.9243008494377136,1
E5_balanced_sparse_control,0,1,184,50302,1,1,0.9285210967063904,1
E5_balanced_sparse_control,0,1,202,50333,2,0,0.0927477553486824,0
E5_balanced_sparse_control,0,1,204,50335,2,0,0.07737293094396591,0
E5_balanced_sparse_control,0,1,210,50341,2,0,0.07964326441287994,0
E5_balanced_sparse_control,0,1,223,50354,2,0,0.09883258491754532,0
E5_balanced_sparse_control,0,1,241,50373,2,0,0.22232306003570557,0
E5_balanced_sparse_control,0,1,266,50410,1,1,0.926967203617096,1
E5_balanced_sparse_control,0,1,271,50415,2,0,0.12968258559703827,0
E5_balanced_sparse_control,0,1,275,50419,2,0,0.07890138775110245,0
E5_balanced_sparse_control,0,1,278,50424,2,0,0.07756756991147995,0
E5_balanced_sparse_control,0,1,286,50436,2,0,0.8938411474227905,1
E5_balanced_sparse_control,0,1,292,50442,2,0,0.08738377690315247,0
E5_balanced_sparse_control,0,1,302,50466,2,0,0.07948072999715805,0
E5_balanced_sparse_control,0,1,303,50467,2,0,0.27731117606163025,0
E5_balanced_sparse_control,0,1,323,50498,1,1,0.9237363934516907,1
E5_balanced_sparse_control,0,1,326,50501,1,1,0.926645040512085,1
E5_balanced_sparse_control,0,1,346,50529,1,1,0.9270970821380615,1
E5_balanced_sparse_control,0,1,349,50532,1,1,0.9255908727645874,1
E5_balanced_sparse_control,0,1,352,50555,2,0,0.07736609131097794,0
E5_balanced_sparse_control,0,1,353,50557,2,0,0.07771996408700943,0
E5_balanced_sparse_control,0,1,360,50570,2,0,0.07901079207658768,0
E5_balanced_sparse_control,0,1,390,50628,1,1,0.9276654720306396,1
E5_balanced_sparse_control,0,1,397,50656,2,0,0.15397904813289642,0
E5_balanced_sparse_control,0,1,405,50686,1,1,0.9270772933959961,1
E5_balanced_sparse_control,0,1,408,50689,1,1,0.9290221929550171,1
E5_balanced_sparse_control,0,1,430,50722,2,0,0.08072894811630249,0
E5_balanced_sparse_control,0,1,435,50728,2,0,0.9148731231689453,1
E5_balanced_sparse_control,0,1,446,50743,1,1,0.9285111427307129,1
E5_balanced_sparse_control,0,1,451,50750,1,1,0.9289335608482361,1
E5_balanced_sparse_control,0,1,475,50798,1,1,0.09555047005414963,0
E5_balanced_sparse_control,0,1,476,50799,1,1,0.9287551641464233,1
E5_balanced_sparse_control,0,1,481,50812,2,0,0.08180729299783707,0
E5_balanced_sparse_control,0,1,490,50824,1,1,0.38757839798927307,0
E5_balanced_sparse_control,0,1,511,50976,1,1,0.9290927052497864,1
E5_balanced_sparse_control,0,1,522,50988,1,1,0.928617537021637,1
E5_balanced_sparse_control,0,1,525,50991,1,1,0.6072955131530762,1
E5_balanced_sparse_control,0,1,537,51006,1,1,0.9289351105690002,1
E5_balanced_sparse_control,0,1,541,51010,1,1,0.8513895273208618,1
E5_balanced_sparse_control,0,1,557,51027,1,1,0.9184893369674683,1
E5_balanced_sparse_control,0,1,559,51029,1,1,0.7225363254547119,1
E5_balanced_sparse_control,0,1,579,51052,2,0,0.08758530765771866,0
E5_balanced_sparse_control,0,1,584,51057,2,0,0.09010906517505646,0
E5_balanced_sparse_control,0,1,633,51109,2,0,0.0840243548154831,0
E5_balanced_sparse_control,0,1,636,51112,2,0,0.0933910682797432,0
E5_balanced_sparse_control,0,1,648,51129,2,0,0.08733662217855453,0
E5_balanced_sparse_control,0,1,655,51136,2,0,0.41569533944129944,0
E5_balanced_sparse_control,0,1,670,51154,2,0,0.085523821413517,0
E5_balanced_sparse_control,0,1,692,51187,2,0,0.08117039501667023,0
E5_balanced_sparse_control,0,1,695,51192,2,0,0.07715193927288055,0
E5_balanced_sparse_control,0,1,696,51194,2,0,0.9163917303085327,1
E5_balanced_sparse_control,0,1,727,51234,1,1,0.9243068099021912,1
E5_balanced_sparse_control,0,1,732,51240,1,1,0.9276272058486938,1
E5_balanced_sparse_control,0,1,762,51281,2,0,0.0912490114569664,0
E5_balanced_sparse_control,0,1,765,51293,1,1,0.9287458062171936,1
E5_balanced_sparse_control,0,1,766,51294,1,1,0.724323034286499,1
E5_balanced_sparse_control,0,1,779,51308,2,0,0.09272007644176483,0
E5_balanced_sparse_control,0,1,795,51330,1,1,0.9290738701820374,1
E5_balanced_sparse_control,0,1,798,51333,2,0,0.07744577527046204,0
E5_balanced_sparse_control,0,1,825,51369,2,0,0.116566963493824,0
E5_balanced_sparse_control,0,1,828,51461,1,1,0.928817629814148,1
E5_balanced_sparse_control,0,1,839,51487,2,0,0.2785094678401947,0
E5_balanced_sparse_control,0,1,854,51568,2,0,0.14338991045951843,0
E5_balanced_sparse_control,0,1,862,51578,1,1,0.9290916919708252,1
E5_balanced_sparse_control,0,2,2,50005,1,1,0.9299644827842712,1
E5_balanced_sparse_control,0,2,3,50006,1,1,0.9338220953941345,1
E5_balanced_sparse_control,0,2,4,50007,1,1,0.9316065311431885,1
E5_balanced_sparse_control,0,2,20,50028,1,1,0.9347644448280334,1
E5_balanced_sparse_control,0,2,27,50036,2,0,0.09014938026666641,0
E5_balanced_sparse_control,0,2,35,50044,2,0,0.09423435479402542,0
E5_balanced_sparse_control,0,2,45,50054,2,0,0.9342648386955261,1
E5_balanced_sparse_control,0,2,57,50111,2,0,0.09028680622577667,0
E5_balanced_sparse_control,0,2,61,50115,2,0,0.09727638214826584,0
E5_balanced_sparse_control,0,2,69,50125,1,1,0.93485027551651,1
E5_balanced_sparse_control,0,2,79,50143,1,1,0.9338207840919495,1
E5_balanced_sparse_control,0,2,87,50152,1,1,0.9348574876785278,1
E5_balanced_sparse_control,0,2,116,50199,2,0,0.08935389667749405,0
E5_balanced_sparse_control,0,2,122,50205,2,0,0.08862375468015671,0
E5_balanced_sparse_control,0,2,130,50232,1,1,0.9326309561729431,1
E5_balanced_sparse_control,0,2,133,50236,1,1,0.9343365430831909,1
E5_balanced_sparse_control,0,2,147,50254,1,1,0.9346932172775269,1
E5_balanced_sparse_control,0,2,162,50271,2,0,0.09246644377708435,0
E5_balanced_sparse_control,0,2,170,50284,1,1,0.9116583466529846,1
E5_balanced_sparse_control,0,2,171,50285,1,1,0.08832725882530212,0
E5_balanced_sparse_control,0,2,183,50301,1,1,0.9309415221214294,1
E5_balanced_sparse_control,0,2,192,50319,1,1,0.9348554015159607,1
E5_balanced_sparse_control,0,2,197,50327,2,0,0.11127308756113052,0
E5_balanced_sparse_control,0,2,217,50348,2,0,0.16769000887870789,0
E5_balanced_sparse_control,0,2,218,50349,2,0,0.09993785619735718,0
E5_balanced_sparse_control,0,2,222,50353,2,0,0.19813552498817444,0
E5_balanced_sparse_control,0,2,232,50363,2,0,0.2905707359313965,0
E5_balanced_sparse_control,0,2,234,50365,2,0,0.08833127468824387,0
E5_balanced_sparse_control,0,2,257,50397,1,1,0.9348250031471252,1
E5_balanced_sparse_control,0,2,270,50414,2,0,0.8081508278846741,1
E5_balanced_sparse_control,0,2,282,50428,2,0,0.08981901407241821,0
E5_balanced_sparse_control,0,2,283,50433,2,0,0.09303309768438339,0
E5_balanced_sparse_control,0,2,294,50444,2,0,0.3973734676837921,0
E5_balanced_sparse_control,0,2,307,50477,1,1,0.9348332285881042,1
E5_balanced_sparse_control,0,2,316,50490,1,1,0.9344305992126465,1
E5_balanced_sparse_control,0,2,357,50565,2,0,0.2812340557575226,0
E5_balanced_sparse_control,0,2,363,50573,2,0,0.11970136314630508,0
E5_balanced_sparse_control,0,2,364,50574,2,0,0.1164230927824974,0
E5_balanced_sparse_control,0,2,372,50604,1,1,0.9346482157707214,1
E5_balanced_sparse_control,0,2,381,50619,1,1,0.9343375563621521,1
E5_balanced_sparse_control,0,2,385,50623,1,1,0.9347284436225891,1
E5_balanced_sparse_control,0,2,394,50648,1,1,0.12497341632843018,0
E5_balanced_sparse_control,0,2,399,50664,2,0,0.10905572026968002,0
E5_balanced_sparse_control,0,2,407,50688,2,0,0.3375367820262909,0
E5_balanced_sparse_control,0,2,410,50691,2,0,0.08921978622674942,0
E5_balanced_sparse_control,0,2,417,50698,2,0,0.8501992225646973,1
E5_balanced_sparse_control,0,2,426,50707,2,0,0.08817107230424881,0
E5_balanced_sparse_control,0,2,450,50749,1,1,0.9348477125167847,1
E5_balanced_sparse_control,0,2,453,50752,1,1,0.9298299551010132,1
E5_balanced_sparse_control,0,2,462,50776,2,0,0.08897125720977783,0
E5_balanced_sparse_control,0,2,465,50780,2,0,0.29911234974861145,0
E5_balanced_sparse_control,0,2,478,50801,1,1,0.9296568632125854,1
E5_balanced_sparse_control,0,2,489,50823,1,1,0.9286766648292542,1
E5_balanced_sparse_control,0,2,513,50978,1,1,0.9319469928741455,1
E5_balanced_sparse_control,0,2,528,50994,1,1,0.9324259757995605,1
E5_balanced_sparse_control,0,2,535,51002,1,1,0.9322735667228699,1
E5_balanced_sparse_control,0,2,543,51012,1,1,0.9347133040428162,1
E5_balanced_sparse_control,0,2,544,51013,1,1,0.9229508638381958,1
E5_balanced_sparse_control,0,2,546,51015,1,1,0.14972186088562012,0
E5_balanced_sparse_control,0,2,553,51023,1,1,0.9301530122756958,1
E5_balanced_sparse_control,0,2,558,51028,1,1,0.9331453442573547,1
E5_balanced_sparse_control,0,2,568,51040,2,0,0.102907195687294,0
E5_balanced_sparse_control,0,2,572,51045,2,0,0.10119237005710602,0
E5_balanced_sparse_control,0,2,585,51058,2,0,0.09200755506753922,0
E5_balanced_sparse_control,0,2,592,51065,2,0,0.093805693089962,0
E5_balanced_sparse_control,0,2,596,51069,2,0,0.09964552521705627,0
E5_balanced_sparse_control,0,2,612,51086,2,0,0.10146700590848923,0
E5_balanced_sparse_control,0,2,629,51104,2,0,0.09105001389980316,0
E5_balanced_sparse_control,0,2,642,51122,2,0,0.09987873584032059,0
E5_balanced_sparse_control,0,2,645,51126,2,0,0.10283702611923218,0
E5_balanced_sparse_control,0,2,646,51127,2,0,0.9189702868461609,1
E5_balanced_sparse_control,0,2,651,51132,2,0,0.08881910145282745,0
E5_balanced_sparse_control,0,2,681,51171,1,1,0.9287991523742676,1
E5_balanced_sparse_control,0,2,683,51177,1,1,0.9348607063293457,1
E5_balanced_sparse_control,0,2,690,51184,2,0,0.5515213012695312,1
E5_balanced_sparse_control,0,2,691,51185,2,0,0.8772625923156738,1
E5_balanced_sparse_control,0,2,718,51222,1,1,0.08948846906423569,0
E5_balanced_sparse_control,0,2,722,51226,1,1,0.09109397977590561,0
E5_balanced_sparse_control,0,2,728,51235,1,1,0.933951199054718,1
E5_balanced_sparse_control,0,2,742,51256,2,0,0.09407387673854828,0
E5_balanced_sparse_control,0,2,753,51271,2,0,0.10040402412414551,0
E5_balanced_sparse_control,0,2,793,51328,1,1,0.9339582920074463,1
E5_balanced_sparse_control,0,2,820,51361,2,0,0.08822202682495117,0
E5_balanced_sparse_control,0,2,824,51365,2,0,0.0943058505654335,0
E5_balanced_sparse_control,0,2,832,51473,1,1,0.7206961512565613,1
E5_balanced_sparse_control,0,2,840,51488,2,0,0.23007044196128845,0
E5_balanced_sparse_control,0,2,869,51606,1,1,0.13734185695648193,0
E5_balanced_sparse_control,0,3,21,50030,2,0,0.5607823729515076,1
E5_balanced_sparse_control,0,3,32,50041,2,0,0.07283195108175278,0
E5_balanced_sparse_control,0,3,34,50043,2,0,0.19414827227592468,0
E5_balanced_sparse_control,0,3,37,50046,2,0,0.07102669030427933,0
E5_balanced_sparse_control,0,3,70,50127,1,1,0.15143822133541107,0
E5_balanced_sparse_control,0,3,74,50131,1,1,0.7577565312385559,1
E5_balanced_sparse_control,0,3,86,50150,1,1,0.7082005143165588,1
E5_balanced_sparse_control,0,3,100,50169,2,0,0.07190640270709991,0
E5_balanced_sparse_control,0,3,119,50202,2,0,0.0714401975274086,0
E5_balanced_sparse_control,0,3,151,50260,2,0,0.07098088413476944,0
E5_balanced_sparse_control,0,3,159,50268,2,0,0.07237648963928223,0
E5_balanced_sparse_control,0,3,160,50269,2,0,0.121770478785038,0
E5_balanced_sparse_control,0,3,163,50272,1,1,0.882533609867096,1
E5_balanced_sparse_control,0,3,181,50298,1,1,0.6494919061660767,1
E5_balanced_sparse_control,0,3,187,50310,1,1,0.8011594414710999,1
E5_balanced_sparse_control,0,3,207,50338,2,0,0.07136727124452591,0
E5_balanced_sparse_control,0,3,258,50399,1,1,0.6049586534500122,1
E5_balanced_sparse_control,0,3,262,50405,1,1,0.8827118277549744,1
E5_balanced_sparse_control,0,3,264,50407,1,1,0.8824562430381775,1
E5_balanced_sparse_control,0,3,284,50434,2,0,0.071010060608387,0
E5_balanced_sparse_control,0,3,287,50437,2,0,0.8613839149475098,1
E5_balanced_sparse_control,0,3,297,50447,2,0,0.34765082597732544,0
E5_balanced_sparse_control,0,3,310,50482,1,1,0.8778054714202881,1
E5_balanced_sparse_control,0,3,319,50493,1,1,0.8721818923950195,1
E5_balanced_sparse_control,0,3,327,50502,1,1,0.8793540000915527,1
E5_balanced_sparse_control,0,3,329,50504,1,1,0.8767799139022827,1
E5_balanced_sparse_control,0,3,333,50514,1,1,0.7754496932029724,1
E5_balanced_sparse_control,0,3,335,50516,1,1,0.8651284575462341,1
E5_balanced_sparse_control,0,3,337,50519,1,1,0.8768511414527893,1
E5_balanced_sparse_control,0,3,368,50578,2,0,0.7709379196166992,1
E5_balanced_sparse_control,0,3,370,50602,1,1,0.8718079924583435,1
E5_balanced_sparse_control,0,3,371,50603,1,1,0.8819222450256348,1
E5_balanced_sparse_control,0,3,379,50615,1,1,0.8805954456329346,1
E5_balanced_sparse_control,0,3,411,50692,2,0,0.07099480926990509,0
E5_balanced_sparse_control,0,3,425,50706,2,0,0.07428982853889465,0
E5_balanced_sparse_control,0,3,434,50726,2,0,0.07775676995515823,0
E5_balanced_sparse_control,0,3,439,50735,2,0,0.07322679460048676,0
E5_balanced_sparse_control,0,3,444,50741,2,0,0.08271431922912598,0
E5_balanced_sparse_control,0,3,456,50756,1,1,0.8789159655570984,1
E5_balanced_sparse_control,0,3,457,50757,1,1,0.5155810117721558,1
E5_balanced_sparse_control,0,3,497,50959,1,1,0.7383763194084167,1
E5_balanced_sparse_control,0,3,499,50961,1,1,0.3665652573108673,0
E5_balanced_sparse_control,0,3,502,50965,1,1,0.8738622069358826,1
E5_balanced_sparse_control,0,3,507,50970,1,1,0.8785565495491028,1
E5_balanced_sparse_control,0,3,514,50979,1,1,0.47152212262153625,0
E5_balanced_sparse_control,0,3,539,51008,1,1,0.14547117054462433,0
E5_balanced_sparse_control,0,3,562,51033,1,1,0.721748948097229,1
E5_balanced_sparse_control,0,3,576,51049,2,0,0.0750495120882988,0
E5_balanced_sparse_control,0,3,589,51062,2,0,0.07781435549259186,0
E5_balanced_sparse_control,0,3,605,51079,2,0,0.677580714225769,1
E5_balanced_sparse_control,0,3,622,51097,2,0,0.08104732632637024,0
E5_balanced_sparse_control,0,3,626,51101,2,0,0.071186862885952,0
E5_balanced_sparse_control,0,3,640,51117,2,0,0.07435312122106552,0
E5_balanced_sparse_control,0,3,661,51142,2,0,0.0710233524441719,0
E5_balanced_sparse_control,0,3,662,51146,2,0,0.07431841641664505,0
E5_balanced_sparse_control,0,3,669,51153,2,0,0.07236525416374207,0
E5_balanced_sparse_control,0,3,676,51163,1,1,0.26066941022872925,0
E5_balanced_sparse_control,0,3,678,51168,1,1,0.27094024419784546,0
E5_balanced_sparse_control,0,3,686,51180,2,0,0.07130894809961319,0
E5_balanced_sparse_control,0,3,688,51182,2,0,0.0709822028875351,0
E5_balanced_sparse_control,0,3,709,51212,1,1,0.8708806037902832,1
E5_balanced_sparse_control,0,3,710,51214,1,1,0.882723867893219,1
E5_balanced_sparse_control,0,3,713,51217,1,1,0.08964961022138596,0
E5_balanced_sparse_control,0,3,714,51218,1,1,0.8643291592597961,1
E5_balanced_sparse_control,0,3,716,51220,1,1,0.8695756196975708,1
E5_balanced_sparse_control,0,3,723,51228,1,1,0.8808766603469849,1
E5_balanced_sparse_control,0,3,737,51251,2,0,0.45345938205718994,0
E5_balanced_sparse_control,0,3,739,51253,2,0,0.09837709367275238,0
E5_balanced_sparse_control,0,3,745,51261,2,0,0.07378269731998444,0
E5_balanced_sparse_control,0,3,747,51264,2,0,0.0983523279428482,0
E5_balanced_sparse_control,0,3,754,51272,2,0,0.1975475400686264,0
E5_balanced_sparse_control,0,3,755,51273,2,0,0.8254501819610596,1
E5_balanced_sparse_control,0,3,756,51275,2,0,0.07127221673727036,0
E5_balanced_sparse_control,0,3,780,51309,2,0,0.8785454034805298,1
E5_balanced_sparse_control,0,3,786,51320,1,1,0.8758078217506409,1
E5_balanced_sparse_control,0,3,791,51326,1,1,0.8500073552131653,1
E5_balanced_sparse_control,0,3,800,51335,2,0,0.08177285641431808,0
E5_balanced_sparse_control,0,3,806,51342,2,0,0.12199261039495468,0
E5_balanced_sparse_control,0,3,819,51360,2,0,0.0737065002322197,0
E5_balanced_sparse_control,0,3,831,51465,1,1,0.8821621537208557,1
E5_balanced_sparse_control,0,3,834,51479,2,0,0.0709727555513382,0
E5_balanced_sparse_control,0,3,836,51481,2,0,0.07129271328449249,0
E5_balanced_sparse_control,0,3,842,51493,2,0,0.0862535908818245,0
E5_balanced_sparse_control,0,3,852,51566,2,0,0.07263291627168655,0
E5_balanced_sparse_control,0,3,853,51567,2,0,0.07098004966974258,0
E5_balanced_sparse_control,0,3,857,51572,1,1,0.8803704380989075,1
E5_balanced_sparse_control,0,3,868,51585,1,1,0.8803711533546448,1
E5_balanced_sparse_control,0,4,8,50012,1,1,0.710845410823822,1
E5_balanced_sparse_control,0,4,13,50020,1,1,0.816450297832489,1
E5_balanced_sparse_control,0,4,17,50025,1,1,0.7918412685394287,1
E5_balanced_sparse_control,0,4,29,50038,2,0,0.19568021595478058,0
E5_balanced_sparse_control,0,4,33,50042,2,0,0.21103139221668243,0
E5_balanced_sparse_control,0,4,43,50052,2,0,0.2660199701786041,0
E5_balanced_sparse_control,0,4,46,50056,1,1,0.8167973160743713,1
E5_balanced_sparse_control,0,4,55,50107,2,0,0.33212578296661377,0
E5_balanced_sparse_control,0,4,56,50109,2,0,0.20722535252571106,0
E5_balanced_sparse_control,0,4,58,50112,2,0,0.19901202619075775,0
E5_balanced_sparse_control,0,4,66,50121,1,1,0.8158223628997803,1
E5_balanced_sparse_control,0,4,72,50129,1,1,0.8164099454879761,1
E5_balanced_sparse_control,0,4,88,50153,1,1,0.6684994697570801,1
E5_balanced_sparse_control,0,4,99,50168,2,0,0.19622230529785156,0
E5_balanced_sparse_control,0,4,103,50182,1,1,0.7847729921340942,1
E5_balanced_sparse_control,0,4,106,50186,1,1,0.5999782085418701,1
E5_balanced_sparse_control,0,4,109,50189,1,1,0.7787112593650818,1
E5_balanced_sparse_control,0,4,113,50195,2,0,0.19548846781253815,0
E5_balanced_sparse_control,0,4,126,50213,2,0,0.1958903819322586,0
E5_balanced_sparse_control,0,4,135,50239,1,1,0.8047908544540405,1
E5_balanced_sparse_control,0,4,144,50251,1,1,0.42426618933677673,0
E5_balanced_sparse_control,0,4,158,50267,2,0,0.19558589160442352,0
E5_balanced_sparse_control,0,4,172,50287,1,1,0.23542442917823792,0
E5_balanced_sparse_control,0,4,175,50291,1,1,0.40735524892807007,0
E5_balanced_sparse_control,0,4,200,50331,2,0,0.20365597307682037,0
E5_balanced_sparse_control,0,4,211,50342,2,0,0.2170410454273224,0
E5_balanced_sparse_control,0,4,230,50361,2,0,0.19781571626663208,0
E5_balanced_sparse_control,0,4,231,50362,2,0,0.19640304148197174,0
E5_balanced_sparse_control,0,4,236,50367,2,0,0.19568009674549103,0
E5_balanced_sparse_control,0,4,243,50375,2,0,0.1980375051498413,0
E5_balanced_sparse_control,0,4,244,50376,2,0,0.2051670104265213,0
E5_balanced_sparse_control,0,4,263,50406,1,1,0.8147962689399719,1
E5_balanced_sparse_control,0,4,280,50426,2,0,0.19550347328186035,0
E5_balanced_sparse_control,0,4,288,50438,2,0,0.19721265137195587,0
E5_balanced_sparse_control,0,4,306,50470,2,0,0.3022960424423218,0
E5_balanced_sparse_control,0,4,328,50503,1,1,0.8085779547691345,1
E5_balanced_sparse_control,0,4,339,50521,1,1,0.7273038029670715,1
E5_balanced_sparse_control,0,4,341,50524,1,1,0.8073015213012695,1
E5_balanced_sparse_control,0,4,345,50528,1,1,0.8116472363471985,1
E5_balanced_sparse_control,0,4,348,50531,1,1,0.6809535026550293,1
E5_balanced_sparse_control,0,4,351,50552,2,0,0.3013554513454437,0
E5_balanced_sparse_control,0,4,386,50624,1,1,0.8157729506492615,1
E5_balanced_sparse_control,0,4,412,50693,1,1,0.3578849136829376,0
E5_balanced_sparse_control,0,4,416,50697,1,1,0.6940301656723022,1
E5_balanced_sparse_control,0,4,436,50730,2,0,0.22119629383087158,0
E5_balanced_sparse_control,0,4,441,50738,2,0,0.1960482895374298,0
E5_balanced_sparse_control,0,4,445,50742,2,0,0.19908273220062256,0
E5_balanced_sparse_control,0,4,455,50755,1,1,0.8168026208877563,1
E5_balanced_sparse_control,0,4,460,50774,2,0,0.19665449857711792,0
E5_balanced_sparse_control,0,4,461,50775,2,0,0.1982957124710083,0
E5_balanced_sparse_control,0,4,467,50782,2,0,0.19702139496803284,0
E5_balanced_sparse_control,0,4,496,50958,1,1,0.7849903702735901,1
E5_balanced_sparse_control,0,4,498,50960,1,1,0.7706499695777893,1
E5_balanced_sparse_control,0,4,508,50972,1,1,0.815105676651001,1
E5_balanced_sparse_control,0,4,509,50973,1,1,0.7580598592758179,1
E5_balanced_sparse_control,0,4,510,50974,1,1,0.8163948655128479,1
E5_balanced_sparse_control,0,4,516,50982,1,1,0.26423588395118713,0
E5_balanced_sparse_control,0,4,527,50993,1,1,0.8106520175933838,1
E5_balanced_sparse_control,0,4,551,51020,1,1,0.721390426158905,1
E5_balanced_sparse_control,0,4,555,51025,1,1,0.8165683150291443,1
E5_balanced_sparse_control,0,4,566,51038,2,0,0.20181721448898315,0
E5_balanced_sparse_control,0,4,577,51050,2,0,0.19722236692905426,0
E5_balanced_sparse_control,0,4,586,51059,2,0,0.19802603125572205,0
E5_balanced_sparse_control,0,4,599,51073,2,0,0.19724297523498535,0
E5_balanced_sparse_control,0,4,606,51080,2,0,0.7315120697021484,1
E5_balanced_sparse_control,0,4,607,51081,2,0,0.19724760949611664,0
E5_balanced_sparse_control,0,4,616,51090,2,0,0.1957128643989563,0
E5_balanced_sparse_control,0,4,619,51094,2,0,0.19681094586849213,0
E5_balanced_sparse_control,0,4,631,51106,2,0,0.19547735154628754,0
E5_balanced_sparse_control,0,4,632,51107,2,0,0.7477946877479553,1
E5_balanced_sparse_control,0,4,657,51138,2,0,0.19898714125156403,0
E5_balanced_sparse_control,0,4,658,51139,2,0,0.1955273151397705,0
E5_balanced_sparse_control,0,4,664,51148,2,0,0.1966794729232788,0
E5_balanced_sparse_control,0,4,665,51149,2,0,0.20647777616977692,0
E5_balanced_sparse_control,0,4,693,51188,2,0,0.20035815238952637,0
E5_balanced_sparse_control,0,4,697,51197,2,0,0.19964204728603363,0
E5_balanced_sparse_control,0,4,698,51198,2,0,0.21254855394363403,0
E5_balanced_sparse_control,0,4,700,51202,1,1,0.814595639705658,1
E5_balanced_sparse_control,0,4,701,51203,1,1,0.8160659670829773,1
E5_balanced_sparse_control,0,4,703,51205,1,1,0.8134204149246216,1
E5_balanced_sparse_control,0,4,730,51237,1,1,0.814497709274292,1
E5_balanced_sparse_control,0,4,735,51249,1,1,0.8164408206939697,1
E5_balanced_sparse_control,0,4,767,51295,1,1,0.8159794211387634,1
E5_balanced_sparse_control,0,4,772,51301,1,1,0.2929183542728424,0
E5_balanced_sparse_control,0,4,776,51305,2,0,0.6039144396781921,1
E5_balanced_sparse_control,0,4,845,51558,2,0,0.19550204277038574,0
E5_balanced_sparse_control,0,4,851,51565,2,0,0.23537801206111908,0
E5_balanced_sparse_control,0,5,0,50003,1,1,0.2178427278995514,0
E5_balanced_sparse_control,0,5,6,50010,1,1,0.888873815536499,1
E5_balanced_sparse_control,0,5,18,50026,1,1,0.6855635046958923,1
E5_balanced_sparse_control,0,5,19,50027,1,1,0.08584962785243988,0
E5_balanced_sparse_control,0,5,50,50102,2,0,0.091441310942173,0
E5_balanced_sparse_control,0,5,64,50118,1,1,0.878906786441803,1
E5_balanced_sparse_control,0,5,77,50135,1,1,0.8327306509017944,1
E5_balanced_sparse_control,0,5,78,50142,1,1,0.8874910473823547,1
E5_balanced_sparse_control,0,5,81,50145,1,1,0.21424166858196259,0
E5_balanced_sparse_control,0,5,98,50167,2,0,0.09531179815530777,0
E5_balanced_sparse_control,0,5,112,50194,2,0,0.09992504119873047,0
E5_balanced_sparse_control,0,5,125,50210,2,0,0.08619373291730881,0
E5_balanced_sparse_control,0,5,128,50215,2,0,0.0852925181388855,0
E5_balanced_sparse_control,0,5,142,50249,1,1,0.8859675526618958,1
E5_balanced_sparse_control,0,5,143,50250,1,1,0.10782992839813232,0
E5_balanced_sparse_control,0,5,157,50266,2,0,0.08625141531229019,0
E5_balanced_sparse_control,0,5,161,50270,2,0,0.08519687503576279,0
E5_balanced_sparse_control,0,5,167,50276,1,1,0.886644721031189,1
E5_balanced_sparse_control,0,5,198,50329,2,0,0.2381913810968399,0
E5_balanced_sparse_control,0,5,205,50336,2,0,0.158588245511055,0
E5_balanced_sparse_control,0,5,220,50351,2,0,0.09488771110773087,0
E5_balanced_sparse_control,0,5,221,50352,2,0,0.20202471315860748,0
E5_balanced_sparse_control,0,5,226,50357,2,0,0.09182873368263245,0
E5_balanced_sparse_control,0,5,227,50358,2,0,0.24410036206245422,0
E5_balanced_sparse_control,0,5,249,50382,2,0,0.08576047420501709,0
E5_balanced_sparse_control,0,5,250,50383,2,0,0.09766338020563126,0
E5_balanced_sparse_control,0,5,267,50411,1,1,0.8875002264976501,1
E5_balanced_sparse_control,0,5,277,50422,2,0,0.5391660928726196,1
E5_balanced_sparse_control,0,5,305,50469,2,0,0.08612263947725296,0
E5_balanced_sparse_control,0,5,318,50492,1,1,0.8700488209724426,1
E5_balanced_sparse_control,0,5,321,50496,1,1,0.7576666474342346,1
E5_balanced_sparse_control,0,5,336,50518,1,1,0.8675509095191956,1
E5_balanced_sparse_control,0,5,367,50577,2,0,0.08629745244979858,0
E5_balanced_sparse_control,0,5,373,50606,1,1,0.8385545015335083,1
E5_balanced_sparse_control,0,5,383,50621,1,1,0.7162787318229675,1
E5_balanced_sparse_control,0,5,391,50642,1,1,0.6926797032356262,1
E5_balanced_sparse_control,0,5,433,50725,2,0,0.08626782894134521,0
E5_balanced_sparse_control,0,5,469,50786,2,0,0.18741662800312042,0
E5_balanced_sparse_control,0,5,471,50791,1,1,0.5262379050254822,1
E5_balanced_sparse_control,0,5,500,50962,1,1,0.3384615480899811,0
E5_balanced_sparse_control,0,5,504,50967,1,1,0.7247861623764038,1
E5_balanced_sparse_control,0,5,529,50995,1,1,0.8775273561477661,1
E5_balanced_sparse_control,0,5,533,51000,1,1,0.8897714018821716,1
E5_balanced_sparse_control,0,5,556,51026,1,1,0.8893988728523254,1
E5_balanced_sparse_control,0,5,560,51030,1,1,0.8716734647750854,1
E5_balanced_sparse_control,0,5,567,51039,2,0,0.0880759209394455,0
E5_balanced_sparse_control,0,5,570,51042,2,0,0.08651600778102875,0
E5_balanced_sparse_control,0,5,574,51047,2,0,0.08559826016426086,0
E5_balanced_sparse_control,0,5,597,51070,2,0,0.12297262996435165,0
E5_balanced_sparse_control,0,5,601,51075,2,0,0.09775807708501816,0
E5_balanced_sparse_control,0,5,621,51096,2,0,0.0937652438879013,0
E5_balanced_sparse_control,0,5,624,51099,2,0,0.08680897206068039,0
E5_balanced_sparse_control,0,5,625,51100,2,0,0.08619260042905807,0
E5_balanced_sparse_control,0,5,628,51103,2,0,0.20272397994995117,0
E5_balanced_sparse_control,0,5,643,51123,2,0,0.10810373723506927,0
E5_balanced_sparse_control,0,5,647,51128,2,0,0.08521359413862228,0
E5_balanced_sparse_control,0,5,650,51131,2,0,0.10170280933380127,0
E5_balanced_sparse_control,0,5,654,51135,2,0,0.13510245084762573,0
E5_balanced_sparse_control,0,5,656,51137,2,0,0.0852130874991417,0
E5_balanced_sparse_control,0,5,659,51140,2,0,0.0860275998711586,0
E5_balanced_sparse_control,0,5,671,51155,2,0,0.08528876304626465,0
E5_balanced_sparse_control,0,5,674,51161,1,1,0.7441611886024475,1
E5_balanced_sparse_control,0,5,680,51170,1,1,0.11498921364545822,0
E5_balanced_sparse_control,0,5,702,51204,1,1,0.8748345971107483,1
E5_balanced_sparse_control,0,5,733,51241,1,1,0.5422742962837219,1
E5_balanced_sparse_control,0,5,734,51248,1,1,0.8892162442207336,1
E5_balanced_sparse_control,0,5,741,51255,2,0,0.08620869368314743,0
E5_balanced_sparse_control,0,5,748,51265,2,0,0.08542612940073013,0
E5_balanced_sparse_control,0,5,749,51266,2,0,0.8854656219482422,1
E5_balanced_sparse_control,0,5,757,51276,2,0,0.08749662339687347,0
E5_balanced_sparse_control,0,5,758,51277,2,0,0.08622715622186661,0
E5_balanced_sparse_control,0,5,761,51280,2,0,0.08760568499565125,0
E5_balanced_sparse_control,0,5,764,51292,1,1,0.8864749670028687,1
E5_balanced_sparse_control,0,5,768,51297,1,1,0.8889153003692627,1
E5_balanced_sparse_control,0,5,785,51319,1,1,0.8852009773254395,1
E5_balanced_sparse_control,0,5,789,51323,1,1,0.8678467273712158,1
E5_balanced_sparse_control,0,5,796,51331,1,1,0.8335176706314087,1
E5_balanced_sparse_control,0,5,797,51332,2,0,0.08724552392959595,0
E5_balanced_sparse_control,0,5,804,51340,2,0,0.0959029495716095,0
E5_balanced_sparse_control,0,5,807,51343,2,0,0.09430355578660965,0
E5_balanced_sparse_control,0,5,808,51344,2,0,0.08891141414642334,0
E5_balanced_sparse_control,0,5,814,51351,1,1,0.23814186453819275,0
E5_balanced_sparse_control,0,5,829,51463,1,1,0.6567345261573792,1
E5_balanced_sparse_control,0,5,846,51559,2,0,0.08542244136333466,0
E5_balanced_sparse_control,0,5,864,51580,1,1,0.568716287612915,1
E5_balanced_sparse_control,0,5,867,51584,1,1,0.8683983087539673,1
E5_balanced_sparse_control,0,5,870,51607,1,1,0.2969173491001129,0
E5_balanced_sparse_control,0,6,7,50011,1,1,0.8499860167503357,1
E5_balanced_sparse_control,0,6,12,50016,1,1,0.8549029231071472,1
E5_balanced_sparse_control,0,6,22,50031,2,0,0.09157898277044296,0
E5_balanced_sparse_control,0,6,25,50034,2,0,0.09130461513996124,0
E5_balanced_sparse_control,0,6,28,50037,2,0,0.09528796374797821,0
E5_balanced_sparse_control,0,6,30,50039,2,0,0.6864808797836304,1
E5_balanced_sparse_control,0,6,31,50040,2,0,0.09846740961074829,0
E5_balanced_sparse_control,0,6,38,50047,2,0,0.09559615701436996,0
E5_balanced_sparse_control,0,6,51,50103,2,0,0.2613927125930786,0
E5_balanced_sparse_control,0,6,60,50114,2,0,0.0925421416759491,0
E5_balanced_sparse_control,0,6,68,50124,1,1,0.794317364692688,1
E5_balanced_sparse_control,0,6,71,50128,1,1,0.8547875285148621,1
E5_balanced_sparse_control,0,6,76,50134,1,1,0.8317648768424988,1
E5_balanced_sparse_control,0,6,102,50171,2,0,0.09118480980396271,0
E5_balanced_sparse_control,0,6,110,50190,1,1,0.780266523361206,1
E5_balanced_sparse_control,0,6,129,50217,2,0,0.09225405752658844,0
E5_balanced_sparse_control,0,6,137,50241,1,1,0.8463919758796692,1
E5_balanced_sparse_control,0,6,150,50259,2,0,0.09385915845632553,0
E5_balanced_sparse_control,0,6,174,50290,1,1,0.7383288741111755,1
E5_balanced_sparse_control,0,6,176,50292,1,1,0.8505308628082275,1
E5_balanced_sparse_control,0,6,179,50295,1,1,0.8499918580055237,1
E5_balanced_sparse_control,0,6,188,50312,1,1,0.7537988424301147,1
E5_balanced_sparse_control,0,6,194,50321,1,1,0.8531535267829895,1
E5_balanced_sparse_control,0,6,209,50340,2,0,0.09349698573350906,0
E5_balanced_sparse_control,0,6,212,50343,2,0,0.2979428172111511,0
E5_balanced_sparse_control,0,6,213,50344,2,0,0.09635086357593536,0
E5_balanced_sparse_control,0,6,215,50346,2,0,0.09171053767204285,0
E5_balanced_sparse_control,0,6,225,50356,2,0,0.09478772431612015,0
E5_balanced_sparse_control,0,6,240,50372,2,0,0.09228454530239105,0
E5_balanced_sparse_control,0,6,247,50380,2,0,0.13468576967716217,0
E5_balanced_sparse_control,0,6,252,50386,2,0,0.09182249009609222,0
E5_balanced_sparse_control,0,6,253,50387,2,0,0.09225359559059143,0
E5_balanced_sparse_control,0,6,255,50390,2,0,0.11771544069051743,0
E5_balanced_sparse_control,0,6,268,50412,1,1,0.8539111614227295,1
E5_balanced_sparse_control,0,6,279,50425,2,0,0.0926244705915451,0
E5_balanced_sparse_control,0,6,281,50427,2,0,0.09239993244409561,0
E5_balanced_sparse_control,0,6,308,50480,1,1,0.8559682965278625,1
E5_balanced_sparse_control,0,6,309,50481,1,1,0.8554415702819824,1
E5_balanced_sparse_control,0,6,315,50488,1,1,0.8559327721595764,1
E5_balanced_sparse_control,0,6,332,50510,1,1,0.856011688709259,1
E5_balanced_sparse_control,0,6,338,50520,1,1,0.8555198311805725,1
E5_balanced_sparse_control,0,6,342,50525,1,1,0.8282837271690369,1
E5_balanced_sparse_control,0,6,355,50561,2,0,0.0911397784948349,0
E5_balanced_sparse_control,0,6,358,50568,2,0,0.14348579943180084,0
E5_balanced_sparse_control,0,6,361,50571,2,0,0.30450984835624695,0
E5_balanced_sparse_control,0,6,369,50601,1,1,0.12504315376281738,0
E5_balanced_sparse_control,0,6,377,50613,1,1,0.8549087047576904,1
E5_balanced_sparse_control,0,6,389,50627,1,1,0.8461304306983948,1
E5_balanced_sparse_control,0,6,403,50683,2,0,0.09115675091743469,0
E5_balanced_sparse_control,0,6,409,50690,1,1,0.0911337360739708,0
E5_balanced_sparse_control,0,6,413,50694,1,1,0.8474889397621155,1
E5_balanced_sparse_control,0,6,415,50696,1,1,0.8555455803871155,1
E5_balanced_sparse_control,0,6,419,50700,1,1,0.8555184602737427,1
E5_balanced_sparse_control,0,6,422,50703,2,0,0.09141068905591965,0
E5_balanced_sparse_control,0,6,437,50731,2,0,0.09190592169761658,0
E5_balanced_sparse_control,0,6,438,50733,2,0,0.09163627028465271,0
E5_balanced_sparse_control,0,6,443,50740,2,0,0.09116896241903305,0
E5_balanced_sparse_control,0,6,447,50744,1,1,0.5529248118400574,1
E5_balanced_sparse_control,0,6,449,50748,1,1,0.5449544787406921,1
E5_balanced_sparse_control,0,6,470,50790,2,0,0.09173142164945602,0
E5_balanced_sparse_control,0,6,488,50822,2,0,0.09116196632385254,0
E5_balanced_sparse_control,0,6,492,50954,1,1,0.09124739468097687,0
E5_balanced_sparse_control,0,6,495,50957,1,1,0.66387540102005,1
E5_balanced_sparse_control,0,6,505,50968,1,1,0.855995774269104,1
E5_balanced_sparse_control,0,6,517,50983,1,1,0.8333255052566528,1
E5_balanced_sparse_control,0,6,523,50989,1,1,0.8550435304641724,1
E5_balanced_sparse_control,0,6,547,51016,1,1,0.8533629775047302,1
E5_balanced_sparse_control,0,6,552,51021,1,1,0.8327562212944031,1
E5_balanced_sparse_control,0,6,580,51053,2,0,0.10134068876504898,0
E5_balanced_sparse_control,0,6,581,51054,2,0,0.09635456651449203,0
E5_balanced_sparse_control,0,6,582,51055,2,0,0.09330665320158005,0
E5_balanced_sparse_control,0,6,600,51074,2,0,0.09115822613239288,0
E5_balanced_sparse_control,0,6,615,51089,2,0,0.09946807473897934,0
E5_balanced_sparse_control,0,6,634,51110,2,0,0.09898404031991959,0
E5_balanced_sparse_control,0,6,663,51147,2,0,0.09254070371389389,0
E5_balanced_sparse_control,0,6,684,51178,1,1,0.8536348342895508,1
E5_balanced_sparse_control,0,6,699,51201,1,1,0.5655148029327393,1
E5_balanced_sparse_control,0,6,708,51211,1,1,0.16441266238689423,0
E5_balanced_sparse_control,0,6,740,51254,2,0,0.09137432277202606,0
E5_balanced_sparse_control,0,6,752,51269,2,0,0.0918860211968422,0
E5_balanced_sparse_control,0,6,760,51279,2,0,0.09336277097463608,0
E5_balanced_sparse_control,0,6,811,51347,2,0,0.09147107601165771,0
E5_balanced_sparse_control,0,6,821,51362,2,0,0.0947585329413414,0
E5_balanced_sparse_control,0,6,833,51477,2,0,0.09283339232206345,0
E5_balanced_sparse_control,0,6,843,51556,2,0,0.11004724353551865,0
E5_balanced_sparse_control,0,6,859,51574,1,1,0.8245362639427185,1
E5_balanced_sparse_control,0,6,861,51577,1,1,0.813874363899231,1
E5_balanced_sparse_control,0,7,16,50024,1,1,0.892471194267273,1
E5_balanced_sparse_control,0,7,26,50035,2,0,0.13681994378566742,0
E5_balanced_sparse_control,0,7,40,50049,2,0,0.13266733288764954,0
E5_balanced_sparse_control,0,7,54,50106,2,0,0.8512383103370667,1
E5_balanced_sparse_control,0,7,80,50144,1,1,0.8777099847793579,1
E5_balanced_sparse_control,0,7,82,50146,1,1,0.12998060882091522,0
E5_balanced_sparse_control,0,7,90,50157,2,0,0.3268876373767853,0
E5_balanced_sparse_control,0,7,91,50158,2,0,0.13192257285118103,0
E5_balanced_sparse_control,0,7,95,50162,2,0,0.1658741980791092,0
E5_balanced_sparse_control,0,7,104,50183,1,1,0.8920733332633972,1
E5_balanced_sparse_control,0,7,153,50262,2,0,0.14035315811634064,0
E5_balanced_sparse_control,0,7,156,50265,2,0,0.1428890824317932,0
E5_balanced_sparse_control,0,7,165,50274,1,1,0.8920028209686279,1
E5_balanced_sparse_control,0,7,166,50275,1,1,0.8924542665481567,1
E5_balanced_sparse_control,0,7,169,50282,1,1,0.8435295820236206,1
E5_balanced_sparse_control,0,7,178,50294,1,1,0.8923360109329224,1
E5_balanced_sparse_control,0,7,189,50314,1,1,0.8920063972473145,1
E5_balanced_sparse_control,0,7,190,50315,1,1,0.8925361633300781,1
E5_balanced_sparse_control,0,7,191,50318,1,1,0.3721029758453369,0
E5_balanced_sparse_control,0,7,208,50339,2,0,0.13235512375831604,0
E5_balanced_sparse_control,0,7,214,50345,2,0,0.18121100962162018,0
E5_balanced_sparse_control,0,7,224,50355,2,0,0.16899146139621735,0
E5_balanced_sparse_control,0,7,233,50364,2,0,0.2096477895975113,0
E5_balanced_sparse_control,0,7,245,50377,2,0,0.1299467384815216,0
E5_balanced_sparse_control,0,7,246,50379,2,0,0.1335301548242569,0
E5_balanced_sparse_control,0,7,251,50385,2,0,0.8881285786628723,1
E5_balanced_sparse_control,0,7,261,50404,1,1,0.8923456072807312,1
E5_balanced_sparse_control,0,7,276,50421,2,0,0.1300119161605835,0
E5_balanced_sparse_control,0,7,285,50435,2,0,0.1320841759443283,0
E5_balanced_sparse_control,0,7,289,50439,2,0,0.13634642958641052,0
E5_balanced_sparse_control,0,7,296,50446,2,0,0.13612596690654755,0
E5_balanced_sparse_control,0,7,298,50448,2,0,0.5371569395065308,1
E5_balanced_sparse_control,0,7,304,50468,2,0,0.16628031432628632,0
E5_balanced_sparse_control,0,7,314,50487,1,1,0.8915387988090515,1
E5_balanced_sparse_control,0,7,325,50500,1,1,0.889720618724823,1
E5_balanced_sparse_control,0,7,350,50551,2,0,0.13365109264850616,0
E5_balanced_sparse_control,0,7,398,50659,2,0,0.4025009572505951,0
E5_balanced_sparse_control,0,7,420,50701,2,0,0.13909247517585754,0
E5_balanced_sparse_control,0,7,423,50704,1,1,0.5583318471908569,1
E5_balanced_sparse_control,0,7,424,50705,1,1,0.7313277721405029,1
E5_balanced_sparse_control,0,7,428,50709,2,0,0.13769610226154327,0
E5_balanced_sparse_control,0,7,452,50751,1,1,0.8384660482406616,1
E5_balanced_sparse_control,0,7,459,50773,2,0,0.13259485363960266,0
E5_balanced_sparse_control,0,7,474,50797,1,1,0.8589122891426086,1
E5_balanced_sparse_control,0,7,479,50803,1,1,0.8370631337165833,1
E5_balanced_sparse_control,0,7,480,50807,1,1,0.8921055793762207,1
E5_balanced_sparse_control,0,7,484,50817,2,0,0.1341724842786789,0
E5_balanced_sparse_control,0,7,485,50818,2,0,0.13137009739875793,0
E5_balanced_sparse_control,0,7,487,50821,2,0,0.13005977869033813,0
E5_balanced_sparse_control,0,7,494,50956,1,1,0.886191189289093,1
E5_balanced_sparse_control,0,7,512,50977,1,1,0.8924100399017334,1
E5_balanced_sparse_control,0,7,515,50981,1,1,0.8834230303764343,1
E5_balanced_sparse_control,0,7,518,50984,1,1,0.889681339263916,1
E5_balanced_sparse_control,0,7,520,50986,1,1,0.8384371399879456,1
E5_balanced_sparse_control,0,7,526,50992,1,1,0.8920614719390869,1
E5_balanced_sparse_control,0,7,536,51003,1,1,0.8925355672836304,1
E5_balanced_sparse_control,0,7,540,51009,1,1,0.8895249366760254,1
E5_balanced_sparse_control,0,7,545,51014,1,1,0.8911476135253906,1
E5_balanced_sparse_control,0,7,578,51051,2,0,0.13543426990509033,0
E5_balanced_sparse_control,0,7,590,51063,2,0,0.1299310028553009,0
E5_balanced_sparse_control,0,7,603,51077,2,0,0.5433719158172607,1
E5_balanced_sparse_control,0,7,617,51091,2,0,0.1313178390264511,0
E5_balanced_sparse_control,0,7,630,51105,2,0,0.12994110584259033,0
E5_balanced_sparse_control,0,7,641,51118,2,0,0.4608215093612671,0
E5_balanced_sparse_control,0,7,644,51124,2,0,0.1335664838552475,0
E5_balanced_sparse_control,0,7,666,51150,2,0,0.13042454421520233,0
E5_balanced_sparse_control,0,7,667,51151,2,0,0.1361914426088333,0
E5_balanced_sparse_control,0,7,672,51156,2,0,0.1330043077468872,0
E5_balanced_sparse_control,0,7,675,51162,1,1,0.8920842409133911,1
E5_balanced_sparse_control,0,7,685,51179,1,1,0.8922238349914551,1
E5_balanced_sparse_control,0,7,706,51208,1,1,0.8043245077133179,1
E5_balanced_sparse_control,0,7,715,51219,1,1,0.8872566819190979,1
E5_balanced_sparse_control,0,7,720,51224,1,1,0.8771370649337769,1
E5_balanced_sparse_control,0,7,725,51230,1,1,0.8920699954032898,1
E5_balanced_sparse_control,0,7,746,51262,2,0,0.17655259370803833,0
E5_balanced_sparse_control,0,7,763,51291,1,1,0.8881894946098328,1
E5_balanced_sparse_control,0,7,775,51304,2,0,0.1650087684392929,0
E5_balanced_sparse_control,0,7,781,51311,2,0,0.13085715472698212,0
E5_balanced_sparse_control,0,7,790,51325,1,1,0.8921070694923401,1
E5_balanced_sparse_control,0,7,792,51327,1,1,0.8915484547615051,1
E5_balanced_sparse_control,0,7,799,51334,2,0,0.13201643526554108,0
E5_balanced_sparse_control,0,7,803,51339,2,0,0.1300169676542282,0
E5_balanced_sparse_control,0,7,837,51482,2,0,0.1371462643146515,0
E5_balanced_sparse_control,0,7,838,51484,2,0,0.365815669298172,0
E5_balanced_sparse_control,0,7,841,51491,2,0,0.13384991884231567,0
E5_balanced_sparse_control,0,7,860,51576,1,1,0.801378071308136,1
E5_balanced_sparse_control,0,7,865,51582,1,1,0.8925341367721558,1
E5_balanced_sparse_control,0,8,5,50008,1,1,0.9074063897132874,1
E5_balanced_sparse_control,0,8,9,50013,1,1,0.9068467617034912,1
E5_balanced_sparse_control,0,8,23,50032,2,0,0.0883527621626854,0
E5_balanced_sparse_control,0,8,24,50033,2,0,0.0868951752781868,0
E5_balanced_sparse_control,0,8,73,50130,1,1,0.9096817374229431,1
E5_balanced_sparse_control,0,8,75,50132,1,1,0.9093213677406311,1
E5_balanced_sparse_control,0,8,85,50149,1,1,0.9095225930213928,1
E5_balanced_sparse_control,0,8,105,50184,1,1,0.9099595546722412,1
E5_balanced_sparse_control,0,8,120,50203,2,0,0.08687897771596909,0
E5_balanced_sparse_control,0,8,124,50208,2,0,0.09801850467920303,0
E5_balanced_sparse_control,0,8,134,50237,1,1,0.9105175137519836,1
E5_balanced_sparse_control,0,8,138,50243,1,1,0.9099697470664978,1
E5_balanced_sparse_control,0,8,139,50245,1,1,0.9107888340950012,1
E5_balanced_sparse_control,0,8,155,50264,2,0,0.08689113706350327,0
E5_balanced_sparse_control,0,8,173,50289,1,1,0.4732794463634491,0
E5_balanced_sparse_control,0,8,201,50332,2,0,0.08687524497509003,0
E5_balanced_sparse_control,0,8,216,50347,2,0,0.08705803751945496,0
E5_balanced_sparse_control,0,8,228,50359,2,0,0.14312492311000824,0
E5_balanced_sparse_control,0,8,229,50360,2,0,0.08707259595394135,0
E5_balanced_sparse_control,0,8,235,50366,2,0,0.0991845354437828,0
E5_balanced_sparse_control,0,8,239,50370,2,0,0.09606659412384033,0
E5_balanced_sparse_control,0,8,269,50413,1,1,0.909001350402832,1
E5_balanced_sparse_control,0,8,272,50416,2,0,0.08783268928527832,0
E5_balanced_sparse_control,0,8,273,50417,2,0,0.08999834209680557,0
E5_balanced_sparse_control,0,8,290,50440,2,0,0.39389753341674805,0
E5_balanced_sparse_control,0,8,291,50441,2,0,0.08922784775495529,0
E5_balanced_sparse_control,0,8,299,50449,2,0,0.09029459953308105,0
E5_balanced_sparse_control,0,8,313,50486,1,1,0.9103720784187317,1
E5_balanced_sparse_control,0,8,324,50499,1,1,0.9106890559196472,1
E5_balanced_sparse_control,0,8,330,50507,1,1,0.7879257202148438,1
E5_balanced_sparse_control,0,8,343,50526,1,1,0.8766505718231201,1
E5_balanced_sparse_control,0,8,344,50527,1,1,0.9094082117080688,1
E5_balanced_sparse_control,0,8,362,50572,2,0,0.08702776581048965,0
E5_balanced_sparse_control,0,8,380,50616,1,1,0.9099692702293396,1
E5_balanced_sparse_control,0,8,388,50626,1,1,0.9085983633995056,1
E5_balanced_sparse_control,0,8,400,50665,2,0,0.5185462236404419,1
E5_balanced_sparse_control,0,8,402,50682,2,0,0.09036765247583389,0
E5_balanced_sparse_control,0,8,404,50685,2,0,0.13202255964279175,0
E5_balanced_sparse_control,0,8,421,50702,1,1,0.9018582105636597,1
E5_balanced_sparse_control,0,8,427,50708,1,1,0.9106571674346924,1
E5_balanced_sparse_control,0,8,431,50723,2,0,0.08743175119161606,0
E5_balanced_sparse_control,0,8,463,50777,2,0,0.09397821873426437,0
E5_balanced_sparse_control,0,8,472,50792,1,1,0.909034252166748,1
E5_balanced_sparse_control,0,8,473,50796,1,1,0.9102709293365479,1
E5_balanced_sparse_control,0,8,477,50800,1,1,0.9107446074485779,1
E5_balanced_sparse_control,0,8,486,50820,2,0,0.09002456814050674,0
E5_balanced_sparse_control,0,8,519,50985,1,1,0.9054386615753174,1
E5_balanced_sparse_control,0,8,521,50987,1,1,0.9083361625671387,1
E5_balanced_sparse_control,0,8,524,50990,1,1,0.9066691398620605,1
E5_balanced_sparse_control,0,8,530,50996,1,1,0.9050149321556091,1
E5_balanced_sparse_control,0,8,538,51007,1,1,0.9108346700668335,1
E5_balanced_sparse_control,0,8,548,51017,1,1,0.880992591381073,1
E5_balanced_sparse_control,0,8,549,51018,1,1,0.9099718928337097,1
E5_balanced_sparse_control,0,8,554,51024,1,1,0.9108079075813293,1
E5_balanced_sparse_control,0,8,563,51034,1,1,0.9106608629226685,1
E5_balanced_sparse_control,0,8,565,51036,2,0,0.0903746485710144,0
E5_balanced_sparse_control,0,8,573,51046,2,0,0.11792701482772827,0
E5_balanced_sparse_control,0,8,593,51066,2,0,0.09199582785367966,0
E5_balanced_sparse_control,0,8,608,51082,2,0,0.08966254442930222,0
E5_balanced_sparse_control,0,8,613,51087,2,0,0.08706536889076233,0
E5_balanced_sparse_control,0,8,618,51093,2,0,0.08920785039663315,0
E5_balanced_sparse_control,0,8,620,51095,2,0,0.23405680060386658,0
E5_balanced_sparse_control,0,8,635,51111,2,0,0.08688301593065262,0
E5_balanced_sparse_control,0,8,652,51133,2,0,0.8281912207603455,1
E5_balanced_sparse_control,0,8,653,51134,2,0,0.0873241052031517,0
E5_balanced_sparse_control,0,8,668,51152,2,0,0.08688023686408997,0
E5_balanced_sparse_control,0,8,682,51173,1,1,0.9106556177139282,1
E5_balanced_sparse_control,0,8,687,51181,2,0,0.13821087777614594,0
E5_balanced_sparse_control,0,8,717,51221,1,1,0.9051405191421509,1
E5_balanced_sparse_control,0,8,719,51223,1,1,0.9108288288116455,1
E5_balanced_sparse_control,0,8,731,51239,1,1,0.9019222855567932,1
E5_balanced_sparse_control,0,8,743,51257,2,0,0.8331952691078186,1
E5_balanced_sparse_control,0,8,751,51268,2,0,0.08687127381563187,0
E5_balanced_sparse_control,0,8,759,51278,2,0,0.11465714871883392,0
E5_balanced_sparse_control,0,8,770,51299,1,1,0.9104406833648682,1
E5_balanced_sparse_control,0,8,773,51302,1,1,0.9072734713554382,1
E5_balanced_sparse_control,0,8,782,51313,2,0,0.09196308255195618,0
E5_balanced_sparse_control,0,8,809,51345,2,0,0.12097000330686569,0
E5_balanced_sparse_control,0,8,810,51346,2,0,0.08822808414697647,0
E5_balanced_sparse_control,0,8,816,51356,2,0,0.8693292737007141,1
E5_balanced_sparse_control,0,8,826,51370,2,0,0.08797184377908707,0
E5_balanced_sparse_control,0,8,827,51373,2,0,0.0868748128414154,0
E5_balanced_sparse_control,0,8,830,51464,1,1,0.9099218845367432,1
E5_balanced_sparse_control,0,8,844,51557,2,0,0.08920283615589142,0
E5_balanced_sparse_control,0,8,849,51563,2,0,0.08758263289928436,0
E5_balanced_sparse_control,0,8,855,51569,2,0,0.10203710198402405,0
E5_balanced_sparse_control,0,8,858,51573,1,1,0.743088960647583,1
E5_balanced_sparse_control,0,9,1,50004,1,1,0.9166715145111084,1
E5_balanced_sparse_control,0,9,15,50023,1,1,0.91826993227005,1
E5_balanced_sparse_control,0,9,39,50048,2,0,0.911202609539032,1
E5_balanced_sparse_control,0,9,47,50057,1,1,0.049079108983278275,0
E5_balanced_sparse_control,0,9,48,50059,2,0,0.050376273691654205,0
E5_balanced_sparse_control,0,9,62,50116,2,0,0.5192097425460815,1
E5_balanced_sparse_control,0,9,89,50156,1,1,0.9158949851989746,1
E5_balanced_sparse_control,0,9,101,50170,2,0,0.051291752606630325,0
E5_balanced_sparse_control,0,9,107,50187,1,1,0.0504491925239563,0
E5_balanced_sparse_control,0,9,121,50204,2,0,0.049150023609399796,0
E5_balanced_sparse_control,0,9,127,50214,2,0,0.049862537533044815,0
E5_balanced_sparse_control,0,9,168,50278,1,1,0.9172899127006531,1
E5_balanced_sparse_control,0,9,193,50320,1,1,0.9174689054489136,1
E5_balanced_sparse_control,0,9,196,50325,1,1,0.04915338754653931,0
E5_balanced_sparse_control,0,9,254,50388,2,0,0.04935747757554054,0
E5_balanced_sparse_control,0,9,259,50402,1,1,0.04896771162748337,0
E5_balanced_sparse_control,0,9,260,50403,1,1,0.049004849046468735,0
E5_balanced_sparse_control,0,9,265,50408,1,1,0.05133897438645363,0
E5_balanced_sparse_control,0,9,295,50445,2,0,0.04935416951775551,0
E5_balanced_sparse_control,0,9,300,50453,2,0,0.06612056493759155,0
E5_balanced_sparse_control,0,9,301,50463,2,0,0.04989300295710564,0
E5_balanced_sparse_control,0,9,311,50483,1,1,0.43156880140304565,0
E5_balanced_sparse_control,0,9,312,50485,1,1,0.04915012791752815,0
E5_balanced_sparse_control,0,9,322,50497,1,1,0.9140760898590088,1
E5_balanced_sparse_control,0,9,331,50509,1,1,0.9163713455200195,1
E5_balanced_sparse_control,0,9,365,50575,2,0,0.23106689751148224,0
E5_balanced_sparse_control,0,9,366,50576,2,0,0.0492442362010479,0
E5_balanced_sparse_control,0,9,375,50608,1,1,0.053532905876636505,0
E5_balanced_sparse_control,0,9,392,50644,1,1,0.9180827736854553,1
E5_balanced_sparse_control,0,9,393,50647,1,1,0.9165040254592896,1
E5_balanced_sparse_control,0,9,395,50649,1,1,0.04908154532313347,0
E5_balanced_sparse_control,0,9,396,50654,1,1,0.28405889868736267,0
E5_balanced_sparse_control,0,9,401,50669,2,0,0.9139761924743652,1
E5_balanced_sparse_control,0,9,418,50699,2,0,0.4817938804626465,0
E5_balanced_sparse_control,0,9,440,50737,2,0,0.049146462231874466,0
E5_balanced_sparse_control,0,9,442,50739,2,0,0.05127457156777382,0
E5_balanced_sparse_control,0,9,448,50745,1,1,0.91826331615448,1
E5_balanced_sparse_control,0,9,454,50754,1,1,0.9185367822647095,1
E5_balanced_sparse_control,0,9,458,50772,2,0,0.9151273369789124,1
E5_balanced_sparse_control,0,9,464,50778,2,0,0.170635387301445,0
E5_balanced_sparse_control,0,9,483,50816,2,0,0.05017903447151184,0
E5_balanced_sparse_control,0,9,491,50952,1,1,0.9175546169281006,1
E5_balanced_sparse_control,0,9,503,50966,1,1,0.9163424968719482,1
E5_balanced_sparse_control,0,9,532,50999,1,1,0.9184356331825256,1
E5_balanced_sparse_control,0,9,550,51019,1,1,0.9061489105224609,1
E5_balanced_sparse_control,0,9,561,51032,1,1,0.9171140789985657,1
E5_balanced_sparse_control,0,9,569,51041,2,0,0.0504763126373291,0
E5_balanced_sparse_control,0,9,571,51044,2,0,0.05086205154657364,0
E5_balanced_sparse_control,0,9,575,51048,2,0,0.13333895802497864,0
E5_balanced_sparse_control,0,9,588,51061,2,0,0.04971163347363472,0
E5_balanced_sparse_control,0,9,591,51064,2,0,0.7799744606018066,1
E5_balanced_sparse_control,0,9,594,51067,2,0,0.05109470710158348,0
E5_balanced_sparse_control,0,9,598,51072,2,0,0.7449367642402649,1
E5_balanced_sparse_control,0,9,602,51076,2,0,0.05197998508810997,0
E5_balanced_sparse_control,0,9,604,51078,2,0,0.05089588463306427,0
E5_balanced_sparse_control,0,9,611,51085,2,0,0.9183748960494995,1
E5_balanced_sparse_control,0,9,614,51088,2,0,0.05061130225658417,0
E5_balanced_sparse_control,0,9,627,51102,2,0,0.048974353820085526,0
E5_balanced_sparse_control,0,9,637,51113,2,0,0.04897526651620865,0
E5_balanced_sparse_control,0,9,638,51114,2,0,0.04908231645822525,0
E5_balanced_sparse_control,0,9,649,51130,2,0,0.8958214521408081,1
E5_balanced_sparse_control,0,9,660,51141,2,0,0.38834571838378906,0
E5_balanced_sparse_control,0,9,679,51169,1,1,0.7180389165878296,1
E5_balanced_sparse_control,0,9,689,51183,2,0,0.049166105687618256,0
E5_balanced_sparse_control,0,9,704,51206,1,1,0.588643491268158,1
E5_balanced_sparse_control,0,9,707,51210,1,1,0.9106730222702026,1
E5_balanced_sparse_control,0,9,711,51215,1,1,0.04949040710926056,0
E5_balanced_sparse_control,0,9,721,51225,1,1,0.056799665093421936,0
E5_balanced_sparse_control,0,9,726,51231,1,1,0.04897671192884445,0
E5_balanced_sparse_control,0,9,729,51236,1,1,0.12841741740703583,0
E5_balanced_sparse_control,0,9,744,51260,2,0,0.05095124617218971,0
E5_balanced_sparse_control,0,9,750,51267,2,0,0.04935326427221298,0
E5_balanced_sparse_control,0,9,777,51306,2,0,0.6761720180511475,1
E5_balanced_sparse_control,0,9,787,51321,1,1,0.7715722918510437,1
E5_balanced_sparse_control,0,9,788,51322,1,1,0.09975001960992813,0
E5_balanced_sparse_control,0,9,794,51329,1,1,0.049143414944410324,0
E5_balanced_sparse_control,0,9,802,51338,2,0,0.06932921707630157,0
E5_balanced_sparse_control,0,9,805,51341,2,0,0.10817154496908188,0
E5_balanced_sparse_control,0,9,812,51349,1,1,0.050179094076156616,0
E5_balanced_sparse_control,0,9,818,51359,2,0,0.91844242811203,1
E5_balanced_sparse_control,0,9,822,51363,2,0,0.0491480678319931,0
E5_balanced_sparse_control,0,9,823,51364,2,0,0.0822291225194931,0
E5_balanced_sparse_control,0,9,847,51560,2,0,0.05018996074795723,0
E5_balanced_sparse_control,0,9,848,51562,2,0,0.05095485597848892,0
E5_balanced_sparse_control,0,9,850,51564,2,0,0.04968617856502533,0
E5_balanced_sparse_control,0,9,863,51579,1,1,0.051453180611133575,0
E5_balanced_sparse_control,0,9,866,51583,1,1,0.9146642684936523,1
E5_balanced_sparse_control,0,10,11,50015,1,1,0.9118238687515259,1
E5_balanced_sparse_control,0,10,41,50050,2,0,0.08141136169433594,0
E5_balanced_sparse_control,0,10,44,50053,1,1,0.7713265419006348,1
E5_balanced_sparse_control,0,10,52,50104,2,0,0.08942770212888718,0
E5_balanced_sparse_control,0,10,59,50113,2,0,0.08599685877561569,0
E5_balanced_sparse_control,0,10,65,50119,1,1,0.08187992125749588,0
E5_balanced_sparse_control,0,10,92,50159,2,0,0.9142575263977051,1
E5_balanced_sparse_control,0,10,93,50160,2,0,0.08341075479984283,0
E5_balanced_sparse_control,0,10,94,50161,2,0,0.8622429370880127,1
E5_balanced_sparse_control,0,10,108,50188,1,1,0.08144848048686981,0
E5_balanced_sparse_control,0,10,115,50198,2,0,0.08170080929994583,0
E5_balanced_sparse_control,0,10,117,50200,2,0,0.08160430938005447,0
E5_balanced_sparse_control,0,10,118,50201,2,0,0.08155317604541779,0
E5_balanced_sparse_control,0,10,140,50247,1,1,0.9121631383895874,1
E5_balanced_sparse_control,0,10,149,50257,2,0,0.08256623148918152,0
E5_balanced_sparse_control,0,10,177,50293,1,1,0.9149937033653259,1
E5_balanced_sparse_control,0,10,180,50297,1,1,0.3795626163482666,0
E5_balanced_sparse_control,0,10,182,50300,1,1,0.08549487590789795,0
E5_balanced_sparse_control,0,10,185,50304,1,1,0.9018673300743103,1
E5_balanced_sparse_control,0,10,186,50308,1,1,0.8391357660293579,1
E5_balanced_sparse_control,0,10,195,50324,1,1,0.9119750261306763,1
E5_balanced_sparse_control,0,10,199,50330,2,0,0.08264507353305817,0
E5_balanced_sparse_control,0,10,203,50334,2,0,0.16802339255809784,0
E5_balanced_sparse_control,0,10,206,50337,2,0,0.08107666671276093,0
E5_balanced_sparse_control,0,10,219,50350,2,0,0.08755544573068619,0
E5_balanced_sparse_control,0,10,237,50368,2,0,0.08308713138103485,0
E5_balanced_sparse_control,0,10,238,50369,2,0,0.08757214993238449,0
E5_balanced_sparse_control,0,10,242,50374,2,0,0.08160055428743362,0
E5_balanced_sparse_control,0,10,248,50381,2,0,0.08110361546278,0
E5_balanced_sparse_control,0,10,256,50391,2,0,0.09028596431016922,0
E5_balanced_sparse_control,0,10,274,50418,2,0,0.08291150629520416,0
E5_balanced_sparse_control,0,10,293,50443,2,0,0.44481733441352844,0
E5_balanced_sparse_control,0,10,317,50491,1,1,0.9147679805755615,1
E5_balanced_sparse_control,0,10,320,50494,1,1,0.31138578057289124,0
E5_balanced_sparse_control,0,10,334,50515,1,1,0.9148808121681213,1
E5_balanced_sparse_control,0,10,340,50523,1,1,0.9148568511009216,1
E5_balanced_sparse_control,0,10,347,50530,1,1,0.9118639230728149,1
E5_balanced_sparse_control,0,10,354,50558,2,0,0.0858873799443245,0
E5_balanced_sparse_control,0,10,356,50563,2,0,0.08274544775485992,0
E5_balanced_sparse_control,0,10,359,50569,2,0,0.22037005424499512,0
E5_balanced_sparse_control,0,10,374,50607,1,1,0.08142296969890594,0
E5_balanced_sparse_control,0,10,376,50612,1,1,0.08239278942346573,0
E5_balanced_sparse_control,0,10,378,50614,1,1,0.9115673303604126,1
E5_balanced_sparse_control,0,10,382,50620,1,1,0.0829068198800087,0
E5_balanced_sparse_control,0,10,384,50622,1,1,0.8190321922302246,1
E5_balanced_sparse_control,0,10,387,50625,1,1,0.08287786692380905,0
E5_balanced_sparse_control,0,10,406,50687,2,0,0.5938407182693481,1
E5_balanced_sparse_control,0,10,414,50695,1,1,0.08765825629234314,0
E5_balanced_sparse_control,0,10,429,50711,1,1,0.08198460191488266,0
E5_balanced_sparse_control,0,10,432,50724,2,0,0.08147502690553665,0
E5_balanced_sparse_control,0,10,466,50781,2,0,0.6646803021430969,1
E5_balanced_sparse_control,0,10,468,50783,2,0,0.08108334988355637,0
E5_balanced_sparse_control,0,10,482,50814,2,0,0.08139441907405853,0
E5_balanced_sparse_control,0,10,493,50955,1,1,0.08108139783143997,0
E5_balanced_sparse_control,0,10,501,50964,1,1,0.11919356137514114,0
E5_balanced_sparse_control,0,10,506,50969,1,1,0.9143916368484497,1
E5_balanced_sparse_control,0,10,531,50997,1,1,0.9145569205284119,1
E5_balanced_sparse_control,0,10,534,51001,1,1,0.9145192503929138,1
E5_balanced_sparse_control,0,10,542,51011,1,1,0.9124936461448669,1
E5_balanced_sparse_control,0,10,564,51035,1,1,0.7458832263946533,1
E5_balanced_sparse_control,0,10,583,51056,2,0,0.08323898911476135,0
E5_balanced_sparse_control,0,10,587,51060,2,0,0.5633575916290283,1
E5_balanced_sparse_control,0,10,595,51068,2,0,0.8592606782913208,1
E5_balanced_sparse_control,0,10,609,51083,2,0,0.9145396947860718,1
E5_balanced_sparse_control,0,10,610,51084,2,0,0.914848804473877,1
E5_balanced_sparse_control,0,10,623,51098,2,0,0.08841852843761444,0
E5_balanced_sparse_control,0,10,639,51116,2,0,0.09176469594240189,0
E5_balanced_sparse_control,0,10,673,51159,2,0,0.9145912528038025,1
E5_balanced_sparse_control,0,10,677,51164,1,1,0.9147607088088989,1
E5_balanced_sparse_control,0,10,694,51189,2,0,0.08138611167669296,0
E5_balanced_sparse_control,0,10,705,51207,1,1,0.912541925907135,1
E5_balanced_sparse_control,0,10,712,51216,1,1,0.08165720850229263,0
E5_balanced_sparse_control,0,10,724,51229,1,1,0.9113697409629822,1
E5_balanced_sparse_control,0,10,736,51250,2,0,0.08138508349657059,0
E5_balanced_sparse_control,0,10,738,51252,2,0,0.9125241041183472,1
E5_balanced_sparse_control,0,10,769,51298,1,1,0.9142751693725586,1
E5_balanced_sparse_control,0,10,771,51300,1,1,0.9147429466247559,1
E5_balanced_sparse_control,0,10,774,51303,2,0,0.08932927250862122,0
E5_balanced_sparse_control,0,10,778,51307,2,0,0.914903998374939,1
E5_balanced_sparse_control,0,10,783,51315,2,0,0.602042555809021,1
E5_balanced_sparse_control,0,10,784,51318,1,1,0.9031727910041809,1
E5_balanced_sparse_control,0,10,801,51336,2,0,0.0812353640794754,0
E5_balanced_sparse_control,0,10,813,51350,1,1,0.9018851518630981,1
E5_balanced_sparse_control,0,10,815,51354,1,1,0.7930253148078918,1
E5_balanced_sparse_control,0,10,817,51357,2,0,0.08309188485145569,0
E5_balanced_sparse_control,0,10,835,51480,2,0,0.08148837834596634,0
E5_balanced_sparse_control,0,10,856,51570,2,0,0.3781490623950958,0
E5_balanced_sparse_control,1,1,8,50012,1,1,0.9202315211296082,1
E5_balanced_sparse_control,1,1,17,50025,1,1,0.9111163020133972,1
E5_balanced_sparse_control,1,1,26,50035,2,0,0.0651836097240448,0
E5_balanced_sparse_control,1,1,30,50039,2,0,0.595838189125061,1
E5_balanced_sparse_control,1,1,31,50040,2,0,0.07080277055501938,0
E5_balanced_sparse_control,1,1,33,50042,2,0,0.0631411224603653,0
E5_balanced_sparse_control,1,1,40,50049,2,0,0.06282968819141388,0
E5_balanced_sparse_control,1,1,64,50118,1,1,0.9196303486824036,1
E5_balanced_sparse_control,1,1,71,50128,1,1,0.9212964773178101,1
E5_balanced_sparse_control,1,1,74,50131,1,1,0.920196533203125,1
E5_balanced_sparse_control,1,1,90,50157,2,0,0.06461755186319351,0
E5_balanced_sparse_control,1,1,109,50189,1,1,0.9206984639167786,1
E5_balanced_sparse_control,1,1,115,50198,2,0,0.2791442275047302,0
E5_balanced_sparse_control,1,1,119,50202,2,0,0.09070567786693573,0
E5_balanced_sparse_control,1,1,148,50255,1,1,0.9218469262123108,1
E5_balanced_sparse_control,1,1,170,50284,1,1,0.16910973191261292,0
E5_balanced_sparse_control,1,1,172,50287,1,1,0.5085727572441101,1
E5_balanced_sparse_control,1,1,192,50319,1,1,0.9218373894691467,1
E5_balanced_sparse_control,1,1,204,50335,2,0,0.06320519745349884,0
E5_balanced_sparse_control,1,1,221,50352,2,0,0.12118575721979141,0
E5_balanced_sparse_control,1,1,230,50361,2,0,0.06358171999454498,0
E5_balanced_sparse_control,1,1,241,50373,2,0,0.11456809192895889,0
E5_balanced_sparse_control,1,1,269,50413,1,1,0.9219143986701965,1
E5_balanced_sparse_control,1,1,273,50417,2,0,0.06273789703845978,0
E5_balanced_sparse_control,1,1,283,50433,2,0,0.06868446618318558,0
E5_balanced_sparse_control,1,1,288,50438,2,0,0.0680515319108963,0
E5_balanced_sparse_control,1,1,289,50439,2,0,0.06331030279397964,0
E5_balanced_sparse_control,1,1,303,50467,2,0,0.0751902312040329,0
E5_balanced_sparse_control,1,1,313,50486,1,1,0.921787679195404,1
E5_balanced_sparse_control,1,1,326,50501,1,1,0.9192017912864685,1
E5_balanced_sparse_control,1,1,333,50514,1,1,0.918962299823761,1
E5_balanced_sparse_control,1,1,335,50516,1,1,0.9142773151397705,1
E5_balanced_sparse_control,1,1,337,50519,1,1,0.9196388125419617,1
E5_balanced_sparse_control,1,1,343,50526,1,1,0.7978099584579468,1
E5_balanced_sparse_control,1,1,383,50621,1,1,0.9188117384910583,1
E5_balanced_sparse_control,1,1,390,50628,1,1,0.9196456670761108,1
E5_balanced_sparse_control,1,1,410,50691,2,0,0.0634952187538147,0
E5_balanced_sparse_control,1,1,416,50697,1,1,0.916888952255249,1
E5_balanced_sparse_control,1,1,422,50703,2,0,0.06545612961053848,0
E5_balanced_sparse_control,1,1,425,50706,2,0,0.09527817368507385,0
E5_balanced_sparse_control,1,1,429,50711,1,1,0.13193835318088531,0
E5_balanced_sparse_control,1,1,431,50723,2,0,0.06327100843191147,0
E5_balanced_sparse_control,1,1,435,50728,2,0,0.12264098227024078,0
E5_balanced_sparse_control,1,1,441,50738,2,0,0.07208448648452759,0
E5_balanced_sparse_control,1,1,446,50743,1,1,0.9204878211021423,1
E5_balanced_sparse_control,1,1,449,50748,1,1,0.9214587807655334,1
E5_balanced_sparse_control,1,1,455,50755,1,1,0.9159687757492065,1
E5_balanced_sparse_control,1,1,457,50757,1,1,0.15620727837085724,0
E5_balanced_sparse_control,1,1,501,50964,1,1,0.9135767817497253,1
E5_balanced_sparse_control,1,1,502,50965,1,1,0.9217910170555115,1
E5_balanced_sparse_control,1,1,511,50976,1,1,0.921627938747406,1
E5_balanced_sparse_control,1,1,553,51023,1,1,0.9172430038452148,1
E5_balanced_sparse_control,1,1,560,51030,1,1,0.9112310409545898,1
E5_balanced_sparse_control,1,1,562,51033,1,1,0.9124297499656677,1
E5_balanced_sparse_control,1,1,566,51038,2,0,0.069583959877491,0
E5_balanced_sparse_control,1,1,584,51057,2,0,0.07407246530056,0
E5_balanced_sparse_control,1,1,597,51070,2,0,0.11327511072158813,0
E5_balanced_sparse_control,1,1,599,51073,2,0,0.06819724291563034,0
E5_balanced_sparse_control,1,1,610,51084,2,0,0.9163746237754822,1
E5_balanced_sparse_control,1,1,615,51089,2,0,0.0685095340013504,0
E5_balanced_sparse_control,1,1,630,51105,2,0,0.06427951902151108,0
E5_balanced_sparse_control,1,1,633,51109,2,0,0.06693553924560547,0
E5_balanced_sparse_control,1,1,636,51112,2,0,0.07136662304401398,0
E5_balanced_sparse_control,1,1,654,51135,2,0,0.06268817186355591,0
E5_balanced_sparse_control,1,1,680,51170,1,1,0.8091146945953369,1
E5_balanced_sparse_control,1,1,686,51180,2,0,0.1494300216436386,0
E5_balanced_sparse_control,1,1,691,51185,2,0,0.4287493824958801,0
E5_balanced_sparse_control,1,1,696,51194,2,0,0.7354668378829956,1
E5_balanced_sparse_control,1,1,697,51197,2,0,0.09600289911031723,0
E5_balanced_sparse_control,1,1,726,51231,1,1,0.131913959980011,0
E5_balanced_sparse_control,1,1,729,51236,1,1,0.45879799127578735,0
E5_balanced_sparse_control,1,1,734,51248,1,1,0.9206064343452454,1
E5_balanced_sparse_control,1,1,744,51260,2,0,0.0627741664648056,0
E5_balanced_sparse_control,1,1,753,51271,2,0,0.06468288600444794,0
E5_balanced_sparse_control,1,1,754,51272,2,0,0.07683350890874863,0
E5_balanced_sparse_control,1,1,755,51273,2,0,0.7678635716438293,1
E5_balanced_sparse_control,1,1,757,51276,2,0,0.06326071918010712,0
E5_balanced_sparse_control,1,1,765,51293,1,1,0.9184443950653076,1
E5_balanced_sparse_control,1,1,769,51298,1,1,0.9196360111236572,1
E5_balanced_sparse_control,1,1,787,51321,1,1,0.18411456048488617,0
E5_balanced_sparse_control,1,1,789,51323,1,1,0.9216164350509644,1
E5_balanced_sparse_control,1,1,792,51327,1,1,0.9164719581604004,1
E5_balanced_sparse_control,1,1,804,51340,2,0,0.06468240916728973,0
E5_balanced_sparse_control,1,1,836,51481,2,0,0.06278819590806961,0
E5_balanced_sparse_control,1,1,841,51491,2,0,0.06921076029539108,0
E5_balanced_sparse_control,1,1,842,51493,2,0,0.06913446635007858,0
E5_balanced_sparse_control,1,1,856,51570,2,0,0.07630783319473267,0
E5_balanced_sparse_control,1,1,870,51607,1,1,0.5718916654586792,1
E5_balanced_sparse_control,1,2,1,50004,1,1,0.7907954454421997,1
E5_balanced_sparse_control,1,2,13,50020,1,1,0.7897141575813293,1
E5_balanced_sparse_control,1,2,23,50032,2,0,0.2301212102174759,0
E5_balanced_sparse_control,1,2,34,50043,2,0,0.2904888987541199,0
E5_balanced_sparse_control,1,2,41,50050,2,0,0.23254436254501343,0
E5_balanced_sparse_control,1,2,45,50054,2,0,0.7379878759384155,1
E5_balanced_sparse_control,1,2,53,50105,2,0,0.2588821053504944,0
E5_balanced_sparse_control,1,2,59,50113,2,0,0.23295927047729492,0
E5_balanced_sparse_control,1,2,69,50125,1,1,0.7320410013198853,1
E5_balanced_sparse_control,1,2,80,50144,1,1,0.7878558039665222,1
E5_balanced_sparse_control,1,2,84,50148,1,1,0.7868849039077759,1
E5_balanced_sparse_control,1,2,105,50184,1,1,0.7916961312294006,1
E5_balanced_sparse_control,1,2,144,50251,1,1,0.49163806438446045,0
E5_balanced_sparse_control,1,2,160,50269,2,0,0.449218213558197,0
E5_balanced_sparse_control,1,2,165,50274,1,1,0.7327226996421814,1
E5_balanced_sparse_control,1,2,174,50290,1,1,0.764271080493927,1
E5_balanced_sparse_control,1,2,195,50324,1,1,0.7767025828361511,1
E5_balanced_sparse_control,1,2,201,50332,2,0,0.23803628981113434,0
E5_balanced_sparse_control,1,2,209,50340,2,0,0.23334716260433197,0
E5_balanced_sparse_control,1,2,213,50344,2,0,0.23407100141048431,0
E5_balanced_sparse_control,1,2,215,50346,2,0,0.23023368418216705,0
E5_balanced_sparse_control,1,2,217,50348,2,0,0.36972081661224365,0
E5_balanced_sparse_control,1,2,218,50349,2,0,0.23417602479457855,0
E5_balanced_sparse_control,1,2,222,50353,2,0,0.25060608983039856,0
E5_balanced_sparse_control,1,2,224,50355,2,0,0.2764841914176941,0
E5_balanced_sparse_control,1,2,242,50374,2,0,0.3067818284034729,0
E5_balanced_sparse_control,1,2,253,50387,2,0,0.23007439076900482,0
E5_balanced_sparse_control,1,2,256,50391,2,0,0.2753330171108246,0
E5_balanced_sparse_control,1,2,277,50422,2,0,0.47304582595825195,0
E5_balanced_sparse_control,1,2,284,50434,2,0,0.25234097242355347,0
E5_balanced_sparse_control,1,2,305,50469,2,0,0.2310972660779953,0
E5_balanced_sparse_control,1,2,311,50483,1,1,0.6720598936080933,1
E5_balanced_sparse_control,1,2,331,50509,1,1,0.7801074981689453,1
E5_balanced_sparse_control,1,2,342,50525,1,1,0.6400991678237915,1
E5_balanced_sparse_control,1,2,356,50563,2,0,0.2299487292766571,0
E5_balanced_sparse_control,1,2,370,50602,1,1,0.7626054286956787,1
E5_balanced_sparse_control,1,2,394,50648,1,1,0.5426201224327087,1
E5_balanced_sparse_control,1,2,401,50669,2,0,0.7898113131523132,1
E5_balanced_sparse_control,1,2,413,50694,1,1,0.7920911908149719,1
E5_balanced_sparse_control,1,2,438,50733,2,0,0.25646859407424927,0
E5_balanced_sparse_control,1,2,445,50742,2,0,0.24115368723869324,0
E5_balanced_sparse_control,1,2,447,50744,1,1,0.7755194902420044,1
E5_balanced_sparse_control,1,2,451,50750,1,1,0.7804219722747803,1
E5_balanced_sparse_control,1,2,460,50774,2,0,0.22995585203170776,0
E5_balanced_sparse_control,1,2,472,50792,1,1,0.7912436723709106,1
E5_balanced_sparse_control,1,2,475,50798,1,1,0.28825366497039795,0
E5_balanced_sparse_control,1,2,477,50800,1,1,0.7581412196159363,1
E5_balanced_sparse_control,1,2,492,50954,1,1,0.5945058465003967,1
E5_balanced_sparse_control,1,2,496,50958,1,1,0.7816826105117798,1
E5_balanced_sparse_control,1,2,505,50968,1,1,0.7921013236045837,1
E5_balanced_sparse_control,1,2,506,50969,1,1,0.77092444896698,1
E5_balanced_sparse_control,1,2,524,50990,1,1,0.7922563552856445,1
E5_balanced_sparse_control,1,2,535,51002,1,1,0.7709017992019653,1
E5_balanced_sparse_control,1,2,545,51014,1,1,0.7914383411407471,1
E5_balanced_sparse_control,1,2,558,51028,1,1,0.7920522689819336,1
E5_balanced_sparse_control,1,2,564,51035,1,1,0.7707446813583374,1
E5_balanced_sparse_control,1,2,571,51044,2,0,0.2302938550710678,0
E5_balanced_sparse_control,1,2,574,51047,2,0,0.27357593178749084,0
E5_balanced_sparse_control,1,2,580,51053,2,0,0.23175637423992157,0
E5_balanced_sparse_control,1,2,585,51058,2,0,0.23201772570610046,0
E5_balanced_sparse_control,1,2,588,51061,2,0,0.23090346157550812,0
E5_balanced_sparse_control,1,2,600,51074,2,0,0.5497917532920837,1
E5_balanced_sparse_control,1,2,603,51077,2,0,0.3035144507884979,0
E5_balanced_sparse_control,1,2,617,51091,2,0,0.26208552718162537,0
E5_balanced_sparse_control,1,2,646,51127,2,0,0.3906780183315277,0
E5_balanced_sparse_control,1,2,648,51129,2,0,0.23009079694747925,0
E5_balanced_sparse_control,1,2,650,51131,2,0,0.2309214323759079,0
E5_balanced_sparse_control,1,2,651,51132,2,0,0.23403172194957733,0
E5_balanced_sparse_control,1,2,655,51136,2,0,0.4505581557750702,0
E5_balanced_sparse_control,1,2,662,51146,2,0,0.22995160520076752,0
E5_balanced_sparse_control,1,2,664,51148,2,0,0.23196633160114288,0
E5_balanced_sparse_control,1,2,668,51152,2,0,0.2634848356246948,0
E5_balanced_sparse_control,1,2,675,51162,1,1,0.7809410691261292,1
E5_balanced_sparse_control,1,2,681,51171,1,1,0.7848931550979614,1
E5_balanced_sparse_control,1,2,689,51183,2,0,0.34503835439682007,0
E5_balanced_sparse_control,1,2,703,51205,1,1,0.7909397482872009,1
E5_balanced_sparse_control,1,2,728,51235,1,1,0.7908188700675964,1
E5_balanced_sparse_control,1,2,735,51249,1,1,0.7919289469718933,1
E5_balanced_sparse_control,1,2,751,51268,2,0,0.23573116958141327,0
E5_balanced_sparse_control,1,2,763,51291,1,1,0.7913749814033508,1
E5_balanced_sparse_control,1,2,767,51295,1,1,0.7921468019485474,1
E5_balanced_sparse_control,1,2,813,51350,1,1,0.7498890161514282,1
E5_balanced_sparse_control,1,2,814,51351,1,1,0.6937640905380249,1
E5_balanced_sparse_control,1,2,826,51370,2,0,0.23950672149658203,0
E5_balanced_sparse_control,1,2,835,51480,2,0,0.23441287875175476,0
E5_balanced_sparse_control,1,2,859,51574,1,1,0.7795581221580505,1
E5_balanced_sparse_control,1,2,867,51584,1,1,0.7339065074920654,1
E5_balanced_sparse_control,1,3,3,50006,1,1,0.7408270239830017,1
E5_balanced_sparse_control,1,3,15,50023,1,1,0.4568585455417633,0
E5_balanced_sparse_control,1,3,25,50034,2,0,0.22219139337539673,0
E5_balanced_sparse_control,1,3,39,50048,2,0,0.6643701195716858,1
E5_balanced_sparse_control,1,3,68,50124,1,1,0.6963960528373718,1
E5_balanced_sparse_control,1,3,75,50132,1,1,0.6204931139945984,1
E5_balanced_sparse_control,1,3,88,50153,1,1,0.32182106375694275,0
E5_balanced_sparse_control,1,3,100,50169,2,0,0.2229396402835846,0
E5_balanced_sparse_control,1,3,107,50187,1,1,0.2270694077014923,0
E5_balanced_sparse_control,1,3,111,50193,2,0,0.22406427562236786,0
E5_balanced_sparse_control,1,3,122,50205,2,0,0.22254441678524017,0
E5_balanced_sparse_control,1,3,138,50243,1,1,0.5065393447875977,1
E5_balanced_sparse_control,1,3,147,50254,1,1,0.6884154081344604,1
E5_balanced_sparse_control,1,3,159,50268,2,0,0.2213689386844635,0
E5_balanced_sparse_control,1,3,173,50289,1,1,0.2921336889266968,0
E5_balanced_sparse_control,1,3,186,50308,1,1,0.5734496712684631,1
E5_balanced_sparse_control,1,3,189,50314,1,1,0.7527220845222473,1
E5_balanced_sparse_control,1,3,193,50320,1,1,0.7408275604248047,1
E5_balanced_sparse_control,1,3,199,50330,2,0,0.22694337368011475,0
E5_balanced_sparse_control,1,3,203,50334,2,0,0.7308154106140137,1
E5_balanced_sparse_control,1,3,206,50337,2,0,0.26588913798332214,0
E5_balanced_sparse_control,1,3,232,50363,2,0,0.3004494309425354,0
E5_balanced_sparse_control,1,3,233,50364,2,0,0.37386301159858704,0
E5_balanced_sparse_control,1,3,236,50367,2,0,0.2202872931957245,0
E5_balanced_sparse_control,1,3,248,50381,2,0,0.28504809737205505,0
E5_balanced_sparse_control,1,3,252,50386,2,0,0.22003290057182312,0
E5_balanced_sparse_control,1,3,255,50390,2,0,0.2232142835855484,0
E5_balanced_sparse_control,1,3,259,50402,1,1,0.2205299437046051,0
E5_balanced_sparse_control,1,3,261,50404,1,1,0.7492649555206299,1
E5_balanced_sparse_control,1,3,264,50407,1,1,0.7352049350738525,1
E5_balanced_sparse_control,1,3,282,50428,2,0,0.22318392992019653,0
E5_balanced_sparse_control,1,3,291,50441,2,0,0.22129131853580475,0
E5_balanced_sparse_control,1,3,296,50446,2,0,0.2208477407693863,0
E5_balanced_sparse_control,1,3,301,50463,2,0,0.2202732414007187,0
E5_balanced_sparse_control,1,3,312,50485,1,1,0.22112946212291718,0
E5_balanced_sparse_control,1,3,322,50497,1,1,0.7386922240257263,1
E5_balanced_sparse_control,1,3,330,50507,1,1,0.4142225682735443,0
E5_balanced_sparse_control,1,3,332,50510,1,1,0.7529699206352234,1
E5_balanced_sparse_control,1,3,338,50520,1,1,0.6448493599891663,1
E5_balanced_sparse_control,1,3,362,50572,2,0,0.2201138287782669,0
E5_balanced_sparse_control,1,3,364,50574,2,0,0.42311128973960876,0
E5_balanced_sparse_control,1,3,368,50578,2,0,0.6915431022644043,1
E5_balanced_sparse_control,1,3,382,50620,1,1,0.239390030503273,0
E5_balanced_sparse_control,1,3,384,50622,1,1,0.7074084877967834,1
E5_balanced_sparse_control,1,3,398,50659,2,0,0.4376479685306549,0
E5_balanced_sparse_control,1,3,403,50683,2,0,0.22019095718860626,0
E5_balanced_sparse_control,1,3,408,50689,1,1,0.7521578073501587,1
E5_balanced_sparse_control,1,3,415,50696,1,1,0.707452118396759,1
E5_balanced_sparse_control,1,3,421,50702,1,1,0.3109053373336792,0
E5_balanced_sparse_control,1,3,433,50725,2,0,0.22010566294193268,0
E5_balanced_sparse_control,1,3,436,50730,2,0,0.2246527373790741,0
E5_balanced_sparse_control,1,3,439,50735,2,0,0.22106559574604034,0
E5_balanced_sparse_control,1,3,469,50786,2,0,0.24677856266498566,0
E5_balanced_sparse_control,1,3,497,50959,1,1,0.30549198389053345,0
E5_balanced_sparse_control,1,3,503,50966,1,1,0.2217840850353241,0
E5_balanced_sparse_control,1,3,517,50983,1,1,0.42314064502716064,0
E5_balanced_sparse_control,1,3,529,50995,1,1,0.7475809454917908,1
E5_balanced_sparse_control,1,3,530,50996,1,1,0.5676490664482117,1
E5_balanced_sparse_control,1,3,531,50997,1,1,0.5095793604850769,1
E5_balanced_sparse_control,1,3,541,51010,1,1,0.3353840410709381,0
E5_balanced_sparse_control,1,3,546,51015,1,1,0.2206227332353592,0
E5_balanced_sparse_control,1,3,555,51025,1,1,0.6431798934936523,1
E5_balanced_sparse_control,1,3,572,51045,2,0,0.22584517300128937,0
E5_balanced_sparse_control,1,3,577,51050,2,0,0.22062528133392334,0
E5_balanced_sparse_control,1,3,592,51065,2,0,0.22233034670352936,0
E5_balanced_sparse_control,1,3,607,51081,2,0,0.22120589017868042,0
E5_balanced_sparse_control,1,3,608,51082,2,0,0.23944394290447235,0
E5_balanced_sparse_control,1,3,613,51087,2,0,0.22023563086986542,0
E5_balanced_sparse_control,1,3,637,51113,2,0,0.22250527143478394,0
E5_balanced_sparse_control,1,3,639,51116,2,0,0.22767022252082825,0
E5_balanced_sparse_control,1,3,645,51126,2,0,0.22687900066375732,0
E5_balanced_sparse_control,1,3,661,51142,2,0,0.2593006193637848,0
E5_balanced_sparse_control,1,3,706,51208,1,1,0.3076213598251343,0
E5_balanced_sparse_control,1,3,714,51218,1,1,0.7351335287094116,1
E5_balanced_sparse_control,1,3,722,51226,1,1,0.22029834985733032,0
E5_balanced_sparse_control,1,3,731,51239,1,1,0.7342560887336731,1
E5_balanced_sparse_control,1,3,741,51255,2,0,0.22002777457237244,0
E5_balanced_sparse_control,1,3,752,51269,2,0,0.2249157428741455,0
E5_balanced_sparse_control,1,3,761,51280,2,0,0.22723641991615295,0
E5_balanced_sparse_control,1,3,770,51299,1,1,0.7408221364021301,1
E5_balanced_sparse_control,1,3,771,51300,1,1,0.6731328964233398,1
E5_balanced_sparse_control,1,3,776,51305,2,0,0.38015860319137573,0
E5_balanced_sparse_control,1,3,794,51329,1,1,0.3949715793132782,0
E5_balanced_sparse_control,1,3,803,51339,2,0,0.2200315296649933,0
E5_balanced_sparse_control,1,3,806,51342,2,0,0.22004865109920502,0
E5_balanced_sparse_control,1,3,838,51484,2,0,0.2698010206222534,0
E5_balanced_sparse_control,1,3,855,51569,2,0,0.6183205842971802,1
E5_balanced_sparse_control,1,4,4,50007,1,1,0.35795098543167114,0
E5_balanced_sparse_control,1,4,32,50041,2,0,0.12280292809009552,0
E5_balanced_sparse_control,1,4,46,50056,1,1,0.8437635898590088,1
E5_balanced_sparse_control,1,4,57,50111,2,0,0.12287632375955582,0
E5_balanced_sparse_control,1,4,60,50114,2,0,0.12248522788286209,0
E5_balanced_sparse_control,1,4,87,50152,1,1,0.8536324501037598,1
E5_balanced_sparse_control,1,4,94,50161,2,0,0.12265393137931824,0
E5_balanced_sparse_control,1,4,120,50203,2,0,0.12255644798278809,0
E5_balanced_sparse_control,1,4,135,50239,1,1,0.22008100152015686,0
E5_balanced_sparse_control,1,4,149,50257,2,0,0.12711505591869354,0
E5_balanced_sparse_control,1,4,153,50262,2,0,0.12224506586790085,0
E5_balanced_sparse_control,1,4,154,50263,2,0,0.12159687280654907,0
E5_balanced_sparse_control,1,4,166,50275,1,1,0.5336056351661682,1
E5_balanced_sparse_control,1,4,179,50295,1,1,0.8487868309020996,1
E5_balanced_sparse_control,1,4,210,50341,2,0,0.12094505876302719,0
E5_balanced_sparse_control,1,4,216,50347,2,0,0.12249857932329178,0
E5_balanced_sparse_control,1,4,226,50357,2,0,0.1231321319937706,0
E5_balanced_sparse_control,1,4,258,50399,1,1,0.3171689510345459,0
E5_balanced_sparse_control,1,4,272,50416,2,0,0.12281033396720886,0
E5_balanced_sparse_control,1,4,295,50445,2,0,0.12149139493703842,0
E5_balanced_sparse_control,1,4,316,50490,1,1,0.6889587640762329,1
E5_balanced_sparse_control,1,4,323,50498,1,1,0.8436425924301147,1
E5_balanced_sparse_control,1,4,324,50499,1,1,0.772085428237915,1
E5_balanced_sparse_control,1,4,328,50503,1,1,0.7659501433372498,1
E5_balanced_sparse_control,1,4,329,50504,1,1,0.8522664308547974,1
E5_balanced_sparse_control,1,4,344,50527,1,1,0.6511783003807068,1
E5_balanced_sparse_control,1,4,349,50532,1,1,0.8543021082878113,1
E5_balanced_sparse_control,1,4,350,50551,2,0,0.12423112243413925,0
E5_balanced_sparse_control,1,4,359,50569,2,0,0.12309996783733368,0
E5_balanced_sparse_control,1,4,360,50570,2,0,0.12096945941448212,0
E5_balanced_sparse_control,1,4,363,50573,2,0,0.12106536328792572,0
E5_balanced_sparse_control,1,4,371,50603,1,1,0.8544141054153442,1
E5_balanced_sparse_control,1,4,380,50616,1,1,0.8544313311576843,1
E5_balanced_sparse_control,1,4,387,50625,1,1,0.12248382717370987,0
E5_balanced_sparse_control,1,4,389,50627,1,1,0.8143288493156433,1
E5_balanced_sparse_control,1,4,391,50642,1,1,0.7804383039474487,1
E5_balanced_sparse_control,1,4,392,50644,1,1,0.8459184765815735,1
E5_balanced_sparse_control,1,4,402,50682,2,0,0.12099570035934448,0
E5_balanced_sparse_control,1,4,430,50722,2,0,0.12309001386165619,0
E5_balanced_sparse_control,1,4,437,50731,2,0,0.12315148115158081,0
E5_balanced_sparse_control,1,4,458,50772,2,0,0.8527330756187439,1
E5_balanced_sparse_control,1,4,473,50796,1,1,0.8295079469680786,1
E5_balanced_sparse_control,1,4,474,50797,1,1,0.6905382871627808,1
E5_balanced_sparse_control,1,4,481,50812,2,0,0.12107893079519272,0
E5_balanced_sparse_control,1,4,483,50816,2,0,0.12317189574241638,0
E5_balanced_sparse_control,1,4,485,50818,2,0,0.12247568368911743,0
E5_balanced_sparse_control,1,4,509,50973,1,1,0.5349704623222351,1
E5_balanced_sparse_control,1,4,516,50982,1,1,0.12216895818710327,0
E5_balanced_sparse_control,1,4,543,51012,1,1,0.7125220894813538,1
E5_balanced_sparse_control,1,4,548,51017,1,1,0.8240215182304382,1
E5_balanced_sparse_control,1,4,549,51018,1,1,0.8530745506286621,1
E5_balanced_sparse_control,1,4,551,51020,1,1,0.22995920479297638,0
E5_balanced_sparse_control,1,4,575,51048,2,0,0.12103508412837982,0
E5_balanced_sparse_control,1,4,590,51063,2,0,0.12783490121364594,0
E5_balanced_sparse_control,1,4,598,51072,2,0,0.12210257351398468,0
E5_balanced_sparse_control,1,4,605,51079,2,0,0.4989422559738159,0
E5_balanced_sparse_control,1,4,618,51093,2,0,0.12689104676246643,0
E5_balanced_sparse_control,1,4,626,51101,2,0,0.1214287057518959,0
E5_balanced_sparse_control,1,4,641,51118,2,0,0.292212575674057,0
E5_balanced_sparse_control,1,4,649,51130,2,0,0.35874056816101074,0
E5_balanced_sparse_control,1,4,653,51134,2,0,0.12093096226453781,0
E5_balanced_sparse_control,1,4,658,51139,2,0,0.12236159294843674,0
E5_balanced_sparse_control,1,4,659,51140,2,0,0.12089065462350845,0
E5_balanced_sparse_control,1,4,666,51150,2,0,0.12163187563419342,0
E5_balanced_sparse_control,1,4,678,51168,1,1,0.5615912675857544,1
E5_balanced_sparse_control,1,4,687,51181,2,0,0.12603843212127686,0
E5_balanced_sparse_control,1,4,690,51184,2,0,0.16334323585033417,0
E5_balanced_sparse_control,1,4,699,51201,1,1,0.6375905871391296,1
E5_balanced_sparse_control,1,4,708,51211,1,1,0.2298450767993927,0
E5_balanced_sparse_control,1,4,712,51216,1,1,0.12086218595504761,0
E5_balanced_sparse_control,1,4,716,51220,1,1,0.7529544234275818,1
E5_balanced_sparse_control,1,4,718,51222,1,1,0.12126012146472931,0
E5_balanced_sparse_control,1,4,723,51228,1,1,0.8526714444160461,1
E5_balanced_sparse_control,1,4,742,51256,2,0,0.12314819544553757,0
E5_balanced_sparse_control,1,4,750,51267,2,0,0.12415460497140884,0
E5_balanced_sparse_control,1,4,778,51307,2,0,0.8545005917549133,1
E5_balanced_sparse_control,1,4,793,51328,1,1,0.8542299270629883,1
E5_balanced_sparse_control,1,4,808,51344,2,0,0.12258867919445038,0
E5_balanced_sparse_control,1,4,815,51354,1,1,0.6795008182525635,1
E5_balanced_sparse_control,1,4,817,51357,2,0,0.1230752244591713,0
E5_balanced_sparse_control,1,4,845,51558,2,0,0.12162195891141891,0
E5_balanced_sparse_control,1,4,846,51559,2,0,0.12094543129205704,0
E5_balanced_sparse_control,1,4,852,51566,2,0,0.12107708305120468,0
E5_balanced_sparse_control,1,4,854,51568,2,0,0.1432325392961502,0
E5_balanced_sparse_control,1,4,860,51576,1,1,0.15754298865795135,0
E5_balanced_sparse_control,1,4,861,51577,1,1,0.3059065043926239,0
E5_balanced_sparse_control,1,4,863,51579,1,1,0.12106787413358688,0
E5_balanced_sparse_control,1,5,9,50013,1,1,0.8129870891571045,1
E5_balanced_sparse_control,1,5,12,50016,1,1,0.7017694115638733,1
E5_balanced_sparse_control,1,5,21,50030,2,0,0.6800564527511597,1
E5_balanced_sparse_control,1,5,28,50037,2,0,0.4417417049407959,0
E5_balanced_sparse_control,1,5,37,50046,2,0,0.17822690308094025,0
E5_balanced_sparse_control,1,5,48,50059,2,0,0.1697256863117218,0
E5_balanced_sparse_control,1,5,73,50130,1,1,0.713066816329956,1
E5_balanced_sparse_control,1,5,77,50135,1,1,0.854454755783081,1
E5_balanced_sparse_control,1,5,79,50143,1,1,0.8514918088912964,1
E5_balanced_sparse_control,1,5,81,50145,1,1,0.548986554145813,1
E5_balanced_sparse_control,1,5,95,50162,2,0,0.22887061536312103,0
E5_balanced_sparse_control,1,5,97,50164,2,0,0.1766260266304016,0
E5_balanced_sparse_control,1,5,102,50171,2,0,0.2598249614238739,0
E5_balanced_sparse_control,1,5,128,50215,2,0,0.167532280087471,0
E5_balanced_sparse_control,1,5,134,50237,1,1,0.8500074744224548,1
E5_balanced_sparse_control,1,5,142,50249,1,1,0.8533495664596558,1
E5_balanced_sparse_control,1,5,150,50259,2,0,0.16851525008678436,0
E5_balanced_sparse_control,1,5,167,50276,1,1,0.8518603444099426,1
E5_balanced_sparse_control,1,5,177,50293,1,1,0.8153802156448364,1
E5_balanced_sparse_control,1,5,185,50304,1,1,0.6902212500572205,1
E5_balanced_sparse_control,1,5,191,50318,1,1,0.19844050705432892,0
E5_balanced_sparse_control,1,5,207,50338,2,0,0.16956454515457153,0
E5_balanced_sparse_control,1,5,243,50375,2,0,0.17353396117687225,0
E5_balanced_sparse_control,1,5,250,50383,2,0,0.2856651544570923,0
E5_balanced_sparse_control,1,5,271,50415,2,0,0.16835558414459229,0
E5_balanced_sparse_control,1,5,276,50421,2,0,0.17017796635627747,0
E5_balanced_sparse_control,1,5,280,50426,2,0,0.167262002825737,0
E5_balanced_sparse_control,1,5,286,50436,2,0,0.6364665031433105,1
E5_balanced_sparse_control,1,5,293,50443,2,0,0.5414777994155884,1
E5_balanced_sparse_control,1,5,304,50468,2,0,0.2498103827238083,0
E5_balanced_sparse_control,1,5,306,50470,2,0,0.4347474277019501,0
E5_balanced_sparse_control,1,5,327,50502,1,1,0.8525640368461609,1
E5_balanced_sparse_control,1,5,334,50515,1,1,0.8506484627723694,1
E5_balanced_sparse_control,1,5,336,50518,1,1,0.7758789658546448,1
E5_balanced_sparse_control,1,5,339,50521,1,1,0.6342824697494507,1
E5_balanced_sparse_control,1,5,347,50530,1,1,0.842907190322876,1
E5_balanced_sparse_control,1,5,351,50552,2,0,0.18311043083667755,0
E5_balanced_sparse_control,1,5,355,50561,2,0,0.16802053153514862,0
E5_balanced_sparse_control,1,5,367,50577,2,0,0.16687142848968506,0
E5_balanced_sparse_control,1,5,385,50623,1,1,0.816628098487854,1
E5_balanced_sparse_control,1,5,411,50692,2,0,0.16685181856155396,0
E5_balanced_sparse_control,1,5,412,50693,1,1,0.1818522810935974,0
E5_balanced_sparse_control,1,5,417,50698,2,0,0.16763311624526978,0
E5_balanced_sparse_control,1,5,443,50740,2,0,0.1677655577659607,0
E5_balanced_sparse_control,1,5,465,50780,2,0,0.3488830327987671,0
E5_balanced_sparse_control,1,5,484,50817,2,0,0.17018064856529236,0
E5_balanced_sparse_control,1,5,487,50821,2,0,0.17343272268772125,0
E5_balanced_sparse_control,1,5,494,50956,1,1,0.8490162491798401,1
E5_balanced_sparse_control,1,5,498,50960,1,1,0.4309528172016144,0
E5_balanced_sparse_control,1,5,504,50967,1,1,0.8409311175346375,1
E5_balanced_sparse_control,1,5,507,50970,1,1,0.8539013266563416,1
E5_balanced_sparse_control,1,5,513,50978,1,1,0.8536911010742188,1
E5_balanced_sparse_control,1,5,514,50979,1,1,0.7256442904472351,1
E5_balanced_sparse_control,1,5,528,50994,1,1,0.854462742805481,1
E5_balanced_sparse_control,1,5,533,51000,1,1,0.8492673635482788,1
E5_balanced_sparse_control,1,5,536,51003,1,1,0.8537241220474243,1
E5_balanced_sparse_control,1,5,537,51006,1,1,0.853334903717041,1
E5_balanced_sparse_control,1,5,538,51007,1,1,0.8444114327430725,1
E5_balanced_sparse_control,1,5,539,51008,1,1,0.2989288866519928,0
E5_balanced_sparse_control,1,5,547,51016,1,1,0.7383532524108887,1
E5_balanced_sparse_control,1,5,550,51019,1,1,0.7556259632110596,1
E5_balanced_sparse_control,1,5,594,51067,2,0,0.1752385050058365,0
E5_balanced_sparse_control,1,5,614,51088,2,0,0.1711493879556656,0
E5_balanced_sparse_control,1,5,616,51090,2,0,0.17003026604652405,0
E5_balanced_sparse_control,1,5,621,51096,2,0,0.17118330299854279,0
E5_balanced_sparse_control,1,5,623,51098,2,0,0.17645587027072906,0
E5_balanced_sparse_control,1,5,628,51103,2,0,0.4461117088794708,0
E5_balanced_sparse_control,1,5,647,51128,2,0,0.16809339821338654,0
E5_balanced_sparse_control,1,5,660,51141,2,0,0.24078761041164398,0
E5_balanced_sparse_control,1,5,669,51153,2,0,0.1948651671409607,0
E5_balanced_sparse_control,1,5,674,51161,1,1,0.7743741869926453,1
E5_balanced_sparse_control,1,5,685,51179,1,1,0.8470461368560791,1
E5_balanced_sparse_control,1,5,698,51198,2,0,0.22428828477859497,0
E5_balanced_sparse_control,1,5,702,51204,1,1,0.8461002111434937,1
E5_balanced_sparse_control,1,5,713,51217,1,1,0.20972312986850739,0
E5_balanced_sparse_control,1,5,719,51223,1,1,0.7480000853538513,1
E5_balanced_sparse_control,1,5,727,51234,1,1,0.8356539011001587,1
E5_balanced_sparse_control,1,5,737,51251,2,0,0.36941272020339966,0
E5_balanced_sparse_control,1,5,738,51252,2,0,0.8538618087768555,1
E5_balanced_sparse_control,1,5,746,51262,2,0,0.38200533390045166,0
E5_balanced_sparse_control,1,5,805,51341,2,0,0.523584246635437,1
E5_balanced_sparse_control,1,5,821,51362,2,0,0.16960790753364563,0
E5_balanced_sparse_control,1,5,823,51364,2,0,0.2120770812034607,0
E5_balanced_sparse_control,1,5,832,51473,1,1,0.7672023177146912,1
E5_balanced_sparse_control,1,5,847,51560,2,0,0.17042967677116394,0
E5_balanced_sparse_control,1,5,848,51562,2,0,0.17158609628677368,0
E5_balanced_sparse_control,1,5,849,51563,2,0,0.1668340116739273,0
E5_balanced_sparse_control,1,6,6,50010,1,1,0.7500513792037964,1
E5_balanced_sparse_control,1,6,47,50057,1,1,0.12355324625968933,0
E5_balanced_sparse_control,1,6,54,50106,2,0,0.14515936374664307,0
E5_balanced_sparse_control,1,6,61,50115,2,0,0.1334657371044159,0
E5_balanced_sparse_control,1,6,70,50127,1,1,0.22638750076293945,0
E5_balanced_sparse_control,1,6,76,50134,1,1,0.7613964676856995,1
E5_balanced_sparse_control,1,6,78,50142,1,1,0.7343239188194275,1
E5_balanced_sparse_control,1,6,82,50146,1,1,0.24520981311798096,0
E5_balanced_sparse_control,1,6,91,50158,2,0,0.12312652915716171,0
E5_balanced_sparse_control,1,6,92,50159,2,0,0.7539396286010742,1
E5_balanced_sparse_control,1,6,112,50194,2,0,0.12990854680538177,0
E5_balanced_sparse_control,1,6,123,50206,2,0,0.3348683714866638,0
E5_balanced_sparse_control,1,6,124,50208,2,0,0.12227120995521545,0
E5_balanced_sparse_control,1,6,130,50232,1,1,0.7508457899093628,1
E5_balanced_sparse_control,1,6,131,50233,1,1,0.7612826228141785,1
E5_balanced_sparse_control,1,6,137,50241,1,1,0.7604431509971619,1
E5_balanced_sparse_control,1,6,139,50245,1,1,0.7550215125083923,1
E5_balanced_sparse_control,1,6,140,50247,1,1,0.7557815909385681,1
E5_balanced_sparse_control,1,6,151,50260,2,0,0.1265954226255417,0
E5_balanced_sparse_control,1,6,168,50278,1,1,0.761227548122406,1
E5_balanced_sparse_control,1,6,175,50291,1,1,0.7403534054756165,1
E5_balanced_sparse_control,1,6,196,50325,1,1,0.14046746492385864,0
E5_balanced_sparse_control,1,6,205,50336,2,0,0.23682378232479095,0
E5_balanced_sparse_control,1,6,219,50350,2,0,0.12544675171375275,0
E5_balanced_sparse_control,1,6,220,50351,2,0,0.12457321584224701,0
E5_balanced_sparse_control,1,6,223,50354,2,0,0.13215605914592743,0
E5_balanced_sparse_control,1,6,228,50359,2,0,0.2510807514190674,0
E5_balanced_sparse_control,1,6,229,50360,2,0,0.1224200651049614,0
E5_balanced_sparse_control,1,6,234,50365,2,0,0.12213896214962006,0
E5_balanced_sparse_control,1,6,239,50370,2,0,0.12194910645484924,0
E5_balanced_sparse_control,1,6,254,50388,2,0,0.12355121970176697,0
E5_balanced_sparse_control,1,6,260,50403,1,1,0.12230914831161499,0
E5_balanced_sparse_control,1,6,278,50424,2,0,0.12307237833738327,0
E5_balanced_sparse_control,1,6,290,50440,2,0,0.6744806170463562,1
E5_balanced_sparse_control,1,6,292,50442,2,0,0.1295645534992218,0
E5_balanced_sparse_control,1,6,299,50449,2,0,0.12235986441373825,0
E5_balanced_sparse_control,1,6,302,50466,2,0,0.12241974472999573,0
E5_balanced_sparse_control,1,6,321,50496,1,1,0.756587028503418,1
E5_balanced_sparse_control,1,6,340,50523,1,1,0.7536980509757996,1
E5_balanced_sparse_control,1,6,345,50528,1,1,0.7599060535430908,1
E5_balanced_sparse_control,1,6,357,50565,2,0,0.20909444987773895,0
E5_balanced_sparse_control,1,6,365,50575,2,0,0.12403631955385208,0
E5_balanced_sparse_control,1,6,372,50604,1,1,0.7607589364051819,1
E5_balanced_sparse_control,1,6,374,50607,1,1,0.1229475885629654,0
E5_balanced_sparse_control,1,6,379,50615,1,1,0.7609255313873291,1
E5_balanced_sparse_control,1,6,399,50664,2,0,0.12204442173242569,0
E5_balanced_sparse_control,1,6,426,50707,2,0,0.12408068031072617,0
E5_balanced_sparse_control,1,6,444,50741,2,0,0.12408580631017685,0
E5_balanced_sparse_control,1,6,467,50782,2,0,0.15689732134342194,0
E5_balanced_sparse_control,1,6,468,50783,2,0,0.12273183465003967,0
E5_balanced_sparse_control,1,6,470,50790,2,0,0.12272822856903076,0
E5_balanced_sparse_control,1,6,480,50807,1,1,0.7599174380302429,1
E5_balanced_sparse_control,1,6,493,50955,1,1,0.12486432492733002,0
E5_balanced_sparse_control,1,6,499,50961,1,1,0.698296070098877,1
E5_balanced_sparse_control,1,6,515,50981,1,1,0.682632565498352,1
E5_balanced_sparse_control,1,6,518,50984,1,1,0.6056258082389832,1
E5_balanced_sparse_control,1,6,522,50988,1,1,0.493951678276062,0
E5_balanced_sparse_control,1,6,523,50989,1,1,0.7595665454864502,1
E5_balanced_sparse_control,1,6,542,51011,1,1,0.7584158182144165,1
E5_balanced_sparse_control,1,6,556,51026,1,1,0.7465778589248657,1
E5_balanced_sparse_control,1,6,557,51027,1,1,0.20962265133857727,0
E5_balanced_sparse_control,1,6,567,51039,2,0,0.12473268806934357,0
E5_balanced_sparse_control,1,6,569,51041,2,0,0.12817619740962982,0
E5_balanced_sparse_control,1,6,573,51046,2,0,0.2770695686340332,0
E5_balanced_sparse_control,1,6,581,51054,2,0,0.12273062765598297,0
E5_balanced_sparse_control,1,6,582,51055,2,0,0.12719282507896423,0
E5_balanced_sparse_control,1,6,583,51056,2,0,0.12988370656967163,0
E5_balanced_sparse_control,1,6,601,51075,2,0,0.13892152905464172,0
E5_balanced_sparse_control,1,6,604,51078,2,0,0.1374112367630005,0
E5_balanced_sparse_control,1,6,624,51099,2,0,0.12202093750238419,0
E5_balanced_sparse_control,1,6,672,51156,2,0,0.14096951484680176,0
E5_balanced_sparse_control,1,6,707,51210,1,1,0.7483498454093933,1
E5_balanced_sparse_control,1,6,725,51230,1,1,0.7513245940208435,1
E5_balanced_sparse_control,1,6,739,51253,2,0,0.12413199245929718,0
E5_balanced_sparse_control,1,6,762,51281,2,0,0.1266046017408371,0
E5_balanced_sparse_control,1,6,773,51302,1,1,0.6848303079605103,1
E5_balanced_sparse_control,1,6,775,51304,2,0,0.12424631416797638,0
E5_balanced_sparse_control,1,6,785,51319,1,1,0.7608699798583984,1
E5_balanced_sparse_control,1,6,796,51331,1,1,0.7335671782493591,1
E5_balanced_sparse_control,1,6,810,51346,2,0,0.1304578334093094,0
E5_balanced_sparse_control,1,6,811,51347,2,0,0.12442483007907867,0
E5_balanced_sparse_control,1,6,812,51349,1,1,0.13137225806713104,0
E5_balanced_sparse_control,1,6,819,51360,2,0,0.12326627969741821,0
E5_balanced_sparse_control,1,6,844,51557,2,0,0.13924457132816315,0
E5_balanced_sparse_control,1,6,858,51573,1,1,0.1359851360321045,0
E5_balanced_sparse_control,1,6,864,51580,1,1,0.24007952213287354,0
E5_balanced_sparse_control,1,6,869,51606,1,1,0.1530531346797943,0
E5_balanced_sparse_control,1,7,22,50031,2,0,0.06107310950756073,0
E5_balanced_sparse_control,1,7,24,50033,2,0,0.06068304926156998,0
E5_balanced_sparse_control,1,7,29,50038,2,0,0.06065351143479347,0
E5_balanced_sparse_control,1,7,43,50052,2,0,0.302048921585083,0
E5_balanced_sparse_control,1,7,50,50102,2,0,0.06077359989285469,0
E5_balanced_sparse_control,1,7,58,50112,2,0,0.061088722199201584,0
E5_balanced_sparse_control,1,7,62,50116,2,0,0.45447710156440735,0
E5_balanced_sparse_control,1,7,86,50150,1,1,0.09851385653018951,0
E5_balanced_sparse_control,1,7,89,50156,1,1,0.8750287294387817,1
E5_balanced_sparse_control,1,7,93,50160,2,0,0.06565971672534943,0
E5_balanced_sparse_control,1,7,99,50168,2,0,0.06498074531555176,0
E5_balanced_sparse_control,1,7,121,50204,2,0,0.061468932777643204,0
E5_balanced_sparse_control,1,7,125,50210,2,0,0.060658372938632965,0
E5_balanced_sparse_control,1,7,127,50214,2,0,0.06286412477493286,0
E5_balanced_sparse_control,1,7,129,50217,2,0,0.06196272000670433,0
E5_balanced_sparse_control,1,7,133,50236,1,1,0.8759723901748657,1
E5_balanced_sparse_control,1,7,158,50267,2,0,0.06081268936395645,0
E5_balanced_sparse_control,1,7,162,50271,2,0,0.19801568984985352,0
E5_balanced_sparse_control,1,7,169,50282,1,1,0.8640409111976624,1
E5_balanced_sparse_control,1,7,183,50301,1,1,0.22067730128765106,0
E5_balanced_sparse_control,1,7,188,50312,1,1,0.8643785715103149,1
E5_balanced_sparse_control,1,7,211,50342,2,0,0.062199629843235016,0
E5_balanced_sparse_control,1,7,212,50343,2,0,0.6077589392662048,1
E5_balanced_sparse_control,1,7,238,50369,2,0,0.06385358422994614,0
E5_balanced_sparse_control,1,7,245,50377,2,0,0.062160421162843704,0
E5_balanced_sparse_control,1,7,251,50385,2,0,0.57021164894104,1
E5_balanced_sparse_control,1,7,262,50405,1,1,0.8745527863502502,1
E5_balanced_sparse_control,1,7,266,50410,1,1,0.5757389664649963,1
E5_balanced_sparse_control,1,7,274,50418,2,0,0.06063435226678848,0
E5_balanced_sparse_control,1,7,300,50453,2,0,0.7781296372413635,1
E5_balanced_sparse_control,1,7,307,50477,1,1,0.8678227066993713,1
E5_balanced_sparse_control,1,7,317,50491,1,1,0.8734147548675537,1
E5_balanced_sparse_control,1,7,318,50492,1,1,0.8716492652893066,1
E5_balanced_sparse_control,1,7,325,50500,1,1,0.7766271829605103,1
E5_balanced_sparse_control,1,7,346,50529,1,1,0.8735800385475159,1
E5_balanced_sparse_control,1,7,353,50557,2,0,0.0607462078332901,0
E5_balanced_sparse_control,1,7,354,50558,2,0,0.061913635581731796,0
E5_balanced_sparse_control,1,7,373,50606,1,1,0.42501047253608704,0
E5_balanced_sparse_control,1,7,375,50608,1,1,0.22910696268081665,0
E5_balanced_sparse_control,1,7,386,50624,1,1,0.875933825969696,1
E5_balanced_sparse_control,1,7,395,50649,1,1,0.12174078822135925,0
E5_balanced_sparse_control,1,7,407,50688,2,0,0.06210104748606682,0
E5_balanced_sparse_control,1,7,418,50699,2,0,0.8756429553031921,1
E5_balanced_sparse_control,1,7,428,50709,2,0,0.06244003772735596,0
E5_balanced_sparse_control,1,7,450,50749,1,1,0.8753589987754822,1
E5_balanced_sparse_control,1,7,453,50752,1,1,0.5879404544830322,1
E5_balanced_sparse_control,1,7,456,50756,1,1,0.8748272061347961,1
E5_balanced_sparse_control,1,7,495,50957,1,1,0.4232948124408722,0
E5_balanced_sparse_control,1,7,510,50974,1,1,0.8759709596633911,1
E5_balanced_sparse_control,1,7,521,50987,1,1,0.8756725192070007,1
E5_balanced_sparse_control,1,7,554,51024,1,1,0.8753294944763184,1
E5_balanced_sparse_control,1,7,587,51060,2,0,0.674168050289154,1
E5_balanced_sparse_control,1,7,593,51066,2,0,0.0642266497015953,0
E5_balanced_sparse_control,1,7,619,51094,2,0,0.06382863968610764,0
E5_balanced_sparse_control,1,7,620,51095,2,0,0.22694388031959534,0
E5_balanced_sparse_control,1,7,629,51104,2,0,0.062019769102334976,0
E5_balanced_sparse_control,1,7,634,51110,2,0,0.06158944219350815,0
E5_balanced_sparse_control,1,7,663,51147,2,0,0.0617297887802124,0
E5_balanced_sparse_control,1,7,667,51151,2,0,0.060684725642204285,0
E5_balanced_sparse_control,1,7,671,51155,2,0,0.06086587905883789,0
E5_balanced_sparse_control,1,7,673,51159,2,0,0.8747239708900452,1
E5_balanced_sparse_control,1,7,676,51163,1,1,0.4495753347873688,0
E5_balanced_sparse_control,1,7,682,51173,1,1,0.8714976906776428,1
E5_balanced_sparse_control,1,7,683,51177,1,1,0.8412706255912781,1
E5_balanced_sparse_control,1,7,684,51178,1,1,0.8740911483764648,1
E5_balanced_sparse_control,1,7,695,51192,2,0,0.06086871027946472,0
E5_balanced_sparse_control,1,7,704,51206,1,1,0.828001856803894,1
E5_balanced_sparse_control,1,7,710,51214,1,1,0.8725723624229431,1
E5_balanced_sparse_control,1,7,717,51221,1,1,0.8720287084579468,1
E5_balanced_sparse_control,1,7,720,51224,1,1,0.8735684752464294,1
E5_balanced_sparse_control,1,7,724,51229,1,1,0.8756054043769836,1
E5_balanced_sparse_control,1,7,736,51250,2,0,0.061449822038412094,0
E5_balanced_sparse_control,1,7,759,51278,2,0,0.3031337261199951,0
E5_balanced_sparse_control,1,7,760,51279,2,0,0.0610022097826004,0
E5_balanced_sparse_control,1,7,764,51292,1,1,0.8746998906135559,1
E5_balanced_sparse_control,1,7,774,51303,2,0,0.06099361553788185,0
E5_balanced_sparse_control,1,7,784,51318,1,1,0.06725664436817169,0
E5_balanced_sparse_control,1,7,799,51334,2,0,0.0607265830039978,0
E5_balanced_sparse_control,1,7,807,51343,2,0,0.06325239688158035,0
E5_balanced_sparse_control,1,7,820,51361,2,0,0.06250688433647156,0
E5_balanced_sparse_control,1,7,827,51373,2,0,0.0624789334833622,0
E5_balanced_sparse_control,1,7,828,51461,1,1,0.872174084186554,1
E5_balanced_sparse_control,1,7,830,51464,1,1,0.873253345489502,1
E5_balanced_sparse_control,1,7,831,51465,1,1,0.875891923904419,1
E5_balanced_sparse_control,1,7,833,51477,2,0,0.06173304468393326,0
E5_balanced_sparse_control,1,7,857,51572,1,1,0.8747296929359436,1
E5_balanced_sparse_control,1,7,866,51583,1,1,0.8726084232330322,1
E5_balanced_sparse_control,1,8,5,50008,1,1,0.7980560660362244,1
E5_balanced_sparse_control,1,8,7,50011,1,1,0.8378138542175293,1
E5_balanced_sparse_control,1,8,10,50014,1,1,0.8368679881095886,1
E5_balanced_sparse_control,1,8,14,50022,1,1,0.21434564888477325,0
E5_balanced_sparse_control,1,8,16,50024,1,1,0.8378942012786865,1
E5_balanced_sparse_control,1,8,35,50044,2,0,0.21155092120170593,0
E5_balanced_sparse_control,1,8,42,50051,2,0,0.6629776358604431,1
E5_balanced_sparse_control,1,8,49,50060,2,0,0.22470320761203766,0
E5_balanced_sparse_control,1,8,52,50104,2,0,0.21309274435043335,0
E5_balanced_sparse_control,1,8,56,50109,2,0,0.27601146697998047,0
E5_balanced_sparse_control,1,8,65,50119,1,1,0.21755671501159668,0
E5_balanced_sparse_control,1,8,67,50123,1,1,0.8390152454376221,1
E5_balanced_sparse_control,1,8,101,50170,2,0,0.36074501276016235,0
E5_balanced_sparse_control,1,8,103,50182,1,1,0.7607917785644531,1
E5_balanced_sparse_control,1,8,104,50183,1,1,0.8381742238998413,1
E5_balanced_sparse_control,1,8,106,50186,1,1,0.8345866203308105,1
E5_balanced_sparse_control,1,8,117,50200,2,0,0.2152204066514969,0
E5_balanced_sparse_control,1,8,118,50201,2,0,0.21616129577159882,0
E5_balanced_sparse_control,1,8,143,50250,1,1,0.2830962836742401,0
E5_balanced_sparse_control,1,8,146,50253,1,1,0.792812168598175,1
E5_balanced_sparse_control,1,8,164,50273,1,1,0.8298055529594421,1
E5_balanced_sparse_control,1,8,171,50285,1,1,0.3932284414768219,0
E5_balanced_sparse_control,1,8,184,50302,1,1,0.8378229141235352,1
E5_balanced_sparse_control,1,8,187,50310,1,1,0.8310690522193909,1
E5_balanced_sparse_control,1,8,194,50321,1,1,0.8355105519294739,1
E5_balanced_sparse_control,1,8,198,50329,2,0,0.2755289375782013,0
E5_balanced_sparse_control,1,8,214,50345,2,0,0.2217378318309784,0
E5_balanced_sparse_control,1,8,227,50358,2,0,0.23394502699375153,0
E5_balanced_sparse_control,1,8,231,50362,2,0,0.2280733287334442,0
E5_balanced_sparse_control,1,8,244,50376,2,0,0.5362017154693604,1
E5_balanced_sparse_control,1,8,263,50406,1,1,0.8386687636375427,1
E5_balanced_sparse_control,1,8,268,50412,1,1,0.8373691439628601,1
E5_balanced_sparse_control,1,8,270,50414,2,0,0.6992923021316528,1
E5_balanced_sparse_control,1,8,281,50427,2,0,0.21158063411712646,0
E5_balanced_sparse_control,1,8,298,50448,2,0,0.29937508702278137,0
E5_balanced_sparse_control,1,8,309,50481,1,1,0.8388319611549377,1
E5_balanced_sparse_control,1,8,314,50487,1,1,0.8390375375747681,1
E5_balanced_sparse_control,1,8,358,50568,2,0,0.7716268301010132,1
E5_balanced_sparse_control,1,8,366,50576,2,0,0.21251805126667023,0
E5_balanced_sparse_control,1,8,369,50601,1,1,0.3850882053375244,0
E5_balanced_sparse_control,1,8,381,50619,1,1,0.8364192843437195,1
E5_balanced_sparse_control,1,8,404,50685,2,0,0.23870699107646942,0
E5_balanced_sparse_control,1,8,419,50700,1,1,0.8391124606132507,1
E5_balanced_sparse_control,1,8,420,50701,2,0,0.22581273317337036,0
E5_balanced_sparse_control,1,8,432,50724,2,0,0.21471767127513885,0
E5_balanced_sparse_control,1,8,440,50737,2,0,0.21912571787834167,0
E5_balanced_sparse_control,1,8,454,50754,1,1,0.834687352180481,1
E5_balanced_sparse_control,1,8,462,50776,2,0,0.21613073348999023,0
E5_balanced_sparse_control,1,8,471,50791,1,1,0.8368397355079651,1
E5_balanced_sparse_control,1,8,482,50814,2,0,0.49480006098747253,0
E5_balanced_sparse_control,1,8,508,50972,1,1,0.8388264179229736,1
E5_balanced_sparse_control,1,8,525,50991,1,1,0.2826540172100067,0
E5_balanced_sparse_control,1,8,527,50993,1,1,0.8308730125427246,1
E5_balanced_sparse_control,1,8,532,50999,1,1,0.8307459950447083,1
E5_balanced_sparse_control,1,8,544,51013,1,1,0.8379149436950684,1
E5_balanced_sparse_control,1,8,559,51029,1,1,0.4508875906467438,0
E5_balanced_sparse_control,1,8,576,51049,2,0,0.21251706779003143,0
E5_balanced_sparse_control,1,8,596,51069,2,0,0.2124101221561432,0
E5_balanced_sparse_control,1,8,627,51102,2,0,0.24633604288101196,0
E5_balanced_sparse_control,1,8,632,51107,2,0,0.7737292051315308,1
E5_balanced_sparse_control,1,8,635,51111,2,0,0.2976298928260803,0
E5_balanced_sparse_control,1,8,638,51114,2,0,0.23269273340702057,0
E5_balanced_sparse_control,1,8,642,51122,2,0,0.2116454839706421,0
E5_balanced_sparse_control,1,8,644,51124,2,0,0.219063863158226,0
E5_balanced_sparse_control,1,8,656,51137,2,0,0.2115090936422348,0
E5_balanced_sparse_control,1,8,670,51154,2,0,0.45864200592041016,0
E5_balanced_sparse_control,1,8,694,51189,2,0,0.23831242322921753,0
E5_balanced_sparse_control,1,8,701,51203,1,1,0.8374449610710144,1
E5_balanced_sparse_control,1,8,711,51215,1,1,0.27470406889915466,0
E5_balanced_sparse_control,1,8,730,51237,1,1,0.8357411623001099,1
E5_balanced_sparse_control,1,8,733,51241,1,1,0.837706446647644,1
E5_balanced_sparse_control,1,8,745,51261,2,0,0.23467010259628296,0
E5_balanced_sparse_control,1,8,747,51264,2,0,0.21164394915103912,0
E5_balanced_sparse_control,1,8,758,51277,2,0,0.24277086555957794,0
E5_balanced_sparse_control,1,8,777,51306,2,0,0.724261999130249,1
E5_balanced_sparse_control,1,8,783,51315,2,0,0.2777865529060364,0
E5_balanced_sparse_control,1,8,786,51320,1,1,0.8367077708244324,1
E5_balanced_sparse_control,1,8,788,51322,1,1,0.25232625007629395,0
E5_balanced_sparse_control,1,8,790,51325,1,1,0.8214725255966187,1
E5_balanced_sparse_control,1,8,791,51326,1,1,0.6333004832267761,1
E5_balanced_sparse_control,1,8,797,51332,2,0,0.2115097939968109,0
E5_balanced_sparse_control,1,8,801,51336,2,0,0.22169055044651031,0
E5_balanced_sparse_control,1,8,802,51338,2,0,0.8236116170883179,1
E5_balanced_sparse_control,1,8,816,51356,2,0,0.8139541149139404,1
E5_balanced_sparse_control,1,8,824,51365,2,0,0.21212831139564514,0
E5_balanced_sparse_control,1,8,825,51369,2,0,0.21670223772525787,0
E5_balanced_sparse_control,1,8,839,51487,2,0,0.21563592553138733,0
E5_balanced_sparse_control,1,9,0,50003,1,1,0.789445161819458,1
E5_balanced_sparse_control,1,9,44,50053,1,1,0.8840685486793518,1
E5_balanced_sparse_control,1,9,51,50103,2,0,0.8704511523246765,1
E5_balanced_sparse_control,1,9,83,50147,1,1,0.922344446182251,1
E5_balanced_sparse_control,1,9,96,50163,2,0,0.18863500654697418,0
E5_balanced_sparse_control,1,9,110,50190,1,1,0.9363065361976624,1
E5_balanced_sparse_control,1,9,116,50199,2,0,0.11533107608556747,0
E5_balanced_sparse_control,1,9,136,50240,1,1,0.9383211731910706,1
E5_balanced_sparse_control,1,9,155,50264,2,0,0.6060805320739746,1
E5_balanced_sparse_control,1,9,157,50266,2,0,0.11994627863168716,0
E5_balanced_sparse_control,1,9,161,50270,2,0,0.11668329685926437,0
E5_balanced_sparse_control,1,9,178,50294,1,1,0.9385438561439514,1
E5_balanced_sparse_control,1,9,180,50297,1,1,0.7659469246864319,1
E5_balanced_sparse_control,1,9,181,50298,1,1,0.9368606209754944,1
E5_balanced_sparse_control,1,9,182,50300,1,1,0.11801702529191971,0
E5_balanced_sparse_control,1,9,197,50327,2,0,0.15940424799919128,0
E5_balanced_sparse_control,1,9,202,50333,2,0,0.11551264673471451,0
E5_balanced_sparse_control,1,9,208,50339,2,0,0.11836398392915726,0
E5_balanced_sparse_control,1,9,237,50368,2,0,0.11652375757694244,0
E5_balanced_sparse_control,1,9,247,50380,2,0,0.48928001523017883,0
E5_balanced_sparse_control,1,9,249,50382,2,0,0.11652316898107529,0
E5_balanced_sparse_control,1,9,257,50397,1,1,0.9330047369003296,1
E5_balanced_sparse_control,1,9,267,50411,1,1,0.9383316040039062,1
E5_balanced_sparse_control,1,9,287,50437,2,0,0.9362959861755371,1
E5_balanced_sparse_control,1,9,294,50444,2,0,0.19623243808746338,0
E5_balanced_sparse_control,1,9,297,50447,2,0,0.4659987986087799,0
E5_balanced_sparse_control,1,9,310,50482,1,1,0.9335653185844421,1
E5_balanced_sparse_control,1,9,320,50494,1,1,0.9054424166679382,1
E5_balanced_sparse_control,1,9,341,50524,1,1,0.93508380651474,1
E5_balanced_sparse_control,1,9,352,50555,2,0,0.11464320868253708,0
E5_balanced_sparse_control,1,9,377,50613,1,1,0.9374097585678101,1
E5_balanced_sparse_control,1,9,378,50614,1,1,0.938548743724823,1
E5_balanced_sparse_control,1,9,396,50654,1,1,0.3763767182826996,0
E5_balanced_sparse_control,1,9,400,50665,2,0,0.3379824161529541,0
E5_balanced_sparse_control,1,9,406,50687,2,0,0.9307189583778381,1
E5_balanced_sparse_control,1,9,409,50690,1,1,0.11517021805047989,0
E5_balanced_sparse_control,1,9,423,50704,1,1,0.8883482217788696,1
E5_balanced_sparse_control,1,9,424,50705,1,1,0.8919227123260498,1
E5_balanced_sparse_control,1,9,427,50708,1,1,0.9354351162910461,1
E5_balanced_sparse_control,1,9,434,50726,2,0,0.1528237760066986,0
E5_balanced_sparse_control,1,9,442,50739,2,0,0.9303114414215088,1
E5_balanced_sparse_control,1,9,452,50751,1,1,0.9342858791351318,1
E5_balanced_sparse_control,1,9,459,50773,2,0,0.4192574918270111,0
E5_balanced_sparse_control,1,9,463,50777,2,0,0.14377892017364502,0
E5_balanced_sparse_control,1,9,479,50803,1,1,0.9381428360939026,1
E5_balanced_sparse_control,1,9,488,50822,2,0,0.12581685185432434,0
E5_balanced_sparse_control,1,9,491,50952,1,1,0.9383316040039062,1
E5_balanced_sparse_control,1,9,500,50962,1,1,0.8078721761703491,1
E5_balanced_sparse_control,1,9,512,50977,1,1,0.9379724264144897,1
E5_balanced_sparse_control,1,9,520,50986,1,1,0.16651156544685364,0
E5_balanced_sparse_control,1,9,526,50992,1,1,0.9024873375892639,1
E5_balanced_sparse_control,1,9,534,51001,1,1,0.9385085701942444,1
E5_balanced_sparse_control,1,9,540,51009,1,1,0.934035062789917,1
E5_balanced_sparse_control,1,9,552,51021,1,1,0.9385867714881897,1
E5_balanced_sparse_control,1,9,561,51032,1,1,0.9367019534111023,1
E5_balanced_sparse_control,1,9,563,51034,1,1,0.9385392069816589,1
E5_balanced_sparse_control,1,9,565,51036,2,0,0.11507802456617355,0
E5_balanced_sparse_control,1,9,578,51051,2,0,0.12111259251832962,0
E5_balanced_sparse_control,1,9,591,51064,2,0,0.8839524388313293,1
E5_balanced_sparse_control,1,9,595,51068,2,0,0.9376922249794006,1
E5_balanced_sparse_control,1,9,602,51076,2,0,0.13415496051311493,0
E5_balanced_sparse_control,1,9,612,51086,2,0,0.11701621860265732,0
E5_balanced_sparse_control,1,9,622,51097,2,0,0.12961989641189575,0
E5_balanced_sparse_control,1,9,625,51100,2,0,0.625255823135376,1
E5_balanced_sparse_control,1,9,631,51106,2,0,0.11485745757818222,0
E5_balanced_sparse_control,1,9,640,51117,2,0,0.3203529715538025,0
E5_balanced_sparse_control,1,9,643,51123,2,0,0.2357020080089569,0
E5_balanced_sparse_control,1,9,657,51138,2,0,0.12246829271316528,0
E5_balanced_sparse_control,1,9,679,51169,1,1,0.9182358384132385,1
E5_balanced_sparse_control,1,9,692,51187,2,0,0.18331535160541534,0
E5_balanced_sparse_control,1,9,693,51188,2,0,0.13011914491653442,0
E5_balanced_sparse_control,1,9,709,51212,1,1,0.9330272078514099,1
E5_balanced_sparse_control,1,9,715,51219,1,1,0.9314842224121094,1
E5_balanced_sparse_control,1,9,732,51240,1,1,0.9377669095993042,1
E5_balanced_sparse_control,1,9,743,51257,2,0,0.9368486404418945,1
E5_balanced_sparse_control,1,9,781,51311,2,0,0.11460532993078232,0
E5_balanced_sparse_control,1,9,795,51330,1,1,0.9382124543190002,1
E5_balanced_sparse_control,1,9,798,51333,2,0,0.11438822746276855,0
E5_balanced_sparse_control,1,9,809,51345,2,0,0.152881920337677,0
E5_balanced_sparse_control,1,9,818,51359,2,0,0.937903106212616,1
E5_balanced_sparse_control,1,9,822,51363,2,0,0.18525920808315277,0
E5_balanced_sparse_control,1,9,829,51463,1,1,0.9382125735282898,1
E5_balanced_sparse_control,1,9,837,51482,2,0,0.12484030425548553,0
E5_balanced_sparse_control,1,9,840,51488,2,0,0.28973671793937683,0
E5_balanced_sparse_control,1,9,843,51556,2,0,0.21919681131839752,0
E5_balanced_sparse_control,1,9,851,51565,2,0,0.11557501554489136,0
E5_balanced_sparse_control,1,9,862,51578,1,1,0.9323591589927673,1
E5_balanced_sparse_control,1,10,2,50005,1,1,0.9218444228172302,1
E5_balanced_sparse_control,1,10,11,50015,1,1,0.926857590675354,1
E5_balanced_sparse_control,1,10,18,50026,1,1,0.9180158972740173,1
E5_balanced_sparse_control,1,10,19,50027,1,1,0.17740103602409363,0
E5_balanced_sparse_control,1,10,20,50028,1,1,0.9281683564186096,1
E5_balanced_sparse_control,1,10,27,50036,2,0,0.08768332004547119,0
E5_balanced_sparse_control,1,10,36,50045,2,0,0.8365041613578796,1
E5_balanced_sparse_control,1,10,38,50047,2,0,0.2999918460845947,0
E5_balanced_sparse_control,1,10,55,50107,2,0,0.27533239126205444,0
E5_balanced_sparse_control,1,10,63,50117,2,0,0.14338244497776031,0
E5_balanced_sparse_control,1,10,66,50121,1,1,0.9279499053955078,1
E5_balanced_sparse_control,1,10,72,50129,1,1,0.927929162979126,1
E5_balanced_sparse_control,1,10,85,50149,1,1,0.9282312393188477,1
E5_balanced_sparse_control,1,10,98,50167,2,0,0.09257126599550247,0
E5_balanced_sparse_control,1,10,108,50188,1,1,0.09095998853445053,0
E5_balanced_sparse_control,1,10,113,50195,2,0,0.12298769503831863,0
E5_balanced_sparse_control,1,10,114,50196,2,0,0.3825870156288147,0
E5_balanced_sparse_control,1,10,126,50213,2,0,0.09135593473911285,0
E5_balanced_sparse_control,1,10,132,50234,1,1,0.915558397769928,1
E5_balanced_sparse_control,1,10,141,50248,1,1,0.9281865954399109,1
E5_balanced_sparse_control,1,10,145,50252,1,1,0.8704943060874939,1
E5_balanced_sparse_control,1,10,152,50261,2,0,0.9140846729278564,1
E5_balanced_sparse_control,1,10,156,50265,2,0,0.08902173489332199,0
E5_balanced_sparse_control,1,10,163,50272,1,1,0.9264095425605774,1
E5_balanced_sparse_control,1,10,176,50292,1,1,0.9274810552597046,1
E5_balanced_sparse_control,1,10,190,50315,1,1,0.927365779876709,1
E5_balanced_sparse_control,1,10,200,50331,2,0,0.641951322555542,1
E5_balanced_sparse_control,1,10,225,50356,2,0,0.09170103073120117,0
E5_balanced_sparse_control,1,10,235,50366,2,0,0.11381493508815765,0
E5_balanced_sparse_control,1,10,240,50372,2,0,0.09013502299785614,0
E5_balanced_sparse_control,1,10,246,50379,2,0,0.08882346004247665,0
E5_balanced_sparse_control,1,10,265,50408,1,1,0.09412668645381927,0
E5_balanced_sparse_control,1,10,275,50419,2,0,0.09132573008537292,0
E5_balanced_sparse_control,1,10,279,50425,2,0,0.09101652354001999,0
E5_balanced_sparse_control,1,10,285,50435,2,0,0.09255087375640869,0
E5_balanced_sparse_control,1,10,308,50480,1,1,0.9270001649856567,1
E5_balanced_sparse_control,1,10,315,50488,1,1,0.9277976155281067,1
E5_balanced_sparse_control,1,10,319,50493,1,1,0.9248965382575989,1
E5_balanced_sparse_control,1,10,348,50531,1,1,0.923368513584137,1
E5_balanced_sparse_control,1,10,361,50571,2,0,0.46443450450897217,0
E5_balanced_sparse_control,1,10,376,50612,1,1,0.41764816641807556,0
E5_balanced_sparse_control,1,10,388,50626,1,1,0.9280784726142883,1
E5_balanced_sparse_control,1,10,393,50647,1,1,0.9193935990333557,1
E5_balanced_sparse_control,1,10,397,50656,2,0,0.3914417624473572,0
E5_balanced_sparse_control,1,10,405,50686,1,1,0.9281996488571167,1
E5_balanced_sparse_control,1,10,414,50695,1,1,0.4543924629688263,0
E5_balanced_sparse_control,1,10,448,50745,1,1,0.927772581577301,1
E5_balanced_sparse_control,1,10,461,50775,2,0,0.08770284801721573,0
E5_balanced_sparse_control,1,10,464,50778,2,0,0.09093435853719711,0
E5_balanced_sparse_control,1,10,466,50781,2,0,0.39045196771621704,0
E5_balanced_sparse_control,1,10,476,50799,1,1,0.9260746240615845,1
E5_balanced_sparse_control,1,10,478,50801,1,1,0.8925678133964539,1
E5_balanced_sparse_control,1,10,486,50820,2,0,0.09212431311607361,0
E5_balanced_sparse_control,1,10,489,50823,1,1,0.9196880459785461,1
E5_balanced_sparse_control,1,10,490,50824,1,1,0.7866483330726624,1
E5_balanced_sparse_control,1,10,519,50985,1,1,0.9261992573738098,1
E5_balanced_sparse_control,1,10,568,51040,2,0,0.08770397305488586,0
E5_balanced_sparse_control,1,10,570,51042,2,0,0.08928262442350388,0
E5_balanced_sparse_control,1,10,579,51052,2,0,0.08757240325212479,0
E5_balanced_sparse_control,1,10,586,51059,2,0,0.09588024765253067,0
E5_balanced_sparse_control,1,10,589,51062,2,0,0.09151417762041092,0
E5_balanced_sparse_control,1,10,606,51080,2,0,0.9268059730529785,1
E5_balanced_sparse_control,1,10,609,51083,2,0,0.9271395802497864,1
E5_balanced_sparse_control,1,10,611,51085,2,0,0.9277024269104004,1
E5_balanced_sparse_control,1,10,652,51133,2,0,0.5513196587562561,1
E5_balanced_sparse_control,1,10,665,51149,2,0,0.08869677037000656,0
E5_balanced_sparse_control,1,10,677,51164,1,1,0.9282147288322449,1
E5_balanced_sparse_control,1,10,688,51182,2,0,0.08924870193004608,0
E5_balanced_sparse_control,1,10,700,51202,1,1,0.9248576760292053,1
E5_balanced_sparse_control,1,10,705,51207,1,1,0.9268158674240112,1
E5_balanced_sparse_control,1,10,721,51225,1,1,0.7908920049667358,1
E5_balanced_sparse_control,1,10,740,51254,2,0,0.08767575025558472,0
E5_balanced_sparse_control,1,10,748,51265,2,0,0.09705913066864014,0
E5_balanced_sparse_control,1,10,749,51266,2,0,0.8319150805473328,1
E5_balanced_sparse_control,1,10,756,51275,2,0,0.09204281866550446,0
E5_balanced_sparse_control,1,10,766,51294,1,1,0.888576090335846,1
E5_balanced_sparse_control,1,10,768,51297,1,1,0.9277744293212891,1
E5_balanced_sparse_control,1,10,772,51301,1,1,0.6884106993675232,1
E5_balanced_sparse_control,1,10,779,51308,2,0,0.09808482974767685,0
E5_balanced_sparse_control,1,10,780,51309,2,0,0.9261000752449036,1
E5_balanced_sparse_control,1,10,782,51313,2,0,0.09441174566745758,0
E5_balanced_sparse_control,1,10,800,51335,2,0,0.13679200410842896,0
E5_balanced_sparse_control,1,10,834,51479,2,0,0.0878743901848793,0
E5_balanced_sparse_control,1,10,850,51564,2,0,0.09201966971158981,0
E5_balanced_sparse_control,1,10,853,51567,2,0,0.08753146976232529,0
E5_balanced_sparse_control,1,10,865,51582,1,1,0.9282227754592896,1
E5_balanced_sparse_control,1,10,868,51585,1,1,0.9273648858070374,1
E5_balanced_sparse_control,2,1,0,50003,1,1,0.7070198655128479,1
E5_balanced_sparse_control,2,1,7,50011,1,1,0.7261709570884705,1
E5_balanced_sparse_control,2,1,35,50044,2,0,0.1751287281513214,0
E5_balanced_sparse_control,2,1,39,50048,2,0,0.721511721611023,1
E5_balanced_sparse_control,2,1,45,50054,2,0,0.7276857495307922,1
E5_balanced_sparse_control,2,1,48,50059,2,0,0.6915037035942078,1
E5_balanced_sparse_control,2,1,53,50105,2,0,0.7091494798660278,1
E5_balanced_sparse_control,2,1,55,50107,2,0,0.697624683380127,1
E5_balanced_sparse_control,2,1,72,50129,1,1,0.7269154787063599,1
E5_balanced_sparse_control,2,1,73,50130,1,1,0.7284184694290161,1
E5_balanced_sparse_control,2,1,78,50142,1,1,0.7284108996391296,1
E5_balanced_sparse_control,2,1,81,50145,1,1,0.7182232737541199,1
E5_balanced_sparse_control,2,1,86,50150,1,1,0.4744371473789215,0
E5_balanced_sparse_control,2,1,95,50162,2,0,0.32264798879623413,0
E5_balanced_sparse_control,2,1,127,50214,2,0,0.18462549149990082,0
E5_balanced_sparse_control,2,1,138,50243,1,1,0.7282110452651978,1
E5_balanced_sparse_control,2,1,144,50251,1,1,0.6698801517486572,1
E5_balanced_sparse_control,2,1,149,50257,2,0,0.30570971965789795,0
E5_balanced_sparse_control,2,1,176,50292,1,1,0.7280279994010925,1
E5_balanced_sparse_control,2,1,182,50300,1,1,0.4860381484031677,0
E5_balanced_sparse_control,2,1,192,50319,1,1,0.7264392971992493,1
E5_balanced_sparse_control,2,1,193,50320,1,1,0.7284250259399414,1
E5_balanced_sparse_control,2,1,204,50335,2,0,0.2005724459886551,0
E5_balanced_sparse_control,2,1,205,50336,2,0,0.7176544666290283,1
E5_balanced_sparse_control,2,1,231,50362,2,0,0.21831123530864716,0
E5_balanced_sparse_control,2,1,234,50365,2,0,0.17432618141174316,0
E5_balanced_sparse_control,2,1,242,50374,2,0,0.4450496435165405,0
E5_balanced_sparse_control,2,1,247,50380,2,0,0.643958330154419,1
E5_balanced_sparse_control,2,1,248,50381,2,0,0.635446310043335,1
E5_balanced_sparse_control,2,1,253,50387,2,0,0.18701572716236115,0
E5_balanced_sparse_control,2,1,259,50402,1,1,0.5812500715255737,1
E5_balanced_sparse_control,2,1,285,50435,2,0,0.38103052973747253,0
E5_balanced_sparse_control,2,1,286,50436,2,0,0.7283044457435608,1
E5_balanced_sparse_control,2,1,295,50445,2,0,0.24613000452518463,0
E5_balanced_sparse_control,2,1,300,50453,2,0,0.7251073122024536,1
E5_balanced_sparse_control,2,1,307,50477,1,1,0.7255735993385315,1
E5_balanced_sparse_control,2,1,329,50504,1,1,0.724632740020752,1
E5_balanced_sparse_control,2,1,345,50528,1,1,0.7264832258224487,1
E5_balanced_sparse_control,2,1,348,50531,1,1,0.7230161428451538,1
E5_balanced_sparse_control,2,1,357,50565,2,0,0.6986258029937744,1
E5_balanced_sparse_control,2,1,359,50569,2,0,0.4745067358016968,0
E5_balanced_sparse_control,2,1,360,50570,2,0,0.1729760617017746,0
E5_balanced_sparse_control,2,1,369,50601,1,1,0.3929668068885803,0
E5_balanced_sparse_control,2,1,374,50607,1,1,0.17502056062221527,0
E5_balanced_sparse_control,2,1,385,50623,1,1,0.7244752049446106,1
E5_balanced_sparse_control,2,1,405,50686,1,1,0.7255194187164307,1
E5_balanced_sparse_control,2,1,411,50692,2,0,0.17935003340244293,0
E5_balanced_sparse_control,2,1,412,50693,1,1,0.3306204676628113,0
E5_balanced_sparse_control,2,1,425,50706,2,0,0.4073125720024109,0
E5_balanced_sparse_control,2,1,432,50724,2,0,0.2689151167869568,0
E5_balanced_sparse_control,2,1,466,50781,2,0,0.7202622890472412,1
E5_balanced_sparse_control,2,1,468,50783,2,0,0.2395825982093811,0
E5_balanced_sparse_control,2,1,471,50791,1,1,0.7203493118286133,1
E5_balanced_sparse_control,2,1,484,50817,2,0,0.3067891299724579,0
E5_balanced_sparse_control,2,1,495,50957,1,1,0.7275819778442383,1
E5_balanced_sparse_control,2,1,505,50968,1,1,0.7264626026153564,1
E5_balanced_sparse_control,2,1,506,50969,1,1,0.7280505895614624,1
E5_balanced_sparse_control,2,1,513,50978,1,1,0.7280422449111938,1
E5_balanced_sparse_control,2,1,526,50992,1,1,0.7203847765922546,1
E5_balanced_sparse_control,2,1,532,50999,1,1,0.7275665402412415,1
E5_balanced_sparse_control,2,1,555,51025,1,1,0.7283735871315002,1
E5_balanced_sparse_control,2,1,556,51026,1,1,0.7279598116874695,1
E5_balanced_sparse_control,2,1,566,51038,2,0,0.4093950092792511,0
E5_balanced_sparse_control,2,1,575,51048,2,0,0.30073460936546326,0
E5_balanced_sparse_control,2,1,585,51058,2,0,0.17983543872833252,0
E5_balanced_sparse_control,2,1,596,51069,2,0,0.23398010432720184,0
E5_balanced_sparse_control,2,1,603,51077,2,0,0.6451209187507629,1
E5_balanced_sparse_control,2,1,612,51086,2,0,0.17583273351192474,0
E5_balanced_sparse_control,2,1,653,51134,2,0,0.36138415336608887,0
E5_balanced_sparse_control,2,1,684,51178,1,1,0.7281625270843506,1
E5_balanced_sparse_control,2,1,686,51180,2,0,0.7096289992332458,1
E5_balanced_sparse_control,2,1,687,51181,2,0,0.7122736573219299,1
E5_balanced_sparse_control,2,1,695,51192,2,0,0.1847924292087555,0
E5_balanced_sparse_control,2,1,710,51214,1,1,0.7269325256347656,1
E5_balanced_sparse_control,2,1,716,51220,1,1,0.7284321188926697,1
E5_balanced_sparse_control,2,1,721,51225,1,1,0.7272771596908569,1
E5_balanced_sparse_control,2,1,749,51266,2,0,0.7255916595458984,1
E5_balanced_sparse_control,2,1,750,51267,2,0,0.42568159103393555,0
E5_balanced_sparse_control,2,1,771,51300,1,1,0.7253363728523254,1
E5_balanced_sparse_control,2,1,792,51327,1,1,0.7249818444252014,1
E5_balanced_sparse_control,2,1,793,51328,1,1,0.7255237698554993,1
E5_balanced_sparse_control,2,1,806,51342,2,0,0.3199024498462677,0
E5_balanced_sparse_control,2,1,808,51344,2,0,0.4011368751525879,0
E5_balanced_sparse_control,2,1,816,51356,2,0,0.7284342646598816,1
E5_balanced_sparse_control,2,1,823,51364,2,0,0.6085955500602722,1
E5_balanced_sparse_control,2,1,837,51482,2,0,0.19707746803760529,0
E5_balanced_sparse_control,2,1,867,51584,1,1,0.7190678119659424,1
E5_balanced_sparse_control,2,1,869,51606,1,1,0.2506412863731384,0
E5_balanced_sparse_control,2,2,2,50005,1,1,0.9061434864997864,1
E5_balanced_sparse_control,2,2,6,50010,1,1,0.9060431718826294,1
E5_balanced_sparse_control,2,2,10,50014,1,1,0.9055190682411194,1
E5_balanced_sparse_control,2,2,24,50033,2,0,0.07158266752958298,0
E5_balanced_sparse_control,2,2,30,50039,2,0,0.7411469221115112,1
E5_balanced_sparse_control,2,2,67,50123,1,1,0.9106745719909668,1
E5_balanced_sparse_control,2,2,76,50134,1,1,0.9001893401145935,1
E5_balanced_sparse_control,2,2,79,50143,1,1,0.9061198234558105,1
E5_balanced_sparse_control,2,2,92,50159,2,0,0.9091312885284424,1
E5_balanced_sparse_control,2,2,98,50167,2,0,0.07288284599781036,0
E5_balanced_sparse_control,2,2,101,50170,2,0,0.0713462233543396,0
E5_balanced_sparse_control,2,2,115,50198,2,0,0.0753503069281578,0
E5_balanced_sparse_control,2,2,129,50217,2,0,0.07059963047504425,0
E5_balanced_sparse_control,2,2,140,50247,1,1,0.9094687700271606,1
E5_balanced_sparse_control,2,2,153,50262,2,0,0.07085270434617996,0
E5_balanced_sparse_control,2,2,155,50264,2,0,0.07251473516225815,0
E5_balanced_sparse_control,2,2,164,50273,1,1,0.9073129296302795,1
E5_balanced_sparse_control,2,2,169,50282,1,1,0.9043163061141968,1
E5_balanced_sparse_control,2,2,180,50297,1,1,0.23829248547554016,0
E5_balanced_sparse_control,2,2,187,50310,1,1,0.9104873538017273,1
E5_balanced_sparse_control,2,2,202,50333,2,0,0.0729210376739502,0
E5_balanced_sparse_control,2,2,212,50343,2,0,0.22146622836589813,0
E5_balanced_sparse_control,2,2,217,50348,2,0,0.07068084180355072,0
E5_balanced_sparse_control,2,2,228,50359,2,0,0.07467018812894821,0
E5_balanced_sparse_control,2,2,246,50379,2,0,0.07086645066738129,0
E5_balanced_sparse_control,2,2,251,50385,2,0,0.9095497727394104,1
E5_balanced_sparse_control,2,2,277,50422,2,0,0.8898816108703613,1
E5_balanced_sparse_control,2,2,280,50426,2,0,0.07049159705638885,0
E5_balanced_sparse_control,2,2,281,50427,2,0,0.07053732872009277,0
E5_balanced_sparse_control,2,2,288,50438,2,0,0.07086903601884842,0
E5_balanced_sparse_control,2,2,293,50443,2,0,0.15118546783924103,0
E5_balanced_sparse_control,2,2,326,50501,1,1,0.9091310501098633,1
E5_balanced_sparse_control,2,2,336,50518,1,1,0.9103739261627197,1
E5_balanced_sparse_control,2,2,340,50523,1,1,0.9097689390182495,1
E5_balanced_sparse_control,2,2,352,50555,2,0,0.07068734616041183,0
E5_balanced_sparse_control,2,2,354,50558,2,0,0.07068343460559845,0
E5_balanced_sparse_control,2,2,373,50606,1,1,0.910207211971283,1
E5_balanced_sparse_control,2,2,392,50644,1,1,0.875333309173584,1
E5_balanced_sparse_control,2,2,396,50654,1,1,0.1745588332414627,0
E5_balanced_sparse_control,2,2,403,50683,2,0,0.07074956595897675,0
E5_balanced_sparse_control,2,2,404,50685,2,0,0.07052717357873917,0
E5_balanced_sparse_control,2,2,417,50698,2,0,0.07054197043180466,0
E5_balanced_sparse_control,2,2,422,50703,2,0,0.07055705785751343,0
E5_balanced_sparse_control,2,2,437,50731,2,0,0.07199079543352127,0
E5_balanced_sparse_control,2,2,450,50749,1,1,0.9037623405456543,1
E5_balanced_sparse_control,2,2,460,50774,2,0,0.07110141217708588,0
E5_balanced_sparse_control,2,2,462,50776,2,0,0.07089003175497055,0
E5_balanced_sparse_control,2,2,474,50797,1,1,0.7347023487091064,1
E5_balanced_sparse_control,2,2,508,50972,1,1,0.9107458591461182,1
E5_balanced_sparse_control,2,2,514,50979,1,1,0.44601723551750183,0
E5_balanced_sparse_control,2,2,537,51006,1,1,0.9092979431152344,1
E5_balanced_sparse_control,2,2,538,51007,1,1,0.9101151823997498,1
E5_balanced_sparse_control,2,2,550,51019,1,1,0.8968067169189453,1
E5_balanced_sparse_control,2,2,554,51024,1,1,0.9099053144454956,1
E5_balanced_sparse_control,2,2,571,51044,2,0,0.07350266724824905,0
E5_balanced_sparse_control,2,2,579,51052,2,0,0.07177579402923584,0
E5_balanced_sparse_control,2,2,583,51056,2,0,0.0742674395442009,0
E5_balanced_sparse_control,2,2,590,51063,2,0,0.0725611001253128,0
E5_balanced_sparse_control,2,2,599,51073,2,0,0.07307298481464386,0
E5_balanced_sparse_control,2,2,622,51097,2,0,0.07455196231603622,0
E5_balanced_sparse_control,2,2,628,51103,2,0,0.07286833971738815,0
E5_balanced_sparse_control,2,2,638,51114,2,0,0.077253557741642,0
E5_balanced_sparse_control,2,2,661,51142,2,0,0.0706787183880806,0
E5_balanced_sparse_control,2,2,672,51156,2,0,0.07343850284814835,0
E5_balanced_sparse_control,2,2,677,51164,1,1,0.9087506532669067,1
E5_balanced_sparse_control,2,2,689,51183,2,0,0.09373701363801956,0
E5_balanced_sparse_control,2,2,705,51207,1,1,0.9060445427894592,1
E5_balanced_sparse_control,2,2,706,51208,1,1,0.5663490295410156,1
E5_balanced_sparse_control,2,2,709,51212,1,1,0.9034225344657898,1
E5_balanced_sparse_control,2,2,720,51224,1,1,0.9079845547676086,1
E5_balanced_sparse_control,2,2,723,51228,1,1,0.9091103076934814,1
E5_balanced_sparse_control,2,2,728,51235,1,1,0.9082447290420532,1
E5_balanced_sparse_control,2,2,735,51249,1,1,0.9058111906051636,1
E5_balanced_sparse_control,2,2,737,51251,2,0,0.0806976780295372,0
E5_balanced_sparse_control,2,2,741,51255,2,0,0.07083263993263245,0
E5_balanced_sparse_control,2,2,767,51295,1,1,0.9102754592895508,1
E5_balanced_sparse_control,2,2,769,51298,1,1,0.9097674489021301,1
E5_balanced_sparse_control,2,2,770,51299,1,1,0.9100701808929443,1
E5_balanced_sparse_control,2,2,791,51326,1,1,0.6169443726539612,1
E5_balanced_sparse_control,2,2,795,51330,1,1,0.9002385139465332,1
E5_balanced_sparse_control,2,2,805,51341,2,0,0.32150861620903015,0
E5_balanced_sparse_control,2,2,838,51484,2,0,0.07266230881214142,0
E5_balanced_sparse_control,2,2,853,51567,2,0,0.07068335264921188,0
E5_balanced_sparse_control,2,2,856,51570,2,0,0.07800902426242828,0
E5_balanced_sparse_control,2,2,858,51573,1,1,0.7366870045661926,1
E5_balanced_sparse_control,2,2,865,51582,1,1,0.9092254042625427,1
E5_balanced_sparse_control,2,2,868,51585,1,1,0.9080446362495422,1
E5_balanced_sparse_control,2,3,1,50004,1,1,0.910124659538269,1
E5_balanced_sparse_control,2,3,4,50007,1,1,0.619990885257721,1
E5_balanced_sparse_control,2,3,25,50034,2,0,0.07198207825422287,0
E5_balanced_sparse_control,2,3,34,50043,2,0,0.07520399987697601,0
E5_balanced_sparse_control,2,3,62,50116,2,0,0.2016732394695282,0
E5_balanced_sparse_control,2,3,108,50188,1,1,0.07285982370376587,0
E5_balanced_sparse_control,2,3,117,50200,2,0,0.07295440137386322,0
E5_balanced_sparse_control,2,3,125,50210,2,0,0.07195980101823807,0
E5_balanced_sparse_control,2,3,141,50248,1,1,0.9150162935256958,1
E5_balanced_sparse_control,2,3,152,50261,2,0,0.8822408318519592,1
E5_balanced_sparse_control,2,3,162,50271,2,0,0.07169102132320404,0
E5_balanced_sparse_control,2,3,163,50272,1,1,0.912244975566864,1
E5_balanced_sparse_control,2,3,177,50293,1,1,0.9121504426002502,1
E5_balanced_sparse_control,2,3,178,50294,1,1,0.9150246977806091,1
E5_balanced_sparse_control,2,3,200,50331,2,0,0.07200506329536438,0
E5_balanced_sparse_control,2,3,209,50340,2,0,0.07304275035858154,0
E5_balanced_sparse_control,2,3,218,50349,2,0,0.0751987099647522,0
E5_balanced_sparse_control,2,3,229,50360,2,0,0.07284612208604813,0
E5_balanced_sparse_control,2,3,243,50375,2,0,0.07212267071008682,0
E5_balanced_sparse_control,2,3,244,50376,2,0,0.5607408285140991,1
E5_balanced_sparse_control,2,3,265,50408,1,1,0.07563307881355286,0
E5_balanced_sparse_control,2,3,274,50418,2,0,0.07196337729692459,0
E5_balanced_sparse_control,2,3,283,50433,2,0,0.0733545646071434,0
E5_balanced_sparse_control,2,3,302,50466,2,0,0.07295851409435272,0
E5_balanced_sparse_control,2,3,311,50483,1,1,0.35389384627342224,0
E5_balanced_sparse_control,2,3,313,50486,1,1,0.9150028824806213,1
E5_balanced_sparse_control,2,3,321,50496,1,1,0.7432408332824707,1
E5_balanced_sparse_control,2,3,322,50497,1,1,0.9080880880355835,1
E5_balanced_sparse_control,2,3,341,50524,1,1,0.9123051166534424,1
E5_balanced_sparse_control,2,3,342,50525,1,1,0.913434624671936,1
E5_balanced_sparse_control,2,3,355,50561,2,0,0.07178591191768646,0
E5_balanced_sparse_control,2,3,368,50578,2,0,0.8917800784111023,1
E5_balanced_sparse_control,2,3,370,50602,1,1,0.9148081541061401,1
E5_balanced_sparse_control,2,3,375,50608,1,1,0.3240193724632263,0
E5_balanced_sparse_control,2,3,378,50614,1,1,0.9126476049423218,1
E5_balanced_sparse_control,2,3,379,50615,1,1,0.9145163297653198,1
E5_balanced_sparse_control,2,3,390,50628,1,1,0.9116628766059875,1
E5_balanced_sparse_control,2,3,395,50649,1,1,0.09556961059570312,0
E5_balanced_sparse_control,2,3,399,50664,2,0,0.07361751049757004,0
E5_balanced_sparse_control,2,3,402,50682,2,0,0.07196524739265442,0
E5_balanced_sparse_control,2,3,421,50702,1,1,0.9150022864341736,1
E5_balanced_sparse_control,2,3,429,50711,1,1,0.072389155626297,0
E5_balanced_sparse_control,2,3,431,50723,2,0,0.07227657735347748,0
E5_balanced_sparse_control,2,3,439,50735,2,0,0.07393381744623184,0
E5_balanced_sparse_control,2,3,440,50737,2,0,0.07158355414867401,0
E5_balanced_sparse_control,2,3,445,50742,2,0,0.07174229621887207,0
E5_balanced_sparse_control,2,3,451,50750,1,1,0.9148458242416382,1
E5_balanced_sparse_control,2,3,454,50754,1,1,0.9145280122756958,1
E5_balanced_sparse_control,2,3,455,50755,1,1,0.9150242209434509,1
E5_balanced_sparse_control,2,3,477,50800,1,1,0.9137168526649475,1
E5_balanced_sparse_control,2,3,480,50807,1,1,0.9144934415817261,1
E5_balanced_sparse_control,2,3,497,50959,1,1,0.9119038581848145,1
E5_balanced_sparse_control,2,3,516,50982,1,1,0.6759958267211914,1
E5_balanced_sparse_control,2,3,525,50991,1,1,0.41110485792160034,0
E5_balanced_sparse_control,2,3,548,51017,1,1,0.9145881533622742,1
E5_balanced_sparse_control,2,3,552,51021,1,1,0.9137350916862488,1
E5_balanced_sparse_control,2,3,587,51060,2,0,0.8423858284950256,1
E5_balanced_sparse_control,2,3,597,51070,2,0,0.07271138578653336,0
E5_balanced_sparse_control,2,3,614,51088,2,0,0.07454641908407211,0
E5_balanced_sparse_control,2,3,621,51096,2,0,0.07706127315759659,0
E5_balanced_sparse_control,2,3,631,51106,2,0,0.07582609355449677,0
E5_balanced_sparse_control,2,3,640,51117,2,0,0.09183528274297714,0
E5_balanced_sparse_control,2,3,644,51124,2,0,0.07171928137540817,0
E5_balanced_sparse_control,2,3,650,51131,2,0,0.07464267313480377,0
E5_balanced_sparse_control,2,3,655,51136,2,0,0.09325410425662994,0
E5_balanced_sparse_control,2,3,657,51138,2,0,0.07389133423566818,0
E5_balanced_sparse_control,2,3,663,51147,2,0,0.07199083268642426,0
E5_balanced_sparse_control,2,3,669,51153,2,0,0.07158012688159943,0
E5_balanced_sparse_control,2,3,671,51155,2,0,0.07303454726934433,0
E5_balanced_sparse_control,2,3,691,51185,2,0,0.7334342002868652,1
E5_balanced_sparse_control,2,3,693,51188,2,0,0.07527317106723785,0
E5_balanced_sparse_control,2,3,703,51205,1,1,0.9065985083580017,1
E5_balanced_sparse_control,2,3,711,51215,1,1,0.07595689594745636,0
E5_balanced_sparse_control,2,3,724,51229,1,1,0.9129825234413147,1
E5_balanced_sparse_control,2,3,725,51230,1,1,0.9146685004234314,1
E5_balanced_sparse_control,2,3,754,51272,2,0,0.07637441158294678,0
E5_balanced_sparse_control,2,3,757,51276,2,0,0.07225772738456726,0
E5_balanced_sparse_control,2,3,762,51281,2,0,0.07352452725172043,0
E5_balanced_sparse_control,2,3,772,51301,1,1,0.7371332049369812,1
E5_balanced_sparse_control,2,3,783,51315,2,0,0.07155667990446091,0
E5_balanced_sparse_control,2,3,787,51321,1,1,0.3711407780647278,0
E5_balanced_sparse_control,2,3,813,51350,1,1,0.9148394465446472,1
E5_balanced_sparse_control,2,3,818,51359,2,0,0.914473831653595,1
E5_balanced_sparse_control,2,3,821,51362,2,0,0.07351776212453842,0
E5_balanced_sparse_control,2,3,829,51463,1,1,0.9149076342582703,1
E5_balanced_sparse_control,2,3,836,51481,2,0,0.07151954621076584,0
E5_balanced_sparse_control,2,3,861,51577,1,1,0.9140627384185791,1
E5_balanced_sparse_control,2,4,5,50008,1,1,0.5966343283653259,1
E5_balanced_sparse_control,2,4,17,50025,1,1,0.7810187339782715,1
E5_balanced_sparse_control,2,4,23,50032,2,0,0.18305157124996185,0
E5_balanced_sparse_control,2,4,26,50035,2,0,0.22771981358528137,0
E5_balanced_sparse_control,2,4,28,50037,2,0,0.27074143290519714,0
E5_balanced_sparse_control,2,4,51,50103,2,0,0.5404941439628601,1
E5_balanced_sparse_control,2,4,52,50104,2,0,0.18329334259033203,0
E5_balanced_sparse_control,2,4,56,50109,2,0,0.3226630687713623,0
E5_balanced_sparse_control,2,4,58,50112,2,0,0.39408284425735474,0
E5_balanced_sparse_control,2,4,88,50153,1,1,0.8233948945999146,1
E5_balanced_sparse_control,2,4,90,50157,2,0,0.22197900712490082,0
E5_balanced_sparse_control,2,4,100,50169,2,0,0.194003164768219,0
E5_balanced_sparse_control,2,4,120,50203,2,0,0.183808371424675,0
E5_balanced_sparse_control,2,4,131,50233,1,1,0.8548473119735718,1
E5_balanced_sparse_control,2,4,136,50240,1,1,0.8521530032157898,1
E5_balanced_sparse_control,2,4,161,50270,2,0,0.20491032302379608,0
E5_balanced_sparse_control,2,4,165,50274,1,1,0.8387823700904846,1
E5_balanced_sparse_control,2,4,172,50287,1,1,0.20300693809986115,0
E5_balanced_sparse_control,2,4,181,50298,1,1,0.508564293384552,1
E5_balanced_sparse_control,2,4,191,50318,1,1,0.20479218661785126,0
E5_balanced_sparse_control,2,4,211,50342,2,0,0.23157036304473877,0
E5_balanced_sparse_control,2,4,213,50344,2,0,0.19017508625984192,0
E5_balanced_sparse_control,2,4,214,50345,2,0,0.18345193564891815,0
E5_balanced_sparse_control,2,4,225,50356,2,0,0.19326844811439514,0
E5_balanced_sparse_control,2,4,254,50388,2,0,0.18439707159996033,0
E5_balanced_sparse_control,2,4,271,50415,2,0,0.18913210928440094,0
E5_balanced_sparse_control,2,4,306,50470,2,0,0.47387537360191345,0
E5_balanced_sparse_control,2,4,312,50485,1,1,0.18294785916805267,0
E5_balanced_sparse_control,2,4,314,50487,1,1,0.8451206088066101,1
E5_balanced_sparse_control,2,4,315,50488,1,1,0.8335064053535461,1
E5_balanced_sparse_control,2,4,316,50490,1,1,0.6860183477401733,1
E5_balanced_sparse_control,2,4,334,50515,1,1,0.8544546961784363,1
E5_balanced_sparse_control,2,4,335,50516,1,1,0.6996723413467407,1
E5_balanced_sparse_control,2,4,356,50563,2,0,0.182819664478302,0
E5_balanced_sparse_control,2,4,383,50621,1,1,0.8250089883804321,1
E5_balanced_sparse_control,2,4,388,50626,1,1,0.8546797037124634,1
E5_balanced_sparse_control,2,4,401,50669,2,0,0.85200035572052,1
E5_balanced_sparse_control,2,4,416,50697,1,1,0.8537136316299438,1
E5_balanced_sparse_control,2,4,424,50705,1,1,0.434599369764328,0
E5_balanced_sparse_control,2,4,442,50739,2,0,0.25833404064178467,0
E5_balanced_sparse_control,2,4,448,50745,1,1,0.8538808822631836,1
E5_balanced_sparse_control,2,4,452,50751,1,1,0.766888439655304,1
E5_balanced_sparse_control,2,4,453,50752,1,1,0.4996192157268524,0
E5_balanced_sparse_control,2,4,457,50757,1,1,0.31159287691116333,0
E5_balanced_sparse_control,2,4,458,50772,2,0,0.8484017848968506,1
E5_balanced_sparse_control,2,4,464,50778,2,0,0.24400098621845245,0
E5_balanced_sparse_control,2,4,473,50796,1,1,0.8391409516334534,1
E5_balanced_sparse_control,2,4,476,50799,1,1,0.8436843156814575,1
E5_balanced_sparse_control,2,4,483,50816,2,0,0.19442667067050934,0
E5_balanced_sparse_control,2,4,515,50981,1,1,0.8434661030769348,1
E5_balanced_sparse_control,2,4,522,50988,1,1,0.8530735373497009,1
E5_balanced_sparse_control,2,4,545,51014,1,1,0.8460972309112549,1
E5_balanced_sparse_control,2,4,561,51032,1,1,0.8547418117523193,1
E5_balanced_sparse_control,2,4,572,51045,2,0,0.18504564464092255,0
E5_balanced_sparse_control,2,4,580,51053,2,0,0.19959327578544617,0
E5_balanced_sparse_control,2,4,581,51054,2,0,0.18286928534507751,0
E5_balanced_sparse_control,2,4,606,51080,2,0,0.39236074686050415,0
E5_balanced_sparse_control,2,4,607,51081,2,0,0.18386638164520264,0
E5_balanced_sparse_control,2,4,609,51083,2,0,0.8456516265869141,1
E5_balanced_sparse_control,2,4,630,51105,2,0,0.18411916494369507,0
E5_balanced_sparse_control,2,4,637,51113,2,0,0.18522094190120697,0
E5_balanced_sparse_control,2,4,646,51127,2,0,0.7497020363807678,1
E5_balanced_sparse_control,2,4,647,51128,2,0,0.18813052773475647,0
E5_balanced_sparse_control,2,4,652,51133,2,0,0.8107194304466248,1
E5_balanced_sparse_control,2,4,658,51139,2,0,0.18429657816886902,0
E5_balanced_sparse_control,2,4,659,51140,2,0,0.1871509701013565,0
E5_balanced_sparse_control,2,4,664,51148,2,0,0.18942046165466309,0
E5_balanced_sparse_control,2,4,674,51161,1,1,0.6158135533332825,1
E5_balanced_sparse_control,2,4,675,51162,1,1,0.8548560738563538,1
E5_balanced_sparse_control,2,4,681,51171,1,1,0.6006186008453369,1
E5_balanced_sparse_control,2,4,682,51173,1,1,0.7788625359535217,1
E5_balanced_sparse_control,2,4,697,51197,2,0,0.29215362668037415,0
E5_balanced_sparse_control,2,4,704,51206,1,1,0.8545154333114624,1
E5_balanced_sparse_control,2,4,714,51218,1,1,0.8408355712890625,1
E5_balanced_sparse_control,2,4,718,51222,1,1,0.18748900294303894,0
E5_balanced_sparse_control,2,4,733,51241,1,1,0.3133525848388672,0
E5_balanced_sparse_control,2,4,759,51278,2,0,0.5372647643089294,1
E5_balanced_sparse_control,2,4,766,51294,1,1,0.7593682408332825,1
E5_balanced_sparse_control,2,4,775,51304,2,0,0.28711438179016113,0
E5_balanced_sparse_control,2,4,776,51305,2,0,0.2220396101474762,0
E5_balanced_sparse_control,2,4,799,51334,2,0,0.18965062499046326,0
E5_balanced_sparse_control,2,4,804,51340,2,0,0.18304690718650818,0
E5_balanced_sparse_control,2,4,811,51347,2,0,0.1859249323606491,0
E5_balanced_sparse_control,2,4,830,51464,1,1,0.8446199297904968,1
E5_balanced_sparse_control,2,4,835,51480,2,0,0.18732167780399323,0
E5_balanced_sparse_control,2,4,855,51569,2,0,0.2567801773548126,0
E5_balanced_sparse_control,2,4,862,51578,1,1,0.8464357256889343,1
E5_balanced_sparse_control,2,5,3,50006,1,1,0.8401517868041992,1
E5_balanced_sparse_control,2,5,8,50012,1,1,0.7985423803329468,1
E5_balanced_sparse_control,2,5,12,50016,1,1,0.8327974677085876,1
E5_balanced_sparse_control,2,5,14,50022,1,1,0.1015072911977768,0
E5_balanced_sparse_control,2,5,19,50027,1,1,0.09792645275592804,0
E5_balanced_sparse_control,2,5,21,50030,2,0,0.09806030243635178,0
E5_balanced_sparse_control,2,5,29,50038,2,0,0.09891704469919205,0
E5_balanced_sparse_control,2,5,31,50040,2,0,0.10533935576677322,0
E5_balanced_sparse_control,2,5,63,50117,2,0,0.10589959472417831,0
E5_balanced_sparse_control,2,5,80,50144,1,1,0.8378016352653503,1
E5_balanced_sparse_control,2,5,82,50146,1,1,0.09819979220628738,0
E5_balanced_sparse_control,2,5,103,50182,1,1,0.635840892791748,1
E5_balanced_sparse_control,2,5,113,50195,2,0,0.09952353686094284,0
E5_balanced_sparse_control,2,5,119,50202,2,0,0.12820905447006226,0
E5_balanced_sparse_control,2,5,126,50213,2,0,0.09788567572832108,0
E5_balanced_sparse_control,2,5,135,50239,1,1,0.10238517075777054,0
E5_balanced_sparse_control,2,5,142,50249,1,1,0.8418503403663635,1
E5_balanced_sparse_control,2,5,156,50265,2,0,0.10926105827093124,0
E5_balanced_sparse_control,2,5,157,50266,2,0,0.09775413572788239,0
E5_balanced_sparse_control,2,5,170,50284,1,1,0.4832324683666229,0
E5_balanced_sparse_control,2,5,173,50289,1,1,0.46645694971084595,0
E5_balanced_sparse_control,2,5,175,50291,1,1,0.38746681809425354,0
E5_balanced_sparse_control,2,5,186,50308,1,1,0.6633817553520203,1
E5_balanced_sparse_control,2,5,195,50324,1,1,0.5694574117660522,1
E5_balanced_sparse_control,2,5,197,50327,2,0,0.09806009382009506,0
E5_balanced_sparse_control,2,5,198,50329,2,0,0.10599985718727112,0
E5_balanced_sparse_control,2,5,199,50330,2,0,0.09821360558271408,0
E5_balanced_sparse_control,2,5,206,50337,2,0,0.1273147612810135,0
E5_balanced_sparse_control,2,5,222,50353,2,0,0.10477908700704575,0
E5_balanced_sparse_control,2,5,236,50367,2,0,0.09858156740665436,0
E5_balanced_sparse_control,2,5,240,50372,2,0,0.09772185981273651,0
E5_balanced_sparse_control,2,5,264,50407,1,1,0.8365470767021179,1
E5_balanced_sparse_control,2,5,267,50411,1,1,0.8411399722099304,1
E5_balanced_sparse_control,2,5,272,50416,2,0,0.09778985381126404,0
E5_balanced_sparse_control,2,5,275,50419,2,0,0.09822329878807068,0
E5_balanced_sparse_control,2,5,279,50425,2,0,0.11342617124319077,0
E5_balanced_sparse_control,2,5,292,50442,2,0,0.10212927311658859,0
E5_balanced_sparse_control,2,5,297,50447,2,0,0.1377006471157074,0
E5_balanced_sparse_control,2,5,298,50448,2,0,0.18531836569309235,0
E5_balanced_sparse_control,2,5,305,50469,2,0,0.09964072704315186,0
E5_balanced_sparse_control,2,5,309,50481,1,1,0.8418517112731934,1
E5_balanced_sparse_control,2,5,319,50493,1,1,0.8342425227165222,1
E5_balanced_sparse_control,2,5,320,50494,1,1,0.28485628962516785,0
E5_balanced_sparse_control,2,5,325,50500,1,1,0.841808021068573,1
E5_balanced_sparse_control,2,5,331,50509,1,1,0.7545151710510254,1
E5_balanced_sparse_control,2,5,332,50510,1,1,0.8418465852737427,1
E5_balanced_sparse_control,2,5,338,50520,1,1,0.8413683176040649,1
E5_balanced_sparse_control,2,5,346,50529,1,1,0.8399828672409058,1
E5_balanced_sparse_control,2,5,367,50577,2,0,0.09777618944644928,0
E5_balanced_sparse_control,2,5,381,50619,1,1,0.841116726398468,1
E5_balanced_sparse_control,2,5,384,50622,1,1,0.7910147309303284,1
E5_balanced_sparse_control,2,5,398,50659,2,0,0.2772829532623291,0
E5_balanced_sparse_control,2,5,400,50665,2,0,0.3228696286678314,0
E5_balanced_sparse_control,2,5,433,50725,2,0,0.09771792590618134,0
E5_balanced_sparse_control,2,5,436,50730,2,0,0.10137198120355606,0
E5_balanced_sparse_control,2,5,487,50821,2,0,0.09779605269432068,0
E5_balanced_sparse_control,2,5,492,50954,1,1,0.11016518622636795,0
E5_balanced_sparse_control,2,5,503,50966,1,1,0.15507835149765015,0
E5_balanced_sparse_control,2,5,520,50986,1,1,0.13451510667800903,0
E5_balanced_sparse_control,2,5,530,50996,1,1,0.7402468919754028,1
E5_balanced_sparse_control,2,5,546,51015,1,1,0.09922526776790619,0
E5_balanced_sparse_control,2,5,559,51029,1,1,0.8322704434394836,1
E5_balanced_sparse_control,2,5,560,51030,1,1,0.8289196491241455,1
E5_balanced_sparse_control,2,5,589,51062,2,0,0.10453632473945618,0
E5_balanced_sparse_control,2,5,594,51067,2,0,0.10879798233509064,0
E5_balanced_sparse_control,2,5,602,51076,2,0,0.10967621952295303,0
E5_balanced_sparse_control,2,5,613,51087,2,0,0.09877891838550568,0
E5_balanced_sparse_control,2,5,625,51100,2,0,0.09827455133199692,0
E5_balanced_sparse_control,2,5,629,51104,2,0,0.09889346361160278,0
E5_balanced_sparse_control,2,5,635,51111,2,0,0.09825562685728073,0
E5_balanced_sparse_control,2,5,678,51168,1,1,0.506263017654419,1
E5_balanced_sparse_control,2,5,690,51184,2,0,0.1993366777896881,0
E5_balanced_sparse_control,2,5,727,51234,1,1,0.8315736651420593,1
E5_balanced_sparse_control,2,5,743,51257,2,0,0.12063049525022507,0
E5_balanced_sparse_control,2,5,774,51303,2,0,0.09929266571998596,0
E5_balanced_sparse_control,2,5,780,51309,2,0,0.8175915479660034,1
E5_balanced_sparse_control,2,5,786,51320,1,1,0.8367998003959656,1
E5_balanced_sparse_control,2,5,810,51346,2,0,0.09922917187213898,0
E5_balanced_sparse_control,2,5,814,51351,1,1,0.12386105209589005,0
E5_balanced_sparse_control,2,5,815,51354,1,1,0.6920389533042908,1
E5_balanced_sparse_control,2,5,820,51361,2,0,0.10165560990571976,0
E5_balanced_sparse_control,2,5,834,51479,2,0,0.10614258795976639,0
E5_balanced_sparse_control,2,5,841,51491,2,0,0.10233431309461594,0
E5_balanced_sparse_control,2,5,844,51557,2,0,0.10042975842952728,0
E5_balanced_sparse_control,2,5,845,51558,2,0,0.09828261286020279,0
E5_balanced_sparse_control,2,5,846,51559,2,0,0.1021541878581047,0
E5_balanced_sparse_control,2,5,870,51607,1,1,0.11047740280628204,0
E5_balanced_sparse_control,2,6,13,50020,1,1,0.768950343132019,1
E5_balanced_sparse_control,2,6,15,50023,1,1,0.6868327856063843,1
E5_balanced_sparse_control,2,6,22,50031,2,0,0.17650103569030762,0
E5_balanced_sparse_control,2,6,59,50113,2,0,0.14960332214832306,0
E5_balanced_sparse_control,2,6,60,50114,2,0,0.13905717432498932,0
E5_balanced_sparse_control,2,6,65,50119,1,1,0.140089750289917,0
E5_balanced_sparse_control,2,6,71,50128,1,1,0.6547805666923523,1
E5_balanced_sparse_control,2,6,77,50135,1,1,0.7599191069602966,1
E5_balanced_sparse_control,2,6,89,50156,1,1,0.7788052558898926,1
E5_balanced_sparse_control,2,6,93,50160,2,0,0.13865308463573456,0
E5_balanced_sparse_control,2,6,94,50161,2,0,0.35471975803375244,0
E5_balanced_sparse_control,2,6,96,50163,2,0,0.5415764451026917,1
E5_balanced_sparse_control,2,6,128,50215,2,0,0.14559870958328247,0
E5_balanced_sparse_control,2,6,143,50250,1,1,0.164439395070076,0
E5_balanced_sparse_control,2,6,166,50275,1,1,0.5970461964607239,1
E5_balanced_sparse_control,2,6,167,50276,1,1,0.7723103761672974,1
E5_balanced_sparse_control,2,6,168,50278,1,1,0.7582833766937256,1
E5_balanced_sparse_control,2,6,171,50285,1,1,0.34726598858833313,0
E5_balanced_sparse_control,2,6,174,50290,1,1,0.30351966619491577,0
E5_balanced_sparse_control,2,6,190,50315,1,1,0.7685714960098267,1
E5_balanced_sparse_control,2,6,219,50350,2,0,0.13887900114059448,0
E5_balanced_sparse_control,2,6,220,50351,2,0,0.14329130947589874,0
E5_balanced_sparse_control,2,6,227,50358,2,0,0.15016676485538483,0
E5_balanced_sparse_control,2,6,235,50366,2,0,0.14593462646007538,0
E5_balanced_sparse_control,2,6,276,50421,2,0,0.1387316733598709,0
E5_balanced_sparse_control,2,6,287,50437,2,0,0.7767186164855957,1
E5_balanced_sparse_control,2,6,290,50440,2,0,0.167218878865242,0
E5_balanced_sparse_control,2,6,310,50482,1,1,0.7754490971565247,1
E5_balanced_sparse_control,2,6,327,50502,1,1,0.7707284092903137,1
E5_balanced_sparse_control,2,6,333,50514,1,1,0.5500956773757935,1
E5_balanced_sparse_control,2,6,337,50519,1,1,0.7677016258239746,1
E5_balanced_sparse_control,2,6,350,50551,2,0,0.197519913315773,0
E5_balanced_sparse_control,2,6,362,50572,2,0,0.13863690197467804,0
E5_balanced_sparse_control,2,6,382,50620,1,1,0.32576048374176025,0
E5_balanced_sparse_control,2,6,393,50647,1,1,0.7064123749732971,1
E5_balanced_sparse_control,2,6,406,50687,2,0,0.49062755703926086,0
E5_balanced_sparse_control,2,6,408,50689,1,1,0.7311356067657471,1
E5_balanced_sparse_control,2,6,409,50690,1,1,0.18384063243865967,0
E5_balanced_sparse_control,2,6,418,50699,2,0,0.7589526176452637,1
E5_balanced_sparse_control,2,6,423,50704,1,1,0.24054615199565887,0
E5_balanced_sparse_control,2,6,426,50707,2,0,0.13856369256973267,0
E5_balanced_sparse_control,2,6,435,50728,2,0,0.1847161054611206,0
E5_balanced_sparse_control,2,6,449,50748,1,1,0.49736183881759644,0
E5_balanced_sparse_control,2,6,456,50756,1,1,0.5960458517074585,1
E5_balanced_sparse_control,2,6,467,50782,2,0,0.16061335802078247,0
E5_balanced_sparse_control,2,6,486,50820,2,0,0.14227433502674103,0
E5_balanced_sparse_control,2,6,488,50822,2,0,0.14012783765792847,0
E5_balanced_sparse_control,2,6,489,50823,1,1,0.7417951226234436,1
E5_balanced_sparse_control,2,6,499,50961,1,1,0.3622121810913086,0
E5_balanced_sparse_control,2,6,500,50962,1,1,0.18018664419651031,0
E5_balanced_sparse_control,2,6,502,50965,1,1,0.7786129117012024,1
E5_balanced_sparse_control,2,6,531,50997,1,1,0.3801160752773285,0
E5_balanced_sparse_control,2,6,542,51011,1,1,0.7786275744438171,1
E5_balanced_sparse_control,2,6,562,51033,1,1,0.6443800926208496,1
E5_balanced_sparse_control,2,6,577,51050,2,0,0.13870762288570404,0
E5_balanced_sparse_control,2,6,610,51084,2,0,0.7148997783660889,1
E5_balanced_sparse_control,2,6,615,51089,2,0,0.13975557684898376,0
E5_balanced_sparse_control,2,6,639,51116,2,0,0.15157197415828705,0
E5_balanced_sparse_control,2,6,648,51129,2,0,0.13988687098026276,0
E5_balanced_sparse_control,2,6,656,51137,2,0,0.13855516910552979,0
E5_balanced_sparse_control,2,6,679,51169,1,1,0.4278464913368225,0
E5_balanced_sparse_control,2,6,685,51179,1,1,0.49744486808776855,0
E5_balanced_sparse_control,2,6,688,51182,2,0,0.16200684010982513,0
E5_balanced_sparse_control,2,6,700,51202,1,1,0.7783328294754028,1
E5_balanced_sparse_control,2,6,731,51239,1,1,0.7636894583702087,1
E5_balanced_sparse_control,2,6,744,51260,2,0,0.13865575194358826,0
E5_balanced_sparse_control,2,6,746,51262,2,0,0.6306867599487305,1
E5_balanced_sparse_control,2,6,747,51264,2,0,0.13960590958595276,0
E5_balanced_sparse_control,2,6,751,51268,2,0,0.14186032116413116,0
E5_balanced_sparse_control,2,6,753,51271,2,0,0.13857321441173553,0
E5_balanced_sparse_control,2,6,755,51273,2,0,0.7119868397712708,1
E5_balanced_sparse_control,2,6,760,51279,2,0,0.13857781887054443,0
E5_balanced_sparse_control,2,6,763,51291,1,1,0.7758556008338928,1
E5_balanced_sparse_control,2,6,768,51297,1,1,0.745735764503479,1
E5_balanced_sparse_control,2,6,773,51302,1,1,0.5071736574172974,1
E5_balanced_sparse_control,2,6,779,51308,2,0,0.14009974896907806,0
E5_balanced_sparse_control,2,6,781,51311,2,0,0.138566792011261,0
E5_balanced_sparse_control,2,6,801,51336,2,0,0.1828792244195938,0
E5_balanced_sparse_control,2,6,809,51345,2,0,0.15892408788204193,0
E5_balanced_sparse_control,2,6,824,51365,2,0,0.13961158692836761,0
E5_balanced_sparse_control,2,6,831,51465,1,1,0.7604765892028809,1
E5_balanced_sparse_control,2,6,840,51488,2,0,0.14814616739749908,0
E5_balanced_sparse_control,2,6,843,51556,2,0,0.31475090980529785,0
E5_balanced_sparse_control,2,6,848,51562,2,0,0.13942505419254303,0
E5_balanced_sparse_control,2,6,849,51563,2,0,0.15000851452350616,0
E5_balanced_sparse_control,2,6,854,51568,2,0,0.21344295144081116,0
E5_balanced_sparse_control,2,6,859,51574,1,1,0.5850120186805725,1
E5_balanced_sparse_control,2,7,38,50047,2,0,0.2036808431148529,0
E5_balanced_sparse_control,2,7,44,50053,1,1,0.4783794581890106,0
E5_balanced_sparse_control,2,7,46,50056,1,1,0.8236907124519348,1
E5_balanced_sparse_control,2,7,47,50057,1,1,0.1948801577091217,0
E5_balanced_sparse_control,2,7,57,50111,2,0,0.19336985051631927,0
E5_balanced_sparse_control,2,7,68,50124,1,1,0.8233880996704102,1
E5_balanced_sparse_control,2,7,69,50125,1,1,0.6749913096427917,1
E5_balanced_sparse_control,2,7,85,50149,1,1,0.6153116822242737,1
E5_balanced_sparse_control,2,7,91,50158,2,0,0.18931204080581665,0
E5_balanced_sparse_control,2,7,97,50164,2,0,0.21132102608680725,0
E5_balanced_sparse_control,2,7,111,50193,2,0,0.19209866225719452,0
E5_balanced_sparse_control,2,7,116,50199,2,0,0.19143639504909515,0
E5_balanced_sparse_control,2,7,137,50241,1,1,0.530186116695404,1
E5_balanced_sparse_control,2,7,139,50245,1,1,0.35432887077331543,0
E5_balanced_sparse_control,2,7,145,50252,1,1,0.37587830424308777,0
E5_balanced_sparse_control,2,7,147,50254,1,1,0.43656593561172485,0
E5_balanced_sparse_control,2,7,148,50255,1,1,0.7617291212081909,1
E5_balanced_sparse_control,2,7,154,50263,2,0,0.1888992339372635,0
E5_balanced_sparse_control,2,7,159,50268,2,0,0.190510556101799,0
E5_balanced_sparse_control,2,7,185,50304,1,1,0.4629061818122864,0
E5_balanced_sparse_control,2,7,189,50314,1,1,0.8218737840652466,1
E5_balanced_sparse_control,2,7,201,50332,2,0,0.189970925450325,0
E5_balanced_sparse_control,2,7,207,50338,2,0,0.18997228145599365,0
E5_balanced_sparse_control,2,7,208,50339,2,0,0.1933966428041458,0
E5_balanced_sparse_control,2,7,230,50361,2,0,0.19532015919685364,0
E5_balanced_sparse_control,2,7,238,50369,2,0,0.19779826700687408,0
E5_balanced_sparse_control,2,7,241,50373,2,0,0.18878313899040222,0
E5_balanced_sparse_control,2,7,249,50382,2,0,0.18883897364139557,0
E5_balanced_sparse_control,2,7,269,50413,1,1,0.817371129989624,1
E5_balanced_sparse_control,2,7,278,50424,2,0,0.1903645098209381,0
E5_balanced_sparse_control,2,7,308,50480,1,1,0.8168378472328186,1
E5_balanced_sparse_control,2,7,318,50492,1,1,0.7120404243469238,1
E5_balanced_sparse_control,2,7,330,50507,1,1,0.2860581576824188,0
E5_balanced_sparse_control,2,7,351,50552,2,0,0.20314763486385345,0
E5_balanced_sparse_control,2,7,353,50557,2,0,0.18924565613269806,0
E5_balanced_sparse_control,2,7,364,50574,2,0,0.40280166268348694,0
E5_balanced_sparse_control,2,7,371,50603,1,1,0.8234727382659912,1
E5_balanced_sparse_control,2,7,376,50612,1,1,0.6244392395019531,1
E5_balanced_sparse_control,2,7,389,50627,1,1,0.5820163488388062,1
E5_balanced_sparse_control,2,7,410,50691,2,0,0.18916858732700348,0
E5_balanced_sparse_control,2,7,428,50709,2,0,0.18885375559329987,0
E5_balanced_sparse_control,2,7,438,50733,2,0,0.19021950662136078,0
E5_balanced_sparse_control,2,7,441,50738,2,0,0.19622553884983063,0
E5_balanced_sparse_control,2,7,444,50741,2,0,0.18857069313526154,0
E5_balanced_sparse_control,2,7,447,50744,1,1,0.7463341951370239,1
E5_balanced_sparse_control,2,7,463,50777,2,0,0.18889129161834717,0
E5_balanced_sparse_control,2,7,465,50780,2,0,0.2515512704849243,0
E5_balanced_sparse_control,2,7,469,50786,2,0,0.1892395168542862,0
E5_balanced_sparse_control,2,7,478,50801,1,1,0.5560214519500732,1
E5_balanced_sparse_control,2,7,479,50803,1,1,0.821405291557312,1
E5_balanced_sparse_control,2,7,493,50955,1,1,0.18885914981365204,0
E5_balanced_sparse_control,2,7,510,50974,1,1,0.6610112190246582,1
E5_balanced_sparse_control,2,7,521,50987,1,1,0.8218478560447693,1
E5_balanced_sparse_control,2,7,534,51001,1,1,0.8245212435722351,1
E5_balanced_sparse_control,2,7,544,51013,1,1,0.7129456996917725,1
E5_balanced_sparse_control,2,7,553,51023,1,1,0.8092464208602905,1
E5_balanced_sparse_control,2,7,558,51028,1,1,0.8244811296463013,1
E5_balanced_sparse_control,2,7,568,51040,2,0,0.19445806741714478,0
E5_balanced_sparse_control,2,7,582,51055,2,0,0.19231298565864563,0
E5_balanced_sparse_control,2,7,586,51059,2,0,0.20094573497772217,0
E5_balanced_sparse_control,2,7,595,51068,2,0,0.3974328339099884,0
E5_balanced_sparse_control,2,7,598,51072,2,0,0.18891127407550812,0
E5_balanced_sparse_control,2,7,600,51074,2,0,0.6282810568809509,1
E5_balanced_sparse_control,2,7,611,51085,2,0,0.6424040198326111,1
E5_balanced_sparse_control,2,7,616,51090,2,0,0.19630613923072815,0
E5_balanced_sparse_control,2,7,623,51098,2,0,0.19804376363754272,0
E5_balanced_sparse_control,2,7,627,51102,2,0,0.18903087079524994,0
E5_balanced_sparse_control,2,7,634,51110,2,0,0.18899200856685638,0
E5_balanced_sparse_control,2,7,651,51132,2,0,0.19597920775413513,0
E5_balanced_sparse_control,2,7,665,51149,2,0,0.18899689614772797,0
E5_balanced_sparse_control,2,7,668,51152,2,0,0.19250021874904633,0
E5_balanced_sparse_control,2,7,670,51154,2,0,0.1894039511680603,0
E5_balanced_sparse_control,2,7,676,51163,1,1,0.6061103343963623,1
E5_balanced_sparse_control,2,7,694,51189,2,0,0.19066597521305084,0
E5_balanced_sparse_control,2,7,713,51217,1,1,0.19542676210403442,0
E5_balanced_sparse_control,2,7,719,51223,1,1,0.2303839772939682,0
E5_balanced_sparse_control,2,7,726,51231,1,1,0.3535930812358856,0
E5_balanced_sparse_control,2,7,729,51236,1,1,0.3732398748397827,0
E5_balanced_sparse_control,2,7,730,51237,1,1,0.8111554384231567,1
E5_balanced_sparse_control,2,7,732,51240,1,1,0.8174097537994385,1
E5_balanced_sparse_control,2,7,745,51261,2,0,0.19096781313419342,0
E5_balanced_sparse_control,2,7,790,51325,1,1,0.5983712077140808,1
E5_balanced_sparse_control,2,7,798,51333,2,0,0.19009171426296234,0
E5_balanced_sparse_control,2,7,807,51343,2,0,0.19252312183380127,0
E5_balanced_sparse_control,2,7,812,51349,1,1,0.19271747767925262,0
E5_balanced_sparse_control,2,7,833,51477,2,0,0.1909518539905548,0
E5_balanced_sparse_control,2,7,863,51579,1,1,0.18876659870147705,0
E5_balanced_sparse_control,2,8,49,50060,2,0,0.14944393932819366,0
E5_balanced_sparse_control,2,8,61,50115,2,0,0.14935411512851715,0
E5_balanced_sparse_control,2,8,64,50118,1,1,0.9362289905548096,1
E5_balanced_sparse_control,2,8,70,50127,1,1,0.9311298131942749,1
E5_balanced_sparse_control,2,8,102,50171,2,0,0.3905496895313263,0
E5_balanced_sparse_control,2,8,105,50184,1,1,0.936653196811676,1
E5_balanced_sparse_control,2,8,107,50187,1,1,0.15021899342536926,0
E5_balanced_sparse_control,2,8,112,50194,2,0,0.15055344998836517,0
E5_balanced_sparse_control,2,8,114,50196,2,0,0.7245744466781616,1
E5_balanced_sparse_control,2,8,118,50201,2,0,0.15488997101783752,0
E5_balanced_sparse_control,2,8,124,50208,2,0,0.229929119348526,0
E5_balanced_sparse_control,2,8,133,50236,1,1,0.9362000226974487,1
E5_balanced_sparse_control,2,8,134,50237,1,1,0.9356037974357605,1
E5_balanced_sparse_control,2,8,146,50253,1,1,0.9367647171020508,1
E5_balanced_sparse_control,2,8,151,50260,2,0,0.1874343901872635,0
E5_balanced_sparse_control,2,8,160,50269,2,0,0.8581046462059021,1
E5_balanced_sparse_control,2,8,179,50295,1,1,0.936725378036499,1
E5_balanced_sparse_control,2,8,183,50301,1,1,0.9367637634277344,1
E5_balanced_sparse_control,2,8,184,50302,1,1,0.9364319443702698,1
E5_balanced_sparse_control,2,8,196,50325,1,1,0.23339959979057312,0
E5_balanced_sparse_control,2,8,203,50334,2,0,0.9315912127494812,1
E5_balanced_sparse_control,2,8,210,50341,2,0,0.16565033793449402,0
E5_balanced_sparse_control,2,8,215,50346,2,0,0.14952728152275085,0
E5_balanced_sparse_control,2,8,216,50347,2,0,0.14938001334667206,0
E5_balanced_sparse_control,2,8,223,50354,2,0,0.20241625607013702,0
E5_balanced_sparse_control,2,8,224,50355,2,0,0.20709076523780823,0
E5_balanced_sparse_control,2,8,237,50368,2,0,0.15124060213565826,0
E5_balanced_sparse_control,2,8,255,50390,2,0,0.1693401038646698,0
E5_balanced_sparse_control,2,8,256,50391,2,0,0.16772910952568054,0
E5_balanced_sparse_control,2,8,260,50403,1,1,0.5170338749885559,1
E5_balanced_sparse_control,2,8,266,50410,1,1,0.934535801410675,1
E5_balanced_sparse_control,2,8,296,50446,2,0,0.32722240686416626,0
E5_balanced_sparse_control,2,8,299,50449,2,0,0.2100074142217636,0
E5_balanced_sparse_control,2,8,328,50503,1,1,0.9355241060256958,1
E5_balanced_sparse_control,2,8,339,50521,1,1,0.8616955280303955,1
E5_balanced_sparse_control,2,8,343,50526,1,1,0.9341784715652466,1
E5_balanced_sparse_control,2,8,347,50530,1,1,0.9354524612426758,1
E5_balanced_sparse_control,2,8,349,50532,1,1,0.9351770281791687,1
E5_balanced_sparse_control,2,8,365,50575,2,0,0.39153608679771423,0
E5_balanced_sparse_control,2,8,377,50613,1,1,0.9360690712928772,1
E5_balanced_sparse_control,2,8,386,50624,1,1,0.9367669224739075,1
E5_balanced_sparse_control,2,8,387,50625,1,1,0.15140870213508606,0
E5_balanced_sparse_control,2,8,413,50694,1,1,0.9352006912231445,1
E5_balanced_sparse_control,2,8,414,50695,1,1,0.9199492931365967,1
E5_balanced_sparse_control,2,8,470,50790,2,0,0.14944493770599365,0
E5_balanced_sparse_control,2,8,485,50818,2,0,0.15000112354755402,0
E5_balanced_sparse_control,2,8,496,50958,1,1,0.9355337023735046,1
E5_balanced_sparse_control,2,8,504,50967,1,1,0.930185079574585,1
E5_balanced_sparse_control,2,8,517,50983,1,1,0.9364956021308899,1
E5_balanced_sparse_control,2,8,536,51003,1,1,0.9368352293968201,1
E5_balanced_sparse_control,2,8,540,51009,1,1,0.9357481598854065,1
E5_balanced_sparse_control,2,8,551,51020,1,1,0.9166086316108704,1
E5_balanced_sparse_control,2,8,569,51041,2,0,0.1559879034757614,0
E5_balanced_sparse_control,2,8,570,51042,2,0,0.15485893189907074,0
E5_balanced_sparse_control,2,8,574,51047,2,0,0.22093383967876434,0
E5_balanced_sparse_control,2,8,576,51049,2,0,0.15024349093437195,0
E5_balanced_sparse_control,2,8,584,51057,2,0,0.14935529232025146,0
E5_balanced_sparse_control,2,8,588,51061,2,0,0.1493271142244339,0
E5_balanced_sparse_control,2,8,593,51066,2,0,0.15535303950309753,0
E5_balanced_sparse_control,2,8,601,51075,2,0,0.15828891098499298,0
E5_balanced_sparse_control,2,8,633,51109,2,0,0.14990268647670746,0
E5_balanced_sparse_control,2,8,642,51122,2,0,0.1493886113166809,0
E5_balanced_sparse_control,2,8,645,51126,2,0,0.15682724118232727,0
E5_balanced_sparse_control,2,8,660,51141,2,0,0.924915075302124,1
E5_balanced_sparse_control,2,8,673,51159,2,0,0.9368835687637329,1
E5_balanced_sparse_control,2,8,683,51177,1,1,0.9367114305496216,1
E5_balanced_sparse_control,2,8,698,51198,2,0,0.7024927735328674,1
E5_balanced_sparse_control,2,8,701,51203,1,1,0.9368491172790527,1
E5_balanced_sparse_control,2,8,715,51219,1,1,0.9357377290725708,1
E5_balanced_sparse_control,2,8,717,51221,1,1,0.9345832467079163,1
E5_balanced_sparse_control,2,8,722,51226,1,1,0.1911437064409256,0
E5_balanced_sparse_control,2,8,734,51248,1,1,0.9357524514198303,1
E5_balanced_sparse_control,2,8,738,51252,2,0,0.9363252520561218,1
E5_balanced_sparse_control,2,8,748,51265,2,0,0.14937856793403625,0
E5_balanced_sparse_control,2,8,778,51307,2,0,0.9357349872589111,1
E5_balanced_sparse_control,2,8,785,51319,1,1,0.9365120530128479,1
E5_balanced_sparse_control,2,8,803,51339,2,0,0.1521843820810318,0
E5_balanced_sparse_control,2,8,817,51357,2,0,0.15182380378246307,0
E5_balanced_sparse_control,2,8,826,51370,2,0,0.15145143866539001,0
E5_balanced_sparse_control,2,8,828,51461,1,1,0.9366185665130615,1
E5_balanced_sparse_control,2,8,832,51473,1,1,0.9251841902732849,1
E5_balanced_sparse_control,2,8,839,51487,2,0,0.2581886947154999,0
E5_balanced_sparse_control,2,8,847,51560,2,0,0.1521289348602295,0
E5_balanced_sparse_control,2,8,851,51565,2,0,0.8164529204368591,1
E5_balanced_sparse_control,2,8,852,51566,2,0,0.1523568034172058,0
E5_balanced_sparse_control,2,8,857,51572,1,1,0.9332676529884338,1
E5_balanced_sparse_control,2,8,866,51583,1,1,0.9343488216400146,1
E5_balanced_sparse_control,2,9,9,50013,1,1,0.9379911422729492,1
E5_balanced_sparse_control,2,9,20,50028,1,1,0.9369956254959106,1
E5_balanced_sparse_control,2,9,27,50036,2,0,0.11829034984111786,0
E5_balanced_sparse_control,2,9,32,50041,2,0,0.1178770586848259,0
E5_balanced_sparse_control,2,9,37,50046,2,0,0.11609867215156555,0
E5_balanced_sparse_control,2,9,40,50049,2,0,0.11617691814899445,0
E5_balanced_sparse_control,2,9,42,50051,2,0,0.5434125661849976,1
E5_balanced_sparse_control,2,9,50,50102,2,0,0.11679714173078537,0
E5_balanced_sparse_control,2,9,66,50121,1,1,0.9379895925521851,1
E5_balanced_sparse_control,2,9,75,50132,1,1,0.9377405643463135,1
E5_balanced_sparse_control,2,9,83,50147,1,1,0.9372723698616028,1
E5_balanced_sparse_control,2,9,84,50148,1,1,0.9362656474113464,1
E5_balanced_sparse_control,2,9,87,50152,1,1,0.9368870258331299,1
E5_balanced_sparse_control,2,9,104,50183,1,1,0.9376780986785889,1
E5_balanced_sparse_control,2,9,121,50204,2,0,0.11604918539524078,0
E5_balanced_sparse_control,2,9,122,50205,2,0,0.11568153649568558,0
E5_balanced_sparse_control,2,9,123,50206,2,0,0.4372744858264923,0
E5_balanced_sparse_control,2,9,130,50232,1,1,0.9362435936927795,1
E5_balanced_sparse_control,2,9,132,50234,1,1,0.9373853206634521,1
E5_balanced_sparse_control,2,9,221,50352,2,0,0.6683332920074463,1
E5_balanced_sparse_control,2,9,226,50357,2,0,0.11823774129152298,0
E5_balanced_sparse_control,2,9,232,50363,2,0,0.9302971959114075,1
E5_balanced_sparse_control,2,9,250,50383,2,0,0.2419741153717041,0
E5_balanced_sparse_control,2,9,258,50399,1,1,0.9374569654464722,1
E5_balanced_sparse_control,2,9,261,50404,1,1,0.9371020793914795,1
E5_balanced_sparse_control,2,9,262,50405,1,1,0.9374247193336487,1
E5_balanced_sparse_control,2,9,282,50428,2,0,0.1156511977314949,0
E5_balanced_sparse_control,2,9,284,50434,2,0,0.11569400131702423,0
E5_balanced_sparse_control,2,9,289,50439,2,0,0.13570497930049896,0
E5_balanced_sparse_control,2,9,291,50441,2,0,0.1167258471250534,0
E5_balanced_sparse_control,2,9,301,50463,2,0,0.11778758466243744,0
E5_balanced_sparse_control,2,9,323,50498,1,1,0.9360287189483643,1
E5_balanced_sparse_control,2,9,344,50527,1,1,0.937529981136322,1
E5_balanced_sparse_control,2,9,358,50568,2,0,0.9312862753868103,1
E5_balanced_sparse_control,2,9,361,50571,2,0,0.6816515326499939,1
E5_balanced_sparse_control,2,9,363,50573,2,0,0.1164635419845581,0
E5_balanced_sparse_control,2,9,380,50616,1,1,0.9375709891319275,1
E5_balanced_sparse_control,2,9,391,50642,1,1,0.9378571510314941,1
E5_balanced_sparse_control,2,9,397,50656,2,0,0.6435976624488831,1
E5_balanced_sparse_control,2,9,407,50688,2,0,0.12067612260580063,0
E5_balanced_sparse_control,2,9,415,50696,1,1,0.9369027018547058,1
E5_balanced_sparse_control,2,9,419,50700,1,1,0.937572717666626,1
E5_balanced_sparse_control,2,9,420,50701,2,0,0.11608479917049408,0
E5_balanced_sparse_control,2,9,427,50708,1,1,0.9372872114181519,1
E5_balanced_sparse_control,2,9,446,50743,1,1,0.9372984170913696,1
E5_balanced_sparse_control,2,9,461,50775,2,0,0.11679009348154068,0
E5_balanced_sparse_control,2,9,472,50792,1,1,0.9379926323890686,1
E5_balanced_sparse_control,2,9,481,50812,2,0,0.11576439440250397,0
E5_balanced_sparse_control,2,9,491,50952,1,1,0.9376728534698486,1
E5_balanced_sparse_control,2,9,498,50960,1,1,0.8192984461784363,1
E5_balanced_sparse_control,2,9,511,50976,1,1,0.9379379153251648,1
E5_balanced_sparse_control,2,9,524,50990,1,1,0.9368179440498352,1
E5_balanced_sparse_control,2,9,539,51008,1,1,0.928370475769043,1
E5_balanced_sparse_control,2,9,541,51010,1,1,0.9331510663032532,1
E5_balanced_sparse_control,2,9,543,51012,1,1,0.49522116780281067,0
E5_balanced_sparse_control,2,9,563,51034,1,1,0.9369716644287109,1
E5_balanced_sparse_control,2,9,564,51035,1,1,0.9307693243026733,1
E5_balanced_sparse_control,2,9,592,51065,2,0,0.11594937741756439,0
E5_balanced_sparse_control,2,9,604,51078,2,0,0.12065707892179489,0
E5_balanced_sparse_control,2,9,605,51079,2,0,0.9372467994689941,1
E5_balanced_sparse_control,2,9,608,51082,2,0,0.4567059278488159,0
E5_balanced_sparse_control,2,9,620,51095,2,0,0.9376543164253235,1
E5_balanced_sparse_control,2,9,624,51099,2,0,0.11661316454410553,0
E5_balanced_sparse_control,2,9,632,51107,2,0,0.9362512826919556,1
E5_balanced_sparse_control,2,9,643,51123,2,0,0.11677789688110352,0
E5_balanced_sparse_control,2,9,654,51135,2,0,0.671495258808136,1
E5_balanced_sparse_control,2,9,667,51151,2,0,0.11581463366746902,0
E5_balanced_sparse_control,2,9,680,51170,1,1,0.9370511174201965,1
E5_balanced_sparse_control,2,9,699,51201,1,1,0.9379902482032776,1
E5_balanced_sparse_control,2,9,708,51211,1,1,0.9379768967628479,1
E5_balanced_sparse_control,2,9,712,51216,1,1,0.1157047301530838,0
E5_balanced_sparse_control,2,9,736,51250,2,0,0.11671832948923111,0
E5_balanced_sparse_control,2,9,739,51253,2,0,0.11562792956829071,0
E5_balanced_sparse_control,2,9,740,51254,2,0,0.11692625284194946,0
E5_balanced_sparse_control,2,9,742,51256,2,0,0.11741083860397339,0
E5_balanced_sparse_control,2,9,752,51269,2,0,0.11565177887678146,0
E5_balanced_sparse_control,2,9,756,51275,2,0,0.11586058884859085,0
E5_balanced_sparse_control,2,9,784,51318,1,1,0.9369075298309326,1
E5_balanced_sparse_control,2,9,788,51322,1,1,0.9340035319328308,1
E5_balanced_sparse_control,2,9,789,51323,1,1,0.9374371767044067,1
E5_balanced_sparse_control,2,9,794,51329,1,1,0.2723254859447479,0
E5_balanced_sparse_control,2,9,802,51338,2,0,0.9378223419189453,1
E5_balanced_sparse_control,2,9,822,51363,2,0,0.15684965252876282,0
E5_balanced_sparse_control,2,9,825,51369,2,0,0.11959846317768097,0
E5_balanced_sparse_control,2,9,827,51373,2,0,0.11954076588153839,0
E5_balanced_sparse_control,2,9,842,51493,2,0,0.11629100888967514,0
E5_balanced_sparse_control,2,9,864,51580,1,1,0.937579870223999,1
E5_balanced_sparse_control,2,10,11,50015,1,1,0.9345924258232117,1
E5_balanced_sparse_control,2,10,16,50024,1,1,0.9374292492866516,1
E5_balanced_sparse_control,2,10,18,50026,1,1,0.9388322234153748,1
E5_balanced_sparse_control,2,10,33,50042,2,0,0.07251888513565063,0
E5_balanced_sparse_control,2,10,36,50045,2,0,0.3121500015258789,0
E5_balanced_sparse_control,2,10,41,50050,2,0,0.07485440373420715,0
E5_balanced_sparse_control,2,10,43,50052,2,0,0.9023929834365845,1
E5_balanced_sparse_control,2,10,54,50106,2,0,0.5116525888442993,1
E5_balanced_sparse_control,2,10,74,50131,1,1,0.9215684533119202,1
E5_balanced_sparse_control,2,10,99,50168,2,0,0.07237881422042847,0
E5_balanced_sparse_control,2,10,106,50186,1,1,0.9387364387512207,1
E5_balanced_sparse_control,2,10,109,50189,1,1,0.9385499358177185,1
E5_balanced_sparse_control,2,10,110,50190,1,1,0.9385512471199036,1
E5_balanced_sparse_control,2,10,150,50259,2,0,0.12804360687732697,0
E5_balanced_sparse_control,2,10,158,50267,2,0,0.07332009822130203,0
E5_balanced_sparse_control,2,10,188,50312,1,1,0.9164678454399109,1
E5_balanced_sparse_control,2,10,194,50321,1,1,0.9345546364784241,1
E5_balanced_sparse_control,2,10,233,50364,2,0,0.18719448149204254,0
E5_balanced_sparse_control,2,10,239,50370,2,0,0.07472625374794006,0
E5_balanced_sparse_control,2,10,245,50377,2,0,0.14901351928710938,0
E5_balanced_sparse_control,2,10,252,50386,2,0,0.07189586013555527,0
E5_balanced_sparse_control,2,10,257,50397,1,1,0.9386592507362366,1
E5_balanced_sparse_control,2,10,263,50406,1,1,0.9362572431564331,1
E5_balanced_sparse_control,2,10,268,50412,1,1,0.9343161582946777,1
E5_balanced_sparse_control,2,10,270,50414,2,0,0.5555194020271301,1
E5_balanced_sparse_control,2,10,273,50417,2,0,0.0750325471162796,0
E5_balanced_sparse_control,2,10,294,50444,2,0,0.13384774327278137,0
E5_balanced_sparse_control,2,10,303,50467,2,0,0.07528126239776611,0
E5_balanced_sparse_control,2,10,304,50468,2,0,0.07814501225948334,0
E5_balanced_sparse_control,2,10,317,50491,1,1,0.9341629147529602,1
E5_balanced_sparse_control,2,10,324,50499,1,1,0.9387224912643433,1
E5_balanced_sparse_control,2,10,366,50576,2,0,0.07193548232316971,0
E5_balanced_sparse_control,2,10,372,50604,1,1,0.938809871673584,1
E5_balanced_sparse_control,2,10,394,50648,1,1,0.47687703371047974,0
E5_balanced_sparse_control,2,10,430,50722,2,0,0.07333128899335861,0
E5_balanced_sparse_control,2,10,434,50726,2,0,0.30843496322631836,0
E5_balanced_sparse_control,2,10,443,50740,2,0,0.0816301479935646,0
E5_balanced_sparse_control,2,10,459,50773,2,0,0.14906403422355652,0
E5_balanced_sparse_control,2,10,475,50798,1,1,0.08591639995574951,0
E5_balanced_sparse_control,2,10,482,50814,2,0,0.3357963562011719,0
E5_balanced_sparse_control,2,10,490,50824,1,1,0.6683609485626221,1
E5_balanced_sparse_control,2,10,494,50956,1,1,0.9357172846794128,1
E5_balanced_sparse_control,2,10,501,50964,1,1,0.9366554021835327,1
E5_balanced_sparse_control,2,10,507,50970,1,1,0.9388152360916138,1
E5_balanced_sparse_control,2,10,509,50973,1,1,0.9381253123283386,1
E5_balanced_sparse_control,2,10,512,50977,1,1,0.9374159574508667,1
E5_balanced_sparse_control,2,10,518,50984,1,1,0.9380830526351929,1
E5_balanced_sparse_control,2,10,519,50985,1,1,0.9345853328704834,1
E5_balanced_sparse_control,2,10,523,50989,1,1,0.9376862049102783,1
E5_balanced_sparse_control,2,10,527,50993,1,1,0.9370595812797546,1
E5_balanced_sparse_control,2,10,528,50994,1,1,0.9372320175170898,1
E5_balanced_sparse_control,2,10,529,50995,1,1,0.9348041415214539,1
E5_balanced_sparse_control,2,10,533,51000,1,1,0.9385504126548767,1
E5_balanced_sparse_control,2,10,535,51002,1,1,0.9173758625984192,1
E5_balanced_sparse_control,2,10,547,51016,1,1,0.9380778074264526,1
E5_balanced_sparse_control,2,10,549,51018,1,1,0.9370289444923401,1
E5_balanced_sparse_control,2,10,557,51027,1,1,0.9370592832565308,1
E5_balanced_sparse_control,2,10,565,51036,2,0,0.0719364583492279,0
E5_balanced_sparse_control,2,10,567,51039,2,0,0.07288873940706253,0
E5_balanced_sparse_control,2,10,573,51046,2,0,0.7408406138420105,1
E5_balanced_sparse_control,2,10,578,51051,2,0,0.0809234082698822,0
E5_balanced_sparse_control,2,10,591,51064,2,0,0.07192227989435196,0
E5_balanced_sparse_control,2,10,617,51091,2,0,0.07187217473983765,0
E5_balanced_sparse_control,2,10,618,51093,2,0,0.0722714215517044,0
E5_balanced_sparse_control,2,10,619,51094,2,0,0.08048996329307556,0
E5_balanced_sparse_control,2,10,626,51101,2,0,0.08094007521867752,0
E5_balanced_sparse_control,2,10,636,51112,2,0,0.0796969011425972,0
E5_balanced_sparse_control,2,10,641,51118,2,0,0.7154003977775574,1
E5_balanced_sparse_control,2,10,649,51130,2,0,0.9322472810745239,1
E5_balanced_sparse_control,2,10,662,51146,2,0,0.07464756071567535,0
E5_balanced_sparse_control,2,10,666,51150,2,0,0.07696054130792618,0
E5_balanced_sparse_control,2,10,692,51187,2,0,0.07411213964223862,0
E5_balanced_sparse_control,2,10,696,51194,2,0,0.22041644155979156,0
E5_balanced_sparse_control,2,10,702,51204,1,1,0.9370328187942505,1
E5_balanced_sparse_control,2,10,707,51210,1,1,0.9334229826927185,1
E5_balanced_sparse_control,2,10,758,51277,2,0,0.0730099305510521,0
E5_balanced_sparse_control,2,10,761,51280,2,0,0.07229258865118027,0
E5_balanced_sparse_control,2,10,764,51292,1,1,0.9370421767234802,1
E5_balanced_sparse_control,2,10,765,51293,1,1,0.9371026158332825,1
E5_balanced_sparse_control,2,10,777,51306,2,0,0.673753559589386,1
E5_balanced_sparse_control,2,10,782,51313,2,0,0.08708833158016205,0
E5_balanced_sparse_control,2,10,796,51331,1,1,0.9385400414466858,1
E5_balanced_sparse_control,2,10,797,51332,2,0,0.07548077404499054,0
E5_balanced_sparse_control,2,10,800,51335,2,0,0.15886256098747253,0
E5_balanced_sparse_control,2,10,819,51360,2,0,0.10788233578205109,0
E5_balanced_sparse_control,2,10,850,51564,2,0,0.07252998650074005,0
E5_balanced_sparse_control,2,10,860,51576,1,1,0.23475302755832672,0
